elapsed_ms,role,transfer_id,event,type,sequence,bytes,detail
15.622,receiver,c41d37dc-ae5f-4578-853a-172e98e003f0,RECEIVE,START,-1,103,""
16.190,receiver,c41d37dc-ae5f-4578-853a-172e98e003f0,START_ACCEPTED,START,-1,0,"negotiated chunk=1024"
16.203,receiver,c41d37dc-ae5f-4578-853a-172e98e003f0,SEND,READY,-1,40,""
16.244,receiver,c41d37dc-ae5f-4578-853a-172e98e003f0,EMIT,READY,-1,40,""
16.416,receiver,c41d37dc-ae5f-4578-853a-172e98e003f0,RECEIVE,DATA,0,1060,""
16.430,receiver,c41d37dc-ae5f-4578-853a-172e98e003f0,ACCEPT_DATA,DATA,0,1024,"unique file bytes received"
16.434,receiver,c41d37dc-ae5f-4578-853a-172e98e003f0,SEND,ACK,0,36,""
16.467,receiver,c41d37dc-ae5f-4578-853a-172e98e003f0,EMIT,ACK,0,36,""
16.480,receiver,c41d37dc-ae5f-4578-853a-172e98e003f0,RECEIVE,DATA,1,1060,""
16.484,receiver,c41d37dc-ae5f-4578-853a-172e98e003f0,ACCEPT_DATA,DATA,1,1024,"unique file bytes received"
16.487,receiver,c41d37dc-ae5f-4578-853a-172e98e003f0,SEND,ACK,1,36,""
16.496,receiver,c41d37dc-ae5f-4578-853a-172e98e003f0,EMIT,ACK,1,36,""
16.503,receiver,c41d37dc-ae5f-4578-853a-172e98e003f0,RECEIVE,DATA,2,1060,""
16.506,receiver,c41d37dc-ae5f-4578-853a-172e98e003f0,ACCEPT_DATA,DATA,2,1024,"unique file bytes received"
16.509,receiver,c41d37dc-ae5f-4578-853a-172e98e003f0,SEND,ACK,2,36,""
16.518,receiver,c41d37dc-ae5f-4578-853a-172e98e003f0,EMIT,ACK,2,36,""
16.524,receiver,c41d37dc-ae5f-4578-853a-172e98e003f0,RECEIVE,DATA,3,1060,""
16.527,receiver,c41d37dc-ae5f-4578-853a-172e98e003f0,ACCEPT_DATA,DATA,3,1024,"unique file bytes received"
16.530,receiver,c41d37dc-ae5f-4578-853a-172e98e003f0,SEND,ACK,3,36,""
16.539,receiver,c41d37dc-ae5f-4578-853a-172e98e003f0,EMIT,ACK,3,36,""
16.545,receiver,c41d37dc-ae5f-4578-853a-172e98e003f0,RECEIVE,DATA,4,1060,""
16.549,receiver,c41d37dc-ae5f-4578-853a-172e98e003f0,ACCEPT_DATA,DATA,4,1024,"unique file bytes received"
16.551,receiver,c41d37dc-ae5f-4578-853a-172e98e003f0,SEND,ACK,4,36,""
16.560,receiver,c41d37dc-ae5f-4578-853a-172e98e003f0,EMIT,ACK,4,36,""
16.566,receiver,c41d37dc-ae5f-4578-853a-172e98e003f0,RECEIVE,DATA,5,1060,""
16.569,receiver,c41d37dc-ae5f-4578-853a-172e98e003f0,ACCEPT_DATA,DATA,5,1024,"unique file bytes received"
16.572,receiver,c41d37dc-ae5f-4578-853a-172e98e003f0,SEND,ACK,5,36,""
16.581,receiver,c41d37dc-ae5f-4578-853a-172e98e003f0,EMIT,ACK,5,36,""
16.587,receiver,c41d37dc-ae5f-4578-853a-172e98e003f0,RECEIVE,DATA,6,1060,""
16.590,receiver,c41d37dc-ae5f-4578-853a-172e98e003f0,ACCEPT_DATA,DATA,6,1024,"unique file bytes received"
16.593,receiver,c41d37dc-ae5f-4578-853a-172e98e003f0,SEND,ACK,6,36,""
16.602,receiver,c41d37dc-ae5f-4578-853a-172e98e003f0,EMIT,ACK,6,36,""
16.608,receiver,c41d37dc-ae5f-4578-853a-172e98e003f0,RECEIVE,DATA,7,1060,""
16.611,receiver,c41d37dc-ae5f-4578-853a-172e98e003f0,ACCEPT_DATA,DATA,7,1024,"unique file bytes received"
16.613,receiver,c41d37dc-ae5f-4578-853a-172e98e003f0,SEND,ACK,7,36,""
16.623,receiver,c41d37dc-ae5f-4578-853a-172e98e003f0,EMIT,ACK,7,36,""
16.628,receiver,c41d37dc-ae5f-4578-853a-172e98e003f0,RECEIVE,DATA,8,1060,""
16.632,receiver,c41d37dc-ae5f-4578-853a-172e98e003f0,ACCEPT_DATA,DATA,8,1024,"unique file bytes received"
16.634,receiver,c41d37dc-ae5f-4578-853a-172e98e003f0,SEND,ACK,8,36,""
16.643,receiver,c41d37dc-ae5f-4578-853a-172e98e003f0,EMIT,ACK,8,36,""
16.649,receiver,c41d37dc-ae5f-4578-853a-172e98e003f0,RECEIVE,DATA,9,1060,""
16.652,receiver,c41d37dc-ae5f-4578-853a-172e98e003f0,ACCEPT_DATA,DATA,9,1024,"unique file bytes received"
16.655,receiver,c41d37dc-ae5f-4578-853a-172e98e003f0,SEND,ACK,9,36,""
16.664,receiver,c41d37dc-ae5f-4578-853a-172e98e003f0,EMIT,ACK,9,36,""
16.670,receiver,c41d37dc-ae5f-4578-853a-172e98e003f0,RECEIVE,DATA,10,1060,""
16.673,receiver,c41d37dc-ae5f-4578-853a-172e98e003f0,ACCEPT_DATA,DATA,10,1024,"unique file bytes received"
16.676,receiver,c41d37dc-ae5f-4578-853a-172e98e003f0,SEND,ACK,10,36,""
16.686,receiver,c41d37dc-ae5f-4578-853a-172e98e003f0,EMIT,ACK,10,36,""
16.691,receiver,c41d37dc-ae5f-4578-853a-172e98e003f0,RECEIVE,DATA,11,1060,""
16.695,receiver,c41d37dc-ae5f-4578-853a-172e98e003f0,ACCEPT_DATA,DATA,11,1024,"unique file bytes received"
16.697,receiver,c41d37dc-ae5f-4578-853a-172e98e003f0,SEND,ACK,11,36,""
16.706,receiver,c41d37dc-ae5f-4578-853a-172e98e003f0,EMIT,ACK,11,36,""
16.712,receiver,c41d37dc-ae5f-4578-853a-172e98e003f0,RECEIVE,DATA,12,1060,""
16.716,receiver,c41d37dc-ae5f-4578-853a-172e98e003f0,ACCEPT_DATA,DATA,12,1024,"unique file bytes received"
16.718,receiver,c41d37dc-ae5f-4578-853a-172e98e003f0,SEND,ACK,12,36,""
16.727,receiver,c41d37dc-ae5f-4578-853a-172e98e003f0,EMIT,ACK,12,36,""
16.732,receiver,c41d37dc-ae5f-4578-853a-172e98e003f0,RECEIVE,DATA,13,1060,""
16.735,receiver,c41d37dc-ae5f-4578-853a-172e98e003f0,ACCEPT_DATA,DATA,13,1024,"unique file bytes received"
16.738,receiver,c41d37dc-ae5f-4578-853a-172e98e003f0,SEND,ACK,13,36,""
16.747,receiver,c41d37dc-ae5f-4578-853a-172e98e003f0,EMIT,ACK,13,36,""
16.753,receiver,c41d37dc-ae5f-4578-853a-172e98e003f0,RECEIVE,DATA,14,1060,""
16.756,receiver,c41d37dc-ae5f-4578-853a-172e98e003f0,ACCEPT_DATA,DATA,14,1024,"unique file bytes received"
16.759,receiver,c41d37dc-ae5f-4578-853a-172e98e003f0,SEND,ACK,14,36,""
16.767,receiver,c41d37dc-ae5f-4578-853a-172e98e003f0,EMIT,ACK,14,36,""
16.773,receiver,c41d37dc-ae5f-4578-853a-172e98e003f0,RECEIVE,DATA,15,1060,""
16.776,receiver,c41d37dc-ae5f-4578-853a-172e98e003f0,ACCEPT_DATA,DATA,15,1024,"unique file bytes received"
16.779,receiver,c41d37dc-ae5f-4578-853a-172e98e003f0,SEND,ACK,15,36,""
16.787,receiver,c41d37dc-ae5f-4578-853a-172e98e003f0,EMIT,ACK,15,36,""
16.793,receiver,c41d37dc-ae5f-4578-853a-172e98e003f0,RECEIVE,DATA,16,1060,""
16.796,receiver,c41d37dc-ae5f-4578-853a-172e98e003f0,ACCEPT_DATA,DATA,16,1024,"unique file bytes received"
16.799,receiver,c41d37dc-ae5f-4578-853a-172e98e003f0,SEND,ACK,16,36,""
16.807,receiver,c41d37dc-ae5f-4578-853a-172e98e003f0,EMIT,ACK,16,36,""
16.813,receiver,c41d37dc-ae5f-4578-853a-172e98e003f0,RECEIVE,DATA,17,1060,""
16.816,receiver,c41d37dc-ae5f-4578-853a-172e98e003f0,ACCEPT_DATA,DATA,17,1024,"unique file bytes received"
16.819,receiver,c41d37dc-ae5f-4578-853a-172e98e003f0,SEND,ACK,17,36,""
16.828,receiver,c41d37dc-ae5f-4578-853a-172e98e003f0,EMIT,ACK,17,36,""
16.834,receiver,c41d37dc-ae5f-4578-853a-172e98e003f0,RECEIVE,DATA,18,1060,""
16.837,receiver,c41d37dc-ae5f-4578-853a-172e98e003f0,ACCEPT_DATA,DATA,18,1024,"unique file bytes received"
16.840,receiver,c41d37dc-ae5f-4578-853a-172e98e003f0,SEND,ACK,18,36,""
16.849,receiver,c41d37dc-ae5f-4578-853a-172e98e003f0,EMIT,ACK,18,36,""
16.854,receiver,c41d37dc-ae5f-4578-853a-172e98e003f0,RECEIVE,DATA,19,1060,""
16.857,receiver,c41d37dc-ae5f-4578-853a-172e98e003f0,ACCEPT_DATA,DATA,19,1024,"unique file bytes received"
16.860,receiver,c41d37dc-ae5f-4578-853a-172e98e003f0,SEND,ACK,19,36,""
16.871,receiver,c41d37dc-ae5f-4578-853a-172e98e003f0,EMIT,ACK,19,36,""
16.877,receiver,c41d37dc-ae5f-4578-853a-172e98e003f0,RECEIVE,DATA,20,1060,""
16.880,receiver,c41d37dc-ae5f-4578-853a-172e98e003f0,ACCEPT_DATA,DATA,20,1024,"unique file bytes received"
16.883,receiver,c41d37dc-ae5f-4578-853a-172e98e003f0,SEND,ACK,20,36,""
16.891,receiver,c41d37dc-ae5f-4578-853a-172e98e003f0,EMIT,ACK,20,36,""
16.897,receiver,c41d37dc-ae5f-4578-853a-172e98e003f0,RECEIVE,DATA,21,1060,""
16.900,receiver,c41d37dc-ae5f-4578-853a-172e98e003f0,ACCEPT_DATA,DATA,21,1024,"unique file bytes received"
16.903,receiver,c41d37dc-ae5f-4578-853a-172e98e003f0,SEND,ACK,21,36,""
16.912,receiver,c41d37dc-ae5f-4578-853a-172e98e003f0,EMIT,ACK,21,36,""
16.918,receiver,c41d37dc-ae5f-4578-853a-172e98e003f0,RECEIVE,DATA,22,1060,""
16.921,receiver,c41d37dc-ae5f-4578-853a-172e98e003f0,ACCEPT_DATA,DATA,22,1024,"unique file bytes received"
16.924,receiver,c41d37dc-ae5f-4578-853a-172e98e003f0,SEND,ACK,22,36,""
16.933,receiver,c41d37dc-ae5f-4578-853a-172e98e003f0,EMIT,ACK,22,36,""
16.938,receiver,c41d37dc-ae5f-4578-853a-172e98e003f0,RECEIVE,DATA,23,1060,""
16.942,receiver,c41d37dc-ae5f-4578-853a-172e98e003f0,ACCEPT_DATA,DATA,23,1024,"unique file bytes received"
16.944,receiver,c41d37dc-ae5f-4578-853a-172e98e003f0,SEND,ACK,23,36,""
16.961,receiver,c41d37dc-ae5f-4578-853a-172e98e003f0,EMIT,ACK,23,36,""
16.967,receiver,c41d37dc-ae5f-4578-853a-172e98e003f0,RECEIVE,DATA,24,1060,""
16.970,receiver,c41d37dc-ae5f-4578-853a-172e98e003f0,ACCEPT_DATA,DATA,24,1024,"unique file bytes received"
16.972,receiver,c41d37dc-ae5f-4578-853a-172e98e003f0,SEND,ACK,24,36,""
16.981,receiver,c41d37dc-ae5f-4578-853a-172e98e003f0,EMIT,ACK,24,36,""
16.986,receiver,c41d37dc-ae5f-4578-853a-172e98e003f0,RECEIVE,DATA,26,1060,""
16.990,receiver,c41d37dc-ae5f-4578-853a-172e98e003f0,OUT_OF_ORDER,DATA,26,0,"arrived before missing sequence=25"
16.993,receiver,c41d37dc-ae5f-4578-853a-172e98e003f0,ACCEPT_DATA,DATA,26,1024,"unique file bytes received"
16.995,receiver,c41d37dc-ae5f-4578-853a-172e98e003f0,SEND,ACK,26,36,""
17.004,receiver,c41d37dc-ae5f-4578-853a-172e98e003f0,EMIT,ACK,26,36,""
17.010,receiver,c41d37dc-ae5f-4578-853a-172e98e003f0,RECEIVE,DATA,27,1060,""
17.013,receiver,c41d37dc-ae5f-4578-853a-172e98e003f0,OUT_OF_ORDER,DATA,27,0,"arrived before missing sequence=25"
17.015,receiver,c41d37dc-ae5f-4578-853a-172e98e003f0,ACCEPT_DATA,DATA,27,1024,"unique file bytes received"
17.018,receiver,c41d37dc-ae5f-4578-853a-172e98e003f0,SEND,ACK,27,36,""
17.026,receiver,c41d37dc-ae5f-4578-853a-172e98e003f0,EMIT,ACK,27,36,""
17.032,receiver,c41d37dc-ae5f-4578-853a-172e98e003f0,RECEIVE,DATA,28,1060,""
17.035,receiver,c41d37dc-ae5f-4578-853a-172e98e003f0,OUT_OF_ORDER,DATA,28,0,"arrived before missing sequence=25"
17.038,receiver,c41d37dc-ae5f-4578-853a-172e98e003f0,ACCEPT_DATA,DATA,28,1024,"unique file bytes received"
17.040,receiver,c41d37dc-ae5f-4578-853a-172e98e003f0,SEND,ACK,28,36,""
17.049,receiver,c41d37dc-ae5f-4578-853a-172e98e003f0,EMIT,ACK,28,36,""
17.055,receiver,c41d37dc-ae5f-4578-853a-172e98e003f0,RECEIVE,DATA,29,1060,""
17.058,receiver,c41d37dc-ae5f-4578-853a-172e98e003f0,OUT_OF_ORDER,DATA,29,0,"arrived before missing sequence=25"
17.060,receiver,c41d37dc-ae5f-4578-853a-172e98e003f0,ACCEPT_DATA,DATA,29,1024,"unique file bytes received"
17.063,receiver,c41d37dc-ae5f-4578-853a-172e98e003f0,SEND,ACK,29,36,""
17.065,receiver,c41d37dc-ae5f-4578-853a-172e98e003f0,DROP,ACK,29,36,"random shim loss"
17.071,receiver,c41d37dc-ae5f-4578-853a-172e98e003f0,RECEIVE,DATA,30,1060,""
17.075,receiver,c41d37dc-ae5f-4578-853a-172e98e003f0,OUT_OF_ORDER,DATA,30,0,"arrived before missing sequence=25"
17.077,receiver,c41d37dc-ae5f-4578-853a-172e98e003f0,ACCEPT_DATA,DATA,30,1024,"unique file bytes received"
17.080,receiver,c41d37dc-ae5f-4578-853a-172e98e003f0,SEND,ACK,30,36,""
17.089,receiver,c41d37dc-ae5f-4578-853a-172e98e003f0,EMIT,ACK,30,36,""
17.095,receiver,c41d37dc-ae5f-4578-853a-172e98e003f0,RECEIVE,DATA,31,1060,""
17.098,receiver,c41d37dc-ae5f-4578-853a-172e98e003f0,OUT_OF_ORDER,DATA,31,0,"arrived before missing sequence=25"
17.101,receiver,c41d37dc-ae5f-4578-853a-172e98e003f0,ACCEPT_DATA,DATA,31,1024,"unique file bytes received"
17.103,receiver,c41d37dc-ae5f-4578-853a-172e98e003f0,SEND,ACK,31,36,""
17.112,receiver,c41d37dc-ae5f-4578-853a-172e98e003f0,EMIT,ACK,31,36,""
17.118,receiver,c41d37dc-ae5f-4578-853a-172e98e003f0,RECEIVE,DATA,32,1060,""
17.121,receiver,c41d37dc-ae5f-4578-853a-172e98e003f0,OUT_OF_ORDER,DATA,32,0,"arrived before missing sequence=25"
17.124,receiver,c41d37dc-ae5f-4578-853a-172e98e003f0,ACCEPT_DATA,DATA,32,1024,"unique file bytes received"
17.126,receiver,c41d37dc-ae5f-4578-853a-172e98e003f0,SEND,ACK,32,36,""
17.135,receiver,c41d37dc-ae5f-4578-853a-172e98e003f0,EMIT,ACK,32,36,""
17.141,receiver,c41d37dc-ae5f-4578-853a-172e98e003f0,RECEIVE,DATA,33,1060,""
17.144,receiver,c41d37dc-ae5f-4578-853a-172e98e003f0,OUT_OF_ORDER,DATA,33,0,"arrived before missing sequence=25"
17.146,receiver,c41d37dc-ae5f-4578-853a-172e98e003f0,ACCEPT_DATA,DATA,33,1024,"unique file bytes received"
17.149,receiver,c41d37dc-ae5f-4578-853a-172e98e003f0,SEND,ACK,33,36,""
17.157,receiver,c41d37dc-ae5f-4578-853a-172e98e003f0,EMIT,ACK,33,36,""
17.163,receiver,c41d37dc-ae5f-4578-853a-172e98e003f0,RECEIVE,DATA,34,1060,""
17.166,receiver,c41d37dc-ae5f-4578-853a-172e98e003f0,OUT_OF_ORDER,DATA,34,0,"arrived before missing sequence=25"
17.169,receiver,c41d37dc-ae5f-4578-853a-172e98e003f0,ACCEPT_DATA,DATA,34,1024,"unique file bytes received"
17.171,receiver,c41d37dc-ae5f-4578-853a-172e98e003f0,SEND,ACK,34,36,""
17.180,receiver,c41d37dc-ae5f-4578-853a-172e98e003f0,EMIT,ACK,34,36,""
17.186,receiver,c41d37dc-ae5f-4578-853a-172e98e003f0,RECEIVE,DATA,35,1060,""
17.189,receiver,c41d37dc-ae5f-4578-853a-172e98e003f0,OUT_OF_ORDER,DATA,35,0,"arrived before missing sequence=25"
17.192,receiver,c41d37dc-ae5f-4578-853a-172e98e003f0,ACCEPT_DATA,DATA,35,1024,"unique file bytes received"
17.195,receiver,c41d37dc-ae5f-4578-853a-172e98e003f0,SEND,ACK,35,36,""
17.197,receiver,c41d37dc-ae5f-4578-853a-172e98e003f0,DROP,ACK,35,36,"random shim loss"
17.203,receiver,c41d37dc-ae5f-4578-853a-172e98e003f0,RECEIVE,DATA,36,1060,""
17.206,receiver,c41d37dc-ae5f-4578-853a-172e98e003f0,OUT_OF_ORDER,DATA,36,0,"arrived before missing sequence=25"
17.208,receiver,c41d37dc-ae5f-4578-853a-172e98e003f0,ACCEPT_DATA,DATA,36,1024,"unique file bytes received"
17.211,receiver,c41d37dc-ae5f-4578-853a-172e98e003f0,SEND,ACK,36,36,""
17.220,receiver,c41d37dc-ae5f-4578-853a-172e98e003f0,EMIT,ACK,36,36,""
17.225,receiver,c41d37dc-ae5f-4578-853a-172e98e003f0,RECEIVE,DATA,37,1060,""
17.228,receiver,c41d37dc-ae5f-4578-853a-172e98e003f0,OUT_OF_ORDER,DATA,37,0,"arrived before missing sequence=25"
17.231,receiver,c41d37dc-ae5f-4578-853a-172e98e003f0,ACCEPT_DATA,DATA,37,1024,"unique file bytes received"
17.234,receiver,c41d37dc-ae5f-4578-853a-172e98e003f0,SEND,ACK,37,36,""
17.242,receiver,c41d37dc-ae5f-4578-853a-172e98e003f0,EMIT,ACK,37,36,""
17.248,receiver,c41d37dc-ae5f-4578-853a-172e98e003f0,RECEIVE,DATA,38,1060,""
17.251,receiver,c41d37dc-ae5f-4578-853a-172e98e003f0,OUT_OF_ORDER,DATA,38,0,"arrived before missing sequence=25"
17.254,receiver,c41d37dc-ae5f-4578-853a-172e98e003f0,ACCEPT_DATA,DATA,38,1024,"unique file bytes received"
17.256,receiver,c41d37dc-ae5f-4578-853a-172e98e003f0,SEND,ACK,38,36,""
17.260,receiver,c41d37dc-ae5f-4578-853a-172e98e003f0,DROP,ACK,38,36,"random shim loss"
17.265,receiver,c41d37dc-ae5f-4578-853a-172e98e003f0,RECEIVE,DATA,39,1060,""
17.269,receiver,c41d37dc-ae5f-4578-853a-172e98e003f0,OUT_OF_ORDER,DATA,39,0,"arrived before missing sequence=25"
17.271,receiver,c41d37dc-ae5f-4578-853a-172e98e003f0,ACCEPT_DATA,DATA,39,1024,"unique file bytes received"
17.274,receiver,c41d37dc-ae5f-4578-853a-172e98e003f0,SEND,ACK,39,36,""
17.283,receiver,c41d37dc-ae5f-4578-853a-172e98e003f0,EMIT,ACK,39,36,""
17.288,receiver,c41d37dc-ae5f-4578-853a-172e98e003f0,RECEIVE,DATA,40,1060,""
17.291,receiver,c41d37dc-ae5f-4578-853a-172e98e003f0,OUT_OF_ORDER,DATA,40,0,"arrived before missing sequence=25"
17.294,receiver,c41d37dc-ae5f-4578-853a-172e98e003f0,ACCEPT_DATA,DATA,40,1024,"unique file bytes received"
17.297,receiver,c41d37dc-ae5f-4578-853a-172e98e003f0,SEND,ACK,40,36,""
17.305,receiver,c41d37dc-ae5f-4578-853a-172e98e003f0,EMIT,ACK,40,36,""
17.325,receiver,c41d37dc-ae5f-4578-853a-172e98e003f0,RECEIVE,DATA,41,1060,""
17.328,receiver,c41d37dc-ae5f-4578-853a-172e98e003f0,OUT_OF_ORDER,DATA,41,0,"arrived before missing sequence=25"
17.331,receiver,c41d37dc-ae5f-4578-853a-172e98e003f0,ACCEPT_DATA,DATA,41,1024,"unique file bytes received"
17.333,receiver,c41d37dc-ae5f-4578-853a-172e98e003f0,SEND,ACK,41,36,""
17.342,receiver,c41d37dc-ae5f-4578-853a-172e98e003f0,EMIT,ACK,41,36,""
17.348,receiver,c41d37dc-ae5f-4578-853a-172e98e003f0,RECEIVE,DATA,42,1060,""
17.351,receiver,c41d37dc-ae5f-4578-853a-172e98e003f0,OUT_OF_ORDER,DATA,42,0,"arrived before missing sequence=25"
17.353,receiver,c41d37dc-ae5f-4578-853a-172e98e003f0,ACCEPT_DATA,DATA,42,1024,"unique file bytes received"
17.356,receiver,c41d37dc-ae5f-4578-853a-172e98e003f0,SEND,ACK,42,36,""
17.364,receiver,c41d37dc-ae5f-4578-853a-172e98e003f0,EMIT,ACK,42,36,""
17.369,receiver,c41d37dc-ae5f-4578-853a-172e98e003f0,RECEIVE,DATA,43,1060,""
17.372,receiver,c41d37dc-ae5f-4578-853a-172e98e003f0,OUT_OF_ORDER,DATA,43,0,"arrived before missing sequence=25"
17.519,receiver,c41d37dc-ae5f-4578-853a-172e98e003f0,ACCEPT_DATA,DATA,43,1024,"unique file bytes received"
17.524,receiver,c41d37dc-ae5f-4578-853a-172e98e003f0,SEND,ACK,43,36,""
17.536,receiver,c41d37dc-ae5f-4578-853a-172e98e003f0,EMIT,ACK,43,36,""
17.545,receiver,c41d37dc-ae5f-4578-853a-172e98e003f0,RECEIVE,DATA,44,1060,""
17.549,receiver,c41d37dc-ae5f-4578-853a-172e98e003f0,OUT_OF_ORDER,DATA,44,0,"arrived before missing sequence=25"
17.551,receiver,c41d37dc-ae5f-4578-853a-172e98e003f0,ACCEPT_DATA,DATA,44,1024,"unique file bytes received"
17.554,receiver,c41d37dc-ae5f-4578-853a-172e98e003f0,SEND,ACK,44,36,""
17.566,receiver,c41d37dc-ae5f-4578-853a-172e98e003f0,EMIT,ACK,44,36,""
17.572,receiver,c41d37dc-ae5f-4578-853a-172e98e003f0,RECEIVE,DATA,45,1060,""
17.575,receiver,c41d37dc-ae5f-4578-853a-172e98e003f0,OUT_OF_ORDER,DATA,45,0,"arrived before missing sequence=25"
17.577,receiver,c41d37dc-ae5f-4578-853a-172e98e003f0,ACCEPT_DATA,DATA,45,1024,"unique file bytes received"
17.580,receiver,c41d37dc-ae5f-4578-853a-172e98e003f0,SEND,ACK,45,36,""
17.588,receiver,c41d37dc-ae5f-4578-853a-172e98e003f0,EMIT,ACK,45,36,""
17.593,receiver,c41d37dc-ae5f-4578-853a-172e98e003f0,RECEIVE,DATA,46,1060,""
17.597,receiver,c41d37dc-ae5f-4578-853a-172e98e003f0,OUT_OF_ORDER,DATA,46,0,"arrived before missing sequence=25"
17.599,receiver,c41d37dc-ae5f-4578-853a-172e98e003f0,ACCEPT_DATA,DATA,46,1024,"unique file bytes received"
17.602,receiver,c41d37dc-ae5f-4578-853a-172e98e003f0,SEND,ACK,46,36,""
17.610,receiver,c41d37dc-ae5f-4578-853a-172e98e003f0,EMIT,ACK,46,36,""
17.616,receiver,c41d37dc-ae5f-4578-853a-172e98e003f0,RECEIVE,DATA,47,1060,""
17.619,receiver,c41d37dc-ae5f-4578-853a-172e98e003f0,OUT_OF_ORDER,DATA,47,0,"arrived before missing sequence=25"
17.622,receiver,c41d37dc-ae5f-4578-853a-172e98e003f0,ACCEPT_DATA,DATA,47,1024,"unique file bytes received"
17.624,receiver,c41d37dc-ae5f-4578-853a-172e98e003f0,SEND,ACK,47,36,""
17.632,receiver,c41d37dc-ae5f-4578-853a-172e98e003f0,EMIT,ACK,47,36,""
17.638,receiver,c41d37dc-ae5f-4578-853a-172e98e003f0,RECEIVE,DATA,48,1060,""
17.641,receiver,c41d37dc-ae5f-4578-853a-172e98e003f0,OUT_OF_ORDER,DATA,48,0,"arrived before missing sequence=25"
17.643,receiver,c41d37dc-ae5f-4578-853a-172e98e003f0,ACCEPT_DATA,DATA,48,1024,"unique file bytes received"
17.646,receiver,c41d37dc-ae5f-4578-853a-172e98e003f0,SEND,ACK,48,36,""
17.654,receiver,c41d37dc-ae5f-4578-853a-172e98e003f0,EMIT,ACK,48,36,""
17.659,receiver,c41d37dc-ae5f-4578-853a-172e98e003f0,RECEIVE,DATA,49,1060,""
17.662,receiver,c41d37dc-ae5f-4578-853a-172e98e003f0,OUT_OF_ORDER,DATA,49,0,"arrived before missing sequence=25"
17.665,receiver,c41d37dc-ae5f-4578-853a-172e98e003f0,ACCEPT_DATA,DATA,49,1024,"unique file bytes received"
17.667,receiver,c41d37dc-ae5f-4578-853a-172e98e003f0,SEND,ACK,49,36,""
17.675,receiver,c41d37dc-ae5f-4578-853a-172e98e003f0,EMIT,ACK,49,36,""
17.681,receiver,c41d37dc-ae5f-4578-853a-172e98e003f0,RECEIVE,DATA,50,1060,""
17.684,receiver,c41d37dc-ae5f-4578-853a-172e98e003f0,OUT_OF_ORDER,DATA,50,0,"arrived before missing sequence=25"
17.687,receiver,c41d37dc-ae5f-4578-853a-172e98e003f0,ACCEPT_DATA,DATA,50,1024,"unique file bytes received"
17.689,receiver,c41d37dc-ae5f-4578-853a-172e98e003f0,SEND,ACK,50,36,""
17.697,receiver,c41d37dc-ae5f-4578-853a-172e98e003f0,EMIT,ACK,50,36,""
17.702,receiver,c41d37dc-ae5f-4578-853a-172e98e003f0,RECEIVE,DATA,51,1060,""
17.706,receiver,c41d37dc-ae5f-4578-853a-172e98e003f0,OUT_OF_ORDER,DATA,51,0,"arrived before missing sequence=25"
17.708,receiver,c41d37dc-ae5f-4578-853a-172e98e003f0,ACCEPT_DATA,DATA,51,1024,"unique file bytes received"
17.711,receiver,c41d37dc-ae5f-4578-853a-172e98e003f0,SEND,ACK,51,36,""
17.718,receiver,c41d37dc-ae5f-4578-853a-172e98e003f0,EMIT,ACK,51,36,""
17.724,receiver,c41d37dc-ae5f-4578-853a-172e98e003f0,RECEIVE,DATA,52,1060,""
17.727,receiver,c41d37dc-ae5f-4578-853a-172e98e003f0,OUT_OF_ORDER,DATA,52,0,"arrived before missing sequence=25"
17.729,receiver,c41d37dc-ae5f-4578-853a-172e98e003f0,ACCEPT_DATA,DATA,52,1024,"unique file bytes received"
17.732,receiver,c41d37dc-ae5f-4578-853a-172e98e003f0,SEND,ACK,52,36,""
17.740,receiver,c41d37dc-ae5f-4578-853a-172e98e003f0,EMIT,ACK,52,36,""
17.745,receiver,c41d37dc-ae5f-4578-853a-172e98e003f0,RECEIVE,DATA,53,1060,""
17.749,receiver,c41d37dc-ae5f-4578-853a-172e98e003f0,OUT_OF_ORDER,DATA,53,0,"arrived before missing sequence=25"
17.751,receiver,c41d37dc-ae5f-4578-853a-172e98e003f0,ACCEPT_DATA,DATA,53,1024,"unique file bytes received"
17.754,receiver,c41d37dc-ae5f-4578-853a-172e98e003f0,SEND,ACK,53,36,""
17.761,receiver,c41d37dc-ae5f-4578-853a-172e98e003f0,EMIT,ACK,53,36,""
17.767,receiver,c41d37dc-ae5f-4578-853a-172e98e003f0,RECEIVE,DATA,54,1060,""
17.770,receiver,c41d37dc-ae5f-4578-853a-172e98e003f0,OUT_OF_ORDER,DATA,54,0,"arrived before missing sequence=25"
17.773,receiver,c41d37dc-ae5f-4578-853a-172e98e003f0,ACCEPT_DATA,DATA,54,1024,"unique file bytes received"
17.775,receiver,c41d37dc-ae5f-4578-853a-172e98e003f0,SEND,ACK,54,36,""
17.783,receiver,c41d37dc-ae5f-4578-853a-172e98e003f0,EMIT,ACK,54,36,""
17.789,receiver,c41d37dc-ae5f-4578-853a-172e98e003f0,RECEIVE,DATA,55,1060,""
17.792,receiver,c41d37dc-ae5f-4578-853a-172e98e003f0,OUT_OF_ORDER,DATA,55,0,"arrived before missing sequence=25"
17.794,receiver,c41d37dc-ae5f-4578-853a-172e98e003f0,ACCEPT_DATA,DATA,55,1024,"unique file bytes received"
17.799,receiver,c41d37dc-ae5f-4578-853a-172e98e003f0,SEND,ACK,55,36,""
17.807,receiver,c41d37dc-ae5f-4578-853a-172e98e003f0,EMIT,ACK,55,36,""
17.812,receiver,c41d37dc-ae5f-4578-853a-172e98e003f0,RECEIVE,DATA,56,1060,""
17.816,receiver,c41d37dc-ae5f-4578-853a-172e98e003f0,OUT_OF_ORDER,DATA,56,0,"arrived before missing sequence=25"
17.818,receiver,c41d37dc-ae5f-4578-853a-172e98e003f0,ACCEPT_DATA,DATA,56,1024,"unique file bytes received"
17.821,receiver,c41d37dc-ae5f-4578-853a-172e98e003f0,SEND,ACK,56,36,""
17.828,receiver,c41d37dc-ae5f-4578-853a-172e98e003f0,EMIT,ACK,56,36,""
271.823,receiver,c41d37dc-ae5f-4578-853a-172e98e003f0,RECEIVE,DATA,25,1060,""
271.843,receiver,c41d37dc-ae5f-4578-853a-172e98e003f0,ACCEPT_DATA,DATA,25,1024,"unique file bytes received"
271.847,receiver,c41d37dc-ae5f-4578-853a-172e98e003f0,SEND,ACK,25,36,""
271.912,receiver,c41d37dc-ae5f-4578-853a-172e98e003f0,EMIT,ACK,25,36,""
271.935,receiver,c41d37dc-ae5f-4578-853a-172e98e003f0,RECEIVE,DATA,29,1060,""
271.939,receiver,c41d37dc-ae5f-4578-853a-172e98e003f0,DUPLICATE,DATA,29,0,"duplicate DATA; acknowledge without writing twice"
271.942,receiver,c41d37dc-ae5f-4578-853a-172e98e003f0,SEND,ACK,29,36,""
271.952,receiver,c41d37dc-ae5f-4578-853a-172e98e003f0,EMIT,ACK,29,36,""
271.958,receiver,c41d37dc-ae5f-4578-853a-172e98e003f0,RECEIVE,DATA,35,1060,""
271.962,receiver,c41d37dc-ae5f-4578-853a-172e98e003f0,DUPLICATE,DATA,35,0,"duplicate DATA; acknowledge without writing twice"
271.964,receiver,c41d37dc-ae5f-4578-853a-172e98e003f0,SEND,ACK,35,36,""
271.974,receiver,c41d37dc-ae5f-4578-853a-172e98e003f0,EMIT,ACK,35,36,""
271.993,receiver,c41d37dc-ae5f-4578-853a-172e98e003f0,RECEIVE,DATA,38,1060,""
271.996,receiver,c41d37dc-ae5f-4578-853a-172e98e003f0,DUPLICATE,DATA,38,0,"duplicate DATA; acknowledge without writing twice"
272.001,receiver,c41d37dc-ae5f-4578-853a-172e98e003f0,SEND,ACK,38,36,""
272.011,receiver,c41d37dc-ae5f-4578-853a-172e98e003f0,EMIT,ACK,38,36,""
272.018,receiver,c41d37dc-ae5f-4578-853a-172e98e003f0,RECEIVE,DATA,57,1060,""
272.022,receiver,c41d37dc-ae5f-4578-853a-172e98e003f0,ACCEPT_DATA,DATA,57,1024,"unique file bytes received"
272.024,receiver,c41d37dc-ae5f-4578-853a-172e98e003f0,SEND,ACK,57,36,""
272.044,receiver,c41d37dc-ae5f-4578-853a-172e98e003f0,EMIT,ACK,57,36,""
272.050,receiver,c41d37dc-ae5f-4578-853a-172e98e003f0,RECEIVE,DATA,58,1060,""
272.053,receiver,c41d37dc-ae5f-4578-853a-172e98e003f0,ACCEPT_DATA,DATA,58,1024,"unique file bytes received"
272.056,receiver,c41d37dc-ae5f-4578-853a-172e98e003f0,SEND,ACK,58,36,""
272.064,receiver,c41d37dc-ae5f-4578-853a-172e98e003f0,EMIT,ACK,58,36,""
272.337,receiver,c41d37dc-ae5f-4578-853a-172e98e003f0,RECEIVE,DATA,60,1060,""
272.349,receiver,c41d37dc-ae5f-4578-853a-172e98e003f0,OUT_OF_ORDER,DATA,60,0,"arrived before missing sequence=59"
272.471,receiver,c41d37dc-ae5f-4578-853a-172e98e003f0,ACCEPT_DATA,DATA,60,1024,"unique file bytes received"
272.475,receiver,c41d37dc-ae5f-4578-853a-172e98e003f0,SEND,ACK,60,36,""
272.503,receiver,c41d37dc-ae5f-4578-853a-172e98e003f0,EMIT,ACK,60,36,""
272.516,receiver,c41d37dc-ae5f-4578-853a-172e98e003f0,RECEIVE,DATA,61,1060,""
272.520,receiver,c41d37dc-ae5f-4578-853a-172e98e003f0,OUT_OF_ORDER,DATA,61,0,"arrived before missing sequence=59"
272.523,receiver,c41d37dc-ae5f-4578-853a-172e98e003f0,ACCEPT_DATA,DATA,61,1024,"unique file bytes received"
272.526,receiver,c41d37dc-ae5f-4578-853a-172e98e003f0,SEND,ACK,61,36,""
272.536,receiver,c41d37dc-ae5f-4578-853a-172e98e003f0,EMIT,ACK,61,36,""
272.542,receiver,c41d37dc-ae5f-4578-853a-172e98e003f0,RECEIVE,DATA,62,1060,""
272.545,receiver,c41d37dc-ae5f-4578-853a-172e98e003f0,OUT_OF_ORDER,DATA,62,0,"arrived before missing sequence=59"
272.547,receiver,c41d37dc-ae5f-4578-853a-172e98e003f0,ACCEPT_DATA,DATA,62,1024,"unique file bytes received"
272.550,receiver,c41d37dc-ae5f-4578-853a-172e98e003f0,SEND,ACK,62,36,""
272.559,receiver,c41d37dc-ae5f-4578-853a-172e98e003f0,EMIT,ACK,62,36,""
272.565,receiver,c41d37dc-ae5f-4578-853a-172e98e003f0,RECEIVE,DATA,63,1060,""
272.568,receiver,c41d37dc-ae5f-4578-853a-172e98e003f0,OUT_OF_ORDER,DATA,63,0,"arrived before missing sequence=59"
272.571,receiver,c41d37dc-ae5f-4578-853a-172e98e003f0,ACCEPT_DATA,DATA,63,1024,"unique file bytes received"
272.573,receiver,c41d37dc-ae5f-4578-853a-172e98e003f0,SEND,ACK,63,36,""
272.581,receiver,c41d37dc-ae5f-4578-853a-172e98e003f0,EMIT,ACK,63,36,""
272.587,receiver,c41d37dc-ae5f-4578-853a-172e98e003f0,RECEIVE,DATA,64,1060,""
272.590,receiver,c41d37dc-ae5f-4578-853a-172e98e003f0,OUT_OF_ORDER,DATA,64,0,"arrived before missing sequence=59"
272.593,receiver,c41d37dc-ae5f-4578-853a-172e98e003f0,ACCEPT_DATA,DATA,64,1024,"unique file bytes received"
272.596,receiver,c41d37dc-ae5f-4578-853a-172e98e003f0,SEND,ACK,64,36,""
272.606,receiver,c41d37dc-ae5f-4578-853a-172e98e003f0,EMIT,ACK,64,36,""
272.612,receiver,c41d37dc-ae5f-4578-853a-172e98e003f0,RECEIVE,DATA,65,1060,""
272.616,receiver,c41d37dc-ae5f-4578-853a-172e98e003f0,OUT_OF_ORDER,DATA,65,0,"arrived before missing sequence=59"
272.618,receiver,c41d37dc-ae5f-4578-853a-172e98e003f0,ACCEPT_DATA,DATA,65,1024,"unique file bytes received"
272.621,receiver,c41d37dc-ae5f-4578-853a-172e98e003f0,SEND,ACK,65,36,""
272.630,receiver,c41d37dc-ae5f-4578-853a-172e98e003f0,EMIT,ACK,65,36,""
272.636,receiver,c41d37dc-ae5f-4578-853a-172e98e003f0,RECEIVE,DATA,66,1060,""
272.639,receiver,c41d37dc-ae5f-4578-853a-172e98e003f0,OUT_OF_ORDER,DATA,66,0,"arrived before missing sequence=59"
272.642,receiver,c41d37dc-ae5f-4578-853a-172e98e003f0,ACCEPT_DATA,DATA,66,1024,"unique file bytes received"
272.644,receiver,c41d37dc-ae5f-4578-853a-172e98e003f0,SEND,ACK,66,36,""
272.655,receiver,c41d37dc-ae5f-4578-853a-172e98e003f0,EMIT,ACK,66,36,""
272.660,receiver,c41d37dc-ae5f-4578-853a-172e98e003f0,RECEIVE,DATA,67,1060,""
272.663,receiver,c41d37dc-ae5f-4578-853a-172e98e003f0,OUT_OF_ORDER,DATA,67,0,"arrived before missing sequence=59"
272.666,receiver,c41d37dc-ae5f-4578-853a-172e98e003f0,ACCEPT_DATA,DATA,67,1024,"unique file bytes received"
272.669,receiver,c41d37dc-ae5f-4578-853a-172e98e003f0,SEND,ACK,67,36,""
272.678,receiver,c41d37dc-ae5f-4578-853a-172e98e003f0,EMIT,ACK,67,36,""
272.684,receiver,c41d37dc-ae5f-4578-853a-172e98e003f0,RECEIVE,DATA,68,1060,""
272.687,receiver,c41d37dc-ae5f-4578-853a-172e98e003f0,OUT_OF_ORDER,DATA,68,0,"arrived before missing sequence=59"
272.692,receiver,c41d37dc-ae5f-4578-853a-172e98e003f0,ACCEPT_DATA,DATA,68,1024,"unique file bytes received"
272.695,receiver,c41d37dc-ae5f-4578-853a-172e98e003f0,SEND,ACK,68,36,""
272.703,receiver,c41d37dc-ae5f-4578-853a-172e98e003f0,EMIT,ACK,68,36,""
272.710,receiver,c41d37dc-ae5f-4578-853a-172e98e003f0,RECEIVE,DATA,69,1060,""
272.713,receiver,c41d37dc-ae5f-4578-853a-172e98e003f0,OUT_OF_ORDER,DATA,69,0,"arrived before missing sequence=59"
272.716,receiver,c41d37dc-ae5f-4578-853a-172e98e003f0,ACCEPT_DATA,DATA,69,1024,"unique file bytes received"
272.718,receiver,c41d37dc-ae5f-4578-853a-172e98e003f0,SEND,ACK,69,36,""
272.727,receiver,c41d37dc-ae5f-4578-853a-172e98e003f0,EMIT,ACK,69,36,""
272.733,receiver,c41d37dc-ae5f-4578-853a-172e98e003f0,RECEIVE,DATA,70,1060,""
272.736,receiver,c41d37dc-ae5f-4578-853a-172e98e003f0,OUT_OF_ORDER,DATA,70,0,"arrived before missing sequence=59"
272.741,receiver,c41d37dc-ae5f-4578-853a-172e98e003f0,ACCEPT_DATA,DATA,70,1024,"unique file bytes received"
272.744,receiver,c41d37dc-ae5f-4578-853a-172e98e003f0,SEND,ACK,70,36,""
272.753,receiver,c41d37dc-ae5f-4578-853a-172e98e003f0,EMIT,ACK,70,36,""
272.758,receiver,c41d37dc-ae5f-4578-853a-172e98e003f0,RECEIVE,DATA,71,1060,""
272.762,receiver,c41d37dc-ae5f-4578-853a-172e98e003f0,OUT_OF_ORDER,DATA,71,0,"arrived before missing sequence=59"
272.764,receiver,c41d37dc-ae5f-4578-853a-172e98e003f0,ACCEPT_DATA,DATA,71,1024,"unique file bytes received"
272.767,receiver,c41d37dc-ae5f-4578-853a-172e98e003f0,SEND,ACK,71,36,""
272.775,receiver,c41d37dc-ae5f-4578-853a-172e98e003f0,EMIT,ACK,71,36,""
272.781,receiver,c41d37dc-ae5f-4578-853a-172e98e003f0,RECEIVE,DATA,72,1060,""
272.784,receiver,c41d37dc-ae5f-4578-853a-172e98e003f0,OUT_OF_ORDER,DATA,72,0,"arrived before missing sequence=59"
272.786,receiver,c41d37dc-ae5f-4578-853a-172e98e003f0,ACCEPT_DATA,DATA,72,1024,"unique file bytes received"
272.789,receiver,c41d37dc-ae5f-4578-853a-172e98e003f0,SEND,ACK,72,36,""
272.796,receiver,c41d37dc-ae5f-4578-853a-172e98e003f0,EMIT,ACK,72,36,""
272.802,receiver,c41d37dc-ae5f-4578-853a-172e98e003f0,RECEIVE,DATA,73,1060,""
272.806,receiver,c41d37dc-ae5f-4578-853a-172e98e003f0,OUT_OF_ORDER,DATA,73,0,"arrived before missing sequence=59"
272.808,receiver,c41d37dc-ae5f-4578-853a-172e98e003f0,ACCEPT_DATA,DATA,73,1024,"unique file bytes received"
272.811,receiver,c41d37dc-ae5f-4578-853a-172e98e003f0,SEND,ACK,73,36,""
272.821,receiver,c41d37dc-ae5f-4578-853a-172e98e003f0,EMIT,ACK,73,36,""
272.827,receiver,c41d37dc-ae5f-4578-853a-172e98e003f0,RECEIVE,DATA,74,1060,""
272.831,receiver,c41d37dc-ae5f-4578-853a-172e98e003f0,OUT_OF_ORDER,DATA,74,0,"arrived before missing sequence=59"
272.833,receiver,c41d37dc-ae5f-4578-853a-172e98e003f0,ACCEPT_DATA,DATA,74,1024,"unique file bytes received"
272.836,receiver,c41d37dc-ae5f-4578-853a-172e98e003f0,SEND,ACK,74,36,""
272.843,receiver,c41d37dc-ae5f-4578-853a-172e98e003f0,EMIT,ACK,74,36,""
272.849,receiver,c41d37dc-ae5f-4578-853a-172e98e003f0,RECEIVE,DATA,75,1060,""
272.853,receiver,c41d37dc-ae5f-4578-853a-172e98e003f0,OUT_OF_ORDER,DATA,75,0,"arrived before missing sequence=59"
272.855,receiver,c41d37dc-ae5f-4578-853a-172e98e003f0,ACCEPT_DATA,DATA,75,1024,"unique file bytes received"
272.858,receiver,c41d37dc-ae5f-4578-853a-172e98e003f0,SEND,ACK,75,36,""
272.865,receiver,c41d37dc-ae5f-4578-853a-172e98e003f0,EMIT,ACK,75,36,""
272.871,receiver,c41d37dc-ae5f-4578-853a-172e98e003f0,RECEIVE,DATA,76,1060,""
272.874,receiver,c41d37dc-ae5f-4578-853a-172e98e003f0,OUT_OF_ORDER,DATA,76,0,"arrived before missing sequence=59"
272.877,receiver,c41d37dc-ae5f-4578-853a-172e98e003f0,ACCEPT_DATA,DATA,76,1024,"unique file bytes received"
272.880,receiver,c41d37dc-ae5f-4578-853a-172e98e003f0,SEND,ACK,76,36,""
272.887,receiver,c41d37dc-ae5f-4578-853a-172e98e003f0,EMIT,ACK,76,36,""
272.897,receiver,c41d37dc-ae5f-4578-853a-172e98e003f0,RECEIVE,DATA,77,1060,""
272.900,receiver,c41d37dc-ae5f-4578-853a-172e98e003f0,OUT_OF_ORDER,DATA,77,0,"arrived before missing sequence=59"
272.903,receiver,c41d37dc-ae5f-4578-853a-172e98e003f0,ACCEPT_DATA,DATA,77,1024,"unique file bytes received"
272.905,receiver,c41d37dc-ae5f-4578-853a-172e98e003f0,SEND,ACK,77,36,""
272.913,receiver,c41d37dc-ae5f-4578-853a-172e98e003f0,EMIT,ACK,77,36,""
272.919,receiver,c41d37dc-ae5f-4578-853a-172e98e003f0,RECEIVE,DATA,78,1060,""
272.922,receiver,c41d37dc-ae5f-4578-853a-172e98e003f0,OUT_OF_ORDER,DATA,78,0,"arrived before missing sequence=59"
272.924,receiver,c41d37dc-ae5f-4578-853a-172e98e003f0,ACCEPT_DATA,DATA,78,1024,"unique file bytes received"
272.941,receiver,c41d37dc-ae5f-4578-853a-172e98e003f0,SEND,ACK,78,36,""
272.949,receiver,c41d37dc-ae5f-4578-853a-172e98e003f0,EMIT,ACK,78,36,""
272.955,receiver,c41d37dc-ae5f-4578-853a-172e98e003f0,RECEIVE,DATA,80,1060,""
272.958,receiver,c41d37dc-ae5f-4578-853a-172e98e003f0,OUT_OF_ORDER,DATA,80,0,"arrived before missing sequence=59"
272.961,receiver,c41d37dc-ae5f-4578-853a-172e98e003f0,ACCEPT_DATA,DATA,80,1024,"unique file bytes received"
272.964,receiver,c41d37dc-ae5f-4578-853a-172e98e003f0,SEND,ACK,80,36,""
272.971,receiver,c41d37dc-ae5f-4578-853a-172e98e003f0,EMIT,ACK,80,36,""
272.977,receiver,c41d37dc-ae5f-4578-853a-172e98e003f0,RECEIVE,DATA,81,1060,""
272.980,receiver,c41d37dc-ae5f-4578-853a-172e98e003f0,OUT_OF_ORDER,DATA,81,0,"arrived before missing sequence=59"
272.983,receiver,c41d37dc-ae5f-4578-853a-172e98e003f0,ACCEPT_DATA,DATA,81,1024,"unique file bytes received"
272.985,receiver,c41d37dc-ae5f-4578-853a-172e98e003f0,SEND,ACK,81,36,""
272.993,receiver,c41d37dc-ae5f-4578-853a-172e98e003f0,EMIT,ACK,81,36,""
272.999,receiver,c41d37dc-ae5f-4578-853a-172e98e003f0,RECEIVE,DATA,82,1060,""
273.002,receiver,c41d37dc-ae5f-4578-853a-172e98e003f0,OUT_OF_ORDER,DATA,82,0,"arrived before missing sequence=59"
273.004,receiver,c41d37dc-ae5f-4578-853a-172e98e003f0,ACCEPT_DATA,DATA,82,1024,"unique file bytes received"
273.007,receiver,c41d37dc-ae5f-4578-853a-172e98e003f0,SEND,ACK,82,36,""
273.014,receiver,c41d37dc-ae5f-4578-853a-172e98e003f0,EMIT,ACK,82,36,""
273.020,receiver,c41d37dc-ae5f-4578-853a-172e98e003f0,RECEIVE,DATA,83,1060,""
273.023,receiver,c41d37dc-ae5f-4578-853a-172e98e003f0,OUT_OF_ORDER,DATA,83,0,"arrived before missing sequence=59"
273.026,receiver,c41d37dc-ae5f-4578-853a-172e98e003f0,ACCEPT_DATA,DATA,83,1024,"unique file bytes received"
273.029,receiver,c41d37dc-ae5f-4578-853a-172e98e003f0,SEND,ACK,83,36,""
273.037,receiver,c41d37dc-ae5f-4578-853a-172e98e003f0,EMIT,ACK,83,36,""
273.043,receiver,c41d37dc-ae5f-4578-853a-172e98e003f0,RECEIVE,DATA,84,1060,""
273.046,receiver,c41d37dc-ae5f-4578-853a-172e98e003f0,OUT_OF_ORDER,DATA,84,0,"arrived before missing sequence=59"
273.049,receiver,c41d37dc-ae5f-4578-853a-172e98e003f0,ACCEPT_DATA,DATA,84,1024,"unique file bytes received"
273.051,receiver,c41d37dc-ae5f-4578-853a-172e98e003f0,SEND,ACK,84,36,""
273.060,receiver,c41d37dc-ae5f-4578-853a-172e98e003f0,EMIT,ACK,84,36,""
273.066,receiver,c41d37dc-ae5f-4578-853a-172e98e003f0,RECEIVE,DATA,85,1060,""
273.069,receiver,c41d37dc-ae5f-4578-853a-172e98e003f0,OUT_OF_ORDER,DATA,85,0,"arrived before missing sequence=59"
273.072,receiver,c41d37dc-ae5f-4578-853a-172e98e003f0,ACCEPT_DATA,DATA,85,1024,"unique file bytes received"
273.074,receiver,c41d37dc-ae5f-4578-853a-172e98e003f0,SEND,ACK,85,36,""
273.082,receiver,c41d37dc-ae5f-4578-853a-172e98e003f0,EMIT,ACK,85,36,""
273.088,receiver,c41d37dc-ae5f-4578-853a-172e98e003f0,RECEIVE,DATA,86,1060,""
273.091,receiver,c41d37dc-ae5f-4578-853a-172e98e003f0,OUT_OF_ORDER,DATA,86,0,"arrived before missing sequence=59"
273.093,receiver,c41d37dc-ae5f-4578-853a-172e98e003f0,ACCEPT_DATA,DATA,86,1024,"unique file bytes received"
273.096,receiver,c41d37dc-ae5f-4578-853a-172e98e003f0,SEND,ACK,86,36,""
273.104,receiver,c41d37dc-ae5f-4578-853a-172e98e003f0,EMIT,ACK,86,36,""
273.110,receiver,c41d37dc-ae5f-4578-853a-172e98e003f0,RECEIVE,DATA,87,1060,""
273.113,receiver,c41d37dc-ae5f-4578-853a-172e98e003f0,OUT_OF_ORDER,DATA,87,0,"arrived before missing sequence=59"
273.116,receiver,c41d37dc-ae5f-4578-853a-172e98e003f0,ACCEPT_DATA,DATA,87,1024,"unique file bytes received"
273.118,receiver,c41d37dc-ae5f-4578-853a-172e98e003f0,SEND,ACK,87,36,""
273.126,receiver,c41d37dc-ae5f-4578-853a-172e98e003f0,EMIT,ACK,87,36,""
273.171,receiver,c41d37dc-ae5f-4578-853a-172e98e003f0,RECEIVE,DATA,88,1060,""
273.174,receiver,c41d37dc-ae5f-4578-853a-172e98e003f0,OUT_OF_ORDER,DATA,88,0,"arrived before missing sequence=59"
273.181,receiver,c41d37dc-ae5f-4578-853a-172e98e003f0,ACCEPT_DATA,DATA,88,1024,"unique file bytes received"
273.183,receiver,c41d37dc-ae5f-4578-853a-172e98e003f0,SEND,ACK,88,36,""
273.199,receiver,c41d37dc-ae5f-4578-853a-172e98e003f0,EMIT,ACK,88,36,""
273.206,receiver,c41d37dc-ae5f-4578-853a-172e98e003f0,RECEIVE,DATA,89,1060,""
273.210,receiver,c41d37dc-ae5f-4578-853a-172e98e003f0,OUT_OF_ORDER,DATA,89,0,"arrived before missing sequence=59"
273.212,receiver,c41d37dc-ae5f-4578-853a-172e98e003f0,ACCEPT_DATA,DATA,89,1024,"unique file bytes received"
273.215,receiver,c41d37dc-ae5f-4578-853a-172e98e003f0,SEND,ACK,89,36,""
273.223,receiver,c41d37dc-ae5f-4578-853a-172e98e003f0,EMIT,ACK,89,36,""
273.229,receiver,c41d37dc-ae5f-4578-853a-172e98e003f0,RECEIVE,DATA,90,1060,""
273.233,receiver,c41d37dc-ae5f-4578-853a-172e98e003f0,OUT_OF_ORDER,DATA,90,0,"arrived before missing sequence=59"
273.235,receiver,c41d37dc-ae5f-4578-853a-172e98e003f0,ACCEPT_DATA,DATA,90,1024,"unique file bytes received"
273.238,receiver,c41d37dc-ae5f-4578-853a-172e98e003f0,SEND,ACK,90,36,""
273.246,receiver,c41d37dc-ae5f-4578-853a-172e98e003f0,EMIT,ACK,90,36,""
524.241,receiver,c41d37dc-ae5f-4578-853a-172e98e003f0,RECEIVE,DATA,59,1060,""
524.257,receiver,c41d37dc-ae5f-4578-853a-172e98e003f0,ACCEPT_DATA,DATA,59,1024,"unique file bytes received"
524.261,receiver,c41d37dc-ae5f-4578-853a-172e98e003f0,SEND,ACK,59,36,""
524.300,receiver,c41d37dc-ae5f-4578-853a-172e98e003f0,EMIT,ACK,59,36,""
524.314,receiver,c41d37dc-ae5f-4578-853a-172e98e003f0,RECEIVE,DATA,79,1060,""
524.318,receiver,c41d37dc-ae5f-4578-853a-172e98e003f0,ACCEPT_DATA,DATA,79,1024,"unique file bytes received"
524.321,receiver,c41d37dc-ae5f-4578-853a-172e98e003f0,SEND,ACK,79,36,""
524.329,receiver,c41d37dc-ae5f-4578-853a-172e98e003f0,EMIT,ACK,79,36,""
524.571,receiver,c41d37dc-ae5f-4578-853a-172e98e003f0,RECEIVE,DATA,91,1060,""
524.586,receiver,c41d37dc-ae5f-4578-853a-172e98e003f0,ACCEPT_DATA,DATA,91,1024,"unique file bytes received"
524.590,receiver,c41d37dc-ae5f-4578-853a-172e98e003f0,SEND,ACK,91,36,""
524.630,receiver,c41d37dc-ae5f-4578-853a-172e98e003f0,EMIT,ACK,91,36,""
524.645,receiver,c41d37dc-ae5f-4578-853a-172e98e003f0,RECEIVE,DATA,92,1060,""
524.648,receiver,c41d37dc-ae5f-4578-853a-172e98e003f0,ACCEPT_DATA,DATA,92,1024,"unique file bytes received"
524.651,receiver,c41d37dc-ae5f-4578-853a-172e98e003f0,SEND,ACK,92,36,""
524.660,receiver,c41d37dc-ae5f-4578-853a-172e98e003f0,EMIT,ACK,92,36,""
524.666,receiver,c41d37dc-ae5f-4578-853a-172e98e003f0,RECEIVE,DATA,93,1060,""
524.670,receiver,c41d37dc-ae5f-4578-853a-172e98e003f0,ACCEPT_DATA,DATA,93,1024,"unique file bytes received"
524.672,receiver,c41d37dc-ae5f-4578-853a-172e98e003f0,SEND,ACK,93,36,""
524.681,receiver,c41d37dc-ae5f-4578-853a-172e98e003f0,EMIT,ACK,93,36,""
524.687,receiver,c41d37dc-ae5f-4578-853a-172e98e003f0,RECEIVE,DATA,94,1060,""
524.690,receiver,c41d37dc-ae5f-4578-853a-172e98e003f0,ACCEPT_DATA,DATA,94,1024,"unique file bytes received"
524.692,receiver,c41d37dc-ae5f-4578-853a-172e98e003f0,SEND,ACK,94,36,""
524.701,receiver,c41d37dc-ae5f-4578-853a-172e98e003f0,EMIT,ACK,94,36,""
524.707,receiver,c41d37dc-ae5f-4578-853a-172e98e003f0,RECEIVE,DATA,95,1060,""
524.710,receiver,c41d37dc-ae5f-4578-853a-172e98e003f0,ACCEPT_DATA,DATA,95,1024,"unique file bytes received"
524.712,receiver,c41d37dc-ae5f-4578-853a-172e98e003f0,SEND,ACK,95,36,""
524.721,receiver,c41d37dc-ae5f-4578-853a-172e98e003f0,EMIT,ACK,95,36,""
524.726,receiver,c41d37dc-ae5f-4578-853a-172e98e003f0,RECEIVE,DATA,96,1060,""
524.729,receiver,c41d37dc-ae5f-4578-853a-172e98e003f0,ACCEPT_DATA,DATA,96,1024,"unique file bytes received"
524.732,receiver,c41d37dc-ae5f-4578-853a-172e98e003f0,SEND,ACK,96,36,""
524.740,receiver,c41d37dc-ae5f-4578-853a-172e98e003f0,EMIT,ACK,96,36,""
524.745,receiver,c41d37dc-ae5f-4578-853a-172e98e003f0,RECEIVE,DATA,97,1060,""
524.748,receiver,c41d37dc-ae5f-4578-853a-172e98e003f0,ACCEPT_DATA,DATA,97,1024,"unique file bytes received"
524.751,receiver,c41d37dc-ae5f-4578-853a-172e98e003f0,SEND,ACK,97,36,""
524.758,receiver,c41d37dc-ae5f-4578-853a-172e98e003f0,EMIT,ACK,97,36,""
524.763,receiver,c41d37dc-ae5f-4578-853a-172e98e003f0,RECEIVE,DATA,98,1060,""
524.859,receiver,c41d37dc-ae5f-4578-853a-172e98e003f0,ACCEPT_DATA,DATA,98,1024,"unique file bytes received"
524.862,receiver,c41d37dc-ae5f-4578-853a-172e98e003f0,SEND,ACK,98,36,""
524.873,receiver,c41d37dc-ae5f-4578-853a-172e98e003f0,EMIT,ACK,98,36,""
524.880,receiver,c41d37dc-ae5f-4578-853a-172e98e003f0,RECEIVE,DATA,99,1060,""
524.882,receiver,c41d37dc-ae5f-4578-853a-172e98e003f0,ACCEPT_DATA,DATA,99,1024,"unique file bytes received"
524.885,receiver,c41d37dc-ae5f-4578-853a-172e98e003f0,SEND,ACK,99,36,""
524.894,receiver,c41d37dc-ae5f-4578-853a-172e98e003f0,EMIT,ACK,99,36,""
524.899,receiver,c41d37dc-ae5f-4578-853a-172e98e003f0,RECEIVE,DATA,100,1060,""
524.903,receiver,c41d37dc-ae5f-4578-853a-172e98e003f0,ACCEPT_DATA,DATA,100,1024,"unique file bytes received"
524.905,receiver,c41d37dc-ae5f-4578-853a-172e98e003f0,SEND,ACK,100,36,""
524.914,receiver,c41d37dc-ae5f-4578-853a-172e98e003f0,EMIT,ACK,100,36,""
524.920,receiver,c41d37dc-ae5f-4578-853a-172e98e003f0,RECEIVE,DATA,101,1060,""
524.923,receiver,c41d37dc-ae5f-4578-853a-172e98e003f0,ACCEPT_DATA,DATA,101,1024,"unique file bytes received"
524.925,receiver,c41d37dc-ae5f-4578-853a-172e98e003f0,SEND,ACK,101,36,""
524.934,receiver,c41d37dc-ae5f-4578-853a-172e98e003f0,EMIT,ACK,101,36,""
524.940,receiver,c41d37dc-ae5f-4578-853a-172e98e003f0,RECEIVE,DATA,102,1060,""
524.943,receiver,c41d37dc-ae5f-4578-853a-172e98e003f0,ACCEPT_DATA,DATA,102,1024,"unique file bytes received"
524.945,receiver,c41d37dc-ae5f-4578-853a-172e98e003f0,SEND,ACK,102,36,""
524.948,receiver,c41d37dc-ae5f-4578-853a-172e98e003f0,DROP,ACK,102,36,"random shim loss"
524.953,receiver,c41d37dc-ae5f-4578-853a-172e98e003f0,RECEIVE,DATA,103,1060,""
524.956,receiver,c41d37dc-ae5f-4578-853a-172e98e003f0,ACCEPT_DATA,DATA,103,1024,"unique file bytes received"
524.959,receiver,c41d37dc-ae5f-4578-853a-172e98e003f0,SEND,ACK,103,36,""
524.967,receiver,c41d37dc-ae5f-4578-853a-172e98e003f0,EMIT,ACK,103,36,""
524.972,receiver,c41d37dc-ae5f-4578-853a-172e98e003f0,RECEIVE,DATA,104,1060,""
524.975,receiver,c41d37dc-ae5f-4578-853a-172e98e003f0,ACCEPT_DATA,DATA,104,1024,"unique file bytes received"
524.978,receiver,c41d37dc-ae5f-4578-853a-172e98e003f0,SEND,ACK,104,36,""
524.985,receiver,c41d37dc-ae5f-4578-853a-172e98e003f0,EMIT,ACK,104,36,""
524.990,receiver,c41d37dc-ae5f-4578-853a-172e98e003f0,RECEIVE,DATA,105,1060,""
524.993,receiver,c41d37dc-ae5f-4578-853a-172e98e003f0,ACCEPT_DATA,DATA,105,1024,"unique file bytes received"
524.996,receiver,c41d37dc-ae5f-4578-853a-172e98e003f0,SEND,ACK,105,36,""
525.004,receiver,c41d37dc-ae5f-4578-853a-172e98e003f0,EMIT,ACK,105,36,""
525.009,receiver,c41d37dc-ae5f-4578-853a-172e98e003f0,RECEIVE,DATA,106,1060,""
525.016,receiver,c41d37dc-ae5f-4578-853a-172e98e003f0,ACCEPT_DATA,DATA,106,1024,"unique file bytes received"
525.019,receiver,c41d37dc-ae5f-4578-853a-172e98e003f0,SEND,ACK,106,36,""
525.026,receiver,c41d37dc-ae5f-4578-853a-172e98e003f0,EMIT,ACK,106,36,""
525.032,receiver,c41d37dc-ae5f-4578-853a-172e98e003f0,RECEIVE,DATA,107,1060,""
525.035,receiver,c41d37dc-ae5f-4578-853a-172e98e003f0,ACCEPT_DATA,DATA,107,1024,"unique file bytes received"
525.037,receiver,c41d37dc-ae5f-4578-853a-172e98e003f0,SEND,ACK,107,36,""
525.046,receiver,c41d37dc-ae5f-4578-853a-172e98e003f0,EMIT,ACK,107,36,""
525.051,receiver,c41d37dc-ae5f-4578-853a-172e98e003f0,RECEIVE,DATA,108,1060,""
525.054,receiver,c41d37dc-ae5f-4578-853a-172e98e003f0,ACCEPT_DATA,DATA,108,1024,"unique file bytes received"
525.057,receiver,c41d37dc-ae5f-4578-853a-172e98e003f0,SEND,ACK,108,36,""
525.064,receiver,c41d37dc-ae5f-4578-853a-172e98e003f0,EMIT,ACK,108,36,""
525.070,receiver,c41d37dc-ae5f-4578-853a-172e98e003f0,RECEIVE,DATA,109,1060,""
525.073,receiver,c41d37dc-ae5f-4578-853a-172e98e003f0,ACCEPT_DATA,DATA,109,1024,"unique file bytes received"
525.076,receiver,c41d37dc-ae5f-4578-853a-172e98e003f0,SEND,ACK,109,36,""
525.084,receiver,c41d37dc-ae5f-4578-853a-172e98e003f0,EMIT,ACK,109,36,""
525.089,receiver,c41d37dc-ae5f-4578-853a-172e98e003f0,RECEIVE,DATA,110,1060,""
525.092,receiver,c41d37dc-ae5f-4578-853a-172e98e003f0,ACCEPT_DATA,DATA,110,1024,"unique file bytes received"
525.095,receiver,c41d37dc-ae5f-4578-853a-172e98e003f0,SEND,ACK,110,36,""
525.103,receiver,c41d37dc-ae5f-4578-853a-172e98e003f0,EMIT,ACK,110,36,""
525.109,receiver,c41d37dc-ae5f-4578-853a-172e98e003f0,RECEIVE,DATA,111,1060,""
525.112,receiver,c41d37dc-ae5f-4578-853a-172e98e003f0,ACCEPT_DATA,DATA,111,1024,"unique file bytes received"
525.114,receiver,c41d37dc-ae5f-4578-853a-172e98e003f0,SEND,ACK,111,36,""
525.122,receiver,c41d37dc-ae5f-4578-853a-172e98e003f0,EMIT,ACK,111,36,""
525.128,receiver,c41d37dc-ae5f-4578-853a-172e98e003f0,RECEIVE,DATA,112,1060,""
525.131,receiver,c41d37dc-ae5f-4578-853a-172e98e003f0,ACCEPT_DATA,DATA,112,1024,"unique file bytes received"
525.133,receiver,c41d37dc-ae5f-4578-853a-172e98e003f0,SEND,ACK,112,36,""
525.142,receiver,c41d37dc-ae5f-4578-853a-172e98e003f0,EMIT,ACK,112,36,""
525.147,receiver,c41d37dc-ae5f-4578-853a-172e98e003f0,RECEIVE,DATA,113,1060,""
525.150,receiver,c41d37dc-ae5f-4578-853a-172e98e003f0,ACCEPT_DATA,DATA,113,1024,"unique file bytes received"
525.153,receiver,c41d37dc-ae5f-4578-853a-172e98e003f0,SEND,ACK,113,36,""
525.160,receiver,c41d37dc-ae5f-4578-853a-172e98e003f0,EMIT,ACK,113,36,""
525.166,receiver,c41d37dc-ae5f-4578-853a-172e98e003f0,RECEIVE,DATA,114,1060,""
525.169,receiver,c41d37dc-ae5f-4578-853a-172e98e003f0,ACCEPT_DATA,DATA,114,1024,"unique file bytes received"
525.171,receiver,c41d37dc-ae5f-4578-853a-172e98e003f0,SEND,ACK,114,36,""
525.179,receiver,c41d37dc-ae5f-4578-853a-172e98e003f0,EMIT,ACK,114,36,""
525.184,receiver,c41d37dc-ae5f-4578-853a-172e98e003f0,RECEIVE,DATA,115,1060,""
525.187,receiver,c41d37dc-ae5f-4578-853a-172e98e003f0,ACCEPT_DATA,DATA,115,1024,"unique file bytes received"
525.190,receiver,c41d37dc-ae5f-4578-853a-172e98e003f0,SEND,ACK,115,36,""
525.198,receiver,c41d37dc-ae5f-4578-853a-172e98e003f0,EMIT,ACK,115,36,""
525.204,receiver,c41d37dc-ae5f-4578-853a-172e98e003f0,RECEIVE,DATA,116,1060,""
525.207,receiver,c41d37dc-ae5f-4578-853a-172e98e003f0,ACCEPT_DATA,DATA,116,1024,"unique file bytes received"
525.209,receiver,c41d37dc-ae5f-4578-853a-172e98e003f0,SEND,ACK,116,36,""
525.217,receiver,c41d37dc-ae5f-4578-853a-172e98e003f0,EMIT,ACK,116,36,""
525.223,receiver,c41d37dc-ae5f-4578-853a-172e98e003f0,RECEIVE,DATA,117,1060,""
525.226,receiver,c41d37dc-ae5f-4578-853a-172e98e003f0,ACCEPT_DATA,DATA,117,1024,"unique file bytes received"
525.228,receiver,c41d37dc-ae5f-4578-853a-172e98e003f0,SEND,ACK,117,36,""
525.235,receiver,c41d37dc-ae5f-4578-853a-172e98e003f0,EMIT,ACK,117,36,""
525.241,receiver,c41d37dc-ae5f-4578-853a-172e98e003f0,RECEIVE,DATA,118,1060,""
525.244,receiver,c41d37dc-ae5f-4578-853a-172e98e003f0,ACCEPT_DATA,DATA,118,1024,"unique file bytes received"
525.246,receiver,c41d37dc-ae5f-4578-853a-172e98e003f0,SEND,ACK,118,36,""
525.249,receiver,c41d37dc-ae5f-4578-853a-172e98e003f0,DROP,ACK,118,36,"random shim loss"
525.254,receiver,c41d37dc-ae5f-4578-853a-172e98e003f0,RECEIVE,DATA,119,1060,""
525.257,receiver,c41d37dc-ae5f-4578-853a-172e98e003f0,ACCEPT_DATA,DATA,119,1024,"unique file bytes received"
525.259,receiver,c41d37dc-ae5f-4578-853a-172e98e003f0,SEND,ACK,119,36,""
525.267,receiver,c41d37dc-ae5f-4578-853a-172e98e003f0,EMIT,ACK,119,36,""
525.272,receiver,c41d37dc-ae5f-4578-853a-172e98e003f0,RECEIVE,DATA,120,1060,""
525.275,receiver,c41d37dc-ae5f-4578-853a-172e98e003f0,ACCEPT_DATA,DATA,120,1024,"unique file bytes received"
525.278,receiver,c41d37dc-ae5f-4578-853a-172e98e003f0,SEND,ACK,120,36,""
525.285,receiver,c41d37dc-ae5f-4578-853a-172e98e003f0,EMIT,ACK,120,36,""
525.290,receiver,c41d37dc-ae5f-4578-853a-172e98e003f0,RECEIVE,DATA,121,1060,""
525.293,receiver,c41d37dc-ae5f-4578-853a-172e98e003f0,ACCEPT_DATA,DATA,121,1024,"unique file bytes received"
525.296,receiver,c41d37dc-ae5f-4578-853a-172e98e003f0,SEND,ACK,121,36,""
525.303,receiver,c41d37dc-ae5f-4578-853a-172e98e003f0,EMIT,ACK,121,36,""
525.308,receiver,c41d37dc-ae5f-4578-853a-172e98e003f0,RECEIVE,DATA,122,1060,""
525.323,receiver,c41d37dc-ae5f-4578-853a-172e98e003f0,ACCEPT_DATA,DATA,122,1024,"unique file bytes received"
525.326,receiver,c41d37dc-ae5f-4578-853a-172e98e003f0,SEND,ACK,122,36,""
525.333,receiver,c41d37dc-ae5f-4578-853a-172e98e003f0,EMIT,ACK,122,36,""
525.339,receiver,c41d37dc-ae5f-4578-853a-172e98e003f0,RECEIVE,DATA,123,1060,""
525.342,receiver,c41d37dc-ae5f-4578-853a-172e98e003f0,ACCEPT_DATA,DATA,123,1024,"unique file bytes received"
525.344,receiver,c41d37dc-ae5f-4578-853a-172e98e003f0,SEND,ACK,123,36,""
525.351,receiver,c41d37dc-ae5f-4578-853a-172e98e003f0,EMIT,ACK,123,36,""
525.357,receiver,c41d37dc-ae5f-4578-853a-172e98e003f0,RECEIVE,DATA,124,1060,""
525.360,receiver,c41d37dc-ae5f-4578-853a-172e98e003f0,ACCEPT_DATA,DATA,124,1024,"unique file bytes received"
525.363,receiver,c41d37dc-ae5f-4578-853a-172e98e003f0,SEND,ACK,124,36,""
525.370,receiver,c41d37dc-ae5f-4578-853a-172e98e003f0,EMIT,ACK,124,36,""
525.376,receiver,c41d37dc-ae5f-4578-853a-172e98e003f0,RECEIVE,DATA,125,1060,""
525.379,receiver,c41d37dc-ae5f-4578-853a-172e98e003f0,ACCEPT_DATA,DATA,125,1024,"unique file bytes received"
525.382,receiver,c41d37dc-ae5f-4578-853a-172e98e003f0,SEND,ACK,125,36,""
525.389,receiver,c41d37dc-ae5f-4578-853a-172e98e003f0,EMIT,ACK,125,36,""
525.395,receiver,c41d37dc-ae5f-4578-853a-172e98e003f0,RECEIVE,DATA,126,1060,""
525.398,receiver,c41d37dc-ae5f-4578-853a-172e98e003f0,ACCEPT_DATA,DATA,126,1024,"unique file bytes received"
525.400,receiver,c41d37dc-ae5f-4578-853a-172e98e003f0,SEND,ACK,126,36,""
525.407,receiver,c41d37dc-ae5f-4578-853a-172e98e003f0,EMIT,ACK,126,36,""
525.413,receiver,c41d37dc-ae5f-4578-853a-172e98e003f0,RECEIVE,DATA,127,1060,""
525.417,receiver,c41d37dc-ae5f-4578-853a-172e98e003f0,ACCEPT_DATA,DATA,127,1024,"unique file bytes received"
525.419,receiver,c41d37dc-ae5f-4578-853a-172e98e003f0,SEND,ACK,127,36,""
525.427,receiver,c41d37dc-ae5f-4578-853a-172e98e003f0,EMIT,ACK,127,36,""
525.432,receiver,c41d37dc-ae5f-4578-853a-172e98e003f0,RECEIVE,DATA,128,1060,""
525.435,receiver,c41d37dc-ae5f-4578-853a-172e98e003f0,ACCEPT_DATA,DATA,128,1024,"unique file bytes received"
525.438,receiver,c41d37dc-ae5f-4578-853a-172e98e003f0,SEND,ACK,128,36,""
525.445,receiver,c41d37dc-ae5f-4578-853a-172e98e003f0,EMIT,ACK,128,36,""
525.451,receiver,c41d37dc-ae5f-4578-853a-172e98e003f0,RECEIVE,DATA,129,1060,""
525.454,receiver,c41d37dc-ae5f-4578-853a-172e98e003f0,ACCEPT_DATA,DATA,129,1024,"unique file bytes received"
525.456,receiver,c41d37dc-ae5f-4578-853a-172e98e003f0,SEND,ACK,129,36,""
525.463,receiver,c41d37dc-ae5f-4578-853a-172e98e003f0,EMIT,ACK,129,36,""
525.469,receiver,c41d37dc-ae5f-4578-853a-172e98e003f0,RECEIVE,DATA,130,1060,""
525.472,receiver,c41d37dc-ae5f-4578-853a-172e98e003f0,ACCEPT_DATA,DATA,130,1024,"unique file bytes received"
525.475,receiver,c41d37dc-ae5f-4578-853a-172e98e003f0,SEND,ACK,130,36,""
525.482,receiver,c41d37dc-ae5f-4578-853a-172e98e003f0,EMIT,ACK,130,36,""
525.487,receiver,c41d37dc-ae5f-4578-853a-172e98e003f0,RECEIVE,DATA,131,1060,""
525.490,receiver,c41d37dc-ae5f-4578-853a-172e98e003f0,ACCEPT_DATA,DATA,131,1024,"unique file bytes received"
525.493,receiver,c41d37dc-ae5f-4578-853a-172e98e003f0,SEND,ACK,131,36,""
525.500,receiver,c41d37dc-ae5f-4578-853a-172e98e003f0,EMIT,ACK,131,36,""
525.506,receiver,c41d37dc-ae5f-4578-853a-172e98e003f0,RECEIVE,DATA,132,1060,""
525.509,receiver,c41d37dc-ae5f-4578-853a-172e98e003f0,ACCEPT_DATA,DATA,132,1024,"unique file bytes received"
525.511,receiver,c41d37dc-ae5f-4578-853a-172e98e003f0,SEND,ACK,132,36,""
525.518,receiver,c41d37dc-ae5f-4578-853a-172e98e003f0,EMIT,ACK,132,36,""
525.524,receiver,c41d37dc-ae5f-4578-853a-172e98e003f0,RECEIVE,DATA,133,1060,""
525.527,receiver,c41d37dc-ae5f-4578-853a-172e98e003f0,ACCEPT_DATA,DATA,133,1024,"unique file bytes received"
525.529,receiver,c41d37dc-ae5f-4578-853a-172e98e003f0,SEND,ACK,133,36,""
525.537,receiver,c41d37dc-ae5f-4578-853a-172e98e003f0,EMIT,ACK,133,36,""
777.057,receiver,c41d37dc-ae5f-4578-853a-172e98e003f0,RECEIVE,DATA,102,1060,""
777.071,receiver,c41d37dc-ae5f-4578-853a-172e98e003f0,DUPLICATE,DATA,102,0,"duplicate DATA; acknowledge without writing twice"
777.075,receiver,c41d37dc-ae5f-4578-853a-172e98e003f0,SEND,ACK,102,36,""
777.128,receiver,c41d37dc-ae5f-4578-853a-172e98e003f0,EMIT,ACK,102,36,""
777.148,receiver,c41d37dc-ae5f-4578-853a-172e98e003f0,RECEIVE,DATA,118,1060,""
777.152,receiver,c41d37dc-ae5f-4578-853a-172e98e003f0,DUPLICATE,DATA,118,0,"duplicate DATA; acknowledge without writing twice"
777.154,receiver,c41d37dc-ae5f-4578-853a-172e98e003f0,SEND,ACK,118,36,""
777.163,receiver,c41d37dc-ae5f-4578-853a-172e98e003f0,EMIT,ACK,118,36,""
777.319,receiver,c41d37dc-ae5f-4578-853a-172e98e003f0,RECEIVE,DATA,134,1060,""
777.332,receiver,c41d37dc-ae5f-4578-853a-172e98e003f0,ACCEPT_DATA,DATA,134,1024,"unique file bytes received"
777.335,receiver,c41d37dc-ae5f-4578-853a-172e98e003f0,SEND,ACK,134,36,""
777.367,receiver,c41d37dc-ae5f-4578-853a-172e98e003f0,EMIT,ACK,134,36,""
777.379,receiver,c41d37dc-ae5f-4578-853a-172e98e003f0,RECEIVE,DATA,135,1060,""
777.383,receiver,c41d37dc-ae5f-4578-853a-172e98e003f0,ACCEPT_DATA,DATA,135,1024,"unique file bytes received"
777.385,receiver,c41d37dc-ae5f-4578-853a-172e98e003f0,SEND,ACK,135,36,""
777.394,receiver,c41d37dc-ae5f-4578-853a-172e98e003f0,EMIT,ACK,135,36,""
777.400,receiver,c41d37dc-ae5f-4578-853a-172e98e003f0,RECEIVE,DATA,136,1060,""
777.403,receiver,c41d37dc-ae5f-4578-853a-172e98e003f0,ACCEPT_DATA,DATA,136,1024,"unique file bytes received"
777.406,receiver,c41d37dc-ae5f-4578-853a-172e98e003f0,SEND,ACK,136,36,""
777.415,receiver,c41d37dc-ae5f-4578-853a-172e98e003f0,EMIT,ACK,136,36,""
777.420,receiver,c41d37dc-ae5f-4578-853a-172e98e003f0,RECEIVE,DATA,137,1060,""
777.423,receiver,c41d37dc-ae5f-4578-853a-172e98e003f0,ACCEPT_DATA,DATA,137,1024,"unique file bytes received"
777.425,receiver,c41d37dc-ae5f-4578-853a-172e98e003f0,SEND,ACK,137,36,""
777.433,receiver,c41d37dc-ae5f-4578-853a-172e98e003f0,EMIT,ACK,137,36,""
777.438,receiver,c41d37dc-ae5f-4578-853a-172e98e003f0,RECEIVE,DATA,138,1060,""
777.441,receiver,c41d37dc-ae5f-4578-853a-172e98e003f0,ACCEPT_DATA,DATA,138,1024,"unique file bytes received"
777.444,receiver,c41d37dc-ae5f-4578-853a-172e98e003f0,SEND,ACK,138,36,""
777.452,receiver,c41d37dc-ae5f-4578-853a-172e98e003f0,EMIT,ACK,138,36,""
777.458,receiver,c41d37dc-ae5f-4578-853a-172e98e003f0,RECEIVE,DATA,139,1060,""
777.461,receiver,c41d37dc-ae5f-4578-853a-172e98e003f0,ACCEPT_DATA,DATA,139,1024,"unique file bytes received"
777.463,receiver,c41d37dc-ae5f-4578-853a-172e98e003f0,SEND,ACK,139,36,""
777.471,receiver,c41d37dc-ae5f-4578-853a-172e98e003f0,EMIT,ACK,139,36,""
777.477,receiver,c41d37dc-ae5f-4578-853a-172e98e003f0,RECEIVE,DATA,140,1060,""
777.480,receiver,c41d37dc-ae5f-4578-853a-172e98e003f0,ACCEPT_DATA,DATA,140,1024,"unique file bytes received"
777.482,receiver,c41d37dc-ae5f-4578-853a-172e98e003f0,SEND,ACK,140,36,""
777.499,receiver,c41d37dc-ae5f-4578-853a-172e98e003f0,EMIT,ACK,140,36,""
777.505,receiver,c41d37dc-ae5f-4578-853a-172e98e003f0,RECEIVE,DATA,141,1060,""
777.508,receiver,c41d37dc-ae5f-4578-853a-172e98e003f0,ACCEPT_DATA,DATA,141,1024,"unique file bytes received"
777.510,receiver,c41d37dc-ae5f-4578-853a-172e98e003f0,SEND,ACK,141,36,""
777.519,receiver,c41d37dc-ae5f-4578-853a-172e98e003f0,EMIT,ACK,141,36,""
777.536,receiver,c41d37dc-ae5f-4578-853a-172e98e003f0,RECEIVE,DATA,142,1060,""
777.539,receiver,c41d37dc-ae5f-4578-853a-172e98e003f0,ACCEPT_DATA,DATA,142,1024,"unique file bytes received"
777.541,receiver,c41d37dc-ae5f-4578-853a-172e98e003f0,SEND,ACK,142,36,""
777.550,receiver,c41d37dc-ae5f-4578-853a-172e98e003f0,EMIT,ACK,142,36,""
777.555,receiver,c41d37dc-ae5f-4578-853a-172e98e003f0,RECEIVE,DATA,143,1060,""
777.558,receiver,c41d37dc-ae5f-4578-853a-172e98e003f0,ACCEPT_DATA,DATA,143,1024,"unique file bytes received"
777.561,receiver,c41d37dc-ae5f-4578-853a-172e98e003f0,SEND,ACK,143,36,""
777.568,receiver,c41d37dc-ae5f-4578-853a-172e98e003f0,EMIT,ACK,143,36,""
777.574,receiver,c41d37dc-ae5f-4578-853a-172e98e003f0,RECEIVE,DATA,144,1060,""
777.577,receiver,c41d37dc-ae5f-4578-853a-172e98e003f0,ACCEPT_DATA,DATA,144,1024,"unique file bytes received"
777.621,receiver,c41d37dc-ae5f-4578-853a-172e98e003f0,SEND,ACK,144,36,""
777.630,receiver,c41d37dc-ae5f-4578-853a-172e98e003f0,EMIT,ACK,144,36,""
777.636,receiver,c41d37dc-ae5f-4578-853a-172e98e003f0,RECEIVE,DATA,145,1060,""
777.639,receiver,c41d37dc-ae5f-4578-853a-172e98e003f0,ACCEPT_DATA,DATA,145,1024,"unique file bytes received"
777.641,receiver,c41d37dc-ae5f-4578-853a-172e98e003f0,SEND,ACK,145,36,""
777.652,receiver,c41d37dc-ae5f-4578-853a-172e98e003f0,EMIT,ACK,145,36,""
777.657,receiver,c41d37dc-ae5f-4578-853a-172e98e003f0,RECEIVE,DATA,146,1060,""
777.660,receiver,c41d37dc-ae5f-4578-853a-172e98e003f0,ACCEPT_DATA,DATA,146,1024,"unique file bytes received"
777.663,receiver,c41d37dc-ae5f-4578-853a-172e98e003f0,SEND,ACK,146,36,""
777.671,receiver,c41d37dc-ae5f-4578-853a-172e98e003f0,EMIT,ACK,146,36,""
777.676,receiver,c41d37dc-ae5f-4578-853a-172e98e003f0,RECEIVE,DATA,147,1060,""
777.679,receiver,c41d37dc-ae5f-4578-853a-172e98e003f0,ACCEPT_DATA,DATA,147,1024,"unique file bytes received"
777.681,receiver,c41d37dc-ae5f-4578-853a-172e98e003f0,SEND,ACK,147,36,""
777.688,receiver,c41d37dc-ae5f-4578-853a-172e98e003f0,EMIT,ACK,147,36,""
777.693,receiver,c41d37dc-ae5f-4578-853a-172e98e003f0,RECEIVE,DATA,148,1060,""
777.708,receiver,c41d37dc-ae5f-4578-853a-172e98e003f0,ACCEPT_DATA,DATA,148,1024,"unique file bytes received"
777.711,receiver,c41d37dc-ae5f-4578-853a-172e98e003f0,SEND,ACK,148,36,""
777.718,receiver,c41d37dc-ae5f-4578-853a-172e98e003f0,EMIT,ACK,148,36,""
777.723,receiver,c41d37dc-ae5f-4578-853a-172e98e003f0,RECEIVE,DATA,149,1060,""
777.726,receiver,c41d37dc-ae5f-4578-853a-172e98e003f0,ACCEPT_DATA,DATA,149,1024,"unique file bytes received"
777.733,receiver,c41d37dc-ae5f-4578-853a-172e98e003f0,SEND,ACK,149,36,""
777.741,receiver,c41d37dc-ae5f-4578-853a-172e98e003f0,EMIT,ACK,149,36,""
777.746,receiver,c41d37dc-ae5f-4578-853a-172e98e003f0,RECEIVE,DATA,150,1060,""
777.749,receiver,c41d37dc-ae5f-4578-853a-172e98e003f0,ACCEPT_DATA,DATA,150,1024,"unique file bytes received"
777.752,receiver,c41d37dc-ae5f-4578-853a-172e98e003f0,SEND,ACK,150,36,""
777.759,receiver,c41d37dc-ae5f-4578-853a-172e98e003f0,EMIT,ACK,150,36,""
777.764,receiver,c41d37dc-ae5f-4578-853a-172e98e003f0,RECEIVE,DATA,151,1060,""
777.767,receiver,c41d37dc-ae5f-4578-853a-172e98e003f0,ACCEPT_DATA,DATA,151,1024,"unique file bytes received"
777.769,receiver,c41d37dc-ae5f-4578-853a-172e98e003f0,SEND,ACK,151,36,""
777.777,receiver,c41d37dc-ae5f-4578-853a-172e98e003f0,EMIT,ACK,151,36,""
777.782,receiver,c41d37dc-ae5f-4578-853a-172e98e003f0,RECEIVE,DATA,152,1060,""
777.785,receiver,c41d37dc-ae5f-4578-853a-172e98e003f0,ACCEPT_DATA,DATA,152,1024,"unique file bytes received"
777.788,receiver,c41d37dc-ae5f-4578-853a-172e98e003f0,SEND,ACK,152,36,""
777.796,receiver,c41d37dc-ae5f-4578-853a-172e98e003f0,EMIT,ACK,152,36,""
777.808,receiver,c41d37dc-ae5f-4578-853a-172e98e003f0,RECEIVE,DATA,153,1060,""
777.812,receiver,c41d37dc-ae5f-4578-853a-172e98e003f0,ACCEPT_DATA,DATA,153,1024,"unique file bytes received"
777.814,receiver,c41d37dc-ae5f-4578-853a-172e98e003f0,SEND,ACK,153,36,""
777.822,receiver,c41d37dc-ae5f-4578-853a-172e98e003f0,EMIT,ACK,153,36,""
777.828,receiver,c41d37dc-ae5f-4578-853a-172e98e003f0,RECEIVE,DATA,154,1060,""
777.831,receiver,c41d37dc-ae5f-4578-853a-172e98e003f0,ACCEPT_DATA,DATA,154,1024,"unique file bytes received"
777.833,receiver,c41d37dc-ae5f-4578-853a-172e98e003f0,SEND,ACK,154,36,""
777.841,receiver,c41d37dc-ae5f-4578-853a-172e98e003f0,EMIT,ACK,154,36,""
777.859,receiver,c41d37dc-ae5f-4578-853a-172e98e003f0,RECEIVE,DATA,155,1060,""
777.862,receiver,c41d37dc-ae5f-4578-853a-172e98e003f0,ACCEPT_DATA,DATA,155,1024,"unique file bytes received"
777.865,receiver,c41d37dc-ae5f-4578-853a-172e98e003f0,SEND,ACK,155,36,""
777.874,receiver,c41d37dc-ae5f-4578-853a-172e98e003f0,EMIT,ACK,155,36,""
777.880,receiver,c41d37dc-ae5f-4578-853a-172e98e003f0,RECEIVE,DATA,156,1060,""
777.883,receiver,c41d37dc-ae5f-4578-853a-172e98e003f0,ACCEPT_DATA,DATA,156,1024,"unique file bytes received"
777.885,receiver,c41d37dc-ae5f-4578-853a-172e98e003f0,SEND,ACK,156,36,""
777.893,receiver,c41d37dc-ae5f-4578-853a-172e98e003f0,EMIT,ACK,156,36,""
777.899,receiver,c41d37dc-ae5f-4578-853a-172e98e003f0,RECEIVE,DATA,157,1060,""
777.902,receiver,c41d37dc-ae5f-4578-853a-172e98e003f0,ACCEPT_DATA,DATA,157,1024,"unique file bytes received"
777.904,receiver,c41d37dc-ae5f-4578-853a-172e98e003f0,SEND,ACK,157,36,""
777.924,receiver,c41d37dc-ae5f-4578-853a-172e98e003f0,EMIT,ACK,157,36,""
777.930,receiver,c41d37dc-ae5f-4578-853a-172e98e003f0,RECEIVE,DATA,158,1060,""
777.933,receiver,c41d37dc-ae5f-4578-853a-172e98e003f0,ACCEPT_DATA,DATA,158,1024,"unique file bytes received"
777.935,receiver,c41d37dc-ae5f-4578-853a-172e98e003f0,SEND,ACK,158,36,""
777.944,receiver,c41d37dc-ae5f-4578-853a-172e98e003f0,EMIT,ACK,158,36,""
777.950,receiver,c41d37dc-ae5f-4578-853a-172e98e003f0,RECEIVE,DATA,159,1060,""
777.953,receiver,c41d37dc-ae5f-4578-853a-172e98e003f0,ACCEPT_DATA,DATA,159,1024,"unique file bytes received"
777.955,receiver,c41d37dc-ae5f-4578-853a-172e98e003f0,SEND,ACK,159,36,""
777.958,receiver,c41d37dc-ae5f-4578-853a-172e98e003f0,DROP,ACK,159,36,"random shim loss"
777.968,receiver,c41d37dc-ae5f-4578-853a-172e98e003f0,RECEIVE,DATA,160,1060,""
777.971,receiver,c41d37dc-ae5f-4578-853a-172e98e003f0,ACCEPT_DATA,DATA,160,1024,"unique file bytes received"
777.973,receiver,c41d37dc-ae5f-4578-853a-172e98e003f0,SEND,ACK,160,36,""
777.982,receiver,c41d37dc-ae5f-4578-853a-172e98e003f0,EMIT,ACK,160,36,""
777.987,receiver,c41d37dc-ae5f-4578-853a-172e98e003f0,RECEIVE,DATA,161,1060,""
777.990,receiver,c41d37dc-ae5f-4578-853a-172e98e003f0,ACCEPT_DATA,DATA,161,1024,"unique file bytes received"
777.992,receiver,c41d37dc-ae5f-4578-853a-172e98e003f0,SEND,ACK,161,36,""
778.000,receiver,c41d37dc-ae5f-4578-853a-172e98e003f0,EMIT,ACK,161,36,""
778.005,receiver,c41d37dc-ae5f-4578-853a-172e98e003f0,RECEIVE,DATA,162,1060,""
778.008,receiver,c41d37dc-ae5f-4578-853a-172e98e003f0,ACCEPT_DATA,DATA,162,1024,"unique file bytes received"
778.011,receiver,c41d37dc-ae5f-4578-853a-172e98e003f0,SEND,ACK,162,36,""
778.019,receiver,c41d37dc-ae5f-4578-853a-172e98e003f0,EMIT,ACK,162,36,""
778.024,receiver,c41d37dc-ae5f-4578-853a-172e98e003f0,RECEIVE,DATA,163,1060,""
778.027,receiver,c41d37dc-ae5f-4578-853a-172e98e003f0,ACCEPT_DATA,DATA,163,1024,"unique file bytes received"
778.029,receiver,c41d37dc-ae5f-4578-853a-172e98e003f0,SEND,ACK,163,36,""
778.038,receiver,c41d37dc-ae5f-4578-853a-172e98e003f0,EMIT,ACK,163,36,""
778.043,receiver,c41d37dc-ae5f-4578-853a-172e98e003f0,RECEIVE,DATA,164,1060,""
778.046,receiver,c41d37dc-ae5f-4578-853a-172e98e003f0,ACCEPT_DATA,DATA,164,1024,"unique file bytes received"
778.048,receiver,c41d37dc-ae5f-4578-853a-172e98e003f0,SEND,ACK,164,36,""
778.056,receiver,c41d37dc-ae5f-4578-853a-172e98e003f0,EMIT,ACK,164,36,""
778.061,receiver,c41d37dc-ae5f-4578-853a-172e98e003f0,RECEIVE,DATA,165,1060,""
778.064,receiver,c41d37dc-ae5f-4578-853a-172e98e003f0,ACCEPT_DATA,DATA,165,1024,"unique file bytes received"
778.066,receiver,c41d37dc-ae5f-4578-853a-172e98e003f0,SEND,ACK,165,36,""
778.074,receiver,c41d37dc-ae5f-4578-853a-172e98e003f0,EMIT,ACK,165,36,""
778.079,receiver,c41d37dc-ae5f-4578-853a-172e98e003f0,RECEIVE,DATA,166,1060,""
778.082,receiver,c41d37dc-ae5f-4578-853a-172e98e003f0,ACCEPT_DATA,DATA,166,1024,"unique file bytes received"
778.085,receiver,c41d37dc-ae5f-4578-853a-172e98e003f0,SEND,ACK,166,36,""
778.093,receiver,c41d37dc-ae5f-4578-853a-172e98e003f0,EMIT,ACK,166,36,""
778.098,receiver,c41d37dc-ae5f-4578-853a-172e98e003f0,RECEIVE,DATA,167,1060,""
778.101,receiver,c41d37dc-ae5f-4578-853a-172e98e003f0,ACCEPT_DATA,DATA,167,1024,"unique file bytes received"
778.104,receiver,c41d37dc-ae5f-4578-853a-172e98e003f0,SEND,ACK,167,36,""
778.112,receiver,c41d37dc-ae5f-4578-853a-172e98e003f0,EMIT,ACK,167,36,""
778.117,receiver,c41d37dc-ae5f-4578-853a-172e98e003f0,RECEIVE,DATA,168,1060,""
778.120,receiver,c41d37dc-ae5f-4578-853a-172e98e003f0,ACCEPT_DATA,DATA,168,1024,"unique file bytes received"
778.132,receiver,c41d37dc-ae5f-4578-853a-172e98e003f0,SEND,ACK,168,36,""
778.140,receiver,c41d37dc-ae5f-4578-853a-172e98e003f0,EMIT,ACK,168,36,""
778.146,receiver,c41d37dc-ae5f-4578-853a-172e98e003f0,RECEIVE,DATA,169,1060,""
778.149,receiver,c41d37dc-ae5f-4578-853a-172e98e003f0,ACCEPT_DATA,DATA,169,1024,"unique file bytes received"
778.151,receiver,c41d37dc-ae5f-4578-853a-172e98e003f0,SEND,ACK,169,36,""
778.158,receiver,c41d37dc-ae5f-4578-853a-172e98e003f0,EMIT,ACK,169,36,""
778.163,receiver,c41d37dc-ae5f-4578-853a-172e98e003f0,RECEIVE,DATA,170,1060,""
778.166,receiver,c41d37dc-ae5f-4578-853a-172e98e003f0,ACCEPT_DATA,DATA,170,1024,"unique file bytes received"
778.169,receiver,c41d37dc-ae5f-4578-853a-172e98e003f0,SEND,ACK,170,36,""
778.176,receiver,c41d37dc-ae5f-4578-853a-172e98e003f0,EMIT,ACK,170,36,""
778.181,receiver,c41d37dc-ae5f-4578-853a-172e98e003f0,RECEIVE,DATA,171,1060,""
778.184,receiver,c41d37dc-ae5f-4578-853a-172e98e003f0,ACCEPT_DATA,DATA,171,1024,"unique file bytes received"
778.186,receiver,c41d37dc-ae5f-4578-853a-172e98e003f0,SEND,ACK,171,36,""
778.193,receiver,c41d37dc-ae5f-4578-853a-172e98e003f0,EMIT,ACK,171,36,""
778.198,receiver,c41d37dc-ae5f-4578-853a-172e98e003f0,RECEIVE,DATA,172,1060,""
778.201,receiver,c41d37dc-ae5f-4578-853a-172e98e003f0,ACCEPT_DATA,DATA,172,1024,"unique file bytes received"
778.203,receiver,c41d37dc-ae5f-4578-853a-172e98e003f0,SEND,ACK,172,36,""
778.210,receiver,c41d37dc-ae5f-4578-853a-172e98e003f0,EMIT,ACK,172,36,""
778.216,receiver,c41d37dc-ae5f-4578-853a-172e98e003f0,RECEIVE,DATA,173,1060,""
778.218,receiver,c41d37dc-ae5f-4578-853a-172e98e003f0,ACCEPT_DATA,DATA,173,1024,"unique file bytes received"
778.221,receiver,c41d37dc-ae5f-4578-853a-172e98e003f0,SEND,ACK,173,36,""
778.228,receiver,c41d37dc-ae5f-4578-853a-172e98e003f0,EMIT,ACK,173,36,""
778.233,receiver,c41d37dc-ae5f-4578-853a-172e98e003f0,RECEIVE,DATA,174,1060,""
778.236,receiver,c41d37dc-ae5f-4578-853a-172e98e003f0,ACCEPT_DATA,DATA,174,1024,"unique file bytes received"
778.238,receiver,c41d37dc-ae5f-4578-853a-172e98e003f0,SEND,ACK,174,36,""
778.246,receiver,c41d37dc-ae5f-4578-853a-172e98e003f0,EMIT,ACK,174,36,""
778.252,receiver,c41d37dc-ae5f-4578-853a-172e98e003f0,RECEIVE,DATA,175,1060,""
778.255,receiver,c41d37dc-ae5f-4578-853a-172e98e003f0,ACCEPT_DATA,DATA,175,1024,"unique file bytes received"
778.257,receiver,c41d37dc-ae5f-4578-853a-172e98e003f0,SEND,ACK,175,36,""
778.265,receiver,c41d37dc-ae5f-4578-853a-172e98e003f0,EMIT,ACK,175,36,""
778.271,receiver,c41d37dc-ae5f-4578-853a-172e98e003f0,RECEIVE,DATA,176,1060,""
778.274,receiver,c41d37dc-ae5f-4578-853a-172e98e003f0,ACCEPT_DATA,DATA,176,1024,"unique file bytes received"
778.276,receiver,c41d37dc-ae5f-4578-853a-172e98e003f0,SEND,ACK,176,36,""
778.278,receiver,c41d37dc-ae5f-4578-853a-172e98e003f0,DROP,ACK,176,36,"random shim loss"
778.284,receiver,c41d37dc-ae5f-4578-853a-172e98e003f0,RECEIVE,DATA,177,1060,""
778.286,receiver,c41d37dc-ae5f-4578-853a-172e98e003f0,ACCEPT_DATA,DATA,177,1024,"unique file bytes received"
778.289,receiver,c41d37dc-ae5f-4578-853a-172e98e003f0,SEND,ACK,177,36,""
778.296,receiver,c41d37dc-ae5f-4578-853a-172e98e003f0,EMIT,ACK,177,36,""
778.302,receiver,c41d37dc-ae5f-4578-853a-172e98e003f0,RECEIVE,DATA,178,1060,""
778.304,receiver,c41d37dc-ae5f-4578-853a-172e98e003f0,ACCEPT_DATA,DATA,178,1024,"unique file bytes received"
778.307,receiver,c41d37dc-ae5f-4578-853a-172e98e003f0,SEND,ACK,178,36,""
778.315,receiver,c41d37dc-ae5f-4578-853a-172e98e003f0,EMIT,ACK,178,36,""
778.320,receiver,c41d37dc-ae5f-4578-853a-172e98e003f0,RECEIVE,DATA,179,1060,""
778.323,receiver,c41d37dc-ae5f-4578-853a-172e98e003f0,ACCEPT_DATA,DATA,179,1024,"unique file bytes received"
778.325,receiver,c41d37dc-ae5f-4578-853a-172e98e003f0,SEND,ACK,179,36,""
778.333,receiver,c41d37dc-ae5f-4578-853a-172e98e003f0,EMIT,ACK,179,36,""
778.338,receiver,c41d37dc-ae5f-4578-853a-172e98e003f0,RECEIVE,DATA,180,1060,""
778.341,receiver,c41d37dc-ae5f-4578-853a-172e98e003f0,ACCEPT_DATA,DATA,180,1024,"unique file bytes received"
778.343,receiver,c41d37dc-ae5f-4578-853a-172e98e003f0,SEND,ACK,180,36,""
778.351,receiver,c41d37dc-ae5f-4578-853a-172e98e003f0,EMIT,ACK,180,36,""
778.356,receiver,c41d37dc-ae5f-4578-853a-172e98e003f0,RECEIVE,DATA,181,1060,""
778.359,receiver,c41d37dc-ae5f-4578-853a-172e98e003f0,ACCEPT_DATA,DATA,181,1024,"unique file bytes received"
778.362,receiver,c41d37dc-ae5f-4578-853a-172e98e003f0,SEND,ACK,181,36,""
778.369,receiver,c41d37dc-ae5f-4578-853a-172e98e003f0,EMIT,ACK,181,36,""
778.374,receiver,c41d37dc-ae5f-4578-853a-172e98e003f0,RECEIVE,DATA,182,1060,""
778.377,receiver,c41d37dc-ae5f-4578-853a-172e98e003f0,ACCEPT_DATA,DATA,182,1024,"unique file bytes received"
778.379,receiver,c41d37dc-ae5f-4578-853a-172e98e003f0,SEND,ACK,182,36,""
778.387,receiver,c41d37dc-ae5f-4578-853a-172e98e003f0,EMIT,ACK,182,36,""
778.392,receiver,c41d37dc-ae5f-4578-853a-172e98e003f0,RECEIVE,DATA,183,1060,""
778.395,receiver,c41d37dc-ae5f-4578-853a-172e98e003f0,ACCEPT_DATA,DATA,183,1024,"unique file bytes received"
778.398,receiver,c41d37dc-ae5f-4578-853a-172e98e003f0,SEND,ACK,183,36,""
778.404,receiver,c41d37dc-ae5f-4578-853a-172e98e003f0,EMIT,ACK,183,36,""
778.410,receiver,c41d37dc-ae5f-4578-853a-172e98e003f0,RECEIVE,DATA,184,1060,""
778.413,receiver,c41d37dc-ae5f-4578-853a-172e98e003f0,ACCEPT_DATA,DATA,184,1024,"unique file bytes received"
778.415,receiver,c41d37dc-ae5f-4578-853a-172e98e003f0,SEND,ACK,184,36,""
778.422,receiver,c41d37dc-ae5f-4578-853a-172e98e003f0,EMIT,ACK,184,36,""
778.427,receiver,c41d37dc-ae5f-4578-853a-172e98e003f0,RECEIVE,DATA,185,1060,""
778.430,receiver,c41d37dc-ae5f-4578-853a-172e98e003f0,ACCEPT_DATA,DATA,185,1024,"unique file bytes received"
778.432,receiver,c41d37dc-ae5f-4578-853a-172e98e003f0,SEND,ACK,185,36,""
778.439,receiver,c41d37dc-ae5f-4578-853a-172e98e003f0,EMIT,ACK,185,36,""
778.444,receiver,c41d37dc-ae5f-4578-853a-172e98e003f0,RECEIVE,DATA,186,1060,""
778.447,receiver,c41d37dc-ae5f-4578-853a-172e98e003f0,ACCEPT_DATA,DATA,186,1024,"unique file bytes received"
778.449,receiver,c41d37dc-ae5f-4578-853a-172e98e003f0,SEND,ACK,186,36,""
778.452,receiver,c41d37dc-ae5f-4578-853a-172e98e003f0,DROP,ACK,186,36,"random shim loss"
778.457,receiver,c41d37dc-ae5f-4578-853a-172e98e003f0,RECEIVE,DATA,187,1060,""
778.460,receiver,c41d37dc-ae5f-4578-853a-172e98e003f0,ACCEPT_DATA,DATA,187,1024,"unique file bytes received"
778.463,receiver,c41d37dc-ae5f-4578-853a-172e98e003f0,SEND,ACK,187,36,""
778.470,receiver,c41d37dc-ae5f-4578-853a-172e98e003f0,EMIT,ACK,187,36,""
778.475,receiver,c41d37dc-ae5f-4578-853a-172e98e003f0,RECEIVE,DATA,188,1060,""
778.478,receiver,c41d37dc-ae5f-4578-853a-172e98e003f0,ACCEPT_DATA,DATA,188,1024,"unique file bytes received"
778.480,receiver,c41d37dc-ae5f-4578-853a-172e98e003f0,SEND,ACK,188,36,""
778.487,receiver,c41d37dc-ae5f-4578-853a-172e98e003f0,EMIT,ACK,188,36,""
778.492,receiver,c41d37dc-ae5f-4578-853a-172e98e003f0,RECEIVE,DATA,189,1060,""
778.495,receiver,c41d37dc-ae5f-4578-853a-172e98e003f0,ACCEPT_DATA,DATA,189,1024,"unique file bytes received"
778.498,receiver,c41d37dc-ae5f-4578-853a-172e98e003f0,SEND,ACK,189,36,""
778.505,receiver,c41d37dc-ae5f-4578-853a-172e98e003f0,EMIT,ACK,189,36,""
778.510,receiver,c41d37dc-ae5f-4578-853a-172e98e003f0,RECEIVE,DATA,190,1060,""
778.513,receiver,c41d37dc-ae5f-4578-853a-172e98e003f0,ACCEPT_DATA,DATA,190,1024,"unique file bytes received"
778.515,receiver,c41d37dc-ae5f-4578-853a-172e98e003f0,SEND,ACK,190,36,""
778.522,receiver,c41d37dc-ae5f-4578-853a-172e98e003f0,EMIT,ACK,190,36,""
1029.383,receiver,c41d37dc-ae5f-4578-853a-172e98e003f0,RECEIVE,DATA,159,1060,""
1029.395,receiver,c41d37dc-ae5f-4578-853a-172e98e003f0,DUPLICATE,DATA,159,0,"duplicate DATA; acknowledge without writing twice"
1029.398,receiver,c41d37dc-ae5f-4578-853a-172e98e003f0,SEND,ACK,159,36,""
1029.440,receiver,c41d37dc-ae5f-4578-853a-172e98e003f0,EMIT,ACK,159,36,""
1029.451,receiver,c41d37dc-ae5f-4578-853a-172e98e003f0,RECEIVE,DATA,176,1060,""
1029.454,receiver,c41d37dc-ae5f-4578-853a-172e98e003f0,DUPLICATE,DATA,176,0,"duplicate DATA; acknowledge without writing twice"
1029.520,receiver,c41d37dc-ae5f-4578-853a-172e98e003f0,SEND,ACK,176,36,""
1029.531,receiver,c41d37dc-ae5f-4578-853a-172e98e003f0,EMIT,ACK,176,36,""
1029.537,receiver,c41d37dc-ae5f-4578-853a-172e98e003f0,RECEIVE,DATA,186,1060,""
1029.540,receiver,c41d37dc-ae5f-4578-853a-172e98e003f0,DUPLICATE,DATA,186,0,"duplicate DATA; acknowledge without writing twice"
1029.542,receiver,c41d37dc-ae5f-4578-853a-172e98e003f0,SEND,ACK,186,36,""
1029.549,receiver,c41d37dc-ae5f-4578-853a-172e98e003f0,EMIT,ACK,186,36,""
1029.833,receiver,c41d37dc-ae5f-4578-853a-172e98e003f0,RECEIVE,DATA,191,1060,""
1029.843,receiver,c41d37dc-ae5f-4578-853a-172e98e003f0,ACCEPT_DATA,DATA,191,1024,"unique file bytes received"
1029.847,receiver,c41d37dc-ae5f-4578-853a-172e98e003f0,SEND,ACK,191,36,""
1029.872,receiver,c41d37dc-ae5f-4578-853a-172e98e003f0,EMIT,ACK,191,36,""
1029.882,receiver,c41d37dc-ae5f-4578-853a-172e98e003f0,RECEIVE,DATA,192,1060,""
1029.886,receiver,c41d37dc-ae5f-4578-853a-172e98e003f0,ACCEPT_DATA,DATA,192,1024,"unique file bytes received"
1029.888,receiver,c41d37dc-ae5f-4578-853a-172e98e003f0,SEND,ACK,192,36,""
1029.896,receiver,c41d37dc-ae5f-4578-853a-172e98e003f0,EMIT,ACK,192,36,""
1029.902,receiver,c41d37dc-ae5f-4578-853a-172e98e003f0,RECEIVE,DATA,193,1060,""
1029.905,receiver,c41d37dc-ae5f-4578-853a-172e98e003f0,ACCEPT_DATA,DATA,193,1024,"unique file bytes received"
1029.907,receiver,c41d37dc-ae5f-4578-853a-172e98e003f0,SEND,ACK,193,36,""
1029.915,receiver,c41d37dc-ae5f-4578-853a-172e98e003f0,EMIT,ACK,193,36,""
1029.920,receiver,c41d37dc-ae5f-4578-853a-172e98e003f0,RECEIVE,DATA,195,1060,""
1029.923,receiver,c41d37dc-ae5f-4578-853a-172e98e003f0,OUT_OF_ORDER,DATA,195,0,"arrived before missing sequence=194"
1029.926,receiver,c41d37dc-ae5f-4578-853a-172e98e003f0,ACCEPT_DATA,DATA,195,1024,"unique file bytes received"
1029.928,receiver,c41d37dc-ae5f-4578-853a-172e98e003f0,SEND,ACK,195,36,""
1029.936,receiver,c41d37dc-ae5f-4578-853a-172e98e003f0,EMIT,ACK,195,36,""
1029.941,receiver,c41d37dc-ae5f-4578-853a-172e98e003f0,RECEIVE,DATA,196,1060,""
1029.944,receiver,c41d37dc-ae5f-4578-853a-172e98e003f0,OUT_OF_ORDER,DATA,196,0,"arrived before missing sequence=194"
1029.946,receiver,c41d37dc-ae5f-4578-853a-172e98e003f0,ACCEPT_DATA,DATA,196,1024,"unique file bytes received"
1029.948,receiver,c41d37dc-ae5f-4578-853a-172e98e003f0,SEND,ACK,196,36,""
1029.955,receiver,c41d37dc-ae5f-4578-853a-172e98e003f0,EMIT,ACK,196,36,""
1029.960,receiver,c41d37dc-ae5f-4578-853a-172e98e003f0,RECEIVE,DATA,197,1060,""
1029.963,receiver,c41d37dc-ae5f-4578-853a-172e98e003f0,OUT_OF_ORDER,DATA,197,0,"arrived before missing sequence=194"
1029.965,receiver,c41d37dc-ae5f-4578-853a-172e98e003f0,ACCEPT_DATA,DATA,197,1024,"unique file bytes received"
1029.967,receiver,c41d37dc-ae5f-4578-853a-172e98e003f0,SEND,ACK,197,36,""
1029.975,receiver,c41d37dc-ae5f-4578-853a-172e98e003f0,EMIT,ACK,197,36,""
1029.980,receiver,c41d37dc-ae5f-4578-853a-172e98e003f0,RECEIVE,DATA,198,1060,""
1029.983,receiver,c41d37dc-ae5f-4578-853a-172e98e003f0,OUT_OF_ORDER,DATA,198,0,"arrived before missing sequence=194"
1029.985,receiver,c41d37dc-ae5f-4578-853a-172e98e003f0,ACCEPT_DATA,DATA,198,1024,"unique file bytes received"
1029.987,receiver,c41d37dc-ae5f-4578-853a-172e98e003f0,SEND,ACK,198,36,""
1029.995,receiver,c41d37dc-ae5f-4578-853a-172e98e003f0,EMIT,ACK,198,36,""
1030.000,receiver,c41d37dc-ae5f-4578-853a-172e98e003f0,RECEIVE,DATA,199,1060,""
1030.003,receiver,c41d37dc-ae5f-4578-853a-172e98e003f0,OUT_OF_ORDER,DATA,199,0,"arrived before missing sequence=194"
1030.005,receiver,c41d37dc-ae5f-4578-853a-172e98e003f0,ACCEPT_DATA,DATA,199,1024,"unique file bytes received"
1030.007,receiver,c41d37dc-ae5f-4578-853a-172e98e003f0,SEND,ACK,199,36,""
1030.014,receiver,c41d37dc-ae5f-4578-853a-172e98e003f0,EMIT,ACK,199,36,""
1030.019,receiver,c41d37dc-ae5f-4578-853a-172e98e003f0,RECEIVE,DATA,200,1060,""
1030.022,receiver,c41d37dc-ae5f-4578-853a-172e98e003f0,OUT_OF_ORDER,DATA,200,0,"arrived before missing sequence=194"
1030.024,receiver,c41d37dc-ae5f-4578-853a-172e98e003f0,ACCEPT_DATA,DATA,200,1024,"unique file bytes received"
1030.026,receiver,c41d37dc-ae5f-4578-853a-172e98e003f0,SEND,ACK,200,36,""
1030.033,receiver,c41d37dc-ae5f-4578-853a-172e98e003f0,EMIT,ACK,200,36,""
1030.038,receiver,c41d37dc-ae5f-4578-853a-172e98e003f0,RECEIVE,DATA,201,1060,""
1030.041,receiver,c41d37dc-ae5f-4578-853a-172e98e003f0,OUT_OF_ORDER,DATA,201,0,"arrived before missing sequence=194"
1030.043,receiver,c41d37dc-ae5f-4578-853a-172e98e003f0,ACCEPT_DATA,DATA,201,1024,"unique file bytes received"
1030.046,receiver,c41d37dc-ae5f-4578-853a-172e98e003f0,SEND,ACK,201,36,""
1030.053,receiver,c41d37dc-ae5f-4578-853a-172e98e003f0,EMIT,ACK,201,36,""
1030.058,receiver,c41d37dc-ae5f-4578-853a-172e98e003f0,RECEIVE,DATA,202,1060,""
1030.061,receiver,c41d37dc-ae5f-4578-853a-172e98e003f0,OUT_OF_ORDER,DATA,202,0,"arrived before missing sequence=194"
1030.063,receiver,c41d37dc-ae5f-4578-853a-172e98e003f0,ACCEPT_DATA,DATA,202,1024,"unique file bytes received"
1030.065,receiver,c41d37dc-ae5f-4578-853a-172e98e003f0,SEND,ACK,202,36,""
1030.073,receiver,c41d37dc-ae5f-4578-853a-172e98e003f0,EMIT,ACK,202,36,""
1030.078,receiver,c41d37dc-ae5f-4578-853a-172e98e003f0,RECEIVE,DATA,203,1060,""
1030.080,receiver,c41d37dc-ae5f-4578-853a-172e98e003f0,OUT_OF_ORDER,DATA,203,0,"arrived before missing sequence=194"
1030.083,receiver,c41d37dc-ae5f-4578-853a-172e98e003f0,ACCEPT_DATA,DATA,203,1024,"unique file bytes received"
1030.092,receiver,c41d37dc-ae5f-4578-853a-172e98e003f0,SEND,ACK,203,36,""
1030.098,receiver,c41d37dc-ae5f-4578-853a-172e98e003f0,EMIT,ACK,203,36,""
1030.103,receiver,c41d37dc-ae5f-4578-853a-172e98e003f0,RECEIVE,DATA,204,1060,""
1030.106,receiver,c41d37dc-ae5f-4578-853a-172e98e003f0,OUT_OF_ORDER,DATA,204,0,"arrived before missing sequence=194"
1030.108,receiver,c41d37dc-ae5f-4578-853a-172e98e003f0,ACCEPT_DATA,DATA,204,1024,"unique file bytes received"
1030.110,receiver,c41d37dc-ae5f-4578-853a-172e98e003f0,SEND,ACK,204,36,""
1030.117,receiver,c41d37dc-ae5f-4578-853a-172e98e003f0,EMIT,ACK,204,36,""
1030.122,receiver,c41d37dc-ae5f-4578-853a-172e98e003f0,RECEIVE,DATA,205,1060,""
1030.124,receiver,c41d37dc-ae5f-4578-853a-172e98e003f0,OUT_OF_ORDER,DATA,205,0,"arrived before missing sequence=194"
1030.127,receiver,c41d37dc-ae5f-4578-853a-172e98e003f0,ACCEPT_DATA,DATA,205,1024,"unique file bytes received"
1030.129,receiver,c41d37dc-ae5f-4578-853a-172e98e003f0,SEND,ACK,205,36,""
1030.135,receiver,c41d37dc-ae5f-4578-853a-172e98e003f0,EMIT,ACK,205,36,""
1030.140,receiver,c41d37dc-ae5f-4578-853a-172e98e003f0,RECEIVE,DATA,206,1060,""
1030.143,receiver,c41d37dc-ae5f-4578-853a-172e98e003f0,OUT_OF_ORDER,DATA,206,0,"arrived before missing sequence=194"
1030.145,receiver,c41d37dc-ae5f-4578-853a-172e98e003f0,ACCEPT_DATA,DATA,206,1024,"unique file bytes received"
1030.148,receiver,c41d37dc-ae5f-4578-853a-172e98e003f0,SEND,ACK,206,36,""
1030.154,receiver,c41d37dc-ae5f-4578-853a-172e98e003f0,EMIT,ACK,206,36,""
1030.159,receiver,c41d37dc-ae5f-4578-853a-172e98e003f0,RECEIVE,DATA,207,1060,""
1030.162,receiver,c41d37dc-ae5f-4578-853a-172e98e003f0,OUT_OF_ORDER,DATA,207,0,"arrived before missing sequence=194"
1030.164,receiver,c41d37dc-ae5f-4578-853a-172e98e003f0,ACCEPT_DATA,DATA,207,1024,"unique file bytes received"
1030.166,receiver,c41d37dc-ae5f-4578-853a-172e98e003f0,SEND,ACK,207,36,""
1030.168,receiver,c41d37dc-ae5f-4578-853a-172e98e003f0,DROP,ACK,207,36,"random shim loss"
1030.173,receiver,c41d37dc-ae5f-4578-853a-172e98e003f0,RECEIVE,DATA,208,1060,""
1030.176,receiver,c41d37dc-ae5f-4578-853a-172e98e003f0,OUT_OF_ORDER,DATA,208,0,"arrived before missing sequence=194"
1030.178,receiver,c41d37dc-ae5f-4578-853a-172e98e003f0,ACCEPT_DATA,DATA,208,1024,"unique file bytes received"
1030.180,receiver,c41d37dc-ae5f-4578-853a-172e98e003f0,SEND,ACK,208,36,""
1030.187,receiver,c41d37dc-ae5f-4578-853a-172e98e003f0,EMIT,ACK,208,36,""
1030.192,receiver,c41d37dc-ae5f-4578-853a-172e98e003f0,RECEIVE,DATA,209,1060,""
1030.194,receiver,c41d37dc-ae5f-4578-853a-172e98e003f0,OUT_OF_ORDER,DATA,209,0,"arrived before missing sequence=194"
1030.256,receiver,c41d37dc-ae5f-4578-853a-172e98e003f0,ACCEPT_DATA,DATA,209,1024,"unique file bytes received"
1030.259,receiver,c41d37dc-ae5f-4578-853a-172e98e003f0,SEND,ACK,209,36,""
1030.272,receiver,c41d37dc-ae5f-4578-853a-172e98e003f0,EMIT,ACK,209,36,""
1030.279,receiver,c41d37dc-ae5f-4578-853a-172e98e003f0,RECEIVE,DATA,210,1060,""
1030.282,receiver,c41d37dc-ae5f-4578-853a-172e98e003f0,OUT_OF_ORDER,DATA,210,0,"arrived before missing sequence=194"
1030.284,receiver,c41d37dc-ae5f-4578-853a-172e98e003f0,ACCEPT_DATA,DATA,210,1024,"unique file bytes received"
1030.286,receiver,c41d37dc-ae5f-4578-853a-172e98e003f0,SEND,ACK,210,36,""
1030.293,receiver,c41d37dc-ae5f-4578-853a-172e98e003f0,EMIT,ACK,210,36,""
1030.298,receiver,c41d37dc-ae5f-4578-853a-172e98e003f0,RECEIVE,DATA,211,1060,""
1030.300,receiver,c41d37dc-ae5f-4578-853a-172e98e003f0,OUT_OF_ORDER,DATA,211,0,"arrived before missing sequence=194"
1030.303,receiver,c41d37dc-ae5f-4578-853a-172e98e003f0,ACCEPT_DATA,DATA,211,1024,"unique file bytes received"
1030.305,receiver,c41d37dc-ae5f-4578-853a-172e98e003f0,SEND,ACK,211,36,""
1030.311,receiver,c41d37dc-ae5f-4578-853a-172e98e003f0,EMIT,ACK,211,36,""
1030.316,receiver,c41d37dc-ae5f-4578-853a-172e98e003f0,RECEIVE,DATA,212,1060,""
1030.319,receiver,c41d37dc-ae5f-4578-853a-172e98e003f0,OUT_OF_ORDER,DATA,212,0,"arrived before missing sequence=194"
1030.321,receiver,c41d37dc-ae5f-4578-853a-172e98e003f0,ACCEPT_DATA,DATA,212,1024,"unique file bytes received"
1030.323,receiver,c41d37dc-ae5f-4578-853a-172e98e003f0,SEND,ACK,212,36,""
1030.329,receiver,c41d37dc-ae5f-4578-853a-172e98e003f0,EMIT,ACK,212,36,""
1030.334,receiver,c41d37dc-ae5f-4578-853a-172e98e003f0,RECEIVE,DATA,213,1060,""
1030.337,receiver,c41d37dc-ae5f-4578-853a-172e98e003f0,OUT_OF_ORDER,DATA,213,0,"arrived before missing sequence=194"
1030.339,receiver,c41d37dc-ae5f-4578-853a-172e98e003f0,ACCEPT_DATA,DATA,213,1024,"unique file bytes received"
1030.342,receiver,c41d37dc-ae5f-4578-853a-172e98e003f0,SEND,ACK,213,36,""
1030.348,receiver,c41d37dc-ae5f-4578-853a-172e98e003f0,EMIT,ACK,213,36,""
1030.352,receiver,c41d37dc-ae5f-4578-853a-172e98e003f0,RECEIVE,DATA,214,1060,""
1030.355,receiver,c41d37dc-ae5f-4578-853a-172e98e003f0,OUT_OF_ORDER,DATA,214,0,"arrived before missing sequence=194"
1030.357,receiver,c41d37dc-ae5f-4578-853a-172e98e003f0,ACCEPT_DATA,DATA,214,1024,"unique file bytes received"
1030.359,receiver,c41d37dc-ae5f-4578-853a-172e98e003f0,SEND,ACK,214,36,""
1030.366,receiver,c41d37dc-ae5f-4578-853a-172e98e003f0,EMIT,ACK,214,36,""
1030.370,receiver,c41d37dc-ae5f-4578-853a-172e98e003f0,RECEIVE,DATA,216,1060,""
1030.373,receiver,c41d37dc-ae5f-4578-853a-172e98e003f0,OUT_OF_ORDER,DATA,216,0,"arrived before missing sequence=194"
1030.375,receiver,c41d37dc-ae5f-4578-853a-172e98e003f0,ACCEPT_DATA,DATA,216,1024,"unique file bytes received"
1030.378,receiver,c41d37dc-ae5f-4578-853a-172e98e003f0,SEND,ACK,216,36,""
1030.384,receiver,c41d37dc-ae5f-4578-853a-172e98e003f0,EMIT,ACK,216,36,""
1030.388,receiver,c41d37dc-ae5f-4578-853a-172e98e003f0,RECEIVE,DATA,217,1060,""
1030.391,receiver,c41d37dc-ae5f-4578-853a-172e98e003f0,OUT_OF_ORDER,DATA,217,0,"arrived before missing sequence=194"
1030.393,receiver,c41d37dc-ae5f-4578-853a-172e98e003f0,ACCEPT_DATA,DATA,217,1024,"unique file bytes received"
1030.395,receiver,c41d37dc-ae5f-4578-853a-172e98e003f0,SEND,ACK,217,36,""
1030.402,receiver,c41d37dc-ae5f-4578-853a-172e98e003f0,EMIT,ACK,217,36,""
1030.407,receiver,c41d37dc-ae5f-4578-853a-172e98e003f0,RECEIVE,DATA,218,1060,""
1030.409,receiver,c41d37dc-ae5f-4578-853a-172e98e003f0,OUT_OF_ORDER,DATA,218,0,"arrived before missing sequence=194"
1030.412,receiver,c41d37dc-ae5f-4578-853a-172e98e003f0,ACCEPT_DATA,DATA,218,1024,"unique file bytes received"
1030.414,receiver,c41d37dc-ae5f-4578-853a-172e98e003f0,SEND,ACK,218,36,""
1030.420,receiver,c41d37dc-ae5f-4578-853a-172e98e003f0,EMIT,ACK,218,36,""
1030.425,receiver,c41d37dc-ae5f-4578-853a-172e98e003f0,RECEIVE,DATA,219,1060,""
1030.428,receiver,c41d37dc-ae5f-4578-853a-172e98e003f0,OUT_OF_ORDER,DATA,219,0,"arrived before missing sequence=194"
1030.430,receiver,c41d37dc-ae5f-4578-853a-172e98e003f0,ACCEPT_DATA,DATA,219,1024,"unique file bytes received"
1030.432,receiver,c41d37dc-ae5f-4578-853a-172e98e003f0,SEND,ACK,219,36,""
1030.438,receiver,c41d37dc-ae5f-4578-853a-172e98e003f0,EMIT,ACK,219,36,""
1030.443,receiver,c41d37dc-ae5f-4578-853a-172e98e003f0,RECEIVE,DATA,220,1060,""
1030.446,receiver,c41d37dc-ae5f-4578-853a-172e98e003f0,OUT_OF_ORDER,DATA,220,0,"arrived before missing sequence=194"
1030.448,receiver,c41d37dc-ae5f-4578-853a-172e98e003f0,ACCEPT_DATA,DATA,220,1024,"unique file bytes received"
1030.450,receiver,c41d37dc-ae5f-4578-853a-172e98e003f0,SEND,ACK,220,36,""
1030.456,receiver,c41d37dc-ae5f-4578-853a-172e98e003f0,EMIT,ACK,220,36,""
1030.461,receiver,c41d37dc-ae5f-4578-853a-172e98e003f0,RECEIVE,DATA,221,1060,""
1030.464,receiver,c41d37dc-ae5f-4578-853a-172e98e003f0,OUT_OF_ORDER,DATA,221,0,"arrived before missing sequence=194"
1030.466,receiver,c41d37dc-ae5f-4578-853a-172e98e003f0,ACCEPT_DATA,DATA,221,1024,"unique file bytes received"
1030.469,receiver,c41d37dc-ae5f-4578-853a-172e98e003f0,SEND,ACK,221,36,""
1030.475,receiver,c41d37dc-ae5f-4578-853a-172e98e003f0,EMIT,ACK,221,36,""
1030.480,receiver,c41d37dc-ae5f-4578-853a-172e98e003f0,RECEIVE,DATA,222,1060,""
1030.483,receiver,c41d37dc-ae5f-4578-853a-172e98e003f0,OUT_OF_ORDER,DATA,222,0,"arrived before missing sequence=194"
1030.485,receiver,c41d37dc-ae5f-4578-853a-172e98e003f0,ACCEPT_DATA,DATA,222,1024,"unique file bytes received"
1030.487,receiver,c41d37dc-ae5f-4578-853a-172e98e003f0,SEND,ACK,222,36,""
1030.494,receiver,c41d37dc-ae5f-4578-853a-172e98e003f0,EMIT,ACK,222,36,""
1030.499,receiver,c41d37dc-ae5f-4578-853a-172e98e003f0,RECEIVE,DATA,223,1060,""
1030.501,receiver,c41d37dc-ae5f-4578-853a-172e98e003f0,OUT_OF_ORDER,DATA,223,0,"arrived before missing sequence=194"
1030.504,receiver,c41d37dc-ae5f-4578-853a-172e98e003f0,ACCEPT_DATA,DATA,223,1024,"unique file bytes received"
1030.506,receiver,c41d37dc-ae5f-4578-853a-172e98e003f0,SEND,ACK,223,36,""
1030.512,receiver,c41d37dc-ae5f-4578-853a-172e98e003f0,EMIT,ACK,223,36,""
1030.517,receiver,c41d37dc-ae5f-4578-853a-172e98e003f0,RECEIVE,DATA,224,1060,""
1030.520,receiver,c41d37dc-ae5f-4578-853a-172e98e003f0,OUT_OF_ORDER,DATA,224,0,"arrived before missing sequence=194"
1030.522,receiver,c41d37dc-ae5f-4578-853a-172e98e003f0,ACCEPT_DATA,DATA,224,1024,"unique file bytes received"
1030.524,receiver,c41d37dc-ae5f-4578-853a-172e98e003f0,SEND,ACK,224,36,""
1030.530,receiver,c41d37dc-ae5f-4578-853a-172e98e003f0,EMIT,ACK,224,36,""
1030.535,receiver,c41d37dc-ae5f-4578-853a-172e98e003f0,RECEIVE,DATA,225,1060,""
1030.538,receiver,c41d37dc-ae5f-4578-853a-172e98e003f0,OUT_OF_ORDER,DATA,225,0,"arrived before missing sequence=194"
1030.540,receiver,c41d37dc-ae5f-4578-853a-172e98e003f0,ACCEPT_DATA,DATA,225,1024,"unique file bytes received"
1030.542,receiver,c41d37dc-ae5f-4578-853a-172e98e003f0,SEND,ACK,225,36,""
1030.549,receiver,c41d37dc-ae5f-4578-853a-172e98e003f0,EMIT,ACK,225,36,""
1282.160,receiver,c41d37dc-ae5f-4578-853a-172e98e003f0,RECEIVE,DATA,194,1060,""
1282.182,receiver,c41d37dc-ae5f-4578-853a-172e98e003f0,ACCEPT_DATA,DATA,194,1024,"unique file bytes received"
1282.185,receiver,c41d37dc-ae5f-4578-853a-172e98e003f0,SEND,ACK,194,36,""
1282.222,receiver,c41d37dc-ae5f-4578-853a-172e98e003f0,EMIT,ACK,194,36,""
1282.232,receiver,c41d37dc-ae5f-4578-853a-172e98e003f0,RECEIVE,DATA,207,1060,""
1282.235,receiver,c41d37dc-ae5f-4578-853a-172e98e003f0,DUPLICATE,DATA,207,0,"duplicate DATA; acknowledge without writing twice"
1282.237,receiver,c41d37dc-ae5f-4578-853a-172e98e003f0,SEND,ACK,207,36,""
1282.245,receiver,c41d37dc-ae5f-4578-853a-172e98e003f0,EMIT,ACK,207,36,""
1282.257,receiver,c41d37dc-ae5f-4578-853a-172e98e003f0,RECEIVE,DATA,215,1060,""
1282.272,receiver,c41d37dc-ae5f-4578-853a-172e98e003f0,ACCEPT_DATA,DATA,215,1024,"unique file bytes received"
1282.274,receiver,c41d37dc-ae5f-4578-853a-172e98e003f0,SEND,ACK,215,36,""
1282.280,receiver,c41d37dc-ae5f-4578-853a-172e98e003f0,EMIT,ACK,215,36,""
1282.564,receiver,c41d37dc-ae5f-4578-853a-172e98e003f0,RECEIVE,DATA,226,1060,""
1282.577,receiver,c41d37dc-ae5f-4578-853a-172e98e003f0,ACCEPT_DATA,DATA,226,1024,"unique file bytes received"
1282.581,receiver,c41d37dc-ae5f-4578-853a-172e98e003f0,SEND,ACK,226,36,""
1282.615,receiver,c41d37dc-ae5f-4578-853a-172e98e003f0,EMIT,ACK,226,36,""
1282.627,receiver,c41d37dc-ae5f-4578-853a-172e98e003f0,RECEIVE,DATA,227,1060,""
1282.630,receiver,c41d37dc-ae5f-4578-853a-172e98e003f0,ACCEPT_DATA,DATA,227,1024,"unique file bytes received"
1282.636,receiver,c41d37dc-ae5f-4578-853a-172e98e003f0,SEND,ACK,227,36,""
1282.645,receiver,c41d37dc-ae5f-4578-853a-172e98e003f0,EMIT,ACK,227,36,""
1282.651,receiver,c41d37dc-ae5f-4578-853a-172e98e003f0,RECEIVE,DATA,228,1060,""
1282.653,receiver,c41d37dc-ae5f-4578-853a-172e98e003f0,ACCEPT_DATA,DATA,228,1024,"unique file bytes received"
1282.656,receiver,c41d37dc-ae5f-4578-853a-172e98e003f0,SEND,ACK,228,36,""
1282.664,receiver,c41d37dc-ae5f-4578-853a-172e98e003f0,EMIT,ACK,228,36,""
1282.669,receiver,c41d37dc-ae5f-4578-853a-172e98e003f0,RECEIVE,DATA,229,1060,""
1282.672,receiver,c41d37dc-ae5f-4578-853a-172e98e003f0,ACCEPT_DATA,DATA,229,1024,"unique file bytes received"
1282.674,receiver,c41d37dc-ae5f-4578-853a-172e98e003f0,SEND,ACK,229,36,""
1282.682,receiver,c41d37dc-ae5f-4578-853a-172e98e003f0,EMIT,ACK,229,36,""
1282.692,receiver,c41d37dc-ae5f-4578-853a-172e98e003f0,RECEIVE,DATA,230,1060,""
1282.695,receiver,c41d37dc-ae5f-4578-853a-172e98e003f0,ACCEPT_DATA,DATA,230,1024,"unique file bytes received"
1282.697,receiver,c41d37dc-ae5f-4578-853a-172e98e003f0,SEND,ACK,230,36,""
1282.703,receiver,c41d37dc-ae5f-4578-853a-172e98e003f0,EMIT,ACK,230,36,""
1282.708,receiver,c41d37dc-ae5f-4578-853a-172e98e003f0,RECEIVE,DATA,231,1060,""
1282.710,receiver,c41d37dc-ae5f-4578-853a-172e98e003f0,ACCEPT_DATA,DATA,231,1024,"unique file bytes received"
1282.712,receiver,c41d37dc-ae5f-4578-853a-172e98e003f0,SEND,ACK,231,36,""
1282.720,receiver,c41d37dc-ae5f-4578-853a-172e98e003f0,EMIT,ACK,231,36,""
1282.725,receiver,c41d37dc-ae5f-4578-853a-172e98e003f0,RECEIVE,DATA,232,1060,""
1282.727,receiver,c41d37dc-ae5f-4578-853a-172e98e003f0,ACCEPT_DATA,DATA,232,1024,"unique file bytes received"
1282.729,receiver,c41d37dc-ae5f-4578-853a-172e98e003f0,SEND,ACK,232,36,""
1282.737,receiver,c41d37dc-ae5f-4578-853a-172e98e003f0,EMIT,ACK,232,36,""
1282.742,receiver,c41d37dc-ae5f-4578-853a-172e98e003f0,RECEIVE,DATA,233,1060,""
1282.744,receiver,c41d37dc-ae5f-4578-853a-172e98e003f0,ACCEPT_DATA,DATA,233,1024,"unique file bytes received"
1282.746,receiver,c41d37dc-ae5f-4578-853a-172e98e003f0,SEND,ACK,233,36,""
1282.753,receiver,c41d37dc-ae5f-4578-853a-172e98e003f0,EMIT,ACK,233,36,""
1282.758,receiver,c41d37dc-ae5f-4578-853a-172e98e003f0,RECEIVE,DATA,234,1060,""
1282.761,receiver,c41d37dc-ae5f-4578-853a-172e98e003f0,ACCEPT_DATA,DATA,234,1024,"unique file bytes received"
1282.763,receiver,c41d37dc-ae5f-4578-853a-172e98e003f0,SEND,ACK,234,36,""
1282.770,receiver,c41d37dc-ae5f-4578-853a-172e98e003f0,EMIT,ACK,234,36,""
1282.775,receiver,c41d37dc-ae5f-4578-853a-172e98e003f0,RECEIVE,DATA,235,1060,""
1282.777,receiver,c41d37dc-ae5f-4578-853a-172e98e003f0,ACCEPT_DATA,DATA,235,1024,"unique file bytes received"
1282.780,receiver,c41d37dc-ae5f-4578-853a-172e98e003f0,SEND,ACK,235,36,""
1282.786,receiver,c41d37dc-ae5f-4578-853a-172e98e003f0,EMIT,ACK,235,36,""
1282.791,receiver,c41d37dc-ae5f-4578-853a-172e98e003f0,RECEIVE,DATA,236,1060,""
1282.793,receiver,c41d37dc-ae5f-4578-853a-172e98e003f0,ACCEPT_DATA,DATA,236,1024,"unique file bytes received"
1282.796,receiver,c41d37dc-ae5f-4578-853a-172e98e003f0,SEND,ACK,236,36,""
1282.804,receiver,c41d37dc-ae5f-4578-853a-172e98e003f0,EMIT,ACK,236,36,""
1282.808,receiver,c41d37dc-ae5f-4578-853a-172e98e003f0,RECEIVE,DATA,237,1060,""
1282.811,receiver,c41d37dc-ae5f-4578-853a-172e98e003f0,ACCEPT_DATA,DATA,237,1024,"unique file bytes received"
1282.813,receiver,c41d37dc-ae5f-4578-853a-172e98e003f0,SEND,ACK,237,36,""
1282.820,receiver,c41d37dc-ae5f-4578-853a-172e98e003f0,EMIT,ACK,237,36,""
1282.828,receiver,c41d37dc-ae5f-4578-853a-172e98e003f0,RECEIVE,DATA,238,1060,""
1282.831,receiver,c41d37dc-ae5f-4578-853a-172e98e003f0,ACCEPT_DATA,DATA,238,1024,"unique file bytes received"
1282.833,receiver,c41d37dc-ae5f-4578-853a-172e98e003f0,SEND,ACK,238,36,""
1282.846,receiver,c41d37dc-ae5f-4578-853a-172e98e003f0,EMIT,ACK,238,36,""
1282.850,receiver,c41d37dc-ae5f-4578-853a-172e98e003f0,RECEIVE,DATA,239,1060,""
1282.853,receiver,c41d37dc-ae5f-4578-853a-172e98e003f0,ACCEPT_DATA,DATA,239,1024,"unique file bytes received"
1282.855,receiver,c41d37dc-ae5f-4578-853a-172e98e003f0,SEND,ACK,239,36,""
1282.862,receiver,c41d37dc-ae5f-4578-853a-172e98e003f0,EMIT,ACK,239,36,""
1282.866,receiver,c41d37dc-ae5f-4578-853a-172e98e003f0,RECEIVE,DATA,240,1060,""
1282.869,receiver,c41d37dc-ae5f-4578-853a-172e98e003f0,ACCEPT_DATA,DATA,240,1024,"unique file bytes received"
1282.871,receiver,c41d37dc-ae5f-4578-853a-172e98e003f0,SEND,ACK,240,36,""
1282.878,receiver,c41d37dc-ae5f-4578-853a-172e98e003f0,EMIT,ACK,240,36,""
1282.883,receiver,c41d37dc-ae5f-4578-853a-172e98e003f0,RECEIVE,DATA,241,1060,""
1282.916,receiver,c41d37dc-ae5f-4578-853a-172e98e003f0,ACCEPT_DATA,DATA,241,1024,"unique file bytes received"
1282.920,receiver,c41d37dc-ae5f-4578-853a-172e98e003f0,SEND,ACK,241,36,""
1282.947,receiver,c41d37dc-ae5f-4578-853a-172e98e003f0,EMIT,ACK,241,36,""
1282.973,receiver,c41d37dc-ae5f-4578-853a-172e98e003f0,RECEIVE,DATA,242,1060,""
1282.977,receiver,c41d37dc-ae5f-4578-853a-172e98e003f0,ACCEPT_DATA,DATA,242,1024,"unique file bytes received"
1282.979,receiver,c41d37dc-ae5f-4578-853a-172e98e003f0,SEND,ACK,242,36,""
1282.989,receiver,c41d37dc-ae5f-4578-853a-172e98e003f0,EMIT,ACK,242,36,""
1282.995,receiver,c41d37dc-ae5f-4578-853a-172e98e003f0,RECEIVE,DATA,243,1060,""
1282.998,receiver,c41d37dc-ae5f-4578-853a-172e98e003f0,ACCEPT_DATA,DATA,243,1024,"unique file bytes received"
1283.001,receiver,c41d37dc-ae5f-4578-853a-172e98e003f0,SEND,ACK,243,36,""
1283.010,receiver,c41d37dc-ae5f-4578-853a-172e98e003f0,EMIT,ACK,243,36,""
1283.015,receiver,c41d37dc-ae5f-4578-853a-172e98e003f0,RECEIVE,DATA,244,1060,""
1283.018,receiver,c41d37dc-ae5f-4578-853a-172e98e003f0,ACCEPT_DATA,DATA,244,1024,"unique file bytes received"
1283.021,receiver,c41d37dc-ae5f-4578-853a-172e98e003f0,SEND,ACK,244,36,""
1283.028,receiver,c41d37dc-ae5f-4578-853a-172e98e003f0,EMIT,ACK,244,36,""
1283.034,receiver,c41d37dc-ae5f-4578-853a-172e98e003f0,RECEIVE,DATA,245,1060,""
1283.037,receiver,c41d37dc-ae5f-4578-853a-172e98e003f0,ACCEPT_DATA,DATA,245,1024,"unique file bytes received"
1283.039,receiver,c41d37dc-ae5f-4578-853a-172e98e003f0,SEND,ACK,245,36,""
1283.046,receiver,c41d37dc-ae5f-4578-853a-172e98e003f0,EMIT,ACK,245,36,""
1283.052,receiver,c41d37dc-ae5f-4578-853a-172e98e003f0,RECEIVE,DATA,246,1060,""
1283.055,receiver,c41d37dc-ae5f-4578-853a-172e98e003f0,ACCEPT_DATA,DATA,246,1024,"unique file bytes received"
1283.057,receiver,c41d37dc-ae5f-4578-853a-172e98e003f0,SEND,ACK,246,36,""
1283.069,receiver,c41d37dc-ae5f-4578-853a-172e98e003f0,EMIT,ACK,246,36,""
1283.074,receiver,c41d37dc-ae5f-4578-853a-172e98e003f0,RECEIVE,DATA,247,1060,""
1283.076,receiver,c41d37dc-ae5f-4578-853a-172e98e003f0,ACCEPT_DATA,DATA,247,1024,"unique file bytes received"
1283.078,receiver,c41d37dc-ae5f-4578-853a-172e98e003f0,SEND,ACK,247,36,""
1283.337,receiver,c41d37dc-ae5f-4578-853a-172e98e003f0,EMIT,ACK,247,36,""
1283.345,receiver,c41d37dc-ae5f-4578-853a-172e98e003f0,RECEIVE,DATA,248,1060,""
1283.348,receiver,c41d37dc-ae5f-4578-853a-172e98e003f0,ACCEPT_DATA,DATA,248,1024,"unique file bytes received"
1283.350,receiver,c41d37dc-ae5f-4578-853a-172e98e003f0,SEND,ACK,248,36,""
1283.359,receiver,c41d37dc-ae5f-4578-853a-172e98e003f0,EMIT,ACK,248,36,""
1283.365,receiver,c41d37dc-ae5f-4578-853a-172e98e003f0,RECEIVE,DATA,249,1060,""
1283.368,receiver,c41d37dc-ae5f-4578-853a-172e98e003f0,ACCEPT_DATA,DATA,249,1024,"unique file bytes received"
1283.370,receiver,c41d37dc-ae5f-4578-853a-172e98e003f0,SEND,ACK,249,36,""
1283.378,receiver,c41d37dc-ae5f-4578-853a-172e98e003f0,EMIT,ACK,249,36,""
1283.422,receiver,c41d37dc-ae5f-4578-853a-172e98e003f0,RECEIVE,DATA,250,1060,""
1283.426,receiver,c41d37dc-ae5f-4578-853a-172e98e003f0,ACCEPT_DATA,DATA,250,1024,"unique file bytes received"
1283.428,receiver,c41d37dc-ae5f-4578-853a-172e98e003f0,SEND,ACK,250,36,""
1283.436,receiver,c41d37dc-ae5f-4578-853a-172e98e003f0,EMIT,ACK,250,36,""
1283.450,receiver,c41d37dc-ae5f-4578-853a-172e98e003f0,RECEIVE,DATA,251,1060,""
1283.453,receiver,c41d37dc-ae5f-4578-853a-172e98e003f0,ACCEPT_DATA,DATA,251,1024,"unique file bytes received"
1283.456,receiver,c41d37dc-ae5f-4578-853a-172e98e003f0,SEND,ACK,251,36,""
1283.513,receiver,c41d37dc-ae5f-4578-853a-172e98e003f0,EMIT,ACK,251,36,""
1283.521,receiver,c41d37dc-ae5f-4578-853a-172e98e003f0,RECEIVE,DATA,252,1060,""
1283.525,receiver,c41d37dc-ae5f-4578-853a-172e98e003f0,ACCEPT_DATA,DATA,252,1024,"unique file bytes received"
1283.527,receiver,c41d37dc-ae5f-4578-853a-172e98e003f0,SEND,ACK,252,36,""
1283.536,receiver,c41d37dc-ae5f-4578-853a-172e98e003f0,EMIT,ACK,252,36,""
1283.542,receiver,c41d37dc-ae5f-4578-853a-172e98e003f0,RECEIVE,DATA,253,1060,""
1283.552,receiver,c41d37dc-ae5f-4578-853a-172e98e003f0,ACCEPT_DATA,DATA,253,1024,"unique file bytes received"
1283.554,receiver,c41d37dc-ae5f-4578-853a-172e98e003f0,SEND,ACK,253,36,""
1283.564,receiver,c41d37dc-ae5f-4578-853a-172e98e003f0,EMIT,ACK,253,36,""
1283.570,receiver,c41d37dc-ae5f-4578-853a-172e98e003f0,RECEIVE,DATA,254,1060,""
1283.573,receiver,c41d37dc-ae5f-4578-853a-172e98e003f0,ACCEPT_DATA,DATA,254,1024,"unique file bytes received"
1283.576,receiver,c41d37dc-ae5f-4578-853a-172e98e003f0,SEND,ACK,254,36,""
1283.585,receiver,c41d37dc-ae5f-4578-853a-172e98e003f0,EMIT,ACK,254,36,""
1283.591,receiver,c41d37dc-ae5f-4578-853a-172e98e003f0,RECEIVE,DATA,255,1060,""
1283.595,receiver,c41d37dc-ae5f-4578-853a-172e98e003f0,ACCEPT_DATA,DATA,255,1024,"unique file bytes received"
1283.597,receiver,c41d37dc-ae5f-4578-853a-172e98e003f0,SEND,ACK,255,36,""
1283.600,receiver,c41d37dc-ae5f-4578-853a-172e98e003f0,DROP,ACK,255,36,"random shim loss"
1283.607,receiver,c41d37dc-ae5f-4578-853a-172e98e003f0,RECEIVE,DATA,256,1060,""
1283.610,receiver,c41d37dc-ae5f-4578-853a-172e98e003f0,ACCEPT_DATA,DATA,256,1024,"unique file bytes received"
1283.613,receiver,c41d37dc-ae5f-4578-853a-172e98e003f0,SEND,ACK,256,36,""
1283.622,receiver,c41d37dc-ae5f-4578-853a-172e98e003f0,EMIT,ACK,256,36,""
1283.633,receiver,c41d37dc-ae5f-4578-853a-172e98e003f0,RECEIVE,DATA,257,1060,""
1283.636,receiver,c41d37dc-ae5f-4578-853a-172e98e003f0,ACCEPT_DATA,DATA,257,1024,"unique file bytes received"
1283.639,receiver,c41d37dc-ae5f-4578-853a-172e98e003f0,SEND,ACK,257,36,""
1283.647,receiver,c41d37dc-ae5f-4578-853a-172e98e003f0,EMIT,ACK,257,36,""
1283.654,receiver,c41d37dc-ae5f-4578-853a-172e98e003f0,RECEIVE,DATA,258,1060,""
1283.657,receiver,c41d37dc-ae5f-4578-853a-172e98e003f0,ACCEPT_DATA,DATA,258,1024,"unique file bytes received"
1283.660,receiver,c41d37dc-ae5f-4578-853a-172e98e003f0,SEND,ACK,258,36,""
1283.669,receiver,c41d37dc-ae5f-4578-853a-172e98e003f0,EMIT,ACK,258,36,""
1283.678,receiver,c41d37dc-ae5f-4578-853a-172e98e003f0,RECEIVE,DATA,259,1060,""
1283.681,receiver,c41d37dc-ae5f-4578-853a-172e98e003f0,ACCEPT_DATA,DATA,259,1024,"unique file bytes received"
1283.683,receiver,c41d37dc-ae5f-4578-853a-172e98e003f0,SEND,ACK,259,36,""
1283.692,receiver,c41d37dc-ae5f-4578-853a-172e98e003f0,EMIT,ACK,259,36,""
1283.698,receiver,c41d37dc-ae5f-4578-853a-172e98e003f0,RECEIVE,DATA,260,1060,""
1283.701,receiver,c41d37dc-ae5f-4578-853a-172e98e003f0,ACCEPT_DATA,DATA,260,1024,"unique file bytes received"
1283.704,receiver,c41d37dc-ae5f-4578-853a-172e98e003f0,SEND,ACK,260,36,""
1283.707,receiver,c41d37dc-ae5f-4578-853a-172e98e003f0,DROP,ACK,260,36,"random shim loss"
1283.717,receiver,c41d37dc-ae5f-4578-853a-172e98e003f0,RECEIVE,DATA,261,1060,""
1283.720,receiver,c41d37dc-ae5f-4578-853a-172e98e003f0,ACCEPT_DATA,DATA,261,1024,"unique file bytes received"
1283.723,receiver,c41d37dc-ae5f-4578-853a-172e98e003f0,SEND,ACK,261,36,""
1283.731,receiver,c41d37dc-ae5f-4578-853a-172e98e003f0,EMIT,ACK,261,36,""
1283.736,receiver,c41d37dc-ae5f-4578-853a-172e98e003f0,RECEIVE,DATA,262,1060,""
1283.739,receiver,c41d37dc-ae5f-4578-853a-172e98e003f0,ACCEPT_DATA,DATA,262,1024,"unique file bytes received"
1283.741,receiver,c41d37dc-ae5f-4578-853a-172e98e003f0,SEND,ACK,262,36,""
1283.749,receiver,c41d37dc-ae5f-4578-853a-172e98e003f0,EMIT,ACK,262,36,""
1283.754,receiver,c41d37dc-ae5f-4578-853a-172e98e003f0,RECEIVE,DATA,263,1060,""
1283.757,receiver,c41d37dc-ae5f-4578-853a-172e98e003f0,ACCEPT_DATA,DATA,263,1024,"unique file bytes received"
1283.759,receiver,c41d37dc-ae5f-4578-853a-172e98e003f0,SEND,ACK,263,36,""
1283.766,receiver,c41d37dc-ae5f-4578-853a-172e98e003f0,EMIT,ACK,263,36,""
1283.784,receiver,c41d37dc-ae5f-4578-853a-172e98e003f0,RECEIVE,DATA,264,1060,""
1283.787,receiver,c41d37dc-ae5f-4578-853a-172e98e003f0,ACCEPT_DATA,DATA,264,1024,"unique file bytes received"
1283.790,receiver,c41d37dc-ae5f-4578-853a-172e98e003f0,SEND,ACK,264,36,""
1283.797,receiver,c41d37dc-ae5f-4578-853a-172e98e003f0,EMIT,ACK,264,36,""
1283.803,receiver,c41d37dc-ae5f-4578-853a-172e98e003f0,RECEIVE,DATA,265,1060,""
1283.807,receiver,c41d37dc-ae5f-4578-853a-172e98e003f0,ACCEPT_DATA,DATA,265,1024,"unique file bytes received"
1283.809,receiver,c41d37dc-ae5f-4578-853a-172e98e003f0,SEND,ACK,265,36,""
1283.817,receiver,c41d37dc-ae5f-4578-853a-172e98e003f0,EMIT,ACK,265,36,""
1283.823,receiver,c41d37dc-ae5f-4578-853a-172e98e003f0,RECEIVE,DATA,266,1060,""
1283.826,receiver,c41d37dc-ae5f-4578-853a-172e98e003f0,ACCEPT_DATA,DATA,266,1024,"unique file bytes received"
1283.829,receiver,c41d37dc-ae5f-4578-853a-172e98e003f0,SEND,ACK,266,36,""
1283.860,receiver,c41d37dc-ae5f-4578-853a-172e98e003f0,EMIT,ACK,266,36,""
1283.866,receiver,c41d37dc-ae5f-4578-853a-172e98e003f0,RECEIVE,DATA,268,1060,""
1283.869,receiver,c41d37dc-ae5f-4578-853a-172e98e003f0,OUT_OF_ORDER,DATA,268,0,"arrived before missing sequence=267"
1283.872,receiver,c41d37dc-ae5f-4578-853a-172e98e003f0,ACCEPT_DATA,DATA,268,1024,"unique file bytes received"
1283.875,receiver,c41d37dc-ae5f-4578-853a-172e98e003f0,SEND,ACK,268,36,""
1283.883,receiver,c41d37dc-ae5f-4578-853a-172e98e003f0,EMIT,ACK,268,36,""
1283.889,receiver,c41d37dc-ae5f-4578-853a-172e98e003f0,RECEIVE,DATA,269,1060,""
1283.893,receiver,c41d37dc-ae5f-4578-853a-172e98e003f0,OUT_OF_ORDER,DATA,269,0,"arrived before missing sequence=267"
1283.896,receiver,c41d37dc-ae5f-4578-853a-172e98e003f0,ACCEPT_DATA,DATA,269,1024,"unique file bytes received"
1283.899,receiver,c41d37dc-ae5f-4578-853a-172e98e003f0,SEND,ACK,269,36,""
1283.906,receiver,c41d37dc-ae5f-4578-853a-172e98e003f0,EMIT,ACK,269,36,""
1283.913,receiver,c41d37dc-ae5f-4578-853a-172e98e003f0,RECEIVE,DATA,270,1060,""
1283.916,receiver,c41d37dc-ae5f-4578-853a-172e98e003f0,OUT_OF_ORDER,DATA,270,0,"arrived before missing sequence=267"
1283.919,receiver,c41d37dc-ae5f-4578-853a-172e98e003f0,ACCEPT_DATA,DATA,270,1024,"unique file bytes received"
1283.922,receiver,c41d37dc-ae5f-4578-853a-172e98e003f0,SEND,ACK,270,36,""
1283.935,receiver,c41d37dc-ae5f-4578-853a-172e98e003f0,EMIT,ACK,270,36,""
1283.941,receiver,c41d37dc-ae5f-4578-853a-172e98e003f0,RECEIVE,DATA,271,1060,""
1283.944,receiver,c41d37dc-ae5f-4578-853a-172e98e003f0,OUT_OF_ORDER,DATA,271,0,"arrived before missing sequence=267"
1283.947,receiver,c41d37dc-ae5f-4578-853a-172e98e003f0,ACCEPT_DATA,DATA,271,1024,"unique file bytes received"
1283.949,receiver,c41d37dc-ae5f-4578-853a-172e98e003f0,SEND,ACK,271,36,""
1283.959,receiver,c41d37dc-ae5f-4578-853a-172e98e003f0,EMIT,ACK,271,36,""
1283.967,receiver,c41d37dc-ae5f-4578-853a-172e98e003f0,RECEIVE,DATA,272,1060,""
1283.970,receiver,c41d37dc-ae5f-4578-853a-172e98e003f0,OUT_OF_ORDER,DATA,272,0,"arrived before missing sequence=267"
1283.973,receiver,c41d37dc-ae5f-4578-853a-172e98e003f0,ACCEPT_DATA,DATA,272,1024,"unique file bytes received"
1284.014,receiver,c41d37dc-ae5f-4578-853a-172e98e003f0,SEND,ACK,272,36,""
1284.022,receiver,c41d37dc-ae5f-4578-853a-172e98e003f0,EMIT,ACK,272,36,""
1284.034,receiver,c41d37dc-ae5f-4578-853a-172e98e003f0,RECEIVE,DATA,273,1060,""
1284.051,receiver,c41d37dc-ae5f-4578-853a-172e98e003f0,OUT_OF_ORDER,DATA,273,0,"arrived before missing sequence=267"
1284.053,receiver,c41d37dc-ae5f-4578-853a-172e98e003f0,ACCEPT_DATA,DATA,273,1024,"unique file bytes received"
1284.056,receiver,c41d37dc-ae5f-4578-853a-172e98e003f0,SEND,ACK,273,36,""
1284.062,receiver,c41d37dc-ae5f-4578-853a-172e98e003f0,EMIT,ACK,273,36,""
1284.067,receiver,c41d37dc-ae5f-4578-853a-172e98e003f0,RECEIVE,DATA,274,1060,""
1284.070,receiver,c41d37dc-ae5f-4578-853a-172e98e003f0,OUT_OF_ORDER,DATA,274,0,"arrived before missing sequence=267"
1284.072,receiver,c41d37dc-ae5f-4578-853a-172e98e003f0,ACCEPT_DATA,DATA,274,1024,"unique file bytes received"
1284.087,receiver,c41d37dc-ae5f-4578-853a-172e98e003f0,SEND,ACK,274,36,""
1284.094,receiver,c41d37dc-ae5f-4578-853a-172e98e003f0,EMIT,ACK,274,36,""
1284.099,receiver,c41d37dc-ae5f-4578-853a-172e98e003f0,RECEIVE,DATA,275,1060,""
1284.102,receiver,c41d37dc-ae5f-4578-853a-172e98e003f0,OUT_OF_ORDER,DATA,275,0,"arrived before missing sequence=267"
1284.105,receiver,c41d37dc-ae5f-4578-853a-172e98e003f0,ACCEPT_DATA,DATA,275,1024,"unique file bytes received"
1284.107,receiver,c41d37dc-ae5f-4578-853a-172e98e003f0,SEND,ACK,275,36,""
1284.114,receiver,c41d37dc-ae5f-4578-853a-172e98e003f0,EMIT,ACK,275,36,""
1284.119,receiver,c41d37dc-ae5f-4578-853a-172e98e003f0,RECEIVE,DATA,276,1060,""
1284.122,receiver,c41d37dc-ae5f-4578-853a-172e98e003f0,OUT_OF_ORDER,DATA,276,0,"arrived before missing sequence=267"
1284.125,receiver,c41d37dc-ae5f-4578-853a-172e98e003f0,ACCEPT_DATA,DATA,276,1024,"unique file bytes received"
1284.127,receiver,c41d37dc-ae5f-4578-853a-172e98e003f0,SEND,ACK,276,36,""
1284.134,receiver,c41d37dc-ae5f-4578-853a-172e98e003f0,EMIT,ACK,276,36,""
1284.258,receiver,c41d37dc-ae5f-4578-853a-172e98e003f0,RECEIVE,DATA,277,1060,""
1284.262,receiver,c41d37dc-ae5f-4578-853a-172e98e003f0,OUT_OF_ORDER,DATA,277,0,"arrived before missing sequence=267"
1284.265,receiver,c41d37dc-ae5f-4578-853a-172e98e003f0,ACCEPT_DATA,DATA,277,1024,"unique file bytes received"
1284.268,receiver,c41d37dc-ae5f-4578-853a-172e98e003f0,SEND,ACK,277,36,""
1284.278,receiver,c41d37dc-ae5f-4578-853a-172e98e003f0,EMIT,ACK,277,36,""
1284.285,receiver,c41d37dc-ae5f-4578-853a-172e98e003f0,RECEIVE,DATA,278,1060,""
1284.291,receiver,c41d37dc-ae5f-4578-853a-172e98e003f0,OUT_OF_ORDER,DATA,278,0,"arrived before missing sequence=267"
1284.294,receiver,c41d37dc-ae5f-4578-853a-172e98e003f0,ACCEPT_DATA,DATA,278,1024,"unique file bytes received"
1284.296,receiver,c41d37dc-ae5f-4578-853a-172e98e003f0,SEND,ACK,278,36,""
1284.307,receiver,c41d37dc-ae5f-4578-853a-172e98e003f0,EMIT,ACK,278,36,""
1284.314,receiver,c41d37dc-ae5f-4578-853a-172e98e003f0,RECEIVE,DATA,279,1060,""
1284.318,receiver,c41d37dc-ae5f-4578-853a-172e98e003f0,OUT_OF_ORDER,DATA,279,0,"arrived before missing sequence=267"
1284.320,receiver,c41d37dc-ae5f-4578-853a-172e98e003f0,ACCEPT_DATA,DATA,279,1024,"unique file bytes received"
1284.323,receiver,c41d37dc-ae5f-4578-853a-172e98e003f0,SEND,ACK,279,36,""
1284.331,receiver,c41d37dc-ae5f-4578-853a-172e98e003f0,EMIT,ACK,279,36,""
1284.336,receiver,c41d37dc-ae5f-4578-853a-172e98e003f0,RECEIVE,DATA,280,1060,""
1284.339,receiver,c41d37dc-ae5f-4578-853a-172e98e003f0,OUT_OF_ORDER,DATA,280,0,"arrived before missing sequence=267"
1284.342,receiver,c41d37dc-ae5f-4578-853a-172e98e003f0,ACCEPT_DATA,DATA,280,1024,"unique file bytes received"
1284.345,receiver,c41d37dc-ae5f-4578-853a-172e98e003f0,SEND,ACK,280,36,""
1284.352,receiver,c41d37dc-ae5f-4578-853a-172e98e003f0,EMIT,ACK,280,36,""
1284.357,receiver,c41d37dc-ae5f-4578-853a-172e98e003f0,RECEIVE,DATA,281,1060,""
1284.360,receiver,c41d37dc-ae5f-4578-853a-172e98e003f0,OUT_OF_ORDER,DATA,281,0,"arrived before missing sequence=267"
1284.363,receiver,c41d37dc-ae5f-4578-853a-172e98e003f0,ACCEPT_DATA,DATA,281,1024,"unique file bytes received"
1284.366,receiver,c41d37dc-ae5f-4578-853a-172e98e003f0,SEND,ACK,281,36,""
1284.373,receiver,c41d37dc-ae5f-4578-853a-172e98e003f0,EMIT,ACK,281,36,""
1284.379,receiver,c41d37dc-ae5f-4578-853a-172e98e003f0,RECEIVE,DATA,282,1060,""
1284.382,receiver,c41d37dc-ae5f-4578-853a-172e98e003f0,OUT_OF_ORDER,DATA,282,0,"arrived before missing sequence=267"
1284.384,receiver,c41d37dc-ae5f-4578-853a-172e98e003f0,ACCEPT_DATA,DATA,282,1024,"unique file bytes received"
1284.387,receiver,c41d37dc-ae5f-4578-853a-172e98e003f0,SEND,ACK,282,36,""
1284.394,receiver,c41d37dc-ae5f-4578-853a-172e98e003f0,EMIT,ACK,282,36,""
1284.400,receiver,c41d37dc-ae5f-4578-853a-172e98e003f0,RECEIVE,DATA,283,1060,""
1284.403,receiver,c41d37dc-ae5f-4578-853a-172e98e003f0,OUT_OF_ORDER,DATA,283,0,"arrived before missing sequence=267"
1284.405,receiver,c41d37dc-ae5f-4578-853a-172e98e003f0,ACCEPT_DATA,DATA,283,1024,"unique file bytes received"
1284.408,receiver,c41d37dc-ae5f-4578-853a-172e98e003f0,SEND,ACK,283,36,""
1284.415,receiver,c41d37dc-ae5f-4578-853a-172e98e003f0,EMIT,ACK,283,36,""
1284.421,receiver,c41d37dc-ae5f-4578-853a-172e98e003f0,RECEIVE,DATA,284,1060,""
1284.424,receiver,c41d37dc-ae5f-4578-853a-172e98e003f0,OUT_OF_ORDER,DATA,284,0,"arrived before missing sequence=267"
1284.427,receiver,c41d37dc-ae5f-4578-853a-172e98e003f0,ACCEPT_DATA,DATA,284,1024,"unique file bytes received"
1284.429,receiver,c41d37dc-ae5f-4578-853a-172e98e003f0,SEND,ACK,284,36,""
1284.436,receiver,c41d37dc-ae5f-4578-853a-172e98e003f0,EMIT,ACK,284,36,""
1284.442,receiver,c41d37dc-ae5f-4578-853a-172e98e003f0,RECEIVE,DATA,285,1060,""
1284.445,receiver,c41d37dc-ae5f-4578-853a-172e98e003f0,OUT_OF_ORDER,DATA,285,0,"arrived before missing sequence=267"
1284.448,receiver,c41d37dc-ae5f-4578-853a-172e98e003f0,ACCEPT_DATA,DATA,285,1024,"unique file bytes received"
1284.450,receiver,c41d37dc-ae5f-4578-853a-172e98e003f0,SEND,ACK,285,36,""
1284.458,receiver,c41d37dc-ae5f-4578-853a-172e98e003f0,EMIT,ACK,285,36,""
1284.463,receiver,c41d37dc-ae5f-4578-853a-172e98e003f0,RECEIVE,DATA,286,1060,""
1284.466,receiver,c41d37dc-ae5f-4578-853a-172e98e003f0,OUT_OF_ORDER,DATA,286,0,"arrived before missing sequence=267"
1284.469,receiver,c41d37dc-ae5f-4578-853a-172e98e003f0,ACCEPT_DATA,DATA,286,1024,"unique file bytes received"
1284.472,receiver,c41d37dc-ae5f-4578-853a-172e98e003f0,SEND,ACK,286,36,""
1284.479,receiver,c41d37dc-ae5f-4578-853a-172e98e003f0,EMIT,ACK,286,36,""
1535.197,receiver,c41d37dc-ae5f-4578-853a-172e98e003f0,RECEIVE,DATA,255,1060,""
1535.220,receiver,c41d37dc-ae5f-4578-853a-172e98e003f0,DUPLICATE,DATA,255,0,"duplicate DATA; acknowledge without writing twice"
1535.228,receiver,c41d37dc-ae5f-4578-853a-172e98e003f0,SEND,ACK,255,36,""
1535.292,receiver,c41d37dc-ae5f-4578-853a-172e98e003f0,EMIT,ACK,255,36,""
1535.314,receiver,c41d37dc-ae5f-4578-853a-172e98e003f0,RECEIVE,DATA,260,1060,""
1535.321,receiver,c41d37dc-ae5f-4578-853a-172e98e003f0,DUPLICATE,DATA,260,0,"duplicate DATA; acknowledge without writing twice"
1535.326,receiver,c41d37dc-ae5f-4578-853a-172e98e003f0,SEND,ACK,260,36,""
1535.342,receiver,c41d37dc-ae5f-4578-853a-172e98e003f0,EMIT,ACK,260,36,""
1535.354,receiver,c41d37dc-ae5f-4578-853a-172e98e003f0,RECEIVE,DATA,267,1060,""
1535.360,receiver,c41d37dc-ae5f-4578-853a-172e98e003f0,ACCEPT_DATA,DATA,267,1024,"unique file bytes received"
1535.365,receiver,c41d37dc-ae5f-4578-853a-172e98e003f0,SEND,ACK,267,36,""
1535.382,receiver,c41d37dc-ae5f-4578-853a-172e98e003f0,EMIT,ACK,267,36,""
1536.085,receiver,c41d37dc-ae5f-4578-853a-172e98e003f0,RECEIVE,DATA,287,1060,""
1536.141,receiver,c41d37dc-ae5f-4578-853a-172e98e003f0,ACCEPT_DATA,DATA,287,1024,"unique file bytes received"
1536.147,receiver,c41d37dc-ae5f-4578-853a-172e98e003f0,SEND,ACK,287,36,""
1536.188,receiver,c41d37dc-ae5f-4578-853a-172e98e003f0,EMIT,ACK,287,36,""
1536.206,receiver,c41d37dc-ae5f-4578-853a-172e98e003f0,RECEIVE,DATA,288,1060,""
1536.210,receiver,c41d37dc-ae5f-4578-853a-172e98e003f0,ACCEPT_DATA,DATA,288,1024,"unique file bytes received"
1536.213,receiver,c41d37dc-ae5f-4578-853a-172e98e003f0,SEND,ACK,288,36,""
1536.228,receiver,c41d37dc-ae5f-4578-853a-172e98e003f0,EMIT,ACK,288,36,""
1536.235,receiver,c41d37dc-ae5f-4578-853a-172e98e003f0,RECEIVE,DATA,289,1060,""
1536.268,receiver,c41d37dc-ae5f-4578-853a-172e98e003f0,ACCEPT_DATA,DATA,289,1024,"unique file bytes received"
1536.271,receiver,c41d37dc-ae5f-4578-853a-172e98e003f0,SEND,ACK,289,36,""
1536.281,receiver,c41d37dc-ae5f-4578-853a-172e98e003f0,EMIT,ACK,289,36,""
1536.287,receiver,c41d37dc-ae5f-4578-853a-172e98e003f0,RECEIVE,DATA,290,1060,""
1536.290,receiver,c41d37dc-ae5f-4578-853a-172e98e003f0,ACCEPT_DATA,DATA,290,1024,"unique file bytes received"
1536.293,receiver,c41d37dc-ae5f-4578-853a-172e98e003f0,SEND,ACK,290,36,""
1536.303,receiver,c41d37dc-ae5f-4578-853a-172e98e003f0,EMIT,ACK,290,36,""
1536.308,receiver,c41d37dc-ae5f-4578-853a-172e98e003f0,RECEIVE,DATA,291,1060,""
1536.312,receiver,c41d37dc-ae5f-4578-853a-172e98e003f0,ACCEPT_DATA,DATA,291,1024,"unique file bytes received"
1536.314,receiver,c41d37dc-ae5f-4578-853a-172e98e003f0,SEND,ACK,291,36,""
1536.323,receiver,c41d37dc-ae5f-4578-853a-172e98e003f0,EMIT,ACK,291,36,""
1536.329,receiver,c41d37dc-ae5f-4578-853a-172e98e003f0,RECEIVE,DATA,292,1060,""
1536.332,receiver,c41d37dc-ae5f-4578-853a-172e98e003f0,ACCEPT_DATA,DATA,292,1024,"unique file bytes received"
1536.335,receiver,c41d37dc-ae5f-4578-853a-172e98e003f0,SEND,ACK,292,36,""
1536.344,receiver,c41d37dc-ae5f-4578-853a-172e98e003f0,EMIT,ACK,292,36,""
1536.350,receiver,c41d37dc-ae5f-4578-853a-172e98e003f0,RECEIVE,DATA,294,1060,""
1536.353,receiver,c41d37dc-ae5f-4578-853a-172e98e003f0,OUT_OF_ORDER,DATA,294,0,"arrived before missing sequence=293"
1536.356,receiver,c41d37dc-ae5f-4578-853a-172e98e003f0,ACCEPT_DATA,DATA,294,1024,"unique file bytes received"
1536.366,receiver,c41d37dc-ae5f-4578-853a-172e98e003f0,SEND,ACK,294,36,""
1536.375,receiver,c41d37dc-ae5f-4578-853a-172e98e003f0,EMIT,ACK,294,36,""
1536.381,receiver,c41d37dc-ae5f-4578-853a-172e98e003f0,RECEIVE,DATA,295,1060,""
1536.384,receiver,c41d37dc-ae5f-4578-853a-172e98e003f0,OUT_OF_ORDER,DATA,295,0,"arrived before missing sequence=293"
1536.387,receiver,c41d37dc-ae5f-4578-853a-172e98e003f0,ACCEPT_DATA,DATA,295,1024,"unique file bytes received"
1536.389,receiver,c41d37dc-ae5f-4578-853a-172e98e003f0,SEND,ACK,295,36,""
1536.398,receiver,c41d37dc-ae5f-4578-853a-172e98e003f0,EMIT,ACK,295,36,""
1536.404,receiver,c41d37dc-ae5f-4578-853a-172e98e003f0,RECEIVE,DATA,296,1060,""
1536.407,receiver,c41d37dc-ae5f-4578-853a-172e98e003f0,OUT_OF_ORDER,DATA,296,0,"arrived before missing sequence=293"
1536.409,receiver,c41d37dc-ae5f-4578-853a-172e98e003f0,ACCEPT_DATA,DATA,296,1024,"unique file bytes received"
1536.412,receiver,c41d37dc-ae5f-4578-853a-172e98e003f0,SEND,ACK,296,36,""
1536.421,receiver,c41d37dc-ae5f-4578-853a-172e98e003f0,EMIT,ACK,296,36,""
1536.427,receiver,c41d37dc-ae5f-4578-853a-172e98e003f0,RECEIVE,DATA,297,1060,""
1536.431,receiver,c41d37dc-ae5f-4578-853a-172e98e003f0,OUT_OF_ORDER,DATA,297,0,"arrived before missing sequence=293"
1536.433,receiver,c41d37dc-ae5f-4578-853a-172e98e003f0,ACCEPT_DATA,DATA,297,1024,"unique file bytes received"
1536.436,receiver,c41d37dc-ae5f-4578-853a-172e98e003f0,SEND,ACK,297,36,""
1536.445,receiver,c41d37dc-ae5f-4578-853a-172e98e003f0,EMIT,ACK,297,36,""
1536.455,receiver,c41d37dc-ae5f-4578-853a-172e98e003f0,RECEIVE,DATA,298,1060,""
1536.458,receiver,c41d37dc-ae5f-4578-853a-172e98e003f0,OUT_OF_ORDER,DATA,298,0,"arrived before missing sequence=293"
1536.460,receiver,c41d37dc-ae5f-4578-853a-172e98e003f0,ACCEPT_DATA,DATA,298,1024,"unique file bytes received"
1536.463,receiver,c41d37dc-ae5f-4578-853a-172e98e003f0,SEND,ACK,298,36,""
1536.472,receiver,c41d37dc-ae5f-4578-853a-172e98e003f0,EMIT,ACK,298,36,""
1536.477,receiver,c41d37dc-ae5f-4578-853a-172e98e003f0,RECEIVE,DATA,299,1060,""
1536.481,receiver,c41d37dc-ae5f-4578-853a-172e98e003f0,OUT_OF_ORDER,DATA,299,0,"arrived before missing sequence=293"
1536.483,receiver,c41d37dc-ae5f-4578-853a-172e98e003f0,ACCEPT_DATA,DATA,299,1024,"unique file bytes received"
1536.485,receiver,c41d37dc-ae5f-4578-853a-172e98e003f0,SEND,ACK,299,36,""
1536.494,receiver,c41d37dc-ae5f-4578-853a-172e98e003f0,EMIT,ACK,299,36,""
1536.499,receiver,c41d37dc-ae5f-4578-853a-172e98e003f0,RECEIVE,DATA,300,1060,""
1536.502,receiver,c41d37dc-ae5f-4578-853a-172e98e003f0,OUT_OF_ORDER,DATA,300,0,"arrived before missing sequence=293"
1536.517,receiver,c41d37dc-ae5f-4578-853a-172e98e003f0,ACCEPT_DATA,DATA,300,1024,"unique file bytes received"
1536.520,receiver,c41d37dc-ae5f-4578-853a-172e98e003f0,SEND,ACK,300,36,""
1536.528,receiver,c41d37dc-ae5f-4578-853a-172e98e003f0,EMIT,ACK,300,36,""
1536.534,receiver,c41d37dc-ae5f-4578-853a-172e98e003f0,RECEIVE,DATA,301,1060,""
1536.537,receiver,c41d37dc-ae5f-4578-853a-172e98e003f0,OUT_OF_ORDER,DATA,301,0,"arrived before missing sequence=293"
1536.540,receiver,c41d37dc-ae5f-4578-853a-172e98e003f0,ACCEPT_DATA,DATA,301,1024,"unique file bytes received"
1536.542,receiver,c41d37dc-ae5f-4578-853a-172e98e003f0,SEND,ACK,301,36,""
1536.550,receiver,c41d37dc-ae5f-4578-853a-172e98e003f0,EMIT,ACK,301,36,""
1536.556,receiver,c41d37dc-ae5f-4578-853a-172e98e003f0,RECEIVE,DATA,302,1060,""
1536.559,receiver,c41d37dc-ae5f-4578-853a-172e98e003f0,OUT_OF_ORDER,DATA,302,0,"arrived before missing sequence=293"
1536.561,receiver,c41d37dc-ae5f-4578-853a-172e98e003f0,ACCEPT_DATA,DATA,302,1024,"unique file bytes received"
1536.564,receiver,c41d37dc-ae5f-4578-853a-172e98e003f0,SEND,ACK,302,36,""
1536.572,receiver,c41d37dc-ae5f-4578-853a-172e98e003f0,EMIT,ACK,302,36,""
1536.581,receiver,c41d37dc-ae5f-4578-853a-172e98e003f0,RECEIVE,DATA,303,1060,""
1536.584,receiver,c41d37dc-ae5f-4578-853a-172e98e003f0,OUT_OF_ORDER,DATA,303,0,"arrived before missing sequence=293"
1536.587,receiver,c41d37dc-ae5f-4578-853a-172e98e003f0,ACCEPT_DATA,DATA,303,1024,"unique file bytes received"
1536.589,receiver,c41d37dc-ae5f-4578-853a-172e98e003f0,SEND,ACK,303,36,""
1536.596,receiver,c41d37dc-ae5f-4578-853a-172e98e003f0,EMIT,ACK,303,36,""
1536.603,receiver,c41d37dc-ae5f-4578-853a-172e98e003f0,RECEIVE,DATA,304,1060,""
1536.605,receiver,c41d37dc-ae5f-4578-853a-172e98e003f0,OUT_OF_ORDER,DATA,304,0,"arrived before missing sequence=293"
1536.608,receiver,c41d37dc-ae5f-4578-853a-172e98e003f0,ACCEPT_DATA,DATA,304,1024,"unique file bytes received"
1536.610,receiver,c41d37dc-ae5f-4578-853a-172e98e003f0,SEND,ACK,304,36,""
1536.618,receiver,c41d37dc-ae5f-4578-853a-172e98e003f0,EMIT,ACK,304,36,""
1536.624,receiver,c41d37dc-ae5f-4578-853a-172e98e003f0,RECEIVE,DATA,305,1060,""
1536.626,receiver,c41d37dc-ae5f-4578-853a-172e98e003f0,OUT_OF_ORDER,DATA,305,0,"arrived before missing sequence=293"
1536.629,receiver,c41d37dc-ae5f-4578-853a-172e98e003f0,ACCEPT_DATA,DATA,305,1024,"unique file bytes received"
1536.632,receiver,c41d37dc-ae5f-4578-853a-172e98e003f0,SEND,ACK,305,36,""
1536.639,receiver,c41d37dc-ae5f-4578-853a-172e98e003f0,EMIT,ACK,305,36,""
1536.645,receiver,c41d37dc-ae5f-4578-853a-172e98e003f0,RECEIVE,DATA,306,1060,""
1536.648,receiver,c41d37dc-ae5f-4578-853a-172e98e003f0,OUT_OF_ORDER,DATA,306,0,"arrived before missing sequence=293"
1536.651,receiver,c41d37dc-ae5f-4578-853a-172e98e003f0,ACCEPT_DATA,DATA,306,1024,"unique file bytes received"
1536.653,receiver,c41d37dc-ae5f-4578-853a-172e98e003f0,SEND,ACK,306,36,""
1536.661,receiver,c41d37dc-ae5f-4578-853a-172e98e003f0,EMIT,ACK,306,36,""
1536.667,receiver,c41d37dc-ae5f-4578-853a-172e98e003f0,RECEIVE,DATA,307,1060,""
1536.670,receiver,c41d37dc-ae5f-4578-853a-172e98e003f0,OUT_OF_ORDER,DATA,307,0,"arrived before missing sequence=293"
1536.673,receiver,c41d37dc-ae5f-4578-853a-172e98e003f0,ACCEPT_DATA,DATA,307,1024,"unique file bytes received"
1536.676,receiver,c41d37dc-ae5f-4578-853a-172e98e003f0,SEND,ACK,307,36,""
1536.683,receiver,c41d37dc-ae5f-4578-853a-172e98e003f0,EMIT,ACK,307,36,""
1536.689,receiver,c41d37dc-ae5f-4578-853a-172e98e003f0,RECEIVE,DATA,308,1060,""
1536.693,receiver,c41d37dc-ae5f-4578-853a-172e98e003f0,OUT_OF_ORDER,DATA,308,0,"arrived before missing sequence=293"
1536.699,receiver,c41d37dc-ae5f-4578-853a-172e98e003f0,ACCEPT_DATA,DATA,308,1024,"unique file bytes received"
1536.702,receiver,c41d37dc-ae5f-4578-853a-172e98e003f0,SEND,ACK,308,36,""
1536.710,receiver,c41d37dc-ae5f-4578-853a-172e98e003f0,EMIT,ACK,308,36,""
1536.728,receiver,c41d37dc-ae5f-4578-853a-172e98e003f0,RECEIVE,DATA,309,1060,""
1536.731,receiver,c41d37dc-ae5f-4578-853a-172e98e003f0,OUT_OF_ORDER,DATA,309,0,"arrived before missing sequence=293"
1536.734,receiver,c41d37dc-ae5f-4578-853a-172e98e003f0,ACCEPT_DATA,DATA,309,1024,"unique file bytes received"
1536.737,receiver,c41d37dc-ae5f-4578-853a-172e98e003f0,SEND,ACK,309,36,""
1536.745,receiver,c41d37dc-ae5f-4578-853a-172e98e003f0,EMIT,ACK,309,36,""
1536.751,receiver,c41d37dc-ae5f-4578-853a-172e98e003f0,RECEIVE,DATA,310,1060,""
1536.754,receiver,c41d37dc-ae5f-4578-853a-172e98e003f0,OUT_OF_ORDER,DATA,310,0,"arrived before missing sequence=293"
1536.757,receiver,c41d37dc-ae5f-4578-853a-172e98e003f0,ACCEPT_DATA,DATA,310,1024,"unique file bytes received"
1536.760,receiver,c41d37dc-ae5f-4578-853a-172e98e003f0,SEND,ACK,310,36,""
1536.768,receiver,c41d37dc-ae5f-4578-853a-172e98e003f0,EMIT,ACK,310,36,""
1536.774,receiver,c41d37dc-ae5f-4578-853a-172e98e003f0,RECEIVE,DATA,311,1060,""
1536.778,receiver,c41d37dc-ae5f-4578-853a-172e98e003f0,OUT_OF_ORDER,DATA,311,0,"arrived before missing sequence=293"
1536.780,receiver,c41d37dc-ae5f-4578-853a-172e98e003f0,ACCEPT_DATA,DATA,311,1024,"unique file bytes received"
1536.783,receiver,c41d37dc-ae5f-4578-853a-172e98e003f0,SEND,ACK,311,36,""
1536.791,receiver,c41d37dc-ae5f-4578-853a-172e98e003f0,EMIT,ACK,311,36,""
1536.797,receiver,c41d37dc-ae5f-4578-853a-172e98e003f0,RECEIVE,DATA,313,1060,""
1536.801,receiver,c41d37dc-ae5f-4578-853a-172e98e003f0,OUT_OF_ORDER,DATA,313,0,"arrived before missing sequence=293"
1536.804,receiver,c41d37dc-ae5f-4578-853a-172e98e003f0,ACCEPT_DATA,DATA,313,1024,"unique file bytes received"
1536.806,receiver,c41d37dc-ae5f-4578-853a-172e98e003f0,SEND,ACK,313,36,""
1536.821,receiver,c41d37dc-ae5f-4578-853a-172e98e003f0,EMIT,ACK,313,36,""
1536.829,receiver,c41d37dc-ae5f-4578-853a-172e98e003f0,RECEIVE,DATA,314,1060,""
1536.833,receiver,c41d37dc-ae5f-4578-853a-172e98e003f0,OUT_OF_ORDER,DATA,314,0,"arrived before missing sequence=293"
1536.835,receiver,c41d37dc-ae5f-4578-853a-172e98e003f0,ACCEPT_DATA,DATA,314,1024,"unique file bytes received"
1536.838,receiver,c41d37dc-ae5f-4578-853a-172e98e003f0,SEND,ACK,314,36,""
1536.848,receiver,c41d37dc-ae5f-4578-853a-172e98e003f0,EMIT,ACK,314,36,""
1536.855,receiver,c41d37dc-ae5f-4578-853a-172e98e003f0,RECEIVE,DATA,315,1060,""
1536.858,receiver,c41d37dc-ae5f-4578-853a-172e98e003f0,OUT_OF_ORDER,DATA,315,0,"arrived before missing sequence=293"
1536.860,receiver,c41d37dc-ae5f-4578-853a-172e98e003f0,ACCEPT_DATA,DATA,315,1024,"unique file bytes received"
1536.863,receiver,c41d37dc-ae5f-4578-853a-172e98e003f0,SEND,ACK,315,36,""
1536.874,receiver,c41d37dc-ae5f-4578-853a-172e98e003f0,EMIT,ACK,315,36,""
1536.882,receiver,c41d37dc-ae5f-4578-853a-172e98e003f0,RECEIVE,DATA,316,1060,""
1536.885,receiver,c41d37dc-ae5f-4578-853a-172e98e003f0,OUT_OF_ORDER,DATA,316,0,"arrived before missing sequence=293"
1536.888,receiver,c41d37dc-ae5f-4578-853a-172e98e003f0,ACCEPT_DATA,DATA,316,1024,"unique file bytes received"
1536.891,receiver,c41d37dc-ae5f-4578-853a-172e98e003f0,SEND,ACK,316,36,""
1536.899,receiver,c41d37dc-ae5f-4578-853a-172e98e003f0,EMIT,ACK,316,36,""
1536.905,receiver,c41d37dc-ae5f-4578-853a-172e98e003f0,RECEIVE,DATA,317,1060,""
1536.909,receiver,c41d37dc-ae5f-4578-853a-172e98e003f0,OUT_OF_ORDER,DATA,317,0,"arrived before missing sequence=293"
1536.912,receiver,c41d37dc-ae5f-4578-853a-172e98e003f0,ACCEPT_DATA,DATA,317,1024,"unique file bytes received"
1536.914,receiver,c41d37dc-ae5f-4578-853a-172e98e003f0,SEND,ACK,317,36,""
1536.922,receiver,c41d37dc-ae5f-4578-853a-172e98e003f0,EMIT,ACK,317,36,""
1536.928,receiver,c41d37dc-ae5f-4578-853a-172e98e003f0,RECEIVE,DATA,318,1060,""
1536.931,receiver,c41d37dc-ae5f-4578-853a-172e98e003f0,OUT_OF_ORDER,DATA,318,0,"arrived before missing sequence=293"
1536.934,receiver,c41d37dc-ae5f-4578-853a-172e98e003f0,ACCEPT_DATA,DATA,318,1024,"unique file bytes received"
1536.937,receiver,c41d37dc-ae5f-4578-853a-172e98e003f0,SEND,ACK,318,36,""
1536.946,receiver,c41d37dc-ae5f-4578-853a-172e98e003f0,EMIT,ACK,318,36,""
1536.952,receiver,c41d37dc-ae5f-4578-853a-172e98e003f0,RECEIVE,DATA,319,1060,""
1536.955,receiver,c41d37dc-ae5f-4578-853a-172e98e003f0,OUT_OF_ORDER,DATA,319,0,"arrived before missing sequence=293"
1536.958,receiver,c41d37dc-ae5f-4578-853a-172e98e003f0,ACCEPT_DATA,DATA,319,1024,"unique file bytes received"
1536.961,receiver,c41d37dc-ae5f-4578-853a-172e98e003f0,SEND,ACK,319,36,""
1536.969,receiver,c41d37dc-ae5f-4578-853a-172e98e003f0,EMIT,ACK,319,36,""
1536.975,receiver,c41d37dc-ae5f-4578-853a-172e98e003f0,RECEIVE,DATA,320,1060,""
1536.978,receiver,c41d37dc-ae5f-4578-853a-172e98e003f0,OUT_OF_ORDER,DATA,320,0,"arrived before missing sequence=293"
1536.981,receiver,c41d37dc-ae5f-4578-853a-172e98e003f0,ACCEPT_DATA,DATA,320,1024,"unique file bytes received"
1536.984,receiver,c41d37dc-ae5f-4578-853a-172e98e003f0,SEND,ACK,320,36,""
1536.992,receiver,c41d37dc-ae5f-4578-853a-172e98e003f0,EMIT,ACK,320,36,""
1536.998,receiver,c41d37dc-ae5f-4578-853a-172e98e003f0,RECEIVE,DATA,321,1060,""
1537.001,receiver,c41d37dc-ae5f-4578-853a-172e98e003f0,OUT_OF_ORDER,DATA,321,0,"arrived before missing sequence=293"
1537.004,receiver,c41d37dc-ae5f-4578-853a-172e98e003f0,ACCEPT_DATA,DATA,321,1024,"unique file bytes received"
1537.007,receiver,c41d37dc-ae5f-4578-853a-172e98e003f0,SEND,ACK,321,36,""
1537.017,receiver,c41d37dc-ae5f-4578-853a-172e98e003f0,EMIT,ACK,321,36,""
1537.025,receiver,c41d37dc-ae5f-4578-853a-172e98e003f0,RECEIVE,DATA,322,1060,""
1537.028,receiver,c41d37dc-ae5f-4578-853a-172e98e003f0,OUT_OF_ORDER,DATA,322,0,"arrived before missing sequence=293"
1537.031,receiver,c41d37dc-ae5f-4578-853a-172e98e003f0,ACCEPT_DATA,DATA,322,1024,"unique file bytes received"
1537.034,receiver,c41d37dc-ae5f-4578-853a-172e98e003f0,SEND,ACK,322,36,""
1537.042,receiver,c41d37dc-ae5f-4578-853a-172e98e003f0,EMIT,ACK,322,36,""
1537.048,receiver,c41d37dc-ae5f-4578-853a-172e98e003f0,RECEIVE,DATA,323,1060,""
1537.051,receiver,c41d37dc-ae5f-4578-853a-172e98e003f0,OUT_OF_ORDER,DATA,323,0,"arrived before missing sequence=293"
1537.054,receiver,c41d37dc-ae5f-4578-853a-172e98e003f0,ACCEPT_DATA,DATA,323,1024,"unique file bytes received"
1537.056,receiver,c41d37dc-ae5f-4578-853a-172e98e003f0,SEND,ACK,323,36,""
1537.064,receiver,c41d37dc-ae5f-4578-853a-172e98e003f0,EMIT,ACK,323,36,""
1537.070,receiver,c41d37dc-ae5f-4578-853a-172e98e003f0,RECEIVE,DATA,324,1060,""
1537.074,receiver,c41d37dc-ae5f-4578-853a-172e98e003f0,OUT_OF_ORDER,DATA,324,0,"arrived before missing sequence=293"
1537.076,receiver,c41d37dc-ae5f-4578-853a-172e98e003f0,ACCEPT_DATA,DATA,324,1024,"unique file bytes received"
1537.079,receiver,c41d37dc-ae5f-4578-853a-172e98e003f0,SEND,ACK,324,36,""
1537.089,receiver,c41d37dc-ae5f-4578-853a-172e98e003f0,EMIT,ACK,324,36,""
1800.780,receiver,c41d37dc-ae5f-4578-853a-172e98e003f0,RECEIVE,DATA,293,1060,""
1800.802,receiver,c41d37dc-ae5f-4578-853a-172e98e003f0,ACCEPT_DATA,DATA,293,1024,"unique file bytes received"
1800.808,receiver,c41d37dc-ae5f-4578-853a-172e98e003f0,SEND,ACK,293,36,""
1800.858,receiver,c41d37dc-ae5f-4578-853a-172e98e003f0,EMIT,ACK,293,36,""
1800.885,receiver,c41d37dc-ae5f-4578-853a-172e98e003f0,RECEIVE,DATA,312,1060,""
1800.895,receiver,c41d37dc-ae5f-4578-853a-172e98e003f0,ACCEPT_DATA,DATA,312,1024,"unique file bytes received"
1800.899,receiver,c41d37dc-ae5f-4578-853a-172e98e003f0,SEND,ACK,312,36,""
1800.911,receiver,c41d37dc-ae5f-4578-853a-172e98e003f0,EMIT,ACK,312,36,""
1801.078,receiver,c41d37dc-ae5f-4578-853a-172e98e003f0,RECEIVE,DATA,325,1060,""
1801.094,receiver,c41d37dc-ae5f-4578-853a-172e98e003f0,ACCEPT_DATA,DATA,325,1024,"unique file bytes received"
1801.099,receiver,c41d37dc-ae5f-4578-853a-172e98e003f0,SEND,ACK,325,36,""
1801.142,receiver,c41d37dc-ae5f-4578-853a-172e98e003f0,EMIT,ACK,325,36,""
1801.160,receiver,c41d37dc-ae5f-4578-853a-172e98e003f0,RECEIVE,DATA,326,1060,""
1801.165,receiver,c41d37dc-ae5f-4578-853a-172e98e003f0,ACCEPT_DATA,DATA,326,1024,"unique file bytes received"
1801.169,receiver,c41d37dc-ae5f-4578-853a-172e98e003f0,SEND,ACK,326,36,""
1801.245,receiver,c41d37dc-ae5f-4578-853a-172e98e003f0,EMIT,ACK,326,36,""
1801.255,receiver,c41d37dc-ae5f-4578-853a-172e98e003f0,RECEIVE,DATA,328,1060,""
1801.259,receiver,c41d37dc-ae5f-4578-853a-172e98e003f0,OUT_OF_ORDER,DATA,328,0,"arrived before missing sequence=327"
1801.264,receiver,c41d37dc-ae5f-4578-853a-172e98e003f0,ACCEPT_DATA,DATA,328,1024,"unique file bytes received"
1801.267,receiver,c41d37dc-ae5f-4578-853a-172e98e003f0,SEND,ACK,328,36,""
1801.279,receiver,c41d37dc-ae5f-4578-853a-172e98e003f0,EMIT,ACK,328,36,""
1801.296,receiver,c41d37dc-ae5f-4578-853a-172e98e003f0,RECEIVE,DATA,329,1060,""
1801.301,receiver,c41d37dc-ae5f-4578-853a-172e98e003f0,OUT_OF_ORDER,DATA,329,0,"arrived before missing sequence=327"
1801.304,receiver,c41d37dc-ae5f-4578-853a-172e98e003f0,ACCEPT_DATA,DATA,329,1024,"unique file bytes received"
1801.308,receiver,c41d37dc-ae5f-4578-853a-172e98e003f0,SEND,ACK,329,36,""
1801.320,receiver,c41d37dc-ae5f-4578-853a-172e98e003f0,EMIT,ACK,329,36,""
1801.329,receiver,c41d37dc-ae5f-4578-853a-172e98e003f0,RECEIVE,DATA,330,1060,""
1801.333,receiver,c41d37dc-ae5f-4578-853a-172e98e003f0,OUT_OF_ORDER,DATA,330,0,"arrived before missing sequence=327"
1801.337,receiver,c41d37dc-ae5f-4578-853a-172e98e003f0,ACCEPT_DATA,DATA,330,1024,"unique file bytes received"
1801.341,receiver,c41d37dc-ae5f-4578-853a-172e98e003f0,SEND,ACK,330,36,""
1801.352,receiver,c41d37dc-ae5f-4578-853a-172e98e003f0,EMIT,ACK,330,36,""
1801.361,receiver,c41d37dc-ae5f-4578-853a-172e98e003f0,RECEIVE,DATA,331,1060,""
1801.365,receiver,c41d37dc-ae5f-4578-853a-172e98e003f0,OUT_OF_ORDER,DATA,331,0,"arrived before missing sequence=327"
1801.369,receiver,c41d37dc-ae5f-4578-853a-172e98e003f0,ACCEPT_DATA,DATA,331,1024,"unique file bytes received"
1801.373,receiver,c41d37dc-ae5f-4578-853a-172e98e003f0,SEND,ACK,331,36,""
1801.385,receiver,c41d37dc-ae5f-4578-853a-172e98e003f0,EMIT,ACK,331,36,""
1801.393,receiver,c41d37dc-ae5f-4578-853a-172e98e003f0,RECEIVE,DATA,332,1060,""
1801.397,receiver,c41d37dc-ae5f-4578-853a-172e98e003f0,OUT_OF_ORDER,DATA,332,0,"arrived before missing sequence=327"
1801.401,receiver,c41d37dc-ae5f-4578-853a-172e98e003f0,ACCEPT_DATA,DATA,332,1024,"unique file bytes received"
1801.405,receiver,c41d37dc-ae5f-4578-853a-172e98e003f0,SEND,ACK,332,36,""
1801.416,receiver,c41d37dc-ae5f-4578-853a-172e98e003f0,EMIT,ACK,332,36,""
1801.425,receiver,c41d37dc-ae5f-4578-853a-172e98e003f0,RECEIVE,DATA,333,1060,""
1801.429,receiver,c41d37dc-ae5f-4578-853a-172e98e003f0,OUT_OF_ORDER,DATA,333,0,"arrived before missing sequence=327"
1801.433,receiver,c41d37dc-ae5f-4578-853a-172e98e003f0,ACCEPT_DATA,DATA,333,1024,"unique file bytes received"
1801.436,receiver,c41d37dc-ae5f-4578-853a-172e98e003f0,SEND,ACK,333,36,""
1801.447,receiver,c41d37dc-ae5f-4578-853a-172e98e003f0,EMIT,ACK,333,36,""
1801.456,receiver,c41d37dc-ae5f-4578-853a-172e98e003f0,RECEIVE,DATA,334,1060,""
1801.460,receiver,c41d37dc-ae5f-4578-853a-172e98e003f0,OUT_OF_ORDER,DATA,334,0,"arrived before missing sequence=327"
1801.464,receiver,c41d37dc-ae5f-4578-853a-172e98e003f0,ACCEPT_DATA,DATA,334,1024,"unique file bytes received"
1801.467,receiver,c41d37dc-ae5f-4578-853a-172e98e003f0,SEND,ACK,334,36,""
1801.478,receiver,c41d37dc-ae5f-4578-853a-172e98e003f0,EMIT,ACK,334,36,""
1801.486,receiver,c41d37dc-ae5f-4578-853a-172e98e003f0,RECEIVE,DATA,335,1060,""
1801.490,receiver,c41d37dc-ae5f-4578-853a-172e98e003f0,OUT_OF_ORDER,DATA,335,0,"arrived before missing sequence=327"
1801.494,receiver,c41d37dc-ae5f-4578-853a-172e98e003f0,ACCEPT_DATA,DATA,335,1024,"unique file bytes received"
1801.498,receiver,c41d37dc-ae5f-4578-853a-172e98e003f0,SEND,ACK,335,36,""
1801.508,receiver,c41d37dc-ae5f-4578-853a-172e98e003f0,EMIT,ACK,335,36,""
1801.516,receiver,c41d37dc-ae5f-4578-853a-172e98e003f0,RECEIVE,DATA,336,1060,""
1801.521,receiver,c41d37dc-ae5f-4578-853a-172e98e003f0,OUT_OF_ORDER,DATA,336,0,"arrived before missing sequence=327"
1801.524,receiver,c41d37dc-ae5f-4578-853a-172e98e003f0,ACCEPT_DATA,DATA,336,1024,"unique file bytes received"
1801.528,receiver,c41d37dc-ae5f-4578-853a-172e98e003f0,SEND,ACK,336,36,""
1801.538,receiver,c41d37dc-ae5f-4578-853a-172e98e003f0,EMIT,ACK,336,36,""
1801.547,receiver,c41d37dc-ae5f-4578-853a-172e98e003f0,RECEIVE,DATA,337,1060,""
1801.551,receiver,c41d37dc-ae5f-4578-853a-172e98e003f0,OUT_OF_ORDER,DATA,337,0,"arrived before missing sequence=327"
1801.555,receiver,c41d37dc-ae5f-4578-853a-172e98e003f0,ACCEPT_DATA,DATA,337,1024,"unique file bytes received"
1801.558,receiver,c41d37dc-ae5f-4578-853a-172e98e003f0,SEND,ACK,337,36,""
1801.569,receiver,c41d37dc-ae5f-4578-853a-172e98e003f0,EMIT,ACK,337,36,""
1801.577,receiver,c41d37dc-ae5f-4578-853a-172e98e003f0,RECEIVE,DATA,338,1060,""
1801.581,receiver,c41d37dc-ae5f-4578-853a-172e98e003f0,OUT_OF_ORDER,DATA,338,0,"arrived before missing sequence=327"
1801.585,receiver,c41d37dc-ae5f-4578-853a-172e98e003f0,ACCEPT_DATA,DATA,338,1024,"unique file bytes received"
1801.589,receiver,c41d37dc-ae5f-4578-853a-172e98e003f0,SEND,ACK,338,36,""
1801.606,receiver,c41d37dc-ae5f-4578-853a-172e98e003f0,EMIT,ACK,338,36,""
1801.617,receiver,c41d37dc-ae5f-4578-853a-172e98e003f0,RECEIVE,DATA,339,1060,""
1801.622,receiver,c41d37dc-ae5f-4578-853a-172e98e003f0,OUT_OF_ORDER,DATA,339,0,"arrived before missing sequence=327"
1801.626,receiver,c41d37dc-ae5f-4578-853a-172e98e003f0,ACCEPT_DATA,DATA,339,1024,"unique file bytes received"
1801.629,receiver,c41d37dc-ae5f-4578-853a-172e98e003f0,SEND,ACK,339,36,""
1801.643,receiver,c41d37dc-ae5f-4578-853a-172e98e003f0,EMIT,ACK,339,36,""
1801.653,receiver,c41d37dc-ae5f-4578-853a-172e98e003f0,RECEIVE,DATA,340,1060,""
1801.658,receiver,c41d37dc-ae5f-4578-853a-172e98e003f0,OUT_OF_ORDER,DATA,340,0,"arrived before missing sequence=327"
1801.662,receiver,c41d37dc-ae5f-4578-853a-172e98e003f0,ACCEPT_DATA,DATA,340,1024,"unique file bytes received"
1801.665,receiver,c41d37dc-ae5f-4578-853a-172e98e003f0,SEND,ACK,340,36,""
1801.679,receiver,c41d37dc-ae5f-4578-853a-172e98e003f0,EMIT,ACK,340,36,""
1801.689,receiver,c41d37dc-ae5f-4578-853a-172e98e003f0,RECEIVE,DATA,341,1060,""
1801.694,receiver,c41d37dc-ae5f-4578-853a-172e98e003f0,OUT_OF_ORDER,DATA,341,0,"arrived before missing sequence=327"
1801.697,receiver,c41d37dc-ae5f-4578-853a-172e98e003f0,ACCEPT_DATA,DATA,341,1024,"unique file bytes received"
1801.701,receiver,c41d37dc-ae5f-4578-853a-172e98e003f0,SEND,ACK,341,36,""
1801.714,receiver,c41d37dc-ae5f-4578-853a-172e98e003f0,EMIT,ACK,341,36,""
1801.725,receiver,c41d37dc-ae5f-4578-853a-172e98e003f0,RECEIVE,DATA,342,1060,""
1801.729,receiver,c41d37dc-ae5f-4578-853a-172e98e003f0,OUT_OF_ORDER,DATA,342,0,"arrived before missing sequence=327"
1801.733,receiver,c41d37dc-ae5f-4578-853a-172e98e003f0,ACCEPT_DATA,DATA,342,1024,"unique file bytes received"
1801.737,receiver,c41d37dc-ae5f-4578-853a-172e98e003f0,SEND,ACK,342,36,""
1801.750,receiver,c41d37dc-ae5f-4578-853a-172e98e003f0,EMIT,ACK,342,36,""
1801.760,receiver,c41d37dc-ae5f-4578-853a-172e98e003f0,RECEIVE,DATA,343,1060,""
1801.765,receiver,c41d37dc-ae5f-4578-853a-172e98e003f0,OUT_OF_ORDER,DATA,343,0,"arrived before missing sequence=327"
1801.769,receiver,c41d37dc-ae5f-4578-853a-172e98e003f0,ACCEPT_DATA,DATA,343,1024,"unique file bytes received"
1801.772,receiver,c41d37dc-ae5f-4578-853a-172e98e003f0,SEND,ACK,343,36,""
1801.783,receiver,c41d37dc-ae5f-4578-853a-172e98e003f0,EMIT,ACK,343,36,""
1801.791,receiver,c41d37dc-ae5f-4578-853a-172e98e003f0,RECEIVE,DATA,344,1060,""
1801.799,receiver,c41d37dc-ae5f-4578-853a-172e98e003f0,OUT_OF_ORDER,DATA,344,0,"arrived before missing sequence=327"
1801.803,receiver,c41d37dc-ae5f-4578-853a-172e98e003f0,ACCEPT_DATA,DATA,344,1024,"unique file bytes received"
1801.806,receiver,c41d37dc-ae5f-4578-853a-172e98e003f0,SEND,ACK,344,36,""
1801.817,receiver,c41d37dc-ae5f-4578-853a-172e98e003f0,EMIT,ACK,344,36,""
1801.824,receiver,c41d37dc-ae5f-4578-853a-172e98e003f0,RECEIVE,DATA,345,1060,""
1801.829,receiver,c41d37dc-ae5f-4578-853a-172e98e003f0,OUT_OF_ORDER,DATA,345,0,"arrived before missing sequence=327"
1801.832,receiver,c41d37dc-ae5f-4578-853a-172e98e003f0,ACCEPT_DATA,DATA,345,1024,"unique file bytes received"
1801.852,receiver,c41d37dc-ae5f-4578-853a-172e98e003f0,SEND,ACK,345,36,""
1801.863,receiver,c41d37dc-ae5f-4578-853a-172e98e003f0,EMIT,ACK,345,36,""
1801.873,receiver,c41d37dc-ae5f-4578-853a-172e98e003f0,RECEIVE,DATA,346,1060,""
1801.878,receiver,c41d37dc-ae5f-4578-853a-172e98e003f0,OUT_OF_ORDER,DATA,346,0,"arrived before missing sequence=327"
1801.882,receiver,c41d37dc-ae5f-4578-853a-172e98e003f0,ACCEPT_DATA,DATA,346,1024,"unique file bytes received"
1801.885,receiver,c41d37dc-ae5f-4578-853a-172e98e003f0,SEND,ACK,346,36,""
1801.905,receiver,c41d37dc-ae5f-4578-853a-172e98e003f0,EMIT,ACK,346,36,""
1801.913,receiver,c41d37dc-ae5f-4578-853a-172e98e003f0,RECEIVE,DATA,347,1060,""
1801.918,receiver,c41d37dc-ae5f-4578-853a-172e98e003f0,OUT_OF_ORDER,DATA,347,0,"arrived before missing sequence=327"
1801.921,receiver,c41d37dc-ae5f-4578-853a-172e98e003f0,ACCEPT_DATA,DATA,347,1024,"unique file bytes received"
1801.927,receiver,c41d37dc-ae5f-4578-853a-172e98e003f0,SEND,ACK,347,36,""
1801.938,receiver,c41d37dc-ae5f-4578-853a-172e98e003f0,EMIT,ACK,347,36,""
1801.946,receiver,c41d37dc-ae5f-4578-853a-172e98e003f0,RECEIVE,DATA,348,1060,""
1801.950,receiver,c41d37dc-ae5f-4578-853a-172e98e003f0,OUT_OF_ORDER,DATA,348,0,"arrived before missing sequence=327"
1801.954,receiver,c41d37dc-ae5f-4578-853a-172e98e003f0,ACCEPT_DATA,DATA,348,1024,"unique file bytes received"
1801.958,receiver,c41d37dc-ae5f-4578-853a-172e98e003f0,SEND,ACK,348,36,""
1801.969,receiver,c41d37dc-ae5f-4578-853a-172e98e003f0,EMIT,ACK,348,36,""
1801.975,receiver,c41d37dc-ae5f-4578-853a-172e98e003f0,RECEIVE,DATA,349,1060,""
1801.977,receiver,c41d37dc-ae5f-4578-853a-172e98e003f0,OUT_OF_ORDER,DATA,349,0,"arrived before missing sequence=327"
1801.980,receiver,c41d37dc-ae5f-4578-853a-172e98e003f0,ACCEPT_DATA,DATA,349,1024,"unique file bytes received"
1801.982,receiver,c41d37dc-ae5f-4578-853a-172e98e003f0,SEND,ACK,349,36,""
1801.989,receiver,c41d37dc-ae5f-4578-853a-172e98e003f0,EMIT,ACK,349,36,""
1801.994,receiver,c41d37dc-ae5f-4578-853a-172e98e003f0,RECEIVE,DATA,350,1060,""
1801.996,receiver,c41d37dc-ae5f-4578-853a-172e98e003f0,OUT_OF_ORDER,DATA,350,0,"arrived before missing sequence=327"
1801.999,receiver,c41d37dc-ae5f-4578-853a-172e98e003f0,ACCEPT_DATA,DATA,350,1024,"unique file bytes received"
1802.001,receiver,c41d37dc-ae5f-4578-853a-172e98e003f0,SEND,ACK,350,36,""
1802.008,receiver,c41d37dc-ae5f-4578-853a-172e98e003f0,EMIT,ACK,350,36,""
1802.013,receiver,c41d37dc-ae5f-4578-853a-172e98e003f0,RECEIVE,DATA,351,1060,""
1802.015,receiver,c41d37dc-ae5f-4578-853a-172e98e003f0,OUT_OF_ORDER,DATA,351,0,"arrived before missing sequence=327"
1802.018,receiver,c41d37dc-ae5f-4578-853a-172e98e003f0,ACCEPT_DATA,DATA,351,1024,"unique file bytes received"
1802.020,receiver,c41d37dc-ae5f-4578-853a-172e98e003f0,SEND,ACK,351,36,""
1802.027,receiver,c41d37dc-ae5f-4578-853a-172e98e003f0,EMIT,ACK,351,36,""
1802.037,receiver,c41d37dc-ae5f-4578-853a-172e98e003f0,RECEIVE,DATA,352,1060,""
1802.039,receiver,c41d37dc-ae5f-4578-853a-172e98e003f0,OUT_OF_ORDER,DATA,352,0,"arrived before missing sequence=327"
1802.041,receiver,c41d37dc-ae5f-4578-853a-172e98e003f0,ACCEPT_DATA,DATA,352,1024,"unique file bytes received"
1802.044,receiver,c41d37dc-ae5f-4578-853a-172e98e003f0,SEND,ACK,352,36,""
1802.050,receiver,c41d37dc-ae5f-4578-853a-172e98e003f0,EMIT,ACK,352,36,""
1802.055,receiver,c41d37dc-ae5f-4578-853a-172e98e003f0,RECEIVE,DATA,353,1060,""
1802.057,receiver,c41d37dc-ae5f-4578-853a-172e98e003f0,OUT_OF_ORDER,DATA,353,0,"arrived before missing sequence=327"
1802.060,receiver,c41d37dc-ae5f-4578-853a-172e98e003f0,ACCEPT_DATA,DATA,353,1024,"unique file bytes received"
1802.062,receiver,c41d37dc-ae5f-4578-853a-172e98e003f0,SEND,ACK,353,36,""
1802.069,receiver,c41d37dc-ae5f-4578-853a-172e98e003f0,EMIT,ACK,353,36,""
1802.074,receiver,c41d37dc-ae5f-4578-853a-172e98e003f0,RECEIVE,DATA,354,1060,""
1802.076,receiver,c41d37dc-ae5f-4578-853a-172e98e003f0,OUT_OF_ORDER,DATA,354,0,"arrived before missing sequence=327"
1802.079,receiver,c41d37dc-ae5f-4578-853a-172e98e003f0,ACCEPT_DATA,DATA,354,1024,"unique file bytes received"
1802.081,receiver,c41d37dc-ae5f-4578-853a-172e98e003f0,SEND,ACK,354,36,""
1802.087,receiver,c41d37dc-ae5f-4578-853a-172e98e003f0,EMIT,ACK,354,36,""
1802.092,receiver,c41d37dc-ae5f-4578-853a-172e98e003f0,RECEIVE,DATA,355,1060,""
1802.095,receiver,c41d37dc-ae5f-4578-853a-172e98e003f0,OUT_OF_ORDER,DATA,355,0,"arrived before missing sequence=327"
1802.097,receiver,c41d37dc-ae5f-4578-853a-172e98e003f0,ACCEPT_DATA,DATA,355,1024,"unique file bytes received"
1802.099,receiver,c41d37dc-ae5f-4578-853a-172e98e003f0,SEND,ACK,355,36,""
1802.114,receiver,c41d37dc-ae5f-4578-853a-172e98e003f0,EMIT,ACK,355,36,""
1802.119,receiver,c41d37dc-ae5f-4578-853a-172e98e003f0,RECEIVE,DATA,356,1060,""
1802.122,receiver,c41d37dc-ae5f-4578-853a-172e98e003f0,OUT_OF_ORDER,DATA,356,0,"arrived before missing sequence=327"
1802.124,receiver,c41d37dc-ae5f-4578-853a-172e98e003f0,ACCEPT_DATA,DATA,356,1024,"unique file bytes received"
1802.126,receiver,c41d37dc-ae5f-4578-853a-172e98e003f0,SEND,ACK,356,36,""
1802.132,receiver,c41d37dc-ae5f-4578-853a-172e98e003f0,EMIT,ACK,356,36,""
1802.137,receiver,c41d37dc-ae5f-4578-853a-172e98e003f0,RECEIVE,DATA,357,1060,""
1802.140,receiver,c41d37dc-ae5f-4578-853a-172e98e003f0,OUT_OF_ORDER,DATA,357,0,"arrived before missing sequence=327"
1802.142,receiver,c41d37dc-ae5f-4578-853a-172e98e003f0,ACCEPT_DATA,DATA,357,1024,"unique file bytes received"
1802.144,receiver,c41d37dc-ae5f-4578-853a-172e98e003f0,SEND,ACK,357,36,""
1802.150,receiver,c41d37dc-ae5f-4578-853a-172e98e003f0,EMIT,ACK,357,36,""
1802.155,receiver,c41d37dc-ae5f-4578-853a-172e98e003f0,RECEIVE,DATA,358,1060,""
1802.158,receiver,c41d37dc-ae5f-4578-853a-172e98e003f0,OUT_OF_ORDER,DATA,358,0,"arrived before missing sequence=327"
1802.160,receiver,c41d37dc-ae5f-4578-853a-172e98e003f0,ACCEPT_DATA,DATA,358,1024,"unique file bytes received"
1802.162,receiver,c41d37dc-ae5f-4578-853a-172e98e003f0,SEND,ACK,358,36,""
1802.169,receiver,c41d37dc-ae5f-4578-853a-172e98e003f0,EMIT,ACK,358,36,""
2054.777,receiver,c41d37dc-ae5f-4578-853a-172e98e003f0,RECEIVE,DATA,327,1060,""
2054.789,receiver,c41d37dc-ae5f-4578-853a-172e98e003f0,ACCEPT_DATA,DATA,327,1024,"unique file bytes received"
2054.793,receiver,c41d37dc-ae5f-4578-853a-172e98e003f0,SEND,ACK,327,36,""
2054.824,receiver,c41d37dc-ae5f-4578-853a-172e98e003f0,EMIT,ACK,327,36,""
2054.993,receiver,c41d37dc-ae5f-4578-853a-172e98e003f0,RECEIVE,DATA,359,1060,""
2055.006,receiver,c41d37dc-ae5f-4578-853a-172e98e003f0,ACCEPT_DATA,DATA,359,1024,"unique file bytes received"
2055.010,receiver,c41d37dc-ae5f-4578-853a-172e98e003f0,SEND,ACK,359,36,""
2055.040,receiver,c41d37dc-ae5f-4578-853a-172e98e003f0,EMIT,ACK,359,36,""
2055.051,receiver,c41d37dc-ae5f-4578-853a-172e98e003f0,RECEIVE,DATA,360,1060,""
2055.055,receiver,c41d37dc-ae5f-4578-853a-172e98e003f0,ACCEPT_DATA,DATA,360,1024,"unique file bytes received"
2055.057,receiver,c41d37dc-ae5f-4578-853a-172e98e003f0,SEND,ACK,360,36,""
2055.066,receiver,c41d37dc-ae5f-4578-853a-172e98e003f0,EMIT,ACK,360,36,""
2055.073,receiver,c41d37dc-ae5f-4578-853a-172e98e003f0,RECEIVE,DATA,361,1060,""
2055.076,receiver,c41d37dc-ae5f-4578-853a-172e98e003f0,ACCEPT_DATA,DATA,361,1024,"unique file bytes received"
2055.078,receiver,c41d37dc-ae5f-4578-853a-172e98e003f0,SEND,ACK,361,36,""
2055.087,receiver,c41d37dc-ae5f-4578-853a-172e98e003f0,EMIT,ACK,361,36,""
2055.092,receiver,c41d37dc-ae5f-4578-853a-172e98e003f0,RECEIVE,DATA,362,1060,""
2055.095,receiver,c41d37dc-ae5f-4578-853a-172e98e003f0,ACCEPT_DATA,DATA,362,1024,"unique file bytes received"
2055.098,receiver,c41d37dc-ae5f-4578-853a-172e98e003f0,SEND,ACK,362,36,""
2055.106,receiver,c41d37dc-ae5f-4578-853a-172e98e003f0,EMIT,ACK,362,36,""
2055.111,receiver,c41d37dc-ae5f-4578-853a-172e98e003f0,RECEIVE,DATA,363,1060,""
2055.114,receiver,c41d37dc-ae5f-4578-853a-172e98e003f0,ACCEPT_DATA,DATA,363,1024,"unique file bytes received"
2055.117,receiver,c41d37dc-ae5f-4578-853a-172e98e003f0,SEND,ACK,363,36,""
2055.125,receiver,c41d37dc-ae5f-4578-853a-172e98e003f0,EMIT,ACK,363,36,""
2055.197,receiver,c41d37dc-ae5f-4578-853a-172e98e003f0,RECEIVE,DATA,364,1060,""
2055.200,receiver,c41d37dc-ae5f-4578-853a-172e98e003f0,ACCEPT_DATA,DATA,364,1024,"unique file bytes received"
2055.203,receiver,c41d37dc-ae5f-4578-853a-172e98e003f0,SEND,ACK,364,36,""
2055.205,receiver,c41d37dc-ae5f-4578-853a-172e98e003f0,DROP,ACK,364,36,"random shim loss"
2055.211,receiver,c41d37dc-ae5f-4578-853a-172e98e003f0,RECEIVE,DATA,365,1060,""
2055.213,receiver,c41d37dc-ae5f-4578-853a-172e98e003f0,ACCEPT_DATA,DATA,365,1024,"unique file bytes received"
2055.216,receiver,c41d37dc-ae5f-4578-853a-172e98e003f0,SEND,ACK,365,36,""
2055.225,receiver,c41d37dc-ae5f-4578-853a-172e98e003f0,EMIT,ACK,365,36,""
2055.230,receiver,c41d37dc-ae5f-4578-853a-172e98e003f0,RECEIVE,DATA,366,1060,""
2055.233,receiver,c41d37dc-ae5f-4578-853a-172e98e003f0,ACCEPT_DATA,DATA,366,1024,"unique file bytes received"
2055.236,receiver,c41d37dc-ae5f-4578-853a-172e98e003f0,SEND,ACK,366,36,""
2055.244,receiver,c41d37dc-ae5f-4578-853a-172e98e003f0,EMIT,ACK,366,36,""
2055.249,receiver,c41d37dc-ae5f-4578-853a-172e98e003f0,RECEIVE,DATA,367,1060,""
2055.252,receiver,c41d37dc-ae5f-4578-853a-172e98e003f0,ACCEPT_DATA,DATA,367,1024,"unique file bytes received"
2055.255,receiver,c41d37dc-ae5f-4578-853a-172e98e003f0,SEND,ACK,367,36,""
2055.263,receiver,c41d37dc-ae5f-4578-853a-172e98e003f0,EMIT,ACK,367,36,""
2055.268,receiver,c41d37dc-ae5f-4578-853a-172e98e003f0,RECEIVE,DATA,368,1060,""
2055.271,receiver,c41d37dc-ae5f-4578-853a-172e98e003f0,ACCEPT_DATA,DATA,368,1024,"unique file bytes received"
2055.273,receiver,c41d37dc-ae5f-4578-853a-172e98e003f0,SEND,ACK,368,36,""
2055.281,receiver,c41d37dc-ae5f-4578-853a-172e98e003f0,EMIT,ACK,368,36,""
2055.286,receiver,c41d37dc-ae5f-4578-853a-172e98e003f0,RECEIVE,DATA,369,1060,""
2055.289,receiver,c41d37dc-ae5f-4578-853a-172e98e003f0,ACCEPT_DATA,DATA,369,1024,"unique file bytes received"
2055.292,receiver,c41d37dc-ae5f-4578-853a-172e98e003f0,SEND,ACK,369,36,""
2055.299,receiver,c41d37dc-ae5f-4578-853a-172e98e003f0,EMIT,ACK,369,36,""
2055.304,receiver,c41d37dc-ae5f-4578-853a-172e98e003f0,RECEIVE,DATA,370,1060,""
2055.307,receiver,c41d37dc-ae5f-4578-853a-172e98e003f0,ACCEPT_DATA,DATA,370,1024,"unique file bytes received"
2055.309,receiver,c41d37dc-ae5f-4578-853a-172e98e003f0,SEND,ACK,370,36,""
2055.317,receiver,c41d37dc-ae5f-4578-853a-172e98e003f0,EMIT,ACK,370,36,""
2055.322,receiver,c41d37dc-ae5f-4578-853a-172e98e003f0,RECEIVE,DATA,371,1060,""
2055.325,receiver,c41d37dc-ae5f-4578-853a-172e98e003f0,ACCEPT_DATA,DATA,371,1024,"unique file bytes received"
2055.328,receiver,c41d37dc-ae5f-4578-853a-172e98e003f0,SEND,ACK,371,36,""
2055.336,receiver,c41d37dc-ae5f-4578-853a-172e98e003f0,EMIT,ACK,371,36,""
2055.341,receiver,c41d37dc-ae5f-4578-853a-172e98e003f0,RECEIVE,DATA,372,1060,""
2055.347,receiver,c41d37dc-ae5f-4578-853a-172e98e003f0,ACCEPT_DATA,DATA,372,1024,"unique file bytes received"
2055.350,receiver,c41d37dc-ae5f-4578-853a-172e98e003f0,SEND,ACK,372,36,""
2055.358,receiver,c41d37dc-ae5f-4578-853a-172e98e003f0,EMIT,ACK,372,36,""
2055.363,receiver,c41d37dc-ae5f-4578-853a-172e98e003f0,RECEIVE,DATA,373,1060,""
2055.366,receiver,c41d37dc-ae5f-4578-853a-172e98e003f0,ACCEPT_DATA,DATA,373,1024,"unique file bytes received"
2055.369,receiver,c41d37dc-ae5f-4578-853a-172e98e003f0,SEND,ACK,373,36,""
2055.378,receiver,c41d37dc-ae5f-4578-853a-172e98e003f0,EMIT,ACK,373,36,""
2055.383,receiver,c41d37dc-ae5f-4578-853a-172e98e003f0,RECEIVE,DATA,374,1060,""
2055.386,receiver,c41d37dc-ae5f-4578-853a-172e98e003f0,ACCEPT_DATA,DATA,374,1024,"unique file bytes received"
2055.388,receiver,c41d37dc-ae5f-4578-853a-172e98e003f0,SEND,ACK,374,36,""
2055.397,receiver,c41d37dc-ae5f-4578-853a-172e98e003f0,EMIT,ACK,374,36,""
2055.403,receiver,c41d37dc-ae5f-4578-853a-172e98e003f0,RECEIVE,DATA,376,1060,""
2055.406,receiver,c41d37dc-ae5f-4578-853a-172e98e003f0,OUT_OF_ORDER,DATA,376,0,"arrived before missing sequence=375"
2055.408,receiver,c41d37dc-ae5f-4578-853a-172e98e003f0,ACCEPT_DATA,DATA,376,1024,"unique file bytes received"
2055.411,receiver,c41d37dc-ae5f-4578-853a-172e98e003f0,SEND,ACK,376,36,""
2055.419,receiver,c41d37dc-ae5f-4578-853a-172e98e003f0,EMIT,ACK,376,36,""
2055.424,receiver,c41d37dc-ae5f-4578-853a-172e98e003f0,RECEIVE,DATA,377,1060,""
2055.427,receiver,c41d37dc-ae5f-4578-853a-172e98e003f0,OUT_OF_ORDER,DATA,377,0,"arrived before missing sequence=375"
2055.429,receiver,c41d37dc-ae5f-4578-853a-172e98e003f0,ACCEPT_DATA,DATA,377,1024,"unique file bytes received"
2055.432,receiver,c41d37dc-ae5f-4578-853a-172e98e003f0,SEND,ACK,377,36,""
2055.439,receiver,c41d37dc-ae5f-4578-853a-172e98e003f0,EMIT,ACK,377,36,""
2055.444,receiver,c41d37dc-ae5f-4578-853a-172e98e003f0,RECEIVE,DATA,378,1060,""
2055.447,receiver,c41d37dc-ae5f-4578-853a-172e98e003f0,OUT_OF_ORDER,DATA,378,0,"arrived before missing sequence=375"
2055.450,receiver,c41d37dc-ae5f-4578-853a-172e98e003f0,ACCEPT_DATA,DATA,378,1024,"unique file bytes received"
2055.452,receiver,c41d37dc-ae5f-4578-853a-172e98e003f0,SEND,ACK,378,36,""
2055.459,receiver,c41d37dc-ae5f-4578-853a-172e98e003f0,EMIT,ACK,378,36,""
2055.464,receiver,c41d37dc-ae5f-4578-853a-172e98e003f0,RECEIVE,DATA,379,1060,""
2055.467,receiver,c41d37dc-ae5f-4578-853a-172e98e003f0,OUT_OF_ORDER,DATA,379,0,"arrived before missing sequence=375"
2055.469,receiver,c41d37dc-ae5f-4578-853a-172e98e003f0,ACCEPT_DATA,DATA,379,1024,"unique file bytes received"
2055.472,receiver,c41d37dc-ae5f-4578-853a-172e98e003f0,SEND,ACK,379,36,""
2055.479,receiver,c41d37dc-ae5f-4578-853a-172e98e003f0,EMIT,ACK,379,36,""
2055.484,receiver,c41d37dc-ae5f-4578-853a-172e98e003f0,RECEIVE,DATA,380,1060,""
2055.487,receiver,c41d37dc-ae5f-4578-853a-172e98e003f0,OUT_OF_ORDER,DATA,380,0,"arrived before missing sequence=375"
2055.489,receiver,c41d37dc-ae5f-4578-853a-172e98e003f0,ACCEPT_DATA,DATA,380,1024,"unique file bytes received"
2055.492,receiver,c41d37dc-ae5f-4578-853a-172e98e003f0,SEND,ACK,380,36,""
2055.498,receiver,c41d37dc-ae5f-4578-853a-172e98e003f0,EMIT,ACK,380,36,""
2055.504,receiver,c41d37dc-ae5f-4578-853a-172e98e003f0,RECEIVE,DATA,381,1060,""
2055.507,receiver,c41d37dc-ae5f-4578-853a-172e98e003f0,OUT_OF_ORDER,DATA,381,0,"arrived before missing sequence=375"
2055.509,receiver,c41d37dc-ae5f-4578-853a-172e98e003f0,ACCEPT_DATA,DATA,381,1024,"unique file bytes received"
2055.511,receiver,c41d37dc-ae5f-4578-853a-172e98e003f0,SEND,ACK,381,36,""
2055.518,receiver,c41d37dc-ae5f-4578-853a-172e98e003f0,EMIT,ACK,381,36,""
2055.524,receiver,c41d37dc-ae5f-4578-853a-172e98e003f0,RECEIVE,DATA,382,1060,""
2055.527,receiver,c41d37dc-ae5f-4578-853a-172e98e003f0,OUT_OF_ORDER,DATA,382,0,"arrived before missing sequence=375"
2055.529,receiver,c41d37dc-ae5f-4578-853a-172e98e003f0,ACCEPT_DATA,DATA,382,1024,"unique file bytes received"
2055.531,receiver,c41d37dc-ae5f-4578-853a-172e98e003f0,SEND,ACK,382,36,""
2055.538,receiver,c41d37dc-ae5f-4578-853a-172e98e003f0,EMIT,ACK,382,36,""
2055.543,receiver,c41d37dc-ae5f-4578-853a-172e98e003f0,RECEIVE,DATA,383,1060,""
2055.546,receiver,c41d37dc-ae5f-4578-853a-172e98e003f0,OUT_OF_ORDER,DATA,383,0,"arrived before missing sequence=375"
2055.548,receiver,c41d37dc-ae5f-4578-853a-172e98e003f0,ACCEPT_DATA,DATA,383,1024,"unique file bytes received"
2055.551,receiver,c41d37dc-ae5f-4578-853a-172e98e003f0,SEND,ACK,383,36,""
2055.558,receiver,c41d37dc-ae5f-4578-853a-172e98e003f0,EMIT,ACK,383,36,""
2055.563,receiver,c41d37dc-ae5f-4578-853a-172e98e003f0,RECEIVE,DATA,384,1060,""
2055.566,receiver,c41d37dc-ae5f-4578-853a-172e98e003f0,OUT_OF_ORDER,DATA,384,0,"arrived before missing sequence=375"
2055.569,receiver,c41d37dc-ae5f-4578-853a-172e98e003f0,ACCEPT_DATA,DATA,384,1024,"unique file bytes received"
2055.571,receiver,c41d37dc-ae5f-4578-853a-172e98e003f0,SEND,ACK,384,36,""
2055.578,receiver,c41d37dc-ae5f-4578-853a-172e98e003f0,EMIT,ACK,384,36,""
2055.583,receiver,c41d37dc-ae5f-4578-853a-172e98e003f0,RECEIVE,DATA,385,1060,""
2055.586,receiver,c41d37dc-ae5f-4578-853a-172e98e003f0,OUT_OF_ORDER,DATA,385,0,"arrived before missing sequence=375"
2055.589,receiver,c41d37dc-ae5f-4578-853a-172e98e003f0,ACCEPT_DATA,DATA,385,1024,"unique file bytes received"
2055.602,receiver,c41d37dc-ae5f-4578-853a-172e98e003f0,SEND,ACK,385,36,""
2055.609,receiver,c41d37dc-ae5f-4578-853a-172e98e003f0,EMIT,ACK,385,36,""
2055.615,receiver,c41d37dc-ae5f-4578-853a-172e98e003f0,RECEIVE,DATA,386,1060,""
2055.618,receiver,c41d37dc-ae5f-4578-853a-172e98e003f0,OUT_OF_ORDER,DATA,386,0,"arrived before missing sequence=375"
2055.620,receiver,c41d37dc-ae5f-4578-853a-172e98e003f0,ACCEPT_DATA,DATA,386,1024,"unique file bytes received"
2055.622,receiver,c41d37dc-ae5f-4578-853a-172e98e003f0,SEND,ACK,386,36,""
2055.629,receiver,c41d37dc-ae5f-4578-853a-172e98e003f0,EMIT,ACK,386,36,""
2055.635,receiver,c41d37dc-ae5f-4578-853a-172e98e003f0,RECEIVE,DATA,387,1060,""
2055.637,receiver,c41d37dc-ae5f-4578-853a-172e98e003f0,OUT_OF_ORDER,DATA,387,0,"arrived before missing sequence=375"
2055.640,receiver,c41d37dc-ae5f-4578-853a-172e98e003f0,ACCEPT_DATA,DATA,387,1024,"unique file bytes received"
2055.642,receiver,c41d37dc-ae5f-4578-853a-172e98e003f0,SEND,ACK,387,36,""
2055.649,receiver,c41d37dc-ae5f-4578-853a-172e98e003f0,EMIT,ACK,387,36,""
2055.654,receiver,c41d37dc-ae5f-4578-853a-172e98e003f0,RECEIVE,DATA,389,1060,""
2055.657,receiver,c41d37dc-ae5f-4578-853a-172e98e003f0,OUT_OF_ORDER,DATA,389,0,"arrived before missing sequence=375"
2055.660,receiver,c41d37dc-ae5f-4578-853a-172e98e003f0,ACCEPT_DATA,DATA,389,1024,"unique file bytes received"
2055.662,receiver,c41d37dc-ae5f-4578-853a-172e98e003f0,SEND,ACK,389,36,""
2055.669,receiver,c41d37dc-ae5f-4578-853a-172e98e003f0,EMIT,ACK,389,36,""
2055.675,receiver,c41d37dc-ae5f-4578-853a-172e98e003f0,RECEIVE,DATA,391,1060,""
2055.677,receiver,c41d37dc-ae5f-4578-853a-172e98e003f0,OUT_OF_ORDER,DATA,391,0,"arrived before missing sequence=375"
2055.680,receiver,c41d37dc-ae5f-4578-853a-172e98e003f0,ACCEPT_DATA,DATA,391,1024,"unique file bytes received"
2055.682,receiver,c41d37dc-ae5f-4578-853a-172e98e003f0,SEND,ACK,391,36,""
2055.689,receiver,c41d37dc-ae5f-4578-853a-172e98e003f0,EMIT,ACK,391,36,""
2055.695,receiver,c41d37dc-ae5f-4578-853a-172e98e003f0,RECEIVE,DATA,392,1060,""
2055.697,receiver,c41d37dc-ae5f-4578-853a-172e98e003f0,OUT_OF_ORDER,DATA,392,0,"arrived before missing sequence=375"
2055.700,receiver,c41d37dc-ae5f-4578-853a-172e98e003f0,ACCEPT_DATA,DATA,392,1024,"unique file bytes received"
2055.702,receiver,c41d37dc-ae5f-4578-853a-172e98e003f0,SEND,ACK,392,36,""
2055.709,receiver,c41d37dc-ae5f-4578-853a-172e98e003f0,EMIT,ACK,392,36,""
2055.714,receiver,c41d37dc-ae5f-4578-853a-172e98e003f0,RECEIVE,DATA,393,1060,""
2055.717,receiver,c41d37dc-ae5f-4578-853a-172e98e003f0,OUT_OF_ORDER,DATA,393,0,"arrived before missing sequence=375"
2055.720,receiver,c41d37dc-ae5f-4578-853a-172e98e003f0,ACCEPT_DATA,DATA,393,1024,"unique file bytes received"
2055.722,receiver,c41d37dc-ae5f-4578-853a-172e98e003f0,SEND,ACK,393,36,""
2055.735,receiver,c41d37dc-ae5f-4578-853a-172e98e003f0,EMIT,ACK,393,36,""
2055.742,receiver,c41d37dc-ae5f-4578-853a-172e98e003f0,RECEIVE,DATA,394,1060,""
2055.745,receiver,c41d37dc-ae5f-4578-853a-172e98e003f0,OUT_OF_ORDER,DATA,394,0,"arrived before missing sequence=375"
2055.748,receiver,c41d37dc-ae5f-4578-853a-172e98e003f0,ACCEPT_DATA,DATA,394,1024,"unique file bytes received"
2055.750,receiver,c41d37dc-ae5f-4578-853a-172e98e003f0,SEND,ACK,394,36,""
2055.760,receiver,c41d37dc-ae5f-4578-853a-172e98e003f0,EMIT,ACK,394,36,""
2055.768,receiver,c41d37dc-ae5f-4578-853a-172e98e003f0,RECEIVE,DATA,395,1060,""
2055.771,receiver,c41d37dc-ae5f-4578-853a-172e98e003f0,OUT_OF_ORDER,DATA,395,0,"arrived before missing sequence=375"
2055.773,receiver,c41d37dc-ae5f-4578-853a-172e98e003f0,ACCEPT_DATA,DATA,395,1024,"unique file bytes received"
2055.775,receiver,c41d37dc-ae5f-4578-853a-172e98e003f0,SEND,ACK,395,36,""
2055.783,receiver,c41d37dc-ae5f-4578-853a-172e98e003f0,EMIT,ACK,395,36,""
2310.192,receiver,c41d37dc-ae5f-4578-853a-172e98e003f0,RECEIVE,DATA,364,1060,""
2310.202,receiver,c41d37dc-ae5f-4578-853a-172e98e003f0,DUPLICATE,DATA,364,0,"duplicate DATA; acknowledge without writing twice"
2310.205,receiver,c41d37dc-ae5f-4578-853a-172e98e003f0,SEND,ACK,364,36,""
2310.230,receiver,c41d37dc-ae5f-4578-853a-172e98e003f0,EMIT,ACK,364,36,""
2310.240,receiver,c41d37dc-ae5f-4578-853a-172e98e003f0,RECEIVE,DATA,375,1060,""
2310.243,receiver,c41d37dc-ae5f-4578-853a-172e98e003f0,ACCEPT_DATA,DATA,375,1024,"unique file bytes received"
2310.245,receiver,c41d37dc-ae5f-4578-853a-172e98e003f0,SEND,ACK,375,36,""
2310.251,receiver,c41d37dc-ae5f-4578-853a-172e98e003f0,EMIT,ACK,375,36,""
2310.255,receiver,c41d37dc-ae5f-4578-853a-172e98e003f0,RECEIVE,DATA,388,1060,""
2310.258,receiver,c41d37dc-ae5f-4578-853a-172e98e003f0,ACCEPT_DATA,DATA,388,1024,"unique file bytes received"
2310.260,receiver,c41d37dc-ae5f-4578-853a-172e98e003f0,SEND,ACK,388,36,""
2310.265,receiver,c41d37dc-ae5f-4578-853a-172e98e003f0,EMIT,ACK,388,36,""
2310.269,receiver,c41d37dc-ae5f-4578-853a-172e98e003f0,RECEIVE,DATA,390,1060,""
2310.271,receiver,c41d37dc-ae5f-4578-853a-172e98e003f0,ACCEPT_DATA,DATA,390,1024,"unique file bytes received"
2310.273,receiver,c41d37dc-ae5f-4578-853a-172e98e003f0,SEND,ACK,390,36,""
2310.292,receiver,c41d37dc-ae5f-4578-853a-172e98e003f0,EMIT,ACK,390,36,""
2310.475,receiver,c41d37dc-ae5f-4578-853a-172e98e003f0,RECEIVE,DATA,396,1060,""
2310.486,receiver,c41d37dc-ae5f-4578-853a-172e98e003f0,ACCEPT_DATA,DATA,396,1024,"unique file bytes received"
2310.489,receiver,c41d37dc-ae5f-4578-853a-172e98e003f0,SEND,ACK,396,36,""
2310.516,receiver,c41d37dc-ae5f-4578-853a-172e98e003f0,EMIT,ACK,396,36,""
2310.527,receiver,c41d37dc-ae5f-4578-853a-172e98e003f0,RECEIVE,DATA,397,1060,""
2310.530,receiver,c41d37dc-ae5f-4578-853a-172e98e003f0,ACCEPT_DATA,DATA,397,1024,"unique file bytes received"
2310.533,receiver,c41d37dc-ae5f-4578-853a-172e98e003f0,SEND,ACK,397,36,""
2310.541,receiver,c41d37dc-ae5f-4578-853a-172e98e003f0,EMIT,ACK,397,36,""
2310.545,receiver,c41d37dc-ae5f-4578-853a-172e98e003f0,RECEIVE,DATA,398,1060,""
2310.548,receiver,c41d37dc-ae5f-4578-853a-172e98e003f0,ACCEPT_DATA,DATA,398,1024,"unique file bytes received"
2310.550,receiver,c41d37dc-ae5f-4578-853a-172e98e003f0,SEND,ACK,398,36,""
2310.557,receiver,c41d37dc-ae5f-4578-853a-172e98e003f0,EMIT,ACK,398,36,""
2310.565,receiver,c41d37dc-ae5f-4578-853a-172e98e003f0,RECEIVE,DATA,399,1060,""
2310.568,receiver,c41d37dc-ae5f-4578-853a-172e98e003f0,ACCEPT_DATA,DATA,399,1024,"unique file bytes received"
2310.570,receiver,c41d37dc-ae5f-4578-853a-172e98e003f0,SEND,ACK,399,36,""
2310.576,receiver,c41d37dc-ae5f-4578-853a-172e98e003f0,EMIT,ACK,399,36,""
2310.580,receiver,c41d37dc-ae5f-4578-853a-172e98e003f0,RECEIVE,DATA,400,1060,""
2310.583,receiver,c41d37dc-ae5f-4578-853a-172e98e003f0,ACCEPT_DATA,DATA,400,1024,"unique file bytes received"
2310.585,receiver,c41d37dc-ae5f-4578-853a-172e98e003f0,SEND,ACK,400,36,""
2310.587,receiver,c41d37dc-ae5f-4578-853a-172e98e003f0,DROP,ACK,400,36,"random shim loss"
2310.591,receiver,c41d37dc-ae5f-4578-853a-172e98e003f0,RECEIVE,DATA,401,1060,""
2310.593,receiver,c41d37dc-ae5f-4578-853a-172e98e003f0,ACCEPT_DATA,DATA,401,1024,"unique file bytes received"
2310.595,receiver,c41d37dc-ae5f-4578-853a-172e98e003f0,SEND,ACK,401,36,""
2310.602,receiver,c41d37dc-ae5f-4578-853a-172e98e003f0,EMIT,ACK,401,36,""
2310.606,receiver,c41d37dc-ae5f-4578-853a-172e98e003f0,RECEIVE,DATA,402,1060,""
2310.609,receiver,c41d37dc-ae5f-4578-853a-172e98e003f0,ACCEPT_DATA,DATA,402,1024,"unique file bytes received"
2310.611,receiver,c41d37dc-ae5f-4578-853a-172e98e003f0,SEND,ACK,402,36,""
2310.617,receiver,c41d37dc-ae5f-4578-853a-172e98e003f0,EMIT,ACK,402,36,""
2310.622,receiver,c41d37dc-ae5f-4578-853a-172e98e003f0,RECEIVE,DATA,403,1060,""
2310.624,receiver,c41d37dc-ae5f-4578-853a-172e98e003f0,ACCEPT_DATA,DATA,403,1024,"unique file bytes received"
2310.632,receiver,c41d37dc-ae5f-4578-853a-172e98e003f0,SEND,ACK,403,36,""
2310.638,receiver,c41d37dc-ae5f-4578-853a-172e98e003f0,EMIT,ACK,403,36,""
2310.642,receiver,c41d37dc-ae5f-4578-853a-172e98e003f0,RECEIVE,DATA,404,1060,""
2310.644,receiver,c41d37dc-ae5f-4578-853a-172e98e003f0,ACCEPT_DATA,DATA,404,1024,"unique file bytes received"
2310.667,receiver,c41d37dc-ae5f-4578-853a-172e98e003f0,SEND,ACK,404,36,""
2310.685,receiver,c41d37dc-ae5f-4578-853a-172e98e003f0,EMIT,ACK,404,36,""
2310.690,receiver,c41d37dc-ae5f-4578-853a-172e98e003f0,RECEIVE,DATA,405,1060,""
2310.692,receiver,c41d37dc-ae5f-4578-853a-172e98e003f0,ACCEPT_DATA,DATA,405,1024,"unique file bytes received"
2310.694,receiver,c41d37dc-ae5f-4578-853a-172e98e003f0,SEND,ACK,405,36,""
2310.696,receiver,c41d37dc-ae5f-4578-853a-172e98e003f0,DROP,ACK,405,36,"random shim loss"
2310.700,receiver,c41d37dc-ae5f-4578-853a-172e98e003f0,RECEIVE,DATA,406,1060,""
2310.703,receiver,c41d37dc-ae5f-4578-853a-172e98e003f0,ACCEPT_DATA,DATA,406,1024,"unique file bytes received"
2310.705,receiver,c41d37dc-ae5f-4578-853a-172e98e003f0,SEND,ACK,406,36,""
2310.712,receiver,c41d37dc-ae5f-4578-853a-172e98e003f0,EMIT,ACK,406,36,""
2310.716,receiver,c41d37dc-ae5f-4578-853a-172e98e003f0,RECEIVE,DATA,407,1060,""
2310.718,receiver,c41d37dc-ae5f-4578-853a-172e98e003f0,ACCEPT_DATA,DATA,407,1024,"unique file bytes received"
2310.720,receiver,c41d37dc-ae5f-4578-853a-172e98e003f0,SEND,ACK,407,36,""
2310.727,receiver,c41d37dc-ae5f-4578-853a-172e98e003f0,EMIT,ACK,407,36,""
2310.731,receiver,c41d37dc-ae5f-4578-853a-172e98e003f0,RECEIVE,DATA,408,1060,""
2310.733,receiver,c41d37dc-ae5f-4578-853a-172e98e003f0,ACCEPT_DATA,DATA,408,1024,"unique file bytes received"
2310.735,receiver,c41d37dc-ae5f-4578-853a-172e98e003f0,SEND,ACK,408,36,""
2310.742,receiver,c41d37dc-ae5f-4578-853a-172e98e003f0,EMIT,ACK,408,36,""
2310.751,receiver,c41d37dc-ae5f-4578-853a-172e98e003f0,RECEIVE,DATA,409,1060,""
2310.753,receiver,c41d37dc-ae5f-4578-853a-172e98e003f0,ACCEPT_DATA,DATA,409,1024,"unique file bytes received"
2310.755,receiver,c41d37dc-ae5f-4578-853a-172e98e003f0,SEND,ACK,409,36,""
2310.761,receiver,c41d37dc-ae5f-4578-853a-172e98e003f0,EMIT,ACK,409,36,""
2310.766,receiver,c41d37dc-ae5f-4578-853a-172e98e003f0,RECEIVE,DATA,410,1060,""
2310.769,receiver,c41d37dc-ae5f-4578-853a-172e98e003f0,ACCEPT_DATA,DATA,410,1024,"unique file bytes received"
2310.771,receiver,c41d37dc-ae5f-4578-853a-172e98e003f0,SEND,ACK,410,36,""
2310.778,receiver,c41d37dc-ae5f-4578-853a-172e98e003f0,EMIT,ACK,410,36,""
2310.782,receiver,c41d37dc-ae5f-4578-853a-172e98e003f0,RECEIVE,DATA,411,1060,""
2310.785,receiver,c41d37dc-ae5f-4578-853a-172e98e003f0,ACCEPT_DATA,DATA,411,1024,"unique file bytes received"
2310.787,receiver,c41d37dc-ae5f-4578-853a-172e98e003f0,SEND,ACK,411,36,""
2310.793,receiver,c41d37dc-ae5f-4578-853a-172e98e003f0,EMIT,ACK,411,36,""
2310.798,receiver,c41d37dc-ae5f-4578-853a-172e98e003f0,RECEIVE,DATA,412,1060,""
2310.800,receiver,c41d37dc-ae5f-4578-853a-172e98e003f0,ACCEPT_DATA,DATA,412,1024,"unique file bytes received"
2310.802,receiver,c41d37dc-ae5f-4578-853a-172e98e003f0,SEND,ACK,412,36,""
2310.809,receiver,c41d37dc-ae5f-4578-853a-172e98e003f0,EMIT,ACK,412,36,""
2310.813,receiver,c41d37dc-ae5f-4578-853a-172e98e003f0,RECEIVE,DATA,414,1060,""
2310.816,receiver,c41d37dc-ae5f-4578-853a-172e98e003f0,OUT_OF_ORDER,DATA,414,0,"arrived before missing sequence=413"
2310.818,receiver,c41d37dc-ae5f-4578-853a-172e98e003f0,ACCEPT_DATA,DATA,414,1024,"unique file bytes received"
2310.820,receiver,c41d37dc-ae5f-4578-853a-172e98e003f0,SEND,ACK,414,36,""
2310.825,receiver,c41d37dc-ae5f-4578-853a-172e98e003f0,EMIT,ACK,414,36,""
2310.830,receiver,c41d37dc-ae5f-4578-853a-172e98e003f0,RECEIVE,DATA,415,1060,""
2310.832,receiver,c41d37dc-ae5f-4578-853a-172e98e003f0,OUT_OF_ORDER,DATA,415,0,"arrived before missing sequence=413"
2310.834,receiver,c41d37dc-ae5f-4578-853a-172e98e003f0,ACCEPT_DATA,DATA,415,1024,"unique file bytes received"
2310.840,receiver,c41d37dc-ae5f-4578-853a-172e98e003f0,SEND,ACK,415,36,""
2310.845,receiver,c41d37dc-ae5f-4578-853a-172e98e003f0,EMIT,ACK,415,36,""
2310.850,receiver,c41d37dc-ae5f-4578-853a-172e98e003f0,RECEIVE,DATA,416,1060,""
2310.852,receiver,c41d37dc-ae5f-4578-853a-172e98e003f0,OUT_OF_ORDER,DATA,416,0,"arrived before missing sequence=413"
2310.853,receiver,c41d37dc-ae5f-4578-853a-172e98e003f0,ACCEPT_DATA,DATA,416,1024,"unique file bytes received"
2310.855,receiver,c41d37dc-ae5f-4578-853a-172e98e003f0,SEND,ACK,416,36,""
2310.860,receiver,c41d37dc-ae5f-4578-853a-172e98e003f0,EMIT,ACK,416,36,""
2310.864,receiver,c41d37dc-ae5f-4578-853a-172e98e003f0,RECEIVE,DATA,417,1060,""
2310.866,receiver,c41d37dc-ae5f-4578-853a-172e98e003f0,OUT_OF_ORDER,DATA,417,0,"arrived before missing sequence=413"
2310.868,receiver,c41d37dc-ae5f-4578-853a-172e98e003f0,ACCEPT_DATA,DATA,417,1024,"unique file bytes received"
2310.870,receiver,c41d37dc-ae5f-4578-853a-172e98e003f0,SEND,ACK,417,36,""
2310.875,receiver,c41d37dc-ae5f-4578-853a-172e98e003f0,EMIT,ACK,417,36,""
2310.879,receiver,c41d37dc-ae5f-4578-853a-172e98e003f0,RECEIVE,DATA,418,1060,""
2310.893,receiver,c41d37dc-ae5f-4578-853a-172e98e003f0,OUT_OF_ORDER,DATA,418,0,"arrived before missing sequence=413"
2310.895,receiver,c41d37dc-ae5f-4578-853a-172e98e003f0,ACCEPT_DATA,DATA,418,1024,"unique file bytes received"
2310.897,receiver,c41d37dc-ae5f-4578-853a-172e98e003f0,SEND,ACK,418,36,""
2310.903,receiver,c41d37dc-ae5f-4578-853a-172e98e003f0,EMIT,ACK,418,36,""
2310.907,receiver,c41d37dc-ae5f-4578-853a-172e98e003f0,RECEIVE,DATA,419,1060,""
2310.909,receiver,c41d37dc-ae5f-4578-853a-172e98e003f0,OUT_OF_ORDER,DATA,419,0,"arrived before missing sequence=413"
2310.911,receiver,c41d37dc-ae5f-4578-853a-172e98e003f0,ACCEPT_DATA,DATA,419,1024,"unique file bytes received"
2310.913,receiver,c41d37dc-ae5f-4578-853a-172e98e003f0,SEND,ACK,419,36,""
2310.918,receiver,c41d37dc-ae5f-4578-853a-172e98e003f0,EMIT,ACK,419,36,""
2310.923,receiver,c41d37dc-ae5f-4578-853a-172e98e003f0,RECEIVE,DATA,420,1060,""
2310.925,receiver,c41d37dc-ae5f-4578-853a-172e98e003f0,OUT_OF_ORDER,DATA,420,0,"arrived before missing sequence=413"
2310.927,receiver,c41d37dc-ae5f-4578-853a-172e98e003f0,ACCEPT_DATA,DATA,420,1024,"unique file bytes received"
2310.929,receiver,c41d37dc-ae5f-4578-853a-172e98e003f0,SEND,ACK,420,36,""
2310.934,receiver,c41d37dc-ae5f-4578-853a-172e98e003f0,EMIT,ACK,420,36,""
2310.939,receiver,c41d37dc-ae5f-4578-853a-172e98e003f0,RECEIVE,DATA,421,1060,""
2310.941,receiver,c41d37dc-ae5f-4578-853a-172e98e003f0,OUT_OF_ORDER,DATA,421,0,"arrived before missing sequence=413"
2310.943,receiver,c41d37dc-ae5f-4578-853a-172e98e003f0,ACCEPT_DATA,DATA,421,1024,"unique file bytes received"
2310.945,receiver,c41d37dc-ae5f-4578-853a-172e98e003f0,SEND,ACK,421,36,""
2310.951,receiver,c41d37dc-ae5f-4578-853a-172e98e003f0,EMIT,ACK,421,36,""
2310.955,receiver,c41d37dc-ae5f-4578-853a-172e98e003f0,RECEIVE,DATA,422,1060,""
2310.957,receiver,c41d37dc-ae5f-4578-853a-172e98e003f0,OUT_OF_ORDER,DATA,422,0,"arrived before missing sequence=413"
2310.959,receiver,c41d37dc-ae5f-4578-853a-172e98e003f0,ACCEPT_DATA,DATA,422,1024,"unique file bytes received"
2310.961,receiver,c41d37dc-ae5f-4578-853a-172e98e003f0,SEND,ACK,422,36,""
2310.967,receiver,c41d37dc-ae5f-4578-853a-172e98e003f0,EMIT,ACK,422,36,""
2310.973,receiver,c41d37dc-ae5f-4578-853a-172e98e003f0,RECEIVE,DATA,423,1060,""
2310.976,receiver,c41d37dc-ae5f-4578-853a-172e98e003f0,OUT_OF_ORDER,DATA,423,0,"arrived before missing sequence=413"
2310.978,receiver,c41d37dc-ae5f-4578-853a-172e98e003f0,ACCEPT_DATA,DATA,423,1024,"unique file bytes received"
2310.980,receiver,c41d37dc-ae5f-4578-853a-172e98e003f0,SEND,ACK,423,36,""
2310.986,receiver,c41d37dc-ae5f-4578-853a-172e98e003f0,EMIT,ACK,423,36,""
2310.990,receiver,c41d37dc-ae5f-4578-853a-172e98e003f0,RECEIVE,DATA,424,1060,""
2310.993,receiver,c41d37dc-ae5f-4578-853a-172e98e003f0,OUT_OF_ORDER,DATA,424,0,"arrived before missing sequence=413"
2310.995,receiver,c41d37dc-ae5f-4578-853a-172e98e003f0,ACCEPT_DATA,DATA,424,1024,"unique file bytes received"
2310.997,receiver,c41d37dc-ae5f-4578-853a-172e98e003f0,SEND,ACK,424,36,""
2311.002,receiver,c41d37dc-ae5f-4578-853a-172e98e003f0,EMIT,ACK,424,36,""
2311.007,receiver,c41d37dc-ae5f-4578-853a-172e98e003f0,RECEIVE,DATA,425,1060,""
2311.009,receiver,c41d37dc-ae5f-4578-853a-172e98e003f0,OUT_OF_ORDER,DATA,425,0,"arrived before missing sequence=413"
2311.019,receiver,c41d37dc-ae5f-4578-853a-172e98e003f0,ACCEPT_DATA,DATA,425,1024,"unique file bytes received"
2311.021,receiver,c41d37dc-ae5f-4578-853a-172e98e003f0,SEND,ACK,425,36,""
2311.030,receiver,c41d37dc-ae5f-4578-853a-172e98e003f0,EMIT,ACK,425,36,""
2311.034,receiver,c41d37dc-ae5f-4578-853a-172e98e003f0,RECEIVE,DATA,426,1060,""
2311.036,receiver,c41d37dc-ae5f-4578-853a-172e98e003f0,OUT_OF_ORDER,DATA,426,0,"arrived before missing sequence=413"
2311.038,receiver,c41d37dc-ae5f-4578-853a-172e98e003f0,ACCEPT_DATA,DATA,426,1024,"unique file bytes received"
2311.040,receiver,c41d37dc-ae5f-4578-853a-172e98e003f0,SEND,ACK,426,36,""
2311.045,receiver,c41d37dc-ae5f-4578-853a-172e98e003f0,EMIT,ACK,426,36,""
2311.049,receiver,c41d37dc-ae5f-4578-853a-172e98e003f0,RECEIVE,DATA,427,1060,""
2311.052,receiver,c41d37dc-ae5f-4578-853a-172e98e003f0,OUT_OF_ORDER,DATA,427,0,"arrived before missing sequence=413"
2311.054,receiver,c41d37dc-ae5f-4578-853a-172e98e003f0,ACCEPT_DATA,DATA,427,1024,"unique file bytes received"
2311.055,receiver,c41d37dc-ae5f-4578-853a-172e98e003f0,SEND,ACK,427,36,""
2311.061,receiver,c41d37dc-ae5f-4578-853a-172e98e003f0,EMIT,ACK,427,36,""
2311.066,receiver,c41d37dc-ae5f-4578-853a-172e98e003f0,RECEIVE,DATA,428,1060,""
2311.068,receiver,c41d37dc-ae5f-4578-853a-172e98e003f0,OUT_OF_ORDER,DATA,428,0,"arrived before missing sequence=413"
2311.070,receiver,c41d37dc-ae5f-4578-853a-172e98e003f0,ACCEPT_DATA,DATA,428,1024,"unique file bytes received"
2311.072,receiver,c41d37dc-ae5f-4578-853a-172e98e003f0,SEND,ACK,428,36,""
2311.077,receiver,c41d37dc-ae5f-4578-853a-172e98e003f0,EMIT,ACK,428,36,""
2311.081,receiver,c41d37dc-ae5f-4578-853a-172e98e003f0,RECEIVE,DATA,429,1060,""
2311.083,receiver,c41d37dc-ae5f-4578-853a-172e98e003f0,OUT_OF_ORDER,DATA,429,0,"arrived before missing sequence=413"
2311.084,receiver,c41d37dc-ae5f-4578-853a-172e98e003f0,ACCEPT_DATA,DATA,429,1024,"unique file bytes received"
2311.086,receiver,c41d37dc-ae5f-4578-853a-172e98e003f0,SEND,ACK,429,36,""
2311.091,receiver,c41d37dc-ae5f-4578-853a-172e98e003f0,EMIT,ACK,429,36,""
2311.095,receiver,c41d37dc-ae5f-4578-853a-172e98e003f0,RECEIVE,DATA,430,1060,""
2311.097,receiver,c41d37dc-ae5f-4578-853a-172e98e003f0,OUT_OF_ORDER,DATA,430,0,"arrived before missing sequence=413"
2311.099,receiver,c41d37dc-ae5f-4578-853a-172e98e003f0,ACCEPT_DATA,DATA,430,1024,"unique file bytes received"
2311.101,receiver,c41d37dc-ae5f-4578-853a-172e98e003f0,SEND,ACK,430,36,""
2311.110,receiver,c41d37dc-ae5f-4578-853a-172e98e003f0,EMIT,ACK,430,36,""
2311.115,receiver,c41d37dc-ae5f-4578-853a-172e98e003f0,RECEIVE,DATA,431,1060,""
2311.117,receiver,c41d37dc-ae5f-4578-853a-172e98e003f0,OUT_OF_ORDER,DATA,431,0,"arrived before missing sequence=413"
2311.119,receiver,c41d37dc-ae5f-4578-853a-172e98e003f0,ACCEPT_DATA,DATA,431,1024,"unique file bytes received"
2311.121,receiver,c41d37dc-ae5f-4578-853a-172e98e003f0,SEND,ACK,431,36,""
2311.126,receiver,c41d37dc-ae5f-4578-853a-172e98e003f0,EMIT,ACK,431,36,""
2564.877,receiver,c41d37dc-ae5f-4578-853a-172e98e003f0,RECEIVE,DATA,400,1060,""
2564.891,receiver,c41d37dc-ae5f-4578-853a-172e98e003f0,DUPLICATE,DATA,400,0,"duplicate DATA; acknowledge without writing twice"
2564.895,receiver,c41d37dc-ae5f-4578-853a-172e98e003f0,SEND,ACK,400,36,""
2564.936,receiver,c41d37dc-ae5f-4578-853a-172e98e003f0,EMIT,ACK,400,36,""
2564.949,receiver,c41d37dc-ae5f-4578-853a-172e98e003f0,RECEIVE,DATA,405,1060,""
2564.953,receiver,c41d37dc-ae5f-4578-853a-172e98e003f0,DUPLICATE,DATA,405,0,"duplicate DATA; acknowledge without writing twice"
2564.956,receiver,c41d37dc-ae5f-4578-853a-172e98e003f0,SEND,ACK,405,36,""
2564.959,receiver,c41d37dc-ae5f-4578-853a-172e98e003f0,DROP,ACK,405,36,"random shim loss"
2564.964,receiver,c41d37dc-ae5f-4578-853a-172e98e003f0,RECEIVE,DATA,413,1060,""
2564.968,receiver,c41d37dc-ae5f-4578-853a-172e98e003f0,ACCEPT_DATA,DATA,413,1024,"unique file bytes received"
2564.971,receiver,c41d37dc-ae5f-4578-853a-172e98e003f0,SEND,ACK,413,36,""
2564.991,receiver,c41d37dc-ae5f-4578-853a-172e98e003f0,EMIT,ACK,413,36,""
2565.656,receiver,c41d37dc-ae5f-4578-853a-172e98e003f0,RECEIVE,DATA,432,1060,""
2565.667,receiver,c41d37dc-ae5f-4578-853a-172e98e003f0,ACCEPT_DATA,DATA,432,1024,"unique file bytes received"
2565.671,receiver,c41d37dc-ae5f-4578-853a-172e98e003f0,SEND,ACK,432,36,""
2565.720,receiver,c41d37dc-ae5f-4578-853a-172e98e003f0,EMIT,ACK,432,36,""
2565.733,receiver,c41d37dc-ae5f-4578-853a-172e98e003f0,RECEIVE,DATA,433,1060,""
2565.738,receiver,c41d37dc-ae5f-4578-853a-172e98e003f0,ACCEPT_DATA,DATA,433,1024,"unique file bytes received"
2565.742,receiver,c41d37dc-ae5f-4578-853a-172e98e003f0,SEND,ACK,433,36,""
2565.755,receiver,c41d37dc-ae5f-4578-853a-172e98e003f0,EMIT,ACK,433,36,""
2565.761,receiver,c41d37dc-ae5f-4578-853a-172e98e003f0,RECEIVE,DATA,434,1060,""
2565.764,receiver,c41d37dc-ae5f-4578-853a-172e98e003f0,ACCEPT_DATA,DATA,434,1024,"unique file bytes received"
2565.767,receiver,c41d37dc-ae5f-4578-853a-172e98e003f0,SEND,ACK,434,36,""
2565.773,receiver,c41d37dc-ae5f-4578-853a-172e98e003f0,EMIT,ACK,434,36,""
2565.778,receiver,c41d37dc-ae5f-4578-853a-172e98e003f0,RECEIVE,DATA,435,1060,""
2565.781,receiver,c41d37dc-ae5f-4578-853a-172e98e003f0,ACCEPT_DATA,DATA,435,1024,"unique file bytes received"
2565.784,receiver,c41d37dc-ae5f-4578-853a-172e98e003f0,SEND,ACK,435,36,""
2565.790,receiver,c41d37dc-ae5f-4578-853a-172e98e003f0,EMIT,ACK,435,36,""
2565.795,receiver,c41d37dc-ae5f-4578-853a-172e98e003f0,RECEIVE,DATA,436,1060,""
2565.810,receiver,c41d37dc-ae5f-4578-853a-172e98e003f0,ACCEPT_DATA,DATA,436,1024,"unique file bytes received"
2565.813,receiver,c41d37dc-ae5f-4578-853a-172e98e003f0,SEND,ACK,436,36,""
2565.820,receiver,c41d37dc-ae5f-4578-853a-172e98e003f0,EMIT,ACK,436,36,""
2815.429,receiver,c41d37dc-ae5f-4578-853a-172e98e003f0,RECEIVE,DATA,405,1060,""
2815.456,receiver,c41d37dc-ae5f-4578-853a-172e98e003f0,DUPLICATE,DATA,405,0,"duplicate DATA; acknowledge without writing twice"
2815.461,receiver,c41d37dc-ae5f-4578-853a-172e98e003f0,SEND,ACK,405,36,""
2815.495,receiver,c41d37dc-ae5f-4578-853a-172e98e003f0,EMIT,ACK,405,36,""
2815.808,receiver,c41d37dc-ae5f-4578-853a-172e98e003f0,RECEIVE,DATA,437,1060,""
2815.832,receiver,c41d37dc-ae5f-4578-853a-172e98e003f0,ACCEPT_DATA,DATA,437,1024,"unique file bytes received"
2815.836,receiver,c41d37dc-ae5f-4578-853a-172e98e003f0,SEND,ACK,437,36,""
2815.886,receiver,c41d37dc-ae5f-4578-853a-172e98e003f0,EMIT,ACK,437,36,""
2815.913,receiver,c41d37dc-ae5f-4578-853a-172e98e003f0,RECEIVE,DATA,438,1060,""
2815.918,receiver,c41d37dc-ae5f-4578-853a-172e98e003f0,ACCEPT_DATA,DATA,438,1024,"unique file bytes received"
2815.921,receiver,c41d37dc-ae5f-4578-853a-172e98e003f0,SEND,ACK,438,36,""
2815.935,receiver,c41d37dc-ae5f-4578-853a-172e98e003f0,EMIT,ACK,438,36,""
2815.941,receiver,c41d37dc-ae5f-4578-853a-172e98e003f0,RECEIVE,DATA,439,1060,""
2815.945,receiver,c41d37dc-ae5f-4578-853a-172e98e003f0,ACCEPT_DATA,DATA,439,1024,"unique file bytes received"
2815.947,receiver,c41d37dc-ae5f-4578-853a-172e98e003f0,SEND,ACK,439,36,""
2815.969,receiver,c41d37dc-ae5f-4578-853a-172e98e003f0,EMIT,ACK,439,36,""
2815.975,receiver,c41d37dc-ae5f-4578-853a-172e98e003f0,RECEIVE,DATA,440,1060,""
2815.979,receiver,c41d37dc-ae5f-4578-853a-172e98e003f0,ACCEPT_DATA,DATA,440,1024,"unique file bytes received"
2815.981,receiver,c41d37dc-ae5f-4578-853a-172e98e003f0,SEND,ACK,440,36,""
2816.175,receiver,c41d37dc-ae5f-4578-853a-172e98e003f0,EMIT,ACK,440,36,""
2816.203,receiver,c41d37dc-ae5f-4578-853a-172e98e003f0,RECEIVE,DATA,441,1060,""
2816.208,receiver,c41d37dc-ae5f-4578-853a-172e98e003f0,ACCEPT_DATA,DATA,441,1024,"unique file bytes received"
2816.212,receiver,c41d37dc-ae5f-4578-853a-172e98e003f0,SEND,ACK,441,36,""
2816.234,receiver,c41d37dc-ae5f-4578-853a-172e98e003f0,EMIT,ACK,441,36,""
2816.240,receiver,c41d37dc-ae5f-4578-853a-172e98e003f0,RECEIVE,DATA,442,1060,""
2816.243,receiver,c41d37dc-ae5f-4578-853a-172e98e003f0,ACCEPT_DATA,DATA,442,1024,"unique file bytes received"
2816.246,receiver,c41d37dc-ae5f-4578-853a-172e98e003f0,SEND,ACK,442,36,""
2816.255,receiver,c41d37dc-ae5f-4578-853a-172e98e003f0,EMIT,ACK,442,36,""
2816.305,receiver,c41d37dc-ae5f-4578-853a-172e98e003f0,RECEIVE,DATA,443,1060,""
2816.308,receiver,c41d37dc-ae5f-4578-853a-172e98e003f0,ACCEPT_DATA,DATA,443,1024,"unique file bytes received"
2816.311,receiver,c41d37dc-ae5f-4578-853a-172e98e003f0,SEND,ACK,443,36,""
2816.320,receiver,c41d37dc-ae5f-4578-853a-172e98e003f0,EMIT,ACK,443,36,""
2816.326,receiver,c41d37dc-ae5f-4578-853a-172e98e003f0,RECEIVE,DATA,444,1060,""
2816.329,receiver,c41d37dc-ae5f-4578-853a-172e98e003f0,ACCEPT_DATA,DATA,444,1024,"unique file bytes received"
2816.332,receiver,c41d37dc-ae5f-4578-853a-172e98e003f0,SEND,ACK,444,36,""
2816.341,receiver,c41d37dc-ae5f-4578-853a-172e98e003f0,EMIT,ACK,444,36,""
2816.347,receiver,c41d37dc-ae5f-4578-853a-172e98e003f0,RECEIVE,DATA,445,1060,""
2816.350,receiver,c41d37dc-ae5f-4578-853a-172e98e003f0,ACCEPT_DATA,DATA,445,1024,"unique file bytes received"
2816.353,receiver,c41d37dc-ae5f-4578-853a-172e98e003f0,SEND,ACK,445,36,""
2816.383,receiver,c41d37dc-ae5f-4578-853a-172e98e003f0,EMIT,ACK,445,36,""
2816.389,receiver,c41d37dc-ae5f-4578-853a-172e98e003f0,RECEIVE,DATA,446,1060,""
2816.392,receiver,c41d37dc-ae5f-4578-853a-172e98e003f0,ACCEPT_DATA,DATA,446,1024,"unique file bytes received"
2816.394,receiver,c41d37dc-ae5f-4578-853a-172e98e003f0,SEND,ACK,446,36,""
2816.402,receiver,c41d37dc-ae5f-4578-853a-172e98e003f0,EMIT,ACK,446,36,""
2816.408,receiver,c41d37dc-ae5f-4578-853a-172e98e003f0,RECEIVE,DATA,447,1060,""
2816.411,receiver,c41d37dc-ae5f-4578-853a-172e98e003f0,ACCEPT_DATA,DATA,447,1024,"unique file bytes received"
2816.414,receiver,c41d37dc-ae5f-4578-853a-172e98e003f0,SEND,ACK,447,36,""
2816.423,receiver,c41d37dc-ae5f-4578-853a-172e98e003f0,EMIT,ACK,447,36,""
2816.429,receiver,c41d37dc-ae5f-4578-853a-172e98e003f0,RECEIVE,DATA,448,1060,""
2816.432,receiver,c41d37dc-ae5f-4578-853a-172e98e003f0,ACCEPT_DATA,DATA,448,1024,"unique file bytes received"
2816.435,receiver,c41d37dc-ae5f-4578-853a-172e98e003f0,SEND,ACK,448,36,""
2816.443,receiver,c41d37dc-ae5f-4578-853a-172e98e003f0,EMIT,ACK,448,36,""
2816.448,receiver,c41d37dc-ae5f-4578-853a-172e98e003f0,RECEIVE,DATA,449,1060,""
2816.451,receiver,c41d37dc-ae5f-4578-853a-172e98e003f0,ACCEPT_DATA,DATA,449,1024,"unique file bytes received"
2816.454,receiver,c41d37dc-ae5f-4578-853a-172e98e003f0,SEND,ACK,449,36,""
2816.463,receiver,c41d37dc-ae5f-4578-853a-172e98e003f0,EMIT,ACK,449,36,""
2816.468,receiver,c41d37dc-ae5f-4578-853a-172e98e003f0,RECEIVE,DATA,450,1060,""
2816.471,receiver,c41d37dc-ae5f-4578-853a-172e98e003f0,ACCEPT_DATA,DATA,450,1024,"unique file bytes received"
2816.474,receiver,c41d37dc-ae5f-4578-853a-172e98e003f0,SEND,ACK,450,36,""
2816.482,receiver,c41d37dc-ae5f-4578-853a-172e98e003f0,EMIT,ACK,450,36,""
2816.488,receiver,c41d37dc-ae5f-4578-853a-172e98e003f0,RECEIVE,DATA,451,1060,""
2816.491,receiver,c41d37dc-ae5f-4578-853a-172e98e003f0,ACCEPT_DATA,DATA,451,1024,"unique file bytes received"
2816.494,receiver,c41d37dc-ae5f-4578-853a-172e98e003f0,SEND,ACK,451,36,""
2816.503,receiver,c41d37dc-ae5f-4578-853a-172e98e003f0,EMIT,ACK,451,36,""
2816.513,receiver,c41d37dc-ae5f-4578-853a-172e98e003f0,RECEIVE,DATA,452,1060,""
2816.516,receiver,c41d37dc-ae5f-4578-853a-172e98e003f0,ACCEPT_DATA,DATA,452,1024,"unique file bytes received"
2816.518,receiver,c41d37dc-ae5f-4578-853a-172e98e003f0,SEND,ACK,452,36,""
2816.526,receiver,c41d37dc-ae5f-4578-853a-172e98e003f0,EMIT,ACK,452,36,""
2816.531,receiver,c41d37dc-ae5f-4578-853a-172e98e003f0,RECEIVE,DATA,453,1060,""
2816.534,receiver,c41d37dc-ae5f-4578-853a-172e98e003f0,ACCEPT_DATA,DATA,453,1024,"unique file bytes received"
2816.537,receiver,c41d37dc-ae5f-4578-853a-172e98e003f0,SEND,ACK,453,36,""
2816.544,receiver,c41d37dc-ae5f-4578-853a-172e98e003f0,EMIT,ACK,453,36,""
2816.550,receiver,c41d37dc-ae5f-4578-853a-172e98e003f0,RECEIVE,DATA,454,1060,""
2816.553,receiver,c41d37dc-ae5f-4578-853a-172e98e003f0,ACCEPT_DATA,DATA,454,1024,"unique file bytes received"
2816.555,receiver,c41d37dc-ae5f-4578-853a-172e98e003f0,SEND,ACK,454,36,""
2816.569,receiver,c41d37dc-ae5f-4578-853a-172e98e003f0,EMIT,ACK,454,36,""
2816.575,receiver,c41d37dc-ae5f-4578-853a-172e98e003f0,RECEIVE,DATA,455,1060,""
2816.578,receiver,c41d37dc-ae5f-4578-853a-172e98e003f0,ACCEPT_DATA,DATA,455,1024,"unique file bytes received"
2816.581,receiver,c41d37dc-ae5f-4578-853a-172e98e003f0,SEND,ACK,455,36,""
2816.589,receiver,c41d37dc-ae5f-4578-853a-172e98e003f0,EMIT,ACK,455,36,""
2816.594,receiver,c41d37dc-ae5f-4578-853a-172e98e003f0,RECEIVE,DATA,456,1060,""
2816.597,receiver,c41d37dc-ae5f-4578-853a-172e98e003f0,ACCEPT_DATA,DATA,456,1024,"unique file bytes received"
2816.600,receiver,c41d37dc-ae5f-4578-853a-172e98e003f0,SEND,ACK,456,36,""
2816.609,receiver,c41d37dc-ae5f-4578-853a-172e98e003f0,EMIT,ACK,456,36,""
2816.614,receiver,c41d37dc-ae5f-4578-853a-172e98e003f0,RECEIVE,DATA,457,1060,""
2816.630,receiver,c41d37dc-ae5f-4578-853a-172e98e003f0,ACCEPT_DATA,DATA,457,1024,"unique file bytes received"
2816.633,receiver,c41d37dc-ae5f-4578-853a-172e98e003f0,SEND,ACK,457,36,""
2816.641,receiver,c41d37dc-ae5f-4578-853a-172e98e003f0,EMIT,ACK,457,36,""
2816.647,receiver,c41d37dc-ae5f-4578-853a-172e98e003f0,RECEIVE,DATA,458,1060,""
2816.650,receiver,c41d37dc-ae5f-4578-853a-172e98e003f0,ACCEPT_DATA,DATA,458,1024,"unique file bytes received"
2816.653,receiver,c41d37dc-ae5f-4578-853a-172e98e003f0,SEND,ACK,458,36,""
2816.662,receiver,c41d37dc-ae5f-4578-853a-172e98e003f0,EMIT,ACK,458,36,""
2816.668,receiver,c41d37dc-ae5f-4578-853a-172e98e003f0,RECEIVE,DATA,459,1060,""
2816.671,receiver,c41d37dc-ae5f-4578-853a-172e98e003f0,ACCEPT_DATA,DATA,459,1024,"unique file bytes received"
2816.674,receiver,c41d37dc-ae5f-4578-853a-172e98e003f0,SEND,ACK,459,36,""
2816.682,receiver,c41d37dc-ae5f-4578-853a-172e98e003f0,EMIT,ACK,459,36,""
2816.688,receiver,c41d37dc-ae5f-4578-853a-172e98e003f0,RECEIVE,DATA,460,1060,""
2816.693,receiver,c41d37dc-ae5f-4578-853a-172e98e003f0,ACCEPT_DATA,DATA,460,1024,"unique file bytes received"
2816.695,receiver,c41d37dc-ae5f-4578-853a-172e98e003f0,SEND,ACK,460,36,""
2816.705,receiver,c41d37dc-ae5f-4578-853a-172e98e003f0,EMIT,ACK,460,36,""
2816.711,receiver,c41d37dc-ae5f-4578-853a-172e98e003f0,RECEIVE,DATA,461,1060,""
2816.714,receiver,c41d37dc-ae5f-4578-853a-172e98e003f0,ACCEPT_DATA,DATA,461,1024,"unique file bytes received"
2816.717,receiver,c41d37dc-ae5f-4578-853a-172e98e003f0,SEND,ACK,461,36,""
2816.724,receiver,c41d37dc-ae5f-4578-853a-172e98e003f0,EMIT,ACK,461,36,""
2816.730,receiver,c41d37dc-ae5f-4578-853a-172e98e003f0,RECEIVE,DATA,462,1060,""
2816.734,receiver,c41d37dc-ae5f-4578-853a-172e98e003f0,ACCEPT_DATA,DATA,462,1024,"unique file bytes received"
2816.736,receiver,c41d37dc-ae5f-4578-853a-172e98e003f0,SEND,ACK,462,36,""
2816.745,receiver,c41d37dc-ae5f-4578-853a-172e98e003f0,EMIT,ACK,462,36,""
2816.751,receiver,c41d37dc-ae5f-4578-853a-172e98e003f0,RECEIVE,DATA,463,1060,""
2816.754,receiver,c41d37dc-ae5f-4578-853a-172e98e003f0,ACCEPT_DATA,DATA,463,1024,"unique file bytes received"
2816.757,receiver,c41d37dc-ae5f-4578-853a-172e98e003f0,SEND,ACK,463,36,""
2816.764,receiver,c41d37dc-ae5f-4578-853a-172e98e003f0,EMIT,ACK,463,36,""
2816.770,receiver,c41d37dc-ae5f-4578-853a-172e98e003f0,RECEIVE,DATA,464,1060,""
2816.774,receiver,c41d37dc-ae5f-4578-853a-172e98e003f0,ACCEPT_DATA,DATA,464,1024,"unique file bytes received"
2816.777,receiver,c41d37dc-ae5f-4578-853a-172e98e003f0,SEND,ACK,464,36,""
2816.785,receiver,c41d37dc-ae5f-4578-853a-172e98e003f0,EMIT,ACK,464,36,""
2816.791,receiver,c41d37dc-ae5f-4578-853a-172e98e003f0,RECEIVE,DATA,465,1060,""
2816.795,receiver,c41d37dc-ae5f-4578-853a-172e98e003f0,ACCEPT_DATA,DATA,465,1024,"unique file bytes received"
2816.797,receiver,c41d37dc-ae5f-4578-853a-172e98e003f0,SEND,ACK,465,36,""
2816.806,receiver,c41d37dc-ae5f-4578-853a-172e98e003f0,EMIT,ACK,465,36,""
2816.812,receiver,c41d37dc-ae5f-4578-853a-172e98e003f0,RECEIVE,DATA,466,1060,""
2816.815,receiver,c41d37dc-ae5f-4578-853a-172e98e003f0,ACCEPT_DATA,DATA,466,1024,"unique file bytes received"
2816.818,receiver,c41d37dc-ae5f-4578-853a-172e98e003f0,SEND,ACK,466,36,""
2816.838,receiver,c41d37dc-ae5f-4578-853a-172e98e003f0,EMIT,ACK,466,36,""
2816.856,receiver,c41d37dc-ae5f-4578-853a-172e98e003f0,RECEIVE,DATA,467,1060,""
2816.859,receiver,c41d37dc-ae5f-4578-853a-172e98e003f0,ACCEPT_DATA,DATA,467,1024,"unique file bytes received"
2816.862,receiver,c41d37dc-ae5f-4578-853a-172e98e003f0,SEND,ACK,467,36,""
2816.871,receiver,c41d37dc-ae5f-4578-853a-172e98e003f0,EMIT,ACK,467,36,""
2816.877,receiver,c41d37dc-ae5f-4578-853a-172e98e003f0,RECEIVE,DATA,468,1060,""
2816.880,receiver,c41d37dc-ae5f-4578-853a-172e98e003f0,ACCEPT_DATA,DATA,468,1024,"unique file bytes received"
2816.883,receiver,c41d37dc-ae5f-4578-853a-172e98e003f0,SEND,ACK,468,36,""
2816.890,receiver,c41d37dc-ae5f-4578-853a-172e98e003f0,EMIT,ACK,468,36,""
2816.896,receiver,c41d37dc-ae5f-4578-853a-172e98e003f0,RECEIVE,DATA,469,1060,""
2816.899,receiver,c41d37dc-ae5f-4578-853a-172e98e003f0,ACCEPT_DATA,DATA,469,1024,"unique file bytes received"
2816.902,receiver,c41d37dc-ae5f-4578-853a-172e98e003f0,SEND,ACK,469,36,""
2816.910,receiver,c41d37dc-ae5f-4578-853a-172e98e003f0,EMIT,ACK,469,36,""
2816.916,receiver,c41d37dc-ae5f-4578-853a-172e98e003f0,RECEIVE,DATA,470,1060,""
2816.919,receiver,c41d37dc-ae5f-4578-853a-172e98e003f0,ACCEPT_DATA,DATA,470,1024,"unique file bytes received"
2816.922,receiver,c41d37dc-ae5f-4578-853a-172e98e003f0,SEND,ACK,470,36,""
2816.930,receiver,c41d37dc-ae5f-4578-853a-172e98e003f0,EMIT,ACK,470,36,""
2816.936,receiver,c41d37dc-ae5f-4578-853a-172e98e003f0,RECEIVE,DATA,471,1060,""
2816.939,receiver,c41d37dc-ae5f-4578-853a-172e98e003f0,ACCEPT_DATA,DATA,471,1024,"unique file bytes received"
2816.942,receiver,c41d37dc-ae5f-4578-853a-172e98e003f0,SEND,ACK,471,36,""
2816.951,receiver,c41d37dc-ae5f-4578-853a-172e98e003f0,EMIT,ACK,471,36,""
2816.958,receiver,c41d37dc-ae5f-4578-853a-172e98e003f0,RECEIVE,DATA,472,1060,""
2816.961,receiver,c41d37dc-ae5f-4578-853a-172e98e003f0,ACCEPT_DATA,DATA,472,1024,"unique file bytes received"
2816.964,receiver,c41d37dc-ae5f-4578-853a-172e98e003f0,SEND,ACK,472,36,""
2816.971,receiver,c41d37dc-ae5f-4578-853a-172e98e003f0,EMIT,ACK,472,36,""
2816.977,receiver,c41d37dc-ae5f-4578-853a-172e98e003f0,RECEIVE,DATA,473,1060,""
2816.980,receiver,c41d37dc-ae5f-4578-853a-172e98e003f0,ACCEPT_DATA,DATA,473,1024,"unique file bytes received"
2816.983,receiver,c41d37dc-ae5f-4578-853a-172e98e003f0,SEND,ACK,473,36,""
2816.994,receiver,c41d37dc-ae5f-4578-853a-172e98e003f0,EMIT,ACK,473,36,""
2817.000,receiver,c41d37dc-ae5f-4578-853a-172e98e003f0,RECEIVE,DATA,474,1060,""
2817.003,receiver,c41d37dc-ae5f-4578-853a-172e98e003f0,ACCEPT_DATA,DATA,474,1024,"unique file bytes received"
2817.005,receiver,c41d37dc-ae5f-4578-853a-172e98e003f0,SEND,ACK,474,36,""
2817.014,receiver,c41d37dc-ae5f-4578-853a-172e98e003f0,EMIT,ACK,474,36,""
2817.019,receiver,c41d37dc-ae5f-4578-853a-172e98e003f0,RECEIVE,DATA,475,1060,""
2817.022,receiver,c41d37dc-ae5f-4578-853a-172e98e003f0,ACCEPT_DATA,DATA,475,1024,"unique file bytes received"
2817.025,receiver,c41d37dc-ae5f-4578-853a-172e98e003f0,SEND,ACK,475,36,""
2817.033,receiver,c41d37dc-ae5f-4578-853a-172e98e003f0,EMIT,ACK,475,36,""
2817.039,receiver,c41d37dc-ae5f-4578-853a-172e98e003f0,RECEIVE,DATA,476,1060,""
2817.042,receiver,c41d37dc-ae5f-4578-853a-172e98e003f0,ACCEPT_DATA,DATA,476,1024,"unique file bytes received"
2817.044,receiver,c41d37dc-ae5f-4578-853a-172e98e003f0,SEND,ACK,476,36,""
2817.052,receiver,c41d37dc-ae5f-4578-853a-172e98e003f0,EMIT,ACK,476,36,""
2817.067,receiver,c41d37dc-ae5f-4578-853a-172e98e003f0,RECEIVE,DATA,477,1060,""
2817.070,receiver,c41d37dc-ae5f-4578-853a-172e98e003f0,ACCEPT_DATA,DATA,477,1024,"unique file bytes received"
2817.073,receiver,c41d37dc-ae5f-4578-853a-172e98e003f0,SEND,ACK,477,36,""
2817.081,receiver,c41d37dc-ae5f-4578-853a-172e98e003f0,EMIT,ACK,477,36,""
2817.087,receiver,c41d37dc-ae5f-4578-853a-172e98e003f0,RECEIVE,DATA,478,1060,""
2817.090,receiver,c41d37dc-ae5f-4578-853a-172e98e003f0,ACCEPT_DATA,DATA,478,1024,"unique file bytes received"
2817.092,receiver,c41d37dc-ae5f-4578-853a-172e98e003f0,SEND,ACK,478,36,""
2817.101,receiver,c41d37dc-ae5f-4578-853a-172e98e003f0,EMIT,ACK,478,36,""
2817.106,receiver,c41d37dc-ae5f-4578-853a-172e98e003f0,RECEIVE,DATA,479,1060,""
2817.110,receiver,c41d37dc-ae5f-4578-853a-172e98e003f0,ACCEPT_DATA,DATA,479,1024,"unique file bytes received"
2817.112,receiver,c41d37dc-ae5f-4578-853a-172e98e003f0,SEND,ACK,479,36,""
2817.121,receiver,c41d37dc-ae5f-4578-853a-172e98e003f0,EMIT,ACK,479,36,""
2817.127,receiver,c41d37dc-ae5f-4578-853a-172e98e003f0,RECEIVE,DATA,480,1060,""
2817.130,receiver,c41d37dc-ae5f-4578-853a-172e98e003f0,ACCEPT_DATA,DATA,480,1024,"unique file bytes received"
2817.132,receiver,c41d37dc-ae5f-4578-853a-172e98e003f0,SEND,ACK,480,36,""
2817.141,receiver,c41d37dc-ae5f-4578-853a-172e98e003f0,EMIT,ACK,480,36,""
2817.147,receiver,c41d37dc-ae5f-4578-853a-172e98e003f0,RECEIVE,DATA,481,1060,""
2817.149,receiver,c41d37dc-ae5f-4578-853a-172e98e003f0,ACCEPT_DATA,DATA,481,1024,"unique file bytes received"
2817.152,receiver,c41d37dc-ae5f-4578-853a-172e98e003f0,SEND,ACK,481,36,""
2817.160,receiver,c41d37dc-ae5f-4578-853a-172e98e003f0,EMIT,ACK,481,36,""
2817.165,receiver,c41d37dc-ae5f-4578-853a-172e98e003f0,RECEIVE,DATA,482,1060,""
2817.168,receiver,c41d37dc-ae5f-4578-853a-172e98e003f0,ACCEPT_DATA,DATA,482,1024,"unique file bytes received"
2817.171,receiver,c41d37dc-ae5f-4578-853a-172e98e003f0,SEND,ACK,482,36,""
2817.179,receiver,c41d37dc-ae5f-4578-853a-172e98e003f0,EMIT,ACK,482,36,""
2817.185,receiver,c41d37dc-ae5f-4578-853a-172e98e003f0,RECEIVE,DATA,483,1060,""
2817.188,receiver,c41d37dc-ae5f-4578-853a-172e98e003f0,ACCEPT_DATA,DATA,483,1024,"unique file bytes received"
2817.195,receiver,c41d37dc-ae5f-4578-853a-172e98e003f0,SEND,ACK,483,36,""
2817.203,receiver,c41d37dc-ae5f-4578-853a-172e98e003f0,EMIT,ACK,483,36,""
2817.208,receiver,c41d37dc-ae5f-4578-853a-172e98e003f0,RECEIVE,DATA,484,1060,""
2817.211,receiver,c41d37dc-ae5f-4578-853a-172e98e003f0,ACCEPT_DATA,DATA,484,1024,"unique file bytes received"
2817.214,receiver,c41d37dc-ae5f-4578-853a-172e98e003f0,SEND,ACK,484,36,""
2817.222,receiver,c41d37dc-ae5f-4578-853a-172e98e003f0,EMIT,ACK,484,36,""
2817.227,receiver,c41d37dc-ae5f-4578-853a-172e98e003f0,RECEIVE,DATA,485,1060,""
2817.230,receiver,c41d37dc-ae5f-4578-853a-172e98e003f0,ACCEPT_DATA,DATA,485,1024,"unique file bytes received"
2817.233,receiver,c41d37dc-ae5f-4578-853a-172e98e003f0,SEND,ACK,485,36,""
2817.240,receiver,c41d37dc-ae5f-4578-853a-172e98e003f0,EMIT,ACK,485,36,""
2817.247,receiver,c41d37dc-ae5f-4578-853a-172e98e003f0,RECEIVE,DATA,486,1060,""
2817.262,receiver,c41d37dc-ae5f-4578-853a-172e98e003f0,ACCEPT_DATA,DATA,486,1024,"unique file bytes received"
2817.264,receiver,c41d37dc-ae5f-4578-853a-172e98e003f0,SEND,ACK,486,36,""
2817.273,receiver,c41d37dc-ae5f-4578-853a-172e98e003f0,EMIT,ACK,486,36,""
2817.278,receiver,c41d37dc-ae5f-4578-853a-172e98e003f0,RECEIVE,DATA,487,1060,""
2817.281,receiver,c41d37dc-ae5f-4578-853a-172e98e003f0,ACCEPT_DATA,DATA,487,1024,"unique file bytes received"
2817.284,receiver,c41d37dc-ae5f-4578-853a-172e98e003f0,SEND,ACK,487,36,""
2817.293,receiver,c41d37dc-ae5f-4578-853a-172e98e003f0,EMIT,ACK,487,36,""
2817.299,receiver,c41d37dc-ae5f-4578-853a-172e98e003f0,RECEIVE,DATA,488,1060,""
2817.303,receiver,c41d37dc-ae5f-4578-853a-172e98e003f0,ACCEPT_DATA,DATA,488,1024,"unique file bytes received"
2817.307,receiver,c41d37dc-ae5f-4578-853a-172e98e003f0,SEND,ACK,488,36,""
2817.316,receiver,c41d37dc-ae5f-4578-853a-172e98e003f0,EMIT,ACK,488,36,""
2817.322,receiver,c41d37dc-ae5f-4578-853a-172e98e003f0,RECEIVE,DATA,489,1060,""
2817.327,receiver,c41d37dc-ae5f-4578-853a-172e98e003f0,ACCEPT_DATA,DATA,489,1024,"unique file bytes received"
2817.330,receiver,c41d37dc-ae5f-4578-853a-172e98e003f0,SEND,ACK,489,36,""
2817.342,receiver,c41d37dc-ae5f-4578-853a-172e98e003f0,EMIT,ACK,489,36,""
2817.348,receiver,c41d37dc-ae5f-4578-853a-172e98e003f0,RECEIVE,DATA,490,1060,""
2817.357,receiver,c41d37dc-ae5f-4578-853a-172e98e003f0,ACCEPT_DATA,DATA,490,1024,"unique file bytes received"
2817.360,receiver,c41d37dc-ae5f-4578-853a-172e98e003f0,SEND,ACK,490,36,""
2817.382,receiver,c41d37dc-ae5f-4578-853a-172e98e003f0,EMIT,ACK,490,36,""
2817.389,receiver,c41d37dc-ae5f-4578-853a-172e98e003f0,RECEIVE,DATA,491,1060,""
2817.392,receiver,c41d37dc-ae5f-4578-853a-172e98e003f0,ACCEPT_DATA,DATA,491,1024,"unique file bytes received"
2817.395,receiver,c41d37dc-ae5f-4578-853a-172e98e003f0,SEND,ACK,491,36,""
2817.403,receiver,c41d37dc-ae5f-4578-853a-172e98e003f0,EMIT,ACK,491,36,""
2817.409,receiver,c41d37dc-ae5f-4578-853a-172e98e003f0,RECEIVE,DATA,492,1060,""
2817.412,receiver,c41d37dc-ae5f-4578-853a-172e98e003f0,ACCEPT_DATA,DATA,492,1024,"unique file bytes received"
2817.415,receiver,c41d37dc-ae5f-4578-853a-172e98e003f0,SEND,ACK,492,36,""
2817.424,receiver,c41d37dc-ae5f-4578-853a-172e98e003f0,EMIT,ACK,492,36,""
2817.429,receiver,c41d37dc-ae5f-4578-853a-172e98e003f0,RECEIVE,DATA,493,1060,""
2817.433,receiver,c41d37dc-ae5f-4578-853a-172e98e003f0,ACCEPT_DATA,DATA,493,1024,"unique file bytes received"
2817.435,receiver,c41d37dc-ae5f-4578-853a-172e98e003f0,SEND,ACK,493,36,""
2817.443,receiver,c41d37dc-ae5f-4578-853a-172e98e003f0,EMIT,ACK,493,36,""
2817.449,receiver,c41d37dc-ae5f-4578-853a-172e98e003f0,RECEIVE,DATA,494,1060,""
2817.452,receiver,c41d37dc-ae5f-4578-853a-172e98e003f0,ACCEPT_DATA,DATA,494,1024,"unique file bytes received"
2817.455,receiver,c41d37dc-ae5f-4578-853a-172e98e003f0,SEND,ACK,494,36,""
2817.468,receiver,c41d37dc-ae5f-4578-853a-172e98e003f0,EMIT,ACK,494,36,""
2817.473,receiver,c41d37dc-ae5f-4578-853a-172e98e003f0,RECEIVE,DATA,495,1060,""
2817.476,receiver,c41d37dc-ae5f-4578-853a-172e98e003f0,ACCEPT_DATA,DATA,495,1024,"unique file bytes received"
2817.479,receiver,c41d37dc-ae5f-4578-853a-172e98e003f0,SEND,ACK,495,36,""
2817.486,receiver,c41d37dc-ae5f-4578-853a-172e98e003f0,EMIT,ACK,495,36,""
2817.491,receiver,c41d37dc-ae5f-4578-853a-172e98e003f0,RECEIVE,DATA,496,1060,""
2817.494,receiver,c41d37dc-ae5f-4578-853a-172e98e003f0,ACCEPT_DATA,DATA,496,1024,"unique file bytes received"
2817.496,receiver,c41d37dc-ae5f-4578-853a-172e98e003f0,SEND,ACK,496,36,""
2817.505,receiver,c41d37dc-ae5f-4578-853a-172e98e003f0,EMIT,ACK,496,36,""
2817.510,receiver,c41d37dc-ae5f-4578-853a-172e98e003f0,RECEIVE,DATA,497,1060,""
2817.513,receiver,c41d37dc-ae5f-4578-853a-172e98e003f0,ACCEPT_DATA,DATA,497,1024,"unique file bytes received"
2817.515,receiver,c41d37dc-ae5f-4578-853a-172e98e003f0,SEND,ACK,497,36,""
2817.530,receiver,c41d37dc-ae5f-4578-853a-172e98e003f0,EMIT,ACK,497,36,""
2817.535,receiver,c41d37dc-ae5f-4578-853a-172e98e003f0,RECEIVE,DATA,498,1060,""
2817.538,receiver,c41d37dc-ae5f-4578-853a-172e98e003f0,ACCEPT_DATA,DATA,498,1024,"unique file bytes received"
2817.540,receiver,c41d37dc-ae5f-4578-853a-172e98e003f0,SEND,ACK,498,36,""
2817.548,receiver,c41d37dc-ae5f-4578-853a-172e98e003f0,EMIT,ACK,498,36,""
2817.553,receiver,c41d37dc-ae5f-4578-853a-172e98e003f0,RECEIVE,DATA,499,1060,""
2817.556,receiver,c41d37dc-ae5f-4578-853a-172e98e003f0,ACCEPT_DATA,DATA,499,1024,"unique file bytes received"
2817.559,receiver,c41d37dc-ae5f-4578-853a-172e98e003f0,SEND,ACK,499,36,""
2817.566,receiver,c41d37dc-ae5f-4578-853a-172e98e003f0,EMIT,ACK,499,36,""
2817.601,receiver,c41d37dc-ae5f-4578-853a-172e98e003f0,RECEIVE,DATA,500,1060,""
2817.636,receiver,c41d37dc-ae5f-4578-853a-172e98e003f0,ACCEPT_DATA,DATA,500,1024,"unique file bytes received"
2817.646,receiver,c41d37dc-ae5f-4578-853a-172e98e003f0,SEND,ACK,500,36,""
2817.684,receiver,c41d37dc-ae5f-4578-853a-172e98e003f0,EMIT,ACK,500,36,""
2817.716,receiver,c41d37dc-ae5f-4578-853a-172e98e003f0,RECEIVE,DATA,501,1060,""
2817.722,receiver,c41d37dc-ae5f-4578-853a-172e98e003f0,ACCEPT_DATA,DATA,501,1024,"unique file bytes received"
2817.725,receiver,c41d37dc-ae5f-4578-853a-172e98e003f0,SEND,ACK,501,36,""
2817.736,receiver,c41d37dc-ae5f-4578-853a-172e98e003f0,EMIT,ACK,501,36,""
2817.744,receiver,c41d37dc-ae5f-4578-853a-172e98e003f0,RECEIVE,DATA,503,1060,""
2817.750,receiver,c41d37dc-ae5f-4578-853a-172e98e003f0,OUT_OF_ORDER,DATA,503,0,"arrived before missing sequence=502"
2817.754,receiver,c41d37dc-ae5f-4578-853a-172e98e003f0,ACCEPT_DATA,DATA,503,1024,"unique file bytes received"
2817.758,receiver,c41d37dc-ae5f-4578-853a-172e98e003f0,SEND,ACK,503,36,""
2817.771,receiver,c41d37dc-ae5f-4578-853a-172e98e003f0,EMIT,ACK,503,36,""
2817.779,receiver,c41d37dc-ae5f-4578-853a-172e98e003f0,RECEIVE,DATA,504,1060,""
2817.785,receiver,c41d37dc-ae5f-4578-853a-172e98e003f0,OUT_OF_ORDER,DATA,504,0,"arrived before missing sequence=502"
2817.797,receiver,c41d37dc-ae5f-4578-853a-172e98e003f0,ACCEPT_DATA,DATA,504,1024,"unique file bytes received"
2817.800,receiver,c41d37dc-ae5f-4578-853a-172e98e003f0,SEND,ACK,504,36,""
2817.814,receiver,c41d37dc-ae5f-4578-853a-172e98e003f0,EMIT,ACK,504,36,""
2817.820,receiver,c41d37dc-ae5f-4578-853a-172e98e003f0,RECEIVE,DATA,505,1060,""
2817.826,receiver,c41d37dc-ae5f-4578-853a-172e98e003f0,OUT_OF_ORDER,DATA,505,0,"arrived before missing sequence=502"
2817.829,receiver,c41d37dc-ae5f-4578-853a-172e98e003f0,ACCEPT_DATA,DATA,505,1024,"unique file bytes received"
2817.833,receiver,c41d37dc-ae5f-4578-853a-172e98e003f0,SEND,ACK,505,36,""
2817.842,receiver,c41d37dc-ae5f-4578-853a-172e98e003f0,EMIT,ACK,505,36,""
2817.851,receiver,c41d37dc-ae5f-4578-853a-172e98e003f0,RECEIVE,DATA,506,1060,""
2817.856,receiver,c41d37dc-ae5f-4578-853a-172e98e003f0,OUT_OF_ORDER,DATA,506,0,"arrived before missing sequence=502"
2817.860,receiver,c41d37dc-ae5f-4578-853a-172e98e003f0,ACCEPT_DATA,DATA,506,1024,"unique file bytes received"
2817.864,receiver,c41d37dc-ae5f-4578-853a-172e98e003f0,SEND,ACK,506,36,""
2817.875,receiver,c41d37dc-ae5f-4578-853a-172e98e003f0,EMIT,ACK,506,36,""
2817.884,receiver,c41d37dc-ae5f-4578-853a-172e98e003f0,RECEIVE,DATA,507,1060,""
2817.888,receiver,c41d37dc-ae5f-4578-853a-172e98e003f0,OUT_OF_ORDER,DATA,507,0,"arrived before missing sequence=502"
2817.892,receiver,c41d37dc-ae5f-4578-853a-172e98e003f0,ACCEPT_DATA,DATA,507,1024,"unique file bytes received"
2817.895,receiver,c41d37dc-ae5f-4578-853a-172e98e003f0,SEND,ACK,507,36,""
2817.910,receiver,c41d37dc-ae5f-4578-853a-172e98e003f0,EMIT,ACK,507,36,""
2817.918,receiver,c41d37dc-ae5f-4578-853a-172e98e003f0,RECEIVE,DATA,508,1060,""
2817.922,receiver,c41d37dc-ae5f-4578-853a-172e98e003f0,OUT_OF_ORDER,DATA,508,0,"arrived before missing sequence=502"
2817.926,receiver,c41d37dc-ae5f-4578-853a-172e98e003f0,ACCEPT_DATA,DATA,508,1024,"unique file bytes received"
2817.929,receiver,c41d37dc-ae5f-4578-853a-172e98e003f0,SEND,ACK,508,36,""
2817.938,receiver,c41d37dc-ae5f-4578-853a-172e98e003f0,EMIT,ACK,508,36,""
2817.944,receiver,c41d37dc-ae5f-4578-853a-172e98e003f0,RECEIVE,DATA,509,1060,""
2817.947,receiver,c41d37dc-ae5f-4578-853a-172e98e003f0,OUT_OF_ORDER,DATA,509,0,"arrived before missing sequence=502"
2817.950,receiver,c41d37dc-ae5f-4578-853a-172e98e003f0,ACCEPT_DATA,DATA,509,1024,"unique file bytes received"
2817.954,receiver,c41d37dc-ae5f-4578-853a-172e98e003f0,SEND,ACK,509,36,""
2817.966,receiver,c41d37dc-ae5f-4578-853a-172e98e003f0,EMIT,ACK,509,36,""
2817.976,receiver,c41d37dc-ae5f-4578-853a-172e98e003f0,RECEIVE,DATA,510,1060,""
2817.980,receiver,c41d37dc-ae5f-4578-853a-172e98e003f0,OUT_OF_ORDER,DATA,510,0,"arrived before missing sequence=502"
2817.983,receiver,c41d37dc-ae5f-4578-853a-172e98e003f0,ACCEPT_DATA,DATA,510,1024,"unique file bytes received"
2817.986,receiver,c41d37dc-ae5f-4578-853a-172e98e003f0,SEND,ACK,510,36,""
2817.998,receiver,c41d37dc-ae5f-4578-853a-172e98e003f0,EMIT,ACK,510,36,""
2818.005,receiver,c41d37dc-ae5f-4578-853a-172e98e003f0,RECEIVE,DATA,511,1060,""
2818.008,receiver,c41d37dc-ae5f-4578-853a-172e98e003f0,OUT_OF_ORDER,DATA,511,0,"arrived before missing sequence=502"
2818.012,receiver,c41d37dc-ae5f-4578-853a-172e98e003f0,ACCEPT_DATA,DATA,511,1024,"unique file bytes received"
2818.016,receiver,c41d37dc-ae5f-4578-853a-172e98e003f0,SEND,ACK,511,36,""
2818.026,receiver,c41d37dc-ae5f-4578-853a-172e98e003f0,EMIT,ACK,511,36,""
2818.035,receiver,c41d37dc-ae5f-4578-853a-172e98e003f0,RECEIVE,DATA,512,1060,""
2818.040,receiver,c41d37dc-ae5f-4578-853a-172e98e003f0,OUT_OF_ORDER,DATA,512,0,"arrived before missing sequence=502"
2818.090,receiver,c41d37dc-ae5f-4578-853a-172e98e003f0,ACCEPT_DATA,DATA,512,1024,"unique file bytes received"
2818.094,receiver,c41d37dc-ae5f-4578-853a-172e98e003f0,SEND,ACK,512,36,""
2818.104,receiver,c41d37dc-ae5f-4578-853a-172e98e003f0,EMIT,ACK,512,36,""
2818.113,receiver,c41d37dc-ae5f-4578-853a-172e98e003f0,RECEIVE,DATA,513,1060,""
2818.118,receiver,c41d37dc-ae5f-4578-853a-172e98e003f0,OUT_OF_ORDER,DATA,513,0,"arrived before missing sequence=502"
2818.122,receiver,c41d37dc-ae5f-4578-853a-172e98e003f0,ACCEPT_DATA,DATA,513,1024,"unique file bytes received"
2818.127,receiver,c41d37dc-ae5f-4578-853a-172e98e003f0,SEND,ACK,513,36,""
2818.139,receiver,c41d37dc-ae5f-4578-853a-172e98e003f0,EMIT,ACK,513,36,""
2818.147,receiver,c41d37dc-ae5f-4578-853a-172e98e003f0,RECEIVE,DATA,514,1060,""
2818.151,receiver,c41d37dc-ae5f-4578-853a-172e98e003f0,OUT_OF_ORDER,DATA,514,0,"arrived before missing sequence=502"
2818.154,receiver,c41d37dc-ae5f-4578-853a-172e98e003f0,ACCEPT_DATA,DATA,514,1024,"unique file bytes received"
2818.158,receiver,c41d37dc-ae5f-4578-853a-172e98e003f0,SEND,ACK,514,36,""
2818.171,receiver,c41d37dc-ae5f-4578-853a-172e98e003f0,EMIT,ACK,514,36,""
2818.179,receiver,c41d37dc-ae5f-4578-853a-172e98e003f0,RECEIVE,DATA,515,1060,""
2818.183,receiver,c41d37dc-ae5f-4578-853a-172e98e003f0,OUT_OF_ORDER,DATA,515,0,"arrived before missing sequence=502"
2818.186,receiver,c41d37dc-ae5f-4578-853a-172e98e003f0,ACCEPT_DATA,DATA,515,1024,"unique file bytes received"
2818.190,receiver,c41d37dc-ae5f-4578-853a-172e98e003f0,SEND,ACK,515,36,""
2818.201,receiver,c41d37dc-ae5f-4578-853a-172e98e003f0,EMIT,ACK,515,36,""
2818.208,receiver,c41d37dc-ae5f-4578-853a-172e98e003f0,RECEIVE,DATA,516,1060,""
2818.214,receiver,c41d37dc-ae5f-4578-853a-172e98e003f0,OUT_OF_ORDER,DATA,516,0,"arrived before missing sequence=502"
2818.217,receiver,c41d37dc-ae5f-4578-853a-172e98e003f0,ACCEPT_DATA,DATA,516,1024,"unique file bytes received"
2818.220,receiver,c41d37dc-ae5f-4578-853a-172e98e003f0,SEND,ACK,516,36,""
2818.231,receiver,c41d37dc-ae5f-4578-853a-172e98e003f0,EMIT,ACK,516,36,""
2818.239,receiver,c41d37dc-ae5f-4578-853a-172e98e003f0,RECEIVE,DATA,517,1060,""
2818.245,receiver,c41d37dc-ae5f-4578-853a-172e98e003f0,OUT_OF_ORDER,DATA,517,0,"arrived before missing sequence=502"
2818.248,receiver,c41d37dc-ae5f-4578-853a-172e98e003f0,ACCEPT_DATA,DATA,517,1024,"unique file bytes received"
2818.252,receiver,c41d37dc-ae5f-4578-853a-172e98e003f0,SEND,ACK,517,36,""
2818.272,receiver,c41d37dc-ae5f-4578-853a-172e98e003f0,EMIT,ACK,517,36,""
2818.282,receiver,c41d37dc-ae5f-4578-853a-172e98e003f0,RECEIVE,DATA,518,1060,""
2818.289,receiver,c41d37dc-ae5f-4578-853a-172e98e003f0,OUT_OF_ORDER,DATA,518,0,"arrived before missing sequence=502"
2818.292,receiver,c41d37dc-ae5f-4578-853a-172e98e003f0,ACCEPT_DATA,DATA,518,1024,"unique file bytes received"
2818.296,receiver,c41d37dc-ae5f-4578-853a-172e98e003f0,SEND,ACK,518,36,""
2818.307,receiver,c41d37dc-ae5f-4578-853a-172e98e003f0,EMIT,ACK,518,36,""
2818.324,receiver,c41d37dc-ae5f-4578-853a-172e98e003f0,RECEIVE,DATA,519,1060,""
2818.328,receiver,c41d37dc-ae5f-4578-853a-172e98e003f0,OUT_OF_ORDER,DATA,519,0,"arrived before missing sequence=502"
2818.333,receiver,c41d37dc-ae5f-4578-853a-172e98e003f0,ACCEPT_DATA,DATA,519,1024,"unique file bytes received"
2818.336,receiver,c41d37dc-ae5f-4578-853a-172e98e003f0,SEND,ACK,519,36,""
2818.348,receiver,c41d37dc-ae5f-4578-853a-172e98e003f0,EMIT,ACK,519,36,""
2818.356,receiver,c41d37dc-ae5f-4578-853a-172e98e003f0,RECEIVE,DATA,520,1060,""
2818.378,receiver,c41d37dc-ae5f-4578-853a-172e98e003f0,OUT_OF_ORDER,DATA,520,0,"arrived before missing sequence=502"
2818.382,receiver,c41d37dc-ae5f-4578-853a-172e98e003f0,ACCEPT_DATA,DATA,520,1024,"unique file bytes received"
2818.387,receiver,c41d37dc-ae5f-4578-853a-172e98e003f0,SEND,ACK,520,36,""
2818.398,receiver,c41d37dc-ae5f-4578-853a-172e98e003f0,EMIT,ACK,520,36,""
2818.407,receiver,c41d37dc-ae5f-4578-853a-172e98e003f0,RECEIVE,DATA,521,1060,""
2818.412,receiver,c41d37dc-ae5f-4578-853a-172e98e003f0,OUT_OF_ORDER,DATA,521,0,"arrived before missing sequence=502"
2818.415,receiver,c41d37dc-ae5f-4578-853a-172e98e003f0,ACCEPT_DATA,DATA,521,1024,"unique file bytes received"
2818.420,receiver,c41d37dc-ae5f-4578-853a-172e98e003f0,SEND,ACK,521,36,""
2818.430,receiver,c41d37dc-ae5f-4578-853a-172e98e003f0,EMIT,ACK,521,36,""
2818.437,receiver,c41d37dc-ae5f-4578-853a-172e98e003f0,RECEIVE,DATA,522,1060,""
2818.441,receiver,c41d37dc-ae5f-4578-853a-172e98e003f0,OUT_OF_ORDER,DATA,522,0,"arrived before missing sequence=502"
2818.444,receiver,c41d37dc-ae5f-4578-853a-172e98e003f0,ACCEPT_DATA,DATA,522,1024,"unique file bytes received"
2818.447,receiver,c41d37dc-ae5f-4578-853a-172e98e003f0,SEND,ACK,522,36,""
2818.450,receiver,c41d37dc-ae5f-4578-853a-172e98e003f0,DROP,ACK,522,36,"random shim loss"
2818.457,receiver,c41d37dc-ae5f-4578-853a-172e98e003f0,RECEIVE,DATA,523,1060,""
2818.461,receiver,c41d37dc-ae5f-4578-853a-172e98e003f0,OUT_OF_ORDER,DATA,523,0,"arrived before missing sequence=502"
2818.465,receiver,c41d37dc-ae5f-4578-853a-172e98e003f0,ACCEPT_DATA,DATA,523,1024,"unique file bytes received"
2818.468,receiver,c41d37dc-ae5f-4578-853a-172e98e003f0,SEND,ACK,523,36,""
2818.479,receiver,c41d37dc-ae5f-4578-853a-172e98e003f0,EMIT,ACK,523,36,""
2818.487,receiver,c41d37dc-ae5f-4578-853a-172e98e003f0,RECEIVE,DATA,524,1060,""
2818.491,receiver,c41d37dc-ae5f-4578-853a-172e98e003f0,OUT_OF_ORDER,DATA,524,0,"arrived before missing sequence=502"
2818.495,receiver,c41d37dc-ae5f-4578-853a-172e98e003f0,ACCEPT_DATA,DATA,524,1024,"unique file bytes received"
2818.499,receiver,c41d37dc-ae5f-4578-853a-172e98e003f0,SEND,ACK,524,36,""
2818.510,receiver,c41d37dc-ae5f-4578-853a-172e98e003f0,EMIT,ACK,524,36,""
2818.522,receiver,c41d37dc-ae5f-4578-853a-172e98e003f0,RECEIVE,DATA,525,1060,""
2818.529,receiver,c41d37dc-ae5f-4578-853a-172e98e003f0,OUT_OF_ORDER,DATA,525,0,"arrived before missing sequence=502"
2818.532,receiver,c41d37dc-ae5f-4578-853a-172e98e003f0,ACCEPT_DATA,DATA,525,1024,"unique file bytes received"
2818.535,receiver,c41d37dc-ae5f-4578-853a-172e98e003f0,SEND,ACK,525,36,""
2818.545,receiver,c41d37dc-ae5f-4578-853a-172e98e003f0,EMIT,ACK,525,36,""
2818.554,receiver,c41d37dc-ae5f-4578-853a-172e98e003f0,RECEIVE,DATA,526,1060,""
2818.560,receiver,c41d37dc-ae5f-4578-853a-172e98e003f0,OUT_OF_ORDER,DATA,526,0,"arrived before missing sequence=502"
2818.571,receiver,c41d37dc-ae5f-4578-853a-172e98e003f0,ACCEPT_DATA,DATA,526,1024,"unique file bytes received"
2818.575,receiver,c41d37dc-ae5f-4578-853a-172e98e003f0,SEND,ACK,526,36,""
2818.586,receiver,c41d37dc-ae5f-4578-853a-172e98e003f0,EMIT,ACK,526,36,""
2818.594,receiver,c41d37dc-ae5f-4578-853a-172e98e003f0,RECEIVE,DATA,527,1060,""
2818.599,receiver,c41d37dc-ae5f-4578-853a-172e98e003f0,OUT_OF_ORDER,DATA,527,0,"arrived before missing sequence=502"
2818.602,receiver,c41d37dc-ae5f-4578-853a-172e98e003f0,ACCEPT_DATA,DATA,527,1024,"unique file bytes received"
2818.606,receiver,c41d37dc-ae5f-4578-853a-172e98e003f0,SEND,ACK,527,36,""
2818.616,receiver,c41d37dc-ae5f-4578-853a-172e98e003f0,EMIT,ACK,527,36,""
2818.625,receiver,c41d37dc-ae5f-4578-853a-172e98e003f0,RECEIVE,DATA,528,1060,""
2818.633,receiver,c41d37dc-ae5f-4578-853a-172e98e003f0,OUT_OF_ORDER,DATA,528,0,"arrived before missing sequence=502"
2818.636,receiver,c41d37dc-ae5f-4578-853a-172e98e003f0,ACCEPT_DATA,DATA,528,1024,"unique file bytes received"
2818.639,receiver,c41d37dc-ae5f-4578-853a-172e98e003f0,SEND,ACK,528,36,""
2818.648,receiver,c41d37dc-ae5f-4578-853a-172e98e003f0,EMIT,ACK,528,36,""
2818.656,receiver,c41d37dc-ae5f-4578-853a-172e98e003f0,RECEIVE,DATA,529,1060,""
2818.662,receiver,c41d37dc-ae5f-4578-853a-172e98e003f0,OUT_OF_ORDER,DATA,529,0,"arrived before missing sequence=502"
2818.665,receiver,c41d37dc-ae5f-4578-853a-172e98e003f0,ACCEPT_DATA,DATA,529,1024,"unique file bytes received"
2818.669,receiver,c41d37dc-ae5f-4578-853a-172e98e003f0,SEND,ACK,529,36,""
2818.678,receiver,c41d37dc-ae5f-4578-853a-172e98e003f0,EMIT,ACK,529,36,""
2818.689,receiver,c41d37dc-ae5f-4578-853a-172e98e003f0,RECEIVE,DATA,530,1060,""
2818.696,receiver,c41d37dc-ae5f-4578-853a-172e98e003f0,OUT_OF_ORDER,DATA,530,0,"arrived before missing sequence=502"
2818.721,receiver,c41d37dc-ae5f-4578-853a-172e98e003f0,ACCEPT_DATA,DATA,530,1024,"unique file bytes received"
2818.725,receiver,c41d37dc-ae5f-4578-853a-172e98e003f0,SEND,ACK,530,36,""
2818.733,receiver,c41d37dc-ae5f-4578-853a-172e98e003f0,EMIT,ACK,530,36,""
2818.740,receiver,c41d37dc-ae5f-4578-853a-172e98e003f0,RECEIVE,DATA,531,1060,""
2818.745,receiver,c41d37dc-ae5f-4578-853a-172e98e003f0,OUT_OF_ORDER,DATA,531,0,"arrived before missing sequence=502"
2818.755,receiver,c41d37dc-ae5f-4578-853a-172e98e003f0,ACCEPT_DATA,DATA,531,1024,"unique file bytes received"
2818.759,receiver,c41d37dc-ae5f-4578-853a-172e98e003f0,SEND,ACK,531,36,""
2818.766,receiver,c41d37dc-ae5f-4578-853a-172e98e003f0,EMIT,ACK,531,36,""
2818.775,receiver,c41d37dc-ae5f-4578-853a-172e98e003f0,RECEIVE,DATA,532,1060,""
2818.778,receiver,c41d37dc-ae5f-4578-853a-172e98e003f0,OUT_OF_ORDER,DATA,532,0,"arrived before missing sequence=502"
2818.781,receiver,c41d37dc-ae5f-4578-853a-172e98e003f0,ACCEPT_DATA,DATA,532,1024,"unique file bytes received"
2818.785,receiver,c41d37dc-ae5f-4578-853a-172e98e003f0,SEND,ACK,532,36,""
2818.794,receiver,c41d37dc-ae5f-4578-853a-172e98e003f0,EMIT,ACK,532,36,""
2818.804,receiver,c41d37dc-ae5f-4578-853a-172e98e003f0,RECEIVE,DATA,533,1060,""
2818.807,receiver,c41d37dc-ae5f-4578-853a-172e98e003f0,OUT_OF_ORDER,DATA,533,0,"arrived before missing sequence=502"
2818.811,receiver,c41d37dc-ae5f-4578-853a-172e98e003f0,ACCEPT_DATA,DATA,533,1024,"unique file bytes received"
2818.815,receiver,c41d37dc-ae5f-4578-853a-172e98e003f0,SEND,ACK,533,36,""
2818.823,receiver,c41d37dc-ae5f-4578-853a-172e98e003f0,EMIT,ACK,533,36,""
3081.899,receiver,c41d37dc-ae5f-4578-853a-172e98e003f0,RECEIVE,DATA,502,1060,""
3081.927,receiver,c41d37dc-ae5f-4578-853a-172e98e003f0,ACCEPT_DATA,DATA,502,1024,"unique file bytes received"
3081.934,receiver,c41d37dc-ae5f-4578-853a-172e98e003f0,SEND,ACK,502,36,""
3082.004,receiver,c41d37dc-ae5f-4578-853a-172e98e003f0,EMIT,ACK,502,36,""
3082.027,receiver,c41d37dc-ae5f-4578-853a-172e98e003f0,RECEIVE,DATA,522,1060,""
3082.031,receiver,c41d37dc-ae5f-4578-853a-172e98e003f0,DUPLICATE,DATA,522,0,"duplicate DATA; acknowledge without writing twice"
3082.034,receiver,c41d37dc-ae5f-4578-853a-172e98e003f0,SEND,ACK,522,36,""
3082.044,receiver,c41d37dc-ae5f-4578-853a-172e98e003f0,EMIT,ACK,522,36,""
3082.401,receiver,c41d37dc-ae5f-4578-853a-172e98e003f0,RECEIVE,DATA,534,1060,""
3082.414,receiver,c41d37dc-ae5f-4578-853a-172e98e003f0,ACCEPT_DATA,DATA,534,1024,"unique file bytes received"
3082.422,receiver,c41d37dc-ae5f-4578-853a-172e98e003f0,SEND,ACK,534,36,""
3082.453,receiver,c41d37dc-ae5f-4578-853a-172e98e003f0,EMIT,ACK,534,36,""
3082.467,receiver,c41d37dc-ae5f-4578-853a-172e98e003f0,RECEIVE,DATA,535,1060,""
3082.471,receiver,c41d37dc-ae5f-4578-853a-172e98e003f0,ACCEPT_DATA,DATA,535,1024,"unique file bytes received"
3082.473,receiver,c41d37dc-ae5f-4578-853a-172e98e003f0,SEND,ACK,535,36,""
3082.487,receiver,c41d37dc-ae5f-4578-853a-172e98e003f0,EMIT,ACK,535,36,""
3082.493,receiver,c41d37dc-ae5f-4578-853a-172e98e003f0,RECEIVE,DATA,536,1060,""
3082.496,receiver,c41d37dc-ae5f-4578-853a-172e98e003f0,ACCEPT_DATA,DATA,536,1024,"unique file bytes received"
3082.498,receiver,c41d37dc-ae5f-4578-853a-172e98e003f0,SEND,ACK,536,36,""
3082.507,receiver,c41d37dc-ae5f-4578-853a-172e98e003f0,EMIT,ACK,536,36,""
3082.513,receiver,c41d37dc-ae5f-4578-853a-172e98e003f0,RECEIVE,DATA,537,1060,""
3082.516,receiver,c41d37dc-ae5f-4578-853a-172e98e003f0,ACCEPT_DATA,DATA,537,1024,"unique file bytes received"
3082.518,receiver,c41d37dc-ae5f-4578-853a-172e98e003f0,SEND,ACK,537,36,""
3082.526,receiver,c41d37dc-ae5f-4578-853a-172e98e003f0,EMIT,ACK,537,36,""
3082.532,receiver,c41d37dc-ae5f-4578-853a-172e98e003f0,RECEIVE,DATA,538,1060,""
3082.535,receiver,c41d37dc-ae5f-4578-853a-172e98e003f0,ACCEPT_DATA,DATA,538,1024,"unique file bytes received"
3082.537,receiver,c41d37dc-ae5f-4578-853a-172e98e003f0,SEND,ACK,538,36,""
3082.549,receiver,c41d37dc-ae5f-4578-853a-172e98e003f0,EMIT,ACK,538,36,""
3082.559,receiver,c41d37dc-ae5f-4578-853a-172e98e003f0,RECEIVE,DATA,539,1060,""
3082.562,receiver,c41d37dc-ae5f-4578-853a-172e98e003f0,ACCEPT_DATA,DATA,539,1024,"unique file bytes received"
3082.564,receiver,c41d37dc-ae5f-4578-853a-172e98e003f0,SEND,ACK,539,36,""
3082.572,receiver,c41d37dc-ae5f-4578-853a-172e98e003f0,EMIT,ACK,539,36,""
3082.577,receiver,c41d37dc-ae5f-4578-853a-172e98e003f0,RECEIVE,DATA,541,1060,""
3082.580,receiver,c41d37dc-ae5f-4578-853a-172e98e003f0,OUT_OF_ORDER,DATA,541,0,"arrived before missing sequence=540"
3082.583,receiver,c41d37dc-ae5f-4578-853a-172e98e003f0,ACCEPT_DATA,DATA,541,1024,"unique file bytes received"
3082.586,receiver,c41d37dc-ae5f-4578-853a-172e98e003f0,SEND,ACK,541,36,""
3082.594,receiver,c41d37dc-ae5f-4578-853a-172e98e003f0,EMIT,ACK,541,36,""
3082.599,receiver,c41d37dc-ae5f-4578-853a-172e98e003f0,RECEIVE,DATA,542,1060,""
3082.601,receiver,c41d37dc-ae5f-4578-853a-172e98e003f0,OUT_OF_ORDER,DATA,542,0,"arrived before missing sequence=540"
3082.604,receiver,c41d37dc-ae5f-4578-853a-172e98e003f0,ACCEPT_DATA,DATA,542,1024,"unique file bytes received"
3082.606,receiver,c41d37dc-ae5f-4578-853a-172e98e003f0,SEND,ACK,542,36,""
3082.614,receiver,c41d37dc-ae5f-4578-853a-172e98e003f0,EMIT,ACK,542,36,""
3082.634,receiver,c41d37dc-ae5f-4578-853a-172e98e003f0,RECEIVE,DATA,543,1060,""
3082.637,receiver,c41d37dc-ae5f-4578-853a-172e98e003f0,OUT_OF_ORDER,DATA,543,0,"arrived before missing sequence=540"
3082.640,receiver,c41d37dc-ae5f-4578-853a-172e98e003f0,ACCEPT_DATA,DATA,543,1024,"unique file bytes received"
3082.642,receiver,c41d37dc-ae5f-4578-853a-172e98e003f0,SEND,ACK,543,36,""
3082.652,receiver,c41d37dc-ae5f-4578-853a-172e98e003f0,EMIT,ACK,543,36,""
3082.657,receiver,c41d37dc-ae5f-4578-853a-172e98e003f0,RECEIVE,DATA,544,1060,""
3082.661,receiver,c41d37dc-ae5f-4578-853a-172e98e003f0,OUT_OF_ORDER,DATA,544,0,"arrived before missing sequence=540"
3082.663,receiver,c41d37dc-ae5f-4578-853a-172e98e003f0,ACCEPT_DATA,DATA,544,1024,"unique file bytes received"
3082.666,receiver,c41d37dc-ae5f-4578-853a-172e98e003f0,SEND,ACK,544,36,""
3082.674,receiver,c41d37dc-ae5f-4578-853a-172e98e003f0,EMIT,ACK,544,36,""
3082.680,receiver,c41d37dc-ae5f-4578-853a-172e98e003f0,RECEIVE,DATA,545,1060,""
3082.683,receiver,c41d37dc-ae5f-4578-853a-172e98e003f0,OUT_OF_ORDER,DATA,545,0,"arrived before missing sequence=540"
3082.686,receiver,c41d37dc-ae5f-4578-853a-172e98e003f0,ACCEPT_DATA,DATA,545,1024,"unique file bytes received"
3082.689,receiver,c41d37dc-ae5f-4578-853a-172e98e003f0,SEND,ACK,545,36,""
3082.696,receiver,c41d37dc-ae5f-4578-853a-172e98e003f0,EMIT,ACK,545,36,""
3082.702,receiver,c41d37dc-ae5f-4578-853a-172e98e003f0,RECEIVE,DATA,546,1060,""
3082.705,receiver,c41d37dc-ae5f-4578-853a-172e98e003f0,OUT_OF_ORDER,DATA,546,0,"arrived before missing sequence=540"
3082.708,receiver,c41d37dc-ae5f-4578-853a-172e98e003f0,ACCEPT_DATA,DATA,546,1024,"unique file bytes received"
3082.710,receiver,c41d37dc-ae5f-4578-853a-172e98e003f0,SEND,ACK,546,36,""
3082.718,receiver,c41d37dc-ae5f-4578-853a-172e98e003f0,EMIT,ACK,546,36,""
3082.723,receiver,c41d37dc-ae5f-4578-853a-172e98e003f0,RECEIVE,DATA,547,1060,""
3082.727,receiver,c41d37dc-ae5f-4578-853a-172e98e003f0,OUT_OF_ORDER,DATA,547,0,"arrived before missing sequence=540"
3082.729,receiver,c41d37dc-ae5f-4578-853a-172e98e003f0,ACCEPT_DATA,DATA,547,1024,"unique file bytes received"
3082.732,receiver,c41d37dc-ae5f-4578-853a-172e98e003f0,SEND,ACK,547,36,""
3082.739,receiver,c41d37dc-ae5f-4578-853a-172e98e003f0,EMIT,ACK,547,36,""
3082.745,receiver,c41d37dc-ae5f-4578-853a-172e98e003f0,RECEIVE,DATA,548,1060,""
3082.748,receiver,c41d37dc-ae5f-4578-853a-172e98e003f0,OUT_OF_ORDER,DATA,548,0,"arrived before missing sequence=540"
3082.751,receiver,c41d37dc-ae5f-4578-853a-172e98e003f0,ACCEPT_DATA,DATA,548,1024,"unique file bytes received"
3082.754,receiver,c41d37dc-ae5f-4578-853a-172e98e003f0,SEND,ACK,548,36,""
3082.765,receiver,c41d37dc-ae5f-4578-853a-172e98e003f0,EMIT,ACK,548,36,""
3082.770,receiver,c41d37dc-ae5f-4578-853a-172e98e003f0,RECEIVE,DATA,549,1060,""
3082.807,receiver,c41d37dc-ae5f-4578-853a-172e98e003f0,OUT_OF_ORDER,DATA,549,0,"arrived before missing sequence=540"
3082.810,receiver,c41d37dc-ae5f-4578-853a-172e98e003f0,ACCEPT_DATA,DATA,549,1024,"unique file bytes received"
3082.812,receiver,c41d37dc-ae5f-4578-853a-172e98e003f0,SEND,ACK,549,36,""
3082.815,receiver,c41d37dc-ae5f-4578-853a-172e98e003f0,DROP,ACK,549,36,"random shim loss"
3082.833,receiver,c41d37dc-ae5f-4578-853a-172e98e003f0,RECEIVE,DATA,550,1060,""
3082.836,receiver,c41d37dc-ae5f-4578-853a-172e98e003f0,OUT_OF_ORDER,DATA,550,0,"arrived before missing sequence=540"
3082.838,receiver,c41d37dc-ae5f-4578-853a-172e98e003f0,ACCEPT_DATA,DATA,550,1024,"unique file bytes received"
3082.841,receiver,c41d37dc-ae5f-4578-853a-172e98e003f0,SEND,ACK,550,36,""
3082.850,receiver,c41d37dc-ae5f-4578-853a-172e98e003f0,EMIT,ACK,550,36,""
3082.856,receiver,c41d37dc-ae5f-4578-853a-172e98e003f0,RECEIVE,DATA,551,1060,""
3082.859,receiver,c41d37dc-ae5f-4578-853a-172e98e003f0,OUT_OF_ORDER,DATA,551,0,"arrived before missing sequence=540"
3082.862,receiver,c41d37dc-ae5f-4578-853a-172e98e003f0,ACCEPT_DATA,DATA,551,1024,"unique file bytes received"
3082.864,receiver,c41d37dc-ae5f-4578-853a-172e98e003f0,SEND,ACK,551,36,""
3082.874,receiver,c41d37dc-ae5f-4578-853a-172e98e003f0,EMIT,ACK,551,36,""
3082.880,receiver,c41d37dc-ae5f-4578-853a-172e98e003f0,RECEIVE,DATA,552,1060,""
3082.883,receiver,c41d37dc-ae5f-4578-853a-172e98e003f0,OUT_OF_ORDER,DATA,552,0,"arrived before missing sequence=540"
3082.886,receiver,c41d37dc-ae5f-4578-853a-172e98e003f0,ACCEPT_DATA,DATA,552,1024,"unique file bytes received"
3082.888,receiver,c41d37dc-ae5f-4578-853a-172e98e003f0,SEND,ACK,552,36,""
3082.897,receiver,c41d37dc-ae5f-4578-853a-172e98e003f0,EMIT,ACK,552,36,""
3082.904,receiver,c41d37dc-ae5f-4578-853a-172e98e003f0,RECEIVE,DATA,553,1060,""
3082.907,receiver,c41d37dc-ae5f-4578-853a-172e98e003f0,OUT_OF_ORDER,DATA,553,0,"arrived before missing sequence=540"
3082.909,receiver,c41d37dc-ae5f-4578-853a-172e98e003f0,ACCEPT_DATA,DATA,553,1024,"unique file bytes received"
3082.912,receiver,c41d37dc-ae5f-4578-853a-172e98e003f0,SEND,ACK,553,36,""
3082.921,receiver,c41d37dc-ae5f-4578-853a-172e98e003f0,EMIT,ACK,553,36,""
3082.927,receiver,c41d37dc-ae5f-4578-853a-172e98e003f0,RECEIVE,DATA,554,1060,""
3082.930,receiver,c41d37dc-ae5f-4578-853a-172e98e003f0,OUT_OF_ORDER,DATA,554,0,"arrived before missing sequence=540"
3082.933,receiver,c41d37dc-ae5f-4578-853a-172e98e003f0,ACCEPT_DATA,DATA,554,1024,"unique file bytes received"
3082.935,receiver,c41d37dc-ae5f-4578-853a-172e98e003f0,SEND,ACK,554,36,""
3082.945,receiver,c41d37dc-ae5f-4578-853a-172e98e003f0,EMIT,ACK,554,36,""
3082.951,receiver,c41d37dc-ae5f-4578-853a-172e98e003f0,RECEIVE,DATA,555,1060,""
3082.954,receiver,c41d37dc-ae5f-4578-853a-172e98e003f0,OUT_OF_ORDER,DATA,555,0,"arrived before missing sequence=540"
3082.956,receiver,c41d37dc-ae5f-4578-853a-172e98e003f0,ACCEPT_DATA,DATA,555,1024,"unique file bytes received"
3082.959,receiver,c41d37dc-ae5f-4578-853a-172e98e003f0,SEND,ACK,555,36,""
3082.968,receiver,c41d37dc-ae5f-4578-853a-172e98e003f0,EMIT,ACK,555,36,""
3082.974,receiver,c41d37dc-ae5f-4578-853a-172e98e003f0,RECEIVE,DATA,556,1060,""
3082.977,receiver,c41d37dc-ae5f-4578-853a-172e98e003f0,OUT_OF_ORDER,DATA,556,0,"arrived before missing sequence=540"
3082.979,receiver,c41d37dc-ae5f-4578-853a-172e98e003f0,ACCEPT_DATA,DATA,556,1024,"unique file bytes received"
3082.982,receiver,c41d37dc-ae5f-4578-853a-172e98e003f0,SEND,ACK,556,36,""
3082.990,receiver,c41d37dc-ae5f-4578-853a-172e98e003f0,EMIT,ACK,556,36,""
3082.996,receiver,c41d37dc-ae5f-4578-853a-172e98e003f0,RECEIVE,DATA,557,1060,""
3083.000,receiver,c41d37dc-ae5f-4578-853a-172e98e003f0,OUT_OF_ORDER,DATA,557,0,"arrived before missing sequence=540"
3083.002,receiver,c41d37dc-ae5f-4578-853a-172e98e003f0,ACCEPT_DATA,DATA,557,1024,"unique file bytes received"
3083.005,receiver,c41d37dc-ae5f-4578-853a-172e98e003f0,SEND,ACK,557,36,""
3083.013,receiver,c41d37dc-ae5f-4578-853a-172e98e003f0,EMIT,ACK,557,36,""
3083.019,receiver,c41d37dc-ae5f-4578-853a-172e98e003f0,RECEIVE,DATA,558,1060,""
3083.022,receiver,c41d37dc-ae5f-4578-853a-172e98e003f0,OUT_OF_ORDER,DATA,558,0,"arrived before missing sequence=540"
3083.025,receiver,c41d37dc-ae5f-4578-853a-172e98e003f0,ACCEPT_DATA,DATA,558,1024,"unique file bytes received"
3083.028,receiver,c41d37dc-ae5f-4578-853a-172e98e003f0,SEND,ACK,558,36,""
3083.036,receiver,c41d37dc-ae5f-4578-853a-172e98e003f0,EMIT,ACK,558,36,""
3083.042,receiver,c41d37dc-ae5f-4578-853a-172e98e003f0,RECEIVE,DATA,559,1060,""
3083.045,receiver,c41d37dc-ae5f-4578-853a-172e98e003f0,OUT_OF_ORDER,DATA,559,0,"arrived before missing sequence=540"
3083.048,receiver,c41d37dc-ae5f-4578-853a-172e98e003f0,ACCEPT_DATA,DATA,559,1024,"unique file bytes received"
3083.050,receiver,c41d37dc-ae5f-4578-853a-172e98e003f0,SEND,ACK,559,36,""
3083.059,receiver,c41d37dc-ae5f-4578-853a-172e98e003f0,EMIT,ACK,559,36,""
3083.064,receiver,c41d37dc-ae5f-4578-853a-172e98e003f0,RECEIVE,DATA,560,1060,""
3083.068,receiver,c41d37dc-ae5f-4578-853a-172e98e003f0,OUT_OF_ORDER,DATA,560,0,"arrived before missing sequence=540"
3083.070,receiver,c41d37dc-ae5f-4578-853a-172e98e003f0,ACCEPT_DATA,DATA,560,1024,"unique file bytes received"
3083.073,receiver,c41d37dc-ae5f-4578-853a-172e98e003f0,SEND,ACK,560,36,""
3083.081,receiver,c41d37dc-ae5f-4578-853a-172e98e003f0,EMIT,ACK,560,36,""
3083.087,receiver,c41d37dc-ae5f-4578-853a-172e98e003f0,RECEIVE,DATA,561,1060,""
3083.090,receiver,c41d37dc-ae5f-4578-853a-172e98e003f0,OUT_OF_ORDER,DATA,561,0,"arrived before missing sequence=540"
3083.093,receiver,c41d37dc-ae5f-4578-853a-172e98e003f0,ACCEPT_DATA,DATA,561,1024,"unique file bytes received"
3083.095,receiver,c41d37dc-ae5f-4578-853a-172e98e003f0,SEND,ACK,561,36,""
3083.098,receiver,c41d37dc-ae5f-4578-853a-172e98e003f0,DROP,ACK,561,36,"random shim loss"
3083.103,receiver,c41d37dc-ae5f-4578-853a-172e98e003f0,RECEIVE,DATA,562,1060,""
3083.106,receiver,c41d37dc-ae5f-4578-853a-172e98e003f0,OUT_OF_ORDER,DATA,562,0,"arrived before missing sequence=540"
3083.109,receiver,c41d37dc-ae5f-4578-853a-172e98e003f0,ACCEPT_DATA,DATA,562,1024,"unique file bytes received"
3083.111,receiver,c41d37dc-ae5f-4578-853a-172e98e003f0,SEND,ACK,562,36,""
3083.119,receiver,c41d37dc-ae5f-4578-853a-172e98e003f0,EMIT,ACK,562,36,""
3083.125,receiver,c41d37dc-ae5f-4578-853a-172e98e003f0,RECEIVE,DATA,563,1060,""
3083.128,receiver,c41d37dc-ae5f-4578-853a-172e98e003f0,OUT_OF_ORDER,DATA,563,0,"arrived before missing sequence=540"
3083.131,receiver,c41d37dc-ae5f-4578-853a-172e98e003f0,ACCEPT_DATA,DATA,563,1024,"unique file bytes received"
3083.134,receiver,c41d37dc-ae5f-4578-853a-172e98e003f0,SEND,ACK,563,36,""
3083.142,receiver,c41d37dc-ae5f-4578-853a-172e98e003f0,EMIT,ACK,563,36,""
3083.148,receiver,c41d37dc-ae5f-4578-853a-172e98e003f0,RECEIVE,DATA,565,1060,""
3083.151,receiver,c41d37dc-ae5f-4578-853a-172e98e003f0,OUT_OF_ORDER,DATA,565,0,"arrived before missing sequence=540"
3083.154,receiver,c41d37dc-ae5f-4578-853a-172e98e003f0,ACCEPT_DATA,DATA,565,1024,"unique file bytes received"
3083.157,receiver,c41d37dc-ae5f-4578-853a-172e98e003f0,SEND,ACK,565,36,""
3083.165,receiver,c41d37dc-ae5f-4578-853a-172e98e003f0,EMIT,ACK,565,36,""
3083.171,receiver,c41d37dc-ae5f-4578-853a-172e98e003f0,RECEIVE,DATA,566,1060,""
3083.174,receiver,c41d37dc-ae5f-4578-853a-172e98e003f0,OUT_OF_ORDER,DATA,566,0,"arrived before missing sequence=540"
3083.177,receiver,c41d37dc-ae5f-4578-853a-172e98e003f0,ACCEPT_DATA,DATA,566,1024,"unique file bytes received"
3083.179,receiver,c41d37dc-ae5f-4578-853a-172e98e003f0,SEND,ACK,566,36,""
3083.187,receiver,c41d37dc-ae5f-4578-853a-172e98e003f0,EMIT,ACK,566,36,""
3083.193,receiver,c41d37dc-ae5f-4578-853a-172e98e003f0,RECEIVE,DATA,567,1060,""
3083.196,receiver,c41d37dc-ae5f-4578-853a-172e98e003f0,OUT_OF_ORDER,DATA,567,0,"arrived before missing sequence=540"
3083.199,receiver,c41d37dc-ae5f-4578-853a-172e98e003f0,ACCEPT_DATA,DATA,567,1024,"unique file bytes received"
3083.201,receiver,c41d37dc-ae5f-4578-853a-172e98e003f0,SEND,ACK,567,36,""
3083.220,receiver,c41d37dc-ae5f-4578-853a-172e98e003f0,EMIT,ACK,567,36,""
3083.226,receiver,c41d37dc-ae5f-4578-853a-172e98e003f0,RECEIVE,DATA,568,1060,""
3083.229,receiver,c41d37dc-ae5f-4578-853a-172e98e003f0,OUT_OF_ORDER,DATA,568,0,"arrived before missing sequence=540"
3083.232,receiver,c41d37dc-ae5f-4578-853a-172e98e003f0,ACCEPT_DATA,DATA,568,1024,"unique file bytes received"
3083.234,receiver,c41d37dc-ae5f-4578-853a-172e98e003f0,SEND,ACK,568,36,""
3083.242,receiver,c41d37dc-ae5f-4578-853a-172e98e003f0,EMIT,ACK,568,36,""
3083.593,receiver,c41d37dc-ae5f-4578-853a-172e98e003f0,RECEIVE,DATA,569,1060,""
3083.639,receiver,c41d37dc-ae5f-4578-853a-172e98e003f0,OUT_OF_ORDER,DATA,569,0,"arrived before missing sequence=540"
3083.655,receiver,c41d37dc-ae5f-4578-853a-172e98e003f0,ACCEPT_DATA,DATA,569,1024,"unique file bytes received"
3083.667,receiver,c41d37dc-ae5f-4578-853a-172e98e003f0,SEND,ACK,569,36,""
3083.707,receiver,c41d37dc-ae5f-4578-853a-172e98e003f0,EMIT,ACK,569,36,""
3083.720,receiver,c41d37dc-ae5f-4578-853a-172e98e003f0,RECEIVE,DATA,570,1060,""
3083.723,receiver,c41d37dc-ae5f-4578-853a-172e98e003f0,OUT_OF_ORDER,DATA,570,0,"arrived before missing sequence=540"
3083.726,receiver,c41d37dc-ae5f-4578-853a-172e98e003f0,ACCEPT_DATA,DATA,570,1024,"unique file bytes received"
3083.729,receiver,c41d37dc-ae5f-4578-853a-172e98e003f0,SEND,ACK,570,36,""
3083.738,receiver,c41d37dc-ae5f-4578-853a-172e98e003f0,EMIT,ACK,570,36,""
3083.747,receiver,c41d37dc-ae5f-4578-853a-172e98e003f0,RECEIVE,DATA,571,1060,""
3083.751,receiver,c41d37dc-ae5f-4578-853a-172e98e003f0,OUT_OF_ORDER,DATA,571,0,"arrived before missing sequence=540"
3083.754,receiver,c41d37dc-ae5f-4578-853a-172e98e003f0,ACCEPT_DATA,DATA,571,1024,"unique file bytes received"
3083.757,receiver,c41d37dc-ae5f-4578-853a-172e98e003f0,SEND,ACK,571,36,""
3083.759,receiver,c41d37dc-ae5f-4578-853a-172e98e003f0,DROP,ACK,571,36,"random shim loss"
3348.285,receiver,c41d37dc-ae5f-4578-853a-172e98e003f0,RECEIVE,DATA,540,1060,""
3348.321,receiver,c41d37dc-ae5f-4578-853a-172e98e003f0,ACCEPT_DATA,DATA,540,1024,"unique file bytes received"
3348.327,receiver,c41d37dc-ae5f-4578-853a-172e98e003f0,SEND,ACK,540,36,""
3348.385,receiver,c41d37dc-ae5f-4578-853a-172e98e003f0,EMIT,ACK,540,36,""
3348.407,receiver,c41d37dc-ae5f-4578-853a-172e98e003f0,RECEIVE,DATA,549,1060,""
3348.413,receiver,c41d37dc-ae5f-4578-853a-172e98e003f0,DUPLICATE,DATA,549,0,"duplicate DATA; acknowledge without writing twice"
3348.418,receiver,c41d37dc-ae5f-4578-853a-172e98e003f0,SEND,ACK,549,36,""
3348.434,receiver,c41d37dc-ae5f-4578-853a-172e98e003f0,EMIT,ACK,549,36,""
3348.445,receiver,c41d37dc-ae5f-4578-853a-172e98e003f0,RECEIVE,DATA,561,1060,""
3348.450,receiver,c41d37dc-ae5f-4578-853a-172e98e003f0,DUPLICATE,DATA,561,0,"duplicate DATA; acknowledge without writing twice"
3348.455,receiver,c41d37dc-ae5f-4578-853a-172e98e003f0,SEND,ACK,561,36,""
3348.469,receiver,c41d37dc-ae5f-4578-853a-172e98e003f0,EMIT,ACK,561,36,""
3348.480,receiver,c41d37dc-ae5f-4578-853a-172e98e003f0,RECEIVE,DATA,564,1060,""
3348.486,receiver,c41d37dc-ae5f-4578-853a-172e98e003f0,ACCEPT_DATA,DATA,564,1024,"unique file bytes received"
3348.490,receiver,c41d37dc-ae5f-4578-853a-172e98e003f0,SEND,ACK,564,36,""
3348.505,receiver,c41d37dc-ae5f-4578-853a-172e98e003f0,EMIT,ACK,564,36,""
3348.515,receiver,c41d37dc-ae5f-4578-853a-172e98e003f0,RECEIVE,DATA,572,1060,""
3348.520,receiver,c41d37dc-ae5f-4578-853a-172e98e003f0,ACCEPT_DATA,DATA,572,1024,"unique file bytes received"
3348.525,receiver,c41d37dc-ae5f-4578-853a-172e98e003f0,SEND,ACK,572,36,""
3348.540,receiver,c41d37dc-ae5f-4578-853a-172e98e003f0,EMIT,ACK,572,36,""
3348.554,receiver,c41d37dc-ae5f-4578-853a-172e98e003f0,RECEIVE,DATA,573,1060,""
3348.560,receiver,c41d37dc-ae5f-4578-853a-172e98e003f0,ACCEPT_DATA,DATA,573,1024,"unique file bytes received"
3348.565,receiver,c41d37dc-ae5f-4578-853a-172e98e003f0,SEND,ACK,573,36,""
3348.579,receiver,c41d37dc-ae5f-4578-853a-172e98e003f0,EMIT,ACK,573,36,""
3348.589,receiver,c41d37dc-ae5f-4578-853a-172e98e003f0,RECEIVE,DATA,574,1060,""
3348.595,receiver,c41d37dc-ae5f-4578-853a-172e98e003f0,ACCEPT_DATA,DATA,574,1024,"unique file bytes received"
3348.599,receiver,c41d37dc-ae5f-4578-853a-172e98e003f0,SEND,ACK,574,36,""
3348.613,receiver,c41d37dc-ae5f-4578-853a-172e98e003f0,EMIT,ACK,574,36,""
3348.623,receiver,c41d37dc-ae5f-4578-853a-172e98e003f0,RECEIVE,DATA,575,1060,""
3348.629,receiver,c41d37dc-ae5f-4578-853a-172e98e003f0,ACCEPT_DATA,DATA,575,1024,"unique file bytes received"
3348.634,receiver,c41d37dc-ae5f-4578-853a-172e98e003f0,SEND,ACK,575,36,""
3348.649,receiver,c41d37dc-ae5f-4578-853a-172e98e003f0,EMIT,ACK,575,36,""
3348.659,receiver,c41d37dc-ae5f-4578-853a-172e98e003f0,RECEIVE,DATA,576,1060,""
3348.665,receiver,c41d37dc-ae5f-4578-853a-172e98e003f0,ACCEPT_DATA,DATA,576,1024,"unique file bytes received"
3348.670,receiver,c41d37dc-ae5f-4578-853a-172e98e003f0,SEND,ACK,576,36,""
3348.686,receiver,c41d37dc-ae5f-4578-853a-172e98e003f0,EMIT,ACK,576,36,""
3348.696,receiver,c41d37dc-ae5f-4578-853a-172e98e003f0,RECEIVE,DATA,577,1060,""
3348.702,receiver,c41d37dc-ae5f-4578-853a-172e98e003f0,ACCEPT_DATA,DATA,577,1024,"unique file bytes received"
3348.706,receiver,c41d37dc-ae5f-4578-853a-172e98e003f0,SEND,ACK,577,36,""
3348.721,receiver,c41d37dc-ae5f-4578-853a-172e98e003f0,EMIT,ACK,577,36,""
3348.731,receiver,c41d37dc-ae5f-4578-853a-172e98e003f0,RECEIVE,DATA,579,1060,""
3348.737,receiver,c41d37dc-ae5f-4578-853a-172e98e003f0,OUT_OF_ORDER,DATA,579,0,"arrived before missing sequence=578"
3348.742,receiver,c41d37dc-ae5f-4578-853a-172e98e003f0,ACCEPT_DATA,DATA,579,1024,"unique file bytes received"
3348.747,receiver,c41d37dc-ae5f-4578-853a-172e98e003f0,SEND,ACK,579,36,""
3348.761,receiver,c41d37dc-ae5f-4578-853a-172e98e003f0,EMIT,ACK,579,36,""
3348.771,receiver,c41d37dc-ae5f-4578-853a-172e98e003f0,RECEIVE,DATA,580,1060,""
3348.776,receiver,c41d37dc-ae5f-4578-853a-172e98e003f0,OUT_OF_ORDER,DATA,580,0,"arrived before missing sequence=578"
3348.781,receiver,c41d37dc-ae5f-4578-853a-172e98e003f0,ACCEPT_DATA,DATA,580,1024,"unique file bytes received"
3348.786,receiver,c41d37dc-ae5f-4578-853a-172e98e003f0,SEND,ACK,580,36,""
3348.800,receiver,c41d37dc-ae5f-4578-853a-172e98e003f0,EMIT,ACK,580,36,""
3348.810,receiver,c41d37dc-ae5f-4578-853a-172e98e003f0,RECEIVE,DATA,581,1060,""
3348.816,receiver,c41d37dc-ae5f-4578-853a-172e98e003f0,OUT_OF_ORDER,DATA,581,0,"arrived before missing sequence=578"
3348.820,receiver,c41d37dc-ae5f-4578-853a-172e98e003f0,ACCEPT_DATA,DATA,581,1024,"unique file bytes received"
3348.825,receiver,c41d37dc-ae5f-4578-853a-172e98e003f0,SEND,ACK,581,36,""
3348.839,receiver,c41d37dc-ae5f-4578-853a-172e98e003f0,EMIT,ACK,581,36,""
3348.849,receiver,c41d37dc-ae5f-4578-853a-172e98e003f0,RECEIVE,DATA,582,1060,""
3348.855,receiver,c41d37dc-ae5f-4578-853a-172e98e003f0,OUT_OF_ORDER,DATA,582,0,"arrived before missing sequence=578"
3348.859,receiver,c41d37dc-ae5f-4578-853a-172e98e003f0,ACCEPT_DATA,DATA,582,1024,"unique file bytes received"
3348.863,receiver,c41d37dc-ae5f-4578-853a-172e98e003f0,SEND,ACK,582,36,""
3348.878,receiver,c41d37dc-ae5f-4578-853a-172e98e003f0,EMIT,ACK,582,36,""
3348.887,receiver,c41d37dc-ae5f-4578-853a-172e98e003f0,RECEIVE,DATA,583,1060,""
3348.893,receiver,c41d37dc-ae5f-4578-853a-172e98e003f0,OUT_OF_ORDER,DATA,583,0,"arrived before missing sequence=578"
3348.897,receiver,c41d37dc-ae5f-4578-853a-172e98e003f0,ACCEPT_DATA,DATA,583,1024,"unique file bytes received"
3348.902,receiver,c41d37dc-ae5f-4578-853a-172e98e003f0,SEND,ACK,583,36,""
3348.916,receiver,c41d37dc-ae5f-4578-853a-172e98e003f0,EMIT,ACK,583,36,""
3348.926,receiver,c41d37dc-ae5f-4578-853a-172e98e003f0,RECEIVE,DATA,584,1060,""
3348.931,receiver,c41d37dc-ae5f-4578-853a-172e98e003f0,OUT_OF_ORDER,DATA,584,0,"arrived before missing sequence=578"
3348.936,receiver,c41d37dc-ae5f-4578-853a-172e98e003f0,ACCEPT_DATA,DATA,584,1024,"unique file bytes received"
3348.940,receiver,c41d37dc-ae5f-4578-853a-172e98e003f0,SEND,ACK,584,36,""
3348.954,receiver,c41d37dc-ae5f-4578-853a-172e98e003f0,EMIT,ACK,584,36,""
3348.964,receiver,c41d37dc-ae5f-4578-853a-172e98e003f0,RECEIVE,DATA,585,1060,""
3349.014,receiver,c41d37dc-ae5f-4578-853a-172e98e003f0,OUT_OF_ORDER,DATA,585,0,"arrived before missing sequence=578"
3349.019,receiver,c41d37dc-ae5f-4578-853a-172e98e003f0,ACCEPT_DATA,DATA,585,1024,"unique file bytes received"
3349.024,receiver,c41d37dc-ae5f-4578-853a-172e98e003f0,SEND,ACK,585,36,""
3349.039,receiver,c41d37dc-ae5f-4578-853a-172e98e003f0,EMIT,ACK,585,36,""
3349.049,receiver,c41d37dc-ae5f-4578-853a-172e98e003f0,RECEIVE,DATA,586,1060,""
3349.054,receiver,c41d37dc-ae5f-4578-853a-172e98e003f0,OUT_OF_ORDER,DATA,586,0,"arrived before missing sequence=578"
3349.059,receiver,c41d37dc-ae5f-4578-853a-172e98e003f0,ACCEPT_DATA,DATA,586,1024,"unique file bytes received"
3349.064,receiver,c41d37dc-ae5f-4578-853a-172e98e003f0,SEND,ACK,586,36,""
3349.079,receiver,c41d37dc-ae5f-4578-853a-172e98e003f0,EMIT,ACK,586,36,""
3349.090,receiver,c41d37dc-ae5f-4578-853a-172e98e003f0,RECEIVE,DATA,587,1060,""
3349.095,receiver,c41d37dc-ae5f-4578-853a-172e98e003f0,OUT_OF_ORDER,DATA,587,0,"arrived before missing sequence=578"
3349.100,receiver,c41d37dc-ae5f-4578-853a-172e98e003f0,ACCEPT_DATA,DATA,587,1024,"unique file bytes received"
3349.104,receiver,c41d37dc-ae5f-4578-853a-172e98e003f0,SEND,ACK,587,36,""
3349.118,receiver,c41d37dc-ae5f-4578-853a-172e98e003f0,EMIT,ACK,587,36,""
3349.128,receiver,c41d37dc-ae5f-4578-853a-172e98e003f0,RECEIVE,DATA,588,1060,""
3349.133,receiver,c41d37dc-ae5f-4578-853a-172e98e003f0,OUT_OF_ORDER,DATA,588,0,"arrived before missing sequence=578"
3349.138,receiver,c41d37dc-ae5f-4578-853a-172e98e003f0,ACCEPT_DATA,DATA,588,1024,"unique file bytes received"
3349.143,receiver,c41d37dc-ae5f-4578-853a-172e98e003f0,SEND,ACK,588,36,""
3349.156,receiver,c41d37dc-ae5f-4578-853a-172e98e003f0,EMIT,ACK,588,36,""
3349.165,receiver,c41d37dc-ae5f-4578-853a-172e98e003f0,RECEIVE,DATA,589,1060,""
3349.171,receiver,c41d37dc-ae5f-4578-853a-172e98e003f0,OUT_OF_ORDER,DATA,589,0,"arrived before missing sequence=578"
3349.175,receiver,c41d37dc-ae5f-4578-853a-172e98e003f0,ACCEPT_DATA,DATA,589,1024,"unique file bytes received"
3349.180,receiver,c41d37dc-ae5f-4578-853a-172e98e003f0,SEND,ACK,589,36,""
3349.194,receiver,c41d37dc-ae5f-4578-853a-172e98e003f0,EMIT,ACK,589,36,""
3349.203,receiver,c41d37dc-ae5f-4578-853a-172e98e003f0,RECEIVE,DATA,590,1060,""
3349.209,receiver,c41d37dc-ae5f-4578-853a-172e98e003f0,OUT_OF_ORDER,DATA,590,0,"arrived before missing sequence=578"
3349.213,receiver,c41d37dc-ae5f-4578-853a-172e98e003f0,ACCEPT_DATA,DATA,590,1024,"unique file bytes received"
3349.218,receiver,c41d37dc-ae5f-4578-853a-172e98e003f0,SEND,ACK,590,36,""
3349.231,receiver,c41d37dc-ae5f-4578-853a-172e98e003f0,EMIT,ACK,590,36,""
3349.241,receiver,c41d37dc-ae5f-4578-853a-172e98e003f0,RECEIVE,DATA,591,1060,""
3349.247,receiver,c41d37dc-ae5f-4578-853a-172e98e003f0,OUT_OF_ORDER,DATA,591,0,"arrived before missing sequence=578"
3349.251,receiver,c41d37dc-ae5f-4578-853a-172e98e003f0,ACCEPT_DATA,DATA,591,1024,"unique file bytes received"
3349.256,receiver,c41d37dc-ae5f-4578-853a-172e98e003f0,SEND,ACK,591,36,""
3349.269,receiver,c41d37dc-ae5f-4578-853a-172e98e003f0,EMIT,ACK,591,36,""
3349.279,receiver,c41d37dc-ae5f-4578-853a-172e98e003f0,RECEIVE,DATA,592,1060,""
3349.289,receiver,c41d37dc-ae5f-4578-853a-172e98e003f0,OUT_OF_ORDER,DATA,592,0,"arrived before missing sequence=578"
3349.292,receiver,c41d37dc-ae5f-4578-853a-172e98e003f0,ACCEPT_DATA,DATA,592,1024,"unique file bytes received"
3349.294,receiver,c41d37dc-ae5f-4578-853a-172e98e003f0,SEND,ACK,592,36,""
3349.301,receiver,c41d37dc-ae5f-4578-853a-172e98e003f0,EMIT,ACK,592,36,""
3349.307,receiver,c41d37dc-ae5f-4578-853a-172e98e003f0,RECEIVE,DATA,593,1060,""
3349.309,receiver,c41d37dc-ae5f-4578-853a-172e98e003f0,OUT_OF_ORDER,DATA,593,0,"arrived before missing sequence=578"
3349.312,receiver,c41d37dc-ae5f-4578-853a-172e98e003f0,ACCEPT_DATA,DATA,593,1024,"unique file bytes received"
3349.314,receiver,c41d37dc-ae5f-4578-853a-172e98e003f0,SEND,ACK,593,36,""
3349.321,receiver,c41d37dc-ae5f-4578-853a-172e98e003f0,EMIT,ACK,593,36,""
3349.326,receiver,c41d37dc-ae5f-4578-853a-172e98e003f0,RECEIVE,DATA,594,1060,""
3349.329,receiver,c41d37dc-ae5f-4578-853a-172e98e003f0,OUT_OF_ORDER,DATA,594,0,"arrived before missing sequence=578"
3349.331,receiver,c41d37dc-ae5f-4578-853a-172e98e003f0,ACCEPT_DATA,DATA,594,1024,"unique file bytes received"
3349.333,receiver,c41d37dc-ae5f-4578-853a-172e98e003f0,SEND,ACK,594,36,""
3349.340,receiver,c41d37dc-ae5f-4578-853a-172e98e003f0,EMIT,ACK,594,36,""
3349.345,receiver,c41d37dc-ae5f-4578-853a-172e98e003f0,RECEIVE,DATA,595,1060,""
3349.348,receiver,c41d37dc-ae5f-4578-853a-172e98e003f0,OUT_OF_ORDER,DATA,595,0,"arrived before missing sequence=578"
3349.350,receiver,c41d37dc-ae5f-4578-853a-172e98e003f0,ACCEPT_DATA,DATA,595,1024,"unique file bytes received"
3349.353,receiver,c41d37dc-ae5f-4578-853a-172e98e003f0,SEND,ACK,595,36,""
3349.359,receiver,c41d37dc-ae5f-4578-853a-172e98e003f0,EMIT,ACK,595,36,""
3349.365,receiver,c41d37dc-ae5f-4578-853a-172e98e003f0,RECEIVE,DATA,596,1060,""
3349.367,receiver,c41d37dc-ae5f-4578-853a-172e98e003f0,OUT_OF_ORDER,DATA,596,0,"arrived before missing sequence=578"
3349.370,receiver,c41d37dc-ae5f-4578-853a-172e98e003f0,ACCEPT_DATA,DATA,596,1024,"unique file bytes received"
3349.372,receiver,c41d37dc-ae5f-4578-853a-172e98e003f0,SEND,ACK,596,36,""
3349.379,receiver,c41d37dc-ae5f-4578-853a-172e98e003f0,EMIT,ACK,596,36,""
3349.384,receiver,c41d37dc-ae5f-4578-853a-172e98e003f0,RECEIVE,DATA,597,1060,""
3349.387,receiver,c41d37dc-ae5f-4578-853a-172e98e003f0,OUT_OF_ORDER,DATA,597,0,"arrived before missing sequence=578"
3349.390,receiver,c41d37dc-ae5f-4578-853a-172e98e003f0,ACCEPT_DATA,DATA,597,1024,"unique file bytes received"
3349.392,receiver,c41d37dc-ae5f-4578-853a-172e98e003f0,SEND,ACK,597,36,""
3349.399,receiver,c41d37dc-ae5f-4578-853a-172e98e003f0,EMIT,ACK,597,36,""
3349.404,receiver,c41d37dc-ae5f-4578-853a-172e98e003f0,RECEIVE,DATA,598,1060,""
3349.408,receiver,c41d37dc-ae5f-4578-853a-172e98e003f0,OUT_OF_ORDER,DATA,598,0,"arrived before missing sequence=578"
3349.411,receiver,c41d37dc-ae5f-4578-853a-172e98e003f0,ACCEPT_DATA,DATA,598,1024,"unique file bytes received"
3349.413,receiver,c41d37dc-ae5f-4578-853a-172e98e003f0,SEND,ACK,598,36,""
3349.420,receiver,c41d37dc-ae5f-4578-853a-172e98e003f0,EMIT,ACK,598,36,""
3349.426,receiver,c41d37dc-ae5f-4578-853a-172e98e003f0,RECEIVE,DATA,599,1060,""
3349.428,receiver,c41d37dc-ae5f-4578-853a-172e98e003f0,OUT_OF_ORDER,DATA,599,0,"arrived before missing sequence=578"
3349.431,receiver,c41d37dc-ae5f-4578-853a-172e98e003f0,ACCEPT_DATA,DATA,599,1024,"unique file bytes received"
3349.434,receiver,c41d37dc-ae5f-4578-853a-172e98e003f0,SEND,ACK,599,36,""
3349.440,receiver,c41d37dc-ae5f-4578-853a-172e98e003f0,EMIT,ACK,599,36,""
3349.445,receiver,c41d37dc-ae5f-4578-853a-172e98e003f0,RECEIVE,DATA,600,1060,""
3349.448,receiver,c41d37dc-ae5f-4578-853a-172e98e003f0,OUT_OF_ORDER,DATA,600,0,"arrived before missing sequence=578"
3349.450,receiver,c41d37dc-ae5f-4578-853a-172e98e003f0,ACCEPT_DATA,DATA,600,1024,"unique file bytes received"
3349.453,receiver,c41d37dc-ae5f-4578-853a-172e98e003f0,SEND,ACK,600,36,""
3349.460,receiver,c41d37dc-ae5f-4578-853a-172e98e003f0,EMIT,ACK,600,36,""
3349.474,receiver,c41d37dc-ae5f-4578-853a-172e98e003f0,RECEIVE,DATA,601,1060,""
3349.477,receiver,c41d37dc-ae5f-4578-853a-172e98e003f0,OUT_OF_ORDER,DATA,601,0,"arrived before missing sequence=578"
3349.479,receiver,c41d37dc-ae5f-4578-853a-172e98e003f0,ACCEPT_DATA,DATA,601,1024,"unique file bytes received"
3349.482,receiver,c41d37dc-ae5f-4578-853a-172e98e003f0,SEND,ACK,601,36,""
3349.489,receiver,c41d37dc-ae5f-4578-853a-172e98e003f0,EMIT,ACK,601,36,""
3349.494,receiver,c41d37dc-ae5f-4578-853a-172e98e003f0,RECEIVE,DATA,602,1060,""
3349.497,receiver,c41d37dc-ae5f-4578-853a-172e98e003f0,OUT_OF_ORDER,DATA,602,0,"arrived before missing sequence=578"
3349.499,receiver,c41d37dc-ae5f-4578-853a-172e98e003f0,ACCEPT_DATA,DATA,602,1024,"unique file bytes received"
3349.501,receiver,c41d37dc-ae5f-4578-853a-172e98e003f0,SEND,ACK,602,36,""
3349.519,receiver,c41d37dc-ae5f-4578-853a-172e98e003f0,EMIT,ACK,602,36,""
3601.487,receiver,c41d37dc-ae5f-4578-853a-172e98e003f0,RECEIVE,DATA,578,1060,""
3601.504,receiver,c41d37dc-ae5f-4578-853a-172e98e003f0,ACCEPT_DATA,DATA,578,1024,"unique file bytes received"
3601.521,receiver,c41d37dc-ae5f-4578-853a-172e98e003f0,SEND,ACK,578,36,""
3601.554,receiver,c41d37dc-ae5f-4578-853a-172e98e003f0,EMIT,ACK,578,36,""
3853.669,receiver,c41d37dc-ae5f-4578-853a-172e98e003f0,RECEIVE,DATA,571,1060,""
3853.693,receiver,c41d37dc-ae5f-4578-853a-172e98e003f0,DUPLICATE,DATA,571,0,"duplicate DATA; acknowledge without writing twice"
3853.698,receiver,c41d37dc-ae5f-4578-853a-172e98e003f0,SEND,ACK,571,36,""
3853.748,receiver,c41d37dc-ae5f-4578-853a-172e98e003f0,EMIT,ACK,571,36,""
3853.805,receiver,c41d37dc-ae5f-4578-853a-172e98e003f0,RECEIVE,DATA,603,1060,""
3853.816,receiver,c41d37dc-ae5f-4578-853a-172e98e003f0,ACCEPT_DATA,DATA,603,1024,"unique file bytes received"
3853.820,receiver,c41d37dc-ae5f-4578-853a-172e98e003f0,SEND,ACK,603,36,""
3853.860,receiver,c41d37dc-ae5f-4578-853a-172e98e003f0,EMIT,ACK,603,36,""
3853.872,receiver,c41d37dc-ae5f-4578-853a-172e98e003f0,RECEIVE,DATA,604,1060,""
3853.875,receiver,c41d37dc-ae5f-4578-853a-172e98e003f0,ACCEPT_DATA,DATA,604,1024,"unique file bytes received"
3853.877,receiver,c41d37dc-ae5f-4578-853a-172e98e003f0,SEND,ACK,604,36,""
3853.888,receiver,c41d37dc-ae5f-4578-853a-172e98e003f0,EMIT,ACK,604,36,""
3853.894,receiver,c41d37dc-ae5f-4578-853a-172e98e003f0,RECEIVE,DATA,605,1060,""
3853.896,receiver,c41d37dc-ae5f-4578-853a-172e98e003f0,ACCEPT_DATA,DATA,605,1024,"unique file bytes received"
3853.899,receiver,c41d37dc-ae5f-4578-853a-172e98e003f0,SEND,ACK,605,36,""
3853.913,receiver,c41d37dc-ae5f-4578-853a-172e98e003f0,EMIT,ACK,605,36,""
3853.918,receiver,c41d37dc-ae5f-4578-853a-172e98e003f0,RECEIVE,DATA,606,1060,""
3853.921,receiver,c41d37dc-ae5f-4578-853a-172e98e003f0,ACCEPT_DATA,DATA,606,1024,"unique file bytes received"
3853.923,receiver,c41d37dc-ae5f-4578-853a-172e98e003f0,SEND,ACK,606,36,""
3853.930,receiver,c41d37dc-ae5f-4578-853a-172e98e003f0,EMIT,ACK,606,36,""
3853.935,receiver,c41d37dc-ae5f-4578-853a-172e98e003f0,RECEIVE,DATA,607,1060,""
3853.938,receiver,c41d37dc-ae5f-4578-853a-172e98e003f0,ACCEPT_DATA,DATA,607,1024,"unique file bytes received"
3853.940,receiver,c41d37dc-ae5f-4578-853a-172e98e003f0,SEND,ACK,607,36,""
3853.947,receiver,c41d37dc-ae5f-4578-853a-172e98e003f0,EMIT,ACK,607,36,""
3853.952,receiver,c41d37dc-ae5f-4578-853a-172e98e003f0,RECEIVE,DATA,608,1060,""
3853.955,receiver,c41d37dc-ae5f-4578-853a-172e98e003f0,ACCEPT_DATA,DATA,608,1024,"unique file bytes received"
3853.957,receiver,c41d37dc-ae5f-4578-853a-172e98e003f0,SEND,ACK,608,36,""
3853.964,receiver,c41d37dc-ae5f-4578-853a-172e98e003f0,EMIT,ACK,608,36,""
3853.973,receiver,c41d37dc-ae5f-4578-853a-172e98e003f0,RECEIVE,DATA,609,1060,""
3853.979,receiver,c41d37dc-ae5f-4578-853a-172e98e003f0,ACCEPT_DATA,DATA,609,1024,"unique file bytes received"
3853.981,receiver,c41d37dc-ae5f-4578-853a-172e98e003f0,SEND,ACK,609,36,""
3853.988,receiver,c41d37dc-ae5f-4578-853a-172e98e003f0,EMIT,ACK,609,36,""
3854.001,receiver,c41d37dc-ae5f-4578-853a-172e98e003f0,RECEIVE,DATA,610,1060,""
3854.005,receiver,c41d37dc-ae5f-4578-853a-172e98e003f0,ACCEPT_DATA,DATA,610,1024,"unique file bytes received"
3854.007,receiver,c41d37dc-ae5f-4578-853a-172e98e003f0,SEND,ACK,610,36,""
3854.014,receiver,c41d37dc-ae5f-4578-853a-172e98e003f0,EMIT,ACK,610,36,""
3854.020,receiver,c41d37dc-ae5f-4578-853a-172e98e003f0,RECEIVE,DATA,611,1060,""
3854.022,receiver,c41d37dc-ae5f-4578-853a-172e98e003f0,ACCEPT_DATA,DATA,611,1024,"unique file bytes received"
3854.025,receiver,c41d37dc-ae5f-4578-853a-172e98e003f0,SEND,ACK,611,36,""
3854.033,receiver,c41d37dc-ae5f-4578-853a-172e98e003f0,EMIT,ACK,611,36,""
3854.038,receiver,c41d37dc-ae5f-4578-853a-172e98e003f0,RECEIVE,DATA,612,1060,""
3854.041,receiver,c41d37dc-ae5f-4578-853a-172e98e003f0,ACCEPT_DATA,DATA,612,1024,"unique file bytes received"
3854.044,receiver,c41d37dc-ae5f-4578-853a-172e98e003f0,SEND,ACK,612,36,""
3854.051,receiver,c41d37dc-ae5f-4578-853a-172e98e003f0,EMIT,ACK,612,36,""
3854.057,receiver,c41d37dc-ae5f-4578-853a-172e98e003f0,RECEIVE,DATA,613,1060,""
3854.063,receiver,c41d37dc-ae5f-4578-853a-172e98e003f0,ACCEPT_DATA,DATA,613,1024,"unique file bytes received"
3854.065,receiver,c41d37dc-ae5f-4578-853a-172e98e003f0,SEND,ACK,613,36,""
3854.073,receiver,c41d37dc-ae5f-4578-853a-172e98e003f0,EMIT,ACK,613,36,""
3854.078,receiver,c41d37dc-ae5f-4578-853a-172e98e003f0,RECEIVE,DATA,614,1060,""
3854.080,receiver,c41d37dc-ae5f-4578-853a-172e98e003f0,ACCEPT_DATA,DATA,614,1024,"unique file bytes received"
3854.083,receiver,c41d37dc-ae5f-4578-853a-172e98e003f0,SEND,ACK,614,36,""
3854.091,receiver,c41d37dc-ae5f-4578-853a-172e98e003f0,EMIT,ACK,614,36,""
3854.095,receiver,c41d37dc-ae5f-4578-853a-172e98e003f0,RECEIVE,DATA,615,1060,""
3854.098,receiver,c41d37dc-ae5f-4578-853a-172e98e003f0,ACCEPT_DATA,DATA,615,1024,"unique file bytes received"
3854.100,receiver,c41d37dc-ae5f-4578-853a-172e98e003f0,SEND,ACK,615,36,""
3854.109,receiver,c41d37dc-ae5f-4578-853a-172e98e003f0,EMIT,ACK,615,36,""
3854.119,receiver,c41d37dc-ae5f-4578-853a-172e98e003f0,RECEIVE,DATA,616,1060,""
3854.122,receiver,c41d37dc-ae5f-4578-853a-172e98e003f0,ACCEPT_DATA,DATA,616,1024,"unique file bytes received"
3854.124,receiver,c41d37dc-ae5f-4578-853a-172e98e003f0,SEND,ACK,616,36,""
3854.131,receiver,c41d37dc-ae5f-4578-853a-172e98e003f0,EMIT,ACK,616,36,""
3854.136,receiver,c41d37dc-ae5f-4578-853a-172e98e003f0,RECEIVE,DATA,617,1060,""
3854.139,receiver,c41d37dc-ae5f-4578-853a-172e98e003f0,ACCEPT_DATA,DATA,617,1024,"unique file bytes received"
3854.142,receiver,c41d37dc-ae5f-4578-853a-172e98e003f0,SEND,ACK,617,36,""
3854.147,receiver,c41d37dc-ae5f-4578-853a-172e98e003f0,EMIT,ACK,617,36,""
3854.152,receiver,c41d37dc-ae5f-4578-853a-172e98e003f0,RECEIVE,DATA,618,1060,""
3854.155,receiver,c41d37dc-ae5f-4578-853a-172e98e003f0,ACCEPT_DATA,DATA,618,1024,"unique file bytes received"
3854.157,receiver,c41d37dc-ae5f-4578-853a-172e98e003f0,SEND,ACK,618,36,""
3854.164,receiver,c41d37dc-ae5f-4578-853a-172e98e003f0,EMIT,ACK,618,36,""
3854.170,receiver,c41d37dc-ae5f-4578-853a-172e98e003f0,RECEIVE,DATA,619,1060,""
3854.172,receiver,c41d37dc-ae5f-4578-853a-172e98e003f0,ACCEPT_DATA,DATA,619,1024,"unique file bytes received"
3854.175,receiver,c41d37dc-ae5f-4578-853a-172e98e003f0,SEND,ACK,619,36,""
3854.182,receiver,c41d37dc-ae5f-4578-853a-172e98e003f0,EMIT,ACK,619,36,""
3854.188,receiver,c41d37dc-ae5f-4578-853a-172e98e003f0,RECEIVE,DATA,620,1060,""
3854.191,receiver,c41d37dc-ae5f-4578-853a-172e98e003f0,ACCEPT_DATA,DATA,620,1024,"unique file bytes received"
3854.193,receiver,c41d37dc-ae5f-4578-853a-172e98e003f0,SEND,ACK,620,36,""
3854.200,receiver,c41d37dc-ae5f-4578-853a-172e98e003f0,EMIT,ACK,620,36,""
3854.205,receiver,c41d37dc-ae5f-4578-853a-172e98e003f0,RECEIVE,DATA,621,1060,""
3854.208,receiver,c41d37dc-ae5f-4578-853a-172e98e003f0,ACCEPT_DATA,DATA,621,1024,"unique file bytes received"
3854.211,receiver,c41d37dc-ae5f-4578-853a-172e98e003f0,SEND,ACK,621,36,""
3854.218,receiver,c41d37dc-ae5f-4578-853a-172e98e003f0,EMIT,ACK,621,36,""
3854.223,receiver,c41d37dc-ae5f-4578-853a-172e98e003f0,RECEIVE,DATA,622,1060,""
3854.226,receiver,c41d37dc-ae5f-4578-853a-172e98e003f0,ACCEPT_DATA,DATA,622,1024,"unique file bytes received"
3854.228,receiver,c41d37dc-ae5f-4578-853a-172e98e003f0,SEND,ACK,622,36,""
3854.235,receiver,c41d37dc-ae5f-4578-853a-172e98e003f0,EMIT,ACK,622,36,""
3854.240,receiver,c41d37dc-ae5f-4578-853a-172e98e003f0,RECEIVE,DATA,623,1060,""
3854.243,receiver,c41d37dc-ae5f-4578-853a-172e98e003f0,ACCEPT_DATA,DATA,623,1024,"unique file bytes received"
3854.245,receiver,c41d37dc-ae5f-4578-853a-172e98e003f0,SEND,ACK,623,36,""
3854.253,receiver,c41d37dc-ae5f-4578-853a-172e98e003f0,EMIT,ACK,623,36,""
3854.258,receiver,c41d37dc-ae5f-4578-853a-172e98e003f0,RECEIVE,DATA,624,1060,""
3854.261,receiver,c41d37dc-ae5f-4578-853a-172e98e003f0,ACCEPT_DATA,DATA,624,1024,"unique file bytes received"
3854.264,receiver,c41d37dc-ae5f-4578-853a-172e98e003f0,SEND,ACK,624,36,""
3854.297,receiver,c41d37dc-ae5f-4578-853a-172e98e003f0,EMIT,ACK,624,36,""
3854.302,receiver,c41d37dc-ae5f-4578-853a-172e98e003f0,RECEIVE,DATA,625,1060,""
3854.305,receiver,c41d37dc-ae5f-4578-853a-172e98e003f0,ACCEPT_DATA,DATA,625,1024,"unique file bytes received"
3854.308,receiver,c41d37dc-ae5f-4578-853a-172e98e003f0,SEND,ACK,625,36,""
3854.315,receiver,c41d37dc-ae5f-4578-853a-172e98e003f0,EMIT,ACK,625,36,""
3854.320,receiver,c41d37dc-ae5f-4578-853a-172e98e003f0,RECEIVE,DATA,626,1060,""
3854.323,receiver,c41d37dc-ae5f-4578-853a-172e98e003f0,ACCEPT_DATA,DATA,626,1024,"unique file bytes received"
3854.326,receiver,c41d37dc-ae5f-4578-853a-172e98e003f0,SEND,ACK,626,36,""
3854.328,receiver,c41d37dc-ae5f-4578-853a-172e98e003f0,DROP,ACK,626,36,"random shim loss"
3854.334,receiver,c41d37dc-ae5f-4578-853a-172e98e003f0,RECEIVE,DATA,628,1060,""
3854.337,receiver,c41d37dc-ae5f-4578-853a-172e98e003f0,OUT_OF_ORDER,DATA,628,0,"arrived before missing sequence=627"
3854.340,receiver,c41d37dc-ae5f-4578-853a-172e98e003f0,ACCEPT_DATA,DATA,628,1024,"unique file bytes received"
3854.343,receiver,c41d37dc-ae5f-4578-853a-172e98e003f0,SEND,ACK,628,36,""
3854.350,receiver,c41d37dc-ae5f-4578-853a-172e98e003f0,EMIT,ACK,628,36,""
3854.355,receiver,c41d37dc-ae5f-4578-853a-172e98e003f0,RECEIVE,DATA,629,1060,""
3854.358,receiver,c41d37dc-ae5f-4578-853a-172e98e003f0,OUT_OF_ORDER,DATA,629,0,"arrived before missing sequence=627"
3854.361,receiver,c41d37dc-ae5f-4578-853a-172e98e003f0,ACCEPT_DATA,DATA,629,1024,"unique file bytes received"
3854.363,receiver,c41d37dc-ae5f-4578-853a-172e98e003f0,SEND,ACK,629,36,""
3854.370,receiver,c41d37dc-ae5f-4578-853a-172e98e003f0,EMIT,ACK,629,36,""
3854.376,receiver,c41d37dc-ae5f-4578-853a-172e98e003f0,RECEIVE,DATA,630,1060,""
3854.378,receiver,c41d37dc-ae5f-4578-853a-172e98e003f0,OUT_OF_ORDER,DATA,630,0,"arrived before missing sequence=627"
3854.381,receiver,c41d37dc-ae5f-4578-853a-172e98e003f0,ACCEPT_DATA,DATA,630,1024,"unique file bytes received"
3854.383,receiver,c41d37dc-ae5f-4578-853a-172e98e003f0,SEND,ACK,630,36,""
3854.392,receiver,c41d37dc-ae5f-4578-853a-172e98e003f0,EMIT,ACK,630,36,""
3854.397,receiver,c41d37dc-ae5f-4578-853a-172e98e003f0,RECEIVE,DATA,631,1060,""
3854.400,receiver,c41d37dc-ae5f-4578-853a-172e98e003f0,OUT_OF_ORDER,DATA,631,0,"arrived before missing sequence=627"
3854.402,receiver,c41d37dc-ae5f-4578-853a-172e98e003f0,ACCEPT_DATA,DATA,631,1024,"unique file bytes received"
3854.404,receiver,c41d37dc-ae5f-4578-853a-172e98e003f0,SEND,ACK,631,36,""
3854.411,receiver,c41d37dc-ae5f-4578-853a-172e98e003f0,EMIT,ACK,631,36,""
3854.417,receiver,c41d37dc-ae5f-4578-853a-172e98e003f0,RECEIVE,DATA,632,1060,""
3854.420,receiver,c41d37dc-ae5f-4578-853a-172e98e003f0,OUT_OF_ORDER,DATA,632,0,"arrived before missing sequence=627"
3854.422,receiver,c41d37dc-ae5f-4578-853a-172e98e003f0,ACCEPT_DATA,DATA,632,1024,"unique file bytes received"
3854.424,receiver,c41d37dc-ae5f-4578-853a-172e98e003f0,SEND,ACK,632,36,""
3854.431,receiver,c41d37dc-ae5f-4578-853a-172e98e003f0,EMIT,ACK,632,36,""
3854.437,receiver,c41d37dc-ae5f-4578-853a-172e98e003f0,RECEIVE,DATA,633,1060,""
3854.440,receiver,c41d37dc-ae5f-4578-853a-172e98e003f0,OUT_OF_ORDER,DATA,633,0,"arrived before missing sequence=627"
3854.442,receiver,c41d37dc-ae5f-4578-853a-172e98e003f0,ACCEPT_DATA,DATA,633,1024,"unique file bytes received"
3854.444,receiver,c41d37dc-ae5f-4578-853a-172e98e003f0,SEND,ACK,633,36,""
3854.451,receiver,c41d37dc-ae5f-4578-853a-172e98e003f0,EMIT,ACK,633,36,""
3854.456,receiver,c41d37dc-ae5f-4578-853a-172e98e003f0,RECEIVE,DATA,634,1060,""
3854.459,receiver,c41d37dc-ae5f-4578-853a-172e98e003f0,OUT_OF_ORDER,DATA,634,0,"arrived before missing sequence=627"
3854.462,receiver,c41d37dc-ae5f-4578-853a-172e98e003f0,ACCEPT_DATA,DATA,634,1024,"unique file bytes received"
3854.464,receiver,c41d37dc-ae5f-4578-853a-172e98e003f0,SEND,ACK,634,36,""
3854.471,receiver,c41d37dc-ae5f-4578-853a-172e98e003f0,EMIT,ACK,634,36,""
3854.476,receiver,c41d37dc-ae5f-4578-853a-172e98e003f0,RECEIVE,DATA,635,1060,""
3854.479,receiver,c41d37dc-ae5f-4578-853a-172e98e003f0,OUT_OF_ORDER,DATA,635,0,"arrived before missing sequence=627"
3854.481,receiver,c41d37dc-ae5f-4578-853a-172e98e003f0,ACCEPT_DATA,DATA,635,1024,"unique file bytes received"
3854.484,receiver,c41d37dc-ae5f-4578-853a-172e98e003f0,SEND,ACK,635,36,""
3854.491,receiver,c41d37dc-ae5f-4578-853a-172e98e003f0,EMIT,ACK,635,36,""
3854.496,receiver,c41d37dc-ae5f-4578-853a-172e98e003f0,RECEIVE,DATA,636,1060,""
3854.499,receiver,c41d37dc-ae5f-4578-853a-172e98e003f0,OUT_OF_ORDER,DATA,636,0,"arrived before missing sequence=627"
3854.501,receiver,c41d37dc-ae5f-4578-853a-172e98e003f0,ACCEPT_DATA,DATA,636,1024,"unique file bytes received"
3854.503,receiver,c41d37dc-ae5f-4578-853a-172e98e003f0,SEND,ACK,636,36,""
3854.515,receiver,c41d37dc-ae5f-4578-853a-172e98e003f0,EMIT,ACK,636,36,""
3854.521,receiver,c41d37dc-ae5f-4578-853a-172e98e003f0,RECEIVE,DATA,637,1060,""
3854.524,receiver,c41d37dc-ae5f-4578-853a-172e98e003f0,OUT_OF_ORDER,DATA,637,0,"arrived before missing sequence=627"
3854.526,receiver,c41d37dc-ae5f-4578-853a-172e98e003f0,ACCEPT_DATA,DATA,637,1024,"unique file bytes received"
3854.529,receiver,c41d37dc-ae5f-4578-853a-172e98e003f0,SEND,ACK,637,36,""
3854.537,receiver,c41d37dc-ae5f-4578-853a-172e98e003f0,EMIT,ACK,637,36,""
3854.542,receiver,c41d37dc-ae5f-4578-853a-172e98e003f0,RECEIVE,DATA,638,1060,""
3854.550,receiver,c41d37dc-ae5f-4578-853a-172e98e003f0,OUT_OF_ORDER,DATA,638,0,"arrived before missing sequence=627"
3854.558,receiver,c41d37dc-ae5f-4578-853a-172e98e003f0,ACCEPT_DATA,DATA,638,1024,"unique file bytes received"
3854.562,receiver,c41d37dc-ae5f-4578-853a-172e98e003f0,SEND,ACK,638,36,""
3854.570,receiver,c41d37dc-ae5f-4578-853a-172e98e003f0,EMIT,ACK,638,36,""
3854.577,receiver,c41d37dc-ae5f-4578-853a-172e98e003f0,RECEIVE,DATA,639,1060,""
3854.579,receiver,c41d37dc-ae5f-4578-853a-172e98e003f0,OUT_OF_ORDER,DATA,639,0,"arrived before missing sequence=627"
3854.582,receiver,c41d37dc-ae5f-4578-853a-172e98e003f0,ACCEPT_DATA,DATA,639,1024,"unique file bytes received"
3854.585,receiver,c41d37dc-ae5f-4578-853a-172e98e003f0,SEND,ACK,639,36,""
3854.593,receiver,c41d37dc-ae5f-4578-853a-172e98e003f0,EMIT,ACK,639,36,""
3854.599,receiver,c41d37dc-ae5f-4578-853a-172e98e003f0,RECEIVE,DATA,640,1060,""
3854.602,receiver,c41d37dc-ae5f-4578-853a-172e98e003f0,OUT_OF_ORDER,DATA,640,0,"arrived before missing sequence=627"
3854.605,receiver,c41d37dc-ae5f-4578-853a-172e98e003f0,ACCEPT_DATA,DATA,640,1024,"unique file bytes received"
3854.608,receiver,c41d37dc-ae5f-4578-853a-172e98e003f0,SEND,ACK,640,36,""
3854.616,receiver,c41d37dc-ae5f-4578-853a-172e98e003f0,EMIT,ACK,640,36,""
3854.621,receiver,c41d37dc-ae5f-4578-853a-172e98e003f0,RECEIVE,DATA,641,1060,""
3854.625,receiver,c41d37dc-ae5f-4578-853a-172e98e003f0,OUT_OF_ORDER,DATA,641,0,"arrived before missing sequence=627"
3854.627,receiver,c41d37dc-ae5f-4578-853a-172e98e003f0,ACCEPT_DATA,DATA,641,1024,"unique file bytes received"
3854.630,receiver,c41d37dc-ae5f-4578-853a-172e98e003f0,SEND,ACK,641,36,""
3854.638,receiver,c41d37dc-ae5f-4578-853a-172e98e003f0,EMIT,ACK,641,36,""
3854.643,receiver,c41d37dc-ae5f-4578-853a-172e98e003f0,RECEIVE,DATA,642,1060,""
3854.658,receiver,c41d37dc-ae5f-4578-853a-172e98e003f0,OUT_OF_ORDER,DATA,642,0,"arrived before missing sequence=627"
3854.661,receiver,c41d37dc-ae5f-4578-853a-172e98e003f0,ACCEPT_DATA,DATA,642,1024,"unique file bytes received"
3854.664,receiver,c41d37dc-ae5f-4578-853a-172e98e003f0,SEND,ACK,642,36,""
3854.666,receiver,c41d37dc-ae5f-4578-853a-172e98e003f0,DROP,ACK,642,36,"random shim loss"
3854.671,receiver,c41d37dc-ae5f-4578-853a-172e98e003f0,RECEIVE,DATA,643,1060,""
3854.673,receiver,c41d37dc-ae5f-4578-853a-172e98e003f0,OUT_OF_ORDER,DATA,643,0,"arrived before missing sequence=627"
3854.676,receiver,c41d37dc-ae5f-4578-853a-172e98e003f0,ACCEPT_DATA,DATA,643,1024,"unique file bytes received"
3854.679,receiver,c41d37dc-ae5f-4578-853a-172e98e003f0,SEND,ACK,643,36,""
3854.686,receiver,c41d37dc-ae5f-4578-853a-172e98e003f0,EMIT,ACK,643,36,""
3854.702,receiver,c41d37dc-ae5f-4578-853a-172e98e003f0,RECEIVE,DATA,644,1060,""
3854.705,receiver,c41d37dc-ae5f-4578-853a-172e98e003f0,OUT_OF_ORDER,DATA,644,0,"arrived before missing sequence=627"
3854.707,receiver,c41d37dc-ae5f-4578-853a-172e98e003f0,ACCEPT_DATA,DATA,644,1024,"unique file bytes received"
3854.710,receiver,c41d37dc-ae5f-4578-853a-172e98e003f0,SEND,ACK,644,36,""
3854.729,receiver,c41d37dc-ae5f-4578-853a-172e98e003f0,EMIT,ACK,644,36,""
3854.734,receiver,c41d37dc-ae5f-4578-853a-172e98e003f0,RECEIVE,DATA,645,1060,""
3854.738,receiver,c41d37dc-ae5f-4578-853a-172e98e003f0,OUT_OF_ORDER,DATA,645,0,"arrived before missing sequence=627"
3854.740,receiver,c41d37dc-ae5f-4578-853a-172e98e003f0,ACCEPT_DATA,DATA,645,1024,"unique file bytes received"
3854.743,receiver,c41d37dc-ae5f-4578-853a-172e98e003f0,SEND,ACK,645,36,""
3854.751,receiver,c41d37dc-ae5f-4578-853a-172e98e003f0,EMIT,ACK,645,36,""
3854.757,receiver,c41d37dc-ae5f-4578-853a-172e98e003f0,RECEIVE,DATA,646,1060,""
3854.760,receiver,c41d37dc-ae5f-4578-853a-172e98e003f0,OUT_OF_ORDER,DATA,646,0,"arrived before missing sequence=627"
3854.763,receiver,c41d37dc-ae5f-4578-853a-172e98e003f0,ACCEPT_DATA,DATA,646,1024,"unique file bytes received"
3854.769,receiver,c41d37dc-ae5f-4578-853a-172e98e003f0,SEND,ACK,646,36,""
3854.777,receiver,c41d37dc-ae5f-4578-853a-172e98e003f0,EMIT,ACK,646,36,""
3854.783,receiver,c41d37dc-ae5f-4578-853a-172e98e003f0,RECEIVE,DATA,647,1060,""
3854.786,receiver,c41d37dc-ae5f-4578-853a-172e98e003f0,OUT_OF_ORDER,DATA,647,0,"arrived before missing sequence=627"
3854.789,receiver,c41d37dc-ae5f-4578-853a-172e98e003f0,ACCEPT_DATA,DATA,647,1024,"unique file bytes received"
3854.792,receiver,c41d37dc-ae5f-4578-853a-172e98e003f0,SEND,ACK,647,36,""
3854.795,receiver,c41d37dc-ae5f-4578-853a-172e98e003f0,DROP,ACK,647,36,"random shim loss"
3854.801,receiver,c41d37dc-ae5f-4578-853a-172e98e003f0,RECEIVE,DATA,648,1060,""
3854.804,receiver,c41d37dc-ae5f-4578-853a-172e98e003f0,OUT_OF_ORDER,DATA,648,0,"arrived before missing sequence=627"
3854.807,receiver,c41d37dc-ae5f-4578-853a-172e98e003f0,ACCEPT_DATA,DATA,648,1024,"unique file bytes received"
3854.811,receiver,c41d37dc-ae5f-4578-853a-172e98e003f0,SEND,ACK,648,36,""
3854.818,receiver,c41d37dc-ae5f-4578-853a-172e98e003f0,EMIT,ACK,648,36,""
3854.824,receiver,c41d37dc-ae5f-4578-853a-172e98e003f0,RECEIVE,DATA,649,1060,""
3854.827,receiver,c41d37dc-ae5f-4578-853a-172e98e003f0,OUT_OF_ORDER,DATA,649,0,"arrived before missing sequence=627"
3854.834,receiver,c41d37dc-ae5f-4578-853a-172e98e003f0,ACCEPT_DATA,DATA,649,1024,"unique file bytes received"
3854.837,receiver,c41d37dc-ae5f-4578-853a-172e98e003f0,SEND,ACK,649,36,""
3854.843,receiver,c41d37dc-ae5f-4578-853a-172e98e003f0,EMIT,ACK,649,36,""
3854.848,receiver,c41d37dc-ae5f-4578-853a-172e98e003f0,RECEIVE,DATA,650,1060,""
3854.851,receiver,c41d37dc-ae5f-4578-853a-172e98e003f0,OUT_OF_ORDER,DATA,650,0,"arrived before missing sequence=627"
3854.854,receiver,c41d37dc-ae5f-4578-853a-172e98e003f0,ACCEPT_DATA,DATA,650,1024,"unique file bytes received"
3854.856,receiver,c41d37dc-ae5f-4578-853a-172e98e003f0,SEND,ACK,650,36,""
3854.863,receiver,c41d37dc-ae5f-4578-853a-172e98e003f0,EMIT,ACK,650,36,""
3854.868,receiver,c41d37dc-ae5f-4578-853a-172e98e003f0,RECEIVE,DATA,651,1060,""
3854.871,receiver,c41d37dc-ae5f-4578-853a-172e98e003f0,OUT_OF_ORDER,DATA,651,0,"arrived before missing sequence=627"
3854.873,receiver,c41d37dc-ae5f-4578-853a-172e98e003f0,ACCEPT_DATA,DATA,651,1024,"unique file bytes received"
3854.879,receiver,c41d37dc-ae5f-4578-853a-172e98e003f0,SEND,ACK,651,36,""
3854.885,receiver,c41d37dc-ae5f-4578-853a-172e98e003f0,EMIT,ACK,651,36,""
3854.890,receiver,c41d37dc-ae5f-4578-853a-172e98e003f0,RECEIVE,DATA,652,1060,""
3854.892,receiver,c41d37dc-ae5f-4578-853a-172e98e003f0,OUT_OF_ORDER,DATA,652,0,"arrived before missing sequence=627"
3854.895,receiver,c41d37dc-ae5f-4578-853a-172e98e003f0,ACCEPT_DATA,DATA,652,1024,"unique file bytes received"
3854.897,receiver,c41d37dc-ae5f-4578-853a-172e98e003f0,SEND,ACK,652,36,""
3854.903,receiver,c41d37dc-ae5f-4578-853a-172e98e003f0,EMIT,ACK,652,36,""
3854.908,receiver,c41d37dc-ae5f-4578-853a-172e98e003f0,RECEIVE,DATA,653,1060,""
3854.911,receiver,c41d37dc-ae5f-4578-853a-172e98e003f0,OUT_OF_ORDER,DATA,653,0,"arrived before missing sequence=627"
3854.913,receiver,c41d37dc-ae5f-4578-853a-172e98e003f0,ACCEPT_DATA,DATA,653,1024,"unique file bytes received"
3854.915,receiver,c41d37dc-ae5f-4578-853a-172e98e003f0,SEND,ACK,653,36,""
3854.922,receiver,c41d37dc-ae5f-4578-853a-172e98e003f0,EMIT,ACK,653,36,""
3854.926,receiver,c41d37dc-ae5f-4578-853a-172e98e003f0,RECEIVE,DATA,654,1060,""
3854.929,receiver,c41d37dc-ae5f-4578-853a-172e98e003f0,OUT_OF_ORDER,DATA,654,0,"arrived before missing sequence=627"
3854.931,receiver,c41d37dc-ae5f-4578-853a-172e98e003f0,ACCEPT_DATA,DATA,654,1024,"unique file bytes received"
3854.934,receiver,c41d37dc-ae5f-4578-853a-172e98e003f0,SEND,ACK,654,36,""
3854.940,receiver,c41d37dc-ae5f-4578-853a-172e98e003f0,EMIT,ACK,654,36,""
3854.947,receiver,c41d37dc-ae5f-4578-853a-172e98e003f0,RECEIVE,DATA,655,1060,""
3854.950,receiver,c41d37dc-ae5f-4578-853a-172e98e003f0,OUT_OF_ORDER,DATA,655,0,"arrived before missing sequence=627"
3854.953,receiver,c41d37dc-ae5f-4578-853a-172e98e003f0,ACCEPT_DATA,DATA,655,1024,"unique file bytes received"
3854.955,receiver,c41d37dc-ae5f-4578-853a-172e98e003f0,SEND,ACK,655,36,""
3854.960,receiver,c41d37dc-ae5f-4578-853a-172e98e003f0,EMIT,ACK,655,36,""
3854.965,receiver,c41d37dc-ae5f-4578-853a-172e98e003f0,RECEIVE,DATA,656,1060,""
3854.967,receiver,c41d37dc-ae5f-4578-853a-172e98e003f0,OUT_OF_ORDER,DATA,656,0,"arrived before missing sequence=627"
3854.969,receiver,c41d37dc-ae5f-4578-853a-172e98e003f0,ACCEPT_DATA,DATA,656,1024,"unique file bytes received"
3854.971,receiver,c41d37dc-ae5f-4578-853a-172e98e003f0,SEND,ACK,656,36,""
3854.977,receiver,c41d37dc-ae5f-4578-853a-172e98e003f0,EMIT,ACK,656,36,""
3854.981,receiver,c41d37dc-ae5f-4578-853a-172e98e003f0,RECEIVE,DATA,657,1060,""
3854.984,receiver,c41d37dc-ae5f-4578-853a-172e98e003f0,OUT_OF_ORDER,DATA,657,0,"arrived before missing sequence=627"
3854.986,receiver,c41d37dc-ae5f-4578-853a-172e98e003f0,ACCEPT_DATA,DATA,657,1024,"unique file bytes received"
3854.988,receiver,c41d37dc-ae5f-4578-853a-172e98e003f0,SEND,ACK,657,36,""
3855.004,receiver,c41d37dc-ae5f-4578-853a-172e98e003f0,EMIT,ACK,657,36,""
4106.872,receiver,c41d37dc-ae5f-4578-853a-172e98e003f0,RECEIVE,DATA,626,1060,""
4106.884,receiver,c41d37dc-ae5f-4578-853a-172e98e003f0,DUPLICATE,DATA,626,0,"duplicate DATA; acknowledge without writing twice"
4106.900,receiver,c41d37dc-ae5f-4578-853a-172e98e003f0,SEND,ACK,626,36,""
4106.935,receiver,c41d37dc-ae5f-4578-853a-172e98e003f0,EMIT,ACK,626,36,""
4106.947,receiver,c41d37dc-ae5f-4578-853a-172e98e003f0,RECEIVE,DATA,627,1060,""
4106.951,receiver,c41d37dc-ae5f-4578-853a-172e98e003f0,ACCEPT_DATA,DATA,627,1024,"unique file bytes received"
4106.953,receiver,c41d37dc-ae5f-4578-853a-172e98e003f0,SEND,ACK,627,36,""
4106.961,receiver,c41d37dc-ae5f-4578-853a-172e98e003f0,EMIT,ACK,627,36,""
4106.967,receiver,c41d37dc-ae5f-4578-853a-172e98e003f0,RECEIVE,DATA,642,1060,""
4106.969,receiver,c41d37dc-ae5f-4578-853a-172e98e003f0,DUPLICATE,DATA,642,0,"duplicate DATA; acknowledge without writing twice"
4106.972,receiver,c41d37dc-ae5f-4578-853a-172e98e003f0,SEND,ACK,642,36,""
4106.978,receiver,c41d37dc-ae5f-4578-853a-172e98e003f0,EMIT,ACK,642,36,""
4106.994,receiver,c41d37dc-ae5f-4578-853a-172e98e003f0,RECEIVE,DATA,647,1060,""
4106.997,receiver,c41d37dc-ae5f-4578-853a-172e98e003f0,DUPLICATE,DATA,647,0,"duplicate DATA; acknowledge without writing twice"
4106.999,receiver,c41d37dc-ae5f-4578-853a-172e98e003f0,SEND,ACK,647,36,""
4107.005,receiver,c41d37dc-ae5f-4578-853a-172e98e003f0,EMIT,ACK,647,36,""
4107.347,receiver,c41d37dc-ae5f-4578-853a-172e98e003f0,RECEIVE,DATA,658,1060,""
4107.357,receiver,c41d37dc-ae5f-4578-853a-172e98e003f0,ACCEPT_DATA,DATA,658,1024,"unique file bytes received"
4107.360,receiver,c41d37dc-ae5f-4578-853a-172e98e003f0,SEND,ACK,658,36,""
4107.386,receiver,c41d37dc-ae5f-4578-853a-172e98e003f0,EMIT,ACK,658,36,""
4107.446,receiver,c41d37dc-ae5f-4578-853a-172e98e003f0,RECEIVE,DATA,659,1060,""
4107.449,receiver,c41d37dc-ae5f-4578-853a-172e98e003f0,ACCEPT_DATA,DATA,659,1024,"unique file bytes received"
4107.451,receiver,c41d37dc-ae5f-4578-853a-172e98e003f0,SEND,ACK,659,36,""
4107.459,receiver,c41d37dc-ae5f-4578-853a-172e98e003f0,EMIT,ACK,659,36,""
4107.464,receiver,c41d37dc-ae5f-4578-853a-172e98e003f0,RECEIVE,DATA,660,1060,""
4107.467,receiver,c41d37dc-ae5f-4578-853a-172e98e003f0,ACCEPT_DATA,DATA,660,1024,"unique file bytes received"
4107.468,receiver,c41d37dc-ae5f-4578-853a-172e98e003f0,SEND,ACK,660,36,""
4107.475,receiver,c41d37dc-ae5f-4578-853a-172e98e003f0,EMIT,ACK,660,36,""
4107.479,receiver,c41d37dc-ae5f-4578-853a-172e98e003f0,RECEIVE,DATA,661,1060,""
4107.481,receiver,c41d37dc-ae5f-4578-853a-172e98e003f0,ACCEPT_DATA,DATA,661,1024,"unique file bytes received"
4107.483,receiver,c41d37dc-ae5f-4578-853a-172e98e003f0,SEND,ACK,661,36,""
4107.493,receiver,c41d37dc-ae5f-4578-853a-172e98e003f0,EMIT,ACK,661,36,""
4107.498,receiver,c41d37dc-ae5f-4578-853a-172e98e003f0,RECEIVE,DATA,662,1060,""
4107.500,receiver,c41d37dc-ae5f-4578-853a-172e98e003f0,ACCEPT_DATA,DATA,662,1024,"unique file bytes received"
4107.502,receiver,c41d37dc-ae5f-4578-853a-172e98e003f0,SEND,ACK,662,36,""
4107.507,receiver,c41d37dc-ae5f-4578-853a-172e98e003f0,EMIT,ACK,662,36,""
4107.511,receiver,c41d37dc-ae5f-4578-853a-172e98e003f0,RECEIVE,DATA,663,1060,""
4107.514,receiver,c41d37dc-ae5f-4578-853a-172e98e003f0,ACCEPT_DATA,DATA,663,1024,"unique file bytes received"
4107.516,receiver,c41d37dc-ae5f-4578-853a-172e98e003f0,SEND,ACK,663,36,""
4107.534,receiver,c41d37dc-ae5f-4578-853a-172e98e003f0,EMIT,ACK,663,36,""
4107.545,receiver,c41d37dc-ae5f-4578-853a-172e98e003f0,RECEIVE,DATA,664,1060,""
4107.547,receiver,c41d37dc-ae5f-4578-853a-172e98e003f0,ACCEPT_DATA,DATA,664,1024,"unique file bytes received"
4107.549,receiver,c41d37dc-ae5f-4578-853a-172e98e003f0,SEND,ACK,664,36,""
4107.556,receiver,c41d37dc-ae5f-4578-853a-172e98e003f0,EMIT,ACK,664,36,""
4107.560,receiver,c41d37dc-ae5f-4578-853a-172e98e003f0,RECEIVE,DATA,665,1060,""
4107.562,receiver,c41d37dc-ae5f-4578-853a-172e98e003f0,ACCEPT_DATA,DATA,665,1024,"unique file bytes received"
4107.564,receiver,c41d37dc-ae5f-4578-853a-172e98e003f0,SEND,ACK,665,36,""
4107.570,receiver,c41d37dc-ae5f-4578-853a-172e98e003f0,EMIT,ACK,665,36,""
4107.575,receiver,c41d37dc-ae5f-4578-853a-172e98e003f0,RECEIVE,DATA,666,1060,""
4107.577,receiver,c41d37dc-ae5f-4578-853a-172e98e003f0,ACCEPT_DATA,DATA,666,1024,"unique file bytes received"
4107.580,receiver,c41d37dc-ae5f-4578-853a-172e98e003f0,SEND,ACK,666,36,""
4107.585,receiver,c41d37dc-ae5f-4578-853a-172e98e003f0,EMIT,ACK,666,36,""
4107.590,receiver,c41d37dc-ae5f-4578-853a-172e98e003f0,RECEIVE,DATA,667,1060,""
4107.592,receiver,c41d37dc-ae5f-4578-853a-172e98e003f0,ACCEPT_DATA,DATA,667,1024,"unique file bytes received"
4107.594,receiver,c41d37dc-ae5f-4578-853a-172e98e003f0,SEND,ACK,667,36,""
4107.596,receiver,c41d37dc-ae5f-4578-853a-172e98e003f0,DROP,ACK,667,36,"random shim loss"
4107.601,receiver,c41d37dc-ae5f-4578-853a-172e98e003f0,RECEIVE,DATA,668,1060,""
4107.603,receiver,c41d37dc-ae5f-4578-853a-172e98e003f0,ACCEPT_DATA,DATA,668,1024,"unique file bytes received"
4107.605,receiver,c41d37dc-ae5f-4578-853a-172e98e003f0,SEND,ACK,668,36,""
4107.611,receiver,c41d37dc-ae5f-4578-853a-172e98e003f0,EMIT,ACK,668,36,""
4107.615,receiver,c41d37dc-ae5f-4578-853a-172e98e003f0,RECEIVE,DATA,669,1060,""
4107.618,receiver,c41d37dc-ae5f-4578-853a-172e98e003f0,ACCEPT_DATA,DATA,669,1024,"unique file bytes received"
4107.620,receiver,c41d37dc-ae5f-4578-853a-172e98e003f0,SEND,ACK,669,36,""
4107.626,receiver,c41d37dc-ae5f-4578-853a-172e98e003f0,EMIT,ACK,669,36,""
4107.630,receiver,c41d37dc-ae5f-4578-853a-172e98e003f0,RECEIVE,DATA,670,1060,""
4107.633,receiver,c41d37dc-ae5f-4578-853a-172e98e003f0,ACCEPT_DATA,DATA,670,1024,"unique file bytes received"
4107.634,receiver,c41d37dc-ae5f-4578-853a-172e98e003f0,SEND,ACK,670,36,""
4107.643,receiver,c41d37dc-ae5f-4578-853a-172e98e003f0,EMIT,ACK,670,36,""
4107.647,receiver,c41d37dc-ae5f-4578-853a-172e98e003f0,RECEIVE,DATA,671,1060,""
4107.649,receiver,c41d37dc-ae5f-4578-853a-172e98e003f0,ACCEPT_DATA,DATA,671,1024,"unique file bytes received"
4107.653,receiver,c41d37dc-ae5f-4578-853a-172e98e003f0,SEND,ACK,671,36,""
4107.658,receiver,c41d37dc-ae5f-4578-853a-172e98e003f0,EMIT,ACK,671,36,""
4107.662,receiver,c41d37dc-ae5f-4578-853a-172e98e003f0,RECEIVE,DATA,672,1060,""
4107.664,receiver,c41d37dc-ae5f-4578-853a-172e98e003f0,ACCEPT_DATA,DATA,672,1024,"unique file bytes received"
4107.666,receiver,c41d37dc-ae5f-4578-853a-172e98e003f0,SEND,ACK,672,36,""
4107.671,receiver,c41d37dc-ae5f-4578-853a-172e98e003f0,EMIT,ACK,672,36,""
4107.680,receiver,c41d37dc-ae5f-4578-853a-172e98e003f0,RECEIVE,DATA,673,1060,""
4107.682,receiver,c41d37dc-ae5f-4578-853a-172e98e003f0,ACCEPT_DATA,DATA,673,1024,"unique file bytes received"
4107.684,receiver,c41d37dc-ae5f-4578-853a-172e98e003f0,SEND,ACK,673,36,""
4107.690,receiver,c41d37dc-ae5f-4578-853a-172e98e003f0,EMIT,ACK,673,36,""
4107.694,receiver,c41d37dc-ae5f-4578-853a-172e98e003f0,RECEIVE,DATA,674,1060,""
4107.697,receiver,c41d37dc-ae5f-4578-853a-172e98e003f0,ACCEPT_DATA,DATA,674,1024,"unique file bytes received"
4107.699,receiver,c41d37dc-ae5f-4578-853a-172e98e003f0,SEND,ACK,674,36,""
4107.706,receiver,c41d37dc-ae5f-4578-853a-172e98e003f0,EMIT,ACK,674,36,""
4107.711,receiver,c41d37dc-ae5f-4578-853a-172e98e003f0,RECEIVE,DATA,675,1060,""
4107.713,receiver,c41d37dc-ae5f-4578-853a-172e98e003f0,ACCEPT_DATA,DATA,675,1024,"unique file bytes received"
4107.715,receiver,c41d37dc-ae5f-4578-853a-172e98e003f0,SEND,ACK,675,36,""
4107.722,receiver,c41d37dc-ae5f-4578-853a-172e98e003f0,EMIT,ACK,675,36,""
4107.726,receiver,c41d37dc-ae5f-4578-853a-172e98e003f0,RECEIVE,DATA,676,1060,""
4107.729,receiver,c41d37dc-ae5f-4578-853a-172e98e003f0,ACCEPT_DATA,DATA,676,1024,"unique file bytes received"
4107.743,receiver,c41d37dc-ae5f-4578-853a-172e98e003f0,SEND,ACK,676,36,""
4107.749,receiver,c41d37dc-ae5f-4578-853a-172e98e003f0,EMIT,ACK,676,36,""
4107.754,receiver,c41d37dc-ae5f-4578-853a-172e98e003f0,RECEIVE,DATA,677,1060,""
4107.757,receiver,c41d37dc-ae5f-4578-853a-172e98e003f0,ACCEPT_DATA,DATA,677,1024,"unique file bytes received"
4107.759,receiver,c41d37dc-ae5f-4578-853a-172e98e003f0,SEND,ACK,677,36,""
4107.767,receiver,c41d37dc-ae5f-4578-853a-172e98e003f0,EMIT,ACK,677,36,""
4107.772,receiver,c41d37dc-ae5f-4578-853a-172e98e003f0,RECEIVE,DATA,678,1060,""
4107.775,receiver,c41d37dc-ae5f-4578-853a-172e98e003f0,ACCEPT_DATA,DATA,678,1024,"unique file bytes received"
4107.777,receiver,c41d37dc-ae5f-4578-853a-172e98e003f0,SEND,ACK,678,36,""
4107.784,receiver,c41d37dc-ae5f-4578-853a-172e98e003f0,EMIT,ACK,678,36,""
4107.789,receiver,c41d37dc-ae5f-4578-853a-172e98e003f0,RECEIVE,DATA,679,1060,""
4107.791,receiver,c41d37dc-ae5f-4578-853a-172e98e003f0,ACCEPT_DATA,DATA,679,1024,"unique file bytes received"
4107.794,receiver,c41d37dc-ae5f-4578-853a-172e98e003f0,SEND,ACK,679,36,""
4107.801,receiver,c41d37dc-ae5f-4578-853a-172e98e003f0,EMIT,ACK,679,36,""
4107.810,receiver,c41d37dc-ae5f-4578-853a-172e98e003f0,RECEIVE,DATA,680,1060,""
4107.812,receiver,c41d37dc-ae5f-4578-853a-172e98e003f0,ACCEPT_DATA,DATA,680,1024,"unique file bytes received"
4107.815,receiver,c41d37dc-ae5f-4578-853a-172e98e003f0,SEND,ACK,680,36,""
4107.821,receiver,c41d37dc-ae5f-4578-853a-172e98e003f0,EMIT,ACK,680,36,""
4107.826,receiver,c41d37dc-ae5f-4578-853a-172e98e003f0,RECEIVE,DATA,681,1060,""
4107.828,receiver,c41d37dc-ae5f-4578-853a-172e98e003f0,ACCEPT_DATA,DATA,681,1024,"unique file bytes received"
4107.830,receiver,c41d37dc-ae5f-4578-853a-172e98e003f0,SEND,ACK,681,36,""
4107.837,receiver,c41d37dc-ae5f-4578-853a-172e98e003f0,EMIT,ACK,681,36,""
4107.841,receiver,c41d37dc-ae5f-4578-853a-172e98e003f0,RECEIVE,DATA,682,1060,""
4107.843,receiver,c41d37dc-ae5f-4578-853a-172e98e003f0,ACCEPT_DATA,DATA,682,1024,"unique file bytes received"
4107.845,receiver,c41d37dc-ae5f-4578-853a-172e98e003f0,SEND,ACK,682,36,""
4107.857,receiver,c41d37dc-ae5f-4578-853a-172e98e003f0,EMIT,ACK,682,36,""
4107.930,receiver,c41d37dc-ae5f-4578-853a-172e98e003f0,RECEIVE,DATA,683,1060,""
4107.932,receiver,c41d37dc-ae5f-4578-853a-172e98e003f0,ACCEPT_DATA,DATA,683,1024,"unique file bytes received"
4107.935,receiver,c41d37dc-ae5f-4578-853a-172e98e003f0,SEND,ACK,683,36,""
4107.942,receiver,c41d37dc-ae5f-4578-853a-172e98e003f0,EMIT,ACK,683,36,""
4107.946,receiver,c41d37dc-ae5f-4578-853a-172e98e003f0,RECEIVE,DATA,684,1060,""
4107.949,receiver,c41d37dc-ae5f-4578-853a-172e98e003f0,ACCEPT_DATA,DATA,684,1024,"unique file bytes received"
4107.963,receiver,c41d37dc-ae5f-4578-853a-172e98e003f0,SEND,ACK,684,36,""
4107.970,receiver,c41d37dc-ae5f-4578-853a-172e98e003f0,EMIT,ACK,684,36,""
4107.975,receiver,c41d37dc-ae5f-4578-853a-172e98e003f0,RECEIVE,DATA,685,1060,""
4107.977,receiver,c41d37dc-ae5f-4578-853a-172e98e003f0,ACCEPT_DATA,DATA,685,1024,"unique file bytes received"
4107.979,receiver,c41d37dc-ae5f-4578-853a-172e98e003f0,SEND,ACK,685,36,""
4107.987,receiver,c41d37dc-ae5f-4578-853a-172e98e003f0,EMIT,ACK,685,36,""
4107.992,receiver,c41d37dc-ae5f-4578-853a-172e98e003f0,RECEIVE,DATA,686,1060,""
4107.995,receiver,c41d37dc-ae5f-4578-853a-172e98e003f0,ACCEPT_DATA,DATA,686,1024,"unique file bytes received"
4107.997,receiver,c41d37dc-ae5f-4578-853a-172e98e003f0,SEND,ACK,686,36,""
4108.003,receiver,c41d37dc-ae5f-4578-853a-172e98e003f0,EMIT,ACK,686,36,""
4108.008,receiver,c41d37dc-ae5f-4578-853a-172e98e003f0,RECEIVE,DATA,687,1060,""
4108.011,receiver,c41d37dc-ae5f-4578-853a-172e98e003f0,ACCEPT_DATA,DATA,687,1024,"unique file bytes received"
4108.013,receiver,c41d37dc-ae5f-4578-853a-172e98e003f0,SEND,ACK,687,36,""
4108.020,receiver,c41d37dc-ae5f-4578-853a-172e98e003f0,EMIT,ACK,687,36,""
4108.024,receiver,c41d37dc-ae5f-4578-853a-172e98e003f0,RECEIVE,DATA,688,1060,""
4108.027,receiver,c41d37dc-ae5f-4578-853a-172e98e003f0,ACCEPT_DATA,DATA,688,1024,"unique file bytes received"
4108.029,receiver,c41d37dc-ae5f-4578-853a-172e98e003f0,SEND,ACK,688,36,""
4108.036,receiver,c41d37dc-ae5f-4578-853a-172e98e003f0,EMIT,ACK,688,36,""
4108.040,receiver,c41d37dc-ae5f-4578-853a-172e98e003f0,RECEIVE,DATA,689,1060,""
4108.047,receiver,c41d37dc-ae5f-4578-853a-172e98e003f0,ACCEPT_DATA,DATA,689,1024,"unique file bytes received"
4108.049,receiver,c41d37dc-ae5f-4578-853a-172e98e003f0,SEND,ACK,689,36,""
4108.055,receiver,c41d37dc-ae5f-4578-853a-172e98e003f0,EMIT,ACK,689,36,""
4108.060,receiver,c41d37dc-ae5f-4578-853a-172e98e003f0,RECEIVE,DATA,690,1060,""
4108.062,receiver,c41d37dc-ae5f-4578-853a-172e98e003f0,ACCEPT_DATA,DATA,690,1024,"unique file bytes received"
4108.064,receiver,c41d37dc-ae5f-4578-853a-172e98e003f0,SEND,ACK,690,36,""
4108.070,receiver,c41d37dc-ae5f-4578-853a-172e98e003f0,EMIT,ACK,690,36,""
4108.074,receiver,c41d37dc-ae5f-4578-853a-172e98e003f0,RECEIVE,DATA,691,1060,""
4108.077,receiver,c41d37dc-ae5f-4578-853a-172e98e003f0,ACCEPT_DATA,DATA,691,1024,"unique file bytes received"
4108.079,receiver,c41d37dc-ae5f-4578-853a-172e98e003f0,SEND,ACK,691,36,""
4108.085,receiver,c41d37dc-ae5f-4578-853a-172e98e003f0,EMIT,ACK,691,36,""
4108.089,receiver,c41d37dc-ae5f-4578-853a-172e98e003f0,RECEIVE,DATA,692,1060,""
4108.091,receiver,c41d37dc-ae5f-4578-853a-172e98e003f0,ACCEPT_DATA,DATA,692,1024,"unique file bytes received"
4108.094,receiver,c41d37dc-ae5f-4578-853a-172e98e003f0,SEND,ACK,692,36,""
4108.099,receiver,c41d37dc-ae5f-4578-853a-172e98e003f0,EMIT,ACK,692,36,""
4108.104,receiver,c41d37dc-ae5f-4578-853a-172e98e003f0,RECEIVE,DATA,693,1060,""
4108.106,receiver,c41d37dc-ae5f-4578-853a-172e98e003f0,ACCEPT_DATA,DATA,693,1024,"unique file bytes received"
4108.108,receiver,c41d37dc-ae5f-4578-853a-172e98e003f0,SEND,ACK,693,36,""
4108.114,receiver,c41d37dc-ae5f-4578-853a-172e98e003f0,EMIT,ACK,693,36,""
4108.118,receiver,c41d37dc-ae5f-4578-853a-172e98e003f0,RECEIVE,DATA,694,1060,""
4108.120,receiver,c41d37dc-ae5f-4578-853a-172e98e003f0,ACCEPT_DATA,DATA,694,1024,"unique file bytes received"
4108.126,receiver,c41d37dc-ae5f-4578-853a-172e98e003f0,SEND,ACK,694,36,""
4108.131,receiver,c41d37dc-ae5f-4578-853a-172e98e003f0,EMIT,ACK,694,36,""
4108.135,receiver,c41d37dc-ae5f-4578-853a-172e98e003f0,RECEIVE,DATA,695,1060,""
4108.138,receiver,c41d37dc-ae5f-4578-853a-172e98e003f0,ACCEPT_DATA,DATA,695,1024,"unique file bytes received"
4108.140,receiver,c41d37dc-ae5f-4578-853a-172e98e003f0,SEND,ACK,695,36,""
4108.145,receiver,c41d37dc-ae5f-4578-853a-172e98e003f0,EMIT,ACK,695,36,""
4108.149,receiver,c41d37dc-ae5f-4578-853a-172e98e003f0,RECEIVE,DATA,696,1060,""
4108.151,receiver,c41d37dc-ae5f-4578-853a-172e98e003f0,ACCEPT_DATA,DATA,696,1024,"unique file bytes received"
4108.153,receiver,c41d37dc-ae5f-4578-853a-172e98e003f0,SEND,ACK,696,36,""
4108.158,receiver,c41d37dc-ae5f-4578-853a-172e98e003f0,EMIT,ACK,696,36,""
4108.162,receiver,c41d37dc-ae5f-4578-853a-172e98e003f0,RECEIVE,DATA,697,1060,""
4108.164,receiver,c41d37dc-ae5f-4578-853a-172e98e003f0,ACCEPT_DATA,DATA,697,1024,"unique file bytes received"
4108.166,receiver,c41d37dc-ae5f-4578-853a-172e98e003f0,SEND,ACK,697,36,""
4108.171,receiver,c41d37dc-ae5f-4578-853a-172e98e003f0,EMIT,ACK,697,36,""
4108.175,receiver,c41d37dc-ae5f-4578-853a-172e98e003f0,RECEIVE,DATA,698,1060,""
4108.177,receiver,c41d37dc-ae5f-4578-853a-172e98e003f0,ACCEPT_DATA,DATA,698,1024,"unique file bytes received"
4108.179,receiver,c41d37dc-ae5f-4578-853a-172e98e003f0,SEND,ACK,698,36,""
4108.180,receiver,c41d37dc-ae5f-4578-853a-172e98e003f0,DROP,ACK,698,36,"random shim loss"
4373.857,receiver,c41d37dc-ae5f-4578-853a-172e98e003f0,RECEIVE,DATA,667,1060,""
4373.871,receiver,c41d37dc-ae5f-4578-853a-172e98e003f0,DUPLICATE,DATA,667,0,"duplicate DATA; acknowledge without writing twice"
4373.875,receiver,c41d37dc-ae5f-4578-853a-172e98e003f0,SEND,ACK,667,36,""
4373.914,receiver,c41d37dc-ae5f-4578-853a-172e98e003f0,EMIT,ACK,667,36,""
4373.932,receiver,c41d37dc-ae5f-4578-853a-172e98e003f0,RECEIVE,DATA,698,1060,""
4373.935,receiver,c41d37dc-ae5f-4578-853a-172e98e003f0,DUPLICATE,DATA,698,0,"duplicate DATA; acknowledge without writing twice"
4373.937,receiver,c41d37dc-ae5f-4578-853a-172e98e003f0,SEND,ACK,698,36,""
4373.945,receiver,c41d37dc-ae5f-4578-853a-172e98e003f0,EMIT,ACK,698,36,""
4374.085,receiver,c41d37dc-ae5f-4578-853a-172e98e003f0,RECEIVE,DATA,699,1060,""
4374.096,receiver,c41d37dc-ae5f-4578-853a-172e98e003f0,ACCEPT_DATA,DATA,699,1024,"unique file bytes received"
4374.100,receiver,c41d37dc-ae5f-4578-853a-172e98e003f0,SEND,ACK,699,36,""
4374.129,receiver,c41d37dc-ae5f-4578-853a-172e98e003f0,EMIT,ACK,699,36,""
4374.140,receiver,c41d37dc-ae5f-4578-853a-172e98e003f0,RECEIVE,DATA,700,1060,""
4374.143,receiver,c41d37dc-ae5f-4578-853a-172e98e003f0,ACCEPT_DATA,DATA,700,1024,"unique file bytes received"
4374.146,receiver,c41d37dc-ae5f-4578-853a-172e98e003f0,SEND,ACK,700,36,""
4374.154,receiver,c41d37dc-ae5f-4578-853a-172e98e003f0,EMIT,ACK,700,36,""
4374.159,receiver,c41d37dc-ae5f-4578-853a-172e98e003f0,RECEIVE,DATA,701,1060,""
4374.162,receiver,c41d37dc-ae5f-4578-853a-172e98e003f0,ACCEPT_DATA,DATA,701,1024,"unique file bytes received"
4374.164,receiver,c41d37dc-ae5f-4578-853a-172e98e003f0,SEND,ACK,701,36,""
4374.171,receiver,c41d37dc-ae5f-4578-853a-172e98e003f0,EMIT,ACK,701,36,""
4374.176,receiver,c41d37dc-ae5f-4578-853a-172e98e003f0,RECEIVE,DATA,702,1060,""
4374.179,receiver,c41d37dc-ae5f-4578-853a-172e98e003f0,ACCEPT_DATA,DATA,702,1024,"unique file bytes received"
4374.181,receiver,c41d37dc-ae5f-4578-853a-172e98e003f0,SEND,ACK,702,36,""
4374.189,receiver,c41d37dc-ae5f-4578-853a-172e98e003f0,EMIT,ACK,702,36,""
4374.193,receiver,c41d37dc-ae5f-4578-853a-172e98e003f0,RECEIVE,DATA,703,1060,""
4374.196,receiver,c41d37dc-ae5f-4578-853a-172e98e003f0,ACCEPT_DATA,DATA,703,1024,"unique file bytes received"
4374.199,receiver,c41d37dc-ae5f-4578-853a-172e98e003f0,SEND,ACK,703,36,""
4374.206,receiver,c41d37dc-ae5f-4578-853a-172e98e003f0,EMIT,ACK,703,36,""
4374.211,receiver,c41d37dc-ae5f-4578-853a-172e98e003f0,RECEIVE,DATA,704,1060,""
4374.214,receiver,c41d37dc-ae5f-4578-853a-172e98e003f0,ACCEPT_DATA,DATA,704,1024,"unique file bytes received"
4374.216,receiver,c41d37dc-ae5f-4578-853a-172e98e003f0,SEND,ACK,704,36,""
4374.260,receiver,c41d37dc-ae5f-4578-853a-172e98e003f0,EMIT,ACK,704,36,""
4374.266,receiver,c41d37dc-ae5f-4578-853a-172e98e003f0,RECEIVE,DATA,705,1060,""
4374.268,receiver,c41d37dc-ae5f-4578-853a-172e98e003f0,ACCEPT_DATA,DATA,705,1024,"unique file bytes received"
4374.270,receiver,c41d37dc-ae5f-4578-853a-172e98e003f0,SEND,ACK,705,36,""
4374.279,receiver,c41d37dc-ae5f-4578-853a-172e98e003f0,EMIT,ACK,705,36,""
4374.284,receiver,c41d37dc-ae5f-4578-853a-172e98e003f0,RECEIVE,DATA,706,1060,""
4374.287,receiver,c41d37dc-ae5f-4578-853a-172e98e003f0,ACCEPT_DATA,DATA,706,1024,"unique file bytes received"
4374.289,receiver,c41d37dc-ae5f-4578-853a-172e98e003f0,SEND,ACK,706,36,""
4374.296,receiver,c41d37dc-ae5f-4578-853a-172e98e003f0,EMIT,ACK,706,36,""
4374.301,receiver,c41d37dc-ae5f-4578-853a-172e98e003f0,RECEIVE,DATA,707,1060,""
4374.304,receiver,c41d37dc-ae5f-4578-853a-172e98e003f0,ACCEPT_DATA,DATA,707,1024,"unique file bytes received"
4374.306,receiver,c41d37dc-ae5f-4578-853a-172e98e003f0,SEND,ACK,707,36,""
4374.313,receiver,c41d37dc-ae5f-4578-853a-172e98e003f0,EMIT,ACK,707,36,""
4374.319,receiver,c41d37dc-ae5f-4578-853a-172e98e003f0,RECEIVE,DATA,708,1060,""
4374.322,receiver,c41d37dc-ae5f-4578-853a-172e98e003f0,ACCEPT_DATA,DATA,708,1024,"unique file bytes received"
4374.324,receiver,c41d37dc-ae5f-4578-853a-172e98e003f0,SEND,ACK,708,36,""
4374.331,receiver,c41d37dc-ae5f-4578-853a-172e98e003f0,EMIT,ACK,708,36,""
4374.336,receiver,c41d37dc-ae5f-4578-853a-172e98e003f0,RECEIVE,DATA,709,1060,""
4374.339,receiver,c41d37dc-ae5f-4578-853a-172e98e003f0,ACCEPT_DATA,DATA,709,1024,"unique file bytes received"
4374.341,receiver,c41d37dc-ae5f-4578-853a-172e98e003f0,SEND,ACK,709,36,""
4374.347,receiver,c41d37dc-ae5f-4578-853a-172e98e003f0,EMIT,ACK,709,36,""
4374.352,receiver,c41d37dc-ae5f-4578-853a-172e98e003f0,RECEIVE,DATA,710,1060,""
4374.355,receiver,c41d37dc-ae5f-4578-853a-172e98e003f0,ACCEPT_DATA,DATA,710,1024,"unique file bytes received"
4374.357,receiver,c41d37dc-ae5f-4578-853a-172e98e003f0,SEND,ACK,710,36,""
4374.364,receiver,c41d37dc-ae5f-4578-853a-172e98e003f0,EMIT,ACK,710,36,""
4374.369,receiver,c41d37dc-ae5f-4578-853a-172e98e003f0,RECEIVE,DATA,711,1060,""
4374.372,receiver,c41d37dc-ae5f-4578-853a-172e98e003f0,ACCEPT_DATA,DATA,711,1024,"unique file bytes received"
4374.374,receiver,c41d37dc-ae5f-4578-853a-172e98e003f0,SEND,ACK,711,36,""
4374.381,receiver,c41d37dc-ae5f-4578-853a-172e98e003f0,EMIT,ACK,711,36,""
4374.386,receiver,c41d37dc-ae5f-4578-853a-172e98e003f0,RECEIVE,DATA,712,1060,""
4374.389,receiver,c41d37dc-ae5f-4578-853a-172e98e003f0,ACCEPT_DATA,DATA,712,1024,"unique file bytes received"
4374.393,receiver,c41d37dc-ae5f-4578-853a-172e98e003f0,SEND,ACK,712,36,""
4374.400,receiver,c41d37dc-ae5f-4578-853a-172e98e003f0,EMIT,ACK,712,36,""
4374.405,receiver,c41d37dc-ae5f-4578-853a-172e98e003f0,RECEIVE,DATA,713,1060,""
4374.407,receiver,c41d37dc-ae5f-4578-853a-172e98e003f0,ACCEPT_DATA,DATA,713,1024,"unique file bytes received"
4374.410,receiver,c41d37dc-ae5f-4578-853a-172e98e003f0,SEND,ACK,713,36,""
4374.416,receiver,c41d37dc-ae5f-4578-853a-172e98e003f0,EMIT,ACK,713,36,""
4374.421,receiver,c41d37dc-ae5f-4578-853a-172e98e003f0,RECEIVE,DATA,714,1060,""
4374.423,receiver,c41d37dc-ae5f-4578-853a-172e98e003f0,ACCEPT_DATA,DATA,714,1024,"unique file bytes received"
4374.426,receiver,c41d37dc-ae5f-4578-853a-172e98e003f0,SEND,ACK,714,36,""
4374.433,receiver,c41d37dc-ae5f-4578-853a-172e98e003f0,EMIT,ACK,714,36,""
4374.438,receiver,c41d37dc-ae5f-4578-853a-172e98e003f0,RECEIVE,DATA,715,1060,""
4374.441,receiver,c41d37dc-ae5f-4578-853a-172e98e003f0,ACCEPT_DATA,DATA,715,1024,"unique file bytes received"
4374.443,receiver,c41d37dc-ae5f-4578-853a-172e98e003f0,SEND,ACK,715,36,""
4374.450,receiver,c41d37dc-ae5f-4578-853a-172e98e003f0,EMIT,ACK,715,36,""
4374.455,receiver,c41d37dc-ae5f-4578-853a-172e98e003f0,RECEIVE,DATA,716,1060,""
4374.458,receiver,c41d37dc-ae5f-4578-853a-172e98e003f0,ACCEPT_DATA,DATA,716,1024,"unique file bytes received"
4374.460,receiver,c41d37dc-ae5f-4578-853a-172e98e003f0,SEND,ACK,716,36,""
4374.467,receiver,c41d37dc-ae5f-4578-853a-172e98e003f0,EMIT,ACK,716,36,""
4374.472,receiver,c41d37dc-ae5f-4578-853a-172e98e003f0,RECEIVE,DATA,717,1060,""
4374.474,receiver,c41d37dc-ae5f-4578-853a-172e98e003f0,ACCEPT_DATA,DATA,717,1024,"unique file bytes received"
4374.476,receiver,c41d37dc-ae5f-4578-853a-172e98e003f0,SEND,ACK,717,36,""
4374.483,receiver,c41d37dc-ae5f-4578-853a-172e98e003f0,EMIT,ACK,717,36,""
4374.488,receiver,c41d37dc-ae5f-4578-853a-172e98e003f0,RECEIVE,DATA,718,1060,""
4374.491,receiver,c41d37dc-ae5f-4578-853a-172e98e003f0,ACCEPT_DATA,DATA,718,1024,"unique file bytes received"
4374.493,receiver,c41d37dc-ae5f-4578-853a-172e98e003f0,SEND,ACK,718,36,""
4374.500,receiver,c41d37dc-ae5f-4578-853a-172e98e003f0,EMIT,ACK,718,36,""
4374.506,receiver,c41d37dc-ae5f-4578-853a-172e98e003f0,RECEIVE,DATA,719,1060,""
4374.508,receiver,c41d37dc-ae5f-4578-853a-172e98e003f0,ACCEPT_DATA,DATA,719,1024,"unique file bytes received"
4374.511,receiver,c41d37dc-ae5f-4578-853a-172e98e003f0,SEND,ACK,719,36,""
4374.517,receiver,c41d37dc-ae5f-4578-853a-172e98e003f0,EMIT,ACK,719,36,""
4374.522,receiver,c41d37dc-ae5f-4578-853a-172e98e003f0,RECEIVE,DATA,720,1060,""
4374.524,receiver,c41d37dc-ae5f-4578-853a-172e98e003f0,ACCEPT_DATA,DATA,720,1024,"unique file bytes received"
4374.526,receiver,c41d37dc-ae5f-4578-853a-172e98e003f0,SEND,ACK,720,36,""
4374.534,receiver,c41d37dc-ae5f-4578-853a-172e98e003f0,EMIT,ACK,720,36,""
4374.539,receiver,c41d37dc-ae5f-4578-853a-172e98e003f0,RECEIVE,DATA,721,1060,""
4374.541,receiver,c41d37dc-ae5f-4578-853a-172e98e003f0,ACCEPT_DATA,DATA,721,1024,"unique file bytes received"
4374.543,receiver,c41d37dc-ae5f-4578-853a-172e98e003f0,SEND,ACK,721,36,""
4374.551,receiver,c41d37dc-ae5f-4578-853a-172e98e003f0,EMIT,ACK,721,36,""
4374.556,receiver,c41d37dc-ae5f-4578-853a-172e98e003f0,RECEIVE,DATA,722,1060,""
4374.558,receiver,c41d37dc-ae5f-4578-853a-172e98e003f0,ACCEPT_DATA,DATA,722,1024,"unique file bytes received"
4374.564,receiver,c41d37dc-ae5f-4578-853a-172e98e003f0,SEND,ACK,722,36,""
4374.571,receiver,c41d37dc-ae5f-4578-853a-172e98e003f0,EMIT,ACK,722,36,""
4374.576,receiver,c41d37dc-ae5f-4578-853a-172e98e003f0,RECEIVE,DATA,723,1060,""
4374.579,receiver,c41d37dc-ae5f-4578-853a-172e98e003f0,ACCEPT_DATA,DATA,723,1024,"unique file bytes received"
4374.581,receiver,c41d37dc-ae5f-4578-853a-172e98e003f0,SEND,ACK,723,36,""
4374.588,receiver,c41d37dc-ae5f-4578-853a-172e98e003f0,EMIT,ACK,723,36,""
4374.596,receiver,c41d37dc-ae5f-4578-853a-172e98e003f0,RECEIVE,DATA,724,1060,""
4374.599,receiver,c41d37dc-ae5f-4578-853a-172e98e003f0,ACCEPT_DATA,DATA,724,1024,"unique file bytes received"
4374.601,receiver,c41d37dc-ae5f-4578-853a-172e98e003f0,SEND,ACK,724,36,""
4374.609,receiver,c41d37dc-ae5f-4578-853a-172e98e003f0,EMIT,ACK,724,36,""
4374.614,receiver,c41d37dc-ae5f-4578-853a-172e98e003f0,RECEIVE,DATA,725,1060,""
4374.616,receiver,c41d37dc-ae5f-4578-853a-172e98e003f0,ACCEPT_DATA,DATA,725,1024,"unique file bytes received"
4374.618,receiver,c41d37dc-ae5f-4578-853a-172e98e003f0,SEND,ACK,725,36,""
4374.626,receiver,c41d37dc-ae5f-4578-853a-172e98e003f0,EMIT,ACK,725,36,""
4374.631,receiver,c41d37dc-ae5f-4578-853a-172e98e003f0,RECEIVE,DATA,726,1060,""
4374.634,receiver,c41d37dc-ae5f-4578-853a-172e98e003f0,ACCEPT_DATA,DATA,726,1024,"unique file bytes received"
4374.636,receiver,c41d37dc-ae5f-4578-853a-172e98e003f0,SEND,ACK,726,36,""
4374.643,receiver,c41d37dc-ae5f-4578-853a-172e98e003f0,EMIT,ACK,726,36,""
4374.651,receiver,c41d37dc-ae5f-4578-853a-172e98e003f0,RECEIVE,DATA,727,1060,""
4374.653,receiver,c41d37dc-ae5f-4578-853a-172e98e003f0,ACCEPT_DATA,DATA,727,1024,"unique file bytes received"
4374.656,receiver,c41d37dc-ae5f-4578-853a-172e98e003f0,SEND,ACK,727,36,""
4374.666,receiver,c41d37dc-ae5f-4578-853a-172e98e003f0,EMIT,ACK,727,36,""
4374.671,receiver,c41d37dc-ae5f-4578-853a-172e98e003f0,RECEIVE,DATA,728,1060,""
4374.673,receiver,c41d37dc-ae5f-4578-853a-172e98e003f0,ACCEPT_DATA,DATA,728,1024,"unique file bytes received"
4374.675,receiver,c41d37dc-ae5f-4578-853a-172e98e003f0,SEND,ACK,728,36,""
4374.692,receiver,c41d37dc-ae5f-4578-853a-172e98e003f0,EMIT,ACK,728,36,""
4374.697,receiver,c41d37dc-ae5f-4578-853a-172e98e003f0,RECEIVE,DATA,729,1060,""
4374.700,receiver,c41d37dc-ae5f-4578-853a-172e98e003f0,ACCEPT_DATA,DATA,729,1024,"unique file bytes received"
4374.702,receiver,c41d37dc-ae5f-4578-853a-172e98e003f0,SEND,ACK,729,36,""
4374.709,receiver,c41d37dc-ae5f-4578-853a-172e98e003f0,EMIT,ACK,729,36,""
4374.714,receiver,c41d37dc-ae5f-4578-853a-172e98e003f0,RECEIVE,DATA,730,1060,""
4374.716,receiver,c41d37dc-ae5f-4578-853a-172e98e003f0,ACCEPT_DATA,DATA,730,1024,"unique file bytes received"
4374.719,receiver,c41d37dc-ae5f-4578-853a-172e98e003f0,SEND,ACK,730,36,""
4374.726,receiver,c41d37dc-ae5f-4578-853a-172e98e003f0,EMIT,ACK,730,36,""
4374.730,receiver,c41d37dc-ae5f-4578-853a-172e98e003f0,RECEIVE,DATA,731,1060,""
4374.733,receiver,c41d37dc-ae5f-4578-853a-172e98e003f0,ACCEPT_DATA,DATA,731,1024,"unique file bytes received"
4374.735,receiver,c41d37dc-ae5f-4578-853a-172e98e003f0,SEND,ACK,731,36,""
4374.737,receiver,c41d37dc-ae5f-4578-853a-172e98e003f0,DROP,ACK,731,36,"random shim loss"
4374.742,receiver,c41d37dc-ae5f-4578-853a-172e98e003f0,RECEIVE,DATA,732,1060,""
4374.744,receiver,c41d37dc-ae5f-4578-853a-172e98e003f0,ACCEPT_DATA,DATA,732,1024,"unique file bytes received"
4374.746,receiver,c41d37dc-ae5f-4578-853a-172e98e003f0,SEND,ACK,732,36,""
4374.754,receiver,c41d37dc-ae5f-4578-853a-172e98e003f0,EMIT,ACK,732,36,""
4374.759,receiver,c41d37dc-ae5f-4578-853a-172e98e003f0,RECEIVE,DATA,733,1060,""
4374.761,receiver,c41d37dc-ae5f-4578-853a-172e98e003f0,ACCEPT_DATA,DATA,733,1024,"unique file bytes received"
4374.763,receiver,c41d37dc-ae5f-4578-853a-172e98e003f0,SEND,ACK,733,36,""
4374.770,receiver,c41d37dc-ae5f-4578-853a-172e98e003f0,EMIT,ACK,733,36,""
4374.775,receiver,c41d37dc-ae5f-4578-853a-172e98e003f0,RECEIVE,DATA,734,1060,""
4374.777,receiver,c41d37dc-ae5f-4578-853a-172e98e003f0,ACCEPT_DATA,DATA,734,1024,"unique file bytes received"
4374.780,receiver,c41d37dc-ae5f-4578-853a-172e98e003f0,SEND,ACK,734,36,""
4374.787,receiver,c41d37dc-ae5f-4578-853a-172e98e003f0,EMIT,ACK,734,36,""
4374.791,receiver,c41d37dc-ae5f-4578-853a-172e98e003f0,RECEIVE,DATA,735,1060,""
4374.794,receiver,c41d37dc-ae5f-4578-853a-172e98e003f0,ACCEPT_DATA,DATA,735,1024,"unique file bytes received"
4374.796,receiver,c41d37dc-ae5f-4578-853a-172e98e003f0,SEND,ACK,735,36,""
4374.803,receiver,c41d37dc-ae5f-4578-853a-172e98e003f0,EMIT,ACK,735,36,""
4374.807,receiver,c41d37dc-ae5f-4578-853a-172e98e003f0,RECEIVE,DATA,737,1060,""
4374.810,receiver,c41d37dc-ae5f-4578-853a-172e98e003f0,OUT_OF_ORDER,DATA,737,0,"arrived before missing sequence=736"
4374.812,receiver,c41d37dc-ae5f-4578-853a-172e98e003f0,ACCEPT_DATA,DATA,737,1024,"unique file bytes received"
4374.815,receiver,c41d37dc-ae5f-4578-853a-172e98e003f0,SEND,ACK,737,36,""
4374.822,receiver,c41d37dc-ae5f-4578-853a-172e98e003f0,EMIT,ACK,737,36,""
4374.826,receiver,c41d37dc-ae5f-4578-853a-172e98e003f0,RECEIVE,DATA,738,1060,""
4374.829,receiver,c41d37dc-ae5f-4578-853a-172e98e003f0,OUT_OF_ORDER,DATA,738,0,"arrived before missing sequence=736"
4374.831,receiver,c41d37dc-ae5f-4578-853a-172e98e003f0,ACCEPT_DATA,DATA,738,1024,"unique file bytes received"
4374.833,receiver,c41d37dc-ae5f-4578-853a-172e98e003f0,SEND,ACK,738,36,""
4374.840,receiver,c41d37dc-ae5f-4578-853a-172e98e003f0,EMIT,ACK,738,36,""
4374.845,receiver,c41d37dc-ae5f-4578-853a-172e98e003f0,RECEIVE,DATA,739,1060,""
4374.848,receiver,c41d37dc-ae5f-4578-853a-172e98e003f0,OUT_OF_ORDER,DATA,739,0,"arrived before missing sequence=736"
4374.850,receiver,c41d37dc-ae5f-4578-853a-172e98e003f0,ACCEPT_DATA,DATA,739,1024,"unique file bytes received"
4374.852,receiver,c41d37dc-ae5f-4578-853a-172e98e003f0,SEND,ACK,739,36,""
4374.859,receiver,c41d37dc-ae5f-4578-853a-172e98e003f0,EMIT,ACK,739,36,""
4374.863,receiver,c41d37dc-ae5f-4578-853a-172e98e003f0,RECEIVE,DATA,740,1060,""
4374.866,receiver,c41d37dc-ae5f-4578-853a-172e98e003f0,OUT_OF_ORDER,DATA,740,0,"arrived before missing sequence=736"
4374.868,receiver,c41d37dc-ae5f-4578-853a-172e98e003f0,ACCEPT_DATA,DATA,740,1024,"unique file bytes received"
4374.870,receiver,c41d37dc-ae5f-4578-853a-172e98e003f0,SEND,ACK,740,36,""
4374.877,receiver,c41d37dc-ae5f-4578-853a-172e98e003f0,EMIT,ACK,740,36,""
4374.882,receiver,c41d37dc-ae5f-4578-853a-172e98e003f0,RECEIVE,DATA,741,1060,""
4374.884,receiver,c41d37dc-ae5f-4578-853a-172e98e003f0,OUT_OF_ORDER,DATA,741,0,"arrived before missing sequence=736"
4374.887,receiver,c41d37dc-ae5f-4578-853a-172e98e003f0,ACCEPT_DATA,DATA,741,1024,"unique file bytes received"
4374.889,receiver,c41d37dc-ae5f-4578-853a-172e98e003f0,SEND,ACK,741,36,""
4374.896,receiver,c41d37dc-ae5f-4578-853a-172e98e003f0,EMIT,ACK,741,36,""
4374.901,receiver,c41d37dc-ae5f-4578-853a-172e98e003f0,RECEIVE,DATA,742,1060,""
4374.904,receiver,c41d37dc-ae5f-4578-853a-172e98e003f0,OUT_OF_ORDER,DATA,742,0,"arrived before missing sequence=736"
4374.906,receiver,c41d37dc-ae5f-4578-853a-172e98e003f0,ACCEPT_DATA,DATA,742,1024,"unique file bytes received"
4374.908,receiver,c41d37dc-ae5f-4578-853a-172e98e003f0,SEND,ACK,742,36,""
4374.915,receiver,c41d37dc-ae5f-4578-853a-172e98e003f0,EMIT,ACK,742,36,""
4374.920,receiver,c41d37dc-ae5f-4578-853a-172e98e003f0,RECEIVE,DATA,743,1060,""
4374.922,receiver,c41d37dc-ae5f-4578-853a-172e98e003f0,OUT_OF_ORDER,DATA,743,0,"arrived before missing sequence=736"
4374.924,receiver,c41d37dc-ae5f-4578-853a-172e98e003f0,ACCEPT_DATA,DATA,743,1024,"unique file bytes received"
4374.927,receiver,c41d37dc-ae5f-4578-853a-172e98e003f0,SEND,ACK,743,36,""
4374.934,receiver,c41d37dc-ae5f-4578-853a-172e98e003f0,EMIT,ACK,743,36,""
4374.938,receiver,c41d37dc-ae5f-4578-853a-172e98e003f0,RECEIVE,DATA,744,1060,""
4374.941,receiver,c41d37dc-ae5f-4578-853a-172e98e003f0,OUT_OF_ORDER,DATA,744,0,"arrived before missing sequence=736"
4374.943,receiver,c41d37dc-ae5f-4578-853a-172e98e003f0,ACCEPT_DATA,DATA,744,1024,"unique file bytes received"
4374.945,receiver,c41d37dc-ae5f-4578-853a-172e98e003f0,SEND,ACK,744,36,""
4374.953,receiver,c41d37dc-ae5f-4578-853a-172e98e003f0,EMIT,ACK,744,36,""
4374.957,receiver,c41d37dc-ae5f-4578-853a-172e98e003f0,RECEIVE,DATA,745,1060,""
4374.960,receiver,c41d37dc-ae5f-4578-853a-172e98e003f0,OUT_OF_ORDER,DATA,745,0,"arrived before missing sequence=736"
4374.962,receiver,c41d37dc-ae5f-4578-853a-172e98e003f0,ACCEPT_DATA,DATA,745,1024,"unique file bytes received"
4374.964,receiver,c41d37dc-ae5f-4578-853a-172e98e003f0,SEND,ACK,745,36,""
4374.971,receiver,c41d37dc-ae5f-4578-853a-172e98e003f0,EMIT,ACK,745,36,""
4374.975,receiver,c41d37dc-ae5f-4578-853a-172e98e003f0,RECEIVE,DATA,746,1060,""
4374.978,receiver,c41d37dc-ae5f-4578-853a-172e98e003f0,OUT_OF_ORDER,DATA,746,0,"arrived before missing sequence=736"
4374.980,receiver,c41d37dc-ae5f-4578-853a-172e98e003f0,ACCEPT_DATA,DATA,746,1024,"unique file bytes received"
4374.982,receiver,c41d37dc-ae5f-4578-853a-172e98e003f0,SEND,ACK,746,36,""
4374.989,receiver,c41d37dc-ae5f-4578-853a-172e98e003f0,EMIT,ACK,746,36,""
4374.993,receiver,c41d37dc-ae5f-4578-853a-172e98e003f0,RECEIVE,DATA,747,1060,""
4374.996,receiver,c41d37dc-ae5f-4578-853a-172e98e003f0,OUT_OF_ORDER,DATA,747,0,"arrived before missing sequence=736"
4374.998,receiver,c41d37dc-ae5f-4578-853a-172e98e003f0,ACCEPT_DATA,DATA,747,1024,"unique file bytes received"
4375.000,receiver,c41d37dc-ae5f-4578-853a-172e98e003f0,SEND,ACK,747,36,""
4375.007,receiver,c41d37dc-ae5f-4578-853a-172e98e003f0,EMIT,ACK,747,36,""
4375.012,receiver,c41d37dc-ae5f-4578-853a-172e98e003f0,RECEIVE,DATA,748,1060,""
4375.014,receiver,c41d37dc-ae5f-4578-853a-172e98e003f0,OUT_OF_ORDER,DATA,748,0,"arrived before missing sequence=736"
4375.022,receiver,c41d37dc-ae5f-4578-853a-172e98e003f0,ACCEPT_DATA,DATA,748,1024,"unique file bytes received"
4375.024,receiver,c41d37dc-ae5f-4578-853a-172e98e003f0,SEND,ACK,748,36,""
4375.032,receiver,c41d37dc-ae5f-4578-853a-172e98e003f0,EMIT,ACK,748,36,""
4375.037,receiver,c41d37dc-ae5f-4578-853a-172e98e003f0,RECEIVE,DATA,749,1060,""
4375.040,receiver,c41d37dc-ae5f-4578-853a-172e98e003f0,OUT_OF_ORDER,DATA,749,0,"arrived before missing sequence=736"
4375.051,receiver,c41d37dc-ae5f-4578-853a-172e98e003f0,ACCEPT_DATA,DATA,749,1024,"unique file bytes received"
4375.054,receiver,c41d37dc-ae5f-4578-853a-172e98e003f0,SEND,ACK,749,36,""
4375.061,receiver,c41d37dc-ae5f-4578-853a-172e98e003f0,EMIT,ACK,749,36,""
4375.065,receiver,c41d37dc-ae5f-4578-853a-172e98e003f0,RECEIVE,DATA,750,1060,""
4375.068,receiver,c41d37dc-ae5f-4578-853a-172e98e003f0,OUT_OF_ORDER,DATA,750,0,"arrived before missing sequence=736"
4375.070,receiver,c41d37dc-ae5f-4578-853a-172e98e003f0,ACCEPT_DATA,DATA,750,1024,"unique file bytes received"
4375.072,receiver,c41d37dc-ae5f-4578-853a-172e98e003f0,SEND,ACK,750,36,""
4375.079,receiver,c41d37dc-ae5f-4578-853a-172e98e003f0,EMIT,ACK,750,36,""
4375.084,receiver,c41d37dc-ae5f-4578-853a-172e98e003f0,RECEIVE,DATA,751,1060,""
4375.087,receiver,c41d37dc-ae5f-4578-853a-172e98e003f0,OUT_OF_ORDER,DATA,751,0,"arrived before missing sequence=736"
4375.089,receiver,c41d37dc-ae5f-4578-853a-172e98e003f0,ACCEPT_DATA,DATA,751,1024,"unique file bytes received"
4375.091,receiver,c41d37dc-ae5f-4578-853a-172e98e003f0,SEND,ACK,751,36,""
4375.097,receiver,c41d37dc-ae5f-4578-853a-172e98e003f0,EMIT,ACK,751,36,""
4375.102,receiver,c41d37dc-ae5f-4578-853a-172e98e003f0,RECEIVE,DATA,752,1060,""
4375.105,receiver,c41d37dc-ae5f-4578-853a-172e98e003f0,OUT_OF_ORDER,DATA,752,0,"arrived before missing sequence=736"
4375.107,receiver,c41d37dc-ae5f-4578-853a-172e98e003f0,ACCEPT_DATA,DATA,752,1024,"unique file bytes received"
4375.109,receiver,c41d37dc-ae5f-4578-853a-172e98e003f0,SEND,ACK,752,36,""
4375.111,receiver,c41d37dc-ae5f-4578-853a-172e98e003f0,DROP,ACK,752,36,"random shim loss"
4375.116,receiver,c41d37dc-ae5f-4578-853a-172e98e003f0,RECEIVE,DATA,753,1060,""
4375.119,receiver,c41d37dc-ae5f-4578-853a-172e98e003f0,OUT_OF_ORDER,DATA,753,0,"arrived before missing sequence=736"
4375.122,receiver,c41d37dc-ae5f-4578-853a-172e98e003f0,ACCEPT_DATA,DATA,753,1024,"unique file bytes received"
4375.124,receiver,c41d37dc-ae5f-4578-853a-172e98e003f0,SEND,ACK,753,36,""
4375.130,receiver,c41d37dc-ae5f-4578-853a-172e98e003f0,EMIT,ACK,753,36,""
4375.135,receiver,c41d37dc-ae5f-4578-853a-172e98e003f0,RECEIVE,DATA,754,1060,""
4375.138,receiver,c41d37dc-ae5f-4578-853a-172e98e003f0,OUT_OF_ORDER,DATA,754,0,"arrived before missing sequence=736"
4375.140,receiver,c41d37dc-ae5f-4578-853a-172e98e003f0,ACCEPT_DATA,DATA,754,1024,"unique file bytes received"
4375.142,receiver,c41d37dc-ae5f-4578-853a-172e98e003f0,SEND,ACK,754,36,""
4375.148,receiver,c41d37dc-ae5f-4578-853a-172e98e003f0,EMIT,ACK,754,36,""
4375.153,receiver,c41d37dc-ae5f-4578-853a-172e98e003f0,RECEIVE,DATA,755,1060,""
4375.155,receiver,c41d37dc-ae5f-4578-853a-172e98e003f0,OUT_OF_ORDER,DATA,755,0,"arrived before missing sequence=736"
4375.157,receiver,c41d37dc-ae5f-4578-853a-172e98e003f0,ACCEPT_DATA,DATA,755,1024,"unique file bytes received"
4375.159,receiver,c41d37dc-ae5f-4578-853a-172e98e003f0,SEND,ACK,755,36,""
4375.165,receiver,c41d37dc-ae5f-4578-853a-172e98e003f0,EMIT,ACK,755,36,""
4375.170,receiver,c41d37dc-ae5f-4578-853a-172e98e003f0,RECEIVE,DATA,756,1060,""
4375.173,receiver,c41d37dc-ae5f-4578-853a-172e98e003f0,OUT_OF_ORDER,DATA,756,0,"arrived before missing sequence=736"
4375.175,receiver,c41d37dc-ae5f-4578-853a-172e98e003f0,ACCEPT_DATA,DATA,756,1024,"unique file bytes received"
4375.177,receiver,c41d37dc-ae5f-4578-853a-172e98e003f0,SEND,ACK,756,36,""
4375.183,receiver,c41d37dc-ae5f-4578-853a-172e98e003f0,EMIT,ACK,756,36,""
4375.188,receiver,c41d37dc-ae5f-4578-853a-172e98e003f0,RECEIVE,DATA,757,1060,""
4375.191,receiver,c41d37dc-ae5f-4578-853a-172e98e003f0,OUT_OF_ORDER,DATA,757,0,"arrived before missing sequence=736"
4375.193,receiver,c41d37dc-ae5f-4578-853a-172e98e003f0,ACCEPT_DATA,DATA,757,1024,"unique file bytes received"
4375.195,receiver,c41d37dc-ae5f-4578-853a-172e98e003f0,SEND,ACK,757,36,""
4375.201,receiver,c41d37dc-ae5f-4578-853a-172e98e003f0,EMIT,ACK,757,36,""
4375.206,receiver,c41d37dc-ae5f-4578-853a-172e98e003f0,RECEIVE,DATA,758,1060,""
4375.208,receiver,c41d37dc-ae5f-4578-853a-172e98e003f0,OUT_OF_ORDER,DATA,758,0,"arrived before missing sequence=736"
4375.210,receiver,c41d37dc-ae5f-4578-853a-172e98e003f0,ACCEPT_DATA,DATA,758,1024,"unique file bytes received"
4375.212,receiver,c41d37dc-ae5f-4578-853a-172e98e003f0,SEND,ACK,758,36,""
4375.219,receiver,c41d37dc-ae5f-4578-853a-172e98e003f0,EMIT,ACK,758,36,""
4375.223,receiver,c41d37dc-ae5f-4578-853a-172e98e003f0,RECEIVE,DATA,759,1060,""
4375.226,receiver,c41d37dc-ae5f-4578-853a-172e98e003f0,OUT_OF_ORDER,DATA,759,0,"arrived before missing sequence=736"
4375.228,receiver,c41d37dc-ae5f-4578-853a-172e98e003f0,ACCEPT_DATA,DATA,759,1024,"unique file bytes received"
4375.230,receiver,c41d37dc-ae5f-4578-853a-172e98e003f0,SEND,ACK,759,36,""
4375.236,receiver,c41d37dc-ae5f-4578-853a-172e98e003f0,EMIT,ACK,759,36,""
4375.241,receiver,c41d37dc-ae5f-4578-853a-172e98e003f0,RECEIVE,DATA,760,1060,""
4375.244,receiver,c41d37dc-ae5f-4578-853a-172e98e003f0,OUT_OF_ORDER,DATA,760,0,"arrived before missing sequence=736"
4375.246,receiver,c41d37dc-ae5f-4578-853a-172e98e003f0,ACCEPT_DATA,DATA,760,1024,"unique file bytes received"
4375.248,receiver,c41d37dc-ae5f-4578-853a-172e98e003f0,SEND,ACK,760,36,""
4375.254,receiver,c41d37dc-ae5f-4578-853a-172e98e003f0,EMIT,ACK,760,36,""
4375.259,receiver,c41d37dc-ae5f-4578-853a-172e98e003f0,RECEIVE,DATA,761,1060,""
4375.262,receiver,c41d37dc-ae5f-4578-853a-172e98e003f0,OUT_OF_ORDER,DATA,761,0,"arrived before missing sequence=736"
4375.264,receiver,c41d37dc-ae5f-4578-853a-172e98e003f0,ACCEPT_DATA,DATA,761,1024,"unique file bytes received"
4375.266,receiver,c41d37dc-ae5f-4578-853a-172e98e003f0,SEND,ACK,761,36,""
4375.272,receiver,c41d37dc-ae5f-4578-853a-172e98e003f0,EMIT,ACK,761,36,""
4375.276,receiver,c41d37dc-ae5f-4578-853a-172e98e003f0,RECEIVE,DATA,762,1060,""
4375.279,receiver,c41d37dc-ae5f-4578-853a-172e98e003f0,OUT_OF_ORDER,DATA,762,0,"arrived before missing sequence=736"
4375.281,receiver,c41d37dc-ae5f-4578-853a-172e98e003f0,ACCEPT_DATA,DATA,762,1024,"unique file bytes received"
4375.283,receiver,c41d37dc-ae5f-4578-853a-172e98e003f0,SEND,ACK,762,36,""
4375.289,receiver,c41d37dc-ae5f-4578-853a-172e98e003f0,EMIT,ACK,762,36,""
4626.698,receiver,c41d37dc-ae5f-4578-853a-172e98e003f0,RECEIVE,DATA,731,1060,""
4626.709,receiver,c41d37dc-ae5f-4578-853a-172e98e003f0,DUPLICATE,DATA,731,0,"duplicate DATA; acknowledge without writing twice"
4626.713,receiver,c41d37dc-ae5f-4578-853a-172e98e003f0,SEND,ACK,731,36,""
4626.745,receiver,c41d37dc-ae5f-4578-853a-172e98e003f0,EMIT,ACK,731,36,""
4626.755,receiver,c41d37dc-ae5f-4578-853a-172e98e003f0,RECEIVE,DATA,736,1060,""
4626.758,receiver,c41d37dc-ae5f-4578-853a-172e98e003f0,ACCEPT_DATA,DATA,736,1024,"unique file bytes received"
4626.760,receiver,c41d37dc-ae5f-4578-853a-172e98e003f0,SEND,ACK,736,36,""
4626.767,receiver,c41d37dc-ae5f-4578-853a-172e98e003f0,EMIT,ACK,736,36,""
4626.774,receiver,c41d37dc-ae5f-4578-853a-172e98e003f0,RECEIVE,DATA,752,1060,""
4626.776,receiver,c41d37dc-ae5f-4578-853a-172e98e003f0,DUPLICATE,DATA,752,0,"duplicate DATA; acknowledge without writing twice"
4626.778,receiver,c41d37dc-ae5f-4578-853a-172e98e003f0,SEND,ACK,752,36,""
4626.784,receiver,c41d37dc-ae5f-4578-853a-172e98e003f0,EMIT,ACK,752,36,""
4626.965,receiver,c41d37dc-ae5f-4578-853a-172e98e003f0,RECEIVE,DATA,763,1060,""
4626.992,receiver,c41d37dc-ae5f-4578-853a-172e98e003f0,ACCEPT_DATA,DATA,763,1024,"unique file bytes received"
4627.003,receiver,c41d37dc-ae5f-4578-853a-172e98e003f0,SEND,ACK,763,36,""
4627.032,receiver,c41d37dc-ae5f-4578-853a-172e98e003f0,EMIT,ACK,763,36,""
4627.042,receiver,c41d37dc-ae5f-4578-853a-172e98e003f0,RECEIVE,DATA,764,1060,""
4627.045,receiver,c41d37dc-ae5f-4578-853a-172e98e003f0,ACCEPT_DATA,DATA,764,1024,"unique file bytes received"
4627.047,receiver,c41d37dc-ae5f-4578-853a-172e98e003f0,SEND,ACK,764,36,""
4627.055,receiver,c41d37dc-ae5f-4578-853a-172e98e003f0,EMIT,ACK,764,36,""
4627.059,receiver,c41d37dc-ae5f-4578-853a-172e98e003f0,RECEIVE,DATA,765,1060,""
4627.062,receiver,c41d37dc-ae5f-4578-853a-172e98e003f0,ACCEPT_DATA,DATA,765,1024,"unique file bytes received"
4627.099,receiver,c41d37dc-ae5f-4578-853a-172e98e003f0,SEND,ACK,765,36,""
4627.106,receiver,c41d37dc-ae5f-4578-853a-172e98e003f0,EMIT,ACK,765,36,""
4627.111,receiver,c41d37dc-ae5f-4578-853a-172e98e003f0,RECEIVE,DATA,766,1060,""
4627.113,receiver,c41d37dc-ae5f-4578-853a-172e98e003f0,ACCEPT_DATA,DATA,766,1024,"unique file bytes received"
4627.115,receiver,c41d37dc-ae5f-4578-853a-172e98e003f0,SEND,ACK,766,36,""
4627.121,receiver,c41d37dc-ae5f-4578-853a-172e98e003f0,EMIT,ACK,766,36,""
4627.126,receiver,c41d37dc-ae5f-4578-853a-172e98e003f0,RECEIVE,DATA,767,1060,""
4627.128,receiver,c41d37dc-ae5f-4578-853a-172e98e003f0,ACCEPT_DATA,DATA,767,1024,"unique file bytes received"
4627.130,receiver,c41d37dc-ae5f-4578-853a-172e98e003f0,SEND,ACK,767,36,""
4627.152,receiver,c41d37dc-ae5f-4578-853a-172e98e003f0,EMIT,ACK,767,36,""
4627.162,receiver,c41d37dc-ae5f-4578-853a-172e98e003f0,RECEIVE,DATA,768,1060,""
4627.166,receiver,c41d37dc-ae5f-4578-853a-172e98e003f0,ACCEPT_DATA,DATA,768,1024,"unique file bytes received"
4627.169,receiver,c41d37dc-ae5f-4578-853a-172e98e003f0,SEND,ACK,768,36,""
4627.176,receiver,c41d37dc-ae5f-4578-853a-172e98e003f0,EMIT,ACK,768,36,""
4627.181,receiver,c41d37dc-ae5f-4578-853a-172e98e003f0,RECEIVE,DATA,769,1060,""
4627.184,receiver,c41d37dc-ae5f-4578-853a-172e98e003f0,ACCEPT_DATA,DATA,769,1024,"unique file bytes received"
4627.187,receiver,c41d37dc-ae5f-4578-853a-172e98e003f0,SEND,ACK,769,36,""
4627.193,receiver,c41d37dc-ae5f-4578-853a-172e98e003f0,EMIT,ACK,769,36,""
4627.198,receiver,c41d37dc-ae5f-4578-853a-172e98e003f0,RECEIVE,DATA,770,1060,""
4627.200,receiver,c41d37dc-ae5f-4578-853a-172e98e003f0,ACCEPT_DATA,DATA,770,1024,"unique file bytes received"
4627.203,receiver,c41d37dc-ae5f-4578-853a-172e98e003f0,SEND,ACK,770,36,""
4627.209,receiver,c41d37dc-ae5f-4578-853a-172e98e003f0,EMIT,ACK,770,36,""
4627.215,receiver,c41d37dc-ae5f-4578-853a-172e98e003f0,RECEIVE,DATA,771,1060,""
4627.218,receiver,c41d37dc-ae5f-4578-853a-172e98e003f0,ACCEPT_DATA,DATA,771,1024,"unique file bytes received"
4627.221,receiver,c41d37dc-ae5f-4578-853a-172e98e003f0,SEND,ACK,771,36,""
4627.228,receiver,c41d37dc-ae5f-4578-853a-172e98e003f0,EMIT,ACK,771,36,""
4627.233,receiver,c41d37dc-ae5f-4578-853a-172e98e003f0,RECEIVE,DATA,772,1060,""
4627.236,receiver,c41d37dc-ae5f-4578-853a-172e98e003f0,ACCEPT_DATA,DATA,772,1024,"unique file bytes received"
4627.238,receiver,c41d37dc-ae5f-4578-853a-172e98e003f0,SEND,ACK,772,36,""
4627.248,receiver,c41d37dc-ae5f-4578-853a-172e98e003f0,EMIT,ACK,772,36,""
4627.253,receiver,c41d37dc-ae5f-4578-853a-172e98e003f0,RECEIVE,DATA,773,1060,""
4627.256,receiver,c41d37dc-ae5f-4578-853a-172e98e003f0,ACCEPT_DATA,DATA,773,1024,"unique file bytes received"
4627.258,receiver,c41d37dc-ae5f-4578-853a-172e98e003f0,SEND,ACK,773,36,""
4627.265,receiver,c41d37dc-ae5f-4578-853a-172e98e003f0,EMIT,ACK,773,36,""
4627.270,receiver,c41d37dc-ae5f-4578-853a-172e98e003f0,RECEIVE,DATA,774,1060,""
4627.273,receiver,c41d37dc-ae5f-4578-853a-172e98e003f0,ACCEPT_DATA,DATA,774,1024,"unique file bytes received"
4627.275,receiver,c41d37dc-ae5f-4578-853a-172e98e003f0,SEND,ACK,774,36,""
4627.282,receiver,c41d37dc-ae5f-4578-853a-172e98e003f0,EMIT,ACK,774,36,""
4627.287,receiver,c41d37dc-ae5f-4578-853a-172e98e003f0,RECEIVE,DATA,776,1060,""
4627.290,receiver,c41d37dc-ae5f-4578-853a-172e98e003f0,OUT_OF_ORDER,DATA,776,0,"arrived before missing sequence=775"
4627.293,receiver,c41d37dc-ae5f-4578-853a-172e98e003f0,ACCEPT_DATA,DATA,776,1024,"unique file bytes received"
4627.295,receiver,c41d37dc-ae5f-4578-853a-172e98e003f0,SEND,ACK,776,36,""
4627.302,receiver,c41d37dc-ae5f-4578-853a-172e98e003f0,EMIT,ACK,776,36,""
4627.307,receiver,c41d37dc-ae5f-4578-853a-172e98e003f0,RECEIVE,DATA,777,1060,""
4627.310,receiver,c41d37dc-ae5f-4578-853a-172e98e003f0,OUT_OF_ORDER,DATA,777,0,"arrived before missing sequence=775"
4627.314,receiver,c41d37dc-ae5f-4578-853a-172e98e003f0,ACCEPT_DATA,DATA,777,1024,"unique file bytes received"
4627.317,receiver,c41d37dc-ae5f-4578-853a-172e98e003f0,SEND,ACK,777,36,""
4627.323,receiver,c41d37dc-ae5f-4578-853a-172e98e003f0,EMIT,ACK,777,36,""
4627.328,receiver,c41d37dc-ae5f-4578-853a-172e98e003f0,RECEIVE,DATA,778,1060,""
4627.331,receiver,c41d37dc-ae5f-4578-853a-172e98e003f0,OUT_OF_ORDER,DATA,778,0,"arrived before missing sequence=775"
4627.334,receiver,c41d37dc-ae5f-4578-853a-172e98e003f0,ACCEPT_DATA,DATA,778,1024,"unique file bytes received"
4627.336,receiver,c41d37dc-ae5f-4578-853a-172e98e003f0,SEND,ACK,778,36,""
4627.342,receiver,c41d37dc-ae5f-4578-853a-172e98e003f0,EMIT,ACK,778,36,""
4627.346,receiver,c41d37dc-ae5f-4578-853a-172e98e003f0,RECEIVE,DATA,779,1060,""
4627.349,receiver,c41d37dc-ae5f-4578-853a-172e98e003f0,OUT_OF_ORDER,DATA,779,0,"arrived before missing sequence=775"
4627.352,receiver,c41d37dc-ae5f-4578-853a-172e98e003f0,ACCEPT_DATA,DATA,779,1024,"unique file bytes received"
4627.354,receiver,c41d37dc-ae5f-4578-853a-172e98e003f0,SEND,ACK,779,36,""
4627.360,receiver,c41d37dc-ae5f-4578-853a-172e98e003f0,EMIT,ACK,779,36,""
4627.365,receiver,c41d37dc-ae5f-4578-853a-172e98e003f0,RECEIVE,DATA,780,1060,""
4627.368,receiver,c41d37dc-ae5f-4578-853a-172e98e003f0,OUT_OF_ORDER,DATA,780,0,"arrived before missing sequence=775"
4627.371,receiver,c41d37dc-ae5f-4578-853a-172e98e003f0,ACCEPT_DATA,DATA,780,1024,"unique file bytes received"
4627.373,receiver,c41d37dc-ae5f-4578-853a-172e98e003f0,SEND,ACK,780,36,""
4627.380,receiver,c41d37dc-ae5f-4578-853a-172e98e003f0,EMIT,ACK,780,36,""
4627.385,receiver,c41d37dc-ae5f-4578-853a-172e98e003f0,RECEIVE,DATA,781,1060,""
4627.388,receiver,c41d37dc-ae5f-4578-853a-172e98e003f0,OUT_OF_ORDER,DATA,781,0,"arrived before missing sequence=775"
4627.390,receiver,c41d37dc-ae5f-4578-853a-172e98e003f0,ACCEPT_DATA,DATA,781,1024,"unique file bytes received"
4627.394,receiver,c41d37dc-ae5f-4578-853a-172e98e003f0,SEND,ACK,781,36,""
4627.400,receiver,c41d37dc-ae5f-4578-853a-172e98e003f0,EMIT,ACK,781,36,""
4627.405,receiver,c41d37dc-ae5f-4578-853a-172e98e003f0,RECEIVE,DATA,782,1060,""
4627.408,receiver,c41d37dc-ae5f-4578-853a-172e98e003f0,OUT_OF_ORDER,DATA,782,0,"arrived before missing sequence=775"
4627.411,receiver,c41d37dc-ae5f-4578-853a-172e98e003f0,ACCEPT_DATA,DATA,782,1024,"unique file bytes received"
4627.413,receiver,c41d37dc-ae5f-4578-853a-172e98e003f0,SEND,ACK,782,36,""
4627.420,receiver,c41d37dc-ae5f-4578-853a-172e98e003f0,EMIT,ACK,782,36,""
4627.425,receiver,c41d37dc-ae5f-4578-853a-172e98e003f0,RECEIVE,DATA,783,1060,""
4627.428,receiver,c41d37dc-ae5f-4578-853a-172e98e003f0,OUT_OF_ORDER,DATA,783,0,"arrived before missing sequence=775"
4627.430,receiver,c41d37dc-ae5f-4578-853a-172e98e003f0,ACCEPT_DATA,DATA,783,1024,"unique file bytes received"
4627.433,receiver,c41d37dc-ae5f-4578-853a-172e98e003f0,SEND,ACK,783,36,""
4627.439,receiver,c41d37dc-ae5f-4578-853a-172e98e003f0,EMIT,ACK,783,36,""
4627.444,receiver,c41d37dc-ae5f-4578-853a-172e98e003f0,RECEIVE,DATA,784,1060,""
4627.447,receiver,c41d37dc-ae5f-4578-853a-172e98e003f0,OUT_OF_ORDER,DATA,784,0,"arrived before missing sequence=775"
4627.450,receiver,c41d37dc-ae5f-4578-853a-172e98e003f0,ACCEPT_DATA,DATA,784,1024,"unique file bytes received"
4627.452,receiver,c41d37dc-ae5f-4578-853a-172e98e003f0,SEND,ACK,784,36,""
4627.461,receiver,c41d37dc-ae5f-4578-853a-172e98e003f0,EMIT,ACK,784,36,""
4627.467,receiver,c41d37dc-ae5f-4578-853a-172e98e003f0,RECEIVE,DATA,785,1060,""
4627.470,receiver,c41d37dc-ae5f-4578-853a-172e98e003f0,OUT_OF_ORDER,DATA,785,0,"arrived before missing sequence=775"
4627.473,receiver,c41d37dc-ae5f-4578-853a-172e98e003f0,ACCEPT_DATA,DATA,785,1024,"unique file bytes received"
4627.475,receiver,c41d37dc-ae5f-4578-853a-172e98e003f0,SEND,ACK,785,36,""
4627.478,receiver,c41d37dc-ae5f-4578-853a-172e98e003f0,DROP,ACK,785,36,"random shim loss"
4627.486,receiver,c41d37dc-ae5f-4578-853a-172e98e003f0,RECEIVE,DATA,786,1060,""
4627.490,receiver,c41d37dc-ae5f-4578-853a-172e98e003f0,OUT_OF_ORDER,DATA,786,0,"arrived before missing sequence=775"
4627.492,receiver,c41d37dc-ae5f-4578-853a-172e98e003f0,ACCEPT_DATA,DATA,786,1024,"unique file bytes received"
4627.505,receiver,c41d37dc-ae5f-4578-853a-172e98e003f0,SEND,ACK,786,36,""
4627.512,receiver,c41d37dc-ae5f-4578-853a-172e98e003f0,EMIT,ACK,786,36,""
4627.518,receiver,c41d37dc-ae5f-4578-853a-172e98e003f0,RECEIVE,DATA,787,1060,""
4627.521,receiver,c41d37dc-ae5f-4578-853a-172e98e003f0,OUT_OF_ORDER,DATA,787,0,"arrived before missing sequence=775"
4627.524,receiver,c41d37dc-ae5f-4578-853a-172e98e003f0,ACCEPT_DATA,DATA,787,1024,"unique file bytes received"
4627.527,receiver,c41d37dc-ae5f-4578-853a-172e98e003f0,SEND,ACK,787,36,""
4627.534,receiver,c41d37dc-ae5f-4578-853a-172e98e003f0,EMIT,ACK,787,36,""
4627.551,receiver,c41d37dc-ae5f-4578-853a-172e98e003f0,RECEIVE,DATA,788,1060,""
4627.555,receiver,c41d37dc-ae5f-4578-853a-172e98e003f0,OUT_OF_ORDER,DATA,788,0,"arrived before missing sequence=775"
4627.558,receiver,c41d37dc-ae5f-4578-853a-172e98e003f0,ACCEPT_DATA,DATA,788,1024,"unique file bytes received"
4627.561,receiver,c41d37dc-ae5f-4578-853a-172e98e003f0,SEND,ACK,788,36,""
4627.567,receiver,c41d37dc-ae5f-4578-853a-172e98e003f0,EMIT,ACK,788,36,""
4627.573,receiver,c41d37dc-ae5f-4578-853a-172e98e003f0,RECEIVE,DATA,789,1060,""
4627.576,receiver,c41d37dc-ae5f-4578-853a-172e98e003f0,OUT_OF_ORDER,DATA,789,0,"arrived before missing sequence=775"
4627.579,receiver,c41d37dc-ae5f-4578-853a-172e98e003f0,ACCEPT_DATA,DATA,789,1024,"unique file bytes received"
4627.582,receiver,c41d37dc-ae5f-4578-853a-172e98e003f0,SEND,ACK,789,36,""
4627.588,receiver,c41d37dc-ae5f-4578-853a-172e98e003f0,EMIT,ACK,789,36,""
4627.594,receiver,c41d37dc-ae5f-4578-853a-172e98e003f0,RECEIVE,DATA,790,1060,""
4627.597,receiver,c41d37dc-ae5f-4578-853a-172e98e003f0,OUT_OF_ORDER,DATA,790,0,"arrived before missing sequence=775"
4627.600,receiver,c41d37dc-ae5f-4578-853a-172e98e003f0,ACCEPT_DATA,DATA,790,1024,"unique file bytes received"
4627.603,receiver,c41d37dc-ae5f-4578-853a-172e98e003f0,SEND,ACK,790,36,""
4627.609,receiver,c41d37dc-ae5f-4578-853a-172e98e003f0,EMIT,ACK,790,36,""
4627.614,receiver,c41d37dc-ae5f-4578-853a-172e98e003f0,RECEIVE,DATA,791,1060,""
4627.618,receiver,c41d37dc-ae5f-4578-853a-172e98e003f0,OUT_OF_ORDER,DATA,791,0,"arrived before missing sequence=775"
4627.621,receiver,c41d37dc-ae5f-4578-853a-172e98e003f0,ACCEPT_DATA,DATA,791,1024,"unique file bytes received"
4627.624,receiver,c41d37dc-ae5f-4578-853a-172e98e003f0,SEND,ACK,791,36,""
4627.633,receiver,c41d37dc-ae5f-4578-853a-172e98e003f0,EMIT,ACK,791,36,""
4627.644,receiver,c41d37dc-ae5f-4578-853a-172e98e003f0,RECEIVE,DATA,792,1060,""
4627.648,receiver,c41d37dc-ae5f-4578-853a-172e98e003f0,OUT_OF_ORDER,DATA,792,0,"arrived before missing sequence=775"
4627.652,receiver,c41d37dc-ae5f-4578-853a-172e98e003f0,ACCEPT_DATA,DATA,792,1024,"unique file bytes received"
4627.656,receiver,c41d37dc-ae5f-4578-853a-172e98e003f0,SEND,ACK,792,36,""
4627.666,receiver,c41d37dc-ae5f-4578-853a-172e98e003f0,EMIT,ACK,792,36,""
4627.671,receiver,c41d37dc-ae5f-4578-853a-172e98e003f0,RECEIVE,DATA,793,1060,""
4627.674,receiver,c41d37dc-ae5f-4578-853a-172e98e003f0,OUT_OF_ORDER,DATA,793,0,"arrived before missing sequence=775"
4627.677,receiver,c41d37dc-ae5f-4578-853a-172e98e003f0,ACCEPT_DATA,DATA,793,1024,"unique file bytes received"
4627.679,receiver,c41d37dc-ae5f-4578-853a-172e98e003f0,SEND,ACK,793,36,""
4627.686,receiver,c41d37dc-ae5f-4578-853a-172e98e003f0,EMIT,ACK,793,36,""
4627.692,receiver,c41d37dc-ae5f-4578-853a-172e98e003f0,RECEIVE,DATA,794,1060,""
4627.695,receiver,c41d37dc-ae5f-4578-853a-172e98e003f0,OUT_OF_ORDER,DATA,794,0,"arrived before missing sequence=775"
4627.699,receiver,c41d37dc-ae5f-4578-853a-172e98e003f0,ACCEPT_DATA,DATA,794,1024,"unique file bytes received"
4627.715,receiver,c41d37dc-ae5f-4578-853a-172e98e003f0,SEND,ACK,794,36,""
4627.722,receiver,c41d37dc-ae5f-4578-853a-172e98e003f0,EMIT,ACK,794,36,""
4627.731,receiver,c41d37dc-ae5f-4578-853a-172e98e003f0,RECEIVE,DATA,795,1060,""
4627.734,receiver,c41d37dc-ae5f-4578-853a-172e98e003f0,OUT_OF_ORDER,DATA,795,0,"arrived before missing sequence=775"
4627.738,receiver,c41d37dc-ae5f-4578-853a-172e98e003f0,ACCEPT_DATA,DATA,795,1024,"unique file bytes received"
4627.740,receiver,c41d37dc-ae5f-4578-853a-172e98e003f0,SEND,ACK,795,36,""
4627.747,receiver,c41d37dc-ae5f-4578-853a-172e98e003f0,EMIT,ACK,795,36,""
4627.753,receiver,c41d37dc-ae5f-4578-853a-172e98e003f0,RECEIVE,DATA,796,1060,""
4627.756,receiver,c41d37dc-ae5f-4578-853a-172e98e003f0,OUT_OF_ORDER,DATA,796,0,"arrived before missing sequence=775"
4627.759,receiver,c41d37dc-ae5f-4578-853a-172e98e003f0,ACCEPT_DATA,DATA,796,1024,"unique file bytes received"
4627.762,receiver,c41d37dc-ae5f-4578-853a-172e98e003f0,SEND,ACK,796,36,""
4627.770,receiver,c41d37dc-ae5f-4578-853a-172e98e003f0,EMIT,ACK,796,36,""
4627.775,receiver,c41d37dc-ae5f-4578-853a-172e98e003f0,RECEIVE,DATA,797,1060,""
4627.779,receiver,c41d37dc-ae5f-4578-853a-172e98e003f0,OUT_OF_ORDER,DATA,797,0,"arrived before missing sequence=775"
4627.782,receiver,c41d37dc-ae5f-4578-853a-172e98e003f0,ACCEPT_DATA,DATA,797,1024,"unique file bytes received"
4627.787,receiver,c41d37dc-ae5f-4578-853a-172e98e003f0,SEND,ACK,797,36,""
4627.793,receiver,c41d37dc-ae5f-4578-853a-172e98e003f0,EMIT,ACK,797,36,""
4627.812,receiver,c41d37dc-ae5f-4578-853a-172e98e003f0,RECEIVE,DATA,798,1060,""
4627.814,receiver,c41d37dc-ae5f-4578-853a-172e98e003f0,OUT_OF_ORDER,DATA,798,0,"arrived before missing sequence=775"
4627.817,receiver,c41d37dc-ae5f-4578-853a-172e98e003f0,ACCEPT_DATA,DATA,798,1024,"unique file bytes received"
4627.820,receiver,c41d37dc-ae5f-4578-853a-172e98e003f0,SEND,ACK,798,36,""
4627.826,receiver,c41d37dc-ae5f-4578-853a-172e98e003f0,EMIT,ACK,798,36,""
4627.844,receiver,c41d37dc-ae5f-4578-853a-172e98e003f0,RECEIVE,DATA,799,1060,""
4627.847,receiver,c41d37dc-ae5f-4578-853a-172e98e003f0,OUT_OF_ORDER,DATA,799,0,"arrived before missing sequence=775"
4627.850,receiver,c41d37dc-ae5f-4578-853a-172e98e003f0,ACCEPT_DATA,DATA,799,1024,"unique file bytes received"
4627.852,receiver,c41d37dc-ae5f-4578-853a-172e98e003f0,SEND,ACK,799,36,""
4627.858,receiver,c41d37dc-ae5f-4578-853a-172e98e003f0,EMIT,ACK,799,36,""
4627.863,receiver,c41d37dc-ae5f-4578-853a-172e98e003f0,RECEIVE,DATA,800,1060,""
4627.866,receiver,c41d37dc-ae5f-4578-853a-172e98e003f0,OUT_OF_ORDER,DATA,800,0,"arrived before missing sequence=775"
4627.869,receiver,c41d37dc-ae5f-4578-853a-172e98e003f0,ACCEPT_DATA,DATA,800,1024,"unique file bytes received"
4627.873,receiver,c41d37dc-ae5f-4578-853a-172e98e003f0,SEND,ACK,800,36,""
4627.878,receiver,c41d37dc-ae5f-4578-853a-172e98e003f0,EMIT,ACK,800,36,""
4627.884,receiver,c41d37dc-ae5f-4578-853a-172e98e003f0,RECEIVE,DATA,801,1060,""
4627.887,receiver,c41d37dc-ae5f-4578-853a-172e98e003f0,OUT_OF_ORDER,DATA,801,0,"arrived before missing sequence=775"
4627.890,receiver,c41d37dc-ae5f-4578-853a-172e98e003f0,ACCEPT_DATA,DATA,801,1024,"unique file bytes received"
4627.892,receiver,c41d37dc-ae5f-4578-853a-172e98e003f0,SEND,ACK,801,36,""
4627.898,receiver,c41d37dc-ae5f-4578-853a-172e98e003f0,EMIT,ACK,801,36,""
4627.903,receiver,c41d37dc-ae5f-4578-853a-172e98e003f0,RECEIVE,DATA,802,1060,""
4627.906,receiver,c41d37dc-ae5f-4578-853a-172e98e003f0,OUT_OF_ORDER,DATA,802,0,"arrived before missing sequence=775"
4627.908,receiver,c41d37dc-ae5f-4578-853a-172e98e003f0,ACCEPT_DATA,DATA,802,1024,"unique file bytes received"
4627.911,receiver,c41d37dc-ae5f-4578-853a-172e98e003f0,SEND,ACK,802,36,""
4627.916,receiver,c41d37dc-ae5f-4578-853a-172e98e003f0,EMIT,ACK,802,36,""
4627.921,receiver,c41d37dc-ae5f-4578-853a-172e98e003f0,RECEIVE,DATA,803,1060,""
4627.924,receiver,c41d37dc-ae5f-4578-853a-172e98e003f0,OUT_OF_ORDER,DATA,803,0,"arrived before missing sequence=775"
4627.928,receiver,c41d37dc-ae5f-4578-853a-172e98e003f0,ACCEPT_DATA,DATA,803,1024,"unique file bytes received"
4627.935,receiver,c41d37dc-ae5f-4578-853a-172e98e003f0,SEND,ACK,803,36,""
4627.946,receiver,c41d37dc-ae5f-4578-853a-172e98e003f0,EMIT,ACK,803,36,""
4627.953,receiver,c41d37dc-ae5f-4578-853a-172e98e003f0,RECEIVE,DATA,805,1060,""
4627.958,receiver,c41d37dc-ae5f-4578-853a-172e98e003f0,OUT_OF_ORDER,DATA,805,0,"arrived before missing sequence=775"
4627.972,receiver,c41d37dc-ae5f-4578-853a-172e98e003f0,ACCEPT_DATA,DATA,805,1024,"unique file bytes received"
4627.975,receiver,c41d37dc-ae5f-4578-853a-172e98e003f0,SEND,ACK,805,36,""
4627.995,receiver,c41d37dc-ae5f-4578-853a-172e98e003f0,EMIT,ACK,805,36,""
4628.002,receiver,c41d37dc-ae5f-4578-853a-172e98e003f0,RECEIVE,DATA,806,1060,""
4628.005,receiver,c41d37dc-ae5f-4578-853a-172e98e003f0,OUT_OF_ORDER,DATA,806,0,"arrived before missing sequence=775"
4628.008,receiver,c41d37dc-ae5f-4578-853a-172e98e003f0,ACCEPT_DATA,DATA,806,1024,"unique file bytes received"
4628.010,receiver,c41d37dc-ae5f-4578-853a-172e98e003f0,SEND,ACK,806,36,""
4628.017,receiver,c41d37dc-ae5f-4578-853a-172e98e003f0,EMIT,ACK,806,36,""
4892.921,receiver,c41d37dc-ae5f-4578-853a-172e98e003f0,RECEIVE,DATA,775,1060,""
4892.933,receiver,c41d37dc-ae5f-4578-853a-172e98e003f0,ACCEPT_DATA,DATA,775,1024,"unique file bytes received"
4892.936,receiver,c41d37dc-ae5f-4578-853a-172e98e003f0,SEND,ACK,775,36,""
4892.962,receiver,c41d37dc-ae5f-4578-853a-172e98e003f0,EMIT,ACK,775,36,""
4892.973,receiver,c41d37dc-ae5f-4578-853a-172e98e003f0,RECEIVE,DATA,785,1060,""
4892.988,receiver,c41d37dc-ae5f-4578-853a-172e98e003f0,DUPLICATE,DATA,785,0,"duplicate DATA; acknowledge without writing twice"
4892.990,receiver,c41d37dc-ae5f-4578-853a-172e98e003f0,SEND,ACK,785,36,""
4892.998,receiver,c41d37dc-ae5f-4578-853a-172e98e003f0,EMIT,ACK,785,36,""
4893.002,receiver,c41d37dc-ae5f-4578-853a-172e98e003f0,RECEIVE,DATA,804,1060,""
4893.005,receiver,c41d37dc-ae5f-4578-853a-172e98e003f0,ACCEPT_DATA,DATA,804,1024,"unique file bytes received"
4893.007,receiver,c41d37dc-ae5f-4578-853a-172e98e003f0,SEND,ACK,804,36,""
4893.014,receiver,c41d37dc-ae5f-4578-853a-172e98e003f0,EMIT,ACK,804,36,""
4893.310,receiver,c41d37dc-ae5f-4578-853a-172e98e003f0,RECEIVE,DATA,807,1060,""
4893.320,receiver,c41d37dc-ae5f-4578-853a-172e98e003f0,ACCEPT_DATA,DATA,807,1024,"unique file bytes received"
4893.324,receiver,c41d37dc-ae5f-4578-853a-172e98e003f0,SEND,ACK,807,36,""
4893.365,receiver,c41d37dc-ae5f-4578-853a-172e98e003f0,EMIT,ACK,807,36,""
4893.378,receiver,c41d37dc-ae5f-4578-853a-172e98e003f0,RECEIVE,DATA,808,1060,""
4893.385,receiver,c41d37dc-ae5f-4578-853a-172e98e003f0,ACCEPT_DATA,DATA,808,1024,"unique file bytes received"
4893.388,receiver,c41d37dc-ae5f-4578-853a-172e98e003f0,SEND,ACK,808,36,""
4893.397,receiver,c41d37dc-ae5f-4578-853a-172e98e003f0,EMIT,ACK,808,36,""
4893.402,receiver,c41d37dc-ae5f-4578-853a-172e98e003f0,RECEIVE,DATA,809,1060,""
4893.405,receiver,c41d37dc-ae5f-4578-853a-172e98e003f0,ACCEPT_DATA,DATA,809,1024,"unique file bytes received"
4893.408,receiver,c41d37dc-ae5f-4578-853a-172e98e003f0,SEND,ACK,809,36,""
4893.418,receiver,c41d37dc-ae5f-4578-853a-172e98e003f0,EMIT,ACK,809,36,""
4893.423,receiver,c41d37dc-ae5f-4578-853a-172e98e003f0,RECEIVE,DATA,810,1060,""
4893.426,receiver,c41d37dc-ae5f-4578-853a-172e98e003f0,ACCEPT_DATA,DATA,810,1024,"unique file bytes received"
4893.428,receiver,c41d37dc-ae5f-4578-853a-172e98e003f0,SEND,ACK,810,36,""
4893.436,receiver,c41d37dc-ae5f-4578-853a-172e98e003f0,EMIT,ACK,810,36,""
4893.441,receiver,c41d37dc-ae5f-4578-853a-172e98e003f0,RECEIVE,DATA,811,1060,""
4893.444,receiver,c41d37dc-ae5f-4578-853a-172e98e003f0,ACCEPT_DATA,DATA,811,1024,"unique file bytes received"
4893.447,receiver,c41d37dc-ae5f-4578-853a-172e98e003f0,SEND,ACK,811,36,""
4893.455,receiver,c41d37dc-ae5f-4578-853a-172e98e003f0,EMIT,ACK,811,36,""
4893.466,receiver,c41d37dc-ae5f-4578-853a-172e98e003f0,RECEIVE,DATA,812,1060,""
4893.469,receiver,c41d37dc-ae5f-4578-853a-172e98e003f0,ACCEPT_DATA,DATA,812,1024,"unique file bytes received"
4893.472,receiver,c41d37dc-ae5f-4578-853a-172e98e003f0,SEND,ACK,812,36,""
4893.479,receiver,c41d37dc-ae5f-4578-853a-172e98e003f0,EMIT,ACK,812,36,""
4893.484,receiver,c41d37dc-ae5f-4578-853a-172e98e003f0,RECEIVE,DATA,813,1060,""
4893.487,receiver,c41d37dc-ae5f-4578-853a-172e98e003f0,ACCEPT_DATA,DATA,813,1024,"unique file bytes received"
4893.489,receiver,c41d37dc-ae5f-4578-853a-172e98e003f0,SEND,ACK,813,36,""
4893.496,receiver,c41d37dc-ae5f-4578-853a-172e98e003f0,EMIT,ACK,813,36,""
4893.501,receiver,c41d37dc-ae5f-4578-853a-172e98e003f0,RECEIVE,DATA,814,1060,""
4893.507,receiver,c41d37dc-ae5f-4578-853a-172e98e003f0,ACCEPT_DATA,DATA,814,1024,"unique file bytes received"
4893.510,receiver,c41d37dc-ae5f-4578-853a-172e98e003f0,SEND,ACK,814,36,""
4893.517,receiver,c41d37dc-ae5f-4578-853a-172e98e003f0,EMIT,ACK,814,36,""
4893.521,receiver,c41d37dc-ae5f-4578-853a-172e98e003f0,RECEIVE,DATA,815,1060,""
4893.524,receiver,c41d37dc-ae5f-4578-853a-172e98e003f0,ACCEPT_DATA,DATA,815,1024,"unique file bytes received"
4893.526,receiver,c41d37dc-ae5f-4578-853a-172e98e003f0,SEND,ACK,815,36,""
4893.533,receiver,c41d37dc-ae5f-4578-853a-172e98e003f0,EMIT,ACK,815,36,""
4893.537,receiver,c41d37dc-ae5f-4578-853a-172e98e003f0,RECEIVE,DATA,816,1060,""
4893.540,receiver,c41d37dc-ae5f-4578-853a-172e98e003f0,ACCEPT_DATA,DATA,816,1024,"unique file bytes received"
4893.542,receiver,c41d37dc-ae5f-4578-853a-172e98e003f0,SEND,ACK,816,36,""
4893.547,receiver,c41d37dc-ae5f-4578-853a-172e98e003f0,EMIT,ACK,816,36,""
4893.556,receiver,c41d37dc-ae5f-4578-853a-172e98e003f0,RECEIVE,DATA,817,1060,""
4893.558,receiver,c41d37dc-ae5f-4578-853a-172e98e003f0,ACCEPT_DATA,DATA,817,1024,"unique file bytes received"
4893.560,receiver,c41d37dc-ae5f-4578-853a-172e98e003f0,SEND,ACK,817,36,""
4893.566,receiver,c41d37dc-ae5f-4578-853a-172e98e003f0,EMIT,ACK,817,36,""
4893.571,receiver,c41d37dc-ae5f-4578-853a-172e98e003f0,RECEIVE,DATA,818,1060,""
4893.574,receiver,c41d37dc-ae5f-4578-853a-172e98e003f0,ACCEPT_DATA,DATA,818,1024,"unique file bytes received"
4893.576,receiver,c41d37dc-ae5f-4578-853a-172e98e003f0,SEND,ACK,818,36,""
4893.582,receiver,c41d37dc-ae5f-4578-853a-172e98e003f0,EMIT,ACK,818,36,""
4893.587,receiver,c41d37dc-ae5f-4578-853a-172e98e003f0,RECEIVE,DATA,819,1060,""
4893.602,receiver,c41d37dc-ae5f-4578-853a-172e98e003f0,ACCEPT_DATA,DATA,819,1024,"unique file bytes received"
4893.604,receiver,c41d37dc-ae5f-4578-853a-172e98e003f0,SEND,ACK,819,36,""
4893.611,receiver,c41d37dc-ae5f-4578-853a-172e98e003f0,EMIT,ACK,819,36,""
4893.616,receiver,c41d37dc-ae5f-4578-853a-172e98e003f0,RECEIVE,DATA,820,1060,""
4893.620,receiver,c41d37dc-ae5f-4578-853a-172e98e003f0,ACCEPT_DATA,DATA,820,1024,"unique file bytes received"
4893.622,receiver,c41d37dc-ae5f-4578-853a-172e98e003f0,SEND,ACK,820,36,""
4893.630,receiver,c41d37dc-ae5f-4578-853a-172e98e003f0,EMIT,ACK,820,36,""
4893.635,receiver,c41d37dc-ae5f-4578-853a-172e98e003f0,RECEIVE,DATA,821,1060,""
4893.638,receiver,c41d37dc-ae5f-4578-853a-172e98e003f0,ACCEPT_DATA,DATA,821,1024,"unique file bytes received"
4893.640,receiver,c41d37dc-ae5f-4578-853a-172e98e003f0,SEND,ACK,821,36,""
4893.647,receiver,c41d37dc-ae5f-4578-853a-172e98e003f0,EMIT,ACK,821,36,""
4893.652,receiver,c41d37dc-ae5f-4578-853a-172e98e003f0,RECEIVE,DATA,822,1060,""
4893.655,receiver,c41d37dc-ae5f-4578-853a-172e98e003f0,ACCEPT_DATA,DATA,822,1024,"unique file bytes received"
4893.657,receiver,c41d37dc-ae5f-4578-853a-172e98e003f0,SEND,ACK,822,36,""
4893.664,receiver,c41d37dc-ae5f-4578-853a-172e98e003f0,EMIT,ACK,822,36,""
4893.673,receiver,c41d37dc-ae5f-4578-853a-172e98e003f0,RECEIVE,DATA,823,1060,""
4893.675,receiver,c41d37dc-ae5f-4578-853a-172e98e003f0,ACCEPT_DATA,DATA,823,1024,"unique file bytes received"
4893.677,receiver,c41d37dc-ae5f-4578-853a-172e98e003f0,SEND,ACK,823,36,""
4893.684,receiver,c41d37dc-ae5f-4578-853a-172e98e003f0,EMIT,ACK,823,36,""
4893.689,receiver,c41d37dc-ae5f-4578-853a-172e98e003f0,RECEIVE,DATA,824,1060,""
4893.691,receiver,c41d37dc-ae5f-4578-853a-172e98e003f0,ACCEPT_DATA,DATA,824,1024,"unique file bytes received"
4893.693,receiver,c41d37dc-ae5f-4578-853a-172e98e003f0,SEND,ACK,824,36,""
4893.700,receiver,c41d37dc-ae5f-4578-853a-172e98e003f0,EMIT,ACK,824,36,""
4893.705,receiver,c41d37dc-ae5f-4578-853a-172e98e003f0,RECEIVE,DATA,825,1060,""
4893.712,receiver,c41d37dc-ae5f-4578-853a-172e98e003f0,ACCEPT_DATA,DATA,825,1024,"unique file bytes received"
4893.714,receiver,c41d37dc-ae5f-4578-853a-172e98e003f0,SEND,ACK,825,36,""
4893.744,receiver,c41d37dc-ae5f-4578-853a-172e98e003f0,EMIT,ACK,825,36,""
4893.749,receiver,c41d37dc-ae5f-4578-853a-172e98e003f0,RECEIVE,DATA,826,1060,""
4893.754,receiver,c41d37dc-ae5f-4578-853a-172e98e003f0,ACCEPT_DATA,DATA,826,1024,"unique file bytes received"
4893.756,receiver,c41d37dc-ae5f-4578-853a-172e98e003f0,SEND,ACK,826,36,""
4893.763,receiver,c41d37dc-ae5f-4578-853a-172e98e003f0,EMIT,ACK,826,36,""
4893.767,receiver,c41d37dc-ae5f-4578-853a-172e98e003f0,RECEIVE,DATA,827,1060,""
4893.770,receiver,c41d37dc-ae5f-4578-853a-172e98e003f0,ACCEPT_DATA,DATA,827,1024,"unique file bytes received"
4893.772,receiver,c41d37dc-ae5f-4578-853a-172e98e003f0,SEND,ACK,827,36,""
4893.779,receiver,c41d37dc-ae5f-4578-853a-172e98e003f0,EMIT,ACK,827,36,""
4893.784,receiver,c41d37dc-ae5f-4578-853a-172e98e003f0,RECEIVE,DATA,828,1060,""
4893.786,receiver,c41d37dc-ae5f-4578-853a-172e98e003f0,ACCEPT_DATA,DATA,828,1024,"unique file bytes received"
4893.788,receiver,c41d37dc-ae5f-4578-853a-172e98e003f0,SEND,ACK,828,36,""
4893.794,receiver,c41d37dc-ae5f-4578-853a-172e98e003f0,EMIT,ACK,828,36,""
4893.799,receiver,c41d37dc-ae5f-4578-853a-172e98e003f0,RECEIVE,DATA,829,1060,""
4893.802,receiver,c41d37dc-ae5f-4578-853a-172e98e003f0,ACCEPT_DATA,DATA,829,1024,"unique file bytes received"
4893.804,receiver,c41d37dc-ae5f-4578-853a-172e98e003f0,SEND,ACK,829,36,""
4893.810,receiver,c41d37dc-ae5f-4578-853a-172e98e003f0,EMIT,ACK,829,36,""
4893.815,receiver,c41d37dc-ae5f-4578-853a-172e98e003f0,RECEIVE,DATA,830,1060,""
4893.817,receiver,c41d37dc-ae5f-4578-853a-172e98e003f0,ACCEPT_DATA,DATA,830,1024,"unique file bytes received"
4893.819,receiver,c41d37dc-ae5f-4578-853a-172e98e003f0,SEND,ACK,830,36,""
4893.826,receiver,c41d37dc-ae5f-4578-853a-172e98e003f0,EMIT,ACK,830,36,""
4893.831,receiver,c41d37dc-ae5f-4578-853a-172e98e003f0,RECEIVE,DATA,831,1060,""
4893.833,receiver,c41d37dc-ae5f-4578-853a-172e98e003f0,ACCEPT_DATA,DATA,831,1024,"unique file bytes received"
4893.835,receiver,c41d37dc-ae5f-4578-853a-172e98e003f0,SEND,ACK,831,36,""
4893.842,receiver,c41d37dc-ae5f-4578-853a-172e98e003f0,EMIT,ACK,831,36,""
4893.847,receiver,c41d37dc-ae5f-4578-853a-172e98e003f0,RECEIVE,DATA,832,1060,""
4893.852,receiver,c41d37dc-ae5f-4578-853a-172e98e003f0,ACCEPT_DATA,DATA,832,1024,"unique file bytes received"
4893.854,receiver,c41d37dc-ae5f-4578-853a-172e98e003f0,SEND,ACK,832,36,""
4893.861,receiver,c41d37dc-ae5f-4578-853a-172e98e003f0,EMIT,ACK,832,36,""
4893.866,receiver,c41d37dc-ae5f-4578-853a-172e98e003f0,RECEIVE,DATA,833,1060,""
4893.868,receiver,c41d37dc-ae5f-4578-853a-172e98e003f0,ACCEPT_DATA,DATA,833,1024,"unique file bytes received"
4893.870,receiver,c41d37dc-ae5f-4578-853a-172e98e003f0,SEND,ACK,833,36,""
4893.877,receiver,c41d37dc-ae5f-4578-853a-172e98e003f0,EMIT,ACK,833,36,""
4893.894,receiver,c41d37dc-ae5f-4578-853a-172e98e003f0,RECEIVE,DATA,834,1060,""
4893.896,receiver,c41d37dc-ae5f-4578-853a-172e98e003f0,ACCEPT_DATA,DATA,834,1024,"unique file bytes received"
4893.898,receiver,c41d37dc-ae5f-4578-853a-172e98e003f0,SEND,ACK,834,36,""
4893.906,receiver,c41d37dc-ae5f-4578-853a-172e98e003f0,EMIT,ACK,834,36,""
4893.910,receiver,c41d37dc-ae5f-4578-853a-172e98e003f0,RECEIVE,DATA,835,1060,""
4893.912,receiver,c41d37dc-ae5f-4578-853a-172e98e003f0,ACCEPT_DATA,DATA,835,1024,"unique file bytes received"
4893.915,receiver,c41d37dc-ae5f-4578-853a-172e98e003f0,SEND,ACK,835,36,""
4893.922,receiver,c41d37dc-ae5f-4578-853a-172e98e003f0,EMIT,ACK,835,36,""
4893.926,receiver,c41d37dc-ae5f-4578-853a-172e98e003f0,RECEIVE,DATA,836,1060,""
4893.929,receiver,c41d37dc-ae5f-4578-853a-172e98e003f0,ACCEPT_DATA,DATA,836,1024,"unique file bytes received"
4893.931,receiver,c41d37dc-ae5f-4578-853a-172e98e003f0,SEND,ACK,836,36,""
4893.937,receiver,c41d37dc-ae5f-4578-853a-172e98e003f0,EMIT,ACK,836,36,""
4893.944,receiver,c41d37dc-ae5f-4578-853a-172e98e003f0,RECEIVE,DATA,837,1060,""
4893.946,receiver,c41d37dc-ae5f-4578-853a-172e98e003f0,ACCEPT_DATA,DATA,837,1024,"unique file bytes received"
4893.949,receiver,c41d37dc-ae5f-4578-853a-172e98e003f0,SEND,ACK,837,36,""
4893.955,receiver,c41d37dc-ae5f-4578-853a-172e98e003f0,EMIT,ACK,837,36,""
4893.960,receiver,c41d37dc-ae5f-4578-853a-172e98e003f0,RECEIVE,DATA,838,1060,""
4893.963,receiver,c41d37dc-ae5f-4578-853a-172e98e003f0,ACCEPT_DATA,DATA,838,1024,"unique file bytes received"
4893.965,receiver,c41d37dc-ae5f-4578-853a-172e98e003f0,SEND,ACK,838,36,""
4893.972,receiver,c41d37dc-ae5f-4578-853a-172e98e003f0,EMIT,ACK,838,36,""
4893.977,receiver,c41d37dc-ae5f-4578-853a-172e98e003f0,RECEIVE,DATA,839,1060,""
4893.979,receiver,c41d37dc-ae5f-4578-853a-172e98e003f0,ACCEPT_DATA,DATA,839,1024,"unique file bytes received"
4893.982,receiver,c41d37dc-ae5f-4578-853a-172e98e003f0,SEND,ACK,839,36,""
4893.988,receiver,c41d37dc-ae5f-4578-853a-172e98e003f0,EMIT,ACK,839,36,""
4893.992,receiver,c41d37dc-ae5f-4578-853a-172e98e003f0,RECEIVE,DATA,840,1060,""
4893.995,receiver,c41d37dc-ae5f-4578-853a-172e98e003f0,ACCEPT_DATA,DATA,840,1024,"unique file bytes received"
4893.998,receiver,c41d37dc-ae5f-4578-853a-172e98e003f0,SEND,ACK,840,36,""
4894.004,receiver,c41d37dc-ae5f-4578-853a-172e98e003f0,DROP,ACK,840,36,"random shim loss"
4894.010,receiver,c41d37dc-ae5f-4578-853a-172e98e003f0,RECEIVE,DATA,841,1060,""
4894.014,receiver,c41d37dc-ae5f-4578-853a-172e98e003f0,ACCEPT_DATA,DATA,841,1024,"unique file bytes received"
4894.016,receiver,c41d37dc-ae5f-4578-853a-172e98e003f0,SEND,ACK,841,36,""
4894.023,receiver,c41d37dc-ae5f-4578-853a-172e98e003f0,EMIT,ACK,841,36,""
4894.028,receiver,c41d37dc-ae5f-4578-853a-172e98e003f0,RECEIVE,DATA,842,1060,""
4894.031,receiver,c41d37dc-ae5f-4578-853a-172e98e003f0,ACCEPT_DATA,DATA,842,1024,"unique file bytes received"
4894.033,receiver,c41d37dc-ae5f-4578-853a-172e98e003f0,SEND,ACK,842,36,""
4894.041,receiver,c41d37dc-ae5f-4578-853a-172e98e003f0,EMIT,ACK,842,36,""
4894.046,receiver,c41d37dc-ae5f-4578-853a-172e98e003f0,RECEIVE,DATA,843,1060,""
4894.049,receiver,c41d37dc-ae5f-4578-853a-172e98e003f0,ACCEPT_DATA,DATA,843,1024,"unique file bytes received"
4894.051,receiver,c41d37dc-ae5f-4578-853a-172e98e003f0,SEND,ACK,843,36,""
4894.058,receiver,c41d37dc-ae5f-4578-853a-172e98e003f0,EMIT,ACK,843,36,""
4894.063,receiver,c41d37dc-ae5f-4578-853a-172e98e003f0,RECEIVE,DATA,844,1060,""
4894.066,receiver,c41d37dc-ae5f-4578-853a-172e98e003f0,ACCEPT_DATA,DATA,844,1024,"unique file bytes received"
4894.068,receiver,c41d37dc-ae5f-4578-853a-172e98e003f0,SEND,ACK,844,36,""
4894.076,receiver,c41d37dc-ae5f-4578-853a-172e98e003f0,EMIT,ACK,844,36,""
4894.081,receiver,c41d37dc-ae5f-4578-853a-172e98e003f0,RECEIVE,DATA,845,1060,""
4894.084,receiver,c41d37dc-ae5f-4578-853a-172e98e003f0,ACCEPT_DATA,DATA,845,1024,"unique file bytes received"
4894.086,receiver,c41d37dc-ae5f-4578-853a-172e98e003f0,SEND,ACK,845,36,""
4894.098,receiver,c41d37dc-ae5f-4578-853a-172e98e003f0,EMIT,ACK,845,36,""
4894.102,receiver,c41d37dc-ae5f-4578-853a-172e98e003f0,RECEIVE,DATA,846,1060,""
4894.105,receiver,c41d37dc-ae5f-4578-853a-172e98e003f0,ACCEPT_DATA,DATA,846,1024,"unique file bytes received"
4894.107,receiver,c41d37dc-ae5f-4578-853a-172e98e003f0,SEND,ACK,846,36,""
4894.127,receiver,c41d37dc-ae5f-4578-853a-172e98e003f0,EMIT,ACK,846,36,""
4894.131,receiver,c41d37dc-ae5f-4578-853a-172e98e003f0,RECEIVE,DATA,847,1060,""
4894.134,receiver,c41d37dc-ae5f-4578-853a-172e98e003f0,ACCEPT_DATA,DATA,847,1024,"unique file bytes received"
4894.137,receiver,c41d37dc-ae5f-4578-853a-172e98e003f0,SEND,ACK,847,36,""
4894.143,receiver,c41d37dc-ae5f-4578-853a-172e98e003f0,EMIT,ACK,847,36,""
4894.148,receiver,c41d37dc-ae5f-4578-853a-172e98e003f0,RECEIVE,DATA,848,1060,""
4894.150,receiver,c41d37dc-ae5f-4578-853a-172e98e003f0,ACCEPT_DATA,DATA,848,1024,"unique file bytes received"
4894.154,receiver,c41d37dc-ae5f-4578-853a-172e98e003f0,SEND,ACK,848,36,""
4894.162,receiver,c41d37dc-ae5f-4578-853a-172e98e003f0,EMIT,ACK,848,36,""
4894.166,receiver,c41d37dc-ae5f-4578-853a-172e98e003f0,RECEIVE,DATA,849,1060,""
4894.169,receiver,c41d37dc-ae5f-4578-853a-172e98e003f0,ACCEPT_DATA,DATA,849,1024,"unique file bytes received"
4894.171,receiver,c41d37dc-ae5f-4578-853a-172e98e003f0,SEND,ACK,849,36,""
4894.187,receiver,c41d37dc-ae5f-4578-853a-172e98e003f0,EMIT,ACK,849,36,""
4894.191,receiver,c41d37dc-ae5f-4578-853a-172e98e003f0,RECEIVE,DATA,850,1060,""
4894.194,receiver,c41d37dc-ae5f-4578-853a-172e98e003f0,ACCEPT_DATA,DATA,850,1024,"unique file bytes received"
4894.196,receiver,c41d37dc-ae5f-4578-853a-172e98e003f0,SEND,ACK,850,36,""
4894.203,receiver,c41d37dc-ae5f-4578-853a-172e98e003f0,EMIT,ACK,850,36,""
4894.211,receiver,c41d37dc-ae5f-4578-853a-172e98e003f0,RECEIVE,DATA,851,1060,""
4894.214,receiver,c41d37dc-ae5f-4578-853a-172e98e003f0,ACCEPT_DATA,DATA,851,1024,"unique file bytes received"
4894.216,receiver,c41d37dc-ae5f-4578-853a-172e98e003f0,SEND,ACK,851,36,""
4894.224,receiver,c41d37dc-ae5f-4578-853a-172e98e003f0,EMIT,ACK,851,36,""
4894.229,receiver,c41d37dc-ae5f-4578-853a-172e98e003f0,RECEIVE,DATA,852,1060,""
4894.232,receiver,c41d37dc-ae5f-4578-853a-172e98e003f0,ACCEPT_DATA,DATA,852,1024,"unique file bytes received"
4894.234,receiver,c41d37dc-ae5f-4578-853a-172e98e003f0,SEND,ACK,852,36,""
4894.240,receiver,c41d37dc-ae5f-4578-853a-172e98e003f0,EMIT,ACK,852,36,""
4894.245,receiver,c41d37dc-ae5f-4578-853a-172e98e003f0,RECEIVE,DATA,853,1060,""
4894.248,receiver,c41d37dc-ae5f-4578-853a-172e98e003f0,ACCEPT_DATA,DATA,853,1024,"unique file bytes received"
4894.252,receiver,c41d37dc-ae5f-4578-853a-172e98e003f0,SEND,ACK,853,36,""
4894.260,receiver,c41d37dc-ae5f-4578-853a-172e98e003f0,EMIT,ACK,853,36,""
4894.265,receiver,c41d37dc-ae5f-4578-853a-172e98e003f0,RECEIVE,DATA,854,1060,""
4894.267,receiver,c41d37dc-ae5f-4578-853a-172e98e003f0,ACCEPT_DATA,DATA,854,1024,"unique file bytes received"
4894.270,receiver,c41d37dc-ae5f-4578-853a-172e98e003f0,SEND,ACK,854,36,""
4894.280,receiver,c41d37dc-ae5f-4578-853a-172e98e003f0,EMIT,ACK,854,36,""
4894.285,receiver,c41d37dc-ae5f-4578-853a-172e98e003f0,RECEIVE,DATA,855,1060,""
4894.288,receiver,c41d37dc-ae5f-4578-853a-172e98e003f0,ACCEPT_DATA,DATA,855,1024,"unique file bytes received"
4894.291,receiver,c41d37dc-ae5f-4578-853a-172e98e003f0,SEND,ACK,855,36,""
4894.297,receiver,c41d37dc-ae5f-4578-853a-172e98e003f0,EMIT,ACK,855,36,""
4894.302,receiver,c41d37dc-ae5f-4578-853a-172e98e003f0,RECEIVE,DATA,856,1060,""
4894.304,receiver,c41d37dc-ae5f-4578-853a-172e98e003f0,ACCEPT_DATA,DATA,856,1024,"unique file bytes received"
4894.307,receiver,c41d37dc-ae5f-4578-853a-172e98e003f0,SEND,ACK,856,36,""
4894.313,receiver,c41d37dc-ae5f-4578-853a-172e98e003f0,EMIT,ACK,856,36,""
4894.318,receiver,c41d37dc-ae5f-4578-853a-172e98e003f0,RECEIVE,DATA,857,1060,""
4894.321,receiver,c41d37dc-ae5f-4578-853a-172e98e003f0,ACCEPT_DATA,DATA,857,1024,"unique file bytes received"
4894.323,receiver,c41d37dc-ae5f-4578-853a-172e98e003f0,SEND,ACK,857,36,""
4894.329,receiver,c41d37dc-ae5f-4578-853a-172e98e003f0,EMIT,ACK,857,36,""
4894.334,receiver,c41d37dc-ae5f-4578-853a-172e98e003f0,RECEIVE,DATA,858,1060,""
4894.337,receiver,c41d37dc-ae5f-4578-853a-172e98e003f0,ACCEPT_DATA,DATA,858,1024,"unique file bytes received"
4894.343,receiver,c41d37dc-ae5f-4578-853a-172e98e003f0,SEND,ACK,858,36,""
4894.345,receiver,c41d37dc-ae5f-4578-853a-172e98e003f0,DROP,ACK,858,36,"random shim loss"
4894.350,receiver,c41d37dc-ae5f-4578-853a-172e98e003f0,RECEIVE,DATA,859,1060,""
4894.353,receiver,c41d37dc-ae5f-4578-853a-172e98e003f0,ACCEPT_DATA,DATA,859,1024,"unique file bytes received"
4894.355,receiver,c41d37dc-ae5f-4578-853a-172e98e003f0,SEND,ACK,859,36,""
4894.358,receiver,c41d37dc-ae5f-4578-853a-172e98e003f0,DROP,ACK,859,36,"random shim loss"
4894.365,receiver,c41d37dc-ae5f-4578-853a-172e98e003f0,RECEIVE,DATA,860,1060,""
4894.369,receiver,c41d37dc-ae5f-4578-853a-172e98e003f0,ACCEPT_DATA,DATA,860,1024,"unique file bytes received"
4894.372,receiver,c41d37dc-ae5f-4578-853a-172e98e003f0,SEND,ACK,860,36,""
4894.381,receiver,c41d37dc-ae5f-4578-853a-172e98e003f0,EMIT,ACK,860,36,""
4894.387,receiver,c41d37dc-ae5f-4578-853a-172e98e003f0,RECEIVE,DATA,861,1060,""
4894.391,receiver,c41d37dc-ae5f-4578-853a-172e98e003f0,ACCEPT_DATA,DATA,861,1024,"unique file bytes received"
4894.393,receiver,c41d37dc-ae5f-4578-853a-172e98e003f0,SEND,ACK,861,36,""
4894.400,receiver,c41d37dc-ae5f-4578-853a-172e98e003f0,EMIT,ACK,861,36,""
4894.404,receiver,c41d37dc-ae5f-4578-853a-172e98e003f0,RECEIVE,DATA,862,1060,""
4894.408,receiver,c41d37dc-ae5f-4578-853a-172e98e003f0,ACCEPT_DATA,DATA,862,1024,"unique file bytes received"
4894.411,receiver,c41d37dc-ae5f-4578-853a-172e98e003f0,SEND,ACK,862,36,""
4894.417,receiver,c41d37dc-ae5f-4578-853a-172e98e003f0,EMIT,ACK,862,36,""
4894.421,receiver,c41d37dc-ae5f-4578-853a-172e98e003f0,RECEIVE,DATA,863,1060,""
4894.424,receiver,c41d37dc-ae5f-4578-853a-172e98e003f0,ACCEPT_DATA,DATA,863,1024,"unique file bytes received"
4894.426,receiver,c41d37dc-ae5f-4578-853a-172e98e003f0,SEND,ACK,863,36,""
4894.432,receiver,c41d37dc-ae5f-4578-853a-172e98e003f0,EMIT,ACK,863,36,""
4894.436,receiver,c41d37dc-ae5f-4578-853a-172e98e003f0,RECEIVE,DATA,864,1060,""
4894.439,receiver,c41d37dc-ae5f-4578-853a-172e98e003f0,ACCEPT_DATA,DATA,864,1024,"unique file bytes received"
4894.441,receiver,c41d37dc-ae5f-4578-853a-172e98e003f0,SEND,ACK,864,36,""
4894.447,receiver,c41d37dc-ae5f-4578-853a-172e98e003f0,EMIT,ACK,864,36,""
4894.452,receiver,c41d37dc-ae5f-4578-853a-172e98e003f0,RECEIVE,DATA,865,1060,""
4894.454,receiver,c41d37dc-ae5f-4578-853a-172e98e003f0,ACCEPT_DATA,DATA,865,1024,"unique file bytes received"
4894.456,receiver,c41d37dc-ae5f-4578-853a-172e98e003f0,SEND,ACK,865,36,""
4894.462,receiver,c41d37dc-ae5f-4578-853a-172e98e003f0,EMIT,ACK,865,36,""
4894.467,receiver,c41d37dc-ae5f-4578-853a-172e98e003f0,RECEIVE,DATA,866,1060,""
4894.469,receiver,c41d37dc-ae5f-4578-853a-172e98e003f0,ACCEPT_DATA,DATA,866,1024,"unique file bytes received"
4894.471,receiver,c41d37dc-ae5f-4578-853a-172e98e003f0,SEND,ACK,866,36,""
4894.477,receiver,c41d37dc-ae5f-4578-853a-172e98e003f0,EMIT,ACK,866,36,""
4894.484,receiver,c41d37dc-ae5f-4578-853a-172e98e003f0,RECEIVE,DATA,867,1060,""
4894.496,receiver,c41d37dc-ae5f-4578-853a-172e98e003f0,ACCEPT_DATA,DATA,867,1024,"unique file bytes received"
4894.499,receiver,c41d37dc-ae5f-4578-853a-172e98e003f0,SEND,ACK,867,36,""
4894.505,receiver,c41d37dc-ae5f-4578-853a-172e98e003f0,EMIT,ACK,867,36,""
4894.510,receiver,c41d37dc-ae5f-4578-853a-172e98e003f0,RECEIVE,DATA,868,1060,""
4894.513,receiver,c41d37dc-ae5f-4578-853a-172e98e003f0,ACCEPT_DATA,DATA,868,1024,"unique file bytes received"
4894.515,receiver,c41d37dc-ae5f-4578-853a-172e98e003f0,SEND,ACK,868,36,""
4894.522,receiver,c41d37dc-ae5f-4578-853a-172e98e003f0,EMIT,ACK,868,36,""
4894.527,receiver,c41d37dc-ae5f-4578-853a-172e98e003f0,RECEIVE,DATA,869,1060,""
4894.532,receiver,c41d37dc-ae5f-4578-853a-172e98e003f0,ACCEPT_DATA,DATA,869,1024,"unique file bytes received"
4894.534,receiver,c41d37dc-ae5f-4578-853a-172e98e003f0,SEND,ACK,869,36,""
4894.542,receiver,c41d37dc-ae5f-4578-853a-172e98e003f0,EMIT,ACK,869,36,""
4894.546,receiver,c41d37dc-ae5f-4578-853a-172e98e003f0,RECEIVE,DATA,870,1060,""
4894.549,receiver,c41d37dc-ae5f-4578-853a-172e98e003f0,ACCEPT_DATA,DATA,870,1024,"unique file bytes received"
4894.552,receiver,c41d37dc-ae5f-4578-853a-172e98e003f0,SEND,ACK,870,36,""
4894.558,receiver,c41d37dc-ae5f-4578-853a-172e98e003f0,EMIT,ACK,870,36,""
5157.974,receiver,c41d37dc-ae5f-4578-853a-172e98e003f0,RECEIVE,DATA,840,1060,""
5157.989,receiver,c41d37dc-ae5f-4578-853a-172e98e003f0,DUPLICATE,DATA,840,0,"duplicate DATA; acknowledge without writing twice"
5157.993,receiver,c41d37dc-ae5f-4578-853a-172e98e003f0,SEND,ACK,840,36,""
5158.027,receiver,c41d37dc-ae5f-4578-853a-172e98e003f0,EMIT,ACK,840,36,""
5158.040,receiver,c41d37dc-ae5f-4578-853a-172e98e003f0,RECEIVE,DATA,858,1060,""
5158.043,receiver,c41d37dc-ae5f-4578-853a-172e98e003f0,DUPLICATE,DATA,858,0,"duplicate DATA; acknowledge without writing twice"
5158.045,receiver,c41d37dc-ae5f-4578-853a-172e98e003f0,SEND,ACK,858,36,""
5158.052,receiver,c41d37dc-ae5f-4578-853a-172e98e003f0,EMIT,ACK,858,36,""
5158.057,receiver,c41d37dc-ae5f-4578-853a-172e98e003f0,RECEIVE,DATA,859,1060,""
5158.060,receiver,c41d37dc-ae5f-4578-853a-172e98e003f0,DUPLICATE,DATA,859,0,"duplicate DATA; acknowledge without writing twice"
5158.094,receiver,c41d37dc-ae5f-4578-853a-172e98e003f0,SEND,ACK,859,36,""
5158.096,receiver,c41d37dc-ae5f-4578-853a-172e98e003f0,DROP,ACK,859,36,"random shim loss"
5158.101,receiver,c41d37dc-ae5f-4578-853a-172e98e003f0,RECEIVE,DATA,871,1060,""
5158.104,receiver,c41d37dc-ae5f-4578-853a-172e98e003f0,ACCEPT_DATA,DATA,871,1024,"unique file bytes received"
5158.106,receiver,c41d37dc-ae5f-4578-853a-172e98e003f0,SEND,ACK,871,36,""
5158.113,receiver,c41d37dc-ae5f-4578-853a-172e98e003f0,EMIT,ACK,871,36,""
5158.459,receiver,c41d37dc-ae5f-4578-853a-172e98e003f0,RECEIVE,DATA,872,1060,""
5158.470,receiver,c41d37dc-ae5f-4578-853a-172e98e003f0,ACCEPT_DATA,DATA,872,1024,"unique file bytes received"
5158.473,receiver,c41d37dc-ae5f-4578-853a-172e98e003f0,SEND,ACK,872,36,""
5158.515,receiver,c41d37dc-ae5f-4578-853a-172e98e003f0,EMIT,ACK,872,36,""
5158.526,receiver,c41d37dc-ae5f-4578-853a-172e98e003f0,RECEIVE,DATA,873,1060,""
5158.529,receiver,c41d37dc-ae5f-4578-853a-172e98e003f0,ACCEPT_DATA,DATA,873,1024,"unique file bytes received"
5158.531,receiver,c41d37dc-ae5f-4578-853a-172e98e003f0,SEND,ACK,873,36,""
5158.539,receiver,c41d37dc-ae5f-4578-853a-172e98e003f0,EMIT,ACK,873,36,""
5158.543,receiver,c41d37dc-ae5f-4578-853a-172e98e003f0,RECEIVE,DATA,874,1060,""
5158.546,receiver,c41d37dc-ae5f-4578-853a-172e98e003f0,ACCEPT_DATA,DATA,874,1024,"unique file bytes received"
5158.548,receiver,c41d37dc-ae5f-4578-853a-172e98e003f0,SEND,ACK,874,36,""
5158.554,receiver,c41d37dc-ae5f-4578-853a-172e98e003f0,EMIT,ACK,874,36,""
5158.559,receiver,c41d37dc-ae5f-4578-853a-172e98e003f0,RECEIVE,DATA,875,1060,""
5158.561,receiver,c41d37dc-ae5f-4578-853a-172e98e003f0,ACCEPT_DATA,DATA,875,1024,"unique file bytes received"
5158.563,receiver,c41d37dc-ae5f-4578-853a-172e98e003f0,SEND,ACK,875,36,""
5158.569,receiver,c41d37dc-ae5f-4578-853a-172e98e003f0,EMIT,ACK,875,36,""
5158.574,receiver,c41d37dc-ae5f-4578-853a-172e98e003f0,RECEIVE,DATA,876,1060,""
5158.576,receiver,c41d37dc-ae5f-4578-853a-172e98e003f0,ACCEPT_DATA,DATA,876,1024,"unique file bytes received"
5158.579,receiver,c41d37dc-ae5f-4578-853a-172e98e003f0,SEND,ACK,876,36,""
5158.593,receiver,c41d37dc-ae5f-4578-853a-172e98e003f0,EMIT,ACK,876,36,""
5158.597,receiver,c41d37dc-ae5f-4578-853a-172e98e003f0,RECEIVE,DATA,877,1060,""
5158.599,receiver,c41d37dc-ae5f-4578-853a-172e98e003f0,ACCEPT_DATA,DATA,877,1024,"unique file bytes received"
5158.601,receiver,c41d37dc-ae5f-4578-853a-172e98e003f0,SEND,ACK,877,36,""
5158.607,receiver,c41d37dc-ae5f-4578-853a-172e98e003f0,EMIT,ACK,877,36,""
5158.611,receiver,c41d37dc-ae5f-4578-853a-172e98e003f0,RECEIVE,DATA,878,1060,""
5158.613,receiver,c41d37dc-ae5f-4578-853a-172e98e003f0,ACCEPT_DATA,DATA,878,1024,"unique file bytes received"
5158.615,receiver,c41d37dc-ae5f-4578-853a-172e98e003f0,SEND,ACK,878,36,""
5158.621,receiver,c41d37dc-ae5f-4578-853a-172e98e003f0,EMIT,ACK,878,36,""
5158.625,receiver,c41d37dc-ae5f-4578-853a-172e98e003f0,RECEIVE,DATA,879,1060,""
5158.628,receiver,c41d37dc-ae5f-4578-853a-172e98e003f0,ACCEPT_DATA,DATA,879,1024,"unique file bytes received"
5158.630,receiver,c41d37dc-ae5f-4578-853a-172e98e003f0,SEND,ACK,879,36,""
5158.646,receiver,c41d37dc-ae5f-4578-853a-172e98e003f0,EMIT,ACK,879,36,""
5158.650,receiver,c41d37dc-ae5f-4578-853a-172e98e003f0,RECEIVE,DATA,880,1060,""
5158.653,receiver,c41d37dc-ae5f-4578-853a-172e98e003f0,ACCEPT_DATA,DATA,880,1024,"unique file bytes received"
5158.655,receiver,c41d37dc-ae5f-4578-853a-172e98e003f0,SEND,ACK,880,36,""
5158.660,receiver,c41d37dc-ae5f-4578-853a-172e98e003f0,EMIT,ACK,880,36,""
5158.668,receiver,c41d37dc-ae5f-4578-853a-172e98e003f0,RECEIVE,DATA,881,1060,""
5158.670,receiver,c41d37dc-ae5f-4578-853a-172e98e003f0,ACCEPT_DATA,DATA,881,1024,"unique file bytes received"
5158.672,receiver,c41d37dc-ae5f-4578-853a-172e98e003f0,SEND,ACK,881,36,""
5158.678,receiver,c41d37dc-ae5f-4578-853a-172e98e003f0,EMIT,ACK,881,36,""
5158.682,receiver,c41d37dc-ae5f-4578-853a-172e98e003f0,RECEIVE,DATA,883,1060,""
5158.685,receiver,c41d37dc-ae5f-4578-853a-172e98e003f0,OUT_OF_ORDER,DATA,883,0,"arrived before missing sequence=882"
5158.687,receiver,c41d37dc-ae5f-4578-853a-172e98e003f0,ACCEPT_DATA,DATA,883,1024,"unique file bytes received"
5158.689,receiver,c41d37dc-ae5f-4578-853a-172e98e003f0,SEND,ACK,883,36,""
5158.695,receiver,c41d37dc-ae5f-4578-853a-172e98e003f0,EMIT,ACK,883,36,""
5158.699,receiver,c41d37dc-ae5f-4578-853a-172e98e003f0,RECEIVE,DATA,884,1060,""
5158.701,receiver,c41d37dc-ae5f-4578-853a-172e98e003f0,OUT_OF_ORDER,DATA,884,0,"arrived before missing sequence=882"
5158.703,receiver,c41d37dc-ae5f-4578-853a-172e98e003f0,ACCEPT_DATA,DATA,884,1024,"unique file bytes received"
5158.705,receiver,c41d37dc-ae5f-4578-853a-172e98e003f0,SEND,ACK,884,36,""
5158.711,receiver,c41d37dc-ae5f-4578-853a-172e98e003f0,EMIT,ACK,884,36,""
5158.715,receiver,c41d37dc-ae5f-4578-853a-172e98e003f0,RECEIVE,DATA,885,1060,""
5158.718,receiver,c41d37dc-ae5f-4578-853a-172e98e003f0,OUT_OF_ORDER,DATA,885,0,"arrived before missing sequence=882"
5158.720,receiver,c41d37dc-ae5f-4578-853a-172e98e003f0,ACCEPT_DATA,DATA,885,1024,"unique file bytes received"
5158.722,receiver,c41d37dc-ae5f-4578-853a-172e98e003f0,SEND,ACK,885,36,""
5158.728,receiver,c41d37dc-ae5f-4578-853a-172e98e003f0,EMIT,ACK,885,36,""
5158.732,receiver,c41d37dc-ae5f-4578-853a-172e98e003f0,RECEIVE,DATA,886,1060,""
5158.734,receiver,c41d37dc-ae5f-4578-853a-172e98e003f0,OUT_OF_ORDER,DATA,886,0,"arrived before missing sequence=882"
5158.737,receiver,c41d37dc-ae5f-4578-853a-172e98e003f0,ACCEPT_DATA,DATA,886,1024,"unique file bytes received"
5158.739,receiver,c41d37dc-ae5f-4578-853a-172e98e003f0,SEND,ACK,886,36,""
5158.753,receiver,c41d37dc-ae5f-4578-853a-172e98e003f0,DROP,ACK,886,36,"random shim loss"
5158.757,receiver,c41d37dc-ae5f-4578-853a-172e98e003f0,RECEIVE,DATA,887,1060,""
5158.760,receiver,c41d37dc-ae5f-4578-853a-172e98e003f0,OUT_OF_ORDER,DATA,887,0,"arrived before missing sequence=882"
5158.762,receiver,c41d37dc-ae5f-4578-853a-172e98e003f0,ACCEPT_DATA,DATA,887,1024,"unique file bytes received"
5158.764,receiver,c41d37dc-ae5f-4578-853a-172e98e003f0,SEND,ACK,887,36,""
5158.770,receiver,c41d37dc-ae5f-4578-853a-172e98e003f0,EMIT,ACK,887,36,""
5158.774,receiver,c41d37dc-ae5f-4578-853a-172e98e003f0,RECEIVE,DATA,888,1060,""
5158.776,receiver,c41d37dc-ae5f-4578-853a-172e98e003f0,OUT_OF_ORDER,DATA,888,0,"arrived before missing sequence=882"
5158.778,receiver,c41d37dc-ae5f-4578-853a-172e98e003f0,ACCEPT_DATA,DATA,888,1024,"unique file bytes received"
5158.781,receiver,c41d37dc-ae5f-4578-853a-172e98e003f0,SEND,ACK,888,36,""
5158.787,receiver,c41d37dc-ae5f-4578-853a-172e98e003f0,EMIT,ACK,888,36,""
5158.791,receiver,c41d37dc-ae5f-4578-853a-172e98e003f0,RECEIVE,DATA,889,1060,""
5158.793,receiver,c41d37dc-ae5f-4578-853a-172e98e003f0,OUT_OF_ORDER,DATA,889,0,"arrived before missing sequence=882"
5158.795,receiver,c41d37dc-ae5f-4578-853a-172e98e003f0,ACCEPT_DATA,DATA,889,1024,"unique file bytes received"
5158.797,receiver,c41d37dc-ae5f-4578-853a-172e98e003f0,SEND,ACK,889,36,""
5158.803,receiver,c41d37dc-ae5f-4578-853a-172e98e003f0,EMIT,ACK,889,36,""
5158.808,receiver,c41d37dc-ae5f-4578-853a-172e98e003f0,RECEIVE,DATA,890,1060,""
5158.811,receiver,c41d37dc-ae5f-4578-853a-172e98e003f0,OUT_OF_ORDER,DATA,890,0,"arrived before missing sequence=882"
5158.813,receiver,c41d37dc-ae5f-4578-853a-172e98e003f0,ACCEPT_DATA,DATA,890,1024,"unique file bytes received"
5158.815,receiver,c41d37dc-ae5f-4578-853a-172e98e003f0,SEND,ACK,890,36,""
5158.830,receiver,c41d37dc-ae5f-4578-853a-172e98e003f0,EMIT,ACK,890,36,""
5408.907,receiver,c41d37dc-ae5f-4578-853a-172e98e003f0,RECEIVE,DATA,859,1060,""
5408.921,receiver,c41d37dc-ae5f-4578-853a-172e98e003f0,DUPLICATE,DATA,859,0,"duplicate DATA; acknowledge without writing twice"
5408.926,receiver,c41d37dc-ae5f-4578-853a-172e98e003f0,SEND,ACK,859,36,""
5408.963,receiver,c41d37dc-ae5f-4578-853a-172e98e003f0,EMIT,ACK,859,36,""
5408.977,receiver,c41d37dc-ae5f-4578-853a-172e98e003f0,RECEIVE,DATA,882,1060,""
5408.988,receiver,c41d37dc-ae5f-4578-853a-172e98e003f0,ACCEPT_DATA,DATA,882,1024,"unique file bytes received"
5409.024,receiver,c41d37dc-ae5f-4578-853a-172e98e003f0,SEND,ACK,882,36,""
5409.033,receiver,c41d37dc-ae5f-4578-853a-172e98e003f0,EMIT,ACK,882,36,""
5409.038,receiver,c41d37dc-ae5f-4578-853a-172e98e003f0,RECEIVE,DATA,886,1060,""
5409.041,receiver,c41d37dc-ae5f-4578-853a-172e98e003f0,DUPLICATE,DATA,886,0,"duplicate DATA; acknowledge without writing twice"
5409.043,receiver,c41d37dc-ae5f-4578-853a-172e98e003f0,SEND,ACK,886,36,""
5409.050,receiver,c41d37dc-ae5f-4578-853a-172e98e003f0,EMIT,ACK,886,36,""
5409.341,receiver,c41d37dc-ae5f-4578-853a-172e98e003f0,RECEIVE,DATA,891,1060,""
5409.358,receiver,c41d37dc-ae5f-4578-853a-172e98e003f0,ACCEPT_DATA,DATA,891,1024,"unique file bytes received"
5409.362,receiver,c41d37dc-ae5f-4578-853a-172e98e003f0,SEND,ACK,891,36,""
5409.390,receiver,c41d37dc-ae5f-4578-853a-172e98e003f0,EMIT,ACK,891,36,""
5409.413,receiver,c41d37dc-ae5f-4578-853a-172e98e003f0,RECEIVE,DATA,892,1060,""
5409.416,receiver,c41d37dc-ae5f-4578-853a-172e98e003f0,ACCEPT_DATA,DATA,892,1024,"unique file bytes received"
5409.419,receiver,c41d37dc-ae5f-4578-853a-172e98e003f0,SEND,ACK,892,36,""
5409.428,receiver,c41d37dc-ae5f-4578-853a-172e98e003f0,EMIT,ACK,892,36,""
5409.435,receiver,c41d37dc-ae5f-4578-853a-172e98e003f0,RECEIVE,DATA,893,1060,""
5409.438,receiver,c41d37dc-ae5f-4578-853a-172e98e003f0,ACCEPT_DATA,DATA,893,1024,"unique file bytes received"
5409.440,receiver,c41d37dc-ae5f-4578-853a-172e98e003f0,SEND,ACK,893,36,""
5409.448,receiver,c41d37dc-ae5f-4578-853a-172e98e003f0,EMIT,ACK,893,36,""
5409.454,receiver,c41d37dc-ae5f-4578-853a-172e98e003f0,RECEIVE,DATA,894,1060,""
5409.457,receiver,c41d37dc-ae5f-4578-853a-172e98e003f0,ACCEPT_DATA,DATA,894,1024,"unique file bytes received"
5409.459,receiver,c41d37dc-ae5f-4578-853a-172e98e003f0,SEND,ACK,894,36,""
5409.463,receiver,c41d37dc-ae5f-4578-853a-172e98e003f0,DROP,ACK,894,36,"random shim loss"
5409.469,receiver,c41d37dc-ae5f-4578-853a-172e98e003f0,RECEIVE,DATA,895,1060,""
5409.472,receiver,c41d37dc-ae5f-4578-853a-172e98e003f0,ACCEPT_DATA,DATA,895,1024,"unique file bytes received"
5409.474,receiver,c41d37dc-ae5f-4578-853a-172e98e003f0,SEND,ACK,895,36,""
5409.493,receiver,c41d37dc-ae5f-4578-853a-172e98e003f0,EMIT,ACK,895,36,""
5409.498,receiver,c41d37dc-ae5f-4578-853a-172e98e003f0,RECEIVE,DATA,896,1060,""
5409.501,receiver,c41d37dc-ae5f-4578-853a-172e98e003f0,ACCEPT_DATA,DATA,896,1024,"unique file bytes received"
5409.504,receiver,c41d37dc-ae5f-4578-853a-172e98e003f0,SEND,ACK,896,36,""
5409.513,receiver,c41d37dc-ae5f-4578-853a-172e98e003f0,EMIT,ACK,896,36,""
5409.518,receiver,c41d37dc-ae5f-4578-853a-172e98e003f0,RECEIVE,DATA,897,1060,""
5409.521,receiver,c41d37dc-ae5f-4578-853a-172e98e003f0,ACCEPT_DATA,DATA,897,1024,"unique file bytes received"
5409.524,receiver,c41d37dc-ae5f-4578-853a-172e98e003f0,SEND,ACK,897,36,""
5409.531,receiver,c41d37dc-ae5f-4578-853a-172e98e003f0,EMIT,ACK,897,36,""
5409.537,receiver,c41d37dc-ae5f-4578-853a-172e98e003f0,RECEIVE,DATA,898,1060,""
5409.540,receiver,c41d37dc-ae5f-4578-853a-172e98e003f0,ACCEPT_DATA,DATA,898,1024,"unique file bytes received"
5409.542,receiver,c41d37dc-ae5f-4578-853a-172e98e003f0,SEND,ACK,898,36,""
5409.551,receiver,c41d37dc-ae5f-4578-853a-172e98e003f0,EMIT,ACK,898,36,""
5409.556,receiver,c41d37dc-ae5f-4578-853a-172e98e003f0,RECEIVE,DATA,899,1060,""
5409.559,receiver,c41d37dc-ae5f-4578-853a-172e98e003f0,ACCEPT_DATA,DATA,899,1024,"unique file bytes received"
5409.562,receiver,c41d37dc-ae5f-4578-853a-172e98e003f0,SEND,ACK,899,36,""
5409.570,receiver,c41d37dc-ae5f-4578-853a-172e98e003f0,EMIT,ACK,899,36,""
5409.575,receiver,c41d37dc-ae5f-4578-853a-172e98e003f0,RECEIVE,DATA,900,1060,""
5409.578,receiver,c41d37dc-ae5f-4578-853a-172e98e003f0,ACCEPT_DATA,DATA,900,1024,"unique file bytes received"
5409.581,receiver,c41d37dc-ae5f-4578-853a-172e98e003f0,SEND,ACK,900,36,""
5409.588,receiver,c41d37dc-ae5f-4578-853a-172e98e003f0,EMIT,ACK,900,36,""
5409.594,receiver,c41d37dc-ae5f-4578-853a-172e98e003f0,RECEIVE,DATA,901,1060,""
5409.597,receiver,c41d37dc-ae5f-4578-853a-172e98e003f0,ACCEPT_DATA,DATA,901,1024,"unique file bytes received"
5409.600,receiver,c41d37dc-ae5f-4578-853a-172e98e003f0,SEND,ACK,901,36,""
5409.608,receiver,c41d37dc-ae5f-4578-853a-172e98e003f0,EMIT,ACK,901,36,""
5409.617,receiver,c41d37dc-ae5f-4578-853a-172e98e003f0,RECEIVE,DATA,902,1060,""
5409.619,receiver,c41d37dc-ae5f-4578-853a-172e98e003f0,ACCEPT_DATA,DATA,902,1024,"unique file bytes received"
5409.621,receiver,c41d37dc-ae5f-4578-853a-172e98e003f0,SEND,ACK,902,36,""
5409.628,receiver,c41d37dc-ae5f-4578-853a-172e98e003f0,EMIT,ACK,902,36,""
5409.633,receiver,c41d37dc-ae5f-4578-853a-172e98e003f0,RECEIVE,DATA,903,1060,""
5409.636,receiver,c41d37dc-ae5f-4578-853a-172e98e003f0,ACCEPT_DATA,DATA,903,1024,"unique file bytes received"
5409.638,receiver,c41d37dc-ae5f-4578-853a-172e98e003f0,SEND,ACK,903,36,""
5409.645,receiver,c41d37dc-ae5f-4578-853a-172e98e003f0,EMIT,ACK,903,36,""
5409.650,receiver,c41d37dc-ae5f-4578-853a-172e98e003f0,RECEIVE,DATA,904,1060,""
5409.652,receiver,c41d37dc-ae5f-4578-853a-172e98e003f0,ACCEPT_DATA,DATA,904,1024,"unique file bytes received"
5409.654,receiver,c41d37dc-ae5f-4578-853a-172e98e003f0,SEND,ACK,904,36,""
5409.661,receiver,c41d37dc-ae5f-4578-853a-172e98e003f0,EMIT,ACK,904,36,""
5409.666,receiver,c41d37dc-ae5f-4578-853a-172e98e003f0,RECEIVE,DATA,905,1060,""
5409.669,receiver,c41d37dc-ae5f-4578-853a-172e98e003f0,ACCEPT_DATA,DATA,905,1024,"unique file bytes received"
5409.683,receiver,c41d37dc-ae5f-4578-853a-172e98e003f0,SEND,ACK,905,36,""
5409.690,receiver,c41d37dc-ae5f-4578-853a-172e98e003f0,EMIT,ACK,905,36,""
5409.695,receiver,c41d37dc-ae5f-4578-853a-172e98e003f0,RECEIVE,DATA,906,1060,""
5409.697,receiver,c41d37dc-ae5f-4578-853a-172e98e003f0,ACCEPT_DATA,DATA,906,1024,"unique file bytes received"
5409.700,receiver,c41d37dc-ae5f-4578-853a-172e98e003f0,SEND,ACK,906,36,""
5409.706,receiver,c41d37dc-ae5f-4578-853a-172e98e003f0,EMIT,ACK,906,36,""
5409.711,receiver,c41d37dc-ae5f-4578-853a-172e98e003f0,RECEIVE,DATA,907,1060,""
5409.714,receiver,c41d37dc-ae5f-4578-853a-172e98e003f0,ACCEPT_DATA,DATA,907,1024,"unique file bytes received"
5409.716,receiver,c41d37dc-ae5f-4578-853a-172e98e003f0,SEND,ACK,907,36,""
5409.723,receiver,c41d37dc-ae5f-4578-853a-172e98e003f0,EMIT,ACK,907,36,""
5409.728,receiver,c41d37dc-ae5f-4578-853a-172e98e003f0,RECEIVE,DATA,908,1060,""
5409.731,receiver,c41d37dc-ae5f-4578-853a-172e98e003f0,ACCEPT_DATA,DATA,908,1024,"unique file bytes received"
5409.733,receiver,c41d37dc-ae5f-4578-853a-172e98e003f0,SEND,ACK,908,36,""
5409.740,receiver,c41d37dc-ae5f-4578-853a-172e98e003f0,EMIT,ACK,908,36,""
5409.745,receiver,c41d37dc-ae5f-4578-853a-172e98e003f0,RECEIVE,DATA,909,1060,""
5409.747,receiver,c41d37dc-ae5f-4578-853a-172e98e003f0,ACCEPT_DATA,DATA,909,1024,"unique file bytes received"
5409.750,receiver,c41d37dc-ae5f-4578-853a-172e98e003f0,SEND,ACK,909,36,""
5409.756,receiver,c41d37dc-ae5f-4578-853a-172e98e003f0,EMIT,ACK,909,36,""
5409.762,receiver,c41d37dc-ae5f-4578-853a-172e98e003f0,RECEIVE,DATA,910,1060,""
5409.765,receiver,c41d37dc-ae5f-4578-853a-172e98e003f0,ACCEPT_DATA,DATA,910,1024,"unique file bytes received"
5409.767,receiver,c41d37dc-ae5f-4578-853a-172e98e003f0,SEND,ACK,910,36,""
5409.773,receiver,c41d37dc-ae5f-4578-853a-172e98e003f0,EMIT,ACK,910,36,""
5409.778,receiver,c41d37dc-ae5f-4578-853a-172e98e003f0,RECEIVE,DATA,911,1060,""
5409.781,receiver,c41d37dc-ae5f-4578-853a-172e98e003f0,ACCEPT_DATA,DATA,911,1024,"unique file bytes received"
5409.783,receiver,c41d37dc-ae5f-4578-853a-172e98e003f0,SEND,ACK,911,36,""
5409.790,receiver,c41d37dc-ae5f-4578-853a-172e98e003f0,EMIT,ACK,911,36,""
5409.795,receiver,c41d37dc-ae5f-4578-853a-172e98e003f0,RECEIVE,DATA,912,1060,""
5409.797,receiver,c41d37dc-ae5f-4578-853a-172e98e003f0,ACCEPT_DATA,DATA,912,1024,"unique file bytes received"
5409.800,receiver,c41d37dc-ae5f-4578-853a-172e98e003f0,SEND,ACK,912,36,""
5409.806,receiver,c41d37dc-ae5f-4578-853a-172e98e003f0,EMIT,ACK,912,36,""
5409.811,receiver,c41d37dc-ae5f-4578-853a-172e98e003f0,RECEIVE,DATA,913,1060,""
5409.837,receiver,c41d37dc-ae5f-4578-853a-172e98e003f0,ACCEPT_DATA,DATA,913,1024,"unique file bytes received"
5409.839,receiver,c41d37dc-ae5f-4578-853a-172e98e003f0,SEND,ACK,913,36,""
5409.846,receiver,c41d37dc-ae5f-4578-853a-172e98e003f0,EMIT,ACK,913,36,""
5409.851,receiver,c41d37dc-ae5f-4578-853a-172e98e003f0,RECEIVE,DATA,914,1060,""
5409.854,receiver,c41d37dc-ae5f-4578-853a-172e98e003f0,ACCEPT_DATA,DATA,914,1024,"unique file bytes received"
5409.857,receiver,c41d37dc-ae5f-4578-853a-172e98e003f0,SEND,ACK,914,36,""
5409.863,receiver,c41d37dc-ae5f-4578-853a-172e98e003f0,EMIT,ACK,914,36,""
5409.868,receiver,c41d37dc-ae5f-4578-853a-172e98e003f0,RECEIVE,DATA,915,1060,""
5409.870,receiver,c41d37dc-ae5f-4578-853a-172e98e003f0,ACCEPT_DATA,DATA,915,1024,"unique file bytes received"
5409.873,receiver,c41d37dc-ae5f-4578-853a-172e98e003f0,SEND,ACK,915,36,""
5409.879,receiver,c41d37dc-ae5f-4578-853a-172e98e003f0,EMIT,ACK,915,36,""
5409.883,receiver,c41d37dc-ae5f-4578-853a-172e98e003f0,RECEIVE,DATA,916,1060,""
5409.886,receiver,c41d37dc-ae5f-4578-853a-172e98e003f0,ACCEPT_DATA,DATA,916,1024,"unique file bytes received"
5409.888,receiver,c41d37dc-ae5f-4578-853a-172e98e003f0,SEND,ACK,916,36,""
5409.894,receiver,c41d37dc-ae5f-4578-853a-172e98e003f0,EMIT,ACK,916,36,""
5409.899,receiver,c41d37dc-ae5f-4578-853a-172e98e003f0,RECEIVE,DATA,917,1060,""
5409.902,receiver,c41d37dc-ae5f-4578-853a-172e98e003f0,ACCEPT_DATA,DATA,917,1024,"unique file bytes received"
5409.915,receiver,c41d37dc-ae5f-4578-853a-172e98e003f0,SEND,ACK,917,36,""
5409.921,receiver,c41d37dc-ae5f-4578-853a-172e98e003f0,EMIT,ACK,917,36,""
5409.925,receiver,c41d37dc-ae5f-4578-853a-172e98e003f0,RECEIVE,DATA,918,1060,""
5409.928,receiver,c41d37dc-ae5f-4578-853a-172e98e003f0,ACCEPT_DATA,DATA,918,1024,"unique file bytes received"
5409.930,receiver,c41d37dc-ae5f-4578-853a-172e98e003f0,SEND,ACK,918,36,""
5409.937,receiver,c41d37dc-ae5f-4578-853a-172e98e003f0,EMIT,ACK,918,36,""
5409.941,receiver,c41d37dc-ae5f-4578-853a-172e98e003f0,RECEIVE,DATA,919,1060,""
5409.944,receiver,c41d37dc-ae5f-4578-853a-172e98e003f0,ACCEPT_DATA,DATA,919,1024,"unique file bytes received"
5409.946,receiver,c41d37dc-ae5f-4578-853a-172e98e003f0,SEND,ACK,919,36,""
5409.952,receiver,c41d37dc-ae5f-4578-853a-172e98e003f0,EMIT,ACK,919,36,""
5409.958,receiver,c41d37dc-ae5f-4578-853a-172e98e003f0,RECEIVE,DATA,920,1060,""
5409.960,receiver,c41d37dc-ae5f-4578-853a-172e98e003f0,ACCEPT_DATA,DATA,920,1024,"unique file bytes received"
5409.963,receiver,c41d37dc-ae5f-4578-853a-172e98e003f0,SEND,ACK,920,36,""
5409.969,receiver,c41d37dc-ae5f-4578-853a-172e98e003f0,EMIT,ACK,920,36,""
5409.973,receiver,c41d37dc-ae5f-4578-853a-172e98e003f0,RECEIVE,DATA,921,1060,""
5409.976,receiver,c41d37dc-ae5f-4578-853a-172e98e003f0,ACCEPT_DATA,DATA,921,1024,"unique file bytes received"
5409.978,receiver,c41d37dc-ae5f-4578-853a-172e98e003f0,SEND,ACK,921,36,""
5409.984,receiver,c41d37dc-ae5f-4578-853a-172e98e003f0,EMIT,ACK,921,36,""
5409.988,receiver,c41d37dc-ae5f-4578-853a-172e98e003f0,RECEIVE,DATA,922,1060,""
5409.991,receiver,c41d37dc-ae5f-4578-853a-172e98e003f0,ACCEPT_DATA,DATA,922,1024,"unique file bytes received"
5409.993,receiver,c41d37dc-ae5f-4578-853a-172e98e003f0,SEND,ACK,922,36,""
5409.999,receiver,c41d37dc-ae5f-4578-853a-172e98e003f0,EMIT,ACK,922,36,""
5410.004,receiver,c41d37dc-ae5f-4578-853a-172e98e003f0,RECEIVE,DATA,923,1060,""
5410.006,receiver,c41d37dc-ae5f-4578-853a-172e98e003f0,ACCEPT_DATA,DATA,923,1024,"unique file bytes received"
5410.008,receiver,c41d37dc-ae5f-4578-853a-172e98e003f0,SEND,ACK,923,36,""
5410.014,receiver,c41d37dc-ae5f-4578-853a-172e98e003f0,EMIT,ACK,923,36,""
5410.020,receiver,c41d37dc-ae5f-4578-853a-172e98e003f0,RECEIVE,DATA,924,1060,""
5410.026,receiver,c41d37dc-ae5f-4578-853a-172e98e003f0,ACCEPT_DATA,DATA,924,1024,"unique file bytes received"
5410.028,receiver,c41d37dc-ae5f-4578-853a-172e98e003f0,SEND,ACK,924,36,""
5410.037,receiver,c41d37dc-ae5f-4578-853a-172e98e003f0,EMIT,ACK,924,36,""
5410.042,receiver,c41d37dc-ae5f-4578-853a-172e98e003f0,RECEIVE,DATA,925,1060,""
5410.044,receiver,c41d37dc-ae5f-4578-853a-172e98e003f0,ACCEPT_DATA,DATA,925,1024,"unique file bytes received"
5410.047,receiver,c41d37dc-ae5f-4578-853a-172e98e003f0,SEND,ACK,925,36,""
5410.053,receiver,c41d37dc-ae5f-4578-853a-172e98e003f0,EMIT,ACK,925,36,""
5663.894,receiver,c41d37dc-ae5f-4578-853a-172e98e003f0,RECEIVE,DATA,894,1060,""
5663.909,receiver,c41d37dc-ae5f-4578-853a-172e98e003f0,DUPLICATE,DATA,894,0,"duplicate DATA; acknowledge without writing twice"
5663.925,receiver,c41d37dc-ae5f-4578-853a-172e98e003f0,SEND,ACK,894,36,""
5663.968,receiver,c41d37dc-ae5f-4578-853a-172e98e003f0,EMIT,ACK,894,36,""
5664.305,receiver,c41d37dc-ae5f-4578-853a-172e98e003f0,RECEIVE,DATA,926,1060,""
5664.319,receiver,c41d37dc-ae5f-4578-853a-172e98e003f0,ACCEPT_DATA,DATA,926,1024,"unique file bytes received"
5664.324,receiver,c41d37dc-ae5f-4578-853a-172e98e003f0,SEND,ACK,926,36,""
5664.355,receiver,c41d37dc-ae5f-4578-853a-172e98e003f0,EMIT,ACK,926,36,""
5664.379,receiver,c41d37dc-ae5f-4578-853a-172e98e003f0,RECEIVE,DATA,927,1060,""
5664.383,receiver,c41d37dc-ae5f-4578-853a-172e98e003f0,ACCEPT_DATA,DATA,927,1024,"unique file bytes received"
5664.386,receiver,c41d37dc-ae5f-4578-853a-172e98e003f0,SEND,ACK,927,36,""
5664.396,receiver,c41d37dc-ae5f-4578-853a-172e98e003f0,EMIT,ACK,927,36,""
5664.403,receiver,c41d37dc-ae5f-4578-853a-172e98e003f0,RECEIVE,DATA,928,1060,""
5664.406,receiver,c41d37dc-ae5f-4578-853a-172e98e003f0,ACCEPT_DATA,DATA,928,1024,"unique file bytes received"
5664.409,receiver,c41d37dc-ae5f-4578-853a-172e98e003f0,SEND,ACK,928,36,""
5664.418,receiver,c41d37dc-ae5f-4578-853a-172e98e003f0,EMIT,ACK,928,36,""
5664.427,receiver,c41d37dc-ae5f-4578-853a-172e98e003f0,RECEIVE,DATA,929,1060,""
5664.438,receiver,c41d37dc-ae5f-4578-853a-172e98e003f0,ACCEPT_DATA,DATA,929,1024,"unique file bytes received"
5664.441,receiver,c41d37dc-ae5f-4578-853a-172e98e003f0,SEND,ACK,929,36,""
5664.450,receiver,c41d37dc-ae5f-4578-853a-172e98e003f0,EMIT,ACK,929,36,""
5664.458,receiver,c41d37dc-ae5f-4578-853a-172e98e003f0,RECEIVE,DATA,930,1060,""
5664.461,receiver,c41d37dc-ae5f-4578-853a-172e98e003f0,ACCEPT_DATA,DATA,930,1024,"unique file bytes received"
5664.464,receiver,c41d37dc-ae5f-4578-853a-172e98e003f0,SEND,ACK,930,36,""
5664.473,receiver,c41d37dc-ae5f-4578-853a-172e98e003f0,EMIT,ACK,930,36,""
5664.479,receiver,c41d37dc-ae5f-4578-853a-172e98e003f0,RECEIVE,DATA,931,1060,""
5664.483,receiver,c41d37dc-ae5f-4578-853a-172e98e003f0,ACCEPT_DATA,DATA,931,1024,"unique file bytes received"
5664.485,receiver,c41d37dc-ae5f-4578-853a-172e98e003f0,SEND,ACK,931,36,""
5664.495,receiver,c41d37dc-ae5f-4578-853a-172e98e003f0,EMIT,ACK,931,36,""
5664.513,receiver,c41d37dc-ae5f-4578-853a-172e98e003f0,RECEIVE,DATA,932,1060,""
5664.516,receiver,c41d37dc-ae5f-4578-853a-172e98e003f0,ACCEPT_DATA,DATA,932,1024,"unique file bytes received"
5664.518,receiver,c41d37dc-ae5f-4578-853a-172e98e003f0,SEND,ACK,932,36,""
5664.527,receiver,c41d37dc-ae5f-4578-853a-172e98e003f0,EMIT,ACK,932,36,""
5664.533,receiver,c41d37dc-ae5f-4578-853a-172e98e003f0,RECEIVE,DATA,933,1060,""
5664.538,receiver,c41d37dc-ae5f-4578-853a-172e98e003f0,ACCEPT_DATA,DATA,933,1024,"unique file bytes received"
5664.540,receiver,c41d37dc-ae5f-4578-853a-172e98e003f0,SEND,ACK,933,36,""
5664.548,receiver,c41d37dc-ae5f-4578-853a-172e98e003f0,EMIT,ACK,933,36,""
5664.554,receiver,c41d37dc-ae5f-4578-853a-172e98e003f0,RECEIVE,DATA,934,1060,""
5664.557,receiver,c41d37dc-ae5f-4578-853a-172e98e003f0,ACCEPT_DATA,DATA,934,1024,"unique file bytes received"
5664.571,receiver,c41d37dc-ae5f-4578-853a-172e98e003f0,SEND,ACK,934,36,""
5664.578,receiver,c41d37dc-ae5f-4578-853a-172e98e003f0,EMIT,ACK,934,36,""
5664.584,receiver,c41d37dc-ae5f-4578-853a-172e98e003f0,RECEIVE,DATA,935,1060,""
5664.587,receiver,c41d37dc-ae5f-4578-853a-172e98e003f0,ACCEPT_DATA,DATA,935,1024,"unique file bytes received"
5664.590,receiver,c41d37dc-ae5f-4578-853a-172e98e003f0,SEND,ACK,935,36,""
5664.597,receiver,c41d37dc-ae5f-4578-853a-172e98e003f0,EMIT,ACK,935,36,""
5664.603,receiver,c41d37dc-ae5f-4578-853a-172e98e003f0,RECEIVE,DATA,936,1060,""
5664.638,receiver,c41d37dc-ae5f-4578-853a-172e98e003f0,ACCEPT_DATA,DATA,936,1024,"unique file bytes received"
5664.641,receiver,c41d37dc-ae5f-4578-853a-172e98e003f0,SEND,ACK,936,36,""
5664.650,receiver,c41d37dc-ae5f-4578-853a-172e98e003f0,EMIT,ACK,936,36,""
5664.655,receiver,c41d37dc-ae5f-4578-853a-172e98e003f0,RECEIVE,DATA,937,1060,""
5664.658,receiver,c41d37dc-ae5f-4578-853a-172e98e003f0,ACCEPT_DATA,DATA,937,1024,"unique file bytes received"
5664.661,receiver,c41d37dc-ae5f-4578-853a-172e98e003f0,SEND,ACK,937,36,""
5664.680,receiver,c41d37dc-ae5f-4578-853a-172e98e003f0,EMIT,ACK,937,36,""
5664.686,receiver,c41d37dc-ae5f-4578-853a-172e98e003f0,RECEIVE,DATA,938,1060,""
5664.689,receiver,c41d37dc-ae5f-4578-853a-172e98e003f0,ACCEPT_DATA,DATA,938,1024,"unique file bytes received"
5664.691,receiver,c41d37dc-ae5f-4578-853a-172e98e003f0,SEND,ACK,938,36,""
5664.700,receiver,c41d37dc-ae5f-4578-853a-172e98e003f0,EMIT,ACK,938,36,""
5664.706,receiver,c41d37dc-ae5f-4578-853a-172e98e003f0,RECEIVE,DATA,939,1060,""
5664.710,receiver,c41d37dc-ae5f-4578-853a-172e98e003f0,ACCEPT_DATA,DATA,939,1024,"unique file bytes received"
5664.712,receiver,c41d37dc-ae5f-4578-853a-172e98e003f0,SEND,ACK,939,36,""
5664.721,receiver,c41d37dc-ae5f-4578-853a-172e98e003f0,EMIT,ACK,939,36,""
5664.726,receiver,c41d37dc-ae5f-4578-853a-172e98e003f0,RECEIVE,DATA,940,1060,""
5664.729,receiver,c41d37dc-ae5f-4578-853a-172e98e003f0,ACCEPT_DATA,DATA,940,1024,"unique file bytes received"
5664.732,receiver,c41d37dc-ae5f-4578-853a-172e98e003f0,SEND,ACK,940,36,""
5664.741,receiver,c41d37dc-ae5f-4578-853a-172e98e003f0,EMIT,ACK,940,36,""
5664.748,receiver,c41d37dc-ae5f-4578-853a-172e98e003f0,RECEIVE,DATA,941,1060,""
5664.763,receiver,c41d37dc-ae5f-4578-853a-172e98e003f0,ACCEPT_DATA,DATA,941,1024,"unique file bytes received"
5664.766,receiver,c41d37dc-ae5f-4578-853a-172e98e003f0,SEND,ACK,941,36,""
5664.775,receiver,c41d37dc-ae5f-4578-853a-172e98e003f0,EMIT,ACK,941,36,""
5664.780,receiver,c41d37dc-ae5f-4578-853a-172e98e003f0,RECEIVE,DATA,942,1060,""
5664.783,receiver,c41d37dc-ae5f-4578-853a-172e98e003f0,ACCEPT_DATA,DATA,942,1024,"unique file bytes received"
5664.785,receiver,c41d37dc-ae5f-4578-853a-172e98e003f0,SEND,ACK,942,36,""
5664.794,receiver,c41d37dc-ae5f-4578-853a-172e98e003f0,EMIT,ACK,942,36,""
5664.803,receiver,c41d37dc-ae5f-4578-853a-172e98e003f0,RECEIVE,DATA,943,1060,""
5664.813,receiver,c41d37dc-ae5f-4578-853a-172e98e003f0,ACCEPT_DATA,DATA,943,1024,"unique file bytes received"
5664.816,receiver,c41d37dc-ae5f-4578-853a-172e98e003f0,SEND,ACK,943,36,""
5664.824,receiver,c41d37dc-ae5f-4578-853a-172e98e003f0,EMIT,ACK,943,36,""
5664.830,receiver,c41d37dc-ae5f-4578-853a-172e98e003f0,RECEIVE,DATA,944,1060,""
5664.833,receiver,c41d37dc-ae5f-4578-853a-172e98e003f0,ACCEPT_DATA,DATA,944,1024,"unique file bytes received"
5664.835,receiver,c41d37dc-ae5f-4578-853a-172e98e003f0,SEND,ACK,944,36,""
5664.843,receiver,c41d37dc-ae5f-4578-853a-172e98e003f0,EMIT,ACK,944,36,""
5664.849,receiver,c41d37dc-ae5f-4578-853a-172e98e003f0,RECEIVE,DATA,945,1060,""
5664.852,receiver,c41d37dc-ae5f-4578-853a-172e98e003f0,ACCEPT_DATA,DATA,945,1024,"unique file bytes received"
5664.854,receiver,c41d37dc-ae5f-4578-853a-172e98e003f0,SEND,ACK,945,36,""
5664.861,receiver,c41d37dc-ae5f-4578-853a-172e98e003f0,EMIT,ACK,945,36,""
5664.867,receiver,c41d37dc-ae5f-4578-853a-172e98e003f0,RECEIVE,DATA,946,1060,""
5664.870,receiver,c41d37dc-ae5f-4578-853a-172e98e003f0,ACCEPT_DATA,DATA,946,1024,"unique file bytes received"
5664.872,receiver,c41d37dc-ae5f-4578-853a-172e98e003f0,SEND,ACK,946,36,""
5664.880,receiver,c41d37dc-ae5f-4578-853a-172e98e003f0,EMIT,ACK,946,36,""
5664.886,receiver,c41d37dc-ae5f-4578-853a-172e98e003f0,RECEIVE,DATA,947,1060,""
5664.889,receiver,c41d37dc-ae5f-4578-853a-172e98e003f0,ACCEPT_DATA,DATA,947,1024,"unique file bytes received"
5664.891,receiver,c41d37dc-ae5f-4578-853a-172e98e003f0,SEND,ACK,947,36,""
5664.900,receiver,c41d37dc-ae5f-4578-853a-172e98e003f0,EMIT,ACK,947,36,""
5664.905,receiver,c41d37dc-ae5f-4578-853a-172e98e003f0,RECEIVE,DATA,948,1060,""
5664.908,receiver,c41d37dc-ae5f-4578-853a-172e98e003f0,ACCEPT_DATA,DATA,948,1024,"unique file bytes received"
5664.911,receiver,c41d37dc-ae5f-4578-853a-172e98e003f0,SEND,ACK,948,36,""
5664.932,receiver,c41d37dc-ae5f-4578-853a-172e98e003f0,EMIT,ACK,948,36,""
5664.937,receiver,c41d37dc-ae5f-4578-853a-172e98e003f0,RECEIVE,DATA,949,1060,""
5664.941,receiver,c41d37dc-ae5f-4578-853a-172e98e003f0,ACCEPT_DATA,DATA,949,1024,"unique file bytes received"
5664.943,receiver,c41d37dc-ae5f-4578-853a-172e98e003f0,SEND,ACK,949,36,""
5664.952,receiver,c41d37dc-ae5f-4578-853a-172e98e003f0,EMIT,ACK,949,36,""
5664.957,receiver,c41d37dc-ae5f-4578-853a-172e98e003f0,RECEIVE,DATA,950,1060,""
5664.960,receiver,c41d37dc-ae5f-4578-853a-172e98e003f0,ACCEPT_DATA,DATA,950,1024,"unique file bytes received"
5664.963,receiver,c41d37dc-ae5f-4578-853a-172e98e003f0,SEND,ACK,950,36,""
5664.971,receiver,c41d37dc-ae5f-4578-853a-172e98e003f0,EMIT,ACK,950,36,""
5664.977,receiver,c41d37dc-ae5f-4578-853a-172e98e003f0,RECEIVE,DATA,951,1060,""
5664.980,receiver,c41d37dc-ae5f-4578-853a-172e98e003f0,ACCEPT_DATA,DATA,951,1024,"unique file bytes received"
5664.982,receiver,c41d37dc-ae5f-4578-853a-172e98e003f0,SEND,ACK,951,36,""
5664.991,receiver,c41d37dc-ae5f-4578-853a-172e98e003f0,EMIT,ACK,951,36,""
5664.997,receiver,c41d37dc-ae5f-4578-853a-172e98e003f0,RECEIVE,DATA,952,1060,""
5665.000,receiver,c41d37dc-ae5f-4578-853a-172e98e003f0,ACCEPT_DATA,DATA,952,1024,"unique file bytes received"
5665.002,receiver,c41d37dc-ae5f-4578-853a-172e98e003f0,SEND,ACK,952,36,""
5665.011,receiver,c41d37dc-ae5f-4578-853a-172e98e003f0,EMIT,ACK,952,36,""
5665.016,receiver,c41d37dc-ae5f-4578-853a-172e98e003f0,RECEIVE,DATA,953,1060,""
5665.021,receiver,c41d37dc-ae5f-4578-853a-172e98e003f0,ACCEPT_DATA,DATA,953,1024,"unique file bytes received"
5665.024,receiver,c41d37dc-ae5f-4578-853a-172e98e003f0,SEND,ACK,953,36,""
5665.033,receiver,c41d37dc-ae5f-4578-853a-172e98e003f0,EMIT,ACK,953,36,""
5665.038,receiver,c41d37dc-ae5f-4578-853a-172e98e003f0,RECEIVE,DATA,954,1060,""
5665.041,receiver,c41d37dc-ae5f-4578-853a-172e98e003f0,ACCEPT_DATA,DATA,954,1024,"unique file bytes received"
5665.045,receiver,c41d37dc-ae5f-4578-853a-172e98e003f0,SEND,ACK,954,36,""
5665.053,receiver,c41d37dc-ae5f-4578-853a-172e98e003f0,EMIT,ACK,954,36,""
5665.066,receiver,c41d37dc-ae5f-4578-853a-172e98e003f0,RECEIVE,DATA,955,1060,""
5665.069,receiver,c41d37dc-ae5f-4578-853a-172e98e003f0,ACCEPT_DATA,DATA,955,1024,"unique file bytes received"
5665.072,receiver,c41d37dc-ae5f-4578-853a-172e98e003f0,SEND,ACK,955,36,""
5665.080,receiver,c41d37dc-ae5f-4578-853a-172e98e003f0,EMIT,ACK,955,36,""
5665.085,receiver,c41d37dc-ae5f-4578-853a-172e98e003f0,RECEIVE,DATA,956,1060,""
5665.088,receiver,c41d37dc-ae5f-4578-853a-172e98e003f0,ACCEPT_DATA,DATA,956,1024,"unique file bytes received"
5665.090,receiver,c41d37dc-ae5f-4578-853a-172e98e003f0,SEND,ACK,956,36,""
5665.098,receiver,c41d37dc-ae5f-4578-853a-172e98e003f0,EMIT,ACK,956,36,""
5665.104,receiver,c41d37dc-ae5f-4578-853a-172e98e003f0,RECEIVE,DATA,957,1060,""
5665.107,receiver,c41d37dc-ae5f-4578-853a-172e98e003f0,ACCEPT_DATA,DATA,957,1024,"unique file bytes received"
5665.109,receiver,c41d37dc-ae5f-4578-853a-172e98e003f0,SEND,ACK,957,36,""
5665.117,receiver,c41d37dc-ae5f-4578-853a-172e98e003f0,EMIT,ACK,957,36,""
5665.123,receiver,c41d37dc-ae5f-4578-853a-172e98e003f0,RECEIVE,DATA,958,1060,""
5665.126,receiver,c41d37dc-ae5f-4578-853a-172e98e003f0,ACCEPT_DATA,DATA,958,1024,"unique file bytes received"
5665.128,receiver,c41d37dc-ae5f-4578-853a-172e98e003f0,SEND,ACK,958,36,""
5665.135,receiver,c41d37dc-ae5f-4578-853a-172e98e003f0,EMIT,ACK,958,36,""
5665.140,receiver,c41d37dc-ae5f-4578-853a-172e98e003f0,RECEIVE,DATA,959,1060,""
5665.143,receiver,c41d37dc-ae5f-4578-853a-172e98e003f0,ACCEPT_DATA,DATA,959,1024,"unique file bytes received"
5665.146,receiver,c41d37dc-ae5f-4578-853a-172e98e003f0,SEND,ACK,959,36,""
5665.153,receiver,c41d37dc-ae5f-4578-853a-172e98e003f0,EMIT,ACK,959,36,""
5665.159,receiver,c41d37dc-ae5f-4578-853a-172e98e003f0,RECEIVE,DATA,960,1060,""
5665.174,receiver,c41d37dc-ae5f-4578-853a-172e98e003f0,ACCEPT_DATA,DATA,960,1024,"unique file bytes received"
5665.177,receiver,c41d37dc-ae5f-4578-853a-172e98e003f0,SEND,ACK,960,36,""
5665.184,receiver,c41d37dc-ae5f-4578-853a-172e98e003f0,EMIT,ACK,960,36,""
5665.190,receiver,c41d37dc-ae5f-4578-853a-172e98e003f0,RECEIVE,DATA,961,1060,""
5665.193,receiver,c41d37dc-ae5f-4578-853a-172e98e003f0,ACCEPT_DATA,DATA,961,1024,"unique file bytes received"
5665.196,receiver,c41d37dc-ae5f-4578-853a-172e98e003f0,SEND,ACK,961,36,""
5665.203,receiver,c41d37dc-ae5f-4578-853a-172e98e003f0,EMIT,ACK,961,36,""
5665.208,receiver,c41d37dc-ae5f-4578-853a-172e98e003f0,RECEIVE,DATA,962,1060,""
5665.212,receiver,c41d37dc-ae5f-4578-853a-172e98e003f0,ACCEPT_DATA,DATA,962,1024,"unique file bytes received"
5665.215,receiver,c41d37dc-ae5f-4578-853a-172e98e003f0,SEND,ACK,962,36,""
5665.223,receiver,c41d37dc-ae5f-4578-853a-172e98e003f0,EMIT,ACK,962,36,""
5665.228,receiver,c41d37dc-ae5f-4578-853a-172e98e003f0,RECEIVE,DATA,963,1060,""
5665.231,receiver,c41d37dc-ae5f-4578-853a-172e98e003f0,ACCEPT_DATA,DATA,963,1024,"unique file bytes received"
5665.235,receiver,c41d37dc-ae5f-4578-853a-172e98e003f0,SEND,ACK,963,36,""
5665.243,receiver,c41d37dc-ae5f-4578-853a-172e98e003f0,EMIT,ACK,963,36,""
5665.248,receiver,c41d37dc-ae5f-4578-853a-172e98e003f0,RECEIVE,DATA,964,1060,""
5665.251,receiver,c41d37dc-ae5f-4578-853a-172e98e003f0,ACCEPT_DATA,DATA,964,1024,"unique file bytes received"
5665.254,receiver,c41d37dc-ae5f-4578-853a-172e98e003f0,SEND,ACK,964,36,""
5665.261,receiver,c41d37dc-ae5f-4578-853a-172e98e003f0,EMIT,ACK,964,36,""
5665.266,receiver,c41d37dc-ae5f-4578-853a-172e98e003f0,RECEIVE,DATA,965,1060,""
5665.269,receiver,c41d37dc-ae5f-4578-853a-172e98e003f0,ACCEPT_DATA,DATA,965,1024,"unique file bytes received"
5665.272,receiver,c41d37dc-ae5f-4578-853a-172e98e003f0,SEND,ACK,965,36,""
5665.280,receiver,c41d37dc-ae5f-4578-853a-172e98e003f0,EMIT,ACK,965,36,""
5665.285,receiver,c41d37dc-ae5f-4578-853a-172e98e003f0,RECEIVE,DATA,966,1060,""
5665.288,receiver,c41d37dc-ae5f-4578-853a-172e98e003f0,ACCEPT_DATA,DATA,966,1024,"unique file bytes received"
5665.291,receiver,c41d37dc-ae5f-4578-853a-172e98e003f0,SEND,ACK,966,36,""
5665.312,receiver,c41d37dc-ae5f-4578-853a-172e98e003f0,EMIT,ACK,966,36,""
5665.317,receiver,c41d37dc-ae5f-4578-853a-172e98e003f0,RECEIVE,DATA,967,1060,""
5665.321,receiver,c41d37dc-ae5f-4578-853a-172e98e003f0,ACCEPT_DATA,DATA,967,1024,"unique file bytes received"
5665.324,receiver,c41d37dc-ae5f-4578-853a-172e98e003f0,SEND,ACK,967,36,""
5665.331,receiver,c41d37dc-ae5f-4578-853a-172e98e003f0,EMIT,ACK,967,36,""
5665.337,receiver,c41d37dc-ae5f-4578-853a-172e98e003f0,RECEIVE,DATA,968,1060,""
5665.340,receiver,c41d37dc-ae5f-4578-853a-172e98e003f0,ACCEPT_DATA,DATA,968,1024,"unique file bytes received"
5665.342,receiver,c41d37dc-ae5f-4578-853a-172e98e003f0,SEND,ACK,968,36,""
5665.351,receiver,c41d37dc-ae5f-4578-853a-172e98e003f0,EMIT,ACK,968,36,""
5665.356,receiver,c41d37dc-ae5f-4578-853a-172e98e003f0,RECEIVE,DATA,969,1060,""
5665.359,receiver,c41d37dc-ae5f-4578-853a-172e98e003f0,ACCEPT_DATA,DATA,969,1024,"unique file bytes received"
5665.362,receiver,c41d37dc-ae5f-4578-853a-172e98e003f0,SEND,ACK,969,36,""
5665.369,receiver,c41d37dc-ae5f-4578-853a-172e98e003f0,EMIT,ACK,969,36,""
5665.375,receiver,c41d37dc-ae5f-4578-853a-172e98e003f0,RECEIVE,DATA,971,1060,""
5665.378,receiver,c41d37dc-ae5f-4578-853a-172e98e003f0,OUT_OF_ORDER,DATA,971,0,"arrived before missing sequence=970"
5665.381,receiver,c41d37dc-ae5f-4578-853a-172e98e003f0,ACCEPT_DATA,DATA,971,1024,"unique file bytes received"
5665.384,receiver,c41d37dc-ae5f-4578-853a-172e98e003f0,SEND,ACK,971,36,""
5665.392,receiver,c41d37dc-ae5f-4578-853a-172e98e003f0,EMIT,ACK,971,36,""
5665.398,receiver,c41d37dc-ae5f-4578-853a-172e98e003f0,RECEIVE,DATA,972,1060,""
5665.401,receiver,c41d37dc-ae5f-4578-853a-172e98e003f0,OUT_OF_ORDER,DATA,972,0,"arrived before missing sequence=970"
5665.404,receiver,c41d37dc-ae5f-4578-853a-172e98e003f0,ACCEPT_DATA,DATA,972,1024,"unique file bytes received"
5665.407,receiver,c41d37dc-ae5f-4578-853a-172e98e003f0,SEND,ACK,972,36,""
5665.414,receiver,c41d37dc-ae5f-4578-853a-172e98e003f0,EMIT,ACK,972,36,""
5665.420,receiver,c41d37dc-ae5f-4578-853a-172e98e003f0,RECEIVE,DATA,973,1060,""
5665.423,receiver,c41d37dc-ae5f-4578-853a-172e98e003f0,OUT_OF_ORDER,DATA,973,0,"arrived before missing sequence=970"
5665.425,receiver,c41d37dc-ae5f-4578-853a-172e98e003f0,ACCEPT_DATA,DATA,973,1024,"unique file bytes received"
5665.428,receiver,c41d37dc-ae5f-4578-853a-172e98e003f0,SEND,ACK,973,36,""
5665.436,receiver,c41d37dc-ae5f-4578-853a-172e98e003f0,EMIT,ACK,973,36,""
5665.442,receiver,c41d37dc-ae5f-4578-853a-172e98e003f0,RECEIVE,DATA,974,1060,""
5665.457,receiver,c41d37dc-ae5f-4578-853a-172e98e003f0,OUT_OF_ORDER,DATA,974,0,"arrived before missing sequence=970"
5665.460,receiver,c41d37dc-ae5f-4578-853a-172e98e003f0,ACCEPT_DATA,DATA,974,1024,"unique file bytes received"
5665.462,receiver,c41d37dc-ae5f-4578-853a-172e98e003f0,SEND,ACK,974,36,""
5665.470,receiver,c41d37dc-ae5f-4578-853a-172e98e003f0,EMIT,ACK,974,36,""
5665.476,receiver,c41d37dc-ae5f-4578-853a-172e98e003f0,RECEIVE,DATA,975,1060,""
5665.479,receiver,c41d37dc-ae5f-4578-853a-172e98e003f0,OUT_OF_ORDER,DATA,975,0,"arrived before missing sequence=970"
5665.481,receiver,c41d37dc-ae5f-4578-853a-172e98e003f0,ACCEPT_DATA,DATA,975,1024,"unique file bytes received"
5665.484,receiver,c41d37dc-ae5f-4578-853a-172e98e003f0,SEND,ACK,975,36,""
5665.492,receiver,c41d37dc-ae5f-4578-853a-172e98e003f0,EMIT,ACK,975,36,""
5665.498,receiver,c41d37dc-ae5f-4578-853a-172e98e003f0,RECEIVE,DATA,977,1060,""
5665.501,receiver,c41d37dc-ae5f-4578-853a-172e98e003f0,OUT_OF_ORDER,DATA,977,0,"arrived before missing sequence=970"
5665.504,receiver,c41d37dc-ae5f-4578-853a-172e98e003f0,ACCEPT_DATA,DATA,977,1024,"unique file bytes received"
5665.507,receiver,c41d37dc-ae5f-4578-853a-172e98e003f0,SEND,ACK,977,36,""
5665.526,receiver,c41d37dc-ae5f-4578-853a-172e98e003f0,EMIT,ACK,977,36,""
5665.532,receiver,c41d37dc-ae5f-4578-853a-172e98e003f0,RECEIVE,DATA,979,1060,""
5665.536,receiver,c41d37dc-ae5f-4578-853a-172e98e003f0,OUT_OF_ORDER,DATA,979,0,"arrived before missing sequence=970"
5665.538,receiver,c41d37dc-ae5f-4578-853a-172e98e003f0,ACCEPT_DATA,DATA,979,1024,"unique file bytes received"
5665.541,receiver,c41d37dc-ae5f-4578-853a-172e98e003f0,SEND,ACK,979,36,""
5665.550,receiver,c41d37dc-ae5f-4578-853a-172e98e003f0,EMIT,ACK,979,36,""
5665.557,receiver,c41d37dc-ae5f-4578-853a-172e98e003f0,RECEIVE,DATA,980,1060,""
5665.560,receiver,c41d37dc-ae5f-4578-853a-172e98e003f0,OUT_OF_ORDER,DATA,980,0,"arrived before missing sequence=970"
5665.563,receiver,c41d37dc-ae5f-4578-853a-172e98e003f0,ACCEPT_DATA,DATA,980,1024,"unique file bytes received"
5665.566,receiver,c41d37dc-ae5f-4578-853a-172e98e003f0,SEND,ACK,980,36,""
5665.578,receiver,c41d37dc-ae5f-4578-853a-172e98e003f0,EMIT,ACK,980,36,""
5665.584,receiver,c41d37dc-ae5f-4578-853a-172e98e003f0,RECEIVE,DATA,981,1060,""
5665.587,receiver,c41d37dc-ae5f-4578-853a-172e98e003f0,OUT_OF_ORDER,DATA,981,0,"arrived before missing sequence=970"
5665.590,receiver,c41d37dc-ae5f-4578-853a-172e98e003f0,ACCEPT_DATA,DATA,981,1024,"unique file bytes received"
5665.593,receiver,c41d37dc-ae5f-4578-853a-172e98e003f0,SEND,ACK,981,36,""
5665.597,receiver,c41d37dc-ae5f-4578-853a-172e98e003f0,DROP,ACK,981,36,"random shim loss"
5665.603,receiver,c41d37dc-ae5f-4578-853a-172e98e003f0,RECEIVE,DATA,982,1060,""
5665.607,receiver,c41d37dc-ae5f-4578-853a-172e98e003f0,OUT_OF_ORDER,DATA,982,0,"arrived before missing sequence=970"
5665.610,receiver,c41d37dc-ae5f-4578-853a-172e98e003f0,ACCEPT_DATA,DATA,982,1024,"unique file bytes received"
5665.613,receiver,c41d37dc-ae5f-4578-853a-172e98e003f0,SEND,ACK,982,36,""
5665.623,receiver,c41d37dc-ae5f-4578-853a-172e98e003f0,EMIT,ACK,982,36,""
5665.630,receiver,c41d37dc-ae5f-4578-853a-172e98e003f0,RECEIVE,DATA,983,1060,""
5665.633,receiver,c41d37dc-ae5f-4578-853a-172e98e003f0,OUT_OF_ORDER,DATA,983,0,"arrived before missing sequence=970"
5665.647,receiver,c41d37dc-ae5f-4578-853a-172e98e003f0,ACCEPT_DATA,DATA,983,1024,"unique file bytes received"
5665.650,receiver,c41d37dc-ae5f-4578-853a-172e98e003f0,SEND,ACK,983,36,""
5665.664,receiver,c41d37dc-ae5f-4578-853a-172e98e003f0,EMIT,ACK,983,36,""
5665.669,receiver,c41d37dc-ae5f-4578-853a-172e98e003f0,RECEIVE,DATA,984,1060,""
5665.672,receiver,c41d37dc-ae5f-4578-853a-172e98e003f0,OUT_OF_ORDER,DATA,984,0,"arrived before missing sequence=970"
5665.675,receiver,c41d37dc-ae5f-4578-853a-172e98e003f0,ACCEPT_DATA,DATA,984,1024,"unique file bytes received"
5665.678,receiver,c41d37dc-ae5f-4578-853a-172e98e003f0,SEND,ACK,984,36,""
5665.686,receiver,c41d37dc-ae5f-4578-853a-172e98e003f0,EMIT,ACK,984,36,""
5665.691,receiver,c41d37dc-ae5f-4578-853a-172e98e003f0,RECEIVE,DATA,985,1060,""
5665.694,receiver,c41d37dc-ae5f-4578-853a-172e98e003f0,OUT_OF_ORDER,DATA,985,0,"arrived before missing sequence=970"
5665.697,receiver,c41d37dc-ae5f-4578-853a-172e98e003f0,ACCEPT_DATA,DATA,985,1024,"unique file bytes received"
5665.700,receiver,c41d37dc-ae5f-4578-853a-172e98e003f0,SEND,ACK,985,36,""
5665.708,receiver,c41d37dc-ae5f-4578-853a-172e98e003f0,EMIT,ACK,985,36,""
5665.713,receiver,c41d37dc-ae5f-4578-853a-172e98e003f0,RECEIVE,DATA,986,1060,""
5665.716,receiver,c41d37dc-ae5f-4578-853a-172e98e003f0,OUT_OF_ORDER,DATA,986,0,"arrived before missing sequence=970"
5665.721,receiver,c41d37dc-ae5f-4578-853a-172e98e003f0,ACCEPT_DATA,DATA,986,1024,"unique file bytes received"
5665.734,receiver,c41d37dc-ae5f-4578-853a-172e98e003f0,SEND,ACK,986,36,""
5665.742,receiver,c41d37dc-ae5f-4578-853a-172e98e003f0,EMIT,ACK,986,36,""
5665.748,receiver,c41d37dc-ae5f-4578-853a-172e98e003f0,RECEIVE,DATA,987,1060,""
5665.751,receiver,c41d37dc-ae5f-4578-853a-172e98e003f0,OUT_OF_ORDER,DATA,987,0,"arrived before missing sequence=970"
5665.754,receiver,c41d37dc-ae5f-4578-853a-172e98e003f0,ACCEPT_DATA,DATA,987,1024,"unique file bytes received"
5665.757,receiver,c41d37dc-ae5f-4578-853a-172e98e003f0,SEND,ACK,987,36,""
5665.765,receiver,c41d37dc-ae5f-4578-853a-172e98e003f0,EMIT,ACK,987,36,""
5665.771,receiver,c41d37dc-ae5f-4578-853a-172e98e003f0,RECEIVE,DATA,988,1060,""
5665.774,receiver,c41d37dc-ae5f-4578-853a-172e98e003f0,OUT_OF_ORDER,DATA,988,0,"arrived before missing sequence=970"
5665.776,receiver,c41d37dc-ae5f-4578-853a-172e98e003f0,ACCEPT_DATA,DATA,988,1024,"unique file bytes received"
5665.779,receiver,c41d37dc-ae5f-4578-853a-172e98e003f0,SEND,ACK,988,36,""
5665.787,receiver,c41d37dc-ae5f-4578-853a-172e98e003f0,EMIT,ACK,988,36,""
5665.793,receiver,c41d37dc-ae5f-4578-853a-172e98e003f0,RECEIVE,DATA,989,1060,""
5665.796,receiver,c41d37dc-ae5f-4578-853a-172e98e003f0,OUT_OF_ORDER,DATA,989,0,"arrived before missing sequence=970"
5665.799,receiver,c41d37dc-ae5f-4578-853a-172e98e003f0,ACCEPT_DATA,DATA,989,1024,"unique file bytes received"
5665.801,receiver,c41d37dc-ae5f-4578-853a-172e98e003f0,SEND,ACK,989,36,""
5665.813,receiver,c41d37dc-ae5f-4578-853a-172e98e003f0,EMIT,ACK,989,36,""
5665.818,receiver,c41d37dc-ae5f-4578-853a-172e98e003f0,RECEIVE,DATA,990,1060,""
5665.823,receiver,c41d37dc-ae5f-4578-853a-172e98e003f0,OUT_OF_ORDER,DATA,990,0,"arrived before missing sequence=970"
5665.826,receiver,c41d37dc-ae5f-4578-853a-172e98e003f0,ACCEPT_DATA,DATA,990,1024,"unique file bytes received"
5665.828,receiver,c41d37dc-ae5f-4578-853a-172e98e003f0,SEND,ACK,990,36,""
5665.835,receiver,c41d37dc-ae5f-4578-853a-172e98e003f0,EMIT,ACK,990,36,""
5665.840,receiver,c41d37dc-ae5f-4578-853a-172e98e003f0,RECEIVE,DATA,991,1060,""
5665.843,receiver,c41d37dc-ae5f-4578-853a-172e98e003f0,OUT_OF_ORDER,DATA,991,0,"arrived before missing sequence=970"
5665.846,receiver,c41d37dc-ae5f-4578-853a-172e98e003f0,ACCEPT_DATA,DATA,991,1024,"unique file bytes received"
5665.848,receiver,c41d37dc-ae5f-4578-853a-172e98e003f0,SEND,ACK,991,36,""
5665.850,receiver,c41d37dc-ae5f-4578-853a-172e98e003f0,DROP,ACK,991,36,"random shim loss"
5665.870,receiver,c41d37dc-ae5f-4578-853a-172e98e003f0,RECEIVE,DATA,993,1060,""
5665.873,receiver,c41d37dc-ae5f-4578-853a-172e98e003f0,OUT_OF_ORDER,DATA,993,0,"arrived before missing sequence=970"
5665.875,receiver,c41d37dc-ae5f-4578-853a-172e98e003f0,ACCEPT_DATA,DATA,993,1024,"unique file bytes received"
5665.878,receiver,c41d37dc-ae5f-4578-853a-172e98e003f0,SEND,ACK,993,36,""
5665.892,receiver,c41d37dc-ae5f-4578-853a-172e98e003f0,EMIT,ACK,993,36,""
5665.899,receiver,c41d37dc-ae5f-4578-853a-172e98e003f0,RECEIVE,DATA,994,1060,""
5665.902,receiver,c41d37dc-ae5f-4578-853a-172e98e003f0,OUT_OF_ORDER,DATA,994,0,"arrived before missing sequence=970"
5665.904,receiver,c41d37dc-ae5f-4578-853a-172e98e003f0,ACCEPT_DATA,DATA,994,1024,"unique file bytes received"
5665.906,receiver,c41d37dc-ae5f-4578-853a-172e98e003f0,SEND,ACK,994,36,""
5665.915,receiver,c41d37dc-ae5f-4578-853a-172e98e003f0,EMIT,ACK,994,36,""
5665.920,receiver,c41d37dc-ae5f-4578-853a-172e98e003f0,RECEIVE,DATA,995,1060,""
5665.923,receiver,c41d37dc-ae5f-4578-853a-172e98e003f0,OUT_OF_ORDER,DATA,995,0,"arrived before missing sequence=970"
5665.926,receiver,c41d37dc-ae5f-4578-853a-172e98e003f0,ACCEPT_DATA,DATA,995,1024,"unique file bytes received"
5665.928,receiver,c41d37dc-ae5f-4578-853a-172e98e003f0,SEND,ACK,995,36,""
5665.936,receiver,c41d37dc-ae5f-4578-853a-172e98e003f0,EMIT,ACK,995,36,""
5665.941,receiver,c41d37dc-ae5f-4578-853a-172e98e003f0,RECEIVE,DATA,996,1060,""
5665.944,receiver,c41d37dc-ae5f-4578-853a-172e98e003f0,OUT_OF_ORDER,DATA,996,0,"arrived before missing sequence=970"
5665.946,receiver,c41d37dc-ae5f-4578-853a-172e98e003f0,ACCEPT_DATA,DATA,996,1024,"unique file bytes received"
5665.949,receiver,c41d37dc-ae5f-4578-853a-172e98e003f0,SEND,ACK,996,36,""
5665.956,receiver,c41d37dc-ae5f-4578-853a-172e98e003f0,EMIT,ACK,996,36,""
5665.961,receiver,c41d37dc-ae5f-4578-853a-172e98e003f0,RECEIVE,DATA,997,1060,""
5665.964,receiver,c41d37dc-ae5f-4578-853a-172e98e003f0,OUT_OF_ORDER,DATA,997,0,"arrived before missing sequence=970"
5665.966,receiver,c41d37dc-ae5f-4578-853a-172e98e003f0,ACCEPT_DATA,DATA,997,1024,"unique file bytes received"
5665.969,receiver,c41d37dc-ae5f-4578-853a-172e98e003f0,SEND,ACK,997,36,""
5665.978,receiver,c41d37dc-ae5f-4578-853a-172e98e003f0,EMIT,ACK,997,36,""
5665.982,receiver,c41d37dc-ae5f-4578-853a-172e98e003f0,RECEIVE,DATA,998,1060,""
5665.985,receiver,c41d37dc-ae5f-4578-853a-172e98e003f0,OUT_OF_ORDER,DATA,998,0,"arrived before missing sequence=970"
5665.988,receiver,c41d37dc-ae5f-4578-853a-172e98e003f0,ACCEPT_DATA,DATA,998,1024,"unique file bytes received"
5665.990,receiver,c41d37dc-ae5f-4578-853a-172e98e003f0,SEND,ACK,998,36,""
5665.998,receiver,c41d37dc-ae5f-4578-853a-172e98e003f0,EMIT,ACK,998,36,""
5666.003,receiver,c41d37dc-ae5f-4578-853a-172e98e003f0,RECEIVE,DATA,999,1060,""
5666.026,receiver,c41d37dc-ae5f-4578-853a-172e98e003f0,OUT_OF_ORDER,DATA,999,0,"arrived before missing sequence=970"
5666.029,receiver,c41d37dc-ae5f-4578-853a-172e98e003f0,ACCEPT_DATA,DATA,999,1024,"unique file bytes received"
5666.031,receiver,c41d37dc-ae5f-4578-853a-172e98e003f0,SEND,ACK,999,36,""
5666.039,receiver,c41d37dc-ae5f-4578-853a-172e98e003f0,EMIT,ACK,999,36,""
5666.044,receiver,c41d37dc-ae5f-4578-853a-172e98e003f0,RECEIVE,DATA,1000,1060,""
5666.047,receiver,c41d37dc-ae5f-4578-853a-172e98e003f0,OUT_OF_ORDER,DATA,1000,0,"arrived before missing sequence=970"
5666.049,receiver,c41d37dc-ae5f-4578-853a-172e98e003f0,ACCEPT_DATA,DATA,1000,1024,"unique file bytes received"
5666.051,receiver,c41d37dc-ae5f-4578-853a-172e98e003f0,SEND,ACK,1000,36,""
5666.059,receiver,c41d37dc-ae5f-4578-853a-172e98e003f0,EMIT,ACK,1000,36,""
5666.064,receiver,c41d37dc-ae5f-4578-853a-172e98e003f0,RECEIVE,DATA,1001,1060,""
5666.067,receiver,c41d37dc-ae5f-4578-853a-172e98e003f0,OUT_OF_ORDER,DATA,1001,0,"arrived before missing sequence=970"
5666.069,receiver,c41d37dc-ae5f-4578-853a-172e98e003f0,ACCEPT_DATA,DATA,1001,1024,"unique file bytes received"
5666.071,receiver,c41d37dc-ae5f-4578-853a-172e98e003f0,SEND,ACK,1001,36,""
5666.078,receiver,c41d37dc-ae5f-4578-853a-172e98e003f0,EMIT,ACK,1001,36,""
5930.805,receiver,c41d37dc-ae5f-4578-853a-172e98e003f0,RECEIVE,DATA,970,1060,""
5930.944,receiver,c41d37dc-ae5f-4578-853a-172e98e003f0,ACCEPT_DATA,DATA,970,1024,"unique file bytes received"
5930.956,receiver,c41d37dc-ae5f-4578-853a-172e98e003f0,SEND,ACK,970,36,""
5931.043,receiver,c41d37dc-ae5f-4578-853a-172e98e003f0,EMIT,ACK,970,36,""
5931.087,receiver,c41d37dc-ae5f-4578-853a-172e98e003f0,RECEIVE,DATA,976,1060,""
5931.098,receiver,c41d37dc-ae5f-4578-853a-172e98e003f0,ACCEPT_DATA,DATA,976,1024,"unique file bytes received"
5931.106,receiver,c41d37dc-ae5f-4578-853a-172e98e003f0,SEND,ACK,976,36,""
5931.140,receiver,c41d37dc-ae5f-4578-853a-172e98e003f0,EMIT,ACK,976,36,""
5931.165,receiver,c41d37dc-ae5f-4578-853a-172e98e003f0,RECEIVE,DATA,978,1060,""
5931.176,receiver,c41d37dc-ae5f-4578-853a-172e98e003f0,ACCEPT_DATA,DATA,978,1024,"unique file bytes received"
5931.184,receiver,c41d37dc-ae5f-4578-853a-172e98e003f0,SEND,ACK,978,36,""
5931.212,receiver,c41d37dc-ae5f-4578-853a-172e98e003f0,EMIT,ACK,978,36,""
5931.243,receiver,c41d37dc-ae5f-4578-853a-172e98e003f0,RECEIVE,DATA,981,1060,""
5931.252,receiver,c41d37dc-ae5f-4578-853a-172e98e003f0,DUPLICATE,DATA,981,0,"duplicate DATA; acknowledge without writing twice"
5931.260,receiver,c41d37dc-ae5f-4578-853a-172e98e003f0,SEND,ACK,981,36,""
5931.289,receiver,c41d37dc-ae5f-4578-853a-172e98e003f0,EMIT,ACK,981,36,""
5931.311,receiver,c41d37dc-ae5f-4578-853a-172e98e003f0,RECEIVE,DATA,991,1060,""
5931.321,receiver,c41d37dc-ae5f-4578-853a-172e98e003f0,DUPLICATE,DATA,991,0,"duplicate DATA; acknowledge without writing twice"
5931.339,receiver,c41d37dc-ae5f-4578-853a-172e98e003f0,SEND,ACK,991,36,""
5931.366,receiver,c41d37dc-ae5f-4578-853a-172e98e003f0,EMIT,ACK,991,36,""
5931.388,receiver,c41d37dc-ae5f-4578-853a-172e98e003f0,RECEIVE,DATA,992,1060,""
5931.397,receiver,c41d37dc-ae5f-4578-853a-172e98e003f0,ACCEPT_DATA,DATA,992,1024,"unique file bytes received"
5931.405,receiver,c41d37dc-ae5f-4578-853a-172e98e003f0,SEND,ACK,992,36,""
5931.433,receiver,c41d37dc-ae5f-4578-853a-172e98e003f0,EMIT,ACK,992,36,""
5931.454,receiver,c41d37dc-ae5f-4578-853a-172e98e003f0,RECEIVE,DATA,1002,1060,""
5931.464,receiver,c41d37dc-ae5f-4578-853a-172e98e003f0,ACCEPT_DATA,DATA,1002,1024,"unique file bytes received"
5931.471,receiver,c41d37dc-ae5f-4578-853a-172e98e003f0,SEND,ACK,1002,36,""
5931.499,receiver,c41d37dc-ae5f-4578-853a-172e98e003f0,EMIT,ACK,1002,36,""
5931.520,receiver,c41d37dc-ae5f-4578-853a-172e98e003f0,RECEIVE,DATA,1003,1060,""
5931.529,receiver,c41d37dc-ae5f-4578-853a-172e98e003f0,ACCEPT_DATA,DATA,1003,1024,"unique file bytes received"
5931.537,receiver,c41d37dc-ae5f-4578-853a-172e98e003f0,SEND,ACK,1003,36,""
5931.573,receiver,c41d37dc-ae5f-4578-853a-172e98e003f0,EMIT,ACK,1003,36,""
5931.594,receiver,c41d37dc-ae5f-4578-853a-172e98e003f0,RECEIVE,DATA,1005,1060,""
5931.604,receiver,c41d37dc-ae5f-4578-853a-172e98e003f0,OUT_OF_ORDER,DATA,1005,0,"arrived before missing sequence=1004"
5931.611,receiver,c41d37dc-ae5f-4578-853a-172e98e003f0,ACCEPT_DATA,DATA,1005,1024,"unique file bytes received"
5931.618,receiver,c41d37dc-ae5f-4578-853a-172e98e003f0,SEND,ACK,1005,36,""
5931.656,receiver,c41d37dc-ae5f-4578-853a-172e98e003f0,EMIT,ACK,1005,36,""
5931.682,receiver,c41d37dc-ae5f-4578-853a-172e98e003f0,RECEIVE,DATA,1006,1060,""
5931.692,receiver,c41d37dc-ae5f-4578-853a-172e98e003f0,OUT_OF_ORDER,DATA,1006,0,"arrived before missing sequence=1004"
5931.699,receiver,c41d37dc-ae5f-4578-853a-172e98e003f0,ACCEPT_DATA,DATA,1006,1024,"unique file bytes received"
5931.714,receiver,c41d37dc-ae5f-4578-853a-172e98e003f0,SEND,ACK,1006,36,""
5931.759,receiver,c41d37dc-ae5f-4578-853a-172e98e003f0,EMIT,ACK,1006,36,""
5931.782,receiver,c41d37dc-ae5f-4578-853a-172e98e003f0,RECEIVE,DATA,1007,1060,""
5931.832,receiver,c41d37dc-ae5f-4578-853a-172e98e003f0,OUT_OF_ORDER,DATA,1007,0,"arrived before missing sequence=1004"
5931.835,receiver,c41d37dc-ae5f-4578-853a-172e98e003f0,ACCEPT_DATA,DATA,1007,1024,"unique file bytes received"
5931.838,receiver,c41d37dc-ae5f-4578-853a-172e98e003f0,SEND,ACK,1007,36,""
5931.894,receiver,c41d37dc-ae5f-4578-853a-172e98e003f0,EMIT,ACK,1007,36,""
5931.910,receiver,c41d37dc-ae5f-4578-853a-172e98e003f0,RECEIVE,DATA,1008,1060,""
5931.914,receiver,c41d37dc-ae5f-4578-853a-172e98e003f0,OUT_OF_ORDER,DATA,1008,0,"arrived before missing sequence=1004"
5931.917,receiver,c41d37dc-ae5f-4578-853a-172e98e003f0,ACCEPT_DATA,DATA,1008,1024,"unique file bytes received"
5931.920,receiver,c41d37dc-ae5f-4578-853a-172e98e003f0,SEND,ACK,1008,36,""
5931.929,receiver,c41d37dc-ae5f-4578-853a-172e98e003f0,EMIT,ACK,1008,36,""
5931.945,receiver,c41d37dc-ae5f-4578-853a-172e98e003f0,RECEIVE,DATA,1009,1060,""
5931.948,receiver,c41d37dc-ae5f-4578-853a-172e98e003f0,OUT_OF_ORDER,DATA,1009,0,"arrived before missing sequence=1004"
5931.950,receiver,c41d37dc-ae5f-4578-853a-172e98e003f0,ACCEPT_DATA,DATA,1009,1024,"unique file bytes received"
5931.953,receiver,c41d37dc-ae5f-4578-853a-172e98e003f0,SEND,ACK,1009,36,""
5931.961,receiver,c41d37dc-ae5f-4578-853a-172e98e003f0,EMIT,ACK,1009,36,""
5931.967,receiver,c41d37dc-ae5f-4578-853a-172e98e003f0,RECEIVE,DATA,1010,1060,""
5931.970,receiver,c41d37dc-ae5f-4578-853a-172e98e003f0,OUT_OF_ORDER,DATA,1010,0,"arrived before missing sequence=1004"
5931.972,receiver,c41d37dc-ae5f-4578-853a-172e98e003f0,ACCEPT_DATA,DATA,1010,1024,"unique file bytes received"
5931.975,receiver,c41d37dc-ae5f-4578-853a-172e98e003f0,SEND,ACK,1010,36,""
5931.982,receiver,c41d37dc-ae5f-4578-853a-172e98e003f0,EMIT,ACK,1010,36,""
5931.993,receiver,c41d37dc-ae5f-4578-853a-172e98e003f0,RECEIVE,DATA,1011,1060,""
5931.996,receiver,c41d37dc-ae5f-4578-853a-172e98e003f0,OUT_OF_ORDER,DATA,1011,0,"arrived before missing sequence=1004"
5931.998,receiver,c41d37dc-ae5f-4578-853a-172e98e003f0,ACCEPT_DATA,DATA,1011,1024,"unique file bytes received"
5932.001,receiver,c41d37dc-ae5f-4578-853a-172e98e003f0,SEND,ACK,1011,36,""
5932.009,receiver,c41d37dc-ae5f-4578-853a-172e98e003f0,EMIT,ACK,1011,36,""
5932.014,receiver,c41d37dc-ae5f-4578-853a-172e98e003f0,RECEIVE,DATA,1012,1060,""
5932.017,receiver,c41d37dc-ae5f-4578-853a-172e98e003f0,OUT_OF_ORDER,DATA,1012,0,"arrived before missing sequence=1004"
5932.020,receiver,c41d37dc-ae5f-4578-853a-172e98e003f0,ACCEPT_DATA,DATA,1012,1024,"unique file bytes received"
5932.022,receiver,c41d37dc-ae5f-4578-853a-172e98e003f0,SEND,ACK,1012,36,""
5932.030,receiver,c41d37dc-ae5f-4578-853a-172e98e003f0,EMIT,ACK,1012,36,""
5932.035,receiver,c41d37dc-ae5f-4578-853a-172e98e003f0,RECEIVE,DATA,1013,1060,""
5932.038,receiver,c41d37dc-ae5f-4578-853a-172e98e003f0,OUT_OF_ORDER,DATA,1013,0,"arrived before missing sequence=1004"
5932.041,receiver,c41d37dc-ae5f-4578-853a-172e98e003f0,ACCEPT_DATA,DATA,1013,1024,"unique file bytes received"
5932.044,receiver,c41d37dc-ae5f-4578-853a-172e98e003f0,SEND,ACK,1013,36,""
5932.051,receiver,c41d37dc-ae5f-4578-853a-172e98e003f0,EMIT,ACK,1013,36,""
5932.056,receiver,c41d37dc-ae5f-4578-853a-172e98e003f0,RECEIVE,DATA,1014,1060,""
5932.059,receiver,c41d37dc-ae5f-4578-853a-172e98e003f0,OUT_OF_ORDER,DATA,1014,0,"arrived before missing sequence=1004"
5932.062,receiver,c41d37dc-ae5f-4578-853a-172e98e003f0,ACCEPT_DATA,DATA,1014,1024,"unique file bytes received"
5932.064,receiver,c41d37dc-ae5f-4578-853a-172e98e003f0,SEND,ACK,1014,36,""
5932.071,receiver,c41d37dc-ae5f-4578-853a-172e98e003f0,EMIT,ACK,1014,36,""
5932.077,receiver,c41d37dc-ae5f-4578-853a-172e98e003f0,RECEIVE,DATA,1015,1060,""
5932.080,receiver,c41d37dc-ae5f-4578-853a-172e98e003f0,OUT_OF_ORDER,DATA,1015,0,"arrived before missing sequence=1004"
5932.083,receiver,c41d37dc-ae5f-4578-853a-172e98e003f0,ACCEPT_DATA,DATA,1015,1024,"unique file bytes received"
5932.085,receiver,c41d37dc-ae5f-4578-853a-172e98e003f0,SEND,ACK,1015,36,""
5932.092,receiver,c41d37dc-ae5f-4578-853a-172e98e003f0,EMIT,ACK,1015,36,""
5932.106,receiver,c41d37dc-ae5f-4578-853a-172e98e003f0,RECEIVE,DATA,1016,1060,""
5932.109,receiver,c41d37dc-ae5f-4578-853a-172e98e003f0,OUT_OF_ORDER,DATA,1016,0,"arrived before missing sequence=1004"
5932.111,receiver,c41d37dc-ae5f-4578-853a-172e98e003f0,ACCEPT_DATA,DATA,1016,1024,"unique file bytes received"
5932.114,receiver,c41d37dc-ae5f-4578-853a-172e98e003f0,SEND,ACK,1016,36,""
5932.202,receiver,c41d37dc-ae5f-4578-853a-172e98e003f0,EMIT,ACK,1016,36,""
5932.209,receiver,c41d37dc-ae5f-4578-853a-172e98e003f0,RECEIVE,DATA,1017,1060,""
5932.212,receiver,c41d37dc-ae5f-4578-853a-172e98e003f0,OUT_OF_ORDER,DATA,1017,0,"arrived before missing sequence=1004"
5932.215,receiver,c41d37dc-ae5f-4578-853a-172e98e003f0,ACCEPT_DATA,DATA,1017,1024,"unique file bytes received"
5932.218,receiver,c41d37dc-ae5f-4578-853a-172e98e003f0,SEND,ACK,1017,36,""
5932.225,receiver,c41d37dc-ae5f-4578-853a-172e98e003f0,EMIT,ACK,1017,36,""
5932.231,receiver,c41d37dc-ae5f-4578-853a-172e98e003f0,RECEIVE,DATA,1018,1060,""
5932.234,receiver,c41d37dc-ae5f-4578-853a-172e98e003f0,OUT_OF_ORDER,DATA,1018,0,"arrived before missing sequence=1004"
5932.237,receiver,c41d37dc-ae5f-4578-853a-172e98e003f0,ACCEPT_DATA,DATA,1018,1024,"unique file bytes received"
5932.239,receiver,c41d37dc-ae5f-4578-853a-172e98e003f0,SEND,ACK,1018,36,""
5932.246,receiver,c41d37dc-ae5f-4578-853a-172e98e003f0,EMIT,ACK,1018,36,""
5932.252,receiver,c41d37dc-ae5f-4578-853a-172e98e003f0,RECEIVE,DATA,1019,1060,""
5932.255,receiver,c41d37dc-ae5f-4578-853a-172e98e003f0,OUT_OF_ORDER,DATA,1019,0,"arrived before missing sequence=1004"
5932.257,receiver,c41d37dc-ae5f-4578-853a-172e98e003f0,ACCEPT_DATA,DATA,1019,1024,"unique file bytes received"
5932.260,receiver,c41d37dc-ae5f-4578-853a-172e98e003f0,SEND,ACK,1019,36,""
5932.267,receiver,c41d37dc-ae5f-4578-853a-172e98e003f0,EMIT,ACK,1019,36,""
5932.273,receiver,c41d37dc-ae5f-4578-853a-172e98e003f0,RECEIVE,DATA,1020,1060,""
5932.276,receiver,c41d37dc-ae5f-4578-853a-172e98e003f0,OUT_OF_ORDER,DATA,1020,0,"arrived before missing sequence=1004"
5932.278,receiver,c41d37dc-ae5f-4578-853a-172e98e003f0,ACCEPT_DATA,DATA,1020,1024,"unique file bytes received"
5932.281,receiver,c41d37dc-ae5f-4578-853a-172e98e003f0,SEND,ACK,1020,36,""
5932.302,receiver,c41d37dc-ae5f-4578-853a-172e98e003f0,EMIT,ACK,1020,36,""
5932.308,receiver,c41d37dc-ae5f-4578-853a-172e98e003f0,RECEIVE,DATA,1021,1060,""
5932.311,receiver,c41d37dc-ae5f-4578-853a-172e98e003f0,OUT_OF_ORDER,DATA,1021,0,"arrived before missing sequence=1004"
5932.314,receiver,c41d37dc-ae5f-4578-853a-172e98e003f0,ACCEPT_DATA,DATA,1021,1024,"unique file bytes received"
5932.316,receiver,c41d37dc-ae5f-4578-853a-172e98e003f0,SEND,ACK,1021,36,""
5932.324,receiver,c41d37dc-ae5f-4578-853a-172e98e003f0,EMIT,ACK,1021,36,""
5932.331,receiver,c41d37dc-ae5f-4578-853a-172e98e003f0,RECEIVE,DATA,1022,1060,""
5932.334,receiver,c41d37dc-ae5f-4578-853a-172e98e003f0,OUT_OF_ORDER,DATA,1022,0,"arrived before missing sequence=1004"
5932.337,receiver,c41d37dc-ae5f-4578-853a-172e98e003f0,ACCEPT_DATA,DATA,1022,1024,"unique file bytes received"
5932.340,receiver,c41d37dc-ae5f-4578-853a-172e98e003f0,SEND,ACK,1022,36,""
5932.349,receiver,c41d37dc-ae5f-4578-853a-172e98e003f0,EMIT,ACK,1022,36,""
5932.355,receiver,c41d37dc-ae5f-4578-853a-172e98e003f0,RECEIVE,DATA,1023,1060,""
5932.364,receiver,c41d37dc-ae5f-4578-853a-172e98e003f0,OUT_OF_ORDER,DATA,1023,0,"arrived before missing sequence=1004"
5932.367,receiver,c41d37dc-ae5f-4578-853a-172e98e003f0,ACCEPT_DATA,DATA,1023,1024,"unique file bytes received"
5932.369,receiver,c41d37dc-ae5f-4578-853a-172e98e003f0,SEND,ACK,1023,36,""
5932.377,receiver,c41d37dc-ae5f-4578-853a-172e98e003f0,EMIT,ACK,1023,36,""
6447.828,receiver,c41d37dc-ae5f-4578-853a-172e98e003f0,RECEIVE,DATA,1004,1060,""
6447.843,receiver,c41d37dc-ae5f-4578-853a-172e98e003f0,ACCEPT_DATA,DATA,1004,1024,"unique file bytes received"
6447.846,receiver,c41d37dc-ae5f-4578-853a-172e98e003f0,SEND,ACK,1004,36,""
6447.879,receiver,c41d37dc-ae5f-4578-853a-172e98e003f0,EMIT,ACK,1004,36,""
6452.934,receiver,c41d37dc-ae5f-4578-853a-172e98e003f0,RECEIVE,FIN,-1,68,""
6461.074,receiver,,STATE,UNKNOWN,-1,0,"VERIFIED"
6461.088,receiver,c41d37dc-ae5f-4578-853a-172e98e003f0,FILE_VERIFIED,FIN,-1,1048576,"SHA-256=ffec217fb7dfda249f567414fae7a5fdc8b9984c2cadcaf76a6a69154e18c1d2"
6461.705,receiver,c41d37dc-ae5f-4578-853a-172e98e003f0,SEND,DONE,-1,68,""
6461.809,receiver,c41d37dc-ae5f-4578-853a-172e98e003f0,EMIT,DONE,-1,68,""
