elapsed_ms,role,transfer_id,event,type,sequence,bytes,detail
14.999,sender,61786f30-4c75-4147-a29d-ce70f84af3e7,SEND,START,-1,103,""
18.160,sender,61786f30-4c75-4147-a29d-ce70f84af3e7,EMIT,START,-1,103,""
19.790,sender,61786f30-4c75-4147-a29d-ce70f84af3e7,RECEIVE,READY,-1,40,""
19.920,sender,61786f30-4c75-4147-a29d-ce70f84af3e7,ACKNOWLEDGED,READY,-1,0,""
20.467,sender,61786f30-4c75-4147-a29d-ce70f84af3e7,SEND,DATA,0,1060,""
20.614,sender,61786f30-4c75-4147-a29d-ce70f84af3e7,EMIT,DATA,0,1060,""
20.713,sender,61786f30-4c75-4147-a29d-ce70f84af3e7,SEND,DATA,1,1060,""
20.797,sender,61786f30-4c75-4147-a29d-ce70f84af3e7,EMIT,DATA,1,1060,""
21.114,sender,61786f30-4c75-4147-a29d-ce70f84af3e7,SEND,DATA,2,1060,""
21.280,sender,61786f30-4c75-4147-a29d-ce70f84af3e7,EMIT,DATA,2,1060,""
21.359,sender,61786f30-4c75-4147-a29d-ce70f84af3e7,SEND,DATA,3,1060,""
21.441,sender,61786f30-4c75-4147-a29d-ce70f84af3e7,EMIT,DATA,3,1060,""
21.538,sender,61786f30-4c75-4147-a29d-ce70f84af3e7,SEND,DATA,4,1060,""
22.036,sender,61786f30-4c75-4147-a29d-ce70f84af3e7,EMIT,DATA,4,1060,""
22.096,sender,61786f30-4c75-4147-a29d-ce70f84af3e7,SEND,DATA,5,1060,""
22.147,sender,61786f30-4c75-4147-a29d-ce70f84af3e7,EMIT,DATA,5,1060,""
22.201,sender,61786f30-4c75-4147-a29d-ce70f84af3e7,SEND,DATA,6,1060,""
22.248,sender,61786f30-4c75-4147-a29d-ce70f84af3e7,EMIT,DATA,6,1060,""
22.299,sender,61786f30-4c75-4147-a29d-ce70f84af3e7,SEND,DATA,7,1060,""
22.346,sender,61786f30-4c75-4147-a29d-ce70f84af3e7,EMIT,DATA,7,1060,""
22.402,sender,61786f30-4c75-4147-a29d-ce70f84af3e7,SEND,DATA,8,1060,""
22.447,sender,61786f30-4c75-4147-a29d-ce70f84af3e7,EMIT,DATA,8,1060,""
22.495,sender,61786f30-4c75-4147-a29d-ce70f84af3e7,SEND,DATA,9,1060,""
22.542,sender,61786f30-4c75-4147-a29d-ce70f84af3e7,EMIT,DATA,9,1060,""
22.588,sender,61786f30-4c75-4147-a29d-ce70f84af3e7,SEND,DATA,10,1060,""
22.636,sender,61786f30-4c75-4147-a29d-ce70f84af3e7,EMIT,DATA,10,1060,""
22.692,sender,61786f30-4c75-4147-a29d-ce70f84af3e7,SEND,DATA,11,1060,""
22.780,sender,61786f30-4c75-4147-a29d-ce70f84af3e7,EMIT,DATA,11,1060,""
22.832,sender,61786f30-4c75-4147-a29d-ce70f84af3e7,SEND,DATA,12,1060,""
22.891,sender,61786f30-4c75-4147-a29d-ce70f84af3e7,EMIT,DATA,12,1060,""
23.045,sender,61786f30-4c75-4147-a29d-ce70f84af3e7,SEND,DATA,13,1060,""
23.157,sender,61786f30-4c75-4147-a29d-ce70f84af3e7,EMIT,DATA,13,1060,""
23.206,sender,61786f30-4c75-4147-a29d-ce70f84af3e7,SEND,DATA,14,1060,""
23.255,sender,61786f30-4c75-4147-a29d-ce70f84af3e7,EMIT,DATA,14,1060,""
23.413,sender,61786f30-4c75-4147-a29d-ce70f84af3e7,SEND,DATA,15,1060,""
23.497,sender,61786f30-4c75-4147-a29d-ce70f84af3e7,EMIT,DATA,15,1060,""
23.548,sender,61786f30-4c75-4147-a29d-ce70f84af3e7,SEND,DATA,16,1060,""
23.615,sender,61786f30-4c75-4147-a29d-ce70f84af3e7,EMIT,DATA,16,1060,""
23.669,sender,61786f30-4c75-4147-a29d-ce70f84af3e7,SEND,DATA,17,1060,""
23.718,sender,61786f30-4c75-4147-a29d-ce70f84af3e7,EMIT,DATA,17,1060,""
23.786,sender,61786f30-4c75-4147-a29d-ce70f84af3e7,SEND,DATA,18,1060,""
23.902,sender,61786f30-4c75-4147-a29d-ce70f84af3e7,EMIT,DATA,18,1060,""
23.977,sender,61786f30-4c75-4147-a29d-ce70f84af3e7,SEND,DATA,19,1060,""
24.033,sender,61786f30-4c75-4147-a29d-ce70f84af3e7,EMIT,DATA,19,1060,""
24.081,sender,61786f30-4c75-4147-a29d-ce70f84af3e7,SEND,DATA,20,1060,""
24.128,sender,61786f30-4c75-4147-a29d-ce70f84af3e7,EMIT,DATA,20,1060,""
24.318,sender,61786f30-4c75-4147-a29d-ce70f84af3e7,SEND,DATA,21,1060,""
24.421,sender,61786f30-4c75-4147-a29d-ce70f84af3e7,EMIT,DATA,21,1060,""
24.484,sender,61786f30-4c75-4147-a29d-ce70f84af3e7,SEND,DATA,22,1060,""
24.533,sender,61786f30-4c75-4147-a29d-ce70f84af3e7,EMIT,DATA,22,1060,""
24.573,sender,61786f30-4c75-4147-a29d-ce70f84af3e7,SEND,DATA,23,1060,""
24.628,sender,61786f30-4c75-4147-a29d-ce70f84af3e7,EMIT,DATA,23,1060,""
24.681,sender,61786f30-4c75-4147-a29d-ce70f84af3e7,SEND,DATA,24,1060,""
24.826,sender,61786f30-4c75-4147-a29d-ce70f84af3e7,EMIT,DATA,24,1060,""
24.871,sender,61786f30-4c75-4147-a29d-ce70f84af3e7,SEND,DATA,25,1060,""
24.912,sender,61786f30-4c75-4147-a29d-ce70f84af3e7,EMIT,DATA,25,1060,""
24.953,sender,61786f30-4c75-4147-a29d-ce70f84af3e7,SEND,DATA,26,1060,""
25.006,sender,61786f30-4c75-4147-a29d-ce70f84af3e7,EMIT,DATA,26,1060,""
25.068,sender,61786f30-4c75-4147-a29d-ce70f84af3e7,SEND,DATA,27,1060,""
25.110,sender,61786f30-4c75-4147-a29d-ce70f84af3e7,EMIT,DATA,27,1060,""
25.150,sender,61786f30-4c75-4147-a29d-ce70f84af3e7,SEND,DATA,28,1060,""
25.289,sender,61786f30-4c75-4147-a29d-ce70f84af3e7,EMIT,DATA,28,1060,""
25.374,sender,61786f30-4c75-4147-a29d-ce70f84af3e7,SEND,DATA,29,1060,""
25.418,sender,61786f30-4c75-4147-a29d-ce70f84af3e7,EMIT,DATA,29,1060,""
25.471,sender,61786f30-4c75-4147-a29d-ce70f84af3e7,SEND,DATA,30,1060,""
25.515,sender,61786f30-4c75-4147-a29d-ce70f84af3e7,EMIT,DATA,30,1060,""
25.552,sender,61786f30-4c75-4147-a29d-ce70f84af3e7,SEND,DATA,31,1060,""
25.592,sender,61786f30-4c75-4147-a29d-ce70f84af3e7,EMIT,DATA,31,1060,""
25.649,sender,61786f30-4c75-4147-a29d-ce70f84af3e7,RECEIVE,ACK,0,36,""
25.703,sender,61786f30-4c75-4147-a29d-ce70f84af3e7,ACKNOWLEDGED,ACK,0,0,""
25.741,sender,61786f30-4c75-4147-a29d-ce70f84af3e7,CONFIRM_DATA,ACK,0,1024,"unique file bytes acknowledged"
25.804,sender,61786f30-4c75-4147-a29d-ce70f84af3e7,RTT_SAMPLE,ACK,0,0,"5.319600"
25.873,sender,61786f30-4c75-4147-a29d-ce70f84af3e7,SEND,DATA,32,1060,""
25.916,sender,61786f30-4c75-4147-a29d-ce70f84af3e7,EMIT,DATA,32,1060,""
25.974,sender,61786f30-4c75-4147-a29d-ce70f84af3e7,RECEIVE,ACK,1,36,""
26.002,sender,61786f30-4c75-4147-a29d-ce70f84af3e7,ACKNOWLEDGED,ACK,1,0,""
26.024,sender,61786f30-4c75-4147-a29d-ce70f84af3e7,CONFIRM_DATA,ACK,1,1024,"unique file bytes acknowledged"
26.061,sender,61786f30-4c75-4147-a29d-ce70f84af3e7,RTT_SAMPLE,ACK,1,0,"5.342900"
26.182,sender,61786f30-4c75-4147-a29d-ce70f84af3e7,SEND,DATA,33,1060,""
26.229,sender,61786f30-4c75-4147-a29d-ce70f84af3e7,EMIT,DATA,33,1060,""
26.283,sender,61786f30-4c75-4147-a29d-ce70f84af3e7,RECEIVE,ACK,2,36,""
26.317,sender,61786f30-4c75-4147-a29d-ce70f84af3e7,ACKNOWLEDGED,ACK,2,0,""
26.343,sender,61786f30-4c75-4147-a29d-ce70f84af3e7,CONFIRM_DATA,ACK,2,1024,"unique file bytes acknowledged"
26.853,sender,61786f30-4c75-4147-a29d-ce70f84af3e7,RTT_SAMPLE,ACK,2,0,"5.278700"
26.967,sender,61786f30-4c75-4147-a29d-ce70f84af3e7,SEND,DATA,34,1060,""
27.178,sender,61786f30-4c75-4147-a29d-ce70f84af3e7,EMIT,DATA,34,1060,""
27.364,sender,61786f30-4c75-4147-a29d-ce70f84af3e7,RECEIVE,ACK,3,36,""
27.441,sender,61786f30-4c75-4147-a29d-ce70f84af3e7,ACKNOWLEDGED,ACK,3,0,""
27.469,sender,61786f30-4c75-4147-a29d-ce70f84af3e7,CONFIRM_DATA,ACK,3,1024,"unique file bytes acknowledged"
27.512,sender,61786f30-4c75-4147-a29d-ce70f84af3e7,RTT_SAMPLE,ACK,3,0,"6.149600"
27.552,sender,61786f30-4c75-4147-a29d-ce70f84af3e7,SEND,DATA,35,1060,""
27.625,sender,61786f30-4c75-4147-a29d-ce70f84af3e7,EMIT,DATA,35,1060,""
27.687,sender,61786f30-4c75-4147-a29d-ce70f84af3e7,RECEIVE,ACK,4,36,""
27.722,sender,61786f30-4c75-4147-a29d-ce70f84af3e7,ACKNOWLEDGED,ACK,4,0,""
27.744,sender,61786f30-4c75-4147-a29d-ce70f84af3e7,CONFIRM_DATA,ACK,4,1024,"unique file bytes acknowledged"
27.776,sender,61786f30-4c75-4147-a29d-ce70f84af3e7,RTT_SAMPLE,ACK,4,0,"6.238300"
27.834,sender,61786f30-4c75-4147-a29d-ce70f84af3e7,SEND,DATA,36,1060,""
27.873,sender,61786f30-4c75-4147-a29d-ce70f84af3e7,EMIT,DATA,36,1060,""
27.916,sender,61786f30-4c75-4147-a29d-ce70f84af3e7,RECEIVE,ACK,5,36,""
27.944,sender,61786f30-4c75-4147-a29d-ce70f84af3e7,ACKNOWLEDGED,ACK,5,0,""
27.965,sender,61786f30-4c75-4147-a29d-ce70f84af3e7,CONFIRM_DATA,ACK,5,1024,"unique file bytes acknowledged"
27.997,sender,61786f30-4c75-4147-a29d-ce70f84af3e7,RTT_SAMPLE,ACK,5,0,"5.900000"
28.041,sender,61786f30-4c75-4147-a29d-ce70f84af3e7,SEND,DATA,37,1060,""
28.103,sender,61786f30-4c75-4147-a29d-ce70f84af3e7,EMIT,DATA,37,1060,""
28.145,sender,61786f30-4c75-4147-a29d-ce70f84af3e7,RECEIVE,ACK,6,36,""
28.174,sender,61786f30-4c75-4147-a29d-ce70f84af3e7,ACKNOWLEDGED,ACK,6,0,""
28.195,sender,61786f30-4c75-4147-a29d-ce70f84af3e7,CONFIRM_DATA,ACK,6,1024,"unique file bytes acknowledged"
28.232,sender,61786f30-4c75-4147-a29d-ce70f84af3e7,RTT_SAMPLE,ACK,6,0,"6.037200"
28.463,sender,61786f30-4c75-4147-a29d-ce70f84af3e7,SEND,DATA,38,1060,""
28.506,sender,61786f30-4c75-4147-a29d-ce70f84af3e7,EMIT,DATA,38,1060,""
28.551,sender,61786f30-4c75-4147-a29d-ce70f84af3e7,RECEIVE,ACK,7,36,""
28.579,sender,61786f30-4c75-4147-a29d-ce70f84af3e7,ACKNOWLEDGED,ACK,7,0,""
28.604,sender,61786f30-4c75-4147-a29d-ce70f84af3e7,CONFIRM_DATA,ACK,7,1024,"unique file bytes acknowledged"
28.664,sender,61786f30-4c75-4147-a29d-ce70f84af3e7,RTT_SAMPLE,ACK,7,0,"6.362200"
28.705,sender,61786f30-4c75-4147-a29d-ce70f84af3e7,SEND,DATA,39,1060,""
28.745,sender,61786f30-4c75-4147-a29d-ce70f84af3e7,EMIT,DATA,39,1060,""
28.788,sender,61786f30-4c75-4147-a29d-ce70f84af3e7,RECEIVE,ACK,8,36,""
28.825,sender,61786f30-4c75-4147-a29d-ce70f84af3e7,ACKNOWLEDGED,ACK,8,0,""
28.847,sender,61786f30-4c75-4147-a29d-ce70f84af3e7,CONFIRM_DATA,ACK,8,1024,"unique file bytes acknowledged"
30.122,sender,61786f30-4c75-4147-a29d-ce70f84af3e7,RTT_SAMPLE,ACK,8,0,"7.708800"
30.195,sender,61786f30-4c75-4147-a29d-ce70f84af3e7,SEND,DATA,40,1060,""
30.303,sender,61786f30-4c75-4147-a29d-ce70f84af3e7,EMIT,DATA,40,1060,""
30.481,sender,61786f30-4c75-4147-a29d-ce70f84af3e7,RECEIVE,ACK,9,36,""
32.454,sender,61786f30-4c75-4147-a29d-ce70f84af3e7,ACKNOWLEDGED,ACK,9,0,""
32.513,sender,61786f30-4c75-4147-a29d-ce70f84af3e7,CONFIRM_DATA,ACK,9,1024,"unique file bytes acknowledged"
32.564,sender,61786f30-4c75-4147-a29d-ce70f84af3e7,RTT_SAMPLE,ACK,9,0,"10.063500"
32.608,sender,61786f30-4c75-4147-a29d-ce70f84af3e7,SEND,DATA,41,1060,""
32.680,sender,61786f30-4c75-4147-a29d-ce70f84af3e7,EMIT,DATA,41,1060,""
32.740,sender,61786f30-4c75-4147-a29d-ce70f84af3e7,RECEIVE,ACK,10,36,""
32.797,sender,61786f30-4c75-4147-a29d-ce70f84af3e7,ACKNOWLEDGED,ACK,10,0,""
32.820,sender,61786f30-4c75-4147-a29d-ce70f84af3e7,CONFIRM_DATA,ACK,10,1024,"unique file bytes acknowledged"
32.853,sender,61786f30-4c75-4147-a29d-ce70f84af3e7,RTT_SAMPLE,ACK,10,0,"10.261800"
32.889,sender,61786f30-4c75-4147-a29d-ce70f84af3e7,SEND,DATA,42,1060,""
32.931,sender,61786f30-4c75-4147-a29d-ce70f84af3e7,EMIT,DATA,42,1060,""
32.979,sender,61786f30-4c75-4147-a29d-ce70f84af3e7,RECEIVE,ACK,11,36,""
33.016,sender,61786f30-4c75-4147-a29d-ce70f84af3e7,ACKNOWLEDGED,ACK,11,0,""
33.042,sender,61786f30-4c75-4147-a29d-ce70f84af3e7,CONFIRM_DATA,ACK,11,1024,"unique file bytes acknowledged"
33.071,sender,61786f30-4c75-4147-a29d-ce70f84af3e7,RTT_SAMPLE,ACK,11,0,"10.377500"
33.104,sender,61786f30-4c75-4147-a29d-ce70f84af3e7,SEND,DATA,43,1060,""
33.155,sender,61786f30-4c75-4147-a29d-ce70f84af3e7,EMIT,DATA,43,1060,""
33.223,sender,61786f30-4c75-4147-a29d-ce70f84af3e7,RECEIVE,ACK,12,36,""
33.248,sender,61786f30-4c75-4147-a29d-ce70f84af3e7,ACKNOWLEDGED,ACK,12,0,""
33.276,sender,61786f30-4c75-4147-a29d-ce70f84af3e7,CONFIRM_DATA,ACK,12,1024,"unique file bytes acknowledged"
33.300,sender,61786f30-4c75-4147-a29d-ce70f84af3e7,RTT_SAMPLE,ACK,12,0,"10.468900"
33.329,sender,61786f30-4c75-4147-a29d-ce70f84af3e7,SEND,DATA,44,1060,""
33.363,sender,61786f30-4c75-4147-a29d-ce70f84af3e7,EMIT,DATA,44,1060,""
33.407,sender,61786f30-4c75-4147-a29d-ce70f84af3e7,RECEIVE,ACK,13,36,""
33.445,sender,61786f30-4c75-4147-a29d-ce70f84af3e7,ACKNOWLEDGED,ACK,13,0,""
33.461,sender,61786f30-4c75-4147-a29d-ce70f84af3e7,CONFIRM_DATA,ACK,13,1024,"unique file bytes acknowledged"
33.486,sender,61786f30-4c75-4147-a29d-ce70f84af3e7,RTT_SAMPLE,ACK,13,0,"10.444400"
33.515,sender,61786f30-4c75-4147-a29d-ce70f84af3e7,SEND,DATA,45,1060,""
33.548,sender,61786f30-4c75-4147-a29d-ce70f84af3e7,EMIT,DATA,45,1060,""
33.588,sender,61786f30-4c75-4147-a29d-ce70f84af3e7,RECEIVE,ACK,14,36,""
33.643,sender,61786f30-4c75-4147-a29d-ce70f84af3e7,ACKNOWLEDGED,ACK,14,0,""
33.673,sender,61786f30-4c75-4147-a29d-ce70f84af3e7,CONFIRM_DATA,ACK,14,1024,"unique file bytes acknowledged"
33.732,sender,61786f30-4c75-4147-a29d-ce70f84af3e7,RTT_SAMPLE,ACK,14,0,"10.518400"
33.769,sender,61786f30-4c75-4147-a29d-ce70f84af3e7,SEND,DATA,46,1060,""
33.824,sender,61786f30-4c75-4147-a29d-ce70f84af3e7,EMIT,DATA,46,1060,""
33.864,sender,61786f30-4c75-4147-a29d-ce70f84af3e7,RECEIVE,ACK,15,36,""
33.889,sender,61786f30-4c75-4147-a29d-ce70f84af3e7,ACKNOWLEDGED,ACK,15,0,""
33.908,sender,61786f30-4c75-4147-a29d-ce70f84af3e7,CONFIRM_DATA,ACK,15,1024,"unique file bytes acknowledged"
33.931,sender,61786f30-4c75-4147-a29d-ce70f84af3e7,RTT_SAMPLE,ACK,15,0,"10.520800"
33.963,sender,61786f30-4c75-4147-a29d-ce70f84af3e7,SEND,DATA,47,1060,""
33.996,sender,61786f30-4c75-4147-a29d-ce70f84af3e7,EMIT,DATA,47,1060,""
34.055,sender,61786f30-4c75-4147-a29d-ce70f84af3e7,RECEIVE,ACK,16,36,""
34.080,sender,61786f30-4c75-4147-a29d-ce70f84af3e7,ACKNOWLEDGED,ACK,16,0,""
34.109,sender,61786f30-4c75-4147-a29d-ce70f84af3e7,CONFIRM_DATA,ACK,16,1024,"unique file bytes acknowledged"
34.131,sender,61786f30-4c75-4147-a29d-ce70f84af3e7,RTT_SAMPLE,ACK,16,0,"10.584900"
34.181,sender,61786f30-4c75-4147-a29d-ce70f84af3e7,SEND,DATA,48,1060,""
34.218,sender,61786f30-4c75-4147-a29d-ce70f84af3e7,EMIT,DATA,48,1060,""
34.267,sender,61786f30-4c75-4147-a29d-ce70f84af3e7,RECEIVE,ACK,17,36,""
34.312,sender,61786f30-4c75-4147-a29d-ce70f84af3e7,ACKNOWLEDGED,ACK,17,0,""
34.330,sender,61786f30-4c75-4147-a29d-ce70f84af3e7,CONFIRM_DATA,ACK,17,1024,"unique file bytes acknowledged"
34.354,sender,61786f30-4c75-4147-a29d-ce70f84af3e7,RTT_SAMPLE,ACK,17,0,"10.687500"
34.389,sender,61786f30-4c75-4147-a29d-ce70f84af3e7,SEND,DATA,49,1060,""
34.450,sender,61786f30-4c75-4147-a29d-ce70f84af3e7,EMIT,DATA,49,1060,""
34.497,sender,61786f30-4c75-4147-a29d-ce70f84af3e7,RECEIVE,ACK,18,36,""
34.521,sender,61786f30-4c75-4147-a29d-ce70f84af3e7,ACKNOWLEDGED,ACK,18,0,""
34.537,sender,61786f30-4c75-4147-a29d-ce70f84af3e7,CONFIRM_DATA,ACK,18,1024,"unique file bytes acknowledged"
34.578,sender,61786f30-4c75-4147-a29d-ce70f84af3e7,RTT_SAMPLE,ACK,18,0,"10.792600"
34.610,sender,61786f30-4c75-4147-a29d-ce70f84af3e7,SEND,DATA,50,1060,""
34.651,sender,61786f30-4c75-4147-a29d-ce70f84af3e7,EMIT,DATA,50,1060,""
34.728,sender,61786f30-4c75-4147-a29d-ce70f84af3e7,RECEIVE,ACK,19,36,""
34.752,sender,61786f30-4c75-4147-a29d-ce70f84af3e7,ACKNOWLEDGED,ACK,19,0,""
34.766,sender,61786f30-4c75-4147-a29d-ce70f84af3e7,CONFIRM_DATA,ACK,19,1024,"unique file bytes acknowledged"
34.785,sender,61786f30-4c75-4147-a29d-ce70f84af3e7,RTT_SAMPLE,ACK,19,0,"10.810600"
34.815,sender,61786f30-4c75-4147-a29d-ce70f84af3e7,SEND,DATA,51,1060,""
34.848,sender,61786f30-4c75-4147-a29d-ce70f84af3e7,EMIT,DATA,51,1060,""
35.322,sender,61786f30-4c75-4147-a29d-ce70f84af3e7,RECEIVE,ACK,20,36,""
35.375,sender,61786f30-4c75-4147-a29d-ce70f84af3e7,ACKNOWLEDGED,ACK,20,0,""
35.969,sender,61786f30-4c75-4147-a29d-ce70f84af3e7,CONFIRM_DATA,ACK,20,1024,"unique file bytes acknowledged"
36.162,sender,61786f30-4c75-4147-a29d-ce70f84af3e7,RTT_SAMPLE,ACK,20,0,"12.063300"
36.213,sender,61786f30-4c75-4147-a29d-ce70f84af3e7,SEND,DATA,52,1060,""
36.284,sender,61786f30-4c75-4147-a29d-ce70f84af3e7,EMIT,DATA,52,1060,""
36.395,sender,61786f30-4c75-4147-a29d-ce70f84af3e7,RECEIVE,ACK,21,36,""
36.419,sender,61786f30-4c75-4147-a29d-ce70f84af3e7,ACKNOWLEDGED,ACK,21,0,""
36.433,sender,61786f30-4c75-4147-a29d-ce70f84af3e7,CONFIRM_DATA,ACK,21,1024,"unique file bytes acknowledged"
36.450,sender,61786f30-4c75-4147-a29d-ce70f84af3e7,RTT_SAMPLE,ACK,21,0,"12.147800"
36.486,sender,61786f30-4c75-4147-a29d-ce70f84af3e7,SEND,DATA,53,1060,""
36.532,sender,61786f30-4c75-4147-a29d-ce70f84af3e7,EMIT,DATA,53,1060,""
36.568,sender,61786f30-4c75-4147-a29d-ce70f84af3e7,RECEIVE,ACK,22,36,""
36.606,sender,61786f30-4c75-4147-a29d-ce70f84af3e7,ACKNOWLEDGED,ACK,22,0,""
36.628,sender,61786f30-4c75-4147-a29d-ce70f84af3e7,CONFIRM_DATA,ACK,22,1024,"unique file bytes acknowledged"
36.658,sender,61786f30-4c75-4147-a29d-ce70f84af3e7,RTT_SAMPLE,ACK,22,0,"12.178200"
36.700,sender,61786f30-4c75-4147-a29d-ce70f84af3e7,SEND,DATA,54,1060,""
36.731,sender,61786f30-4c75-4147-a29d-ce70f84af3e7,EMIT,DATA,54,1060,""
36.765,sender,61786f30-4c75-4147-a29d-ce70f84af3e7,RECEIVE,ACK,23,36,""
36.789,sender,61786f30-4c75-4147-a29d-ce70f84af3e7,ACKNOWLEDGED,ACK,23,0,""
37.156,sender,61786f30-4c75-4147-a29d-ce70f84af3e7,CONFIRM_DATA,ACK,23,1024,"unique file bytes acknowledged"
37.184,sender,61786f30-4c75-4147-a29d-ce70f84af3e7,RTT_SAMPLE,ACK,23,0,"12.613600"
37.218,sender,61786f30-4c75-4147-a29d-ce70f84af3e7,SEND,DATA,55,1060,""
37.281,sender,61786f30-4c75-4147-a29d-ce70f84af3e7,EMIT,DATA,55,1060,""
37.415,sender,61786f30-4c75-4147-a29d-ce70f84af3e7,RECEIVE,ACK,24,36,""
37.472,sender,61786f30-4c75-4147-a29d-ce70f84af3e7,ACKNOWLEDGED,ACK,24,0,""
37.508,sender,61786f30-4c75-4147-a29d-ce70f84af3e7,CONFIRM_DATA,ACK,24,1024,"unique file bytes acknowledged"
37.594,sender,61786f30-4c75-4147-a29d-ce70f84af3e7,RTT_SAMPLE,ACK,24,0,"12.911400"
37.663,sender,61786f30-4c75-4147-a29d-ce70f84af3e7,SEND,DATA,56,1060,""
37.731,sender,61786f30-4c75-4147-a29d-ce70f84af3e7,EMIT,DATA,56,1060,""
37.783,sender,61786f30-4c75-4147-a29d-ce70f84af3e7,RECEIVE,ACK,25,36,""
37.806,sender,61786f30-4c75-4147-a29d-ce70f84af3e7,ACKNOWLEDGED,ACK,25,0,""
37.832,sender,61786f30-4c75-4147-a29d-ce70f84af3e7,CONFIRM_DATA,ACK,25,1024,"unique file bytes acknowledged"
37.859,sender,61786f30-4c75-4147-a29d-ce70f84af3e7,RTT_SAMPLE,ACK,25,0,"12.987600"
38.252,sender,61786f30-4c75-4147-a29d-ce70f84af3e7,SEND,DATA,57,1060,""
38.471,sender,61786f30-4c75-4147-a29d-ce70f84af3e7,EMIT,DATA,57,1060,""
38.585,sender,61786f30-4c75-4147-a29d-ce70f84af3e7,RECEIVE,ACK,26,36,""
38.671,sender,61786f30-4c75-4147-a29d-ce70f84af3e7,ACKNOWLEDGED,ACK,26,0,""
38.756,sender,61786f30-4c75-4147-a29d-ce70f84af3e7,CONFIRM_DATA,ACK,26,1024,"unique file bytes acknowledged"
38.811,sender,61786f30-4c75-4147-a29d-ce70f84af3e7,RTT_SAMPLE,ACK,26,0,"13.852300"
38.904,sender,61786f30-4c75-4147-a29d-ce70f84af3e7,SEND,DATA,58,1060,""
38.964,sender,61786f30-4c75-4147-a29d-ce70f84af3e7,EMIT,DATA,58,1060,""
39.035,sender,61786f30-4c75-4147-a29d-ce70f84af3e7,RECEIVE,ACK,27,36,""
39.068,sender,61786f30-4c75-4147-a29d-ce70f84af3e7,ACKNOWLEDGED,ACK,27,0,""
39.092,sender,61786f30-4c75-4147-a29d-ce70f84af3e7,CONFIRM_DATA,ACK,27,1024,"unique file bytes acknowledged"
39.128,sender,61786f30-4c75-4147-a29d-ce70f84af3e7,RTT_SAMPLE,ACK,27,0,"14.057800"
39.189,sender,61786f30-4c75-4147-a29d-ce70f84af3e7,SEND,DATA,59,1060,""
39.245,sender,61786f30-4c75-4147-a29d-ce70f84af3e7,EMIT,DATA,59,1060,""
39.328,sender,61786f30-4c75-4147-a29d-ce70f84af3e7,RECEIVE,ACK,28,36,""
39.361,sender,61786f30-4c75-4147-a29d-ce70f84af3e7,ACKNOWLEDGED,ACK,28,0,""
39.399,sender,61786f30-4c75-4147-a29d-ce70f84af3e7,CONFIRM_DATA,ACK,28,1024,"unique file bytes acknowledged"
39.497,sender,61786f30-4c75-4147-a29d-ce70f84af3e7,RTT_SAMPLE,ACK,28,0,"14.344700"
39.553,sender,61786f30-4c75-4147-a29d-ce70f84af3e7,SEND,DATA,60,1060,""
39.659,sender,61786f30-4c75-4147-a29d-ce70f84af3e7,EMIT,DATA,60,1060,""
39.717,sender,61786f30-4c75-4147-a29d-ce70f84af3e7,RECEIVE,ACK,29,36,""
39.791,sender,61786f30-4c75-4147-a29d-ce70f84af3e7,ACKNOWLEDGED,ACK,29,0,""
39.859,sender,61786f30-4c75-4147-a29d-ce70f84af3e7,CONFIRM_DATA,ACK,29,1024,"unique file bytes acknowledged"
39.895,sender,61786f30-4c75-4147-a29d-ce70f84af3e7,RTT_SAMPLE,ACK,29,0,"14.521700"
39.953,sender,61786f30-4c75-4147-a29d-ce70f84af3e7,SEND,DATA,61,1060,""
40.018,sender,61786f30-4c75-4147-a29d-ce70f84af3e7,EMIT,DATA,61,1060,""
40.082,sender,61786f30-4c75-4147-a29d-ce70f84af3e7,RECEIVE,ACK,30,36,""
40.150,sender,61786f30-4c75-4147-a29d-ce70f84af3e7,ACKNOWLEDGED,ACK,30,0,""
40.181,sender,61786f30-4c75-4147-a29d-ce70f84af3e7,CONFIRM_DATA,ACK,30,1024,"unique file bytes acknowledged"
40.217,sender,61786f30-4c75-4147-a29d-ce70f84af3e7,RTT_SAMPLE,ACK,30,0,"14.748300"
40.279,sender,61786f30-4c75-4147-a29d-ce70f84af3e7,SEND,DATA,62,1060,""
40.346,sender,61786f30-4c75-4147-a29d-ce70f84af3e7,EMIT,DATA,62,1060,""
40.411,sender,61786f30-4c75-4147-a29d-ce70f84af3e7,RECEIVE,ACK,31,36,""
40.556,sender,61786f30-4c75-4147-a29d-ce70f84af3e7,ACKNOWLEDGED,ACK,31,0,""
40.604,sender,61786f30-4c75-4147-a29d-ce70f84af3e7,CONFIRM_DATA,ACK,31,1024,"unique file bytes acknowledged"
40.656,sender,61786f30-4c75-4147-a29d-ce70f84af3e7,RTT_SAMPLE,ACK,31,0,"15.095700"
40.727,sender,61786f30-4c75-4147-a29d-ce70f84af3e7,SEND,DATA,63,1060,""
40.873,sender,61786f30-4c75-4147-a29d-ce70f84af3e7,EMIT,DATA,63,1060,""
41.006,sender,61786f30-4c75-4147-a29d-ce70f84af3e7,RECEIVE,ACK,32,36,""
41.046,sender,61786f30-4c75-4147-a29d-ce70f84af3e7,ACKNOWLEDGED,ACK,32,0,""
41.072,sender,61786f30-4c75-4147-a29d-ce70f84af3e7,CONFIRM_DATA,ACK,32,1024,"unique file bytes acknowledged"
41.134,sender,61786f30-4c75-4147-a29d-ce70f84af3e7,RTT_SAMPLE,ACK,32,0,"15.259600"
41.182,sender,61786f30-4c75-4147-a29d-ce70f84af3e7,SEND,DATA,64,1060,""
41.336,sender,61786f30-4c75-4147-a29d-ce70f84af3e7,EMIT,DATA,64,1060,""
41.432,sender,61786f30-4c75-4147-a29d-ce70f84af3e7,RECEIVE,ACK,33,36,""
41.497,sender,61786f30-4c75-4147-a29d-ce70f84af3e7,ACKNOWLEDGED,ACK,33,0,""
41.523,sender,61786f30-4c75-4147-a29d-ce70f84af3e7,CONFIRM_DATA,ACK,33,1024,"unique file bytes acknowledged"
41.583,sender,61786f30-4c75-4147-a29d-ce70f84af3e7,RTT_SAMPLE,ACK,33,0,"15.397800"
41.630,sender,61786f30-4c75-4147-a29d-ce70f84af3e7,SEND,DATA,65,1060,""
41.748,sender,61786f30-4c75-4147-a29d-ce70f84af3e7,EMIT,DATA,65,1060,""
41.815,sender,61786f30-4c75-4147-a29d-ce70f84af3e7,RECEIVE,ACK,34,36,""
41.851,sender,61786f30-4c75-4147-a29d-ce70f84af3e7,ACKNOWLEDGED,ACK,34,0,""
42.036,sender,61786f30-4c75-4147-a29d-ce70f84af3e7,CONFIRM_DATA,ACK,34,1024,"unique file bytes acknowledged"
42.100,sender,61786f30-4c75-4147-a29d-ce70f84af3e7,RTT_SAMPLE,ACK,34,0,"15.131300"
42.399,sender,61786f30-4c75-4147-a29d-ce70f84af3e7,SEND,DATA,66,1060,""
42.490,sender,61786f30-4c75-4147-a29d-ce70f84af3e7,EMIT,DATA,66,1060,""
42.555,sender,61786f30-4c75-4147-a29d-ce70f84af3e7,RECEIVE,ACK,35,36,""
42.631,sender,61786f30-4c75-4147-a29d-ce70f84af3e7,ACKNOWLEDGED,ACK,35,0,""
42.647,sender,61786f30-4c75-4147-a29d-ce70f84af3e7,CONFIRM_DATA,ACK,35,1024,"unique file bytes acknowledged"
42.686,sender,61786f30-4c75-4147-a29d-ce70f84af3e7,RTT_SAMPLE,ACK,35,0,"15.133900"
42.731,sender,61786f30-4c75-4147-a29d-ce70f84af3e7,SEND,DATA,67,1060,""
42.775,sender,61786f30-4c75-4147-a29d-ce70f84af3e7,EMIT,DATA,67,1060,""
42.811,sender,61786f30-4c75-4147-a29d-ce70f84af3e7,RECEIVE,ACK,36,36,""
42.831,sender,61786f30-4c75-4147-a29d-ce70f84af3e7,ACKNOWLEDGED,ACK,36,0,""
42.856,sender,61786f30-4c75-4147-a29d-ce70f84af3e7,CONFIRM_DATA,ACK,36,1024,"unique file bytes acknowledged"
42.904,sender,61786f30-4c75-4147-a29d-ce70f84af3e7,RTT_SAMPLE,ACK,36,0,"15.069900"
42.930,sender,61786f30-4c75-4147-a29d-ce70f84af3e7,SEND,DATA,68,1060,""
42.960,sender,61786f30-4c75-4147-a29d-ce70f84af3e7,EMIT,DATA,68,1060,""
42.997,sender,61786f30-4c75-4147-a29d-ce70f84af3e7,RECEIVE,ACK,37,36,""
43.018,sender,61786f30-4c75-4147-a29d-ce70f84af3e7,ACKNOWLEDGED,ACK,37,0,""
43.066,sender,61786f30-4c75-4147-a29d-ce70f84af3e7,CONFIRM_DATA,ACK,37,1024,"unique file bytes acknowledged"
43.095,sender,61786f30-4c75-4147-a29d-ce70f84af3e7,RTT_SAMPLE,ACK,37,0,"15.056200"
43.150,sender,61786f30-4c75-4147-a29d-ce70f84af3e7,SEND,DATA,69,1060,""
43.181,sender,61786f30-4c75-4147-a29d-ce70f84af3e7,EMIT,DATA,69,1060,""
43.212,sender,61786f30-4c75-4147-a29d-ce70f84af3e7,RECEIVE,ACK,38,36,""
43.235,sender,61786f30-4c75-4147-a29d-ce70f84af3e7,ACKNOWLEDGED,ACK,38,0,""
43.249,sender,61786f30-4c75-4147-a29d-ce70f84af3e7,CONFIRM_DATA,ACK,38,1024,"unique file bytes acknowledged"
43.267,sender,61786f30-4c75-4147-a29d-ce70f84af3e7,RTT_SAMPLE,ACK,38,0,"14.807400"
43.289,sender,61786f30-4c75-4147-a29d-ce70f84af3e7,SEND,DATA,70,1060,""
43.349,sender,61786f30-4c75-4147-a29d-ce70f84af3e7,EMIT,DATA,70,1060,""
43.401,sender,61786f30-4c75-4147-a29d-ce70f84af3e7,RECEIVE,ACK,39,36,""
43.452,sender,61786f30-4c75-4147-a29d-ce70f84af3e7,ACKNOWLEDGED,ACK,39,0,""
43.473,sender,61786f30-4c75-4147-a29d-ce70f84af3e7,CONFIRM_DATA,ACK,39,1024,"unique file bytes acknowledged"
43.493,sender,61786f30-4c75-4147-a29d-ce70f84af3e7,RTT_SAMPLE,ACK,39,0,"14.791800"
43.526,sender,61786f30-4c75-4147-a29d-ce70f84af3e7,SEND,DATA,71,1060,""
43.559,sender,61786f30-4c75-4147-a29d-ce70f84af3e7,EMIT,DATA,71,1060,""
43.598,sender,61786f30-4c75-4147-a29d-ce70f84af3e7,RECEIVE,ACK,40,36,""
44.096,sender,61786f30-4c75-4147-a29d-ce70f84af3e7,ACKNOWLEDGED,ACK,40,0,""
44.158,sender,61786f30-4c75-4147-a29d-ce70f84af3e7,CONFIRM_DATA,ACK,40,1024,"unique file bytes acknowledged"
44.220,sender,61786f30-4c75-4147-a29d-ce70f84af3e7,RTT_SAMPLE,ACK,40,0,"14.028900"
44.256,sender,61786f30-4c75-4147-a29d-ce70f84af3e7,SEND,DATA,72,1060,""
44.305,sender,61786f30-4c75-4147-a29d-ce70f84af3e7,EMIT,DATA,72,1060,""
44.431,sender,61786f30-4c75-4147-a29d-ce70f84af3e7,RECEIVE,ACK,41,36,""
44.509,sender,61786f30-4c75-4147-a29d-ce70f84af3e7,ACKNOWLEDGED,ACK,41,0,""
44.566,sender,61786f30-4c75-4147-a29d-ce70f84af3e7,CONFIRM_DATA,ACK,41,1024,"unique file bytes acknowledged"
44.622,sender,61786f30-4c75-4147-a29d-ce70f84af3e7,RTT_SAMPLE,ACK,41,0,"12.009100"
44.684,sender,61786f30-4c75-4147-a29d-ce70f84af3e7,SEND,DATA,73,1060,""
44.797,sender,61786f30-4c75-4147-a29d-ce70f84af3e7,EMIT,DATA,73,1060,""
44.883,sender,61786f30-4c75-4147-a29d-ce70f84af3e7,RECEIVE,ACK,42,36,""
45.034,sender,61786f30-4c75-4147-a29d-ce70f84af3e7,ACKNOWLEDGED,ACK,42,0,""
45.084,sender,61786f30-4c75-4147-a29d-ce70f84af3e7,CONFIRM_DATA,ACK,42,1024,"unique file bytes acknowledged"
45.136,sender,61786f30-4c75-4147-a29d-ce70f84af3e7,RTT_SAMPLE,ACK,42,0,"12.241800"
45.194,sender,61786f30-4c75-4147-a29d-ce70f84af3e7,SEND,DATA,74,1060,""
45.289,sender,61786f30-4c75-4147-a29d-ce70f84af3e7,EMIT,DATA,74,1060,""
45.372,sender,61786f30-4c75-4147-a29d-ce70f84af3e7,RECEIVE,ACK,43,36,""
45.411,sender,61786f30-4c75-4147-a29d-ce70f84af3e7,ACKNOWLEDGED,ACK,43,0,""
45.435,sender,61786f30-4c75-4147-a29d-ce70f84af3e7,CONFIRM_DATA,ACK,43,1024,"unique file bytes acknowledged"
45.467,sender,61786f30-4c75-4147-a29d-ce70f84af3e7,RTT_SAMPLE,ACK,43,0,"12.361300"
45.507,sender,61786f30-4c75-4147-a29d-ce70f84af3e7,SEND,DATA,75,1060,""
45.563,sender,61786f30-4c75-4147-a29d-ce70f84af3e7,EMIT,DATA,75,1060,""
45.620,sender,61786f30-4c75-4147-a29d-ce70f84af3e7,RECEIVE,ACK,44,36,""
45.656,sender,61786f30-4c75-4147-a29d-ce70f84af3e7,ACKNOWLEDGED,ACK,44,0,""
45.693,sender,61786f30-4c75-4147-a29d-ce70f84af3e7,CONFIRM_DATA,ACK,44,1024,"unique file bytes acknowledged"
45.728,sender,61786f30-4c75-4147-a29d-ce70f84af3e7,RTT_SAMPLE,ACK,44,0,"12.397700"
45.793,sender,61786f30-4c75-4147-a29d-ce70f84af3e7,SEND,DATA,76,1060,""
45.864,sender,61786f30-4c75-4147-a29d-ce70f84af3e7,EMIT,DATA,76,1060,""
45.922,sender,61786f30-4c75-4147-a29d-ce70f84af3e7,RECEIVE,ACK,45,36,""
45.971,sender,61786f30-4c75-4147-a29d-ce70f84af3e7,ACKNOWLEDGED,ACK,45,0,""
46.053,sender,61786f30-4c75-4147-a29d-ce70f84af3e7,CONFIRM_DATA,ACK,45,1024,"unique file bytes acknowledged"
46.099,sender,61786f30-4c75-4147-a29d-ce70f84af3e7,RTT_SAMPLE,ACK,45,0,"12.571200"
46.157,sender,61786f30-4c75-4147-a29d-ce70f84af3e7,SEND,DATA,77,1060,""
46.214,sender,61786f30-4c75-4147-a29d-ce70f84af3e7,EMIT,DATA,77,1060,""
46.271,sender,61786f30-4c75-4147-a29d-ce70f84af3e7,RECEIVE,ACK,46,36,""
46.320,sender,61786f30-4c75-4147-a29d-ce70f84af3e7,ACKNOWLEDGED,ACK,46,0,""
46.356,sender,61786f30-4c75-4147-a29d-ce70f84af3e7,CONFIRM_DATA,ACK,46,1024,"unique file bytes acknowledged"
46.394,sender,61786f30-4c75-4147-a29d-ce70f84af3e7,RTT_SAMPLE,ACK,46,0,"12.619600"
46.446,sender,61786f30-4c75-4147-a29d-ce70f84af3e7,SEND,DATA,78,1060,""
46.511,sender,61786f30-4c75-4147-a29d-ce70f84af3e7,EMIT,DATA,78,1060,""
46.612,sender,61786f30-4c75-4147-a29d-ce70f84af3e7,RECEIVE,ACK,47,36,""
46.673,sender,61786f30-4c75-4147-a29d-ce70f84af3e7,ACKNOWLEDGED,ACK,47,0,""
46.724,sender,61786f30-4c75-4147-a29d-ce70f84af3e7,CONFIRM_DATA,ACK,47,1024,"unique file bytes acknowledged"
46.780,sender,61786f30-4c75-4147-a29d-ce70f84af3e7,RTT_SAMPLE,ACK,47,0,"12.797700"
46.827,sender,61786f30-4c75-4147-a29d-ce70f84af3e7,SEND,DATA,79,1060,""
46.904,sender,61786f30-4c75-4147-a29d-ce70f84af3e7,EMIT,DATA,79,1060,""
46.974,sender,61786f30-4c75-4147-a29d-ce70f84af3e7,RECEIVE,ACK,48,36,""
47.012,sender,61786f30-4c75-4147-a29d-ce70f84af3e7,ACKNOWLEDGED,ACK,48,0,""
47.094,sender,61786f30-4c75-4147-a29d-ce70f84af3e7,CONFIRM_DATA,ACK,48,1024,"unique file bytes acknowledged"
47.144,sender,61786f30-4c75-4147-a29d-ce70f84af3e7,RTT_SAMPLE,ACK,48,0,"12.948700"
47.215,sender,61786f30-4c75-4147-a29d-ce70f84af3e7,SEND,DATA,80,1060,""
47.418,sender,61786f30-4c75-4147-a29d-ce70f84af3e7,EMIT,DATA,80,1060,""
47.652,sender,61786f30-4c75-4147-a29d-ce70f84af3e7,RECEIVE,ACK,49,36,""
47.690,sender,61786f30-4c75-4147-a29d-ce70f84af3e7,ACKNOWLEDGED,ACK,49,0,""
47.707,sender,61786f30-4c75-4147-a29d-ce70f84af3e7,CONFIRM_DATA,ACK,49,1024,"unique file bytes acknowledged"
47.736,sender,61786f30-4c75-4147-a29d-ce70f84af3e7,RTT_SAMPLE,ACK,49,0,"13.344400"
47.798,sender,61786f30-4c75-4147-a29d-ce70f84af3e7,SEND,DATA,81,1060,""
47.861,sender,61786f30-4c75-4147-a29d-ce70f84af3e7,EMIT,DATA,81,1060,""
47.908,sender,61786f30-4c75-4147-a29d-ce70f84af3e7,RECEIVE,ACK,50,36,""
47.931,sender,61786f30-4c75-4147-a29d-ce70f84af3e7,ACKNOWLEDGED,ACK,50,0,""
47.999,sender,61786f30-4c75-4147-a29d-ce70f84af3e7,CONFIRM_DATA,ACK,50,1024,"unique file bytes acknowledged"
48.021,sender,61786f30-4c75-4147-a29d-ce70f84af3e7,RTT_SAMPLE,ACK,50,0,"13.415200"
48.340,sender,61786f30-4c75-4147-a29d-ce70f84af3e7,SEND,DATA,82,1060,""
48.506,sender,61786f30-4c75-4147-a29d-ce70f84af3e7,EMIT,DATA,82,1060,""
48.611,sender,61786f30-4c75-4147-a29d-ce70f84af3e7,RECEIVE,ACK,51,36,""
48.650,sender,61786f30-4c75-4147-a29d-ce70f84af3e7,ACKNOWLEDGED,ACK,51,0,""
48.674,sender,61786f30-4c75-4147-a29d-ce70f84af3e7,CONFIRM_DATA,ACK,51,1024,"unique file bytes acknowledged"
48.715,sender,61786f30-4c75-4147-a29d-ce70f84af3e7,RTT_SAMPLE,ACK,51,0,"13.894400"
48.762,sender,61786f30-4c75-4147-a29d-ce70f84af3e7,SEND,DATA,83,1060,""
48.845,sender,61786f30-4c75-4147-a29d-ce70f84af3e7,EMIT,DATA,83,1060,""
48.918,sender,61786f30-4c75-4147-a29d-ce70f84af3e7,RECEIVE,ACK,52,36,""
48.974,sender,61786f30-4c75-4147-a29d-ce70f84af3e7,ACKNOWLEDGED,ACK,52,0,""
49.014,sender,61786f30-4c75-4147-a29d-ce70f84af3e7,CONFIRM_DATA,ACK,52,1024,"unique file bytes acknowledged"
49.059,sender,61786f30-4c75-4147-a29d-ce70f84af3e7,RTT_SAMPLE,ACK,52,0,"12.844800"
49.100,sender,61786f30-4c75-4147-a29d-ce70f84af3e7,SEND,DATA,84,1060,""
49.163,sender,61786f30-4c75-4147-a29d-ce70f84af3e7,EMIT,DATA,84,1060,""
49.223,sender,61786f30-4c75-4147-a29d-ce70f84af3e7,RECEIVE,ACK,53,36,""
49.263,sender,61786f30-4c75-4147-a29d-ce70f84af3e7,ACKNOWLEDGED,ACK,53,0,""
49.296,sender,61786f30-4c75-4147-a29d-ce70f84af3e7,CONFIRM_DATA,ACK,53,1024,"unique file bytes acknowledged"
49.346,sender,61786f30-4c75-4147-a29d-ce70f84af3e7,RTT_SAMPLE,ACK,53,0,"12.857200"
49.388,sender,61786f30-4c75-4147-a29d-ce70f84af3e7,SEND,DATA,85,1060,""
49.463,sender,61786f30-4c75-4147-a29d-ce70f84af3e7,EMIT,DATA,85,1060,""
49.533,sender,61786f30-4c75-4147-a29d-ce70f84af3e7,RECEIVE,ACK,54,36,""
49.601,sender,61786f30-4c75-4147-a29d-ce70f84af3e7,ACKNOWLEDGED,ACK,54,0,""
49.641,sender,61786f30-4c75-4147-a29d-ce70f84af3e7,CONFIRM_DATA,ACK,54,1024,"unique file bytes acknowledged"
49.676,sender,61786f30-4c75-4147-a29d-ce70f84af3e7,RTT_SAMPLE,ACK,54,0,"12.975200"
49.722,sender,61786f30-4c75-4147-a29d-ce70f84af3e7,SEND,DATA,86,1060,""
49.791,sender,61786f30-4c75-4147-a29d-ce70f84af3e7,EMIT,DATA,86,1060,""
49.871,sender,61786f30-4c75-4147-a29d-ce70f84af3e7,RECEIVE,ACK,55,36,""
49.930,sender,61786f30-4c75-4147-a29d-ce70f84af3e7,ACKNOWLEDGED,ACK,55,0,""
49.968,sender,61786f30-4c75-4147-a29d-ce70f84af3e7,CONFIRM_DATA,ACK,55,1024,"unique file bytes acknowledged"
50.015,sender,61786f30-4c75-4147-a29d-ce70f84af3e7,RTT_SAMPLE,ACK,55,0,"12.795100"
50.073,sender,61786f30-4c75-4147-a29d-ce70f84af3e7,SEND,DATA,87,1060,""
50.222,sender,61786f30-4c75-4147-a29d-ce70f84af3e7,EMIT,DATA,87,1060,""
50.317,sender,61786f30-4c75-4147-a29d-ce70f84af3e7,RECEIVE,ACK,56,36,""
50.362,sender,61786f30-4c75-4147-a29d-ce70f84af3e7,ACKNOWLEDGED,ACK,56,0,""
50.404,sender,61786f30-4c75-4147-a29d-ce70f84af3e7,CONFIRM_DATA,ACK,56,1024,"unique file bytes acknowledged"
50.440,sender,61786f30-4c75-4147-a29d-ce70f84af3e7,RTT_SAMPLE,ACK,56,0,"12.775400"
50.488,sender,61786f30-4c75-4147-a29d-ce70f84af3e7,SEND,DATA,88,1060,""
51.043,sender,61786f30-4c75-4147-a29d-ce70f84af3e7,EMIT,DATA,88,1060,""
51.159,sender,61786f30-4c75-4147-a29d-ce70f84af3e7,RECEIVE,ACK,57,36,""
51.194,sender,61786f30-4c75-4147-a29d-ce70f84af3e7,ACKNOWLEDGED,ACK,57,0,""
51.214,sender,61786f30-4c75-4147-a29d-ce70f84af3e7,CONFIRM_DATA,ACK,57,1024,"unique file bytes acknowledged"
51.244,sender,61786f30-4c75-4147-a29d-ce70f84af3e7,RTT_SAMPLE,ACK,57,0,"13.065900"
51.302,sender,61786f30-4c75-4147-a29d-ce70f84af3e7,SEND,DATA,89,1060,""
51.343,sender,61786f30-4c75-4147-a29d-ce70f84af3e7,EMIT,DATA,89,1060,""
51.401,sender,61786f30-4c75-4147-a29d-ce70f84af3e7,RECEIVE,ACK,58,36,""
51.450,sender,61786f30-4c75-4147-a29d-ce70f84af3e7,ACKNOWLEDGED,ACK,58,0,""
51.466,sender,61786f30-4c75-4147-a29d-ce70f84af3e7,CONFIRM_DATA,ACK,58,1024,"unique file bytes acknowledged"
51.538,sender,61786f30-4c75-4147-a29d-ce70f84af3e7,RTT_SAMPLE,ACK,58,0,"12.635000"
51.569,sender,61786f30-4c75-4147-a29d-ce70f84af3e7,SEND,DATA,90,1060,""
51.604,sender,61786f30-4c75-4147-a29d-ce70f84af3e7,EMIT,DATA,90,1060,""
51.636,sender,61786f30-4c75-4147-a29d-ce70f84af3e7,RECEIVE,ACK,59,36,""
51.771,sender,61786f30-4c75-4147-a29d-ce70f84af3e7,ACKNOWLEDGED,ACK,59,0,""
51.794,sender,61786f30-4c75-4147-a29d-ce70f84af3e7,CONFIRM_DATA,ACK,59,1024,"unique file bytes acknowledged"
51.821,sender,61786f30-4c75-4147-a29d-ce70f84af3e7,RTT_SAMPLE,ACK,59,0,"12.627700"
51.917,sender,61786f30-4c75-4147-a29d-ce70f84af3e7,SEND,DATA,91,1060,""
51.957,sender,61786f30-4c75-4147-a29d-ce70f84af3e7,EMIT,DATA,91,1060,""
51.991,sender,61786f30-4c75-4147-a29d-ce70f84af3e7,RECEIVE,ACK,60,36,""
52.012,sender,61786f30-4c75-4147-a29d-ce70f84af3e7,ACKNOWLEDGED,ACK,60,0,""
52.025,sender,61786f30-4c75-4147-a29d-ce70f84af3e7,CONFIRM_DATA,ACK,60,1024,"unique file bytes acknowledged"
52.043,sender,61786f30-4c75-4147-a29d-ce70f84af3e7,RTT_SAMPLE,ACK,60,0,"12.494100"
52.068,sender,61786f30-4c75-4147-a29d-ce70f84af3e7,SEND,DATA,92,1060,""
52.127,sender,61786f30-4c75-4147-a29d-ce70f84af3e7,EMIT,DATA,92,1060,""
52.161,sender,61786f30-4c75-4147-a29d-ce70f84af3e7,RECEIVE,ACK,61,36,""
52.184,sender,61786f30-4c75-4147-a29d-ce70f84af3e7,ACKNOWLEDGED,ACK,61,0,""
52.206,sender,61786f30-4c75-4147-a29d-ce70f84af3e7,CONFIRM_DATA,ACK,61,1024,"unique file bytes acknowledged"
52.258,sender,61786f30-4c75-4147-a29d-ce70f84af3e7,RTT_SAMPLE,ACK,61,0,"12.310200"
52.285,sender,61786f30-4c75-4147-a29d-ce70f84af3e7,SEND,DATA,93,1060,""
52.313,sender,61786f30-4c75-4147-a29d-ce70f84af3e7,EMIT,DATA,93,1060,""
52.382,sender,61786f30-4c75-4147-a29d-ce70f84af3e7,RECEIVE,ACK,62,36,""
52.416,sender,61786f30-4c75-4147-a29d-ce70f84af3e7,ACKNOWLEDGED,ACK,62,0,""
52.445,sender,61786f30-4c75-4147-a29d-ce70f84af3e7,CONFIRM_DATA,ACK,62,1024,"unique file bytes acknowledged"
52.476,sender,61786f30-4c75-4147-a29d-ce70f84af3e7,RTT_SAMPLE,ACK,62,0,"12.202200"
52.512,sender,61786f30-4c75-4147-a29d-ce70f84af3e7,SEND,DATA,94,1060,""
52.541,sender,61786f30-4c75-4147-a29d-ce70f84af3e7,EMIT,DATA,94,1060,""
52.576,sender,61786f30-4c75-4147-a29d-ce70f84af3e7,RECEIVE,ACK,63,36,""
52.601,sender,61786f30-4c75-4147-a29d-ce70f84af3e7,ACKNOWLEDGED,ACK,63,0,""
52.659,sender,61786f30-4c75-4147-a29d-ce70f84af3e7,CONFIRM_DATA,ACK,63,1024,"unique file bytes acknowledged"
52.678,sender,61786f30-4c75-4147-a29d-ce70f84af3e7,RTT_SAMPLE,ACK,63,0,"11.961200"
52.713,sender,61786f30-4c75-4147-a29d-ce70f84af3e7,SEND,DATA,95,1060,""
52.748,sender,61786f30-4c75-4147-a29d-ce70f84af3e7,EMIT,DATA,95,1060,""
52.781,sender,61786f30-4c75-4147-a29d-ce70f84af3e7,RECEIVE,ACK,64,36,""
52.802,sender,61786f30-4c75-4147-a29d-ce70f84af3e7,ACKNOWLEDGED,ACK,64,0,""
52.844,sender,61786f30-4c75-4147-a29d-ce70f84af3e7,CONFIRM_DATA,ACK,64,1024,"unique file bytes acknowledged"
52.906,sender,61786f30-4c75-4147-a29d-ce70f84af3e7,RTT_SAMPLE,ACK,64,0,"11.728000"
52.932,sender,61786f30-4c75-4147-a29d-ce70f84af3e7,SEND,DATA,96,1060,""
52.971,sender,61786f30-4c75-4147-a29d-ce70f84af3e7,EMIT,DATA,96,1060,""
53.015,sender,61786f30-4c75-4147-a29d-ce70f84af3e7,RECEIVE,ACK,65,36,""
53.037,sender,61786f30-4c75-4147-a29d-ce70f84af3e7,ACKNOWLEDGED,ACK,65,0,""
53.123,sender,61786f30-4c75-4147-a29d-ce70f84af3e7,CONFIRM_DATA,ACK,65,1024,"unique file bytes acknowledged"
53.146,sender,61786f30-4c75-4147-a29d-ce70f84af3e7,RTT_SAMPLE,ACK,65,0,"11.522300"
53.172,sender,61786f30-4c75-4147-a29d-ce70f84af3e7,SEND,DATA,97,1060,""
53.237,sender,61786f30-4c75-4147-a29d-ce70f84af3e7,EMIT,DATA,97,1060,""
53.266,sender,61786f30-4c75-4147-a29d-ce70f84af3e7,RECEIVE,ACK,66,36,""
53.312,sender,61786f30-4c75-4147-a29d-ce70f84af3e7,ACKNOWLEDGED,ACK,66,0,""
53.418,sender,61786f30-4c75-4147-a29d-ce70f84af3e7,CONFIRM_DATA,ACK,66,1024,"unique file bytes acknowledged"
53.480,sender,61786f30-4c75-4147-a29d-ce70f84af3e7,RTT_SAMPLE,ACK,66,0,"11.118000"
53.509,sender,61786f30-4c75-4147-a29d-ce70f84af3e7,SEND,DATA,98,1060,""
53.758,sender,61786f30-4c75-4147-a29d-ce70f84af3e7,EMIT,DATA,98,1060,""
53.804,sender,61786f30-4c75-4147-a29d-ce70f84af3e7,RECEIVE,ACK,67,36,""
53.831,sender,61786f30-4c75-4147-a29d-ce70f84af3e7,ACKNOWLEDGED,ACK,67,0,""
53.848,sender,61786f30-4c75-4147-a29d-ce70f84af3e7,CONFIRM_DATA,ACK,67,1024,"unique file bytes acknowledged"
53.866,sender,61786f30-4c75-4147-a29d-ce70f84af3e7,RTT_SAMPLE,ACK,67,0,"11.136100"
53.892,sender,61786f30-4c75-4147-a29d-ce70f84af3e7,SEND,DATA,99,1060,""
53.945,sender,61786f30-4c75-4147-a29d-ce70f84af3e7,EMIT,DATA,99,1060,""
53.978,sender,61786f30-4c75-4147-a29d-ce70f84af3e7,RECEIVE,ACK,68,36,""
53.998,sender,61786f30-4c75-4147-a29d-ce70f84af3e7,ACKNOWLEDGED,ACK,68,0,""
54.011,sender,61786f30-4c75-4147-a29d-ce70f84af3e7,CONFIRM_DATA,ACK,68,1024,"unique file bytes acknowledged"
54.029,sender,61786f30-4c75-4147-a29d-ce70f84af3e7,RTT_SAMPLE,ACK,68,0,"11.098600"
54.059,sender,61786f30-4c75-4147-a29d-ce70f84af3e7,SEND,DATA,100,1060,""
54.085,sender,61786f30-4c75-4147-a29d-ce70f84af3e7,EMIT,DATA,100,1060,""
54.114,sender,61786f30-4c75-4147-a29d-ce70f84af3e7,RECEIVE,ACK,69,36,""
54.131,sender,61786f30-4c75-4147-a29d-ce70f84af3e7,ACKNOWLEDGED,ACK,69,0,""
54.145,sender,61786f30-4c75-4147-a29d-ce70f84af3e7,CONFIRM_DATA,ACK,69,1024,"unique file bytes acknowledged"
54.172,sender,61786f30-4c75-4147-a29d-ce70f84af3e7,RTT_SAMPLE,ACK,69,0,"11.016200"
54.199,sender,61786f30-4c75-4147-a29d-ce70f84af3e7,SEND,DATA,101,1060,""
54.230,sender,61786f30-4c75-4147-a29d-ce70f84af3e7,EMIT,DATA,101,1060,""
54.287,sender,61786f30-4c75-4147-a29d-ce70f84af3e7,RECEIVE,ACK,70,36,""
54.310,sender,61786f30-4c75-4147-a29d-ce70f84af3e7,ACKNOWLEDGED,ACK,70,0,""
54.328,sender,61786f30-4c75-4147-a29d-ce70f84af3e7,CONFIRM_DATA,ACK,70,1024,"unique file bytes acknowledged"
54.357,sender,61786f30-4c75-4147-a29d-ce70f84af3e7,RTT_SAMPLE,ACK,70,0,"11.068400"
54.426,sender,61786f30-4c75-4147-a29d-ce70f84af3e7,SEND,DATA,102,1060,""
54.462,sender,61786f30-4c75-4147-a29d-ce70f84af3e7,EMIT,DATA,102,1060,""
54.508,sender,61786f30-4c75-4147-a29d-ce70f84af3e7,RECEIVE,ACK,71,36,""
54.535,sender,61786f30-4c75-4147-a29d-ce70f84af3e7,ACKNOWLEDGED,ACK,71,0,""
54.556,sender,61786f30-4c75-4147-a29d-ce70f84af3e7,CONFIRM_DATA,ACK,71,1024,"unique file bytes acknowledged"
54.635,sender,61786f30-4c75-4147-a29d-ce70f84af3e7,RTT_SAMPLE,ACK,71,0,"11.107000"
54.662,sender,61786f30-4c75-4147-a29d-ce70f84af3e7,SEND,DATA,103,1060,""
54.703,sender,61786f30-4c75-4147-a29d-ce70f84af3e7,EMIT,DATA,103,1060,""
54.748,sender,61786f30-4c75-4147-a29d-ce70f84af3e7,RECEIVE,ACK,72,36,""
54.770,sender,61786f30-4c75-4147-a29d-ce70f84af3e7,ACKNOWLEDGED,ACK,72,0,""
54.806,sender,61786f30-4c75-4147-a29d-ce70f84af3e7,CONFIRM_DATA,ACK,72,1024,"unique file bytes acknowledged"
54.842,sender,61786f30-4c75-4147-a29d-ce70f84af3e7,RTT_SAMPLE,ACK,72,0,"10.587100"
54.879,sender,61786f30-4c75-4147-a29d-ce70f84af3e7,SEND,DATA,104,1060,""
54.909,sender,61786f30-4c75-4147-a29d-ce70f84af3e7,EMIT,DATA,104,1060,""
54.942,sender,61786f30-4c75-4147-a29d-ce70f84af3e7,RECEIVE,ACK,73,36,""
55.018,sender,61786f30-4c75-4147-a29d-ce70f84af3e7,ACKNOWLEDGED,ACK,73,0,""
55.038,sender,61786f30-4c75-4147-a29d-ce70f84af3e7,CONFIRM_DATA,ACK,73,1024,"unique file bytes acknowledged"
55.454,sender,61786f30-4c75-4147-a29d-ce70f84af3e7,RTT_SAMPLE,ACK,73,0,"10.772300"
55.493,sender,61786f30-4c75-4147-a29d-ce70f84af3e7,SEND,DATA,105,1060,""
55.550,sender,61786f30-4c75-4147-a29d-ce70f84af3e7,EMIT,DATA,105,1060,""
55.593,sender,61786f30-4c75-4147-a29d-ce70f84af3e7,RECEIVE,ACK,74,36,""
55.628,sender,61786f30-4c75-4147-a29d-ce70f84af3e7,ACKNOWLEDGED,ACK,74,0,""
55.642,sender,61786f30-4c75-4147-a29d-ce70f84af3e7,CONFIRM_DATA,ACK,74,1024,"unique file bytes acknowledged"
55.669,sender,61786f30-4c75-4147-a29d-ce70f84af3e7,RTT_SAMPLE,ACK,74,0,"10.477900"
55.706,sender,61786f30-4c75-4147-a29d-ce70f84af3e7,SEND,DATA,106,1060,""
55.769,sender,61786f30-4c75-4147-a29d-ce70f84af3e7,EMIT,DATA,106,1060,""
55.807,sender,61786f30-4c75-4147-a29d-ce70f84af3e7,RECEIVE,ACK,75,36,""
55.826,sender,61786f30-4c75-4147-a29d-ce70f84af3e7,ACKNOWLEDGED,ACK,75,0,""
55.840,sender,61786f30-4c75-4147-a29d-ce70f84af3e7,CONFIRM_DATA,ACK,75,1024,"unique file bytes acknowledged"
55.869,sender,61786f30-4c75-4147-a29d-ce70f84af3e7,RTT_SAMPLE,ACK,75,0,"10.365600"
55.895,sender,61786f30-4c75-4147-a29d-ce70f84af3e7,SEND,DATA,107,1060,""
55.924,sender,61786f30-4c75-4147-a29d-ce70f84af3e7,EMIT,DATA,107,1060,""
56.000,sender,61786f30-4c75-4147-a29d-ce70f84af3e7,RECEIVE,ACK,76,36,""
56.021,sender,61786f30-4c75-4147-a29d-ce70f84af3e7,ACKNOWLEDGED,ACK,76,0,""
56.050,sender,61786f30-4c75-4147-a29d-ce70f84af3e7,CONFIRM_DATA,ACK,76,1024,"unique file bytes acknowledged"
56.070,sender,61786f30-4c75-4147-a29d-ce70f84af3e7,RTT_SAMPLE,ACK,76,0,"10.281400"
56.103,sender,61786f30-4c75-4147-a29d-ce70f84af3e7,SEND,DATA,108,1060,""
56.172,sender,61786f30-4c75-4147-a29d-ce70f84af3e7,EMIT,DATA,108,1060,""
56.217,sender,61786f30-4c75-4147-a29d-ce70f84af3e7,RECEIVE,ACK,77,36,""
56.269,sender,61786f30-4c75-4147-a29d-ce70f84af3e7,ACKNOWLEDGED,ACK,77,0,""
56.283,sender,61786f30-4c75-4147-a29d-ce70f84af3e7,CONFIRM_DATA,ACK,77,1024,"unique file bytes acknowledged"
56.306,sender,61786f30-4c75-4147-a29d-ce70f84af3e7,RTT_SAMPLE,ACK,77,0,"10.149100"
56.355,sender,61786f30-4c75-4147-a29d-ce70f84af3e7,SEND,DATA,109,1060,""
56.442,sender,61786f30-4c75-4147-a29d-ce70f84af3e7,EMIT,DATA,109,1060,""
56.472,sender,61786f30-4c75-4147-a29d-ce70f84af3e7,RECEIVE,ACK,78,36,""
56.491,sender,61786f30-4c75-4147-a29d-ce70f84af3e7,ACKNOWLEDGED,ACK,78,0,""
56.521,sender,61786f30-4c75-4147-a29d-ce70f84af3e7,CONFIRM_DATA,ACK,78,1024,"unique file bytes acknowledged"
56.579,sender,61786f30-4c75-4147-a29d-ce70f84af3e7,RTT_SAMPLE,ACK,78,0,"10.134500"
56.617,sender,61786f30-4c75-4147-a29d-ce70f84af3e7,SEND,DATA,110,1060,""
56.656,sender,61786f30-4c75-4147-a29d-ce70f84af3e7,EMIT,DATA,110,1060,""
56.688,sender,61786f30-4c75-4147-a29d-ce70f84af3e7,RECEIVE,ACK,79,36,""
56.720,sender,61786f30-4c75-4147-a29d-ce70f84af3e7,ACKNOWLEDGED,ACK,79,0,""
56.748,sender,61786f30-4c75-4147-a29d-ce70f84af3e7,CONFIRM_DATA,ACK,79,1024,"unique file bytes acknowledged"
56.771,sender,61786f30-4c75-4147-a29d-ce70f84af3e7,RTT_SAMPLE,ACK,79,0,"9.945900"
56.864,sender,61786f30-4c75-4147-a29d-ce70f84af3e7,SEND,DATA,111,1060,""
56.900,sender,61786f30-4c75-4147-a29d-ce70f84af3e7,EMIT,DATA,111,1060,""
56.933,sender,61786f30-4c75-4147-a29d-ce70f84af3e7,RECEIVE,ACK,80,36,""
56.956,sender,61786f30-4c75-4147-a29d-ce70f84af3e7,ACKNOWLEDGED,ACK,80,0,""
56.974,sender,61786f30-4c75-4147-a29d-ce70f84af3e7,CONFIRM_DATA,ACK,80,1024,"unique file bytes acknowledged"
57.006,sender,61786f30-4c75-4147-a29d-ce70f84af3e7,RTT_SAMPLE,ACK,80,0,"9.795200"
57.057,sender,61786f30-4c75-4147-a29d-ce70f84af3e7,SEND,DATA,112,1060,""
57.090,sender,61786f30-4c75-4147-a29d-ce70f84af3e7,EMIT,DATA,112,1060,""
57.123,sender,61786f30-4c75-4147-a29d-ce70f84af3e7,RECEIVE,ACK,81,36,""
57.142,sender,61786f30-4c75-4147-a29d-ce70f84af3e7,ACKNOWLEDGED,ACK,81,0,""
57.155,sender,61786f30-4c75-4147-a29d-ce70f84af3e7,CONFIRM_DATA,ACK,81,1024,"unique file bytes acknowledged"
57.172,sender,61786f30-4c75-4147-a29d-ce70f84af3e7,RTT_SAMPLE,ACK,81,0,"9.377400"
57.205,sender,61786f30-4c75-4147-a29d-ce70f84af3e7,SEND,DATA,113,1060,""
57.256,sender,61786f30-4c75-4147-a29d-ce70f84af3e7,EMIT,DATA,113,1060,""
57.288,sender,61786f30-4c75-4147-a29d-ce70f84af3e7,RECEIVE,ACK,82,36,""
57.311,sender,61786f30-4c75-4147-a29d-ce70f84af3e7,ACKNOWLEDGED,ACK,82,0,""
57.332,sender,61786f30-4c75-4147-a29d-ce70f84af3e7,CONFIRM_DATA,ACK,82,1024,"unique file bytes acknowledged"
57.351,sender,61786f30-4c75-4147-a29d-ce70f84af3e7,RTT_SAMPLE,ACK,82,0,"9.014000"
57.383,sender,61786f30-4c75-4147-a29d-ce70f84af3e7,SEND,DATA,114,1060,""
57.427,sender,61786f30-4c75-4147-a29d-ce70f84af3e7,EMIT,DATA,114,1060,""
57.471,sender,61786f30-4c75-4147-a29d-ce70f84af3e7,RECEIVE,ACK,83,36,""
57.527,sender,61786f30-4c75-4147-a29d-ce70f84af3e7,ACKNOWLEDGED,ACK,83,0,""
57.558,sender,61786f30-4c75-4147-a29d-ce70f84af3e7,CONFIRM_DATA,ACK,83,1024,"unique file bytes acknowledged"
57.589,sender,61786f30-4c75-4147-a29d-ce70f84af3e7,RTT_SAMPLE,ACK,83,0,"8.825400"
57.627,sender,61786f30-4c75-4147-a29d-ce70f84af3e7,SEND,DATA,115,1060,""
57.682,sender,61786f30-4c75-4147-a29d-ce70f84af3e7,EMIT,DATA,115,1060,""
57.727,sender,61786f30-4c75-4147-a29d-ce70f84af3e7,RECEIVE,ACK,84,36,""
57.747,sender,61786f30-4c75-4147-a29d-ce70f84af3e7,ACKNOWLEDGED,ACK,84,0,""
57.765,sender,61786f30-4c75-4147-a29d-ce70f84af3e7,CONFIRM_DATA,ACK,84,1024,"unique file bytes acknowledged"
57.786,sender,61786f30-4c75-4147-a29d-ce70f84af3e7,RTT_SAMPLE,ACK,84,0,"8.687400"
57.814,sender,61786f30-4c75-4147-a29d-ce70f84af3e7,SEND,DATA,116,1060,""
57.863,sender,61786f30-4c75-4147-a29d-ce70f84af3e7,EMIT,DATA,116,1060,""
57.896,sender,61786f30-4c75-4147-a29d-ce70f84af3e7,RECEIVE,ACK,85,36,""
57.933,sender,61786f30-4c75-4147-a29d-ce70f84af3e7,ACKNOWLEDGED,ACK,85,0,""
57.962,sender,61786f30-4c75-4147-a29d-ce70f84af3e7,CONFIRM_DATA,ACK,85,1024,"unique file bytes acknowledged"
57.985,sender,61786f30-4c75-4147-a29d-ce70f84af3e7,RTT_SAMPLE,ACK,85,0,"8.598600"
58.013,sender,61786f30-4c75-4147-a29d-ce70f84af3e7,SEND,DATA,117,1060,""
58.042,sender,61786f30-4c75-4147-a29d-ce70f84af3e7,EMIT,DATA,117,1060,""
58.071,sender,61786f30-4c75-4147-a29d-ce70f84af3e7,RECEIVE,ACK,86,36,""
58.096,sender,61786f30-4c75-4147-a29d-ce70f84af3e7,ACKNOWLEDGED,ACK,86,0,""
58.119,sender,61786f30-4c75-4147-a29d-ce70f84af3e7,CONFIRM_DATA,ACK,86,1024,"unique file bytes acknowledged"
58.138,sender,61786f30-4c75-4147-a29d-ce70f84af3e7,RTT_SAMPLE,ACK,86,0,"8.420700"
58.206,sender,61786f30-4c75-4147-a29d-ce70f84af3e7,SEND,DATA,118,1060,""
58.239,sender,61786f30-4c75-4147-a29d-ce70f84af3e7,EMIT,DATA,118,1060,""
58.271,sender,61786f30-4c75-4147-a29d-ce70f84af3e7,RECEIVE,ACK,87,36,""
58.295,sender,61786f30-4c75-4147-a29d-ce70f84af3e7,ACKNOWLEDGED,ACK,87,0,""
58.308,sender,61786f30-4c75-4147-a29d-ce70f84af3e7,CONFIRM_DATA,ACK,87,1024,"unique file bytes acknowledged"
58.344,sender,61786f30-4c75-4147-a29d-ce70f84af3e7,RTT_SAMPLE,ACK,87,0,"8.275500"
58.369,sender,61786f30-4c75-4147-a29d-ce70f84af3e7,SEND,DATA,119,1060,""
58.430,sender,61786f30-4c75-4147-a29d-ce70f84af3e7,EMIT,DATA,119,1060,""
58.462,sender,61786f30-4c75-4147-a29d-ce70f84af3e7,RECEIVE,ACK,88,36,""
58.497,sender,61786f30-4c75-4147-a29d-ce70f84af3e7,ACKNOWLEDGED,ACK,88,0,""
58.518,sender,61786f30-4c75-4147-a29d-ce70f84af3e7,CONFIRM_DATA,ACK,88,1024,"unique file bytes acknowledged"
58.544,sender,61786f30-4c75-4147-a29d-ce70f84af3e7,RTT_SAMPLE,ACK,88,0,"8.060800"
58.568,sender,61786f30-4c75-4147-a29d-ce70f84af3e7,SEND,DATA,120,1060,""
58.598,sender,61786f30-4c75-4147-a29d-ce70f84af3e7,EMIT,DATA,120,1060,""
58.633,sender,61786f30-4c75-4147-a29d-ce70f84af3e7,RECEIVE,ACK,89,36,""
58.659,sender,61786f30-4c75-4147-a29d-ce70f84af3e7,ACKNOWLEDGED,ACK,89,0,""
58.702,sender,61786f30-4c75-4147-a29d-ce70f84af3e7,CONFIRM_DATA,ACK,89,1024,"unique file bytes acknowledged"
58.767,sender,61786f30-4c75-4147-a29d-ce70f84af3e7,RTT_SAMPLE,ACK,89,0,"7.467200"
58.792,sender,61786f30-4c75-4147-a29d-ce70f84af3e7,SEND,DATA,121,1060,""
58.824,sender,61786f30-4c75-4147-a29d-ce70f84af3e7,EMIT,DATA,121,1060,""
58.856,sender,61786f30-4c75-4147-a29d-ce70f84af3e7,RECEIVE,ACK,90,36,""
59.135,sender,61786f30-4c75-4147-a29d-ce70f84af3e7,ACKNOWLEDGED,ACK,90,0,""
59.185,sender,61786f30-4c75-4147-a29d-ce70f84af3e7,CONFIRM_DATA,ACK,90,1024,"unique file bytes acknowledged"
59.223,sender,61786f30-4c75-4147-a29d-ce70f84af3e7,RTT_SAMPLE,ACK,90,0,"7.646500"
59.272,sender,61786f30-4c75-4147-a29d-ce70f84af3e7,SEND,DATA,122,1060,""
59.393,sender,61786f30-4c75-4147-a29d-ce70f84af3e7,EMIT,DATA,122,1060,""
59.467,sender,61786f30-4c75-4147-a29d-ce70f84af3e7,RECEIVE,ACK,91,36,""
59.506,sender,61786f30-4c75-4147-a29d-ce70f84af3e7,ACKNOWLEDGED,ACK,91,0,""
59.527,sender,61786f30-4c75-4147-a29d-ce70f84af3e7,CONFIRM_DATA,ACK,91,1024,"unique file bytes acknowledged"
59.561,sender,61786f30-4c75-4147-a29d-ce70f84af3e7,RTT_SAMPLE,ACK,91,0,"7.638600"
59.663,sender,61786f30-4c75-4147-a29d-ce70f84af3e7,SEND,DATA,123,1060,""
59.726,sender,61786f30-4c75-4147-a29d-ce70f84af3e7,EMIT,DATA,123,1060,""
59.789,sender,61786f30-4c75-4147-a29d-ce70f84af3e7,RECEIVE,ACK,92,36,""
59.821,sender,61786f30-4c75-4147-a29d-ce70f84af3e7,ACKNOWLEDGED,ACK,92,0,""
59.864,sender,61786f30-4c75-4147-a29d-ce70f84af3e7,CONFIRM_DATA,ACK,92,1024,"unique file bytes acknowledged"
59.910,sender,61786f30-4c75-4147-a29d-ce70f84af3e7,RTT_SAMPLE,ACK,92,0,"7.837200"
59.951,sender,61786f30-4c75-4147-a29d-ce70f84af3e7,SEND,DATA,124,1060,""
60.055,sender,61786f30-4c75-4147-a29d-ce70f84af3e7,EMIT,DATA,124,1060,""
60.142,sender,61786f30-4c75-4147-a29d-ce70f84af3e7,RECEIVE,ACK,93,36,""
60.220,sender,61786f30-4c75-4147-a29d-ce70f84af3e7,ACKNOWLEDGED,ACK,93,0,""
60.244,sender,61786f30-4c75-4147-a29d-ce70f84af3e7,CONFIRM_DATA,ACK,93,1024,"unique file bytes acknowledged"
60.300,sender,61786f30-4c75-4147-a29d-ce70f84af3e7,RTT_SAMPLE,ACK,93,0,"8.008300"
60.337,sender,61786f30-4c75-4147-a29d-ce70f84af3e7,SEND,DATA,125,1060,""
60.399,sender,61786f30-4c75-4147-a29d-ce70f84af3e7,EMIT,DATA,125,1060,""
60.452,sender,61786f30-4c75-4147-a29d-ce70f84af3e7,RECEIVE,ACK,94,36,""
60.483,sender,61786f30-4c75-4147-a29d-ce70f84af3e7,ACKNOWLEDGED,ACK,94,0,""
60.517,sender,61786f30-4c75-4147-a29d-ce70f84af3e7,CONFIRM_DATA,ACK,94,1024,"unique file bytes acknowledged"
60.582,sender,61786f30-4c75-4147-a29d-ce70f84af3e7,RTT_SAMPLE,ACK,94,0,"8.064700"
60.625,sender,61786f30-4c75-4147-a29d-ce70f84af3e7,SEND,DATA,126,1060,""
60.699,sender,61786f30-4c75-4147-a29d-ce70f84af3e7,EMIT,DATA,126,1060,""
60.760,sender,61786f30-4c75-4147-a29d-ce70f84af3e7,RECEIVE,ACK,95,36,""
60.856,sender,61786f30-4c75-4147-a29d-ce70f84af3e7,ACKNOWLEDGED,ACK,95,0,""
60.884,sender,61786f30-4c75-4147-a29d-ce70f84af3e7,CONFIRM_DATA,ACK,95,1024,"unique file bytes acknowledged"
60.914,sender,61786f30-4c75-4147-a29d-ce70f84af3e7,RTT_SAMPLE,ACK,95,0,"8.197000"
60.966,sender,61786f30-4c75-4147-a29d-ce70f84af3e7,SEND,DATA,127,1060,""
61.028,sender,61786f30-4c75-4147-a29d-ce70f84af3e7,EMIT,DATA,127,1060,""
61.089,sender,61786f30-4c75-4147-a29d-ce70f84af3e7,RECEIVE,ACK,96,36,""
61.134,sender,61786f30-4c75-4147-a29d-ce70f84af3e7,ACKNOWLEDGED,ACK,96,0,""
61.155,sender,61786f30-4c75-4147-a29d-ce70f84af3e7,CONFIRM_DATA,ACK,96,1024,"unique file bytes acknowledged"
61.186,sender,61786f30-4c75-4147-a29d-ce70f84af3e7,RTT_SAMPLE,ACK,96,0,"8.247700"
61.266,sender,61786f30-4c75-4147-a29d-ce70f84af3e7,SEND,DATA,128,1060,""
61.328,sender,61786f30-4c75-4147-a29d-ce70f84af3e7,EMIT,DATA,128,1060,""
61.385,sender,61786f30-4c75-4147-a29d-ce70f84af3e7,RECEIVE,ACK,97,36,""
61.416,sender,61786f30-4c75-4147-a29d-ce70f84af3e7,ACKNOWLEDGED,ACK,97,0,""
61.442,sender,61786f30-4c75-4147-a29d-ce70f84af3e7,CONFIRM_DATA,ACK,97,1024,"unique file bytes acknowledged"
61.476,sender,61786f30-4c75-4147-a29d-ce70f84af3e7,RTT_SAMPLE,ACK,97,0,"8.299800"
61.519,sender,61786f30-4c75-4147-a29d-ce70f84af3e7,SEND,DATA,129,1060,""
61.606,sender,61786f30-4c75-4147-a29d-ce70f84af3e7,EMIT,DATA,129,1060,""
61.669,sender,61786f30-4c75-4147-a29d-ce70f84af3e7,RECEIVE,ACK,98,36,""
61.725,sender,61786f30-4c75-4147-a29d-ce70f84af3e7,ACKNOWLEDGED,ACK,98,0,""
61.768,sender,61786f30-4c75-4147-a29d-ce70f84af3e7,CONFIRM_DATA,ACK,98,1024,"unique file bytes acknowledged"
61.827,sender,61786f30-4c75-4147-a29d-ce70f84af3e7,RTT_SAMPLE,ACK,98,0,"8.305100"
61.923,sender,61786f30-4c75-4147-a29d-ce70f84af3e7,SEND,DATA,130,1060,""
62.006,sender,61786f30-4c75-4147-a29d-ce70f84af3e7,EMIT,DATA,130,1060,""
62.079,sender,61786f30-4c75-4147-a29d-ce70f84af3e7,RECEIVE,ACK,99,36,""
62.118,sender,61786f30-4c75-4147-a29d-ce70f84af3e7,ACKNOWLEDGED,ACK,99,0,""
62.143,sender,61786f30-4c75-4147-a29d-ce70f84af3e7,CONFIRM_DATA,ACK,99,1024,"unique file bytes acknowledged"
62.199,sender,61786f30-4c75-4147-a29d-ce70f84af3e7,RTT_SAMPLE,ACK,99,0,"8.292400"
62.256,sender,61786f30-4c75-4147-a29d-ce70f84af3e7,SEND,DATA,131,1060,""
62.343,sender,61786f30-4c75-4147-a29d-ce70f84af3e7,EMIT,DATA,131,1060,""
62.424,sender,61786f30-4c75-4147-a29d-ce70f84af3e7,RECEIVE,ACK,100,36,""
62.476,sender,61786f30-4c75-4147-a29d-ce70f84af3e7,ACKNOWLEDGED,ACK,100,0,""
62.515,sender,61786f30-4c75-4147-a29d-ce70f84af3e7,CONFIRM_DATA,ACK,100,1024,"unique file bytes acknowledged"
62.563,sender,61786f30-4c75-4147-a29d-ce70f84af3e7,RTT_SAMPLE,ACK,100,0,"8.498700"
62.614,sender,61786f30-4c75-4147-a29d-ce70f84af3e7,SEND,DATA,132,1060,""
62.675,sender,61786f30-4c75-4147-a29d-ce70f84af3e7,EMIT,DATA,132,1060,""
62.739,sender,61786f30-4c75-4147-a29d-ce70f84af3e7,RECEIVE,ACK,101,36,""
62.772,sender,61786f30-4c75-4147-a29d-ce70f84af3e7,ACKNOWLEDGED,ACK,101,0,""
62.792,sender,61786f30-4c75-4147-a29d-ce70f84af3e7,CONFIRM_DATA,ACK,101,1024,"unique file bytes acknowledged"
62.841,sender,61786f30-4c75-4147-a29d-ce70f84af3e7,RTT_SAMPLE,ACK,101,0,"8.635400"
62.893,sender,61786f30-4c75-4147-a29d-ce70f84af3e7,SEND,DATA,133,1060,""
62.965,sender,61786f30-4c75-4147-a29d-ce70f84af3e7,EMIT,DATA,133,1060,""
63.053,sender,61786f30-4c75-4147-a29d-ce70f84af3e7,RECEIVE,ACK,102,36,""
63.110,sender,61786f30-4c75-4147-a29d-ce70f84af3e7,ACKNOWLEDGED,ACK,102,0,""
63.135,sender,61786f30-4c75-4147-a29d-ce70f84af3e7,CONFIRM_DATA,ACK,102,1024,"unique file bytes acknowledged"
63.185,sender,61786f30-4c75-4147-a29d-ce70f84af3e7,RTT_SAMPLE,ACK,102,0,"8.753700"
63.224,sender,61786f30-4c75-4147-a29d-ce70f84af3e7,SEND,DATA,134,1060,""
63.278,sender,61786f30-4c75-4147-a29d-ce70f84af3e7,EMIT,DATA,134,1060,""
63.348,sender,61786f30-4c75-4147-a29d-ce70f84af3e7,RECEIVE,ACK,103,36,""
63.382,sender,61786f30-4c75-4147-a29d-ce70f84af3e7,ACKNOWLEDGED,ACK,103,0,""
63.422,sender,61786f30-4c75-4147-a29d-ce70f84af3e7,CONFIRM_DATA,ACK,103,1024,"unique file bytes acknowledged"
63.461,sender,61786f30-4c75-4147-a29d-ce70f84af3e7,RTT_SAMPLE,ACK,103,0,"8.792700"
63.506,sender,61786f30-4c75-4147-a29d-ce70f84af3e7,SEND,DATA,135,1060,""
63.555,sender,61786f30-4c75-4147-a29d-ce70f84af3e7,EMIT,DATA,135,1060,""
63.611,sender,61786f30-4c75-4147-a29d-ce70f84af3e7,RECEIVE,ACK,104,36,""
63.657,sender,61786f30-4c75-4147-a29d-ce70f84af3e7,ACKNOWLEDGED,ACK,104,0,""
63.688,sender,61786f30-4c75-4147-a29d-ce70f84af3e7,CONFIRM_DATA,ACK,104,1024,"unique file bytes acknowledged"
63.717,sender,61786f30-4c75-4147-a29d-ce70f84af3e7,RTT_SAMPLE,ACK,104,0,"8.835400"
63.753,sender,61786f30-4c75-4147-a29d-ce70f84af3e7,SEND,DATA,136,1060,""
63.806,sender,61786f30-4c75-4147-a29d-ce70f84af3e7,EMIT,DATA,136,1060,""
63.865,sender,61786f30-4c75-4147-a29d-ce70f84af3e7,RECEIVE,ACK,105,36,""
63.911,sender,61786f30-4c75-4147-a29d-ce70f84af3e7,ACKNOWLEDGED,ACK,105,0,""
63.938,sender,61786f30-4c75-4147-a29d-ce70f84af3e7,CONFIRM_DATA,ACK,105,1024,"unique file bytes acknowledged"
63.992,sender,61786f30-4c75-4147-a29d-ce70f84af3e7,RTT_SAMPLE,ACK,105,0,"8.496500"
64.109,sender,61786f30-4c75-4147-a29d-ce70f84af3e7,SEND,DATA,137,1060,""
64.171,sender,61786f30-4c75-4147-a29d-ce70f84af3e7,EMIT,DATA,137,1060,""
64.261,sender,61786f30-4c75-4147-a29d-ce70f84af3e7,RECEIVE,ACK,106,36,""
64.302,sender,61786f30-4c75-4147-a29d-ce70f84af3e7,ACKNOWLEDGED,ACK,106,0,""
64.333,sender,61786f30-4c75-4147-a29d-ce70f84af3e7,CONFIRM_DATA,ACK,106,1024,"unique file bytes acknowledged"
64.367,sender,61786f30-4c75-4147-a29d-ce70f84af3e7,RTT_SAMPLE,ACK,106,0,"8.656800"
64.417,sender,61786f30-4c75-4147-a29d-ce70f84af3e7,SEND,DATA,138,1060,""
65.142,sender,61786f30-4c75-4147-a29d-ce70f84af3e7,EMIT,DATA,138,1060,""
65.242,sender,61786f30-4c75-4147-a29d-ce70f84af3e7,RECEIVE,ACK,107,36,""
65.314,sender,61786f30-4c75-4147-a29d-ce70f84af3e7,ACKNOWLEDGED,ACK,107,0,""
65.362,sender,61786f30-4c75-4147-a29d-ce70f84af3e7,CONFIRM_DATA,ACK,107,1024,"unique file bytes acknowledged"
65.432,sender,61786f30-4c75-4147-a29d-ce70f84af3e7,RTT_SAMPLE,ACK,107,0,"9.527500"
65.480,sender,61786f30-4c75-4147-a29d-ce70f84af3e7,SEND,DATA,139,1060,""
65.561,sender,61786f30-4c75-4147-a29d-ce70f84af3e7,EMIT,DATA,139,1060,""
65.636,sender,61786f30-4c75-4147-a29d-ce70f84af3e7,RECEIVE,ACK,108,36,""
65.670,sender,61786f30-4c75-4147-a29d-ce70f84af3e7,ACKNOWLEDGED,ACK,108,0,""
65.690,sender,61786f30-4c75-4147-a29d-ce70f84af3e7,CONFIRM_DATA,ACK,108,1024,"unique file bytes acknowledged"
65.725,sender,61786f30-4c75-4147-a29d-ce70f84af3e7,RTT_SAMPLE,ACK,108,0,"9.614200"
65.771,sender,61786f30-4c75-4147-a29d-ce70f84af3e7,SEND,DATA,140,1060,""
65.840,sender,61786f30-4c75-4147-a29d-ce70f84af3e7,EMIT,DATA,140,1060,""
65.919,sender,61786f30-4c75-4147-a29d-ce70f84af3e7,RECEIVE,ACK,109,36,""
65.953,sender,61786f30-4c75-4147-a29d-ce70f84af3e7,ACKNOWLEDGED,ACK,109,0,""
65.974,sender,61786f30-4c75-4147-a29d-ce70f84af3e7,CONFIRM_DATA,ACK,109,1024,"unique file bytes acknowledged"
66.015,sender,61786f30-4c75-4147-a29d-ce70f84af3e7,RTT_SAMPLE,ACK,109,0,"9.649200"
66.073,sender,61786f30-4c75-4147-a29d-ce70f84af3e7,SEND,DATA,141,1060,""
66.157,sender,61786f30-4c75-4147-a29d-ce70f84af3e7,EMIT,DATA,141,1060,""
66.291,sender,61786f30-4c75-4147-a29d-ce70f84af3e7,RECEIVE,ACK,110,36,""
66.330,sender,61786f30-4c75-4147-a29d-ce70f84af3e7,ACKNOWLEDGED,ACK,110,0,""
66.396,sender,61786f30-4c75-4147-a29d-ce70f84af3e7,CONFIRM_DATA,ACK,110,1024,"unique file bytes acknowledged"
66.465,sender,61786f30-4c75-4147-a29d-ce70f84af3e7,RTT_SAMPLE,ACK,110,0,"9.837100"
66.516,sender,61786f30-4c75-4147-a29d-ce70f84af3e7,SEND,DATA,142,1060,""
66.592,sender,61786f30-4c75-4147-a29d-ce70f84af3e7,EMIT,DATA,142,1060,""
66.667,sender,61786f30-4c75-4147-a29d-ce70f84af3e7,RECEIVE,ACK,111,36,""
66.730,sender,61786f30-4c75-4147-a29d-ce70f84af3e7,ACKNOWLEDGED,ACK,111,0,""
66.803,sender,61786f30-4c75-4147-a29d-ce70f84af3e7,CONFIRM_DATA,ACK,111,1024,"unique file bytes acknowledged"
66.841,sender,61786f30-4c75-4147-a29d-ce70f84af3e7,RTT_SAMPLE,ACK,111,0,"9.977100"
66.901,sender,61786f30-4c75-4147-a29d-ce70f84af3e7,SEND,DATA,143,1060,""
66.966,sender,61786f30-4c75-4147-a29d-ce70f84af3e7,EMIT,DATA,143,1060,""
67.027,sender,61786f30-4c75-4147-a29d-ce70f84af3e7,RECEIVE,ACK,112,36,""
67.086,sender,61786f30-4c75-4147-a29d-ce70f84af3e7,ACKNOWLEDGED,ACK,112,0,""
67.123,sender,61786f30-4c75-4147-a29d-ce70f84af3e7,CONFIRM_DATA,ACK,112,1024,"unique file bytes acknowledged"
67.157,sender,61786f30-4c75-4147-a29d-ce70f84af3e7,RTT_SAMPLE,ACK,112,0,"10.095600"
67.217,sender,61786f30-4c75-4147-a29d-ce70f84af3e7,SEND,DATA,144,1060,""
67.288,sender,61786f30-4c75-4147-a29d-ce70f84af3e7,EMIT,DATA,144,1060,""
67.366,sender,61786f30-4c75-4147-a29d-ce70f84af3e7,RECEIVE,ACK,113,36,""
67.440,sender,61786f30-4c75-4147-a29d-ce70f84af3e7,ACKNOWLEDGED,ACK,113,0,""
67.522,sender,61786f30-4c75-4147-a29d-ce70f84af3e7,CONFIRM_DATA,ACK,113,1024,"unique file bytes acknowledged"
67.595,sender,61786f30-4c75-4147-a29d-ce70f84af3e7,RTT_SAMPLE,ACK,113,0,"10.385100"
67.633,sender,61786f30-4c75-4147-a29d-ce70f84af3e7,SEND,DATA,145,1060,""
67.708,sender,61786f30-4c75-4147-a29d-ce70f84af3e7,EMIT,DATA,145,1060,""
67.776,sender,61786f30-4c75-4147-a29d-ce70f84af3e7,RECEIVE,ACK,114,36,""
67.835,sender,61786f30-4c75-4147-a29d-ce70f84af3e7,ACKNOWLEDGED,ACK,114,0,""
67.865,sender,61786f30-4c75-4147-a29d-ce70f84af3e7,CONFIRM_DATA,ACK,114,1024,"unique file bytes acknowledged"
67.902,sender,61786f30-4c75-4147-a29d-ce70f84af3e7,RTT_SAMPLE,ACK,114,0,"10.521600"
67.942,sender,61786f30-4c75-4147-a29d-ce70f84af3e7,SEND,DATA,146,1060,""
68.003,sender,61786f30-4c75-4147-a29d-ce70f84af3e7,EMIT,DATA,146,1060,""
68.091,sender,61786f30-4c75-4147-a29d-ce70f84af3e7,RECEIVE,ACK,115,36,""
68.133,sender,61786f30-4c75-4147-a29d-ce70f84af3e7,ACKNOWLEDGED,ACK,115,0,""
68.184,sender,61786f30-4c75-4147-a29d-ce70f84af3e7,CONFIRM_DATA,ACK,115,1024,"unique file bytes acknowledged"
68.233,sender,61786f30-4c75-4147-a29d-ce70f84af3e7,RTT_SAMPLE,ACK,115,0,"10.600700"
68.272,sender,61786f30-4c75-4147-a29d-ce70f84af3e7,SEND,DATA,147,1060,""
68.350,sender,61786f30-4c75-4147-a29d-ce70f84af3e7,EMIT,DATA,147,1060,""
68.406,sender,61786f30-4c75-4147-a29d-ce70f84af3e7,RECEIVE,ACK,116,36,""
68.456,sender,61786f30-4c75-4147-a29d-ce70f84af3e7,ACKNOWLEDGED,ACK,116,0,""
68.481,sender,61786f30-4c75-4147-a29d-ce70f84af3e7,CONFIRM_DATA,ACK,116,1024,"unique file bytes acknowledged"
68.511,sender,61786f30-4c75-4147-a29d-ce70f84af3e7,RTT_SAMPLE,ACK,116,0,"10.692600"
68.546,sender,61786f30-4c75-4147-a29d-ce70f84af3e7,SEND,DATA,148,1060,""
68.595,sender,61786f30-4c75-4147-a29d-ce70f84af3e7,EMIT,DATA,148,1060,""
68.660,sender,61786f30-4c75-4147-a29d-ce70f84af3e7,RECEIVE,ACK,117,36,""
68.710,sender,61786f30-4c75-4147-a29d-ce70f84af3e7,ACKNOWLEDGED,ACK,117,0,""
68.734,sender,61786f30-4c75-4147-a29d-ce70f84af3e7,CONFIRM_DATA,ACK,117,1024,"unique file bytes acknowledged"
68.767,sender,61786f30-4c75-4147-a29d-ce70f84af3e7,RTT_SAMPLE,ACK,117,0,"10.749300"
68.818,sender,61786f30-4c75-4147-a29d-ce70f84af3e7,SEND,DATA,149,1060,""
68.891,sender,61786f30-4c75-4147-a29d-ce70f84af3e7,EMIT,DATA,149,1060,""
68.992,sender,61786f30-4c75-4147-a29d-ce70f84af3e7,RECEIVE,ACK,118,36,""
69.058,sender,61786f30-4c75-4147-a29d-ce70f84af3e7,ACKNOWLEDGED,ACK,118,0,""
69.101,sender,61786f30-4c75-4147-a29d-ce70f84af3e7,CONFIRM_DATA,ACK,118,1024,"unique file bytes acknowledged"
69.158,sender,61786f30-4c75-4147-a29d-ce70f84af3e7,RTT_SAMPLE,ACK,118,0,"10.944700"
69.196,sender,61786f30-4c75-4147-a29d-ce70f84af3e7,SEND,DATA,150,1060,""
69.266,sender,61786f30-4c75-4147-a29d-ce70f84af3e7,EMIT,DATA,150,1060,""
69.341,sender,61786f30-4c75-4147-a29d-ce70f84af3e7,RECEIVE,ACK,119,36,""
69.373,sender,61786f30-4c75-4147-a29d-ce70f84af3e7,ACKNOWLEDGED,ACK,119,0,""
69.466,sender,61786f30-4c75-4147-a29d-ce70f84af3e7,CONFIRM_DATA,ACK,119,1024,"unique file bytes acknowledged"
69.504,sender,61786f30-4c75-4147-a29d-ce70f84af3e7,RTT_SAMPLE,ACK,119,0,"11.125700"
69.615,sender,61786f30-4c75-4147-a29d-ce70f84af3e7,SEND,DATA,151,1060,""
69.674,sender,61786f30-4c75-4147-a29d-ce70f84af3e7,EMIT,DATA,151,1060,""
69.729,sender,61786f30-4c75-4147-a29d-ce70f84af3e7,RECEIVE,ACK,120,36,""
69.812,sender,61786f30-4c75-4147-a29d-ce70f84af3e7,ACKNOWLEDGED,ACK,120,0,""
69.835,sender,61786f30-4c75-4147-a29d-ce70f84af3e7,CONFIRM_DATA,ACK,120,1024,"unique file bytes acknowledged"
69.887,sender,61786f30-4c75-4147-a29d-ce70f84af3e7,RTT_SAMPLE,ACK,120,0,"11.313700"
69.928,sender,61786f30-4c75-4147-a29d-ce70f84af3e7,SEND,DATA,152,1060,""
70.030,sender,61786f30-4c75-4147-a29d-ce70f84af3e7,EMIT,DATA,152,1060,""
70.108,sender,61786f30-4c75-4147-a29d-ce70f84af3e7,RECEIVE,ACK,121,36,""
70.166,sender,61786f30-4c75-4147-a29d-ce70f84af3e7,ACKNOWLEDGED,ACK,121,0,""
70.196,sender,61786f30-4c75-4147-a29d-ce70f84af3e7,CONFIRM_DATA,ACK,121,1024,"unique file bytes acknowledged"
70.234,sender,61786f30-4c75-4147-a29d-ce70f84af3e7,RTT_SAMPLE,ACK,121,0,"11.433900"
70.273,sender,61786f30-4c75-4147-a29d-ce70f84af3e7,SEND,DATA,153,1060,""
70.340,sender,61786f30-4c75-4147-a29d-ce70f84af3e7,EMIT,DATA,153,1060,""
70.399,sender,61786f30-4c75-4147-a29d-ce70f84af3e7,RECEIVE,ACK,122,36,""
70.432,sender,61786f30-4c75-4147-a29d-ce70f84af3e7,ACKNOWLEDGED,ACK,122,0,""
70.458,sender,61786f30-4c75-4147-a29d-ce70f84af3e7,CONFIRM_DATA,ACK,122,1024,"unique file bytes acknowledged"
70.514,sender,61786f30-4c75-4147-a29d-ce70f84af3e7,RTT_SAMPLE,ACK,122,0,"11.240600"
70.573,sender,61786f30-4c75-4147-a29d-ce70f84af3e7,SEND,DATA,154,1060,""
70.641,sender,61786f30-4c75-4147-a29d-ce70f84af3e7,EMIT,DATA,154,1060,""
70.697,sender,61786f30-4c75-4147-a29d-ce70f84af3e7,RECEIVE,ACK,123,36,""
70.746,sender,61786f30-4c75-4147-a29d-ce70f84af3e7,ACKNOWLEDGED,ACK,123,0,""
70.933,sender,61786f30-4c75-4147-a29d-ce70f84af3e7,CONFIRM_DATA,ACK,123,1024,"unique file bytes acknowledged"
70.989,sender,61786f30-4c75-4147-a29d-ce70f84af3e7,RTT_SAMPLE,ACK,123,0,"11.321000"
71.032,sender,61786f30-4c75-4147-a29d-ce70f84af3e7,SEND,DATA,155,1060,""
71.108,sender,61786f30-4c75-4147-a29d-ce70f84af3e7,EMIT,DATA,155,1060,""
71.170,sender,61786f30-4c75-4147-a29d-ce70f84af3e7,RECEIVE,ACK,124,36,""
71.210,sender,61786f30-4c75-4147-a29d-ce70f84af3e7,ACKNOWLEDGED,ACK,124,0,""
71.245,sender,61786f30-4c75-4147-a29d-ce70f84af3e7,CONFIRM_DATA,ACK,124,1024,"unique file bytes acknowledged"
71.305,sender,61786f30-4c75-4147-a29d-ce70f84af3e7,RTT_SAMPLE,ACK,124,0,"11.346900"
71.356,sender,61786f30-4c75-4147-a29d-ce70f84af3e7,SEND,DATA,156,1060,""
71.438,sender,61786f30-4c75-4147-a29d-ce70f84af3e7,EMIT,DATA,156,1060,""
71.497,sender,61786f30-4c75-4147-a29d-ce70f84af3e7,RECEIVE,ACK,125,36,""
71.531,sender,61786f30-4c75-4147-a29d-ce70f84af3e7,ACKNOWLEDGED,ACK,125,0,""
71.562,sender,61786f30-4c75-4147-a29d-ce70f84af3e7,CONFIRM_DATA,ACK,125,1024,"unique file bytes acknowledged"
71.616,sender,61786f30-4c75-4147-a29d-ce70f84af3e7,RTT_SAMPLE,ACK,125,0,"11.271700"
71.688,sender,61786f30-4c75-4147-a29d-ce70f84af3e7,SEND,DATA,157,1060,""
71.771,sender,61786f30-4c75-4147-a29d-ce70f84af3e7,EMIT,DATA,157,1060,""
71.881,sender,61786f30-4c75-4147-a29d-ce70f84af3e7,RECEIVE,ACK,126,36,""
71.922,sender,61786f30-4c75-4147-a29d-ce70f84af3e7,ACKNOWLEDGED,ACK,126,0,""
71.972,sender,61786f30-4c75-4147-a29d-ce70f84af3e7,CONFIRM_DATA,ACK,126,1024,"unique file bytes acknowledged"
72.016,sender,61786f30-4c75-4147-a29d-ce70f84af3e7,RTT_SAMPLE,ACK,126,0,"11.390000"
72.061,sender,61786f30-4c75-4147-a29d-ce70f84af3e7,SEND,DATA,158,1060,""
72.300,sender,61786f30-4c75-4147-a29d-ce70f84af3e7,EMIT,DATA,158,1060,""
72.376,sender,61786f30-4c75-4147-a29d-ce70f84af3e7,RECEIVE,ACK,127,36,""
72.413,sender,61786f30-4c75-4147-a29d-ce70f84af3e7,ACKNOWLEDGED,ACK,127,0,""
72.460,sender,61786f30-4c75-4147-a29d-ce70f84af3e7,CONFIRM_DATA,ACK,127,1024,"unique file bytes acknowledged"
72.506,sender,61786f30-4c75-4147-a29d-ce70f84af3e7,RTT_SAMPLE,ACK,127,0,"11.544500"
72.579,sender,61786f30-4c75-4147-a29d-ce70f84af3e7,SEND,DATA,159,1060,""
72.674,sender,61786f30-4c75-4147-a29d-ce70f84af3e7,EMIT,DATA,159,1060,""
72.713,sender,61786f30-4c75-4147-a29d-ce70f84af3e7,RECEIVE,ACK,128,36,""
72.756,sender,61786f30-4c75-4147-a29d-ce70f84af3e7,ACKNOWLEDGED,ACK,128,0,""
72.799,sender,61786f30-4c75-4147-a29d-ce70f84af3e7,CONFIRM_DATA,ACK,128,1024,"unique file bytes acknowledged"
72.840,sender,61786f30-4c75-4147-a29d-ce70f84af3e7,RTT_SAMPLE,ACK,128,0,"11.569800"
72.866,sender,61786f30-4c75-4147-a29d-ce70f84af3e7,SEND,DATA,160,1060,""
72.898,sender,61786f30-4c75-4147-a29d-ce70f84af3e7,EMIT,DATA,160,1060,""
72.928,sender,61786f30-4c75-4147-a29d-ce70f84af3e7,RECEIVE,ACK,129,36,""
72.982,sender,61786f30-4c75-4147-a29d-ce70f84af3e7,ACKNOWLEDGED,ACK,129,0,""
72.998,sender,61786f30-4c75-4147-a29d-ce70f84af3e7,CONFIRM_DATA,ACK,129,1024,"unique file bytes acknowledged"
73.032,sender,61786f30-4c75-4147-a29d-ce70f84af3e7,RTT_SAMPLE,ACK,129,0,"11.514000"
73.058,sender,61786f30-4c75-4147-a29d-ce70f84af3e7,SEND,DATA,161,1060,""
73.146,sender,61786f30-4c75-4147-a29d-ce70f84af3e7,EMIT,DATA,161,1060,""
73.179,sender,61786f30-4c75-4147-a29d-ce70f84af3e7,RECEIVE,ACK,130,36,""
73.235,sender,61786f30-4c75-4147-a29d-ce70f84af3e7,ACKNOWLEDGED,ACK,130,0,""
73.252,sender,61786f30-4c75-4147-a29d-ce70f84af3e7,CONFIRM_DATA,ACK,130,1024,"unique file bytes acknowledged"
73.270,sender,61786f30-4c75-4147-a29d-ce70f84af3e7,RTT_SAMPLE,ACK,130,0,"11.362100"
73.334,sender,61786f30-4c75-4147-a29d-ce70f84af3e7,SEND,DATA,162,1060,""
73.366,sender,61786f30-4c75-4147-a29d-ce70f84af3e7,EMIT,DATA,162,1060,""
73.391,sender,61786f30-4c75-4147-a29d-ce70f84af3e7,RECEIVE,ACK,131,36,""
73.410,sender,61786f30-4c75-4147-a29d-ce70f84af3e7,ACKNOWLEDGED,ACK,131,0,""
73.425,sender,61786f30-4c75-4147-a29d-ce70f84af3e7,CONFIRM_DATA,ACK,131,1024,"unique file bytes acknowledged"
73.445,sender,61786f30-4c75-4147-a29d-ce70f84af3e7,RTT_SAMPLE,ACK,131,0,"11.197100"
73.523,sender,61786f30-4c75-4147-a29d-ce70f84af3e7,SEND,DATA,163,1060,""
73.558,sender,61786f30-4c75-4147-a29d-ce70f84af3e7,EMIT,DATA,163,1060,""
73.583,sender,61786f30-4c75-4147-a29d-ce70f84af3e7,RECEIVE,ACK,132,36,""
73.635,sender,61786f30-4c75-4147-a29d-ce70f84af3e7,ACKNOWLEDGED,ACK,132,0,""
73.652,sender,61786f30-4c75-4147-a29d-ce70f84af3e7,CONFIRM_DATA,ACK,132,1024,"unique file bytes acknowledged"
73.681,sender,61786f30-4c75-4147-a29d-ce70f84af3e7,RTT_SAMPLE,ACK,132,0,"11.070300"
73.717,sender,61786f30-4c75-4147-a29d-ce70f84af3e7,SEND,DATA,164,1060,""
73.747,sender,61786f30-4c75-4147-a29d-ce70f84af3e7,EMIT,DATA,164,1060,""
73.804,sender,61786f30-4c75-4147-a29d-ce70f84af3e7,RECEIVE,ACK,133,36,""
73.825,sender,61786f30-4c75-4147-a29d-ce70f84af3e7,ACKNOWLEDGED,ACK,133,0,""
73.847,sender,61786f30-4c75-4147-a29d-ce70f84af3e7,CONFIRM_DATA,ACK,133,1024,"unique file bytes acknowledged"
73.883,sender,61786f30-4c75-4147-a29d-ce70f84af3e7,RTT_SAMPLE,ACK,133,0,"10.994000"
73.942,sender,61786f30-4c75-4147-a29d-ce70f84af3e7,SEND,DATA,165,1060,""
73.977,sender,61786f30-4c75-4147-a29d-ce70f84af3e7,EMIT,DATA,165,1060,""
74.003,sender,61786f30-4c75-4147-a29d-ce70f84af3e7,RECEIVE,ACK,134,36,""
74.023,sender,61786f30-4c75-4147-a29d-ce70f84af3e7,ACKNOWLEDGED,ACK,134,0,""
74.037,sender,61786f30-4c75-4147-a29d-ce70f84af3e7,CONFIRM_DATA,ACK,134,1024,"unique file bytes acknowledged"
74.088,sender,61786f30-4c75-4147-a29d-ce70f84af3e7,RTT_SAMPLE,ACK,134,0,"10.866800"
74.116,sender,61786f30-4c75-4147-a29d-ce70f84af3e7,SEND,DATA,166,1060,""
74.147,sender,61786f30-4c75-4147-a29d-ce70f84af3e7,EMIT,DATA,166,1060,""
74.185,sender,61786f30-4c75-4147-a29d-ce70f84af3e7,RECEIVE,ACK,135,36,""
74.204,sender,61786f30-4c75-4147-a29d-ce70f84af3e7,ACKNOWLEDGED,ACK,135,0,""
74.217,sender,61786f30-4c75-4147-a29d-ce70f84af3e7,CONFIRM_DATA,ACK,135,1024,"unique file bytes acknowledged"
74.244,sender,61786f30-4c75-4147-a29d-ce70f84af3e7,RTT_SAMPLE,ACK,135,0,"10.732900"
74.279,sender,61786f30-4c75-4147-a29d-ce70f84af3e7,SEND,DATA,167,1060,""
74.308,sender,61786f30-4c75-4147-a29d-ce70f84af3e7,EMIT,DATA,167,1060,""
74.335,sender,61786f30-4c75-4147-a29d-ce70f84af3e7,RECEIVE,ACK,136,36,""
74.355,sender,61786f30-4c75-4147-a29d-ce70f84af3e7,ACKNOWLEDGED,ACK,136,0,""
74.411,sender,61786f30-4c75-4147-a29d-ce70f84af3e7,CONFIRM_DATA,ACK,136,1024,"unique file bytes acknowledged"
74.432,sender,61786f30-4c75-4147-a29d-ce70f84af3e7,RTT_SAMPLE,ACK,136,0,"10.681700"
74.475,sender,61786f30-4c75-4147-a29d-ce70f84af3e7,SEND,DATA,168,1060,""
74.505,sender,61786f30-4c75-4147-a29d-ce70f84af3e7,EMIT,DATA,168,1060,""
74.562,sender,61786f30-4c75-4147-a29d-ce70f84af3e7,RECEIVE,ACK,137,36,""
74.581,sender,61786f30-4c75-4147-a29d-ce70f84af3e7,ACKNOWLEDGED,ACK,137,0,""
74.632,sender,61786f30-4c75-4147-a29d-ce70f84af3e7,CONFIRM_DATA,ACK,137,1024,"unique file bytes acknowledged"
74.655,sender,61786f30-4c75-4147-a29d-ce70f84af3e7,RTT_SAMPLE,ACK,137,0,"10.626300"
74.709,sender,61786f30-4c75-4147-a29d-ce70f84af3e7,SEND,DATA,169,1060,""
74.774,sender,61786f30-4c75-4147-a29d-ce70f84af3e7,EMIT,DATA,169,1060,""
74.800,sender,61786f30-4c75-4147-a29d-ce70f84af3e7,RECEIVE,ACK,138,36,""
74.825,sender,61786f30-4c75-4147-a29d-ce70f84af3e7,ACKNOWLEDGED,ACK,138,0,""
74.842,sender,61786f30-4c75-4147-a29d-ce70f84af3e7,CONFIRM_DATA,ACK,138,1024,"unique file bytes acknowledged"
74.861,sender,61786f30-4c75-4147-a29d-ce70f84af3e7,RTT_SAMPLE,ACK,138,0,"10.446100"
74.904,sender,61786f30-4c75-4147-a29d-ce70f84af3e7,SEND,DATA,170,1060,""
74.933,sender,61786f30-4c75-4147-a29d-ce70f84af3e7,EMIT,DATA,170,1060,""
74.958,sender,61786f30-4c75-4147-a29d-ce70f84af3e7,RECEIVE,ACK,139,36,""
75.001,sender,61786f30-4c75-4147-a29d-ce70f84af3e7,ACKNOWLEDGED,ACK,139,0,""
75.017,sender,61786f30-4c75-4147-a29d-ce70f84af3e7,CONFIRM_DATA,ACK,139,1024,"unique file bytes acknowledged"
75.047,sender,61786f30-4c75-4147-a29d-ce70f84af3e7,RTT_SAMPLE,ACK,139,0,"9.564100"
75.078,sender,61786f30-4c75-4147-a29d-ce70f84af3e7,SEND,DATA,171,1060,""
75.233,sender,61786f30-4c75-4147-a29d-ce70f84af3e7,EMIT,DATA,171,1060,""
75.266,sender,61786f30-4c75-4147-a29d-ce70f84af3e7,RECEIVE,ACK,140,36,""
75.297,sender,61786f30-4c75-4147-a29d-ce70f84af3e7,ACKNOWLEDGED,ACK,140,0,""
75.313,sender,61786f30-4c75-4147-a29d-ce70f84af3e7,CONFIRM_DATA,ACK,140,1024,"unique file bytes acknowledged"
75.376,sender,61786f30-4c75-4147-a29d-ce70f84af3e7,RTT_SAMPLE,ACK,140,0,"9.603100"
75.407,sender,61786f30-4c75-4147-a29d-ce70f84af3e7,SEND,DATA,172,1060,""
75.445,sender,61786f30-4c75-4147-a29d-ce70f84af3e7,EMIT,DATA,172,1060,""
75.479,sender,61786f30-4c75-4147-a29d-ce70f84af3e7,RECEIVE,ACK,141,36,""
75.500,sender,61786f30-4c75-4147-a29d-ce70f84af3e7,ACKNOWLEDGED,ACK,141,0,""
75.523,sender,61786f30-4c75-4147-a29d-ce70f84af3e7,CONFIRM_DATA,ACK,141,1024,"unique file bytes acknowledged"
75.554,sender,61786f30-4c75-4147-a29d-ce70f84af3e7,RTT_SAMPLE,ACK,141,0,"9.495300"
75.595,sender,61786f30-4c75-4147-a29d-ce70f84af3e7,SEND,DATA,173,1060,""
75.632,sender,61786f30-4c75-4147-a29d-ce70f84af3e7,EMIT,DATA,173,1060,""
75.659,sender,61786f30-4c75-4147-a29d-ce70f84af3e7,RECEIVE,ACK,142,36,""
75.678,sender,61786f30-4c75-4147-a29d-ce70f84af3e7,ACKNOWLEDGED,ACK,142,0,""
75.723,sender,61786f30-4c75-4147-a29d-ce70f84af3e7,CONFIRM_DATA,ACK,142,1024,"unique file bytes acknowledged"
75.766,sender,61786f30-4c75-4147-a29d-ce70f84af3e7,RTT_SAMPLE,ACK,142,0,"9.249700"
75.788,sender,61786f30-4c75-4147-a29d-ce70f84af3e7,SEND,DATA,174,1060,""
75.828,sender,61786f30-4c75-4147-a29d-ce70f84af3e7,EMIT,DATA,174,1060,""
75.860,sender,61786f30-4c75-4147-a29d-ce70f84af3e7,RECEIVE,ACK,143,36,""
75.882,sender,61786f30-4c75-4147-a29d-ce70f84af3e7,ACKNOWLEDGED,ACK,143,0,""
75.899,sender,61786f30-4c75-4147-a29d-ce70f84af3e7,CONFIRM_DATA,ACK,143,1024,"unique file bytes acknowledged"
75.932,sender,61786f30-4c75-4147-a29d-ce70f84af3e7,RTT_SAMPLE,ACK,143,0,"9.029500"
75.965,sender,61786f30-4c75-4147-a29d-ce70f84af3e7,SEND,DATA,175,1060,""
76.004,sender,61786f30-4c75-4147-a29d-ce70f84af3e7,EMIT,DATA,175,1060,""
76.039,sender,61786f30-4c75-4147-a29d-ce70f84af3e7,RECEIVE,ACK,144,36,""
76.062,sender,61786f30-4c75-4147-a29d-ce70f84af3e7,ACKNOWLEDGED,ACK,144,0,""
76.076,sender,61786f30-4c75-4147-a29d-ce70f84af3e7,CONFIRM_DATA,ACK,144,1024,"unique file bytes acknowledged"
76.099,sender,61786f30-4c75-4147-a29d-ce70f84af3e7,RTT_SAMPLE,ACK,144,0,"8.882100"
76.126,sender,61786f30-4c75-4147-a29d-ce70f84af3e7,SEND,DATA,176,1060,""
76.160,sender,61786f30-4c75-4147-a29d-ce70f84af3e7,EMIT,DATA,176,1060,""
76.186,sender,61786f30-4c75-4147-a29d-ce70f84af3e7,RECEIVE,ACK,145,36,""
76.199,sender,61786f30-4c75-4147-a29d-ce70f84af3e7,ACKNOWLEDGED,ACK,145,0,""
76.209,sender,61786f30-4c75-4147-a29d-ce70f84af3e7,CONFIRM_DATA,ACK,145,1024,"unique file bytes acknowledged"
76.222,sender,61786f30-4c75-4147-a29d-ce70f84af3e7,RTT_SAMPLE,ACK,145,0,"8.589900"
76.250,sender,61786f30-4c75-4147-a29d-ce70f84af3e7,SEND,DATA,177,1060,""
76.280,sender,61786f30-4c75-4147-a29d-ce70f84af3e7,EMIT,DATA,177,1060,""
76.304,sender,61786f30-4c75-4147-a29d-ce70f84af3e7,RECEIVE,ACK,146,36,""
76.318,sender,61786f30-4c75-4147-a29d-ce70f84af3e7,ACKNOWLEDGED,ACK,146,0,""
76.330,sender,61786f30-4c75-4147-a29d-ce70f84af3e7,CONFIRM_DATA,ACK,146,1024,"unique file bytes acknowledged"
76.346,sender,61786f30-4c75-4147-a29d-ce70f84af3e7,RTT_SAMPLE,ACK,146,0,"8.403700"
76.374,sender,61786f30-4c75-4147-a29d-ce70f84af3e7,SEND,DATA,178,1060,""
76.405,sender,61786f30-4c75-4147-a29d-ce70f84af3e7,EMIT,DATA,178,1060,""
76.443,sender,61786f30-4c75-4147-a29d-ce70f84af3e7,RECEIVE,ACK,147,36,""
76.459,sender,61786f30-4c75-4147-a29d-ce70f84af3e7,ACKNOWLEDGED,ACK,147,0,""
76.474,sender,61786f30-4c75-4147-a29d-ce70f84af3e7,CONFIRM_DATA,ACK,147,1024,"unique file bytes acknowledged"
76.489,sender,61786f30-4c75-4147-a29d-ce70f84af3e7,RTT_SAMPLE,ACK,147,0,"8.218300"
76.507,sender,61786f30-4c75-4147-a29d-ce70f84af3e7,SEND,DATA,179,1060,""
76.537,sender,61786f30-4c75-4147-a29d-ce70f84af3e7,EMIT,DATA,179,1060,""
76.566,sender,61786f30-4c75-4147-a29d-ce70f84af3e7,RECEIVE,ACK,148,36,""
76.580,sender,61786f30-4c75-4147-a29d-ce70f84af3e7,ACKNOWLEDGED,ACK,148,0,""
76.590,sender,61786f30-4c75-4147-a29d-ce70f84af3e7,CONFIRM_DATA,ACK,148,1024,"unique file bytes acknowledged"
76.622,sender,61786f30-4c75-4147-a29d-ce70f84af3e7,RTT_SAMPLE,ACK,148,0,"8.074100"
76.641,sender,61786f30-4c75-4147-a29d-ce70f84af3e7,SEND,DATA,180,1060,""
76.676,sender,61786f30-4c75-4147-a29d-ce70f84af3e7,EMIT,DATA,180,1060,""
76.717,sender,61786f30-4c75-4147-a29d-ce70f84af3e7,RECEIVE,ACK,149,36,""
76.734,sender,61786f30-4c75-4147-a29d-ce70f84af3e7,ACKNOWLEDGED,ACK,149,0,""
76.743,sender,61786f30-4c75-4147-a29d-ce70f84af3e7,CONFIRM_DATA,ACK,149,1024,"unique file bytes acknowledged"
76.765,sender,61786f30-4c75-4147-a29d-ce70f84af3e7,RTT_SAMPLE,ACK,149,0,"7.947800"
76.792,sender,61786f30-4c75-4147-a29d-ce70f84af3e7,SEND,DATA,181,1060,""
76.820,sender,61786f30-4c75-4147-a29d-ce70f84af3e7,EMIT,DATA,181,1060,""
76.847,sender,61786f30-4c75-4147-a29d-ce70f84af3e7,RECEIVE,ACK,150,36,""
76.867,sender,61786f30-4c75-4147-a29d-ce70f84af3e7,ACKNOWLEDGED,ACK,150,0,""
76.886,sender,61786f30-4c75-4147-a29d-ce70f84af3e7,CONFIRM_DATA,ACK,150,1024,"unique file bytes acknowledged"
76.919,sender,61786f30-4c75-4147-a29d-ce70f84af3e7,RTT_SAMPLE,ACK,150,0,"7.722300"
76.941,sender,61786f30-4c75-4147-a29d-ce70f84af3e7,SEND,DATA,182,1060,""
76.971,sender,61786f30-4c75-4147-a29d-ce70f84af3e7,EMIT,DATA,182,1060,""
76.997,sender,61786f30-4c75-4147-a29d-ce70f84af3e7,RECEIVE,ACK,151,36,""
77.011,sender,61786f30-4c75-4147-a29d-ce70f84af3e7,ACKNOWLEDGED,ACK,151,0,""
77.021,sender,61786f30-4c75-4147-a29d-ce70f84af3e7,CONFIRM_DATA,ACK,151,1024,"unique file bytes acknowledged"
77.036,sender,61786f30-4c75-4147-a29d-ce70f84af3e7,RTT_SAMPLE,ACK,151,0,"7.420300"
77.068,sender,61786f30-4c75-4147-a29d-ce70f84af3e7,SEND,DATA,183,1060,""
77.097,sender,61786f30-4c75-4147-a29d-ce70f84af3e7,EMIT,DATA,183,1060,""
77.121,sender,61786f30-4c75-4147-a29d-ce70f84af3e7,RECEIVE,ACK,152,36,""
77.142,sender,61786f30-4c75-4147-a29d-ce70f84af3e7,ACKNOWLEDGED,ACK,152,0,""
77.151,sender,61786f30-4c75-4147-a29d-ce70f84af3e7,CONFIRM_DATA,ACK,152,1024,"unique file bytes acknowledged"
77.164,sender,61786f30-4c75-4147-a29d-ce70f84af3e7,RTT_SAMPLE,ACK,152,0,"7.236700"
77.429,sender,61786f30-4c75-4147-a29d-ce70f84af3e7,SEND,DATA,184,1060,""
77.586,sender,61786f30-4c75-4147-a29d-ce70f84af3e7,EMIT,DATA,184,1060,""
77.681,sender,61786f30-4c75-4147-a29d-ce70f84af3e7,RECEIVE,ACK,153,36,""
77.713,sender,61786f30-4c75-4147-a29d-ce70f84af3e7,ACKNOWLEDGED,ACK,153,0,""
77.730,sender,61786f30-4c75-4147-a29d-ce70f84af3e7,CONFIRM_DATA,ACK,153,1024,"unique file bytes acknowledged"
77.791,sender,61786f30-4c75-4147-a29d-ce70f84af3e7,RTT_SAMPLE,ACK,153,0,"7.505200"
77.843,sender,61786f30-4c75-4147-a29d-ce70f84af3e7,SEND,DATA,185,1060,""
77.917,sender,61786f30-4c75-4147-a29d-ce70f84af3e7,EMIT,DATA,185,1060,""
77.960,sender,61786f30-4c75-4147-a29d-ce70f84af3e7,RECEIVE,ACK,154,36,""
77.977,sender,61786f30-4c75-4147-a29d-ce70f84af3e7,ACKNOWLEDGED,ACK,154,0,""
77.986,sender,61786f30-4c75-4147-a29d-ce70f84af3e7,CONFIRM_DATA,ACK,154,1024,"unique file bytes acknowledged"
78.046,sender,61786f30-4c75-4147-a29d-ce70f84af3e7,RTT_SAMPLE,ACK,154,0,"7.471800"
78.068,sender,61786f30-4c75-4147-a29d-ce70f84af3e7,SEND,DATA,186,1060,""
78.102,sender,61786f30-4c75-4147-a29d-ce70f84af3e7,EMIT,DATA,186,1060,""
78.126,sender,61786f30-4c75-4147-a29d-ce70f84af3e7,RECEIVE,ACK,155,36,""
78.143,sender,61786f30-4c75-4147-a29d-ce70f84af3e7,ACKNOWLEDGED,ACK,155,0,""
78.172,sender,61786f30-4c75-4147-a29d-ce70f84af3e7,CONFIRM_DATA,ACK,155,1024,"unique file bytes acknowledged"
78.187,sender,61786f30-4c75-4147-a29d-ce70f84af3e7,RTT_SAMPLE,ACK,155,0,"7.156500"
78.204,sender,61786f30-4c75-4147-a29d-ce70f84af3e7,SEND,DATA,187,1060,""
78.240,sender,61786f30-4c75-4147-a29d-ce70f84af3e7,EMIT,DATA,187,1060,""
78.263,sender,61786f30-4c75-4147-a29d-ce70f84af3e7,RECEIVE,ACK,156,36,""
78.332,sender,61786f30-4c75-4147-a29d-ce70f84af3e7,ACKNOWLEDGED,ACK,156,0,""
78.345,sender,61786f30-4c75-4147-a29d-ce70f84af3e7,CONFIRM_DATA,ACK,156,1024,"unique file bytes acknowledged"
78.610,sender,61786f30-4c75-4147-a29d-ce70f84af3e7,RTT_SAMPLE,ACK,156,0,"7.251100"
78.734,sender,61786f30-4c75-4147-a29d-ce70f84af3e7,SEND,DATA,188,1060,""
78.822,sender,61786f30-4c75-4147-a29d-ce70f84af3e7,EMIT,DATA,188,1060,""
78.871,sender,61786f30-4c75-4147-a29d-ce70f84af3e7,RECEIVE,ACK,157,36,""
78.897,sender,61786f30-4c75-4147-a29d-ce70f84af3e7,ACKNOWLEDGED,ACK,157,0,""
78.907,sender,61786f30-4c75-4147-a29d-ce70f84af3e7,CONFIRM_DATA,ACK,157,1024,"unique file bytes acknowledged"
78.932,sender,61786f30-4c75-4147-a29d-ce70f84af3e7,RTT_SAMPLE,ACK,157,0,"7.236500"
78.978,sender,61786f30-4c75-4147-a29d-ce70f84af3e7,SEND,DATA,189,1060,""
79.033,sender,61786f30-4c75-4147-a29d-ce70f84af3e7,EMIT,DATA,189,1060,""
79.058,sender,61786f30-4c75-4147-a29d-ce70f84af3e7,RECEIVE,ACK,158,36,""
79.078,sender,61786f30-4c75-4147-a29d-ce70f84af3e7,ACKNOWLEDGED,ACK,158,0,""
79.087,sender,61786f30-4c75-4147-a29d-ce70f84af3e7,CONFIRM_DATA,ACK,158,1024,"unique file bytes acknowledged"
79.104,sender,61786f30-4c75-4147-a29d-ce70f84af3e7,RTT_SAMPLE,ACK,158,0,"7.041200"
79.145,sender,61786f30-4c75-4147-a29d-ce70f84af3e7,SEND,DATA,190,1060,""
79.365,sender,61786f30-4c75-4147-a29d-ce70f84af3e7,EMIT,DATA,190,1060,""
79.391,sender,61786f30-4c75-4147-a29d-ce70f84af3e7,RECEIVE,ACK,159,36,""
79.406,sender,61786f30-4c75-4147-a29d-ce70f84af3e7,ACKNOWLEDGED,ACK,159,0,""
79.416,sender,61786f30-4c75-4147-a29d-ce70f84af3e7,CONFIRM_DATA,ACK,159,1024,"unique file bytes acknowledged"
79.882,sender,61786f30-4c75-4147-a29d-ce70f84af3e7,RTT_SAMPLE,ACK,159,0,"7.304800"
79.904,sender,61786f30-4c75-4147-a29d-ce70f84af3e7,SEND,DATA,191,1060,""
80.019,sender,61786f30-4c75-4147-a29d-ce70f84af3e7,EMIT,DATA,191,1060,""
80.049,sender,61786f30-4c75-4147-a29d-ce70f84af3e7,RECEIVE,ACK,160,36,""
80.085,sender,61786f30-4c75-4147-a29d-ce70f84af3e7,ACKNOWLEDGED,ACK,160,0,""
80.098,sender,61786f30-4c75-4147-a29d-ce70f84af3e7,CONFIRM_DATA,ACK,160,1024,"unique file bytes acknowledged"
80.118,sender,61786f30-4c75-4147-a29d-ce70f84af3e7,RTT_SAMPLE,ACK,160,0,"7.251100"
80.171,sender,61786f30-4c75-4147-a29d-ce70f84af3e7,SEND,DATA,192,1060,""
80.201,sender,61786f30-4c75-4147-a29d-ce70f84af3e7,EMIT,DATA,192,1060,""
80.232,sender,61786f30-4c75-4147-a29d-ce70f84af3e7,RECEIVE,ACK,161,36,""
80.262,sender,61786f30-4c75-4147-a29d-ce70f84af3e7,ACKNOWLEDGED,ACK,161,0,""
80.280,sender,61786f30-4c75-4147-a29d-ce70f84af3e7,CONFIRM_DATA,ACK,161,1024,"unique file bytes acknowledged"
80.296,sender,61786f30-4c75-4147-a29d-ce70f84af3e7,RTT_SAMPLE,ACK,161,0,"7.235200"
80.332,sender,61786f30-4c75-4147-a29d-ce70f84af3e7,SEND,DATA,193,1060,""
80.360,sender,61786f30-4c75-4147-a29d-ce70f84af3e7,EMIT,DATA,193,1060,""
80.412,sender,61786f30-4c75-4147-a29d-ce70f84af3e7,RECEIVE,ACK,162,36,""
80.430,sender,61786f30-4c75-4147-a29d-ce70f84af3e7,ACKNOWLEDGED,ACK,162,0,""
80.464,sender,61786f30-4c75-4147-a29d-ce70f84af3e7,CONFIRM_DATA,ACK,162,1024,"unique file bytes acknowledged"
80.480,sender,61786f30-4c75-4147-a29d-ce70f84af3e7,RTT_SAMPLE,ACK,162,0,"7.143700"
80.498,sender,61786f30-4c75-4147-a29d-ce70f84af3e7,SEND,DATA,194,1060,""
80.595,sender,61786f30-4c75-4147-a29d-ce70f84af3e7,EMIT,DATA,194,1060,""
80.620,sender,61786f30-4c75-4147-a29d-ce70f84af3e7,RECEIVE,ACK,163,36,""
80.642,sender,61786f30-4c75-4147-a29d-ce70f84af3e7,ACKNOWLEDGED,ACK,163,0,""
80.792,sender,61786f30-4c75-4147-a29d-ce70f84af3e7,CONFIRM_DATA,ACK,163,1024,"unique file bytes acknowledged"
80.820,sender,61786f30-4c75-4147-a29d-ce70f84af3e7,RTT_SAMPLE,ACK,163,0,"7.284400"
80.844,sender,61786f30-4c75-4147-a29d-ce70f84af3e7,SEND,DATA,195,1060,""
80.882,sender,61786f30-4c75-4147-a29d-ce70f84af3e7,EMIT,DATA,195,1060,""
80.908,sender,61786f30-4c75-4147-a29d-ce70f84af3e7,RECEIVE,ACK,164,36,""
80.942,sender,61786f30-4c75-4147-a29d-ce70f84af3e7,ACKNOWLEDGED,ACK,164,0,""
80.953,sender,61786f30-4c75-4147-a29d-ce70f84af3e7,CONFIRM_DATA,ACK,164,1024,"unique file bytes acknowledged"
80.967,sender,61786f30-4c75-4147-a29d-ce70f84af3e7,RTT_SAMPLE,ACK,164,0,"7.247600"
80.997,sender,61786f30-4c75-4147-a29d-ce70f84af3e7,SEND,DATA,196,1060,""
81.035,sender,61786f30-4c75-4147-a29d-ce70f84af3e7,EMIT,DATA,196,1060,""
81.071,sender,61786f30-4c75-4147-a29d-ce70f84af3e7,RECEIVE,ACK,165,36,""
81.116,sender,61786f30-4c75-4147-a29d-ce70f84af3e7,ACKNOWLEDGED,ACK,165,0,""
81.126,sender,61786f30-4c75-4147-a29d-ce70f84af3e7,CONFIRM_DATA,ACK,165,1024,"unique file bytes acknowledged"
81.140,sender,61786f30-4c75-4147-a29d-ce70f84af3e7,RTT_SAMPLE,ACK,165,0,"7.197700"
81.156,sender,61786f30-4c75-4147-a29d-ce70f84af3e7,SEND,DATA,197,1060,""
81.184,sender,61786f30-4c75-4147-a29d-ce70f84af3e7,EMIT,DATA,197,1060,""
81.247,sender,61786f30-4c75-4147-a29d-ce70f84af3e7,RECEIVE,ACK,166,36,""
81.262,sender,61786f30-4c75-4147-a29d-ce70f84af3e7,ACKNOWLEDGED,ACK,166,0,""
81.270,sender,61786f30-4c75-4147-a29d-ce70f84af3e7,CONFIRM_DATA,ACK,166,1024,"unique file bytes acknowledged"
81.284,sender,61786f30-4c75-4147-a29d-ce70f84af3e7,RTT_SAMPLE,ACK,166,0,"7.166100"
81.321,sender,61786f30-4c75-4147-a29d-ce70f84af3e7,SEND,DATA,198,1060,""
81.364,sender,61786f30-4c75-4147-a29d-ce70f84af3e7,EMIT,DATA,198,1060,""
81.385,sender,61786f30-4c75-4147-a29d-ce70f84af3e7,RECEIVE,ACK,167,36,""
81.398,sender,61786f30-4c75-4147-a29d-ce70f84af3e7,ACKNOWLEDGED,ACK,167,0,""
81.407,sender,61786f30-4c75-4147-a29d-ce70f84af3e7,CONFIRM_DATA,ACK,167,1024,"unique file bytes acknowledged"
81.422,sender,61786f30-4c75-4147-a29d-ce70f84af3e7,RTT_SAMPLE,ACK,167,0,"7.141500"
81.438,sender,61786f30-4c75-4147-a29d-ce70f84af3e7,SEND,DATA,199,1060,""
81.462,sender,61786f30-4c75-4147-a29d-ce70f84af3e7,EMIT,DATA,199,1060,""
81.481,sender,61786f30-4c75-4147-a29d-ce70f84af3e7,RECEIVE,ACK,168,36,""
81.492,sender,61786f30-4c75-4147-a29d-ce70f84af3e7,ACKNOWLEDGED,ACK,168,0,""
81.501,sender,61786f30-4c75-4147-a29d-ce70f84af3e7,CONFIRM_DATA,ACK,168,1024,"unique file bytes acknowledged"
81.514,sender,61786f30-4c75-4147-a29d-ce70f84af3e7,RTT_SAMPLE,ACK,168,0,"7.038400"
81.538,sender,61786f30-4c75-4147-a29d-ce70f84af3e7,SEND,DATA,200,1060,""
81.571,sender,61786f30-4c75-4147-a29d-ce70f84af3e7,EMIT,DATA,200,1060,""
81.633,sender,61786f30-4c75-4147-a29d-ce70f84af3e7,RECEIVE,ACK,169,36,""
81.647,sender,61786f30-4c75-4147-a29d-ce70f84af3e7,ACKNOWLEDGED,ACK,169,0,""
81.656,sender,61786f30-4c75-4147-a29d-ce70f84af3e7,CONFIRM_DATA,ACK,169,1024,"unique file bytes acknowledged"
81.669,sender,61786f30-4c75-4147-a29d-ce70f84af3e7,RTT_SAMPLE,ACK,169,0,"6.959900"
81.684,sender,61786f30-4c75-4147-a29d-ce70f84af3e7,SEND,DATA,201,1060,""
81.733,sender,61786f30-4c75-4147-a29d-ce70f84af3e7,EMIT,DATA,201,1060,""
81.771,sender,61786f30-4c75-4147-a29d-ce70f84af3e7,RECEIVE,ACK,170,36,""
81.786,sender,61786f30-4c75-4147-a29d-ce70f84af3e7,ACKNOWLEDGED,ACK,170,0,""
81.799,sender,61786f30-4c75-4147-a29d-ce70f84af3e7,CONFIRM_DATA,ACK,170,1024,"unique file bytes acknowledged"
81.831,sender,61786f30-4c75-4147-a29d-ce70f84af3e7,RTT_SAMPLE,ACK,170,0,"6.925500"
81.850,sender,61786f30-4c75-4147-a29d-ce70f84af3e7,SEND,DATA,202,1060,""
81.876,sender,61786f30-4c75-4147-a29d-ce70f84af3e7,EMIT,DATA,202,1060,""
81.910,sender,61786f30-4c75-4147-a29d-ce70f84af3e7,RECEIVE,ACK,171,36,""
81.925,sender,61786f30-4c75-4147-a29d-ce70f84af3e7,ACKNOWLEDGED,ACK,171,0,""
81.934,sender,61786f30-4c75-4147-a29d-ce70f84af3e7,CONFIRM_DATA,ACK,171,1024,"unique file bytes acknowledged"
81.948,sender,61786f30-4c75-4147-a29d-ce70f84af3e7,RTT_SAMPLE,ACK,171,0,"6.867800"
82.000,sender,61786f30-4c75-4147-a29d-ce70f84af3e7,SEND,DATA,203,1060,""
82.029,sender,61786f30-4c75-4147-a29d-ce70f84af3e7,EMIT,DATA,203,1060,""
82.052,sender,61786f30-4c75-4147-a29d-ce70f84af3e7,RECEIVE,ACK,172,36,""
82.065,sender,61786f30-4c75-4147-a29d-ce70f84af3e7,ACKNOWLEDGED,ACK,172,0,""
82.104,sender,61786f30-4c75-4147-a29d-ce70f84af3e7,CONFIRM_DATA,ACK,172,1024,"unique file bytes acknowledged"
82.123,sender,61786f30-4c75-4147-a29d-ce70f84af3e7,RTT_SAMPLE,ACK,172,0,"6.712900"
82.142,sender,61786f30-4c75-4147-a29d-ce70f84af3e7,SEND,DATA,204,1060,""
82.312,sender,61786f30-4c75-4147-a29d-ce70f84af3e7,EMIT,DATA,204,1060,""
82.790,sender,61786f30-4c75-4147-a29d-ce70f84af3e7,RECEIVE,ACK,173,36,""
82.844,sender,61786f30-4c75-4147-a29d-ce70f84af3e7,ACKNOWLEDGED,ACK,173,0,""
82.871,sender,61786f30-4c75-4147-a29d-ce70f84af3e7,CONFIRM_DATA,ACK,173,1024,"unique file bytes acknowledged"
82.917,sender,61786f30-4c75-4147-a29d-ce70f84af3e7,RTT_SAMPLE,ACK,173,0,"7.303300"
82.964,sender,61786f30-4c75-4147-a29d-ce70f84af3e7,SEND,DATA,205,1060,""
83.056,sender,61786f30-4c75-4147-a29d-ce70f84af3e7,EMIT,DATA,205,1060,""
83.114,sender,61786f30-4c75-4147-a29d-ce70f84af3e7,RECEIVE,ACK,174,36,""
83.165,sender,61786f30-4c75-4147-a29d-ce70f84af3e7,ACKNOWLEDGED,ACK,174,0,""
83.194,sender,61786f30-4c75-4147-a29d-ce70f84af3e7,CONFIRM_DATA,ACK,174,1024,"unique file bytes acknowledged"
83.229,sender,61786f30-4c75-4147-a29d-ce70f84af3e7,RTT_SAMPLE,ACK,174,0,"7.431000"
83.266,sender,61786f30-4c75-4147-a29d-ce70f84af3e7,SEND,DATA,206,1060,""
83.344,sender,61786f30-4c75-4147-a29d-ce70f84af3e7,EMIT,DATA,206,1060,""
83.441,sender,61786f30-4c75-4147-a29d-ce70f84af3e7,RECEIVE,ACK,175,36,""
83.512,sender,61786f30-4c75-4147-a29d-ce70f84af3e7,ACKNOWLEDGED,ACK,175,0,""
83.548,sender,61786f30-4c75-4147-a29d-ce70f84af3e7,CONFIRM_DATA,ACK,175,1024,"unique file bytes acknowledged"
83.580,sender,61786f30-4c75-4147-a29d-ce70f84af3e7,RTT_SAMPLE,ACK,175,0,"7.606600"
83.613,sender,61786f30-4c75-4147-a29d-ce70f84af3e7,SEND,DATA,207,1060,""
83.680,sender,61786f30-4c75-4147-a29d-ce70f84af3e7,EMIT,DATA,207,1060,""
83.722,sender,61786f30-4c75-4147-a29d-ce70f84af3e7,RECEIVE,ACK,176,36,""
83.751,sender,61786f30-4c75-4147-a29d-ce70f84af3e7,ACKNOWLEDGED,ACK,176,0,""
83.790,sender,61786f30-4c75-4147-a29d-ce70f84af3e7,CONFIRM_DATA,ACK,176,1024,"unique file bytes acknowledged"
83.814,sender,61786f30-4c75-4147-a29d-ce70f84af3e7,RTT_SAMPLE,ACK,176,0,"7.689400"
83.866,sender,61786f30-4c75-4147-a29d-ce70f84af3e7,SEND,DATA,208,1060,""
83.923,sender,61786f30-4c75-4147-a29d-ce70f84af3e7,EMIT,DATA,208,1060,""
83.963,sender,61786f30-4c75-4147-a29d-ce70f84af3e7,RECEIVE,ACK,177,36,""
84.001,sender,61786f30-4c75-4147-a29d-ce70f84af3e7,ACKNOWLEDGED,ACK,177,0,""
84.016,sender,61786f30-4c75-4147-a29d-ce70f84af3e7,CONFIRM_DATA,ACK,177,1024,"unique file bytes acknowledged"
84.042,sender,61786f30-4c75-4147-a29d-ce70f84af3e7,RTT_SAMPLE,ACK,177,0,"7.785400"
84.074,sender,61786f30-4c75-4147-a29d-ce70f84af3e7,SEND,DATA,209,1060,""
84.140,sender,61786f30-4c75-4147-a29d-ce70f84af3e7,EMIT,DATA,209,1060,""
84.183,sender,61786f30-4c75-4147-a29d-ce70f84af3e7,RECEIVE,ACK,178,36,""
84.206,sender,61786f30-4c75-4147-a29d-ce70f84af3e7,ACKNOWLEDGED,ACK,178,0,""
84.227,sender,61786f30-4c75-4147-a29d-ce70f84af3e7,CONFIRM_DATA,ACK,178,1024,"unique file bytes acknowledged"
84.262,sender,61786f30-4c75-4147-a29d-ce70f84af3e7,RTT_SAMPLE,ACK,178,0,"7.881600"
84.318,sender,61786f30-4c75-4147-a29d-ce70f84af3e7,SEND,DATA,210,1060,""
84.372,sender,61786f30-4c75-4147-a29d-ce70f84af3e7,EMIT,DATA,210,1060,""
84.412,sender,61786f30-4c75-4147-a29d-ce70f84af3e7,RECEIVE,ACK,179,36,""
84.448,sender,61786f30-4c75-4147-a29d-ce70f84af3e7,ACKNOWLEDGED,ACK,179,0,""
84.471,sender,61786f30-4c75-4147-a29d-ce70f84af3e7,CONFIRM_DATA,ACK,179,1024,"unique file bytes acknowledged"
84.504,sender,61786f30-4c75-4147-a29d-ce70f84af3e7,RTT_SAMPLE,ACK,179,0,"7.989800"
84.546,sender,61786f30-4c75-4147-a29d-ce70f84af3e7,SEND,DATA,211,1060,""
84.591,sender,61786f30-4c75-4147-a29d-ce70f84af3e7,EMIT,DATA,211,1060,""
84.630,sender,61786f30-4c75-4147-a29d-ce70f84af3e7,RECEIVE,ACK,180,36,""
84.660,sender,61786f30-4c75-4147-a29d-ce70f84af3e7,ACKNOWLEDGED,ACK,180,0,""
84.778,sender,61786f30-4c75-4147-a29d-ce70f84af3e7,CONFIRM_DATA,ACK,180,1024,"unique file bytes acknowledged"
84.832,sender,61786f30-4c75-4147-a29d-ce70f84af3e7,RTT_SAMPLE,ACK,180,0,"8.181100"
84.866,sender,61786f30-4c75-4147-a29d-ce70f84af3e7,SEND,DATA,212,1060,""
84.973,sender,61786f30-4c75-4147-a29d-ce70f84af3e7,EMIT,DATA,212,1060,""
85.018,sender,61786f30-4c75-4147-a29d-ce70f84af3e7,RECEIVE,ACK,181,36,""
85.036,sender,61786f30-4c75-4147-a29d-ce70f84af3e7,ACKNOWLEDGED,ACK,181,0,""
85.047,sender,61786f30-4c75-4147-a29d-ce70f84af3e7,CONFIRM_DATA,ACK,181,1024,"unique file bytes acknowledged"
85.063,sender,61786f30-4c75-4147-a29d-ce70f84af3e7,RTT_SAMPLE,ACK,181,0,"8.268600"
85.082,sender,61786f30-4c75-4147-a29d-ce70f84af3e7,SEND,DATA,213,1060,""
85.117,sender,61786f30-4c75-4147-a29d-ce70f84af3e7,EMIT,DATA,213,1060,""
85.147,sender,61786f30-4c75-4147-a29d-ce70f84af3e7,RECEIVE,ACK,182,36,""
85.190,sender,61786f30-4c75-4147-a29d-ce70f84af3e7,ACKNOWLEDGED,ACK,182,0,""
85.232,sender,61786f30-4c75-4147-a29d-ce70f84af3e7,CONFIRM_DATA,ACK,182,1024,"unique file bytes acknowledged"
85.247,sender,61786f30-4c75-4147-a29d-ce70f84af3e7,RTT_SAMPLE,ACK,182,0,"8.304700"
85.263,sender,61786f30-4c75-4147-a29d-ce70f84af3e7,SEND,DATA,214,1060,""
85.287,sender,61786f30-4c75-4147-a29d-ce70f84af3e7,EMIT,DATA,214,1060,""
85.305,sender,61786f30-4c75-4147-a29d-ce70f84af3e7,RECEIVE,ACK,183,36,""
85.323,sender,61786f30-4c75-4147-a29d-ce70f84af3e7,ACKNOWLEDGED,ACK,183,0,""
85.346,sender,61786f30-4c75-4147-a29d-ce70f84af3e7,CONFIRM_DATA,ACK,183,1024,"unique file bytes acknowledged"
85.360,sender,61786f30-4c75-4147-a29d-ce70f84af3e7,RTT_SAMPLE,ACK,183,0,"8.291100"
85.374,sender,61786f30-4c75-4147-a29d-ce70f84af3e7,SEND,DATA,215,1060,""
85.396,sender,61786f30-4c75-4147-a29d-ce70f84af3e7,EMIT,DATA,215,1060,""
85.433,sender,61786f30-4c75-4147-a29d-ce70f84af3e7,RECEIVE,ACK,184,36,""
85.480,sender,61786f30-4c75-4147-a29d-ce70f84af3e7,ACKNOWLEDGED,ACK,184,0,""
85.493,sender,61786f30-4c75-4147-a29d-ce70f84af3e7,CONFIRM_DATA,ACK,184,1024,"unique file bytes acknowledged"
85.533,sender,61786f30-4c75-4147-a29d-ce70f84af3e7,RTT_SAMPLE,ACK,184,0,"8.107900"
85.548,sender,61786f30-4c75-4147-a29d-ce70f84af3e7,SEND,DATA,216,1060,""
85.571,sender,61786f30-4c75-4147-a29d-ce70f84af3e7,EMIT,DATA,216,1060,""
85.619,sender,61786f30-4c75-4147-a29d-ce70f84af3e7,RECEIVE,ACK,185,36,""
85.630,sender,61786f30-4c75-4147-a29d-ce70f84af3e7,ACKNOWLEDGED,ACK,185,0,""
85.639,sender,61786f30-4c75-4147-a29d-ce70f84af3e7,CONFIRM_DATA,ACK,185,1024,"unique file bytes acknowledged"
85.680,sender,61786f30-4c75-4147-a29d-ce70f84af3e7,RTT_SAMPLE,ACK,185,0,"7.838800"
85.698,sender,61786f30-4c75-4147-a29d-ce70f84af3e7,SEND,DATA,217,1060,""
85.724,sender,61786f30-4c75-4147-a29d-ce70f84af3e7,EMIT,DATA,217,1060,""
85.749,sender,61786f30-4c75-4147-a29d-ce70f84af3e7,RECEIVE,ACK,186,36,""
85.771,sender,61786f30-4c75-4147-a29d-ce70f84af3e7,ACKNOWLEDGED,ACK,186,0,""
85.786,sender,61786f30-4c75-4147-a29d-ce70f84af3e7,CONFIRM_DATA,ACK,186,1024,"unique file bytes acknowledged"
85.803,sender,61786f30-4c75-4147-a29d-ce70f84af3e7,RTT_SAMPLE,ACK,186,0,"7.734000"
85.839,sender,61786f30-4c75-4147-a29d-ce70f84af3e7,SEND,DATA,218,1060,""
85.892,sender,61786f30-4c75-4147-a29d-ce70f84af3e7,EMIT,DATA,218,1060,""
85.915,sender,61786f30-4c75-4147-a29d-ce70f84af3e7,RECEIVE,ACK,187,36,""
85.929,sender,61786f30-4c75-4147-a29d-ce70f84af3e7,ACKNOWLEDGED,ACK,187,0,""
85.964,sender,61786f30-4c75-4147-a29d-ce70f84af3e7,CONFIRM_DATA,ACK,187,1024,"unique file bytes acknowledged"
85.982,sender,61786f30-4c75-4147-a29d-ce70f84af3e7,RTT_SAMPLE,ACK,187,0,"7.777000"
86.010,sender,61786f30-4c75-4147-a29d-ce70f84af3e7,SEND,DATA,219,1060,""
86.038,sender,61786f30-4c75-4147-a29d-ce70f84af3e7,EMIT,DATA,219,1060,""
86.066,sender,61786f30-4c75-4147-a29d-ce70f84af3e7,RECEIVE,ACK,188,36,""
86.091,sender,61786f30-4c75-4147-a29d-ce70f84af3e7,ACKNOWLEDGED,ACK,188,0,""
86.103,sender,61786f30-4c75-4147-a29d-ce70f84af3e7,CONFIRM_DATA,ACK,188,1024,"unique file bytes acknowledged"
86.117,sender,61786f30-4c75-4147-a29d-ce70f84af3e7,RTT_SAMPLE,ACK,188,0,"7.386100"
86.133,sender,61786f30-4c75-4147-a29d-ce70f84af3e7,SEND,DATA,220,1060,""
86.202,sender,61786f30-4c75-4147-a29d-ce70f84af3e7,EMIT,DATA,220,1060,""
86.235,sender,61786f30-4c75-4147-a29d-ce70f84af3e7,RECEIVE,ACK,189,36,""
86.249,sender,61786f30-4c75-4147-a29d-ce70f84af3e7,ACKNOWLEDGED,ACK,189,0,""
86.274,sender,61786f30-4c75-4147-a29d-ce70f84af3e7,CONFIRM_DATA,ACK,189,1024,"unique file bytes acknowledged"
86.573,sender,61786f30-4c75-4147-a29d-ce70f84af3e7,RTT_SAMPLE,ACK,189,0,"7.581700"
86.599,sender,61786f30-4c75-4147-a29d-ce70f84af3e7,SEND,DATA,221,1060,""
86.638,sender,61786f30-4c75-4147-a29d-ce70f84af3e7,EMIT,DATA,221,1060,""
86.681,sender,61786f30-4c75-4147-a29d-ce70f84af3e7,RECEIVE,ACK,190,36,""
86.696,sender,61786f30-4c75-4147-a29d-ce70f84af3e7,ACKNOWLEDGED,ACK,190,0,""
86.717,sender,61786f30-4c75-4147-a29d-ce70f84af3e7,CONFIRM_DATA,ACK,190,1024,"unique file bytes acknowledged"
86.733,sender,61786f30-4c75-4147-a29d-ce70f84af3e7,RTT_SAMPLE,ACK,190,0,"7.586300"
86.755,sender,61786f30-4c75-4147-a29d-ce70f84af3e7,SEND,DATA,222,1060,""
86.788,sender,61786f30-4c75-4147-a29d-ce70f84af3e7,EMIT,DATA,222,1060,""
86.819,sender,61786f30-4c75-4147-a29d-ce70f84af3e7,RECEIVE,ACK,191,36,""
86.829,sender,61786f30-4c75-4147-a29d-ce70f84af3e7,ACKNOWLEDGED,ACK,191,0,""
86.846,sender,61786f30-4c75-4147-a29d-ce70f84af3e7,CONFIRM_DATA,ACK,191,1024,"unique file bytes acknowledged"
86.975,sender,61786f30-4c75-4147-a29d-ce70f84af3e7,RTT_SAMPLE,ACK,191,0,"7.054000"
87.020,sender,61786f30-4c75-4147-a29d-ce70f84af3e7,SEND,DATA,223,1060,""
87.104,sender,61786f30-4c75-4147-a29d-ce70f84af3e7,EMIT,DATA,223,1060,""
87.165,sender,61786f30-4c75-4147-a29d-ce70f84af3e7,RECEIVE,ACK,192,36,""
87.197,sender,61786f30-4c75-4147-a29d-ce70f84af3e7,ACKNOWLEDGED,ACK,192,0,""
87.223,sender,61786f30-4c75-4147-a29d-ce70f84af3e7,CONFIRM_DATA,ACK,192,1024,"unique file bytes acknowledged"
87.255,sender,61786f30-4c75-4147-a29d-ce70f84af3e7,RTT_SAMPLE,ACK,192,0,"7.074900"
87.289,sender,61786f30-4c75-4147-a29d-ce70f84af3e7,SEND,DATA,224,1060,""
87.379,sender,61786f30-4c75-4147-a29d-ce70f84af3e7,EMIT,DATA,224,1060,""
87.423,sender,61786f30-4c75-4147-a29d-ce70f84af3e7,RECEIVE,ACK,193,36,""
87.465,sender,61786f30-4c75-4147-a29d-ce70f84af3e7,ACKNOWLEDGED,ACK,193,0,""
87.484,sender,61786f30-4c75-4147-a29d-ce70f84af3e7,CONFIRM_DATA,ACK,193,1024,"unique file bytes acknowledged"
87.532,sender,61786f30-4c75-4147-a29d-ce70f84af3e7,RTT_SAMPLE,ACK,193,0,"7.191300"
87.567,sender,61786f30-4c75-4147-a29d-ce70f84af3e7,SEND,DATA,225,1060,""
87.622,sender,61786f30-4c75-4147-a29d-ce70f84af3e7,EMIT,DATA,225,1060,""
87.664,sender,61786f30-4c75-4147-a29d-ce70f84af3e7,RECEIVE,ACK,194,36,""
87.693,sender,61786f30-4c75-4147-a29d-ce70f84af3e7,ACKNOWLEDGED,ACK,194,0,""
87.721,sender,61786f30-4c75-4147-a29d-ce70f84af3e7,CONFIRM_DATA,ACK,194,1024,"unique file bytes acknowledged"
87.744,sender,61786f30-4c75-4147-a29d-ce70f84af3e7,RTT_SAMPLE,ACK,194,0,"7.241400"
87.809,sender,61786f30-4c75-4147-a29d-ce70f84af3e7,SEND,DATA,226,1060,""
87.873,sender,61786f30-4c75-4147-a29d-ce70f84af3e7,EMIT,DATA,226,1060,""
87.927,sender,61786f30-4c75-4147-a29d-ce70f84af3e7,RECEIVE,ACK,195,36,""
87.954,sender,61786f30-4c75-4147-a29d-ce70f84af3e7,ACKNOWLEDGED,ACK,195,0,""
87.975,sender,61786f30-4c75-4147-a29d-ce70f84af3e7,CONFIRM_DATA,ACK,195,1024,"unique file bytes acknowledged"
88.002,sender,61786f30-4c75-4147-a29d-ce70f84af3e7,RTT_SAMPLE,ACK,195,0,"7.152500"
88.033,sender,61786f30-4c75-4147-a29d-ce70f84af3e7,SEND,DATA,227,1060,""
88.100,sender,61786f30-4c75-4147-a29d-ce70f84af3e7,EMIT,DATA,227,1060,""
88.137,sender,61786f30-4c75-4147-a29d-ce70f84af3e7,RECEIVE,ACK,196,36,""
88.159,sender,61786f30-4c75-4147-a29d-ce70f84af3e7,ACKNOWLEDGED,ACK,196,0,""
88.174,sender,61786f30-4c75-4147-a29d-ce70f84af3e7,CONFIRM_DATA,ACK,196,1024,"unique file bytes acknowledged"
88.198,sender,61786f30-4c75-4147-a29d-ce70f84af3e7,RTT_SAMPLE,ACK,196,0,"7.194800"
88.236,sender,61786f30-4c75-4147-a29d-ce70f84af3e7,SEND,DATA,228,1060,""
88.295,sender,61786f30-4c75-4147-a29d-ce70f84af3e7,EMIT,DATA,228,1060,""
88.333,sender,61786f30-4c75-4147-a29d-ce70f84af3e7,RECEIVE,ACK,197,36,""
88.354,sender,61786f30-4c75-4147-a29d-ce70f84af3e7,ACKNOWLEDGED,ACK,197,0,""
88.370,sender,61786f30-4c75-4147-a29d-ce70f84af3e7,CONFIRM_DATA,ACK,197,1024,"unique file bytes acknowledged"
88.397,sender,61786f30-4c75-4147-a29d-ce70f84af3e7,RTT_SAMPLE,ACK,197,0,"7.235800"
88.424,sender,61786f30-4c75-4147-a29d-ce70f84af3e7,SEND,DATA,229,1060,""
88.471,sender,61786f30-4c75-4147-a29d-ce70f84af3e7,EMIT,DATA,229,1060,""
88.509,sender,61786f30-4c75-4147-a29d-ce70f84af3e7,RECEIVE,ACK,198,36,""
88.535,sender,61786f30-4c75-4147-a29d-ce70f84af3e7,ACKNOWLEDGED,ACK,198,0,""
88.553,sender,61786f30-4c75-4147-a29d-ce70f84af3e7,CONFIRM_DATA,ACK,198,1024,"unique file bytes acknowledged"
88.584,sender,61786f30-4c75-4147-a29d-ce70f84af3e7,RTT_SAMPLE,ACK,198,0,"7.255100"
88.625,sender,61786f30-4c75-4147-a29d-ce70f84af3e7,SEND,DATA,230,1060,""
88.713,sender,61786f30-4c75-4147-a29d-ce70f84af3e7,EMIT,DATA,230,1060,""
88.755,sender,61786f30-4c75-4147-a29d-ce70f84af3e7,RECEIVE,ACK,199,36,""
88.781,sender,61786f30-4c75-4147-a29d-ce70f84af3e7,ACKNOWLEDGED,ACK,199,0,""
88.799,sender,61786f30-4c75-4147-a29d-ce70f84af3e7,CONFIRM_DATA,ACK,199,1024,"unique file bytes acknowledged"
88.824,sender,61786f30-4c75-4147-a29d-ce70f84af3e7,RTT_SAMPLE,ACK,199,0,"7.377700"
88.854,sender,61786f30-4c75-4147-a29d-ce70f84af3e7,SEND,DATA,231,1060,""
88.910,sender,61786f30-4c75-4147-a29d-ce70f84af3e7,EMIT,DATA,231,1060,""
88.945,sender,61786f30-4c75-4147-a29d-ce70f84af3e7,RECEIVE,ACK,200,36,""
88.965,sender,61786f30-4c75-4147-a29d-ce70f84af3e7,ACKNOWLEDGED,ACK,200,0,""
88.979,sender,61786f30-4c75-4147-a29d-ce70f84af3e7,CONFIRM_DATA,ACK,200,1024,"unique file bytes acknowledged"
89.004,sender,61786f30-4c75-4147-a29d-ce70f84af3e7,RTT_SAMPLE,ACK,200,0,"7.458800"
89.048,sender,61786f30-4c75-4147-a29d-ce70f84af3e7,SEND,DATA,232,1060,""
89.099,sender,61786f30-4c75-4147-a29d-ce70f84af3e7,EMIT,DATA,232,1060,""
89.135,sender,61786f30-4c75-4147-a29d-ce70f84af3e7,RECEIVE,ACK,201,36,""
89.157,sender,61786f30-4c75-4147-a29d-ce70f84af3e7,ACKNOWLEDGED,ACK,201,0,""
89.176,sender,61786f30-4c75-4147-a29d-ce70f84af3e7,CONFIRM_DATA,ACK,201,1024,"unique file bytes acknowledged"
89.199,sender,61786f30-4c75-4147-a29d-ce70f84af3e7,RTT_SAMPLE,ACK,201,0,"7.508500"
89.231,sender,61786f30-4c75-4147-a29d-ce70f84af3e7,SEND,DATA,233,1060,""
89.277,sender,61786f30-4c75-4147-a29d-ce70f84af3e7,EMIT,DATA,233,1060,""
89.313,sender,61786f30-4c75-4147-a29d-ce70f84af3e7,RECEIVE,ACK,202,36,""
89.342,sender,61786f30-4c75-4147-a29d-ce70f84af3e7,ACKNOWLEDGED,ACK,202,0,""
89.467,sender,61786f30-4c75-4147-a29d-ce70f84af3e7,CONFIRM_DATA,ACK,202,1024,"unique file bytes acknowledged"
89.529,sender,61786f30-4c75-4147-a29d-ce70f84af3e7,RTT_SAMPLE,ACK,202,0,"7.664100"
89.570,sender,61786f30-4c75-4147-a29d-ce70f84af3e7,SEND,DATA,234,1060,""
89.648,sender,61786f30-4c75-4147-a29d-ce70f84af3e7,EMIT,DATA,234,1060,""
89.696,sender,61786f30-4c75-4147-a29d-ce70f84af3e7,RECEIVE,ACK,203,36,""
89.722,sender,61786f30-4c75-4147-a29d-ce70f84af3e7,ACKNOWLEDGED,ACK,203,0,""
89.736,sender,61786f30-4c75-4147-a29d-ce70f84af3e7,CONFIRM_DATA,ACK,203,1024,"unique file bytes acknowledged"
89.763,sender,61786f30-4c75-4147-a29d-ce70f84af3e7,RTT_SAMPLE,ACK,203,0,"7.756500"
89.797,sender,61786f30-4c75-4147-a29d-ce70f84af3e7,SEND,DATA,235,1060,""
89.853,sender,61786f30-4c75-4147-a29d-ce70f84af3e7,EMIT,DATA,235,1060,""
89.891,sender,61786f30-4c75-4147-a29d-ce70f84af3e7,RECEIVE,ACK,204,36,""
89.916,sender,61786f30-4c75-4147-a29d-ce70f84af3e7,ACKNOWLEDGED,ACK,204,0,""
89.951,sender,61786f30-4c75-4147-a29d-ce70f84af3e7,CONFIRM_DATA,ACK,204,1024,"unique file bytes acknowledged"
89.989,sender,61786f30-4c75-4147-a29d-ce70f84af3e7,RTT_SAMPLE,ACK,204,0,"7.839500"
90.044,sender,61786f30-4c75-4147-a29d-ce70f84af3e7,SEND,DATA,236,1060,""
90.101,sender,61786f30-4c75-4147-a29d-ce70f84af3e7,EMIT,DATA,236,1060,""
90.136,sender,61786f30-4c75-4147-a29d-ce70f84af3e7,RECEIVE,ACK,205,36,""
90.155,sender,61786f30-4c75-4147-a29d-ce70f84af3e7,ACKNOWLEDGED,ACK,205,0,""
90.172,sender,61786f30-4c75-4147-a29d-ce70f84af3e7,CONFIRM_DATA,ACK,205,1024,"unique file bytes acknowledged"
90.217,sender,61786f30-4c75-4147-a29d-ce70f84af3e7,RTT_SAMPLE,ACK,205,0,"7.229200"
90.269,sender,61786f30-4c75-4147-a29d-ce70f84af3e7,SEND,DATA,237,1060,""
90.327,sender,61786f30-4c75-4147-a29d-ce70f84af3e7,EMIT,DATA,237,1060,""
90.611,sender,61786f30-4c75-4147-a29d-ce70f84af3e7,RECEIVE,ACK,206,36,""
90.661,sender,61786f30-4c75-4147-a29d-ce70f84af3e7,ACKNOWLEDGED,ACK,206,0,""
90.688,sender,61786f30-4c75-4147-a29d-ce70f84af3e7,CONFIRM_DATA,ACK,206,1024,"unique file bytes acknowledged"
90.712,sender,61786f30-4c75-4147-a29d-ce70f84af3e7,RTT_SAMPLE,ACK,206,0,"7.440100"
90.739,sender,61786f30-4c75-4147-a29d-ce70f84af3e7,SEND,DATA,238,1060,""
90.802,sender,61786f30-4c75-4147-a29d-ce70f84af3e7,EMIT,DATA,238,1060,""
90.840,sender,61786f30-4c75-4147-a29d-ce70f84af3e7,RECEIVE,ACK,207,36,""
90.876,sender,61786f30-4c75-4147-a29d-ce70f84af3e7,ACKNOWLEDGED,ACK,207,0,""
90.895,sender,61786f30-4c75-4147-a29d-ce70f84af3e7,CONFIRM_DATA,ACK,207,1024,"unique file bytes acknowledged"
90.922,sender,61786f30-4c75-4147-a29d-ce70f84af3e7,RTT_SAMPLE,ACK,207,0,"7.301400"
90.978,sender,61786f30-4c75-4147-a29d-ce70f84af3e7,SEND,DATA,239,1060,""
91.022,sender,61786f30-4c75-4147-a29d-ce70f84af3e7,EMIT,DATA,239,1060,""
91.071,sender,61786f30-4c75-4147-a29d-ce70f84af3e7,RECEIVE,ACK,208,36,""
91.098,sender,61786f30-4c75-4147-a29d-ce70f84af3e7,ACKNOWLEDGED,ACK,208,0,""
91.115,sender,61786f30-4c75-4147-a29d-ce70f84af3e7,CONFIRM_DATA,ACK,208,1024,"unique file bytes acknowledged"
91.153,sender,61786f30-4c75-4147-a29d-ce70f84af3e7,RTT_SAMPLE,ACK,208,0,"7.269900"
91.178,sender,61786f30-4c75-4147-a29d-ce70f84af3e7,SEND,DATA,240,1060,""
91.375,sender,61786f30-4c75-4147-a29d-ce70f84af3e7,EMIT,DATA,240,1060,""
91.431,sender,61786f30-4c75-4147-a29d-ce70f84af3e7,RECEIVE,ACK,209,36,""
91.454,sender,61786f30-4c75-4147-a29d-ce70f84af3e7,ACKNOWLEDGED,ACK,209,0,""
91.464,sender,61786f30-4c75-4147-a29d-ce70f84af3e7,CONFIRM_DATA,ACK,209,1024,"unique file bytes acknowledged"
91.513,sender,61786f30-4c75-4147-a29d-ce70f84af3e7,RTT_SAMPLE,ACK,209,0,"7.403800"
91.552,sender,61786f30-4c75-4147-a29d-ce70f84af3e7,SEND,DATA,241,1060,""
91.599,sender,61786f30-4c75-4147-a29d-ce70f84af3e7,EMIT,DATA,241,1060,""
91.626,sender,61786f30-4c75-4147-a29d-ce70f84af3e7,RECEIVE,ACK,210,36,""
91.640,sender,61786f30-4c75-4147-a29d-ce70f84af3e7,ACKNOWLEDGED,ACK,210,0,""
91.650,sender,61786f30-4c75-4147-a29d-ce70f84af3e7,CONFIRM_DATA,ACK,210,1024,"unique file bytes acknowledged"
91.665,sender,61786f30-4c75-4147-a29d-ce70f84af3e7,RTT_SAMPLE,ACK,210,0,"7.344100"
91.687,sender,61786f30-4c75-4147-a29d-ce70f84af3e7,SEND,DATA,242,1060,""
91.711,sender,61786f30-4c75-4147-a29d-ce70f84af3e7,EMIT,DATA,242,1060,""
91.754,sender,61786f30-4c75-4147-a29d-ce70f84af3e7,RECEIVE,ACK,211,36,""
91.769,sender,61786f30-4c75-4147-a29d-ce70f84af3e7,ACKNOWLEDGED,ACK,211,0,""
91.781,sender,61786f30-4c75-4147-a29d-ce70f84af3e7,CONFIRM_DATA,ACK,211,1024,"unique file bytes acknowledged"
91.797,sender,61786f30-4c75-4147-a29d-ce70f84af3e7,RTT_SAMPLE,ACK,211,0,"7.250200"
91.833,sender,61786f30-4c75-4147-a29d-ce70f84af3e7,SEND,DATA,243,1060,""
91.894,sender,61786f30-4c75-4147-a29d-ce70f84af3e7,EMIT,DATA,243,1060,""
91.918,sender,61786f30-4c75-4147-a29d-ce70f84af3e7,RECEIVE,ACK,212,36,""
91.954,sender,61786f30-4c75-4147-a29d-ce70f84af3e7,ACKNOWLEDGED,ACK,212,0,""
91.975,sender,61786f30-4c75-4147-a29d-ce70f84af3e7,CONFIRM_DATA,ACK,212,1024,"unique file bytes acknowledged"
91.991,sender,61786f30-4c75-4147-a29d-ce70f84af3e7,RTT_SAMPLE,ACK,212,0,"7.123100"
92.015,sender,61786f30-4c75-4147-a29d-ce70f84af3e7,SEND,DATA,244,1060,""
92.044,sender,61786f30-4c75-4147-a29d-ce70f84af3e7,EMIT,DATA,244,1060,""
92.062,sender,61786f30-4c75-4147-a29d-ce70f84af3e7,RECEIVE,ACK,213,36,""
92.073,sender,61786f30-4c75-4147-a29d-ce70f84af3e7,ACKNOWLEDGED,ACK,213,0,""
92.082,sender,61786f30-4c75-4147-a29d-ce70f84af3e7,CONFIRM_DATA,ACK,213,1024,"unique file bytes acknowledged"
92.101,sender,61786f30-4c75-4147-a29d-ce70f84af3e7,RTT_SAMPLE,ACK,213,0,"7.018000"
92.115,sender,61786f30-4c75-4147-a29d-ce70f84af3e7,SEND,DATA,245,1060,""
92.136,sender,61786f30-4c75-4147-a29d-ce70f84af3e7,EMIT,DATA,245,1060,""
92.152,sender,61786f30-4c75-4147-a29d-ce70f84af3e7,RECEIVE,ACK,214,36,""
92.162,sender,61786f30-4c75-4147-a29d-ce70f84af3e7,ACKNOWLEDGED,ACK,214,0,""
92.172,sender,61786f30-4c75-4147-a29d-ce70f84af3e7,CONFIRM_DATA,ACK,214,1024,"unique file bytes acknowledged"
92.184,sender,61786f30-4c75-4147-a29d-ce70f84af3e7,RTT_SAMPLE,ACK,214,0,"6.921100"
92.200,sender,61786f30-4c75-4147-a29d-ce70f84af3e7,SEND,DATA,246,1060,""
92.232,sender,61786f30-4c75-4147-a29d-ce70f84af3e7,EMIT,DATA,246,1060,""
92.253,sender,61786f30-4c75-4147-a29d-ce70f84af3e7,RECEIVE,ACK,215,36,""
92.274,sender,61786f30-4c75-4147-a29d-ce70f84af3e7,ACKNOWLEDGED,ACK,215,0,""
92.294,sender,61786f30-4c75-4147-a29d-ce70f84af3e7,CONFIRM_DATA,ACK,215,1024,"unique file bytes acknowledged"
92.308,sender,61786f30-4c75-4147-a29d-ce70f84af3e7,RTT_SAMPLE,ACK,215,0,"6.932500"
92.323,sender,61786f30-4c75-4147-a29d-ce70f84af3e7,SEND,DATA,247,1060,""
92.347,sender,61786f30-4c75-4147-a29d-ce70f84af3e7,EMIT,DATA,247,1060,""
92.376,sender,61786f30-4c75-4147-a29d-ce70f84af3e7,RECEIVE,ACK,216,36,""
92.387,sender,61786f30-4c75-4147-a29d-ce70f84af3e7,ACKNOWLEDGED,ACK,216,0,""
92.397,sender,61786f30-4c75-4147-a29d-ce70f84af3e7,CONFIRM_DATA,ACK,216,1024,"unique file bytes acknowledged"
92.419,sender,61786f30-4c75-4147-a29d-ce70f84af3e7,RTT_SAMPLE,ACK,216,0,"6.866300"
92.438,sender,61786f30-4c75-4147-a29d-ce70f84af3e7,SEND,DATA,248,1060,""
92.459,sender,61786f30-4c75-4147-a29d-ce70f84af3e7,EMIT,DATA,248,1060,""
92.476,sender,61786f30-4c75-4147-a29d-ce70f84af3e7,RECEIVE,ACK,217,36,""
92.492,sender,61786f30-4c75-4147-a29d-ce70f84af3e7,ACKNOWLEDGED,ACK,217,0,""
92.502,sender,61786f30-4c75-4147-a29d-ce70f84af3e7,CONFIRM_DATA,ACK,217,1024,"unique file bytes acknowledged"
92.514,sender,61786f30-4c75-4147-a29d-ce70f84af3e7,RTT_SAMPLE,ACK,217,0,"6.815700"
92.528,sender,61786f30-4c75-4147-a29d-ce70f84af3e7,SEND,DATA,249,1060,""
92.547,sender,61786f30-4c75-4147-a29d-ce70f84af3e7,EMIT,DATA,249,1060,""
92.564,sender,61786f30-4c75-4147-a29d-ce70f84af3e7,RECEIVE,ACK,218,36,""
92.574,sender,61786f30-4c75-4147-a29d-ce70f84af3e7,ACKNOWLEDGED,ACK,218,0,""
92.585,sender,61786f30-4c75-4147-a29d-ce70f84af3e7,CONFIRM_DATA,ACK,218,1024,"unique file bytes acknowledged"
92.603,sender,61786f30-4c75-4147-a29d-ce70f84af3e7,RTT_SAMPLE,ACK,218,0,"6.760500"
92.621,sender,61786f30-4c75-4147-a29d-ce70f84af3e7,SEND,DATA,250,1060,""
92.647,sender,61786f30-4c75-4147-a29d-ce70f84af3e7,EMIT,DATA,250,1060,""
92.689,sender,61786f30-4c75-4147-a29d-ce70f84af3e7,RECEIVE,ACK,219,36,""
92.713,sender,61786f30-4c75-4147-a29d-ce70f84af3e7,ACKNOWLEDGED,ACK,219,0,""
92.726,sender,61786f30-4c75-4147-a29d-ce70f84af3e7,CONFIRM_DATA,ACK,219,1024,"unique file bytes acknowledged"
92.747,sender,61786f30-4c75-4147-a29d-ce70f84af3e7,RTT_SAMPLE,ACK,219,0,"6.733100"
92.765,sender,61786f30-4c75-4147-a29d-ce70f84af3e7,SEND,DATA,251,1060,""
92.790,sender,61786f30-4c75-4147-a29d-ce70f84af3e7,EMIT,DATA,251,1060,""
92.812,sender,61786f30-4c75-4147-a29d-ce70f84af3e7,RECEIVE,ACK,220,36,""
92.837,sender,61786f30-4c75-4147-a29d-ce70f84af3e7,ACKNOWLEDGED,ACK,220,0,""
92.855,sender,61786f30-4c75-4147-a29d-ce70f84af3e7,CONFIRM_DATA,ACK,220,1024,"unique file bytes acknowledged"
92.885,sender,61786f30-4c75-4147-a29d-ce70f84af3e7,RTT_SAMPLE,ACK,220,0,"6.748000"
92.904,sender,61786f30-4c75-4147-a29d-ce70f84af3e7,SEND,DATA,252,1060,""
92.940,sender,61786f30-4c75-4147-a29d-ce70f84af3e7,EMIT,DATA,252,1060,""
92.963,sender,61786f30-4c75-4147-a29d-ce70f84af3e7,RECEIVE,ACK,221,36,""
92.978,sender,61786f30-4c75-4147-a29d-ce70f84af3e7,ACKNOWLEDGED,ACK,221,0,""
92.996,sender,61786f30-4c75-4147-a29d-ce70f84af3e7,CONFIRM_DATA,ACK,221,1024,"unique file bytes acknowledged"
93.015,sender,61786f30-4c75-4147-a29d-ce70f84af3e7,RTT_SAMPLE,ACK,221,0,"6.414600"
93.039,sender,61786f30-4c75-4147-a29d-ce70f84af3e7,SEND,DATA,253,1060,""
93.063,sender,61786f30-4c75-4147-a29d-ce70f84af3e7,EMIT,DATA,253,1060,""
93.085,sender,61786f30-4c75-4147-a29d-ce70f84af3e7,RECEIVE,ACK,222,36,""
93.129,sender,61786f30-4c75-4147-a29d-ce70f84af3e7,ACKNOWLEDGED,ACK,222,0,""
93.168,sender,61786f30-4c75-4147-a29d-ce70f84af3e7,CONFIRM_DATA,ACK,222,1024,"unique file bytes acknowledged"
93.279,sender,61786f30-4c75-4147-a29d-ce70f84af3e7,RTT_SAMPLE,ACK,222,0,"6.519400"
93.319,sender,61786f30-4c75-4147-a29d-ce70f84af3e7,SEND,DATA,254,1060,""
93.358,sender,61786f30-4c75-4147-a29d-ce70f84af3e7,EMIT,DATA,254,1060,""
93.384,sender,61786f30-4c75-4147-a29d-ce70f84af3e7,RECEIVE,ACK,223,36,""
93.405,sender,61786f30-4c75-4147-a29d-ce70f84af3e7,ACKNOWLEDGED,ACK,223,0,""
93.427,sender,61786f30-4c75-4147-a29d-ce70f84af3e7,CONFIRM_DATA,ACK,223,1024,"unique file bytes acknowledged"
93.443,sender,61786f30-4c75-4147-a29d-ce70f84af3e7,RTT_SAMPLE,ACK,223,0,"6.423800"
93.479,sender,61786f30-4c75-4147-a29d-ce70f84af3e7,SEND,DATA,255,1060,""
93.519,sender,61786f30-4c75-4147-a29d-ce70f84af3e7,EMIT,DATA,255,1060,""
93.541,sender,61786f30-4c75-4147-a29d-ce70f84af3e7,RECEIVE,ACK,224,36,""
93.557,sender,61786f30-4c75-4147-a29d-ce70f84af3e7,ACKNOWLEDGED,ACK,224,0,""
93.590,sender,61786f30-4c75-4147-a29d-ce70f84af3e7,CONFIRM_DATA,ACK,224,1024,"unique file bytes acknowledged"
93.614,sender,61786f30-4c75-4147-a29d-ce70f84af3e7,RTT_SAMPLE,ACK,224,0,"6.326000"
93.634,sender,61786f30-4c75-4147-a29d-ce70f84af3e7,SEND,DATA,256,1060,""
93.661,sender,61786f30-4c75-4147-a29d-ce70f84af3e7,EMIT,DATA,256,1060,""
93.682,sender,61786f30-4c75-4147-a29d-ce70f84af3e7,RECEIVE,ACK,225,36,""
93.701,sender,61786f30-4c75-4147-a29d-ce70f84af3e7,ACKNOWLEDGED,ACK,225,0,""
93.715,sender,61786f30-4c75-4147-a29d-ce70f84af3e7,CONFIRM_DATA,ACK,225,1024,"unique file bytes acknowledged"
93.737,sender,61786f30-4c75-4147-a29d-ce70f84af3e7,RTT_SAMPLE,ACK,225,0,"6.170300"
93.754,sender,61786f30-4c75-4147-a29d-ce70f84af3e7,SEND,DATA,257,1060,""
93.786,sender,61786f30-4c75-4147-a29d-ce70f84af3e7,EMIT,DATA,257,1060,""
93.806,sender,61786f30-4c75-4147-a29d-ce70f84af3e7,RECEIVE,ACK,226,36,""
93.821,sender,61786f30-4c75-4147-a29d-ce70f84af3e7,ACKNOWLEDGED,ACK,226,0,""
93.842,sender,61786f30-4c75-4147-a29d-ce70f84af3e7,CONFIRM_DATA,ACK,226,1024,"unique file bytes acknowledged"
93.886,sender,61786f30-4c75-4147-a29d-ce70f84af3e7,RTT_SAMPLE,ACK,226,0,"6.075100"
93.908,sender,61786f30-4c75-4147-a29d-ce70f84af3e7,SEND,DATA,258,1060,""
93.939,sender,61786f30-4c75-4147-a29d-ce70f84af3e7,EMIT,DATA,258,1060,""
93.961,sender,61786f30-4c75-4147-a29d-ce70f84af3e7,RECEIVE,ACK,227,36,""
93.975,sender,61786f30-4c75-4147-a29d-ce70f84af3e7,ACKNOWLEDGED,ACK,227,0,""
94.006,sender,61786f30-4c75-4147-a29d-ce70f84af3e7,CONFIRM_DATA,ACK,227,1024,"unique file bytes acknowledged"
94.022,sender,61786f30-4c75-4147-a29d-ce70f84af3e7,RTT_SAMPLE,ACK,227,0,"5.985700"
94.043,sender,61786f30-4c75-4147-a29d-ce70f84af3e7,SEND,DATA,259,1060,""
94.071,sender,61786f30-4c75-4147-a29d-ce70f84af3e7,EMIT,DATA,259,1060,""
94.097,sender,61786f30-4c75-4147-a29d-ce70f84af3e7,RECEIVE,ACK,228,36,""
94.119,sender,61786f30-4c75-4147-a29d-ce70f84af3e7,ACKNOWLEDGED,ACK,228,0,""
94.142,sender,61786f30-4c75-4147-a29d-ce70f84af3e7,CONFIRM_DATA,ACK,228,1024,"unique file bytes acknowledged"
94.185,sender,61786f30-4c75-4147-a29d-ce70f84af3e7,RTT_SAMPLE,ACK,228,0,"5.947800"
94.220,sender,61786f30-4c75-4147-a29d-ce70f84af3e7,SEND,DATA,260,1060,""
94.245,sender,61786f30-4c75-4147-a29d-ce70f84af3e7,EMIT,DATA,260,1060,""
94.268,sender,61786f30-4c75-4147-a29d-ce70f84af3e7,RECEIVE,ACK,229,36,""
94.289,sender,61786f30-4c75-4147-a29d-ce70f84af3e7,ACKNOWLEDGED,ACK,229,0,""
94.306,sender,61786f30-4c75-4147-a29d-ce70f84af3e7,CONFIRM_DATA,ACK,229,1024,"unique file bytes acknowledged"
94.324,sender,61786f30-4c75-4147-a29d-ce70f84af3e7,RTT_SAMPLE,ACK,229,0,"5.898700"
94.378,sender,61786f30-4c75-4147-a29d-ce70f84af3e7,SEND,DATA,261,1060,""
94.409,sender,61786f30-4c75-4147-a29d-ce70f84af3e7,EMIT,DATA,261,1060,""
94.437,sender,61786f30-4c75-4147-a29d-ce70f84af3e7,RECEIVE,ACK,230,36,""
94.452,sender,61786f30-4c75-4147-a29d-ce70f84af3e7,ACKNOWLEDGED,ACK,230,0,""
94.466,sender,61786f30-4c75-4147-a29d-ce70f84af3e7,CONFIRM_DATA,ACK,230,1024,"unique file bytes acknowledged"
94.481,sender,61786f30-4c75-4147-a29d-ce70f84af3e7,RTT_SAMPLE,ACK,230,0,"5.854000"
94.514,sender,61786f30-4c75-4147-a29d-ce70f84af3e7,SEND,DATA,262,1060,""
94.546,sender,61786f30-4c75-4147-a29d-ce70f84af3e7,EMIT,DATA,262,1060,""
94.566,sender,61786f30-4c75-4147-a29d-ce70f84af3e7,RECEIVE,ACK,231,36,""
94.590,sender,61786f30-4c75-4147-a29d-ce70f84af3e7,ACKNOWLEDGED,ACK,231,0,""
94.602,sender,61786f30-4c75-4147-a29d-ce70f84af3e7,CONFIRM_DATA,ACK,231,1024,"unique file bytes acknowledged"
94.622,sender,61786f30-4c75-4147-a29d-ce70f84af3e7,RTT_SAMPLE,ACK,231,0,"5.766000"
94.644,sender,61786f30-4c75-4147-a29d-ce70f84af3e7,SEND,DATA,263,1060,""
94.684,sender,61786f30-4c75-4147-a29d-ce70f84af3e7,EMIT,DATA,263,1060,""
94.707,sender,61786f30-4c75-4147-a29d-ce70f84af3e7,RECEIVE,ACK,232,36,""
94.719,sender,61786f30-4c75-4147-a29d-ce70f84af3e7,ACKNOWLEDGED,ACK,232,0,""
94.728,sender,61786f30-4c75-4147-a29d-ce70f84af3e7,CONFIRM_DATA,ACK,232,1024,"unique file bytes acknowledged"
94.742,sender,61786f30-4c75-4147-a29d-ce70f84af3e7,RTT_SAMPLE,ACK,232,0,"5.693200"
94.757,sender,61786f30-4c75-4147-a29d-ce70f84af3e7,SEND,DATA,264,1060,""
94.779,sender,61786f30-4c75-4147-a29d-ce70f84af3e7,EMIT,DATA,264,1060,""
94.799,sender,61786f30-4c75-4147-a29d-ce70f84af3e7,RECEIVE,ACK,233,36,""
94.813,sender,61786f30-4c75-4147-a29d-ce70f84af3e7,ACKNOWLEDGED,ACK,233,0,""
94.826,sender,61786f30-4c75-4147-a29d-ce70f84af3e7,CONFIRM_DATA,ACK,233,1024,"unique file bytes acknowledged"
94.852,sender,61786f30-4c75-4147-a29d-ce70f84af3e7,RTT_SAMPLE,ACK,233,0,"5.606400"
94.893,sender,61786f30-4c75-4147-a29d-ce70f84af3e7,SEND,DATA,265,1060,""
94.918,sender,61786f30-4c75-4147-a29d-ce70f84af3e7,EMIT,DATA,265,1060,""
94.937,sender,61786f30-4c75-4147-a29d-ce70f84af3e7,RECEIVE,ACK,234,36,""
94.948,sender,61786f30-4c75-4147-a29d-ce70f84af3e7,ACKNOWLEDGED,ACK,234,0,""
94.958,sender,61786f30-4c75-4147-a29d-ce70f84af3e7,CONFIRM_DATA,ACK,234,1024,"unique file bytes acknowledged"
94.975,sender,61786f30-4c75-4147-a29d-ce70f84af3e7,RTT_SAMPLE,ACK,234,0,"5.403500"
95.004,sender,61786f30-4c75-4147-a29d-ce70f84af3e7,SEND,DATA,266,1060,""
95.028,sender,61786f30-4c75-4147-a29d-ce70f84af3e7,EMIT,DATA,266,1060,""
95.048,sender,61786f30-4c75-4147-a29d-ce70f84af3e7,RECEIVE,ACK,235,36,""
95.061,sender,61786f30-4c75-4147-a29d-ce70f84af3e7,ACKNOWLEDGED,ACK,235,0,""
95.097,sender,61786f30-4c75-4147-a29d-ce70f84af3e7,CONFIRM_DATA,ACK,235,1024,"unique file bytes acknowledged"
95.120,sender,61786f30-4c75-4147-a29d-ce70f84af3e7,RTT_SAMPLE,ACK,235,0,"5.314400"
95.165,sender,61786f30-4c75-4147-a29d-ce70f84af3e7,SEND,DATA,267,1060,""
95.190,sender,61786f30-4c75-4147-a29d-ce70f84af3e7,EMIT,DATA,267,1060,""
95.207,sender,61786f30-4c75-4147-a29d-ce70f84af3e7,RECEIVE,ACK,236,36,""
95.224,sender,61786f30-4c75-4147-a29d-ce70f84af3e7,ACKNOWLEDGED,ACK,236,0,""
95.234,sender,61786f30-4c75-4147-a29d-ce70f84af3e7,CONFIRM_DATA,ACK,236,1024,"unique file bytes acknowledged"
95.247,sender,61786f30-4c75-4147-a29d-ce70f84af3e7,RTT_SAMPLE,ACK,236,0,"5.202900"
95.291,sender,61786f30-4c75-4147-a29d-ce70f84af3e7,SEND,DATA,268,1060,""
95.333,sender,61786f30-4c75-4147-a29d-ce70f84af3e7,EMIT,DATA,268,1060,""
95.367,sender,61786f30-4c75-4147-a29d-ce70f84af3e7,RECEIVE,ACK,237,36,""
95.377,sender,61786f30-4c75-4147-a29d-ce70f84af3e7,ACKNOWLEDGED,ACK,237,0,""
95.394,sender,61786f30-4c75-4147-a29d-ce70f84af3e7,CONFIRM_DATA,ACK,237,1024,"unique file bytes acknowledged"
95.413,sender,61786f30-4c75-4147-a29d-ce70f84af3e7,RTT_SAMPLE,ACK,237,0,"5.145100"
95.429,sender,61786f30-4c75-4147-a29d-ce70f84af3e7,SEND,DATA,269,1060,""
95.613,sender,61786f30-4c75-4147-a29d-ce70f84af3e7,EMIT,DATA,269,1060,""
95.693,sender,61786f30-4c75-4147-a29d-ce70f84af3e7,RECEIVE,ACK,238,36,""
95.748,sender,61786f30-4c75-4147-a29d-ce70f84af3e7,ACKNOWLEDGED,ACK,238,0,""
95.760,sender,61786f30-4c75-4147-a29d-ce70f84af3e7,CONFIRM_DATA,ACK,238,1024,"unique file bytes acknowledged"
95.820,sender,61786f30-4c75-4147-a29d-ce70f84af3e7,RTT_SAMPLE,ACK,238,0,"5.074500"
95.857,sender,61786f30-4c75-4147-a29d-ce70f84af3e7,SEND,DATA,270,1060,""
95.891,sender,61786f30-4c75-4147-a29d-ce70f84af3e7,EMIT,DATA,270,1060,""
95.926,sender,61786f30-4c75-4147-a29d-ce70f84af3e7,RECEIVE,ACK,239,36,""
96.048,sender,61786f30-4c75-4147-a29d-ce70f84af3e7,ACKNOWLEDGED,ACK,239,0,""
96.060,sender,61786f30-4c75-4147-a29d-ce70f84af3e7,CONFIRM_DATA,ACK,239,1024,"unique file bytes acknowledged"
96.075,sender,61786f30-4c75-4147-a29d-ce70f84af3e7,RTT_SAMPLE,ACK,239,0,"5.094100"
96.093,sender,61786f30-4c75-4147-a29d-ce70f84af3e7,SEND,DATA,271,1060,""
96.118,sender,61786f30-4c75-4147-a29d-ce70f84af3e7,EMIT,DATA,271,1060,""
96.142,sender,61786f30-4c75-4147-a29d-ce70f84af3e7,RECEIVE,ACK,240,36,""
96.154,sender,61786f30-4c75-4147-a29d-ce70f84af3e7,ACKNOWLEDGED,ACK,240,0,""
96.165,sender,61786f30-4c75-4147-a29d-ce70f84af3e7,CONFIRM_DATA,ACK,240,1024,"unique file bytes acknowledged"
96.177,sender,61786f30-4c75-4147-a29d-ce70f84af3e7,RTT_SAMPLE,ACK,240,0,"4.998300"
96.204,sender,61786f30-4c75-4147-a29d-ce70f84af3e7,SEND,DATA,272,1060,""
96.228,sender,61786f30-4c75-4147-a29d-ce70f84af3e7,EMIT,DATA,272,1060,""
96.253,sender,61786f30-4c75-4147-a29d-ce70f84af3e7,RECEIVE,ACK,241,36,""
96.266,sender,61786f30-4c75-4147-a29d-ce70f84af3e7,ACKNOWLEDGED,ACK,241,0,""
96.283,sender,61786f30-4c75-4147-a29d-ce70f84af3e7,CONFIRM_DATA,ACK,241,1024,"unique file bytes acknowledged"
96.297,sender,61786f30-4c75-4147-a29d-ce70f84af3e7,RTT_SAMPLE,ACK,241,0,"4.745000"
96.312,sender,61786f30-4c75-4147-a29d-ce70f84af3e7,SEND,DATA,273,1060,""
96.374,sender,61786f30-4c75-4147-a29d-ce70f84af3e7,EMIT,DATA,273,1060,""
96.400,sender,61786f30-4c75-4147-a29d-ce70f84af3e7,RECEIVE,ACK,242,36,""
96.416,sender,61786f30-4c75-4147-a29d-ce70f84af3e7,ACKNOWLEDGED,ACK,242,0,""
96.426,sender,61786f30-4c75-4147-a29d-ce70f84af3e7,CONFIRM_DATA,ACK,242,1024,"unique file bytes acknowledged"
96.439,sender,61786f30-4c75-4147-a29d-ce70f84af3e7,RTT_SAMPLE,ACK,242,0,"4.749900"
96.454,sender,61786f30-4c75-4147-a29d-ce70f84af3e7,SEND,DATA,274,1060,""
96.486,sender,61786f30-4c75-4147-a29d-ce70f84af3e7,EMIT,DATA,274,1060,""
96.503,sender,61786f30-4c75-4147-a29d-ce70f84af3e7,RECEIVE,ACK,243,36,""
96.516,sender,61786f30-4c75-4147-a29d-ce70f84af3e7,ACKNOWLEDGED,ACK,243,0,""
96.545,sender,61786f30-4c75-4147-a29d-ce70f84af3e7,CONFIRM_DATA,ACK,243,1024,"unique file bytes acknowledged"
96.560,sender,61786f30-4c75-4147-a29d-ce70f84af3e7,RTT_SAMPLE,ACK,243,0,"4.725500"
96.580,sender,61786f30-4c75-4147-a29d-ce70f84af3e7,SEND,DATA,275,1060,""
96.613,sender,61786f30-4c75-4147-a29d-ce70f84af3e7,EMIT,DATA,275,1060,""
96.633,sender,61786f30-4c75-4147-a29d-ce70f84af3e7,RECEIVE,ACK,244,36,""
96.674,sender,61786f30-4c75-4147-a29d-ce70f84af3e7,ACKNOWLEDGED,ACK,244,0,""
96.686,sender,61786f30-4c75-4147-a29d-ce70f84af3e7,CONFIRM_DATA,ACK,244,1024,"unique file bytes acknowledged"
96.708,sender,61786f30-4c75-4147-a29d-ce70f84af3e7,RTT_SAMPLE,ACK,244,0,"4.686200"
96.730,sender,61786f30-4c75-4147-a29d-ce70f84af3e7,SEND,DATA,276,1060,""
96.757,sender,61786f30-4c75-4147-a29d-ce70f84af3e7,EMIT,DATA,276,1060,""
96.782,sender,61786f30-4c75-4147-a29d-ce70f84af3e7,RECEIVE,ACK,245,36,""
96.795,sender,61786f30-4c75-4147-a29d-ce70f84af3e7,ACKNOWLEDGED,ACK,245,0,""
96.820,sender,61786f30-4c75-4147-a29d-ce70f84af3e7,CONFIRM_DATA,ACK,245,1024,"unique file bytes acknowledged"
96.837,sender,61786f30-4c75-4147-a29d-ce70f84af3e7,RTT_SAMPLE,ACK,245,0,"4.720500"
96.858,sender,61786f30-4c75-4147-a29d-ce70f84af3e7,SEND,DATA,277,1060,""
96.886,sender,61786f30-4c75-4147-a29d-ce70f84af3e7,EMIT,DATA,277,1060,""
96.956,sender,61786f30-4c75-4147-a29d-ce70f84af3e7,RECEIVE,ACK,246,36,""
96.969,sender,61786f30-4c75-4147-a29d-ce70f84af3e7,ACKNOWLEDGED,ACK,246,0,""
96.981,sender,61786f30-4c75-4147-a29d-ce70f84af3e7,CONFIRM_DATA,ACK,246,1024,"unique file bytes acknowledged"
97.022,sender,61786f30-4c75-4147-a29d-ce70f84af3e7,RTT_SAMPLE,ACK,246,0,"4.819900"
97.038,sender,61786f30-4c75-4147-a29d-ce70f84af3e7,SEND,DATA,278,1060,""
97.082,sender,61786f30-4c75-4147-a29d-ce70f84af3e7,EMIT,DATA,278,1060,""
97.130,sender,61786f30-4c75-4147-a29d-ce70f84af3e7,RECEIVE,ACK,247,36,""
97.143,sender,61786f30-4c75-4147-a29d-ce70f84af3e7,ACKNOWLEDGED,ACK,247,0,""
97.153,sender,61786f30-4c75-4147-a29d-ce70f84af3e7,CONFIRM_DATA,ACK,247,1024,"unique file bytes acknowledged"
97.179,sender,61786f30-4c75-4147-a29d-ce70f84af3e7,RTT_SAMPLE,ACK,247,0,"4.854600"
97.200,sender,61786f30-4c75-4147-a29d-ce70f84af3e7,SEND,DATA,279,1060,""
97.262,sender,61786f30-4c75-4147-a29d-ce70f84af3e7,EMIT,DATA,279,1060,""
97.284,sender,61786f30-4c75-4147-a29d-ce70f84af3e7,RECEIVE,ACK,248,36,""
97.298,sender,61786f30-4c75-4147-a29d-ce70f84af3e7,ACKNOWLEDGED,ACK,248,0,""
97.315,sender,61786f30-4c75-4147-a29d-ce70f84af3e7,CONFIRM_DATA,ACK,248,1024,"unique file bytes acknowledged"
97.465,sender,61786f30-4c75-4147-a29d-ce70f84af3e7,RTT_SAMPLE,ACK,248,0,"5.006900"
97.521,sender,61786f30-4c75-4147-a29d-ce70f84af3e7,SEND,DATA,280,1060,""
97.626,sender,61786f30-4c75-4147-a29d-ce70f84af3e7,EMIT,DATA,280,1060,""
97.690,sender,61786f30-4c75-4147-a29d-ce70f84af3e7,RECEIVE,ACK,249,36,""
97.723,sender,61786f30-4c75-4147-a29d-ce70f84af3e7,ACKNOWLEDGED,ACK,249,0,""
97.741,sender,61786f30-4c75-4147-a29d-ce70f84af3e7,CONFIRM_DATA,ACK,249,1024,"unique file bytes acknowledged"
97.769,sender,61786f30-4c75-4147-a29d-ce70f84af3e7,RTT_SAMPLE,ACK,249,0,"5.232800"
97.806,sender,61786f30-4c75-4147-a29d-ce70f84af3e7,SEND,DATA,281,1060,""
97.881,sender,61786f30-4c75-4147-a29d-ce70f84af3e7,EMIT,DATA,281,1060,""
97.922,sender,61786f30-4c75-4147-a29d-ce70f84af3e7,RECEIVE,ACK,250,36,""
97.974,sender,61786f30-4c75-4147-a29d-ce70f84af3e7,ACKNOWLEDGED,ACK,250,0,""
97.992,sender,61786f30-4c75-4147-a29d-ce70f84af3e7,CONFIRM_DATA,ACK,250,1024,"unique file bytes acknowledged"
98.019,sender,61786f30-4c75-4147-a29d-ce70f84af3e7,RTT_SAMPLE,ACK,250,0,"5.390600"
98.049,sender,61786f30-4c75-4147-a29d-ce70f84af3e7,SEND,DATA,282,1060,""
98.111,sender,61786f30-4c75-4147-a29d-ce70f84af3e7,EMIT,DATA,282,1060,""
98.151,sender,61786f30-4c75-4147-a29d-ce70f84af3e7,RECEIVE,ACK,251,36,""
98.178,sender,61786f30-4c75-4147-a29d-ce70f84af3e7,ACKNOWLEDGED,ACK,251,0,""
98.195,sender,61786f30-4c75-4147-a29d-ce70f84af3e7,CONFIRM_DATA,ACK,251,1024,"unique file bytes acknowledged"
98.222,sender,61786f30-4c75-4147-a29d-ce70f84af3e7,RTT_SAMPLE,ACK,251,0,"5.448900"
98.253,sender,61786f30-4c75-4147-a29d-ce70f84af3e7,SEND,DATA,283,1060,""
98.308,sender,61786f30-4c75-4147-a29d-ce70f84af3e7,EMIT,DATA,283,1060,""
98.368,sender,61786f30-4c75-4147-a29d-ce70f84af3e7,RECEIVE,ACK,252,36,""
98.396,sender,61786f30-4c75-4147-a29d-ce70f84af3e7,ACKNOWLEDGED,ACK,252,0,""
98.423,sender,61786f30-4c75-4147-a29d-ce70f84af3e7,CONFIRM_DATA,ACK,252,1024,"unique file bytes acknowledged"
98.455,sender,61786f30-4c75-4147-a29d-ce70f84af3e7,RTT_SAMPLE,ACK,252,0,"5.543500"
98.483,sender,61786f30-4c75-4147-a29d-ce70f84af3e7,SEND,DATA,284,1060,""
98.529,sender,61786f30-4c75-4147-a29d-ce70f84af3e7,EMIT,DATA,284,1060,""
98.568,sender,61786f30-4c75-4147-a29d-ce70f84af3e7,RECEIVE,ACK,253,36,""
98.599,sender,61786f30-4c75-4147-a29d-ce70f84af3e7,ACKNOWLEDGED,ACK,253,0,""
98.621,sender,61786f30-4c75-4147-a29d-ce70f84af3e7,CONFIRM_DATA,ACK,253,1024,"unique file bytes acknowledged"
98.646,sender,61786f30-4c75-4147-a29d-ce70f84af3e7,RTT_SAMPLE,ACK,253,0,"5.603200"
98.673,sender,61786f30-4c75-4147-a29d-ce70f84af3e7,SEND,DATA,285,1060,""
98.749,sender,61786f30-4c75-4147-a29d-ce70f84af3e7,EMIT,DATA,285,1060,""
98.787,sender,61786f30-4c75-4147-a29d-ce70f84af3e7,RECEIVE,ACK,254,36,""
98.807,sender,61786f30-4c75-4147-a29d-ce70f84af3e7,ACKNOWLEDGED,ACK,254,0,""
98.822,sender,61786f30-4c75-4147-a29d-ce70f84af3e7,CONFIRM_DATA,ACK,254,1024,"unique file bytes acknowledged"
98.845,sender,61786f30-4c75-4147-a29d-ce70f84af3e7,RTT_SAMPLE,ACK,254,0,"5.520000"
98.902,sender,61786f30-4c75-4147-a29d-ce70f84af3e7,SEND,DATA,286,1060,""
98.954,sender,61786f30-4c75-4147-a29d-ce70f84af3e7,EMIT,DATA,286,1060,""
98.993,sender,61786f30-4c75-4147-a29d-ce70f84af3e7,RECEIVE,ACK,255,36,""
99.033,sender,61786f30-4c75-4147-a29d-ce70f84af3e7,ACKNOWLEDGED,ACK,255,0,""
99.051,sender,61786f30-4c75-4147-a29d-ce70f84af3e7,CONFIRM_DATA,ACK,255,1024,"unique file bytes acknowledged"
99.084,sender,61786f30-4c75-4147-a29d-ce70f84af3e7,RTT_SAMPLE,ACK,255,0,"5.591300"
99.274,sender,61786f30-4c75-4147-a29d-ce70f84af3e7,SEND,DATA,287,1060,""
99.349,sender,61786f30-4c75-4147-a29d-ce70f84af3e7,EMIT,DATA,287,1060,""
99.391,sender,61786f30-4c75-4147-a29d-ce70f84af3e7,RECEIVE,ACK,256,36,""
99.416,sender,61786f30-4c75-4147-a29d-ce70f84af3e7,ACKNOWLEDGED,ACK,256,0,""
99.443,sender,61786f30-4c75-4147-a29d-ce70f84af3e7,CONFIRM_DATA,ACK,256,1024,"unique file bytes acknowledged"
99.477,sender,61786f30-4c75-4147-a29d-ce70f84af3e7,RTT_SAMPLE,ACK,256,0,"5.835300"
99.516,sender,61786f30-4c75-4147-a29d-ce70f84af3e7,SEND,DATA,288,1060,""
99.568,sender,61786f30-4c75-4147-a29d-ce70f84af3e7,EMIT,DATA,288,1060,""
99.621,sender,61786f30-4c75-4147-a29d-ce70f84af3e7,RECEIVE,ACK,257,36,""
99.644,sender,61786f30-4c75-4147-a29d-ce70f84af3e7,ACKNOWLEDGED,ACK,257,0,""
99.684,sender,61786f30-4c75-4147-a29d-ce70f84af3e7,CONFIRM_DATA,ACK,257,1024,"unique file bytes acknowledged"
99.711,sender,61786f30-4c75-4147-a29d-ce70f84af3e7,RTT_SAMPLE,ACK,257,0,"5.951300"
99.758,sender,61786f30-4c75-4147-a29d-ce70f84af3e7,SEND,DATA,289,1060,""
99.812,sender,61786f30-4c75-4147-a29d-ce70f84af3e7,EMIT,DATA,289,1060,""
99.848,sender,61786f30-4c75-4147-a29d-ce70f84af3e7,RECEIVE,ACK,258,36,""
99.869,sender,61786f30-4c75-4147-a29d-ce70f84af3e7,ACKNOWLEDGED,ACK,258,0,""
99.883,sender,61786f30-4c75-4147-a29d-ce70f84af3e7,CONFIRM_DATA,ACK,258,1024,"unique file bytes acknowledged"
99.905,sender,61786f30-4c75-4147-a29d-ce70f84af3e7,RTT_SAMPLE,ACK,258,0,"5.991200"
99.932,sender,61786f30-4c75-4147-a29d-ce70f84af3e7,SEND,DATA,290,1060,""
99.976,sender,61786f30-4c75-4147-a29d-ce70f84af3e7,EMIT,DATA,290,1060,""
100.031,sender,61786f30-4c75-4147-a29d-ce70f84af3e7,RECEIVE,ACK,259,36,""
100.080,sender,61786f30-4c75-4147-a29d-ce70f84af3e7,ACKNOWLEDGED,ACK,259,0,""
100.109,sender,61786f30-4c75-4147-a29d-ce70f84af3e7,CONFIRM_DATA,ACK,259,1024,"unique file bytes acknowledged"
100.149,sender,61786f30-4c75-4147-a29d-ce70f84af3e7,RTT_SAMPLE,ACK,259,0,"6.097100"
100.185,sender,61786f30-4c75-4147-a29d-ce70f84af3e7,SEND,DATA,291,1060,""
100.249,sender,61786f30-4c75-4147-a29d-ce70f84af3e7,EMIT,DATA,291,1060,""
100.305,sender,61786f30-4c75-4147-a29d-ce70f84af3e7,RECEIVE,ACK,260,36,""
100.329,sender,61786f30-4c75-4147-a29d-ce70f84af3e7,ACKNOWLEDGED,ACK,260,0,""
100.348,sender,61786f30-4c75-4147-a29d-ce70f84af3e7,CONFIRM_DATA,ACK,260,1024,"unique file bytes acknowledged"
100.371,sender,61786f30-4c75-4147-a29d-ce70f84af3e7,RTT_SAMPLE,ACK,260,0,"6.145700"
100.398,sender,61786f30-4c75-4147-a29d-ce70f84af3e7,SEND,DATA,292,1060,""
100.455,sender,61786f30-4c75-4147-a29d-ce70f84af3e7,EMIT,DATA,292,1060,""
100.494,sender,61786f30-4c75-4147-a29d-ce70f84af3e7,RECEIVE,ACK,261,36,""
100.513,sender,61786f30-4c75-4147-a29d-ce70f84af3e7,ACKNOWLEDGED,ACK,261,0,""
100.539,sender,61786f30-4c75-4147-a29d-ce70f84af3e7,CONFIRM_DATA,ACK,261,1024,"unique file bytes acknowledged"
100.562,sender,61786f30-4c75-4147-a29d-ce70f84af3e7,RTT_SAMPLE,ACK,261,0,"6.177900"
100.588,sender,61786f30-4c75-4147-a29d-ce70f84af3e7,SEND,DATA,293,1060,""
100.629,sender,61786f30-4c75-4147-a29d-ce70f84af3e7,EMIT,DATA,293,1060,""
100.666,sender,61786f30-4c75-4147-a29d-ce70f84af3e7,RECEIVE,ACK,262,36,""
100.686,sender,61786f30-4c75-4147-a29d-ce70f84af3e7,ACKNOWLEDGED,ACK,262,0,""
100.703,sender,61786f30-4c75-4147-a29d-ce70f84af3e7,CONFIRM_DATA,ACK,262,1024,"unique file bytes acknowledged"
100.725,sender,61786f30-4c75-4147-a29d-ce70f84af3e7,RTT_SAMPLE,ACK,262,0,"6.205900"
100.750,sender,61786f30-4c75-4147-a29d-ce70f84af3e7,SEND,DATA,294,1060,""
100.792,sender,61786f30-4c75-4147-a29d-ce70f84af3e7,EMIT,DATA,294,1060,""
100.837,sender,61786f30-4c75-4147-a29d-ce70f84af3e7,RECEIVE,ACK,263,36,""
100.861,sender,61786f30-4c75-4147-a29d-ce70f84af3e7,ACKNOWLEDGED,ACK,263,0,""
100.896,sender,61786f30-4c75-4147-a29d-ce70f84af3e7,CONFIRM_DATA,ACK,263,1024,"unique file bytes acknowledged"
100.924,sender,61786f30-4c75-4147-a29d-ce70f84af3e7,RTT_SAMPLE,ACK,263,0,"6.276000"
100.950,sender,61786f30-4c75-4147-a29d-ce70f84af3e7,SEND,DATA,295,1060,""
100.995,sender,61786f30-4c75-4147-a29d-ce70f84af3e7,EMIT,DATA,295,1060,""
101.054,sender,61786f30-4c75-4147-a29d-ce70f84af3e7,RECEIVE,ACK,264,36,""
101.099,sender,61786f30-4c75-4147-a29d-ce70f84af3e7,ACKNOWLEDGED,ACK,264,0,""
101.118,sender,61786f30-4c75-4147-a29d-ce70f84af3e7,CONFIRM_DATA,ACK,264,1024,"unique file bytes acknowledged"
101.214,sender,61786f30-4c75-4147-a29d-ce70f84af3e7,RTT_SAMPLE,ACK,264,0,"6.381400"
101.245,sender,61786f30-4c75-4147-a29d-ce70f84af3e7,SEND,DATA,296,1060,""
101.294,sender,61786f30-4c75-4147-a29d-ce70f84af3e7,EMIT,DATA,296,1060,""
101.371,sender,61786f30-4c75-4147-a29d-ce70f84af3e7,RECEIVE,ACK,265,36,""
101.396,sender,61786f30-4c75-4147-a29d-ce70f84af3e7,ACKNOWLEDGED,ACK,265,0,""
101.447,sender,61786f30-4c75-4147-a29d-ce70f84af3e7,CONFIRM_DATA,ACK,265,1024,"unique file bytes acknowledged"
101.525,sender,61786f30-4c75-4147-a29d-ce70f84af3e7,RTT_SAMPLE,ACK,265,0,"6.616200"
101.557,sender,61786f30-4c75-4147-a29d-ce70f84af3e7,SEND,DATA,297,1060,""
101.637,sender,61786f30-4c75-4147-a29d-ce70f84af3e7,EMIT,DATA,297,1060,""
101.679,sender,61786f30-4c75-4147-a29d-ce70f84af3e7,RECEIVE,ACK,266,36,""
101.707,sender,61786f30-4c75-4147-a29d-ce70f84af3e7,ACKNOWLEDGED,ACK,266,0,""
101.724,sender,61786f30-4c75-4147-a29d-ce70f84af3e7,CONFIRM_DATA,ACK,266,1024,"unique file bytes acknowledged"
101.745,sender,61786f30-4c75-4147-a29d-ce70f84af3e7,RTT_SAMPLE,ACK,266,0,"6.737600"
101.782,sender,61786f30-4c75-4147-a29d-ce70f84af3e7,SEND,DATA,298,1060,""
101.838,sender,61786f30-4c75-4147-a29d-ce70f84af3e7,EMIT,DATA,298,1060,""
101.874,sender,61786f30-4c75-4147-a29d-ce70f84af3e7,RECEIVE,ACK,267,36,""
101.894,sender,61786f30-4c75-4147-a29d-ce70f84af3e7,ACKNOWLEDGED,ACK,267,0,""
101.909,sender,61786f30-4c75-4147-a29d-ce70f84af3e7,CONFIRM_DATA,ACK,267,1024,"unique file bytes acknowledged"
101.928,sender,61786f30-4c75-4147-a29d-ce70f84af3e7,RTT_SAMPLE,ACK,267,0,"6.760900"
101.956,sender,61786f30-4c75-4147-a29d-ce70f84af3e7,SEND,DATA,299,1060,""
102.009,sender,61786f30-4c75-4147-a29d-ce70f84af3e7,EMIT,DATA,299,1060,""
102.048,sender,61786f30-4c75-4147-a29d-ce70f84af3e7,RECEIVE,ACK,268,36,""
102.074,sender,61786f30-4c75-4147-a29d-ce70f84af3e7,ACKNOWLEDGED,ACK,268,0,""
102.127,sender,61786f30-4c75-4147-a29d-ce70f84af3e7,CONFIRM_DATA,ACK,268,1024,"unique file bytes acknowledged"
102.150,sender,61786f30-4c75-4147-a29d-ce70f84af3e7,RTT_SAMPLE,ACK,268,0,"6.855500"
102.225,sender,61786f30-4c75-4147-a29d-ce70f84af3e7,SEND,DATA,300,1060,""
102.286,sender,61786f30-4c75-4147-a29d-ce70f84af3e7,EMIT,DATA,300,1060,""
102.324,sender,61786f30-4c75-4147-a29d-ce70f84af3e7,RECEIVE,ACK,269,36,""
102.377,sender,61786f30-4c75-4147-a29d-ce70f84af3e7,ACKNOWLEDGED,ACK,269,0,""
102.438,sender,61786f30-4c75-4147-a29d-ce70f84af3e7,CONFIRM_DATA,ACK,269,1024,"unique file bytes acknowledged"
102.462,sender,61786f30-4c75-4147-a29d-ce70f84af3e7,RTT_SAMPLE,ACK,269,0,"7.029400"
102.491,sender,61786f30-4c75-4147-a29d-ce70f84af3e7,SEND,DATA,301,1060,""
102.545,sender,61786f30-4c75-4147-a29d-ce70f84af3e7,EMIT,DATA,301,1060,""
102.580,sender,61786f30-4c75-4147-a29d-ce70f84af3e7,RECEIVE,ACK,270,36,""
102.603,sender,61786f30-4c75-4147-a29d-ce70f84af3e7,ACKNOWLEDGED,ACK,270,0,""
102.618,sender,61786f30-4c75-4147-a29d-ce70f84af3e7,CONFIRM_DATA,ACK,270,1024,"unique file bytes acknowledged"
102.685,sender,61786f30-4c75-4147-a29d-ce70f84af3e7,RTT_SAMPLE,ACK,270,0,"6.825400"
102.735,sender,61786f30-4c75-4147-a29d-ce70f84af3e7,SEND,DATA,302,1060,""
102.790,sender,61786f30-4c75-4147-a29d-ce70f84af3e7,EMIT,DATA,302,1060,""
102.827,sender,61786f30-4c75-4147-a29d-ce70f84af3e7,RECEIVE,ACK,271,36,""
102.849,sender,61786f30-4c75-4147-a29d-ce70f84af3e7,ACKNOWLEDGED,ACK,271,0,""
102.870,sender,61786f30-4c75-4147-a29d-ce70f84af3e7,CONFIRM_DATA,ACK,271,1024,"unique file bytes acknowledged"
102.922,sender,61786f30-4c75-4147-a29d-ce70f84af3e7,RTT_SAMPLE,ACK,271,0,"6.824900"
102.952,sender,61786f30-4c75-4147-a29d-ce70f84af3e7,SEND,DATA,303,1060,""
103.007,sender,61786f30-4c75-4147-a29d-ce70f84af3e7,EMIT,DATA,303,1060,""
103.041,sender,61786f30-4c75-4147-a29d-ce70f84af3e7,RECEIVE,ACK,272,36,""
103.187,sender,61786f30-4c75-4147-a29d-ce70f84af3e7,ACKNOWLEDGED,ACK,272,0,""
103.219,sender,61786f30-4c75-4147-a29d-ce70f84af3e7,CONFIRM_DATA,ACK,272,1024,"unique file bytes acknowledged"
103.240,sender,61786f30-4c75-4147-a29d-ce70f84af3e7,RTT_SAMPLE,ACK,272,0,"7.031700"
103.292,sender,61786f30-4c75-4147-a29d-ce70f84af3e7,SEND,DATA,304,1060,""
103.350,sender,61786f30-4c75-4147-a29d-ce70f84af3e7,EMIT,DATA,304,1060,""
103.388,sender,61786f30-4c75-4147-a29d-ce70f84af3e7,RECEIVE,ACK,273,36,""
103.407,sender,61786f30-4c75-4147-a29d-ce70f84af3e7,ACKNOWLEDGED,ACK,273,0,""
103.421,sender,61786f30-4c75-4147-a29d-ce70f84af3e7,CONFIRM_DATA,ACK,273,1024,"unique file bytes acknowledged"
103.441,sender,61786f30-4c75-4147-a29d-ce70f84af3e7,RTT_SAMPLE,ACK,273,0,"7.125500"
103.467,sender,61786f30-4c75-4147-a29d-ce70f84af3e7,SEND,DATA,305,1060,""
103.512,sender,61786f30-4c75-4147-a29d-ce70f84af3e7,EMIT,DATA,305,1060,""
103.572,sender,61786f30-4c75-4147-a29d-ce70f84af3e7,RECEIVE,ACK,274,36,""
103.604,sender,61786f30-4c75-4147-a29d-ce70f84af3e7,ACKNOWLEDGED,ACK,274,0,""
103.619,sender,61786f30-4c75-4147-a29d-ce70f84af3e7,CONFIRM_DATA,ACK,274,1024,"unique file bytes acknowledged"
103.643,sender,61786f30-4c75-4147-a29d-ce70f84af3e7,RTT_SAMPLE,ACK,274,0,"7.186700"
103.672,sender,61786f30-4c75-4147-a29d-ce70f84af3e7,SEND,DATA,306,1060,""
103.738,sender,61786f30-4c75-4147-a29d-ce70f84af3e7,EMIT,DATA,306,1060,""
103.816,sender,61786f30-4c75-4147-a29d-ce70f84af3e7,RECEIVE,ACK,275,36,""
103.838,sender,61786f30-4c75-4147-a29d-ce70f84af3e7,ACKNOWLEDGED,ACK,275,0,""
103.865,sender,61786f30-4c75-4147-a29d-ce70f84af3e7,CONFIRM_DATA,ACK,275,1024,"unique file bytes acknowledged"
103.884,sender,61786f30-4c75-4147-a29d-ce70f84af3e7,RTT_SAMPLE,ACK,275,0,"7.301000"
103.910,sender,61786f30-4c75-4147-a29d-ce70f84af3e7,SEND,DATA,307,1060,""
103.960,sender,61786f30-4c75-4147-a29d-ce70f84af3e7,EMIT,DATA,307,1060,""
104.005,sender,61786f30-4c75-4147-a29d-ce70f84af3e7,RECEIVE,ACK,276,36,""
104.024,sender,61786f30-4c75-4147-a29d-ce70f84af3e7,ACKNOWLEDGED,ACK,276,0,""
104.038,sender,61786f30-4c75-4147-a29d-ce70f84af3e7,CONFIRM_DATA,ACK,276,1024,"unique file bytes acknowledged"
104.058,sender,61786f30-4c75-4147-a29d-ce70f84af3e7,RTT_SAMPLE,ACK,276,0,"7.324500"
104.089,sender,61786f30-4c75-4147-a29d-ce70f84af3e7,SEND,DATA,308,1060,""
104.135,sender,61786f30-4c75-4147-a29d-ce70f84af3e7,EMIT,DATA,308,1060,""
104.171,sender,61786f30-4c75-4147-a29d-ce70f84af3e7,RECEIVE,ACK,277,36,""
104.191,sender,61786f30-4c75-4147-a29d-ce70f84af3e7,ACKNOWLEDGED,ACK,277,0,""
104.209,sender,61786f30-4c75-4147-a29d-ce70f84af3e7,CONFIRM_DATA,ACK,277,1024,"unique file bytes acknowledged"
104.232,sender,61786f30-4c75-4147-a29d-ce70f84af3e7,RTT_SAMPLE,ACK,277,0,"7.369000"
104.290,sender,61786f30-4c75-4147-a29d-ce70f84af3e7,SEND,DATA,309,1060,""
104.380,sender,61786f30-4c75-4147-a29d-ce70f84af3e7,EMIT,DATA,309,1060,""
104.419,sender,61786f30-4c75-4147-a29d-ce70f84af3e7,RECEIVE,ACK,278,36,""
104.441,sender,61786f30-4c75-4147-a29d-ce70f84af3e7,ACKNOWLEDGED,ACK,278,0,""
104.462,sender,61786f30-4c75-4147-a29d-ce70f84af3e7,CONFIRM_DATA,ACK,278,1024,"unique file bytes acknowledged"
104.487,sender,61786f30-4c75-4147-a29d-ce70f84af3e7,RTT_SAMPLE,ACK,278,0,"7.443500"
104.518,sender,61786f30-4c75-4147-a29d-ce70f84af3e7,SEND,DATA,310,1060,""
104.570,sender,61786f30-4c75-4147-a29d-ce70f84af3e7,EMIT,DATA,310,1060,""
104.605,sender,61786f30-4c75-4147-a29d-ce70f84af3e7,RECEIVE,ACK,279,36,""
104.624,sender,61786f30-4c75-4147-a29d-ce70f84af3e7,ACKNOWLEDGED,ACK,279,0,""
104.638,sender,61786f30-4c75-4147-a29d-ce70f84af3e7,CONFIRM_DATA,ACK,279,1024,"unique file bytes acknowledged"
104.660,sender,61786f30-4c75-4147-a29d-ce70f84af3e7,RTT_SAMPLE,ACK,279,0,"7.456700"
104.701,sender,61786f30-4c75-4147-a29d-ce70f84af3e7,SEND,DATA,311,1060,""
104.760,sender,61786f30-4c75-4147-a29d-ce70f84af3e7,EMIT,DATA,311,1060,""
104.815,sender,61786f30-4c75-4147-a29d-ce70f84af3e7,RECEIVE,ACK,280,36,""
104.834,sender,61786f30-4c75-4147-a29d-ce70f84af3e7,ACKNOWLEDGED,ACK,280,0,""
104.851,sender,61786f30-4c75-4147-a29d-ce70f84af3e7,CONFIRM_DATA,ACK,280,1024,"unique file bytes acknowledged"
104.875,sender,61786f30-4c75-4147-a29d-ce70f84af3e7,RTT_SAMPLE,ACK,280,0,"7.356100"
104.913,sender,61786f30-4c75-4147-a29d-ce70f84af3e7,SEND,DATA,312,1060,""
104.983,sender,61786f30-4c75-4147-a29d-ce70f84af3e7,EMIT,DATA,312,1060,""
105.027,sender,61786f30-4c75-4147-a29d-ce70f84af3e7,RECEIVE,ACK,281,36,""
105.051,sender,61786f30-4c75-4147-a29d-ce70f84af3e7,ACKNOWLEDGED,ACK,281,0,""
105.069,sender,61786f30-4c75-4147-a29d-ce70f84af3e7,CONFIRM_DATA,ACK,281,1024,"unique file bytes acknowledged"
105.104,sender,61786f30-4c75-4147-a29d-ce70f84af3e7,RTT_SAMPLE,ACK,281,0,"7.297300"
105.130,sender,61786f30-4c75-4147-a29d-ce70f84af3e7,SEND,DATA,313,1060,""
105.199,sender,61786f30-4c75-4147-a29d-ce70f84af3e7,EMIT,DATA,313,1060,""
105.236,sender,61786f30-4c75-4147-a29d-ce70f84af3e7,RECEIVE,ACK,282,36,""
105.255,sender,61786f30-4c75-4147-a29d-ce70f84af3e7,ACKNOWLEDGED,ACK,282,0,""
105.270,sender,61786f30-4c75-4147-a29d-ce70f84af3e7,CONFIRM_DATA,ACK,282,1024,"unique file bytes acknowledged"
105.294,sender,61786f30-4c75-4147-a29d-ce70f84af3e7,RTT_SAMPLE,ACK,282,0,"7.242400"
105.331,sender,61786f30-4c75-4147-a29d-ce70f84af3e7,SEND,DATA,314,1060,""
105.378,sender,61786f30-4c75-4147-a29d-ce70f84af3e7,EMIT,DATA,314,1060,""
105.413,sender,61786f30-4c75-4147-a29d-ce70f84af3e7,RECEIVE,ACK,283,36,""
105.432,sender,61786f30-4c75-4147-a29d-ce70f84af3e7,ACKNOWLEDGED,ACK,283,0,""
105.467,sender,61786f30-4c75-4147-a29d-ce70f84af3e7,CONFIRM_DATA,ACK,283,1024,"unique file bytes acknowledged"
105.488,sender,61786f30-4c75-4147-a29d-ce70f84af3e7,RTT_SAMPLE,ACK,283,0,"7.231900"
105.523,sender,61786f30-4c75-4147-a29d-ce70f84af3e7,SEND,DATA,315,1060,""
105.574,sender,61786f30-4c75-4147-a29d-ce70f84af3e7,EMIT,DATA,315,1060,""
105.608,sender,61786f30-4c75-4147-a29d-ce70f84af3e7,RECEIVE,ACK,284,36,""
105.630,sender,61786f30-4c75-4147-a29d-ce70f84af3e7,ACKNOWLEDGED,ACK,284,0,""
105.646,sender,61786f30-4c75-4147-a29d-ce70f84af3e7,CONFIRM_DATA,ACK,284,1024,"unique file bytes acknowledged"
105.671,sender,61786f30-4c75-4147-a29d-ce70f84af3e7,RTT_SAMPLE,ACK,284,0,"7.183800"
105.703,sender,61786f30-4c75-4147-a29d-ce70f84af3e7,SEND,DATA,316,1060,""
105.755,sender,61786f30-4c75-4147-a29d-ce70f84af3e7,EMIT,DATA,316,1060,""
105.795,sender,61786f30-4c75-4147-a29d-ce70f84af3e7,RECEIVE,ACK,285,36,""
105.836,sender,61786f30-4c75-4147-a29d-ce70f84af3e7,ACKNOWLEDGED,ACK,285,0,""
105.863,sender,61786f30-4c75-4147-a29d-ce70f84af3e7,CONFIRM_DATA,ACK,285,1024,"unique file bytes acknowledged"
105.891,sender,61786f30-4c75-4147-a29d-ce70f84af3e7,RTT_SAMPLE,ACK,285,0,"7.215000"
105.918,sender,61786f30-4c75-4147-a29d-ce70f84af3e7,SEND,DATA,317,1060,""
105.973,sender,61786f30-4c75-4147-a29d-ce70f84af3e7,EMIT,DATA,317,1060,""
106.009,sender,61786f30-4c75-4147-a29d-ce70f84af3e7,RECEIVE,ACK,286,36,""
106.027,sender,61786f30-4c75-4147-a29d-ce70f84af3e7,ACKNOWLEDGED,ACK,286,0,""
106.042,sender,61786f30-4c75-4147-a29d-ce70f84af3e7,CONFIRM_DATA,ACK,286,1024,"unique file bytes acknowledged"
106.061,sender,61786f30-4c75-4147-a29d-ce70f84af3e7,RTT_SAMPLE,ACK,286,0,"7.157500"
106.086,sender,61786f30-4c75-4147-a29d-ce70f84af3e7,SEND,DATA,318,1060,""
106.130,sender,61786f30-4c75-4147-a29d-ce70f84af3e7,EMIT,DATA,318,1060,""
106.180,sender,61786f30-4c75-4147-a29d-ce70f84af3e7,RECEIVE,ACK,287,36,""
106.202,sender,61786f30-4c75-4147-a29d-ce70f84af3e7,ACKNOWLEDGED,ACK,287,0,""
106.222,sender,61786f30-4c75-4147-a29d-ce70f84af3e7,CONFIRM_DATA,ACK,287,1024,"unique file bytes acknowledged"
106.242,sender,61786f30-4c75-4147-a29d-ce70f84af3e7,RTT_SAMPLE,ACK,287,0,"6.972400"
106.269,sender,61786f30-4c75-4147-a29d-ce70f84af3e7,SEND,DATA,319,1060,""
106.323,sender,61786f30-4c75-4147-a29d-ce70f84af3e7,EMIT,DATA,319,1060,""
106.367,sender,61786f30-4c75-4147-a29d-ce70f84af3e7,RECEIVE,ACK,288,36,""
106.387,sender,61786f30-4c75-4147-a29d-ce70f84af3e7,ACKNOWLEDGED,ACK,288,0,""
106.402,sender,61786f30-4c75-4147-a29d-ce70f84af3e7,CONFIRM_DATA,ACK,288,1024,"unique file bytes acknowledged"
106.507,sender,61786f30-4c75-4147-a29d-ce70f84af3e7,RTT_SAMPLE,ACK,288,0,"6.986700"
106.542,sender,61786f30-4c75-4147-a29d-ce70f84af3e7,SEND,DATA,320,1060,""
106.605,sender,61786f30-4c75-4147-a29d-ce70f84af3e7,EMIT,DATA,320,1060,""
106.666,sender,61786f30-4c75-4147-a29d-ce70f84af3e7,RECEIVE,ACK,289,36,""
106.694,sender,61786f30-4c75-4147-a29d-ce70f84af3e7,ACKNOWLEDGED,ACK,289,0,""
106.713,sender,61786f30-4c75-4147-a29d-ce70f84af3e7,CONFIRM_DATA,ACK,289,1024,"unique file bytes acknowledged"
106.734,sender,61786f30-4c75-4147-a29d-ce70f84af3e7,RTT_SAMPLE,ACK,289,0,"6.973300"
106.763,sender,61786f30-4c75-4147-a29d-ce70f84af3e7,SEND,DATA,321,1060,""
106.811,sender,61786f30-4c75-4147-a29d-ce70f84af3e7,EMIT,DATA,321,1060,""
106.858,sender,61786f30-4c75-4147-a29d-ce70f84af3e7,RECEIVE,ACK,290,36,""
106.881,sender,61786f30-4c75-4147-a29d-ce70f84af3e7,ACKNOWLEDGED,ACK,290,0,""
106.896,sender,61786f30-4c75-4147-a29d-ce70f84af3e7,CONFIRM_DATA,ACK,290,1024,"unique file bytes acknowledged"
106.929,sender,61786f30-4c75-4147-a29d-ce70f84af3e7,RTT_SAMPLE,ACK,290,0,"6.992600"
106.968,sender,61786f30-4c75-4147-a29d-ce70f84af3e7,SEND,DATA,322,1060,""
107.017,sender,61786f30-4c75-4147-a29d-ce70f84af3e7,EMIT,DATA,322,1060,""
107.058,sender,61786f30-4c75-4147-a29d-ce70f84af3e7,RECEIVE,ACK,291,36,""
107.084,sender,61786f30-4c75-4147-a29d-ce70f84af3e7,ACKNOWLEDGED,ACK,291,0,""
107.101,sender,61786f30-4c75-4147-a29d-ce70f84af3e7,CONFIRM_DATA,ACK,291,1024,"unique file bytes acknowledged"
107.131,sender,61786f30-4c75-4147-a29d-ce70f84af3e7,RTT_SAMPLE,ACK,291,0,"6.944100"
107.165,sender,61786f30-4c75-4147-a29d-ce70f84af3e7,SEND,DATA,323,1060,""
107.228,sender,61786f30-4c75-4147-a29d-ce70f84af3e7,EMIT,DATA,323,1060,""
107.268,sender,61786f30-4c75-4147-a29d-ce70f84af3e7,RECEIVE,ACK,292,36,""
107.294,sender,61786f30-4c75-4147-a29d-ce70f84af3e7,ACKNOWLEDGED,ACK,292,0,""
107.313,sender,61786f30-4c75-4147-a29d-ce70f84af3e7,CONFIRM_DATA,ACK,292,1024,"unique file bytes acknowledged"
107.347,sender,61786f30-4c75-4147-a29d-ce70f84af3e7,RTT_SAMPLE,ACK,292,0,"6.944800"
107.380,sender,61786f30-4c75-4147-a29d-ce70f84af3e7,SEND,DATA,324,1060,""
107.432,sender,61786f30-4c75-4147-a29d-ce70f84af3e7,EMIT,DATA,324,1060,""
107.480,sender,61786f30-4c75-4147-a29d-ce70f84af3e7,RECEIVE,ACK,293,36,""
107.506,sender,61786f30-4c75-4147-a29d-ce70f84af3e7,ACKNOWLEDGED,ACK,293,0,""
107.524,sender,61786f30-4c75-4147-a29d-ce70f84af3e7,CONFIRM_DATA,ACK,293,1024,"unique file bytes acknowledged"
107.554,sender,61786f30-4c75-4147-a29d-ce70f84af3e7,RTT_SAMPLE,ACK,293,0,"6.961300"
107.592,sender,61786f30-4c75-4147-a29d-ce70f84af3e7,SEND,DATA,325,1060,""
107.644,sender,61786f30-4c75-4147-a29d-ce70f84af3e7,EMIT,DATA,325,1060,""
107.687,sender,61786f30-4c75-4147-a29d-ce70f84af3e7,RECEIVE,ACK,294,36,""
107.722,sender,61786f30-4c75-4147-a29d-ce70f84af3e7,ACKNOWLEDGED,ACK,294,0,""
107.760,sender,61786f30-4c75-4147-a29d-ce70f84af3e7,CONFIRM_DATA,ACK,294,1024,"unique file bytes acknowledged"
107.787,sender,61786f30-4c75-4147-a29d-ce70f84af3e7,RTT_SAMPLE,ACK,294,0,"7.033800"
107.813,sender,61786f30-4c75-4147-a29d-ce70f84af3e7,SEND,DATA,326,1060,""
107.868,sender,61786f30-4c75-4147-a29d-ce70f84af3e7,EMIT,DATA,326,1060,""
107.913,sender,61786f30-4c75-4147-a29d-ce70f84af3e7,RECEIVE,ACK,295,36,""
107.934,sender,61786f30-4c75-4147-a29d-ce70f84af3e7,ACKNOWLEDGED,ACK,295,0,""
107.949,sender,61786f30-4c75-4147-a29d-ce70f84af3e7,CONFIRM_DATA,ACK,295,1024,"unique file bytes acknowledged"
107.980,sender,61786f30-4c75-4147-a29d-ce70f84af3e7,RTT_SAMPLE,ACK,295,0,"7.023200"
108.011,sender,61786f30-4c75-4147-a29d-ce70f84af3e7,SEND,DATA,327,1060,""
108.059,sender,61786f30-4c75-4147-a29d-ce70f84af3e7,EMIT,DATA,327,1060,""
108.137,sender,61786f30-4c75-4147-a29d-ce70f84af3e7,RECEIVE,ACK,296,36,""
108.172,sender,61786f30-4c75-4147-a29d-ce70f84af3e7,ACKNOWLEDGED,ACK,296,0,""
108.188,sender,61786f30-4c75-4147-a29d-ce70f84af3e7,CONFIRM_DATA,ACK,296,1024,"unique file bytes acknowledged"
108.209,sender,61786f30-4c75-4147-a29d-ce70f84af3e7,RTT_SAMPLE,ACK,296,0,"6.961800"
108.260,sender,61786f30-4c75-4147-a29d-ce70f84af3e7,SEND,DATA,328,1060,""
108.319,sender,61786f30-4c75-4147-a29d-ce70f84af3e7,EMIT,DATA,328,1060,""
108.360,sender,61786f30-4c75-4147-a29d-ce70f84af3e7,RECEIVE,ACK,297,36,""
108.392,sender,61786f30-4c75-4147-a29d-ce70f84af3e7,ACKNOWLEDGED,ACK,297,0,""
108.411,sender,61786f30-4c75-4147-a29d-ce70f84af3e7,CONFIRM_DATA,ACK,297,1024,"unique file bytes acknowledged"
108.435,sender,61786f30-4c75-4147-a29d-ce70f84af3e7,RTT_SAMPLE,ACK,297,0,"6.876200"
108.461,sender,61786f30-4c75-4147-a29d-ce70f84af3e7,SEND,DATA,329,1060,""
108.515,sender,61786f30-4c75-4147-a29d-ce70f84af3e7,EMIT,DATA,329,1060,""
108.560,sender,61786f30-4c75-4147-a29d-ce70f84af3e7,RECEIVE,ACK,298,36,""
108.579,sender,61786f30-4c75-4147-a29d-ce70f84af3e7,ACKNOWLEDGED,ACK,298,0,""
108.593,sender,61786f30-4c75-4147-a29d-ce70f84af3e7,CONFIRM_DATA,ACK,298,1024,"unique file bytes acknowledged"
108.617,sender,61786f30-4c75-4147-a29d-ce70f84af3e7,RTT_SAMPLE,ACK,298,0,"6.842100"
108.662,sender,61786f30-4c75-4147-a29d-ce70f84af3e7,SEND,DATA,330,1060,""
108.723,sender,61786f30-4c75-4147-a29d-ce70f84af3e7,EMIT,DATA,330,1060,""
108.760,sender,61786f30-4c75-4147-a29d-ce70f84af3e7,RECEIVE,ACK,299,36,""
108.802,sender,61786f30-4c75-4147-a29d-ce70f84af3e7,ACKNOWLEDGED,ACK,299,0,""
108.819,sender,61786f30-4c75-4147-a29d-ce70f84af3e7,CONFIRM_DATA,ACK,299,1024,"unique file bytes acknowledged"
108.871,sender,61786f30-4c75-4147-a29d-ce70f84af3e7,RTT_SAMPLE,ACK,299,0,"6.910600"
108.906,sender,61786f30-4c75-4147-a29d-ce70f84af3e7,SEND,DATA,331,1060,""
108.979,sender,61786f30-4c75-4147-a29d-ce70f84af3e7,EMIT,DATA,331,1060,""
109.020,sender,61786f30-4c75-4147-a29d-ce70f84af3e7,RECEIVE,ACK,300,36,""
109.048,sender,61786f30-4c75-4147-a29d-ce70f84af3e7,ACKNOWLEDGED,ACK,300,0,""
109.090,sender,61786f30-4c75-4147-a29d-ce70f84af3e7,CONFIRM_DATA,ACK,300,1024,"unique file bytes acknowledged"
109.116,sender,61786f30-4c75-4147-a29d-ce70f84af3e7,RTT_SAMPLE,ACK,300,0,"6.888700"
109.147,sender,61786f30-4c75-4147-a29d-ce70f84af3e7,SEND,DATA,332,1060,""
109.221,sender,61786f30-4c75-4147-a29d-ce70f84af3e7,EMIT,DATA,332,1060,""
109.265,sender,61786f30-4c75-4147-a29d-ce70f84af3e7,RECEIVE,ACK,301,36,""
109.289,sender,61786f30-4c75-4147-a29d-ce70f84af3e7,ACKNOWLEDGED,ACK,301,0,""
109.332,sender,61786f30-4c75-4147-a29d-ce70f84af3e7,CONFIRM_DATA,ACK,301,1024,"unique file bytes acknowledged"
109.352,sender,61786f30-4c75-4147-a29d-ce70f84af3e7,RTT_SAMPLE,ACK,301,0,"6.859300"
109.390,sender,61786f30-4c75-4147-a29d-ce70f84af3e7,SEND,DATA,333,1060,""
109.445,sender,61786f30-4c75-4147-a29d-ce70f84af3e7,EMIT,DATA,333,1060,""
109.484,sender,61786f30-4c75-4147-a29d-ce70f84af3e7,RECEIVE,ACK,302,36,""
109.555,sender,61786f30-4c75-4147-a29d-ce70f84af3e7,ACKNOWLEDGED,ACK,302,0,""
109.602,sender,61786f30-4c75-4147-a29d-ce70f84af3e7,CONFIRM_DATA,ACK,302,1024,"unique file bytes acknowledged"
109.626,sender,61786f30-4c75-4147-a29d-ce70f84af3e7,RTT_SAMPLE,ACK,302,0,"6.890500"
109.653,sender,61786f30-4c75-4147-a29d-ce70f84af3e7,SEND,DATA,334,1060,""
109.709,sender,61786f30-4c75-4147-a29d-ce70f84af3e7,EMIT,DATA,334,1060,""
109.748,sender,61786f30-4c75-4147-a29d-ce70f84af3e7,RECEIVE,ACK,303,36,""
109.817,sender,61786f30-4c75-4147-a29d-ce70f84af3e7,ACKNOWLEDGED,ACK,303,0,""
109.836,sender,61786f30-4c75-4147-a29d-ce70f84af3e7,CONFIRM_DATA,ACK,303,1024,"unique file bytes acknowledged"
109.860,sender,61786f30-4c75-4147-a29d-ce70f84af3e7,RTT_SAMPLE,ACK,303,0,"6.905300"
109.897,sender,61786f30-4c75-4147-a29d-ce70f84af3e7,SEND,DATA,335,1060,""
109.963,sender,61786f30-4c75-4147-a29d-ce70f84af3e7,EMIT,DATA,335,1060,""
110.011,sender,61786f30-4c75-4147-a29d-ce70f84af3e7,RECEIVE,ACK,304,36,""
110.045,sender,61786f30-4c75-4147-a29d-ce70f84af3e7,ACKNOWLEDGED,ACK,304,0,""
110.078,sender,61786f30-4c75-4147-a29d-ce70f84af3e7,CONFIRM_DATA,ACK,304,1024,"unique file bytes acknowledged"
110.125,sender,61786f30-4c75-4147-a29d-ce70f84af3e7,RTT_SAMPLE,ACK,304,0,"6.831700"
110.159,sender,61786f30-4c75-4147-a29d-ce70f84af3e7,SEND,DATA,336,1060,""
110.326,sender,61786f30-4c75-4147-a29d-ce70f84af3e7,EMIT,DATA,336,1060,""
110.385,sender,61786f30-4c75-4147-a29d-ce70f84af3e7,RECEIVE,ACK,305,36,""
110.414,sender,61786f30-4c75-4147-a29d-ce70f84af3e7,ACKNOWLEDGED,ACK,305,0,""
110.443,sender,61786f30-4c75-4147-a29d-ce70f84af3e7,CONFIRM_DATA,ACK,305,1024,"unique file bytes acknowledged"
110.473,sender,61786f30-4c75-4147-a29d-ce70f84af3e7,RTT_SAMPLE,ACK,305,0,"7.002900"
110.500,sender,61786f30-4c75-4147-a29d-ce70f84af3e7,SEND,DATA,337,1060,""
110.556,sender,61786f30-4c75-4147-a29d-ce70f84af3e7,EMIT,DATA,337,1060,""
110.595,sender,61786f30-4c75-4147-a29d-ce70f84af3e7,RECEIVE,ACK,306,36,""
110.636,sender,61786f30-4c75-4147-a29d-ce70f84af3e7,ACKNOWLEDGED,ACK,306,0,""
110.655,sender,61786f30-4c75-4147-a29d-ce70f84af3e7,CONFIRM_DATA,ACK,306,1024,"unique file bytes acknowledged"
110.680,sender,61786f30-4c75-4147-a29d-ce70f84af3e7,RTT_SAMPLE,ACK,306,0,"7.005800"
110.706,sender,61786f30-4c75-4147-a29d-ce70f84af3e7,SEND,DATA,338,1060,""
110.762,sender,61786f30-4c75-4147-a29d-ce70f84af3e7,EMIT,DATA,338,1060,""
110.814,sender,61786f30-4c75-4147-a29d-ce70f84af3e7,RECEIVE,ACK,307,36,""
110.834,sender,61786f30-4c75-4147-a29d-ce70f84af3e7,ACKNOWLEDGED,ACK,307,0,""
110.862,sender,61786f30-4c75-4147-a29d-ce70f84af3e7,CONFIRM_DATA,ACK,307,1024,"unique file bytes acknowledged"
110.891,sender,61786f30-4c75-4147-a29d-ce70f84af3e7,RTT_SAMPLE,ACK,307,0,"6.974100"
110.922,sender,61786f30-4c75-4147-a29d-ce70f84af3e7,SEND,DATA,339,1060,""
111.104,sender,61786f30-4c75-4147-a29d-ce70f84af3e7,EMIT,DATA,339,1060,""
111.153,sender,61786f30-4c75-4147-a29d-ce70f84af3e7,RECEIVE,ACK,308,36,""
111.179,sender,61786f30-4c75-4147-a29d-ce70f84af3e7,ACKNOWLEDGED,ACK,308,0,""
111.439,sender,61786f30-4c75-4147-a29d-ce70f84af3e7,CONFIRM_DATA,ACK,308,1024,"unique file bytes acknowledged"
111.496,sender,61786f30-4c75-4147-a29d-ce70f84af3e7,RTT_SAMPLE,ACK,308,0,"7.399700"
111.550,sender,61786f30-4c75-4147-a29d-ce70f84af3e7,SEND,DATA,340,1060,""
111.667,sender,61786f30-4c75-4147-a29d-ce70f84af3e7,EMIT,DATA,340,1060,""
111.789,sender,61786f30-4c75-4147-a29d-ce70f84af3e7,RECEIVE,ACK,309,36,""
111.842,sender,61786f30-4c75-4147-a29d-ce70f84af3e7,ACKNOWLEDGED,ACK,309,0,""
111.859,sender,61786f30-4c75-4147-a29d-ce70f84af3e7,CONFIRM_DATA,ACK,309,1024,"unique file bytes acknowledged"
111.881,sender,61786f30-4c75-4147-a29d-ce70f84af3e7,RTT_SAMPLE,ACK,309,0,"7.586800"
111.913,sender,61786f30-4c75-4147-a29d-ce70f84af3e7,SEND,DATA,341,1060,""
111.984,sender,61786f30-4c75-4147-a29d-ce70f84af3e7,EMIT,DATA,341,1060,""
112.029,sender,61786f30-4c75-4147-a29d-ce70f84af3e7,RECEIVE,ACK,310,36,""
112.054,sender,61786f30-4c75-4147-a29d-ce70f84af3e7,ACKNOWLEDGED,ACK,310,0,""
112.093,sender,61786f30-4c75-4147-a29d-ce70f84af3e7,CONFIRM_DATA,ACK,310,1024,"unique file bytes acknowledged"
112.115,sender,61786f30-4c75-4147-a29d-ce70f84af3e7,RTT_SAMPLE,ACK,310,0,"7.597400"
112.142,sender,61786f30-4c75-4147-a29d-ce70f84af3e7,SEND,DATA,342,1060,""
112.200,sender,61786f30-4c75-4147-a29d-ce70f84af3e7,EMIT,DATA,342,1060,""
112.264,sender,61786f30-4c75-4147-a29d-ce70f84af3e7,RECEIVE,ACK,311,36,""
112.287,sender,61786f30-4c75-4147-a29d-ce70f84af3e7,ACKNOWLEDGED,ACK,311,0,""
112.302,sender,61786f30-4c75-4147-a29d-ce70f84af3e7,CONFIRM_DATA,ACK,311,1024,"unique file bytes acknowledged"
112.321,sender,61786f30-4c75-4147-a29d-ce70f84af3e7,RTT_SAMPLE,ACK,311,0,"7.618900"
112.347,sender,61786f30-4c75-4147-a29d-ce70f84af3e7,SEND,DATA,343,1060,""
112.393,sender,61786f30-4c75-4147-a29d-ce70f84af3e7,EMIT,DATA,343,1060,""
112.435,sender,61786f30-4c75-4147-a29d-ce70f84af3e7,RECEIVE,ACK,312,36,""
112.493,sender,61786f30-4c75-4147-a29d-ce70f84af3e7,ACKNOWLEDGED,ACK,312,0,""
112.521,sender,61786f30-4c75-4147-a29d-ce70f84af3e7,CONFIRM_DATA,ACK,312,1024,"unique file bytes acknowledged"
112.545,sender,61786f30-4c75-4147-a29d-ce70f84af3e7,RTT_SAMPLE,ACK,312,0,"7.630300"
112.577,sender,61786f30-4c75-4147-a29d-ce70f84af3e7,SEND,DATA,344,1060,""
112.643,sender,61786f30-4c75-4147-a29d-ce70f84af3e7,EMIT,DATA,344,1060,""
112.679,sender,61786f30-4c75-4147-a29d-ce70f84af3e7,RECEIVE,ACK,313,36,""
112.698,sender,61786f30-4c75-4147-a29d-ce70f84af3e7,ACKNOWLEDGED,ACK,313,0,""
112.712,sender,61786f30-4c75-4147-a29d-ce70f84af3e7,CONFIRM_DATA,ACK,313,1024,"unique file bytes acknowledged"
112.732,sender,61786f30-4c75-4147-a29d-ce70f84af3e7,RTT_SAMPLE,ACK,313,0,"7.599200"
112.756,sender,61786f30-4c75-4147-a29d-ce70f84af3e7,SEND,DATA,345,1060,""
112.797,sender,61786f30-4c75-4147-a29d-ce70f84af3e7,EMIT,DATA,345,1060,""
112.830,sender,61786f30-4c75-4147-a29d-ce70f84af3e7,RECEIVE,ACK,314,36,""
112.848,sender,61786f30-4c75-4147-a29d-ce70f84af3e7,ACKNOWLEDGED,ACK,314,0,""
112.862,sender,61786f30-4c75-4147-a29d-ce70f84af3e7,CONFIRM_DATA,ACK,314,1024,"unique file bytes acknowledged"
112.882,sender,61786f30-4c75-4147-a29d-ce70f84af3e7,RTT_SAMPLE,ACK,314,0,"7.548400"
112.916,sender,61786f30-4c75-4147-a29d-ce70f84af3e7,SEND,DATA,346,1060,""
112.957,sender,61786f30-4c75-4147-a29d-ce70f84af3e7,EMIT,DATA,346,1060,""
112.990,sender,61786f30-4c75-4147-a29d-ce70f84af3e7,RECEIVE,ACK,315,36,""
113.008,sender,61786f30-4c75-4147-a29d-ce70f84af3e7,ACKNOWLEDGED,ACK,315,0,""
113.023,sender,61786f30-4c75-4147-a29d-ce70f84af3e7,CONFIRM_DATA,ACK,315,1024,"unique file bytes acknowledged"
113.042,sender,61786f30-4c75-4147-a29d-ce70f84af3e7,RTT_SAMPLE,ACK,315,0,"7.516700"
113.067,sender,61786f30-4c75-4147-a29d-ce70f84af3e7,SEND,DATA,347,1060,""
113.106,sender,61786f30-4c75-4147-a29d-ce70f84af3e7,EMIT,DATA,347,1060,""
113.141,sender,61786f30-4c75-4147-a29d-ce70f84af3e7,RECEIVE,ACK,316,36,""
113.161,sender,61786f30-4c75-4147-a29d-ce70f84af3e7,ACKNOWLEDGED,ACK,316,0,""
113.203,sender,61786f30-4c75-4147-a29d-ce70f84af3e7,CONFIRM_DATA,ACK,316,1024,"unique file bytes acknowledged"
113.246,sender,61786f30-4c75-4147-a29d-ce70f84af3e7,RTT_SAMPLE,ACK,316,0,"7.528200"
113.281,sender,61786f30-4c75-4147-a29d-ce70f84af3e7,SEND,DATA,348,1060,""
113.334,sender,61786f30-4c75-4147-a29d-ce70f84af3e7,EMIT,DATA,348,1060,""
113.398,sender,61786f30-4c75-4147-a29d-ce70f84af3e7,RECEIVE,ACK,317,36,""
113.419,sender,61786f30-4c75-4147-a29d-ce70f84af3e7,ACKNOWLEDGED,ACK,317,0,""
113.439,sender,61786f30-4c75-4147-a29d-ce70f84af3e7,CONFIRM_DATA,ACK,317,1024,"unique file bytes acknowledged"
113.470,sender,61786f30-4c75-4147-a29d-ce70f84af3e7,RTT_SAMPLE,ACK,317,0,"7.548900"
113.503,sender,61786f30-4c75-4147-a29d-ce70f84af3e7,SEND,DATA,349,1060,""
113.547,sender,61786f30-4c75-4147-a29d-ce70f84af3e7,EMIT,DATA,349,1060,""
113.585,sender,61786f30-4c75-4147-a29d-ce70f84af3e7,RECEIVE,ACK,318,36,""
113.614,sender,61786f30-4c75-4147-a29d-ce70f84af3e7,ACKNOWLEDGED,ACK,318,0,""
113.639,sender,61786f30-4c75-4147-a29d-ce70f84af3e7,CONFIRM_DATA,ACK,318,1024,"unique file bytes acknowledged"
113.671,sender,61786f30-4c75-4147-a29d-ce70f84af3e7,RTT_SAMPLE,ACK,318,0,"7.581600"
113.707,sender,61786f30-4c75-4147-a29d-ce70f84af3e7,SEND,DATA,350,1060,""
113.753,sender,61786f30-4c75-4147-a29d-ce70f84af3e7,EMIT,DATA,350,1060,""
113.800,sender,61786f30-4c75-4147-a29d-ce70f84af3e7,RECEIVE,ACK,319,36,""
113.822,sender,61786f30-4c75-4147-a29d-ce70f84af3e7,ACKNOWLEDGED,ACK,319,0,""
113.841,sender,61786f30-4c75-4147-a29d-ce70f84af3e7,CONFIRM_DATA,ACK,319,1024,"unique file bytes acknowledged"
113.862,sender,61786f30-4c75-4147-a29d-ce70f84af3e7,RTT_SAMPLE,ACK,319,0,"7.590500"
113.893,sender,61786f30-4c75-4147-a29d-ce70f84af3e7,SEND,DATA,351,1060,""
113.949,sender,61786f30-4c75-4147-a29d-ce70f84af3e7,EMIT,DATA,351,1060,""
113.997,sender,61786f30-4c75-4147-a29d-ce70f84af3e7,RECEIVE,ACK,320,36,""
114.029,sender,61786f30-4c75-4147-a29d-ce70f84af3e7,ACKNOWLEDGED,ACK,320,0,""
114.060,sender,61786f30-4c75-4147-a29d-ce70f84af3e7,CONFIRM_DATA,ACK,320,1024,"unique file bytes acknowledged"
114.084,sender,61786f30-4c75-4147-a29d-ce70f84af3e7,RTT_SAMPLE,ACK,320,0,"7.539900"
114.112,sender,61786f30-4c75-4147-a29d-ce70f84af3e7,SEND,DATA,352,1060,""
114.160,sender,61786f30-4c75-4147-a29d-ce70f84af3e7,EMIT,DATA,352,1060,""
114.207,sender,61786f30-4c75-4147-a29d-ce70f84af3e7,RECEIVE,ACK,321,36,""
114.354,sender,61786f30-4c75-4147-a29d-ce70f84af3e7,ACKNOWLEDGED,ACK,321,0,""
114.378,sender,61786f30-4c75-4147-a29d-ce70f84af3e7,CONFIRM_DATA,ACK,321,1024,"unique file bytes acknowledged"
114.402,sender,61786f30-4c75-4147-a29d-ce70f84af3e7,RTT_SAMPLE,ACK,321,0,"7.635500"
114.436,sender,61786f30-4c75-4147-a29d-ce70f84af3e7,SEND,DATA,353,1060,""
114.492,sender,61786f30-4c75-4147-a29d-ce70f84af3e7,EMIT,DATA,353,1060,""
114.535,sender,61786f30-4c75-4147-a29d-ce70f84af3e7,RECEIVE,ACK,322,36,""
114.580,sender,61786f30-4c75-4147-a29d-ce70f84af3e7,ACKNOWLEDGED,ACK,322,0,""
114.603,sender,61786f30-4c75-4147-a29d-ce70f84af3e7,CONFIRM_DATA,ACK,322,1024,"unique file bytes acknowledged"
114.623,sender,61786f30-4c75-4147-a29d-ce70f84af3e7,RTT_SAMPLE,ACK,322,0,"7.651700"
114.668,sender,61786f30-4c75-4147-a29d-ce70f84af3e7,SEND,DATA,354,1060,""
114.735,sender,61786f30-4c75-4147-a29d-ce70f84af3e7,EMIT,DATA,354,1060,""
114.782,sender,61786f30-4c75-4147-a29d-ce70f84af3e7,RECEIVE,ACK,323,36,""
114.814,sender,61786f30-4c75-4147-a29d-ce70f84af3e7,ACKNOWLEDGED,ACK,323,0,""
114.847,sender,61786f30-4c75-4147-a29d-ce70f84af3e7,CONFIRM_DATA,ACK,323,1024,"unique file bytes acknowledged"
114.886,sender,61786f30-4c75-4147-a29d-ce70f84af3e7,RTT_SAMPLE,ACK,323,0,"7.718900"
114.922,sender,61786f30-4c75-4147-a29d-ce70f84af3e7,SEND,DATA,355,1060,""
114.982,sender,61786f30-4c75-4147-a29d-ce70f84af3e7,EMIT,DATA,355,1060,""
115.026,sender,61786f30-4c75-4147-a29d-ce70f84af3e7,RECEIVE,ACK,324,36,""
115.071,sender,61786f30-4c75-4147-a29d-ce70f84af3e7,ACKNOWLEDGED,ACK,324,0,""
115.094,sender,61786f30-4c75-4147-a29d-ce70f84af3e7,CONFIRM_DATA,ACK,324,1024,"unique file bytes acknowledged"
115.130,sender,61786f30-4c75-4147-a29d-ce70f84af3e7,RTT_SAMPLE,ACK,324,0,"7.748500"
115.166,sender,61786f30-4c75-4147-a29d-ce70f84af3e7,SEND,DATA,356,1060,""
115.246,sender,61786f30-4c75-4147-a29d-ce70f84af3e7,EMIT,DATA,356,1060,""
115.285,sender,61786f30-4c75-4147-a29d-ce70f84af3e7,RECEIVE,ACK,325,36,""
115.304,sender,61786f30-4c75-4147-a29d-ce70f84af3e7,ACKNOWLEDGED,ACK,325,0,""
115.319,sender,61786f30-4c75-4147-a29d-ce70f84af3e7,CONFIRM_DATA,ACK,325,1024,"unique file bytes acknowledged"
115.339,sender,61786f30-4c75-4147-a29d-ce70f84af3e7,RTT_SAMPLE,ACK,325,0,"7.744000"
115.381,sender,61786f30-4c75-4147-a29d-ce70f84af3e7,SEND,DATA,357,1060,""
115.428,sender,61786f30-4c75-4147-a29d-ce70f84af3e7,EMIT,DATA,357,1060,""
115.467,sender,61786f30-4c75-4147-a29d-ce70f84af3e7,RECEIVE,ACK,326,36,""
115.486,sender,61786f30-4c75-4147-a29d-ce70f84af3e7,ACKNOWLEDGED,ACK,326,0,""
115.500,sender,61786f30-4c75-4147-a29d-ce70f84af3e7,CONFIRM_DATA,ACK,326,1024,"unique file bytes acknowledged"
115.534,sender,61786f30-4c75-4147-a29d-ce70f84af3e7,RTT_SAMPLE,ACK,326,0,"7.717000"
115.566,sender,61786f30-4c75-4147-a29d-ce70f84af3e7,SEND,DATA,358,1060,""
115.612,sender,61786f30-4c75-4147-a29d-ce70f84af3e7,EMIT,DATA,358,1060,""
115.654,sender,61786f30-4c75-4147-a29d-ce70f84af3e7,RECEIVE,ACK,327,36,""
115.676,sender,61786f30-4c75-4147-a29d-ce70f84af3e7,ACKNOWLEDGED,ACK,327,0,""
115.693,sender,61786f30-4c75-4147-a29d-ce70f84af3e7,CONFIRM_DATA,ACK,327,1024,"unique file bytes acknowledged"
115.712,sender,61786f30-4c75-4147-a29d-ce70f84af3e7,RTT_SAMPLE,ACK,327,0,"7.699500"
115.755,sender,61786f30-4c75-4147-a29d-ce70f84af3e7,SEND,DATA,359,1060,""
115.801,sender,61786f30-4c75-4147-a29d-ce70f84af3e7,EMIT,DATA,359,1060,""
115.837,sender,61786f30-4c75-4147-a29d-ce70f84af3e7,RECEIVE,ACK,328,36,""
115.866,sender,61786f30-4c75-4147-a29d-ce70f84af3e7,ACKNOWLEDGED,ACK,328,0,""
115.899,sender,61786f30-4c75-4147-a29d-ce70f84af3e7,CONFIRM_DATA,ACK,328,1024,"unique file bytes acknowledged"
115.934,sender,61786f30-4c75-4147-a29d-ce70f84af3e7,RTT_SAMPLE,ACK,328,0,"7.671000"
115.962,sender,61786f30-4c75-4147-a29d-ce70f84af3e7,SEND,DATA,360,1060,""
116.017,sender,61786f30-4c75-4147-a29d-ce70f84af3e7,EMIT,DATA,360,1060,""
116.054,sender,61786f30-4c75-4147-a29d-ce70f84af3e7,RECEIVE,ACK,329,36,""
116.072,sender,61786f30-4c75-4147-a29d-ce70f84af3e7,ACKNOWLEDGED,ACK,329,0,""
116.086,sender,61786f30-4c75-4147-a29d-ce70f84af3e7,CONFIRM_DATA,ACK,329,1024,"unique file bytes acknowledged"
116.106,sender,61786f30-4c75-4147-a29d-ce70f84af3e7,RTT_SAMPLE,ACK,329,0,"7.643200"
116.131,sender,61786f30-4c75-4147-a29d-ce70f84af3e7,SEND,DATA,361,1060,""
116.174,sender,61786f30-4c75-4147-a29d-ce70f84af3e7,EMIT,DATA,361,1060,""
116.225,sender,61786f30-4c75-4147-a29d-ce70f84af3e7,RECEIVE,ACK,330,36,""
116.255,sender,61786f30-4c75-4147-a29d-ce70f84af3e7,ACKNOWLEDGED,ACK,330,0,""
116.269,sender,61786f30-4c75-4147-a29d-ce70f84af3e7,CONFIRM_DATA,ACK,330,1024,"unique file bytes acknowledged"
116.293,sender,61786f30-4c75-4147-a29d-ce70f84af3e7,RTT_SAMPLE,ACK,330,0,"7.627800"
116.327,sender,61786f30-4c75-4147-a29d-ce70f84af3e7,SEND,DATA,362,1060,""
116.393,sender,61786f30-4c75-4147-a29d-ce70f84af3e7,EMIT,DATA,362,1060,""
116.432,sender,61786f30-4c75-4147-a29d-ce70f84af3e7,RECEIVE,ACK,331,36,""
116.455,sender,61786f30-4c75-4147-a29d-ce70f84af3e7,ACKNOWLEDGED,ACK,331,0,""
116.512,sender,61786f30-4c75-4147-a29d-ce70f84af3e7,CONFIRM_DATA,ACK,331,1024,"unique file bytes acknowledged"
116.538,sender,61786f30-4c75-4147-a29d-ce70f84af3e7,RTT_SAMPLE,ACK,331,0,"7.627000"
116.565,sender,61786f30-4c75-4147-a29d-ce70f84af3e7,SEND,DATA,363,1060,""
116.615,sender,61786f30-4c75-4147-a29d-ce70f84af3e7,EMIT,DATA,363,1060,""
116.658,sender,61786f30-4c75-4147-a29d-ce70f84af3e7,RECEIVE,ACK,332,36,""
116.676,sender,61786f30-4c75-4147-a29d-ce70f84af3e7,ACKNOWLEDGED,ACK,332,0,""
116.690,sender,61786f30-4c75-4147-a29d-ce70f84af3e7,CONFIRM_DATA,ACK,332,1024,"unique file bytes acknowledged"
116.709,sender,61786f30-4c75-4147-a29d-ce70f84af3e7,RTT_SAMPLE,ACK,332,0,"7.560300"
116.736,sender,61786f30-4c75-4147-a29d-ce70f84af3e7,SEND,DATA,364,1060,""
116.790,sender,61786f30-4c75-4147-a29d-ce70f84af3e7,EMIT,DATA,364,1060,""
116.832,sender,61786f30-4c75-4147-a29d-ce70f84af3e7,RECEIVE,ACK,333,36,""
116.852,sender,61786f30-4c75-4147-a29d-ce70f84af3e7,ACKNOWLEDGED,ACK,333,0,""
116.866,sender,61786f30-4c75-4147-a29d-ce70f84af3e7,CONFIRM_DATA,ACK,333,1024,"unique file bytes acknowledged"
116.887,sender,61786f30-4c75-4147-a29d-ce70f84af3e7,RTT_SAMPLE,ACK,333,0,"7.494300"
116.917,sender,61786f30-4c75-4147-a29d-ce70f84af3e7,SEND,DATA,365,1060,""
117.000,sender,61786f30-4c75-4147-a29d-ce70f84af3e7,EMIT,DATA,365,1060,""
117.089,sender,61786f30-4c75-4147-a29d-ce70f84af3e7,RECEIVE,ACK,334,36,""
117.151,sender,61786f30-4c75-4147-a29d-ce70f84af3e7,ACKNOWLEDGED,ACK,334,0,""
117.173,sender,61786f30-4c75-4147-a29d-ce70f84af3e7,CONFIRM_DATA,ACK,334,1024,"unique file bytes acknowledged"
117.216,sender,61786f30-4c75-4147-a29d-ce70f84af3e7,RTT_SAMPLE,ACK,334,0,"7.560000"
117.242,sender,61786f30-4c75-4147-a29d-ce70f84af3e7,SEND,DATA,366,1060,""
117.293,sender,61786f30-4c75-4147-a29d-ce70f84af3e7,EMIT,DATA,366,1060,""
117.328,sender,61786f30-4c75-4147-a29d-ce70f84af3e7,RECEIVE,ACK,335,36,""
117.346,sender,61786f30-4c75-4147-a29d-ce70f84af3e7,ACKNOWLEDGED,ACK,335,0,""
117.360,sender,61786f30-4c75-4147-a29d-ce70f84af3e7,CONFIRM_DATA,ACK,335,1024,"unique file bytes acknowledged"
117.379,sender,61786f30-4c75-4147-a29d-ce70f84af3e7,RTT_SAMPLE,ACK,335,0,"7.479300"
117.404,sender,61786f30-4c75-4147-a29d-ce70f84af3e7,SEND,DATA,367,1060,""
117.462,sender,61786f30-4c75-4147-a29d-ce70f84af3e7,EMIT,DATA,367,1060,""
117.501,sender,61786f30-4c75-4147-a29d-ce70f84af3e7,RECEIVE,ACK,336,36,""
117.521,sender,61786f30-4c75-4147-a29d-ce70f84af3e7,ACKNOWLEDGED,ACK,336,0,""
117.539,sender,61786f30-4c75-4147-a29d-ce70f84af3e7,CONFIRM_DATA,ACK,336,1024,"unique file bytes acknowledged"
117.558,sender,61786f30-4c75-4147-a29d-ce70f84af3e7,RTT_SAMPLE,ACK,336,0,"7.396900"
117.583,sender,61786f30-4c75-4147-a29d-ce70f84af3e7,SEND,DATA,368,1060,""
117.627,sender,61786f30-4c75-4147-a29d-ce70f84af3e7,EMIT,DATA,368,1060,""
117.661,sender,61786f30-4c75-4147-a29d-ce70f84af3e7,RECEIVE,ACK,337,36,""
117.681,sender,61786f30-4c75-4147-a29d-ce70f84af3e7,ACKNOWLEDGED,ACK,337,0,""
117.716,sender,61786f30-4c75-4147-a29d-ce70f84af3e7,CONFIRM_DATA,ACK,337,1024,"unique file bytes acknowledged"
117.830,sender,61786f30-4c75-4147-a29d-ce70f84af3e7,RTT_SAMPLE,ACK,337,0,"7.324900"
117.871,sender,61786f30-4c75-4147-a29d-ce70f84af3e7,SEND,DATA,369,1060,""
117.928,sender,61786f30-4c75-4147-a29d-ce70f84af3e7,EMIT,DATA,369,1060,""
117.965,sender,61786f30-4c75-4147-a29d-ce70f84af3e7,RECEIVE,ACK,338,36,""
117.984,sender,61786f30-4c75-4147-a29d-ce70f84af3e7,ACKNOWLEDGED,ACK,338,0,""
117.999,sender,61786f30-4c75-4147-a29d-ce70f84af3e7,CONFIRM_DATA,ACK,338,1024,"unique file bytes acknowledged"
118.019,sender,61786f30-4c75-4147-a29d-ce70f84af3e7,RTT_SAMPLE,ACK,338,0,"7.309900"
118.044,sender,61786f30-4c75-4147-a29d-ce70f84af3e7,SEND,DATA,370,1060,""
118.087,sender,61786f30-4c75-4147-a29d-ce70f84af3e7,EMIT,DATA,370,1060,""
118.121,sender,61786f30-4c75-4147-a29d-ce70f84af3e7,RECEIVE,ACK,339,36,""
118.140,sender,61786f30-4c75-4147-a29d-ce70f84af3e7,ACKNOWLEDGED,ACK,339,0,""
118.169,sender,61786f30-4c75-4147-a29d-ce70f84af3e7,CONFIRM_DATA,ACK,339,1024,"unique file bytes acknowledged"
118.205,sender,61786f30-4c75-4147-a29d-ce70f84af3e7,RTT_SAMPLE,ACK,339,0,"7.277800"
118.237,sender,61786f30-4c75-4147-a29d-ce70f84af3e7,SEND,DATA,371,1060,""
118.286,sender,61786f30-4c75-4147-a29d-ce70f84af3e7,EMIT,DATA,371,1060,""
118.319,sender,61786f30-4c75-4147-a29d-ce70f84af3e7,RECEIVE,ACK,340,36,""
118.341,sender,61786f30-4c75-4147-a29d-ce70f84af3e7,ACKNOWLEDGED,ACK,340,0,""
118.356,sender,61786f30-4c75-4147-a29d-ce70f84af3e7,CONFIRM_DATA,ACK,340,1024,"unique file bytes acknowledged"
118.380,sender,61786f30-4c75-4147-a29d-ce70f84af3e7,RTT_SAMPLE,ACK,340,0,"6.830400"
118.413,sender,61786f30-4c75-4147-a29d-ce70f84af3e7,SEND,DATA,372,1060,""
118.464,sender,61786f30-4c75-4147-a29d-ce70f84af3e7,EMIT,DATA,372,1060,""
118.514,sender,61786f30-4c75-4147-a29d-ce70f84af3e7,RECEIVE,ACK,341,36,""
118.539,sender,61786f30-4c75-4147-a29d-ce70f84af3e7,ACKNOWLEDGED,ACK,341,0,""
118.571,sender,61786f30-4c75-4147-a29d-ce70f84af3e7,CONFIRM_DATA,ACK,341,1024,"unique file bytes acknowledged"
118.596,sender,61786f30-4c75-4147-a29d-ce70f84af3e7,RTT_SAMPLE,ACK,341,0,"6.682400"
118.624,sender,61786f30-4c75-4147-a29d-ce70f84af3e7,SEND,DATA,373,1060,""
118.683,sender,61786f30-4c75-4147-a29d-ce70f84af3e7,EMIT,DATA,373,1060,""
118.723,sender,61786f30-4c75-4147-a29d-ce70f84af3e7,RECEIVE,ACK,342,36,""
118.745,sender,61786f30-4c75-4147-a29d-ce70f84af3e7,ACKNOWLEDGED,ACK,342,0,""
118.760,sender,61786f30-4c75-4147-a29d-ce70f84af3e7,CONFIRM_DATA,ACK,342,1024,"unique file bytes acknowledged"
118.794,sender,61786f30-4c75-4147-a29d-ce70f84af3e7,RTT_SAMPLE,ACK,342,0,"6.649600"
118.821,sender,61786f30-4c75-4147-a29d-ce70f84af3e7,SEND,DATA,374,1060,""
118.871,sender,61786f30-4c75-4147-a29d-ce70f84af3e7,EMIT,DATA,374,1060,""
118.908,sender,61786f30-4c75-4147-a29d-ce70f84af3e7,RECEIVE,ACK,343,36,""
118.941,sender,61786f30-4c75-4147-a29d-ce70f84af3e7,ACKNOWLEDGED,ACK,343,0,""
118.973,sender,61786f30-4c75-4147-a29d-ce70f84af3e7,CONFIRM_DATA,ACK,343,1024,"unique file bytes acknowledged"
119.001,sender,61786f30-4c75-4147-a29d-ce70f84af3e7,RTT_SAMPLE,ACK,343,0,"6.650300"
119.032,sender,61786f30-4c75-4147-a29d-ce70f84af3e7,SEND,DATA,375,1060,""
119.078,sender,61786f30-4c75-4147-a29d-ce70f84af3e7,EMIT,DATA,375,1060,""
119.115,sender,61786f30-4c75-4147-a29d-ce70f84af3e7,RECEIVE,ACK,344,36,""
119.145,sender,61786f30-4c75-4147-a29d-ce70f84af3e7,ACKNOWLEDGED,ACK,344,0,""
119.168,sender,61786f30-4c75-4147-a29d-ce70f84af3e7,CONFIRM_DATA,ACK,344,1024,"unique file bytes acknowledged"
119.187,sender,61786f30-4c75-4147-a29d-ce70f84af3e7,RTT_SAMPLE,ACK,344,0,"6.608600"
119.387,sender,61786f30-4c75-4147-a29d-ce70f84af3e7,SEND,DATA,376,1060,""
119.485,sender,61786f30-4c75-4147-a29d-ce70f84af3e7,EMIT,DATA,376,1060,""
119.545,sender,61786f30-4c75-4147-a29d-ce70f84af3e7,RECEIVE,ACK,345,36,""
119.565,sender,61786f30-4c75-4147-a29d-ce70f84af3e7,ACKNOWLEDGED,ACK,345,0,""
119.575,sender,61786f30-4c75-4147-a29d-ce70f84af3e7,CONFIRM_DATA,ACK,345,1024,"unique file bytes acknowledged"
119.594,sender,61786f30-4c75-4147-a29d-ce70f84af3e7,RTT_SAMPLE,ACK,345,0,"6.832200"
119.615,sender,61786f30-4c75-4147-a29d-ce70f84af3e7,SEND,DATA,377,1060,""
119.643,sender,61786f30-4c75-4147-a29d-ce70f84af3e7,EMIT,DATA,377,1060,""
119.679,sender,61786f30-4c75-4147-a29d-ce70f84af3e7,RECEIVE,ACK,346,36,""
119.693,sender,61786f30-4c75-4147-a29d-ce70f84af3e7,ACKNOWLEDGED,ACK,346,0,""
119.719,sender,61786f30-4c75-4147-a29d-ce70f84af3e7,CONFIRM_DATA,ACK,346,1024,"unique file bytes acknowledged"
119.736,sender,61786f30-4c75-4147-a29d-ce70f84af3e7,RTT_SAMPLE,ACK,346,0,"6.818200"
119.775,sender,61786f30-4c75-4147-a29d-ce70f84af3e7,SEND,DATA,378,1060,""
119.804,sender,61786f30-4c75-4147-a29d-ce70f84af3e7,EMIT,DATA,378,1060,""
119.823,sender,61786f30-4c75-4147-a29d-ce70f84af3e7,RECEIVE,ACK,347,36,""
119.835,sender,61786f30-4c75-4147-a29d-ce70f84af3e7,ACKNOWLEDGED,ACK,347,0,""
119.850,sender,61786f30-4c75-4147-a29d-ce70f84af3e7,CONFIRM_DATA,ACK,347,1024,"unique file bytes acknowledged"
119.889,sender,61786f30-4c75-4147-a29d-ce70f84af3e7,RTT_SAMPLE,ACK,347,0,"6.822000"
119.909,sender,61786f30-4c75-4147-a29d-ce70f84af3e7,SEND,DATA,379,1060,""
119.935,sender,61786f30-4c75-4147-a29d-ce70f84af3e7,EMIT,DATA,379,1060,""
119.958,sender,61786f30-4c75-4147-a29d-ce70f84af3e7,RECEIVE,ACK,348,36,""
119.973,sender,61786f30-4c75-4147-a29d-ce70f84af3e7,ACKNOWLEDGED,ACK,348,0,""
119.993,sender,61786f30-4c75-4147-a29d-ce70f84af3e7,CONFIRM_DATA,ACK,348,1024,"unique file bytes acknowledged"
120.058,sender,61786f30-4c75-4147-a29d-ce70f84af3e7,RTT_SAMPLE,ACK,348,0,"6.777700"
120.083,sender,61786f30-4c75-4147-a29d-ce70f84af3e7,SEND,DATA,380,1060,""
120.108,sender,61786f30-4c75-4147-a29d-ce70f84af3e7,EMIT,DATA,380,1060,""
120.128,sender,61786f30-4c75-4147-a29d-ce70f84af3e7,RECEIVE,ACK,349,36,""
120.141,sender,61786f30-4c75-4147-a29d-ce70f84af3e7,ACKNOWLEDGED,ACK,349,0,""
120.155,sender,61786f30-4c75-4147-a29d-ce70f84af3e7,CONFIRM_DATA,ACK,349,1024,"unique file bytes acknowledged"
120.170,sender,61786f30-4c75-4147-a29d-ce70f84af3e7,RTT_SAMPLE,ACK,349,0,"6.666500"
120.190,sender,61786f30-4c75-4147-a29d-ce70f84af3e7,SEND,DATA,381,1060,""
120.218,sender,61786f30-4c75-4147-a29d-ce70f84af3e7,EMIT,DATA,381,1060,""
120.237,sender,61786f30-4c75-4147-a29d-ce70f84af3e7,RECEIVE,ACK,350,36,""
120.277,sender,61786f30-4c75-4147-a29d-ce70f84af3e7,ACKNOWLEDGED,ACK,350,0,""
120.289,sender,61786f30-4c75-4147-a29d-ce70f84af3e7,CONFIRM_DATA,ACK,350,1024,"unique file bytes acknowledged"
120.302,sender,61786f30-4c75-4147-a29d-ce70f84af3e7,RTT_SAMPLE,ACK,350,0,"6.596000"
120.335,sender,61786f30-4c75-4147-a29d-ce70f84af3e7,SEND,DATA,382,1060,""
120.362,sender,61786f30-4c75-4147-a29d-ce70f84af3e7,EMIT,DATA,382,1060,""
120.388,sender,61786f30-4c75-4147-a29d-ce70f84af3e7,RECEIVE,ACK,351,36,""
120.398,sender,61786f30-4c75-4147-a29d-ce70f84af3e7,ACKNOWLEDGED,ACK,351,0,""
120.409,sender,61786f30-4c75-4147-a29d-ce70f84af3e7,CONFIRM_DATA,ACK,351,1024,"unique file bytes acknowledged"
120.427,sender,61786f30-4c75-4147-a29d-ce70f84af3e7,RTT_SAMPLE,ACK,351,0,"6.534500"
120.453,sender,61786f30-4c75-4147-a29d-ce70f84af3e7,SEND,DATA,383,1060,""
120.479,sender,61786f30-4c75-4147-a29d-ce70f84af3e7,EMIT,DATA,383,1060,""
120.500,sender,61786f30-4c75-4147-a29d-ce70f84af3e7,RECEIVE,ACK,352,36,""
120.515,sender,61786f30-4c75-4147-a29d-ce70f84af3e7,ACKNOWLEDGED,ACK,352,0,""
120.571,sender,61786f30-4c75-4147-a29d-ce70f84af3e7,CONFIRM_DATA,ACK,352,1024,"unique file bytes acknowledged"
120.591,sender,61786f30-4c75-4147-a29d-ce70f84af3e7,RTT_SAMPLE,ACK,352,0,"6.479700"
120.607,sender,61786f30-4c75-4147-a29d-ce70f84af3e7,SEND,DATA,384,1060,""
120.642,sender,61786f30-4c75-4147-a29d-ce70f84af3e7,EMIT,DATA,384,1060,""
120.663,sender,61786f30-4c75-4147-a29d-ce70f84af3e7,RECEIVE,ACK,353,36,""
120.676,sender,61786f30-4c75-4147-a29d-ce70f84af3e7,ACKNOWLEDGED,ACK,353,0,""
120.693,sender,61786f30-4c75-4147-a29d-ce70f84af3e7,CONFIRM_DATA,ACK,353,1024,"unique file bytes acknowledged"
120.714,sender,61786f30-4c75-4147-a29d-ce70f84af3e7,RTT_SAMPLE,ACK,353,0,"6.276200"
120.757,sender,61786f30-4c75-4147-a29d-ce70f84af3e7,SEND,DATA,385,1060,""
120.885,sender,61786f30-4c75-4147-a29d-ce70f84af3e7,EMIT,DATA,385,1060,""
120.915,sender,61786f30-4c75-4147-a29d-ce70f84af3e7,RECEIVE,ACK,354,36,""
120.966,sender,61786f30-4c75-4147-a29d-ce70f84af3e7,ACKNOWLEDGED,ACK,354,0,""
121.007,sender,61786f30-4c75-4147-a29d-ce70f84af3e7,CONFIRM_DATA,ACK,354,1024,"unique file bytes acknowledged"
121.025,sender,61786f30-4c75-4147-a29d-ce70f84af3e7,RTT_SAMPLE,ACK,354,0,"6.355100"
121.045,sender,61786f30-4c75-4147-a29d-ce70f84af3e7,SEND,DATA,386,1060,""
121.103,sender,61786f30-4c75-4147-a29d-ce70f84af3e7,EMIT,DATA,386,1060,""
121.125,sender,61786f30-4c75-4147-a29d-ce70f84af3e7,RECEIVE,ACK,355,36,""
121.141,sender,61786f30-4c75-4147-a29d-ce70f84af3e7,ACKNOWLEDGED,ACK,355,0,""
121.167,sender,61786f30-4c75-4147-a29d-ce70f84af3e7,CONFIRM_DATA,ACK,355,1024,"unique file bytes acknowledged"
121.186,sender,61786f30-4c75-4147-a29d-ce70f84af3e7,RTT_SAMPLE,ACK,355,0,"6.260900"
121.205,sender,61786f30-4c75-4147-a29d-ce70f84af3e7,SEND,DATA,387,1060,""
121.230,sender,61786f30-4c75-4147-a29d-ce70f84af3e7,EMIT,DATA,387,1060,""
121.252,sender,61786f30-4c75-4147-a29d-ce70f84af3e7,RECEIVE,ACK,356,36,""
121.276,sender,61786f30-4c75-4147-a29d-ce70f84af3e7,ACKNOWLEDGED,ACK,356,0,""
121.288,sender,61786f30-4c75-4147-a29d-ce70f84af3e7,CONFIRM_DATA,ACK,356,1024,"unique file bytes acknowledged"
121.304,sender,61786f30-4c75-4147-a29d-ce70f84af3e7,RTT_SAMPLE,ACK,356,0,"6.137800"
121.320,sender,61786f30-4c75-4147-a29d-ce70f84af3e7,SEND,DATA,388,1060,""
121.342,sender,61786f30-4c75-4147-a29d-ce70f84af3e7,EMIT,DATA,388,1060,""
121.370,sender,61786f30-4c75-4147-a29d-ce70f84af3e7,RECEIVE,ACK,357,36,""
121.384,sender,61786f30-4c75-4147-a29d-ce70f84af3e7,ACKNOWLEDGED,ACK,357,0,""
121.393,sender,61786f30-4c75-4147-a29d-ce70f84af3e7,CONFIRM_DATA,ACK,357,1024,"unique file bytes acknowledged"
121.405,sender,61786f30-4c75-4147-a29d-ce70f84af3e7,RTT_SAMPLE,ACK,357,0,"6.023700"
121.473,sender,61786f30-4c75-4147-a29d-ce70f84af3e7,SEND,DATA,389,1060,""
121.499,sender,61786f30-4c75-4147-a29d-ce70f84af3e7,EMIT,DATA,389,1060,""
121.528,sender,61786f30-4c75-4147-a29d-ce70f84af3e7,RECEIVE,ACK,358,36,""
121.543,sender,61786f30-4c75-4147-a29d-ce70f84af3e7,ACKNOWLEDGED,ACK,358,0,""
121.557,sender,61786f30-4c75-4147-a29d-ce70f84af3e7,CONFIRM_DATA,ACK,358,1024,"unique file bytes acknowledged"
121.569,sender,61786f30-4c75-4147-a29d-ce70f84af3e7,RTT_SAMPLE,ACK,358,0,"6.003100"
121.584,sender,61786f30-4c75-4147-a29d-ce70f84af3e7,SEND,DATA,390,1060,""
121.635,sender,61786f30-4c75-4147-a29d-ce70f84af3e7,EMIT,DATA,390,1060,""
121.657,sender,61786f30-4c75-4147-a29d-ce70f84af3e7,RECEIVE,ACK,359,36,""
121.670,sender,61786f30-4c75-4147-a29d-ce70f84af3e7,ACKNOWLEDGED,ACK,359,0,""
121.698,sender,61786f30-4c75-4147-a29d-ce70f84af3e7,CONFIRM_DATA,ACK,359,1024,"unique file bytes acknowledged"
121.726,sender,61786f30-4c75-4147-a29d-ce70f84af3e7,RTT_SAMPLE,ACK,359,0,"5.968100"
121.746,sender,61786f30-4c75-4147-a29d-ce70f84af3e7,SEND,DATA,391,1060,""
121.782,sender,61786f30-4c75-4147-a29d-ce70f84af3e7,EMIT,DATA,391,1060,""
121.813,sender,61786f30-4c75-4147-a29d-ce70f84af3e7,RECEIVE,ACK,360,36,""
121.829,sender,61786f30-4c75-4147-a29d-ce70f84af3e7,ACKNOWLEDGED,ACK,360,0,""
121.859,sender,61786f30-4c75-4147-a29d-ce70f84af3e7,CONFIRM_DATA,ACK,360,1024,"unique file bytes acknowledged"
121.875,sender,61786f30-4c75-4147-a29d-ce70f84af3e7,RTT_SAMPLE,ACK,360,0,"5.912200"
121.981,sender,61786f30-4c75-4147-a29d-ce70f84af3e7,SEND,DATA,392,1060,""
122.005,sender,61786f30-4c75-4147-a29d-ce70f84af3e7,EMIT,DATA,392,1060,""
122.028,sender,61786f30-4c75-4147-a29d-ce70f84af3e7,RECEIVE,ACK,361,36,""
122.038,sender,61786f30-4c75-4147-a29d-ce70f84af3e7,ACKNOWLEDGED,ACK,361,0,""
122.048,sender,61786f30-4c75-4147-a29d-ce70f84af3e7,CONFIRM_DATA,ACK,361,1024,"unique file bytes acknowledged"
122.081,sender,61786f30-4c75-4147-a29d-ce70f84af3e7,RTT_SAMPLE,ACK,361,0,"5.950000"
122.119,sender,61786f30-4c75-4147-a29d-ce70f84af3e7,SEND,DATA,393,1060,""
122.146,sender,61786f30-4c75-4147-a29d-ce70f84af3e7,EMIT,DATA,393,1060,""
122.202,sender,61786f30-4c75-4147-a29d-ce70f84af3e7,RECEIVE,ACK,362,36,""
122.216,sender,61786f30-4c75-4147-a29d-ce70f84af3e7,ACKNOWLEDGED,ACK,362,0,""
122.226,sender,61786f30-4c75-4147-a29d-ce70f84af3e7,CONFIRM_DATA,ACK,362,1024,"unique file bytes acknowledged"
122.272,sender,61786f30-4c75-4147-a29d-ce70f84af3e7,RTT_SAMPLE,ACK,362,0,"5.943300"
122.289,sender,61786f30-4c75-4147-a29d-ce70f84af3e7,SEND,DATA,394,1060,""
122.314,sender,61786f30-4c75-4147-a29d-ce70f84af3e7,EMIT,DATA,394,1060,""
122.336,sender,61786f30-4c75-4147-a29d-ce70f84af3e7,RECEIVE,ACK,363,36,""
122.351,sender,61786f30-4c75-4147-a29d-ce70f84af3e7,ACKNOWLEDGED,ACK,363,0,""
122.365,sender,61786f30-4c75-4147-a29d-ce70f84af3e7,CONFIRM_DATA,ACK,363,1024,"unique file bytes acknowledged"
122.379,sender,61786f30-4c75-4147-a29d-ce70f84af3e7,RTT_SAMPLE,ACK,363,0,"5.814000"
122.402,sender,61786f30-4c75-4147-a29d-ce70f84af3e7,SEND,DATA,395,1060,""
122.450,sender,61786f30-4c75-4147-a29d-ce70f84af3e7,EMIT,DATA,395,1060,""
122.468,sender,61786f30-4c75-4147-a29d-ce70f84af3e7,RECEIVE,ACK,364,36,""
122.478,sender,61786f30-4c75-4147-a29d-ce70f84af3e7,ACKNOWLEDGED,ACK,364,0,""
122.488,sender,61786f30-4c75-4147-a29d-ce70f84af3e7,CONFIRM_DATA,ACK,364,1024,"unique file bytes acknowledged"
122.501,sender,61786f30-4c75-4147-a29d-ce70f84af3e7,RTT_SAMPLE,ACK,364,0,"5.765300"
122.516,sender,61786f30-4c75-4147-a29d-ce70f84af3e7,SEND,DATA,396,1060,""
122.536,sender,61786f30-4c75-4147-a29d-ce70f84af3e7,EMIT,DATA,396,1060,""
122.553,sender,61786f30-4c75-4147-a29d-ce70f84af3e7,RECEIVE,ACK,365,36,""
122.564,sender,61786f30-4c75-4147-a29d-ce70f84af3e7,ACKNOWLEDGED,ACK,365,0,""
122.573,sender,61786f30-4c75-4147-a29d-ce70f84af3e7,CONFIRM_DATA,ACK,365,1024,"unique file bytes acknowledged"
122.593,sender,61786f30-4c75-4147-a29d-ce70f84af3e7,RTT_SAMPLE,ACK,365,0,"5.676200"
122.609,sender,61786f30-4c75-4147-a29d-ce70f84af3e7,SEND,DATA,397,1060,""
122.632,sender,61786f30-4c75-4147-a29d-ce70f84af3e7,EMIT,DATA,397,1060,""
122.656,sender,61786f30-4c75-4147-a29d-ce70f84af3e7,RECEIVE,ACK,366,36,""
122.683,sender,61786f30-4c75-4147-a29d-ce70f84af3e7,ACKNOWLEDGED,ACK,366,0,""
122.696,sender,61786f30-4c75-4147-a29d-ce70f84af3e7,CONFIRM_DATA,ACK,366,1024,"unique file bytes acknowledged"
122.726,sender,61786f30-4c75-4147-a29d-ce70f84af3e7,RTT_SAMPLE,ACK,366,0,"5.482500"
122.743,sender,61786f30-4c75-4147-a29d-ce70f84af3e7,SEND,DATA,398,1060,""
122.769,sender,61786f30-4c75-4147-a29d-ce70f84af3e7,EMIT,DATA,398,1060,""
122.788,sender,61786f30-4c75-4147-a29d-ce70f84af3e7,RECEIVE,ACK,367,36,""
122.818,sender,61786f30-4c75-4147-a29d-ce70f84af3e7,ACKNOWLEDGED,ACK,367,0,""
122.828,sender,61786f30-4c75-4147-a29d-ce70f84af3e7,CONFIRM_DATA,ACK,367,1024,"unique file bytes acknowledged"
122.844,sender,61786f30-4c75-4147-a29d-ce70f84af3e7,RTT_SAMPLE,ACK,367,0,"5.438300"
122.869,sender,61786f30-4c75-4147-a29d-ce70f84af3e7,SEND,DATA,399,1060,""
122.894,sender,61786f30-4c75-4147-a29d-ce70f84af3e7,EMIT,DATA,399,1060,""
122.920,sender,61786f30-4c75-4147-a29d-ce70f84af3e7,RECEIVE,ACK,368,36,""
122.932,sender,61786f30-4c75-4147-a29d-ce70f84af3e7,ACKNOWLEDGED,ACK,368,0,""
122.942,sender,61786f30-4c75-4147-a29d-ce70f84af3e7,CONFIRM_DATA,ACK,368,1024,"unique file bytes acknowledged"
122.954,sender,61786f30-4c75-4147-a29d-ce70f84af3e7,RTT_SAMPLE,ACK,368,0,"5.371700"
122.999,sender,61786f30-4c75-4147-a29d-ce70f84af3e7,SEND,DATA,400,1060,""
123.026,sender,61786f30-4c75-4147-a29d-ce70f84af3e7,EMIT,DATA,400,1060,""
123.088,sender,61786f30-4c75-4147-a29d-ce70f84af3e7,RECEIVE,ACK,369,36,""
123.103,sender,61786f30-4c75-4147-a29d-ce70f84af3e7,ACKNOWLEDGED,ACK,369,0,""
123.138,sender,61786f30-4c75-4147-a29d-ce70f84af3e7,CONFIRM_DATA,ACK,369,1024,"unique file bytes acknowledged"
123.152,sender,61786f30-4c75-4147-a29d-ce70f84af3e7,RTT_SAMPLE,ACK,369,0,"5.281100"
123.169,sender,61786f30-4c75-4147-a29d-ce70f84af3e7,SEND,DATA,401,1060,""
123.195,sender,61786f30-4c75-4147-a29d-ce70f84af3e7,EMIT,DATA,401,1060,""
123.216,sender,61786f30-4c75-4147-a29d-ce70f84af3e7,RECEIVE,ACK,370,36,""
123.314,sender,61786f30-4c75-4147-a29d-ce70f84af3e7,ACKNOWLEDGED,ACK,370,0,""
123.328,sender,61786f30-4c75-4147-a29d-ce70f84af3e7,CONFIRM_DATA,ACK,370,1024,"unique file bytes acknowledged"
123.340,sender,61786f30-4c75-4147-a29d-ce70f84af3e7,RTT_SAMPLE,ACK,370,0,"5.296000"
123.379,sender,61786f30-4c75-4147-a29d-ce70f84af3e7,SEND,DATA,402,1060,""
123.409,sender,61786f30-4c75-4147-a29d-ce70f84af3e7,EMIT,DATA,402,1060,""
123.450,sender,61786f30-4c75-4147-a29d-ce70f84af3e7,RECEIVE,ACK,371,36,""
123.479,sender,61786f30-4c75-4147-a29d-ce70f84af3e7,ACKNOWLEDGED,ACK,371,0,""
123.493,sender,61786f30-4c75-4147-a29d-ce70f84af3e7,CONFIRM_DATA,ACK,371,1024,"unique file bytes acknowledged"
123.512,sender,61786f30-4c75-4147-a29d-ce70f84af3e7,RTT_SAMPLE,ACK,371,0,"5.275600"
123.528,sender,61786f30-4c75-4147-a29d-ce70f84af3e7,SEND,DATA,403,1060,""
123.554,sender,61786f30-4c75-4147-a29d-ce70f84af3e7,EMIT,DATA,403,1060,""
123.577,sender,61786f30-4c75-4147-a29d-ce70f84af3e7,RECEIVE,ACK,372,36,""
123.590,sender,61786f30-4c75-4147-a29d-ce70f84af3e7,ACKNOWLEDGED,ACK,372,0,""
123.601,sender,61786f30-4c75-4147-a29d-ce70f84af3e7,CONFIRM_DATA,ACK,372,1024,"unique file bytes acknowledged"
123.629,sender,61786f30-4c75-4147-a29d-ce70f84af3e7,RTT_SAMPLE,ACK,372,0,"5.216000"
123.647,sender,61786f30-4c75-4147-a29d-ce70f84af3e7,SEND,DATA,404,1060,""
123.679,sender,61786f30-4c75-4147-a29d-ce70f84af3e7,EMIT,DATA,404,1060,""
123.701,sender,61786f30-4c75-4147-a29d-ce70f84af3e7,RECEIVE,ACK,373,36,""
123.712,sender,61786f30-4c75-4147-a29d-ce70f84af3e7,ACKNOWLEDGED,ACK,373,0,""
123.750,sender,61786f30-4c75-4147-a29d-ce70f84af3e7,CONFIRM_DATA,ACK,373,1024,"unique file bytes acknowledged"
123.765,sender,61786f30-4c75-4147-a29d-ce70f84af3e7,RTT_SAMPLE,ACK,373,0,"5.141700"
123.782,sender,61786f30-4c75-4147-a29d-ce70f84af3e7,SEND,DATA,405,1060,""
123.808,sender,61786f30-4c75-4147-a29d-ce70f84af3e7,EMIT,DATA,405,1060,""
123.838,sender,61786f30-4c75-4147-a29d-ce70f84af3e7,RECEIVE,ACK,374,36,""
123.860,sender,61786f30-4c75-4147-a29d-ce70f84af3e7,ACKNOWLEDGED,ACK,374,0,""
123.873,sender,61786f30-4c75-4147-a29d-ce70f84af3e7,CONFIRM_DATA,ACK,374,1024,"unique file bytes acknowledged"
123.885,sender,61786f30-4c75-4147-a29d-ce70f84af3e7,RTT_SAMPLE,ACK,374,0,"5.064400"
123.921,sender,61786f30-4c75-4147-a29d-ce70f84af3e7,SEND,DATA,406,1060,""
123.951,sender,61786f30-4c75-4147-a29d-ce70f84af3e7,EMIT,DATA,406,1060,""
123.973,sender,61786f30-4c75-4147-a29d-ce70f84af3e7,RECEIVE,ACK,375,36,""
123.988,sender,61786f30-4c75-4147-a29d-ce70f84af3e7,ACKNOWLEDGED,ACK,375,0,""
124.001,sender,61786f30-4c75-4147-a29d-ce70f84af3e7,CONFIRM_DATA,ACK,375,1024,"unique file bytes acknowledged"
124.059,sender,61786f30-4c75-4147-a29d-ce70f84af3e7,RTT_SAMPLE,ACK,375,0,"5.027700"
124.077,sender,61786f30-4c75-4147-a29d-ce70f84af3e7,SEND,DATA,407,1060,""
124.102,sender,61786f30-4c75-4147-a29d-ce70f84af3e7,EMIT,DATA,407,1060,""
124.134,sender,61786f30-4c75-4147-a29d-ce70f84af3e7,RECEIVE,ACK,376,36,""
124.171,sender,61786f30-4c75-4147-a29d-ce70f84af3e7,ACKNOWLEDGED,ACK,376,0,""
124.183,sender,61786f30-4c75-4147-a29d-ce70f84af3e7,CONFIRM_DATA,ACK,376,1024,"unique file bytes acknowledged"
124.226,sender,61786f30-4c75-4147-a29d-ce70f84af3e7,RTT_SAMPLE,ACK,376,0,"4.840800"
124.250,sender,61786f30-4c75-4147-a29d-ce70f84af3e7,SEND,DATA,408,1060,""
124.274,sender,61786f30-4c75-4147-a29d-ce70f84af3e7,EMIT,DATA,408,1060,""
124.305,sender,61786f30-4c75-4147-a29d-ce70f84af3e7,RECEIVE,ACK,377,36,""
124.319,sender,61786f30-4c75-4147-a29d-ce70f84af3e7,ACKNOWLEDGED,ACK,377,0,""
124.329,sender,61786f30-4c75-4147-a29d-ce70f84af3e7,CONFIRM_DATA,ACK,377,1024,"unique file bytes acknowledged"
124.345,sender,61786f30-4c75-4147-a29d-ce70f84af3e7,RTT_SAMPLE,ACK,377,0,"4.730100"
124.365,sender,61786f30-4c75-4147-a29d-ce70f84af3e7,SEND,DATA,409,1060,""
124.394,sender,61786f30-4c75-4147-a29d-ce70f84af3e7,EMIT,DATA,409,1060,""
124.414,sender,61786f30-4c75-4147-a29d-ce70f84af3e7,RECEIVE,ACK,378,36,""
124.424,sender,61786f30-4c75-4147-a29d-ce70f84af3e7,ACKNOWLEDGED,ACK,378,0,""
124.442,sender,61786f30-4c75-4147-a29d-ce70f84af3e7,CONFIRM_DATA,ACK,378,1024,"unique file bytes acknowledged"
124.456,sender,61786f30-4c75-4147-a29d-ce70f84af3e7,RTT_SAMPLE,ACK,378,0,"4.681800"
124.473,sender,61786f30-4c75-4147-a29d-ce70f84af3e7,SEND,DATA,410,1060,""
124.516,sender,61786f30-4c75-4147-a29d-ce70f84af3e7,EMIT,DATA,410,1060,""
124.537,sender,61786f30-4c75-4147-a29d-ce70f84af3e7,RECEIVE,ACK,379,36,""
124.550,sender,61786f30-4c75-4147-a29d-ce70f84af3e7,ACKNOWLEDGED,ACK,379,0,""
124.560,sender,61786f30-4c75-4147-a29d-ce70f84af3e7,CONFIRM_DATA,ACK,379,1024,"unique file bytes acknowledged"
124.573,sender,61786f30-4c75-4147-a29d-ce70f84af3e7,RTT_SAMPLE,ACK,379,0,"4.663000"
124.615,sender,61786f30-4c75-4147-a29d-ce70f84af3e7,SEND,DATA,411,1060,""
124.641,sender,61786f30-4c75-4147-a29d-ce70f84af3e7,EMIT,DATA,411,1060,""
124.662,sender,61786f30-4c75-4147-a29d-ce70f84af3e7,RECEIVE,ACK,380,36,""
124.687,sender,61786f30-4c75-4147-a29d-ce70f84af3e7,ACKNOWLEDGED,ACK,380,0,""
124.698,sender,61786f30-4c75-4147-a29d-ce70f84af3e7,CONFIRM_DATA,ACK,380,1024,"unique file bytes acknowledged"
124.714,sender,61786f30-4c75-4147-a29d-ce70f84af3e7,RTT_SAMPLE,ACK,380,0,"4.637900"
124.729,sender,61786f30-4c75-4147-a29d-ce70f84af3e7,SEND,DATA,412,1060,""
124.753,sender,61786f30-4c75-4147-a29d-ce70f84af3e7,EMIT,DATA,412,1060,""
124.775,sender,61786f30-4c75-4147-a29d-ce70f84af3e7,RECEIVE,ACK,381,36,""
124.791,sender,61786f30-4c75-4147-a29d-ce70f84af3e7,ACKNOWLEDGED,ACK,381,0,""
124.806,sender,61786f30-4c75-4147-a29d-ce70f84af3e7,CONFIRM_DATA,ACK,381,1024,"unique file bytes acknowledged"
124.847,sender,61786f30-4c75-4147-a29d-ce70f84af3e7,RTT_SAMPLE,ACK,381,0,"4.655500"
124.879,sender,61786f30-4c75-4147-a29d-ce70f84af3e7,SEND,DATA,413,1060,""
124.906,sender,61786f30-4c75-4147-a29d-ce70f84af3e7,EMIT,DATA,413,1060,""
124.939,sender,61786f30-4c75-4147-a29d-ce70f84af3e7,RECEIVE,ACK,382,36,""
124.953,sender,61786f30-4c75-4147-a29d-ce70f84af3e7,ACKNOWLEDGED,ACK,382,0,""
125.005,sender,61786f30-4c75-4147-a29d-ce70f84af3e7,CONFIRM_DATA,ACK,382,1024,"unique file bytes acknowledged"
125.022,sender,61786f30-4c75-4147-a29d-ce70f84af3e7,RTT_SAMPLE,ACK,382,0,"4.684200"
125.042,sender,61786f30-4c75-4147-a29d-ce70f84af3e7,SEND,DATA,414,1060,""
125.084,sender,61786f30-4c75-4147-a29d-ce70f84af3e7,EMIT,DATA,414,1060,""
125.141,sender,61786f30-4c75-4147-a29d-ce70f84af3e7,RECEIVE,ACK,383,36,""
125.270,sender,61786f30-4c75-4147-a29d-ce70f84af3e7,ACKNOWLEDGED,ACK,383,0,""
125.327,sender,61786f30-4c75-4147-a29d-ce70f84af3e7,CONFIRM_DATA,ACK,383,1024,"unique file bytes acknowledged"
125.348,sender,61786f30-4c75-4147-a29d-ce70f84af3e7,RTT_SAMPLE,ACK,383,0,"4.890200"
125.389,sender,61786f30-4c75-4147-a29d-ce70f84af3e7,SEND,DATA,415,1060,""
125.475,sender,61786f30-4c75-4147-a29d-ce70f84af3e7,EMIT,DATA,415,1060,""
125.561,sender,61786f30-4c75-4147-a29d-ce70f84af3e7,RECEIVE,ACK,384,36,""
125.586,sender,61786f30-4c75-4147-a29d-ce70f84af3e7,ACKNOWLEDGED,ACK,384,0,""
125.615,sender,61786f30-4c75-4147-a29d-ce70f84af3e7,CONFIRM_DATA,ACK,384,1024,"unique file bytes acknowledged"
125.644,sender,61786f30-4c75-4147-a29d-ce70f84af3e7,RTT_SAMPLE,ACK,384,0,"5.028800"
125.687,sender,61786f30-4c75-4147-a29d-ce70f84af3e7,SEND,DATA,416,1060,""
125.755,sender,61786f30-4c75-4147-a29d-ce70f84af3e7,EMIT,DATA,416,1060,""
125.798,sender,61786f30-4c75-4147-a29d-ce70f84af3e7,RECEIVE,ACK,385,36,""
125.827,sender,61786f30-4c75-4147-a29d-ce70f84af3e7,ACKNOWLEDGED,ACK,385,0,""
125.852,sender,61786f30-4c75-4147-a29d-ce70f84af3e7,CONFIRM_DATA,ACK,385,1024,"unique file bytes acknowledged"
125.877,sender,61786f30-4c75-4147-a29d-ce70f84af3e7,RTT_SAMPLE,ACK,385,0,"5.139300"
125.931,sender,61786f30-4c75-4147-a29d-ce70f84af3e7,SEND,DATA,417,1060,""
125.989,sender,61786f30-4c75-4147-a29d-ce70f84af3e7,EMIT,DATA,417,1060,""
126.033,sender,61786f30-4c75-4147-a29d-ce70f84af3e7,RECEIVE,ACK,386,36,""
126.075,sender,61786f30-4c75-4147-a29d-ce70f84af3e7,ACKNOWLEDGED,ACK,386,0,""
126.100,sender,61786f30-4c75-4147-a29d-ce70f84af3e7,CONFIRM_DATA,ACK,386,1024,"unique file bytes acknowledged"
126.273,sender,61786f30-4c75-4147-a29d-ce70f84af3e7,RTT_SAMPLE,ACK,386,0,"5.220100"
126.307,sender,61786f30-4c75-4147-a29d-ce70f84af3e7,SEND,DATA,418,1060,""
126.362,sender,61786f30-4c75-4147-a29d-ce70f84af3e7,EMIT,DATA,418,1060,""
126.404,sender,61786f30-4c75-4147-a29d-ce70f84af3e7,RECEIVE,ACK,387,36,""
126.462,sender,61786f30-4c75-4147-a29d-ce70f84af3e7,ACKNOWLEDGED,ACK,387,0,""
126.475,sender,61786f30-4c75-4147-a29d-ce70f84af3e7,CONFIRM_DATA,ACK,387,1024,"unique file bytes acknowledged"
126.499,sender,61786f30-4c75-4147-a29d-ce70f84af3e7,RTT_SAMPLE,ACK,387,0,"5.293700"
126.525,sender,61786f30-4c75-4147-a29d-ce70f84af3e7,SEND,DATA,419,1060,""
126.564,sender,61786f30-4c75-4147-a29d-ce70f84af3e7,EMIT,DATA,419,1060,""
126.589,sender,61786f30-4c75-4147-a29d-ce70f84af3e7,RECEIVE,ACK,388,36,""
126.621,sender,61786f30-4c75-4147-a29d-ce70f84af3e7,ACKNOWLEDGED,ACK,388,0,""
126.630,sender,61786f30-4c75-4147-a29d-ce70f84af3e7,CONFIRM_DATA,ACK,388,1024,"unique file bytes acknowledged"
126.641,sender,61786f30-4c75-4147-a29d-ce70f84af3e7,RTT_SAMPLE,ACK,388,0,"5.320800"
126.660,sender,61786f30-4c75-4147-a29d-ce70f84af3e7,SEND,DATA,420,1060,""
126.686,sender,61786f30-4c75-4147-a29d-ce70f84af3e7,EMIT,DATA,420,1060,""
126.708,sender,61786f30-4c75-4147-a29d-ce70f84af3e7,RECEIVE,ACK,389,36,""
126.720,sender,61786f30-4c75-4147-a29d-ce70f84af3e7,ACKNOWLEDGED,ACK,389,0,""
126.729,sender,61786f30-4c75-4147-a29d-ce70f84af3e7,CONFIRM_DATA,ACK,389,1024,"unique file bytes acknowledged"
126.742,sender,61786f30-4c75-4147-a29d-ce70f84af3e7,RTT_SAMPLE,ACK,389,0,"5.268100"
126.780,sender,61786f30-4c75-4147-a29d-ce70f84af3e7,SEND,DATA,421,1060,""
126.817,sender,61786f30-4c75-4147-a29d-ce70f84af3e7,EMIT,DATA,421,1060,""
126.837,sender,61786f30-4c75-4147-a29d-ce70f84af3e7,RECEIVE,ACK,390,36,""
126.850,sender,61786f30-4c75-4147-a29d-ce70f84af3e7,ACKNOWLEDGED,ACK,390,0,""
126.875,sender,61786f30-4c75-4147-a29d-ce70f84af3e7,CONFIRM_DATA,ACK,390,1024,"unique file bytes acknowledged"
126.901,sender,61786f30-4c75-4147-a29d-ce70f84af3e7,RTT_SAMPLE,ACK,390,0,"5.315200"
126.926,sender,61786f30-4c75-4147-a29d-ce70f84af3e7,SEND,DATA,422,1060,""
126.951,sender,61786f30-4c75-4147-a29d-ce70f84af3e7,EMIT,DATA,422,1060,""
126.972,sender,61786f30-4c75-4147-a29d-ce70f84af3e7,RECEIVE,ACK,391,36,""
126.992,sender,61786f30-4c75-4147-a29d-ce70f84af3e7,ACKNOWLEDGED,ACK,391,0,""
127.004,sender,61786f30-4c75-4147-a29d-ce70f84af3e7,CONFIRM_DATA,ACK,391,1024,"unique file bytes acknowledged"
127.028,sender,61786f30-4c75-4147-a29d-ce70f84af3e7,RTT_SAMPLE,ACK,391,0,"5.281600"
127.059,sender,61786f30-4c75-4147-a29d-ce70f84af3e7,SEND,DATA,423,1060,""
127.086,sender,61786f30-4c75-4147-a29d-ce70f84af3e7,EMIT,DATA,423,1060,""
127.123,sender,61786f30-4c75-4147-a29d-ce70f84af3e7,RECEIVE,ACK,392,36,""
127.136,sender,61786f30-4c75-4147-a29d-ce70f84af3e7,ACKNOWLEDGED,ACK,392,0,""
127.149,sender,61786f30-4c75-4147-a29d-ce70f84af3e7,CONFIRM_DATA,ACK,392,1024,"unique file bytes acknowledged"
127.166,sender,61786f30-4c75-4147-a29d-ce70f84af3e7,RTT_SAMPLE,ACK,392,0,"5.240100"
127.184,sender,61786f30-4c75-4147-a29d-ce70f84af3e7,SEND,DATA,424,1060,""
127.207,sender,61786f30-4c75-4147-a29d-ce70f84af3e7,EMIT,DATA,424,1060,""
127.226,sender,61786f30-4c75-4147-a29d-ce70f84af3e7,RECEIVE,ACK,393,36,""
127.235,sender,61786f30-4c75-4147-a29d-ce70f84af3e7,ACKNOWLEDGED,ACK,393,0,""
127.244,sender,61786f30-4c75-4147-a29d-ce70f84af3e7,CONFIRM_DATA,ACK,393,1024,"unique file bytes acknowledged"
127.263,sender,61786f30-4c75-4147-a29d-ce70f84af3e7,RTT_SAMPLE,ACK,393,0,"5.165200"
127.279,sender,61786f30-4c75-4147-a29d-ce70f84af3e7,SEND,DATA,425,1060,""
127.320,sender,61786f30-4c75-4147-a29d-ce70f84af3e7,EMIT,DATA,425,1060,""
127.339,sender,61786f30-4c75-4147-a29d-ce70f84af3e7,RECEIVE,ACK,394,36,""
127.352,sender,61786f30-4c75-4147-a29d-ce70f84af3e7,ACKNOWLEDGED,ACK,394,0,""
127.385,sender,61786f30-4c75-4147-a29d-ce70f84af3e7,CONFIRM_DATA,ACK,394,1024,"unique file bytes acknowledged"
127.399,sender,61786f30-4c75-4147-a29d-ce70f84af3e7,RTT_SAMPLE,ACK,394,0,"5.109900"
127.437,sender,61786f30-4c75-4147-a29d-ce70f84af3e7,SEND,DATA,426,1060,""
127.469,sender,61786f30-4c75-4147-a29d-ce70f84af3e7,EMIT,DATA,426,1060,""
127.496,sender,61786f30-4c75-4147-a29d-ce70f84af3e7,RECEIVE,ACK,395,36,""
127.522,sender,61786f30-4c75-4147-a29d-ce70f84af3e7,ACKNOWLEDGED,ACK,395,0,""
127.551,sender,61786f30-4c75-4147-a29d-ce70f84af3e7,CONFIRM_DATA,ACK,395,1024,"unique file bytes acknowledged"
127.567,sender,61786f30-4c75-4147-a29d-ce70f84af3e7,RTT_SAMPLE,ACK,395,0,"5.164000"
127.594,sender,61786f30-4c75-4147-a29d-ce70f84af3e7,SEND,DATA,427,1060,""
127.624,sender,61786f30-4c75-4147-a29d-ce70f84af3e7,EMIT,DATA,427,1060,""
127.653,sender,61786f30-4c75-4147-a29d-ce70f84af3e7,RECEIVE,ACK,396,36,""
127.666,sender,61786f30-4c75-4147-a29d-ce70f84af3e7,ACKNOWLEDGED,ACK,396,0,""
127.690,sender,61786f30-4c75-4147-a29d-ce70f84af3e7,CONFIRM_DATA,ACK,396,1024,"unique file bytes acknowledged"
127.705,sender,61786f30-4c75-4147-a29d-ce70f84af3e7,RTT_SAMPLE,ACK,396,0,"5.186300"
127.729,sender,61786f30-4c75-4147-a29d-ce70f84af3e7,SEND,DATA,428,1060,""
127.790,sender,61786f30-4c75-4147-a29d-ce70f84af3e7,EMIT,DATA,428,1060,""
127.843,sender,61786f30-4c75-4147-a29d-ce70f84af3e7,RECEIVE,ACK,397,36,""
127.878,sender,61786f30-4c75-4147-a29d-ce70f84af3e7,ACKNOWLEDGED,ACK,397,0,""
127.893,sender,61786f30-4c75-4147-a29d-ce70f84af3e7,CONFIRM_DATA,ACK,397,1024,"unique file bytes acknowledged"
127.919,sender,61786f30-4c75-4147-a29d-ce70f84af3e7,RTT_SAMPLE,ACK,397,0,"5.300500"
127.943,sender,61786f30-4c75-4147-a29d-ce70f84af3e7,SEND,DATA,429,1060,""
127.981,sender,61786f30-4c75-4147-a29d-ce70f84af3e7,EMIT,DATA,429,1060,""
128.008,sender,61786f30-4c75-4147-a29d-ce70f84af3e7,RECEIVE,ACK,398,36,""
128.030,sender,61786f30-4c75-4147-a29d-ce70f84af3e7,ACKNOWLEDGED,ACK,398,0,""
128.063,sender,61786f30-4c75-4147-a29d-ce70f84af3e7,CONFIRM_DATA,ACK,398,1024,"unique file bytes acknowledged"
128.091,sender,61786f30-4c75-4147-a29d-ce70f84af3e7,RTT_SAMPLE,ACK,398,0,"5.346400"
128.120,sender,61786f30-4c75-4147-a29d-ce70f84af3e7,SEND,DATA,430,1060,""
128.154,sender,61786f30-4c75-4147-a29d-ce70f84af3e7,EMIT,DATA,430,1060,""
128.192,sender,61786f30-4c75-4147-a29d-ce70f84af3e7,RECEIVE,ACK,399,36,""
128.207,sender,61786f30-4c75-4147-a29d-ce70f84af3e7,ACKNOWLEDGED,ACK,399,0,""
128.226,sender,61786f30-4c75-4147-a29d-ce70f84af3e7,CONFIRM_DATA,ACK,399,1024,"unique file bytes acknowledged"
128.246,sender,61786f30-4c75-4147-a29d-ce70f84af3e7,RTT_SAMPLE,ACK,399,0,"5.372900"
128.269,sender,61786f30-4c75-4147-a29d-ce70f84af3e7,SEND,DATA,431,1060,""
128.305,sender,61786f30-4c75-4147-a29d-ce70f84af3e7,EMIT,DATA,431,1060,""
128.334,sender,61786f30-4c75-4147-a29d-ce70f84af3e7,RECEIVE,ACK,400,36,""
128.367,sender,61786f30-4c75-4147-a29d-ce70f84af3e7,ACKNOWLEDGED,ACK,400,0,""
128.387,sender,61786f30-4c75-4147-a29d-ce70f84af3e7,CONFIRM_DATA,ACK,400,1024,"unique file bytes acknowledged"
128.411,sender,61786f30-4c75-4147-a29d-ce70f84af3e7,RTT_SAMPLE,ACK,400,0,"5.410200"
128.453,sender,61786f30-4c75-4147-a29d-ce70f84af3e7,SEND,DATA,432,1060,""
128.483,sender,61786f30-4c75-4147-a29d-ce70f84af3e7,EMIT,DATA,432,1060,""
128.529,sender,61786f30-4c75-4147-a29d-ce70f84af3e7,RECEIVE,ACK,401,36,""
128.557,sender,61786f30-4c75-4147-a29d-ce70f84af3e7,ACKNOWLEDGED,ACK,401,0,""
128.571,sender,61786f30-4c75-4147-a29d-ce70f84af3e7,CONFIRM_DATA,ACK,401,1024,"unique file bytes acknowledged"
128.593,sender,61786f30-4c75-4147-a29d-ce70f84af3e7,RTT_SAMPLE,ACK,401,0,"5.420600"
128.640,sender,61786f30-4c75-4147-a29d-ce70f84af3e7,SEND,DATA,433,1060,""
128.674,sender,61786f30-4c75-4147-a29d-ce70f84af3e7,EMIT,DATA,433,1060,""
128.697,sender,61786f30-4c75-4147-a29d-ce70f84af3e7,RECEIVE,ACK,402,36,""
128.711,sender,61786f30-4c75-4147-a29d-ce70f84af3e7,ACKNOWLEDGED,ACK,402,0,""
128.725,sender,61786f30-4c75-4147-a29d-ce70f84af3e7,CONFIRM_DATA,ACK,402,1024,"unique file bytes acknowledged"
128.751,sender,61786f30-4c75-4147-a29d-ce70f84af3e7,RTT_SAMPLE,ACK,402,0,"5.370100"
128.771,sender,61786f30-4c75-4147-a29d-ce70f84af3e7,SEND,DATA,434,1060,""
128.883,sender,61786f30-4c75-4147-a29d-ce70f84af3e7,EMIT,DATA,434,1060,""
128.921,sender,61786f30-4c75-4147-a29d-ce70f84af3e7,RECEIVE,ACK,403,36,""
128.937,sender,61786f30-4c75-4147-a29d-ce70f84af3e7,ACKNOWLEDGED,ACK,403,0,""
128.950,sender,61786f30-4c75-4147-a29d-ce70f84af3e7,CONFIRM_DATA,ACK,403,1024,"unique file bytes acknowledged"
128.968,sender,61786f30-4c75-4147-a29d-ce70f84af3e7,RTT_SAMPLE,ACK,403,0,"5.437900"
128.996,sender,61786f30-4c75-4147-a29d-ce70f84af3e7,SEND,DATA,435,1060,""
129.025,sender,61786f30-4c75-4147-a29d-ce70f84af3e7,EMIT,DATA,435,1060,""
129.066,sender,61786f30-4c75-4147-a29d-ce70f84af3e7,RECEIVE,ACK,404,36,""
129.078,sender,61786f30-4c75-4147-a29d-ce70f84af3e7,ACKNOWLEDGED,ACK,404,0,""
129.088,sender,61786f30-4c75-4147-a29d-ce70f84af3e7,CONFIRM_DATA,ACK,404,1024,"unique file bytes acknowledged"
129.104,sender,61786f30-4c75-4147-a29d-ce70f84af3e7,RTT_SAMPLE,ACK,404,0,"5.456600"
129.124,sender,61786f30-4c75-4147-a29d-ce70f84af3e7,SEND,DATA,436,1060,""
129.290,sender,61786f30-4c75-4147-a29d-ce70f84af3e7,EMIT,DATA,436,1060,""
129.369,sender,61786f30-4c75-4147-a29d-ce70f84af3e7,RECEIVE,ACK,405,36,""
129.392,sender,61786f30-4c75-4147-a29d-ce70f84af3e7,ACKNOWLEDGED,ACK,405,0,""
129.406,sender,61786f30-4c75-4147-a29d-ce70f84af3e7,CONFIRM_DATA,ACK,405,1024,"unique file bytes acknowledged"
129.447,sender,61786f30-4c75-4147-a29d-ce70f84af3e7,RTT_SAMPLE,ACK,405,0,"5.660500"
129.485,sender,61786f30-4c75-4147-a29d-ce70f84af3e7,SEND,DATA,437,1060,""
129.539,sender,61786f30-4c75-4147-a29d-ce70f84af3e7,EMIT,DATA,437,1060,""
129.581,sender,61786f30-4c75-4147-a29d-ce70f84af3e7,RECEIVE,ACK,406,36,""
129.601,sender,61786f30-4c75-4147-a29d-ce70f84af3e7,ACKNOWLEDGED,ACK,406,0,""
129.618,sender,61786f30-4c75-4147-a29d-ce70f84af3e7,CONFIRM_DATA,ACK,406,1024,"unique file bytes acknowledged"
129.638,sender,61786f30-4c75-4147-a29d-ce70f84af3e7,RTT_SAMPLE,ACK,406,0,"5.716700"
129.657,sender,61786f30-4c75-4147-a29d-ce70f84af3e7,SEND,DATA,438,1060,""
129.698,sender,61786f30-4c75-4147-a29d-ce70f84af3e7,EMIT,DATA,438,1060,""
129.719,sender,61786f30-4c75-4147-a29d-ce70f84af3e7,RECEIVE,ACK,407,36,""
129.732,sender,61786f30-4c75-4147-a29d-ce70f84af3e7,ACKNOWLEDGED,ACK,407,0,""
129.755,sender,61786f30-4c75-4147-a29d-ce70f84af3e7,CONFIRM_DATA,ACK,407,1024,"unique file bytes acknowledged"
129.773,sender,61786f30-4c75-4147-a29d-ce70f84af3e7,RTT_SAMPLE,ACK,407,0,"5.693600"
129.797,sender,61786f30-4c75-4147-a29d-ce70f84af3e7,SEND,DATA,439,1060,""
129.825,sender,61786f30-4c75-4147-a29d-ce70f84af3e7,EMIT,DATA,439,1060,""
129.852,sender,61786f30-4c75-4147-a29d-ce70f84af3e7,RECEIVE,ACK,408,36,""
129.866,sender,61786f30-4c75-4147-a29d-ce70f84af3e7,ACKNOWLEDGED,ACK,408,0,""
129.876,sender,61786f30-4c75-4147-a29d-ce70f84af3e7,CONFIRM_DATA,ACK,408,1024,"unique file bytes acknowledged"
129.888,sender,61786f30-4c75-4147-a29d-ce70f84af3e7,RTT_SAMPLE,ACK,408,0,"5.637600"
129.902,sender,61786f30-4c75-4147-a29d-ce70f84af3e7,SEND,DATA,440,1060,""
129.923,sender,61786f30-4c75-4147-a29d-ce70f84af3e7,EMIT,DATA,440,1060,""
129.939,sender,61786f30-4c75-4147-a29d-ce70f84af3e7,RECEIVE,ACK,409,36,""
129.956,sender,61786f30-4c75-4147-a29d-ce70f84af3e7,ACKNOWLEDGED,ACK,409,0,""
129.967,sender,61786f30-4c75-4147-a29d-ce70f84af3e7,CONFIRM_DATA,ACK,409,1024,"unique file bytes acknowledged"
129.982,sender,61786f30-4c75-4147-a29d-ce70f84af3e7,RTT_SAMPLE,ACK,409,0,"5.617400"
129.997,sender,61786f30-4c75-4147-a29d-ce70f84af3e7,SEND,DATA,441,1060,""
130.024,sender,61786f30-4c75-4147-a29d-ce70f84af3e7,EMIT,DATA,441,1060,""
130.048,sender,61786f30-4c75-4147-a29d-ce70f84af3e7,RECEIVE,ACK,410,36,""
130.063,sender,61786f30-4c75-4147-a29d-ce70f84af3e7,ACKNOWLEDGED,ACK,410,0,""
130.072,sender,61786f30-4c75-4147-a29d-ce70f84af3e7,CONFIRM_DATA,ACK,410,1024,"unique file bytes acknowledged"
130.105,sender,61786f30-4c75-4147-a29d-ce70f84af3e7,RTT_SAMPLE,ACK,410,0,"5.630600"
130.121,sender,61786f30-4c75-4147-a29d-ce70f84af3e7,SEND,DATA,442,1060,""
130.149,sender,61786f30-4c75-4147-a29d-ce70f84af3e7,EMIT,DATA,442,1060,""
130.171,sender,61786f30-4c75-4147-a29d-ce70f84af3e7,RECEIVE,ACK,411,36,""
130.193,sender,61786f30-4c75-4147-a29d-ce70f84af3e7,ACKNOWLEDGED,ACK,411,0,""
130.238,sender,61786f30-4c75-4147-a29d-ce70f84af3e7,CONFIRM_DATA,ACK,411,1024,"unique file bytes acknowledged"
130.264,sender,61786f30-4c75-4147-a29d-ce70f84af3e7,RTT_SAMPLE,ACK,411,0,"5.646600"
130.302,sender,61786f30-4c75-4147-a29d-ce70f84af3e7,SEND,DATA,443,1060,""
130.332,sender,61786f30-4c75-4147-a29d-ce70f84af3e7,EMIT,DATA,443,1060,""
130.354,sender,61786f30-4c75-4147-a29d-ce70f84af3e7,RECEIVE,ACK,412,36,""
130.368,sender,61786f30-4c75-4147-a29d-ce70f84af3e7,ACKNOWLEDGED,ACK,412,0,""
130.381,sender,61786f30-4c75-4147-a29d-ce70f84af3e7,CONFIRM_DATA,ACK,412,1024,"unique file bytes acknowledged"
130.398,sender,61786f30-4c75-4147-a29d-ce70f84af3e7,RTT_SAMPLE,ACK,412,0,"5.667300"
130.413,sender,61786f30-4c75-4147-a29d-ce70f84af3e7,SEND,DATA,444,1060,""
130.448,sender,61786f30-4c75-4147-a29d-ce70f84af3e7,EMIT,DATA,444,1060,""
130.475,sender,61786f30-4c75-4147-a29d-ce70f84af3e7,RECEIVE,ACK,413,36,""
130.486,sender,61786f30-4c75-4147-a29d-ce70f84af3e7,ACKNOWLEDGED,ACK,413,0,""
130.495,sender,61786f30-4c75-4147-a29d-ce70f84af3e7,CONFIRM_DATA,ACK,413,1024,"unique file bytes acknowledged"
130.507,sender,61786f30-4c75-4147-a29d-ce70f84af3e7,RTT_SAMPLE,ACK,413,0,"5.627600"
130.522,sender,61786f30-4c75-4147-a29d-ce70f84af3e7,SEND,DATA,445,1060,""
130.543,sender,61786f30-4c75-4147-a29d-ce70f84af3e7,EMIT,DATA,445,1060,""
130.571,sender,61786f30-4c75-4147-a29d-ce70f84af3e7,RECEIVE,ACK,414,36,""
130.584,sender,61786f30-4c75-4147-a29d-ce70f84af3e7,ACKNOWLEDGED,ACK,414,0,""
130.599,sender,61786f30-4c75-4147-a29d-ce70f84af3e7,CONFIRM_DATA,ACK,414,1024,"unique file bytes acknowledged"
130.615,sender,61786f30-4c75-4147-a29d-ce70f84af3e7,RTT_SAMPLE,ACK,414,0,"5.572700"
130.631,sender,61786f30-4c75-4147-a29d-ce70f84af3e7,SEND,DATA,446,1060,""
130.666,sender,61786f30-4c75-4147-a29d-ce70f84af3e7,EMIT,DATA,446,1060,""
130.696,sender,61786f30-4c75-4147-a29d-ce70f84af3e7,RECEIVE,ACK,415,36,""
130.707,sender,61786f30-4c75-4147-a29d-ce70f84af3e7,ACKNOWLEDGED,ACK,415,0,""
130.715,sender,61786f30-4c75-4147-a29d-ce70f84af3e7,CONFIRM_DATA,ACK,415,1024,"unique file bytes acknowledged"
130.727,sender,61786f30-4c75-4147-a29d-ce70f84af3e7,RTT_SAMPLE,ACK,415,0,"5.340600"
130.742,sender,61786f30-4c75-4147-a29d-ce70f84af3e7,SEND,DATA,447,1060,""
130.768,sender,61786f30-4c75-4147-a29d-ce70f84af3e7,EMIT,DATA,447,1060,""
130.806,sender,61786f30-4c75-4147-a29d-ce70f84af3e7,RECEIVE,ACK,416,36,""
130.818,sender,61786f30-4c75-4147-a29d-ce70f84af3e7,ACKNOWLEDGED,ACK,416,0,""
130.827,sender,61786f30-4c75-4147-a29d-ce70f84af3e7,CONFIRM_DATA,ACK,416,1024,"unique file bytes acknowledged"
130.838,sender,61786f30-4c75-4147-a29d-ce70f84af3e7,RTT_SAMPLE,ACK,416,0,"5.151900"
130.854,sender,61786f30-4c75-4147-a29d-ce70f84af3e7,SEND,DATA,448,1060,""
130.890,sender,61786f30-4c75-4147-a29d-ce70f84af3e7,EMIT,DATA,448,1060,""
130.936,sender,61786f30-4c75-4147-a29d-ce70f84af3e7,RECEIVE,ACK,417,36,""
130.947,sender,61786f30-4c75-4147-a29d-ce70f84af3e7,ACKNOWLEDGED,ACK,417,0,""
130.974,sender,61786f30-4c75-4147-a29d-ce70f84af3e7,CONFIRM_DATA,ACK,417,1024,"unique file bytes acknowledged"
130.988,sender,61786f30-4c75-4147-a29d-ce70f84af3e7,RTT_SAMPLE,ACK,417,0,"5.057800"
131.005,sender,61786f30-4c75-4147-a29d-ce70f84af3e7,SEND,DATA,449,1060,""
131.046,sender,61786f30-4c75-4147-a29d-ce70f84af3e7,EMIT,DATA,449,1060,""
131.066,sender,61786f30-4c75-4147-a29d-ce70f84af3e7,RECEIVE,ACK,418,36,""
131.079,sender,61786f30-4c75-4147-a29d-ce70f84af3e7,ACKNOWLEDGED,ACK,418,0,""
131.089,sender,61786f30-4c75-4147-a29d-ce70f84af3e7,CONFIRM_DATA,ACK,418,1024,"unique file bytes acknowledged"
131.099,sender,61786f30-4c75-4147-a29d-ce70f84af3e7,RTT_SAMPLE,ACK,418,0,"4.795500"
131.123,sender,61786f30-4c75-4147-a29d-ce70f84af3e7,SEND,DATA,450,1060,""
131.162,sender,61786f30-4c75-4147-a29d-ce70f84af3e7,EMIT,DATA,450,1060,""
131.182,sender,61786f30-4c75-4147-a29d-ce70f84af3e7,RECEIVE,ACK,419,36,""
131.194,sender,61786f30-4c75-4147-a29d-ce70f84af3e7,ACKNOWLEDGED,ACK,419,0,""
131.332,sender,61786f30-4c75-4147-a29d-ce70f84af3e7,CONFIRM_DATA,ACK,419,1024,"unique file bytes acknowledged"
131.354,sender,61786f30-4c75-4147-a29d-ce70f84af3e7,RTT_SAMPLE,ACK,419,0,"4.831900"
131.372,sender,61786f30-4c75-4147-a29d-ce70f84af3e7,SEND,DATA,451,1060,""
131.402,sender,61786f30-4c75-4147-a29d-ce70f84af3e7,EMIT,DATA,451,1060,""
131.424,sender,61786f30-4c75-4147-a29d-ce70f84af3e7,RECEIVE,ACK,420,36,""
131.437,sender,61786f30-4c75-4147-a29d-ce70f84af3e7,ACKNOWLEDGED,ACK,420,0,""
131.448,sender,61786f30-4c75-4147-a29d-ce70f84af3e7,CONFIRM_DATA,ACK,420,1024,"unique file bytes acknowledged"
131.487,sender,61786f30-4c75-4147-a29d-ce70f84af3e7,RTT_SAMPLE,ACK,420,0,"4.829200"
131.532,sender,61786f30-4c75-4147-a29d-ce70f84af3e7,SEND,DATA,452,1060,""
131.558,sender,61786f30-4c75-4147-a29d-ce70f84af3e7,EMIT,DATA,452,1060,""
131.578,sender,61786f30-4c75-4147-a29d-ce70f84af3e7,RECEIVE,ACK,421,36,""
131.590,sender,61786f30-4c75-4147-a29d-ce70f84af3e7,ACKNOWLEDGED,ACK,421,0,""
131.614,sender,61786f30-4c75-4147-a29d-ce70f84af3e7,CONFIRM_DATA,ACK,421,1024,"unique file bytes acknowledged"
131.626,sender,61786f30-4c75-4147-a29d-ce70f84af3e7,RTT_SAMPLE,ACK,421,0,"4.845300"
131.641,sender,61786f30-4c75-4147-a29d-ce70f84af3e7,SEND,DATA,453,1060,""
131.669,sender,61786f30-4c75-4147-a29d-ce70f84af3e7,EMIT,DATA,453,1060,""
131.689,sender,61786f30-4c75-4147-a29d-ce70f84af3e7,RECEIVE,ACK,422,36,""
131.702,sender,61786f30-4c75-4147-a29d-ce70f84af3e7,ACKNOWLEDGED,ACK,422,0,""
131.711,sender,61786f30-4c75-4147-a29d-ce70f84af3e7,CONFIRM_DATA,ACK,422,1024,"unique file bytes acknowledged"
131.731,sender,61786f30-4c75-4147-a29d-ce70f84af3e7,RTT_SAMPLE,ACK,422,0,"4.803300"
131.766,sender,61786f30-4c75-4147-a29d-ce70f84af3e7,SEND,DATA,454,1060,""
131.790,sender,61786f30-4c75-4147-a29d-ce70f84af3e7,EMIT,DATA,454,1060,""
131.810,sender,61786f30-4c75-4147-a29d-ce70f84af3e7,RECEIVE,ACK,423,36,""
131.823,sender,61786f30-4c75-4147-a29d-ce70f84af3e7,ACKNOWLEDGED,ACK,423,0,""
131.849,sender,61786f30-4c75-4147-a29d-ce70f84af3e7,CONFIRM_DATA,ACK,423,1024,"unique file bytes acknowledged"
131.862,sender,61786f30-4c75-4147-a29d-ce70f84af3e7,RTT_SAMPLE,ACK,423,0,"4.804100"
131.877,sender,61786f30-4c75-4147-a29d-ce70f84af3e7,SEND,DATA,455,1060,""
131.902,sender,61786f30-4c75-4147-a29d-ce70f84af3e7,EMIT,DATA,455,1060,""
131.922,sender,61786f30-4c75-4147-a29d-ce70f84af3e7,RECEIVE,ACK,424,36,""
131.946,sender,61786f30-4c75-4147-a29d-ce70f84af3e7,ACKNOWLEDGED,ACK,424,0,""
131.957,sender,61786f30-4c75-4147-a29d-ce70f84af3e7,CONFIRM_DATA,ACK,424,1024,"unique file bytes acknowledged"
131.978,sender,61786f30-4c75-4147-a29d-ce70f84af3e7,RTT_SAMPLE,ACK,424,0,"4.792500"
132.005,sender,61786f30-4c75-4147-a29d-ce70f84af3e7,SEND,DATA,456,1060,""
132.051,sender,61786f30-4c75-4147-a29d-ce70f84af3e7,EMIT,DATA,456,1060,""
132.069,sender,61786f30-4c75-4147-a29d-ce70f84af3e7,RECEIVE,ACK,425,36,""
132.095,sender,61786f30-4c75-4147-a29d-ce70f84af3e7,ACKNOWLEDGED,ACK,425,0,""
132.106,sender,61786f30-4c75-4147-a29d-ce70f84af3e7,CONFIRM_DATA,ACK,425,1024,"unique file bytes acknowledged"
132.117,sender,61786f30-4c75-4147-a29d-ce70f84af3e7,RTT_SAMPLE,ACK,425,0,"4.836700"
132.135,sender,61786f30-4c75-4147-a29d-ce70f84af3e7,SEND,DATA,457,1060,""
132.161,sender,61786f30-4c75-4147-a29d-ce70f84af3e7,EMIT,DATA,457,1060,""
132.198,sender,61786f30-4c75-4147-a29d-ce70f84af3e7,RECEIVE,ACK,426,36,""
132.210,sender,61786f30-4c75-4147-a29d-ce70f84af3e7,ACKNOWLEDGED,ACK,426,0,""
132.228,sender,61786f30-4c75-4147-a29d-ce70f84af3e7,CONFIRM_DATA,ACK,426,1024,"unique file bytes acknowledged"
132.247,sender,61786f30-4c75-4147-a29d-ce70f84af3e7,RTT_SAMPLE,ACK,426,0,"4.811600"
132.262,sender,61786f30-4c75-4147-a29d-ce70f84af3e7,SEND,DATA,458,1060,""
132.286,sender,61786f30-4c75-4147-a29d-ce70f84af3e7,EMIT,DATA,458,1060,""
132.305,sender,61786f30-4c75-4147-a29d-ce70f84af3e7,RECEIVE,ACK,427,36,""
132.317,sender,61786f30-4c75-4147-a29d-ce70f84af3e7,ACKNOWLEDGED,ACK,427,0,""
132.326,sender,61786f30-4c75-4147-a29d-ce70f84af3e7,CONFIRM_DATA,ACK,427,1024,"unique file bytes acknowledged"
132.337,sender,61786f30-4c75-4147-a29d-ce70f84af3e7,RTT_SAMPLE,ACK,427,0,"4.743200"
132.368,sender,61786f30-4c75-4147-a29d-ce70f84af3e7,SEND,DATA,459,1060,""
132.408,sender,61786f30-4c75-4147-a29d-ce70f84af3e7,EMIT,DATA,459,1060,""
132.429,sender,61786f30-4c75-4147-a29d-ce70f84af3e7,RECEIVE,ACK,428,36,""
132.457,sender,61786f30-4c75-4147-a29d-ce70f84af3e7,ACKNOWLEDGED,ACK,428,0,""
132.469,sender,61786f30-4c75-4147-a29d-ce70f84af3e7,CONFIRM_DATA,ACK,428,1024,"unique file bytes acknowledged"
132.481,sender,61786f30-4c75-4147-a29d-ce70f84af3e7,RTT_SAMPLE,ACK,428,0,"4.754600"
132.496,sender,61786f30-4c75-4147-a29d-ce70f84af3e7,SEND,DATA,460,1060,""
132.520,sender,61786f30-4c75-4147-a29d-ce70f84af3e7,EMIT,DATA,460,1060,""
132.545,sender,61786f30-4c75-4147-a29d-ce70f84af3e7,RECEIVE,ACK,429,36,""
132.556,sender,61786f30-4c75-4147-a29d-ce70f84af3e7,ACKNOWLEDGED,ACK,429,0,""
132.567,sender,61786f30-4c75-4147-a29d-ce70f84af3e7,CONFIRM_DATA,ACK,429,1024,"unique file bytes acknowledged"
132.583,sender,61786f30-4c75-4147-a29d-ce70f84af3e7,RTT_SAMPLE,ACK,429,0,"4.638500"
132.602,sender,61786f30-4c75-4147-a29d-ce70f84af3e7,SEND,DATA,461,1060,""
132.628,sender,61786f30-4c75-4147-a29d-ce70f84af3e7,EMIT,DATA,461,1060,""
132.655,sender,61786f30-4c75-4147-a29d-ce70f84af3e7,RECEIVE,ACK,430,36,""
132.677,sender,61786f30-4c75-4147-a29d-ce70f84af3e7,ACKNOWLEDGED,ACK,430,0,""
132.691,sender,61786f30-4c75-4147-a29d-ce70f84af3e7,CONFIRM_DATA,ACK,430,1024,"unique file bytes acknowledged"
132.707,sender,61786f30-4c75-4147-a29d-ce70f84af3e7,RTT_SAMPLE,ACK,430,0,"4.586000"
132.722,sender,61786f30-4c75-4147-a29d-ce70f84af3e7,SEND,DATA,462,1060,""
132.749,sender,61786f30-4c75-4147-a29d-ce70f84af3e7,EMIT,DATA,462,1060,""
132.778,sender,61786f30-4c75-4147-a29d-ce70f84af3e7,RECEIVE,ACK,431,36,""
132.791,sender,61786f30-4c75-4147-a29d-ce70f84af3e7,ACKNOWLEDGED,ACK,431,0,""
132.800,sender,61786f30-4c75-4147-a29d-ce70f84af3e7,CONFIRM_DATA,ACK,431,1024,"unique file bytes acknowledged"
132.819,sender,61786f30-4c75-4147-a29d-ce70f84af3e7,RTT_SAMPLE,ACK,431,0,"4.547000"
132.838,sender,61786f30-4c75-4147-a29d-ce70f84af3e7,SEND,DATA,463,1060,""
132.864,sender,61786f30-4c75-4147-a29d-ce70f84af3e7,EMIT,DATA,463,1060,""
132.891,sender,61786f30-4c75-4147-a29d-ce70f84af3e7,RECEIVE,ACK,432,36,""
132.901,sender,61786f30-4c75-4147-a29d-ce70f84af3e7,ACKNOWLEDGED,ACK,432,0,""
132.910,sender,61786f30-4c75-4147-a29d-ce70f84af3e7,CONFIRM_DATA,ACK,432,1024,"unique file bytes acknowledged"
132.941,sender,61786f30-4c75-4147-a29d-ce70f84af3e7,RTT_SAMPLE,ACK,432,0,"4.487200"
132.959,sender,61786f30-4c75-4147-a29d-ce70f84af3e7,SEND,DATA,464,1060,""
132.985,sender,61786f30-4c75-4147-a29d-ce70f84af3e7,EMIT,DATA,464,1060,""
133.025,sender,61786f30-4c75-4147-a29d-ce70f84af3e7,RECEIVE,ACK,433,36,""
133.038,sender,61786f30-4c75-4147-a29d-ce70f84af3e7,ACKNOWLEDGED,ACK,433,0,""
133.048,sender,61786f30-4c75-4147-a29d-ce70f84af3e7,CONFIRM_DATA,ACK,433,1024,"unique file bytes acknowledged"
133.075,sender,61786f30-4c75-4147-a29d-ce70f84af3e7,RTT_SAMPLE,ACK,433,0,"4.435600"
133.092,sender,61786f30-4c75-4147-a29d-ce70f84af3e7,SEND,DATA,465,1060,""
133.129,sender,61786f30-4c75-4147-a29d-ce70f84af3e7,EMIT,DATA,465,1060,""
133.149,sender,61786f30-4c75-4147-a29d-ce70f84af3e7,RECEIVE,ACK,434,36,""
133.163,sender,61786f30-4c75-4147-a29d-ce70f84af3e7,ACKNOWLEDGED,ACK,434,0,""
133.186,sender,61786f30-4c75-4147-a29d-ce70f84af3e7,CONFIRM_DATA,ACK,434,1024,"unique file bytes acknowledged"
133.208,sender,61786f30-4c75-4147-a29d-ce70f84af3e7,RTT_SAMPLE,ACK,434,0,"4.435700"
133.234,sender,61786f30-4c75-4147-a29d-ce70f84af3e7,SEND,DATA,466,1060,""
133.259,sender,61786f30-4c75-4147-a29d-ce70f84af3e7,EMIT,DATA,466,1060,""
133.280,sender,61786f30-4c75-4147-a29d-ce70f84af3e7,RECEIVE,ACK,435,36,""
133.308,sender,61786f30-4c75-4147-a29d-ce70f84af3e7,ACKNOWLEDGED,ACK,435,0,""
133.322,sender,61786f30-4c75-4147-a29d-ce70f84af3e7,CONFIRM_DATA,ACK,435,1024,"unique file bytes acknowledged"
133.337,sender,61786f30-4c75-4147-a29d-ce70f84af3e7,RTT_SAMPLE,ACK,435,0,"4.342200"
133.423,sender,61786f30-4c75-4147-a29d-ce70f84af3e7,SEND,DATA,467,1060,""
133.448,sender,61786f30-4c75-4147-a29d-ce70f84af3e7,EMIT,DATA,467,1060,""
133.465,sender,61786f30-4c75-4147-a29d-ce70f84af3e7,RECEIVE,ACK,436,36,""
133.476,sender,61786f30-4c75-4147-a29d-ce70f84af3e7,ACKNOWLEDGED,ACK,436,0,""
133.486,sender,61786f30-4c75-4147-a29d-ce70f84af3e7,CONFIRM_DATA,ACK,436,1024,"unique file bytes acknowledged"
133.512,sender,61786f30-4c75-4147-a29d-ce70f84af3e7,RTT_SAMPLE,ACK,436,0,"4.386500"
133.529,sender,61786f30-4c75-4147-a29d-ce70f84af3e7,SEND,DATA,468,1060,""
133.578,sender,61786f30-4c75-4147-a29d-ce70f84af3e7,EMIT,DATA,468,1060,""
133.603,sender,61786f30-4c75-4147-a29d-ce70f84af3e7,RECEIVE,ACK,437,36,""
133.625,sender,61786f30-4c75-4147-a29d-ce70f84af3e7,ACKNOWLEDGED,ACK,437,0,""
133.637,sender,61786f30-4c75-4147-a29d-ce70f84af3e7,CONFIRM_DATA,ACK,437,1024,"unique file bytes acknowledged"
133.653,sender,61786f30-4c75-4147-a29d-ce70f84af3e7,RTT_SAMPLE,ACK,437,0,"4.166700"
133.678,sender,61786f30-4c75-4147-a29d-ce70f84af3e7,SEND,DATA,469,1060,""
133.710,sender,61786f30-4c75-4147-a29d-ce70f84af3e7,EMIT,DATA,469,1060,""
133.730,sender,61786f30-4c75-4147-a29d-ce70f84af3e7,RECEIVE,ACK,438,36,""
133.744,sender,61786f30-4c75-4147-a29d-ce70f84af3e7,ACKNOWLEDGED,ACK,438,0,""
133.756,sender,61786f30-4c75-4147-a29d-ce70f84af3e7,CONFIRM_DATA,ACK,438,1024,"unique file bytes acknowledged"
133.798,sender,61786f30-4c75-4147-a29d-ce70f84af3e7,RTT_SAMPLE,ACK,438,0,"4.141400"
133.842,sender,61786f30-4c75-4147-a29d-ce70f84af3e7,SEND,DATA,470,1060,""
133.868,sender,61786f30-4c75-4147-a29d-ce70f84af3e7,EMIT,DATA,470,1060,""
133.892,sender,61786f30-4c75-4147-a29d-ce70f84af3e7,RECEIVE,ACK,439,36,""
133.904,sender,61786f30-4c75-4147-a29d-ce70f84af3e7,ACKNOWLEDGED,ACK,439,0,""
133.927,sender,61786f30-4c75-4147-a29d-ce70f84af3e7,CONFIRM_DATA,ACK,439,1024,"unique file bytes acknowledged"
133.960,sender,61786f30-4c75-4147-a29d-ce70f84af3e7,RTT_SAMPLE,ACK,439,0,"4.153800"
133.978,sender,61786f30-4c75-4147-a29d-ce70f84af3e7,SEND,DATA,471,1060,""
134.010,sender,61786f30-4c75-4147-a29d-ce70f84af3e7,EMIT,DATA,471,1060,""
134.049,sender,61786f30-4c75-4147-a29d-ce70f84af3e7,RECEIVE,ACK,440,36,""
134.064,sender,61786f30-4c75-4147-a29d-ce70f84af3e7,ACKNOWLEDGED,ACK,440,0,""
134.077,sender,61786f30-4c75-4147-a29d-ce70f84af3e7,CONFIRM_DATA,ACK,440,1024,"unique file bytes acknowledged"
134.089,sender,61786f30-4c75-4147-a29d-ce70f84af3e7,RTT_SAMPLE,ACK,440,0,"4.185000"
134.108,sender,61786f30-4c75-4147-a29d-ce70f84af3e7,SEND,DATA,472,1060,""
134.132,sender,61786f30-4c75-4147-a29d-ce70f84af3e7,EMIT,DATA,472,1060,""
134.156,sender,61786f30-4c75-4147-a29d-ce70f84af3e7,RECEIVE,ACK,441,36,""
134.167,sender,61786f30-4c75-4147-a29d-ce70f84af3e7,ACKNOWLEDGED,ACK,441,0,""
134.191,sender,61786f30-4c75-4147-a29d-ce70f84af3e7,CONFIRM_DATA,ACK,441,1024,"unique file bytes acknowledged"
134.219,sender,61786f30-4c75-4147-a29d-ce70f84af3e7,RTT_SAMPLE,ACK,441,0,"4.217600"
134.248,sender,61786f30-4c75-4147-a29d-ce70f84af3e7,SEND,DATA,473,1060,""
134.302,sender,61786f30-4c75-4147-a29d-ce70f84af3e7,EMIT,DATA,473,1060,""
134.339,sender,61786f30-4c75-4147-a29d-ce70f84af3e7,RECEIVE,ACK,442,36,""
134.372,sender,61786f30-4c75-4147-a29d-ce70f84af3e7,ACKNOWLEDGED,ACK,442,0,""
134.392,sender,61786f30-4c75-4147-a29d-ce70f84af3e7,CONFIRM_DATA,ACK,442,1024,"unique file bytes acknowledged"
134.409,sender,61786f30-4c75-4147-a29d-ce70f84af3e7,RTT_SAMPLE,ACK,442,0,"4.286800"
134.426,sender,61786f30-4c75-4147-a29d-ce70f84af3e7,SEND,DATA,474,1060,""
134.450,sender,61786f30-4c75-4147-a29d-ce70f84af3e7,EMIT,DATA,474,1060,""
134.471,sender,61786f30-4c75-4147-a29d-ce70f84af3e7,RECEIVE,ACK,443,36,""
134.490,sender,61786f30-4c75-4147-a29d-ce70f84af3e7,ACKNOWLEDGED,ACK,443,0,""
134.519,sender,61786f30-4c75-4147-a29d-ce70f84af3e7,CONFIRM_DATA,ACK,443,1024,"unique file bytes acknowledged"
134.535,sender,61786f30-4c75-4147-a29d-ce70f84af3e7,RTT_SAMPLE,ACK,443,0,"4.230100"
134.553,sender,61786f30-4c75-4147-a29d-ce70f84af3e7,SEND,DATA,475,1060,""
134.577,sender,61786f30-4c75-4147-a29d-ce70f84af3e7,EMIT,DATA,475,1060,""
134.598,sender,61786f30-4c75-4147-a29d-ce70f84af3e7,RECEIVE,ACK,444,36,""
134.623,sender,61786f30-4c75-4147-a29d-ce70f84af3e7,ACKNOWLEDGED,ACK,444,0,""
134.632,sender,61786f30-4c75-4147-a29d-ce70f84af3e7,CONFIRM_DATA,ACK,444,1024,"unique file bytes acknowledged"
134.647,sender,61786f30-4c75-4147-a29d-ce70f84af3e7,RTT_SAMPLE,ACK,444,0,"4.231500"
134.666,sender,61786f30-4c75-4147-a29d-ce70f84af3e7,SEND,DATA,476,1060,""
134.694,sender,61786f30-4c75-4147-a29d-ce70f84af3e7,EMIT,DATA,476,1060,""
134.725,sender,61786f30-4c75-4147-a29d-ce70f84af3e7,RECEIVE,ACK,445,36,""
134.747,sender,61786f30-4c75-4147-a29d-ce70f84af3e7,ACKNOWLEDGED,ACK,445,0,""
134.758,sender,61786f30-4c75-4147-a29d-ce70f84af3e7,CONFIRM_DATA,ACK,445,1024,"unique file bytes acknowledged"
134.793,sender,61786f30-4c75-4147-a29d-ce70f84af3e7,RTT_SAMPLE,ACK,445,0,"4.270800"
134.824,sender,61786f30-4c75-4147-a29d-ce70f84af3e7,SEND,DATA,477,1060,""
134.851,sender,61786f30-4c75-4147-a29d-ce70f84af3e7,EMIT,DATA,477,1060,""
134.872,sender,61786f30-4c75-4147-a29d-ce70f84af3e7,RECEIVE,ACK,446,36,""
134.884,sender,61786f30-4c75-4147-a29d-ce70f84af3e7,ACKNOWLEDGED,ACK,446,0,""
134.902,sender,61786f30-4c75-4147-a29d-ce70f84af3e7,CONFIRM_DATA,ACK,446,1024,"unique file bytes acknowledged"
134.952,sender,61786f30-4c75-4147-a29d-ce70f84af3e7,RTT_SAMPLE,ACK,446,0,"4.318000"
134.970,sender,61786f30-4c75-4147-a29d-ce70f84af3e7,SEND,DATA,478,1060,""
134.997,sender,61786f30-4c75-4147-a29d-ce70f84af3e7,EMIT,DATA,478,1060,""
135.023,sender,61786f30-4c75-4147-a29d-ce70f84af3e7,RECEIVE,ACK,447,36,""
135.045,sender,61786f30-4c75-4147-a29d-ce70f84af3e7,ACKNOWLEDGED,ACK,447,0,""
135.055,sender,61786f30-4c75-4147-a29d-ce70f84af3e7,CONFIRM_DATA,ACK,447,1024,"unique file bytes acknowledged"
135.074,sender,61786f30-4c75-4147-a29d-ce70f84af3e7,RTT_SAMPLE,ACK,447,0,"4.332300"
135.092,sender,61786f30-4c75-4147-a29d-ce70f84af3e7,SEND,DATA,479,1060,""
135.129,sender,61786f30-4c75-4147-a29d-ce70f84af3e7,EMIT,DATA,479,1060,""
135.149,sender,61786f30-4c75-4147-a29d-ce70f84af3e7,RECEIVE,ACK,448,36,""
135.164,sender,61786f30-4c75-4147-a29d-ce70f84af3e7,ACKNOWLEDGED,ACK,448,0,""
135.204,sender,61786f30-4c75-4147-a29d-ce70f84af3e7,CONFIRM_DATA,ACK,448,1024,"unique file bytes acknowledged"
135.221,sender,61786f30-4c75-4147-a29d-ce70f84af3e7,RTT_SAMPLE,ACK,448,0,"4.361400"
135.265,sender,61786f30-4c75-4147-a29d-ce70f84af3e7,SEND,DATA,480,1060,""
135.292,sender,61786f30-4c75-4147-a29d-ce70f84af3e7,EMIT,DATA,480,1060,""
135.365,sender,61786f30-4c75-4147-a29d-ce70f84af3e7,RECEIVE,ACK,449,36,""
135.394,sender,61786f30-4c75-4147-a29d-ce70f84af3e7,ACKNOWLEDGED,ACK,449,0,""
135.406,sender,61786f30-4c75-4147-a29d-ce70f84af3e7,CONFIRM_DATA,ACK,449,1024,"unique file bytes acknowledged"
135.424,sender,61786f30-4c75-4147-a29d-ce70f84af3e7,RTT_SAMPLE,ACK,449,0,"4.416300"
135.443,sender,61786f30-4c75-4147-a29d-ce70f84af3e7,SEND,DATA,481,1060,""
135.485,sender,61786f30-4c75-4147-a29d-ce70f84af3e7,EMIT,DATA,481,1060,""
135.533,sender,61786f30-4c75-4147-a29d-ce70f84af3e7,RECEIVE,ACK,450,36,""
135.547,sender,61786f30-4c75-4147-a29d-ce70f84af3e7,ACKNOWLEDGED,ACK,450,0,""
135.560,sender,61786f30-4c75-4147-a29d-ce70f84af3e7,CONFIRM_DATA,ACK,450,1024,"unique file bytes acknowledged"
135.582,sender,61786f30-4c75-4147-a29d-ce70f84af3e7,RTT_SAMPLE,ACK,450,0,"4.454000"
135.604,sender,61786f30-4c75-4147-a29d-ce70f84af3e7,SEND,DATA,482,1060,""
135.652,sender,61786f30-4c75-4147-a29d-ce70f84af3e7,EMIT,DATA,482,1060,""
135.678,sender,61786f30-4c75-4147-a29d-ce70f84af3e7,RECEIVE,ACK,451,36,""
135.694,sender,61786f30-4c75-4147-a29d-ce70f84af3e7,ACKNOWLEDGED,ACK,451,0,""
135.714,sender,61786f30-4c75-4147-a29d-ce70f84af3e7,CONFIRM_DATA,ACK,451,1024,"unique file bytes acknowledged"
135.730,sender,61786f30-4c75-4147-a29d-ce70f84af3e7,RTT_SAMPLE,ACK,451,0,"4.357600"
135.750,sender,61786f30-4c75-4147-a29d-ce70f84af3e7,SEND,DATA,483,1060,""
135.783,sender,61786f30-4c75-4147-a29d-ce70f84af3e7,EMIT,DATA,483,1060,""
135.908,sender,61786f30-4c75-4147-a29d-ce70f84af3e7,RECEIVE,ACK,452,36,""
135.924,sender,61786f30-4c75-4147-a29d-ce70f84af3e7,ACKNOWLEDGED,ACK,452,0,""
135.936,sender,61786f30-4c75-4147-a29d-ce70f84af3e7,CONFIRM_DATA,ACK,452,1024,"unique file bytes acknowledged"
135.979,sender,61786f30-4c75-4147-a29d-ce70f84af3e7,RTT_SAMPLE,ACK,452,0,"4.444400"
135.999,sender,61786f30-4c75-4147-a29d-ce70f84af3e7,SEND,DATA,484,1060,""
136.041,sender,61786f30-4c75-4147-a29d-ce70f84af3e7,EMIT,DATA,484,1060,""
136.063,sender,61786f30-4c75-4147-a29d-ce70f84af3e7,RECEIVE,ACK,453,36,""
136.079,sender,61786f30-4c75-4147-a29d-ce70f84af3e7,ACKNOWLEDGED,ACK,453,0,""
136.099,sender,61786f30-4c75-4147-a29d-ce70f84af3e7,CONFIRM_DATA,ACK,453,1024,"unique file bytes acknowledged"
136.120,sender,61786f30-4c75-4147-a29d-ce70f84af3e7,RTT_SAMPLE,ACK,453,0,"4.477700"
136.137,sender,61786f30-4c75-4147-a29d-ce70f84af3e7,SEND,DATA,485,1060,""
136.172,sender,61786f30-4c75-4147-a29d-ce70f84af3e7,EMIT,DATA,485,1060,""
136.195,sender,61786f30-4c75-4147-a29d-ce70f84af3e7,RECEIVE,ACK,454,36,""
136.213,sender,61786f30-4c75-4147-a29d-ce70f84af3e7,ACKNOWLEDGED,ACK,454,0,""
136.236,sender,61786f30-4c75-4147-a29d-ce70f84af3e7,CONFIRM_DATA,ACK,454,1024,"unique file bytes acknowledged"
136.251,sender,61786f30-4c75-4147-a29d-ce70f84af3e7,RTT_SAMPLE,ACK,454,0,"4.482700"
136.280,sender,61786f30-4c75-4147-a29d-ce70f84af3e7,SEND,DATA,486,1060,""
136.323,sender,61786f30-4c75-4147-a29d-ce70f84af3e7,EMIT,DATA,486,1060,""
136.346,sender,61786f30-4c75-4147-a29d-ce70f84af3e7,RECEIVE,ACK,455,36,""
136.361,sender,61786f30-4c75-4147-a29d-ce70f84af3e7,ACKNOWLEDGED,ACK,455,0,""
136.377,sender,61786f30-4c75-4147-a29d-ce70f84af3e7,CONFIRM_DATA,ACK,455,1024,"unique file bytes acknowledged"
136.394,sender,61786f30-4c75-4147-a29d-ce70f84af3e7,RTT_SAMPLE,ACK,455,0,"4.515600"
136.412,sender,61786f30-4c75-4147-a29d-ce70f84af3e7,SEND,DATA,487,1060,""
136.445,sender,61786f30-4c75-4147-a29d-ce70f84af3e7,EMIT,DATA,487,1060,""
136.468,sender,61786f30-4c75-4147-a29d-ce70f84af3e7,RECEIVE,ACK,456,36,""
136.480,sender,61786f30-4c75-4147-a29d-ce70f84af3e7,ACKNOWLEDGED,ACK,456,0,""
136.489,sender,61786f30-4c75-4147-a29d-ce70f84af3e7,CONFIRM_DATA,ACK,456,1024,"unique file bytes acknowledged"
136.501,sender,61786f30-4c75-4147-a29d-ce70f84af3e7,RTT_SAMPLE,ACK,456,0,"4.496400"
136.525,sender,61786f30-4c75-4147-a29d-ce70f84af3e7,SEND,DATA,488,1060,""
136.549,sender,61786f30-4c75-4147-a29d-ce70f84af3e7,EMIT,DATA,488,1060,""
136.578,sender,61786f30-4c75-4147-a29d-ce70f84af3e7,RECEIVE,ACK,457,36,""
136.593,sender,61786f30-4c75-4147-a29d-ce70f84af3e7,ACKNOWLEDGED,ACK,457,0,""
136.603,sender,61786f30-4c75-4147-a29d-ce70f84af3e7,CONFIRM_DATA,ACK,457,1024,"unique file bytes acknowledged"
136.617,sender,61786f30-4c75-4147-a29d-ce70f84af3e7,RTT_SAMPLE,ACK,457,0,"4.480300"
136.638,sender,61786f30-4c75-4147-a29d-ce70f84af3e7,SEND,DATA,489,1060,""
136.680,sender,61786f30-4c75-4147-a29d-ce70f84af3e7,EMIT,DATA,489,1060,""
136.698,sender,61786f30-4c75-4147-a29d-ce70f84af3e7,RECEIVE,ACK,458,36,""
136.709,sender,61786f30-4c75-4147-a29d-ce70f84af3e7,ACKNOWLEDGED,ACK,458,0,""
136.717,sender,61786f30-4c75-4147-a29d-ce70f84af3e7,CONFIRM_DATA,ACK,458,1024,"unique file bytes acknowledged"
136.736,sender,61786f30-4c75-4147-a29d-ce70f84af3e7,RTT_SAMPLE,ACK,458,0,"4.473900"
136.754,sender,61786f30-4c75-4147-a29d-ce70f84af3e7,SEND,DATA,490,1060,""
136.777,sender,61786f30-4c75-4147-a29d-ce70f84af3e7,EMIT,DATA,490,1060,""
136.794,sender,61786f30-4c75-4147-a29d-ce70f84af3e7,RECEIVE,ACK,459,36,""
136.804,sender,61786f30-4c75-4147-a29d-ce70f84af3e7,ACKNOWLEDGED,ACK,459,0,""
136.813,sender,61786f30-4c75-4147-a29d-ce70f84af3e7,CONFIRM_DATA,ACK,459,1024,"unique file bytes acknowledged"
136.825,sender,61786f30-4c75-4147-a29d-ce70f84af3e7,RTT_SAMPLE,ACK,459,0,"4.456900"
136.839,sender,61786f30-4c75-4147-a29d-ce70f84af3e7,SEND,DATA,491,1060,""
136.866,sender,61786f30-4c75-4147-a29d-ce70f84af3e7,EMIT,DATA,491,1060,""
136.885,sender,61786f30-4c75-4147-a29d-ce70f84af3e7,RECEIVE,ACK,460,36,""
136.897,sender,61786f30-4c75-4147-a29d-ce70f84af3e7,ACKNOWLEDGED,ACK,460,0,""
136.913,sender,61786f30-4c75-4147-a29d-ce70f84af3e7,CONFIRM_DATA,ACK,460,1024,"unique file bytes acknowledged"
136.925,sender,61786f30-4c75-4147-a29d-ce70f84af3e7,RTT_SAMPLE,ACK,460,0,"4.428900"
136.961,sender,61786f30-4c75-4147-a29d-ce70f84af3e7,SEND,DATA,492,1060,""
136.985,sender,61786f30-4c75-4147-a29d-ce70f84af3e7,EMIT,DATA,492,1060,""
137.019,sender,61786f30-4c75-4147-a29d-ce70f84af3e7,RECEIVE,ACK,461,36,""
137.040,sender,61786f30-4c75-4147-a29d-ce70f84af3e7,ACKNOWLEDGED,ACK,461,0,""
137.048,sender,61786f30-4c75-4147-a29d-ce70f84af3e7,CONFIRM_DATA,ACK,461,1024,"unique file bytes acknowledged"
137.060,sender,61786f30-4c75-4147-a29d-ce70f84af3e7,RTT_SAMPLE,ACK,461,0,"4.457300"
137.075,sender,61786f30-4c75-4147-a29d-ce70f84af3e7,SEND,DATA,493,1060,""
137.124,sender,61786f30-4c75-4147-a29d-ce70f84af3e7,EMIT,DATA,493,1060,""
137.150,sender,61786f30-4c75-4147-a29d-ce70f84af3e7,RECEIVE,ACK,462,36,""
137.162,sender,61786f30-4c75-4147-a29d-ce70f84af3e7,ACKNOWLEDGED,ACK,462,0,""
137.182,sender,61786f30-4c75-4147-a29d-ce70f84af3e7,CONFIRM_DATA,ACK,462,1024,"unique file bytes acknowledged"
137.215,sender,61786f30-4c75-4147-a29d-ce70f84af3e7,RTT_SAMPLE,ACK,462,0,"4.491800"
137.230,sender,61786f30-4c75-4147-a29d-ce70f84af3e7,SEND,DATA,494,1060,""
137.254,sender,61786f30-4c75-4147-a29d-ce70f84af3e7,EMIT,DATA,494,1060,""
137.273,sender,61786f30-4c75-4147-a29d-ce70f84af3e7,RECEIVE,ACK,463,36,""
137.285,sender,61786f30-4c75-4147-a29d-ce70f84af3e7,ACKNOWLEDGED,ACK,463,0,""
137.313,sender,61786f30-4c75-4147-a29d-ce70f84af3e7,CONFIRM_DATA,ACK,463,1024,"unique file bytes acknowledged"
137.328,sender,61786f30-4c75-4147-a29d-ce70f84af3e7,RTT_SAMPLE,ACK,463,0,"4.488600"
137.361,sender,61786f30-4c75-4147-a29d-ce70f84af3e7,SEND,DATA,495,1060,""
137.406,sender,61786f30-4c75-4147-a29d-ce70f84af3e7,EMIT,DATA,495,1060,""
137.424,sender,61786f30-4c75-4147-a29d-ce70f84af3e7,RECEIVE,ACK,464,36,""
137.450,sender,61786f30-4c75-4147-a29d-ce70f84af3e7,ACKNOWLEDGED,ACK,464,0,""
137.459,sender,61786f30-4c75-4147-a29d-ce70f84af3e7,CONFIRM_DATA,ACK,464,1024,"unique file bytes acknowledged"
137.472,sender,61786f30-4c75-4147-a29d-ce70f84af3e7,RTT_SAMPLE,ACK,464,0,"4.513300"
137.492,sender,61786f30-4c75-4147-a29d-ce70f84af3e7,SEND,DATA,496,1060,""
137.517,sender,61786f30-4c75-4147-a29d-ce70f84af3e7,EMIT,DATA,496,1060,""
137.552,sender,61786f30-4c75-4147-a29d-ce70f84af3e7,RECEIVE,ACK,465,36,""
137.564,sender,61786f30-4c75-4147-a29d-ce70f84af3e7,ACKNOWLEDGED,ACK,465,0,""
137.573,sender,61786f30-4c75-4147-a29d-ce70f84af3e7,CONFIRM_DATA,ACK,465,1024,"unique file bytes acknowledged"
137.584,sender,61786f30-4c75-4147-a29d-ce70f84af3e7,RTT_SAMPLE,ACK,465,0,"4.493000"
137.601,sender,61786f30-4c75-4147-a29d-ce70f84af3e7,SEND,DATA,497,1060,""
137.624,sender,61786f30-4c75-4147-a29d-ce70f84af3e7,EMIT,DATA,497,1060,""
137.672,sender,61786f30-4c75-4147-a29d-ce70f84af3e7,RECEIVE,ACK,466,36,""
137.683,sender,61786f30-4c75-4147-a29d-ce70f84af3e7,ACKNOWLEDGED,ACK,466,0,""
137.699,sender,61786f30-4c75-4147-a29d-ce70f84af3e7,CONFIRM_DATA,ACK,466,1024,"unique file bytes acknowledged"
137.714,sender,61786f30-4c75-4147-a29d-ce70f84af3e7,RTT_SAMPLE,ACK,466,0,"4.479600"
137.744,sender,61786f30-4c75-4147-a29d-ce70f84af3e7,SEND,DATA,498,1060,""
137.769,sender,61786f30-4c75-4147-a29d-ce70f84af3e7,EMIT,DATA,498,1060,""
137.789,sender,61786f30-4c75-4147-a29d-ce70f84af3e7,RECEIVE,ACK,467,36,""
137.799,sender,61786f30-4c75-4147-a29d-ce70f84af3e7,ACKNOWLEDGED,ACK,467,0,""
137.820,sender,61786f30-4c75-4147-a29d-ce70f84af3e7,CONFIRM_DATA,ACK,467,1024,"unique file bytes acknowledged"
137.833,sender,61786f30-4c75-4147-a29d-ce70f84af3e7,RTT_SAMPLE,ACK,467,0,"4.417300"
137.849,sender,61786f30-4c75-4147-a29d-ce70f84af3e7,SEND,DATA,499,1060,""
137.890,sender,61786f30-4c75-4147-a29d-ce70f84af3e7,EMIT,DATA,499,1060,""
137.917,sender,61786f30-4c75-4147-a29d-ce70f84af3e7,RECEIVE,ACK,468,36,""
137.929,sender,61786f30-4c75-4147-a29d-ce70f84af3e7,ACKNOWLEDGED,ACK,468,0,""
138.003,sender,61786f30-4c75-4147-a29d-ce70f84af3e7,CONFIRM_DATA,ACK,468,1024,"unique file bytes acknowledged"
138.025,sender,61786f30-4c75-4147-a29d-ce70f84af3e7,RTT_SAMPLE,ACK,468,0,"4.495500"
138.045,sender,61786f30-4c75-4147-a29d-ce70f84af3e7,SEND,DATA,500,1060,""
138.073,sender,61786f30-4c75-4147-a29d-ce70f84af3e7,EMIT,DATA,500,1060,""
138.095,sender,61786f30-4c75-4147-a29d-ce70f84af3e7,RECEIVE,ACK,469,36,""
138.107,sender,61786f30-4c75-4147-a29d-ce70f84af3e7,ACKNOWLEDGED,ACK,469,0,""
138.133,sender,61786f30-4c75-4147-a29d-ce70f84af3e7,CONFIRM_DATA,ACK,469,1024,"unique file bytes acknowledged"
138.148,sender,61786f30-4c75-4147-a29d-ce70f84af3e7,RTT_SAMPLE,ACK,469,0,"4.469600"
138.164,sender,61786f30-4c75-4147-a29d-ce70f84af3e7,SEND,DATA,501,1060,""
138.201,sender,61786f30-4c75-4147-a29d-ce70f84af3e7,EMIT,DATA,501,1060,""
138.222,sender,61786f30-4c75-4147-a29d-ce70f84af3e7,RECEIVE,ACK,470,36,""
138.238,sender,61786f30-4c75-4147-a29d-ce70f84af3e7,ACKNOWLEDGED,ACK,470,0,""
138.248,sender,61786f30-4c75-4147-a29d-ce70f84af3e7,CONFIRM_DATA,ACK,470,1024,"unique file bytes acknowledged"
138.262,sender,61786f30-4c75-4147-a29d-ce70f84af3e7,RTT_SAMPLE,ACK,470,0,"4.417900"
138.288,sender,61786f30-4c75-4147-a29d-ce70f84af3e7,SEND,DATA,502,1060,""
138.331,sender,61786f30-4c75-4147-a29d-ce70f84af3e7,EMIT,DATA,502,1060,""
138.350,sender,61786f30-4c75-4147-a29d-ce70f84af3e7,RECEIVE,ACK,471,36,""
138.361,sender,61786f30-4c75-4147-a29d-ce70f84af3e7,ACKNOWLEDGED,ACK,471,0,""
138.390,sender,61786f30-4c75-4147-a29d-ce70f84af3e7,CONFIRM_DATA,ACK,471,1024,"unique file bytes acknowledged"
138.405,sender,61786f30-4c75-4147-a29d-ce70f84af3e7,RTT_SAMPLE,ACK,471,0,"4.425900"
138.427,sender,61786f30-4c75-4147-a29d-ce70f84af3e7,SEND,DATA,503,1060,""
138.458,sender,61786f30-4c75-4147-a29d-ce70f84af3e7,EMIT,DATA,503,1060,""
138.493,sender,61786f30-4c75-4147-a29d-ce70f84af3e7,RECEIVE,ACK,472,36,""
138.518,sender,61786f30-4c75-4147-a29d-ce70f84af3e7,ACKNOWLEDGED,ACK,472,0,""
138.542,sender,61786f30-4c75-4147-a29d-ce70f84af3e7,CONFIRM_DATA,ACK,472,1024,"unique file bytes acknowledged"
138.556,sender,61786f30-4c75-4147-a29d-ce70f84af3e7,RTT_SAMPLE,ACK,472,0,"4.446900"
138.570,sender,61786f30-4c75-4147-a29d-ce70f84af3e7,SEND,DATA,504,1060,""
138.598,sender,61786f30-4c75-4147-a29d-ce70f84af3e7,EMIT,DATA,504,1060,""
138.624,sender,61786f30-4c75-4147-a29d-ce70f84af3e7,RECEIVE,ACK,473,36,""
138.638,sender,61786f30-4c75-4147-a29d-ce70f84af3e7,ACKNOWLEDGED,ACK,473,0,""
138.651,sender,61786f30-4c75-4147-a29d-ce70f84af3e7,CONFIRM_DATA,ACK,473,1024,"unique file bytes acknowledged"
138.685,sender,61786f30-4c75-4147-a29d-ce70f84af3e7,RTT_SAMPLE,ACK,473,0,"4.443000"
138.720,sender,61786f30-4c75-4147-a29d-ce70f84af3e7,SEND,DATA,505,1060,""
138.750,sender,61786f30-4c75-4147-a29d-ce70f84af3e7,EMIT,DATA,505,1060,""
138.771,sender,61786f30-4c75-4147-a29d-ce70f84af3e7,RECEIVE,ACK,474,36,""
138.784,sender,61786f30-4c75-4147-a29d-ce70f84af3e7,ACKNOWLEDGED,ACK,474,0,""
138.828,sender,61786f30-4c75-4147-a29d-ce70f84af3e7,CONFIRM_DATA,ACK,474,1024,"unique file bytes acknowledged"
138.846,sender,61786f30-4c75-4147-a29d-ce70f84af3e7,RTT_SAMPLE,ACK,474,0,"4.415700"
138.874,sender,61786f30-4c75-4147-a29d-ce70f84af3e7,SEND,DATA,506,1060,""
138.902,sender,61786f30-4c75-4147-a29d-ce70f84af3e7,EMIT,DATA,506,1060,""
138.954,sender,61786f30-4c75-4147-a29d-ce70f84af3e7,RECEIVE,ACK,475,36,""
138.980,sender,61786f30-4c75-4147-a29d-ce70f84af3e7,ACKNOWLEDGED,ACK,475,0,""
138.994,sender,61786f30-4c75-4147-a29d-ce70f84af3e7,CONFIRM_DATA,ACK,475,1024,"unique file bytes acknowledged"
139.040,sender,61786f30-4c75-4147-a29d-ce70f84af3e7,RTT_SAMPLE,ACK,475,0,"4.485100"
139.066,sender,61786f30-4c75-4147-a29d-ce70f84af3e7,SEND,DATA,507,1060,""
139.094,sender,61786f30-4c75-4147-a29d-ce70f84af3e7,EMIT,DATA,507,1060,""
139.128,sender,61786f30-4c75-4147-a29d-ce70f84af3e7,RECEIVE,ACK,476,36,""
139.141,sender,61786f30-4c75-4147-a29d-ce70f84af3e7,ACKNOWLEDGED,ACK,476,0,""
139.151,sender,61786f30-4c75-4147-a29d-ce70f84af3e7,CONFIRM_DATA,ACK,476,1024,"unique file bytes acknowledged"
139.185,sender,61786f30-4c75-4147-a29d-ce70f84af3e7,RTT_SAMPLE,ACK,476,0,"4.516600"
139.203,sender,61786f30-4c75-4147-a29d-ce70f84af3e7,SEND,DATA,508,1060,""
139.230,sender,61786f30-4c75-4147-a29d-ce70f84af3e7,EMIT,DATA,508,1060,""
139.251,sender,61786f30-4c75-4147-a29d-ce70f84af3e7,RECEIVE,ACK,477,36,""
139.283,sender,61786f30-4c75-4147-a29d-ce70f84af3e7,ACKNOWLEDGED,ACK,477,0,""
139.293,sender,61786f30-4c75-4147-a29d-ce70f84af3e7,CONFIRM_DATA,ACK,477,1024,"unique file bytes acknowledged"
139.328,sender,61786f30-4c75-4147-a29d-ce70f84af3e7,RTT_SAMPLE,ACK,477,0,"4.502600"
139.364,sender,61786f30-4c75-4147-a29d-ce70f84af3e7,SEND,DATA,509,1060,""
139.403,sender,61786f30-4c75-4147-a29d-ce70f84af3e7,EMIT,DATA,509,1060,""
139.425,sender,61786f30-4c75-4147-a29d-ce70f84af3e7,RECEIVE,ACK,478,36,""
139.439,sender,61786f30-4c75-4147-a29d-ce70f84af3e7,ACKNOWLEDGED,ACK,478,0,""
139.449,sender,61786f30-4c75-4147-a29d-ce70f84af3e7,CONFIRM_DATA,ACK,478,1024,"unique file bytes acknowledged"
139.460,sender,61786f30-4c75-4147-a29d-ce70f84af3e7,RTT_SAMPLE,ACK,478,0,"4.490800"
139.478,sender,61786f30-4c75-4147-a29d-ce70f84af3e7,SEND,DATA,510,1060,""
139.522,sender,61786f30-4c75-4147-a29d-ce70f84af3e7,EMIT,DATA,510,1060,""
139.562,sender,61786f30-4c75-4147-a29d-ce70f84af3e7,RECEIVE,ACK,479,36,""
139.575,sender,61786f30-4c75-4147-a29d-ce70f84af3e7,ACKNOWLEDGED,ACK,479,0,""
139.596,sender,61786f30-4c75-4147-a29d-ce70f84af3e7,CONFIRM_DATA,ACK,479,1024,"unique file bytes acknowledged"
139.611,sender,61786f30-4c75-4147-a29d-ce70f84af3e7,RTT_SAMPLE,ACK,479,0,"4.517400"
139.641,sender,61786f30-4c75-4147-a29d-ce70f84af3e7,SEND,DATA,511,1060,""
139.669,sender,61786f30-4c75-4147-a29d-ce70f84af3e7,EMIT,DATA,511,1060,""
139.691,sender,61786f30-4c75-4147-a29d-ce70f84af3e7,RECEIVE,ACK,480,36,""
139.704,sender,61786f30-4c75-4147-a29d-ce70f84af3e7,ACKNOWLEDGED,ACK,480,0,""
139.731,sender,61786f30-4c75-4147-a29d-ce70f84af3e7,CONFIRM_DATA,ACK,480,1024,"unique file bytes acknowledged"
139.743,sender,61786f30-4c75-4147-a29d-ce70f84af3e7,RTT_SAMPLE,ACK,480,0,"4.479800"
139.764,sender,61786f30-4c75-4147-a29d-ce70f84af3e7,SEND,DATA,512,1060,""
139.815,sender,61786f30-4c75-4147-a29d-ce70f84af3e7,EMIT,DATA,512,1060,""
139.836,sender,61786f30-4c75-4147-a29d-ce70f84af3e7,RECEIVE,ACK,481,36,""
139.866,sender,61786f30-4c75-4147-a29d-ce70f84af3e7,ACKNOWLEDGED,ACK,481,0,""
139.889,sender,61786f30-4c75-4147-a29d-ce70f84af3e7,CONFIRM_DATA,ACK,481,1024,"unique file bytes acknowledged"
139.905,sender,61786f30-4c75-4147-a29d-ce70f84af3e7,RTT_SAMPLE,ACK,481,0,"4.461000"
139.921,sender,61786f30-4c75-4147-a29d-ce70f84af3e7,SEND,DATA,513,1060,""
139.950,sender,61786f30-4c75-4147-a29d-ce70f84af3e7,EMIT,DATA,513,1060,""
139.972,sender,61786f30-4c75-4147-a29d-ce70f84af3e7,RECEIVE,ACK,482,36,""
139.989,sender,61786f30-4c75-4147-a29d-ce70f84af3e7,ACKNOWLEDGED,ACK,482,0,""
140.001,sender,61786f30-4c75-4147-a29d-ce70f84af3e7,CONFIRM_DATA,ACK,482,1024,"unique file bytes acknowledged"
140.021,sender,61786f30-4c75-4147-a29d-ce70f84af3e7,RTT_SAMPLE,ACK,482,0,"4.415400"
140.039,sender,61786f30-4c75-4147-a29d-ce70f84af3e7,SEND,DATA,514,1060,""
140.074,sender,61786f30-4c75-4147-a29d-ce70f84af3e7,EMIT,DATA,514,1060,""
140.107,sender,61786f30-4c75-4147-a29d-ce70f84af3e7,RECEIVE,ACK,483,36,""
140.149,sender,61786f30-4c75-4147-a29d-ce70f84af3e7,ACKNOWLEDGED,ACK,483,0,""
140.165,sender,61786f30-4c75-4147-a29d-ce70f84af3e7,CONFIRM_DATA,ACK,483,1024,"unique file bytes acknowledged"
140.194,sender,61786f30-4c75-4147-a29d-ce70f84af3e7,RTT_SAMPLE,ACK,483,0,"4.442200"
140.212,sender,61786f30-4c75-4147-a29d-ce70f84af3e7,SEND,DATA,515,1060,""
140.242,sender,61786f30-4c75-4147-a29d-ce70f84af3e7,EMIT,DATA,515,1060,""
140.265,sender,61786f30-4c75-4147-a29d-ce70f84af3e7,RECEIVE,ACK,484,36,""
140.276,sender,61786f30-4c75-4147-a29d-ce70f84af3e7,ACKNOWLEDGED,ACK,484,0,""
140.285,sender,61786f30-4c75-4147-a29d-ce70f84af3e7,CONFIRM_DATA,ACK,484,1024,"unique file bytes acknowledged"
140.297,sender,61786f30-4c75-4147-a29d-ce70f84af3e7,RTT_SAMPLE,ACK,484,0,"4.297900"
140.400,sender,61786f30-4c75-4147-a29d-ce70f84af3e7,SEND,DATA,516,1060,""
140.434,sender,61786f30-4c75-4147-a29d-ce70f84af3e7,EMIT,DATA,516,1060,""
140.474,sender,61786f30-4c75-4147-a29d-ce70f84af3e7,RECEIVE,ACK,485,36,""
140.494,sender,61786f30-4c75-4147-a29d-ce70f84af3e7,ACKNOWLEDGED,ACK,485,0,""
140.509,sender,61786f30-4c75-4147-a29d-ce70f84af3e7,CONFIRM_DATA,ACK,485,1024,"unique file bytes acknowledged"
140.521,sender,61786f30-4c75-4147-a29d-ce70f84af3e7,RTT_SAMPLE,ACK,485,0,"4.384500"
140.539,sender,61786f30-4c75-4147-a29d-ce70f84af3e7,SEND,DATA,517,1060,""
140.571,sender,61786f30-4c75-4147-a29d-ce70f84af3e7,EMIT,DATA,517,1060,""
140.592,sender,61786f30-4c75-4147-a29d-ce70f84af3e7,RECEIVE,ACK,486,36,""
140.621,sender,61786f30-4c75-4147-a29d-ce70f84af3e7,ACKNOWLEDGED,ACK,486,0,""
140.631,sender,61786f30-4c75-4147-a29d-ce70f84af3e7,CONFIRM_DATA,ACK,486,1024,"unique file bytes acknowledged"
140.643,sender,61786f30-4c75-4147-a29d-ce70f84af3e7,RTT_SAMPLE,ACK,486,0,"4.363100"
140.659,sender,61786f30-4c75-4147-a29d-ce70f84af3e7,SEND,DATA,518,1060,""
140.715,sender,61786f30-4c75-4147-a29d-ce70f84af3e7,EMIT,DATA,518,1060,""
140.740,sender,61786f30-4c75-4147-a29d-ce70f84af3e7,RECEIVE,ACK,487,36,""
140.754,sender,61786f30-4c75-4147-a29d-ce70f84af3e7,ACKNOWLEDGED,ACK,487,0,""
140.780,sender,61786f30-4c75-4147-a29d-ce70f84af3e7,CONFIRM_DATA,ACK,487,1024,"unique file bytes acknowledged"
140.795,sender,61786f30-4c75-4147-a29d-ce70f84af3e7,RTT_SAMPLE,ACK,487,0,"4.381200"
140.815,sender,61786f30-4c75-4147-a29d-ce70f84af3e7,SEND,DATA,519,1060,""
140.844,sender,61786f30-4c75-4147-a29d-ce70f84af3e7,EMIT,DATA,519,1060,""
140.884,sender,61786f30-4c75-4147-a29d-ce70f84af3e7,RECEIVE,ACK,488,36,""
140.902,sender,61786f30-4c75-4147-a29d-ce70f84af3e7,ACKNOWLEDGED,ACK,488,0,""
140.913,sender,61786f30-4c75-4147-a29d-ce70f84af3e7,CONFIRM_DATA,ACK,488,1024,"unique file bytes acknowledged"
140.928,sender,61786f30-4c75-4147-a29d-ce70f84af3e7,RTT_SAMPLE,ACK,488,0,"4.402200"
141.008,sender,61786f30-4c75-4147-a29d-ce70f84af3e7,SEND,DATA,520,1060,""
141.060,sender,61786f30-4c75-4147-a29d-ce70f84af3e7,EMIT,DATA,520,1060,""
141.084,sender,61786f30-4c75-4147-a29d-ce70f84af3e7,RECEIVE,ACK,489,36,""
141.103,sender,61786f30-4c75-4147-a29d-ce70f84af3e7,ACKNOWLEDGED,ACK,489,0,""
141.115,sender,61786f30-4c75-4147-a29d-ce70f84af3e7,CONFIRM_DATA,ACK,489,1024,"unique file bytes acknowledged"
141.128,sender,61786f30-4c75-4147-a29d-ce70f84af3e7,RTT_SAMPLE,ACK,489,0,"4.489800"
141.173,sender,61786f30-4c75-4147-a29d-ce70f84af3e7,SEND,DATA,521,1060,""
141.220,sender,61786f30-4c75-4147-a29d-ce70f84af3e7,EMIT,DATA,521,1060,""
141.243,sender,61786f30-4c75-4147-a29d-ce70f84af3e7,RECEIVE,ACK,490,36,""
141.254,sender,61786f30-4c75-4147-a29d-ce70f84af3e7,ACKNOWLEDGED,ACK,490,0,""
141.263,sender,61786f30-4c75-4147-a29d-ce70f84af3e7,CONFIRM_DATA,ACK,490,1024,"unique file bytes acknowledged"
141.294,sender,61786f30-4c75-4147-a29d-ce70f84af3e7,RTT_SAMPLE,ACK,490,0,"4.536800"
141.326,sender,61786f30-4c75-4147-a29d-ce70f84af3e7,SEND,DATA,522,1060,""
141.360,sender,61786f30-4c75-4147-a29d-ce70f84af3e7,EMIT,DATA,522,1060,""
141.382,sender,61786f30-4c75-4147-a29d-ce70f84af3e7,RECEIVE,ACK,491,36,""
141.395,sender,61786f30-4c75-4147-a29d-ce70f84af3e7,ACKNOWLEDGED,ACK,491,0,""
141.405,sender,61786f30-4c75-4147-a29d-ce70f84af3e7,CONFIRM_DATA,ACK,491,1024,"unique file bytes acknowledged"
141.417,sender,61786f30-4c75-4147-a29d-ce70f84af3e7,RTT_SAMPLE,ACK,491,0,"4.577200"
141.433,sender,61786f30-4c75-4147-a29d-ce70f84af3e7,SEND,DATA,523,1060,""
141.459,sender,61786f30-4c75-4147-a29d-ce70f84af3e7,EMIT,DATA,523,1060,""
141.491,sender,61786f30-4c75-4147-a29d-ce70f84af3e7,RECEIVE,ACK,492,36,""
141.502,sender,61786f30-4c75-4147-a29d-ce70f84af3e7,ACKNOWLEDGED,ACK,492,0,""
141.514,sender,61786f30-4c75-4147-a29d-ce70f84af3e7,CONFIRM_DATA,ACK,492,1024,"unique file bytes acknowledged"
141.554,sender,61786f30-4c75-4147-a29d-ce70f84af3e7,RTT_SAMPLE,ACK,492,0,"4.581100"
141.571,sender,61786f30-4c75-4147-a29d-ce70f84af3e7,SEND,DATA,524,1060,""
141.600,sender,61786f30-4c75-4147-a29d-ce70f84af3e7,EMIT,DATA,524,1060,""
141.631,sender,61786f30-4c75-4147-a29d-ce70f84af3e7,RECEIVE,ACK,493,36,""
141.641,sender,61786f30-4c75-4147-a29d-ce70f84af3e7,ACKNOWLEDGED,ACK,493,0,""
141.652,sender,61786f30-4c75-4147-a29d-ce70f84af3e7,CONFIRM_DATA,ACK,493,1024,"unique file bytes acknowledged"
141.682,sender,61786f30-4c75-4147-a29d-ce70f84af3e7,RTT_SAMPLE,ACK,493,0,"4.605700"
141.700,sender,61786f30-4c75-4147-a29d-ce70f84af3e7,SEND,DATA,525,1060,""
141.729,sender,61786f30-4c75-4147-a29d-ce70f84af3e7,EMIT,DATA,525,1060,""
141.750,sender,61786f30-4c75-4147-a29d-ce70f84af3e7,RECEIVE,ACK,494,36,""
141.765,sender,61786f30-4c75-4147-a29d-ce70f84af3e7,ACKNOWLEDGED,ACK,494,0,""
141.790,sender,61786f30-4c75-4147-a29d-ce70f84af3e7,CONFIRM_DATA,ACK,494,1024,"unique file bytes acknowledged"
141.816,sender,61786f30-4c75-4147-a29d-ce70f84af3e7,RTT_SAMPLE,ACK,494,0,"4.583600"
141.854,sender,61786f30-4c75-4147-a29d-ce70f84af3e7,SEND,DATA,526,1060,""
141.915,sender,61786f30-4c75-4147-a29d-ce70f84af3e7,EMIT,DATA,526,1060,""
141.938,sender,61786f30-4c75-4147-a29d-ce70f84af3e7,RECEIVE,ACK,495,36,""
141.949,sender,61786f30-4c75-4147-a29d-ce70f84af3e7,ACKNOWLEDGED,ACK,495,0,""
141.974,sender,61786f30-4c75-4147-a29d-ce70f84af3e7,CONFIRM_DATA,ACK,495,1024,"unique file bytes acknowledged"
141.992,sender,61786f30-4c75-4147-a29d-ce70f84af3e7,RTT_SAMPLE,ACK,495,0,"4.630800"
142.010,sender,61786f30-4c75-4147-a29d-ce70f84af3e7,SEND,DATA,527,1060,""
142.056,sender,61786f30-4c75-4147-a29d-ce70f84af3e7,EMIT,DATA,527,1060,""
142.080,sender,61786f30-4c75-4147-a29d-ce70f84af3e7,RECEIVE,ACK,496,36,""
142.095,sender,61786f30-4c75-4147-a29d-ce70f84af3e7,ACKNOWLEDGED,ACK,496,0,""
142.124,sender,61786f30-4c75-4147-a29d-ce70f84af3e7,CONFIRM_DATA,ACK,496,1024,"unique file bytes acknowledged"
142.138,sender,61786f30-4c75-4147-a29d-ce70f84af3e7,RTT_SAMPLE,ACK,496,0,"4.649800"
142.158,sender,61786f30-4c75-4147-a29d-ce70f84af3e7,SEND,DATA,528,1060,""
142.210,sender,61786f30-4c75-4147-a29d-ce70f84af3e7,EMIT,DATA,528,1060,""
142.236,sender,61786f30-4c75-4147-a29d-ce70f84af3e7,RECEIVE,ACK,497,36,""
142.250,sender,61786f30-4c75-4147-a29d-ce70f84af3e7,ACKNOWLEDGED,ACK,497,0,""
142.264,sender,61786f30-4c75-4147-a29d-ce70f84af3e7,CONFIRM_DATA,ACK,497,1024,"unique file bytes acknowledged"
142.279,sender,61786f30-4c75-4147-a29d-ce70f84af3e7,RTT_SAMPLE,ACK,497,0,"4.675600"
142.299,sender,61786f30-4c75-4147-a29d-ce70f84af3e7,SEND,DATA,529,1060,""
142.334,sender,61786f30-4c75-4147-a29d-ce70f84af3e7,EMIT,DATA,529,1060,""
142.356,sender,61786f30-4c75-4147-a29d-ce70f84af3e7,RECEIVE,ACK,498,36,""
142.399,sender,61786f30-4c75-4147-a29d-ce70f84af3e7,ACKNOWLEDGED,ACK,498,0,""
142.411,sender,61786f30-4c75-4147-a29d-ce70f84af3e7,CONFIRM_DATA,ACK,498,1024,"unique file bytes acknowledged"
142.427,sender,61786f30-4c75-4147-a29d-ce70f84af3e7,RTT_SAMPLE,ACK,498,0,"4.679500"
142.461,sender,61786f30-4c75-4147-a29d-ce70f84af3e7,SEND,DATA,530,1060,""
142.522,sender,61786f30-4c75-4147-a29d-ce70f84af3e7,EMIT,DATA,530,1060,""
142.549,sender,61786f30-4c75-4147-a29d-ce70f84af3e7,RECEIVE,ACK,499,36,""
142.560,sender,61786f30-4c75-4147-a29d-ce70f84af3e7,ACKNOWLEDGED,ACK,499,0,""
142.570,sender,61786f30-4c75-4147-a29d-ce70f84af3e7,CONFIRM_DATA,ACK,499,1024,"unique file bytes acknowledged"
142.600,sender,61786f30-4c75-4147-a29d-ce70f84af3e7,RTT_SAMPLE,ACK,499,0,"4.748600"
142.616,sender,61786f30-4c75-4147-a29d-ce70f84af3e7,SEND,DATA,531,1060,""
142.644,sender,61786f30-4c75-4147-a29d-ce70f84af3e7,EMIT,DATA,531,1060,""
142.666,sender,61786f30-4c75-4147-a29d-ce70f84af3e7,RECEIVE,ACK,500,36,""
142.708,sender,61786f30-4c75-4147-a29d-ce70f84af3e7,ACKNOWLEDGED,ACK,500,0,""
142.721,sender,61786f30-4c75-4147-a29d-ce70f84af3e7,CONFIRM_DATA,ACK,500,1024,"unique file bytes acknowledged"
142.753,sender,61786f30-4c75-4147-a29d-ce70f84af3e7,RTT_SAMPLE,ACK,500,0,"4.708200"
142.770,sender,61786f30-4c75-4147-a29d-ce70f84af3e7,SEND,DATA,532,1060,""
142.797,sender,61786f30-4c75-4147-a29d-ce70f84af3e7,EMIT,DATA,532,1060,""
142.894,sender,61786f30-4c75-4147-a29d-ce70f84af3e7,RECEIVE,ACK,501,36,""
142.907,sender,61786f30-4c75-4147-a29d-ce70f84af3e7,ACKNOWLEDGED,ACK,501,0,""
142.917,sender,61786f30-4c75-4147-a29d-ce70f84af3e7,CONFIRM_DATA,ACK,501,1024,"unique file bytes acknowledged"
142.951,sender,61786f30-4c75-4147-a29d-ce70f84af3e7,RTT_SAMPLE,ACK,501,0,"4.784800"
142.982,sender,61786f30-4c75-4147-a29d-ce70f84af3e7,SEND,DATA,533,1060,""
143.014,sender,61786f30-4c75-4147-a29d-ce70f84af3e7,EMIT,DATA,533,1060,""
143.064,sender,61786f30-4c75-4147-a29d-ce70f84af3e7,RECEIVE,ACK,502,36,""
143.077,sender,61786f30-4c75-4147-a29d-ce70f84af3e7,ACKNOWLEDGED,ACK,502,0,""
143.087,sender,61786f30-4c75-4147-a29d-ce70f84af3e7,CONFIRM_DATA,ACK,502,1024,"unique file bytes acknowledged"
143.119,sender,61786f30-4c75-4147-a29d-ce70f84af3e7,RTT_SAMPLE,ACK,502,0,"4.829600"
143.141,sender,61786f30-4c75-4147-a29d-ce70f84af3e7,SEND,DATA,534,1060,""
143.169,sender,61786f30-4c75-4147-a29d-ce70f84af3e7,EMIT,DATA,534,1060,""
143.208,sender,61786f30-4c75-4147-a29d-ce70f84af3e7,RECEIVE,ACK,503,36,""
143.222,sender,61786f30-4c75-4147-a29d-ce70f84af3e7,ACKNOWLEDGED,ACK,503,0,""
143.231,sender,61786f30-4c75-4147-a29d-ce70f84af3e7,CONFIRM_DATA,ACK,503,1024,"unique file bytes acknowledged"
143.242,sender,61786f30-4c75-4147-a29d-ce70f84af3e7,RTT_SAMPLE,ACK,503,0,"4.814900"
143.259,sender,61786f30-4c75-4147-a29d-ce70f84af3e7,SEND,DATA,535,1060,""
143.319,sender,61786f30-4c75-4147-a29d-ce70f84af3e7,EMIT,DATA,535,1060,""
143.378,sender,61786f30-4c75-4147-a29d-ce70f84af3e7,RECEIVE,ACK,504,36,""
143.395,sender,61786f30-4c75-4147-a29d-ce70f84af3e7,ACKNOWLEDGED,ACK,504,0,""
143.415,sender,61786f30-4c75-4147-a29d-ce70f84af3e7,CONFIRM_DATA,ACK,504,1024,"unique file bytes acknowledged"
143.428,sender,61786f30-4c75-4147-a29d-ce70f84af3e7,RTT_SAMPLE,ACK,504,0,"4.857200"
143.446,sender,61786f30-4c75-4147-a29d-ce70f84af3e7,SEND,DATA,536,1060,""
143.478,sender,61786f30-4c75-4147-a29d-ce70f84af3e7,EMIT,DATA,536,1060,""
143.501,sender,61786f30-4c75-4147-a29d-ce70f84af3e7,RECEIVE,ACK,505,36,""
143.525,sender,61786f30-4c75-4147-a29d-ce70f84af3e7,ACKNOWLEDGED,ACK,505,0,""
143.538,sender,61786f30-4c75-4147-a29d-ce70f84af3e7,CONFIRM_DATA,ACK,505,1024,"unique file bytes acknowledged"
143.564,sender,61786f30-4c75-4147-a29d-ce70f84af3e7,RTT_SAMPLE,ACK,505,0,"4.843600"
143.581,sender,61786f30-4c75-4147-a29d-ce70f84af3e7,SEND,DATA,537,1060,""
143.619,sender,61786f30-4c75-4147-a29d-ce70f84af3e7,EMIT,DATA,537,1060,""
143.644,sender,61786f30-4c75-4147-a29d-ce70f84af3e7,RECEIVE,ACK,506,36,""
143.657,sender,61786f30-4c75-4147-a29d-ce70f84af3e7,ACKNOWLEDGED,ACK,506,0,""
143.673,sender,61786f30-4c75-4147-a29d-ce70f84af3e7,CONFIRM_DATA,ACK,506,1024,"unique file bytes acknowledged"
143.687,sender,61786f30-4c75-4147-a29d-ce70f84af3e7,RTT_SAMPLE,ACK,506,0,"4.812800"
143.706,sender,61786f30-4c75-4147-a29d-ce70f84af3e7,SEND,DATA,538,1060,""
143.741,sender,61786f30-4c75-4147-a29d-ce70f84af3e7,EMIT,DATA,538,1060,""
143.766,sender,61786f30-4c75-4147-a29d-ce70f84af3e7,RECEIVE,ACK,507,36,""
143.780,sender,61786f30-4c75-4147-a29d-ce70f84af3e7,ACKNOWLEDGED,ACK,507,0,""
143.790,sender,61786f30-4c75-4147-a29d-ce70f84af3e7,CONFIRM_DATA,ACK,507,1024,"unique file bytes acknowledged"
143.803,sender,61786f30-4c75-4147-a29d-ce70f84af3e7,RTT_SAMPLE,ACK,507,0,"4.737200"
143.832,sender,61786f30-4c75-4147-a29d-ce70f84af3e7,SEND,DATA,539,1060,""
143.864,sender,61786f30-4c75-4147-a29d-ce70f84af3e7,EMIT,DATA,539,1060,""
143.888,sender,61786f30-4c75-4147-a29d-ce70f84af3e7,RECEIVE,ACK,508,36,""
143.905,sender,61786f30-4c75-4147-a29d-ce70f84af3e7,ACKNOWLEDGED,ACK,508,0,""
143.917,sender,61786f30-4c75-4147-a29d-ce70f84af3e7,CONFIRM_DATA,ACK,508,1024,"unique file bytes acknowledged"
143.931,sender,61786f30-4c75-4147-a29d-ce70f84af3e7,RTT_SAMPLE,ACK,508,0,"4.727600"
143.949,sender,61786f30-4c75-4147-a29d-ce70f84af3e7,SEND,DATA,540,1060,""
143.995,sender,61786f30-4c75-4147-a29d-ce70f84af3e7,EMIT,DATA,540,1060,""
144.017,sender,61786f30-4c75-4147-a29d-ce70f84af3e7,RECEIVE,ACK,509,36,""
144.031,sender,61786f30-4c75-4147-a29d-ce70f84af3e7,ACKNOWLEDGED,ACK,509,0,""
144.040,sender,61786f30-4c75-4147-a29d-ce70f84af3e7,CONFIRM_DATA,ACK,509,1024,"unique file bytes acknowledged"
144.056,sender,61786f30-4c75-4147-a29d-ce70f84af3e7,RTT_SAMPLE,ACK,509,0,"4.687900"
144.124,sender,61786f30-4c75-4147-a29d-ce70f84af3e7,SEND,DATA,541,1060,""
144.278,sender,61786f30-4c75-4147-a29d-ce70f84af3e7,EMIT,DATA,541,1060,""
144.360,sender,61786f30-4c75-4147-a29d-ce70f84af3e7,RECEIVE,ACK,510,36,""
144.393,sender,61786f30-4c75-4147-a29d-ce70f84af3e7,ACKNOWLEDGED,ACK,510,0,""
144.428,sender,61786f30-4c75-4147-a29d-ce70f84af3e7,CONFIRM_DATA,ACK,510,1024,"unique file bytes acknowledged"
144.459,sender,61786f30-4c75-4147-a29d-ce70f84af3e7,RTT_SAMPLE,ACK,510,0,"4.972000"
144.510,sender,61786f30-4c75-4147-a29d-ce70f84af3e7,SEND,DATA,542,1060,""
144.590,sender,61786f30-4c75-4147-a29d-ce70f84af3e7,EMIT,DATA,542,1060,""
144.663,sender,61786f30-4c75-4147-a29d-ce70f84af3e7,RECEIVE,ACK,511,36,""
144.686,sender,61786f30-4c75-4147-a29d-ce70f84af3e7,ACKNOWLEDGED,ACK,511,0,""
144.721,sender,61786f30-4c75-4147-a29d-ce70f84af3e7,CONFIRM_DATA,ACK,511,1024,"unique file bytes acknowledged"
144.776,sender,61786f30-4c75-4147-a29d-ce70f84af3e7,RTT_SAMPLE,ACK,511,0,"5.129400"
144.825,sender,61786f30-4c75-4147-a29d-ce70f84af3e7,SEND,DATA,543,1060,""
144.903,sender,61786f30-4c75-4147-a29d-ce70f84af3e7,EMIT,DATA,543,1060,""
144.972,sender,61786f30-4c75-4147-a29d-ce70f84af3e7,RECEIVE,ACK,512,36,""
145.049,sender,61786f30-4c75-4147-a29d-ce70f84af3e7,ACKNOWLEDGED,ACK,512,0,""
145.088,sender,61786f30-4c75-4147-a29d-ce70f84af3e7,CONFIRM_DATA,ACK,512,1024,"unique file bytes acknowledged"
145.143,sender,61786f30-4c75-4147-a29d-ce70f84af3e7,RTT_SAMPLE,ACK,512,0,"5.368600"
145.187,sender,61786f30-4c75-4147-a29d-ce70f84af3e7,SEND,DATA,544,1060,""
145.292,sender,61786f30-4c75-4147-a29d-ce70f84af3e7,EMIT,DATA,544,1060,""
145.360,sender,61786f30-4c75-4147-a29d-ce70f84af3e7,RECEIVE,ACK,513,36,""
145.388,sender,61786f30-4c75-4147-a29d-ce70f84af3e7,ACKNOWLEDGED,ACK,513,0,""
145.439,sender,61786f30-4c75-4147-a29d-ce70f84af3e7,CONFIRM_DATA,ACK,513,1024,"unique file bytes acknowledged"
145.465,sender,61786f30-4c75-4147-a29d-ce70f84af3e7,RTT_SAMPLE,ACK,513,0,"5.538100"
145.500,sender,61786f30-4c75-4147-a29d-ce70f84af3e7,SEND,DATA,545,1060,""
145.565,sender,61786f30-4c75-4147-a29d-ce70f84af3e7,EMIT,DATA,545,1060,""
145.624,sender,61786f30-4c75-4147-a29d-ce70f84af3e7,RECEIVE,ACK,514,36,""
145.687,sender,61786f30-4c75-4147-a29d-ce70f84af3e7,ACKNOWLEDGED,ACK,514,0,""
145.707,sender,61786f30-4c75-4147-a29d-ce70f84af3e7,CONFIRM_DATA,ACK,514,1024,"unique file bytes acknowledged"
145.750,sender,61786f30-4c75-4147-a29d-ce70f84af3e7,RTT_SAMPLE,ACK,514,0,"5.707900"
145.796,sender,61786f30-4c75-4147-a29d-ce70f84af3e7,SEND,DATA,546,1060,""
145.861,sender,61786f30-4c75-4147-a29d-ce70f84af3e7,EMIT,DATA,546,1060,""
145.911,sender,61786f30-4c75-4147-a29d-ce70f84af3e7,RECEIVE,ACK,515,36,""
145.952,sender,61786f30-4c75-4147-a29d-ce70f84af3e7,ACKNOWLEDGED,ACK,515,0,""
146.002,sender,61786f30-4c75-4147-a29d-ce70f84af3e7,CONFIRM_DATA,ACK,515,1024,"unique file bytes acknowledged"
146.042,sender,61786f30-4c75-4147-a29d-ce70f84af3e7,RTT_SAMPLE,ACK,515,0,"5.826000"
146.072,sender,61786f30-4c75-4147-a29d-ce70f84af3e7,SEND,DATA,547,1060,""
146.143,sender,61786f30-4c75-4147-a29d-ce70f84af3e7,EMIT,DATA,547,1060,""
146.189,sender,61786f30-4c75-4147-a29d-ce70f84af3e7,RECEIVE,ACK,516,36,""
146.244,sender,61786f30-4c75-4147-a29d-ce70f84af3e7,ACKNOWLEDGED,ACK,516,0,""
146.273,sender,61786f30-4c75-4147-a29d-ce70f84af3e7,CONFIRM_DATA,ACK,516,1024,"unique file bytes acknowledged"
146.302,sender,61786f30-4c75-4147-a29d-ce70f84af3e7,RTT_SAMPLE,ACK,516,0,"5.896700"
146.335,sender,61786f30-4c75-4147-a29d-ce70f84af3e7,SEND,DATA,548,1060,""
146.400,sender,61786f30-4c75-4147-a29d-ce70f84af3e7,EMIT,DATA,548,1060,""
146.444,sender,61786f30-4c75-4147-a29d-ce70f84af3e7,RECEIVE,ACK,517,36,""
146.496,sender,61786f30-4c75-4147-a29d-ce70f84af3e7,ACKNOWLEDGED,ACK,517,0,""
146.685,sender,61786f30-4c75-4147-a29d-ce70f84af3e7,CONFIRM_DATA,ACK,517,1024,"unique file bytes acknowledged"
146.783,sender,61786f30-4c75-4147-a29d-ce70f84af3e7,RTT_SAMPLE,ACK,517,0,"6.237900"
146.821,sender,61786f30-4c75-4147-a29d-ce70f84af3e7,SEND,DATA,549,1060,""
146.872,sender,61786f30-4c75-4147-a29d-ce70f84af3e7,EMIT,DATA,549,1060,""
146.903,sender,61786f30-4c75-4147-a29d-ce70f84af3e7,RECEIVE,ACK,518,36,""
146.920,sender,61786f30-4c75-4147-a29d-ce70f84af3e7,ACKNOWLEDGED,ACK,518,0,""
146.931,sender,61786f30-4c75-4147-a29d-ce70f84af3e7,CONFIRM_DATA,ACK,518,1024,"unique file bytes acknowledged"
146.946,sender,61786f30-4c75-4147-a29d-ce70f84af3e7,RTT_SAMPLE,ACK,518,0,"6.286000"
146.966,sender,61786f30-4c75-4147-a29d-ce70f84af3e7,SEND,DATA,550,1060,""
146.994,sender,61786f30-4c75-4147-a29d-ce70f84af3e7,EMIT,DATA,550,1060,""
147.048,sender,61786f30-4c75-4147-a29d-ce70f84af3e7,RECEIVE,ACK,519,36,""
147.064,sender,61786f30-4c75-4147-a29d-ce70f84af3e7,ACKNOWLEDGED,ACK,519,0,""
147.093,sender,61786f30-4c75-4147-a29d-ce70f84af3e7,CONFIRM_DATA,ACK,519,1024,"unique file bytes acknowledged"
147.109,sender,61786f30-4c75-4147-a29d-ce70f84af3e7,RTT_SAMPLE,ACK,519,0,"6.292400"
147.126,sender,61786f30-4c75-4147-a29d-ce70f84af3e7,SEND,DATA,551,1060,""
147.159,sender,61786f30-4c75-4147-a29d-ce70f84af3e7,EMIT,DATA,551,1060,""
147.181,sender,61786f30-4c75-4147-a29d-ce70f84af3e7,RECEIVE,ACK,520,36,""
147.194,sender,61786f30-4c75-4147-a29d-ce70f84af3e7,ACKNOWLEDGED,ACK,520,0,""
147.224,sender,61786f30-4c75-4147-a29d-ce70f84af3e7,CONFIRM_DATA,ACK,520,1024,"unique file bytes acknowledged"
147.238,sender,61786f30-4c75-4147-a29d-ce70f84af3e7,RTT_SAMPLE,ACK,520,0,"6.242300"
147.254,sender,61786f30-4c75-4147-a29d-ce70f84af3e7,SEND,DATA,552,1060,""
147.280,sender,61786f30-4c75-4147-a29d-ce70f84af3e7,EMIT,DATA,552,1060,""
147.325,sender,61786f30-4c75-4147-a29d-ce70f84af3e7,RECEIVE,ACK,521,36,""
147.339,sender,61786f30-4c75-4147-a29d-ce70f84af3e7,ACKNOWLEDGED,ACK,521,0,""
147.348,sender,61786f30-4c75-4147-a29d-ce70f84af3e7,CONFIRM_DATA,ACK,521,1024,"unique file bytes acknowledged"
147.362,sender,61786f30-4c75-4147-a29d-ce70f84af3e7,RTT_SAMPLE,ACK,521,0,"6.188200"
147.380,sender,61786f30-4c75-4147-a29d-ce70f84af3e7,SEND,DATA,553,1060,""
147.410,sender,61786f30-4c75-4147-a29d-ce70f84af3e7,EMIT,DATA,553,1060,""
147.438,sender,61786f30-4c75-4147-a29d-ce70f84af3e7,RECEIVE,ACK,522,36,""
147.450,sender,61786f30-4c75-4147-a29d-ce70f84af3e7,ACKNOWLEDGED,ACK,522,0,""
147.464,sender,61786f30-4c75-4147-a29d-ce70f84af3e7,CONFIRM_DATA,ACK,522,1024,"unique file bytes acknowledged"
147.482,sender,61786f30-4c75-4147-a29d-ce70f84af3e7,RTT_SAMPLE,ACK,522,0,"6.155700"
147.509,sender,61786f30-4c75-4147-a29d-ce70f84af3e7,SEND,DATA,554,1060,""
147.561,sender,61786f30-4c75-4147-a29d-ce70f84af3e7,EMIT,DATA,554,1060,""
147.584,sender,61786f30-4c75-4147-a29d-ce70f84af3e7,RECEIVE,ACK,523,36,""
147.598,sender,61786f30-4c75-4147-a29d-ce70f84af3e7,ACKNOWLEDGED,ACK,523,0,""
147.608,sender,61786f30-4c75-4147-a29d-ce70f84af3e7,CONFIRM_DATA,ACK,523,1024,"unique file bytes acknowledged"
147.623,sender,61786f30-4c75-4147-a29d-ce70f84af3e7,RTT_SAMPLE,ACK,523,0,"6.187200"
147.653,sender,61786f30-4c75-4147-a29d-ce70f84af3e7,SEND,DATA,555,1060,""
147.698,sender,61786f30-4c75-4147-a29d-ce70f84af3e7,EMIT,DATA,555,1060,""
147.720,sender,61786f30-4c75-4147-a29d-ce70f84af3e7,RECEIVE,ACK,524,36,""
147.731,sender,61786f30-4c75-4147-a29d-ce70f84af3e7,ACKNOWLEDGED,ACK,524,0,""
147.757,sender,61786f30-4c75-4147-a29d-ce70f84af3e7,CONFIRM_DATA,ACK,524,1024,"unique file bytes acknowledged"
147.773,sender,61786f30-4c75-4147-a29d-ce70f84af3e7,RTT_SAMPLE,ACK,524,0,"6.202000"
147.809,sender,61786f30-4c75-4147-a29d-ce70f84af3e7,SEND,DATA,556,1060,""
147.866,sender,61786f30-4c75-4147-a29d-ce70f84af3e7,EMIT,DATA,556,1060,""
147.890,sender,61786f30-4c75-4147-a29d-ce70f84af3e7,RECEIVE,ACK,525,36,""
147.904,sender,61786f30-4c75-4147-a29d-ce70f84af3e7,ACKNOWLEDGED,ACK,525,0,""
147.943,sender,61786f30-4c75-4147-a29d-ce70f84af3e7,CONFIRM_DATA,ACK,525,1024,"unique file bytes acknowledged"
147.958,sender,61786f30-4c75-4147-a29d-ce70f84af3e7,RTT_SAMPLE,ACK,525,0,"6.257900"
147.976,sender,61786f30-4c75-4147-a29d-ce70f84af3e7,SEND,DATA,557,1060,""
148.003,sender,61786f30-4c75-4147-a29d-ce70f84af3e7,EMIT,DATA,557,1060,""
148.024,sender,61786f30-4c75-4147-a29d-ce70f84af3e7,RECEIVE,ACK,526,36,""
148.038,sender,61786f30-4c75-4147-a29d-ce70f84af3e7,ACKNOWLEDGED,ACK,526,0,""
148.061,sender,61786f30-4c75-4147-a29d-ce70f84af3e7,CONFIRM_DATA,ACK,526,1024,"unique file bytes acknowledged"
148.084,sender,61786f30-4c75-4147-a29d-ce70f84af3e7,RTT_SAMPLE,ACK,526,0,"6.228900"
148.125,sender,61786f30-4c75-4147-a29d-ce70f84af3e7,SEND,DATA,558,1060,""
148.178,sender,61786f30-4c75-4147-a29d-ce70f84af3e7,EMIT,DATA,558,1060,""
148.201,sender,61786f30-4c75-4147-a29d-ce70f84af3e7,RECEIVE,ACK,527,36,""
148.216,sender,61786f30-4c75-4147-a29d-ce70f84af3e7,ACKNOWLEDGED,ACK,527,0,""
148.279,sender,61786f30-4c75-4147-a29d-ce70f84af3e7,CONFIRM_DATA,ACK,527,1024,"unique file bytes acknowledged"
148.348,sender,61786f30-4c75-4147-a29d-ce70f84af3e7,RTT_SAMPLE,ACK,527,0,"6.332900"
148.389,sender,61786f30-4c75-4147-a29d-ce70f84af3e7,SEND,DATA,559,1060,""
148.472,sender,61786f30-4c75-4147-a29d-ce70f84af3e7,EMIT,DATA,559,1060,""
148.534,sender,61786f30-4c75-4147-a29d-ce70f84af3e7,RECEIVE,ACK,528,36,""
148.571,sender,61786f30-4c75-4147-a29d-ce70f84af3e7,ACKNOWLEDGED,ACK,528,0,""
148.581,sender,61786f30-4c75-4147-a29d-ce70f84af3e7,CONFIRM_DATA,ACK,528,1024,"unique file bytes acknowledged"
148.618,sender,61786f30-4c75-4147-a29d-ce70f84af3e7,RTT_SAMPLE,ACK,528,0,"6.459500"
148.640,sender,61786f30-4c75-4147-a29d-ce70f84af3e7,SEND,DATA,560,1060,""
148.678,sender,61786f30-4c75-4147-a29d-ce70f84af3e7,EMIT,DATA,560,1060,""
148.719,sender,61786f30-4c75-4147-a29d-ce70f84af3e7,RECEIVE,ACK,529,36,""
148.777,sender,61786f30-4c75-4147-a29d-ce70f84af3e7,ACKNOWLEDGED,ACK,529,0,""
148.797,sender,61786f30-4c75-4147-a29d-ce70f84af3e7,CONFIRM_DATA,ACK,529,1024,"unique file bytes acknowledged"
148.811,sender,61786f30-4c75-4147-a29d-ce70f84af3e7,RTT_SAMPLE,ACK,529,0,"6.512100"
148.849,sender,61786f30-4c75-4147-a29d-ce70f84af3e7,SEND,DATA,561,1060,""
148.878,sender,61786f30-4c75-4147-a29d-ce70f84af3e7,EMIT,DATA,561,1060,""
148.925,sender,61786f30-4c75-4147-a29d-ce70f84af3e7,RECEIVE,ACK,530,36,""
148.939,sender,61786f30-4c75-4147-a29d-ce70f84af3e7,ACKNOWLEDGED,ACK,530,0,""
148.949,sender,61786f30-4c75-4147-a29d-ce70f84af3e7,CONFIRM_DATA,ACK,530,1024,"unique file bytes acknowledged"
148.996,sender,61786f30-4c75-4147-a29d-ce70f84af3e7,RTT_SAMPLE,ACK,530,0,"6.533600"
149.013,sender,61786f30-4c75-4147-a29d-ce70f84af3e7,SEND,DATA,562,1060,""
149.040,sender,61786f30-4c75-4147-a29d-ce70f84af3e7,EMIT,DATA,562,1060,""
149.062,sender,61786f30-4c75-4147-a29d-ce70f84af3e7,RECEIVE,ACK,531,36,""
149.074,sender,61786f30-4c75-4147-a29d-ce70f84af3e7,ACKNOWLEDGED,ACK,531,0,""
149.100,sender,61786f30-4c75-4147-a29d-ce70f84af3e7,CONFIRM_DATA,ACK,531,1024,"unique file bytes acknowledged"
149.114,sender,61786f30-4c75-4147-a29d-ce70f84af3e7,RTT_SAMPLE,ACK,531,0,"6.496800"
149.133,sender,61786f30-4c75-4147-a29d-ce70f84af3e7,SEND,DATA,563,1060,""
149.156,sender,61786f30-4c75-4147-a29d-ce70f84af3e7,EMIT,DATA,563,1060,""
149.175,sender,61786f30-4c75-4147-a29d-ce70f84af3e7,RECEIVE,ACK,532,36,""
149.186,sender,61786f30-4c75-4147-a29d-ce70f84af3e7,ACKNOWLEDGED,ACK,532,0,""
149.206,sender,61786f30-4c75-4147-a29d-ce70f84af3e7,CONFIRM_DATA,ACK,532,1024,"unique file bytes acknowledged"
149.218,sender,61786f30-4c75-4147-a29d-ce70f84af3e7,RTT_SAMPLE,ACK,532,0,"6.448300"
149.234,sender,61786f30-4c75-4147-a29d-ce70f84af3e7,SEND,DATA,564,1060,""
149.257,sender,61786f30-4c75-4147-a29d-ce70f84af3e7,EMIT,DATA,564,1060,""
149.277,sender,61786f30-4c75-4147-a29d-ce70f84af3e7,RECEIVE,ACK,533,36,""
149.288,sender,61786f30-4c75-4147-a29d-ce70f84af3e7,ACKNOWLEDGED,ACK,533,0,""
149.299,sender,61786f30-4c75-4147-a29d-ce70f84af3e7,CONFIRM_DATA,ACK,533,1024,"unique file bytes acknowledged"
149.311,sender,61786f30-4c75-4147-a29d-ce70f84af3e7,RTT_SAMPLE,ACK,533,0,"6.329400"
149.439,sender,61786f30-4c75-4147-a29d-ce70f84af3e7,SEND,DATA,565,1060,""
149.473,sender,61786f30-4c75-4147-a29d-ce70f84af3e7,EMIT,DATA,565,1060,""
149.497,sender,61786f30-4c75-4147-a29d-ce70f84af3e7,RECEIVE,ACK,534,36,""
149.531,sender,61786f30-4c75-4147-a29d-ce70f84af3e7,ACKNOWLEDGED,ACK,534,0,""
149.542,sender,61786f30-4c75-4147-a29d-ce70f84af3e7,CONFIRM_DATA,ACK,534,1024,"unique file bytes acknowledged"
149.556,sender,61786f30-4c75-4147-a29d-ce70f84af3e7,RTT_SAMPLE,ACK,534,0,"6.414100"
149.599,sender,61786f30-4c75-4147-a29d-ce70f84af3e7,SEND,DATA,566,1060,""
149.627,sender,61786f30-4c75-4147-a29d-ce70f84af3e7,EMIT,DATA,566,1060,""
149.655,sender,61786f30-4c75-4147-a29d-ce70f84af3e7,RECEIVE,ACK,535,36,""
149.678,sender,61786f30-4c75-4147-a29d-ce70f84af3e7,ACKNOWLEDGED,ACK,535,0,""
149.691,sender,61786f30-4c75-4147-a29d-ce70f84af3e7,CONFIRM_DATA,ACK,535,1024,"unique file bytes acknowledged"
149.722,sender,61786f30-4c75-4147-a29d-ce70f84af3e7,RTT_SAMPLE,ACK,535,0,"6.462100"
149.740,sender,61786f30-4c75-4147-a29d-ce70f84af3e7,SEND,DATA,567,1060,""
149.795,sender,61786f30-4c75-4147-a29d-ce70f84af3e7,EMIT,DATA,567,1060,""
149.834,sender,61786f30-4c75-4147-a29d-ce70f84af3e7,RECEIVE,ACK,536,36,""
149.887,sender,61786f30-4c75-4147-a29d-ce70f84af3e7,ACKNOWLEDGED,ACK,536,0,""
149.904,sender,61786f30-4c75-4147-a29d-ce70f84af3e7,CONFIRM_DATA,ACK,536,1024,"unique file bytes acknowledged"
149.919,sender,61786f30-4c75-4147-a29d-ce70f84af3e7,RTT_SAMPLE,ACK,536,0,"6.473000"
149.937,sender,61786f30-4c75-4147-a29d-ce70f84af3e7,SEND,DATA,568,1060,""
149.965,sender,61786f30-4c75-4147-a29d-ce70f84af3e7,EMIT,DATA,568,1060,""
149.989,sender,61786f30-4c75-4147-a29d-ce70f84af3e7,RECEIVE,ACK,537,36,""
150.016,sender,61786f30-4c75-4147-a29d-ce70f84af3e7,ACKNOWLEDGED,ACK,537,0,""
150.044,sender,61786f30-4c75-4147-a29d-ce70f84af3e7,CONFIRM_DATA,ACK,537,1024,"unique file bytes acknowledged"
150.061,sender,61786f30-4c75-4147-a29d-ce70f84af3e7,RTT_SAMPLE,ACK,537,0,"6.479200"
150.091,sender,61786f30-4c75-4147-a29d-ce70f84af3e7,SEND,DATA,569,1060,""
150.119,sender,61786f30-4c75-4147-a29d-ce70f84af3e7,EMIT,DATA,569,1060,""
150.180,sender,61786f30-4c75-4147-a29d-ce70f84af3e7,RECEIVE,ACK,538,36,""
150.194,sender,61786f30-4c75-4147-a29d-ce70f84af3e7,ACKNOWLEDGED,ACK,538,0,""
150.223,sender,61786f30-4c75-4147-a29d-ce70f84af3e7,CONFIRM_DATA,ACK,538,1024,"unique file bytes acknowledged"
150.239,sender,61786f30-4c75-4147-a29d-ce70f84af3e7,RTT_SAMPLE,ACK,538,0,"6.532400"
150.270,sender,61786f30-4c75-4147-a29d-ce70f84af3e7,SEND,DATA,570,1060,""
150.312,sender,61786f30-4c75-4147-a29d-ce70f84af3e7,EMIT,DATA,570,1060,""
150.335,sender,61786f30-4c75-4147-a29d-ce70f84af3e7,RECEIVE,ACK,539,36,""
150.373,sender,61786f30-4c75-4147-a29d-ce70f84af3e7,ACKNOWLEDGED,ACK,539,0,""
150.383,sender,61786f30-4c75-4147-a29d-ce70f84af3e7,CONFIRM_DATA,ACK,539,1024,"unique file bytes acknowledged"
150.398,sender,61786f30-4c75-4147-a29d-ce70f84af3e7,RTT_SAMPLE,ACK,539,0,"6.564200"
150.436,sender,61786f30-4c75-4147-a29d-ce70f84af3e7,SEND,DATA,571,1060,""
150.485,sender,61786f30-4c75-4147-a29d-ce70f84af3e7,EMIT,DATA,571,1060,""
150.507,sender,61786f30-4c75-4147-a29d-ce70f84af3e7,RECEIVE,ACK,540,36,""
150.519,sender,61786f30-4c75-4147-a29d-ce70f84af3e7,ACKNOWLEDGED,ACK,540,0,""
150.538,sender,61786f30-4c75-4147-a29d-ce70f84af3e7,CONFIRM_DATA,ACK,540,1024,"unique file bytes acknowledged"
150.550,sender,61786f30-4c75-4147-a29d-ce70f84af3e7,RTT_SAMPLE,ACK,540,0,"6.602000"
150.568,sender,61786f30-4c75-4147-a29d-ce70f84af3e7,SEND,DATA,572,1060,""
150.597,sender,61786f30-4c75-4147-a29d-ce70f84af3e7,EMIT,DATA,572,1060,""
150.629,sender,61786f30-4c75-4147-a29d-ce70f84af3e7,RECEIVE,ACK,541,36,""
150.647,sender,61786f30-4c75-4147-a29d-ce70f84af3e7,ACKNOWLEDGED,ACK,541,0,""
150.657,sender,61786f30-4c75-4147-a29d-ce70f84af3e7,CONFIRM_DATA,ACK,541,1024,"unique file bytes acknowledged"
150.670,sender,61786f30-4c75-4147-a29d-ce70f84af3e7,RTT_SAMPLE,ACK,541,0,"6.571400"
150.691,sender,61786f30-4c75-4147-a29d-ce70f84af3e7,SEND,DATA,573,1060,""
150.753,sender,61786f30-4c75-4147-a29d-ce70f84af3e7,EMIT,DATA,573,1060,""
150.774,sender,61786f30-4c75-4147-a29d-ce70f84af3e7,RECEIVE,ACK,542,36,""
150.787,sender,61786f30-4c75-4147-a29d-ce70f84af3e7,ACKNOWLEDGED,ACK,542,0,""
150.815,sender,61786f30-4c75-4147-a29d-ce70f84af3e7,CONFIRM_DATA,ACK,542,1024,"unique file bytes acknowledged"
150.833,sender,61786f30-4c75-4147-a29d-ce70f84af3e7,RTT_SAMPLE,ACK,542,0,"6.325800"
150.869,sender,61786f30-4c75-4147-a29d-ce70f84af3e7,SEND,DATA,574,1060,""
150.897,sender,61786f30-4c75-4147-a29d-ce70f84af3e7,EMIT,DATA,574,1060,""
150.937,sender,61786f30-4c75-4147-a29d-ce70f84af3e7,RECEIVE,ACK,543,36,""
150.950,sender,61786f30-4c75-4147-a29d-ce70f84af3e7,ACKNOWLEDGED,ACK,543,0,""
150.963,sender,61786f30-4c75-4147-a29d-ce70f84af3e7,CONFIRM_DATA,ACK,543,1024,"unique file bytes acknowledged"
150.983,sender,61786f30-4c75-4147-a29d-ce70f84af3e7,RTT_SAMPLE,ACK,543,0,"6.156400"
151.033,sender,61786f30-4c75-4147-a29d-ce70f84af3e7,SEND,DATA,575,1060,""
151.064,sender,61786f30-4c75-4147-a29d-ce70f84af3e7,EMIT,DATA,575,1060,""
151.118,sender,61786f30-4c75-4147-a29d-ce70f84af3e7,RECEIVE,ACK,544,36,""
151.133,sender,61786f30-4c75-4147-a29d-ce70f84af3e7,ACKNOWLEDGED,ACK,544,0,""
151.144,sender,61786f30-4c75-4147-a29d-ce70f84af3e7,CONFIRM_DATA,ACK,544,1024,"unique file bytes acknowledged"
151.174,sender,61786f30-4c75-4147-a29d-ce70f84af3e7,RTT_SAMPLE,ACK,544,0,"5.988400"
151.226,sender,61786f30-4c75-4147-a29d-ce70f84af3e7,SEND,DATA,576,1060,""
151.257,sender,61786f30-4c75-4147-a29d-ce70f84af3e7,EMIT,DATA,576,1060,""
151.287,sender,61786f30-4c75-4147-a29d-ce70f84af3e7,RECEIVE,ACK,545,36,""
151.299,sender,61786f30-4c75-4147-a29d-ce70f84af3e7,ACKNOWLEDGED,ACK,545,0,""
151.310,sender,61786f30-4c75-4147-a29d-ce70f84af3e7,CONFIRM_DATA,ACK,545,1024,"unique file bytes acknowledged"
151.338,sender,61786f30-4c75-4147-a29d-ce70f84af3e7,RTT_SAMPLE,ACK,545,0,"5.840300"
151.378,sender,61786f30-4c75-4147-a29d-ce70f84af3e7,SEND,DATA,577,1060,""
151.408,sender,61786f30-4c75-4147-a29d-ce70f84af3e7,EMIT,DATA,577,1060,""
151.430,sender,61786f30-4c75-4147-a29d-ce70f84af3e7,RECEIVE,ACK,546,36,""
151.444,sender,61786f30-4c75-4147-a29d-ce70f84af3e7,ACKNOWLEDGED,ACK,546,0,""
151.454,sender,61786f30-4c75-4147-a29d-ce70f84af3e7,CONFIRM_DATA,ACK,546,1024,"unique file bytes acknowledged"
151.479,sender,61786f30-4c75-4147-a29d-ce70f84af3e7,RTT_SAMPLE,ACK,546,0,"5.682500"
151.498,sender,61786f30-4c75-4147-a29d-ce70f84af3e7,SEND,DATA,578,1060,""
151.526,sender,61786f30-4c75-4147-a29d-ce70f84af3e7,EMIT,DATA,578,1060,""
151.548,sender,61786f30-4c75-4147-a29d-ce70f84af3e7,RECEIVE,ACK,547,36,""
151.604,sender,61786f30-4c75-4147-a29d-ce70f84af3e7,ACKNOWLEDGED,ACK,547,0,""
151.616,sender,61786f30-4c75-4147-a29d-ce70f84af3e7,CONFIRM_DATA,ACK,547,1024,"unique file bytes acknowledged"
151.649,sender,61786f30-4c75-4147-a29d-ce70f84af3e7,RTT_SAMPLE,ACK,547,0,"5.577800"
151.666,sender,61786f30-4c75-4147-a29d-ce70f84af3e7,SEND,DATA,579,1060,""
151.705,sender,61786f30-4c75-4147-a29d-ce70f84af3e7,EMIT,DATA,579,1060,""
151.728,sender,61786f30-4c75-4147-a29d-ce70f84af3e7,RECEIVE,ACK,548,36,""
151.741,sender,61786f30-4c75-4147-a29d-ce70f84af3e7,ACKNOWLEDGED,ACK,548,0,""
151.751,sender,61786f30-4c75-4147-a29d-ce70f84af3e7,CONFIRM_DATA,ACK,548,1024,"unique file bytes acknowledged"
151.764,sender,61786f30-4c75-4147-a29d-ce70f84af3e7,RTT_SAMPLE,ACK,548,0,"5.429800"
151.801,sender,61786f30-4c75-4147-a29d-ce70f84af3e7,SEND,DATA,580,1060,""
151.830,sender,61786f30-4c75-4147-a29d-ce70f84af3e7,EMIT,DATA,580,1060,""
151.873,sender,61786f30-4c75-4147-a29d-ce70f84af3e7,RECEIVE,ACK,549,36,""
151.888,sender,61786f30-4c75-4147-a29d-ce70f84af3e7,ACKNOWLEDGED,ACK,549,0,""
151.917,sender,61786f30-4c75-4147-a29d-ce70f84af3e7,CONFIRM_DATA,ACK,549,1024,"unique file bytes acknowledged"
151.953,sender,61786f30-4c75-4147-a29d-ce70f84af3e7,RTT_SAMPLE,ACK,549,0,"5.131800"
151.971,sender,61786f30-4c75-4147-a29d-ce70f84af3e7,SEND,DATA,581,1060,""
152.014,sender,61786f30-4c75-4147-a29d-ce70f84af3e7,EMIT,DATA,581,1060,""
152.249,sender,61786f30-4c75-4147-a29d-ce70f84af3e7,RECEIVE,ACK,550,36,""
152.265,sender,61786f30-4c75-4147-a29d-ce70f84af3e7,ACKNOWLEDGED,ACK,550,0,""
152.280,sender,61786f30-4c75-4147-a29d-ce70f84af3e7,CONFIRM_DATA,ACK,550,1024,"unique file bytes acknowledged"
152.296,sender,61786f30-4c75-4147-a29d-ce70f84af3e7,RTT_SAMPLE,ACK,550,0,"5.329300"
152.341,sender,61786f30-4c75-4147-a29d-ce70f84af3e7,SEND,DATA,582,1060,""
152.398,sender,61786f30-4c75-4147-a29d-ce70f84af3e7,EMIT,DATA,582,1060,""
152.421,sender,61786f30-4c75-4147-a29d-ce70f84af3e7,RECEIVE,ACK,551,36,""
152.439,sender,61786f30-4c75-4147-a29d-ce70f84af3e7,ACKNOWLEDGED,ACK,551,0,""
152.452,sender,61786f30-4c75-4147-a29d-ce70f84af3e7,CONFIRM_DATA,ACK,551,1024,"unique file bytes acknowledged"
152.494,sender,61786f30-4c75-4147-a29d-ce70f84af3e7,RTT_SAMPLE,ACK,551,0,"5.367000"
152.530,sender,61786f30-4c75-4147-a29d-ce70f84af3e7,SEND,DATA,583,1060,""
152.587,sender,61786f30-4c75-4147-a29d-ce70f84af3e7,EMIT,DATA,583,1060,""
152.647,sender,61786f30-4c75-4147-a29d-ce70f84af3e7,RECEIVE,ACK,552,36,""
152.661,sender,61786f30-4c75-4147-a29d-ce70f84af3e7,ACKNOWLEDGED,ACK,552,0,""
152.685,sender,61786f30-4c75-4147-a29d-ce70f84af3e7,CONFIRM_DATA,ACK,552,1024,"unique file bytes acknowledged"
152.703,sender,61786f30-4c75-4147-a29d-ce70f84af3e7,RTT_SAMPLE,ACK,552,0,"5.444700"
152.723,sender,61786f30-4c75-4147-a29d-ce70f84af3e7,SEND,DATA,584,1060,""
152.759,sender,61786f30-4c75-4147-a29d-ce70f84af3e7,EMIT,DATA,584,1060,""
152.784,sender,61786f30-4c75-4147-a29d-ce70f84af3e7,RECEIVE,ACK,553,36,""
152.821,sender,61786f30-4c75-4147-a29d-ce70f84af3e7,ACKNOWLEDGED,ACK,553,0,""
152.838,sender,61786f30-4c75-4147-a29d-ce70f84af3e7,CONFIRM_DATA,ACK,553,1024,"unique file bytes acknowledged"
152.852,sender,61786f30-4c75-4147-a29d-ce70f84af3e7,RTT_SAMPLE,ACK,553,0,"5.471500"
152.875,sender,61786f30-4c75-4147-a29d-ce70f84af3e7,SEND,DATA,585,1060,""
152.916,sender,61786f30-4c75-4147-a29d-ce70f84af3e7,EMIT,DATA,585,1060,""
152.974,sender,61786f30-4c75-4147-a29d-ce70f84af3e7,RECEIVE,ACK,554,36,""
152.992,sender,61786f30-4c75-4147-a29d-ce70f84af3e7,ACKNOWLEDGED,ACK,554,0,""
153.007,sender,61786f30-4c75-4147-a29d-ce70f84af3e7,CONFIRM_DATA,ACK,554,1024,"unique file bytes acknowledged"
153.027,sender,61786f30-4c75-4147-a29d-ce70f84af3e7,RTT_SAMPLE,ACK,554,0,"5.514100"
153.049,sender,61786f30-4c75-4147-a29d-ce70f84af3e7,SEND,DATA,586,1060,""
153.097,sender,61786f30-4c75-4147-a29d-ce70f84af3e7,EMIT,DATA,586,1060,""
153.123,sender,61786f30-4c75-4147-a29d-ce70f84af3e7,RECEIVE,ACK,555,36,""
153.153,sender,61786f30-4c75-4147-a29d-ce70f84af3e7,ACKNOWLEDGED,ACK,555,0,""
153.200,sender,61786f30-4c75-4147-a29d-ce70f84af3e7,CONFIRM_DATA,ACK,555,1024,"unique file bytes acknowledged"
153.226,sender,61786f30-4c75-4147-a29d-ce70f84af3e7,RTT_SAMPLE,ACK,555,0,"5.574100"
153.248,sender,61786f30-4c75-4147-a29d-ce70f84af3e7,SEND,DATA,587,1060,""
153.278,sender,61786f30-4c75-4147-a29d-ce70f84af3e7,EMIT,DATA,587,1060,""
153.305,sender,61786f30-4c75-4147-a29d-ce70f84af3e7,RECEIVE,ACK,556,36,""
153.324,sender,61786f30-4c75-4147-a29d-ce70f84af3e7,ACKNOWLEDGED,ACK,556,0,""
153.355,sender,61786f30-4c75-4147-a29d-ce70f84af3e7,CONFIRM_DATA,ACK,556,1024,"unique file bytes acknowledged"
153.374,sender,61786f30-4c75-4147-a29d-ce70f84af3e7,RTT_SAMPLE,ACK,556,0,"5.583100"
153.398,sender,61786f30-4c75-4147-a29d-ce70f84af3e7,SEND,DATA,588,1060,""
153.427,sender,61786f30-4c75-4147-a29d-ce70f84af3e7,EMIT,DATA,588,1060,""
153.458,sender,61786f30-4c75-4147-a29d-ce70f84af3e7,RECEIVE,ACK,557,36,""
153.479,sender,61786f30-4c75-4147-a29d-ce70f84af3e7,ACKNOWLEDGED,ACK,557,0,""
153.513,sender,61786f30-4c75-4147-a29d-ce70f84af3e7,CONFIRM_DATA,ACK,557,1024,"unique file bytes acknowledged"
153.545,sender,61786f30-4c75-4147-a29d-ce70f84af3e7,RTT_SAMPLE,ACK,557,0,"5.568300"
153.562,sender,61786f30-4c75-4147-a29d-ce70f84af3e7,SEND,DATA,589,1060,""
153.589,sender,61786f30-4c75-4147-a29d-ce70f84af3e7,EMIT,DATA,589,1060,""
153.611,sender,61786f30-4c75-4147-a29d-ce70f84af3e7,RECEIVE,ACK,558,36,""
153.641,sender,61786f30-4c75-4147-a29d-ce70f84af3e7,ACKNOWLEDGED,ACK,558,0,""
153.651,sender,61786f30-4c75-4147-a29d-ce70f84af3e7,CONFIRM_DATA,ACK,558,1024,"unique file bytes acknowledged"
153.663,sender,61786f30-4c75-4147-a29d-ce70f84af3e7,RTT_SAMPLE,ACK,558,0,"5.539600"
153.682,sender,61786f30-4c75-4147-a29d-ce70f84af3e7,SEND,DATA,590,1060,""
153.708,sender,61786f30-4c75-4147-a29d-ce70f84af3e7,EMIT,DATA,590,1060,""
153.729,sender,61786f30-4c75-4147-a29d-ce70f84af3e7,RECEIVE,ACK,559,36,""
153.740,sender,61786f30-4c75-4147-a29d-ce70f84af3e7,ACKNOWLEDGED,ACK,559,0,""
153.749,sender,61786f30-4c75-4147-a29d-ce70f84af3e7,CONFIRM_DATA,ACK,559,1024,"unique file bytes acknowledged"
153.793,sender,61786f30-4c75-4147-a29d-ce70f84af3e7,RTT_SAMPLE,ACK,559,0,"5.406400"
153.813,sender,61786f30-4c75-4147-a29d-ce70f84af3e7,SEND,DATA,591,1060,""
153.840,sender,61786f30-4c75-4147-a29d-ce70f84af3e7,EMIT,DATA,591,1060,""
153.994,sender,61786f30-4c75-4147-a29d-ce70f84af3e7,RECEIVE,ACK,560,36,""
154.065,sender,61786f30-4c75-4147-a29d-ce70f84af3e7,ACKNOWLEDGED,ACK,560,0,""
154.084,sender,61786f30-4c75-4147-a29d-ce70f84af3e7,CONFIRM_DATA,ACK,560,1024,"unique file bytes acknowledged"
154.115,sender,61786f30-4c75-4147-a29d-ce70f84af3e7,RTT_SAMPLE,ACK,560,0,"5.469100"
154.162,sender,61786f30-4c75-4147-a29d-ce70f84af3e7,SEND,DATA,592,1060,""
154.236,sender,61786f30-4c75-4147-a29d-ce70f84af3e7,EMIT,DATA,592,1060,""
154.291,sender,61786f30-4c75-4147-a29d-ce70f84af3e7,RECEIVE,ACK,561,36,""
154.314,sender,61786f30-4c75-4147-a29d-ce70f84af3e7,ACKNOWLEDGED,ACK,561,0,""
154.356,sender,61786f30-4c75-4147-a29d-ce70f84af3e7,CONFIRM_DATA,ACK,561,1024,"unique file bytes acknowledged"
154.378,sender,61786f30-4c75-4147-a29d-ce70f84af3e7,RTT_SAMPLE,ACK,561,0,"5.525900"
154.412,sender,61786f30-4c75-4147-a29d-ce70f84af3e7,SEND,DATA,593,1060,""
154.475,sender,61786f30-4c75-4147-a29d-ce70f84af3e7,EMIT,DATA,593,1060,""
154.514,sender,61786f30-4c75-4147-a29d-ce70f84af3e7,RECEIVE,ACK,562,36,""
154.545,sender,61786f30-4c75-4147-a29d-ce70f84af3e7,ACKNOWLEDGED,ACK,562,0,""
154.572,sender,61786f30-4c75-4147-a29d-ce70f84af3e7,CONFIRM_DATA,ACK,562,1024,"unique file bytes acknowledged"
154.591,sender,61786f30-4c75-4147-a29d-ce70f84af3e7,RTT_SAMPLE,ACK,562,0,"5.575100"
154.618,sender,61786f30-4c75-4147-a29d-ce70f84af3e7,SEND,DATA,594,1060,""
154.666,sender,61786f30-4c75-4147-a29d-ce70f84af3e7,EMIT,DATA,594,1060,""
154.704,sender,61786f30-4c75-4147-a29d-ce70f84af3e7,RECEIVE,ACK,563,36,""
154.753,sender,61786f30-4c75-4147-a29d-ce70f84af3e7,ACKNOWLEDGED,ACK,563,0,""
154.770,sender,61786f30-4c75-4147-a29d-ce70f84af3e7,CONFIRM_DATA,ACK,563,1024,"unique file bytes acknowledged"
154.808,sender,61786f30-4c75-4147-a29d-ce70f84af3e7,RTT_SAMPLE,ACK,563,0,"5.672500"
154.854,sender,61786f30-4c75-4147-a29d-ce70f84af3e7,SEND,DATA,595,1060,""
154.911,sender,61786f30-4c75-4147-a29d-ce70f84af3e7,EMIT,DATA,595,1060,""
154.949,sender,61786f30-4c75-4147-a29d-ce70f84af3e7,RECEIVE,ACK,564,36,""
154.968,sender,61786f30-4c75-4147-a29d-ce70f84af3e7,ACKNOWLEDGED,ACK,564,0,""
154.983,sender,61786f30-4c75-4147-a29d-ce70f84af3e7,CONFIRM_DATA,ACK,564,1024,"unique file bytes acknowledged"
155.011,sender,61786f30-4c75-4147-a29d-ce70f84af3e7,RTT_SAMPLE,ACK,564,0,"5.773300"
155.048,sender,61786f30-4c75-4147-a29d-ce70f84af3e7,SEND,DATA,596,1060,""
155.097,sender,61786f30-4c75-4147-a29d-ce70f84af3e7,EMIT,DATA,596,1060,""
155.155,sender,61786f30-4c75-4147-a29d-ce70f84af3e7,RECEIVE,ACK,565,36,""
155.176,sender,61786f30-4c75-4147-a29d-ce70f84af3e7,ACKNOWLEDGED,ACK,565,0,""
155.198,sender,61786f30-4c75-4147-a29d-ce70f84af3e7,CONFIRM_DATA,ACK,565,1024,"unique file bytes acknowledged"
155.267,sender,61786f30-4c75-4147-a29d-ce70f84af3e7,RTT_SAMPLE,ACK,565,0,"5.815000"
155.311,sender,61786f30-4c75-4147-a29d-ce70f84af3e7,SEND,DATA,597,1060,""
155.378,sender,61786f30-4c75-4147-a29d-ce70f84af3e7,EMIT,DATA,597,1060,""
155.416,sender,61786f30-4c75-4147-a29d-ce70f84af3e7,RECEIVE,ACK,566,36,""
155.476,sender,61786f30-4c75-4147-a29d-ce70f84af3e7,ACKNOWLEDGED,ACK,566,0,""
155.503,sender,61786f30-4c75-4147-a29d-ce70f84af3e7,CONFIRM_DATA,ACK,566,1024,"unique file bytes acknowledged"
155.775,sender,61786f30-4c75-4147-a29d-ce70f84af3e7,RTT_SAMPLE,ACK,566,0,"6.168200"
155.813,sender,61786f30-4c75-4147-a29d-ce70f84af3e7,SEND,DATA,598,1060,""
155.890,sender,61786f30-4c75-4147-a29d-ce70f84af3e7,EMIT,DATA,598,1060,""
155.952,sender,61786f30-4c75-4147-a29d-ce70f84af3e7,RECEIVE,ACK,567,36,""
155.976,sender,61786f30-4c75-4147-a29d-ce70f84af3e7,ACKNOWLEDGED,ACK,567,0,""
155.995,sender,61786f30-4c75-4147-a29d-ce70f84af3e7,CONFIRM_DATA,ACK,567,1024,"unique file bytes acknowledged"
156.015,sender,61786f30-4c75-4147-a29d-ce70f84af3e7,RTT_SAMPLE,ACK,567,0,"6.273900"
156.063,sender,61786f30-4c75-4147-a29d-ce70f84af3e7,SEND,DATA,599,1060,""
156.128,sender,61786f30-4c75-4147-a29d-ce70f84af3e7,EMIT,DATA,599,1060,""
156.164,sender,61786f30-4c75-4147-a29d-ce70f84af3e7,RECEIVE,ACK,568,36,""
156.181,sender,61786f30-4c75-4147-a29d-ce70f84af3e7,ACKNOWLEDGED,ACK,568,0,""
156.194,sender,61786f30-4c75-4147-a29d-ce70f84af3e7,CONFIRM_DATA,ACK,568,1024,"unique file bytes acknowledged"
156.211,sender,61786f30-4c75-4147-a29d-ce70f84af3e7,RTT_SAMPLE,ACK,568,0,"6.272200"
156.236,sender,61786f30-4c75-4147-a29d-ce70f84af3e7,SEND,DATA,600,1060,""
156.321,sender,61786f30-4c75-4147-a29d-ce70f84af3e7,EMIT,DATA,600,1060,""
156.355,sender,61786f30-4c75-4147-a29d-ce70f84af3e7,RECEIVE,ACK,569,36,""
156.373,sender,61786f30-4c75-4147-a29d-ce70f84af3e7,ACKNOWLEDGED,ACK,569,0,""
156.390,sender,61786f30-4c75-4147-a29d-ce70f84af3e7,CONFIRM_DATA,ACK,569,1024,"unique file bytes acknowledged"
156.408,sender,61786f30-4c75-4147-a29d-ce70f84af3e7,RTT_SAMPLE,ACK,569,0,"6.316300"
156.433,sender,61786f30-4c75-4147-a29d-ce70f84af3e7,SEND,DATA,601,1060,""
156.507,sender,61786f30-4c75-4147-a29d-ce70f84af3e7,EMIT,DATA,601,1060,""
156.544,sender,61786f30-4c75-4147-a29d-ce70f84af3e7,RECEIVE,ACK,570,36,""
156.568,sender,61786f30-4c75-4147-a29d-ce70f84af3e7,ACKNOWLEDGED,ACK,570,0,""
156.586,sender,61786f30-4c75-4147-a29d-ce70f84af3e7,CONFIRM_DATA,ACK,570,1024,"unique file bytes acknowledged"
156.603,sender,61786f30-4c75-4147-a29d-ce70f84af3e7,RTT_SAMPLE,ACK,570,0,"6.331700"
156.629,sender,61786f30-4c75-4147-a29d-ce70f84af3e7,SEND,DATA,602,1060,""
156.699,sender,61786f30-4c75-4147-a29d-ce70f84af3e7,EMIT,DATA,602,1060,""
156.734,sender,61786f30-4c75-4147-a29d-ce70f84af3e7,RECEIVE,ACK,571,36,""
156.752,sender,61786f30-4c75-4147-a29d-ce70f84af3e7,ACKNOWLEDGED,ACK,571,0,""
156.769,sender,61786f30-4c75-4147-a29d-ce70f84af3e7,CONFIRM_DATA,ACK,571,1024,"unique file bytes acknowledged"
156.793,sender,61786f30-4c75-4147-a29d-ce70f84af3e7,RTT_SAMPLE,ACK,571,0,"6.354600"
156.828,sender,61786f30-4c75-4147-a29d-ce70f84af3e7,SEND,DATA,603,1060,""
156.906,sender,61786f30-4c75-4147-a29d-ce70f84af3e7,EMIT,DATA,603,1060,""
156.944,sender,61786f30-4c75-4147-a29d-ce70f84af3e7,RECEIVE,ACK,572,36,""
156.964,sender,61786f30-4c75-4147-a29d-ce70f84af3e7,ACKNOWLEDGED,ACK,572,0,""
156.983,sender,61786f30-4c75-4147-a29d-ce70f84af3e7,CONFIRM_DATA,ACK,572,1024,"unique file bytes acknowledged"
157.029,sender,61786f30-4c75-4147-a29d-ce70f84af3e7,RTT_SAMPLE,ACK,572,0,"6.457600"
157.073,sender,61786f30-4c75-4147-a29d-ce70f84af3e7,SEND,DATA,604,1060,""
157.121,sender,61786f30-4c75-4147-a29d-ce70f84af3e7,EMIT,DATA,604,1060,""
157.159,sender,61786f30-4c75-4147-a29d-ce70f84af3e7,RECEIVE,ACK,573,36,""
157.182,sender,61786f30-4c75-4147-a29d-ce70f84af3e7,ACKNOWLEDGED,ACK,573,0,""
157.198,sender,61786f30-4c75-4147-a29d-ce70f84af3e7,CONFIRM_DATA,ACK,573,1024,"unique file bytes acknowledged"
157.249,sender,61786f30-4c75-4147-a29d-ce70f84af3e7,RTT_SAMPLE,ACK,573,0,"6.554000"
157.275,sender,61786f30-4c75-4147-a29d-ce70f84af3e7,SEND,DATA,605,1060,""
157.335,sender,61786f30-4c75-4147-a29d-ce70f84af3e7,EMIT,DATA,605,1060,""
157.368,sender,61786f30-4c75-4147-a29d-ce70f84af3e7,RECEIVE,ACK,574,36,""
157.384,sender,61786f30-4c75-4147-a29d-ce70f84af3e7,ACKNOWLEDGED,ACK,574,0,""
157.397,sender,61786f30-4c75-4147-a29d-ce70f84af3e7,CONFIRM_DATA,ACK,574,1024,"unique file bytes acknowledged"
157.413,sender,61786f30-4c75-4147-a29d-ce70f84af3e7,RTT_SAMPLE,ACK,574,0,"6.542900"
157.459,sender,61786f30-4c75-4147-a29d-ce70f84af3e7,SEND,DATA,606,1060,""
157.516,sender,61786f30-4c75-4147-a29d-ce70f84af3e7,EMIT,DATA,606,1060,""
157.552,sender,61786f30-4c75-4147-a29d-ce70f84af3e7,RECEIVE,ACK,575,36,""
157.571,sender,61786f30-4c75-4147-a29d-ce70f84af3e7,ACKNOWLEDGED,ACK,575,0,""
157.583,sender,61786f30-4c75-4147-a29d-ce70f84af3e7,CONFIRM_DATA,ACK,575,1024,"unique file bytes acknowledged"
157.600,sender,61786f30-4c75-4147-a29d-ce70f84af3e7,RTT_SAMPLE,ACK,575,0,"6.565400"
157.624,sender,61786f30-4c75-4147-a29d-ce70f84af3e7,SEND,DATA,607,1060,""
157.711,sender,61786f30-4c75-4147-a29d-ce70f84af3e7,EMIT,DATA,607,1060,""
157.747,sender,61786f30-4c75-4147-a29d-ce70f84af3e7,RECEIVE,ACK,576,36,""
157.766,sender,61786f30-4c75-4147-a29d-ce70f84af3e7,ACKNOWLEDGED,ACK,576,0,""
157.775,sender,61786f30-4c75-4147-a29d-ce70f84af3e7,CONFIRM_DATA,ACK,576,1024,"unique file bytes acknowledged"
157.807,sender,61786f30-4c75-4147-a29d-ce70f84af3e7,RTT_SAMPLE,ACK,576,0,"6.573100"
157.839,sender,61786f30-4c75-4147-a29d-ce70f84af3e7,SEND,DATA,608,1060,""
157.882,sender,61786f30-4c75-4147-a29d-ce70f84af3e7,EMIT,DATA,608,1060,""
157.905,sender,61786f30-4c75-4147-a29d-ce70f84af3e7,RECEIVE,ACK,577,36,""
157.917,sender,61786f30-4c75-4147-a29d-ce70f84af3e7,ACKNOWLEDGED,ACK,577,0,""
157.933,sender,61786f30-4c75-4147-a29d-ce70f84af3e7,CONFIRM_DATA,ACK,577,1024,"unique file bytes acknowledged"
157.945,sender,61786f30-4c75-4147-a29d-ce70f84af3e7,RTT_SAMPLE,ACK,577,0,"6.566700"
157.963,sender,61786f30-4c75-4147-a29d-ce70f84af3e7,SEND,DATA,609,1060,""
157.989,sender,61786f30-4c75-4147-a29d-ce70f84af3e7,EMIT,DATA,609,1060,""
158.026,sender,61786f30-4c75-4147-a29d-ce70f84af3e7,RECEIVE,ACK,578,36,""
158.052,sender,61786f30-4c75-4147-a29d-ce70f84af3e7,ACKNOWLEDGED,ACK,578,0,""
158.100,sender,61786f30-4c75-4147-a29d-ce70f84af3e7,CONFIRM_DATA,ACK,578,1024,"unique file bytes acknowledged"
158.131,sender,61786f30-4c75-4147-a29d-ce70f84af3e7,RTT_SAMPLE,ACK,578,0,"6.634100"
158.148,sender,61786f30-4c75-4147-a29d-ce70f84af3e7,SEND,DATA,610,1060,""
158.176,sender,61786f30-4c75-4147-a29d-ce70f84af3e7,EMIT,DATA,610,1060,""
158.208,sender,61786f30-4c75-4147-a29d-ce70f84af3e7,RECEIVE,ACK,579,36,""
158.218,sender,61786f30-4c75-4147-a29d-ce70f84af3e7,ACKNOWLEDGED,ACK,579,0,""
158.227,sender,61786f30-4c75-4147-a29d-ce70f84af3e7,CONFIRM_DATA,ACK,579,1024,"unique file bytes acknowledged"
158.239,sender,61786f30-4c75-4147-a29d-ce70f84af3e7,RTT_SAMPLE,ACK,579,0,"6.573700"
158.278,sender,61786f30-4c75-4147-a29d-ce70f84af3e7,SEND,DATA,611,1060,""
158.299,sender,61786f30-4c75-4147-a29d-ce70f84af3e7,EMIT,DATA,611,1060,""
158.324,sender,61786f30-4c75-4147-a29d-ce70f84af3e7,RECEIVE,ACK,580,36,""
158.335,sender,61786f30-4c75-4147-a29d-ce70f84af3e7,ACKNOWLEDGED,ACK,580,0,""
158.358,sender,61786f30-4c75-4147-a29d-ce70f84af3e7,CONFIRM_DATA,ACK,580,1024,"unique file bytes acknowledged"
158.373,sender,61786f30-4c75-4147-a29d-ce70f84af3e7,RTT_SAMPLE,ACK,580,0,"6.574600"
158.389,sender,61786f30-4c75-4147-a29d-ce70f84af3e7,SEND,DATA,612,1060,""
158.411,sender,61786f30-4c75-4147-a29d-ce70f84af3e7,EMIT,DATA,612,1060,""
158.437,sender,61786f30-4c75-4147-a29d-ce70f84af3e7,RECEIVE,ACK,581,36,""
158.465,sender,61786f30-4c75-4147-a29d-ce70f84af3e7,ACKNOWLEDGED,ACK,581,0,""
158.475,sender,61786f30-4c75-4147-a29d-ce70f84af3e7,CONFIRM_DATA,ACK,581,1024,"unique file bytes acknowledged"
158.486,sender,61786f30-4c75-4147-a29d-ce70f84af3e7,RTT_SAMPLE,ACK,581,0,"6.516200"
158.501,sender,61786f30-4c75-4147-a29d-ce70f84af3e7,SEND,DATA,613,1060,""
158.526,sender,61786f30-4c75-4147-a29d-ce70f84af3e7,EMIT,DATA,613,1060,""
158.545,sender,61786f30-4c75-4147-a29d-ce70f84af3e7,RECEIVE,ACK,582,36,""
158.556,sender,61786f30-4c75-4147-a29d-ce70f84af3e7,ACKNOWLEDGED,ACK,582,0,""
158.580,sender,61786f30-4c75-4147-a29d-ce70f84af3e7,CONFIRM_DATA,ACK,582,1024,"unique file bytes acknowledged"
158.595,sender,61786f30-4c75-4147-a29d-ce70f84af3e7,RTT_SAMPLE,ACK,582,0,"6.254600"
158.737,sender,61786f30-4c75-4147-a29d-ce70f84af3e7,SEND,DATA,614,1060,""
158.765,sender,61786f30-4c75-4147-a29d-ce70f84af3e7,EMIT,DATA,614,1060,""
158.812,sender,61786f30-4c75-4147-a29d-ce70f84af3e7,RECEIVE,ACK,583,36,""
158.824,sender,61786f30-4c75-4147-a29d-ce70f84af3e7,ACKNOWLEDGED,ACK,583,0,""
158.833,sender,61786f30-4c75-4147-a29d-ce70f84af3e7,CONFIRM_DATA,ACK,583,1024,"unique file bytes acknowledged"
158.844,sender,61786f30-4c75-4147-a29d-ce70f84af3e7,RTT_SAMPLE,ACK,583,0,"6.317100"
158.872,sender,61786f30-4c75-4147-a29d-ce70f84af3e7,SEND,DATA,615,1060,""
158.922,sender,61786f30-4c75-4147-a29d-ce70f84af3e7,EMIT,DATA,615,1060,""
158.945,sender,61786f30-4c75-4147-a29d-ce70f84af3e7,RECEIVE,ACK,584,36,""
158.968,sender,61786f30-4c75-4147-a29d-ce70f84af3e7,ACKNOWLEDGED,ACK,584,0,""
158.978,sender,61786f30-4c75-4147-a29d-ce70f84af3e7,CONFIRM_DATA,ACK,584,1024,"unique file bytes acknowledged"
158.991,sender,61786f30-4c75-4147-a29d-ce70f84af3e7,RTT_SAMPLE,ACK,584,0,"6.268100"
159.009,sender,61786f30-4c75-4147-a29d-ce70f84af3e7,SEND,DATA,616,1060,""
159.034,sender,61786f30-4c75-4147-a29d-ce70f84af3e7,EMIT,DATA,616,1060,""
159.084,sender,61786f30-4c75-4147-a29d-ce70f84af3e7,RECEIVE,ACK,585,36,""
159.096,sender,61786f30-4c75-4147-a29d-ce70f84af3e7,ACKNOWLEDGED,ACK,585,0,""
159.105,sender,61786f30-4c75-4147-a29d-ce70f84af3e7,CONFIRM_DATA,ACK,585,1024,"unique file bytes acknowledged"
159.132,sender,61786f30-4c75-4147-a29d-ce70f84af3e7,RTT_SAMPLE,ACK,585,0,"6.257600"
159.148,sender,61786f30-4c75-4147-a29d-ce70f84af3e7,SEND,DATA,617,1060,""
159.173,sender,61786f30-4c75-4147-a29d-ce70f84af3e7,EMIT,DATA,617,1060,""
159.207,sender,61786f30-4c75-4147-a29d-ce70f84af3e7,RECEIVE,ACK,586,36,""
159.222,sender,61786f30-4c75-4147-a29d-ce70f84af3e7,ACKNOWLEDGED,ACK,586,0,""
159.252,sender,61786f30-4c75-4147-a29d-ce70f84af3e7,CONFIRM_DATA,ACK,586,1024,"unique file bytes acknowledged"
159.265,sender,61786f30-4c75-4147-a29d-ce70f84af3e7,RTT_SAMPLE,ACK,586,0,"6.216200"
159.279,sender,61786f30-4c75-4147-a29d-ce70f84af3e7,SEND,DATA,618,1060,""
159.303,sender,61786f30-4c75-4147-a29d-ce70f84af3e7,EMIT,DATA,618,1060,""
159.328,sender,61786f30-4c75-4147-a29d-ce70f84af3e7,RECEIVE,ACK,587,36,""
159.339,sender,61786f30-4c75-4147-a29d-ce70f84af3e7,ACKNOWLEDGED,ACK,587,0,""
159.348,sender,61786f30-4c75-4147-a29d-ce70f84af3e7,CONFIRM_DATA,ACK,587,1024,"unique file bytes acknowledged"
159.394,sender,61786f30-4c75-4147-a29d-ce70f84af3e7,RTT_SAMPLE,ACK,587,0,"6.149400"
159.425,sender,61786f30-4c75-4147-a29d-ce70f84af3e7,SEND,DATA,619,1060,""
159.462,sender,61786f30-4c75-4147-a29d-ce70f84af3e7,EMIT,DATA,619,1060,""
159.497,sender,61786f30-4c75-4147-a29d-ce70f84af3e7,RECEIVE,ACK,588,36,""
159.509,sender,61786f30-4c75-4147-a29d-ce70f84af3e7,ACKNOWLEDGED,ACK,588,0,""
159.518,sender,61786f30-4c75-4147-a29d-ce70f84af3e7,CONFIRM_DATA,ACK,588,1024,"unique file bytes acknowledged"
159.544,sender,61786f30-4c75-4147-a29d-ce70f84af3e7,RTT_SAMPLE,ACK,588,0,"6.144500"
159.562,sender,61786f30-4c75-4147-a29d-ce70f84af3e7,SEND,DATA,620,1060,""
159.588,sender,61786f30-4c75-4147-a29d-ce70f84af3e7,EMIT,DATA,620,1060,""
159.608,sender,61786f30-4c75-4147-a29d-ce70f84af3e7,RECEIVE,ACK,589,36,""
159.618,sender,61786f30-4c75-4147-a29d-ce70f84af3e7,ACKNOWLEDGED,ACK,589,0,""
159.644,sender,61786f30-4c75-4147-a29d-ce70f84af3e7,CONFIRM_DATA,ACK,589,1024,"unique file bytes acknowledged"
159.656,sender,61786f30-4c75-4147-a29d-ce70f84af3e7,RTT_SAMPLE,ACK,589,0,"6.094200"
159.672,sender,61786f30-4c75-4147-a29d-ce70f84af3e7,SEND,DATA,621,1060,""
159.708,sender,61786f30-4c75-4147-a29d-ce70f84af3e7,EMIT,DATA,621,1060,""
159.738,sender,61786f30-4c75-4147-a29d-ce70f84af3e7,RECEIVE,ACK,590,36,""
159.749,sender,61786f30-4c75-4147-a29d-ce70f84af3e7,ACKNOWLEDGED,ACK,590,0,""
159.758,sender,61786f30-4c75-4147-a29d-ce70f84af3e7,CONFIRM_DATA,ACK,590,1024,"unique file bytes acknowledged"
159.792,sender,61786f30-4c75-4147-a29d-ce70f84af3e7,RTT_SAMPLE,ACK,590,0,"6.109800"
159.814,sender,61786f30-4c75-4147-a29d-ce70f84af3e7,SEND,DATA,622,1060,""
159.838,sender,61786f30-4c75-4147-a29d-ce70f84af3e7,EMIT,DATA,622,1060,""
159.889,sender,61786f30-4c75-4147-a29d-ce70f84af3e7,RECEIVE,ACK,591,36,""
159.912,sender,61786f30-4c75-4147-a29d-ce70f84af3e7,ACKNOWLEDGED,ACK,591,0,""
159.931,sender,61786f30-4c75-4147-a29d-ce70f84af3e7,CONFIRM_DATA,ACK,591,1024,"unique file bytes acknowledged"
159.954,sender,61786f30-4c75-4147-a29d-ce70f84af3e7,RTT_SAMPLE,ACK,591,0,"6.142600"
159.971,sender,61786f30-4c75-4147-a29d-ce70f84af3e7,SEND,DATA,623,1060,""
160.012,sender,61786f30-4c75-4147-a29d-ce70f84af3e7,EMIT,DATA,623,1060,""
160.033,sender,61786f30-4c75-4147-a29d-ce70f84af3e7,RECEIVE,ACK,592,36,""
160.048,sender,61786f30-4c75-4147-a29d-ce70f84af3e7,ACKNOWLEDGED,ACK,592,0,""
160.058,sender,61786f30-4c75-4147-a29d-ce70f84af3e7,CONFIRM_DATA,ACK,592,1024,"unique file bytes acknowledged"
160.073,sender,61786f30-4c75-4147-a29d-ce70f84af3e7,RTT_SAMPLE,ACK,592,0,"5.913200"
160.116,sender,61786f30-4c75-4147-a29d-ce70f84af3e7,SEND,DATA,624,1060,""
160.159,sender,61786f30-4c75-4147-a29d-ce70f84af3e7,EMIT,DATA,624,1060,""
160.181,sender,61786f30-4c75-4147-a29d-ce70f84af3e7,RECEIVE,ACK,593,36,""
160.213,sender,61786f30-4c75-4147-a29d-ce70f84af3e7,ACKNOWLEDGED,ACK,593,0,""
160.223,sender,61786f30-4c75-4147-a29d-ce70f84af3e7,CONFIRM_DATA,ACK,593,1024,"unique file bytes acknowledged"
160.234,sender,61786f30-4c75-4147-a29d-ce70f84af3e7,RTT_SAMPLE,ACK,593,0,"5.825200"
160.267,sender,61786f30-4c75-4147-a29d-ce70f84af3e7,SEND,DATA,625,1060,""
160.300,sender,61786f30-4c75-4147-a29d-ce70f84af3e7,EMIT,DATA,625,1060,""
160.327,sender,61786f30-4c75-4147-a29d-ce70f84af3e7,RECEIVE,ACK,594,36,""
160.338,sender,61786f30-4c75-4147-a29d-ce70f84af3e7,ACKNOWLEDGED,ACK,594,0,""
160.347,sender,61786f30-4c75-4147-a29d-ce70f84af3e7,CONFIRM_DATA,ACK,594,1024,"unique file bytes acknowledged"
160.382,sender,61786f30-4c75-4147-a29d-ce70f84af3e7,RTT_SAMPLE,ACK,594,0,"5.763600"
160.398,sender,61786f30-4c75-4147-a29d-ce70f84af3e7,SEND,DATA,626,1060,""
160.425,sender,61786f30-4c75-4147-a29d-ce70f84af3e7,EMIT,DATA,626,1060,""
160.444,sender,61786f30-4c75-4147-a29d-ce70f84af3e7,RECEIVE,ACK,595,36,""
160.455,sender,61786f30-4c75-4147-a29d-ce70f84af3e7,ACKNOWLEDGED,ACK,595,0,""
160.479,sender,61786f30-4c75-4147-a29d-ce70f84af3e7,CONFIRM_DATA,ACK,595,1024,"unique file bytes acknowledged"
160.509,sender,61786f30-4c75-4147-a29d-ce70f84af3e7,RTT_SAMPLE,ACK,595,0,"5.656000"
160.538,sender,61786f30-4c75-4147-a29d-ce70f84af3e7,SEND,DATA,627,1060,""
160.563,sender,61786f30-4c75-4147-a29d-ce70f84af3e7,EMIT,DATA,627,1060,""
160.582,sender,61786f30-4c75-4147-a29d-ce70f84af3e7,RECEIVE,ACK,596,36,""
160.630,sender,61786f30-4c75-4147-a29d-ce70f84af3e7,ACKNOWLEDGED,ACK,596,0,""
160.642,sender,61786f30-4c75-4147-a29d-ce70f84af3e7,CONFIRM_DATA,ACK,596,1024,"unique file bytes acknowledged"
160.668,sender,61786f30-4c75-4147-a29d-ce70f84af3e7,RTT_SAMPLE,ACK,596,0,"5.619800"
160.713,sender,61786f30-4c75-4147-a29d-ce70f84af3e7,SEND,DATA,628,1060,""
160.743,sender,61786f30-4c75-4147-a29d-ce70f84af3e7,EMIT,DATA,628,1060,""
160.777,sender,61786f30-4c75-4147-a29d-ce70f84af3e7,RECEIVE,ACK,597,36,""
160.790,sender,61786f30-4c75-4147-a29d-ce70f84af3e7,ACKNOWLEDGED,ACK,597,0,""
160.799,sender,61786f30-4c75-4147-a29d-ce70f84af3e7,CONFIRM_DATA,ACK,597,1024,"unique file bytes acknowledged"
160.858,sender,61786f30-4c75-4147-a29d-ce70f84af3e7,RTT_SAMPLE,ACK,597,0,"5.513100"
160.891,sender,61786f30-4c75-4147-a29d-ce70f84af3e7,SEND,DATA,629,1060,""
160.926,sender,61786f30-4c75-4147-a29d-ce70f84af3e7,EMIT,DATA,629,1060,""
160.955,sender,61786f30-4c75-4147-a29d-ce70f84af3e7,RECEIVE,ACK,598,36,""
160.971,sender,61786f30-4c75-4147-a29d-ce70f84af3e7,ACKNOWLEDGED,ACK,598,0,""
161.024,sender,61786f30-4c75-4147-a29d-ce70f84af3e7,CONFIRM_DATA,ACK,598,1024,"unique file bytes acknowledged"
161.041,sender,61786f30-4c75-4147-a29d-ce70f84af3e7,RTT_SAMPLE,ACK,598,0,"5.227900"
161.073,sender,61786f30-4c75-4147-a29d-ce70f84af3e7,SEND,DATA,630,1060,""
161.110,sender,61786f30-4c75-4147-a29d-ce70f84af3e7,EMIT,DATA,630,1060,""
161.148,sender,61786f30-4c75-4147-a29d-ce70f84af3e7,RECEIVE,ACK,599,36,""
161.281,sender,61786f30-4c75-4147-a29d-ce70f84af3e7,ACKNOWLEDGED,ACK,599,0,""
161.298,sender,61786f30-4c75-4147-a29d-ce70f84af3e7,CONFIRM_DATA,ACK,599,1024,"unique file bytes acknowledged"
161.362,sender,61786f30-4c75-4147-a29d-ce70f84af3e7,RTT_SAMPLE,ACK,599,0,"5.299100"
161.414,sender,61786f30-4c75-4147-a29d-ce70f84af3e7,SEND,DATA,631,1060,""
161.448,sender,61786f30-4c75-4147-a29d-ce70f84af3e7,EMIT,DATA,631,1060,""
161.471,sender,61786f30-4c75-4147-a29d-ce70f84af3e7,RECEIVE,ACK,600,36,""
161.487,sender,61786f30-4c75-4147-a29d-ce70f84af3e7,ACKNOWLEDGED,ACK,600,0,""
161.498,sender,61786f30-4c75-4147-a29d-ce70f84af3e7,CONFIRM_DATA,ACK,600,1024,"unique file bytes acknowledged"
161.510,sender,61786f30-4c75-4147-a29d-ce70f84af3e7,RTT_SAMPLE,ACK,600,0,"5.275100"
161.535,sender,61786f30-4c75-4147-a29d-ce70f84af3e7,SEND,DATA,632,1060,""
161.579,sender,61786f30-4c75-4147-a29d-ce70f84af3e7,EMIT,DATA,632,1060,""
161.599,sender,61786f30-4c75-4147-a29d-ce70f84af3e7,RECEIVE,ACK,601,36,""
161.612,sender,61786f30-4c75-4147-a29d-ce70f84af3e7,ACKNOWLEDGED,ACK,601,0,""
161.641,sender,61786f30-4c75-4147-a29d-ce70f84af3e7,CONFIRM_DATA,ACK,601,1024,"unique file bytes acknowledged"
161.661,sender,61786f30-4c75-4147-a29d-ce70f84af3e7,RTT_SAMPLE,ACK,601,0,"5.227200"
161.686,sender,61786f30-4c75-4147-a29d-ce70f84af3e7,SEND,DATA,633,1060,""
161.723,sender,61786f30-4c75-4147-a29d-ce70f84af3e7,EMIT,DATA,633,1060,""
161.750,sender,61786f30-4c75-4147-a29d-ce70f84af3e7,RECEIVE,ACK,602,36,""
161.770,sender,61786f30-4c75-4147-a29d-ce70f84af3e7,ACKNOWLEDGED,ACK,602,0,""
161.791,sender,61786f30-4c75-4147-a29d-ce70f84af3e7,CONFIRM_DATA,ACK,602,1024,"unique file bytes acknowledged"
161.830,sender,61786f30-4c75-4147-a29d-ce70f84af3e7,RTT_SAMPLE,ACK,602,0,"5.201300"
161.847,sender,61786f30-4c75-4147-a29d-ce70f84af3e7,SEND,DATA,634,1060,""
161.884,sender,61786f30-4c75-4147-a29d-ce70f84af3e7,EMIT,DATA,634,1060,""
161.909,sender,61786f30-4c75-4147-a29d-ce70f84af3e7,RECEIVE,ACK,603,36,""
161.922,sender,61786f30-4c75-4147-a29d-ce70f84af3e7,ACKNOWLEDGED,ACK,603,0,""
161.957,sender,61786f30-4c75-4147-a29d-ce70f84af3e7,CONFIRM_DATA,ACK,603,1024,"unique file bytes acknowledged"
161.974,sender,61786f30-4c75-4147-a29d-ce70f84af3e7,RTT_SAMPLE,ACK,603,0,"5.142100"
162.003,sender,61786f30-4c75-4147-a29d-ce70f84af3e7,SEND,DATA,635,1060,""
162.057,sender,61786f30-4c75-4147-a29d-ce70f84af3e7,EMIT,DATA,635,1060,""
162.087,sender,61786f30-4c75-4147-a29d-ce70f84af3e7,RECEIVE,ACK,604,36,""
162.110,sender,61786f30-4c75-4147-a29d-ce70f84af3e7,ACKNOWLEDGED,ACK,604,0,""
162.133,sender,61786f30-4c75-4147-a29d-ce70f84af3e7,CONFIRM_DATA,ACK,604,1024,"unique file bytes acknowledged"
162.164,sender,61786f30-4c75-4147-a29d-ce70f84af3e7,RTT_SAMPLE,ACK,604,0,"5.091300"
162.181,sender,61786f30-4c75-4147-a29d-ce70f84af3e7,SEND,DATA,636,1060,""
162.208,sender,61786f30-4c75-4147-a29d-ce70f84af3e7,EMIT,DATA,636,1060,""
162.242,sender,61786f30-4c75-4147-a29d-ce70f84af3e7,RECEIVE,ACK,605,36,""
162.275,sender,61786f30-4c75-4147-a29d-ce70f84af3e7,ACKNOWLEDGED,ACK,605,0,""
162.289,sender,61786f30-4c75-4147-a29d-ce70f84af3e7,CONFIRM_DATA,ACK,605,1024,"unique file bytes acknowledged"
162.304,sender,61786f30-4c75-4147-a29d-ce70f84af3e7,RTT_SAMPLE,ACK,605,0,"5.027800"
162.347,sender,61786f30-4c75-4147-a29d-ce70f84af3e7,SEND,DATA,637,1060,""
162.374,sender,61786f30-4c75-4147-a29d-ce70f84af3e7,EMIT,DATA,637,1060,""
162.392,sender,61786f30-4c75-4147-a29d-ce70f84af3e7,RECEIVE,ACK,606,36,""
162.402,sender,61786f30-4c75-4147-a29d-ce70f84af3e7,ACKNOWLEDGED,ACK,606,0,""
162.412,sender,61786f30-4c75-4147-a29d-ce70f84af3e7,CONFIRM_DATA,ACK,606,1024,"unique file bytes acknowledged"
162.423,sender,61786f30-4c75-4147-a29d-ce70f84af3e7,RTT_SAMPLE,ACK,606,0,"4.966300"
162.438,sender,61786f30-4c75-4147-a29d-ce70f84af3e7,SEND,DATA,638,1060,""
162.459,sender,61786f30-4c75-4147-a29d-ce70f84af3e7,EMIT,DATA,638,1060,""
162.527,sender,61786f30-4c75-4147-a29d-ce70f84af3e7,RECEIVE,ACK,607,36,""
162.539,sender,61786f30-4c75-4147-a29d-ce70f84af3e7,ACKNOWLEDGED,ACK,607,0,""
162.550,sender,61786f30-4c75-4147-a29d-ce70f84af3e7,CONFIRM_DATA,ACK,607,1024,"unique file bytes acknowledged"
162.569,sender,61786f30-4c75-4147-a29d-ce70f84af3e7,RTT_SAMPLE,ACK,607,0,"4.945600"
162.595,sender,61786f30-4c75-4147-a29d-ce70f84af3e7,SEND,DATA,639,1060,""
162.670,sender,61786f30-4c75-4147-a29d-ce70f84af3e7,EMIT,DATA,639,1060,""
162.701,sender,61786f30-4c75-4147-a29d-ce70f84af3e7,RECEIVE,ACK,608,36,""
162.721,sender,61786f30-4c75-4147-a29d-ce70f84af3e7,ACKNOWLEDGED,ACK,608,0,""
162.731,sender,61786f30-4c75-4147-a29d-ce70f84af3e7,CONFIRM_DATA,ACK,608,1024,"unique file bytes acknowledged"
162.747,sender,61786f30-4c75-4147-a29d-ce70f84af3e7,RTT_SAMPLE,ACK,608,0,"4.906900"
162.766,sender,61786f30-4c75-4147-a29d-ce70f84af3e7,SEND,DATA,640,1060,""
162.793,sender,61786f30-4c75-4147-a29d-ce70f84af3e7,EMIT,DATA,640,1060,""
162.834,sender,61786f30-4c75-4147-a29d-ce70f84af3e7,RECEIVE,ACK,609,36,""
162.853,sender,61786f30-4c75-4147-a29d-ce70f84af3e7,ACKNOWLEDGED,ACK,609,0,""
162.875,sender,61786f30-4c75-4147-a29d-ce70f84af3e7,CONFIRM_DATA,ACK,609,1024,"unique file bytes acknowledged"
162.892,sender,61786f30-4c75-4147-a29d-ce70f84af3e7,RTT_SAMPLE,ACK,609,0,"4.928500"
162.912,sender,61786f30-4c75-4147-a29d-ce70f84af3e7,SEND,DATA,641,1060,""
162.951,sender,61786f30-4c75-4147-a29d-ce70f84af3e7,EMIT,DATA,641,1060,""
162.972,sender,61786f30-4c75-4147-a29d-ce70f84af3e7,RECEIVE,ACK,610,36,""
162.984,sender,61786f30-4c75-4147-a29d-ce70f84af3e7,ACKNOWLEDGED,ACK,610,0,""
163.002,sender,61786f30-4c75-4147-a29d-ce70f84af3e7,CONFIRM_DATA,ACK,610,1024,"unique file bytes acknowledged"
163.017,sender,61786f30-4c75-4147-a29d-ce70f84af3e7,RTT_SAMPLE,ACK,610,0,"4.867700"
163.042,sender,61786f30-4c75-4147-a29d-ce70f84af3e7,SEND,DATA,642,1060,""
163.085,sender,61786f30-4c75-4147-a29d-ce70f84af3e7,EMIT,DATA,642,1060,""
163.105,sender,61786f30-4c75-4147-a29d-ce70f84af3e7,RECEIVE,ACK,611,36,""
163.118,sender,61786f30-4c75-4147-a29d-ce70f84af3e7,ACKNOWLEDGED,ACK,611,0,""
163.133,sender,61786f30-4c75-4147-a29d-ce70f84af3e7,CONFIRM_DATA,ACK,611,1024,"unique file bytes acknowledged"
163.152,sender,61786f30-4c75-4147-a29d-ce70f84af3e7,RTT_SAMPLE,ACK,611,0,"4.872400"
163.173,sender,61786f30-4c75-4147-a29d-ce70f84af3e7,SEND,DATA,643,1060,""
163.204,sender,61786f30-4c75-4147-a29d-ce70f84af3e7,EMIT,DATA,643,1060,""
163.231,sender,61786f30-4c75-4147-a29d-ce70f84af3e7,RECEIVE,ACK,612,36,""
163.269,sender,61786f30-4c75-4147-a29d-ce70f84af3e7,ACKNOWLEDGED,ACK,612,0,""
163.279,sender,61786f30-4c75-4147-a29d-ce70f84af3e7,CONFIRM_DATA,ACK,612,1024,"unique file bytes acknowledged"
163.296,sender,61786f30-4c75-4147-a29d-ce70f84af3e7,RTT_SAMPLE,ACK,612,0,"4.905100"
163.314,sender,61786f30-4c75-4147-a29d-ce70f84af3e7,SEND,DATA,644,1060,""
163.364,sender,61786f30-4c75-4147-a29d-ce70f84af3e7,EMIT,DATA,644,1060,""
163.393,sender,61786f30-4c75-4147-a29d-ce70f84af3e7,RECEIVE,ACK,613,36,""
163.411,sender,61786f30-4c75-4147-a29d-ce70f84af3e7,ACKNOWLEDGED,ACK,613,0,""
163.422,sender,61786f30-4c75-4147-a29d-ce70f84af3e7,CONFIRM_DATA,ACK,613,1024,"unique file bytes acknowledged"
163.449,sender,61786f30-4c75-4147-a29d-ce70f84af3e7,RTT_SAMPLE,ACK,613,0,"4.946300"
163.484,sender,61786f30-4c75-4147-a29d-ce70f84af3e7,SEND,DATA,645,1060,""
163.512,sender,61786f30-4c75-4147-a29d-ce70f84af3e7,EMIT,DATA,645,1060,""
163.533,sender,61786f30-4c75-4147-a29d-ce70f84af3e7,RECEIVE,ACK,614,36,""
163.547,sender,61786f30-4c75-4147-a29d-ce70f84af3e7,ACKNOWLEDGED,ACK,614,0,""
163.559,sender,61786f30-4c75-4147-a29d-ce70f84af3e7,CONFIRM_DATA,ACK,614,1024,"unique file bytes acknowledged"
163.572,sender,61786f30-4c75-4147-a29d-ce70f84af3e7,RTT_SAMPLE,ACK,614,0,"4.836700"
163.604,sender,61786f30-4c75-4147-a29d-ce70f84af3e7,SEND,DATA,646,1060,""
163.631,sender,61786f30-4c75-4147-a29d-ce70f84af3e7,EMIT,DATA,646,1060,""
163.672,sender,61786f30-4c75-4147-a29d-ce70f84af3e7,RECEIVE,ACK,615,36,""
163.684,sender,61786f30-4c75-4147-a29d-ce70f84af3e7,ACKNOWLEDGED,ACK,615,0,""
163.694,sender,61786f30-4c75-4147-a29d-ce70f84af3e7,CONFIRM_DATA,ACK,615,1024,"unique file bytes acknowledged"
163.804,sender,61786f30-4c75-4147-a29d-ce70f84af3e7,RTT_SAMPLE,ACK,615,0,"4.940000"
163.832,sender,61786f30-4c75-4147-a29d-ce70f84af3e7,SEND,DATA,647,1060,""
163.985,sender,61786f30-4c75-4147-a29d-ce70f84af3e7,EMIT,DATA,647,1060,""
164.014,sender,61786f30-4c75-4147-a29d-ce70f84af3e7,RECEIVE,ACK,616,36,""
164.027,sender,61786f30-4c75-4147-a29d-ce70f84af3e7,ACKNOWLEDGED,ACK,616,0,""
164.038,sender,61786f30-4c75-4147-a29d-ce70f84af3e7,CONFIRM_DATA,ACK,616,1024,"unique file bytes acknowledged"
164.051,sender,61786f30-4c75-4147-a29d-ce70f84af3e7,RTT_SAMPLE,ACK,616,0,"5.042700"
164.076,sender,61786f30-4c75-4147-a29d-ce70f84af3e7,SEND,DATA,648,1060,""
164.117,sender,61786f30-4c75-4147-a29d-ce70f84af3e7,EMIT,DATA,648,1060,""
164.152,sender,61786f30-4c75-4147-a29d-ce70f84af3e7,RECEIVE,ACK,617,36,""
164.221,sender,61786f30-4c75-4147-a29d-ce70f84af3e7,ACKNOWLEDGED,ACK,617,0,""
164.238,sender,61786f30-4c75-4147-a29d-ce70f84af3e7,CONFIRM_DATA,ACK,617,1024,"unique file bytes acknowledged"
164.257,sender,61786f30-4c75-4147-a29d-ce70f84af3e7,RTT_SAMPLE,ACK,617,0,"5.107900"
164.279,sender,61786f30-4c75-4147-a29d-ce70f84af3e7,SEND,DATA,649,1060,""
164.316,sender,61786f30-4c75-4147-a29d-ce70f84af3e7,EMIT,DATA,649,1060,""
164.343,sender,61786f30-4c75-4147-a29d-ce70f84af3e7,RECEIVE,ACK,618,36,""
164.360,sender,61786f30-4c75-4147-a29d-ce70f84af3e7,ACKNOWLEDGED,ACK,618,0,""
164.384,sender,61786f30-4c75-4147-a29d-ce70f84af3e7,CONFIRM_DATA,ACK,618,1024,"unique file bytes acknowledged"
164.423,sender,61786f30-4c75-4147-a29d-ce70f84af3e7,RTT_SAMPLE,ACK,618,0,"5.130200"
164.453,sender,61786f30-4c75-4147-a29d-ce70f84af3e7,SEND,DATA,650,1060,""
164.484,sender,61786f30-4c75-4147-a29d-ce70f84af3e7,EMIT,DATA,650,1060,""
164.506,sender,61786f30-4c75-4147-a29d-ce70f84af3e7,RECEIVE,ACK,619,36,""
164.527,sender,61786f30-4c75-4147-a29d-ce70f84af3e7,ACKNOWLEDGED,ACK,619,0,""
164.543,sender,61786f30-4c75-4147-a29d-ce70f84af3e7,CONFIRM_DATA,ACK,619,1024,"unique file bytes acknowledged"
164.573,sender,61786f30-4c75-4147-a29d-ce70f84af3e7,RTT_SAMPLE,ACK,619,0,"5.150200"
164.590,sender,61786f30-4c75-4147-a29d-ce70f84af3e7,SEND,DATA,651,1060,""
164.621,sender,61786f30-4c75-4147-a29d-ce70f84af3e7,EMIT,DATA,651,1060,""
164.639,sender,61786f30-4c75-4147-a29d-ce70f84af3e7,RECEIVE,ACK,620,36,""
164.649,sender,61786f30-4c75-4147-a29d-ce70f84af3e7,ACKNOWLEDGED,ACK,620,0,""
164.657,sender,61786f30-4c75-4147-a29d-ce70f84af3e7,CONFIRM_DATA,ACK,620,1024,"unique file bytes acknowledged"
164.693,sender,61786f30-4c75-4147-a29d-ce70f84af3e7,RTT_SAMPLE,ACK,620,0,"5.129700"
164.708,sender,61786f30-4c75-4147-a29d-ce70f84af3e7,SEND,DATA,652,1060,""
164.732,sender,61786f30-4c75-4147-a29d-ce70f84af3e7,EMIT,DATA,652,1060,""
164.750,sender,61786f30-4c75-4147-a29d-ce70f84af3e7,RECEIVE,ACK,621,36,""
164.762,sender,61786f30-4c75-4147-a29d-ce70f84af3e7,ACKNOWLEDGED,ACK,621,0,""
164.771,sender,61786f30-4c75-4147-a29d-ce70f84af3e7,CONFIRM_DATA,ACK,621,1024,"unique file bytes acknowledged"
164.781,sender,61786f30-4c75-4147-a29d-ce70f84af3e7,RTT_SAMPLE,ACK,621,0,"5.109600"
164.795,sender,61786f30-4c75-4147-a29d-ce70f84af3e7,SEND,DATA,653,1060,""
164.819,sender,61786f30-4c75-4147-a29d-ce70f84af3e7,EMIT,DATA,653,1060,""
164.844,sender,61786f30-4c75-4147-a29d-ce70f84af3e7,RECEIVE,ACK,622,36,""
164.855,sender,61786f30-4c75-4147-a29d-ce70f84af3e7,ACKNOWLEDGED,ACK,622,0,""
164.897,sender,61786f30-4c75-4147-a29d-ce70f84af3e7,CONFIRM_DATA,ACK,622,1024,"unique file bytes acknowledged"
164.928,sender,61786f30-4c75-4147-a29d-ce70f84af3e7,RTT_SAMPLE,ACK,622,0,"5.113000"
164.953,sender,61786f30-4c75-4147-a29d-ce70f84af3e7,SEND,DATA,654,1060,""
164.977,sender,61786f30-4c75-4147-a29d-ce70f84af3e7,EMIT,DATA,654,1060,""
165.000,sender,61786f30-4c75-4147-a29d-ce70f84af3e7,RECEIVE,ACK,623,36,""
165.013,sender,61786f30-4c75-4147-a29d-ce70f84af3e7,ACKNOWLEDGED,ACK,623,0,""
165.025,sender,61786f30-4c75-4147-a29d-ce70f84af3e7,CONFIRM_DATA,ACK,623,1024,"unique file bytes acknowledged"
165.040,sender,61786f30-4c75-4147-a29d-ce70f84af3e7,RTT_SAMPLE,ACK,623,0,"5.068600"
165.055,sender,61786f30-4c75-4147-a29d-ce70f84af3e7,SEND,DATA,655,1060,""
165.081,sender,61786f30-4c75-4147-a29d-ce70f84af3e7,EMIT,DATA,655,1060,""
165.101,sender,61786f30-4c75-4147-a29d-ce70f84af3e7,RECEIVE,ACK,624,36,""
165.127,sender,61786f30-4c75-4147-a29d-ce70f84af3e7,ACKNOWLEDGED,ACK,624,0,""
165.142,sender,61786f30-4c75-4147-a29d-ce70f84af3e7,CONFIRM_DATA,ACK,624,1024,"unique file bytes acknowledged"
165.154,sender,61786f30-4c75-4147-a29d-ce70f84af3e7,RTT_SAMPLE,ACK,624,0,"5.039000"
165.172,sender,61786f30-4c75-4147-a29d-ce70f84af3e7,SEND,DATA,656,1060,""
165.209,sender,61786f30-4c75-4147-a29d-ce70f84af3e7,EMIT,DATA,656,1060,""
165.231,sender,61786f30-4c75-4147-a29d-ce70f84af3e7,RECEIVE,ACK,625,36,""
165.243,sender,61786f30-4c75-4147-a29d-ce70f84af3e7,ACKNOWLEDGED,ACK,625,0,""
165.254,sender,61786f30-4c75-4147-a29d-ce70f84af3e7,CONFIRM_DATA,ACK,625,1024,"unique file bytes acknowledged"
165.270,sender,61786f30-4c75-4147-a29d-ce70f84af3e7,RTT_SAMPLE,ACK,625,0,"4.999800"
165.294,sender,61786f30-4c75-4147-a29d-ce70f84af3e7,SEND,DATA,657,1060,""
165.323,sender,61786f30-4c75-4147-a29d-ce70f84af3e7,EMIT,DATA,657,1060,""
165.344,sender,61786f30-4c75-4147-a29d-ce70f84af3e7,RECEIVE,ACK,626,36,""
165.372,sender,61786f30-4c75-4147-a29d-ce70f84af3e7,ACKNOWLEDGED,ACK,626,0,""
165.392,sender,61786f30-4c75-4147-a29d-ce70f84af3e7,CONFIRM_DATA,ACK,626,1024,"unique file bytes acknowledged"
165.403,sender,61786f30-4c75-4147-a29d-ce70f84af3e7,RTT_SAMPLE,ACK,626,0,"5.005500"
165.419,sender,61786f30-4c75-4147-a29d-ce70f84af3e7,SEND,DATA,658,1060,""
165.441,sender,61786f30-4c75-4147-a29d-ce70f84af3e7,EMIT,DATA,658,1060,""
165.458,sender,61786f30-4c75-4147-a29d-ce70f84af3e7,RECEIVE,ACK,627,36,""
165.467,sender,61786f30-4c75-4147-a29d-ce70f84af3e7,ACKNOWLEDGED,ACK,627,0,""
165.475,sender,61786f30-4c75-4147-a29d-ce70f84af3e7,CONFIRM_DATA,ACK,627,1024,"unique file bytes acknowledged"
165.486,sender,61786f30-4c75-4147-a29d-ce70f84af3e7,RTT_SAMPLE,ACK,627,0,"4.948200"
165.502,sender,61786f30-4c75-4147-a29d-ce70f84af3e7,SEND,DATA,659,1060,""
165.527,sender,61786f30-4c75-4147-a29d-ce70f84af3e7,EMIT,DATA,659,1060,""
165.550,sender,61786f30-4c75-4147-a29d-ce70f84af3e7,RECEIVE,ACK,628,36,""
165.564,sender,61786f30-4c75-4147-a29d-ce70f84af3e7,ACKNOWLEDGED,ACK,628,0,""
165.577,sender,61786f30-4c75-4147-a29d-ce70f84af3e7,CONFIRM_DATA,ACK,628,1024,"unique file bytes acknowledged"
165.597,sender,61786f30-4c75-4147-a29d-ce70f84af3e7,RTT_SAMPLE,ACK,628,0,"4.882800"
165.616,sender,61786f30-4c75-4147-a29d-ce70f84af3e7,SEND,DATA,660,1060,""
165.644,sender,61786f30-4c75-4147-a29d-ce70f84af3e7,EMIT,DATA,660,1060,""
165.672,sender,61786f30-4c75-4147-a29d-ce70f84af3e7,RECEIVE,ACK,629,36,""
165.687,sender,61786f30-4c75-4147-a29d-ce70f84af3e7,ACKNOWLEDGED,ACK,629,0,""
165.697,sender,61786f30-4c75-4147-a29d-ce70f84af3e7,CONFIRM_DATA,ACK,629,1024,"unique file bytes acknowledged"
165.736,sender,61786f30-4c75-4147-a29d-ce70f84af3e7,RTT_SAMPLE,ACK,629,0,"4.841600"
165.758,sender,61786f30-4c75-4147-a29d-ce70f84af3e7,SEND,DATA,661,1060,""
165.799,sender,61786f30-4c75-4147-a29d-ce70f84af3e7,EMIT,DATA,661,1060,""
165.821,sender,61786f30-4c75-4147-a29d-ce70f84af3e7,RECEIVE,ACK,630,36,""
165.844,sender,61786f30-4c75-4147-a29d-ce70f84af3e7,ACKNOWLEDGED,ACK,630,0,""
165.878,sender,61786f30-4c75-4147-a29d-ce70f84af3e7,CONFIRM_DATA,ACK,630,1024,"unique file bytes acknowledged"
165.907,sender,61786f30-4c75-4147-a29d-ce70f84af3e7,RTT_SAMPLE,ACK,630,0,"4.833200"
165.927,sender,61786f30-4c75-4147-a29d-ce70f84af3e7,SEND,DATA,662,1060,""
165.961,sender,61786f30-4c75-4147-a29d-ce70f84af3e7,EMIT,DATA,662,1060,""
165.984,sender,61786f30-4c75-4147-a29d-ce70f84af3e7,RECEIVE,ACK,631,36,""
165.996,sender,61786f30-4c75-4147-a29d-ce70f84af3e7,ACKNOWLEDGED,ACK,631,0,""
166.006,sender,61786f30-4c75-4147-a29d-ce70f84af3e7,CONFIRM_DATA,ACK,631,1024,"unique file bytes acknowledged"
166.018,sender,61786f30-4c75-4147-a29d-ce70f84af3e7,RTT_SAMPLE,ACK,631,0,"4.604700"
166.040,sender,61786f30-4c75-4147-a29d-ce70f84af3e7,SEND,DATA,663,1060,""
166.139,sender,61786f30-4c75-4147-a29d-ce70f84af3e7,EMIT,DATA,663,1060,""
166.175,sender,61786f30-4c75-4147-a29d-ce70f84af3e7,RECEIVE,ACK,632,36,""
166.200,sender,61786f30-4c75-4147-a29d-ce70f84af3e7,ACKNOWLEDGED,ACK,632,0,""
166.210,sender,61786f30-4c75-4147-a29d-ce70f84af3e7,CONFIRM_DATA,ACK,632,1024,"unique file bytes acknowledged"
166.236,sender,61786f30-4c75-4147-a29d-ce70f84af3e7,RTT_SAMPLE,ACK,632,0,"4.702400"
166.251,sender,61786f30-4c75-4147-a29d-ce70f84af3e7,SEND,DATA,664,1060,""
166.278,sender,61786f30-4c75-4147-a29d-ce70f84af3e7,EMIT,DATA,664,1060,""
166.305,sender,61786f30-4c75-4147-a29d-ce70f84af3e7,RECEIVE,ACK,633,36,""
166.317,sender,61786f30-4c75-4147-a29d-ce70f84af3e7,ACKNOWLEDGED,ACK,633,0,""
166.325,sender,61786f30-4c75-4147-a29d-ce70f84af3e7,CONFIRM_DATA,ACK,633,1024,"unique file bytes acknowledged"
166.334,sender,61786f30-4c75-4147-a29d-ce70f84af3e7,RTT_SAMPLE,ACK,633,0,"4.650100"
166.350,sender,61786f30-4c75-4147-a29d-ce70f84af3e7,SEND,DATA,665,1060,""
166.373,sender,61786f30-4c75-4147-a29d-ce70f84af3e7,EMIT,DATA,665,1060,""
166.392,sender,61786f30-4c75-4147-a29d-ce70f84af3e7,RECEIVE,ACK,634,36,""
166.403,sender,61786f30-4c75-4147-a29d-ce70f84af3e7,ACKNOWLEDGED,ACK,634,0,""
166.432,sender,61786f30-4c75-4147-a29d-ce70f84af3e7,CONFIRM_DATA,ACK,634,1024,"unique file bytes acknowledged"
166.457,sender,61786f30-4c75-4147-a29d-ce70f84af3e7,RTT_SAMPLE,ACK,634,0,"4.609800"
166.472,sender,61786f30-4c75-4147-a29d-ce70f84af3e7,SEND,DATA,666,1060,""
166.497,sender,61786f30-4c75-4147-a29d-ce70f84af3e7,EMIT,DATA,666,1060,""
166.517,sender,61786f30-4c75-4147-a29d-ce70f84af3e7,RECEIVE,ACK,635,36,""
166.557,sender,61786f30-4c75-4147-a29d-ce70f84af3e7,ACKNOWLEDGED,ACK,635,0,""
166.566,sender,61786f30-4c75-4147-a29d-ce70f84af3e7,CONFIRM_DATA,ACK,635,1024,"unique file bytes acknowledged"
166.577,sender,61786f30-4c75-4147-a29d-ce70f84af3e7,RTT_SAMPLE,ACK,635,0,"4.584000"
166.592,sender,61786f30-4c75-4147-a29d-ce70f84af3e7,SEND,DATA,667,1060,""
166.613,sender,61786f30-4c75-4147-a29d-ce70f84af3e7,EMIT,DATA,667,1060,""
166.637,sender,61786f30-4c75-4147-a29d-ce70f84af3e7,RECEIVE,ACK,636,36,""
166.649,sender,61786f30-4c75-4147-a29d-ce70f84af3e7,ACKNOWLEDGED,ACK,636,0,""
166.666,sender,61786f30-4c75-4147-a29d-ce70f84af3e7,CONFIRM_DATA,ACK,636,1024,"unique file bytes acknowledged"
166.676,sender,61786f30-4c75-4147-a29d-ce70f84af3e7,RTT_SAMPLE,ACK,636,0,"4.495900"
166.690,sender,61786f30-4c75-4147-a29d-ce70f84af3e7,SEND,DATA,668,1060,""
166.716,sender,61786f30-4c75-4147-a29d-ce70f84af3e7,EMIT,DATA,668,1060,""
166.734,sender,61786f30-4c75-4147-a29d-ce70f84af3e7,RECEIVE,ACK,637,36,""
166.745,sender,61786f30-4c75-4147-a29d-ce70f84af3e7,ACKNOWLEDGED,ACK,637,0,""
166.766,sender,61786f30-4c75-4147-a29d-ce70f84af3e7,CONFIRM_DATA,ACK,637,1024,"unique file bytes acknowledged"
166.780,sender,61786f30-4c75-4147-a29d-ce70f84af3e7,RTT_SAMPLE,ACK,637,0,"4.432000"
166.797,sender,61786f30-4c75-4147-a29d-ce70f84af3e7,SEND,DATA,669,1060,""
166.820,sender,61786f30-4c75-4147-a29d-ce70f84af3e7,EMIT,DATA,669,1060,""
166.850,sender,61786f30-4c75-4147-a29d-ce70f84af3e7,RECEIVE,ACK,638,36,""
166.886,sender,61786f30-4c75-4147-a29d-ce70f84af3e7,ACKNOWLEDGED,ACK,638,0,""
166.896,sender,61786f30-4c75-4147-a29d-ce70f84af3e7,CONFIRM_DATA,ACK,638,1024,"unique file bytes acknowledged"
166.929,sender,61786f30-4c75-4147-a29d-ce70f84af3e7,RTT_SAMPLE,ACK,638,0,"4.489900"
166.954,sender,61786f30-4c75-4147-a29d-ce70f84af3e7,SEND,DATA,670,1060,""
166.982,sender,61786f30-4c75-4147-a29d-ce70f84af3e7,EMIT,DATA,670,1060,""
167.020,sender,61786f30-4c75-4147-a29d-ce70f84af3e7,RECEIVE,ACK,639,36,""
167.031,sender,61786f30-4c75-4147-a29d-ce70f84af3e7,ACKNOWLEDGED,ACK,639,0,""
167.040,sender,61786f30-4c75-4147-a29d-ce70f84af3e7,CONFIRM_DATA,ACK,639,1024,"unique file bytes acknowledged"
167.058,sender,61786f30-4c75-4147-a29d-ce70f84af3e7,RTT_SAMPLE,ACK,639,0,"4.464000"
167.088,sender,61786f30-4c75-4147-a29d-ce70f84af3e7,SEND,DATA,671,1060,""
167.125,sender,61786f30-4c75-4147-a29d-ce70f84af3e7,EMIT,DATA,671,1060,""
167.144,sender,61786f30-4c75-4147-a29d-ce70f84af3e7,RECEIVE,ACK,640,36,""
167.164,sender,61786f30-4c75-4147-a29d-ce70f84af3e7,ACKNOWLEDGED,ACK,640,0,""
167.172,sender,61786f30-4c75-4147-a29d-ce70f84af3e7,CONFIRM_DATA,ACK,640,1024,"unique file bytes acknowledged"
167.186,sender,61786f30-4c75-4147-a29d-ce70f84af3e7,RTT_SAMPLE,ACK,640,0,"4.420900"
167.205,sender,61786f30-4c75-4147-a29d-ce70f84af3e7,SEND,DATA,672,1060,""
167.230,sender,61786f30-4c75-4147-a29d-ce70f84af3e7,EMIT,DATA,672,1060,""
167.249,sender,61786f30-4c75-4147-a29d-ce70f84af3e7,RECEIVE,ACK,641,36,""
167.259,sender,61786f30-4c75-4147-a29d-ce70f84af3e7,ACKNOWLEDGED,ACK,641,0,""
167.268,sender,61786f30-4c75-4147-a29d-ce70f84af3e7,CONFIRM_DATA,ACK,641,1024,"unique file bytes acknowledged"
167.286,sender,61786f30-4c75-4147-a29d-ce70f84af3e7,RTT_SAMPLE,ACK,641,0,"4.372300"
167.300,sender,61786f30-4c75-4147-a29d-ce70f84af3e7,SEND,DATA,673,1060,""
167.326,sender,61786f30-4c75-4147-a29d-ce70f84af3e7,EMIT,DATA,673,1060,""
167.364,sender,61786f30-4c75-4147-a29d-ce70f84af3e7,RECEIVE,ACK,642,36,""
167.374,sender,61786f30-4c75-4147-a29d-ce70f84af3e7,ACKNOWLEDGED,ACK,642,0,""
167.383,sender,61786f30-4c75-4147-a29d-ce70f84af3e7,CONFIRM_DATA,ACK,642,1024,"unique file bytes acknowledged"
167.394,sender,61786f30-4c75-4147-a29d-ce70f84af3e7,RTT_SAMPLE,ACK,642,0,"4.352200"
167.428,sender,61786f30-4c75-4147-a29d-ce70f84af3e7,SEND,DATA,674,1060,""
167.452,sender,61786f30-4c75-4147-a29d-ce70f84af3e7,EMIT,DATA,674,1060,""
167.470,sender,61786f30-4c75-4147-a29d-ce70f84af3e7,RECEIVE,ACK,643,36,""
167.481,sender,61786f30-4c75-4147-a29d-ce70f84af3e7,ACKNOWLEDGED,ACK,643,0,""
167.489,sender,61786f30-4c75-4147-a29d-ce70f84af3e7,CONFIRM_DATA,ACK,643,1024,"unique file bytes acknowledged"
167.500,sender,61786f30-4c75-4147-a29d-ce70f84af3e7,RTT_SAMPLE,ACK,643,0,"4.326900"
167.525,sender,61786f30-4c75-4147-a29d-ce70f84af3e7,SEND,DATA,675,1060,""
167.565,sender,61786f30-4c75-4147-a29d-ce70f84af3e7,EMIT,DATA,675,1060,""
167.586,sender,61786f30-4c75-4147-a29d-ce70f84af3e7,RECEIVE,ACK,644,36,""
167.595,sender,61786f30-4c75-4147-a29d-ce70f84af3e7,ACKNOWLEDGED,ACK,644,0,""
167.607,sender,61786f30-4c75-4147-a29d-ce70f84af3e7,CONFIRM_DATA,ACK,644,1024,"unique file bytes acknowledged"
167.620,sender,61786f30-4c75-4147-a29d-ce70f84af3e7,RTT_SAMPLE,ACK,644,0,"4.305900"
167.654,sender,61786f30-4c75-4147-a29d-ce70f84af3e7,SEND,DATA,676,1060,""
167.678,sender,61786f30-4c75-4147-a29d-ce70f84af3e7,EMIT,DATA,676,1060,""
167.700,sender,61786f30-4c75-4147-a29d-ce70f84af3e7,RECEIVE,ACK,645,36,""
167.710,sender,61786f30-4c75-4147-a29d-ce70f84af3e7,ACKNOWLEDGED,ACK,645,0,""
167.734,sender,61786f30-4c75-4147-a29d-ce70f84af3e7,CONFIRM_DATA,ACK,645,1024,"unique file bytes acknowledged"
167.745,sender,61786f30-4c75-4147-a29d-ce70f84af3e7,RTT_SAMPLE,ACK,645,0,"4.262400"
167.762,sender,61786f30-4c75-4147-a29d-ce70f84af3e7,SEND,DATA,677,1060,""
167.797,sender,61786f30-4c75-4147-a29d-ce70f84af3e7,EMIT,DATA,677,1060,""
167.815,sender,61786f30-4c75-4147-a29d-ce70f84af3e7,RECEIVE,ACK,646,36,""
167.828,sender,61786f30-4c75-4147-a29d-ce70f84af3e7,ACKNOWLEDGED,ACK,646,0,""
167.838,sender,61786f30-4c75-4147-a29d-ce70f84af3e7,CONFIRM_DATA,ACK,646,1024,"unique file bytes acknowledged"
167.849,sender,61786f30-4c75-4147-a29d-ce70f84af3e7,RTT_SAMPLE,ACK,646,0,"4.245400"
167.873,sender,61786f30-4c75-4147-a29d-ce70f84af3e7,SEND,DATA,678,1060,""
167.902,sender,61786f30-4c75-4147-a29d-ce70f84af3e7,EMIT,DATA,678,1060,""
167.922,sender,61786f30-4c75-4147-a29d-ce70f84af3e7,RECEIVE,ACK,647,36,""
167.941,sender,61786f30-4c75-4147-a29d-ce70f84af3e7,ACKNOWLEDGED,ACK,647,0,""
167.951,sender,61786f30-4c75-4147-a29d-ce70f84af3e7,CONFIRM_DATA,ACK,647,1024,"unique file bytes acknowledged"
167.984,sender,61786f30-4c75-4147-a29d-ce70f84af3e7,RTT_SAMPLE,ACK,647,0,"4.151500"
168.032,sender,61786f30-4c75-4147-a29d-ce70f84af3e7,SEND,DATA,679,1060,""
168.059,sender,61786f30-4c75-4147-a29d-ce70f84af3e7,EMIT,DATA,679,1060,""
168.080,sender,61786f30-4c75-4147-a29d-ce70f84af3e7,RECEIVE,ACK,648,36,""
168.149,sender,61786f30-4c75-4147-a29d-ce70f84af3e7,ACKNOWLEDGED,ACK,648,0,""
168.161,sender,61786f30-4c75-4147-a29d-ce70f84af3e7,CONFIRM_DATA,ACK,648,1024,"unique file bytes acknowledged"
168.173,sender,61786f30-4c75-4147-a29d-ce70f84af3e7,RTT_SAMPLE,ACK,648,0,"4.099700"
168.189,sender,61786f30-4c75-4147-a29d-ce70f84af3e7,SEND,DATA,680,1060,""
168.216,sender,61786f30-4c75-4147-a29d-ce70f84af3e7,EMIT,DATA,680,1060,""
168.254,sender,61786f30-4c75-4147-a29d-ce70f84af3e7,RECEIVE,ACK,649,36,""
168.263,sender,61786f30-4c75-4147-a29d-ce70f84af3e7,ACKNOWLEDGED,ACK,649,0,""
168.275,sender,61786f30-4c75-4147-a29d-ce70f84af3e7,CONFIRM_DATA,ACK,649,1024,"unique file bytes acknowledged"
168.310,sender,61786f30-4c75-4147-a29d-ce70f84af3e7,RTT_SAMPLE,ACK,649,0,"4.031100"
168.339,sender,61786f30-4c75-4147-a29d-ce70f84af3e7,SEND,DATA,681,1060,""
168.363,sender,61786f30-4c75-4147-a29d-ce70f84af3e7,EMIT,DATA,681,1060,""
168.393,sender,61786f30-4c75-4147-a29d-ce70f84af3e7,RECEIVE,ACK,650,36,""
168.404,sender,61786f30-4c75-4147-a29d-ce70f84af3e7,ACKNOWLEDGED,ACK,650,0,""
168.411,sender,61786f30-4c75-4147-a29d-ce70f84af3e7,CONFIRM_DATA,ACK,650,1024,"unique file bytes acknowledged"
168.424,sender,61786f30-4c75-4147-a29d-ce70f84af3e7,RTT_SAMPLE,ACK,650,0,"3.970200"
168.445,sender,61786f30-4c75-4147-a29d-ce70f84af3e7,SEND,DATA,682,1060,""
168.469,sender,61786f30-4c75-4147-a29d-ce70f84af3e7,EMIT,DATA,682,1060,""
168.486,sender,61786f30-4c75-4147-a29d-ce70f84af3e7,RECEIVE,ACK,651,36,""
168.504,sender,61786f30-4c75-4147-a29d-ce70f84af3e7,ACKNOWLEDGED,ACK,651,0,""
168.514,sender,61786f30-4c75-4147-a29d-ce70f84af3e7,CONFIRM_DATA,ACK,651,1024,"unique file bytes acknowledged"
168.544,sender,61786f30-4c75-4147-a29d-ce70f84af3e7,RTT_SAMPLE,ACK,651,0,"3.953700"
168.559,sender,61786f30-4c75-4147-a29d-ce70f84af3e7,SEND,DATA,683,1060,""
168.582,sender,61786f30-4c75-4147-a29d-ce70f84af3e7,EMIT,DATA,683,1060,""
168.600,sender,61786f30-4c75-4147-a29d-ce70f84af3e7,RECEIVE,ACK,652,36,""
168.620,sender,61786f30-4c75-4147-a29d-ce70f84af3e7,ACKNOWLEDGED,ACK,652,0,""
168.633,sender,61786f30-4c75-4147-a29d-ce70f84af3e7,CONFIRM_DATA,ACK,652,1024,"unique file bytes acknowledged"
168.655,sender,61786f30-4c75-4147-a29d-ce70f84af3e7,RTT_SAMPLE,ACK,652,0,"3.946500"
168.672,sender,61786f30-4c75-4147-a29d-ce70f84af3e7,SEND,DATA,684,1060,""
168.698,sender,61786f30-4c75-4147-a29d-ce70f84af3e7,EMIT,DATA,684,1060,""
168.715,sender,61786f30-4c75-4147-a29d-ce70f84af3e7,RECEIVE,ACK,653,36,""
168.725,sender,61786f30-4c75-4147-a29d-ce70f84af3e7,ACKNOWLEDGED,ACK,653,0,""
168.733,sender,61786f30-4c75-4147-a29d-ce70f84af3e7,CONFIRM_DATA,ACK,653,1024,"unique file bytes acknowledged"
168.771,sender,61786f30-4c75-4147-a29d-ce70f84af3e7,RTT_SAMPLE,ACK,653,0,"3.974800"
168.798,sender,61786f30-4c75-4147-a29d-ce70f84af3e7,SEND,DATA,685,1060,""
168.841,sender,61786f30-4c75-4147-a29d-ce70f84af3e7,EMIT,DATA,685,1060,""
168.859,sender,61786f30-4c75-4147-a29d-ce70f84af3e7,RECEIVE,ACK,654,36,""
168.882,sender,61786f30-4c75-4147-a29d-ce70f84af3e7,ACKNOWLEDGED,ACK,654,0,""
168.891,sender,61786f30-4c75-4147-a29d-ce70f84af3e7,CONFIRM_DATA,ACK,654,1024,"unique file bytes acknowledged"
168.902,sender,61786f30-4c75-4147-a29d-ce70f84af3e7,RTT_SAMPLE,ACK,654,0,"3.948900"
168.919,sender,61786f30-4c75-4147-a29d-ce70f84af3e7,SEND,DATA,686,1060,""
168.946,sender,61786f30-4c75-4147-a29d-ce70f84af3e7,EMIT,DATA,686,1060,""
168.971,sender,61786f30-4c75-4147-a29d-ce70f84af3e7,RECEIVE,ACK,655,36,""
168.980,sender,61786f30-4c75-4147-a29d-ce70f84af3e7,ACKNOWLEDGED,ACK,655,0,""
169.007,sender,61786f30-4c75-4147-a29d-ce70f84af3e7,CONFIRM_DATA,ACK,655,1024,"unique file bytes acknowledged"
169.020,sender,61786f30-4c75-4147-a29d-ce70f84af3e7,RTT_SAMPLE,ACK,655,0,"3.964400"
169.055,sender,61786f30-4c75-4147-a29d-ce70f84af3e7,SEND,DATA,687,1060,""
169.081,sender,61786f30-4c75-4147-a29d-ce70f84af3e7,EMIT,DATA,687,1060,""
169.106,sender,61786f30-4c75-4147-a29d-ce70f84af3e7,RECEIVE,ACK,656,36,""
169.117,sender,61786f30-4c75-4147-a29d-ce70f84af3e7,ACKNOWLEDGED,ACK,656,0,""
169.127,sender,61786f30-4c75-4147-a29d-ce70f84af3e7,CONFIRM_DATA,ACK,656,1024,"unique file bytes acknowledged"
169.137,sender,61786f30-4c75-4147-a29d-ce70f84af3e7,RTT_SAMPLE,ACK,656,0,"3.966200"
169.152,sender,61786f30-4c75-4147-a29d-ce70f84af3e7,SEND,DATA,688,1060,""
169.174,sender,61786f30-4c75-4147-a29d-ce70f84af3e7,EMIT,DATA,688,1060,""
169.191,sender,61786f30-4c75-4147-a29d-ce70f84af3e7,RECEIVE,ACK,657,36,""
169.212,sender,61786f30-4c75-4147-a29d-ce70f84af3e7,ACKNOWLEDGED,ACK,657,0,""
169.220,sender,61786f30-4c75-4147-a29d-ce70f84af3e7,CONFIRM_DATA,ACK,657,1024,"unique file bytes acknowledged"
169.229,sender,61786f30-4c75-4147-a29d-ce70f84af3e7,RTT_SAMPLE,ACK,657,0,"3.935800"
169.244,sender,61786f30-4c75-4147-a29d-ce70f84af3e7,SEND,DATA,689,1060,""
169.266,sender,61786f30-4c75-4147-a29d-ce70f84af3e7,EMIT,DATA,689,1060,""
169.283,sender,61786f30-4c75-4147-a29d-ce70f84af3e7,RECEIVE,ACK,658,36,""
169.293,sender,61786f30-4c75-4147-a29d-ce70f84af3e7,ACKNOWLEDGED,ACK,658,0,""
169.301,sender,61786f30-4c75-4147-a29d-ce70f84af3e7,CONFIRM_DATA,ACK,658,1024,"unique file bytes acknowledged"
169.315,sender,61786f30-4c75-4147-a29d-ce70f84af3e7,RTT_SAMPLE,ACK,658,0,"3.894400"
169.336,sender,61786f30-4c75-4147-a29d-ce70f84af3e7,SEND,DATA,690,1060,""
169.359,sender,61786f30-4c75-4147-a29d-ce70f84af3e7,EMIT,DATA,690,1060,""
169.387,sender,61786f30-4c75-4147-a29d-ce70f84af3e7,RECEIVE,ACK,659,36,""
169.410,sender,61786f30-4c75-4147-a29d-ce70f84af3e7,ACKNOWLEDGED,ACK,659,0,""
169.423,sender,61786f30-4c75-4147-a29d-ce70f84af3e7,CONFIRM_DATA,ACK,659,1024,"unique file bytes acknowledged"
169.433,sender,61786f30-4c75-4147-a29d-ce70f84af3e7,RTT_SAMPLE,ACK,659,0,"3.932200"
169.450,sender,61786f30-4c75-4147-a29d-ce70f84af3e7,SEND,DATA,691,1060,""
169.475,sender,61786f30-4c75-4147-a29d-ce70f84af3e7,EMIT,DATA,691,1060,""
169.493,sender,61786f30-4c75-4147-a29d-ce70f84af3e7,RECEIVE,ACK,660,36,""
169.503,sender,61786f30-4c75-4147-a29d-ce70f84af3e7,ACKNOWLEDGED,ACK,660,0,""
169.511,sender,61786f30-4c75-4147-a29d-ce70f84af3e7,CONFIRM_DATA,ACK,660,1024,"unique file bytes acknowledged"
169.522,sender,61786f30-4c75-4147-a29d-ce70f84af3e7,RTT_SAMPLE,ACK,660,0,"3.907200"
169.555,sender,61786f30-4c75-4147-a29d-ce70f84af3e7,SEND,DATA,692,1060,""
169.581,sender,61786f30-4c75-4147-a29d-ce70f84af3e7,EMIT,DATA,692,1060,""
169.614,sender,61786f30-4c75-4147-a29d-ce70f84af3e7,RECEIVE,ACK,661,36,""
169.638,sender,61786f30-4c75-4147-a29d-ce70f84af3e7,ACKNOWLEDGED,ACK,661,0,""
169.652,sender,61786f30-4c75-4147-a29d-ce70f84af3e7,CONFIRM_DATA,ACK,661,1024,"unique file bytes acknowledged"
169.665,sender,61786f30-4c75-4147-a29d-ce70f84af3e7,RTT_SAMPLE,ACK,661,0,"3.909200"
169.701,sender,61786f30-4c75-4147-a29d-ce70f84af3e7,SEND,DATA,693,1060,""
169.732,sender,61786f30-4c75-4147-a29d-ce70f84af3e7,EMIT,DATA,693,1060,""
169.756,sender,61786f30-4c75-4147-a29d-ce70f84af3e7,RECEIVE,ACK,662,36,""
169.785,sender,61786f30-4c75-4147-a29d-ce70f84af3e7,ACKNOWLEDGED,ACK,662,0,""
169.796,sender,61786f30-4c75-4147-a29d-ce70f84af3e7,CONFIRM_DATA,ACK,662,1024,"unique file bytes acknowledged"
169.812,sender,61786f30-4c75-4147-a29d-ce70f84af3e7,RTT_SAMPLE,ACK,662,0,"3.882200"
169.843,sender,61786f30-4c75-4147-a29d-ce70f84af3e7,SEND,DATA,694,1060,""
169.904,sender,61786f30-4c75-4147-a29d-ce70f84af3e7,EMIT,DATA,694,1060,""
169.944,sender,61786f30-4c75-4147-a29d-ce70f84af3e7,RECEIVE,ACK,663,36,""
169.956,sender,61786f30-4c75-4147-a29d-ce70f84af3e7,ACKNOWLEDGED,ACK,663,0,""
169.964,sender,61786f30-4c75-4147-a29d-ce70f84af3e7,CONFIRM_DATA,ACK,663,1024,"unique file bytes acknowledged"
169.979,sender,61786f30-4c75-4147-a29d-ce70f84af3e7,RTT_SAMPLE,ACK,663,0,"3.937000"
169.997,sender,61786f30-4c75-4147-a29d-ce70f84af3e7,SEND,DATA,695,1060,""
170.023,sender,61786f30-4c75-4147-a29d-ce70f84af3e7,EMIT,DATA,695,1060,""
170.042,sender,61786f30-4c75-4147-a29d-ce70f84af3e7,RECEIVE,ACK,664,36,""
170.055,sender,61786f30-4c75-4147-a29d-ce70f84af3e7,ACKNOWLEDGED,ACK,664,0,""
170.064,sender,61786f30-4c75-4147-a29d-ce70f84af3e7,CONFIRM_DATA,ACK,664,1024,"unique file bytes acknowledged"
170.138,sender,61786f30-4c75-4147-a29d-ce70f84af3e7,RTT_SAMPLE,ACK,664,0,"3.886400"
170.156,sender,61786f30-4c75-4147-a29d-ce70f84af3e7,SEND,DATA,696,1060,""
170.197,sender,61786f30-4c75-4147-a29d-ce70f84af3e7,EMIT,DATA,696,1060,""
170.219,sender,61786f30-4c75-4147-a29d-ce70f84af3e7,RECEIVE,ACK,665,36,""
170.230,sender,61786f30-4c75-4147-a29d-ce70f84af3e7,ACKNOWLEDGED,ACK,665,0,""
170.238,sender,61786f30-4c75-4147-a29d-ce70f84af3e7,CONFIRM_DATA,ACK,665,1024,"unique file bytes acknowledged"
170.252,sender,61786f30-4c75-4147-a29d-ce70f84af3e7,RTT_SAMPLE,ACK,665,0,"3.899500"
170.272,sender,61786f30-4c75-4147-a29d-ce70f84af3e7,SEND,DATA,697,1060,""
170.299,sender,61786f30-4c75-4147-a29d-ce70f84af3e7,EMIT,DATA,697,1060,""
170.340,sender,61786f30-4c75-4147-a29d-ce70f84af3e7,RECEIVE,ACK,666,36,""
170.351,sender,61786f30-4c75-4147-a29d-ce70f84af3e7,ACKNOWLEDGED,ACK,666,0,""
170.359,sender,61786f30-4c75-4147-a29d-ce70f84af3e7,CONFIRM_DATA,ACK,666,1024,"unique file bytes acknowledged"
170.369,sender,61786f30-4c75-4147-a29d-ce70f84af3e7,RTT_SAMPLE,ACK,666,0,"3.898800"
170.420,sender,61786f30-4c75-4147-a29d-ce70f84af3e7,SEND,DATA,698,1060,""
170.447,sender,61786f30-4c75-4147-a29d-ce70f84af3e7,EMIT,DATA,698,1060,""
170.468,sender,61786f30-4c75-4147-a29d-ce70f84af3e7,RECEIVE,ACK,667,36,""
170.482,sender,61786f30-4c75-4147-a29d-ce70f84af3e7,ACKNOWLEDGED,ACK,667,0,""
170.495,sender,61786f30-4c75-4147-a29d-ce70f84af3e7,CONFIRM_DATA,ACK,667,1024,"unique file bytes acknowledged"
170.507,sender,61786f30-4c75-4147-a29d-ce70f84af3e7,RTT_SAMPLE,ACK,667,0,"3.913900"
170.522,sender,61786f30-4c75-4147-a29d-ce70f84af3e7,SEND,DATA,699,1060,""
170.549,sender,61786f30-4c75-4147-a29d-ce70f84af3e7,EMIT,DATA,699,1060,""
170.569,sender,61786f30-4c75-4147-a29d-ce70f84af3e7,RECEIVE,ACK,668,36,""
170.580,sender,61786f30-4c75-4147-a29d-ce70f84af3e7,ACKNOWLEDGED,ACK,668,0,""
170.599,sender,61786f30-4c75-4147-a29d-ce70f84af3e7,CONFIRM_DATA,ACK,668,1024,"unique file bytes acknowledged"
170.610,sender,61786f30-4c75-4147-a29d-ce70f84af3e7,RTT_SAMPLE,ACK,668,0,"3.919200"
170.643,sender,61786f30-4c75-4147-a29d-ce70f84af3e7,SEND,DATA,700,1060,""
170.670,sender,61786f30-4c75-4147-a29d-ce70f84af3e7,EMIT,DATA,700,1060,""
170.689,sender,61786f30-4c75-4147-a29d-ce70f84af3e7,RECEIVE,ACK,669,36,""
170.706,sender,61786f30-4c75-4147-a29d-ce70f84af3e7,ACKNOWLEDGED,ACK,669,0,""
170.715,sender,61786f30-4c75-4147-a29d-ce70f84af3e7,CONFIRM_DATA,ACK,669,1024,"unique file bytes acknowledged"
170.726,sender,61786f30-4c75-4147-a29d-ce70f84af3e7,RTT_SAMPLE,ACK,669,0,"3.930300"
170.740,sender,61786f30-4c75-4147-a29d-ce70f84af3e7,SEND,DATA,701,1060,""
170.766,sender,61786f30-4c75-4147-a29d-ce70f84af3e7,EMIT,DATA,701,1060,""
170.803,sender,61786f30-4c75-4147-a29d-ce70f84af3e7,RECEIVE,ACK,670,36,""
170.817,sender,61786f30-4c75-4147-a29d-ce70f84af3e7,ACKNOWLEDGED,ACK,670,0,""
170.825,sender,61786f30-4c75-4147-a29d-ce70f84af3e7,CONFIRM_DATA,ACK,670,1024,"unique file bytes acknowledged"
170.847,sender,61786f30-4c75-4147-a29d-ce70f84af3e7,RTT_SAMPLE,ACK,670,0,"3.893000"
170.969,sender,61786f30-4c75-4147-a29d-ce70f84af3e7,SEND,DATA,702,1060,""
171.003,sender,61786f30-4c75-4147-a29d-ce70f84af3e7,EMIT,DATA,702,1060,""
171.027,sender,61786f30-4c75-4147-a29d-ce70f84af3e7,RECEIVE,ACK,671,36,""
171.039,sender,61786f30-4c75-4147-a29d-ce70f84af3e7,ACKNOWLEDGED,ACK,671,0,""
171.060,sender,61786f30-4c75-4147-a29d-ce70f84af3e7,CONFIRM_DATA,ACK,671,1024,"unique file bytes acknowledged"
171.074,sender,61786f30-4c75-4147-a29d-ce70f84af3e7,RTT_SAMPLE,ACK,671,0,"3.985000"
171.089,sender,61786f30-4c75-4147-a29d-ce70f84af3e7,SEND,DATA,703,1060,""
171.113,sender,61786f30-4c75-4147-a29d-ce70f84af3e7,EMIT,DATA,703,1060,""
171.132,sender,61786f30-4c75-4147-a29d-ce70f84af3e7,RECEIVE,ACK,672,36,""
171.142,sender,61786f30-4c75-4147-a29d-ce70f84af3e7,ACKNOWLEDGED,ACK,672,0,""
171.150,sender,61786f30-4c75-4147-a29d-ce70f84af3e7,CONFIRM_DATA,ACK,672,1024,"unique file bytes acknowledged"
171.175,sender,61786f30-4c75-4147-a29d-ce70f84af3e7,RTT_SAMPLE,ACK,672,0,"3.970800"
171.189,sender,61786f30-4c75-4147-a29d-ce70f84af3e7,SEND,DATA,704,1060,""
171.215,sender,61786f30-4c75-4147-a29d-ce70f84af3e7,EMIT,DATA,704,1060,""
171.233,sender,61786f30-4c75-4147-a29d-ce70f84af3e7,RECEIVE,ACK,673,36,""
171.243,sender,61786f30-4c75-4147-a29d-ce70f84af3e7,ACKNOWLEDGED,ACK,673,0,""
171.251,sender,61786f30-4c75-4147-a29d-ce70f84af3e7,CONFIRM_DATA,ACK,673,1024,"unique file bytes acknowledged"
171.262,sender,61786f30-4c75-4147-a29d-ce70f84af3e7,RTT_SAMPLE,ACK,673,0,"3.962100"
171.276,sender,61786f30-4c75-4147-a29d-ce70f84af3e7,SEND,DATA,705,1060,""
171.299,sender,61786f30-4c75-4147-a29d-ce70f84af3e7,EMIT,DATA,705,1060,""
171.320,sender,61786f30-4c75-4147-a29d-ce70f84af3e7,RECEIVE,ACK,674,36,""
171.330,sender,61786f30-4c75-4147-a29d-ce70f84af3e7,ACKNOWLEDGED,ACK,674,0,""
171.355,sender,61786f30-4c75-4147-a29d-ce70f84af3e7,CONFIRM_DATA,ACK,674,1024,"unique file bytes acknowledged"
171.367,sender,61786f30-4c75-4147-a29d-ce70f84af3e7,RTT_SAMPLE,ACK,674,0,"3.938400"
171.381,sender,61786f30-4c75-4147-a29d-ce70f84af3e7,SEND,DATA,706,1060,""
171.407,sender,61786f30-4c75-4147-a29d-ce70f84af3e7,EMIT,DATA,706,1060,""
171.425,sender,61786f30-4c75-4147-a29d-ce70f84af3e7,RECEIVE,ACK,675,36,""
171.435,sender,61786f30-4c75-4147-a29d-ce70f84af3e7,ACKNOWLEDGED,ACK,675,0,""
171.447,sender,61786f30-4c75-4147-a29d-ce70f84af3e7,CONFIRM_DATA,ACK,675,1024,"unique file bytes acknowledged"
171.459,sender,61786f30-4c75-4147-a29d-ce70f84af3e7,RTT_SAMPLE,ACK,675,0,"3.933900"
171.477,sender,61786f30-4c75-4147-a29d-ce70f84af3e7,SEND,DATA,707,1060,""
171.503,sender,61786f30-4c75-4147-a29d-ce70f84af3e7,EMIT,DATA,707,1060,""
171.540,sender,61786f30-4c75-4147-a29d-ce70f84af3e7,RECEIVE,ACK,676,36,""
171.563,sender,61786f30-4c75-4147-a29d-ce70f84af3e7,ACKNOWLEDGED,ACK,676,0,""
171.573,sender,61786f30-4c75-4147-a29d-ce70f84af3e7,CONFIRM_DATA,ACK,676,1024,"unique file bytes acknowledged"
171.586,sender,61786f30-4c75-4147-a29d-ce70f84af3e7,RTT_SAMPLE,ACK,676,0,"3.930500"
171.608,sender,61786f30-4c75-4147-a29d-ce70f84af3e7,SEND,DATA,708,1060,""
171.646,sender,61786f30-4c75-4147-a29d-ce70f84af3e7,EMIT,DATA,708,1060,""
171.667,sender,61786f30-4c75-4147-a29d-ce70f84af3e7,RECEIVE,ACK,677,36,""
171.678,sender,61786f30-4c75-4147-a29d-ce70f84af3e7,ACKNOWLEDGED,ACK,677,0,""
171.686,sender,61786f30-4c75-4147-a29d-ce70f84af3e7,CONFIRM_DATA,ACK,677,1024,"unique file bytes acknowledged"
171.711,sender,61786f30-4c75-4147-a29d-ce70f84af3e7,RTT_SAMPLE,ACK,677,0,"3.948100"
171.727,sender,61786f30-4c75-4147-a29d-ce70f84af3e7,SEND,DATA,709,1060,""
171.755,sender,61786f30-4c75-4147-a29d-ce70f84af3e7,EMIT,DATA,709,1060,""
171.775,sender,61786f30-4c75-4147-a29d-ce70f84af3e7,RECEIVE,ACK,678,36,""
171.804,sender,61786f30-4c75-4147-a29d-ce70f84af3e7,ACKNOWLEDGED,ACK,678,0,""
171.812,sender,61786f30-4c75-4147-a29d-ce70f84af3e7,CONFIRM_DATA,ACK,678,1024,"unique file bytes acknowledged"
171.823,sender,61786f30-4c75-4147-a29d-ce70f84af3e7,RTT_SAMPLE,ACK,678,0,"3.951200"
171.840,sender,61786f30-4c75-4147-a29d-ce70f84af3e7,SEND,DATA,710,1060,""
171.876,sender,61786f30-4c75-4147-a29d-ce70f84af3e7,EMIT,DATA,710,1060,""
171.901,sender,61786f30-4c75-4147-a29d-ce70f84af3e7,RECEIVE,ACK,679,36,""
171.913,sender,61786f30-4c75-4147-a29d-ce70f84af3e7,ACKNOWLEDGED,ACK,679,0,""
171.932,sender,61786f30-4c75-4147-a29d-ce70f84af3e7,CONFIRM_DATA,ACK,679,1024,"unique file bytes acknowledged"
171.946,sender,61786f30-4c75-4147-a29d-ce70f84af3e7,RTT_SAMPLE,ACK,679,0,"3.933700"
171.962,sender,61786f30-4c75-4147-a29d-ce70f84af3e7,SEND,DATA,711,1060,""
171.997,sender,61786f30-4c75-4147-a29d-ce70f84af3e7,EMIT,DATA,711,1060,""
172.030,sender,61786f30-4c75-4147-a29d-ce70f84af3e7,RECEIVE,ACK,680,36,""
172.044,sender,61786f30-4c75-4147-a29d-ce70f84af3e7,ACKNOWLEDGED,ACK,680,0,""
172.055,sender,61786f30-4c75-4147-a29d-ce70f84af3e7,CONFIRM_DATA,ACK,680,1024,"unique file bytes acknowledged"
172.065,sender,61786f30-4c75-4147-a29d-ce70f84af3e7,RTT_SAMPLE,ACK,680,0,"3.876900"
172.081,sender,61786f30-4c75-4147-a29d-ce70f84af3e7,SEND,DATA,712,1060,""
172.196,sender,61786f30-4c75-4147-a29d-ce70f84af3e7,EMIT,DATA,712,1060,""
172.226,sender,61786f30-4c75-4147-a29d-ce70f84af3e7,RECEIVE,ACK,681,36,""
172.239,sender,61786f30-4c75-4147-a29d-ce70f84af3e7,ACKNOWLEDGED,ACK,681,0,""
172.259,sender,61786f30-4c75-4147-a29d-ce70f84af3e7,CONFIRM_DATA,ACK,681,1024,"unique file bytes acknowledged"
172.275,sender,61786f30-4c75-4147-a29d-ce70f84af3e7,RTT_SAMPLE,ACK,681,0,"3.934600"
172.293,sender,61786f30-4c75-4147-a29d-ce70f84af3e7,SEND,DATA,713,1060,""
172.354,sender,61786f30-4c75-4147-a29d-ce70f84af3e7,EMIT,DATA,713,1060,""
172.378,sender,61786f30-4c75-4147-a29d-ce70f84af3e7,RECEIVE,ACK,682,36,""
172.390,sender,61786f30-4c75-4147-a29d-ce70f84af3e7,ACKNOWLEDGED,ACK,682,0,""
172.399,sender,61786f30-4c75-4147-a29d-ce70f84af3e7,CONFIRM_DATA,ACK,682,1024,"unique file bytes acknowledged"
172.410,sender,61786f30-4c75-4147-a29d-ce70f84af3e7,RTT_SAMPLE,ACK,682,0,"3.964500"
172.426,sender,61786f30-4c75-4147-a29d-ce70f84af3e7,SEND,DATA,714,1060,""
172.450,sender,61786f30-4c75-4147-a29d-ce70f84af3e7,EMIT,DATA,714,1060,""
172.469,sender,61786f30-4c75-4147-a29d-ce70f84af3e7,RECEIVE,ACK,683,36,""
172.479,sender,61786f30-4c75-4147-a29d-ce70f84af3e7,ACKNOWLEDGED,ACK,683,0,""
172.487,sender,61786f30-4c75-4147-a29d-ce70f84af3e7,CONFIRM_DATA,ACK,683,1024,"unique file bytes acknowledged"
172.503,sender,61786f30-4c75-4147-a29d-ce70f84af3e7,RTT_SAMPLE,ACK,683,0,"3.943100"
172.519,sender,61786f30-4c75-4147-a29d-ce70f84af3e7,SEND,DATA,715,1060,""
172.569,sender,61786f30-4c75-4147-a29d-ce70f84af3e7,EMIT,DATA,715,1060,""
172.610,sender,61786f30-4c75-4147-a29d-ce70f84af3e7,RECEIVE,ACK,684,36,""
172.623,sender,61786f30-4c75-4147-a29d-ce70f84af3e7,ACKNOWLEDGED,ACK,684,0,""
172.631,sender,61786f30-4c75-4147-a29d-ce70f84af3e7,CONFIRM_DATA,ACK,684,1024,"unique file bytes acknowledged"
172.644,sender,61786f30-4c75-4147-a29d-ce70f84af3e7,RTT_SAMPLE,ACK,684,0,"3.970300"
172.663,sender,61786f30-4c75-4147-a29d-ce70f84af3e7,SEND,DATA,716,1060,""
172.689,sender,61786f30-4c75-4147-a29d-ce70f84af3e7,EMIT,DATA,716,1060,""
172.708,sender,61786f30-4c75-4147-a29d-ce70f84af3e7,RECEIVE,ACK,685,36,""
172.723,sender,61786f30-4c75-4147-a29d-ce70f84af3e7,ACKNOWLEDGED,ACK,685,0,""
172.733,sender,61786f30-4c75-4147-a29d-ce70f84af3e7,CONFIRM_DATA,ACK,685,1024,"unique file bytes acknowledged"
172.743,sender,61786f30-4c75-4147-a29d-ce70f84af3e7,RTT_SAMPLE,ACK,685,0,"3.952300"
172.769,sender,61786f30-4c75-4147-a29d-ce70f84af3e7,SEND,DATA,717,1060,""
172.799,sender,61786f30-4c75-4147-a29d-ce70f84af3e7,EMIT,DATA,717,1060,""
172.820,sender,61786f30-4c75-4147-a29d-ce70f84af3e7,RECEIVE,ACK,686,36,""
172.849,sender,61786f30-4c75-4147-a29d-ce70f84af3e7,ACKNOWLEDGED,ACK,686,0,""
172.858,sender,61786f30-4c75-4147-a29d-ce70f84af3e7,CONFIRM_DATA,ACK,686,1024,"unique file bytes acknowledged"
172.884,sender,61786f30-4c75-4147-a29d-ce70f84af3e7,RTT_SAMPLE,ACK,686,0,"3.962300"
172.900,sender,61786f30-4c75-4147-a29d-ce70f84af3e7,SEND,DATA,718,1060,""
172.931,sender,61786f30-4c75-4147-a29d-ce70f84af3e7,EMIT,DATA,718,1060,""
172.953,sender,61786f30-4c75-4147-a29d-ce70f84af3e7,RECEIVE,ACK,687,36,""
172.967,sender,61786f30-4c75-4147-a29d-ce70f84af3e7,ACKNOWLEDGED,ACK,687,0,""
172.983,sender,61786f30-4c75-4147-a29d-ce70f84af3e7,CONFIRM_DATA,ACK,687,1024,"unique file bytes acknowledged"
172.996,sender,61786f30-4c75-4147-a29d-ce70f84af3e7,RTT_SAMPLE,ACK,687,0,"3.960300"
173.031,sender,61786f30-4c75-4147-a29d-ce70f84af3e7,SEND,DATA,719,1060,""
173.056,sender,61786f30-4c75-4147-a29d-ce70f84af3e7,EMIT,DATA,719,1060,""
173.076,sender,61786f30-4c75-4147-a29d-ce70f84af3e7,RECEIVE,ACK,688,36,""
173.086,sender,61786f30-4c75-4147-a29d-ce70f84af3e7,ACKNOWLEDGED,ACK,688,0,""
173.107,sender,61786f30-4c75-4147-a29d-ce70f84af3e7,CONFIRM_DATA,ACK,688,1024,"unique file bytes acknowledged"
173.119,sender,61786f30-4c75-4147-a29d-ce70f84af3e7,RTT_SAMPLE,ACK,688,0,"3.967000"
173.135,sender,61786f30-4c75-4147-a29d-ce70f84af3e7,SEND,DATA,720,1060,""
173.179,sender,61786f30-4c75-4147-a29d-ce70f84af3e7,EMIT,DATA,720,1060,""
173.201,sender,61786f30-4c75-4147-a29d-ce70f84af3e7,RECEIVE,ACK,689,36,""
173.211,sender,61786f30-4c75-4147-a29d-ce70f84af3e7,ACKNOWLEDGED,ACK,689,0,""
173.220,sender,61786f30-4c75-4147-a29d-ce70f84af3e7,CONFIRM_DATA,ACK,689,1024,"unique file bytes acknowledged"
173.248,sender,61786f30-4c75-4147-a29d-ce70f84af3e7,RTT_SAMPLE,ACK,689,0,"4.002200"
173.264,sender,61786f30-4c75-4147-a29d-ce70f84af3e7,SEND,DATA,721,1060,""
173.291,sender,61786f30-4c75-4147-a29d-ce70f84af3e7,EMIT,DATA,721,1060,""
173.312,sender,61786f30-4c75-4147-a29d-ce70f84af3e7,RECEIVE,ACK,690,36,""
173.325,sender,61786f30-4c75-4147-a29d-ce70f84af3e7,ACKNOWLEDGED,ACK,690,0,""
173.334,sender,61786f30-4c75-4147-a29d-ce70f84af3e7,CONFIRM_DATA,ACK,690,1024,"unique file bytes acknowledged"
173.357,sender,61786f30-4c75-4147-a29d-ce70f84af3e7,RTT_SAMPLE,ACK,690,0,"4.020000"
173.372,sender,61786f30-4c75-4147-a29d-ce70f84af3e7,SEND,DATA,722,1060,""
173.398,sender,61786f30-4c75-4147-a29d-ce70f84af3e7,EMIT,DATA,722,1060,""
173.421,sender,61786f30-4c75-4147-a29d-ce70f84af3e7,RECEIVE,ACK,691,36,""
173.431,sender,61786f30-4c75-4147-a29d-ce70f84af3e7,ACKNOWLEDGED,ACK,691,0,""
173.439,sender,61786f30-4c75-4147-a29d-ce70f84af3e7,CONFIRM_DATA,ACK,691,1024,"unique file bytes acknowledged"
173.464,sender,61786f30-4c75-4147-a29d-ce70f84af3e7,RTT_SAMPLE,ACK,691,0,"4.014100"
173.482,sender,61786f30-4c75-4147-a29d-ce70f84af3e7,SEND,DATA,723,1060,""
173.508,sender,61786f30-4c75-4147-a29d-ce70f84af3e7,EMIT,DATA,723,1060,""
173.525,sender,61786f30-4c75-4147-a29d-ce70f84af3e7,RECEIVE,ACK,692,36,""
173.535,sender,61786f30-4c75-4147-a29d-ce70f84af3e7,ACKNOWLEDGED,ACK,692,0,""
173.543,sender,61786f30-4c75-4147-a29d-ce70f84af3e7,CONFIRM_DATA,ACK,692,1024,"unique file bytes acknowledged"
173.553,sender,61786f30-4c75-4147-a29d-ce70f84af3e7,RTT_SAMPLE,ACK,692,0,"3.998700"
173.567,sender,61786f30-4c75-4147-a29d-ce70f84af3e7,SEND,DATA,724,1060,""
173.589,sender,61786f30-4c75-4147-a29d-ce70f84af3e7,EMIT,DATA,724,1060,""
173.610,sender,61786f30-4c75-4147-a29d-ce70f84af3e7,RECEIVE,ACK,693,36,""
173.620,sender,61786f30-4c75-4147-a29d-ce70f84af3e7,ACKNOWLEDGED,ACK,693,0,""
173.641,sender,61786f30-4c75-4147-a29d-ce70f84af3e7,CONFIRM_DATA,ACK,693,1024,"unique file bytes acknowledged"
173.673,sender,61786f30-4c75-4147-a29d-ce70f84af3e7,RTT_SAMPLE,ACK,693,0,"3.970800"
173.687,sender,61786f30-4c75-4147-a29d-ce70f84af3e7,SEND,DATA,725,1060,""
173.714,sender,61786f30-4c75-4147-a29d-ce70f84af3e7,EMIT,DATA,725,1060,""
173.734,sender,61786f30-4c75-4147-a29d-ce70f84af3e7,RECEIVE,ACK,694,36,""
173.743,sender,61786f30-4c75-4147-a29d-ce70f84af3e7,ACKNOWLEDGED,ACK,694,0,""
173.753,sender,61786f30-4c75-4147-a29d-ce70f84af3e7,CONFIRM_DATA,ACK,694,1024,"unique file bytes acknowledged"
173.765,sender,61786f30-4c75-4147-a29d-ce70f84af3e7,RTT_SAMPLE,ACK,694,0,"3.934800"
173.786,sender,61786f30-4c75-4147-a29d-ce70f84af3e7,SEND,DATA,726,1060,""
173.810,sender,61786f30-4c75-4147-a29d-ce70f84af3e7,EMIT,DATA,726,1060,""
173.830,sender,61786f30-4c75-4147-a29d-ce70f84af3e7,RECEIVE,ACK,695,36,""
173.853,sender,61786f30-4c75-4147-a29d-ce70f84af3e7,ACKNOWLEDGED,ACK,695,0,""
173.871,sender,61786f30-4c75-4147-a29d-ce70f84af3e7,CONFIRM_DATA,ACK,695,1024,"unique file bytes acknowledged"
173.884,sender,61786f30-4c75-4147-a29d-ce70f84af3e7,RTT_SAMPLE,ACK,695,0,"3.888500"
173.901,sender,61786f30-4c75-4147-a29d-ce70f84af3e7,SEND,DATA,727,1060,""
173.927,sender,61786f30-4c75-4147-a29d-ce70f84af3e7,EMIT,DATA,727,1060,""
173.949,sender,61786f30-4c75-4147-a29d-ce70f84af3e7,RECEIVE,ACK,696,36,""
173.977,sender,61786f30-4c75-4147-a29d-ce70f84af3e7,ACKNOWLEDGED,ACK,696,0,""
173.986,sender,61786f30-4c75-4147-a29d-ce70f84af3e7,CONFIRM_DATA,ACK,696,1024,"unique file bytes acknowledged"
174.001,sender,61786f30-4c75-4147-a29d-ce70f84af3e7,RTT_SAMPLE,ACK,696,0,"3.844600"
174.032,sender,61786f30-4c75-4147-a29d-ce70f84af3e7,SEND,DATA,728,1060,""
174.061,sender,61786f30-4c75-4147-a29d-ce70f84af3e7,EMIT,DATA,728,1060,""
174.081,sender,61786f30-4c75-4147-a29d-ce70f84af3e7,RECEIVE,ACK,697,36,""
174.107,sender,61786f30-4c75-4147-a29d-ce70f84af3e7,ACKNOWLEDGED,ACK,697,0,""
174.202,sender,61786f30-4c75-4147-a29d-ce70f84af3e7,CONFIRM_DATA,ACK,697,1024,"unique file bytes acknowledged"
174.221,sender,61786f30-4c75-4147-a29d-ce70f84af3e7,RTT_SAMPLE,ACK,697,0,"3.949300"
174.238,sender,61786f30-4c75-4147-a29d-ce70f84af3e7,SEND,DATA,729,1060,""
174.270,sender,61786f30-4c75-4147-a29d-ce70f84af3e7,EMIT,DATA,729,1060,""
174.292,sender,61786f30-4c75-4147-a29d-ce70f84af3e7,RECEIVE,ACK,698,36,""
174.304,sender,61786f30-4c75-4147-a29d-ce70f84af3e7,ACKNOWLEDGED,ACK,698,0,""
174.313,sender,61786f30-4c75-4147-a29d-ce70f84af3e7,CONFIRM_DATA,ACK,698,1024,"unique file bytes acknowledged"
174.324,sender,61786f30-4c75-4147-a29d-ce70f84af3e7,RTT_SAMPLE,ACK,698,0,"3.903900"
174.338,sender,61786f30-4c75-4147-a29d-ce70f84af3e7,SEND,DATA,730,1060,""
174.365,sender,61786f30-4c75-4147-a29d-ce70f84af3e7,EMIT,DATA,730,1060,""
174.395,sender,61786f30-4c75-4147-a29d-ce70f84af3e7,RECEIVE,ACK,699,36,""
174.407,sender,61786f30-4c75-4147-a29d-ce70f84af3e7,ACKNOWLEDGED,ACK,699,0,""
174.425,sender,61786f30-4c75-4147-a29d-ce70f84af3e7,CONFIRM_DATA,ACK,699,1024,"unique file bytes acknowledged"
174.452,sender,61786f30-4c75-4147-a29d-ce70f84af3e7,RTT_SAMPLE,ACK,699,0,"3.929100"
174.468,sender,61786f30-4c75-4147-a29d-ce70f84af3e7,SEND,DATA,731,1060,""
174.495,sender,61786f30-4c75-4147-a29d-ce70f84af3e7,EMIT,DATA,731,1060,""
174.519,sender,61786f30-4c75-4147-a29d-ce70f84af3e7,RECEIVE,ACK,700,36,""
174.528,sender,61786f30-4c75-4147-a29d-ce70f84af3e7,ACKNOWLEDGED,ACK,700,0,""
174.537,sender,61786f30-4c75-4147-a29d-ce70f84af3e7,CONFIRM_DATA,ACK,700,1024,"unique file bytes acknowledged"
174.552,sender,61786f30-4c75-4147-a29d-ce70f84af3e7,RTT_SAMPLE,ACK,700,0,"3.906400"
174.569,sender,61786f30-4c75-4147-a29d-ce70f84af3e7,SEND,DATA,732,1060,""
174.612,sender,61786f30-4c75-4147-a29d-ce70f84af3e7,EMIT,DATA,732,1060,""
174.632,sender,61786f30-4c75-4147-a29d-ce70f84af3e7,RECEIVE,ACK,701,36,""
174.652,sender,61786f30-4c75-4147-a29d-ce70f84af3e7,ACKNOWLEDGED,ACK,701,0,""
174.662,sender,61786f30-4c75-4147-a29d-ce70f84af3e7,CONFIRM_DATA,ACK,701,1024,"unique file bytes acknowledged"
174.672,sender,61786f30-4c75-4147-a29d-ce70f84af3e7,RTT_SAMPLE,ACK,701,0,"3.931500"
174.690,sender,61786f30-4c75-4147-a29d-ce70f84af3e7,SEND,DATA,733,1060,""
174.716,sender,61786f30-4c75-4147-a29d-ce70f84af3e7,EMIT,DATA,733,1060,""
174.737,sender,61786f30-4c75-4147-a29d-ce70f84af3e7,RECEIVE,ACK,702,36,""
174.764,sender,61786f30-4c75-4147-a29d-ce70f84af3e7,ACKNOWLEDGED,ACK,702,0,""
174.773,sender,61786f30-4c75-4147-a29d-ce70f84af3e7,CONFIRM_DATA,ACK,702,1024,"unique file bytes acknowledged"
174.783,sender,61786f30-4c75-4147-a29d-ce70f84af3e7,RTT_SAMPLE,ACK,702,0,"3.815400"
174.798,sender,61786f30-4c75-4147-a29d-ce70f84af3e7,SEND,DATA,734,1060,""
174.834,sender,61786f30-4c75-4147-a29d-ce70f84af3e7,EMIT,DATA,734,1060,""
174.881,sender,61786f30-4c75-4147-a29d-ce70f84af3e7,RECEIVE,ACK,703,36,""
174.894,sender,61786f30-4c75-4147-a29d-ce70f84af3e7,ACKNOWLEDGED,ACK,703,0,""
174.902,sender,61786f30-4c75-4147-a29d-ce70f84af3e7,CONFIRM_DATA,ACK,703,1024,"unique file bytes acknowledged"
174.915,sender,61786f30-4c75-4147-a29d-ce70f84af3e7,RTT_SAMPLE,ACK,703,0,"3.824700"
174.933,sender,61786f30-4c75-4147-a29d-ce70f84af3e7,SEND,DATA,735,1060,""
174.961,sender,61786f30-4c75-4147-a29d-ce70f84af3e7,EMIT,DATA,735,1060,""
174.983,sender,61786f30-4c75-4147-a29d-ce70f84af3e7,RECEIVE,ACK,704,36,""
174.995,sender,61786f30-4c75-4147-a29d-ce70f84af3e7,ACKNOWLEDGED,ACK,704,0,""
175.007,sender,61786f30-4c75-4147-a29d-ce70f84af3e7,CONFIRM_DATA,ACK,704,1024,"unique file bytes acknowledged"
175.018,sender,61786f30-4c75-4147-a29d-ce70f84af3e7,RTT_SAMPLE,ACK,704,0,"3.828700"
175.046,sender,61786f30-4c75-4147-a29d-ce70f84af3e7,SEND,DATA,736,1060,""
175.072,sender,61786f30-4c75-4147-a29d-ce70f84af3e7,EMIT,DATA,736,1060,""
175.090,sender,61786f30-4c75-4147-a29d-ce70f84af3e7,RECEIVE,ACK,705,36,""
175.101,sender,61786f30-4c75-4147-a29d-ce70f84af3e7,ACKNOWLEDGED,ACK,705,0,""
175.121,sender,61786f30-4c75-4147-a29d-ce70f84af3e7,CONFIRM_DATA,ACK,705,1024,"unique file bytes acknowledged"
175.138,sender,61786f30-4c75-4147-a29d-ce70f84af3e7,RTT_SAMPLE,ACK,705,0,"3.860700"
175.152,sender,61786f30-4c75-4147-a29d-ce70f84af3e7,SEND,DATA,737,1060,""
175.179,sender,61786f30-4c75-4147-a29d-ce70f84af3e7,EMIT,DATA,737,1060,""
175.196,sender,61786f30-4c75-4147-a29d-ce70f84af3e7,RECEIVE,ACK,706,36,""
175.205,sender,61786f30-4c75-4147-a29d-ce70f84af3e7,ACKNOWLEDGED,ACK,706,0,""
175.215,sender,61786f30-4c75-4147-a29d-ce70f84af3e7,CONFIRM_DATA,ACK,706,1024,"unique file bytes acknowledged"
175.228,sender,61786f30-4c75-4147-a29d-ce70f84af3e7,RTT_SAMPLE,ACK,706,0,"3.845600"
175.272,sender,61786f30-4c75-4147-a29d-ce70f84af3e7,SEND,DATA,738,1060,""
175.307,sender,61786f30-4c75-4147-a29d-ce70f84af3e7,EMIT,DATA,738,1060,""
175.325,sender,61786f30-4c75-4147-a29d-ce70f84af3e7,RECEIVE,ACK,707,36,""
175.334,sender,61786f30-4c75-4147-a29d-ce70f84af3e7,ACKNOWLEDGED,ACK,707,0,""
175.342,sender,61786f30-4c75-4147-a29d-ce70f84af3e7,CONFIRM_DATA,ACK,707,1024,"unique file bytes acknowledged"
175.353,sender,61786f30-4c75-4147-a29d-ce70f84af3e7,RTT_SAMPLE,ACK,707,0,"3.875000"
175.383,sender,61786f30-4c75-4147-a29d-ce70f84af3e7,SEND,DATA,739,1060,""
175.410,sender,61786f30-4c75-4147-a29d-ce70f84af3e7,EMIT,DATA,739,1060,""
175.439,sender,61786f30-4c75-4147-a29d-ce70f84af3e7,RECEIVE,ACK,708,36,""
175.450,sender,61786f30-4c75-4147-a29d-ce70f84af3e7,ACKNOWLEDGED,ACK,708,0,""
175.459,sender,61786f30-4c75-4147-a29d-ce70f84af3e7,CONFIRM_DATA,ACK,708,1024,"unique file bytes acknowledged"
175.488,sender,61786f30-4c75-4147-a29d-ce70f84af3e7,RTT_SAMPLE,ACK,708,0,"3.877100"
175.740,sender,61786f30-4c75-4147-a29d-ce70f84af3e7,SEND,DATA,740,1060,""
175.819,sender,61786f30-4c75-4147-a29d-ce70f84af3e7,EMIT,DATA,740,1060,""
175.868,sender,61786f30-4c75-4147-a29d-ce70f84af3e7,RECEIVE,ACK,709,36,""
175.893,sender,61786f30-4c75-4147-a29d-ce70f84af3e7,ACKNOWLEDGED,ACK,709,0,""
175.911,sender,61786f30-4c75-4147-a29d-ce70f84af3e7,CONFIRM_DATA,ACK,709,1024,"unique file bytes acknowledged"
175.941,sender,61786f30-4c75-4147-a29d-ce70f84af3e7,RTT_SAMPLE,ACK,709,0,"4.203200"
175.970,sender,61786f30-4c75-4147-a29d-ce70f84af3e7,SEND,DATA,741,1060,""
176.030,sender,61786f30-4c75-4147-a29d-ce70f84af3e7,EMIT,DATA,741,1060,""
176.069,sender,61786f30-4c75-4147-a29d-ce70f84af3e7,RECEIVE,ACK,710,36,""
176.088,sender,61786f30-4c75-4147-a29d-ce70f84af3e7,ACKNOWLEDGED,ACK,710,0,""
176.117,sender,61786f30-4c75-4147-a29d-ce70f84af3e7,CONFIRM_DATA,ACK,710,1024,"unique file bytes acknowledged"
176.166,sender,61786f30-4c75-4147-a29d-ce70f84af3e7,RTT_SAMPLE,ACK,710,0,"4.318700"
176.193,sender,61786f30-4c75-4147-a29d-ce70f84af3e7,SEND,DATA,742,1060,""
176.260,sender,61786f30-4c75-4147-a29d-ce70f84af3e7,EMIT,DATA,742,1060,""
176.298,sender,61786f30-4c75-4147-a29d-ce70f84af3e7,RECEIVE,ACK,711,36,""
176.334,sender,61786f30-4c75-4147-a29d-ce70f84af3e7,ACKNOWLEDGED,ACK,711,0,""
176.368,sender,61786f30-4c75-4147-a29d-ce70f84af3e7,CONFIRM_DATA,ACK,711,1024,"unique file bytes acknowledged"
176.392,sender,61786f30-4c75-4147-a29d-ce70f84af3e7,RTT_SAMPLE,ACK,711,0,"4.422300"
176.421,sender,61786f30-4c75-4147-a29d-ce70f84af3e7,SEND,DATA,743,1060,""
176.484,sender,61786f30-4c75-4147-a29d-ce70f84af3e7,EMIT,DATA,743,1060,""
176.521,sender,61786f30-4c75-4147-a29d-ce70f84af3e7,RECEIVE,ACK,712,36,""
176.551,sender,61786f30-4c75-4147-a29d-ce70f84af3e7,ACKNOWLEDGED,ACK,712,0,""
176.592,sender,61786f30-4c75-4147-a29d-ce70f84af3e7,CONFIRM_DATA,ACK,712,1024,"unique file bytes acknowledged"
176.624,sender,61786f30-4c75-4147-a29d-ce70f84af3e7,RTT_SAMPLE,ACK,712,0,"4.536400"
176.652,sender,61786f30-4c75-4147-a29d-ce70f84af3e7,SEND,DATA,744,1060,""
176.702,sender,61786f30-4c75-4147-a29d-ce70f84af3e7,EMIT,DATA,744,1060,""
176.749,sender,61786f30-4c75-4147-a29d-ce70f84af3e7,RECEIVE,ACK,713,36,""
176.769,sender,61786f30-4c75-4147-a29d-ce70f84af3e7,ACKNOWLEDGED,ACK,713,0,""
176.782,sender,61786f30-4c75-4147-a29d-ce70f84af3e7,CONFIRM_DATA,ACK,713,1024,"unique file bytes acknowledged"
176.919,sender,61786f30-4c75-4147-a29d-ce70f84af3e7,RTT_SAMPLE,ACK,713,0,"4.619100"
176.969,sender,61786f30-4c75-4147-a29d-ce70f84af3e7,SEND,DATA,745,1060,""
177.028,sender,61786f30-4c75-4147-a29d-ce70f84af3e7,EMIT,DATA,745,1060,""
177.072,sender,61786f30-4c75-4147-a29d-ce70f84af3e7,RECEIVE,ACK,714,36,""
177.130,sender,61786f30-4c75-4147-a29d-ce70f84af3e7,ACKNOWLEDGED,ACK,714,0,""
177.158,sender,61786f30-4c75-4147-a29d-ce70f84af3e7,CONFIRM_DATA,ACK,714,1024,"unique file bytes acknowledged"
177.178,sender,61786f30-4c75-4147-a29d-ce70f84af3e7,RTT_SAMPLE,ACK,714,0,"4.748200"
177.208,sender,61786f30-4c75-4147-a29d-ce70f84af3e7,SEND,DATA,746,1060,""
177.260,sender,61786f30-4c75-4147-a29d-ce70f84af3e7,EMIT,DATA,746,1060,""
177.532,sender,61786f30-4c75-4147-a29d-ce70f84af3e7,RECEIVE,ACK,715,36,""
177.574,sender,61786f30-4c75-4147-a29d-ce70f84af3e7,ACKNOWLEDGED,ACK,715,0,""
177.603,sender,61786f30-4c75-4147-a29d-ce70f84af3e7,CONFIRM_DATA,ACK,715,1024,"unique file bytes acknowledged"
177.629,sender,61786f30-4c75-4147-a29d-ce70f84af3e7,RTT_SAMPLE,ACK,715,0,"5.099800"
177.711,sender,61786f30-4c75-4147-a29d-ce70f84af3e7,SEND,DATA,747,1060,""
177.815,sender,61786f30-4c75-4147-a29d-ce70f84af3e7,EMIT,DATA,747,1060,""
177.867,sender,61786f30-4c75-4147-a29d-ce70f84af3e7,RECEIVE,ACK,716,36,""
177.925,sender,61786f30-4c75-4147-a29d-ce70f84af3e7,ACKNOWLEDGED,ACK,716,0,""
177.953,sender,61786f30-4c75-4147-a29d-ce70f84af3e7,CONFIRM_DATA,ACK,716,1024,"unique file bytes acknowledged"
177.973,sender,61786f30-4c75-4147-a29d-ce70f84af3e7,RTT_SAMPLE,ACK,716,0,"5.307500"
178.023,sender,61786f30-4c75-4147-a29d-ce70f84af3e7,SEND,DATA,748,1060,""
178.087,sender,61786f30-4c75-4147-a29d-ce70f84af3e7,EMIT,DATA,748,1060,""
178.139,sender,61786f30-4c75-4147-a29d-ce70f84af3e7,RECEIVE,ACK,717,36,""
178.176,sender,61786f30-4c75-4147-a29d-ce70f84af3e7,ACKNOWLEDGED,ACK,717,0,""
178.189,sender,61786f30-4c75-4147-a29d-ce70f84af3e7,CONFIRM_DATA,ACK,717,1024,"unique file bytes acknowledged"
178.226,sender,61786f30-4c75-4147-a29d-ce70f84af3e7,RTT_SAMPLE,ACK,717,0,"5.451900"
178.265,sender,61786f30-4c75-4147-a29d-ce70f84af3e7,SEND,DATA,749,1060,""
178.330,sender,61786f30-4c75-4147-a29d-ce70f84af3e7,EMIT,DATA,749,1060,""
178.395,sender,61786f30-4c75-4147-a29d-ce70f84af3e7,RECEIVE,ACK,718,36,""
178.416,sender,61786f30-4c75-4147-a29d-ce70f84af3e7,ACKNOWLEDGED,ACK,718,0,""
178.435,sender,61786f30-4c75-4147-a29d-ce70f84af3e7,CONFIRM_DATA,ACK,718,1024,"unique file bytes acknowledged"
178.457,sender,61786f30-4c75-4147-a29d-ce70f84af3e7,RTT_SAMPLE,ACK,718,0,"5.553100"
178.484,sender,61786f30-4c75-4147-a29d-ce70f84af3e7,SEND,DATA,750,1060,""
178.535,sender,61786f30-4c75-4147-a29d-ce70f84af3e7,EMIT,DATA,750,1060,""
178.584,sender,61786f30-4c75-4147-a29d-ce70f84af3e7,RECEIVE,ACK,719,36,""
178.622,sender,61786f30-4c75-4147-a29d-ce70f84af3e7,ACKNOWLEDGED,ACK,719,0,""
178.638,sender,61786f30-4c75-4147-a29d-ce70f84af3e7,CONFIRM_DATA,ACK,719,1024,"unique file bytes acknowledged"
178.678,sender,61786f30-4c75-4147-a29d-ce70f84af3e7,RTT_SAMPLE,ACK,719,0,"5.643400"
178.724,sender,61786f30-4c75-4147-a29d-ce70f84af3e7,SEND,DATA,751,1060,""
178.798,sender,61786f30-4c75-4147-a29d-ce70f84af3e7,EMIT,DATA,751,1060,""
178.841,sender,61786f30-4c75-4147-a29d-ce70f84af3e7,RECEIVE,ACK,720,36,""
178.860,sender,61786f30-4c75-4147-a29d-ce70f84af3e7,ACKNOWLEDGED,ACK,720,0,""
178.876,sender,61786f30-4c75-4147-a29d-ce70f84af3e7,CONFIRM_DATA,ACK,720,1024,"unique file bytes acknowledged"
178.913,sender,61786f30-4c75-4147-a29d-ce70f84af3e7,RTT_SAMPLE,ACK,720,0,"5.773600"
178.949,sender,61786f30-4c75-4147-a29d-ce70f84af3e7,SEND,DATA,752,1060,""
179.014,sender,61786f30-4c75-4147-a29d-ce70f84af3e7,EMIT,DATA,752,1060,""
179.056,sender,61786f30-4c75-4147-a29d-ce70f84af3e7,RECEIVE,ACK,721,36,""
179.092,sender,61786f30-4c75-4147-a29d-ce70f84af3e7,ACKNOWLEDGED,ACK,721,0,""
179.123,sender,61786f30-4c75-4147-a29d-ce70f84af3e7,CONFIRM_DATA,ACK,721,1024,"unique file bytes acknowledged"
179.149,sender,61786f30-4c75-4147-a29d-ce70f84af3e7,RTT_SAMPLE,ACK,721,0,"5.882000"
179.323,sender,61786f30-4c75-4147-a29d-ce70f84af3e7,SEND,DATA,753,1060,""
179.443,sender,61786f30-4c75-4147-a29d-ce70f84af3e7,EMIT,DATA,753,1060,""
179.513,sender,61786f30-4c75-4147-a29d-ce70f84af3e7,RECEIVE,ACK,722,36,""
179.549,sender,61786f30-4c75-4147-a29d-ce70f84af3e7,ACKNOWLEDGED,ACK,722,0,""
179.593,sender,61786f30-4c75-4147-a29d-ce70f84af3e7,CONFIRM_DATA,ACK,722,1024,"unique file bytes acknowledged"
179.628,sender,61786f30-4c75-4147-a29d-ce70f84af3e7,RTT_SAMPLE,ACK,722,0,"6.249800"
179.676,sender,61786f30-4c75-4147-a29d-ce70f84af3e7,SEND,DATA,754,1060,""
179.756,sender,61786f30-4c75-4147-a29d-ce70f84af3e7,EMIT,DATA,754,1060,""
179.801,sender,61786f30-4c75-4147-a29d-ce70f84af3e7,RECEIVE,ACK,723,36,""
179.833,sender,61786f30-4c75-4147-a29d-ce70f84af3e7,ACKNOWLEDGED,ACK,723,0,""
179.849,sender,61786f30-4c75-4147-a29d-ce70f84af3e7,CONFIRM_DATA,ACK,723,1024,"unique file bytes acknowledged"
179.872,sender,61786f30-4c75-4147-a29d-ce70f84af3e7,RTT_SAMPLE,ACK,723,0,"6.385900"
179.955,sender,61786f30-4c75-4147-a29d-ce70f84af3e7,SEND,DATA,755,1060,""
180.037,sender,61786f30-4c75-4147-a29d-ce70f84af3e7,EMIT,DATA,755,1060,""
180.088,sender,61786f30-4c75-4147-a29d-ce70f84af3e7,RECEIVE,ACK,724,36,""
180.110,sender,61786f30-4c75-4147-a29d-ce70f84af3e7,ACKNOWLEDGED,ACK,724,0,""
180.125,sender,61786f30-4c75-4147-a29d-ce70f84af3e7,CONFIRM_DATA,ACK,724,1024,"unique file bytes acknowledged"
180.147,sender,61786f30-4c75-4147-a29d-ce70f84af3e7,RTT_SAMPLE,ACK,724,0,"6.574400"
180.179,sender,61786f30-4c75-4147-a29d-ce70f84af3e7,SEND,DATA,756,1060,""
180.233,sender,61786f30-4c75-4147-a29d-ce70f84af3e7,EMIT,DATA,756,1060,""
180.276,sender,61786f30-4c75-4147-a29d-ce70f84af3e7,RECEIVE,ACK,725,36,""
180.294,sender,61786f30-4c75-4147-a29d-ce70f84af3e7,ACKNOWLEDGED,ACK,725,0,""
180.331,sender,61786f30-4c75-4147-a29d-ce70f84af3e7,CONFIRM_DATA,ACK,725,1024,"unique file bytes acknowledged"
180.365,sender,61786f30-4c75-4147-a29d-ce70f84af3e7,RTT_SAMPLE,ACK,725,0,"6.671300"
180.422,sender,61786f30-4c75-4147-a29d-ce70f84af3e7,SEND,DATA,757,1060,""
180.474,sender,61786f30-4c75-4147-a29d-ce70f84af3e7,EMIT,DATA,757,1060,""
180.514,sender,61786f30-4c75-4147-a29d-ce70f84af3e7,RECEIVE,ACK,726,36,""
180.533,sender,61786f30-4c75-4147-a29d-ce70f84af3e7,ACKNOWLEDGED,ACK,726,0,""
180.551,sender,61786f30-4c75-4147-a29d-ce70f84af3e7,CONFIRM_DATA,ACK,726,1024,"unique file bytes acknowledged"
180.567,sender,61786f30-4c75-4147-a29d-ce70f84af3e7,RTT_SAMPLE,ACK,726,0,"6.779100"
180.592,sender,61786f30-4c75-4147-a29d-ce70f84af3e7,SEND,DATA,758,1060,""
180.643,sender,61786f30-4c75-4147-a29d-ce70f84af3e7,EMIT,DATA,758,1060,""
180.680,sender,61786f30-4c75-4147-a29d-ce70f84af3e7,RECEIVE,ACK,727,36,""
180.698,sender,61786f30-4c75-4147-a29d-ce70f84af3e7,ACKNOWLEDGED,ACK,727,0,""
180.711,sender,61786f30-4c75-4147-a29d-ce70f84af3e7,CONFIRM_DATA,ACK,727,1024,"unique file bytes acknowledged"
180.754,sender,61786f30-4c75-4147-a29d-ce70f84af3e7,RTT_SAMPLE,ACK,727,0,"6.848900"
180.783,sender,61786f30-4c75-4147-a29d-ce70f84af3e7,SEND,DATA,759,1060,""
180.848,sender,61786f30-4c75-4147-a29d-ce70f84af3e7,EMIT,DATA,759,1060,""
180.887,sender,61786f30-4c75-4147-a29d-ce70f84af3e7,RECEIVE,ACK,728,36,""
180.907,sender,61786f30-4c75-4147-a29d-ce70f84af3e7,ACKNOWLEDGED,ACK,728,0,""
180.921,sender,61786f30-4c75-4147-a29d-ce70f84af3e7,CONFIRM_DATA,ACK,728,1024,"unique file bytes acknowledged"
180.953,sender,61786f30-4c75-4147-a29d-ce70f84af3e7,RTT_SAMPLE,ACK,728,0,"6.918100"
180.985,sender,61786f30-4c75-4147-a29d-ce70f84af3e7,SEND,DATA,760,1060,""
181.030,sender,61786f30-4c75-4147-a29d-ce70f84af3e7,EMIT,DATA,760,1060,""
181.062,sender,61786f30-4c75-4147-a29d-ce70f84af3e7,RECEIVE,ACK,729,36,""
181.079,sender,61786f30-4c75-4147-a29d-ce70f84af3e7,ACKNOWLEDGED,ACK,729,0,""
181.091,sender,61786f30-4c75-4147-a29d-ce70f84af3e7,CONFIRM_DATA,ACK,729,1024,"unique file bytes acknowledged"
181.133,sender,61786f30-4c75-4147-a29d-ce70f84af3e7,RTT_SAMPLE,ACK,729,0,"6.891400"
181.159,sender,61786f30-4c75-4147-a29d-ce70f84af3e7,SEND,DATA,761,1060,""
181.216,sender,61786f30-4c75-4147-a29d-ce70f84af3e7,EMIT,DATA,761,1060,""
181.381,sender,61786f30-4c75-4147-a29d-ce70f84af3e7,RECEIVE,ACK,730,36,""
181.402,sender,61786f30-4c75-4147-a29d-ce70f84af3e7,ACKNOWLEDGED,ACK,730,0,""
181.414,sender,61786f30-4c75-4147-a29d-ce70f84af3e7,CONFIRM_DATA,ACK,730,1024,"unique file bytes acknowledged"
181.430,sender,61786f30-4c75-4147-a29d-ce70f84af3e7,RTT_SAMPLE,ACK,730,0,"7.088900"
181.455,sender,61786f30-4c75-4147-a29d-ce70f84af3e7,SEND,DATA,762,1060,""
181.515,sender,61786f30-4c75-4147-a29d-ce70f84af3e7,EMIT,DATA,762,1060,""
181.550,sender,61786f30-4c75-4147-a29d-ce70f84af3e7,RECEIVE,ACK,731,36,""
181.567,sender,61786f30-4c75-4147-a29d-ce70f84af3e7,ACKNOWLEDGED,ACK,731,0,""
181.644,sender,61786f30-4c75-4147-a29d-ce70f84af3e7,CONFIRM_DATA,ACK,731,1024,"unique file bytes acknowledged"
181.662,sender,61786f30-4c75-4147-a29d-ce70f84af3e7,RTT_SAMPLE,ACK,731,0,"7.188600"
181.696,sender,61786f30-4c75-4147-a29d-ce70f84af3e7,SEND,DATA,763,1060,""
181.737,sender,61786f30-4c75-4147-a29d-ce70f84af3e7,EMIT,DATA,763,1060,""
181.764,sender,61786f30-4c75-4147-a29d-ce70f84af3e7,RECEIVE,ACK,732,36,""
181.779,sender,61786f30-4c75-4147-a29d-ce70f84af3e7,ACKNOWLEDGED,ACK,732,0,""
181.789,sender,61786f30-4c75-4147-a29d-ce70f84af3e7,CONFIRM_DATA,ACK,732,1024,"unique file bytes acknowledged"
181.802,sender,61786f30-4c75-4147-a29d-ce70f84af3e7,RTT_SAMPLE,ACK,732,0,"7.230800"
181.824,sender,61786f30-4c75-4147-a29d-ce70f84af3e7,SEND,DATA,764,1060,""
181.874,sender,61786f30-4c75-4147-a29d-ce70f84af3e7,EMIT,DATA,764,1060,""
181.898,sender,61786f30-4c75-4147-a29d-ce70f84af3e7,RECEIVE,ACK,733,36,""
181.929,sender,61786f30-4c75-4147-a29d-ce70f84af3e7,ACKNOWLEDGED,ACK,733,0,""
181.938,sender,61786f30-4c75-4147-a29d-ce70f84af3e7,CONFIRM_DATA,ACK,733,1024,"unique file bytes acknowledged"
181.951,sender,61786f30-4c75-4147-a29d-ce70f84af3e7,RTT_SAMPLE,ACK,733,0,"7.259800"
181.983,sender,61786f30-4c75-4147-a29d-ce70f84af3e7,SEND,DATA,765,1060,""
182.030,sender,61786f30-4c75-4147-a29d-ce70f84af3e7,EMIT,DATA,765,1060,""
182.050,sender,61786f30-4c75-4147-a29d-ce70f84af3e7,RECEIVE,ACK,734,36,""
182.060,sender,61786f30-4c75-4147-a29d-ce70f84af3e7,ACKNOWLEDGED,ACK,734,0,""
182.095,sender,61786f30-4c75-4147-a29d-ce70f84af3e7,CONFIRM_DATA,ACK,734,1024,"unique file bytes acknowledged"
182.108,sender,61786f30-4c75-4147-a29d-ce70f84af3e7,RTT_SAMPLE,ACK,734,0,"7.309100"
182.124,sender,61786f30-4c75-4147-a29d-ce70f84af3e7,SEND,DATA,766,1060,""
182.152,sender,61786f30-4c75-4147-a29d-ce70f84af3e7,EMIT,DATA,766,1060,""
182.186,sender,61786f30-4c75-4147-a29d-ce70f84af3e7,RECEIVE,ACK,735,36,""
182.198,sender,61786f30-4c75-4147-a29d-ce70f84af3e7,ACKNOWLEDGED,ACK,735,0,""
182.207,sender,61786f30-4c75-4147-a29d-ce70f84af3e7,CONFIRM_DATA,ACK,735,1024,"unique file bytes acknowledged"
182.218,sender,61786f30-4c75-4147-a29d-ce70f84af3e7,RTT_SAMPLE,ACK,735,0,"7.285000"
182.245,sender,61786f30-4c75-4147-a29d-ce70f84af3e7,SEND,DATA,767,1060,""
182.272,sender,61786f30-4c75-4147-a29d-ce70f84af3e7,EMIT,DATA,767,1060,""
182.292,sender,61786f30-4c75-4147-a29d-ce70f84af3e7,RECEIVE,ACK,736,36,""
182.304,sender,61786f30-4c75-4147-a29d-ce70f84af3e7,ACKNOWLEDGED,ACK,736,0,""
182.314,sender,61786f30-4c75-4147-a29d-ce70f84af3e7,CONFIRM_DATA,ACK,736,1024,"unique file bytes acknowledged"
182.327,sender,61786f30-4c75-4147-a29d-ce70f84af3e7,RTT_SAMPLE,ACK,736,0,"7.279700"
182.346,sender,61786f30-4c75-4147-a29d-ce70f84af3e7,SEND,DATA,768,1060,""
182.380,sender,61786f30-4c75-4147-a29d-ce70f84af3e7,EMIT,DATA,768,1060,""
182.411,sender,61786f30-4c75-4147-a29d-ce70f84af3e7,RECEIVE,ACK,737,36,""
182.423,sender,61786f30-4c75-4147-a29d-ce70f84af3e7,ACKNOWLEDGED,ACK,737,0,""
182.434,sender,61786f30-4c75-4147-a29d-ce70f84af3e7,CONFIRM_DATA,ACK,737,1024,"unique file bytes acknowledged"
182.445,sender,61786f30-4c75-4147-a29d-ce70f84af3e7,RTT_SAMPLE,ACK,737,0,"7.291900"
182.460,sender,61786f30-4c75-4147-a29d-ce70f84af3e7,SEND,DATA,769,1060,""
182.502,sender,61786f30-4c75-4147-a29d-ce70f84af3e7,EMIT,DATA,769,1060,""
182.521,sender,61786f30-4c75-4147-a29d-ce70f84af3e7,RECEIVE,ACK,738,36,""
182.531,sender,61786f30-4c75-4147-a29d-ce70f84af3e7,ACKNOWLEDGED,ACK,738,0,""
182.564,sender,61786f30-4c75-4147-a29d-ce70f84af3e7,CONFIRM_DATA,ACK,738,1024,"unique file bytes acknowledged"
182.578,sender,61786f30-4c75-4147-a29d-ce70f84af3e7,RTT_SAMPLE,ACK,738,0,"7.304600"
182.595,sender,61786f30-4c75-4147-a29d-ce70f84af3e7,SEND,DATA,770,1060,""
182.639,sender,61786f30-4c75-4147-a29d-ce70f84af3e7,EMIT,DATA,770,1060,""
182.663,sender,61786f30-4c75-4147-a29d-ce70f84af3e7,RECEIVE,ACK,739,36,""
182.673,sender,61786f30-4c75-4147-a29d-ce70f84af3e7,ACKNOWLEDGED,ACK,739,0,""
182.690,sender,61786f30-4c75-4147-a29d-ce70f84af3e7,CONFIRM_DATA,ACK,739,1024,"unique file bytes acknowledged"
182.705,sender,61786f30-4c75-4147-a29d-ce70f84af3e7,RTT_SAMPLE,ACK,739,0,"7.319500"
182.727,sender,61786f30-4c75-4147-a29d-ce70f84af3e7,SEND,DATA,771,1060,""
182.754,sender,61786f30-4c75-4147-a29d-ce70f84af3e7,EMIT,DATA,771,1060,""
182.773,sender,61786f30-4c75-4147-a29d-ce70f84af3e7,RECEIVE,ACK,740,36,""
182.787,sender,61786f30-4c75-4147-a29d-ce70f84af3e7,ACKNOWLEDGED,ACK,740,0,""
182.795,sender,61786f30-4c75-4147-a29d-ce70f84af3e7,CONFIRM_DATA,ACK,740,1024,"unique file bytes acknowledged"
182.807,sender,61786f30-4c75-4147-a29d-ce70f84af3e7,RTT_SAMPLE,ACK,740,0,"7.070200"
182.835,sender,61786f30-4c75-4147-a29d-ce70f84af3e7,SEND,DATA,772,1060,""
182.882,sender,61786f30-4c75-4147-a29d-ce70f84af3e7,EMIT,DATA,772,1060,""
182.905,sender,61786f30-4c75-4147-a29d-ce70f84af3e7,RECEIVE,ACK,741,36,""
182.917,sender,61786f30-4c75-4147-a29d-ce70f84af3e7,ACKNOWLEDGED,ACK,741,0,""
182.942,sender,61786f30-4c75-4147-a29d-ce70f84af3e7,CONFIRM_DATA,ACK,741,1024,"unique file bytes acknowledged"
182.956,sender,61786f30-4c75-4147-a29d-ce70f84af3e7,RTT_SAMPLE,ACK,741,0,"6.987200"
182.973,sender,61786f30-4c75-4147-a29d-ce70f84af3e7,SEND,DATA,773,1060,""
183.000,sender,61786f30-4c75-4147-a29d-ce70f84af3e7,EMIT,DATA,773,1060,""
183.037,sender,61786f30-4c75-4147-a29d-ce70f84af3e7,RECEIVE,ACK,742,36,""
183.048,sender,61786f30-4c75-4147-a29d-ce70f84af3e7,ACKNOWLEDGED,ACK,742,0,""
183.058,sender,61786f30-4c75-4147-a29d-ce70f84af3e7,CONFIRM_DATA,ACK,742,1024,"unique file bytes acknowledged"
183.085,sender,61786f30-4c75-4147-a29d-ce70f84af3e7,RTT_SAMPLE,ACK,742,0,"6.891300"
183.117,sender,61786f30-4c75-4147-a29d-ce70f84af3e7,SEND,DATA,774,1060,""
183.144,sender,61786f30-4c75-4147-a29d-ce70f84af3e7,EMIT,DATA,774,1060,""
183.165,sender,61786f30-4c75-4147-a29d-ce70f84af3e7,RECEIVE,ACK,743,36,""
183.175,sender,61786f30-4c75-4147-a29d-ce70f84af3e7,ACKNOWLEDGED,ACK,743,0,""
183.183,sender,61786f30-4c75-4147-a29d-ce70f84af3e7,CONFIRM_DATA,ACK,743,1024,"unique file bytes acknowledged"
183.213,sender,61786f30-4c75-4147-a29d-ce70f84af3e7,RTT_SAMPLE,ACK,743,0,"6.790400"
183.227,sender,61786f30-4c75-4147-a29d-ce70f84af3e7,SEND,DATA,775,1060,""
183.255,sender,61786f30-4c75-4147-a29d-ce70f84af3e7,EMIT,DATA,775,1060,""
183.283,sender,61786f30-4c75-4147-a29d-ce70f84af3e7,RECEIVE,ACK,744,36,""
183.294,sender,61786f30-4c75-4147-a29d-ce70f84af3e7,ACKNOWLEDGED,ACK,744,0,""
183.304,sender,61786f30-4c75-4147-a29d-ce70f84af3e7,CONFIRM_DATA,ACK,744,1024,"unique file bytes acknowledged"
183.318,sender,61786f30-4c75-4147-a29d-ce70f84af3e7,RTT_SAMPLE,ACK,744,0,"6.667200"
183.344,sender,61786f30-4c75-4147-a29d-ce70f84af3e7,SEND,DATA,776,1060,""
183.380,sender,61786f30-4c75-4147-a29d-ce70f84af3e7,EMIT,DATA,776,1060,""
183.400,sender,61786f30-4c75-4147-a29d-ce70f84af3e7,RECEIVE,ACK,745,36,""
183.412,sender,61786f30-4c75-4147-a29d-ce70f84af3e7,ACKNOWLEDGED,ACK,745,0,""
183.436,sender,61786f30-4c75-4147-a29d-ce70f84af3e7,CONFIRM_DATA,ACK,745,1024,"unique file bytes acknowledged"
183.452,sender,61786f30-4c75-4147-a29d-ce70f84af3e7,RTT_SAMPLE,ACK,745,0,"6.483100"
183.468,sender,61786f30-4c75-4147-a29d-ce70f84af3e7,SEND,DATA,777,1060,""
183.494,sender,61786f30-4c75-4147-a29d-ce70f84af3e7,EMIT,DATA,777,1060,""
183.512,sender,61786f30-4c75-4147-a29d-ce70f84af3e7,RECEIVE,ACK,746,36,""
183.527,sender,61786f30-4c75-4147-a29d-ce70f84af3e7,ACKNOWLEDGED,ACK,746,0,""
183.657,sender,61786f30-4c75-4147-a29d-ce70f84af3e7,CONFIRM_DATA,ACK,746,1024,"unique file bytes acknowledged"
183.697,sender,61786f30-4c75-4147-a29d-ce70f84af3e7,RTT_SAMPLE,ACK,746,0,"6.488400"
183.718,sender,61786f30-4c75-4147-a29d-ce70f84af3e7,SEND,DATA,778,1060,""
183.769,sender,61786f30-4c75-4147-a29d-ce70f84af3e7,EMIT,DATA,778,1060,""
183.795,sender,61786f30-4c75-4147-a29d-ce70f84af3e7,RECEIVE,ACK,747,36,""
183.807,sender,61786f30-4c75-4147-a29d-ce70f84af3e7,ACKNOWLEDGED,ACK,747,0,""
183.815,sender,61786f30-4c75-4147-a29d-ce70f84af3e7,CONFIRM_DATA,ACK,747,1024,"unique file bytes acknowledged"
183.830,sender,61786f30-4c75-4147-a29d-ce70f84af3e7,RTT_SAMPLE,ACK,747,0,"6.122400"
183.848,sender,61786f30-4c75-4147-a29d-ce70f84af3e7,SEND,DATA,779,1060,""
183.890,sender,61786f30-4c75-4147-a29d-ce70f84af3e7,EMIT,DATA,779,1060,""
183.913,sender,61786f30-4c75-4147-a29d-ce70f84af3e7,RECEIVE,ACK,748,36,""
183.926,sender,61786f30-4c75-4147-a29d-ce70f84af3e7,ACKNOWLEDGED,ACK,748,0,""
183.935,sender,61786f30-4c75-4147-a29d-ce70f84af3e7,CONFIRM_DATA,ACK,748,1024,"unique file bytes acknowledged"
183.989,sender,61786f30-4c75-4147-a29d-ce70f84af3e7,RTT_SAMPLE,ACK,748,0,"5.966900"
184.020,sender,61786f30-4c75-4147-a29d-ce70f84af3e7,SEND,DATA,780,1060,""
184.047,sender,61786f30-4c75-4147-a29d-ce70f84af3e7,EMIT,DATA,780,1060,""
184.065,sender,61786f30-4c75-4147-a29d-ce70f84af3e7,RECEIVE,ACK,749,36,""
184.075,sender,61786f30-4c75-4147-a29d-ce70f84af3e7,ACKNOWLEDGED,ACK,749,0,""
184.084,sender,61786f30-4c75-4147-a29d-ce70f84af3e7,CONFIRM_DATA,ACK,749,1024,"unique file bytes acknowledged"
184.096,sender,61786f30-4c75-4147-a29d-ce70f84af3e7,RTT_SAMPLE,ACK,749,0,"5.831800"
184.110,sender,61786f30-4c75-4147-a29d-ce70f84af3e7,SEND,DATA,781,1060,""
184.131,sender,61786f30-4c75-4147-a29d-ce70f84af3e7,EMIT,DATA,781,1060,""
184.149,sender,61786f30-4c75-4147-a29d-ce70f84af3e7,RECEIVE,ACK,750,36,""
184.158,sender,61786f30-4c75-4147-a29d-ce70f84af3e7,ACKNOWLEDGED,ACK,750,0,""
184.191,sender,61786f30-4c75-4147-a29d-ce70f84af3e7,CONFIRM_DATA,ACK,750,1024,"unique file bytes acknowledged"
184.204,sender,61786f30-4c75-4147-a29d-ce70f84af3e7,RTT_SAMPLE,ACK,750,0,"5.720500"
184.220,sender,61786f30-4c75-4147-a29d-ce70f84af3e7,SEND,DATA,782,1060,""
184.247,sender,61786f30-4c75-4147-a29d-ce70f84af3e7,EMIT,DATA,782,1060,""
184.275,sender,61786f30-4c75-4147-a29d-ce70f84af3e7,RECEIVE,ACK,751,36,""
184.294,sender,61786f30-4c75-4147-a29d-ce70f84af3e7,ACKNOWLEDGED,ACK,751,0,""
184.304,sender,61786f30-4c75-4147-a29d-ce70f84af3e7,CONFIRM_DATA,ACK,751,1024,"unique file bytes acknowledged"
184.315,sender,61786f30-4c75-4147-a29d-ce70f84af3e7,RTT_SAMPLE,ACK,751,0,"5.593400"
184.330,sender,61786f30-4c75-4147-a29d-ce70f84af3e7,SEND,DATA,783,1060,""
184.362,sender,61786f30-4c75-4147-a29d-ce70f84af3e7,EMIT,DATA,783,1060,""
184.387,sender,61786f30-4c75-4147-a29d-ce70f84af3e7,RECEIVE,ACK,752,36,""
184.425,sender,61786f30-4c75-4147-a29d-ce70f84af3e7,ACKNOWLEDGED,ACK,752,0,""
184.435,sender,61786f30-4c75-4147-a29d-ce70f84af3e7,CONFIRM_DATA,ACK,752,1024,"unique file bytes acknowledged"
184.447,sender,61786f30-4c75-4147-a29d-ce70f84af3e7,RTT_SAMPLE,ACK,752,0,"5.498400"
184.461,sender,61786f30-4c75-4147-a29d-ce70f84af3e7,SEND,DATA,784,1060,""
184.490,sender,61786f30-4c75-4147-a29d-ce70f84af3e7,EMIT,DATA,784,1060,""
184.522,sender,61786f30-4c75-4147-a29d-ce70f84af3e7,RECEIVE,ACK,753,36,""
184.546,sender,61786f30-4c75-4147-a29d-ce70f84af3e7,ACKNOWLEDGED,ACK,753,0,""
184.573,sender,61786f30-4c75-4147-a29d-ce70f84af3e7,CONFIRM_DATA,ACK,753,1024,"unique file bytes acknowledged"
184.587,sender,61786f30-4c75-4147-a29d-ce70f84af3e7,RTT_SAMPLE,ACK,753,0,"5.267800"
184.602,sender,61786f30-4c75-4147-a29d-ce70f84af3e7,SEND,DATA,785,1060,""
184.627,sender,61786f30-4c75-4147-a29d-ce70f84af3e7,EMIT,DATA,785,1060,""
184.660,sender,61786f30-4c75-4147-a29d-ce70f84af3e7,RECEIVE,ACK,754,36,""
184.672,sender,61786f30-4c75-4147-a29d-ce70f84af3e7,ACKNOWLEDGED,ACK,754,0,""
184.682,sender,61786f30-4c75-4147-a29d-ce70f84af3e7,CONFIRM_DATA,ACK,754,1024,"unique file bytes acknowledged"
184.714,sender,61786f30-4c75-4147-a29d-ce70f84af3e7,RTT_SAMPLE,ACK,754,0,"5.042700"
184.749,sender,61786f30-4c75-4147-a29d-ce70f84af3e7,SEND,DATA,786,1060,""
184.778,sender,61786f30-4c75-4147-a29d-ce70f84af3e7,EMIT,DATA,786,1060,""
184.963,sender,61786f30-4c75-4147-a29d-ce70f84af3e7,RECEIVE,ACK,755,36,""
185.012,sender,61786f30-4c75-4147-a29d-ce70f84af3e7,ACKNOWLEDGED,ACK,755,0,""
185.027,sender,61786f30-4c75-4147-a29d-ce70f84af3e7,CONFIRM_DATA,ACK,755,1024,"unique file bytes acknowledged"
185.054,sender,61786f30-4c75-4147-a29d-ce70f84af3e7,RTT_SAMPLE,ACK,755,0,"5.096600"
185.103,sender,61786f30-4c75-4147-a29d-ce70f84af3e7,SEND,DATA,787,1060,""
185.206,sender,61786f30-4c75-4147-a29d-ce70f84af3e7,EMIT,DATA,787,1060,""
185.292,sender,61786f30-4c75-4147-a29d-ce70f84af3e7,RECEIVE,ACK,756,36,""
185.318,sender,61786f30-4c75-4147-a29d-ce70f84af3e7,ACKNOWLEDGED,ACK,756,0,""
185.336,sender,61786f30-4c75-4147-a29d-ce70f84af3e7,CONFIRM_DATA,ACK,756,1024,"unique file bytes acknowledged"
185.353,sender,61786f30-4c75-4147-a29d-ce70f84af3e7,RTT_SAMPLE,ACK,756,0,"5.174000"
185.386,sender,61786f30-4c75-4147-a29d-ce70f84af3e7,SEND,DATA,788,1060,""
185.457,sender,61786f30-4c75-4147-a29d-ce70f84af3e7,EMIT,DATA,788,1060,""
185.497,sender,61786f30-4c75-4147-a29d-ce70f84af3e7,RECEIVE,ACK,757,36,""
185.516,sender,61786f30-4c75-4147-a29d-ce70f84af3e7,ACKNOWLEDGED,ACK,757,0,""
185.531,sender,61786f30-4c75-4147-a29d-ce70f84af3e7,CONFIRM_DATA,ACK,757,1024,"unique file bytes acknowledged"
185.550,sender,61786f30-4c75-4147-a29d-ce70f84af3e7,RTT_SAMPLE,ACK,757,0,"5.127100"
185.573,sender,61786f30-4c75-4147-a29d-ce70f84af3e7,SEND,DATA,789,1060,""
185.651,sender,61786f30-4c75-4147-a29d-ce70f84af3e7,EMIT,DATA,789,1060,""
185.689,sender,61786f30-4c75-4147-a29d-ce70f84af3e7,RECEIVE,ACK,758,36,""
185.704,sender,61786f30-4c75-4147-a29d-ce70f84af3e7,ACKNOWLEDGED,ACK,758,0,""
185.719,sender,61786f30-4c75-4147-a29d-ce70f84af3e7,CONFIRM_DATA,ACK,758,1024,"unique file bytes acknowledged"
185.740,sender,61786f30-4c75-4147-a29d-ce70f84af3e7,RTT_SAMPLE,ACK,758,0,"5.146600"
185.773,sender,61786f30-4c75-4147-a29d-ce70f84af3e7,SEND,DATA,790,1060,""
185.819,sender,61786f30-4c75-4147-a29d-ce70f84af3e7,EMIT,DATA,790,1060,""
185.850,sender,61786f30-4c75-4147-a29d-ce70f84af3e7,RECEIVE,ACK,759,36,""
185.868,sender,61786f30-4c75-4147-a29d-ce70f84af3e7,ACKNOWLEDGED,ACK,759,0,""
185.880,sender,61786f30-4c75-4147-a29d-ce70f84af3e7,CONFIRM_DATA,ACK,759,1024,"unique file bytes acknowledged"
185.904,sender,61786f30-4c75-4147-a29d-ce70f84af3e7,RTT_SAMPLE,ACK,759,0,"5.120900"
185.928,sender,61786f30-4c75-4147-a29d-ce70f84af3e7,SEND,DATA,791,1060,""
186.004,sender,61786f30-4c75-4147-a29d-ce70f84af3e7,EMIT,DATA,791,1060,""
186.040,sender,61786f30-4c75-4147-a29d-ce70f84af3e7,RECEIVE,ACK,760,36,""
186.075,sender,61786f30-4c75-4147-a29d-ce70f84af3e7,ACKNOWLEDGED,ACK,760,0,""
186.090,sender,61786f30-4c75-4147-a29d-ce70f84af3e7,CONFIRM_DATA,ACK,760,1024,"unique file bytes acknowledged"
186.107,sender,61786f30-4c75-4147-a29d-ce70f84af3e7,RTT_SAMPLE,ACK,760,0,"5.119400"
186.133,sender,61786f30-4c75-4147-a29d-ce70f84af3e7,SEND,DATA,792,1060,""
186.185,sender,61786f30-4c75-4147-a29d-ce70f84af3e7,EMIT,DATA,792,1060,""
186.218,sender,61786f30-4c75-4147-a29d-ce70f84af3e7,RECEIVE,ACK,761,36,""
186.238,sender,61786f30-4c75-4147-a29d-ce70f84af3e7,ACKNOWLEDGED,ACK,761,0,""
186.252,sender,61786f30-4c75-4147-a29d-ce70f84af3e7,CONFIRM_DATA,ACK,761,1024,"unique file bytes acknowledged"
186.270,sender,61786f30-4c75-4147-a29d-ce70f84af3e7,RTT_SAMPLE,ACK,761,0,"5.108000"
186.313,sender,61786f30-4c75-4147-a29d-ce70f84af3e7,SEND,DATA,793,1060,""
186.366,sender,61786f30-4c75-4147-a29d-ce70f84af3e7,EMIT,DATA,793,1060,""
186.406,sender,61786f30-4c75-4147-a29d-ce70f84af3e7,RECEIVE,ACK,762,36,""
186.440,sender,61786f30-4c75-4147-a29d-ce70f84af3e7,ACKNOWLEDGED,ACK,762,0,""
186.455,sender,61786f30-4c75-4147-a29d-ce70f84af3e7,CONFIRM_DATA,ACK,762,1024,"unique file bytes acknowledged"
186.473,sender,61786f30-4c75-4147-a29d-ce70f84af3e7,RTT_SAMPLE,ACK,762,0,"5.014800"
186.618,sender,61786f30-4c75-4147-a29d-ce70f84af3e7,SEND,DATA,794,1060,""
186.701,sender,61786f30-4c75-4147-a29d-ce70f84af3e7,EMIT,DATA,794,1060,""
186.732,sender,61786f30-4c75-4147-a29d-ce70f84af3e7,RECEIVE,ACK,763,36,""
186.749,sender,61786f30-4c75-4147-a29d-ce70f84af3e7,ACKNOWLEDGED,ACK,763,0,""
186.763,sender,61786f30-4c75-4147-a29d-ce70f84af3e7,CONFIRM_DATA,ACK,763,1024,"unique file bytes acknowledged"
186.782,sender,61786f30-4c75-4147-a29d-ce70f84af3e7,RTT_SAMPLE,ACK,763,0,"5.082200"
186.829,sender,61786f30-4c75-4147-a29d-ce70f84af3e7,SEND,DATA,795,1060,""
186.857,sender,61786f30-4c75-4147-a29d-ce70f84af3e7,EMIT,DATA,795,1060,""
186.879,sender,61786f30-4c75-4147-a29d-ce70f84af3e7,RECEIVE,ACK,764,36,""
186.897,sender,61786f30-4c75-4147-a29d-ce70f84af3e7,ACKNOWLEDGED,ACK,764,0,""
186.916,sender,61786f30-4c75-4147-a29d-ce70f84af3e7,CONFIRM_DATA,ACK,764,1024,"unique file bytes acknowledged"
186.945,sender,61786f30-4c75-4147-a29d-ce70f84af3e7,RTT_SAMPLE,ACK,764,0,"5.117800"
186.962,sender,61786f30-4c75-4147-a29d-ce70f84af3e7,SEND,DATA,796,1060,""
186.995,sender,61786f30-4c75-4147-a29d-ce70f84af3e7,EMIT,DATA,796,1060,""
187.019,sender,61786f30-4c75-4147-a29d-ce70f84af3e7,RECEIVE,ACK,765,36,""
187.037,sender,61786f30-4c75-4147-a29d-ce70f84af3e7,ACKNOWLEDGED,ACK,765,0,""
187.057,sender,61786f30-4c75-4147-a29d-ce70f84af3e7,CONFIRM_DATA,ACK,765,1024,"unique file bytes acknowledged"
187.086,sender,61786f30-4c75-4147-a29d-ce70f84af3e7,RTT_SAMPLE,ACK,765,0,"5.100800"
187.104,sender,61786f30-4c75-4147-a29d-ce70f84af3e7,SEND,DATA,797,1060,""
187.135,sender,61786f30-4c75-4147-a29d-ce70f84af3e7,EMIT,DATA,797,1060,""
187.158,sender,61786f30-4c75-4147-a29d-ce70f84af3e7,RECEIVE,ACK,766,36,""
187.171,sender,61786f30-4c75-4147-a29d-ce70f84af3e7,ACKNOWLEDGED,ACK,766,0,""
187.188,sender,61786f30-4c75-4147-a29d-ce70f84af3e7,CONFIRM_DATA,ACK,766,1024,"unique file bytes acknowledged"
187.217,sender,61786f30-4c75-4147-a29d-ce70f84af3e7,RTT_SAMPLE,ACK,766,0,"5.092100"
187.233,sender,61786f30-4c75-4147-a29d-ce70f84af3e7,SEND,DATA,798,1060,""
187.273,sender,61786f30-4c75-4147-a29d-ce70f84af3e7,EMIT,DATA,798,1060,""
187.296,sender,61786f30-4c75-4147-a29d-ce70f84af3e7,RECEIVE,ACK,767,36,""
187.309,sender,61786f30-4c75-4147-a29d-ce70f84af3e7,ACKNOWLEDGED,ACK,767,0,""
187.322,sender,61786f30-4c75-4147-a29d-ce70f84af3e7,CONFIRM_DATA,ACK,767,1024,"unique file bytes acknowledged"
187.354,sender,61786f30-4c75-4147-a29d-ce70f84af3e7,RTT_SAMPLE,ACK,767,0,"5.106500"
187.372,sender,61786f30-4c75-4147-a29d-ce70f84af3e7,SEND,DATA,799,1060,""
187.413,sender,61786f30-4c75-4147-a29d-ce70f84af3e7,EMIT,DATA,799,1060,""
187.435,sender,61786f30-4c75-4147-a29d-ce70f84af3e7,RECEIVE,ACK,768,36,""
187.450,sender,61786f30-4c75-4147-a29d-ce70f84af3e7,ACKNOWLEDGED,ACK,768,0,""
187.466,sender,61786f30-4c75-4147-a29d-ce70f84af3e7,CONFIRM_DATA,ACK,768,1024,"unique file bytes acknowledged"
187.490,sender,61786f30-4c75-4147-a29d-ce70f84af3e7,RTT_SAMPLE,ACK,768,0,"5.148500"
187.508,sender,61786f30-4c75-4147-a29d-ce70f84af3e7,SEND,DATA,800,1060,""
187.540,sender,61786f30-4c75-4147-a29d-ce70f84af3e7,EMIT,DATA,800,1060,""
187.562,sender,61786f30-4c75-4147-a29d-ce70f84af3e7,RECEIVE,ACK,769,36,""
187.576,sender,61786f30-4c75-4147-a29d-ce70f84af3e7,ACKNOWLEDGED,ACK,769,0,""
187.609,sender,61786f30-4c75-4147-a29d-ce70f84af3e7,CONFIRM_DATA,ACK,769,1024,"unique file bytes acknowledged"
187.622,sender,61786f30-4c75-4147-a29d-ce70f84af3e7,RTT_SAMPLE,ACK,769,0,"5.161100"
187.643,sender,61786f30-4c75-4147-a29d-ce70f84af3e7,SEND,DATA,801,1060,""
187.675,sender,61786f30-4c75-4147-a29d-ce70f84af3e7,EMIT,DATA,801,1060,""
187.697,sender,61786f30-4c75-4147-a29d-ce70f84af3e7,RECEIVE,ACK,770,36,""
187.711,sender,61786f30-4c75-4147-a29d-ce70f84af3e7,ACKNOWLEDGED,ACK,770,0,""
187.722,sender,61786f30-4c75-4147-a29d-ce70f84af3e7,CONFIRM_DATA,ACK,770,1024,"unique file bytes acknowledged"
187.738,sender,61786f30-4c75-4147-a29d-ce70f84af3e7,RTT_SAMPLE,ACK,770,0,"5.141100"
187.772,sender,61786f30-4c75-4147-a29d-ce70f84af3e7,SEND,DATA,802,1060,""
187.797,sender,61786f30-4c75-4147-a29d-ce70f84af3e7,EMIT,DATA,802,1060,""
187.817,sender,61786f30-4c75-4147-a29d-ce70f84af3e7,RECEIVE,ACK,771,36,""
187.850,sender,61786f30-4c75-4147-a29d-ce70f84af3e7,ACKNOWLEDGED,ACK,771,0,""
187.860,sender,61786f30-4c75-4147-a29d-ce70f84af3e7,CONFIRM_DATA,ACK,771,1024,"unique file bytes acknowledged"
187.872,sender,61786f30-4c75-4147-a29d-ce70f84af3e7,RTT_SAMPLE,ACK,771,0,"5.144000"
187.902,sender,61786f30-4c75-4147-a29d-ce70f84af3e7,SEND,DATA,803,1060,""
187.929,sender,61786f30-4c75-4147-a29d-ce70f84af3e7,EMIT,DATA,803,1060,""
187.947,sender,61786f30-4c75-4147-a29d-ce70f84af3e7,RECEIVE,ACK,772,36,""
187.956,sender,61786f30-4c75-4147-a29d-ce70f84af3e7,ACKNOWLEDGED,ACK,772,0,""
187.965,sender,61786f30-4c75-4147-a29d-ce70f84af3e7,CONFIRM_DATA,ACK,772,1024,"unique file bytes acknowledged"
187.976,sender,61786f30-4c75-4147-a29d-ce70f84af3e7,RTT_SAMPLE,ACK,772,0,"5.140700"
187.990,sender,61786f30-4c75-4147-a29d-ce70f84af3e7,SEND,DATA,804,1060,""
188.013,sender,61786f30-4c75-4147-a29d-ce70f84af3e7,EMIT,DATA,804,1060,""
188.045,sender,61786f30-4c75-4147-a29d-ce70f84af3e7,RECEIVE,ACK,773,36,""
188.056,sender,61786f30-4c75-4147-a29d-ce70f84af3e7,ACKNOWLEDGED,ACK,773,0,""
188.066,sender,61786f30-4c75-4147-a29d-ce70f84af3e7,CONFIRM_DATA,ACK,773,1024,"unique file bytes acknowledged"
188.080,sender,61786f30-4c75-4147-a29d-ce70f84af3e7,RTT_SAMPLE,ACK,773,0,"5.107100"
188.099,sender,61786f30-4c75-4147-a29d-ce70f84af3e7,SEND,DATA,805,1060,""
188.127,sender,61786f30-4c75-4147-a29d-ce70f84af3e7,EMIT,DATA,805,1060,""
188.150,sender,61786f30-4c75-4147-a29d-ce70f84af3e7,RECEIVE,ACK,774,36,""
188.166,sender,61786f30-4c75-4147-a29d-ce70f84af3e7,ACKNOWLEDGED,ACK,774,0,""
188.176,sender,61786f30-4c75-4147-a29d-ce70f84af3e7,CONFIRM_DATA,ACK,774,1024,"unique file bytes acknowledged"
188.199,sender,61786f30-4c75-4147-a29d-ce70f84af3e7,RTT_SAMPLE,ACK,774,0,"5.077900"
188.221,sender,61786f30-4c75-4147-a29d-ce70f84af3e7,SEND,DATA,806,1060,""
188.249,sender,61786f30-4c75-4147-a29d-ce70f84af3e7,EMIT,DATA,806,1060,""
188.287,sender,61786f30-4c75-4147-a29d-ce70f84af3e7,RECEIVE,ACK,775,36,""
188.299,sender,61786f30-4c75-4147-a29d-ce70f84af3e7,ACKNOWLEDGED,ACK,775,0,""
188.308,sender,61786f30-4c75-4147-a29d-ce70f84af3e7,CONFIRM_DATA,ACK,775,1024,"unique file bytes acknowledged"
188.334,sender,61786f30-4c75-4147-a29d-ce70f84af3e7,RTT_SAMPLE,ACK,775,0,"5.106100"
188.350,sender,61786f30-4c75-4147-a29d-ce70f84af3e7,SEND,DATA,807,1060,""
188.379,sender,61786f30-4c75-4147-a29d-ce70f84af3e7,EMIT,DATA,807,1060,""
188.402,sender,61786f30-4c75-4147-a29d-ce70f84af3e7,RECEIVE,ACK,776,36,""
188.432,sender,61786f30-4c75-4147-a29d-ce70f84af3e7,ACKNOWLEDGED,ACK,776,0,""
188.443,sender,61786f30-4c75-4147-a29d-ce70f84af3e7,CONFIRM_DATA,ACK,776,1024,"unique file bytes acknowledged"
188.456,sender,61786f30-4c75-4147-a29d-ce70f84af3e7,RTT_SAMPLE,ACK,776,0,"5.109200"
188.480,sender,61786f30-4c75-4147-a29d-ce70f84af3e7,SEND,DATA,808,1060,""
188.523,sender,61786f30-4c75-4147-a29d-ce70f84af3e7,EMIT,DATA,808,1060,""
188.543,sender,61786f30-4c75-4147-a29d-ce70f84af3e7,RECEIVE,ACK,777,36,""
188.554,sender,61786f30-4c75-4147-a29d-ce70f84af3e7,ACKNOWLEDGED,ACK,777,0,""
188.563,sender,61786f30-4c75-4147-a29d-ce70f84af3e7,CONFIRM_DATA,ACK,777,1024,"unique file bytes acknowledged"
188.575,sender,61786f30-4c75-4147-a29d-ce70f84af3e7,RTT_SAMPLE,ACK,777,0,"5.106400"
188.590,sender,61786f30-4c75-4147-a29d-ce70f84af3e7,SEND,DATA,809,1060,""
188.612,sender,61786f30-4c75-4147-a29d-ce70f84af3e7,EMIT,DATA,809,1060,""
188.630,sender,61786f30-4c75-4147-a29d-ce70f84af3e7,RECEIVE,ACK,778,36,""
188.641,sender,61786f30-4c75-4147-a29d-ce70f84af3e7,ACKNOWLEDGED,ACK,778,0,""
188.650,sender,61786f30-4c75-4147-a29d-ce70f84af3e7,CONFIRM_DATA,ACK,778,1024,"unique file bytes acknowledged"
188.675,sender,61786f30-4c75-4147-a29d-ce70f84af3e7,RTT_SAMPLE,ACK,778,0,"4.959200"
188.694,sender,61786f30-4c75-4147-a29d-ce70f84af3e7,SEND,DATA,810,1060,""
188.734,sender,61786f30-4c75-4147-a29d-ce70f84af3e7,EMIT,DATA,810,1060,""
188.858,sender,61786f30-4c75-4147-a29d-ce70f84af3e7,RECEIVE,ACK,779,36,""
188.870,sender,61786f30-4c75-4147-a29d-ce70f84af3e7,ACKNOWLEDGED,ACK,779,0,""
188.893,sender,61786f30-4c75-4147-a29d-ce70f84af3e7,CONFIRM_DATA,ACK,779,1024,"unique file bytes acknowledged"
188.908,sender,61786f30-4c75-4147-a29d-ce70f84af3e7,RTT_SAMPLE,ACK,779,0,"5.058800"
188.933,sender,61786f30-4c75-4147-a29d-ce70f84af3e7,SEND,DATA,811,1060,""
188.961,sender,61786f30-4c75-4147-a29d-ce70f84af3e7,EMIT,DATA,811,1060,""
188.979,sender,61786f30-4c75-4147-a29d-ce70f84af3e7,RECEIVE,ACK,780,36,""
188.989,sender,61786f30-4c75-4147-a29d-ce70f84af3e7,ACKNOWLEDGED,ACK,780,0,""
188.998,sender,61786f30-4c75-4147-a29d-ce70f84af3e7,CONFIRM_DATA,ACK,780,1024,"unique file bytes acknowledged"
189.009,sender,61786f30-4c75-4147-a29d-ce70f84af3e7,RTT_SAMPLE,ACK,780,0,"4.989000"
189.047,sender,61786f30-4c75-4147-a29d-ce70f84af3e7,SEND,DATA,812,1060,""
189.074,sender,61786f30-4c75-4147-a29d-ce70f84af3e7,EMIT,DATA,812,1060,""
189.113,sender,61786f30-4c75-4147-a29d-ce70f84af3e7,RECEIVE,ACK,781,36,""
189.125,sender,61786f30-4c75-4147-a29d-ce70f84af3e7,ACKNOWLEDGED,ACK,781,0,""
189.133,sender,61786f30-4c75-4147-a29d-ce70f84af3e7,CONFIRM_DATA,ACK,781,1024,"unique file bytes acknowledged"
189.146,sender,61786f30-4c75-4147-a29d-ce70f84af3e7,RTT_SAMPLE,ACK,781,0,"5.034800"
189.162,sender,61786f30-4c75-4147-a29d-ce70f84af3e7,SEND,DATA,813,1060,""
189.189,sender,61786f30-4c75-4147-a29d-ce70f84af3e7,EMIT,DATA,813,1060,""
189.225,sender,61786f30-4c75-4147-a29d-ce70f84af3e7,RECEIVE,ACK,782,36,""
189.248,sender,61786f30-4c75-4147-a29d-ce70f84af3e7,ACKNOWLEDGED,ACK,782,0,""
189.271,sender,61786f30-4c75-4147-a29d-ce70f84af3e7,CONFIRM_DATA,ACK,782,1024,"unique file bytes acknowledged"
189.284,sender,61786f30-4c75-4147-a29d-ce70f84af3e7,RTT_SAMPLE,ACK,782,0,"5.063200"
189.311,sender,61786f30-4c75-4147-a29d-ce70f84af3e7,SEND,DATA,814,1060,""
189.345,sender,61786f30-4c75-4147-a29d-ce70f84af3e7,EMIT,DATA,814,1060,""
189.371,sender,61786f30-4c75-4147-a29d-ce70f84af3e7,RECEIVE,ACK,783,36,""
189.391,sender,61786f30-4c75-4147-a29d-ce70f84af3e7,ACKNOWLEDGED,ACK,783,0,""
189.413,sender,61786f30-4c75-4147-a29d-ce70f84af3e7,CONFIRM_DATA,ACK,783,1024,"unique file bytes acknowledged"
189.442,sender,61786f30-4c75-4147-a29d-ce70f84af3e7,RTT_SAMPLE,ACK,783,0,"5.108900"
189.459,sender,61786f30-4c75-4147-a29d-ce70f84af3e7,SEND,DATA,815,1060,""
189.506,sender,61786f30-4c75-4147-a29d-ce70f84af3e7,EMIT,DATA,815,1060,""
189.528,sender,61786f30-4c75-4147-a29d-ce70f84af3e7,RECEIVE,ACK,784,36,""
189.552,sender,61786f30-4c75-4147-a29d-ce70f84af3e7,ACKNOWLEDGED,ACK,784,0,""
189.564,sender,61786f30-4c75-4147-a29d-ce70f84af3e7,CONFIRM_DATA,ACK,784,1024,"unique file bytes acknowledged"
189.579,sender,61786f30-4c75-4147-a29d-ce70f84af3e7,RTT_SAMPLE,ACK,784,0,"5.117000"
189.598,sender,61786f30-4c75-4147-a29d-ce70f84af3e7,SEND,DATA,816,1060,""
189.635,sender,61786f30-4c75-4147-a29d-ce70f84af3e7,EMIT,DATA,816,1060,""
189.664,sender,61786f30-4c75-4147-a29d-ce70f84af3e7,RECEIVE,ACK,785,36,""
189.688,sender,61786f30-4c75-4147-a29d-ce70f84af3e7,ACKNOWLEDGED,ACK,785,0,""
189.710,sender,61786f30-4c75-4147-a29d-ce70f84af3e7,CONFIRM_DATA,ACK,785,1024,"unique file bytes acknowledged"
189.727,sender,61786f30-4c75-4147-a29d-ce70f84af3e7,RTT_SAMPLE,ACK,785,0,"5.123500"
189.745,sender,61786f30-4c75-4147-a29d-ce70f84af3e7,SEND,DATA,817,1060,""
189.787,sender,61786f30-4c75-4147-a29d-ce70f84af3e7,EMIT,DATA,817,1060,""
189.810,sender,61786f30-4c75-4147-a29d-ce70f84af3e7,RECEIVE,ACK,786,36,""
189.828,sender,61786f30-4c75-4147-a29d-ce70f84af3e7,ACKNOWLEDGED,ACK,786,0,""
189.856,sender,61786f30-4c75-4147-a29d-ce70f84af3e7,CONFIRM_DATA,ACK,786,1024,"unique file bytes acknowledged"
189.886,sender,61786f30-4c75-4147-a29d-ce70f84af3e7,RTT_SAMPLE,ACK,786,0,"5.136800"
189.905,sender,61786f30-4c75-4147-a29d-ce70f84af3e7,SEND,DATA,818,1060,""
189.931,sender,61786f30-4c75-4147-a29d-ce70f84af3e7,EMIT,DATA,818,1060,""
189.966,sender,61786f30-4c75-4147-a29d-ce70f84af3e7,RECEIVE,ACK,787,36,""
189.977,sender,61786f30-4c75-4147-a29d-ce70f84af3e7,ACKNOWLEDGED,ACK,787,0,""
189.989,sender,61786f30-4c75-4147-a29d-ce70f84af3e7,CONFIRM_DATA,ACK,787,1024,"unique file bytes acknowledged"
190.023,sender,61786f30-4c75-4147-a29d-ce70f84af3e7,RTT_SAMPLE,ACK,787,0,"4.927800"
190.038,sender,61786f30-4c75-4147-a29d-ce70f84af3e7,SEND,DATA,819,1060,""
190.063,sender,61786f30-4c75-4147-a29d-ce70f84af3e7,EMIT,DATA,819,1060,""
190.083,sender,61786f30-4c75-4147-a29d-ce70f84af3e7,RECEIVE,ACK,788,36,""
190.095,sender,61786f30-4c75-4147-a29d-ce70f84af3e7,ACKNOWLEDGED,ACK,788,0,""
190.105,sender,61786f30-4c75-4147-a29d-ce70f84af3e7,CONFIRM_DATA,ACK,788,1024,"unique file bytes acknowledged"
190.133,sender,61786f30-4c75-4147-a29d-ce70f84af3e7,RTT_SAMPLE,ACK,788,0,"4.747400"
190.154,sender,61786f30-4c75-4147-a29d-ce70f84af3e7,SEND,DATA,820,1060,""
190.182,sender,61786f30-4c75-4147-a29d-ce70f84af3e7,EMIT,DATA,820,1060,""
190.216,sender,61786f30-4c75-4147-a29d-ce70f84af3e7,RECEIVE,ACK,789,36,""
190.227,sender,61786f30-4c75-4147-a29d-ce70f84af3e7,ACKNOWLEDGED,ACK,789,0,""
190.250,sender,61786f30-4c75-4147-a29d-ce70f84af3e7,CONFIRM_DATA,ACK,789,1024,"unique file bytes acknowledged"
190.263,sender,61786f30-4c75-4147-a29d-ce70f84af3e7,RTT_SAMPLE,ACK,789,0,"4.689800"
190.289,sender,61786f30-4c75-4147-a29d-ce70f84af3e7,SEND,DATA,821,1060,""
190.317,sender,61786f30-4c75-4147-a29d-ce70f84af3e7,EMIT,DATA,821,1060,""
190.336,sender,61786f30-4c75-4147-a29d-ce70f84af3e7,RECEIVE,ACK,790,36,""
190.346,sender,61786f30-4c75-4147-a29d-ce70f84af3e7,ACKNOWLEDGED,ACK,790,0,""
190.354,sender,61786f30-4c75-4147-a29d-ce70f84af3e7,CONFIRM_DATA,ACK,790,1024,"unique file bytes acknowledged"
190.366,sender,61786f30-4c75-4147-a29d-ce70f84af3e7,RTT_SAMPLE,ACK,790,0,"4.594600"
190.381,sender,61786f30-4c75-4147-a29d-ce70f84af3e7,SEND,DATA,822,1060,""
190.431,sender,61786f30-4c75-4147-a29d-ce70f84af3e7,EMIT,DATA,822,1060,""
190.453,sender,61786f30-4c75-4147-a29d-ce70f84af3e7,RECEIVE,ACK,791,36,""
190.468,sender,61786f30-4c75-4147-a29d-ce70f84af3e7,ACKNOWLEDGED,ACK,791,0,""
190.480,sender,61786f30-4c75-4147-a29d-ce70f84af3e7,CONFIRM_DATA,ACK,791,1024,"unique file bytes acknowledged"
190.496,sender,61786f30-4c75-4147-a29d-ce70f84af3e7,RTT_SAMPLE,ACK,791,0,"4.567200"
190.512,sender,61786f30-4c75-4147-a29d-ce70f84af3e7,SEND,DATA,823,1060,""
190.541,sender,61786f30-4c75-4147-a29d-ce70f84af3e7,EMIT,DATA,823,1060,""
190.567,sender,61786f30-4c75-4147-a29d-ce70f84af3e7,RECEIVE,ACK,792,36,""
190.579,sender,61786f30-4c75-4147-a29d-ce70f84af3e7,ACKNOWLEDGED,ACK,792,0,""
190.590,sender,61786f30-4c75-4147-a29d-ce70f84af3e7,CONFIRM_DATA,ACK,792,1024,"unique file bytes acknowledged"
190.602,sender,61786f30-4c75-4147-a29d-ce70f84af3e7,RTT_SAMPLE,ACK,792,0,"4.468600"
190.625,sender,61786f30-4c75-4147-a29d-ce70f84af3e7,SEND,DATA,824,1060,""
190.673,sender,61786f30-4c75-4147-a29d-ce70f84af3e7,EMIT,DATA,824,1060,""
190.694,sender,61786f30-4c75-4147-a29d-ce70f84af3e7,RECEIVE,ACK,793,36,""
190.715,sender,61786f30-4c75-4147-a29d-ce70f84af3e7,ACKNOWLEDGED,ACK,793,0,""
190.726,sender,61786f30-4c75-4147-a29d-ce70f84af3e7,CONFIRM_DATA,ACK,793,1024,"unique file bytes acknowledged"
190.751,sender,61786f30-4c75-4147-a29d-ce70f84af3e7,RTT_SAMPLE,ACK,793,0,"4.437300"
190.775,sender,61786f30-4c75-4147-a29d-ce70f84af3e7,SEND,DATA,825,1060,""
190.802,sender,61786f30-4c75-4147-a29d-ce70f84af3e7,EMIT,DATA,825,1060,""
190.824,sender,61786f30-4c75-4147-a29d-ce70f84af3e7,RECEIVE,ACK,794,36,""
190.840,sender,61786f30-4c75-4147-a29d-ce70f84af3e7,ACKNOWLEDGED,ACK,794,0,""
190.853,sender,61786f30-4c75-4147-a29d-ce70f84af3e7,CONFIRM_DATA,ACK,794,1024,"unique file bytes acknowledged"
190.866,sender,61786f30-4c75-4147-a29d-ce70f84af3e7,RTT_SAMPLE,ACK,794,0,"4.248600"
190.907,sender,61786f30-4c75-4147-a29d-ce70f84af3e7,SEND,DATA,826,1060,""
190.934,sender,61786f30-4c75-4147-a29d-ce70f84af3e7,EMIT,DATA,826,1060,""
190.969,sender,61786f30-4c75-4147-a29d-ce70f84af3e7,RECEIVE,ACK,795,36,""
190.981,sender,61786f30-4c75-4147-a29d-ce70f84af3e7,ACKNOWLEDGED,ACK,795,0,""
191.054,sender,61786f30-4c75-4147-a29d-ce70f84af3e7,CONFIRM_DATA,ACK,795,1024,"unique file bytes acknowledged"
191.071,sender,61786f30-4c75-4147-a29d-ce70f84af3e7,RTT_SAMPLE,ACK,795,0,"4.241200"
191.105,sender,61786f30-4c75-4147-a29d-ce70f84af3e7,SEND,DATA,827,1060,""
191.133,sender,61786f30-4c75-4147-a29d-ce70f84af3e7,EMIT,DATA,827,1060,""
191.155,sender,61786f30-4c75-4147-a29d-ce70f84af3e7,RECEIVE,ACK,796,36,""
191.171,sender,61786f30-4c75-4147-a29d-ce70f84af3e7,ACKNOWLEDGED,ACK,796,0,""
191.181,sender,61786f30-4c75-4147-a29d-ce70f84af3e7,CONFIRM_DATA,ACK,796,1024,"unique file bytes acknowledged"
191.198,sender,61786f30-4c75-4147-a29d-ce70f84af3e7,RTT_SAMPLE,ACK,796,0,"4.235700"
191.226,sender,61786f30-4c75-4147-a29d-ce70f84af3e7,SEND,DATA,828,1060,""
191.249,sender,61786f30-4c75-4147-a29d-ce70f84af3e7,EMIT,DATA,828,1060,""
191.267,sender,61786f30-4c75-4147-a29d-ce70f84af3e7,RECEIVE,ACK,797,36,""
191.280,sender,61786f30-4c75-4147-a29d-ce70f84af3e7,ACKNOWLEDGED,ACK,797,0,""
191.289,sender,61786f30-4c75-4147-a29d-ce70f84af3e7,CONFIRM_DATA,ACK,797,1024,"unique file bytes acknowledged"
191.300,sender,61786f30-4c75-4147-a29d-ce70f84af3e7,RTT_SAMPLE,ACK,797,0,"4.196300"
191.315,sender,61786f30-4c75-4147-a29d-ce70f84af3e7,SEND,DATA,829,1060,""
191.335,sender,61786f30-4c75-4147-a29d-ce70f84af3e7,EMIT,DATA,829,1060,""
191.352,sender,61786f30-4c75-4147-a29d-ce70f84af3e7,RECEIVE,ACK,798,36,""
191.362,sender,61786f30-4c75-4147-a29d-ce70f84af3e7,ACKNOWLEDGED,ACK,798,0,""
191.371,sender,61786f30-4c75-4147-a29d-ce70f84af3e7,CONFIRM_DATA,ACK,798,1024,"unique file bytes acknowledged"
191.394,sender,61786f30-4c75-4147-a29d-ce70f84af3e7,RTT_SAMPLE,ACK,798,0,"4.160400"
191.409,sender,61786f30-4c75-4147-a29d-ce70f84af3e7,SEND,DATA,830,1060,""
191.434,sender,61786f30-4c75-4147-a29d-ce70f84af3e7,EMIT,DATA,830,1060,""
191.454,sender,61786f30-4c75-4147-a29d-ce70f84af3e7,RECEIVE,ACK,799,36,""
191.465,sender,61786f30-4c75-4147-a29d-ce70f84af3e7,ACKNOWLEDGED,ACK,799,0,""
191.475,sender,61786f30-4c75-4147-a29d-ce70f84af3e7,CONFIRM_DATA,ACK,799,1024,"unique file bytes acknowledged"
191.494,sender,61786f30-4c75-4147-a29d-ce70f84af3e7,RTT_SAMPLE,ACK,799,0,"4.121900"
191.514,sender,61786f30-4c75-4147-a29d-ce70f84af3e7,SEND,DATA,831,1060,""
191.541,sender,61786f30-4c75-4147-a29d-ce70f84af3e7,EMIT,DATA,831,1060,""
191.561,sender,61786f30-4c75-4147-a29d-ce70f84af3e7,RECEIVE,ACK,800,36,""
191.577,sender,61786f30-4c75-4147-a29d-ce70f84af3e7,ACKNOWLEDGED,ACK,800,0,""
191.604,sender,61786f30-4c75-4147-a29d-ce70f84af3e7,CONFIRM_DATA,ACK,800,1024,"unique file bytes acknowledged"
191.617,sender,61786f30-4c75-4147-a29d-ce70f84af3e7,RTT_SAMPLE,ACK,800,0,"4.108700"
191.637,sender,61786f30-4c75-4147-a29d-ce70f84af3e7,SEND,DATA,832,1060,""
191.663,sender,61786f30-4c75-4147-a29d-ce70f84af3e7,EMIT,DATA,832,1060,""
191.687,sender,61786f30-4c75-4147-a29d-ce70f84af3e7,RECEIVE,ACK,801,36,""
191.698,sender,61786f30-4c75-4147-a29d-ce70f84af3e7,ACKNOWLEDGED,ACK,801,0,""
191.718,sender,61786f30-4c75-4147-a29d-ce70f84af3e7,CONFIRM_DATA,ACK,801,1024,"unique file bytes acknowledged"
191.731,sender,61786f30-4c75-4147-a29d-ce70f84af3e7,RTT_SAMPLE,ACK,801,0,"4.086700"
191.755,sender,61786f30-4c75-4147-a29d-ce70f84af3e7,SEND,DATA,833,1060,""
191.784,sender,61786f30-4c75-4147-a29d-ce70f84af3e7,EMIT,DATA,833,1060,""
191.806,sender,61786f30-4c75-4147-a29d-ce70f84af3e7,RECEIVE,ACK,802,36,""
191.817,sender,61786f30-4c75-4147-a29d-ce70f84af3e7,ACKNOWLEDGED,ACK,802,0,""
191.842,sender,61786f30-4c75-4147-a29d-ce70f84af3e7,CONFIRM_DATA,ACK,802,1024,"unique file bytes acknowledged"
191.869,sender,61786f30-4c75-4147-a29d-ce70f84af3e7,RTT_SAMPLE,ACK,802,0,"4.095900"
191.885,sender,61786f30-4c75-4147-a29d-ce70f84af3e7,SEND,DATA,834,1060,""
191.917,sender,61786f30-4c75-4147-a29d-ce70f84af3e7,EMIT,DATA,834,1060,""
191.936,sender,61786f30-4c75-4147-a29d-ce70f84af3e7,RECEIVE,ACK,803,36,""
191.964,sender,61786f30-4c75-4147-a29d-ce70f84af3e7,ACKNOWLEDGED,ACK,803,0,""
191.974,sender,61786f30-4c75-4147-a29d-ce70f84af3e7,CONFIRM_DATA,ACK,803,1024,"unique file bytes acknowledged"
191.994,sender,61786f30-4c75-4147-a29d-ce70f84af3e7,RTT_SAMPLE,ACK,803,0,"4.089200"
192.019,sender,61786f30-4c75-4147-a29d-ce70f84af3e7,SEND,DATA,835,1060,""
192.047,sender,61786f30-4c75-4147-a29d-ce70f84af3e7,EMIT,DATA,835,1060,""
192.068,sender,61786f30-4c75-4147-a29d-ce70f84af3e7,RECEIVE,ACK,804,36,""
192.097,sender,61786f30-4c75-4147-a29d-ce70f84af3e7,ACKNOWLEDGED,ACK,804,0,""
192.106,sender,61786f30-4c75-4147-a29d-ce70f84af3e7,CONFIRM_DATA,ACK,804,1024,"unique file bytes acknowledged"
192.119,sender,61786f30-4c75-4147-a29d-ce70f84af3e7,RTT_SAMPLE,ACK,804,0,"4.127000"
192.141,sender,61786f30-4c75-4147-a29d-ce70f84af3e7,SEND,DATA,836,1060,""
192.169,sender,61786f30-4c75-4147-a29d-ce70f84af3e7,EMIT,DATA,836,1060,""
192.205,sender,61786f30-4c75-4147-a29d-ce70f84af3e7,RECEIVE,ACK,805,36,""
192.217,sender,61786f30-4c75-4147-a29d-ce70f84af3e7,ACKNOWLEDGED,ACK,805,0,""
192.229,sender,61786f30-4c75-4147-a29d-ce70f84af3e7,CONFIRM_DATA,ACK,805,1024,"unique file bytes acknowledged"
192.244,sender,61786f30-4c75-4147-a29d-ce70f84af3e7,RTT_SAMPLE,ACK,805,0,"4.142300"
192.264,sender,61786f30-4c75-4147-a29d-ce70f84af3e7,SEND,DATA,837,1060,""
192.307,sender,61786f30-4c75-4147-a29d-ce70f84af3e7,EMIT,DATA,837,1060,""
192.356,sender,61786f30-4c75-4147-a29d-ce70f84af3e7,RECEIVE,ACK,806,36,""
192.388,sender,61786f30-4c75-4147-a29d-ce70f84af3e7,ACKNOWLEDGED,ACK,806,0,""
192.400,sender,61786f30-4c75-4147-a29d-ce70f84af3e7,CONFIRM_DATA,ACK,806,1024,"unique file bytes acknowledged"
192.436,sender,61786f30-4c75-4147-a29d-ce70f84af3e7,RTT_SAMPLE,ACK,806,0,"4.202600"
192.465,sender,61786f30-4c75-4147-a29d-ce70f84af3e7,SEND,DATA,838,1060,""
192.500,sender,61786f30-4c75-4147-a29d-ce70f84af3e7,EMIT,DATA,838,1060,""
192.523,sender,61786f30-4c75-4147-a29d-ce70f84af3e7,RECEIVE,ACK,807,36,""
192.549,sender,61786f30-4c75-4147-a29d-ce70f84af3e7,ACKNOWLEDGED,ACK,807,0,""
192.561,sender,61786f30-4c75-4147-a29d-ce70f84af3e7,CONFIRM_DATA,ACK,807,1024,"unique file bytes acknowledged"
192.579,sender,61786f30-4c75-4147-a29d-ce70f84af3e7,RTT_SAMPLE,ACK,807,0,"4.226100"
192.596,sender,61786f30-4c75-4147-a29d-ce70f84af3e7,SEND,DATA,839,1060,""
192.629,sender,61786f30-4c75-4147-a29d-ce70f84af3e7,EMIT,DATA,839,1060,""
192.661,sender,61786f30-4c75-4147-a29d-ce70f84af3e7,RECEIVE,ACK,808,36,""
192.677,sender,61786f30-4c75-4147-a29d-ce70f84af3e7,ACKNOWLEDGED,ACK,808,0,""
192.693,sender,61786f30-4c75-4147-a29d-ce70f84af3e7,CONFIRM_DATA,ACK,808,1024,"unique file bytes acknowledged"
192.706,sender,61786f30-4c75-4147-a29d-ce70f84af3e7,RTT_SAMPLE,ACK,808,0,"4.224800"
192.727,sender,61786f30-4c75-4147-a29d-ce70f84af3e7,SEND,DATA,840,1060,""
192.759,sender,61786f30-4c75-4147-a29d-ce70f84af3e7,EMIT,DATA,840,1060,""
192.782,sender,61786f30-4c75-4147-a29d-ce70f84af3e7,RECEIVE,ACK,809,36,""
192.794,sender,61786f30-4c75-4147-a29d-ce70f84af3e7,ACKNOWLEDGED,ACK,809,0,""
192.803,sender,61786f30-4c75-4147-a29d-ce70f84af3e7,CONFIRM_DATA,ACK,809,1024,"unique file bytes acknowledged"
192.828,sender,61786f30-4c75-4147-a29d-ce70f84af3e7,RTT_SAMPLE,ACK,809,0,"4.234600"
192.856,sender,61786f30-4c75-4147-a29d-ce70f84af3e7,SEND,DATA,841,1060,""
192.901,sender,61786f30-4c75-4147-a29d-ce70f84af3e7,EMIT,DATA,841,1060,""
192.923,sender,61786f30-4c75-4147-a29d-ce70f84af3e7,RECEIVE,ACK,810,36,""
192.938,sender,61786f30-4c75-4147-a29d-ce70f84af3e7,ACKNOWLEDGED,ACK,810,0,""
192.950,sender,61786f30-4c75-4147-a29d-ce70f84af3e7,CONFIRM_DATA,ACK,810,1024,"unique file bytes acknowledged"
192.972,sender,61786f30-4c75-4147-a29d-ce70f84af3e7,RTT_SAMPLE,ACK,810,0,"4.276200"
192.988,sender,61786f30-4c75-4147-a29d-ce70f84af3e7,SEND,DATA,842,1060,""
193.021,sender,61786f30-4c75-4147-a29d-ce70f84af3e7,EMIT,DATA,842,1060,""
193.043,sender,61786f30-4c75-4147-a29d-ce70f84af3e7,RECEIVE,ACK,811,36,""
193.059,sender,61786f30-4c75-4147-a29d-ce70f84af3e7,ACKNOWLEDGED,ACK,811,0,""
193.077,sender,61786f30-4c75-4147-a29d-ce70f84af3e7,CONFIRM_DATA,ACK,811,1024,"unique file bytes acknowledged"
193.104,sender,61786f30-4c75-4147-a29d-ce70f84af3e7,RTT_SAMPLE,ACK,811,0,"4.170700"
193.183,sender,61786f30-4c75-4147-a29d-ce70f84af3e7,SEND,DATA,843,1060,""
193.231,sender,61786f30-4c75-4147-a29d-ce70f84af3e7,EMIT,DATA,843,1060,""
193.253,sender,61786f30-4c75-4147-a29d-ce70f84af3e7,RECEIVE,ACK,812,36,""
193.277,sender,61786f30-4c75-4147-a29d-ce70f84af3e7,ACKNOWLEDGED,ACK,812,0,""
193.288,sender,61786f30-4c75-4147-a29d-ce70f84af3e7,CONFIRM_DATA,ACK,812,1024,"unique file bytes acknowledged"
193.305,sender,61786f30-4c75-4147-a29d-ce70f84af3e7,RTT_SAMPLE,ACK,812,0,"4.255700"
193.326,sender,61786f30-4c75-4147-a29d-ce70f84af3e7,SEND,DATA,844,1060,""
193.355,sender,61786f30-4c75-4147-a29d-ce70f84af3e7,EMIT,DATA,844,1060,""
193.376,sender,61786f30-4c75-4147-a29d-ce70f84af3e7,RECEIVE,ACK,813,36,""
193.389,sender,61786f30-4c75-4147-a29d-ce70f84af3e7,ACKNOWLEDGED,ACK,813,0,""
193.403,sender,61786f30-4c75-4147-a29d-ce70f84af3e7,CONFIRM_DATA,ACK,813,1024,"unique file bytes acknowledged"
193.422,sender,61786f30-4c75-4147-a29d-ce70f84af3e7,RTT_SAMPLE,ACK,813,0,"4.257000"
193.453,sender,61786f30-4c75-4147-a29d-ce70f84af3e7,SEND,DATA,845,1060,""
193.484,sender,61786f30-4c75-4147-a29d-ce70f84af3e7,EMIT,DATA,845,1060,""
193.507,sender,61786f30-4c75-4147-a29d-ce70f84af3e7,RECEIVE,ACK,814,36,""
193.528,sender,61786f30-4c75-4147-a29d-ce70f84af3e7,ACKNOWLEDGED,ACK,814,0,""
193.539,sender,61786f30-4c75-4147-a29d-ce70f84af3e7,CONFIRM_DATA,ACK,814,1024,"unique file bytes acknowledged"
193.556,sender,61786f30-4c75-4147-a29d-ce70f84af3e7,RTT_SAMPLE,ACK,814,0,"4.242500"
193.575,sender,61786f30-4c75-4147-a29d-ce70f84af3e7,SEND,DATA,846,1060,""
193.600,sender,61786f30-4c75-4147-a29d-ce70f84af3e7,EMIT,DATA,846,1060,""
193.620,sender,61786f30-4c75-4147-a29d-ce70f84af3e7,RECEIVE,ACK,815,36,""
193.640,sender,61786f30-4c75-4147-a29d-ce70f84af3e7,ACKNOWLEDGED,ACK,815,0,""
193.651,sender,61786f30-4c75-4147-a29d-ce70f84af3e7,CONFIRM_DATA,ACK,815,1024,"unique file bytes acknowledged"
193.666,sender,61786f30-4c75-4147-a29d-ce70f84af3e7,RTT_SAMPLE,ACK,815,0,"4.207000"
193.698,sender,61786f30-4c75-4147-a29d-ce70f84af3e7,SEND,DATA,847,1060,""
193.731,sender,61786f30-4c75-4147-a29d-ce70f84af3e7,EMIT,DATA,847,1060,""
193.754,sender,61786f30-4c75-4147-a29d-ce70f84af3e7,RECEIVE,ACK,816,36,""
193.768,sender,61786f30-4c75-4147-a29d-ce70f84af3e7,ACKNOWLEDGED,ACK,816,0,""
193.785,sender,61786f30-4c75-4147-a29d-ce70f84af3e7,CONFIRM_DATA,ACK,816,1024,"unique file bytes acknowledged"
193.822,sender,61786f30-4c75-4147-a29d-ce70f84af3e7,RTT_SAMPLE,ACK,816,0,"4.223000"
193.845,sender,61786f30-4c75-4147-a29d-ce70f84af3e7,SEND,DATA,848,1060,""
193.877,sender,61786f30-4c75-4147-a29d-ce70f84af3e7,EMIT,DATA,848,1060,""
193.899,sender,61786f30-4c75-4147-a29d-ce70f84af3e7,RECEIVE,ACK,817,36,""
193.924,sender,61786f30-4c75-4147-a29d-ce70f84af3e7,ACKNOWLEDGED,ACK,817,0,""
193.945,sender,61786f30-4c75-4147-a29d-ce70f84af3e7,CONFIRM_DATA,ACK,817,1024,"unique file bytes acknowledged"
193.971,sender,61786f30-4c75-4147-a29d-ce70f84af3e7,RTT_SAMPLE,ACK,817,0,"4.225200"
193.989,sender,61786f30-4c75-4147-a29d-ce70f84af3e7,SEND,DATA,849,1060,""
194.022,sender,61786f30-4c75-4147-a29d-ce70f84af3e7,EMIT,DATA,849,1060,""
194.044,sender,61786f30-4c75-4147-a29d-ce70f84af3e7,RECEIVE,ACK,818,36,""
194.058,sender,61786f30-4c75-4147-a29d-ce70f84af3e7,ACKNOWLEDGED,ACK,818,0,""
194.071,sender,61786f30-4c75-4147-a29d-ce70f84af3e7,CONFIRM_DATA,ACK,818,1024,"unique file bytes acknowledged"
194.091,sender,61786f30-4c75-4147-a29d-ce70f84af3e7,RTT_SAMPLE,ACK,818,0,"4.184400"
194.109,sender,61786f30-4c75-4147-a29d-ce70f84af3e7,SEND,DATA,850,1060,""
194.138,sender,61786f30-4c75-4147-a29d-ce70f84af3e7,EMIT,DATA,850,1060,""
194.158,sender,61786f30-4c75-4147-a29d-ce70f84af3e7,RECEIVE,ACK,819,36,""
194.185,sender,61786f30-4c75-4147-a29d-ce70f84af3e7,ACKNOWLEDGED,ACK,819,0,""
194.219,sender,61786f30-4c75-4147-a29d-ce70f84af3e7,CONFIRM_DATA,ACK,819,1024,"unique file bytes acknowledged"
194.234,sender,61786f30-4c75-4147-a29d-ce70f84af3e7,RTT_SAMPLE,ACK,819,0,"4.192700"
194.251,sender,61786f30-4c75-4147-a29d-ce70f84af3e7,SEND,DATA,851,1060,""
194.281,sender,61786f30-4c75-4147-a29d-ce70f84af3e7,EMIT,DATA,851,1060,""
194.303,sender,61786f30-4c75-4147-a29d-ce70f84af3e7,RECEIVE,ACK,820,36,""
194.322,sender,61786f30-4c75-4147-a29d-ce70f84af3e7,ACKNOWLEDGED,ACK,820,0,""
194.342,sender,61786f30-4c75-4147-a29d-ce70f84af3e7,CONFIRM_DATA,ACK,820,1024,"unique file bytes acknowledged"
194.355,sender,61786f30-4c75-4147-a29d-ce70f84af3e7,RTT_SAMPLE,ACK,820,0,"4.201000"
194.373,sender,61786f30-4c75-4147-a29d-ce70f84af3e7,SEND,DATA,852,1060,""
194.399,sender,61786f30-4c75-4147-a29d-ce70f84af3e7,EMIT,DATA,852,1060,""
194.420,sender,61786f30-4c75-4147-a29d-ce70f84af3e7,RECEIVE,ACK,821,36,""
194.431,sender,61786f30-4c75-4147-a29d-ce70f84af3e7,ACKNOWLEDGED,ACK,821,0,""
194.464,sender,61786f30-4c75-4147-a29d-ce70f84af3e7,CONFIRM_DATA,ACK,821,1024,"unique file bytes acknowledged"
194.477,sender,61786f30-4c75-4147-a29d-ce70f84af3e7,RTT_SAMPLE,ACK,821,0,"4.187500"
194.494,sender,61786f30-4c75-4147-a29d-ce70f84af3e7,SEND,DATA,853,1060,""
194.518,sender,61786f30-4c75-4147-a29d-ce70f84af3e7,EMIT,DATA,853,1060,""
194.541,sender,61786f30-4c75-4147-a29d-ce70f84af3e7,RECEIVE,ACK,822,36,""
194.553,sender,61786f30-4c75-4147-a29d-ce70f84af3e7,ACKNOWLEDGED,ACK,822,0,""
194.564,sender,61786f30-4c75-4147-a29d-ce70f84af3e7,CONFIRM_DATA,ACK,822,1024,"unique file bytes acknowledged"
194.575,sender,61786f30-4c75-4147-a29d-ce70f84af3e7,RTT_SAMPLE,ACK,822,0,"4.194300"
194.601,sender,61786f30-4c75-4147-a29d-ce70f84af3e7,SEND,DATA,854,1060,""
194.628,sender,61786f30-4c75-4147-a29d-ce70f84af3e7,EMIT,DATA,854,1060,""
194.655,sender,61786f30-4c75-4147-a29d-ce70f84af3e7,RECEIVE,ACK,823,36,""
194.684,sender,61786f30-4c75-4147-a29d-ce70f84af3e7,ACKNOWLEDGED,ACK,823,0,""
194.701,sender,61786f30-4c75-4147-a29d-ce70f84af3e7,CONFIRM_DATA,ACK,823,1024,"unique file bytes acknowledged"
194.725,sender,61786f30-4c75-4147-a29d-ce70f84af3e7,RTT_SAMPLE,ACK,823,0,"4.208600"
194.752,sender,61786f30-4c75-4147-a29d-ce70f84af3e7,SEND,DATA,855,1060,""
194.778,sender,61786f30-4c75-4147-a29d-ce70f84af3e7,EMIT,DATA,855,1060,""
194.806,sender,61786f30-4c75-4147-a29d-ce70f84af3e7,RECEIVE,ACK,824,36,""
194.824,sender,61786f30-4c75-4147-a29d-ce70f84af3e7,ACKNOWLEDGED,ACK,824,0,""
194.835,sender,61786f30-4c75-4147-a29d-ce70f84af3e7,CONFIRM_DATA,ACK,824,1024,"unique file bytes acknowledged"
194.849,sender,61786f30-4c75-4147-a29d-ce70f84af3e7,RTT_SAMPLE,ACK,824,0,"4.221200"
194.866,sender,61786f30-4c75-4147-a29d-ce70f84af3e7,SEND,DATA,856,1060,""
194.892,sender,61786f30-4c75-4147-a29d-ce70f84af3e7,EMIT,DATA,856,1060,""
194.936,sender,61786f30-4c75-4147-a29d-ce70f84af3e7,RECEIVE,ACK,825,36,""
194.948,sender,61786f30-4c75-4147-a29d-ce70f84af3e7,ACKNOWLEDGED,ACK,825,0,""
194.957,sender,61786f30-4c75-4147-a29d-ce70f84af3e7,CONFIRM_DATA,ACK,825,1024,"unique file bytes acknowledged"
194.974,sender,61786f30-4c75-4147-a29d-ce70f84af3e7,RTT_SAMPLE,ACK,825,0,"4.198100"
194.990,sender,61786f30-4c75-4147-a29d-ce70f84af3e7,SEND,DATA,857,1060,""
195.018,sender,61786f30-4c75-4147-a29d-ce70f84af3e7,EMIT,DATA,857,1060,""
195.038,sender,61786f30-4c75-4147-a29d-ce70f84af3e7,RECEIVE,ACK,826,36,""
195.051,sender,61786f30-4c75-4147-a29d-ce70f84af3e7,ACKNOWLEDGED,ACK,826,0,""
195.066,sender,61786f30-4c75-4147-a29d-ce70f84af3e7,CONFIRM_DATA,ACK,826,1024,"unique file bytes acknowledged"
195.083,sender,61786f30-4c75-4147-a29d-ce70f84af3e7,RTT_SAMPLE,ACK,826,0,"4.174700"
195.108,sender,61786f30-4c75-4147-a29d-ce70f84af3e7,SEND,DATA,858,1060,""
195.136,sender,61786f30-4c75-4147-a29d-ce70f84af3e7,EMIT,DATA,858,1060,""
195.160,sender,61786f30-4c75-4147-a29d-ce70f84af3e7,RECEIVE,ACK,827,36,""
195.182,sender,61786f30-4c75-4147-a29d-ce70f84af3e7,ACKNOWLEDGED,ACK,827,0,""
195.196,sender,61786f30-4c75-4147-a29d-ce70f84af3e7,CONFIRM_DATA,ACK,827,1024,"unique file bytes acknowledged"
195.218,sender,61786f30-4c75-4147-a29d-ce70f84af3e7,RTT_SAMPLE,ACK,827,0,"4.106900"
195.237,sender,61786f30-4c75-4147-a29d-ce70f84af3e7,SEND,DATA,859,1060,""
195.273,sender,61786f30-4c75-4147-a29d-ce70f84af3e7,EMIT,DATA,859,1060,""
195.358,sender,61786f30-4c75-4147-a29d-ce70f84af3e7,RECEIVE,ACK,828,36,""
195.398,sender,61786f30-4c75-4147-a29d-ce70f84af3e7,ACKNOWLEDGED,ACK,828,0,""
195.415,sender,61786f30-4c75-4147-a29d-ce70f84af3e7,CONFIRM_DATA,ACK,828,1024,"unique file bytes acknowledged"
195.430,sender,61786f30-4c75-4147-a29d-ce70f84af3e7,RTT_SAMPLE,ACK,828,0,"4.203500"
195.463,sender,61786f30-4c75-4147-a29d-ce70f84af3e7,SEND,DATA,860,1060,""
195.498,sender,61786f30-4c75-4147-a29d-ce70f84af3e7,EMIT,DATA,860,1060,""
195.520,sender,61786f30-4c75-4147-a29d-ce70f84af3e7,RECEIVE,ACK,829,36,""
195.532,sender,61786f30-4c75-4147-a29d-ce70f84af3e7,ACKNOWLEDGED,ACK,829,0,""
195.541,sender,61786f30-4c75-4147-a29d-ce70f84af3e7,CONFIRM_DATA,ACK,829,1024,"unique file bytes acknowledged"
195.554,sender,61786f30-4c75-4147-a29d-ce70f84af3e7,RTT_SAMPLE,ACK,829,0,"4.238000"
195.589,sender,61786f30-4c75-4147-a29d-ce70f84af3e7,SEND,DATA,861,1060,""
195.615,sender,61786f30-4c75-4147-a29d-ce70f84af3e7,EMIT,DATA,861,1060,""
195.636,sender,61786f30-4c75-4147-a29d-ce70f84af3e7,RECEIVE,ACK,830,36,""
195.646,sender,61786f30-4c75-4147-a29d-ce70f84af3e7,ACKNOWLEDGED,ACK,830,0,""
195.654,sender,61786f30-4c75-4147-a29d-ce70f84af3e7,CONFIRM_DATA,ACK,830,1024,"unique file bytes acknowledged"
195.667,sender,61786f30-4c75-4147-a29d-ce70f84af3e7,RTT_SAMPLE,ACK,830,0,"4.257000"
195.697,sender,61786f30-4c75-4147-a29d-ce70f84af3e7,SEND,DATA,862,1060,""
195.723,sender,61786f30-4c75-4147-a29d-ce70f84af3e7,EMIT,DATA,862,1060,""
195.743,sender,61786f30-4c75-4147-a29d-ce70f84af3e7,RECEIVE,ACK,831,36,""
195.754,sender,61786f30-4c75-4147-a29d-ce70f84af3e7,ACKNOWLEDGED,ACK,831,0,""
195.778,sender,61786f30-4c75-4147-a29d-ce70f84af3e7,CONFIRM_DATA,ACK,831,1024,"unique file bytes acknowledged"
195.797,sender,61786f30-4c75-4147-a29d-ce70f84af3e7,RTT_SAMPLE,ACK,831,0,"4.282400"
195.823,sender,61786f30-4c75-4147-a29d-ce70f84af3e7,SEND,DATA,863,1060,""
195.850,sender,61786f30-4c75-4147-a29d-ce70f84af3e7,EMIT,DATA,863,1060,""
195.871,sender,61786f30-4c75-4147-a29d-ce70f84af3e7,RECEIVE,ACK,832,36,""
195.893,sender,61786f30-4c75-4147-a29d-ce70f84af3e7,ACKNOWLEDGED,ACK,832,0,""
195.913,sender,61786f30-4c75-4147-a29d-ce70f84af3e7,CONFIRM_DATA,ACK,832,1024,"unique file bytes acknowledged"
195.944,sender,61786f30-4c75-4147-a29d-ce70f84af3e7,RTT_SAMPLE,ACK,832,0,"4.290000"
195.960,sender,61786f30-4c75-4147-a29d-ce70f84af3e7,SEND,DATA,864,1060,""
195.986,sender,61786f30-4c75-4147-a29d-ce70f84af3e7,EMIT,DATA,864,1060,""
196.004,sender,61786f30-4c75-4147-a29d-ce70f84af3e7,RECEIVE,ACK,833,36,""
196.014,sender,61786f30-4c75-4147-a29d-ce70f84af3e7,ACKNOWLEDGED,ACK,833,0,""
196.023,sender,61786f30-4c75-4147-a29d-ce70f84af3e7,CONFIRM_DATA,ACK,833,1024,"unique file bytes acknowledged"
196.038,sender,61786f30-4c75-4147-a29d-ce70f84af3e7,RTT_SAMPLE,ACK,833,0,"4.281000"
196.056,sender,61786f30-4c75-4147-a29d-ce70f84af3e7,SEND,DATA,865,1060,""
196.081,sender,61786f30-4c75-4147-a29d-ce70f84af3e7,EMIT,DATA,865,1060,""
196.105,sender,61786f30-4c75-4147-a29d-ce70f84af3e7,RECEIVE,ACK,834,36,""
196.116,sender,61786f30-4c75-4147-a29d-ce70f84af3e7,ACKNOWLEDGED,ACK,834,0,""
196.127,sender,61786f30-4c75-4147-a29d-ce70f84af3e7,CONFIRM_DATA,ACK,834,1024,"unique file bytes acknowledged"
196.161,sender,61786f30-4c75-4147-a29d-ce70f84af3e7,RTT_SAMPLE,ACK,834,0,"4.274900"
196.194,sender,61786f30-4c75-4147-a29d-ce70f84af3e7,SEND,DATA,866,1060,""
196.222,sender,61786f30-4c75-4147-a29d-ce70f84af3e7,EMIT,DATA,866,1060,""
196.247,sender,61786f30-4c75-4147-a29d-ce70f84af3e7,RECEIVE,ACK,835,36,""
196.271,sender,61786f30-4c75-4147-a29d-ce70f84af3e7,ACKNOWLEDGED,ACK,835,0,""
196.282,sender,61786f30-4c75-4147-a29d-ce70f84af3e7,CONFIRM_DATA,ACK,835,1024,"unique file bytes acknowledged"
196.296,sender,61786f30-4c75-4147-a29d-ce70f84af3e7,RTT_SAMPLE,ACK,835,0,"4.275500"
196.314,sender,61786f30-4c75-4147-a29d-ce70f84af3e7,SEND,DATA,867,1060,""
196.341,sender,61786f30-4c75-4147-a29d-ce70f84af3e7,EMIT,DATA,867,1060,""
196.373,sender,61786f30-4c75-4147-a29d-ce70f84af3e7,RECEIVE,ACK,836,36,""
196.385,sender,61786f30-4c75-4147-a29d-ce70f84af3e7,ACKNOWLEDGED,ACK,836,0,""
196.414,sender,61786f30-4c75-4147-a29d-ce70f84af3e7,CONFIRM_DATA,ACK,836,1024,"unique file bytes acknowledged"
196.431,sender,61786f30-4c75-4147-a29d-ce70f84af3e7,RTT_SAMPLE,ACK,836,0,"4.286900"
196.463,sender,61786f30-4c75-4147-a29d-ce70f84af3e7,SEND,DATA,868,1060,""
196.501,sender,61786f30-4c75-4147-a29d-ce70f84af3e7,EMIT,DATA,868,1060,""
196.525,sender,61786f30-4c75-4147-a29d-ce70f84af3e7,RECEIVE,ACK,837,36,""
196.536,sender,61786f30-4c75-4147-a29d-ce70f84af3e7,ACKNOWLEDGED,ACK,837,0,""
196.544,sender,61786f30-4c75-4147-a29d-ce70f84af3e7,CONFIRM_DATA,ACK,837,1024,"unique file bytes acknowledged"
196.558,sender,61786f30-4c75-4147-a29d-ce70f84af3e7,RTT_SAMPLE,ACK,837,0,"4.293800"
196.588,sender,61786f30-4c75-4147-a29d-ce70f84af3e7,SEND,DATA,869,1060,""
196.613,sender,61786f30-4c75-4147-a29d-ce70f84af3e7,EMIT,DATA,869,1060,""
196.635,sender,61786f30-4c75-4147-a29d-ce70f84af3e7,RECEIVE,ACK,838,36,""
196.664,sender,61786f30-4c75-4147-a29d-ce70f84af3e7,ACKNOWLEDGED,ACK,838,0,""
196.672,sender,61786f30-4c75-4147-a29d-ce70f84af3e7,CONFIRM_DATA,ACK,838,1024,"unique file bytes acknowledged"
196.683,sender,61786f30-4c75-4147-a29d-ce70f84af3e7,RTT_SAMPLE,ACK,838,0,"4.217100"
196.700,sender,61786f30-4c75-4147-a29d-ce70f84af3e7,SEND,DATA,870,1060,""
196.727,sender,61786f30-4c75-4147-a29d-ce70f84af3e7,EMIT,DATA,870,1060,""
196.747,sender,61786f30-4c75-4147-a29d-ce70f84af3e7,RECEIVE,ACK,839,36,""
196.758,sender,61786f30-4c75-4147-a29d-ce70f84af3e7,ACKNOWLEDGED,ACK,839,0,""
196.768,sender,61786f30-4c75-4147-a29d-ce70f84af3e7,CONFIRM_DATA,ACK,839,1024,"unique file bytes acknowledged"
196.788,sender,61786f30-4c75-4147-a29d-ce70f84af3e7,RTT_SAMPLE,ACK,839,0,"4.190500"
196.816,sender,61786f30-4c75-4147-a29d-ce70f84af3e7,SEND,DATA,871,1060,""
196.843,sender,61786f30-4c75-4147-a29d-ce70f84af3e7,EMIT,DATA,871,1060,""
196.863,sender,61786f30-4c75-4147-a29d-ce70f84af3e7,RECEIVE,ACK,840,36,""
196.894,sender,61786f30-4c75-4147-a29d-ce70f84af3e7,ACKNOWLEDGED,ACK,840,0,""
196.905,sender,61786f30-4c75-4147-a29d-ce70f84af3e7,CONFIRM_DATA,ACK,840,1024,"unique file bytes acknowledged"
196.930,sender,61786f30-4c75-4147-a29d-ce70f84af3e7,RTT_SAMPLE,ACK,840,0,"4.203200"
196.947,sender,61786f30-4c75-4147-a29d-ce70f84af3e7,SEND,DATA,872,1060,""
196.984,sender,61786f30-4c75-4147-a29d-ce70f84af3e7,EMIT,DATA,872,1060,""
197.004,sender,61786f30-4c75-4147-a29d-ce70f84af3e7,RECEIVE,ACK,841,36,""
197.015,sender,61786f30-4c75-4147-a29d-ce70f84af3e7,ACKNOWLEDGED,ACK,841,0,""
197.030,sender,61786f30-4c75-4147-a29d-ce70f84af3e7,CONFIRM_DATA,ACK,841,1024,"unique file bytes acknowledged"
197.041,sender,61786f30-4c75-4147-a29d-ce70f84af3e7,RTT_SAMPLE,ACK,841,0,"4.185200"
197.068,sender,61786f30-4c75-4147-a29d-ce70f84af3e7,SEND,DATA,873,1060,""
197.098,sender,61786f30-4c75-4147-a29d-ce70f84af3e7,EMIT,DATA,873,1060,""
197.142,sender,61786f30-4c75-4147-a29d-ce70f84af3e7,RECEIVE,ACK,842,36,""
197.159,sender,61786f30-4c75-4147-a29d-ce70f84af3e7,ACKNOWLEDGED,ACK,842,0,""
197.169,sender,61786f30-4c75-4147-a29d-ce70f84af3e7,CONFIRM_DATA,ACK,842,1024,"unique file bytes acknowledged"
197.188,sender,61786f30-4c75-4147-a29d-ce70f84af3e7,RTT_SAMPLE,ACK,842,0,"4.198900"
197.209,sender,61786f30-4c75-4147-a29d-ce70f84af3e7,SEND,DATA,874,1060,""
197.239,sender,61786f30-4c75-4147-a29d-ce70f84af3e7,EMIT,DATA,874,1060,""
197.259,sender,61786f30-4c75-4147-a29d-ce70f84af3e7,RECEIVE,ACK,843,36,""
197.271,sender,61786f30-4c75-4147-a29d-ce70f84af3e7,ACKNOWLEDGED,ACK,843,0,""
197.280,sender,61786f30-4c75-4147-a29d-ce70f84af3e7,CONFIRM_DATA,ACK,843,1024,"unique file bytes acknowledged"
197.292,sender,61786f30-4c75-4147-a29d-ce70f84af3e7,RTT_SAMPLE,ACK,843,0,"4.108500"
197.326,sender,61786f30-4c75-4147-a29d-ce70f84af3e7,SEND,DATA,875,1060,""
197.350,sender,61786f30-4c75-4147-a29d-ce70f84af3e7,EMIT,DATA,875,1060,""
197.403,sender,61786f30-4c75-4147-a29d-ce70f84af3e7,RECEIVE,ACK,844,36,""
197.412,sender,61786f30-4c75-4147-a29d-ce70f84af3e7,ACKNOWLEDGED,ACK,844,0,""
197.421,sender,61786f30-4c75-4147-a29d-ce70f84af3e7,CONFIRM_DATA,ACK,844,1024,"unique file bytes acknowledged"
197.500,sender,61786f30-4c75-4147-a29d-ce70f84af3e7,RTT_SAMPLE,ACK,844,0,"4.172900"
197.518,sender,61786f30-4c75-4147-a29d-ce70f84af3e7,SEND,DATA,876,1060,""
197.543,sender,61786f30-4c75-4147-a29d-ce70f84af3e7,EMIT,DATA,876,1060,""
197.560,sender,61786f30-4c75-4147-a29d-ce70f84af3e7,RECEIVE,ACK,845,36,""
197.571,sender,61786f30-4c75-4147-a29d-ce70f84af3e7,ACKNOWLEDGED,ACK,845,0,""
197.579,sender,61786f30-4c75-4147-a29d-ce70f84af3e7,CONFIRM_DATA,ACK,845,1024,"unique file bytes acknowledged"
197.592,sender,61786f30-4c75-4147-a29d-ce70f84af3e7,RTT_SAMPLE,ACK,845,0,"4.138800"
197.606,sender,61786f30-4c75-4147-a29d-ce70f84af3e7,SEND,DATA,877,1060,""
197.646,sender,61786f30-4c75-4147-a29d-ce70f84af3e7,EMIT,DATA,877,1060,""
197.678,sender,61786f30-4c75-4147-a29d-ce70f84af3e7,RECEIVE,ACK,846,36,""
197.689,sender,61786f30-4c75-4147-a29d-ce70f84af3e7,ACKNOWLEDGED,ACK,846,0,""
197.698,sender,61786f30-4c75-4147-a29d-ce70f84af3e7,CONFIRM_DATA,ACK,846,1024,"unique file bytes acknowledged"
197.713,sender,61786f30-4c75-4147-a29d-ce70f84af3e7,RTT_SAMPLE,ACK,846,0,"4.138600"
197.729,sender,61786f30-4c75-4147-a29d-ce70f84af3e7,SEND,DATA,878,1060,""
197.759,sender,61786f30-4c75-4147-a29d-ce70f84af3e7,EMIT,DATA,878,1060,""
197.784,sender,61786f30-4c75-4147-a29d-ce70f84af3e7,RECEIVE,ACK,847,36,""
197.799,sender,61786f30-4c75-4147-a29d-ce70f84af3e7,ACKNOWLEDGED,ACK,847,0,""
197.810,sender,61786f30-4c75-4147-a29d-ce70f84af3e7,CONFIRM_DATA,ACK,847,1024,"unique file bytes acknowledged"
197.824,sender,61786f30-4c75-4147-a29d-ce70f84af3e7,RTT_SAMPLE,ACK,847,0,"4.123700"
197.862,sender,61786f30-4c75-4147-a29d-ce70f84af3e7,SEND,DATA,879,1060,""
197.887,sender,61786f30-4c75-4147-a29d-ce70f84af3e7,EMIT,DATA,879,1060,""
197.907,sender,61786f30-4c75-4147-a29d-ce70f84af3e7,RECEIVE,ACK,848,36,""
197.927,sender,61786f30-4c75-4147-a29d-ce70f84af3e7,ACKNOWLEDGED,ACK,848,0,""
198.009,sender,61786f30-4c75-4147-a29d-ce70f84af3e7,CONFIRM_DATA,ACK,848,1024,"unique file bytes acknowledged"
198.029,sender,61786f30-4c75-4147-a29d-ce70f84af3e7,RTT_SAMPLE,ACK,848,0,"4.183400"
198.048,sender,61786f30-4c75-4147-a29d-ce70f84af3e7,SEND,DATA,880,1060,""
198.082,sender,61786f30-4c75-4147-a29d-ce70f84af3e7,EMIT,DATA,880,1060,""
198.104,sender,61786f30-4c75-4147-a29d-ce70f84af3e7,RECEIVE,ACK,849,36,""
198.115,sender,61786f30-4c75-4147-a29d-ce70f84af3e7,ACKNOWLEDGED,ACK,849,0,""
198.123,sender,61786f30-4c75-4147-a29d-ce70f84af3e7,CONFIRM_DATA,ACK,849,1024,"unique file bytes acknowledged"
198.137,sender,61786f30-4c75-4147-a29d-ce70f84af3e7,RTT_SAMPLE,ACK,849,0,"4.147500"
198.171,sender,61786f30-4c75-4147-a29d-ce70f84af3e7,SEND,DATA,881,1060,""
198.200,sender,61786f30-4c75-4147-a29d-ce70f84af3e7,EMIT,DATA,881,1060,""
198.231,sender,61786f30-4c75-4147-a29d-ce70f84af3e7,RECEIVE,ACK,850,36,""
198.244,sender,61786f30-4c75-4147-a29d-ce70f84af3e7,ACKNOWLEDGED,ACK,850,0,""
198.252,sender,61786f30-4c75-4147-a29d-ce70f84af3e7,CONFIRM_DATA,ACK,850,1024,"unique file bytes acknowledged"
198.263,sender,61786f30-4c75-4147-a29d-ce70f84af3e7,RTT_SAMPLE,ACK,850,0,"4.153900"
198.278,sender,61786f30-4c75-4147-a29d-ce70f84af3e7,SEND,DATA,882,1060,""
198.304,sender,61786f30-4c75-4147-a29d-ce70f84af3e7,EMIT,DATA,882,1060,""
198.324,sender,61786f30-4c75-4147-a29d-ce70f84af3e7,RECEIVE,ACK,851,36,""
198.333,sender,61786f30-4c75-4147-a29d-ce70f84af3e7,ACKNOWLEDGED,ACK,851,0,""
198.343,sender,61786f30-4c75-4147-a29d-ce70f84af3e7,CONFIRM_DATA,ACK,851,1024,"unique file bytes acknowledged"
198.381,sender,61786f30-4c75-4147-a29d-ce70f84af3e7,RTT_SAMPLE,ACK,851,0,"4.112600"
198.397,sender,61786f30-4c75-4147-a29d-ce70f84af3e7,SEND,DATA,883,1060,""
198.423,sender,61786f30-4c75-4147-a29d-ce70f84af3e7,EMIT,DATA,883,1060,""
198.442,sender,61786f30-4c75-4147-a29d-ce70f84af3e7,RECEIVE,ACK,852,36,""
198.470,sender,61786f30-4c75-4147-a29d-ce70f84af3e7,ACKNOWLEDGED,ACK,852,0,""
198.482,sender,61786f30-4c75-4147-a29d-ce70f84af3e7,CONFIRM_DATA,ACK,852,1024,"unique file bytes acknowledged"
198.494,sender,61786f30-4c75-4147-a29d-ce70f84af3e7,RTT_SAMPLE,ACK,852,0,"4.120200"
198.520,sender,61786f30-4c75-4147-a29d-ce70f84af3e7,SEND,DATA,884,1060,""
198.547,sender,61786f30-4c75-4147-a29d-ce70f84af3e7,EMIT,DATA,884,1060,""
198.569,sender,61786f30-4c75-4147-a29d-ce70f84af3e7,RECEIVE,ACK,853,36,""
198.581,sender,61786f30-4c75-4147-a29d-ce70f84af3e7,ACKNOWLEDGED,ACK,853,0,""
198.590,sender,61786f30-4c75-4147-a29d-ce70f84af3e7,CONFIRM_DATA,ACK,853,1024,"unique file bytes acknowledged"
198.623,sender,61786f30-4c75-4147-a29d-ce70f84af3e7,RTT_SAMPLE,ACK,853,0,"4.128700"
198.637,sender,61786f30-4c75-4147-a29d-ce70f84af3e7,SEND,DATA,885,1060,""
198.661,sender,61786f30-4c75-4147-a29d-ce70f84af3e7,EMIT,DATA,885,1060,""
198.693,sender,61786f30-4c75-4147-a29d-ce70f84af3e7,RECEIVE,ACK,854,36,""
198.731,sender,61786f30-4c75-4147-a29d-ce70f84af3e7,ACKNOWLEDGED,ACK,854,0,""
198.767,sender,61786f30-4c75-4147-a29d-ce70f84af3e7,CONFIRM_DATA,ACK,854,1024,"unique file bytes acknowledged"
198.805,sender,61786f30-4c75-4147-a29d-ce70f84af3e7,RTT_SAMPLE,ACK,854,0,"4.201500"
198.826,sender,61786f30-4c75-4147-a29d-ce70f84af3e7,SEND,DATA,886,1060,""
198.860,sender,61786f30-4c75-4147-a29d-ce70f84af3e7,EMIT,DATA,886,1060,""
198.887,sender,61786f30-4c75-4147-a29d-ce70f84af3e7,RECEIVE,ACK,855,36,""
198.905,sender,61786f30-4c75-4147-a29d-ce70f84af3e7,ACKNOWLEDGED,ACK,855,0,""
198.936,sender,61786f30-4c75-4147-a29d-ce70f84af3e7,CONFIRM_DATA,ACK,855,1024,"unique file bytes acknowledged"
198.950,sender,61786f30-4c75-4147-a29d-ce70f84af3e7,RTT_SAMPLE,ACK,855,0,"4.198800"
198.967,sender,61786f30-4c75-4147-a29d-ce70f84af3e7,SEND,DATA,887,1060,""
198.994,sender,61786f30-4c75-4147-a29d-ce70f84af3e7,EMIT,DATA,887,1060,""
199.017,sender,61786f30-4c75-4147-a29d-ce70f84af3e7,RECEIVE,ACK,856,36,""
199.030,sender,61786f30-4c75-4147-a29d-ce70f84af3e7,ACKNOWLEDGED,ACK,856,0,""
199.050,sender,61786f30-4c75-4147-a29d-ce70f84af3e7,CONFIRM_DATA,ACK,856,1024,"unique file bytes acknowledged"
199.066,sender,61786f30-4c75-4147-a29d-ce70f84af3e7,RTT_SAMPLE,ACK,856,0,"4.197200"
199.089,sender,61786f30-4c75-4147-a29d-ce70f84af3e7,SEND,DATA,888,1060,""
199.119,sender,61786f30-4c75-4147-a29d-ce70f84af3e7,EMIT,DATA,888,1060,""
199.144,sender,61786f30-4c75-4147-a29d-ce70f84af3e7,RECEIVE,ACK,857,36,""
199.180,sender,61786f30-4c75-4147-a29d-ce70f84af3e7,ACKNOWLEDGED,ACK,857,0,""
199.191,sender,61786f30-4c75-4147-a29d-ce70f84af3e7,CONFIRM_DATA,ACK,857,1024,"unique file bytes acknowledged"
199.206,sender,61786f30-4c75-4147-a29d-ce70f84af3e7,RTT_SAMPLE,ACK,857,0,"4.214800"
199.224,sender,61786f30-4c75-4147-a29d-ce70f84af3e7,SEND,DATA,889,1060,""
199.258,sender,61786f30-4c75-4147-a29d-ce70f84af3e7,EMIT,DATA,889,1060,""
199.290,sender,61786f30-4c75-4147-a29d-ce70f84af3e7,RECEIVE,ACK,858,36,""
199.306,sender,61786f30-4c75-4147-a29d-ce70f84af3e7,ACKNOWLEDGED,ACK,858,0,""
199.318,sender,61786f30-4c75-4147-a29d-ce70f84af3e7,CONFIRM_DATA,ACK,858,1024,"unique file bytes acknowledged"
199.344,sender,61786f30-4c75-4147-a29d-ce70f84af3e7,RTT_SAMPLE,ACK,858,0,"4.232900"
199.377,sender,61786f30-4c75-4147-a29d-ce70f84af3e7,SEND,DATA,890,1060,""
199.410,sender,61786f30-4c75-4147-a29d-ce70f84af3e7,EMIT,DATA,890,1060,""
199.430,sender,61786f30-4c75-4147-a29d-ce70f84af3e7,RECEIVE,ACK,859,36,""
199.450,sender,61786f30-4c75-4147-a29d-ce70f84af3e7,ACKNOWLEDGED,ACK,859,0,""
199.470,sender,61786f30-4c75-4147-a29d-ce70f84af3e7,CONFIRM_DATA,ACK,859,1024,"unique file bytes acknowledged"
199.489,sender,61786f30-4c75-4147-a29d-ce70f84af3e7,RTT_SAMPLE,ACK,859,0,"4.249100"
199.510,sender,61786f30-4c75-4147-a29d-ce70f84af3e7,SEND,DATA,891,1060,""
199.542,sender,61786f30-4c75-4147-a29d-ce70f84af3e7,EMIT,DATA,891,1060,""
199.571,sender,61786f30-4c75-4147-a29d-ce70f84af3e7,RECEIVE,ACK,860,36,""
199.592,sender,61786f30-4c75-4147-a29d-ce70f84af3e7,ACKNOWLEDGED,ACK,860,0,""
199.606,sender,61786f30-4c75-4147-a29d-ce70f84af3e7,CONFIRM_DATA,ACK,860,1024,"unique file bytes acknowledged"
199.641,sender,61786f30-4c75-4147-a29d-ce70f84af3e7,RTT_SAMPLE,ACK,860,0,"4.172200"
199.730,sender,61786f30-4c75-4147-a29d-ce70f84af3e7,SEND,DATA,892,1060,""
199.773,sender,61786f30-4c75-4147-a29d-ce70f84af3e7,EMIT,DATA,892,1060,""
199.799,sender,61786f30-4c75-4147-a29d-ce70f84af3e7,RECEIVE,ACK,861,36,""
199.821,sender,61786f30-4c75-4147-a29d-ce70f84af3e7,ACKNOWLEDGED,ACK,861,0,""
199.836,sender,61786f30-4c75-4147-a29d-ce70f84af3e7,CONFIRM_DATA,ACK,861,1024,"unique file bytes acknowledged"
199.853,sender,61786f30-4c75-4147-a29d-ce70f84af3e7,RTT_SAMPLE,ACK,861,0,"4.263000"
199.878,sender,61786f30-4c75-4147-a29d-ce70f84af3e7,SEND,DATA,893,1060,""
199.911,sender,61786f30-4c75-4147-a29d-ce70f84af3e7,EMIT,DATA,893,1060,""
199.940,sender,61786f30-4c75-4147-a29d-ce70f84af3e7,RECEIVE,ACK,862,36,""
199.957,sender,61786f30-4c75-4147-a29d-ce70f84af3e7,ACKNOWLEDGED,ACK,862,0,""
199.976,sender,61786f30-4c75-4147-a29d-ce70f84af3e7,CONFIRM_DATA,ACK,862,1024,"unique file bytes acknowledged"
199.996,sender,61786f30-4c75-4147-a29d-ce70f84af3e7,RTT_SAMPLE,ACK,862,0,"4.295600"
200.023,sender,61786f30-4c75-4147-a29d-ce70f84af3e7,SEND,DATA,894,1060,""
200.059,sender,61786f30-4c75-4147-a29d-ce70f84af3e7,EMIT,DATA,894,1060,""
200.110,sender,61786f30-4c75-4147-a29d-ce70f84af3e7,RECEIVE,ACK,863,36,""
200.135,sender,61786f30-4c75-4147-a29d-ce70f84af3e7,ACKNOWLEDGED,ACK,863,0,""
200.153,sender,61786f30-4c75-4147-a29d-ce70f84af3e7,CONFIRM_DATA,ACK,863,1024,"unique file bytes acknowledged"
200.171,sender,61786f30-4c75-4147-a29d-ce70f84af3e7,RTT_SAMPLE,ACK,863,0,"4.344500"
200.200,sender,61786f30-4c75-4147-a29d-ce70f84af3e7,SEND,DATA,895,1060,""
200.230,sender,61786f30-4c75-4147-a29d-ce70f84af3e7,EMIT,DATA,895,1060,""
200.259,sender,61786f30-4c75-4147-a29d-ce70f84af3e7,RECEIVE,ACK,864,36,""
200.274,sender,61786f30-4c75-4147-a29d-ce70f84af3e7,ACKNOWLEDGED,ACK,864,0,""
200.286,sender,61786f30-4c75-4147-a29d-ce70f84af3e7,CONFIRM_DATA,ACK,864,1024,"unique file bytes acknowledged"
200.304,sender,61786f30-4c75-4147-a29d-ce70f84af3e7,RTT_SAMPLE,ACK,864,0,"4.343300"
200.322,sender,61786f30-4c75-4147-a29d-ce70f84af3e7,SEND,DATA,896,1060,""
200.355,sender,61786f30-4c75-4147-a29d-ce70f84af3e7,EMIT,DATA,896,1060,""
200.380,sender,61786f30-4c75-4147-a29d-ce70f84af3e7,RECEIVE,ACK,865,36,""
200.400,sender,61786f30-4c75-4147-a29d-ce70f84af3e7,ACKNOWLEDGED,ACK,865,0,""
200.419,sender,61786f30-4c75-4147-a29d-ce70f84af3e7,CONFIRM_DATA,ACK,865,1024,"unique file bytes acknowledged"
200.479,sender,61786f30-4c75-4147-a29d-ce70f84af3e7,RTT_SAMPLE,ACK,865,0,"4.418400"
200.497,sender,61786f30-4c75-4147-a29d-ce70f84af3e7,SEND,DATA,897,1060,""
200.529,sender,61786f30-4c75-4147-a29d-ce70f84af3e7,EMIT,DATA,897,1060,""
200.552,sender,61786f30-4c75-4147-a29d-ce70f84af3e7,RECEIVE,ACK,866,36,""
200.575,sender,61786f30-4c75-4147-a29d-ce70f84af3e7,ACKNOWLEDGED,ACK,866,0,""
200.598,sender,61786f30-4c75-4147-a29d-ce70f84af3e7,CONFIRM_DATA,ACK,866,1024,"unique file bytes acknowledged"
200.617,sender,61786f30-4c75-4147-a29d-ce70f84af3e7,RTT_SAMPLE,ACK,866,0,"4.420900"
200.635,sender,61786f30-4c75-4147-a29d-ce70f84af3e7,SEND,DATA,898,1060,""
200.670,sender,61786f30-4c75-4147-a29d-ce70f84af3e7,EMIT,DATA,898,1060,""
200.694,sender,61786f30-4c75-4147-a29d-ce70f84af3e7,RECEIVE,ACK,867,36,""
200.705,sender,61786f30-4c75-4147-a29d-ce70f84af3e7,ACKNOWLEDGED,ACK,867,0,""
200.717,sender,61786f30-4c75-4147-a29d-ce70f84af3e7,CONFIRM_DATA,ACK,867,1024,"unique file bytes acknowledged"
200.748,sender,61786f30-4c75-4147-a29d-ce70f84af3e7,RTT_SAMPLE,ACK,867,0,"4.434000"
200.779,sender,61786f30-4c75-4147-a29d-ce70f84af3e7,SEND,DATA,899,1060,""
200.806,sender,61786f30-4c75-4147-a29d-ce70f84af3e7,EMIT,DATA,899,1060,""
200.826,sender,61786f30-4c75-4147-a29d-ce70f84af3e7,RECEIVE,ACK,868,36,""
200.836,sender,61786f30-4c75-4147-a29d-ce70f84af3e7,ACKNOWLEDGED,ACK,868,0,""
200.858,sender,61786f30-4c75-4147-a29d-ce70f84af3e7,CONFIRM_DATA,ACK,868,1024,"unique file bytes acknowledged"
200.873,sender,61786f30-4c75-4147-a29d-ce70f84af3e7,RTT_SAMPLE,ACK,868,0,"4.409500"
200.889,sender,61786f30-4c75-4147-a29d-ce70f84af3e7,SEND,DATA,900,1060,""
200.923,sender,61786f30-4c75-4147-a29d-ce70f84af3e7,EMIT,DATA,900,1060,""
200.968,sender,61786f30-4c75-4147-a29d-ce70f84af3e7,RECEIVE,ACK,869,36,""
200.986,sender,61786f30-4c75-4147-a29d-ce70f84af3e7,ACKNOWLEDGED,ACK,869,0,""
201.016,sender,61786f30-4c75-4147-a29d-ce70f84af3e7,CONFIRM_DATA,ACK,869,1024,"unique file bytes acknowledged"
201.031,sender,61786f30-4c75-4147-a29d-ce70f84af3e7,RTT_SAMPLE,ACK,869,0,"4.442100"
201.047,sender,61786f30-4c75-4147-a29d-ce70f84af3e7,SEND,DATA,901,1060,""
201.074,sender,61786f30-4c75-4147-a29d-ce70f84af3e7,EMIT,DATA,901,1060,""
201.093,sender,61786f30-4c75-4147-a29d-ce70f84af3e7,RECEIVE,ACK,870,36,""
201.103,sender,61786f30-4c75-4147-a29d-ce70f84af3e7,ACKNOWLEDGED,ACK,870,0,""
201.114,sender,61786f30-4c75-4147-a29d-ce70f84af3e7,CONFIRM_DATA,ACK,870,1024,"unique file bytes acknowledged"
201.125,sender,61786f30-4c75-4147-a29d-ce70f84af3e7,RTT_SAMPLE,ACK,870,0,"4.425000"
201.140,sender,61786f30-4c75-4147-a29d-ce70f84af3e7,SEND,DATA,902,1060,""
201.167,sender,61786f30-4c75-4147-a29d-ce70f84af3e7,EMIT,DATA,902,1060,""
201.188,sender,61786f30-4c75-4147-a29d-ce70f84af3e7,RECEIVE,ACK,871,36,""
201.208,sender,61786f30-4c75-4147-a29d-ce70f84af3e7,ACKNOWLEDGED,ACK,871,0,""
201.232,sender,61786f30-4c75-4147-a29d-ce70f84af3e7,CONFIRM_DATA,ACK,871,1024,"unique file bytes acknowledged"
201.247,sender,61786f30-4c75-4147-a29d-ce70f84af3e7,RTT_SAMPLE,ACK,871,0,"4.431200"
201.276,sender,61786f30-4c75-4147-a29d-ce70f84af3e7,SEND,DATA,903,1060,""
201.316,sender,61786f30-4c75-4147-a29d-ce70f84af3e7,EMIT,DATA,903,1060,""
201.345,sender,61786f30-4c75-4147-a29d-ce70f84af3e7,RECEIVE,ACK,872,36,""
201.362,sender,61786f30-4c75-4147-a29d-ce70f84af3e7,ACKNOWLEDGED,ACK,872,0,""
201.379,sender,61786f30-4c75-4147-a29d-ce70f84af3e7,CONFIRM_DATA,ACK,872,1024,"unique file bytes acknowledged"
201.402,sender,61786f30-4c75-4147-a29d-ce70f84af3e7,RTT_SAMPLE,ACK,872,0,"4.453100"
201.438,sender,61786f30-4c75-4147-a29d-ce70f84af3e7,SEND,DATA,904,1060,""
201.474,sender,61786f30-4c75-4147-a29d-ce70f84af3e7,EMIT,DATA,904,1060,""
201.502,sender,61786f30-4c75-4147-a29d-ce70f84af3e7,RECEIVE,ACK,873,36,""
201.541,sender,61786f30-4c75-4147-a29d-ce70f84af3e7,ACKNOWLEDGED,ACK,873,0,""
201.563,sender,61786f30-4c75-4147-a29d-ce70f84af3e7,CONFIRM_DATA,ACK,873,1024,"unique file bytes acknowledged"
201.586,sender,61786f30-4c75-4147-a29d-ce70f84af3e7,RTT_SAMPLE,ACK,873,0,"4.514900"
201.614,sender,61786f30-4c75-4147-a29d-ce70f84af3e7,SEND,DATA,905,1060,""
201.646,sender,61786f30-4c75-4147-a29d-ce70f84af3e7,EMIT,DATA,905,1060,""
201.676,sender,61786f30-4c75-4147-a29d-ce70f84af3e7,RECEIVE,ACK,874,36,""
201.688,sender,61786f30-4c75-4147-a29d-ce70f84af3e7,ACKNOWLEDGED,ACK,874,0,""
201.703,sender,61786f30-4c75-4147-a29d-ce70f84af3e7,CONFIRM_DATA,ACK,874,1024,"unique file bytes acknowledged"
201.716,sender,61786f30-4c75-4147-a29d-ce70f84af3e7,RTT_SAMPLE,ACK,874,0,"4.505900"
201.733,sender,61786f30-4c75-4147-a29d-ce70f84af3e7,SEND,DATA,906,1060,""
201.758,sender,61786f30-4c75-4147-a29d-ce70f84af3e7,EMIT,DATA,906,1060,""
201.795,sender,61786f30-4c75-4147-a29d-ce70f84af3e7,RECEIVE,ACK,875,36,""
201.805,sender,61786f30-4c75-4147-a29d-ce70f84af3e7,ACKNOWLEDGED,ACK,875,0,""
201.819,sender,61786f30-4c75-4147-a29d-ce70f84af3e7,CONFIRM_DATA,ACK,875,1024,"unique file bytes acknowledged"
201.832,sender,61786f30-4c75-4147-a29d-ce70f84af3e7,RTT_SAMPLE,ACK,875,0,"4.505000"
201.849,sender,61786f30-4c75-4147-a29d-ce70f84af3e7,SEND,DATA,907,1060,""
201.875,sender,61786f30-4c75-4147-a29d-ce70f84af3e7,EMIT,DATA,907,1060,""
201.895,sender,61786f30-4c75-4147-a29d-ce70f84af3e7,RECEIVE,ACK,876,36,""
201.906,sender,61786f30-4c75-4147-a29d-ce70f84af3e7,ACKNOWLEDGED,ACK,876,0,""
201.916,sender,61786f30-4c75-4147-a29d-ce70f84af3e7,CONFIRM_DATA,ACK,876,1024,"unique file bytes acknowledged"
201.932,sender,61786f30-4c75-4147-a29d-ce70f84af3e7,RTT_SAMPLE,ACK,876,0,"4.414200"
201.948,sender,61786f30-4c75-4147-a29d-ce70f84af3e7,SEND,DATA,908,1060,""
201.978,sender,61786f30-4c75-4147-a29d-ce70f84af3e7,EMIT,DATA,908,1060,""
202.016,sender,61786f30-4c75-4147-a29d-ce70f84af3e7,RECEIVE,ACK,877,36,""
202.095,sender,61786f30-4c75-4147-a29d-ce70f84af3e7,ACKNOWLEDGED,ACK,877,0,""
202.105,sender,61786f30-4c75-4147-a29d-ce70f84af3e7,CONFIRM_DATA,ACK,877,1024,"unique file bytes acknowledged"
202.119,sender,61786f30-4c75-4147-a29d-ce70f84af3e7,RTT_SAMPLE,ACK,877,0,"4.510700"
202.136,sender,61786f30-4c75-4147-a29d-ce70f84af3e7,SEND,DATA,909,1060,""
202.168,sender,61786f30-4c75-4147-a29d-ce70f84af3e7,EMIT,DATA,909,1060,""
202.193,sender,61786f30-4c75-4147-a29d-ce70f84af3e7,RECEIVE,ACK,878,36,""
202.206,sender,61786f30-4c75-4147-a29d-ce70f84af3e7,ACKNOWLEDGED,ACK,878,0,""
202.219,sender,61786f30-4c75-4147-a29d-ce70f84af3e7,CONFIRM_DATA,ACK,878,1024,"unique file bytes acknowledged"
202.238,sender,61786f30-4c75-4147-a29d-ce70f84af3e7,RTT_SAMPLE,ACK,878,0,"4.508100"
202.255,sender,61786f30-4c75-4147-a29d-ce70f84af3e7,SEND,DATA,910,1060,""
202.304,sender,61786f30-4c75-4147-a29d-ce70f84af3e7,EMIT,DATA,910,1060,""
202.328,sender,61786f30-4c75-4147-a29d-ce70f84af3e7,RECEIVE,ACK,879,36,""
202.341,sender,61786f30-4c75-4147-a29d-ce70f84af3e7,ACKNOWLEDGED,ACK,879,0,""
202.353,sender,61786f30-4c75-4147-a29d-ce70f84af3e7,CONFIRM_DATA,ACK,879,1024,"unique file bytes acknowledged"
202.368,sender,61786f30-4c75-4147-a29d-ce70f84af3e7,RTT_SAMPLE,ACK,879,0,"4.504800"
202.385,sender,61786f30-4c75-4147-a29d-ce70f84af3e7,SEND,DATA,911,1060,""
202.411,sender,61786f30-4c75-4147-a29d-ce70f84af3e7,EMIT,DATA,911,1060,""
202.431,sender,61786f30-4c75-4147-a29d-ce70f84af3e7,RECEIVE,ACK,880,36,""
202.451,sender,61786f30-4c75-4147-a29d-ce70f84af3e7,ACKNOWLEDGED,ACK,880,0,""
202.480,sender,61786f30-4c75-4147-a29d-ce70f84af3e7,CONFIRM_DATA,ACK,880,1024,"unique file bytes acknowledged"
202.509,sender,61786f30-4c75-4147-a29d-ce70f84af3e7,RTT_SAMPLE,ACK,880,0,"4.459900"
202.544,sender,61786f30-4c75-4147-a29d-ce70f84af3e7,SEND,DATA,912,1060,""
202.574,sender,61786f30-4c75-4147-a29d-ce70f84af3e7,EMIT,DATA,912,1060,""
202.598,sender,61786f30-4c75-4147-a29d-ce70f84af3e7,RECEIVE,ACK,881,36,""
202.611,sender,61786f30-4c75-4147-a29d-ce70f84af3e7,ACKNOWLEDGED,ACK,881,0,""
202.628,sender,61786f30-4c75-4147-a29d-ce70f84af3e7,CONFIRM_DATA,ACK,881,1024,"unique file bytes acknowledged"
202.657,sender,61786f30-4c75-4147-a29d-ce70f84af3e7,RTT_SAMPLE,ACK,881,0,"4.484100"
202.672,sender,61786f30-4c75-4147-a29d-ce70f84af3e7,SEND,DATA,913,1060,""
202.706,sender,61786f30-4c75-4147-a29d-ce70f84af3e7,EMIT,DATA,913,1060,""
202.729,sender,61786f30-4c75-4147-a29d-ce70f84af3e7,RECEIVE,ACK,882,36,""
202.742,sender,61786f30-4c75-4147-a29d-ce70f84af3e7,ACKNOWLEDGED,ACK,882,0,""
202.755,sender,61786f30-4c75-4147-a29d-ce70f84af3e7,CONFIRM_DATA,ACK,882,1024,"unique file bytes acknowledged"
202.768,sender,61786f30-4c75-4147-a29d-ce70f84af3e7,RTT_SAMPLE,ACK,882,0,"4.489000"
202.802,sender,61786f30-4c75-4147-a29d-ce70f84af3e7,SEND,DATA,914,1060,""
202.834,sender,61786f30-4c75-4147-a29d-ce70f84af3e7,EMIT,DATA,914,1060,""
202.857,sender,61786f30-4c75-4147-a29d-ce70f84af3e7,RECEIVE,ACK,883,36,""
202.870,sender,61786f30-4c75-4147-a29d-ce70f84af3e7,ACKNOWLEDGED,ACK,883,0,""
202.880,sender,61786f30-4c75-4147-a29d-ce70f84af3e7,CONFIRM_DATA,ACK,883,1024,"unique file bytes acknowledged"
202.897,sender,61786f30-4c75-4147-a29d-ce70f84af3e7,RTT_SAMPLE,ACK,883,0,"4.496800"
202.915,sender,61786f30-4c75-4147-a29d-ce70f84af3e7,SEND,DATA,915,1060,""
202.945,sender,61786f30-4c75-4147-a29d-ce70f84af3e7,EMIT,DATA,915,1060,""
202.970,sender,61786f30-4c75-4147-a29d-ce70f84af3e7,RECEIVE,ACK,884,36,""
202.982,sender,61786f30-4c75-4147-a29d-ce70f84af3e7,ACKNOWLEDGED,ACK,884,0,""
202.994,sender,61786f30-4c75-4147-a29d-ce70f84af3e7,CONFIRM_DATA,ACK,884,1024,"unique file bytes acknowledged"
203.028,sender,61786f30-4c75-4147-a29d-ce70f84af3e7,RTT_SAMPLE,ACK,884,0,"4.506600"
203.045,sender,61786f30-4c75-4147-a29d-ce70f84af3e7,SEND,DATA,916,1060,""
203.075,sender,61786f30-4c75-4147-a29d-ce70f84af3e7,EMIT,DATA,916,1060,""
203.098,sender,61786f30-4c75-4147-a29d-ce70f84af3e7,RECEIVE,ACK,885,36,""
203.112,sender,61786f30-4c75-4147-a29d-ce70f84af3e7,ACKNOWLEDGED,ACK,885,0,""
203.122,sender,61786f30-4c75-4147-a29d-ce70f84af3e7,CONFIRM_DATA,ACK,885,1024,"unique file bytes acknowledged"
203.136,sender,61786f30-4c75-4147-a29d-ce70f84af3e7,RTT_SAMPLE,ACK,885,0,"4.496000"
203.157,sender,61786f30-4c75-4147-a29d-ce70f84af3e7,SEND,DATA,917,1060,""
203.183,sender,61786f30-4c75-4147-a29d-ce70f84af3e7,EMIT,DATA,917,1060,""
203.203,sender,61786f30-4c75-4147-a29d-ce70f84af3e7,RECEIVE,ACK,886,36,""
203.222,sender,61786f30-4c75-4147-a29d-ce70f84af3e7,ACKNOWLEDGED,ACK,886,0,""
203.241,sender,61786f30-4c75-4147-a29d-ce70f84af3e7,CONFIRM_DATA,ACK,886,1024,"unique file bytes acknowledged"
203.286,sender,61786f30-4c75-4147-a29d-ce70f84af3e7,RTT_SAMPLE,ACK,886,0,"4.459200"
203.301,sender,61786f30-4c75-4147-a29d-ce70f84af3e7,SEND,DATA,918,1060,""
203.332,sender,61786f30-4c75-4147-a29d-ce70f84af3e7,EMIT,DATA,918,1060,""
203.355,sender,61786f30-4c75-4147-a29d-ce70f84af3e7,RECEIVE,ACK,887,36,""
203.367,sender,61786f30-4c75-4147-a29d-ce70f84af3e7,ACKNOWLEDGED,ACK,887,0,""
203.384,sender,61786f30-4c75-4147-a29d-ce70f84af3e7,CONFIRM_DATA,ACK,887,1024,"unique file bytes acknowledged"
203.401,sender,61786f30-4c75-4147-a29d-ce70f84af3e7,RTT_SAMPLE,ACK,887,0,"4.431700"
203.419,sender,61786f30-4c75-4147-a29d-ce70f84af3e7,SEND,DATA,919,1060,""
203.459,sender,61786f30-4c75-4147-a29d-ce70f84af3e7,EMIT,DATA,919,1060,""
203.484,sender,61786f30-4c75-4147-a29d-ce70f84af3e7,RECEIVE,ACK,888,36,""
203.496,sender,61786f30-4c75-4147-a29d-ce70f84af3e7,ACKNOWLEDGED,ACK,888,0,""
203.531,sender,61786f30-4c75-4147-a29d-ce70f84af3e7,CONFIRM_DATA,ACK,888,1024,"unique file bytes acknowledged"
203.551,sender,61786f30-4c75-4147-a29d-ce70f84af3e7,RTT_SAMPLE,ACK,888,0,"4.460400"
203.567,sender,61786f30-4c75-4147-a29d-ce70f84af3e7,SEND,DATA,920,1060,""
203.604,sender,61786f30-4c75-4147-a29d-ce70f84af3e7,EMIT,DATA,920,1060,""
203.628,sender,61786f30-4c75-4147-a29d-ce70f84af3e7,RECEIVE,ACK,889,36,""
203.640,sender,61786f30-4c75-4147-a29d-ce70f84af3e7,ACKNOWLEDGED,ACK,889,0,""
203.657,sender,61786f30-4c75-4147-a29d-ce70f84af3e7,CONFIRM_DATA,ACK,889,1024,"unique file bytes acknowledged"
203.682,sender,61786f30-4c75-4147-a29d-ce70f84af3e7,RTT_SAMPLE,ACK,889,0,"4.455900"
203.699,sender,61786f30-4c75-4147-a29d-ce70f84af3e7,SEND,DATA,921,1060,""
203.734,sender,61786f30-4c75-4147-a29d-ce70f84af3e7,EMIT,DATA,921,1060,""
203.758,sender,61786f30-4c75-4147-a29d-ce70f84af3e7,RECEIVE,ACK,890,36,""
203.789,sender,61786f30-4c75-4147-a29d-ce70f84af3e7,ACKNOWLEDGED,ACK,890,0,""
203.799,sender,61786f30-4c75-4147-a29d-ce70f84af3e7,CONFIRM_DATA,ACK,890,1024,"unique file bytes acknowledged"
203.813,sender,61786f30-4c75-4147-a29d-ce70f84af3e7,RTT_SAMPLE,ACK,890,0,"4.433100"
203.832,sender,61786f30-4c75-4147-a29d-ce70f84af3e7,SEND,DATA,922,1060,""
203.863,sender,61786f30-4c75-4147-a29d-ce70f84af3e7,EMIT,DATA,922,1060,""
203.888,sender,61786f30-4c75-4147-a29d-ce70f84af3e7,RECEIVE,ACK,891,36,""
203.909,sender,61786f30-4c75-4147-a29d-ce70f84af3e7,ACKNOWLEDGED,ACK,891,0,""
203.923,sender,61786f30-4c75-4147-a29d-ce70f84af3e7,CONFIRM_DATA,ACK,891,1024,"unique file bytes acknowledged"
203.943,sender,61786f30-4c75-4147-a29d-ce70f84af3e7,RTT_SAMPLE,ACK,891,0,"4.430200"
203.960,sender,61786f30-4c75-4147-a29d-ce70f84af3e7,SEND,DATA,923,1060,""
203.999,sender,61786f30-4c75-4147-a29d-ce70f84af3e7,EMIT,DATA,923,1060,""
204.023,sender,61786f30-4c75-4147-a29d-ce70f84af3e7,RECEIVE,ACK,892,36,""
204.055,sender,61786f30-4c75-4147-a29d-ce70f84af3e7,ACKNOWLEDGED,ACK,892,0,""
204.067,sender,61786f30-4c75-4147-a29d-ce70f84af3e7,CONFIRM_DATA,ACK,892,1024,"unique file bytes acknowledged"
204.081,sender,61786f30-4c75-4147-a29d-ce70f84af3e7,RTT_SAMPLE,ACK,892,0,"4.347800"
204.099,sender,61786f30-4c75-4147-a29d-ce70f84af3e7,SEND,DATA,924,1060,""
204.131,sender,61786f30-4c75-4147-a29d-ce70f84af3e7,EMIT,DATA,924,1060,""
204.155,sender,61786f30-4c75-4147-a29d-ce70f84af3e7,RECEIVE,ACK,893,36,""
204.169,sender,61786f30-4c75-4147-a29d-ce70f84af3e7,ACKNOWLEDGED,ACK,893,0,""
204.178,sender,61786f30-4c75-4147-a29d-ce70f84af3e7,CONFIRM_DATA,ACK,893,1024,"unique file bytes acknowledged"
204.263,sender,61786f30-4c75-4147-a29d-ce70f84af3e7,RTT_SAMPLE,ACK,893,0,"4.381300"
204.296,sender,61786f30-4c75-4147-a29d-ce70f84af3e7,SEND,DATA,925,1060,""
204.329,sender,61786f30-4c75-4147-a29d-ce70f84af3e7,EMIT,DATA,925,1060,""
204.372,sender,61786f30-4c75-4147-a29d-ce70f84af3e7,RECEIVE,ACK,894,36,""
204.386,sender,61786f30-4c75-4147-a29d-ce70f84af3e7,ACKNOWLEDGED,ACK,894,0,""
204.399,sender,61786f30-4c75-4147-a29d-ce70f84af3e7,CONFIRM_DATA,ACK,894,1024,"unique file bytes acknowledged"
204.417,sender,61786f30-4c75-4147-a29d-ce70f84af3e7,RTT_SAMPLE,ACK,894,0,"4.393200"
204.435,sender,61786f30-4c75-4147-a29d-ce70f84af3e7,SEND,DATA,926,1060,""
204.481,sender,61786f30-4c75-4147-a29d-ce70f84af3e7,EMIT,DATA,926,1060,""
204.506,sender,61786f30-4c75-4147-a29d-ce70f84af3e7,RECEIVE,ACK,895,36,""
204.537,sender,61786f30-4c75-4147-a29d-ce70f84af3e7,ACKNOWLEDGED,ACK,895,0,""
204.557,sender,61786f30-4c75-4147-a29d-ce70f84af3e7,CONFIRM_DATA,ACK,895,1024,"unique file bytes acknowledged"
204.572,sender,61786f30-4c75-4147-a29d-ce70f84af3e7,RTT_SAMPLE,ACK,895,0,"4.370900"
204.589,sender,61786f30-4c75-4147-a29d-ce70f84af3e7,SEND,DATA,927,1060,""
204.622,sender,61786f30-4c75-4147-a29d-ce70f84af3e7,EMIT,DATA,927,1060,""
204.675,sender,61786f30-4c75-4147-a29d-ce70f84af3e7,RECEIVE,ACK,896,36,""
204.688,sender,61786f30-4c75-4147-a29d-ce70f84af3e7,ACKNOWLEDGED,ACK,896,0,""
204.703,sender,61786f30-4c75-4147-a29d-ce70f84af3e7,CONFIRM_DATA,ACK,896,1024,"unique file bytes acknowledged"
204.735,sender,61786f30-4c75-4147-a29d-ce70f84af3e7,RTT_SAMPLE,ACK,896,0,"4.410700"
204.754,sender,61786f30-4c75-4147-a29d-ce70f84af3e7,SEND,DATA,928,1060,""
204.787,sender,61786f30-4c75-4147-a29d-ce70f84af3e7,EMIT,DATA,928,1060,""
204.813,sender,61786f30-4c75-4147-a29d-ce70f84af3e7,RECEIVE,ACK,897,36,""
204.828,sender,61786f30-4c75-4147-a29d-ce70f84af3e7,ACKNOWLEDGED,ACK,897,0,""
204.839,sender,61786f30-4c75-4147-a29d-ce70f84af3e7,CONFIRM_DATA,ACK,897,1024,"unique file bytes acknowledged"
204.854,sender,61786f30-4c75-4147-a29d-ce70f84af3e7,RTT_SAMPLE,ACK,897,0,"4.357200"
204.872,sender,61786f30-4c75-4147-a29d-ce70f84af3e7,SEND,DATA,929,1060,""
204.922,sender,61786f30-4c75-4147-a29d-ce70f84af3e7,EMIT,DATA,929,1060,""
204.949,sender,61786f30-4c75-4147-a29d-ce70f84af3e7,RECEIVE,ACK,898,36,""
204.962,sender,61786f30-4c75-4147-a29d-ce70f84af3e7,ACKNOWLEDGED,ACK,898,0,""
204.975,sender,61786f30-4c75-4147-a29d-ce70f84af3e7,CONFIRM_DATA,ACK,898,1024,"unique file bytes acknowledged"
204.991,sender,61786f30-4c75-4147-a29d-ce70f84af3e7,RTT_SAMPLE,ACK,898,0,"4.355700"
205.009,sender,61786f30-4c75-4147-a29d-ce70f84af3e7,SEND,DATA,930,1060,""
205.046,sender,61786f30-4c75-4147-a29d-ce70f84af3e7,EMIT,DATA,930,1060,""
205.073,sender,61786f30-4c75-4147-a29d-ce70f84af3e7,RECEIVE,ACK,899,36,""
205.087,sender,61786f30-4c75-4147-a29d-ce70f84af3e7,ACKNOWLEDGED,ACK,899,0,""
205.099,sender,61786f30-4c75-4147-a29d-ce70f84af3e7,CONFIRM_DATA,ACK,899,1024,"unique file bytes acknowledged"
205.123,sender,61786f30-4c75-4147-a29d-ce70f84af3e7,RTT_SAMPLE,ACK,899,0,"4.343200"
205.167,sender,61786f30-4c75-4147-a29d-ce70f84af3e7,SEND,DATA,931,1060,""
205.202,sender,61786f30-4c75-4147-a29d-ce70f84af3e7,EMIT,DATA,931,1060,""
205.228,sender,61786f30-4c75-4147-a29d-ce70f84af3e7,RECEIVE,ACK,900,36,""
205.241,sender,61786f30-4c75-4147-a29d-ce70f84af3e7,ACKNOWLEDGED,ACK,900,0,""
205.252,sender,61786f30-4c75-4147-a29d-ce70f84af3e7,CONFIRM_DATA,ACK,900,1024,"unique file bytes acknowledged"
205.268,sender,61786f30-4c75-4147-a29d-ce70f84af3e7,RTT_SAMPLE,ACK,900,0,"4.377300"
205.284,sender,61786f30-4c75-4147-a29d-ce70f84af3e7,SEND,DATA,932,1060,""
205.318,sender,61786f30-4c75-4147-a29d-ce70f84af3e7,EMIT,DATA,932,1060,""
205.342,sender,61786f30-4c75-4147-a29d-ce70f84af3e7,RECEIVE,ACK,901,36,""
205.355,sender,61786f30-4c75-4147-a29d-ce70f84af3e7,ACKNOWLEDGED,ACK,901,0,""
205.368,sender,61786f30-4c75-4147-a29d-ce70f84af3e7,CONFIRM_DATA,ACK,901,1024,"unique file bytes acknowledged"
205.382,sender,61786f30-4c75-4147-a29d-ce70f84af3e7,RTT_SAMPLE,ACK,901,0,"4.334600"
205.417,sender,61786f30-4c75-4147-a29d-ce70f84af3e7,SEND,DATA,933,1060,""
205.450,sender,61786f30-4c75-4147-a29d-ce70f84af3e7,EMIT,DATA,933,1060,""
205.475,sender,61786f30-4c75-4147-a29d-ce70f84af3e7,RECEIVE,ACK,902,36,""
205.510,sender,61786f30-4c75-4147-a29d-ce70f84af3e7,ACKNOWLEDGED,ACK,902,0,""
205.523,sender,61786f30-4c75-4147-a29d-ce70f84af3e7,CONFIRM_DATA,ACK,902,1024,"unique file bytes acknowledged"
205.536,sender,61786f30-4c75-4147-a29d-ce70f84af3e7,RTT_SAMPLE,ACK,902,0,"4.394500"
205.564,sender,61786f30-4c75-4147-a29d-ce70f84af3e7,SEND,DATA,934,1060,""
205.598,sender,61786f30-4c75-4147-a29d-ce70f84af3e7,EMIT,DATA,934,1060,""
205.623,sender,61786f30-4c75-4147-a29d-ce70f84af3e7,RECEIVE,ACK,903,36,""
205.636,sender,61786f30-4c75-4147-a29d-ce70f84af3e7,ACKNOWLEDGED,ACK,903,0,""
205.649,sender,61786f30-4c75-4147-a29d-ce70f84af3e7,CONFIRM_DATA,ACK,903,1024,"unique file bytes acknowledged"
205.687,sender,61786f30-4c75-4147-a29d-ce70f84af3e7,RTT_SAMPLE,ACK,903,0,"4.408200"
205.705,sender,61786f30-4c75-4147-a29d-ce70f84af3e7,SEND,DATA,935,1060,""
205.737,sender,61786f30-4c75-4147-a29d-ce70f84af3e7,EMIT,DATA,935,1060,""
205.761,sender,61786f30-4c75-4147-a29d-ce70f84af3e7,RECEIVE,ACK,904,36,""
205.776,sender,61786f30-4c75-4147-a29d-ce70f84af3e7,ACKNOWLEDGED,ACK,904,0,""
205.788,sender,61786f30-4c75-4147-a29d-ce70f84af3e7,CONFIRM_DATA,ACK,904,1024,"unique file bytes acknowledged"
205.810,sender,61786f30-4c75-4147-a29d-ce70f84af3e7,RTT_SAMPLE,ACK,904,0,"4.374700"
205.827,sender,61786f30-4c75-4147-a29d-ce70f84af3e7,SEND,DATA,936,1060,""
205.855,sender,61786f30-4c75-4147-a29d-ce70f84af3e7,EMIT,DATA,936,1060,""
205.875,sender,61786f30-4c75-4147-a29d-ce70f84af3e7,RECEIVE,ACK,905,36,""
205.885,sender,61786f30-4c75-4147-a29d-ce70f84af3e7,ACKNOWLEDGED,ACK,905,0,""
205.894,sender,61786f30-4c75-4147-a29d-ce70f84af3e7,CONFIRM_DATA,ACK,905,1024,"unique file bytes acknowledged"
205.941,sender,61786f30-4c75-4147-a29d-ce70f84af3e7,RTT_SAMPLE,ACK,905,0,"4.325400"
205.982,sender,61786f30-4c75-4147-a29d-ce70f84af3e7,SEND,DATA,937,1060,""
206.019,sender,61786f30-4c75-4147-a29d-ce70f84af3e7,EMIT,DATA,937,1060,""
206.044,sender,61786f30-4c75-4147-a29d-ce70f84af3e7,RECEIVE,ACK,906,36,""
206.057,sender,61786f30-4c75-4147-a29d-ce70f84af3e7,ACKNOWLEDGED,ACK,906,0,""
206.072,sender,61786f30-4c75-4147-a29d-ce70f84af3e7,CONFIRM_DATA,ACK,906,1024,"unique file bytes acknowledged"
206.095,sender,61786f30-4c75-4147-a29d-ce70f84af3e7,RTT_SAMPLE,ACK,906,0,"4.361400"
206.112,sender,61786f30-4c75-4147-a29d-ce70f84af3e7,SEND,DATA,938,1060,""
206.181,sender,61786f30-4c75-4147-a29d-ce70f84af3e7,EMIT,DATA,938,1060,""
206.208,sender,61786f30-4c75-4147-a29d-ce70f84af3e7,RECEIVE,ACK,907,36,""
206.221,sender,61786f30-4c75-4147-a29d-ce70f84af3e7,ACKNOWLEDGED,ACK,907,0,""
206.249,sender,61786f30-4c75-4147-a29d-ce70f84af3e7,CONFIRM_DATA,ACK,907,1024,"unique file bytes acknowledged"
206.282,sender,61786f30-4c75-4147-a29d-ce70f84af3e7,RTT_SAMPLE,ACK,907,0,"4.431500"
206.298,sender,61786f30-4c75-4147-a29d-ce70f84af3e7,SEND,DATA,939,1060,""
206.344,sender,61786f30-4c75-4147-a29d-ce70f84af3e7,EMIT,DATA,939,1060,""
206.369,sender,61786f30-4c75-4147-a29d-ce70f84af3e7,RECEIVE,ACK,908,36,""
206.382,sender,61786f30-4c75-4147-a29d-ce70f84af3e7,ACKNOWLEDGED,ACK,908,0,""
206.396,sender,61786f30-4c75-4147-a29d-ce70f84af3e7,CONFIRM_DATA,ACK,908,1024,"unique file bytes acknowledged"
206.416,sender,61786f30-4c75-4147-a29d-ce70f84af3e7,RTT_SAMPLE,ACK,908,0,"4.466500"
206.453,sender,61786f30-4c75-4147-a29d-ce70f84af3e7,SEND,DATA,940,1060,""
206.496,sender,61786f30-4c75-4147-a29d-ce70f84af3e7,EMIT,DATA,940,1060,""
206.521,sender,61786f30-4c75-4147-a29d-ce70f84af3e7,RECEIVE,ACK,909,36,""
206.556,sender,61786f30-4c75-4147-a29d-ce70f84af3e7,ACKNOWLEDGED,ACK,909,0,""
206.566,sender,61786f30-4c75-4147-a29d-ce70f84af3e7,CONFIRM_DATA,ACK,909,1024,"unique file bytes acknowledged"
206.580,sender,61786f30-4c75-4147-a29d-ce70f84af3e7,RTT_SAMPLE,ACK,909,0,"4.442800"
206.599,sender,61786f30-4c75-4147-a29d-ce70f84af3e7,SEND,DATA,941,1060,""
206.705,sender,61786f30-4c75-4147-a29d-ce70f84af3e7,EMIT,DATA,941,1060,""
206.734,sender,61786f30-4c75-4147-a29d-ce70f84af3e7,RECEIVE,ACK,910,36,""
206.745,sender,61786f30-4c75-4147-a29d-ce70f84af3e7,ACKNOWLEDGED,ACK,910,0,""
206.754,sender,61786f30-4c75-4147-a29d-ce70f84af3e7,CONFIRM_DATA,ACK,910,1024,"unique file bytes acknowledged"
206.767,sender,61786f30-4c75-4147-a29d-ce70f84af3e7,RTT_SAMPLE,ACK,910,0,"4.511900"
206.784,sender,61786f30-4c75-4147-a29d-ce70f84af3e7,SEND,DATA,942,1060,""
206.810,sender,61786f30-4c75-4147-a29d-ce70f84af3e7,EMIT,DATA,942,1060,""
206.853,sender,61786f30-4c75-4147-a29d-ce70f84af3e7,RECEIVE,ACK,911,36,""
206.902,sender,61786f30-4c75-4147-a29d-ce70f84af3e7,ACKNOWLEDGED,ACK,911,0,""
206.914,sender,61786f30-4c75-4147-a29d-ce70f84af3e7,CONFIRM_DATA,ACK,911,1024,"unique file bytes acknowledged"
206.926,sender,61786f30-4c75-4147-a29d-ce70f84af3e7,RTT_SAMPLE,ACK,911,0,"4.541100"
206.943,sender,61786f30-4c75-4147-a29d-ce70f84af3e7,SEND,DATA,943,1060,""
206.983,sender,61786f30-4c75-4147-a29d-ce70f84af3e7,EMIT,DATA,943,1060,""
207.005,sender,61786f30-4c75-4147-a29d-ce70f84af3e7,RECEIVE,ACK,912,36,""
207.015,sender,61786f30-4c75-4147-a29d-ce70f84af3e7,ACKNOWLEDGED,ACK,912,0,""
207.024,sender,61786f30-4c75-4147-a29d-ce70f84af3e7,CONFIRM_DATA,ACK,912,1024,"unique file bytes acknowledged"
207.036,sender,61786f30-4c75-4147-a29d-ce70f84af3e7,RTT_SAMPLE,ACK,912,0,"4.491200"
207.051,sender,61786f30-4c75-4147-a29d-ce70f84af3e7,SEND,DATA,944,1060,""
207.086,sender,61786f30-4c75-4147-a29d-ce70f84af3e7,EMIT,DATA,944,1060,""
207.130,sender,61786f30-4c75-4147-a29d-ce70f84af3e7,RECEIVE,ACK,913,36,""
207.141,sender,61786f30-4c75-4147-a29d-ce70f84af3e7,ACKNOWLEDGED,ACK,913,0,""
207.163,sender,61786f30-4c75-4147-a29d-ce70f84af3e7,CONFIRM_DATA,ACK,913,1024,"unique file bytes acknowledged"
207.175,sender,61786f30-4c75-4147-a29d-ce70f84af3e7,RTT_SAMPLE,ACK,913,0,"4.502400"
207.205,sender,61786f30-4c75-4147-a29d-ce70f84af3e7,SEND,DATA,945,1060,""
207.239,sender,61786f30-4c75-4147-a29d-ce70f84af3e7,EMIT,DATA,945,1060,""
207.258,sender,61786f30-4c75-4147-a29d-ce70f84af3e7,RECEIVE,ACK,914,36,""
207.268,sender,61786f30-4c75-4147-a29d-ce70f84af3e7,ACKNOWLEDGED,ACK,914,0,""
207.293,sender,61786f30-4c75-4147-a29d-ce70f84af3e7,CONFIRM_DATA,ACK,914,1024,"unique file bytes acknowledged"
207.306,sender,61786f30-4c75-4147-a29d-ce70f84af3e7,RTT_SAMPLE,ACK,914,0,"4.502200"
207.321,sender,61786f30-4c75-4147-a29d-ce70f84af3e7,SEND,DATA,946,1060,""
207.363,sender,61786f30-4c75-4147-a29d-ce70f84af3e7,EMIT,DATA,946,1060,""
207.419,sender,61786f30-4c75-4147-a29d-ce70f84af3e7,RECEIVE,ACK,915,36,""
207.436,sender,61786f30-4c75-4147-a29d-ce70f84af3e7,ACKNOWLEDGED,ACK,915,0,""
207.445,sender,61786f30-4c75-4147-a29d-ce70f84af3e7,CONFIRM_DATA,ACK,915,1024,"unique file bytes acknowledged"
207.460,sender,61786f30-4c75-4147-a29d-ce70f84af3e7,RTT_SAMPLE,ACK,915,0,"4.542800"
207.477,sender,61786f30-4c75-4147-a29d-ce70f84af3e7,SEND,DATA,947,1060,""
207.502,sender,61786f30-4c75-4147-a29d-ce70f84af3e7,EMIT,DATA,947,1060,""
207.522,sender,61786f30-4c75-4147-a29d-ce70f84af3e7,RECEIVE,ACK,916,36,""
207.548,sender,61786f30-4c75-4147-a29d-ce70f84af3e7,ACKNOWLEDGED,ACK,916,0,""
207.558,sender,61786f30-4c75-4147-a29d-ce70f84af3e7,CONFIRM_DATA,ACK,916,1024,"unique file bytes acknowledged"
207.569,sender,61786f30-4c75-4147-a29d-ce70f84af3e7,RTT_SAMPLE,ACK,916,0,"4.524000"
207.585,sender,61786f30-4c75-4147-a29d-ce70f84af3e7,SEND,DATA,948,1060,""
207.631,sender,61786f30-4c75-4147-a29d-ce70f84af3e7,EMIT,DATA,948,1060,""
207.652,sender,61786f30-4c75-4147-a29d-ce70f84af3e7,RECEIVE,ACK,917,36,""
207.670,sender,61786f30-4c75-4147-a29d-ce70f84af3e7,ACKNOWLEDGED,ACK,917,0,""
207.680,sender,61786f30-4c75-4147-a29d-ce70f84af3e7,CONFIRM_DATA,ACK,917,1024,"unique file bytes acknowledged"
207.693,sender,61786f30-4c75-4147-a29d-ce70f84af3e7,RTT_SAMPLE,ACK,917,0,"4.535800"
207.709,sender,61786f30-4c75-4147-a29d-ce70f84af3e7,SEND,DATA,949,1060,""
207.748,sender,61786f30-4c75-4147-a29d-ce70f84af3e7,EMIT,DATA,949,1060,""
207.767,sender,61786f30-4c75-4147-a29d-ce70f84af3e7,RECEIVE,ACK,918,36,""
207.782,sender,61786f30-4c75-4147-a29d-ce70f84af3e7,ACKNOWLEDGED,ACK,918,0,""
207.793,sender,61786f30-4c75-4147-a29d-ce70f84af3e7,CONFIRM_DATA,ACK,918,1024,"unique file bytes acknowledged"
207.819,sender,61786f30-4c75-4147-a29d-ce70f84af3e7,RTT_SAMPLE,ACK,918,0,"4.516700"
207.864,sender,61786f30-4c75-4147-a29d-ce70f84af3e7,SEND,DATA,950,1060,""
207.893,sender,61786f30-4c75-4147-a29d-ce70f84af3e7,EMIT,DATA,950,1060,""
207.914,sender,61786f30-4c75-4147-a29d-ce70f84af3e7,RECEIVE,ACK,919,36,""
207.938,sender,61786f30-4c75-4147-a29d-ce70f84af3e7,ACKNOWLEDGED,ACK,919,0,""
207.949,sender,61786f30-4c75-4147-a29d-ce70f84af3e7,CONFIRM_DATA,ACK,919,1024,"unique file bytes acknowledged"
208.003,sender,61786f30-4c75-4147-a29d-ce70f84af3e7,RTT_SAMPLE,ACK,919,0,"4.547000"
208.023,sender,61786f30-4c75-4147-a29d-ce70f84af3e7,SEND,DATA,951,1060,""
208.050,sender,61786f30-4c75-4147-a29d-ce70f84af3e7,EMIT,DATA,951,1060,""
208.067,sender,61786f30-4c75-4147-a29d-ce70f84af3e7,RECEIVE,ACK,920,36,""
208.076,sender,61786f30-4c75-4147-a29d-ce70f84af3e7,ACKNOWLEDGED,ACK,920,0,""
208.086,sender,61786f30-4c75-4147-a29d-ce70f84af3e7,CONFIRM_DATA,ACK,920,1024,"unique file bytes acknowledged"
208.097,sender,61786f30-4c75-4147-a29d-ce70f84af3e7,RTT_SAMPLE,ACK,920,0,"4.529300"
208.135,sender,61786f30-4c75-4147-a29d-ce70f84af3e7,SEND,DATA,952,1060,""
208.160,sender,61786f30-4c75-4147-a29d-ce70f84af3e7,EMIT,DATA,952,1060,""
208.179,sender,61786f30-4c75-4147-a29d-ce70f84af3e7,RECEIVE,ACK,921,36,""
208.190,sender,61786f30-4c75-4147-a29d-ce70f84af3e7,ACKNOWLEDGED,ACK,921,0,""
208.202,sender,61786f30-4c75-4147-a29d-ce70f84af3e7,CONFIRM_DATA,ACK,921,1024,"unique file bytes acknowledged"
208.218,sender,61786f30-4c75-4147-a29d-ce70f84af3e7,RTT_SAMPLE,ACK,921,0,"4.516000"
208.235,sender,61786f30-4c75-4147-a29d-ce70f84af3e7,SEND,DATA,953,1060,""
208.256,sender,61786f30-4c75-4147-a29d-ce70f84af3e7,EMIT,DATA,953,1060,""
208.275,sender,61786f30-4c75-4147-a29d-ce70f84af3e7,RECEIVE,ACK,922,36,""
208.284,sender,61786f30-4c75-4147-a29d-ce70f84af3e7,ACKNOWLEDGED,ACK,922,0,""
208.293,sender,61786f30-4c75-4147-a29d-ce70f84af3e7,CONFIRM_DATA,ACK,922,1024,"unique file bytes acknowledged"
208.335,sender,61786f30-4c75-4147-a29d-ce70f84af3e7,RTT_SAMPLE,ACK,922,0,"4.502200"
208.358,sender,61786f30-4c75-4147-a29d-ce70f84af3e7,SEND,DATA,954,1060,""
208.385,sender,61786f30-4c75-4147-a29d-ce70f84af3e7,EMIT,DATA,954,1060,""
208.403,sender,61786f30-4c75-4147-a29d-ce70f84af3e7,RECEIVE,ACK,923,36,""
208.414,sender,61786f30-4c75-4147-a29d-ce70f84af3e7,ACKNOWLEDGED,ACK,923,0,""
208.428,sender,61786f30-4c75-4147-a29d-ce70f84af3e7,CONFIRM_DATA,ACK,923,1024,"unique file bytes acknowledged"
208.439,sender,61786f30-4c75-4147-a29d-ce70f84af3e7,RTT_SAMPLE,ACK,923,0,"4.480000"
208.455,sender,61786f30-4c75-4147-a29d-ce70f84af3e7,SEND,DATA,955,1060,""
208.490,sender,61786f30-4c75-4147-a29d-ce70f84af3e7,EMIT,DATA,955,1060,""
208.513,sender,61786f30-4c75-4147-a29d-ce70f84af3e7,RECEIVE,ACK,924,36,""
208.524,sender,61786f30-4c75-4147-a29d-ce70f84af3e7,ACKNOWLEDGED,ACK,924,0,""
208.534,sender,61786f30-4c75-4147-a29d-ce70f84af3e7,CONFIRM_DATA,ACK,924,1024,"unique file bytes acknowledged"
208.573,sender,61786f30-4c75-4147-a29d-ce70f84af3e7,RTT_SAMPLE,ACK,924,0,"4.471100"
208.603,sender,61786f30-4c75-4147-a29d-ce70f84af3e7,SEND,DATA,956,1060,""
208.632,sender,61786f30-4c75-4147-a29d-ce70f84af3e7,EMIT,DATA,956,1060,""
208.652,sender,61786f30-4c75-4147-a29d-ce70f84af3e7,RECEIVE,ACK,925,36,""
208.689,sender,61786f30-4c75-4147-a29d-ce70f84af3e7,ACKNOWLEDGED,ACK,925,0,""
208.708,sender,61786f30-4c75-4147-a29d-ce70f84af3e7,CONFIRM_DATA,ACK,925,1024,"unique file bytes acknowledged"
208.733,sender,61786f30-4c75-4147-a29d-ce70f84af3e7,RTT_SAMPLE,ACK,925,0,"4.436200"
208.752,sender,61786f30-4c75-4147-a29d-ce70f84af3e7,SEND,DATA,957,1060,""
208.778,sender,61786f30-4c75-4147-a29d-ce70f84af3e7,EMIT,DATA,957,1060,""
208.802,sender,61786f30-4c75-4147-a29d-ce70f84af3e7,RECEIVE,ACK,926,36,""
208.884,sender,61786f30-4c75-4147-a29d-ce70f84af3e7,ACKNOWLEDGED,ACK,926,0,""
208.918,sender,61786f30-4c75-4147-a29d-ce70f84af3e7,CONFIRM_DATA,ACK,926,1024,"unique file bytes acknowledged"
208.936,sender,61786f30-4c75-4147-a29d-ce70f84af3e7,RTT_SAMPLE,ACK,926,0,"4.498800"
208.952,sender,61786f30-4c75-4147-a29d-ce70f84af3e7,SEND,DATA,958,1060,""
208.980,sender,61786f30-4c75-4147-a29d-ce70f84af3e7,EMIT,DATA,958,1060,""
209.002,sender,61786f30-4c75-4147-a29d-ce70f84af3e7,RECEIVE,ACK,927,36,""
209.023,sender,61786f30-4c75-4147-a29d-ce70f84af3e7,ACKNOWLEDGED,ACK,927,0,""
209.033,sender,61786f30-4c75-4147-a29d-ce70f84af3e7,CONFIRM_DATA,ACK,927,1024,"unique file bytes acknowledged"
209.048,sender,61786f30-4c75-4147-a29d-ce70f84af3e7,RTT_SAMPLE,ACK,927,0,"4.456900"
209.065,sender,61786f30-4c75-4147-a29d-ce70f84af3e7,SEND,DATA,959,1060,""
209.095,sender,61786f30-4c75-4147-a29d-ce70f84af3e7,EMIT,DATA,959,1060,""
209.117,sender,61786f30-4c75-4147-a29d-ce70f84af3e7,RECEIVE,ACK,928,36,""
209.150,sender,61786f30-4c75-4147-a29d-ce70f84af3e7,ACKNOWLEDGED,ACK,928,0,""
209.161,sender,61786f30-4c75-4147-a29d-ce70f84af3e7,CONFIRM_DATA,ACK,928,1024,"unique file bytes acknowledged"
209.188,sender,61786f30-4c75-4147-a29d-ce70f84af3e7,RTT_SAMPLE,ACK,928,0,"4.433500"
209.219,sender,61786f30-4c75-4147-a29d-ce70f84af3e7,SEND,DATA,960,1060,""
209.247,sender,61786f30-4c75-4147-a29d-ce70f84af3e7,EMIT,DATA,960,1060,""
209.270,sender,61786f30-4c75-4147-a29d-ce70f84af3e7,RECEIVE,ACK,929,36,""
209.287,sender,61786f30-4c75-4147-a29d-ce70f84af3e7,ACKNOWLEDGED,ACK,929,0,""
209.317,sender,61786f30-4c75-4147-a29d-ce70f84af3e7,CONFIRM_DATA,ACK,929,1024,"unique file bytes acknowledged"
209.332,sender,61786f30-4c75-4147-a29d-ce70f84af3e7,RTT_SAMPLE,ACK,929,0,"4.459500"
209.348,sender,61786f30-4c75-4147-a29d-ce70f84af3e7,SEND,DATA,961,1060,""
209.378,sender,61786f30-4c75-4147-a29d-ce70f84af3e7,EMIT,DATA,961,1060,""
209.406,sender,61786f30-4c75-4147-a29d-ce70f84af3e7,RECEIVE,ACK,930,36,""
209.440,sender,61786f30-4c75-4147-a29d-ce70f84af3e7,ACKNOWLEDGED,ACK,930,0,""
209.449,sender,61786f30-4c75-4147-a29d-ce70f84af3e7,CONFIRM_DATA,ACK,930,1024,"unique file bytes acknowledged"
209.465,sender,61786f30-4c75-4147-a29d-ce70f84af3e7,RTT_SAMPLE,ACK,930,0,"4.457300"
209.482,sender,61786f30-4c75-4147-a29d-ce70f84af3e7,SEND,DATA,962,1060,""
209.508,sender,61786f30-4c75-4147-a29d-ce70f84af3e7,EMIT,DATA,962,1060,""
209.542,sender,61786f30-4c75-4147-a29d-ce70f84af3e7,RECEIVE,ACK,931,36,""
209.553,sender,61786f30-4c75-4147-a29d-ce70f84af3e7,ACKNOWLEDGED,ACK,931,0,""
209.564,sender,61786f30-4c75-4147-a29d-ce70f84af3e7,CONFIRM_DATA,ACK,931,1024,"unique file bytes acknowledged"
209.577,sender,61786f30-4c75-4147-a29d-ce70f84af3e7,RTT_SAMPLE,ACK,931,0,"4.408200"
209.601,sender,61786f30-4c75-4147-a29d-ce70f84af3e7,SEND,DATA,963,1060,""
209.629,sender,61786f30-4c75-4147-a29d-ce70f84af3e7,EMIT,DATA,963,1060,""
209.694,sender,61786f30-4c75-4147-a29d-ce70f84af3e7,RECEIVE,ACK,932,36,""
209.710,sender,61786f30-4c75-4147-a29d-ce70f84af3e7,ACKNOWLEDGED,ACK,932,0,""
209.734,sender,61786f30-4c75-4147-a29d-ce70f84af3e7,CONFIRM_DATA,ACK,932,1024,"unique file bytes acknowledged"
209.752,sender,61786f30-4c75-4147-a29d-ce70f84af3e7,RTT_SAMPLE,ACK,932,0,"4.466600"
209.783,sender,61786f30-4c75-4147-a29d-ce70f84af3e7,SEND,DATA,964,1060,""
209.824,sender,61786f30-4c75-4147-a29d-ce70f84af3e7,EMIT,DATA,964,1060,""
209.849,sender,61786f30-4c75-4147-a29d-ce70f84af3e7,RECEIVE,ACK,933,36,""
209.865,sender,61786f30-4c75-4147-a29d-ce70f84af3e7,ACKNOWLEDGED,ACK,933,0,""
209.878,sender,61786f30-4c75-4147-a29d-ce70f84af3e7,CONFIRM_DATA,ACK,933,1024,"unique file bytes acknowledged"
209.903,sender,61786f30-4c75-4147-a29d-ce70f84af3e7,RTT_SAMPLE,ACK,933,0,"4.480300"
209.934,sender,61786f30-4c75-4147-a29d-ce70f84af3e7,SEND,DATA,965,1060,""
209.972,sender,61786f30-4c75-4147-a29d-ce70f84af3e7,EMIT,DATA,965,1060,""
210.013,sender,61786f30-4c75-4147-a29d-ce70f84af3e7,RECEIVE,ACK,934,36,""
210.031,sender,61786f30-4c75-4147-a29d-ce70f84af3e7,ACKNOWLEDGED,ACK,934,0,""
210.053,sender,61786f30-4c75-4147-a29d-ce70f84af3e7,CONFIRM_DATA,ACK,934,1024,"unique file bytes acknowledged"
210.066,sender,61786f30-4c75-4147-a29d-ce70f84af3e7,RTT_SAMPLE,ACK,934,0,"4.501800"
210.082,sender,61786f30-4c75-4147-a29d-ce70f84af3e7,SEND,DATA,966,1060,""
210.115,sender,61786f30-4c75-4147-a29d-ce70f84af3e7,EMIT,DATA,966,1060,""
210.136,sender,61786f30-4c75-4147-a29d-ce70f84af3e7,RECEIVE,ACK,935,36,""
210.148,sender,61786f30-4c75-4147-a29d-ce70f84af3e7,ACKNOWLEDGED,ACK,935,0,""
210.161,sender,61786f30-4c75-4147-a29d-ce70f84af3e7,CONFIRM_DATA,ACK,935,1024,"unique file bytes acknowledged"
210.184,sender,61786f30-4c75-4147-a29d-ce70f84af3e7,RTT_SAMPLE,ACK,935,0,"4.477400"
210.219,sender,61786f30-4c75-4147-a29d-ce70f84af3e7,SEND,DATA,967,1060,""
210.281,sender,61786f30-4c75-4147-a29d-ce70f84af3e7,EMIT,DATA,967,1060,""
210.306,sender,61786f30-4c75-4147-a29d-ce70f84af3e7,RECEIVE,ACK,936,36,""
210.333,sender,61786f30-4c75-4147-a29d-ce70f84af3e7,ACKNOWLEDGED,ACK,936,0,""
210.345,sender,61786f30-4c75-4147-a29d-ce70f84af3e7,CONFIRM_DATA,ACK,936,1024,"unique file bytes acknowledged"
210.358,sender,61786f30-4c75-4147-a29d-ce70f84af3e7,RTT_SAMPLE,ACK,936,0,"4.531100"
210.388,sender,61786f30-4c75-4147-a29d-ce70f84af3e7,SEND,DATA,968,1060,""
210.418,sender,61786f30-4c75-4147-a29d-ce70f84af3e7,EMIT,DATA,968,1060,""
210.485,sender,61786f30-4c75-4147-a29d-ce70f84af3e7,RECEIVE,ACK,937,36,""
210.509,sender,61786f30-4c75-4147-a29d-ce70f84af3e7,ACKNOWLEDGED,ACK,937,0,""
210.518,sender,61786f30-4c75-4147-a29d-ce70f84af3e7,CONFIRM_DATA,ACK,937,1024,"unique file bytes acknowledged"
210.529,sender,61786f30-4c75-4147-a29d-ce70f84af3e7,RTT_SAMPLE,ACK,937,0,"4.547200"
210.549,sender,61786f30-4c75-4147-a29d-ce70f84af3e7,SEND,DATA,969,1060,""
210.583,sender,61786f30-4c75-4147-a29d-ce70f84af3e7,EMIT,DATA,969,1060,""
210.607,sender,61786f30-4c75-4147-a29d-ce70f84af3e7,RECEIVE,ACK,938,36,""
210.627,sender,61786f30-4c75-4147-a29d-ce70f84af3e7,ACKNOWLEDGED,ACK,938,0,""
210.653,sender,61786f30-4c75-4147-a29d-ce70f84af3e7,CONFIRM_DATA,ACK,938,1024,"unique file bytes acknowledged"
210.673,sender,61786f30-4c75-4147-a29d-ce70f84af3e7,RTT_SAMPLE,ACK,938,0,"4.560100"
210.701,sender,61786f30-4c75-4147-a29d-ce70f84af3e7,SEND,DATA,970,1060,""
210.734,sender,61786f30-4c75-4147-a29d-ce70f84af3e7,EMIT,DATA,970,1060,""
210.758,sender,61786f30-4c75-4147-a29d-ce70f84af3e7,RECEIVE,ACK,939,36,""
210.777,sender,61786f30-4c75-4147-a29d-ce70f84af3e7,ACKNOWLEDGED,ACK,939,0,""
210.801,sender,61786f30-4c75-4147-a29d-ce70f84af3e7,CONFIRM_DATA,ACK,939,1024,"unique file bytes acknowledged"
210.821,sender,61786f30-4c75-4147-a29d-ce70f84af3e7,RTT_SAMPLE,ACK,939,0,"4.521100"
210.860,sender,61786f30-4c75-4147-a29d-ce70f84af3e7,SEND,DATA,971,1060,""
210.896,sender,61786f30-4c75-4147-a29d-ce70f84af3e7,EMIT,DATA,971,1060,""
210.924,sender,61786f30-4c75-4147-a29d-ce70f84af3e7,RECEIVE,ACK,940,36,""
210.941,sender,61786f30-4c75-4147-a29d-ce70f84af3e7,ACKNOWLEDGED,ACK,940,0,""
210.973,sender,61786f30-4c75-4147-a29d-ce70f84af3e7,CONFIRM_DATA,ACK,940,1024,"unique file bytes acknowledged"
210.994,sender,61786f30-4c75-4147-a29d-ce70f84af3e7,RTT_SAMPLE,ACK,940,0,"4.538800"
211.010,sender,61786f30-4c75-4147-a29d-ce70f84af3e7,SEND,DATA,972,1060,""
211.043,sender,61786f30-4c75-4147-a29d-ce70f84af3e7,EMIT,DATA,972,1060,""
211.066,sender,61786f30-4c75-4147-a29d-ce70f84af3e7,RECEIVE,ACK,941,36,""
211.093,sender,61786f30-4c75-4147-a29d-ce70f84af3e7,ACKNOWLEDGED,ACK,941,0,""
211.114,sender,61786f30-4c75-4147-a29d-ce70f84af3e7,CONFIRM_DATA,ACK,941,1024,"unique file bytes acknowledged"
211.127,sender,61786f30-4c75-4147-a29d-ce70f84af3e7,RTT_SAMPLE,ACK,941,0,"4.527800"
211.149,sender,61786f30-4c75-4147-a29d-ce70f84af3e7,SEND,DATA,973,1060,""
211.171,sender,61786f30-4c75-4147-a29d-ce70f84af3e7,EMIT,DATA,973,1060,""
211.190,sender,61786f30-4c75-4147-a29d-ce70f84af3e7,RECEIVE,ACK,942,36,""
211.221,sender,61786f30-4c75-4147-a29d-ce70f84af3e7,ACKNOWLEDGED,ACK,942,0,""
211.231,sender,61786f30-4c75-4147-a29d-ce70f84af3e7,CONFIRM_DATA,ACK,942,1024,"unique file bytes acknowledged"
211.437,sender,61786f30-4c75-4147-a29d-ce70f84af3e7,RTT_SAMPLE,ACK,942,0,"4.649200"
211.456,sender,61786f30-4c75-4147-a29d-ce70f84af3e7,SEND,DATA,974,1060,""
211.496,sender,61786f30-4c75-4147-a29d-ce70f84af3e7,EMIT,DATA,974,1060,""
211.519,sender,61786f30-4c75-4147-a29d-ce70f84af3e7,RECEIVE,ACK,943,36,""
211.531,sender,61786f30-4c75-4147-a29d-ce70f84af3e7,ACKNOWLEDGED,ACK,943,0,""
211.540,sender,61786f30-4c75-4147-a29d-ce70f84af3e7,CONFIRM_DATA,ACK,943,1024,"unique file bytes acknowledged"
211.552,sender,61786f30-4c75-4147-a29d-ce70f84af3e7,RTT_SAMPLE,ACK,943,0,"4.608700"
211.567,sender,61786f30-4c75-4147-a29d-ce70f84af3e7,SEND,DATA,975,1060,""
211.591,sender,61786f30-4c75-4147-a29d-ce70f84af3e7,EMIT,DATA,975,1060,""
211.630,sender,61786f30-4c75-4147-a29d-ce70f84af3e7,RECEIVE,ACK,944,36,""
211.640,sender,61786f30-4c75-4147-a29d-ce70f84af3e7,ACKNOWLEDGED,ACK,944,0,""
211.648,sender,61786f30-4c75-4147-a29d-ce70f84af3e7,CONFIRM_DATA,ACK,944,1024,"unique file bytes acknowledged"
211.659,sender,61786f30-4c75-4147-a29d-ce70f84af3e7,RTT_SAMPLE,ACK,944,0,"4.608300"
211.675,sender,61786f30-4c75-4147-a29d-ce70f84af3e7,SEND,DATA,976,1060,""
211.699,sender,61786f30-4c75-4147-a29d-ce70f84af3e7,EMIT,DATA,976,1060,""
211.720,sender,61786f30-4c75-4147-a29d-ce70f84af3e7,RECEIVE,ACK,945,36,""
211.740,sender,61786f30-4c75-4147-a29d-ce70f84af3e7,ACKNOWLEDGED,ACK,945,0,""
211.750,sender,61786f30-4c75-4147-a29d-ce70f84af3e7,CONFIRM_DATA,ACK,945,1024,"unique file bytes acknowledged"
211.783,sender,61786f30-4c75-4147-a29d-ce70f84af3e7,RTT_SAMPLE,ACK,945,0,"4.577700"
211.799,sender,61786f30-4c75-4147-a29d-ce70f84af3e7,SEND,DATA,977,1060,""
211.824,sender,61786f30-4c75-4147-a29d-ce70f84af3e7,EMIT,DATA,977,1060,""
211.862,sender,61786f30-4c75-4147-a29d-ce70f84af3e7,RECEIVE,ACK,946,36,""
211.873,sender,61786f30-4c75-4147-a29d-ce70f84af3e7,ACKNOWLEDGED,ACK,946,0,""
211.882,sender,61786f30-4c75-4147-a29d-ce70f84af3e7,CONFIRM_DATA,ACK,946,1024,"unique file bytes acknowledged"
211.892,sender,61786f30-4c75-4147-a29d-ce70f84af3e7,RTT_SAMPLE,ACK,946,0,"4.570700"
211.911,sender,61786f30-4c75-4147-a29d-ce70f84af3e7,SEND,DATA,978,1060,""
211.942,sender,61786f30-4c75-4147-a29d-ce70f84af3e7,EMIT,DATA,978,1060,""
211.962,sender,61786f30-4c75-4147-a29d-ce70f84af3e7,RECEIVE,ACK,947,36,""
211.974,sender,61786f30-4c75-4147-a29d-ce70f84af3e7,ACKNOWLEDGED,ACK,947,0,""
211.998,sender,61786f30-4c75-4147-a29d-ce70f84af3e7,CONFIRM_DATA,ACK,947,1024,"unique file bytes acknowledged"
212.021,sender,61786f30-4c75-4147-a29d-ce70f84af3e7,RTT_SAMPLE,ACK,947,0,"4.541500"
212.036,sender,61786f30-4c75-4147-a29d-ce70f84af3e7,SEND,DATA,979,1060,""
212.089,sender,61786f30-4c75-4147-a29d-ce70f84af3e7,EMIT,DATA,979,1060,""
212.124,sender,61786f30-4c75-4147-a29d-ce70f84af3e7,RECEIVE,ACK,948,36,""
212.142,sender,61786f30-4c75-4147-a29d-ce70f84af3e7,ACKNOWLEDGED,ACK,948,0,""
212.158,sender,61786f30-4c75-4147-a29d-ce70f84af3e7,CONFIRM_DATA,ACK,948,1024,"unique file bytes acknowledged"
212.175,sender,61786f30-4c75-4147-a29d-ce70f84af3e7,RTT_SAMPLE,ACK,948,0,"4.585600"
212.192,sender,61786f30-4c75-4147-a29d-ce70f84af3e7,SEND,DATA,980,1060,""
212.217,sender,61786f30-4c75-4147-a29d-ce70f84af3e7,EMIT,DATA,980,1060,""
212.249,sender,61786f30-4c75-4147-a29d-ce70f84af3e7,RECEIVE,ACK,949,36,""
212.263,sender,61786f30-4c75-4147-a29d-ce70f84af3e7,ACKNOWLEDGED,ACK,949,0,""
212.274,sender,61786f30-4c75-4147-a29d-ce70f84af3e7,CONFIRM_DATA,ACK,949,1024,"unique file bytes acknowledged"
212.287,sender,61786f30-4c75-4147-a29d-ce70f84af3e7,RTT_SAMPLE,ACK,949,0,"4.576700"
212.307,sender,61786f30-4c75-4147-a29d-ce70f84af3e7,SEND,DATA,981,1060,""
212.360,sender,61786f30-4c75-4147-a29d-ce70f84af3e7,EMIT,DATA,981,1060,""
212.383,sender,61786f30-4c75-4147-a29d-ce70f84af3e7,RECEIVE,ACK,950,36,""
212.403,sender,61786f30-4c75-4147-a29d-ce70f84af3e7,ACKNOWLEDGED,ACK,950,0,""
212.412,sender,61786f30-4c75-4147-a29d-ce70f84af3e7,CONFIRM_DATA,ACK,950,1024,"unique file bytes acknowledged"
212.430,sender,61786f30-4c75-4147-a29d-ce70f84af3e7,RTT_SAMPLE,ACK,950,0,"4.564100"
212.455,sender,61786f30-4c75-4147-a29d-ce70f84af3e7,SEND,DATA,982,1060,""
212.481,sender,61786f30-4c75-4147-a29d-ce70f84af3e7,EMIT,DATA,982,1060,""
212.514,sender,61786f30-4c75-4147-a29d-ce70f84af3e7,RECEIVE,ACK,951,36,""
212.528,sender,61786f30-4c75-4147-a29d-ce70f84af3e7,ACKNOWLEDGED,ACK,951,0,""
212.554,sender,61786f30-4c75-4147-a29d-ce70f84af3e7,CONFIRM_DATA,ACK,951,1024,"unique file bytes acknowledged"
212.584,sender,61786f30-4c75-4147-a29d-ce70f84af3e7,RTT_SAMPLE,ACK,951,0,"4.556000"
212.631,sender,61786f30-4c75-4147-a29d-ce70f84af3e7,SEND,DATA,983,1060,""
212.661,sender,61786f30-4c75-4147-a29d-ce70f84af3e7,EMIT,DATA,983,1060,""
212.683,sender,61786f30-4c75-4147-a29d-ce70f84af3e7,RECEIVE,ACK,952,36,""
212.698,sender,61786f30-4c75-4147-a29d-ce70f84af3e7,ACKNOWLEDGED,ACK,952,0,""
212.706,sender,61786f30-4c75-4147-a29d-ce70f84af3e7,CONFIRM_DATA,ACK,952,1024,"unique file bytes acknowledged"
212.727,sender,61786f30-4c75-4147-a29d-ce70f84af3e7,RTT_SAMPLE,ACK,952,0,"4.589300"
212.744,sender,61786f30-4c75-4147-a29d-ce70f84af3e7,SEND,DATA,984,1060,""
212.772,sender,61786f30-4c75-4147-a29d-ce70f84af3e7,EMIT,DATA,984,1060,""
212.791,sender,61786f30-4c75-4147-a29d-ce70f84af3e7,RECEIVE,ACK,953,36,""
212.806,sender,61786f30-4c75-4147-a29d-ce70f84af3e7,ACKNOWLEDGED,ACK,953,0,""
212.830,sender,61786f30-4c75-4147-a29d-ce70f84af3e7,CONFIRM_DATA,ACK,953,1024,"unique file bytes acknowledged"
212.854,sender,61786f30-4c75-4147-a29d-ce70f84af3e7,RTT_SAMPLE,ACK,953,0,"4.618400"
212.920,sender,61786f30-4c75-4147-a29d-ce70f84af3e7,SEND,DATA,985,1060,""
212.947,sender,61786f30-4c75-4147-a29d-ce70f84af3e7,EMIT,DATA,985,1060,""
212.972,sender,61786f30-4c75-4147-a29d-ce70f84af3e7,RECEIVE,ACK,954,36,""
212.984,sender,61786f30-4c75-4147-a29d-ce70f84af3e7,ACKNOWLEDGED,ACK,954,0,""
212.993,sender,61786f30-4c75-4147-a29d-ce70f84af3e7,CONFIRM_DATA,ACK,954,1024,"unique file bytes acknowledged"
213.024,sender,61786f30-4c75-4147-a29d-ce70f84af3e7,RTT_SAMPLE,ACK,954,0,"4.663600"
213.041,sender,61786f30-4c75-4147-a29d-ce70f84af3e7,SEND,DATA,986,1060,""
213.083,sender,61786f30-4c75-4147-a29d-ce70f84af3e7,EMIT,DATA,986,1060,""
213.113,sender,61786f30-4c75-4147-a29d-ce70f84af3e7,RECEIVE,ACK,955,36,""
213.123,sender,61786f30-4c75-4147-a29d-ce70f84af3e7,ACKNOWLEDGED,ACK,955,0,""
213.135,sender,61786f30-4c75-4147-a29d-ce70f84af3e7,CONFIRM_DATA,ACK,955,1024,"unique file bytes acknowledged"
213.173,sender,61786f30-4c75-4147-a29d-ce70f84af3e7,RTT_SAMPLE,ACK,955,0,"4.715500"
213.189,sender,61786f30-4c75-4147-a29d-ce70f84af3e7,SEND,DATA,987,1060,""
213.215,sender,61786f30-4c75-4147-a29d-ce70f84af3e7,EMIT,DATA,987,1060,""
213.237,sender,61786f30-4c75-4147-a29d-ce70f84af3e7,RECEIVE,ACK,956,36,""
213.253,sender,61786f30-4c75-4147-a29d-ce70f84af3e7,ACKNOWLEDGED,ACK,956,0,""
213.266,sender,61786f30-4c75-4147-a29d-ce70f84af3e7,CONFIRM_DATA,ACK,956,1024,"unique file bytes acknowledged"
213.280,sender,61786f30-4c75-4147-a29d-ce70f84af3e7,RTT_SAMPLE,ACK,956,0,"4.678100"
213.296,sender,61786f30-4c75-4147-a29d-ce70f84af3e7,SEND,DATA,988,1060,""
213.329,sender,61786f30-4c75-4147-a29d-ce70f84af3e7,EMIT,DATA,988,1060,""
213.353,sender,61786f30-4c75-4147-a29d-ce70f84af3e7,RECEIVE,ACK,957,36,""
213.380,sender,61786f30-4c75-4147-a29d-ce70f84af3e7,ACKNOWLEDGED,ACK,957,0,""
213.399,sender,61786f30-4c75-4147-a29d-ce70f84af3e7,CONFIRM_DATA,ACK,957,1024,"unique file bytes acknowledged"
213.437,sender,61786f30-4c75-4147-a29d-ce70f84af3e7,RTT_SAMPLE,ACK,957,0,"4.684400"
213.455,sender,61786f30-4c75-4147-a29d-ce70f84af3e7,SEND,DATA,989,1060,""
213.484,sender,61786f30-4c75-4147-a29d-ce70f84af3e7,EMIT,DATA,989,1060,""
213.502,sender,61786f30-4c75-4147-a29d-ce70f84af3e7,RECEIVE,ACK,958,36,""
213.512,sender,61786f30-4c75-4147-a29d-ce70f84af3e7,ACKNOWLEDGED,ACK,958,0,""
213.521,sender,61786f30-4c75-4147-a29d-ce70f84af3e7,CONFIRM_DATA,ACK,958,1024,"unique file bytes acknowledged"
213.544,sender,61786f30-4c75-4147-a29d-ce70f84af3e7,RTT_SAMPLE,ACK,958,0,"4.590800"
213.574,sender,61786f30-4c75-4147-a29d-ce70f84af3e7,SEND,DATA,990,1060,""
213.681,sender,61786f30-4c75-4147-a29d-ce70f84af3e7,EMIT,DATA,990,1060,""
213.705,sender,61786f30-4c75-4147-a29d-ce70f84af3e7,RECEIVE,ACK,959,36,""
213.721,sender,61786f30-4c75-4147-a29d-ce70f84af3e7,ACKNOWLEDGED,ACK,959,0,""
213.752,sender,61786f30-4c75-4147-a29d-ce70f84af3e7,CONFIRM_DATA,ACK,959,1024,"unique file bytes acknowledged"
213.775,sender,61786f30-4c75-4147-a29d-ce70f84af3e7,RTT_SAMPLE,ACK,959,0,"4.707500"
213.794,sender,61786f30-4c75-4147-a29d-ce70f84af3e7,SEND,DATA,991,1060,""
213.822,sender,61786f30-4c75-4147-a29d-ce70f84af3e7,EMIT,DATA,991,1060,""
213.842,sender,61786f30-4c75-4147-a29d-ce70f84af3e7,RECEIVE,ACK,960,36,""
213.867,sender,61786f30-4c75-4147-a29d-ce70f84af3e7,ACKNOWLEDGED,ACK,960,0,""
213.891,sender,61786f30-4c75-4147-a29d-ce70f84af3e7,CONFIRM_DATA,ACK,960,1024,"unique file bytes acknowledged"
213.903,sender,61786f30-4c75-4147-a29d-ce70f84af3e7,RTT_SAMPLE,ACK,960,0,"4.684800"
213.920,sender,61786f30-4c75-4147-a29d-ce70f84af3e7,SEND,DATA,992,1060,""
213.953,sender,61786f30-4c75-4147-a29d-ce70f84af3e7,EMIT,DATA,992,1060,""
213.974,sender,61786f30-4c75-4147-a29d-ce70f84af3e7,RECEIVE,ACK,961,36,""
214.025,sender,61786f30-4c75-4147-a29d-ce70f84af3e7,ACKNOWLEDGED,ACK,961,0,""
214.035,sender,61786f30-4c75-4147-a29d-ce70f84af3e7,CONFIRM_DATA,ACK,961,1024,"unique file bytes acknowledged"
214.056,sender,61786f30-4c75-4147-a29d-ce70f84af3e7,RTT_SAMPLE,ACK,961,0,"4.705900"
214.072,sender,61786f30-4c75-4147-a29d-ce70f84af3e7,SEND,DATA,993,1060,""
214.098,sender,61786f30-4c75-4147-a29d-ce70f84af3e7,EMIT,DATA,993,1060,""
214.125,sender,61786f30-4c75-4147-a29d-ce70f84af3e7,RECEIVE,ACK,962,36,""
214.136,sender,61786f30-4c75-4147-a29d-ce70f84af3e7,ACKNOWLEDGED,ACK,962,0,""
214.146,sender,61786f30-4c75-4147-a29d-ce70f84af3e7,CONFIRM_DATA,ACK,962,1024,"unique file bytes acknowledged"
214.157,sender,61786f30-4c75-4147-a29d-ce70f84af3e7,RTT_SAMPLE,ACK,962,0,"4.675200"
214.176,sender,61786f30-4c75-4147-a29d-ce70f84af3e7,SEND,DATA,994,1060,""
214.201,sender,61786f30-4c75-4147-a29d-ce70f84af3e7,EMIT,DATA,994,1060,""
214.240,sender,61786f30-4c75-4147-a29d-ce70f84af3e7,RECEIVE,ACK,963,36,""
214.254,sender,61786f30-4c75-4147-a29d-ce70f84af3e7,ACKNOWLEDGED,ACK,963,0,""
214.271,sender,61786f30-4c75-4147-a29d-ce70f84af3e7,CONFIRM_DATA,ACK,963,1024,"unique file bytes acknowledged"
214.282,sender,61786f30-4c75-4147-a29d-ce70f84af3e7,RTT_SAMPLE,ACK,963,0,"4.681000"
214.298,sender,61786f30-4c75-4147-a29d-ce70f84af3e7,SEND,DATA,995,1060,""
214.324,sender,61786f30-4c75-4147-a29d-ce70f84af3e7,EMIT,DATA,995,1060,""
214.345,sender,61786f30-4c75-4147-a29d-ce70f84af3e7,RECEIVE,ACK,964,36,""
214.356,sender,61786f30-4c75-4147-a29d-ce70f84af3e7,ACKNOWLEDGED,ACK,964,0,""
214.376,sender,61786f30-4c75-4147-a29d-ce70f84af3e7,CONFIRM_DATA,ACK,964,1024,"unique file bytes acknowledged"
214.392,sender,61786f30-4c75-4147-a29d-ce70f84af3e7,RTT_SAMPLE,ACK,964,0,"4.605200"
214.409,sender,61786f30-4c75-4147-a29d-ce70f84af3e7,SEND,DATA,996,1060,""
214.459,sender,61786f30-4c75-4147-a29d-ce70f84af3e7,EMIT,DATA,996,1060,""
214.518,sender,61786f30-4c75-4147-a29d-ce70f84af3e7,RECEIVE,ACK,965,36,""
214.542,sender,61786f30-4c75-4147-a29d-ce70f84af3e7,ACKNOWLEDGED,ACK,965,0,""
214.557,sender,61786f30-4c75-4147-a29d-ce70f84af3e7,CONFIRM_DATA,ACK,965,1024,"unique file bytes acknowledged"
214.569,sender,61786f30-4c75-4147-a29d-ce70f84af3e7,RTT_SAMPLE,ACK,965,0,"4.633600"
214.586,sender,61786f30-4c75-4147-a29d-ce70f84af3e7,SEND,DATA,997,1060,""
214.610,sender,61786f30-4c75-4147-a29d-ce70f84af3e7,EMIT,DATA,997,1060,""
214.629,sender,61786f30-4c75-4147-a29d-ce70f84af3e7,RECEIVE,ACK,966,36,""
214.638,sender,61786f30-4c75-4147-a29d-ce70f84af3e7,ACKNOWLEDGED,ACK,966,0,""
214.647,sender,61786f30-4c75-4147-a29d-ce70f84af3e7,CONFIRM_DATA,ACK,966,1024,"unique file bytes acknowledged"
214.658,sender,61786f30-4c75-4147-a29d-ce70f84af3e7,RTT_SAMPLE,ACK,966,0,"4.575700"
214.671,sender,61786f30-4c75-4147-a29d-ce70f84af3e7,SEND,DATA,998,1060,""
214.715,sender,61786f30-4c75-4147-a29d-ce70f84af3e7,EMIT,DATA,998,1060,""
214.734,sender,61786f30-4c75-4147-a29d-ce70f84af3e7,RECEIVE,ACK,967,36,""
214.750,sender,61786f30-4c75-4147-a29d-ce70f84af3e7,ACKNOWLEDGED,ACK,967,0,""
214.765,sender,61786f30-4c75-4147-a29d-ce70f84af3e7,CONFIRM_DATA,ACK,967,1024,"unique file bytes acknowledged"
214.775,sender,61786f30-4c75-4147-a29d-ce70f84af3e7,RTT_SAMPLE,ACK,967,0,"4.556700"
214.816,sender,61786f30-4c75-4147-a29d-ce70f84af3e7,SEND,DATA,999,1060,""
214.841,sender,61786f30-4c75-4147-a29d-ce70f84af3e7,EMIT,DATA,999,1060,""
214.869,sender,61786f30-4c75-4147-a29d-ce70f84af3e7,RECEIVE,ACK,968,36,""
214.890,sender,61786f30-4c75-4147-a29d-ce70f84af3e7,ACKNOWLEDGED,ACK,968,0,""
214.900,sender,61786f30-4c75-4147-a29d-ce70f84af3e7,CONFIRM_DATA,ACK,968,1024,"unique file bytes acknowledged"
214.914,sender,61786f30-4c75-4147-a29d-ce70f84af3e7,RTT_SAMPLE,ACK,968,0,"4.524900"
214.932,sender,61786f30-4c75-4147-a29d-ce70f84af3e7,SEND,DATA,1000,1060,""
214.989,sender,61786f30-4c75-4147-a29d-ce70f84af3e7,EMIT,DATA,1000,1060,""
215.012,sender,61786f30-4c75-4147-a29d-ce70f84af3e7,RECEIVE,ACK,969,36,""
215.024,sender,61786f30-4c75-4147-a29d-ce70f84af3e7,ACKNOWLEDGED,ACK,969,0,""
215.036,sender,61786f30-4c75-4147-a29d-ce70f84af3e7,CONFIRM_DATA,ACK,969,1024,"unique file bytes acknowledged"
215.050,sender,61786f30-4c75-4147-a29d-ce70f84af3e7,RTT_SAMPLE,ACK,969,0,"4.500600"
215.065,sender,61786f30-4c75-4147-a29d-ce70f84af3e7,SEND,DATA,1001,1060,""
215.090,sender,61786f30-4c75-4147-a29d-ce70f84af3e7,EMIT,DATA,1001,1060,""
215.110,sender,61786f30-4c75-4147-a29d-ce70f84af3e7,RECEIVE,ACK,970,36,""
215.127,sender,61786f30-4c75-4147-a29d-ce70f84af3e7,ACKNOWLEDGED,ACK,970,0,""
215.139,sender,61786f30-4c75-4147-a29d-ce70f84af3e7,CONFIRM_DATA,ACK,970,1024,"unique file bytes acknowledged"
215.150,sender,61786f30-4c75-4147-a29d-ce70f84af3e7,RTT_SAMPLE,ACK,970,0,"4.451000"
215.202,sender,61786f30-4c75-4147-a29d-ce70f84af3e7,SEND,DATA,1002,1060,""
215.235,sender,61786f30-4c75-4147-a29d-ce70f84af3e7,EMIT,DATA,1002,1060,""
215.256,sender,61786f30-4c75-4147-a29d-ce70f84af3e7,RECEIVE,ACK,971,36,""
215.266,sender,61786f30-4c75-4147-a29d-ce70f84af3e7,ACKNOWLEDGED,ACK,971,0,""
215.274,sender,61786f30-4c75-4147-a29d-ce70f84af3e7,CONFIRM_DATA,ACK,971,1024,"unique file bytes acknowledged"
215.286,sender,61786f30-4c75-4147-a29d-ce70f84af3e7,RTT_SAMPLE,ACK,971,0,"4.426400"
215.302,sender,61786f30-4c75-4147-a29d-ce70f84af3e7,SEND,DATA,1003,1060,""
215.323,sender,61786f30-4c75-4147-a29d-ce70f84af3e7,EMIT,DATA,1003,1060,""
215.341,sender,61786f30-4c75-4147-a29d-ce70f84af3e7,RECEIVE,ACK,972,36,""
215.351,sender,61786f30-4c75-4147-a29d-ce70f84af3e7,ACKNOWLEDGED,ACK,972,0,""
215.360,sender,61786f30-4c75-4147-a29d-ce70f84af3e7,CONFIRM_DATA,ACK,972,1024,"unique file bytes acknowledged"
215.370,sender,61786f30-4c75-4147-a29d-ce70f84af3e7,RTT_SAMPLE,ACK,972,0,"4.360300"
215.411,sender,61786f30-4c75-4147-a29d-ce70f84af3e7,SEND,DATA,1004,1060,""
215.446,sender,61786f30-4c75-4147-a29d-ce70f84af3e7,EMIT,DATA,1004,1060,""
215.466,sender,61786f30-4c75-4147-a29d-ce70f84af3e7,RECEIVE,ACK,973,36,""
215.475,sender,61786f30-4c75-4147-a29d-ce70f84af3e7,ACKNOWLEDGED,ACK,973,0,""
215.484,sender,61786f30-4c75-4147-a29d-ce70f84af3e7,CONFIRM_DATA,ACK,973,1024,"unique file bytes acknowledged"
215.495,sender,61786f30-4c75-4147-a29d-ce70f84af3e7,RTT_SAMPLE,ACK,973,0,"4.350300"
215.509,sender,61786f30-4c75-4147-a29d-ce70f84af3e7,SEND,DATA,1005,1060,""
215.534,sender,61786f30-4c75-4147-a29d-ce70f84af3e7,EMIT,DATA,1005,1060,""
215.552,sender,61786f30-4c75-4147-a29d-ce70f84af3e7,RECEIVE,ACK,974,36,""
215.561,sender,61786f30-4c75-4147-a29d-ce70f84af3e7,ACKNOWLEDGED,ACK,974,0,""
215.570,sender,61786f30-4c75-4147-a29d-ce70f84af3e7,CONFIRM_DATA,ACK,974,1024,"unique file bytes acknowledged"
215.607,sender,61786f30-4c75-4147-a29d-ce70f84af3e7,RTT_SAMPLE,ACK,974,0,"4.151500"
215.623,sender,61786f30-4c75-4147-a29d-ce70f84af3e7,SEND,DATA,1006,1060,""
215.644,sender,61786f30-4c75-4147-a29d-ce70f84af3e7,EMIT,DATA,1006,1060,""
215.662,sender,61786f30-4c75-4147-a29d-ce70f84af3e7,RECEIVE,ACK,975,36,""
215.736,sender,61786f30-4c75-4147-a29d-ce70f84af3e7,ACKNOWLEDGED,ACK,975,0,""
215.747,sender,61786f30-4c75-4147-a29d-ce70f84af3e7,CONFIRM_DATA,ACK,975,1024,"unique file bytes acknowledged"
215.762,sender,61786f30-4c75-4147-a29d-ce70f84af3e7,RTT_SAMPLE,ACK,975,0,"4.194500"
215.795,sender,61786f30-4c75-4147-a29d-ce70f84af3e7,SEND,DATA,1007,1060,""
215.825,sender,61786f30-4c75-4147-a29d-ce70f84af3e7,EMIT,DATA,1007,1060,""
215.844,sender,61786f30-4c75-4147-a29d-ce70f84af3e7,RECEIVE,ACK,976,36,""
215.855,sender,61786f30-4c75-4147-a29d-ce70f84af3e7,ACKNOWLEDGED,ACK,976,0,""
215.864,sender,61786f30-4c75-4147-a29d-ce70f84af3e7,CONFIRM_DATA,ACK,976,1024,"unique file bytes acknowledged"
215.885,sender,61786f30-4c75-4147-a29d-ce70f84af3e7,RTT_SAMPLE,ACK,976,0,"4.207800"
215.908,sender,61786f30-4c75-4147-a29d-ce70f84af3e7,SEND,DATA,1008,1060,""
215.958,sender,61786f30-4c75-4147-a29d-ce70f84af3e7,EMIT,DATA,1008,1060,""
215.979,sender,61786f30-4c75-4147-a29d-ce70f84af3e7,RECEIVE,ACK,977,36,""
215.996,sender,61786f30-4c75-4147-a29d-ce70f84af3e7,ACKNOWLEDGED,ACK,977,0,""
216.008,sender,61786f30-4c75-4147-a29d-ce70f84af3e7,CONFIRM_DATA,ACK,977,1024,"unique file bytes acknowledged"
216.031,sender,61786f30-4c75-4147-a29d-ce70f84af3e7,RTT_SAMPLE,ACK,977,0,"4.232700"
216.051,sender,61786f30-4c75-4147-a29d-ce70f84af3e7,SEND,DATA,1009,1060,""
216.080,sender,61786f30-4c75-4147-a29d-ce70f84af3e7,EMIT,DATA,1009,1060,""
216.116,sender,61786f30-4c75-4147-a29d-ce70f84af3e7,RECEIVE,ACK,978,36,""
216.131,sender,61786f30-4c75-4147-a29d-ce70f84af3e7,ACKNOWLEDGED,ACK,978,0,""
216.161,sender,61786f30-4c75-4147-a29d-ce70f84af3e7,CONFIRM_DATA,ACK,978,1024,"unique file bytes acknowledged"
216.175,sender,61786f30-4c75-4147-a29d-ce70f84af3e7,RTT_SAMPLE,ACK,978,0,"4.261400"
216.200,sender,61786f30-4c75-4147-a29d-ce70f84af3e7,SEND,DATA,1010,1060,""
216.228,sender,61786f30-4c75-4147-a29d-ce70f84af3e7,EMIT,DATA,1010,1060,""
216.246,sender,61786f30-4c75-4147-a29d-ce70f84af3e7,RECEIVE,ACK,979,36,""
216.256,sender,61786f30-4c75-4147-a29d-ce70f84af3e7,ACKNOWLEDGED,ACK,979,0,""
216.278,sender,61786f30-4c75-4147-a29d-ce70f84af3e7,CONFIRM_DATA,ACK,979,1024,"unique file bytes acknowledged"
216.290,sender,61786f30-4c75-4147-a29d-ce70f84af3e7,RTT_SAMPLE,ACK,979,0,"4.253700"
216.305,sender,61786f30-4c75-4147-a29d-ce70f84af3e7,SEND,DATA,1011,1060,""
216.340,sender,61786f30-4c75-4147-a29d-ce70f84af3e7,EMIT,DATA,1011,1060,""
216.365,sender,61786f30-4c75-4147-a29d-ce70f84af3e7,RECEIVE,ACK,980,36,""
216.395,sender,61786f30-4c75-4147-a29d-ce70f84af3e7,ACKNOWLEDGED,ACK,980,0,""
216.407,sender,61786f30-4c75-4147-a29d-ce70f84af3e7,CONFIRM_DATA,ACK,980,1024,"unique file bytes acknowledged"
216.418,sender,61786f30-4c75-4147-a29d-ce70f84af3e7,RTT_SAMPLE,ACK,980,0,"4.225900"
216.433,sender,61786f30-4c75-4147-a29d-ce70f84af3e7,SEND,DATA,1012,1060,""
216.458,sender,61786f30-4c75-4147-a29d-ce70f84af3e7,EMIT,DATA,1012,1060,""
216.480,sender,61786f30-4c75-4147-a29d-ce70f84af3e7,RECEIVE,ACK,981,36,""
216.490,sender,61786f30-4c75-4147-a29d-ce70f84af3e7,ACKNOWLEDGED,ACK,981,0,""
216.522,sender,61786f30-4c75-4147-a29d-ce70f84af3e7,CONFIRM_DATA,ACK,981,1024,"unique file bytes acknowledged"
216.535,sender,61786f30-4c75-4147-a29d-ce70f84af3e7,RTT_SAMPLE,ACK,981,0,"4.227900"
216.554,sender,61786f30-4c75-4147-a29d-ce70f84af3e7,SEND,DATA,1013,1060,""
216.579,sender,61786f30-4c75-4147-a29d-ce70f84af3e7,EMIT,DATA,1013,1060,""
216.632,sender,61786f30-4c75-4147-a29d-ce70f84af3e7,RECEIVE,ACK,982,36,""
216.642,sender,61786f30-4c75-4147-a29d-ce70f84af3e7,ACKNOWLEDGED,ACK,982,0,""
216.651,sender,61786f30-4c75-4147-a29d-ce70f84af3e7,CONFIRM_DATA,ACK,982,1024,"unique file bytes acknowledged"
216.663,sender,61786f30-4c75-4147-a29d-ce70f84af3e7,RTT_SAMPLE,ACK,982,0,"4.209000"
216.689,sender,61786f30-4c75-4147-a29d-ce70f84af3e7,SEND,DATA,1014,1060,""
216.713,sender,61786f30-4c75-4147-a29d-ce70f84af3e7,EMIT,DATA,1014,1060,""
216.732,sender,61786f30-4c75-4147-a29d-ce70f84af3e7,RECEIVE,ACK,983,36,""
216.744,sender,61786f30-4c75-4147-a29d-ce70f84af3e7,ACKNOWLEDGED,ACK,983,0,""
216.754,sender,61786f30-4c75-4147-a29d-ce70f84af3e7,CONFIRM_DATA,ACK,983,1024,"unique file bytes acknowledged"
216.764,sender,61786f30-4c75-4147-a29d-ce70f84af3e7,RTT_SAMPLE,ACK,983,0,"4.134800"
216.779,sender,61786f30-4c75-4147-a29d-ce70f84af3e7,SEND,DATA,1015,1060,""
216.814,sender,61786f30-4c75-4147-a29d-ce70f84af3e7,EMIT,DATA,1015,1060,""
216.855,sender,61786f30-4c75-4147-a29d-ce70f84af3e7,RECEIVE,ACK,984,36,""
216.882,sender,61786f30-4c75-4147-a29d-ce70f84af3e7,ACKNOWLEDGED,ACK,984,0,""
216.890,sender,61786f30-4c75-4147-a29d-ce70f84af3e7,CONFIRM_DATA,ACK,984,1024,"unique file bytes acknowledged"
216.906,sender,61786f30-4c75-4147-a29d-ce70f84af3e7,RTT_SAMPLE,ACK,984,0,"4.162200"
216.936,sender,61786f30-4c75-4147-a29d-ce70f84af3e7,SEND,DATA,1016,1060,""
217.083,sender,61786f30-4c75-4147-a29d-ce70f84af3e7,EMIT,DATA,1016,1060,""
217.178,sender,61786f30-4c75-4147-a29d-ce70f84af3e7,RECEIVE,ACK,985,36,""
217.207,sender,61786f30-4c75-4147-a29d-ce70f84af3e7,ACKNOWLEDGED,ACK,985,0,""
217.221,sender,61786f30-4c75-4147-a29d-ce70f84af3e7,CONFIRM_DATA,ACK,985,1024,"unique file bytes acknowledged"
217.245,sender,61786f30-4c75-4147-a29d-ce70f84af3e7,RTT_SAMPLE,ACK,985,0,"4.317500"
217.293,sender,61786f30-4c75-4147-a29d-ce70f84af3e7,SEND,DATA,1017,1060,""
217.417,sender,61786f30-4c75-4147-a29d-ce70f84af3e7,EMIT,DATA,1017,1060,""
217.464,sender,61786f30-4c75-4147-a29d-ce70f84af3e7,RECEIVE,ACK,986,36,""
217.491,sender,61786f30-4c75-4147-a29d-ce70f84af3e7,ACKNOWLEDGED,ACK,986,0,""
217.505,sender,61786f30-4c75-4147-a29d-ce70f84af3e7,CONFIRM_DATA,ACK,986,1024,"unique file bytes acknowledged"
217.531,sender,61786f30-4c75-4147-a29d-ce70f84af3e7,RTT_SAMPLE,ACK,986,0,"4.486000"
217.558,sender,61786f30-4c75-4147-a29d-ce70f84af3e7,SEND,DATA,1018,1060,""
217.621,sender,61786f30-4c75-4147-a29d-ce70f84af3e7,EMIT,DATA,1018,1060,""
217.659,sender,61786f30-4c75-4147-a29d-ce70f84af3e7,RECEIVE,ACK,987,36,""
217.688,sender,61786f30-4c75-4147-a29d-ce70f84af3e7,ACKNOWLEDGED,ACK,987,0,""
217.701,sender,61786f30-4c75-4147-a29d-ce70f84af3e7,CONFIRM_DATA,ACK,987,1024,"unique file bytes acknowledged"
217.735,sender,61786f30-4c75-4147-a29d-ce70f84af3e7,RTT_SAMPLE,ACK,987,0,"4.544000"
217.759,sender,61786f30-4c75-4147-a29d-ce70f84af3e7,SEND,DATA,1019,1060,""
217.845,sender,61786f30-4c75-4147-a29d-ce70f84af3e7,EMIT,DATA,1019,1060,""
217.882,sender,61786f30-4c75-4147-a29d-ce70f84af3e7,RECEIVE,ACK,988,36,""
217.914,sender,61786f30-4c75-4147-a29d-ce70f84af3e7,ACKNOWLEDGED,ACK,988,0,""
217.927,sender,61786f30-4c75-4147-a29d-ce70f84af3e7,CONFIRM_DATA,ACK,988,1024,"unique file bytes acknowledged"
217.945,sender,61786f30-4c75-4147-a29d-ce70f84af3e7,RTT_SAMPLE,ACK,988,0,"4.647100"
217.976,sender,61786f30-4c75-4147-a29d-ce70f84af3e7,SEND,DATA,1020,1060,""
218.034,sender,61786f30-4c75-4147-a29d-ce70f84af3e7,EMIT,DATA,1020,1060,""
218.069,sender,61786f30-4c75-4147-a29d-ce70f84af3e7,RECEIVE,ACK,989,36,""
218.094,sender,61786f30-4c75-4147-a29d-ce70f84af3e7,ACKNOWLEDGED,ACK,989,0,""
218.109,sender,61786f30-4c75-4147-a29d-ce70f84af3e7,CONFIRM_DATA,ACK,989,1024,"unique file bytes acknowledged"
218.129,sender,61786f30-4c75-4147-a29d-ce70f84af3e7,RTT_SAMPLE,ACK,989,0,"4.673000"
218.180,sender,61786f30-4c75-4147-a29d-ce70f84af3e7,SEND,DATA,1021,1060,""
218.239,sender,61786f30-4c75-4147-a29d-ce70f84af3e7,EMIT,DATA,1021,1060,""
218.276,sender,61786f30-4c75-4147-a29d-ce70f84af3e7,RECEIVE,ACK,990,36,""
218.305,sender,61786f30-4c75-4147-a29d-ce70f84af3e7,ACKNOWLEDGED,ACK,990,0,""
218.317,sender,61786f30-4c75-4147-a29d-ce70f84af3e7,CONFIRM_DATA,ACK,990,1024,"unique file bytes acknowledged"
218.348,sender,61786f30-4c75-4147-a29d-ce70f84af3e7,RTT_SAMPLE,ACK,990,0,"4.771700"
218.371,sender,61786f30-4c75-4147-a29d-ce70f84af3e7,SEND,DATA,1022,1060,""
218.425,sender,61786f30-4c75-4147-a29d-ce70f84af3e7,EMIT,DATA,1022,1060,""
218.459,sender,61786f30-4c75-4147-a29d-ce70f84af3e7,RECEIVE,ACK,991,36,""
218.487,sender,61786f30-4c75-4147-a29d-ce70f84af3e7,ACKNOWLEDGED,ACK,991,0,""
218.501,sender,61786f30-4c75-4147-a29d-ce70f84af3e7,CONFIRM_DATA,ACK,991,1024,"unique file bytes acknowledged"
218.651,sender,61786f30-4c75-4147-a29d-ce70f84af3e7,RTT_SAMPLE,ACK,991,0,"4.853700"
218.704,sender,61786f30-4c75-4147-a29d-ce70f84af3e7,SEND,DATA,1023,1060,""
218.781,sender,61786f30-4c75-4147-a29d-ce70f84af3e7,EMIT,DATA,1023,1060,""
218.808,sender,61786f30-4c75-4147-a29d-ce70f84af3e7,RECEIVE,ACK,992,36,""
218.822,sender,61786f30-4c75-4147-a29d-ce70f84af3e7,ACKNOWLEDGED,ACK,992,0,""
218.831,sender,61786f30-4c75-4147-a29d-ce70f84af3e7,CONFIRM_DATA,ACK,992,1024,"unique file bytes acknowledged"
218.845,sender,61786f30-4c75-4147-a29d-ce70f84af3e7,RTT_SAMPLE,ACK,992,0,"4.922100"
218.887,sender,61786f30-4c75-4147-a29d-ce70f84af3e7,RECEIVE,ACK,993,36,""
218.898,sender,61786f30-4c75-4147-a29d-ce70f84af3e7,ACKNOWLEDGED,ACK,993,0,""
218.910,sender,61786f30-4c75-4147-a29d-ce70f84af3e7,CONFIRM_DATA,ACK,993,1024,"unique file bytes acknowledged"
218.924,sender,61786f30-4c75-4147-a29d-ce70f84af3e7,RTT_SAMPLE,ACK,993,0,"4.851200"
218.944,sender,61786f30-4c75-4147-a29d-ce70f84af3e7,RECEIVE,ACK,994,36,""
218.974,sender,61786f30-4c75-4147-a29d-ce70f84af3e7,ACKNOWLEDGED,ACK,994,0,""
218.985,sender,61786f30-4c75-4147-a29d-ce70f84af3e7,CONFIRM_DATA,ACK,994,1024,"unique file bytes acknowledged"
218.996,sender,61786f30-4c75-4147-a29d-ce70f84af3e7,RTT_SAMPLE,ACK,994,0,"4.820800"
219.016,sender,61786f30-4c75-4147-a29d-ce70f84af3e7,RECEIVE,ACK,995,36,""
219.025,sender,61786f30-4c75-4147-a29d-ce70f84af3e7,ACKNOWLEDGED,ACK,995,0,""
219.033,sender,61786f30-4c75-4147-a29d-ce70f84af3e7,CONFIRM_DATA,ACK,995,1024,"unique file bytes acknowledged"
219.044,sender,61786f30-4c75-4147-a29d-ce70f84af3e7,RTT_SAMPLE,ACK,995,0,"4.746900"
219.063,sender,61786f30-4c75-4147-a29d-ce70f84af3e7,RECEIVE,ACK,996,36,""
219.073,sender,61786f30-4c75-4147-a29d-ce70f84af3e7,ACKNOWLEDGED,ACK,996,0,""
219.081,sender,61786f30-4c75-4147-a29d-ce70f84af3e7,CONFIRM_DATA,ACK,996,1024,"unique file bytes acknowledged"
219.091,sender,61786f30-4c75-4147-a29d-ce70f84af3e7,RTT_SAMPLE,ACK,996,0,"4.683200"
219.110,sender,61786f30-4c75-4147-a29d-ce70f84af3e7,RECEIVE,ACK,997,36,""
219.138,sender,61786f30-4c75-4147-a29d-ce70f84af3e7,ACKNOWLEDGED,ACK,997,0,""
219.146,sender,61786f30-4c75-4147-a29d-ce70f84af3e7,CONFIRM_DATA,ACK,997,1024,"unique file bytes acknowledged"
219.158,sender,61786f30-4c75-4147-a29d-ce70f84af3e7,RTT_SAMPLE,ACK,997,0,"4.572400"
219.175,sender,61786f30-4c75-4147-a29d-ce70f84af3e7,RECEIVE,ACK,998,36,""
219.185,sender,61786f30-4c75-4147-a29d-ce70f84af3e7,ACKNOWLEDGED,ACK,998,0,""
219.194,sender,61786f30-4c75-4147-a29d-ce70f84af3e7,CONFIRM_DATA,ACK,998,1024,"unique file bytes acknowledged"
219.204,sender,61786f30-4c75-4147-a29d-ce70f84af3e7,RTT_SAMPLE,ACK,998,0,"4.532200"
219.223,sender,61786f30-4c75-4147-a29d-ce70f84af3e7,RECEIVE,ACK,999,36,""
219.232,sender,61786f30-4c75-4147-a29d-ce70f84af3e7,ACKNOWLEDGED,ACK,999,0,""
219.240,sender,61786f30-4c75-4147-a29d-ce70f84af3e7,CONFIRM_DATA,ACK,999,1024,"unique file bytes acknowledged"
219.252,sender,61786f30-4c75-4147-a29d-ce70f84af3e7,RTT_SAMPLE,ACK,999,0,"4.436200"
219.270,sender,61786f30-4c75-4147-a29d-ce70f84af3e7,RECEIVE,ACK,1000,36,""
219.298,sender,61786f30-4c75-4147-a29d-ce70f84af3e7,ACKNOWLEDGED,ACK,1000,0,""
219.306,sender,61786f30-4c75-4147-a29d-ce70f84af3e7,CONFIRM_DATA,ACK,1000,1024,"unique file bytes acknowledged"
219.316,sender,61786f30-4c75-4147-a29d-ce70f84af3e7,RTT_SAMPLE,ACK,1000,0,"4.385200"
219.335,sender,61786f30-4c75-4147-a29d-ce70f84af3e7,RECEIVE,ACK,1001,36,""
219.344,sender,61786f30-4c75-4147-a29d-ce70f84af3e7,ACKNOWLEDGED,ACK,1001,0,""
219.353,sender,61786f30-4c75-4147-a29d-ce70f84af3e7,CONFIRM_DATA,ACK,1001,1024,"unique file bytes acknowledged"
219.364,sender,61786f30-4c75-4147-a29d-ce70f84af3e7,RTT_SAMPLE,ACK,1001,0,"4.299700"
219.382,sender,61786f30-4c75-4147-a29d-ce70f84af3e7,RECEIVE,ACK,1002,36,""
219.391,sender,61786f30-4c75-4147-a29d-ce70f84af3e7,ACKNOWLEDGED,ACK,1002,0,""
219.400,sender,61786f30-4c75-4147-a29d-ce70f84af3e7,CONFIRM_DATA,ACK,1002,1024,"unique file bytes acknowledged"
219.410,sender,61786f30-4c75-4147-a29d-ce70f84af3e7,RTT_SAMPLE,ACK,1002,0,"4.208600"
219.446,sender,61786f30-4c75-4147-a29d-ce70f84af3e7,RECEIVE,ACK,1003,36,""
219.455,sender,61786f30-4c75-4147-a29d-ce70f84af3e7,ACKNOWLEDGED,ACK,1003,0,""
219.463,sender,61786f30-4c75-4147-a29d-ce70f84af3e7,CONFIRM_DATA,ACK,1003,1024,"unique file bytes acknowledged"
219.475,sender,61786f30-4c75-4147-a29d-ce70f84af3e7,RTT_SAMPLE,ACK,1003,0,"4.172300"
219.492,sender,61786f30-4c75-4147-a29d-ce70f84af3e7,RECEIVE,ACK,1004,36,""
219.502,sender,61786f30-4c75-4147-a29d-ce70f84af3e7,ACKNOWLEDGED,ACK,1004,0,""
219.511,sender,61786f30-4c75-4147-a29d-ce70f84af3e7,CONFIRM_DATA,ACK,1004,1024,"unique file bytes acknowledged"
219.521,sender,61786f30-4c75-4147-a29d-ce70f84af3e7,RTT_SAMPLE,ACK,1004,0,"4.109600"
219.539,sender,61786f30-4c75-4147-a29d-ce70f84af3e7,RECEIVE,ACK,1005,36,""
219.548,sender,61786f30-4c75-4147-a29d-ce70f84af3e7,ACKNOWLEDGED,ACK,1005,0,""
219.557,sender,61786f30-4c75-4147-a29d-ce70f84af3e7,CONFIRM_DATA,ACK,1005,1024,"unique file bytes acknowledged"
219.567,sender,61786f30-4c75-4147-a29d-ce70f84af3e7,RTT_SAMPLE,ACK,1005,0,"4.057700"
219.603,sender,61786f30-4c75-4147-a29d-ce70f84af3e7,RECEIVE,ACK,1006,36,""
219.613,sender,61786f30-4c75-4147-a29d-ce70f84af3e7,ACKNOWLEDGED,ACK,1006,0,""
219.621,sender,61786f30-4c75-4147-a29d-ce70f84af3e7,CONFIRM_DATA,ACK,1006,1024,"unique file bytes acknowledged"
219.632,sender,61786f30-4c75-4147-a29d-ce70f84af3e7,RTT_SAMPLE,ACK,1006,0,"4.009800"
219.650,sender,61786f30-4c75-4147-a29d-ce70f84af3e7,RECEIVE,ACK,1007,36,""
219.659,sender,61786f30-4c75-4147-a29d-ce70f84af3e7,ACKNOWLEDGED,ACK,1007,0,""
219.668,sender,61786f30-4c75-4147-a29d-ce70f84af3e7,CONFIRM_DATA,ACK,1007,1024,"unique file bytes acknowledged"
219.678,sender,61786f30-4c75-4147-a29d-ce70f84af3e7,RTT_SAMPLE,ACK,1007,0,"3.883300"
219.697,sender,61786f30-4c75-4147-a29d-ce70f84af3e7,RECEIVE,ACK,1008,36,""
219.706,sender,61786f30-4c75-4147-a29d-ce70f84af3e7,ACKNOWLEDGED,ACK,1008,0,""
219.714,sender,61786f30-4c75-4147-a29d-ce70f84af3e7,CONFIRM_DATA,ACK,1008,1024,"unique file bytes acknowledged"
219.726,sender,61786f30-4c75-4147-a29d-ce70f84af3e7,RTT_SAMPLE,ACK,1008,0,"3.821800"
219.761,sender,61786f30-4c75-4147-a29d-ce70f84af3e7,RECEIVE,ACK,1009,36,""
219.771,sender,61786f30-4c75-4147-a29d-ce70f84af3e7,ACKNOWLEDGED,ACK,1009,0,""
219.780,sender,61786f30-4c75-4147-a29d-ce70f84af3e7,CONFIRM_DATA,ACK,1009,1024,"unique file bytes acknowledged"
219.790,sender,61786f30-4c75-4147-a29d-ce70f84af3e7,RTT_SAMPLE,ACK,1009,0,"3.738300"
219.808,sender,61786f30-4c75-4147-a29d-ce70f84af3e7,RECEIVE,ACK,1010,36,""
219.817,sender,61786f30-4c75-4147-a29d-ce70f84af3e7,ACKNOWLEDGED,ACK,1010,0,""
219.825,sender,61786f30-4c75-4147-a29d-ce70f84af3e7,CONFIRM_DATA,ACK,1010,1024,"unique file bytes acknowledged"
219.836,sender,61786f30-4c75-4147-a29d-ce70f84af3e7,RTT_SAMPLE,ACK,1010,0,"3.636500"
219.853,sender,61786f30-4c75-4147-a29d-ce70f84af3e7,RECEIVE,ACK,1011,36,""
219.863,sender,61786f30-4c75-4147-a29d-ce70f84af3e7,ACKNOWLEDGED,ACK,1011,0,""
219.871,sender,61786f30-4c75-4147-a29d-ce70f84af3e7,CONFIRM_DATA,ACK,1011,1024,"unique file bytes acknowledged"
219.882,sender,61786f30-4c75-4147-a29d-ce70f84af3e7,RTT_SAMPLE,ACK,1011,0,"3.576700"
219.918,sender,61786f30-4c75-4147-a29d-ce70f84af3e7,RECEIVE,ACK,1012,36,""
219.927,sender,61786f30-4c75-4147-a29d-ce70f84af3e7,ACKNOWLEDGED,ACK,1012,0,""
219.935,sender,61786f30-4c75-4147-a29d-ce70f84af3e7,CONFIRM_DATA,ACK,1012,1024,"unique file bytes acknowledged"
219.946,sender,61786f30-4c75-4147-a29d-ce70f84af3e7,RTT_SAMPLE,ACK,1012,0,"3.512100"
219.963,sender,61786f30-4c75-4147-a29d-ce70f84af3e7,RECEIVE,ACK,1013,36,""
219.972,sender,61786f30-4c75-4147-a29d-ce70f84af3e7,ACKNOWLEDGED,ACK,1013,0,""
219.981,sender,61786f30-4c75-4147-a29d-ce70f84af3e7,CONFIRM_DATA,ACK,1013,1024,"unique file bytes acknowledged"
219.991,sender,61786f30-4c75-4147-a29d-ce70f84af3e7,RTT_SAMPLE,ACK,1013,0,"3.438400"
220.009,sender,61786f30-4c75-4147-a29d-ce70f84af3e7,RECEIVE,ACK,1014,36,""
220.019,sender,61786f30-4c75-4147-a29d-ce70f84af3e7,ACKNOWLEDGED,ACK,1014,0,""
220.091,sender,61786f30-4c75-4147-a29d-ce70f84af3e7,CONFIRM_DATA,ACK,1014,1024,"unique file bytes acknowledged"
220.124,sender,61786f30-4c75-4147-a29d-ce70f84af3e7,RTT_SAMPLE,ACK,1014,0,"3.413000"
220.157,sender,61786f30-4c75-4147-a29d-ce70f84af3e7,RECEIVE,ACK,1015,36,""
220.171,sender,61786f30-4c75-4147-a29d-ce70f84af3e7,ACKNOWLEDGED,ACK,1015,0,""
220.181,sender,61786f30-4c75-4147-a29d-ce70f84af3e7,CONFIRM_DATA,ACK,1015,1024,"unique file bytes acknowledged"
220.191,sender,61786f30-4c75-4147-a29d-ce70f84af3e7,RTT_SAMPLE,ACK,1015,0,"3.412700"
220.209,sender,61786f30-4c75-4147-a29d-ce70f84af3e7,RECEIVE,ACK,1016,36,""
220.217,sender,61786f30-4c75-4147-a29d-ce70f84af3e7,ACKNOWLEDGED,ACK,1016,0,""
220.226,sender,61786f30-4c75-4147-a29d-ce70f84af3e7,CONFIRM_DATA,ACK,1016,1024,"unique file bytes acknowledged"
220.239,sender,61786f30-4c75-4147-a29d-ce70f84af3e7,RTT_SAMPLE,ACK,1016,0,"3.303200"
220.256,sender,61786f30-4c75-4147-a29d-ce70f84af3e7,RECEIVE,ACK,1017,36,""
220.265,sender,61786f30-4c75-4147-a29d-ce70f84af3e7,ACKNOWLEDGED,ACK,1017,0,""
220.273,sender,61786f30-4c75-4147-a29d-ce70f84af3e7,CONFIRM_DATA,ACK,1017,1024,"unique file bytes acknowledged"
220.303,sender,61786f30-4c75-4147-a29d-ce70f84af3e7,RTT_SAMPLE,ACK,1017,0,"3.015400"
220.321,sender,61786f30-4c75-4147-a29d-ce70f84af3e7,RECEIVE,ACK,1018,36,""
220.330,sender,61786f30-4c75-4147-a29d-ce70f84af3e7,ACKNOWLEDGED,ACK,1018,0,""
220.339,sender,61786f30-4c75-4147-a29d-ce70f84af3e7,CONFIRM_DATA,ACK,1018,1024,"unique file bytes acknowledged"
220.349,sender,61786f30-4c75-4147-a29d-ce70f84af3e7,RTT_SAMPLE,ACK,1018,0,"2.793000"
220.366,sender,61786f30-4c75-4147-a29d-ce70f84af3e7,RECEIVE,ACK,1019,36,""
220.374,sender,61786f30-4c75-4147-a29d-ce70f84af3e7,ACKNOWLEDGED,ACK,1019,0,""
220.383,sender,61786f30-4c75-4147-a29d-ce70f84af3e7,CONFIRM_DATA,ACK,1019,1024,"unique file bytes acknowledged"
220.394,sender,61786f30-4c75-4147-a29d-ce70f84af3e7,RTT_SAMPLE,ACK,1019,0,"2.636000"
220.410,sender,61786f30-4c75-4147-a29d-ce70f84af3e7,RECEIVE,ACK,1020,36,""
220.420,sender,61786f30-4c75-4147-a29d-ce70f84af3e7,ACKNOWLEDGED,ACK,1020,0,""
220.428,sender,61786f30-4c75-4147-a29d-ce70f84af3e7,CONFIRM_DATA,ACK,1020,1024,"unique file bytes acknowledged"
220.457,sender,61786f30-4c75-4147-a29d-ce70f84af3e7,RTT_SAMPLE,ACK,1020,0,"2.489500"
220.476,sender,61786f30-4c75-4147-a29d-ce70f84af3e7,RECEIVE,ACK,1021,36,""
220.502,sender,61786f30-4c75-4147-a29d-ce70f84af3e7,ACKNOWLEDGED,ACK,1021,0,""
220.510,sender,61786f30-4c75-4147-a29d-ce70f84af3e7,CONFIRM_DATA,ACK,1021,1024,"unique file bytes acknowledged"
220.522,sender,61786f30-4c75-4147-a29d-ce70f84af3e7,RTT_SAMPLE,ACK,1021,0,"2.342400"
220.540,sender,61786f30-4c75-4147-a29d-ce70f84af3e7,RECEIVE,ACK,1022,36,""
220.550,sender,61786f30-4c75-4147-a29d-ce70f84af3e7,ACKNOWLEDGED,ACK,1022,0,""
220.558,sender,61786f30-4c75-4147-a29d-ce70f84af3e7,CONFIRM_DATA,ACK,1022,1024,"unique file bytes acknowledged"
220.568,sender,61786f30-4c75-4147-a29d-ce70f84af3e7,RTT_SAMPLE,ACK,1022,0,"2.198300"
220.585,sender,61786f30-4c75-4147-a29d-ce70f84af3e7,RECEIVE,ACK,1023,36,""
220.596,sender,61786f30-4c75-4147-a29d-ce70f84af3e7,ACKNOWLEDGED,ACK,1023,0,""
220.604,sender,61786f30-4c75-4147-a29d-ce70f84af3e7,CONFIRM_DATA,ACK,1023,1024,"unique file bytes acknowledged"
220.634,sender,61786f30-4c75-4147-a29d-ce70f84af3e7,RTT_SAMPLE,ACK,1023,0,"1.930500"
232.136,sender,61786f30-4c75-4147-a29d-ce70f84af3e7,SEND,FIN,-1,68,""
232.437,sender,61786f30-4c75-4147-a29d-ce70f84af3e7,EMIT,FIN,-1,68,""
254.227,sender,61786f30-4c75-4147-a29d-ce70f84af3e7,RECEIVE,DONE,-1,68,""
254.276,sender,61786f30-4c75-4147-a29d-ce70f84af3e7,ACKNOWLEDGED,DONE,-1,0,""
265.080,sender,,STATE,UNKNOWN,-1,0,"COMPLETED"
