elapsed_ms,role,transfer_id,event,type,sequence,bytes,detail
9.191,sender,69f80f1b-51b5-4827-8b4a-c8c3162cd52b,SEND,START,-1,103,""
54.488,sender,69f80f1b-51b5-4827-8b4a-c8c3162cd52b,EMIT,START,-1,103,""
101.856,sender,69f80f1b-51b5-4827-8b4a-c8c3162cd52b,RECEIVE,READY,-1,40,""
101.868,sender,69f80f1b-51b5-4827-8b4a-c8c3162cd52b,ACKNOWLEDGED,READY,-1,0,""
101.874,sender,69f80f1b-51b5-4827-8b4a-c8c3162cd52b,SEND,DATA,0,1060,""
101.886,sender,69f80f1b-51b5-4827-8b4a-c8c3162cd52b,SEND,DATA,1,1060,""
101.889,sender,69f80f1b-51b5-4827-8b4a-c8c3162cd52b,SEND,DATA,2,1060,""
101.892,sender,69f80f1b-51b5-4827-8b4a-c8c3162cd52b,SEND,DATA,3,1060,""
101.894,sender,69f80f1b-51b5-4827-8b4a-c8c3162cd52b,SEND,DATA,4,1060,""
101.897,sender,69f80f1b-51b5-4827-8b4a-c8c3162cd52b,SEND,DATA,5,1060,""
101.900,sender,69f80f1b-51b5-4827-8b4a-c8c3162cd52b,SEND,DATA,6,1060,""
101.903,sender,69f80f1b-51b5-4827-8b4a-c8c3162cd52b,SEND,DATA,7,1060,""
101.906,sender,69f80f1b-51b5-4827-8b4a-c8c3162cd52b,SEND,DATA,8,1060,""
101.908,sender,69f80f1b-51b5-4827-8b4a-c8c3162cd52b,SEND,DATA,9,1060,""
101.911,sender,69f80f1b-51b5-4827-8b4a-c8c3162cd52b,SEND,DATA,10,1060,""
101.914,sender,69f80f1b-51b5-4827-8b4a-c8c3162cd52b,SEND,DATA,11,1060,""
101.920,sender,69f80f1b-51b5-4827-8b4a-c8c3162cd52b,SEND,DATA,12,1060,""
101.923,sender,69f80f1b-51b5-4827-8b4a-c8c3162cd52b,SEND,DATA,13,1060,""
101.926,sender,69f80f1b-51b5-4827-8b4a-c8c3162cd52b,SEND,DATA,14,1060,""
101.929,sender,69f80f1b-51b5-4827-8b4a-c8c3162cd52b,SEND,DATA,15,1060,""
101.931,sender,69f80f1b-51b5-4827-8b4a-c8c3162cd52b,SEND,DATA,16,1060,""
101.936,sender,69f80f1b-51b5-4827-8b4a-c8c3162cd52b,SEND,DATA,17,1060,""
101.938,sender,69f80f1b-51b5-4827-8b4a-c8c3162cd52b,SEND,DATA,18,1060,""
101.941,sender,69f80f1b-51b5-4827-8b4a-c8c3162cd52b,SEND,DATA,19,1060,""
101.943,sender,69f80f1b-51b5-4827-8b4a-c8c3162cd52b,SEND,DATA,20,1060,""
101.946,sender,69f80f1b-51b5-4827-8b4a-c8c3162cd52b,SEND,DATA,21,1060,""
101.949,sender,69f80f1b-51b5-4827-8b4a-c8c3162cd52b,SEND,DATA,22,1060,""
101.952,sender,69f80f1b-51b5-4827-8b4a-c8c3162cd52b,SEND,DATA,23,1060,""
101.956,sender,69f80f1b-51b5-4827-8b4a-c8c3162cd52b,SEND,DATA,24,1060,""
101.959,sender,69f80f1b-51b5-4827-8b4a-c8c3162cd52b,SEND,DATA,25,1060,""
101.962,sender,69f80f1b-51b5-4827-8b4a-c8c3162cd52b,SEND,DATA,26,1060,""
101.965,sender,69f80f1b-51b5-4827-8b4a-c8c3162cd52b,SEND,DATA,27,1060,""
101.968,sender,69f80f1b-51b5-4827-8b4a-c8c3162cd52b,SEND,DATA,28,1060,""
101.970,sender,69f80f1b-51b5-4827-8b4a-c8c3162cd52b,SEND,DATA,29,1060,""
101.973,sender,69f80f1b-51b5-4827-8b4a-c8c3162cd52b,SEND,DATA,30,1060,""
101.976,sender,69f80f1b-51b5-4827-8b4a-c8c3162cd52b,SEND,DATA,31,1060,""
101.978,sender,69f80f1b-51b5-4827-8b4a-c8c3162cd52b,SEND,DATA,32,1060,""
101.981,sender,69f80f1b-51b5-4827-8b4a-c8c3162cd52b,SEND,DATA,33,1060,""
101.984,sender,69f80f1b-51b5-4827-8b4a-c8c3162cd52b,SEND,DATA,34,1060,""
101.987,sender,69f80f1b-51b5-4827-8b4a-c8c3162cd52b,SEND,DATA,35,1060,""
101.989,sender,69f80f1b-51b5-4827-8b4a-c8c3162cd52b,SEND,DATA,36,1060,""
101.992,sender,69f80f1b-51b5-4827-8b4a-c8c3162cd52b,SEND,DATA,37,1060,""
101.995,sender,69f80f1b-51b5-4827-8b4a-c8c3162cd52b,SEND,DATA,38,1060,""
101.997,sender,69f80f1b-51b5-4827-8b4a-c8c3162cd52b,SEND,DATA,39,1060,""
102.000,sender,69f80f1b-51b5-4827-8b4a-c8c3162cd52b,SEND,DATA,40,1060,""
102.003,sender,69f80f1b-51b5-4827-8b4a-c8c3162cd52b,SEND,DATA,41,1060,""
102.005,sender,69f80f1b-51b5-4827-8b4a-c8c3162cd52b,SEND,DATA,42,1060,""
102.008,sender,69f80f1b-51b5-4827-8b4a-c8c3162cd52b,SEND,DATA,43,1060,""
102.010,sender,69f80f1b-51b5-4827-8b4a-c8c3162cd52b,SEND,DATA,44,1060,""
102.018,sender,69f80f1b-51b5-4827-8b4a-c8c3162cd52b,SEND,DATA,45,1060,""
102.020,sender,69f80f1b-51b5-4827-8b4a-c8c3162cd52b,SEND,DATA,46,1060,""
102.023,sender,69f80f1b-51b5-4827-8b4a-c8c3162cd52b,SEND,DATA,47,1060,""
102.032,sender,69f80f1b-51b5-4827-8b4a-c8c3162cd52b,SEND,DATA,48,1060,""
102.035,sender,69f80f1b-51b5-4827-8b4a-c8c3162cd52b,SEND,DATA,49,1060,""
102.038,sender,69f80f1b-51b5-4827-8b4a-c8c3162cd52b,SEND,DATA,50,1060,""
102.041,sender,69f80f1b-51b5-4827-8b4a-c8c3162cd52b,SEND,DATA,51,1060,""
102.043,sender,69f80f1b-51b5-4827-8b4a-c8c3162cd52b,SEND,DATA,52,1060,""
102.046,sender,69f80f1b-51b5-4827-8b4a-c8c3162cd52b,SEND,DATA,53,1060,""
102.049,sender,69f80f1b-51b5-4827-8b4a-c8c3162cd52b,SEND,DATA,54,1060,""
102.051,sender,69f80f1b-51b5-4827-8b4a-c8c3162cd52b,SEND,DATA,55,1060,""
102.054,sender,69f80f1b-51b5-4827-8b4a-c8c3162cd52b,SEND,DATA,56,1060,""
102.057,sender,69f80f1b-51b5-4827-8b4a-c8c3162cd52b,SEND,DATA,57,1060,""
102.059,sender,69f80f1b-51b5-4827-8b4a-c8c3162cd52b,SEND,DATA,58,1060,""
102.062,sender,69f80f1b-51b5-4827-8b4a-c8c3162cd52b,SEND,DATA,59,1060,""
102.065,sender,69f80f1b-51b5-4827-8b4a-c8c3162cd52b,SEND,DATA,60,1060,""
102.067,sender,69f80f1b-51b5-4827-8b4a-c8c3162cd52b,SEND,DATA,61,1060,""
102.070,sender,69f80f1b-51b5-4827-8b4a-c8c3162cd52b,SEND,DATA,62,1060,""
102.073,sender,69f80f1b-51b5-4827-8b4a-c8c3162cd52b,SEND,DATA,63,1060,""
132.578,sender,69f80f1b-51b5-4827-8b4a-c8c3162cd52b,EMIT,DATA,21,1060,""
132.608,sender,69f80f1b-51b5-4827-8b4a-c8c3162cd52b,EMIT,DATA,24,1060,""
132.617,sender,69f80f1b-51b5-4827-8b4a-c8c3162cd52b,EMIT,DATA,31,1060,""
132.626,sender,69f80f1b-51b5-4827-8b4a-c8c3162cd52b,EMIT,DATA,47,1060,""
132.648,sender,69f80f1b-51b5-4827-8b4a-c8c3162cd52b,EMIT,DATA,55,1060,""
132.657,sender,69f80f1b-51b5-4827-8b4a-c8c3162cd52b,EMIT,DATA,8,1060,""
132.667,sender,69f80f1b-51b5-4827-8b4a-c8c3162cd52b,EMIT,DATA,37,1060,""
132.675,sender,69f80f1b-51b5-4827-8b4a-c8c3162cd52b,EMIT,DATA,57,1060,""
132.685,sender,69f80f1b-51b5-4827-8b4a-c8c3162cd52b,EMIT,DATA,63,1060,""
132.694,sender,69f80f1b-51b5-4827-8b4a-c8c3162cd52b,EMIT,DATA,19,1060,""
132.703,sender,69f80f1b-51b5-4827-8b4a-c8c3162cd52b,EMIT,DATA,54,1060,""
132.712,sender,69f80f1b-51b5-4827-8b4a-c8c3162cd52b,EMIT,DATA,62,1060,""
148.832,sender,69f80f1b-51b5-4827-8b4a-c8c3162cd52b,EMIT,DATA,1,1060,""
148.871,sender,69f80f1b-51b5-4827-8b4a-c8c3162cd52b,EMIT,DATA,11,1060,""
148.896,sender,69f80f1b-51b5-4827-8b4a-c8c3162cd52b,EMIT,DATA,28,1060,""
148.915,sender,69f80f1b-51b5-4827-8b4a-c8c3162cd52b,EMIT,DATA,42,1060,""
148.935,sender,69f80f1b-51b5-4827-8b4a-c8c3162cd52b,EMIT,DATA,4,1060,""
148.953,sender,69f80f1b-51b5-4827-8b4a-c8c3162cd52b,EMIT,DATA,15,1060,""
148.972,sender,69f80f1b-51b5-4827-8b4a-c8c3162cd52b,EMIT,DATA,16,1060,""
148.991,sender,69f80f1b-51b5-4827-8b4a-c8c3162cd52b,EMIT,DATA,30,1060,""
149.011,sender,69f80f1b-51b5-4827-8b4a-c8c3162cd52b,EMIT,DATA,49,1060,""
149.029,sender,69f80f1b-51b5-4827-8b4a-c8c3162cd52b,EMIT,DATA,51,1060,""
149.045,sender,69f80f1b-51b5-4827-8b4a-c8c3162cd52b,EMIT,DATA,61,1060,""
149.060,sender,69f80f1b-51b5-4827-8b4a-c8c3162cd52b,EMIT,DATA,12,1060,""
149.076,sender,69f80f1b-51b5-4827-8b4a-c8c3162cd52b,EMIT,DATA,40,1060,""
149.096,sender,69f80f1b-51b5-4827-8b4a-c8c3162cd52b,EMIT,DATA,58,1060,""
149.114,sender,69f80f1b-51b5-4827-8b4a-c8c3162cd52b,EMIT,DATA,25,1060,""
149.130,sender,69f80f1b-51b5-4827-8b4a-c8c3162cd52b,EMIT,DATA,27,1060,""
149.145,sender,69f80f1b-51b5-4827-8b4a-c8c3162cd52b,EMIT,DATA,39,1060,""
149.161,sender,69f80f1b-51b5-4827-8b4a-c8c3162cd52b,EMIT,DATA,56,1060,""
149.177,sender,69f80f1b-51b5-4827-8b4a-c8c3162cd52b,EMIT,DATA,59,1060,""
149.192,sender,69f80f1b-51b5-4827-8b4a-c8c3162cd52b,EMIT,DATA,9,1060,""
149.208,sender,69f80f1b-51b5-4827-8b4a-c8c3162cd52b,EMIT,DATA,20,1060,""
149.223,sender,69f80f1b-51b5-4827-8b4a-c8c3162cd52b,EMIT,DATA,52,1060,""
149.238,sender,69f80f1b-51b5-4827-8b4a-c8c3162cd52b,EMIT,DATA,43,1060,""
149.254,sender,69f80f1b-51b5-4827-8b4a-c8c3162cd52b,EMIT,DATA,46,1060,""
149.274,sender,69f80f1b-51b5-4827-8b4a-c8c3162cd52b,EMIT,DATA,48,1060,""
149.292,sender,69f80f1b-51b5-4827-8b4a-c8c3162cd52b,EMIT,DATA,23,1060,""
149.311,sender,69f80f1b-51b5-4827-8b4a-c8c3162cd52b,EMIT,DATA,26,1060,""
149.329,sender,69f80f1b-51b5-4827-8b4a-c8c3162cd52b,EMIT,DATA,33,1060,""
149.344,sender,69f80f1b-51b5-4827-8b4a-c8c3162cd52b,EMIT,DATA,7,1060,""
149.361,sender,69f80f1b-51b5-4827-8b4a-c8c3162cd52b,EMIT,DATA,18,1060,""
149.386,sender,69f80f1b-51b5-4827-8b4a-c8c3162cd52b,EMIT,DATA,50,1060,""
149.404,sender,69f80f1b-51b5-4827-8b4a-c8c3162cd52b,EMIT,DATA,60,1060,""
149.419,sender,69f80f1b-51b5-4827-8b4a-c8c3162cd52b,EMIT,DATA,0,1060,""
149.435,sender,69f80f1b-51b5-4827-8b4a-c8c3162cd52b,EMIT,DATA,35,1060,""
149.451,sender,69f80f1b-51b5-4827-8b4a-c8c3162cd52b,EMIT,DATA,41,1060,""
149.466,sender,69f80f1b-51b5-4827-8b4a-c8c3162cd52b,EMIT,DATA,45,1060,""
149.482,sender,69f80f1b-51b5-4827-8b4a-c8c3162cd52b,EMIT,DATA,13,1060,""
149.497,sender,69f80f1b-51b5-4827-8b4a-c8c3162cd52b,EMIT,DATA,53,1060,""
149.513,sender,69f80f1b-51b5-4827-8b4a-c8c3162cd52b,EMIT,DATA,10,1060,""
149.529,sender,69f80f1b-51b5-4827-8b4a-c8c3162cd52b,EMIT,DATA,5,1060,""
149.545,sender,69f80f1b-51b5-4827-8b4a-c8c3162cd52b,EMIT,DATA,32,1060,""
149.566,sender,69f80f1b-51b5-4827-8b4a-c8c3162cd52b,EMIT,DATA,44,1060,""
149.582,sender,69f80f1b-51b5-4827-8b4a-c8c3162cd52b,EMIT,DATA,3,1060,""
149.597,sender,69f80f1b-51b5-4827-8b4a-c8c3162cd52b,EMIT,DATA,14,1060,""
149.612,sender,69f80f1b-51b5-4827-8b4a-c8c3162cd52b,EMIT,DATA,17,1060,""
149.628,sender,69f80f1b-51b5-4827-8b4a-c8c3162cd52b,EMIT,DATA,22,1060,""
149.644,sender,69f80f1b-51b5-4827-8b4a-c8c3162cd52b,EMIT,DATA,34,1060,""
164.580,sender,69f80f1b-51b5-4827-8b4a-c8c3162cd52b,RECEIVE,ACK,21,36,""
164.597,sender,69f80f1b-51b5-4827-8b4a-c8c3162cd52b,ACKNOWLEDGED,ACK,21,0,""
164.603,sender,69f80f1b-51b5-4827-8b4a-c8c3162cd52b,EMIT,DATA,6,1060,""
164.616,sender,69f80f1b-51b5-4827-8b4a-c8c3162cd52b,CONFIRM_DATA,ACK,21,1024,"unique file bytes acknowledged"
164.623,sender,69f80f1b-51b5-4827-8b4a-c8c3162cd52b,RTT_SAMPLE,ACK,21,0,"62.674200"
164.630,sender,69f80f1b-51b5-4827-8b4a-c8c3162cd52b,EMIT,DATA,29,1060,""
164.635,sender,69f80f1b-51b5-4827-8b4a-c8c3162cd52b,RECEIVE,ACK,47,36,""
164.639,sender,69f80f1b-51b5-4827-8b4a-c8c3162cd52b,ACKNOWLEDGED,ACK,47,0,""
164.642,sender,69f80f1b-51b5-4827-8b4a-c8c3162cd52b,CONFIRM_DATA,ACK,47,1024,"unique file bytes acknowledged"
164.646,sender,69f80f1b-51b5-4827-8b4a-c8c3162cd52b,EMIT,DATA,2,1060,""
164.652,sender,69f80f1b-51b5-4827-8b4a-c8c3162cd52b,RTT_SAMPLE,ACK,47,0,"62.623200"
164.658,sender,69f80f1b-51b5-4827-8b4a-c8c3162cd52b,EMIT,DATA,36,1060,""
164.662,sender,69f80f1b-51b5-4827-8b4a-c8c3162cd52b,RECEIVE,ACK,54,36,""
164.666,sender,69f80f1b-51b5-4827-8b4a-c8c3162cd52b,ACKNOWLEDGED,ACK,54,0,""
164.669,sender,69f80f1b-51b5-4827-8b4a-c8c3162cd52b,CONFIRM_DATA,ACK,54,1024,"unique file bytes acknowledged"
164.673,sender,69f80f1b-51b5-4827-8b4a-c8c3162cd52b,EMIT,DATA,38,1060,""
164.677,sender,69f80f1b-51b5-4827-8b4a-c8c3162cd52b,RTT_SAMPLE,ACK,54,0,"62.624100"
180.676,sender,69f80f1b-51b5-4827-8b4a-c8c3162cd52b,RECEIVE,ACK,19,36,""
180.703,sender,69f80f1b-51b5-4827-8b4a-c8c3162cd52b,ACKNOWLEDGED,ACK,19,0,""
180.707,sender,69f80f1b-51b5-4827-8b4a-c8c3162cd52b,CONFIRM_DATA,ACK,19,1024,"unique file bytes acknowledged"
181.046,sender,69f80f1b-51b5-4827-8b4a-c8c3162cd52b,RTT_SAMPLE,ACK,19,0,"78.770800"
181.076,sender,69f80f1b-51b5-4827-8b4a-c8c3162cd52b,RECEIVE,ACK,31,36,""
181.093,sender,69f80f1b-51b5-4827-8b4a-c8c3162cd52b,ACKNOWLEDGED,ACK,31,0,""
181.096,sender,69f80f1b-51b5-4827-8b4a-c8c3162cd52b,CONFIRM_DATA,ACK,31,1024,"unique file bytes acknowledged"
181.101,sender,69f80f1b-51b5-4827-8b4a-c8c3162cd52b,RTT_SAMPLE,ACK,31,0,"79.124100"
181.108,sender,69f80f1b-51b5-4827-8b4a-c8c3162cd52b,RECEIVE,ACK,63,36,""
181.111,sender,69f80f1b-51b5-4827-8b4a-c8c3162cd52b,ACKNOWLEDGED,ACK,63,0,""
181.114,sender,69f80f1b-51b5-4827-8b4a-c8c3162cd52b,CONFIRM_DATA,ACK,63,1024,"unique file bytes acknowledged"
181.117,sender,69f80f1b-51b5-4827-8b4a-c8c3162cd52b,RTT_SAMPLE,ACK,63,0,"79.043900"
181.123,sender,69f80f1b-51b5-4827-8b4a-c8c3162cd52b,RECEIVE,ACK,62,36,""
181.126,sender,69f80f1b-51b5-4827-8b4a-c8c3162cd52b,ACKNOWLEDGED,ACK,62,0,""
181.129,sender,69f80f1b-51b5-4827-8b4a-c8c3162cd52b,CONFIRM_DATA,ACK,62,1024,"unique file bytes acknowledged"
181.132,sender,69f80f1b-51b5-4827-8b4a-c8c3162cd52b,RTT_SAMPLE,ACK,62,0,"79.061900"
181.138,sender,69f80f1b-51b5-4827-8b4a-c8c3162cd52b,RECEIVE,ACK,57,36,""
181.141,sender,69f80f1b-51b5-4827-8b4a-c8c3162cd52b,ACKNOWLEDGED,ACK,57,0,""
181.146,sender,69f80f1b-51b5-4827-8b4a-c8c3162cd52b,CONFIRM_DATA,ACK,57,1024,"unique file bytes acknowledged"
181.159,sender,69f80f1b-51b5-4827-8b4a-c8c3162cd52b,RTT_SAMPLE,ACK,57,0,"79.102300"
181.165,sender,69f80f1b-51b5-4827-8b4a-c8c3162cd52b,RECEIVE,ACK,24,36,""
181.168,sender,69f80f1b-51b5-4827-8b4a-c8c3162cd52b,ACKNOWLEDGED,ACK,24,0,""
181.171,sender,69f80f1b-51b5-4827-8b4a-c8c3162cd52b,CONFIRM_DATA,ACK,24,1024,"unique file bytes acknowledged"
181.174,sender,69f80f1b-51b5-4827-8b4a-c8c3162cd52b,RTT_SAMPLE,ACK,24,0,"79.217000"
181.180,sender,69f80f1b-51b5-4827-8b4a-c8c3162cd52b,RECEIVE,ACK,4,36,""
181.183,sender,69f80f1b-51b5-4827-8b4a-c8c3162cd52b,ACKNOWLEDGED,ACK,4,0,""
181.185,sender,69f80f1b-51b5-4827-8b4a-c8c3162cd52b,CONFIRM_DATA,ACK,4,1024,"unique file bytes acknowledged"
181.188,sender,69f80f1b-51b5-4827-8b4a-c8c3162cd52b,RTT_SAMPLE,ACK,4,0,"79.293700"
181.733,sender,69f80f1b-51b5-4827-8b4a-c8c3162cd52b,RECEIVE,ACK,22,36,""
181.742,sender,69f80f1b-51b5-4827-8b4a-c8c3162cd52b,ACKNOWLEDGED,ACK,22,0,""
181.746,sender,69f80f1b-51b5-4827-8b4a-c8c3162cd52b,CONFIRM_DATA,ACK,22,1024,"unique file bytes acknowledged"
181.750,sender,69f80f1b-51b5-4827-8b4a-c8c3162cd52b,RTT_SAMPLE,ACK,22,0,"79.799800"
181.762,sender,69f80f1b-51b5-4827-8b4a-c8c3162cd52b,RECEIVE,ACK,26,36,""
181.765,sender,69f80f1b-51b5-4827-8b4a-c8c3162cd52b,ACKNOWLEDGED,ACK,26,0,""
181.768,sender,69f80f1b-51b5-4827-8b4a-c8c3162cd52b,CONFIRM_DATA,ACK,26,1024,"unique file bytes acknowledged"
181.771,sender,69f80f1b-51b5-4827-8b4a-c8c3162cd52b,RTT_SAMPLE,ACK,26,0,"79.808100"
181.777,sender,69f80f1b-51b5-4827-8b4a-c8c3162cd52b,RECEIVE,ACK,18,36,""
181.779,sender,69f80f1b-51b5-4827-8b4a-c8c3162cd52b,ACKNOWLEDGED,ACK,18,0,""
181.782,sender,69f80f1b-51b5-4827-8b4a-c8c3162cd52b,CONFIRM_DATA,ACK,18,1024,"unique file bytes acknowledged"
181.785,sender,69f80f1b-51b5-4827-8b4a-c8c3162cd52b,RTT_SAMPLE,ACK,18,0,"79.846500"
181.791,sender,69f80f1b-51b5-4827-8b4a-c8c3162cd52b,RECEIVE,ACK,50,36,""
181.794,sender,69f80f1b-51b5-4827-8b4a-c8c3162cd52b,ACKNOWLEDGED,ACK,50,0,""
181.796,sender,69f80f1b-51b5-4827-8b4a-c8c3162cd52b,CONFIRM_DATA,ACK,50,1024,"unique file bytes acknowledged"
181.799,sender,69f80f1b-51b5-4827-8b4a-c8c3162cd52b,RTT_SAMPLE,ACK,50,0,"79.761100"
181.805,sender,69f80f1b-51b5-4827-8b4a-c8c3162cd52b,RECEIVE,ACK,53,36,""
181.808,sender,69f80f1b-51b5-4827-8b4a-c8c3162cd52b,ACKNOWLEDGED,ACK,53,0,""
181.810,sender,69f80f1b-51b5-4827-8b4a-c8c3162cd52b,CONFIRM_DATA,ACK,53,1024,"unique file bytes acknowledged"
181.813,sender,69f80f1b-51b5-4827-8b4a-c8c3162cd52b,RTT_SAMPLE,ACK,53,0,"79.767000"
181.819,sender,69f80f1b-51b5-4827-8b4a-c8c3162cd52b,RECEIVE,ACK,49,36,""
181.822,sender,69f80f1b-51b5-4827-8b4a-c8c3162cd52b,ACKNOWLEDGED,ACK,49,0,""
181.829,sender,69f80f1b-51b5-4827-8b4a-c8c3162cd52b,CONFIRM_DATA,ACK,49,1024,"unique file bytes acknowledged"
181.832,sender,69f80f1b-51b5-4827-8b4a-c8c3162cd52b,RTT_SAMPLE,ACK,49,0,"79.796000"
181.837,sender,69f80f1b-51b5-4827-8b4a-c8c3162cd52b,RECEIVE,ACK,39,36,""
181.839,sender,69f80f1b-51b5-4827-8b4a-c8c3162cd52b,ACKNOWLEDGED,ACK,39,0,""
181.841,sender,69f80f1b-51b5-4827-8b4a-c8c3162cd52b,CONFIRM_DATA,ACK,39,1024,"unique file bytes acknowledged"
181.844,sender,69f80f1b-51b5-4827-8b4a-c8c3162cd52b,RTT_SAMPLE,ACK,39,0,"79.846300"
181.849,sender,69f80f1b-51b5-4827-8b4a-c8c3162cd52b,RECEIVE,ACK,11,36,""
181.852,sender,69f80f1b-51b5-4827-8b4a-c8c3162cd52b,ACKNOWLEDGED,ACK,11,0,""
181.854,sender,69f80f1b-51b5-4827-8b4a-c8c3162cd52b,CONFIRM_DATA,ACK,11,1024,"unique file bytes acknowledged"
181.857,sender,69f80f1b-51b5-4827-8b4a-c8c3162cd52b,RTT_SAMPLE,ACK,11,0,"79.942600"
181.862,sender,69f80f1b-51b5-4827-8b4a-c8c3162cd52b,RECEIVE,ACK,30,36,""
181.864,sender,69f80f1b-51b5-4827-8b4a-c8c3162cd52b,ACKNOWLEDGED,ACK,30,0,""
181.866,sender,69f80f1b-51b5-4827-8b4a-c8c3162cd52b,CONFIRM_DATA,ACK,30,1024,"unique file bytes acknowledged"
181.869,sender,69f80f1b-51b5-4827-8b4a-c8c3162cd52b,RTT_SAMPLE,ACK,30,0,"79.895600"
182.009,sender,69f80f1b-51b5-4827-8b4a-c8c3162cd52b,RECEIVE,ACK,43,36,""
182.013,sender,69f80f1b-51b5-4827-8b4a-c8c3162cd52b,ACKNOWLEDGED,ACK,43,0,""
182.015,sender,69f80f1b-51b5-4827-8b4a-c8c3162cd52b,CONFIRM_DATA,ACK,43,1024,"unique file bytes acknowledged"
182.018,sender,69f80f1b-51b5-4827-8b4a-c8c3162cd52b,RTT_SAMPLE,ACK,43,0,"80.009600"
182.023,sender,69f80f1b-51b5-4827-8b4a-c8c3162cd52b,RECEIVE,ACK,60,36,""
182.026,sender,69f80f1b-51b5-4827-8b4a-c8c3162cd52b,ACKNOWLEDGED,ACK,60,0,""
182.028,sender,69f80f1b-51b5-4827-8b4a-c8c3162cd52b,CONFIRM_DATA,ACK,60,1024,"unique file bytes acknowledged"
182.031,sender,69f80f1b-51b5-4827-8b4a-c8c3162cd52b,RTT_SAMPLE,ACK,60,0,"79.965600"
182.035,sender,69f80f1b-51b5-4827-8b4a-c8c3162cd52b,RECEIVE,ACK,10,36,""
182.038,sender,69f80f1b-51b5-4827-8b4a-c8c3162cd52b,ACKNOWLEDGED,ACK,10,0,""
182.040,sender,69f80f1b-51b5-4827-8b4a-c8c3162cd52b,CONFIRM_DATA,ACK,10,1024,"unique file bytes acknowledged"
182.043,sender,69f80f1b-51b5-4827-8b4a-c8c3162cd52b,RTT_SAMPLE,ACK,10,0,"80.131500"
182.048,sender,69f80f1b-51b5-4827-8b4a-c8c3162cd52b,RECEIVE,ACK,5,36,""
182.062,sender,69f80f1b-51b5-4827-8b4a-c8c3162cd52b,ACKNOWLEDGED,ACK,5,0,""
182.065,sender,69f80f1b-51b5-4827-8b4a-c8c3162cd52b,CONFIRM_DATA,ACK,5,1024,"unique file bytes acknowledged"
182.068,sender,69f80f1b-51b5-4827-8b4a-c8c3162cd52b,RTT_SAMPLE,ACK,5,0,"80.170200"
182.073,sender,69f80f1b-51b5-4827-8b4a-c8c3162cd52b,RECEIVE,ACK,41,36,""
182.076,sender,69f80f1b-51b5-4827-8b4a-c8c3162cd52b,ACKNOWLEDGED,ACK,41,0,""
182.078,sender,69f80f1b-51b5-4827-8b4a-c8c3162cd52b,CONFIRM_DATA,ACK,41,1024,"unique file bytes acknowledged"
182.082,sender,69f80f1b-51b5-4827-8b4a-c8c3162cd52b,RTT_SAMPLE,ACK,41,0,"80.078400"
182.087,sender,69f80f1b-51b5-4827-8b4a-c8c3162cd52b,RECEIVE,ACK,44,36,""
182.090,sender,69f80f1b-51b5-4827-8b4a-c8c3162cd52b,ACKNOWLEDGED,ACK,44,0,""
182.092,sender,69f80f1b-51b5-4827-8b4a-c8c3162cd52b,CONFIRM_DATA,ACK,44,1024,"unique file bytes acknowledged"
182.095,sender,69f80f1b-51b5-4827-8b4a-c8c3162cd52b,RTT_SAMPLE,ACK,44,0,"80.084500"
182.101,sender,69f80f1b-51b5-4827-8b4a-c8c3162cd52b,RECEIVE,ACK,8,36,""
182.104,sender,69f80f1b-51b5-4827-8b4a-c8c3162cd52b,ACKNOWLEDGED,ACK,8,0,""
182.106,sender,69f80f1b-51b5-4827-8b4a-c8c3162cd52b,CONFIRM_DATA,ACK,8,1024,"unique file bytes acknowledged"
182.109,sender,69f80f1b-51b5-4827-8b4a-c8c3162cd52b,RTT_SAMPLE,ACK,8,0,"80.203100"
182.114,sender,69f80f1b-51b5-4827-8b4a-c8c3162cd52b,RECEIVE,ACK,45,36,""
182.117,sender,69f80f1b-51b5-4827-8b4a-c8c3162cd52b,ACKNOWLEDGED,ACK,45,0,""
182.120,sender,69f80f1b-51b5-4827-8b4a-c8c3162cd52b,CONFIRM_DATA,ACK,45,1024,"unique file bytes acknowledged"
182.123,sender,69f80f1b-51b5-4827-8b4a-c8c3162cd52b,RTT_SAMPLE,ACK,45,0,"80.104700"
195.682,sender,69f80f1b-51b5-4827-8b4a-c8c3162cd52b,RECEIVE,ACK,3,36,""
195.693,sender,69f80f1b-51b5-4827-8b4a-c8c3162cd52b,ACKNOWLEDGED,ACK,3,0,""
195.696,sender,69f80f1b-51b5-4827-8b4a-c8c3162cd52b,CONFIRM_DATA,ACK,3,1024,"unique file bytes acknowledged"
195.700,sender,69f80f1b-51b5-4827-8b4a-c8c3162cd52b,RTT_SAMPLE,ACK,3,0,"93.807000"
196.035,sender,69f80f1b-51b5-4827-8b4a-c8c3162cd52b,RECEIVE,ACK,55,36,""
196.043,sender,69f80f1b-51b5-4827-8b4a-c8c3162cd52b,ACKNOWLEDGED,ACK,55,0,""
196.046,sender,69f80f1b-51b5-4827-8b4a-c8c3162cd52b,CONFIRM_DATA,ACK,55,1024,"unique file bytes acknowledged"
196.050,sender,69f80f1b-51b5-4827-8b4a-c8c3162cd52b,RTT_SAMPLE,ACK,55,0,"93.997400"
196.059,sender,69f80f1b-51b5-4827-8b4a-c8c3162cd52b,RECEIVE,ACK,37,36,""
196.062,sender,69f80f1b-51b5-4827-8b4a-c8c3162cd52b,ACKNOWLEDGED,ACK,37,0,""
196.064,sender,69f80f1b-51b5-4827-8b4a-c8c3162cd52b,CONFIRM_DATA,ACK,37,1024,"unique file bytes acknowledged"
196.067,sender,69f80f1b-51b5-4827-8b4a-c8c3162cd52b,RTT_SAMPLE,ACK,37,0,"94.074600"
196.072,sender,69f80f1b-51b5-4827-8b4a-c8c3162cd52b,RECEIVE,ACK,48,36,""
196.079,sender,69f80f1b-51b5-4827-8b4a-c8c3162cd52b,ACKNOWLEDGED,ACK,48,0,""
196.081,sender,69f80f1b-51b5-4827-8b4a-c8c3162cd52b,CONFIRM_DATA,ACK,48,1024,"unique file bytes acknowledged"
196.084,sender,69f80f1b-51b5-4827-8b4a-c8c3162cd52b,RTT_SAMPLE,ACK,48,0,"94.050900"
196.089,sender,69f80f1b-51b5-4827-8b4a-c8c3162cd52b,RECEIVE,ACK,12,36,""
196.091,sender,69f80f1b-51b5-4827-8b4a-c8c3162cd52b,ACKNOWLEDGED,ACK,12,0,""
196.093,sender,69f80f1b-51b5-4827-8b4a-c8c3162cd52b,CONFIRM_DATA,ACK,12,1024,"unique file bytes acknowledged"
196.096,sender,69f80f1b-51b5-4827-8b4a-c8c3162cd52b,RTT_SAMPLE,ACK,12,0,"94.174800"
196.100,sender,69f80f1b-51b5-4827-8b4a-c8c3162cd52b,RECEIVE,ACK,56,36,""
196.103,sender,69f80f1b-51b5-4827-8b4a-c8c3162cd52b,ACKNOWLEDGED,ACK,56,0,""
196.105,sender,69f80f1b-51b5-4827-8b4a-c8c3162cd52b,CONFIRM_DATA,ACK,56,1024,"unique file bytes acknowledged"
196.108,sender,69f80f1b-51b5-4827-8b4a-c8c3162cd52b,RTT_SAMPLE,ACK,56,0,"94.053100"
196.113,sender,69f80f1b-51b5-4827-8b4a-c8c3162cd52b,RECEIVE,ACK,58,36,""
196.115,sender,69f80f1b-51b5-4827-8b4a-c8c3162cd52b,ACKNOWLEDGED,ACK,58,0,""
196.117,sender,69f80f1b-51b5-4827-8b4a-c8c3162cd52b,CONFIRM_DATA,ACK,58,1024,"unique file bytes acknowledged"
196.120,sender,69f80f1b-51b5-4827-8b4a-c8c3162cd52b,RTT_SAMPLE,ACK,58,0,"94.059900"
196.125,sender,69f80f1b-51b5-4827-8b4a-c8c3162cd52b,RECEIVE,ACK,59,36,""
196.127,sender,69f80f1b-51b5-4827-8b4a-c8c3162cd52b,ACKNOWLEDGED,ACK,59,0,""
196.129,sender,69f80f1b-51b5-4827-8b4a-c8c3162cd52b,CONFIRM_DATA,ACK,59,1024,"unique file bytes acknowledged"
196.132,sender,69f80f1b-51b5-4827-8b4a-c8c3162cd52b,RTT_SAMPLE,ACK,59,0,"94.069800"
196.137,sender,69f80f1b-51b5-4827-8b4a-c8c3162cd52b,RECEIVE,ACK,42,36,""
196.139,sender,69f80f1b-51b5-4827-8b4a-c8c3162cd52b,ACKNOWLEDGED,ACK,42,0,""
196.142,sender,69f80f1b-51b5-4827-8b4a-c8c3162cd52b,CONFIRM_DATA,ACK,42,1024,"unique file bytes acknowledged"
196.144,sender,69f80f1b-51b5-4827-8b4a-c8c3162cd52b,RTT_SAMPLE,ACK,42,0,"94.138600"
196.149,sender,69f80f1b-51b5-4827-8b4a-c8c3162cd52b,RECEIVE,ACK,40,36,""
196.151,sender,69f80f1b-51b5-4827-8b4a-c8c3162cd52b,ACKNOWLEDGED,ACK,40,0,""
196.153,sender,69f80f1b-51b5-4827-8b4a-c8c3162cd52b,CONFIRM_DATA,ACK,40,1024,"unique file bytes acknowledged"
196.156,sender,69f80f1b-51b5-4827-8b4a-c8c3162cd52b,RTT_SAMPLE,ACK,40,0,"94.155800"
196.161,sender,69f80f1b-51b5-4827-8b4a-c8c3162cd52b,RECEIVE,ACK,23,36,""
196.163,sender,69f80f1b-51b5-4827-8b4a-c8c3162cd52b,ACKNOWLEDGED,ACK,23,0,""
196.165,sender,69f80f1b-51b5-4827-8b4a-c8c3162cd52b,CONFIRM_DATA,ACK,23,1024,"unique file bytes acknowledged"
196.168,sender,69f80f1b-51b5-4827-8b4a-c8c3162cd52b,RTT_SAMPLE,ACK,23,0,"94.215700"
196.173,sender,69f80f1b-51b5-4827-8b4a-c8c3162cd52b,RECEIVE,ACK,17,36,""
196.175,sender,69f80f1b-51b5-4827-8b4a-c8c3162cd52b,ACKNOWLEDGED,ACK,17,0,""
196.177,sender,69f80f1b-51b5-4827-8b4a-c8c3162cd52b,CONFIRM_DATA,ACK,17,1024,"unique file bytes acknowledged"
196.180,sender,69f80f1b-51b5-4827-8b4a-c8c3162cd52b,RTT_SAMPLE,ACK,17,0,"94.243800"
196.184,sender,69f80f1b-51b5-4827-8b4a-c8c3162cd52b,RECEIVE,ACK,7,36,""
196.187,sender,69f80f1b-51b5-4827-8b4a-c8c3162cd52b,ACKNOWLEDGED,ACK,7,0,""
196.189,sender,69f80f1b-51b5-4827-8b4a-c8c3162cd52b,CONFIRM_DATA,ACK,7,1024,"unique file bytes acknowledged"
196.191,sender,69f80f1b-51b5-4827-8b4a-c8c3162cd52b,RTT_SAMPLE,ACK,7,0,"94.288100"
196.196,sender,69f80f1b-51b5-4827-8b4a-c8c3162cd52b,RECEIVE,ACK,13,36,""
196.198,sender,69f80f1b-51b5-4827-8b4a-c8c3162cd52b,ACKNOWLEDGED,ACK,13,0,""
196.203,sender,69f80f1b-51b5-4827-8b4a-c8c3162cd52b,CONFIRM_DATA,ACK,13,1024,"unique file bytes acknowledged"
196.206,sender,69f80f1b-51b5-4827-8b4a-c8c3162cd52b,RTT_SAMPLE,ACK,13,0,"94.282600"
196.211,sender,69f80f1b-51b5-4827-8b4a-c8c3162cd52b,RECEIVE,ACK,28,36,""
196.213,sender,69f80f1b-51b5-4827-8b4a-c8c3162cd52b,ACKNOWLEDGED,ACK,28,0,""
196.215,sender,69f80f1b-51b5-4827-8b4a-c8c3162cd52b,CONFIRM_DATA,ACK,28,1024,"unique file bytes acknowledged"
196.218,sender,69f80f1b-51b5-4827-8b4a-c8c3162cd52b,RTT_SAMPLE,ACK,28,0,"94.249600"
196.222,sender,69f80f1b-51b5-4827-8b4a-c8c3162cd52b,RECEIVE,ACK,32,36,""
196.225,sender,69f80f1b-51b5-4827-8b4a-c8c3162cd52b,ACKNOWLEDGED,ACK,32,0,""
196.227,sender,69f80f1b-51b5-4827-8b4a-c8c3162cd52b,CONFIRM_DATA,ACK,32,1024,"unique file bytes acknowledged"
196.273,sender,69f80f1b-51b5-4827-8b4a-c8c3162cd52b,RTT_SAMPLE,ACK,32,0,"94.293800"
196.279,sender,69f80f1b-51b5-4827-8b4a-c8c3162cd52b,RECEIVE,ACK,34,36,""
196.281,sender,69f80f1b-51b5-4827-8b4a-c8c3162cd52b,ACKNOWLEDGED,ACK,34,0,""
196.283,sender,69f80f1b-51b5-4827-8b4a-c8c3162cd52b,CONFIRM_DATA,ACK,34,1024,"unique file bytes acknowledged"
196.286,sender,69f80f1b-51b5-4827-8b4a-c8c3162cd52b,RTT_SAMPLE,ACK,34,0,"94.301600"
196.290,sender,69f80f1b-51b5-4827-8b4a-c8c3162cd52b,RECEIVE,ACK,27,36,""
196.292,sender,69f80f1b-51b5-4827-8b4a-c8c3162cd52b,ACKNOWLEDGED,ACK,27,0,""
196.295,sender,69f80f1b-51b5-4827-8b4a-c8c3162cd52b,CONFIRM_DATA,ACK,27,1024,"unique file bytes acknowledged"
196.297,sender,69f80f1b-51b5-4827-8b4a-c8c3162cd52b,RTT_SAMPLE,ACK,27,0,"94.332000"
196.303,sender,69f80f1b-51b5-4827-8b4a-c8c3162cd52b,RECEIVE,ACK,2,36,""
196.305,sender,69f80f1b-51b5-4827-8b4a-c8c3162cd52b,ACKNOWLEDGED,ACK,2,0,""
196.308,sender,69f80f1b-51b5-4827-8b4a-c8c3162cd52b,CONFIRM_DATA,ACK,2,1024,"unique file bytes acknowledged"
196.310,sender,69f80f1b-51b5-4827-8b4a-c8c3162cd52b,RTT_SAMPLE,ACK,2,0,"94.420900"
196.315,sender,69f80f1b-51b5-4827-8b4a-c8c3162cd52b,RECEIVE,ACK,52,36,""
196.317,sender,69f80f1b-51b5-4827-8b4a-c8c3162cd52b,ACKNOWLEDGED,ACK,52,0,""
196.319,sender,69f80f1b-51b5-4827-8b4a-c8c3162cd52b,CONFIRM_DATA,ACK,52,1024,"unique file bytes acknowledged"
196.322,sender,69f80f1b-51b5-4827-8b4a-c8c3162cd52b,RTT_SAMPLE,ACK,52,0,"94.278400"
196.327,sender,69f80f1b-51b5-4827-8b4a-c8c3162cd52b,RECEIVE,ACK,16,36,""
196.329,sender,69f80f1b-51b5-4827-8b4a-c8c3162cd52b,ACKNOWLEDGED,ACK,16,0,""
196.331,sender,69f80f1b-51b5-4827-8b4a-c8c3162cd52b,CONFIRM_DATA,ACK,16,1024,"unique file bytes acknowledged"
196.334,sender,69f80f1b-51b5-4827-8b4a-c8c3162cd52b,RTT_SAMPLE,ACK,16,0,"94.402200"
196.338,sender,69f80f1b-51b5-4827-8b4a-c8c3162cd52b,RECEIVE,ACK,51,36,""
196.340,sender,69f80f1b-51b5-4827-8b4a-c8c3162cd52b,ACKNOWLEDGED,ACK,51,0,""
196.343,sender,69f80f1b-51b5-4827-8b4a-c8c3162cd52b,CONFIRM_DATA,ACK,51,1024,"unique file bytes acknowledged"
196.345,sender,69f80f1b-51b5-4827-8b4a-c8c3162cd52b,RTT_SAMPLE,ACK,51,0,"94.304300"
196.371,sender,69f80f1b-51b5-4827-8b4a-c8c3162cd52b,RECEIVE,ACK,29,36,""
196.374,sender,69f80f1b-51b5-4827-8b4a-c8c3162cd52b,ACKNOWLEDGED,ACK,29,0,""
196.376,sender,69f80f1b-51b5-4827-8b4a-c8c3162cd52b,CONFIRM_DATA,ACK,29,1024,"unique file bytes acknowledged"
196.379,sender,69f80f1b-51b5-4827-8b4a-c8c3162cd52b,RTT_SAMPLE,ACK,29,0,"94.407700"
196.383,sender,69f80f1b-51b5-4827-8b4a-c8c3162cd52b,RECEIVE,ACK,9,36,""
196.385,sender,69f80f1b-51b5-4827-8b4a-c8c3162cd52b,ACKNOWLEDGED,ACK,9,0,""
196.387,sender,69f80f1b-51b5-4827-8b4a-c8c3162cd52b,CONFIRM_DATA,ACK,9,1024,"unique file bytes acknowledged"
196.390,sender,69f80f1b-51b5-4827-8b4a-c8c3162cd52b,RTT_SAMPLE,ACK,9,0,"94.481400"
196.395,sender,69f80f1b-51b5-4827-8b4a-c8c3162cd52b,RECEIVE,ACK,25,36,""
196.397,sender,69f80f1b-51b5-4827-8b4a-c8c3162cd52b,ACKNOWLEDGED,ACK,25,0,""
196.399,sender,69f80f1b-51b5-4827-8b4a-c8c3162cd52b,CONFIRM_DATA,ACK,25,1024,"unique file bytes acknowledged"
196.402,sender,69f80f1b-51b5-4827-8b4a-c8c3162cd52b,RTT_SAMPLE,ACK,25,0,"94.442100"
196.406,sender,69f80f1b-51b5-4827-8b4a-c8c3162cd52b,RECEIVE,ACK,14,36,""
196.408,sender,69f80f1b-51b5-4827-8b4a-c8c3162cd52b,ACKNOWLEDGED,ACK,14,0,""
196.410,sender,69f80f1b-51b5-4827-8b4a-c8c3162cd52b,CONFIRM_DATA,ACK,14,1024,"unique file bytes acknowledged"
196.413,sender,69f80f1b-51b5-4827-8b4a-c8c3162cd52b,RTT_SAMPLE,ACK,14,0,"94.487000"
196.418,sender,69f80f1b-51b5-4827-8b4a-c8c3162cd52b,RECEIVE,ACK,15,36,""
196.420,sender,69f80f1b-51b5-4827-8b4a-c8c3162cd52b,ACKNOWLEDGED,ACK,15,0,""
196.422,sender,69f80f1b-51b5-4827-8b4a-c8c3162cd52b,CONFIRM_DATA,ACK,15,1024,"unique file bytes acknowledged"
196.425,sender,69f80f1b-51b5-4827-8b4a-c8c3162cd52b,RTT_SAMPLE,ACK,15,0,"94.495600"
211.587,sender,69f80f1b-51b5-4827-8b4a-c8c3162cd52b,RECEIVE,ACK,33,36,""
211.613,sender,69f80f1b-51b5-4827-8b4a-c8c3162cd52b,ACKNOWLEDGED,ACK,33,0,""
211.616,sender,69f80f1b-51b5-4827-8b4a-c8c3162cd52b,CONFIRM_DATA,ACK,33,1024,"unique file bytes acknowledged"
211.622,sender,69f80f1b-51b5-4827-8b4a-c8c3162cd52b,RTT_SAMPLE,ACK,33,0,"109.639100"
211.635,sender,69f80f1b-51b5-4827-8b4a-c8c3162cd52b,RECEIVE,ACK,0,36,""
211.638,sender,69f80f1b-51b5-4827-8b4a-c8c3162cd52b,ACKNOWLEDGED,ACK,0,0,""
211.640,sender,69f80f1b-51b5-4827-8b4a-c8c3162cd52b,CONFIRM_DATA,ACK,0,1024,"unique file bytes acknowledged"
211.644,sender,69f80f1b-51b5-4827-8b4a-c8c3162cd52b,RTT_SAMPLE,ACK,0,0,"109.770000"
211.649,sender,69f80f1b-51b5-4827-8b4a-c8c3162cd52b,SEND,DATA,64,1060,""
211.665,sender,69f80f1b-51b5-4827-8b4a-c8c3162cd52b,RECEIVE,ACK,38,36,""
211.668,sender,69f80f1b-51b5-4827-8b4a-c8c3162cd52b,ACKNOWLEDGED,ACK,38,0,""
211.671,sender,69f80f1b-51b5-4827-8b4a-c8c3162cd52b,CONFIRM_DATA,ACK,38,1024,"unique file bytes acknowledged"
211.675,sender,69f80f1b-51b5-4827-8b4a-c8c3162cd52b,RTT_SAMPLE,ACK,38,0,"109.679400"
211.681,sender,69f80f1b-51b5-4827-8b4a-c8c3162cd52b,RECEIVE,ACK,20,36,""
211.683,sender,69f80f1b-51b5-4827-8b4a-c8c3162cd52b,ACKNOWLEDGED,ACK,20,0,""
211.686,sender,69f80f1b-51b5-4827-8b4a-c8c3162cd52b,CONFIRM_DATA,ACK,20,1024,"unique file bytes acknowledged"
211.689,sender,69f80f1b-51b5-4827-8b4a-c8c3162cd52b,RTT_SAMPLE,ACK,20,0,"109.745000"
211.694,sender,69f80f1b-51b5-4827-8b4a-c8c3162cd52b,RECEIVE,ACK,35,36,""
211.697,sender,69f80f1b-51b5-4827-8b4a-c8c3162cd52b,ACKNOWLEDGED,ACK,35,0,""
211.699,sender,69f80f1b-51b5-4827-8b4a-c8c3162cd52b,CONFIRM_DATA,ACK,35,1024,"unique file bytes acknowledged"
211.703,sender,69f80f1b-51b5-4827-8b4a-c8c3162cd52b,RTT_SAMPLE,ACK,35,0,"109.715500"
211.708,sender,69f80f1b-51b5-4827-8b4a-c8c3162cd52b,RECEIVE,ACK,1,36,""
211.711,sender,69f80f1b-51b5-4827-8b4a-c8c3162cd52b,ACKNOWLEDGED,ACK,1,0,""
211.713,sender,69f80f1b-51b5-4827-8b4a-c8c3162cd52b,CONFIRM_DATA,ACK,1,1024,"unique file bytes acknowledged"
211.716,sender,69f80f1b-51b5-4827-8b4a-c8c3162cd52b,RTT_SAMPLE,ACK,1,0,"109.829800"
211.719,sender,69f80f1b-51b5-4827-8b4a-c8c3162cd52b,SEND,DATA,65,1060,""
211.722,sender,69f80f1b-51b5-4827-8b4a-c8c3162cd52b,SEND,DATA,66,1060,""
211.726,sender,69f80f1b-51b5-4827-8b4a-c8c3162cd52b,SEND,DATA,67,1060,""
211.729,sender,69f80f1b-51b5-4827-8b4a-c8c3162cd52b,SEND,DATA,68,1060,""
211.732,sender,69f80f1b-51b5-4827-8b4a-c8c3162cd52b,SEND,DATA,69,1060,""
211.741,sender,69f80f1b-51b5-4827-8b4a-c8c3162cd52b,RECEIVE,ACK,61,36,""
211.744,sender,69f80f1b-51b5-4827-8b4a-c8c3162cd52b,ACKNOWLEDGED,ACK,61,0,""
211.746,sender,69f80f1b-51b5-4827-8b4a-c8c3162cd52b,CONFIRM_DATA,ACK,61,1024,"unique file bytes acknowledged"
211.750,sender,69f80f1b-51b5-4827-8b4a-c8c3162cd52b,RTT_SAMPLE,ACK,61,0,"109.681800"
211.755,sender,69f80f1b-51b5-4827-8b4a-c8c3162cd52b,RECEIVE,ACK,46,36,""
211.757,sender,69f80f1b-51b5-4827-8b4a-c8c3162cd52b,ACKNOWLEDGED,ACK,46,0,""
211.760,sender,69f80f1b-51b5-4827-8b4a-c8c3162cd52b,CONFIRM_DATA,ACK,46,1024,"unique file bytes acknowledged"
211.763,sender,69f80f1b-51b5-4827-8b4a-c8c3162cd52b,RTT_SAMPLE,ACK,46,0,"109.742200"
211.773,sender,69f80f1b-51b5-4827-8b4a-c8c3162cd52b,RECEIVE,ACK,6,36,""
211.775,sender,69f80f1b-51b5-4827-8b4a-c8c3162cd52b,ACKNOWLEDGED,ACK,6,0,""
211.778,sender,69f80f1b-51b5-4827-8b4a-c8c3162cd52b,CONFIRM_DATA,ACK,6,1024,"unique file bytes acknowledged"
211.781,sender,69f80f1b-51b5-4827-8b4a-c8c3162cd52b,RTT_SAMPLE,ACK,6,0,"109.880700"
211.784,sender,69f80f1b-51b5-4827-8b4a-c8c3162cd52b,SEND,DATA,70,1060,""
211.787,sender,69f80f1b-51b5-4827-8b4a-c8c3162cd52b,SEND,DATA,71,1060,""
211.790,sender,69f80f1b-51b5-4827-8b4a-c8c3162cd52b,SEND,DATA,72,1060,""
211.796,sender,69f80f1b-51b5-4827-8b4a-c8c3162cd52b,SEND,DATA,73,1060,""
211.799,sender,69f80f1b-51b5-4827-8b4a-c8c3162cd52b,SEND,DATA,74,1060,""
211.802,sender,69f80f1b-51b5-4827-8b4a-c8c3162cd52b,SEND,DATA,75,1060,""
211.805,sender,69f80f1b-51b5-4827-8b4a-c8c3162cd52b,SEND,DATA,76,1060,""
211.808,sender,69f80f1b-51b5-4827-8b4a-c8c3162cd52b,SEND,DATA,77,1060,""
211.811,sender,69f80f1b-51b5-4827-8b4a-c8c3162cd52b,SEND,DATA,78,1060,""
211.874,sender,69f80f1b-51b5-4827-8b4a-c8c3162cd52b,SEND,DATA,79,1060,""
211.877,sender,69f80f1b-51b5-4827-8b4a-c8c3162cd52b,SEND,DATA,80,1060,""
211.880,sender,69f80f1b-51b5-4827-8b4a-c8c3162cd52b,SEND,DATA,81,1060,""
211.883,sender,69f80f1b-51b5-4827-8b4a-c8c3162cd52b,SEND,DATA,82,1060,""
211.888,sender,69f80f1b-51b5-4827-8b4a-c8c3162cd52b,SEND,DATA,83,1060,""
211.891,sender,69f80f1b-51b5-4827-8b4a-c8c3162cd52b,SEND,DATA,84,1060,""
211.894,sender,69f80f1b-51b5-4827-8b4a-c8c3162cd52b,SEND,DATA,85,1060,""
211.897,sender,69f80f1b-51b5-4827-8b4a-c8c3162cd52b,SEND,DATA,86,1060,""
211.900,sender,69f80f1b-51b5-4827-8b4a-c8c3162cd52b,SEND,DATA,87,1060,""
211.903,sender,69f80f1b-51b5-4827-8b4a-c8c3162cd52b,SEND,DATA,88,1060,""
211.906,sender,69f80f1b-51b5-4827-8b4a-c8c3162cd52b,SEND,DATA,89,1060,""
211.908,sender,69f80f1b-51b5-4827-8b4a-c8c3162cd52b,SEND,DATA,90,1060,""
211.911,sender,69f80f1b-51b5-4827-8b4a-c8c3162cd52b,SEND,DATA,91,1060,""
211.914,sender,69f80f1b-51b5-4827-8b4a-c8c3162cd52b,SEND,DATA,92,1060,""
211.917,sender,69f80f1b-51b5-4827-8b4a-c8c3162cd52b,SEND,DATA,93,1060,""
211.920,sender,69f80f1b-51b5-4827-8b4a-c8c3162cd52b,SEND,DATA,94,1060,""
211.923,sender,69f80f1b-51b5-4827-8b4a-c8c3162cd52b,SEND,DATA,95,1060,""
211.926,sender,69f80f1b-51b5-4827-8b4a-c8c3162cd52b,SEND,DATA,96,1060,""
211.929,sender,69f80f1b-51b5-4827-8b4a-c8c3162cd52b,SEND,DATA,97,1060,""
211.932,sender,69f80f1b-51b5-4827-8b4a-c8c3162cd52b,SEND,DATA,98,1060,""
211.935,sender,69f80f1b-51b5-4827-8b4a-c8c3162cd52b,SEND,DATA,99,1060,""
226.692,sender,69f80f1b-51b5-4827-8b4a-c8c3162cd52b,RECEIVE,ACK,36,36,""
226.708,sender,69f80f1b-51b5-4827-8b4a-c8c3162cd52b,ACKNOWLEDGED,ACK,36,0,""
226.711,sender,69f80f1b-51b5-4827-8b4a-c8c3162cd52b,CONFIRM_DATA,ACK,36,1024,"unique file bytes acknowledged"
226.717,sender,69f80f1b-51b5-4827-8b4a-c8c3162cd52b,RTT_SAMPLE,ACK,36,0,"124.725600"
226.723,sender,69f80f1b-51b5-4827-8b4a-c8c3162cd52b,SEND,DATA,100,1060,""
226.728,sender,69f80f1b-51b5-4827-8b4a-c8c3162cd52b,SEND,DATA,101,1060,""
226.731,sender,69f80f1b-51b5-4827-8b4a-c8c3162cd52b,SEND,DATA,102,1060,""
226.734,sender,69f80f1b-51b5-4827-8b4a-c8c3162cd52b,SEND,DATA,103,1060,""
226.737,sender,69f80f1b-51b5-4827-8b4a-c8c3162cd52b,SEND,DATA,104,1060,""
226.741,sender,69f80f1b-51b5-4827-8b4a-c8c3162cd52b,SEND,DATA,105,1060,""
226.744,sender,69f80f1b-51b5-4827-8b4a-c8c3162cd52b,SEND,DATA,106,1060,""
226.747,sender,69f80f1b-51b5-4827-8b4a-c8c3162cd52b,SEND,DATA,107,1060,""
226.750,sender,69f80f1b-51b5-4827-8b4a-c8c3162cd52b,SEND,DATA,108,1060,""
226.753,sender,69f80f1b-51b5-4827-8b4a-c8c3162cd52b,SEND,DATA,109,1060,""
226.755,sender,69f80f1b-51b5-4827-8b4a-c8c3162cd52b,SEND,DATA,110,1060,""
226.759,sender,69f80f1b-51b5-4827-8b4a-c8c3162cd52b,SEND,DATA,111,1060,""
226.762,sender,69f80f1b-51b5-4827-8b4a-c8c3162cd52b,SEND,DATA,112,1060,""
226.765,sender,69f80f1b-51b5-4827-8b4a-c8c3162cd52b,SEND,DATA,113,1060,""
226.768,sender,69f80f1b-51b5-4827-8b4a-c8c3162cd52b,SEND,DATA,114,1060,""
226.771,sender,69f80f1b-51b5-4827-8b4a-c8c3162cd52b,SEND,DATA,115,1060,""
226.774,sender,69f80f1b-51b5-4827-8b4a-c8c3162cd52b,SEND,DATA,116,1060,""
226.777,sender,69f80f1b-51b5-4827-8b4a-c8c3162cd52b,SEND,DATA,117,1060,""
226.825,sender,69f80f1b-51b5-4827-8b4a-c8c3162cd52b,SEND,DATA,118,1060,""
226.829,sender,69f80f1b-51b5-4827-8b4a-c8c3162cd52b,SEND,DATA,119,1060,""
226.832,sender,69f80f1b-51b5-4827-8b4a-c8c3162cd52b,SEND,DATA,120,1060,""
226.835,sender,69f80f1b-51b5-4827-8b4a-c8c3162cd52b,SEND,DATA,121,1060,""
226.838,sender,69f80f1b-51b5-4827-8b4a-c8c3162cd52b,SEND,DATA,122,1060,""
226.841,sender,69f80f1b-51b5-4827-8b4a-c8c3162cd52b,SEND,DATA,123,1060,""
226.844,sender,69f80f1b-51b5-4827-8b4a-c8c3162cd52b,SEND,DATA,124,1060,""
226.846,sender,69f80f1b-51b5-4827-8b4a-c8c3162cd52b,SEND,DATA,125,1060,""
226.849,sender,69f80f1b-51b5-4827-8b4a-c8c3162cd52b,SEND,DATA,126,1060,""
226.887,sender,69f80f1b-51b5-4827-8b4a-c8c3162cd52b,SEND,DATA,127,1060,""
242.329,sender,69f80f1b-51b5-4827-8b4a-c8c3162cd52b,EMIT,DATA,72,1060,""
242.369,sender,69f80f1b-51b5-4827-8b4a-c8c3162cd52b,EMIT,DATA,76,1060,""
242.383,sender,69f80f1b-51b5-4827-8b4a-c8c3162cd52b,EMIT,DATA,95,1060,""
242.397,sender,69f80f1b-51b5-4827-8b4a-c8c3162cd52b,EMIT,DATA,96,1060,""
242.410,sender,69f80f1b-51b5-4827-8b4a-c8c3162cd52b,EMIT,DATA,84,1060,""
242.460,sender,69f80f1b-51b5-4827-8b4a-c8c3162cd52b,EMIT,DATA,86,1060,""
242.481,sender,69f80f1b-51b5-4827-8b4a-c8c3162cd52b,EMIT,DATA,75,1060,""
242.495,sender,69f80f1b-51b5-4827-8b4a-c8c3162cd52b,EMIT,DATA,66,1060,""
242.510,sender,69f80f1b-51b5-4827-8b4a-c8c3162cd52b,EMIT,DATA,82,1060,""
242.524,sender,69f80f1b-51b5-4827-8b4a-c8c3162cd52b,EMIT,DATA,97,1060,""
242.537,sender,69f80f1b-51b5-4827-8b4a-c8c3162cd52b,EMIT,DATA,98,1060,""
257.933,sender,69f80f1b-51b5-4827-8b4a-c8c3162cd52b,EMIT,DATA,71,1060,""
257.964,sender,69f80f1b-51b5-4827-8b4a-c8c3162cd52b,EMIT,DATA,79,1060,""
257.973,sender,69f80f1b-51b5-4827-8b4a-c8c3162cd52b,EMIT,DATA,81,1060,""
257.982,sender,69f80f1b-51b5-4827-8b4a-c8c3162cd52b,EMIT,DATA,94,1060,""
257.990,sender,69f80f1b-51b5-4827-8b4a-c8c3162cd52b,EMIT,DATA,88,1060,""
257.999,sender,69f80f1b-51b5-4827-8b4a-c8c3162cd52b,EMIT,DATA,92,1060,""
258.007,sender,69f80f1b-51b5-4827-8b4a-c8c3162cd52b,EMIT,DATA,77,1060,""
258.016,sender,69f80f1b-51b5-4827-8b4a-c8c3162cd52b,EMIT,DATA,78,1060,""
258.026,sender,69f80f1b-51b5-4827-8b4a-c8c3162cd52b,EMIT,DATA,85,1060,""
258.034,sender,69f80f1b-51b5-4827-8b4a-c8c3162cd52b,EMIT,DATA,80,1060,""
258.042,sender,69f80f1b-51b5-4827-8b4a-c8c3162cd52b,EMIT,DATA,70,1060,""
258.051,sender,69f80f1b-51b5-4827-8b4a-c8c3162cd52b,EMIT,DATA,126,1060,""
258.060,sender,69f80f1b-51b5-4827-8b4a-c8c3162cd52b,EMIT,DATA,83,1060,""
258.068,sender,69f80f1b-51b5-4827-8b4a-c8c3162cd52b,EMIT,DATA,127,1060,""
258.077,sender,69f80f1b-51b5-4827-8b4a-c8c3162cd52b,EMIT,DATA,105,1060,""
258.085,sender,69f80f1b-51b5-4827-8b4a-c8c3162cd52b,EMIT,DATA,121,1060,""
258.094,sender,69f80f1b-51b5-4827-8b4a-c8c3162cd52b,EMIT,DATA,67,1060,""
258.102,sender,69f80f1b-51b5-4827-8b4a-c8c3162cd52b,EMIT,DATA,68,1060,""
258.111,sender,69f80f1b-51b5-4827-8b4a-c8c3162cd52b,EMIT,DATA,111,1060,""
258.119,sender,69f80f1b-51b5-4827-8b4a-c8c3162cd52b,EMIT,DATA,73,1060,""
258.127,sender,69f80f1b-51b5-4827-8b4a-c8c3162cd52b,EMIT,DATA,113,1060,""
258.136,sender,69f80f1b-51b5-4827-8b4a-c8c3162cd52b,EMIT,DATA,112,1060,""
258.144,sender,69f80f1b-51b5-4827-8b4a-c8c3162cd52b,EMIT,DATA,89,1060,""
273.753,sender,69f80f1b-51b5-4827-8b4a-c8c3162cd52b,EMIT,DATA,64,1060,""
273.771,sender,69f80f1b-51b5-4827-8b4a-c8c3162cd52b,RECEIVE,ACK,95,36,""
273.783,sender,69f80f1b-51b5-4827-8b4a-c8c3162cd52b,EMIT,DATA,69,1060,""
273.787,sender,69f80f1b-51b5-4827-8b4a-c8c3162cd52b,ACKNOWLEDGED,ACK,95,0,""
273.791,sender,69f80f1b-51b5-4827-8b4a-c8c3162cd52b,CONFIRM_DATA,ACK,95,1024,"unique file bytes acknowledged"
273.794,sender,69f80f1b-51b5-4827-8b4a-c8c3162cd52b,EMIT,DATA,107,1060,""
273.799,sender,69f80f1b-51b5-4827-8b4a-c8c3162cd52b,RTT_SAMPLE,ACK,95,0,"61.871300"
273.803,sender,69f80f1b-51b5-4827-8b4a-c8c3162cd52b,EMIT,DATA,99,1060,""
273.812,sender,69f80f1b-51b5-4827-8b4a-c8c3162cd52b,EMIT,DATA,104,1060,""
273.821,sender,69f80f1b-51b5-4827-8b4a-c8c3162cd52b,EMIT,DATA,115,1060,""
273.830,sender,69f80f1b-51b5-4827-8b4a-c8c3162cd52b,EMIT,DATA,116,1060,""
273.845,sender,69f80f1b-51b5-4827-8b4a-c8c3162cd52b,EMIT,DATA,119,1060,""
273.854,sender,69f80f1b-51b5-4827-8b4a-c8c3162cd52b,EMIT,DATA,122,1060,""
273.863,sender,69f80f1b-51b5-4827-8b4a-c8c3162cd52b,EMIT,DATA,91,1060,""
273.873,sender,69f80f1b-51b5-4827-8b4a-c8c3162cd52b,EMIT,DATA,93,1060,""
273.881,sender,69f80f1b-51b5-4827-8b4a-c8c3162cd52b,EMIT,DATA,65,1060,""
273.889,sender,69f80f1b-51b5-4827-8b4a-c8c3162cd52b,EMIT,DATA,74,1060,""
273.897,sender,69f80f1b-51b5-4827-8b4a-c8c3162cd52b,EMIT,DATA,87,1060,""
273.905,sender,69f80f1b-51b5-4827-8b4a-c8c3162cd52b,EMIT,DATA,90,1060,""
273.913,sender,69f80f1b-51b5-4827-8b4a-c8c3162cd52b,EMIT,DATA,114,1060,""
273.920,sender,69f80f1b-51b5-4827-8b4a-c8c3162cd52b,EMIT,DATA,108,1060,""
273.928,sender,69f80f1b-51b5-4827-8b4a-c8c3162cd52b,EMIT,DATA,110,1060,""
274.473,sender,69f80f1b-51b5-4827-8b4a-c8c3162cd52b,RECEIVE,ACK,84,36,""
274.481,sender,69f80f1b-51b5-4827-8b4a-c8c3162cd52b,ACKNOWLEDGED,ACK,84,0,""
274.484,sender,69f80f1b-51b5-4827-8b4a-c8c3162cd52b,CONFIRM_DATA,ACK,84,1024,"unique file bytes acknowledged"
274.488,sender,69f80f1b-51b5-4827-8b4a-c8c3162cd52b,RTT_SAMPLE,ACK,84,0,"62.596300"
274.526,sender,69f80f1b-51b5-4827-8b4a-c8c3162cd52b,EMIT,DATA,106,1060,""
274.536,sender,69f80f1b-51b5-4827-8b4a-c8c3162cd52b,EMIT,DATA,124,1060,""
274.545,sender,69f80f1b-51b5-4827-8b4a-c8c3162cd52b,EMIT,DATA,102,1060,""
274.552,sender,69f80f1b-51b5-4827-8b4a-c8c3162cd52b,EMIT,DATA,117,1060,""
274.560,sender,69f80f1b-51b5-4827-8b4a-c8c3162cd52b,EMIT,DATA,118,1060,""
274.568,sender,69f80f1b-51b5-4827-8b4a-c8c3162cd52b,EMIT,DATA,125,1060,""
274.576,sender,69f80f1b-51b5-4827-8b4a-c8c3162cd52b,EMIT,DATA,101,1060,""
289.051,sender,69f80f1b-51b5-4827-8b4a-c8c3162cd52b,EMIT,DATA,109,1060,""
289.091,sender,69f80f1b-51b5-4827-8b4a-c8c3162cd52b,EMIT,DATA,120,1060,""
289.101,sender,69f80f1b-51b5-4827-8b4a-c8c3162cd52b,EMIT,DATA,123,1060,""
289.120,sender,69f80f1b-51b5-4827-8b4a-c8c3162cd52b,EMIT,DATA,100,1060,""
289.128,sender,69f80f1b-51b5-4827-8b4a-c8c3162cd52b,RECEIVE,ACK,97,36,""
289.146,sender,69f80f1b-51b5-4827-8b4a-c8c3162cd52b,EMIT,DATA,103,1060,""
289.149,sender,69f80f1b-51b5-4827-8b4a-c8c3162cd52b,ACKNOWLEDGED,ACK,97,0,""
289.158,sender,69f80f1b-51b5-4827-8b4a-c8c3162cd52b,CONFIRM_DATA,ACK,97,1024,"unique file bytes acknowledged"
289.169,sender,69f80f1b-51b5-4827-8b4a-c8c3162cd52b,RTT_SAMPLE,ACK,97,0,"77.234500"
289.193,sender,69f80f1b-51b5-4827-8b4a-c8c3162cd52b,RECEIVE,ACK,82,36,""
289.199,sender,69f80f1b-51b5-4827-8b4a-c8c3162cd52b,ACKNOWLEDGED,ACK,82,0,""
289.203,sender,69f80f1b-51b5-4827-8b4a-c8c3162cd52b,CONFIRM_DATA,ACK,82,1024,"unique file bytes acknowledged"
289.213,sender,69f80f1b-51b5-4827-8b4a-c8c3162cd52b,RTT_SAMPLE,ACK,82,0,"77.324300"
289.223,sender,69f80f1b-51b5-4827-8b4a-c8c3162cd52b,RECEIVE,ACK,86,36,""
289.227,sender,69f80f1b-51b5-4827-8b4a-c8c3162cd52b,ACKNOWLEDGED,ACK,86,0,""
289.231,sender,69f80f1b-51b5-4827-8b4a-c8c3162cd52b,CONFIRM_DATA,ACK,86,1024,"unique file bytes acknowledged"
289.235,sender,69f80f1b-51b5-4827-8b4a-c8c3162cd52b,RTT_SAMPLE,ACK,86,0,"77.338000"
289.245,sender,69f80f1b-51b5-4827-8b4a-c8c3162cd52b,RECEIVE,ACK,67,36,""
289.250,sender,69f80f1b-51b5-4827-8b4a-c8c3162cd52b,ACKNOWLEDGED,ACK,67,0,""
289.253,sender,69f80f1b-51b5-4827-8b4a-c8c3162cd52b,CONFIRM_DATA,ACK,67,1024,"unique file bytes acknowledged"
289.257,sender,69f80f1b-51b5-4827-8b4a-c8c3162cd52b,RTT_SAMPLE,ACK,67,0,"77.531200"
289.267,sender,69f80f1b-51b5-4827-8b4a-c8c3162cd52b,RECEIVE,ACK,126,36,""
289.271,sender,69f80f1b-51b5-4827-8b4a-c8c3162cd52b,ACKNOWLEDGED,ACK,126,0,""
289.275,sender,69f80f1b-51b5-4827-8b4a-c8c3162cd52b,CONFIRM_DATA,ACK,126,1024,"unique file bytes acknowledged"
289.279,sender,69f80f1b-51b5-4827-8b4a-c8c3162cd52b,RTT_SAMPLE,ACK,126,0,"62.429000"
289.288,sender,69f80f1b-51b5-4827-8b4a-c8c3162cd52b,RECEIVE,ACK,98,36,""
289.292,sender,69f80f1b-51b5-4827-8b4a-c8c3162cd52b,ACKNOWLEDGED,ACK,98,0,""
289.296,sender,69f80f1b-51b5-4827-8b4a-c8c3162cd52b,CONFIRM_DATA,ACK,98,1024,"unique file bytes acknowledged"
289.302,sender,69f80f1b-51b5-4827-8b4a-c8c3162cd52b,RTT_SAMPLE,ACK,98,0,"77.370000"
289.312,sender,69f80f1b-51b5-4827-8b4a-c8c3162cd52b,RECEIVE,ACK,72,36,""
289.316,sender,69f80f1b-51b5-4827-8b4a-c8c3162cd52b,ACKNOWLEDGED,ACK,72,0,""
289.320,sender,69f80f1b-51b5-4827-8b4a-c8c3162cd52b,CONFIRM_DATA,ACK,72,1024,"unique file bytes acknowledged"
289.324,sender,69f80f1b-51b5-4827-8b4a-c8c3162cd52b,RTT_SAMPLE,ACK,72,0,"77.533100"
289.333,sender,69f80f1b-51b5-4827-8b4a-c8c3162cd52b,RECEIVE,ACK,94,36,""
289.337,sender,69f80f1b-51b5-4827-8b4a-c8c3162cd52b,ACKNOWLEDGED,ACK,94,0,""
289.341,sender,69f80f1b-51b5-4827-8b4a-c8c3162cd52b,CONFIRM_DATA,ACK,94,1024,"unique file bytes acknowledged"
289.345,sender,69f80f1b-51b5-4827-8b4a-c8c3162cd52b,RTT_SAMPLE,ACK,94,0,"77.424300"
289.355,sender,69f80f1b-51b5-4827-8b4a-c8c3162cd52b,RECEIVE,ACK,73,36,""
289.371,sender,69f80f1b-51b5-4827-8b4a-c8c3162cd52b,ACKNOWLEDGED,ACK,73,0,""
289.375,sender,69f80f1b-51b5-4827-8b4a-c8c3162cd52b,CONFIRM_DATA,ACK,73,1024,"unique file bytes acknowledged"
289.379,sender,69f80f1b-51b5-4827-8b4a-c8c3162cd52b,RTT_SAMPLE,ACK,73,0,"77.582800"
289.388,sender,69f80f1b-51b5-4827-8b4a-c8c3162cd52b,RECEIVE,ACK,76,36,""
289.410,sender,69f80f1b-51b5-4827-8b4a-c8c3162cd52b,ACKNOWLEDGED,ACK,76,0,""
289.418,sender,69f80f1b-51b5-4827-8b4a-c8c3162cd52b,CONFIRM_DATA,ACK,76,1024,"unique file bytes acknowledged"
289.423,sender,69f80f1b-51b5-4827-8b4a-c8c3162cd52b,RTT_SAMPLE,ACK,76,0,"77.616200"
289.445,sender,69f80f1b-51b5-4827-8b4a-c8c3162cd52b,RECEIVE,ACK,78,36,""
289.448,sender,69f80f1b-51b5-4827-8b4a-c8c3162cd52b,ACKNOWLEDGED,ACK,78,0,""
289.450,sender,69f80f1b-51b5-4827-8b4a-c8c3162cd52b,CONFIRM_DATA,ACK,78,1024,"unique file bytes acknowledged"
289.453,sender,69f80f1b-51b5-4827-8b4a-c8c3162cd52b,RTT_SAMPLE,ACK,78,0,"77.641800"
304.528,sender,69f80f1b-51b5-4827-8b4a-c8c3162cd52b,RECEIVE,ACK,96,36,""
304.539,sender,69f80f1b-51b5-4827-8b4a-c8c3162cd52b,ACKNOWLEDGED,ACK,96,0,""
304.543,sender,69f80f1b-51b5-4827-8b4a-c8c3162cd52b,CONFIRM_DATA,ACK,96,1024,"unique file bytes acknowledged"
304.548,sender,69f80f1b-51b5-4827-8b4a-c8c3162cd52b,RTT_SAMPLE,ACK,96,0,"92.620000"
304.560,sender,69f80f1b-51b5-4827-8b4a-c8c3162cd52b,RECEIVE,ACK,66,36,""
304.563,sender,69f80f1b-51b5-4827-8b4a-c8c3162cd52b,ACKNOWLEDGED,ACK,66,0,""
304.565,sender,69f80f1b-51b5-4827-8b4a-c8c3162cd52b,CONFIRM_DATA,ACK,66,1024,"unique file bytes acknowledged"
304.569,sender,69f80f1b-51b5-4827-8b4a-c8c3162cd52b,RTT_SAMPLE,ACK,66,0,"92.845800"
304.575,sender,69f80f1b-51b5-4827-8b4a-c8c3162cd52b,RECEIVE,ACK,71,36,""
304.577,sender,69f80f1b-51b5-4827-8b4a-c8c3162cd52b,ACKNOWLEDGED,ACK,71,0,""
304.580,sender,69f80f1b-51b5-4827-8b4a-c8c3162cd52b,CONFIRM_DATA,ACK,71,1024,"unique file bytes acknowledged"
304.583,sender,69f80f1b-51b5-4827-8b4a-c8c3162cd52b,RTT_SAMPLE,ACK,71,0,"92.795100"
304.589,sender,69f80f1b-51b5-4827-8b4a-c8c3162cd52b,RECEIVE,ACK,105,36,""
304.592,sender,69f80f1b-51b5-4827-8b4a-c8c3162cd52b,ACKNOWLEDGED,ACK,105,0,""
304.594,sender,69f80f1b-51b5-4827-8b4a-c8c3162cd52b,CONFIRM_DATA,ACK,105,1024,"unique file bytes acknowledged"
304.597,sender,69f80f1b-51b5-4827-8b4a-c8c3162cd52b,RTT_SAMPLE,ACK,105,0,"77.856300"
304.603,sender,69f80f1b-51b5-4827-8b4a-c8c3162cd52b,RECEIVE,ACK,75,36,""
304.605,sender,69f80f1b-51b5-4827-8b4a-c8c3162cd52b,ACKNOWLEDGED,ACK,75,0,""
304.608,sender,69f80f1b-51b5-4827-8b4a-c8c3162cd52b,CONFIRM_DATA,ACK,75,1024,"unique file bytes acknowledged"
304.611,sender,69f80f1b-51b5-4827-8b4a-c8c3162cd52b,RTT_SAMPLE,ACK,75,0,"92.808200"
304.616,sender,69f80f1b-51b5-4827-8b4a-c8c3162cd52b,RECEIVE,ACK,89,36,""
304.619,sender,69f80f1b-51b5-4827-8b4a-c8c3162cd52b,ACKNOWLEDGED,ACK,89,0,""
304.622,sender,69f80f1b-51b5-4827-8b4a-c8c3162cd52b,CONFIRM_DATA,ACK,89,1024,"unique file bytes acknowledged"
304.625,sender,69f80f1b-51b5-4827-8b4a-c8c3162cd52b,RTT_SAMPLE,ACK,89,0,"92.718600"
304.630,sender,69f80f1b-51b5-4827-8b4a-c8c3162cd52b,RECEIVE,ACK,111,36,""
304.633,sender,69f80f1b-51b5-4827-8b4a-c8c3162cd52b,ACKNOWLEDGED,ACK,111,0,""
304.635,sender,69f80f1b-51b5-4827-8b4a-c8c3162cd52b,CONFIRM_DATA,ACK,111,1024,"unique file bytes acknowledged"
304.638,sender,69f80f1b-51b5-4827-8b4a-c8c3162cd52b,RTT_SAMPLE,ACK,111,0,"77.879200"
304.643,sender,69f80f1b-51b5-4827-8b4a-c8c3162cd52b,RECEIVE,ACK,113,36,""
304.646,sender,69f80f1b-51b5-4827-8b4a-c8c3162cd52b,ACKNOWLEDGED,ACK,113,0,""
304.649,sender,69f80f1b-51b5-4827-8b4a-c8c3162cd52b,CONFIRM_DATA,ACK,113,1024,"unique file bytes acknowledged"
304.652,sender,69f80f1b-51b5-4827-8b4a-c8c3162cd52b,RTT_SAMPLE,ACK,113,0,"77.886500"
304.657,sender,69f80f1b-51b5-4827-8b4a-c8c3162cd52b,RECEIVE,ACK,80,36,""
304.659,sender,69f80f1b-51b5-4827-8b4a-c8c3162cd52b,ACKNOWLEDGED,ACK,80,0,""
304.662,sender,69f80f1b-51b5-4827-8b4a-c8c3162cd52b,CONFIRM_DATA,ACK,80,1024,"unique file bytes acknowledged"
304.693,sender,69f80f1b-51b5-4827-8b4a-c8c3162cd52b,RTT_SAMPLE,ACK,80,0,"92.814700"
304.699,sender,69f80f1b-51b5-4827-8b4a-c8c3162cd52b,RECEIVE,ACK,77,36,""
304.702,sender,69f80f1b-51b5-4827-8b4a-c8c3162cd52b,ACKNOWLEDGED,ACK,77,0,""
304.704,sender,69f80f1b-51b5-4827-8b4a-c8c3162cd52b,CONFIRM_DATA,ACK,77,1024,"unique file bytes acknowledged"
304.707,sender,69f80f1b-51b5-4827-8b4a-c8c3162cd52b,RTT_SAMPLE,ACK,77,0,"92.898400"
304.713,sender,69f80f1b-51b5-4827-8b4a-c8c3162cd52b,RECEIVE,ACK,68,36,""
304.715,sender,69f80f1b-51b5-4827-8b4a-c8c3162cd52b,ACKNOWLEDGED,ACK,68,0,""
304.718,sender,69f80f1b-51b5-4827-8b4a-c8c3162cd52b,CONFIRM_DATA,ACK,68,1024,"unique file bytes acknowledged"
304.721,sender,69f80f1b-51b5-4827-8b4a-c8c3162cd52b,RTT_SAMPLE,ACK,68,0,"92.991600"
304.726,sender,69f80f1b-51b5-4827-8b4a-c8c3162cd52b,RECEIVE,ACK,81,36,""
304.729,sender,69f80f1b-51b5-4827-8b4a-c8c3162cd52b,ACKNOWLEDGED,ACK,81,0,""
304.731,sender,69f80f1b-51b5-4827-8b4a-c8c3162cd52b,CONFIRM_DATA,ACK,81,1024,"unique file bytes acknowledged"
304.734,sender,69f80f1b-51b5-4827-8b4a-c8c3162cd52b,RTT_SAMPLE,ACK,81,0,"92.853900"
304.740,sender,69f80f1b-51b5-4827-8b4a-c8c3162cd52b,RECEIVE,ACK,118,36,""
304.742,sender,69f80f1b-51b5-4827-8b4a-c8c3162cd52b,ACKNOWLEDGED,ACK,118,0,""
304.745,sender,69f80f1b-51b5-4827-8b4a-c8c3162cd52b,CONFIRM_DATA,ACK,118,1024,"unique file bytes acknowledged"
304.748,sender,69f80f1b-51b5-4827-8b4a-c8c3162cd52b,RTT_SAMPLE,ACK,118,0,"77.922200"
304.753,sender,69f80f1b-51b5-4827-8b4a-c8c3162cd52b,RECEIVE,ACK,112,36,""
304.755,sender,69f80f1b-51b5-4827-8b4a-c8c3162cd52b,ACKNOWLEDGED,ACK,112,0,""
304.758,sender,69f80f1b-51b5-4827-8b4a-c8c3162cd52b,CONFIRM_DATA,ACK,112,1024,"unique file bytes acknowledged"
304.761,sender,69f80f1b-51b5-4827-8b4a-c8c3162cd52b,RTT_SAMPLE,ACK,112,0,"77.998700"
304.766,sender,69f80f1b-51b5-4827-8b4a-c8c3162cd52b,RECEIVE,ACK,119,36,""
304.769,sender,69f80f1b-51b5-4827-8b4a-c8c3162cd52b,ACKNOWLEDGED,ACK,119,0,""
304.771,sender,69f80f1b-51b5-4827-8b4a-c8c3162cd52b,CONFIRM_DATA,ACK,119,1024,"unique file bytes acknowledged"
304.774,sender,69f80f1b-51b5-4827-8b4a-c8c3162cd52b,RTT_SAMPLE,ACK,119,0,"77.944900"
304.779,sender,69f80f1b-51b5-4827-8b4a-c8c3162cd52b,RECEIVE,ACK,88,36,""
304.782,sender,69f80f1b-51b5-4827-8b4a-c8c3162cd52b,ACKNOWLEDGED,ACK,88,0,""
304.784,sender,69f80f1b-51b5-4827-8b4a-c8c3162cd52b,CONFIRM_DATA,ACK,88,1024,"unique file bytes acknowledged"
304.787,sender,69f80f1b-51b5-4827-8b4a-c8c3162cd52b,RTT_SAMPLE,ACK,88,0,"92.884300"
304.793,sender,69f80f1b-51b5-4827-8b4a-c8c3162cd52b,RECEIVE,ACK,70,36,""
304.795,sender,69f80f1b-51b5-4827-8b4a-c8c3162cd52b,ACKNOWLEDGED,ACK,70,0,""
304.798,sender,69f80f1b-51b5-4827-8b4a-c8c3162cd52b,CONFIRM_DATA,ACK,70,1024,"unique file bytes acknowledged"
304.801,sender,69f80f1b-51b5-4827-8b4a-c8c3162cd52b,RTT_SAMPLE,ACK,70,0,"93.016000"
304.806,sender,69f80f1b-51b5-4827-8b4a-c8c3162cd52b,RECEIVE,ACK,69,36,""
304.808,sender,69f80f1b-51b5-4827-8b4a-c8c3162cd52b,ACKNOWLEDGED,ACK,69,0,""
304.811,sender,69f80f1b-51b5-4827-8b4a-c8c3162cd52b,CONFIRM_DATA,ACK,69,1024,"unique file bytes acknowledged"
304.814,sender,69f80f1b-51b5-4827-8b4a-c8c3162cd52b,RTT_SAMPLE,ACK,69,0,"93.081700"
304.819,sender,69f80f1b-51b5-4827-8b4a-c8c3162cd52b,RECEIVE,ACK,117,36,""
304.821,sender,69f80f1b-51b5-4827-8b4a-c8c3162cd52b,ACKNOWLEDGED,ACK,117,0,""
304.824,sender,69f80f1b-51b5-4827-8b4a-c8c3162cd52b,CONFIRM_DATA,ACK,117,1024,"unique file bytes acknowledged"
304.827,sender,69f80f1b-51b5-4827-8b4a-c8c3162cd52b,RTT_SAMPLE,ACK,117,0,"78.049900"
304.832,sender,69f80f1b-51b5-4827-8b4a-c8c3162cd52b,RECEIVE,ACK,127,36,""
304.835,sender,69f80f1b-51b5-4827-8b4a-c8c3162cd52b,ACKNOWLEDGED,ACK,127,0,""
304.837,sender,69f80f1b-51b5-4827-8b4a-c8c3162cd52b,CONFIRM_DATA,ACK,127,1024,"unique file bytes acknowledged"
304.840,sender,69f80f1b-51b5-4827-8b4a-c8c3162cd52b,RTT_SAMPLE,ACK,127,0,"77.952800"
320.641,sender,69f80f1b-51b5-4827-8b4a-c8c3162cd52b,RECEIVE,ACK,121,36,""
320.656,sender,69f80f1b-51b5-4827-8b4a-c8c3162cd52b,ACKNOWLEDGED,ACK,121,0,""
320.659,sender,69f80f1b-51b5-4827-8b4a-c8c3162cd52b,CONFIRM_DATA,ACK,121,1024,"unique file bytes acknowledged"
320.665,sender,69f80f1b-51b5-4827-8b4a-c8c3162cd52b,RTT_SAMPLE,ACK,121,0,"93.828300"
320.673,sender,69f80f1b-51b5-4827-8b4a-c8c3162cd52b,RECEIVE,ACK,64,36,""
320.676,sender,69f80f1b-51b5-4827-8b4a-c8c3162cd52b,ACKNOWLEDGED,ACK,64,0,""
320.679,sender,69f80f1b-51b5-4827-8b4a-c8c3162cd52b,CONFIRM_DATA,ACK,64,1024,"unique file bytes acknowledged"
320.683,sender,69f80f1b-51b5-4827-8b4a-c8c3162cd52b,RTT_SAMPLE,ACK,64,0,"109.033500"
320.696,sender,69f80f1b-51b5-4827-8b4a-c8c3162cd52b,SEND,DATA,128,1060,""
320.712,sender,69f80f1b-51b5-4827-8b4a-c8c3162cd52b,RECEIVE,ACK,85,36,""
320.715,sender,69f80f1b-51b5-4827-8b4a-c8c3162cd52b,ACKNOWLEDGED,ACK,85,0,""
320.717,sender,69f80f1b-51b5-4827-8b4a-c8c3162cd52b,CONFIRM_DATA,ACK,85,1024,"unique file bytes acknowledged"
320.721,sender,69f80f1b-51b5-4827-8b4a-c8c3162cd52b,RTT_SAMPLE,ACK,85,0,"108.826300"
320.738,sender,69f80f1b-51b5-4827-8b4a-c8c3162cd52b,RECEIVE,ACK,122,36,""
320.740,sender,69f80f1b-51b5-4827-8b4a-c8c3162cd52b,ACKNOWLEDGED,ACK,122,0,""
320.743,sender,69f80f1b-51b5-4827-8b4a-c8c3162cd52b,CONFIRM_DATA,ACK,122,1024,"unique file bytes acknowledged"
320.746,sender,69f80f1b-51b5-4827-8b4a-c8c3162cd52b,RTT_SAMPLE,ACK,122,0,"93.907800"
320.751,sender,69f80f1b-51b5-4827-8b4a-c8c3162cd52b,RECEIVE,ACK,92,36,""
320.754,sender,69f80f1b-51b5-4827-8b4a-c8c3162cd52b,ACKNOWLEDGED,ACK,92,0,""
320.757,sender,69f80f1b-51b5-4827-8b4a-c8c3162cd52b,CONFIRM_DATA,ACK,92,1024,"unique file bytes acknowledged"
320.760,sender,69f80f1b-51b5-4827-8b4a-c8c3162cd52b,RTT_SAMPLE,ACK,92,0,"108.845100"
320.766,sender,69f80f1b-51b5-4827-8b4a-c8c3162cd52b,RECEIVE,ACK,83,36,""
320.769,sender,69f80f1b-51b5-4827-8b4a-c8c3162cd52b,ACKNOWLEDGED,ACK,83,0,""
320.771,sender,69f80f1b-51b5-4827-8b4a-c8c3162cd52b,CONFIRM_DATA,ACK,83,1024,"unique file bytes acknowledged"
320.774,sender,69f80f1b-51b5-4827-8b4a-c8c3162cd52b,RTT_SAMPLE,ACK,83,0,"108.886200"
320.780,sender,69f80f1b-51b5-4827-8b4a-c8c3162cd52b,RECEIVE,ACK,124,36,""
320.782,sender,69f80f1b-51b5-4827-8b4a-c8c3162cd52b,ACKNOWLEDGED,ACK,124,0,""
320.785,sender,69f80f1b-51b5-4827-8b4a-c8c3162cd52b,CONFIRM_DATA,ACK,124,1024,"unique file bytes acknowledged"
320.788,sender,69f80f1b-51b5-4827-8b4a-c8c3162cd52b,RTT_SAMPLE,ACK,124,0,"93.943700"
320.793,sender,69f80f1b-51b5-4827-8b4a-c8c3162cd52b,RECEIVE,ACK,79,36,""
320.795,sender,69f80f1b-51b5-4827-8b4a-c8c3162cd52b,ACKNOWLEDGED,ACK,79,0,""
320.798,sender,69f80f1b-51b5-4827-8b4a-c8c3162cd52b,CONFIRM_DATA,ACK,79,1024,"unique file bytes acknowledged"
320.801,sender,69f80f1b-51b5-4827-8b4a-c8c3162cd52b,RTT_SAMPLE,ACK,79,0,"108.927100"
320.807,sender,69f80f1b-51b5-4827-8b4a-c8c3162cd52b,RECEIVE,ACK,65,36,""
320.809,sender,69f80f1b-51b5-4827-8b4a-c8c3162cd52b,ACKNOWLEDGED,ACK,65,0,""
320.812,sender,69f80f1b-51b5-4827-8b4a-c8c3162cd52b,CONFIRM_DATA,ACK,65,1024,"unique file bytes acknowledged"
320.815,sender,69f80f1b-51b5-4827-8b4a-c8c3162cd52b,RTT_SAMPLE,ACK,65,0,"109.095100"
320.818,sender,69f80f1b-51b5-4827-8b4a-c8c3162cd52b,SEND,DATA,129,1060,""
320.821,sender,69f80f1b-51b5-4827-8b4a-c8c3162cd52b,SEND,DATA,130,1060,""
320.825,sender,69f80f1b-51b5-4827-8b4a-c8c3162cd52b,SEND,DATA,131,1060,""
320.828,sender,69f80f1b-51b5-4827-8b4a-c8c3162cd52b,SEND,DATA,132,1060,""
320.831,sender,69f80f1b-51b5-4827-8b4a-c8c3162cd52b,SEND,DATA,133,1060,""
320.834,sender,69f80f1b-51b5-4827-8b4a-c8c3162cd52b,SEND,DATA,134,1060,""
320.837,sender,69f80f1b-51b5-4827-8b4a-c8c3162cd52b,SEND,DATA,135,1060,""
320.839,sender,69f80f1b-51b5-4827-8b4a-c8c3162cd52b,SEND,DATA,136,1060,""
320.843,sender,69f80f1b-51b5-4827-8b4a-c8c3162cd52b,SEND,DATA,137,1060,""
320.848,sender,69f80f1b-51b5-4827-8b4a-c8c3162cd52b,RECEIVE,ACK,101,36,""
320.850,sender,69f80f1b-51b5-4827-8b4a-c8c3162cd52b,ACKNOWLEDGED,ACK,101,0,""
320.853,sender,69f80f1b-51b5-4827-8b4a-c8c3162cd52b,CONFIRM_DATA,ACK,101,1024,"unique file bytes acknowledged"
320.856,sender,69f80f1b-51b5-4827-8b4a-c8c3162cd52b,RTT_SAMPLE,ACK,101,0,"94.127700"
320.903,sender,69f80f1b-51b5-4827-8b4a-c8c3162cd52b,RECEIVE,ACK,74,36,""
320.905,sender,69f80f1b-51b5-4827-8b4a-c8c3162cd52b,ACKNOWLEDGED,ACK,74,0,""
320.908,sender,69f80f1b-51b5-4827-8b4a-c8c3162cd52b,CONFIRM_DATA,ACK,74,1024,"unique file bytes acknowledged"
320.911,sender,69f80f1b-51b5-4827-8b4a-c8c3162cd52b,RTT_SAMPLE,ACK,74,0,"109.111400"
320.914,sender,69f80f1b-51b5-4827-8b4a-c8c3162cd52b,SEND,DATA,138,1060,""
320.917,sender,69f80f1b-51b5-4827-8b4a-c8c3162cd52b,SEND,DATA,139,1060,""
320.920,sender,69f80f1b-51b5-4827-8b4a-c8c3162cd52b,SEND,DATA,140,1060,""
320.923,sender,69f80f1b-51b5-4827-8b4a-c8c3162cd52b,SEND,DATA,141,1060,""
320.926,sender,69f80f1b-51b5-4827-8b4a-c8c3162cd52b,SEND,DATA,142,1060,""
320.929,sender,69f80f1b-51b5-4827-8b4a-c8c3162cd52b,SEND,DATA,143,1060,""
320.935,sender,69f80f1b-51b5-4827-8b4a-c8c3162cd52b,SEND,DATA,144,1060,""
320.938,sender,69f80f1b-51b5-4827-8b4a-c8c3162cd52b,SEND,DATA,145,1060,""
320.941,sender,69f80f1b-51b5-4827-8b4a-c8c3162cd52b,SEND,DATA,146,1060,""
320.944,sender,69f80f1b-51b5-4827-8b4a-c8c3162cd52b,SEND,DATA,147,1060,""
320.947,sender,69f80f1b-51b5-4827-8b4a-c8c3162cd52b,SEND,DATA,148,1060,""
320.950,sender,69f80f1b-51b5-4827-8b4a-c8c3162cd52b,SEND,DATA,149,1060,""
320.953,sender,69f80f1b-51b5-4827-8b4a-c8c3162cd52b,SEND,DATA,150,1060,""
320.957,sender,69f80f1b-51b5-4827-8b4a-c8c3162cd52b,RECEIVE,ACK,115,36,""
320.960,sender,69f80f1b-51b5-4827-8b4a-c8c3162cd52b,ACKNOWLEDGED,ACK,115,0,""
320.962,sender,69f80f1b-51b5-4827-8b4a-c8c3162cd52b,CONFIRM_DATA,ACK,115,1024,"unique file bytes acknowledged"
320.966,sender,69f80f1b-51b5-4827-8b4a-c8c3162cd52b,RTT_SAMPLE,ACK,115,0,"94.194400"
320.971,sender,69f80f1b-51b5-4827-8b4a-c8c3162cd52b,RECEIVE,ACK,91,36,""
320.973,sender,69f80f1b-51b5-4827-8b4a-c8c3162cd52b,ACKNOWLEDGED,ACK,91,0,""
320.976,sender,69f80f1b-51b5-4827-8b4a-c8c3162cd52b,CONFIRM_DATA,ACK,91,1024,"unique file bytes acknowledged"
320.979,sender,69f80f1b-51b5-4827-8b4a-c8c3162cd52b,RTT_SAMPLE,ACK,91,0,"109.066900"
320.984,sender,69f80f1b-51b5-4827-8b4a-c8c3162cd52b,RECEIVE,ACK,104,36,""
320.987,sender,69f80f1b-51b5-4827-8b4a-c8c3162cd52b,ACKNOWLEDGED,ACK,104,0,""
320.989,sender,69f80f1b-51b5-4827-8b4a-c8c3162cd52b,CONFIRM_DATA,ACK,104,1024,"unique file bytes acknowledged"
320.993,sender,69f80f1b-51b5-4827-8b4a-c8c3162cd52b,RTT_SAMPLE,ACK,104,0,"94.254800"
320.998,sender,69f80f1b-51b5-4827-8b4a-c8c3162cd52b,RECEIVE,ACK,106,36,""
321.000,sender,69f80f1b-51b5-4827-8b4a-c8c3162cd52b,ACKNOWLEDGED,ACK,106,0,""
321.003,sender,69f80f1b-51b5-4827-8b4a-c8c3162cd52b,CONFIRM_DATA,ACK,106,1024,"unique file bytes acknowledged"
321.006,sender,69f80f1b-51b5-4827-8b4a-c8c3162cd52b,RTT_SAMPLE,ACK,106,0,"94.261800"
321.011,sender,69f80f1b-51b5-4827-8b4a-c8c3162cd52b,RECEIVE,ACK,90,36,""
321.014,sender,69f80f1b-51b5-4827-8b4a-c8c3162cd52b,ACKNOWLEDGED,ACK,90,0,""
321.016,sender,69f80f1b-51b5-4827-8b4a-c8c3162cd52b,CONFIRM_DATA,ACK,90,1024,"unique file bytes acknowledged"
321.019,sender,69f80f1b-51b5-4827-8b4a-c8c3162cd52b,RTT_SAMPLE,ACK,90,0,"109.110400"
321.025,sender,69f80f1b-51b5-4827-8b4a-c8c3162cd52b,RECEIVE,ACK,108,36,""
321.027,sender,69f80f1b-51b5-4827-8b4a-c8c3162cd52b,ACKNOWLEDGED,ACK,108,0,""
321.030,sender,69f80f1b-51b5-4827-8b4a-c8c3162cd52b,CONFIRM_DATA,ACK,108,1024,"unique file bytes acknowledged"
321.033,sender,69f80f1b-51b5-4827-8b4a-c8c3162cd52b,RTT_SAMPLE,ACK,108,0,"94.283000"
321.039,sender,69f80f1b-51b5-4827-8b4a-c8c3162cd52b,RECEIVE,ACK,116,36,""
321.041,sender,69f80f1b-51b5-4827-8b4a-c8c3162cd52b,ACKNOWLEDGED,ACK,116,0,""
321.044,sender,69f80f1b-51b5-4827-8b4a-c8c3162cd52b,CONFIRM_DATA,ACK,116,1024,"unique file bytes acknowledged"
321.047,sender,69f80f1b-51b5-4827-8b4a-c8c3162cd52b,RTT_SAMPLE,ACK,116,0,"94.272600"
321.052,sender,69f80f1b-51b5-4827-8b4a-c8c3162cd52b,RECEIVE,ACK,110,36,""
321.054,sender,69f80f1b-51b5-4827-8b4a-c8c3162cd52b,ACKNOWLEDGED,ACK,110,0,""
321.057,sender,69f80f1b-51b5-4827-8b4a-c8c3162cd52b,CONFIRM_DATA,ACK,110,1024,"unique file bytes acknowledged"
321.060,sender,69f80f1b-51b5-4827-8b4a-c8c3162cd52b,RTT_SAMPLE,ACK,110,0,"94.304000"
321.065,sender,69f80f1b-51b5-4827-8b4a-c8c3162cd52b,RECEIVE,ACK,123,36,""
321.068,sender,69f80f1b-51b5-4827-8b4a-c8c3162cd52b,ACKNOWLEDGED,ACK,123,0,""
321.070,sender,69f80f1b-51b5-4827-8b4a-c8c3162cd52b,CONFIRM_DATA,ACK,123,1024,"unique file bytes acknowledged"
321.073,sender,69f80f1b-51b5-4827-8b4a-c8c3162cd52b,RTT_SAMPLE,ACK,123,0,"94.232200"
321.078,sender,69f80f1b-51b5-4827-8b4a-c8c3162cd52b,RECEIVE,ACK,100,36,""
321.081,sender,69f80f1b-51b5-4827-8b4a-c8c3162cd52b,ACKNOWLEDGED,ACK,100,0,""
321.084,sender,69f80f1b-51b5-4827-8b4a-c8c3162cd52b,CONFIRM_DATA,ACK,100,1024,"unique file bytes acknowledged"
321.087,sender,69f80f1b-51b5-4827-8b4a-c8c3162cd52b,RTT_SAMPLE,ACK,100,0,"94.363600"
321.092,sender,69f80f1b-51b5-4827-8b4a-c8c3162cd52b,RECEIVE,ACK,114,36,""
321.094,sender,69f80f1b-51b5-4827-8b4a-c8c3162cd52b,ACKNOWLEDGED,ACK,114,0,""
321.097,sender,69f80f1b-51b5-4827-8b4a-c8c3162cd52b,CONFIRM_DATA,ACK,114,1024,"unique file bytes acknowledged"
321.100,sender,69f80f1b-51b5-4827-8b4a-c8c3162cd52b,RTT_SAMPLE,ACK,114,0,"94.331800"
321.105,sender,69f80f1b-51b5-4827-8b4a-c8c3162cd52b,RECEIVE,ACK,107,36,""
321.108,sender,69f80f1b-51b5-4827-8b4a-c8c3162cd52b,ACKNOWLEDGED,ACK,107,0,""
321.110,sender,69f80f1b-51b5-4827-8b4a-c8c3162cd52b,CONFIRM_DATA,ACK,107,1024,"unique file bytes acknowledged"
321.113,sender,69f80f1b-51b5-4827-8b4a-c8c3162cd52b,RTT_SAMPLE,ACK,107,0,"94.366200"
336.964,sender,69f80f1b-51b5-4827-8b4a-c8c3162cd52b,RECEIVE,ACK,102,36,""
336.981,sender,69f80f1b-51b5-4827-8b4a-c8c3162cd52b,ACKNOWLEDGED,ACK,102,0,""
336.984,sender,69f80f1b-51b5-4827-8b4a-c8c3162cd52b,CONFIRM_DATA,ACK,102,1024,"unique file bytes acknowledged"
336.990,sender,69f80f1b-51b5-4827-8b4a-c8c3162cd52b,RTT_SAMPLE,ACK,102,0,"110.256700"
336.998,sender,69f80f1b-51b5-4827-8b4a-c8c3162cd52b,RECEIVE,ACK,103,36,""
337.001,sender,69f80f1b-51b5-4827-8b4a-c8c3162cd52b,ACKNOWLEDGED,ACK,103,0,""
337.003,sender,69f80f1b-51b5-4827-8b4a-c8c3162cd52b,CONFIRM_DATA,ACK,103,1024,"unique file bytes acknowledged"
337.007,sender,69f80f1b-51b5-4827-8b4a-c8c3162cd52b,RTT_SAMPLE,ACK,103,0,"110.272100"
337.013,sender,69f80f1b-51b5-4827-8b4a-c8c3162cd52b,RECEIVE,ACK,99,36,""
337.015,sender,69f80f1b-51b5-4827-8b4a-c8c3162cd52b,ACKNOWLEDGED,ACK,99,0,""
337.022,sender,69f80f1b-51b5-4827-8b4a-c8c3162cd52b,CONFIRM_DATA,ACK,99,1024,"unique file bytes acknowledged"
337.026,sender,69f80f1b-51b5-4827-8b4a-c8c3162cd52b,RTT_SAMPLE,ACK,99,0,"125.090400"
337.031,sender,69f80f1b-51b5-4827-8b4a-c8c3162cd52b,RECEIVE,ACK,120,36,""
337.034,sender,69f80f1b-51b5-4827-8b4a-c8c3162cd52b,ACKNOWLEDGED,ACK,120,0,""
337.036,sender,69f80f1b-51b5-4827-8b4a-c8c3162cd52b,CONFIRM_DATA,ACK,120,1024,"unique file bytes acknowledged"
337.040,sender,69f80f1b-51b5-4827-8b4a-c8c3162cd52b,RTT_SAMPLE,ACK,120,0,"110.207500"
337.045,sender,69f80f1b-51b5-4827-8b4a-c8c3162cd52b,RECEIVE,ACK,87,36,""
337.047,sender,69f80f1b-51b5-4827-8b4a-c8c3162cd52b,ACKNOWLEDGED,ACK,87,0,""
337.050,sender,69f80f1b-51b5-4827-8b4a-c8c3162cd52b,CONFIRM_DATA,ACK,87,1024,"unique file bytes acknowledged"
337.053,sender,69f80f1b-51b5-4827-8b4a-c8c3162cd52b,RTT_SAMPLE,ACK,87,0,"125.152900"
337.057,sender,69f80f1b-51b5-4827-8b4a-c8c3162cd52b,SEND,DATA,151,1060,""
337.063,sender,69f80f1b-51b5-4827-8b4a-c8c3162cd52b,SEND,DATA,152,1060,""
337.066,sender,69f80f1b-51b5-4827-8b4a-c8c3162cd52b,SEND,DATA,153,1060,""
337.069,sender,69f80f1b-51b5-4827-8b4a-c8c3162cd52b,SEND,DATA,154,1060,""
337.072,sender,69f80f1b-51b5-4827-8b4a-c8c3162cd52b,SEND,DATA,155,1060,""
337.075,sender,69f80f1b-51b5-4827-8b4a-c8c3162cd52b,SEND,DATA,156,1060,""
337.080,sender,69f80f1b-51b5-4827-8b4a-c8c3162cd52b,RECEIVE,ACK,125,36,""
337.083,sender,69f80f1b-51b5-4827-8b4a-c8c3162cd52b,ACKNOWLEDGED,ACK,125,0,""
337.086,sender,69f80f1b-51b5-4827-8b4a-c8c3162cd52b,CONFIRM_DATA,ACK,125,1024,"unique file bytes acknowledged"
337.089,sender,69f80f1b-51b5-4827-8b4a-c8c3162cd52b,RTT_SAMPLE,ACK,125,0,"110.241800"
337.094,sender,69f80f1b-51b5-4827-8b4a-c8c3162cd52b,RECEIVE,ACK,93,36,""
337.097,sender,69f80f1b-51b5-4827-8b4a-c8c3162cd52b,ACKNOWLEDGED,ACK,93,0,""
337.207,sender,69f80f1b-51b5-4827-8b4a-c8c3162cd52b,CONFIRM_DATA,ACK,93,1024,"unique file bytes acknowledged"
337.210,sender,69f80f1b-51b5-4827-8b4a-c8c3162cd52b,RTT_SAMPLE,ACK,93,0,"125.292300"
337.214,sender,69f80f1b-51b5-4827-8b4a-c8c3162cd52b,SEND,DATA,157,1060,""
337.218,sender,69f80f1b-51b5-4827-8b4a-c8c3162cd52b,SEND,DATA,158,1060,""
337.221,sender,69f80f1b-51b5-4827-8b4a-c8c3162cd52b,SEND,DATA,159,1060,""
337.225,sender,69f80f1b-51b5-4827-8b4a-c8c3162cd52b,SEND,DATA,160,1060,""
337.228,sender,69f80f1b-51b5-4827-8b4a-c8c3162cd52b,SEND,DATA,161,1060,""
337.231,sender,69f80f1b-51b5-4827-8b4a-c8c3162cd52b,SEND,DATA,162,1060,""
337.234,sender,69f80f1b-51b5-4827-8b4a-c8c3162cd52b,SEND,DATA,163,1060,""
337.237,sender,69f80f1b-51b5-4827-8b4a-c8c3162cd52b,SEND,DATA,164,1060,""
337.240,sender,69f80f1b-51b5-4827-8b4a-c8c3162cd52b,SEND,DATA,165,1060,""
337.243,sender,69f80f1b-51b5-4827-8b4a-c8c3162cd52b,SEND,DATA,166,1060,""
337.245,sender,69f80f1b-51b5-4827-8b4a-c8c3162cd52b,SEND,DATA,167,1060,""
337.248,sender,69f80f1b-51b5-4827-8b4a-c8c3162cd52b,SEND,DATA,168,1060,""
337.251,sender,69f80f1b-51b5-4827-8b4a-c8c3162cd52b,SEND,DATA,169,1060,""
337.254,sender,69f80f1b-51b5-4827-8b4a-c8c3162cd52b,SEND,DATA,170,1060,""
337.257,sender,69f80f1b-51b5-4827-8b4a-c8c3162cd52b,SEND,DATA,171,1060,""
337.260,sender,69f80f1b-51b5-4827-8b4a-c8c3162cd52b,SEND,DATA,172,1060,""
337.266,sender,69f80f1b-51b5-4827-8b4a-c8c3162cd52b,RECEIVE,ACK,109,36,""
337.268,sender,69f80f1b-51b5-4827-8b4a-c8c3162cd52b,ACKNOWLEDGED,ACK,109,0,""
337.271,sender,69f80f1b-51b5-4827-8b4a-c8c3162cd52b,CONFIRM_DATA,ACK,109,1024,"unique file bytes acknowledged"
337.274,sender,69f80f1b-51b5-4827-8b4a-c8c3162cd52b,RTT_SAMPLE,ACK,109,0,"110.520700"
337.277,sender,69f80f1b-51b5-4827-8b4a-c8c3162cd52b,SEND,DATA,173,1060,""
337.280,sender,69f80f1b-51b5-4827-8b4a-c8c3162cd52b,SEND,DATA,174,1060,""
337.283,sender,69f80f1b-51b5-4827-8b4a-c8c3162cd52b,SEND,DATA,175,1060,""
337.286,sender,69f80f1b-51b5-4827-8b4a-c8c3162cd52b,SEND,DATA,176,1060,""
337.289,sender,69f80f1b-51b5-4827-8b4a-c8c3162cd52b,SEND,DATA,177,1060,""
337.292,sender,69f80f1b-51b5-4827-8b4a-c8c3162cd52b,SEND,DATA,178,1060,""
337.295,sender,69f80f1b-51b5-4827-8b4a-c8c3162cd52b,SEND,DATA,179,1060,""
337.298,sender,69f80f1b-51b5-4827-8b4a-c8c3162cd52b,SEND,DATA,180,1060,""
337.301,sender,69f80f1b-51b5-4827-8b4a-c8c3162cd52b,SEND,DATA,181,1060,""
337.304,sender,69f80f1b-51b5-4827-8b4a-c8c3162cd52b,SEND,DATA,182,1060,""
337.307,sender,69f80f1b-51b5-4827-8b4a-c8c3162cd52b,SEND,DATA,183,1060,""
337.310,sender,69f80f1b-51b5-4827-8b4a-c8c3162cd52b,SEND,DATA,184,1060,""
337.313,sender,69f80f1b-51b5-4827-8b4a-c8c3162cd52b,SEND,DATA,185,1060,""
337.315,sender,69f80f1b-51b5-4827-8b4a-c8c3162cd52b,SEND,DATA,186,1060,""
337.319,sender,69f80f1b-51b5-4827-8b4a-c8c3162cd52b,SEND,DATA,187,1060,""
337.321,sender,69f80f1b-51b5-4827-8b4a-c8c3162cd52b,SEND,DATA,188,1060,""
337.324,sender,69f80f1b-51b5-4827-8b4a-c8c3162cd52b,SEND,DATA,189,1060,""
337.327,sender,69f80f1b-51b5-4827-8b4a-c8c3162cd52b,SEND,DATA,190,1060,""
337.330,sender,69f80f1b-51b5-4827-8b4a-c8c3162cd52b,SEND,DATA,191,1060,""
352.525,sender,69f80f1b-51b5-4827-8b4a-c8c3162cd52b,EMIT,DATA,128,1060,""
352.582,sender,69f80f1b-51b5-4827-8b4a-c8c3162cd52b,EMIT,DATA,148,1060,""
352.606,sender,69f80f1b-51b5-4827-8b4a-c8c3162cd52b,EMIT,DATA,142,1060,""
352.626,sender,69f80f1b-51b5-4827-8b4a-c8c3162cd52b,EMIT,DATA,145,1060,""
369.240,sender,69f80f1b-51b5-4827-8b4a-c8c3162cd52b,EMIT,DATA,146,1060,""
369.459,sender,69f80f1b-51b5-4827-8b4a-c8c3162cd52b,EMIT,DATA,140,1060,""
369.537,sender,69f80f1b-51b5-4827-8b4a-c8c3162cd52b,EMIT,DATA,133,1060,""
369.604,sender,69f80f1b-51b5-4827-8b4a-c8c3162cd52b,EMIT,DATA,143,1060,""
369.614,sender,69f80f1b-51b5-4827-8b4a-c8c3162cd52b,EMIT,DATA,144,1060,""
369.622,sender,69f80f1b-51b5-4827-8b4a-c8c3162cd52b,EMIT,DATA,150,1060,""
369.630,sender,69f80f1b-51b5-4827-8b4a-c8c3162cd52b,EMIT,DATA,137,1060,""
369.638,sender,69f80f1b-51b5-4827-8b4a-c8c3162cd52b,EMIT,DATA,149,1060,""
369.647,sender,69f80f1b-51b5-4827-8b4a-c8c3162cd52b,EMIT,DATA,131,1060,""
369.654,sender,69f80f1b-51b5-4827-8b4a-c8c3162cd52b,EMIT,DATA,139,1060,""
369.662,sender,69f80f1b-51b5-4827-8b4a-c8c3162cd52b,EMIT,DATA,129,1060,""
369.670,sender,69f80f1b-51b5-4827-8b4a-c8c3162cd52b,EMIT,DATA,132,1060,""
369.678,sender,69f80f1b-51b5-4827-8b4a-c8c3162cd52b,EMIT,DATA,178,1060,""
369.686,sender,69f80f1b-51b5-4827-8b4a-c8c3162cd52b,EMIT,DATA,180,1060,""
369.694,sender,69f80f1b-51b5-4827-8b4a-c8c3162cd52b,EMIT,DATA,184,1060,""
369.701,sender,69f80f1b-51b5-4827-8b4a-c8c3162cd52b,EMIT,DATA,138,1060,""
369.709,sender,69f80f1b-51b5-4827-8b4a-c8c3162cd52b,EMIT,DATA,157,1060,""
369.717,sender,69f80f1b-51b5-4827-8b4a-c8c3162cd52b,EMIT,DATA,166,1060,""
369.724,sender,69f80f1b-51b5-4827-8b4a-c8c3162cd52b,EMIT,DATA,136,1060,""
369.742,sender,69f80f1b-51b5-4827-8b4a-c8c3162cd52b,EMIT,DATA,159,1060,""
369.750,sender,69f80f1b-51b5-4827-8b4a-c8c3162cd52b,EMIT,DATA,147,1060,""
369.758,sender,69f80f1b-51b5-4827-8b4a-c8c3162cd52b,EMIT,DATA,158,1060,""
369.765,sender,69f80f1b-51b5-4827-8b4a-c8c3162cd52b,EMIT,DATA,181,1060,""
369.777,sender,69f80f1b-51b5-4827-8b4a-c8c3162cd52b,EMIT,DATA,186,1060,""
369.784,sender,69f80f1b-51b5-4827-8b4a-c8c3162cd52b,EMIT,DATA,134,1060,""
369.792,sender,69f80f1b-51b5-4827-8b4a-c8c3162cd52b,EMIT,DATA,141,1060,""
369.800,sender,69f80f1b-51b5-4827-8b4a-c8c3162cd52b,EMIT,DATA,153,1060,""
369.807,sender,69f80f1b-51b5-4827-8b4a-c8c3162cd52b,EMIT,DATA,176,1060,""
369.815,sender,69f80f1b-51b5-4827-8b4a-c8c3162cd52b,EMIT,DATA,187,1060,""
369.822,sender,69f80f1b-51b5-4827-8b4a-c8c3162cd52b,EMIT,DATA,191,1060,""
369.830,sender,69f80f1b-51b5-4827-8b4a-c8c3162cd52b,EMIT,DATA,135,1060,""
369.838,sender,69f80f1b-51b5-4827-8b4a-c8c3162cd52b,EMIT,DATA,160,1060,""
369.857,sender,69f80f1b-51b5-4827-8b4a-c8c3162cd52b,EMIT,DATA,170,1060,""
369.865,sender,69f80f1b-51b5-4827-8b4a-c8c3162cd52b,EMIT,DATA,182,1060,""
369.874,sender,69f80f1b-51b5-4827-8b4a-c8c3162cd52b,EMIT,DATA,130,1060,""
384.586,sender,69f80f1b-51b5-4827-8b4a-c8c3162cd52b,EMIT,DATA,179,1060,""
384.617,sender,69f80f1b-51b5-4827-8b4a-c8c3162cd52b,EMIT,DATA,171,1060,""
384.627,sender,69f80f1b-51b5-4827-8b4a-c8c3162cd52b,EMIT,DATA,161,1060,""
384.635,sender,69f80f1b-51b5-4827-8b4a-c8c3162cd52b,EMIT,DATA,156,1060,""
384.644,sender,69f80f1b-51b5-4827-8b4a-c8c3162cd52b,EMIT,DATA,167,1060,""
384.651,sender,69f80f1b-51b5-4827-8b4a-c8c3162cd52b,EMIT,DATA,175,1060,""
384.659,sender,69f80f1b-51b5-4827-8b4a-c8c3162cd52b,EMIT,DATA,185,1060,""
384.667,sender,69f80f1b-51b5-4827-8b4a-c8c3162cd52b,EMIT,DATA,152,1060,""
384.675,sender,69f80f1b-51b5-4827-8b4a-c8c3162cd52b,EMIT,DATA,169,1060,""
384.682,sender,69f80f1b-51b5-4827-8b4a-c8c3162cd52b,EMIT,DATA,189,1060,""
384.693,sender,69f80f1b-51b5-4827-8b4a-c8c3162cd52b,EMIT,DATA,151,1060,""
384.702,sender,69f80f1b-51b5-4827-8b4a-c8c3162cd52b,EMIT,DATA,164,1060,""
384.710,sender,69f80f1b-51b5-4827-8b4a-c8c3162cd52b,EMIT,DATA,163,1060,""
384.718,sender,69f80f1b-51b5-4827-8b4a-c8c3162cd52b,EMIT,DATA,177,1060,""
384.726,sender,69f80f1b-51b5-4827-8b4a-c8c3162cd52b,EMIT,DATA,183,1060,""
384.735,sender,69f80f1b-51b5-4827-8b4a-c8c3162cd52b,EMIT,DATA,172,1060,""
384.742,sender,69f80f1b-51b5-4827-8b4a-c8c3162cd52b,EMIT,DATA,168,1060,""
384.750,sender,69f80f1b-51b5-4827-8b4a-c8c3162cd52b,EMIT,DATA,190,1060,""
384.767,sender,69f80f1b-51b5-4827-8b4a-c8c3162cd52b,EMIT,DATA,154,1060,""
384.778,sender,69f80f1b-51b5-4827-8b4a-c8c3162cd52b,EMIT,DATA,173,1060,""
384.787,sender,69f80f1b-51b5-4827-8b4a-c8c3162cd52b,EMIT,DATA,162,1060,""
384.796,sender,69f80f1b-51b5-4827-8b4a-c8c3162cd52b,EMIT,DATA,165,1060,""
384.834,sender,69f80f1b-51b5-4827-8b4a-c8c3162cd52b,RECEIVE,ACK,148,36,""
384.843,sender,69f80f1b-51b5-4827-8b4a-c8c3162cd52b,ACKNOWLEDGED,ACK,148,0,""
384.846,sender,69f80f1b-51b5-4827-8b4a-c8c3162cd52b,CONFIRM_DATA,ACK,148,1024,"unique file bytes acknowledged"
384.851,sender,69f80f1b-51b5-4827-8b4a-c8c3162cd52b,RTT_SAMPLE,ACK,148,0,"63.902800"
384.875,sender,69f80f1b-51b5-4827-8b4a-c8c3162cd52b,RECEIVE,ACK,142,36,""
384.907,sender,69f80f1b-51b5-4827-8b4a-c8c3162cd52b,ACKNOWLEDGED,ACK,142,0,""
384.915,sender,69f80f1b-51b5-4827-8b4a-c8c3162cd52b,CONFIRM_DATA,ACK,142,1024,"unique file bytes acknowledged"
384.918,sender,69f80f1b-51b5-4827-8b4a-c8c3162cd52b,RTT_SAMPLE,ACK,142,0,"63.991300"
400.361,sender,69f80f1b-51b5-4827-8b4a-c8c3162cd52b,RECEIVE,ACK,145,36,""
400.380,sender,69f80f1b-51b5-4827-8b4a-c8c3162cd52b,EMIT,DATA,174,1060,""
400.389,sender,69f80f1b-51b5-4827-8b4a-c8c3162cd52b,ACKNOWLEDGED,ACK,145,0,""
400.393,sender,69f80f1b-51b5-4827-8b4a-c8c3162cd52b,CONFIRM_DATA,ACK,145,1024,"unique file bytes acknowledged"
400.398,sender,69f80f1b-51b5-4827-8b4a-c8c3162cd52b,RTT_SAMPLE,ACK,145,0,"79.459000"
400.402,sender,69f80f1b-51b5-4827-8b4a-c8c3162cd52b,EMIT,DATA,188,1060,""
400.412,sender,69f80f1b-51b5-4827-8b4a-c8c3162cd52b,EMIT,DATA,155,1060,""
400.417,sender,69f80f1b-51b5-4827-8b4a-c8c3162cd52b,RECEIVE,ACK,186,36,""
400.420,sender,69f80f1b-51b5-4827-8b4a-c8c3162cd52b,ACKNOWLEDGED,ACK,186,0,""
400.423,sender,69f80f1b-51b5-4827-8b4a-c8c3162cd52b,CONFIRM_DATA,ACK,186,1024,"unique file bytes acknowledged"
400.427,sender,69f80f1b-51b5-4827-8b4a-c8c3162cd52b,RTT_SAMPLE,ACK,186,0,"63.110400"
400.433,sender,69f80f1b-51b5-4827-8b4a-c8c3162cd52b,RECEIVE,ACK,140,36,""
400.436,sender,69f80f1b-51b5-4827-8b4a-c8c3162cd52b,ACKNOWLEDGED,ACK,140,0,""
400.438,sender,69f80f1b-51b5-4827-8b4a-c8c3162cd52b,CONFIRM_DATA,ACK,140,1024,"unique file bytes acknowledged"
400.442,sender,69f80f1b-51b5-4827-8b4a-c8c3162cd52b,RTT_SAMPLE,ACK,140,0,"79.520800"
400.448,sender,69f80f1b-51b5-4827-8b4a-c8c3162cd52b,RECEIVE,ACK,184,36,""
400.450,sender,69f80f1b-51b5-4827-8b4a-c8c3162cd52b,ACKNOWLEDGED,ACK,184,0,""
400.453,sender,69f80f1b-51b5-4827-8b4a-c8c3162cd52b,CONFIRM_DATA,ACK,184,1024,"unique file bytes acknowledged"
400.456,sender,69f80f1b-51b5-4827-8b4a-c8c3162cd52b,RTT_SAMPLE,ACK,184,0,"63.146000"
400.462,sender,69f80f1b-51b5-4827-8b4a-c8c3162cd52b,RECEIVE,ACK,134,36,""
400.465,sender,69f80f1b-51b5-4827-8b4a-c8c3162cd52b,ACKNOWLEDGED,ACK,134,0,""
400.467,sender,69f80f1b-51b5-4827-8b4a-c8c3162cd52b,CONFIRM_DATA,ACK,134,1024,"unique file bytes acknowledged"
400.471,sender,69f80f1b-51b5-4827-8b4a-c8c3162cd52b,RTT_SAMPLE,ACK,134,0,"79.636600"
400.477,sender,69f80f1b-51b5-4827-8b4a-c8c3162cd52b,RECEIVE,ACK,135,36,""
400.479,sender,69f80f1b-51b5-4827-8b4a-c8c3162cd52b,ACKNOWLEDGED,ACK,135,0,""
400.506,sender,69f80f1b-51b5-4827-8b4a-c8c3162cd52b,CONFIRM_DATA,ACK,135,1024,"unique file bytes acknowledged"
400.509,sender,69f80f1b-51b5-4827-8b4a-c8c3162cd52b,RTT_SAMPLE,ACK,135,0,"79.672200"
400.515,sender,69f80f1b-51b5-4827-8b4a-c8c3162cd52b,RECEIVE,ACK,131,36,""
400.518,sender,69f80f1b-51b5-4827-8b4a-c8c3162cd52b,ACKNOWLEDGED,ACK,131,0,""
400.521,sender,69f80f1b-51b5-4827-8b4a-c8c3162cd52b,CONFIRM_DATA,ACK,131,1024,"unique file bytes acknowledged"
400.524,sender,69f80f1b-51b5-4827-8b4a-c8c3162cd52b,RTT_SAMPLE,ACK,131,0,"79.699600"
400.531,sender,69f80f1b-51b5-4827-8b4a-c8c3162cd52b,RECEIVE,ACK,136,36,""
400.534,sender,69f80f1b-51b5-4827-8b4a-c8c3162cd52b,ACKNOWLEDGED,ACK,136,0,""
400.537,sender,69f80f1b-51b5-4827-8b4a-c8c3162cd52b,CONFIRM_DATA,ACK,136,1024,"unique file bytes acknowledged"
400.540,sender,69f80f1b-51b5-4827-8b4a-c8c3162cd52b,RTT_SAMPLE,ACK,136,0,"79.700200"
400.547,sender,69f80f1b-51b5-4827-8b4a-c8c3162cd52b,RECEIVE,ACK,129,36,""
400.549,sender,69f80f1b-51b5-4827-8b4a-c8c3162cd52b,ACKNOWLEDGED,ACK,129,0,""
400.552,sender,69f80f1b-51b5-4827-8b4a-c8c3162cd52b,CONFIRM_DATA,ACK,129,1024,"unique file bytes acknowledged"
400.556,sender,69f80f1b-51b5-4827-8b4a-c8c3162cd52b,RTT_SAMPLE,ACK,129,0,"79.737500"
400.566,sender,69f80f1b-51b5-4827-8b4a-c8c3162cd52b,RECEIVE,ACK,128,36,""
400.569,sender,69f80f1b-51b5-4827-8b4a-c8c3162cd52b,ACKNOWLEDGED,ACK,128,0,""
400.572,sender,69f80f1b-51b5-4827-8b4a-c8c3162cd52b,CONFIRM_DATA,ACK,128,1024,"unique file bytes acknowledged"
400.575,sender,69f80f1b-51b5-4827-8b4a-c8c3162cd52b,RTT_SAMPLE,ACK,128,0,"79.879000"
400.580,sender,69f80f1b-51b5-4827-8b4a-c8c3162cd52b,SEND,DATA,192,1060,""
400.591,sender,69f80f1b-51b5-4827-8b4a-c8c3162cd52b,SEND,DATA,193,1060,""
400.598,sender,69f80f1b-51b5-4827-8b4a-c8c3162cd52b,RECEIVE,ACK,158,36,""
400.601,sender,69f80f1b-51b5-4827-8b4a-c8c3162cd52b,ACKNOWLEDGED,ACK,158,0,""
400.604,sender,69f80f1b-51b5-4827-8b4a-c8c3162cd52b,CONFIRM_DATA,ACK,158,1024,"unique file bytes acknowledged"
400.607,sender,69f80f1b-51b5-4827-8b4a-c8c3162cd52b,RTT_SAMPLE,ACK,158,0,"63.389000"
415.079,sender,69f80f1b-51b5-4827-8b4a-c8c3162cd52b,RECEIVE,ACK,137,36,""
415.088,sender,69f80f1b-51b5-4827-8b4a-c8c3162cd52b,ACKNOWLEDGED,ACK,137,0,""
415.092,sender,69f80f1b-51b5-4827-8b4a-c8c3162cd52b,CONFIRM_DATA,ACK,137,1024,"unique file bytes acknowledged"
415.097,sender,69f80f1b-51b5-4827-8b4a-c8c3162cd52b,RTT_SAMPLE,ACK,137,0,"94.252400"
415.109,sender,69f80f1b-51b5-4827-8b4a-c8c3162cd52b,RECEIVE,ACK,139,36,""
415.111,sender,69f80f1b-51b5-4827-8b4a-c8c3162cd52b,ACKNOWLEDGED,ACK,139,0,""
415.114,sender,69f80f1b-51b5-4827-8b4a-c8c3162cd52b,CONFIRM_DATA,ACK,139,1024,"unique file bytes acknowledged"
415.117,sender,69f80f1b-51b5-4827-8b4a-c8c3162cd52b,RTT_SAMPLE,ACK,139,0,"94.199200"
415.123,sender,69f80f1b-51b5-4827-8b4a-c8c3162cd52b,RECEIVE,ACK,180,36,""
415.125,sender,69f80f1b-51b5-4827-8b4a-c8c3162cd52b,ACKNOWLEDGED,ACK,180,0,""
415.127,sender,69f80f1b-51b5-4827-8b4a-c8c3162cd52b,CONFIRM_DATA,ACK,180,1024,"unique file bytes acknowledged"
415.130,sender,69f80f1b-51b5-4827-8b4a-c8c3162cd52b,RTT_SAMPLE,ACK,180,0,"77.831800"
415.136,sender,69f80f1b-51b5-4827-8b4a-c8c3162cd52b,RECEIVE,ACK,143,36,""
415.138,sender,69f80f1b-51b5-4827-8b4a-c8c3162cd52b,ACKNOWLEDGED,ACK,143,0,""
415.140,sender,69f80f1b-51b5-4827-8b4a-c8c3162cd52b,CONFIRM_DATA,ACK,143,1024,"unique file bytes acknowledged"
415.143,sender,69f80f1b-51b5-4827-8b4a-c8c3162cd52b,RTT_SAMPLE,ACK,143,0,"94.213600"
415.149,sender,69f80f1b-51b5-4827-8b4a-c8c3162cd52b,RECEIVE,ACK,144,36,""
415.151,sender,69f80f1b-51b5-4827-8b4a-c8c3162cd52b,ACKNOWLEDGED,ACK,144,0,""
415.154,sender,69f80f1b-51b5-4827-8b4a-c8c3162cd52b,CONFIRM_DATA,ACK,144,1024,"unique file bytes acknowledged"
415.157,sender,69f80f1b-51b5-4827-8b4a-c8c3162cd52b,RTT_SAMPLE,ACK,144,0,"94.221400"
415.162,sender,69f80f1b-51b5-4827-8b4a-c8c3162cd52b,RECEIVE,ACK,132,36,""
415.164,sender,69f80f1b-51b5-4827-8b4a-c8c3162cd52b,ACKNOWLEDGED,ACK,132,0,""
415.167,sender,69f80f1b-51b5-4827-8b4a-c8c3162cd52b,CONFIRM_DATA,ACK,132,1024,"unique file bytes acknowledged"
415.170,sender,69f80f1b-51b5-4827-8b4a-c8c3162cd52b,RTT_SAMPLE,ACK,132,0,"94.341600"
415.175,sender,69f80f1b-51b5-4827-8b4a-c8c3162cd52b,RECEIVE,ACK,166,36,""
415.178,sender,69f80f1b-51b5-4827-8b4a-c8c3162cd52b,ACKNOWLEDGED,ACK,166,0,""
415.180,sender,69f80f1b-51b5-4827-8b4a-c8c3162cd52b,CONFIRM_DATA,ACK,166,1024,"unique file bytes acknowledged"
415.183,sender,69f80f1b-51b5-4827-8b4a-c8c3162cd52b,RTT_SAMPLE,ACK,166,0,"77.939600"
415.188,sender,69f80f1b-51b5-4827-8b4a-c8c3162cd52b,RECEIVE,ACK,178,36,""
415.190,sender,69f80f1b-51b5-4827-8b4a-c8c3162cd52b,ACKNOWLEDGED,ACK,178,0,""
415.192,sender,69f80f1b-51b5-4827-8b4a-c8c3162cd52b,CONFIRM_DATA,ACK,178,1024,"unique file bytes acknowledged"
415.196,sender,69f80f1b-51b5-4827-8b4a-c8c3162cd52b,RTT_SAMPLE,ACK,178,0,"77.902800"
415.201,sender,69f80f1b-51b5-4827-8b4a-c8c3162cd52b,RECEIVE,ACK,170,36,""
415.203,sender,69f80f1b-51b5-4827-8b4a-c8c3162cd52b,ACKNOWLEDGED,ACK,170,0,""
415.205,sender,69f80f1b-51b5-4827-8b4a-c8c3162cd52b,CONFIRM_DATA,ACK,170,1024,"unique file bytes acknowledged"
415.208,sender,69f80f1b-51b5-4827-8b4a-c8c3162cd52b,RTT_SAMPLE,ACK,170,0,"77.953200"
415.213,sender,69f80f1b-51b5-4827-8b4a-c8c3162cd52b,RECEIVE,ACK,159,36,""
415.215,sender,69f80f1b-51b5-4827-8b4a-c8c3162cd52b,ACKNOWLEDGED,ACK,159,0,""
415.218,sender,69f80f1b-51b5-4827-8b4a-c8c3162cd52b,CONFIRM_DATA,ACK,159,1024,"unique file bytes acknowledged"
415.221,sender,69f80f1b-51b5-4827-8b4a-c8c3162cd52b,RTT_SAMPLE,ACK,159,0,"77.999000"
415.226,sender,69f80f1b-51b5-4827-8b4a-c8c3162cd52b,RECEIVE,ACK,147,36,""
415.228,sender,69f80f1b-51b5-4827-8b4a-c8c3162cd52b,ACKNOWLEDGED,ACK,147,0,""
415.257,sender,69f80f1b-51b5-4827-8b4a-c8c3162cd52b,CONFIRM_DATA,ACK,147,1024,"unique file bytes acknowledged"
415.260,sender,69f80f1b-51b5-4827-8b4a-c8c3162cd52b,RTT_SAMPLE,ACK,147,0,"94.316000"
415.266,sender,69f80f1b-51b5-4827-8b4a-c8c3162cd52b,RECEIVE,ACK,153,36,""
415.269,sender,69f80f1b-51b5-4827-8b4a-c8c3162cd52b,ACKNOWLEDGED,ACK,153,0,""
415.271,sender,69f80f1b-51b5-4827-8b4a-c8c3162cd52b,CONFIRM_DATA,ACK,153,1024,"unique file bytes acknowledged"
415.274,sender,69f80f1b-51b5-4827-8b4a-c8c3162cd52b,RTT_SAMPLE,ACK,153,0,"78.207500"
415.279,sender,69f80f1b-51b5-4827-8b4a-c8c3162cd52b,RECEIVE,ACK,146,36,""
415.281,sender,69f80f1b-51b5-4827-8b4a-c8c3162cd52b,ACKNOWLEDGED,ACK,146,0,""
415.284,sender,69f80f1b-51b5-4827-8b4a-c8c3162cd52b,CONFIRM_DATA,ACK,146,1024,"unique file bytes acknowledged"
415.286,sender,69f80f1b-51b5-4827-8b4a-c8c3162cd52b,RTT_SAMPLE,ACK,146,0,"94.345000"
415.291,sender,69f80f1b-51b5-4827-8b4a-c8c3162cd52b,RECEIVE,ACK,176,36,""
415.294,sender,69f80f1b-51b5-4827-8b4a-c8c3162cd52b,ACKNOWLEDGED,ACK,176,0,""
415.296,sender,69f80f1b-51b5-4827-8b4a-c8c3162cd52b,CONFIRM_DATA,ACK,176,1024,"unique file bytes acknowledged"
415.299,sender,69f80f1b-51b5-4827-8b4a-c8c3162cd52b,RTT_SAMPLE,ACK,176,0,"78.012200"
415.304,sender,69f80f1b-51b5-4827-8b4a-c8c3162cd52b,RECEIVE,ACK,187,36,""
415.306,sender,69f80f1b-51b5-4827-8b4a-c8c3162cd52b,ACKNOWLEDGED,ACK,187,0,""
415.309,sender,69f80f1b-51b5-4827-8b4a-c8c3162cd52b,CONFIRM_DATA,ACK,187,1024,"unique file bytes acknowledged"
415.311,sender,69f80f1b-51b5-4827-8b4a-c8c3162cd52b,RTT_SAMPLE,ACK,187,0,"77.992600"
415.317,sender,69f80f1b-51b5-4827-8b4a-c8c3162cd52b,RECEIVE,ACK,133,36,""
415.319,sender,69f80f1b-51b5-4827-8b4a-c8c3162cd52b,ACKNOWLEDGED,ACK,133,0,""
415.321,sender,69f80f1b-51b5-4827-8b4a-c8c3162cd52b,CONFIRM_DATA,ACK,133,1024,"unique file bytes acknowledged"
415.324,sender,69f80f1b-51b5-4827-8b4a-c8c3162cd52b,RTT_SAMPLE,ACK,133,0,"94.493100"
415.329,sender,69f80f1b-51b5-4827-8b4a-c8c3162cd52b,RECEIVE,ACK,179,36,""
415.331,sender,69f80f1b-51b5-4827-8b4a-c8c3162cd52b,ACKNOWLEDGED,ACK,179,0,""
415.334,sender,69f80f1b-51b5-4827-8b4a-c8c3162cd52b,CONFIRM_DATA,ACK,179,1024,"unique file bytes acknowledged"
415.336,sender,69f80f1b-51b5-4827-8b4a-c8c3162cd52b,RTT_SAMPLE,ACK,179,0,"78.040900"
415.341,sender,69f80f1b-51b5-4827-8b4a-c8c3162cd52b,RECEIVE,ACK,149,36,""
415.344,sender,69f80f1b-51b5-4827-8b4a-c8c3162cd52b,ACKNOWLEDGED,ACK,149,0,""
415.346,sender,69f80f1b-51b5-4827-8b4a-c8c3162cd52b,CONFIRM_DATA,ACK,149,1024,"unique file bytes acknowledged"
415.349,sender,69f80f1b-51b5-4827-8b4a-c8c3162cd52b,RTT_SAMPLE,ACK,149,0,"94.398700"
415.354,sender,69f80f1b-51b5-4827-8b4a-c8c3162cd52b,RECEIVE,ACK,168,36,""
415.356,sender,69f80f1b-51b5-4827-8b4a-c8c3162cd52b,ACKNOWLEDGED,ACK,168,0,""
415.358,sender,69f80f1b-51b5-4827-8b4a-c8c3162cd52b,CONFIRM_DATA,ACK,168,1024,"unique file bytes acknowledged"
415.361,sender,69f80f1b-51b5-4827-8b4a-c8c3162cd52b,RTT_SAMPLE,ACK,168,0,"78.112400"
415.366,sender,69f80f1b-51b5-4827-8b4a-c8c3162cd52b,RECEIVE,ACK,189,36,""
415.368,sender,69f80f1b-51b5-4827-8b4a-c8c3162cd52b,ACKNOWLEDGED,ACK,189,0,""
415.371,sender,69f80f1b-51b5-4827-8b4a-c8c3162cd52b,CONFIRM_DATA,ACK,189,1024,"unique file bytes acknowledged"
415.374,sender,69f80f1b-51b5-4827-8b4a-c8c3162cd52b,RTT_SAMPLE,ACK,189,0,"78.049000"
415.378,sender,69f80f1b-51b5-4827-8b4a-c8c3162cd52b,RECEIVE,ACK,173,36,""
415.381,sender,69f80f1b-51b5-4827-8b4a-c8c3162cd52b,ACKNOWLEDGED,ACK,173,0,""
415.383,sender,69f80f1b-51b5-4827-8b4a-c8c3162cd52b,CONFIRM_DATA,ACK,173,1024,"unique file bytes acknowledged"
415.386,sender,69f80f1b-51b5-4827-8b4a-c8c3162cd52b,RTT_SAMPLE,ACK,173,0,"78.108200"
415.391,sender,69f80f1b-51b5-4827-8b4a-c8c3162cd52b,RECEIVE,ACK,130,36,""
415.393,sender,69f80f1b-51b5-4827-8b4a-c8c3162cd52b,ACKNOWLEDGED,ACK,130,0,""
415.395,sender,69f80f1b-51b5-4827-8b4a-c8c3162cd52b,CONFIRM_DATA,ACK,130,1024,"unique file bytes acknowledged"
415.398,sender,69f80f1b-51b5-4827-8b4a-c8c3162cd52b,RTT_SAMPLE,ACK,130,0,"94.576500"
415.402,sender,69f80f1b-51b5-4827-8b4a-c8c3162cd52b,SEND,DATA,194,1060,""
415.407,sender,69f80f1b-51b5-4827-8b4a-c8c3162cd52b,SEND,DATA,195,1060,""
415.409,sender,69f80f1b-51b5-4827-8b4a-c8c3162cd52b,SEND,DATA,196,1060,""
415.412,sender,69f80f1b-51b5-4827-8b4a-c8c3162cd52b,SEND,DATA,197,1060,""
415.415,sender,69f80f1b-51b5-4827-8b4a-c8c3162cd52b,SEND,DATA,198,1060,""
415.418,sender,69f80f1b-51b5-4827-8b4a-c8c3162cd52b,SEND,DATA,199,1060,""
415.420,sender,69f80f1b-51b5-4827-8b4a-c8c3162cd52b,SEND,DATA,200,1060,""
415.423,sender,69f80f1b-51b5-4827-8b4a-c8c3162cd52b,SEND,DATA,201,1060,""
415.428,sender,69f80f1b-51b5-4827-8b4a-c8c3162cd52b,RECEIVE,ACK,157,36,""
415.430,sender,69f80f1b-51b5-4827-8b4a-c8c3162cd52b,ACKNOWLEDGED,ACK,157,0,""
415.432,sender,69f80f1b-51b5-4827-8b4a-c8c3162cd52b,CONFIRM_DATA,ACK,157,1024,"unique file bytes acknowledged"
415.436,sender,69f80f1b-51b5-4827-8b4a-c8c3162cd52b,RTT_SAMPLE,ACK,157,0,"78.221000"
415.441,sender,69f80f1b-51b5-4827-8b4a-c8c3162cd52b,RECEIVE,ACK,185,36,""
415.443,sender,69f80f1b-51b5-4827-8b4a-c8c3162cd52b,ACKNOWLEDGED,ACK,185,0,""
415.445,sender,69f80f1b-51b5-4827-8b4a-c8c3162cd52b,CONFIRM_DATA,ACK,185,1024,"unique file bytes acknowledged"
415.448,sender,69f80f1b-51b5-4827-8b4a-c8c3162cd52b,RTT_SAMPLE,ACK,185,0,"78.135200"
415.453,sender,69f80f1b-51b5-4827-8b4a-c8c3162cd52b,RECEIVE,ACK,164,36,""
415.455,sender,69f80f1b-51b5-4827-8b4a-c8c3162cd52b,ACKNOWLEDGED,ACK,164,0,""
415.457,sender,69f80f1b-51b5-4827-8b4a-c8c3162cd52b,CONFIRM_DATA,ACK,164,1024,"unique file bytes acknowledged"
415.460,sender,69f80f1b-51b5-4827-8b4a-c8c3162cd52b,RTT_SAMPLE,ACK,164,0,"78.223300"
415.465,sender,69f80f1b-51b5-4827-8b4a-c8c3162cd52b,RECEIVE,ACK,191,36,""
415.467,sender,69f80f1b-51b5-4827-8b4a-c8c3162cd52b,ACKNOWLEDGED,ACK,191,0,""
415.470,sender,69f80f1b-51b5-4827-8b4a-c8c3162cd52b,CONFIRM_DATA,ACK,191,1024,"unique file bytes acknowledged"
415.472,sender,69f80f1b-51b5-4827-8b4a-c8c3162cd52b,RTT_SAMPLE,ACK,191,0,"78.141900"
431.402,sender,69f80f1b-51b5-4827-8b4a-c8c3162cd52b,RECEIVE,ACK,150,36,""
431.416,sender,69f80f1b-51b5-4827-8b4a-c8c3162cd52b,ACKNOWLEDGED,ACK,150,0,""
431.514,sender,69f80f1b-51b5-4827-8b4a-c8c3162cd52b,CONFIRM_DATA,ACK,150,1024,"unique file bytes acknowledged"
431.523,sender,69f80f1b-51b5-4827-8b4a-c8c3162cd52b,RTT_SAMPLE,ACK,150,0,"110.568400"
431.539,sender,69f80f1b-51b5-4827-8b4a-c8c3162cd52b,RECEIVE,ACK,163,36,""
431.542,sender,69f80f1b-51b5-4827-8b4a-c8c3162cd52b,ACKNOWLEDGED,ACK,163,0,""
431.545,sender,69f80f1b-51b5-4827-8b4a-c8c3162cd52b,CONFIRM_DATA,ACK,163,1024,"unique file bytes acknowledged"
431.548,sender,69f80f1b-51b5-4827-8b4a-c8c3162cd52b,RTT_SAMPLE,ACK,163,0,"94.314200"
431.555,sender,69f80f1b-51b5-4827-8b4a-c8c3162cd52b,RECEIVE,ACK,182,36,""
431.558,sender,69f80f1b-51b5-4827-8b4a-c8c3162cd52b,ACKNOWLEDGED,ACK,182,0,""
431.577,sender,69f80f1b-51b5-4827-8b4a-c8c3162cd52b,CONFIRM_DATA,ACK,182,1024,"unique file bytes acknowledged"
431.581,sender,69f80f1b-51b5-4827-8b4a-c8c3162cd52b,RTT_SAMPLE,ACK,182,0,"94.276300"
431.592,sender,69f80f1b-51b5-4827-8b4a-c8c3162cd52b,RECEIVE,ACK,169,36,""
431.594,sender,69f80f1b-51b5-4827-8b4a-c8c3162cd52b,ACKNOWLEDGED,ACK,169,0,""
431.597,sender,69f80f1b-51b5-4827-8b4a-c8c3162cd52b,CONFIRM_DATA,ACK,169,1024,"unique file bytes acknowledged"
431.599,sender,69f80f1b-51b5-4827-8b4a-c8c3162cd52b,RTT_SAMPLE,ACK,169,0,"94.347700"
431.604,sender,69f80f1b-51b5-4827-8b4a-c8c3162cd52b,RECEIVE,ACK,183,36,""
431.607,sender,69f80f1b-51b5-4827-8b4a-c8c3162cd52b,ACKNOWLEDGED,ACK,183,0,""
431.624,sender,69f80f1b-51b5-4827-8b4a-c8c3162cd52b,CONFIRM_DATA,ACK,183,1024,"unique file bytes acknowledged"
431.632,sender,69f80f1b-51b5-4827-8b4a-c8c3162cd52b,RTT_SAMPLE,ACK,183,0,"94.322700"
431.680,sender,69f80f1b-51b5-4827-8b4a-c8c3162cd52b,RECEIVE,ACK,141,36,""
431.692,sender,69f80f1b-51b5-4827-8b4a-c8c3162cd52b,ACKNOWLEDGED,ACK,141,0,""
431.705,sender,69f80f1b-51b5-4827-8b4a-c8c3162cd52b,CONFIRM_DATA,ACK,141,1024,"unique file bytes acknowledged"
431.710,sender,69f80f1b-51b5-4827-8b4a-c8c3162cd52b,RTT_SAMPLE,ACK,141,0,"110.786200"
431.779,sender,69f80f1b-51b5-4827-8b4a-c8c3162cd52b,RECEIVE,ACK,160,36,""
431.783,sender,69f80f1b-51b5-4827-8b4a-c8c3162cd52b,ACKNOWLEDGED,ACK,160,0,""
431.785,sender,69f80f1b-51b5-4827-8b4a-c8c3162cd52b,CONFIRM_DATA,ACK,160,1024,"unique file bytes acknowledged"
431.789,sender,69f80f1b-51b5-4827-8b4a-c8c3162cd52b,RTT_SAMPLE,ACK,160,0,"94.563500"
431.794,sender,69f80f1b-51b5-4827-8b4a-c8c3162cd52b,RECEIVE,ACK,156,36,""
431.796,sender,69f80f1b-51b5-4827-8b4a-c8c3162cd52b,ACKNOWLEDGED,ACK,156,0,""
431.798,sender,69f80f1b-51b5-4827-8b4a-c8c3162cd52b,CONFIRM_DATA,ACK,156,1024,"unique file bytes acknowledged"
431.801,sender,69f80f1b-51b5-4827-8b4a-c8c3162cd52b,RTT_SAMPLE,ACK,156,0,"94.725700"
431.806,sender,69f80f1b-51b5-4827-8b4a-c8c3162cd52b,RECEIVE,ACK,138,36,""
431.808,sender,69f80f1b-51b5-4827-8b4a-c8c3162cd52b,ACKNOWLEDGED,ACK,138,0,""
431.810,sender,69f80f1b-51b5-4827-8b4a-c8c3162cd52b,CONFIRM_DATA,ACK,138,1024,"unique file bytes acknowledged"
431.814,sender,69f80f1b-51b5-4827-8b4a-c8c3162cd52b,RTT_SAMPLE,ACK,138,0,"110.898600"
431.817,sender,69f80f1b-51b5-4827-8b4a-c8c3162cd52b,SEND,DATA,202,1060,""
431.822,sender,69f80f1b-51b5-4827-8b4a-c8c3162cd52b,SEND,DATA,203,1060,""
431.824,sender,69f80f1b-51b5-4827-8b4a-c8c3162cd52b,SEND,DATA,204,1060,""
431.827,sender,69f80f1b-51b5-4827-8b4a-c8c3162cd52b,SEND,DATA,205,1060,""
431.830,sender,69f80f1b-51b5-4827-8b4a-c8c3162cd52b,SEND,DATA,206,1060,""
431.833,sender,69f80f1b-51b5-4827-8b4a-c8c3162cd52b,SEND,DATA,207,1060,""
431.835,sender,69f80f1b-51b5-4827-8b4a-c8c3162cd52b,SEND,DATA,208,1060,""
431.838,sender,69f80f1b-51b5-4827-8b4a-c8c3162cd52b,SEND,DATA,209,1060,""
431.841,sender,69f80f1b-51b5-4827-8b4a-c8c3162cd52b,SEND,DATA,210,1060,""
431.843,sender,69f80f1b-51b5-4827-8b4a-c8c3162cd52b,SEND,DATA,211,1060,""
431.846,sender,69f80f1b-51b5-4827-8b4a-c8c3162cd52b,SEND,DATA,212,1060,""
431.849,sender,69f80f1b-51b5-4827-8b4a-c8c3162cd52b,SEND,DATA,213,1060,""
431.851,sender,69f80f1b-51b5-4827-8b4a-c8c3162cd52b,SEND,DATA,214,1060,""
431.856,sender,69f80f1b-51b5-4827-8b4a-c8c3162cd52b,RECEIVE,ACK,181,36,""
431.858,sender,69f80f1b-51b5-4827-8b4a-c8c3162cd52b,ACKNOWLEDGED,ACK,181,0,""
431.860,sender,69f80f1b-51b5-4827-8b4a-c8c3162cd52b,CONFIRM_DATA,ACK,181,1024,"unique file bytes acknowledged"
431.863,sender,69f80f1b-51b5-4827-8b4a-c8c3162cd52b,RTT_SAMPLE,ACK,181,0,"94.561600"
431.868,sender,69f80f1b-51b5-4827-8b4a-c8c3162cd52b,RECEIVE,ACK,172,36,""
431.870,sender,69f80f1b-51b5-4827-8b4a-c8c3162cd52b,ACKNOWLEDGED,ACK,172,0,""
431.872,sender,69f80f1b-51b5-4827-8b4a-c8c3162cd52b,CONFIRM_DATA,ACK,172,1024,"unique file bytes acknowledged"
431.875,sender,69f80f1b-51b5-4827-8b4a-c8c3162cd52b,RTT_SAMPLE,ACK,172,0,"94.614900"
431.880,sender,69f80f1b-51b5-4827-8b4a-c8c3162cd52b,RECEIVE,ACK,167,36,""
431.882,sender,69f80f1b-51b5-4827-8b4a-c8c3162cd52b,ACKNOWLEDGED,ACK,167,0,""
431.888,sender,69f80f1b-51b5-4827-8b4a-c8c3162cd52b,CONFIRM_DATA,ACK,167,1024,"unique file bytes acknowledged"
431.891,sender,69f80f1b-51b5-4827-8b4a-c8c3162cd52b,RTT_SAMPLE,ACK,167,0,"94.645200"
431.896,sender,69f80f1b-51b5-4827-8b4a-c8c3162cd52b,RECEIVE,ACK,165,36,""
431.898,sender,69f80f1b-51b5-4827-8b4a-c8c3162cd52b,ACKNOWLEDGED,ACK,165,0,""
431.900,sender,69f80f1b-51b5-4827-8b4a-c8c3162cd52b,CONFIRM_DATA,ACK,165,1024,"unique file bytes acknowledged"
431.903,sender,69f80f1b-51b5-4827-8b4a-c8c3162cd52b,RTT_SAMPLE,ACK,165,0,"94.663500"
431.908,sender,69f80f1b-51b5-4827-8b4a-c8c3162cd52b,RECEIVE,ACK,171,36,""
431.910,sender,69f80f1b-51b5-4827-8b4a-c8c3162cd52b,ACKNOWLEDGED,ACK,171,0,""
431.912,sender,69f80f1b-51b5-4827-8b4a-c8c3162cd52b,CONFIRM_DATA,ACK,171,1024,"unique file bytes acknowledged"
431.915,sender,69f80f1b-51b5-4827-8b4a-c8c3162cd52b,RTT_SAMPLE,ACK,171,0,"94.657700"
431.920,sender,69f80f1b-51b5-4827-8b4a-c8c3162cd52b,RECEIVE,ACK,161,36,""
431.922,sender,69f80f1b-51b5-4827-8b4a-c8c3162cd52b,ACKNOWLEDGED,ACK,161,0,""
431.924,sender,69f80f1b-51b5-4827-8b4a-c8c3162cd52b,CONFIRM_DATA,ACK,161,1024,"unique file bytes acknowledged"
431.927,sender,69f80f1b-51b5-4827-8b4a-c8c3162cd52b,RTT_SAMPLE,ACK,161,0,"94.699300"
431.932,sender,69f80f1b-51b5-4827-8b4a-c8c3162cd52b,RECEIVE,ACK,177,36,""
431.934,sender,69f80f1b-51b5-4827-8b4a-c8c3162cd52b,ACKNOWLEDGED,ACK,177,0,""
431.936,sender,69f80f1b-51b5-4827-8b4a-c8c3162cd52b,CONFIRM_DATA,ACK,177,1024,"unique file bytes acknowledged"
431.939,sender,69f80f1b-51b5-4827-8b4a-c8c3162cd52b,RTT_SAMPLE,ACK,177,0,"94.649500"
431.944,sender,69f80f1b-51b5-4827-8b4a-c8c3162cd52b,RECEIVE,ACK,190,36,""
431.946,sender,69f80f1b-51b5-4827-8b4a-c8c3162cd52b,ACKNOWLEDGED,ACK,190,0,""
431.948,sender,69f80f1b-51b5-4827-8b4a-c8c3162cd52b,CONFIRM_DATA,ACK,190,1024,"unique file bytes acknowledged"
431.951,sender,69f80f1b-51b5-4827-8b4a-c8c3162cd52b,RTT_SAMPLE,ACK,190,0,"94.623600"
431.958,sender,69f80f1b-51b5-4827-8b4a-c8c3162cd52b,RECEIVE,ACK,162,36,""
431.969,sender,69f80f1b-51b5-4827-8b4a-c8c3162cd52b,ACKNOWLEDGED,ACK,162,0,""
431.972,sender,69f80f1b-51b5-4827-8b4a-c8c3162cd52b,CONFIRM_DATA,ACK,162,1024,"unique file bytes acknowledged"
431.974,sender,69f80f1b-51b5-4827-8b4a-c8c3162cd52b,RTT_SAMPLE,ACK,162,0,"94.743400"
431.979,sender,69f80f1b-51b5-4827-8b4a-c8c3162cd52b,RECEIVE,ACK,152,36,""
431.982,sender,69f80f1b-51b5-4827-8b4a-c8c3162cd52b,ACKNOWLEDGED,ACK,152,0,""
431.984,sender,69f80f1b-51b5-4827-8b4a-c8c3162cd52b,CONFIRM_DATA,ACK,152,1024,"unique file bytes acknowledged"
431.987,sender,69f80f1b-51b5-4827-8b4a-c8c3162cd52b,RTT_SAMPLE,ACK,152,0,"94.923500"
447.339,sender,69f80f1b-51b5-4827-8b4a-c8c3162cd52b,EMIT,DATA,193,1060,""
447.392,sender,69f80f1b-51b5-4827-8b4a-c8c3162cd52b,RECEIVE,ACK,151,36,""
447.402,sender,69f80f1b-51b5-4827-8b4a-c8c3162cd52b,ACKNOWLEDGED,ACK,151,0,""
447.405,sender,69f80f1b-51b5-4827-8b4a-c8c3162cd52b,CONFIRM_DATA,ACK,151,1024,"unique file bytes acknowledged"
447.409,sender,69f80f1b-51b5-4827-8b4a-c8c3162cd52b,RTT_SAMPLE,ACK,151,0,"110.351300"
447.413,sender,69f80f1b-51b5-4827-8b4a-c8c3162cd52b,EMIT,DATA,198,1060,""
447.418,sender,69f80f1b-51b5-4827-8b4a-c8c3162cd52b,SEND,DATA,215,1060,""
447.422,sender,69f80f1b-51b5-4827-8b4a-c8c3162cd52b,SEND,DATA,216,1060,""
447.429,sender,69f80f1b-51b5-4827-8b4a-c8c3162cd52b,EMIT,DATA,192,1060,""
447.433,sender,69f80f1b-51b5-4827-8b4a-c8c3162cd52b,SEND,DATA,217,1060,""
447.440,sender,69f80f1b-51b5-4827-8b4a-c8c3162cd52b,EMIT,DATA,194,1060,""
447.451,sender,69f80f1b-51b5-4827-8b4a-c8c3162cd52b,EMIT,DATA,201,1060,""
447.653,sender,69f80f1b-51b5-4827-8b4a-c8c3162cd52b,RECEIVE,ACK,155,36,""
447.662,sender,69f80f1b-51b5-4827-8b4a-c8c3162cd52b,ACKNOWLEDGED,ACK,155,0,""
447.665,sender,69f80f1b-51b5-4827-8b4a-c8c3162cd52b,CONFIRM_DATA,ACK,155,1024,"unique file bytes acknowledged"
447.669,sender,69f80f1b-51b5-4827-8b4a-c8c3162cd52b,RTT_SAMPLE,ACK,155,0,"110.596200"
447.680,sender,69f80f1b-51b5-4827-8b4a-c8c3162cd52b,RECEIVE,ACK,154,36,""
447.682,sender,69f80f1b-51b5-4827-8b4a-c8c3162cd52b,ACKNOWLEDGED,ACK,154,0,""
447.685,sender,69f80f1b-51b5-4827-8b4a-c8c3162cd52b,CONFIRM_DATA,ACK,154,1024,"unique file bytes acknowledged"
447.688,sender,69f80f1b-51b5-4827-8b4a-c8c3162cd52b,RTT_SAMPLE,ACK,154,0,"110.618000"
447.691,sender,69f80f1b-51b5-4827-8b4a-c8c3162cd52b,SEND,DATA,218,1060,""
447.694,sender,69f80f1b-51b5-4827-8b4a-c8c3162cd52b,SEND,DATA,219,1060,""
447.697,sender,69f80f1b-51b5-4827-8b4a-c8c3162cd52b,SEND,DATA,220,1060,""
447.700,sender,69f80f1b-51b5-4827-8b4a-c8c3162cd52b,SEND,DATA,221,1060,""
447.703,sender,69f80f1b-51b5-4827-8b4a-c8c3162cd52b,SEND,DATA,222,1060,""
447.705,sender,69f80f1b-51b5-4827-8b4a-c8c3162cd52b,SEND,DATA,223,1060,""
447.708,sender,69f80f1b-51b5-4827-8b4a-c8c3162cd52b,SEND,DATA,224,1060,""
447.711,sender,69f80f1b-51b5-4827-8b4a-c8c3162cd52b,SEND,DATA,225,1060,""
447.713,sender,69f80f1b-51b5-4827-8b4a-c8c3162cd52b,SEND,DATA,226,1060,""
447.716,sender,69f80f1b-51b5-4827-8b4a-c8c3162cd52b,SEND,DATA,227,1060,""
447.719,sender,69f80f1b-51b5-4827-8b4a-c8c3162cd52b,SEND,DATA,228,1060,""
447.722,sender,69f80f1b-51b5-4827-8b4a-c8c3162cd52b,SEND,DATA,229,1060,""
447.724,sender,69f80f1b-51b5-4827-8b4a-c8c3162cd52b,SEND,DATA,230,1060,""
447.754,sender,69f80f1b-51b5-4827-8b4a-c8c3162cd52b,SEND,DATA,231,1060,""
447.757,sender,69f80f1b-51b5-4827-8b4a-c8c3162cd52b,SEND,DATA,232,1060,""
447.760,sender,69f80f1b-51b5-4827-8b4a-c8c3162cd52b,SEND,DATA,233,1060,""
447.762,sender,69f80f1b-51b5-4827-8b4a-c8c3162cd52b,SEND,DATA,234,1060,""
447.765,sender,69f80f1b-51b5-4827-8b4a-c8c3162cd52b,SEND,DATA,235,1060,""
447.768,sender,69f80f1b-51b5-4827-8b4a-c8c3162cd52b,SEND,DATA,236,1060,""
447.770,sender,69f80f1b-51b5-4827-8b4a-c8c3162cd52b,SEND,DATA,237,1060,""
447.775,sender,69f80f1b-51b5-4827-8b4a-c8c3162cd52b,RECEIVE,ACK,175,36,""
447.778,sender,69f80f1b-51b5-4827-8b4a-c8c3162cd52b,ACKNOWLEDGED,ACK,175,0,""
447.780,sender,69f80f1b-51b5-4827-8b4a-c8c3162cd52b,CONFIRM_DATA,ACK,175,1024,"unique file bytes acknowledged"
447.783,sender,69f80f1b-51b5-4827-8b4a-c8c3162cd52b,RTT_SAMPLE,ACK,175,0,"110.499400"
447.793,sender,69f80f1b-51b5-4827-8b4a-c8c3162cd52b,RECEIVE,ACK,174,36,""
447.795,sender,69f80f1b-51b5-4827-8b4a-c8c3162cd52b,ACKNOWLEDGED,ACK,174,0,""
447.797,sender,69f80f1b-51b5-4827-8b4a-c8c3162cd52b,CONFIRM_DATA,ACK,174,1024,"unique file bytes acknowledged"
447.800,sender,69f80f1b-51b5-4827-8b4a-c8c3162cd52b,RTT_SAMPLE,ACK,174,0,"110.519400"
447.803,sender,69f80f1b-51b5-4827-8b4a-c8c3162cd52b,SEND,DATA,238,1060,""
447.806,sender,69f80f1b-51b5-4827-8b4a-c8c3162cd52b,SEND,DATA,239,1060,""
447.809,sender,69f80f1b-51b5-4827-8b4a-c8c3162cd52b,SEND,DATA,240,1060,""
447.812,sender,69f80f1b-51b5-4827-8b4a-c8c3162cd52b,SEND,DATA,241,1060,""
447.814,sender,69f80f1b-51b5-4827-8b4a-c8c3162cd52b,SEND,DATA,242,1060,""
447.817,sender,69f80f1b-51b5-4827-8b4a-c8c3162cd52b,SEND,DATA,243,1060,""
447.820,sender,69f80f1b-51b5-4827-8b4a-c8c3162cd52b,SEND,DATA,244,1060,""
447.822,sender,69f80f1b-51b5-4827-8b4a-c8c3162cd52b,SEND,DATA,245,1060,""
447.825,sender,69f80f1b-51b5-4827-8b4a-c8c3162cd52b,SEND,DATA,246,1060,""
447.828,sender,69f80f1b-51b5-4827-8b4a-c8c3162cd52b,SEND,DATA,247,1060,""
447.830,sender,69f80f1b-51b5-4827-8b4a-c8c3162cd52b,SEND,DATA,248,1060,""
447.833,sender,69f80f1b-51b5-4827-8b4a-c8c3162cd52b,SEND,DATA,249,1060,""
447.836,sender,69f80f1b-51b5-4827-8b4a-c8c3162cd52b,SEND,DATA,250,1060,""
447.838,sender,69f80f1b-51b5-4827-8b4a-c8c3162cd52b,SEND,DATA,251,1060,""
447.843,sender,69f80f1b-51b5-4827-8b4a-c8c3162cd52b,RECEIVE,ACK,188,36,""
447.845,sender,69f80f1b-51b5-4827-8b4a-c8c3162cd52b,ACKNOWLEDGED,ACK,188,0,""
447.847,sender,69f80f1b-51b5-4827-8b4a-c8c3162cd52b,CONFIRM_DATA,ACK,188,1024,"unique file bytes acknowledged"
447.850,sender,69f80f1b-51b5-4827-8b4a-c8c3162cd52b,RTT_SAMPLE,ACK,188,0,"110.528600"
447.853,sender,69f80f1b-51b5-4827-8b4a-c8c3162cd52b,SEND,DATA,252,1060,""
447.856,sender,69f80f1b-51b5-4827-8b4a-c8c3162cd52b,SEND,DATA,253,1060,""
447.859,sender,69f80f1b-51b5-4827-8b4a-c8c3162cd52b,SEND,DATA,254,1060,""
447.862,sender,69f80f1b-51b5-4827-8b4a-c8c3162cd52b,SEND,DATA,255,1060,""
463.455,sender,69f80f1b-51b5-4827-8b4a-c8c3162cd52b,EMIT,DATA,199,1060,""
463.493,sender,69f80f1b-51b5-4827-8b4a-c8c3162cd52b,EMIT,DATA,196,1060,""
463.503,sender,69f80f1b-51b5-4827-8b4a-c8c3162cd52b,EMIT,DATA,200,1060,""
463.522,sender,69f80f1b-51b5-4827-8b4a-c8c3162cd52b,EMIT,DATA,202,1060,""
463.532,sender,69f80f1b-51b5-4827-8b4a-c8c3162cd52b,EMIT,DATA,208,1060,""
463.543,sender,69f80f1b-51b5-4827-8b4a-c8c3162cd52b,EMIT,DATA,195,1060,""
463.554,sender,69f80f1b-51b5-4827-8b4a-c8c3162cd52b,EMIT,DATA,197,1060,""
479.877,sender,69f80f1b-51b5-4827-8b4a-c8c3162cd52b,RECEIVE,ACK,192,36,""
479.893,sender,69f80f1b-51b5-4827-8b4a-c8c3162cd52b,ACKNOWLEDGED,ACK,192,0,""
479.897,sender,69f80f1b-51b5-4827-8b4a-c8c3162cd52b,CONFIRM_DATA,ACK,192,1024,"unique file bytes acknowledged"
479.902,sender,69f80f1b-51b5-4827-8b4a-c8c3162cd52b,EMIT,DATA,207,1060,""
479.918,sender,69f80f1b-51b5-4827-8b4a-c8c3162cd52b,RTT_SAMPLE,ACK,192,0,"79.321700"
479.926,sender,69f80f1b-51b5-4827-8b4a-c8c3162cd52b,SEND,DATA,256,1060,""
480.001,sender,69f80f1b-51b5-4827-8b4a-c8c3162cd52b,EMIT,DATA,204,1060,""
480.051,sender,69f80f1b-51b5-4827-8b4a-c8c3162cd52b,EMIT,DATA,212,1060,""
480.082,sender,69f80f1b-51b5-4827-8b4a-c8c3162cd52b,EMIT,DATA,205,1060,""
480.100,sender,69f80f1b-51b5-4827-8b4a-c8c3162cd52b,EMIT,DATA,203,1060,""
480.118,sender,69f80f1b-51b5-4827-8b4a-c8c3162cd52b,EMIT,DATA,224,1060,""
480.136,sender,69f80f1b-51b5-4827-8b4a-c8c3162cd52b,EMIT,DATA,243,1060,""
480.159,sender,69f80f1b-51b5-4827-8b4a-c8c3162cd52b,EMIT,DATA,227,1060,""
480.176,sender,69f80f1b-51b5-4827-8b4a-c8c3162cd52b,EMIT,DATA,248,1060,""
480.194,sender,69f80f1b-51b5-4827-8b4a-c8c3162cd52b,EMIT,DATA,254,1060,""
480.215,sender,69f80f1b-51b5-4827-8b4a-c8c3162cd52b,EMIT,DATA,229,1060,""
480.232,sender,69f80f1b-51b5-4827-8b4a-c8c3162cd52b,EMIT,DATA,232,1060,""
480.249,sender,69f80f1b-51b5-4827-8b4a-c8c3162cd52b,EMIT,DATA,246,1060,""
480.266,sender,69f80f1b-51b5-4827-8b4a-c8c3162cd52b,EMIT,DATA,251,1060,""
480.293,sender,69f80f1b-51b5-4827-8b4a-c8c3162cd52b,EMIT,DATA,213,1060,""
480.308,sender,69f80f1b-51b5-4827-8b4a-c8c3162cd52b,EMIT,DATA,252,1060,""
480.324,sender,69f80f1b-51b5-4827-8b4a-c8c3162cd52b,EMIT,DATA,222,1060,""
480.340,sender,69f80f1b-51b5-4827-8b4a-c8c3162cd52b,EMIT,DATA,238,1060,""
480.356,sender,69f80f1b-51b5-4827-8b4a-c8c3162cd52b,EMIT,DATA,209,1060,""
480.416,sender,69f80f1b-51b5-4827-8b4a-c8c3162cd52b,EMIT,DATA,231,1060,""
480.427,sender,69f80f1b-51b5-4827-8b4a-c8c3162cd52b,EMIT,DATA,245,1060,""
480.435,sender,69f80f1b-51b5-4827-8b4a-c8c3162cd52b,EMIT,DATA,211,1060,""
480.443,sender,69f80f1b-51b5-4827-8b4a-c8c3162cd52b,EMIT,DATA,226,1060,""
480.463,sender,69f80f1b-51b5-4827-8b4a-c8c3162cd52b,EMIT,DATA,239,1060,""
480.471,sender,69f80f1b-51b5-4827-8b4a-c8c3162cd52b,EMIT,DATA,250,1060,""
480.479,sender,69f80f1b-51b5-4827-8b4a-c8c3162cd52b,EMIT,DATA,210,1060,""
480.487,sender,69f80f1b-51b5-4827-8b4a-c8c3162cd52b,EMIT,DATA,233,1060,""
480.494,sender,69f80f1b-51b5-4827-8b4a-c8c3162cd52b,EMIT,DATA,242,1060,""
480.503,sender,69f80f1b-51b5-4827-8b4a-c8c3162cd52b,EMIT,DATA,206,1060,""
480.511,sender,69f80f1b-51b5-4827-8b4a-c8c3162cd52b,EMIT,DATA,214,1060,""
480.518,sender,69f80f1b-51b5-4827-8b4a-c8c3162cd52b,EMIT,DATA,223,1060,""
480.526,sender,69f80f1b-51b5-4827-8b4a-c8c3162cd52b,EMIT,DATA,230,1060,""
495.008,sender,69f80f1b-51b5-4827-8b4a-c8c3162cd52b,EMIT,DATA,241,1060,""
495.019,sender,69f80f1b-51b5-4827-8b4a-c8c3162cd52b,RECEIVE,ACK,201,36,""
495.031,sender,69f80f1b-51b5-4827-8b4a-c8c3162cd52b,ACKNOWLEDGED,ACK,201,0,""
495.035,sender,69f80f1b-51b5-4827-8b4a-c8c3162cd52b,CONFIRM_DATA,ACK,201,1024,"unique file bytes acknowledged"
495.040,sender,69f80f1b-51b5-4827-8b4a-c8c3162cd52b,RTT_SAMPLE,ACK,201,0,"79.614500"
495.051,sender,69f80f1b-51b5-4827-8b4a-c8c3162cd52b,EMIT,DATA,217,1060,""
495.055,sender,69f80f1b-51b5-4827-8b4a-c8c3162cd52b,RECEIVE,ACK,195,36,""
495.058,sender,69f80f1b-51b5-4827-8b4a-c8c3162cd52b,ACKNOWLEDGED,ACK,195,0,""
495.061,sender,69f80f1b-51b5-4827-8b4a-c8c3162cd52b,CONFIRM_DATA,ACK,195,1024,"unique file bytes acknowledged"
495.064,sender,69f80f1b-51b5-4827-8b4a-c8c3162cd52b,EMIT,DATA,220,1060,""
495.068,sender,69f80f1b-51b5-4827-8b4a-c8c3162cd52b,RTT_SAMPLE,ACK,195,0,"79.657400"
495.073,sender,69f80f1b-51b5-4827-8b4a-c8c3162cd52b,EMIT,DATA,237,1060,""
495.076,sender,69f80f1b-51b5-4827-8b4a-c8c3162cd52b,RECEIVE,ACK,194,36,""
495.079,sender,69f80f1b-51b5-4827-8b4a-c8c3162cd52b,ACKNOWLEDGED,ACK,194,0,""
495.081,sender,69f80f1b-51b5-4827-8b4a-c8c3162cd52b,CONFIRM_DATA,ACK,194,1024,"unique file bytes acknowledged"
495.084,sender,69f80f1b-51b5-4827-8b4a-c8c3162cd52b,EMIT,DATA,247,1060,""
495.087,sender,69f80f1b-51b5-4827-8b4a-c8c3162cd52b,RTT_SAMPLE,ACK,194,0,"79.682300"
495.092,sender,69f80f1b-51b5-4827-8b4a-c8c3162cd52b,EMIT,DATA,255,1060,""
495.097,sender,69f80f1b-51b5-4827-8b4a-c8c3162cd52b,RECEIVE,ACK,200,36,""
495.100,sender,69f80f1b-51b5-4827-8b4a-c8c3162cd52b,ACKNOWLEDGED,ACK,200,0,""
495.102,sender,69f80f1b-51b5-4827-8b4a-c8c3162cd52b,EMIT,DATA,249,1060,""
495.105,sender,69f80f1b-51b5-4827-8b4a-c8c3162cd52b,CONFIRM_DATA,ACK,200,1024,"unique file bytes acknowledged"
495.160,sender,69f80f1b-51b5-4827-8b4a-c8c3162cd52b,RTT_SAMPLE,ACK,200,0,"79.738400"
495.264,sender,69f80f1b-51b5-4827-8b4a-c8c3162cd52b,EMIT,DATA,221,1060,""
495.306,sender,69f80f1b-51b5-4827-8b4a-c8c3162cd52b,EMIT,DATA,234,1060,""
495.317,sender,69f80f1b-51b5-4827-8b4a-c8c3162cd52b,EMIT,DATA,228,1060,""
495.325,sender,69f80f1b-51b5-4827-8b4a-c8c3162cd52b,EMIT,DATA,236,1060,""
495.332,sender,69f80f1b-51b5-4827-8b4a-c8c3162cd52b,EMIT,DATA,240,1060,""
495.339,sender,69f80f1b-51b5-4827-8b4a-c8c3162cd52b,EMIT,DATA,253,1060,""
495.346,sender,69f80f1b-51b5-4827-8b4a-c8c3162cd52b,EMIT,DATA,225,1060,""
495.353,sender,69f80f1b-51b5-4827-8b4a-c8c3162cd52b,EMIT,DATA,215,1060,""
495.361,sender,69f80f1b-51b5-4827-8b4a-c8c3162cd52b,EMIT,DATA,216,1060,""
495.368,sender,69f80f1b-51b5-4827-8b4a-c8c3162cd52b,EMIT,DATA,218,1060,""
495.375,sender,69f80f1b-51b5-4827-8b4a-c8c3162cd52b,EMIT,DATA,235,1060,""
495.382,sender,69f80f1b-51b5-4827-8b4a-c8c3162cd52b,EMIT,DATA,244,1060,""
510.911,sender,69f80f1b-51b5-4827-8b4a-c8c3162cd52b,EMIT,DATA,219,1060,""
511.179,sender,69f80f1b-51b5-4827-8b4a-c8c3162cd52b,RECEIVE,ACK,198,36,""
511.189,sender,69f80f1b-51b5-4827-8b4a-c8c3162cd52b,ACKNOWLEDGED,ACK,198,0,""
511.191,sender,69f80f1b-51b5-4827-8b4a-c8c3162cd52b,CONFIRM_DATA,ACK,198,1024,"unique file bytes acknowledged"
511.196,sender,69f80f1b-51b5-4827-8b4a-c8c3162cd52b,RTT_SAMPLE,ACK,198,0,"95.779200"
511.205,sender,69f80f1b-51b5-4827-8b4a-c8c3162cd52b,RECEIVE,ACK,193,36,""
511.207,sender,69f80f1b-51b5-4827-8b4a-c8c3162cd52b,ACKNOWLEDGED,ACK,193,0,""
511.209,sender,69f80f1b-51b5-4827-8b4a-c8c3162cd52b,CONFIRM_DATA,ACK,193,1024,"unique file bytes acknowledged"
511.212,sender,69f80f1b-51b5-4827-8b4a-c8c3162cd52b,RTT_SAMPLE,ACK,193,0,"110.621000"
511.216,sender,69f80f1b-51b5-4827-8b4a-c8c3162cd52b,SEND,DATA,257,1060,""
511.219,sender,69f80f1b-51b5-4827-8b4a-c8c3162cd52b,SEND,DATA,258,1060,""
511.222,sender,69f80f1b-51b5-4827-8b4a-c8c3162cd52b,SEND,DATA,259,1060,""
511.228,sender,69f80f1b-51b5-4827-8b4a-c8c3162cd52b,RECEIVE,ACK,197,36,""
511.230,sender,69f80f1b-51b5-4827-8b4a-c8c3162cd52b,ACKNOWLEDGED,ACK,197,0,""
511.232,sender,69f80f1b-51b5-4827-8b4a-c8c3162cd52b,CONFIRM_DATA,ACK,197,1024,"unique file bytes acknowledged"
511.235,sender,69f80f1b-51b5-4827-8b4a-c8c3162cd52b,RTT_SAMPLE,ACK,197,0,"95.822500"
511.240,sender,69f80f1b-51b5-4827-8b4a-c8c3162cd52b,RECEIVE,ACK,196,36,""
511.243,sender,69f80f1b-51b5-4827-8b4a-c8c3162cd52b,ACKNOWLEDGED,ACK,196,0,""
511.245,sender,69f80f1b-51b5-4827-8b4a-c8c3162cd52b,CONFIRM_DATA,ACK,196,1024,"unique file bytes acknowledged"
511.247,sender,69f80f1b-51b5-4827-8b4a-c8c3162cd52b,RTT_SAMPLE,ACK,196,0,"95.837600"
511.251,sender,69f80f1b-51b5-4827-8b4a-c8c3162cd52b,SEND,DATA,260,1060,""
511.253,sender,69f80f1b-51b5-4827-8b4a-c8c3162cd52b,SEND,DATA,261,1060,""
511.256,sender,69f80f1b-51b5-4827-8b4a-c8c3162cd52b,SEND,DATA,262,1060,""
511.260,sender,69f80f1b-51b5-4827-8b4a-c8c3162cd52b,RECEIVE,ACK,205,36,""
511.263,sender,69f80f1b-51b5-4827-8b4a-c8c3162cd52b,ACKNOWLEDGED,ACK,205,0,""
511.265,sender,69f80f1b-51b5-4827-8b4a-c8c3162cd52b,CONFIRM_DATA,ACK,205,1024,"unique file bytes acknowledged"
511.268,sender,69f80f1b-51b5-4827-8b4a-c8c3162cd52b,RTT_SAMPLE,ACK,205,0,"79.440300"
511.273,sender,69f80f1b-51b5-4827-8b4a-c8c3162cd52b,RECEIVE,ACK,203,36,""
511.275,sender,69f80f1b-51b5-4827-8b4a-c8c3162cd52b,ACKNOWLEDGED,ACK,203,0,""
511.277,sender,69f80f1b-51b5-4827-8b4a-c8c3162cd52b,CONFIRM_DATA,ACK,203,1024,"unique file bytes acknowledged"
511.280,sender,69f80f1b-51b5-4827-8b4a-c8c3162cd52b,RTT_SAMPLE,ACK,203,0,"79.457700"
511.284,sender,69f80f1b-51b5-4827-8b4a-c8c3162cd52b,RECEIVE,ACK,243,36,""
511.287,sender,69f80f1b-51b5-4827-8b4a-c8c3162cd52b,ACKNOWLEDGED,ACK,243,0,""
511.289,sender,69f80f1b-51b5-4827-8b4a-c8c3162cd52b,CONFIRM_DATA,ACK,243,1024,"unique file bytes acknowledged"
511.292,sender,69f80f1b-51b5-4827-8b4a-c8c3162cd52b,RTT_SAMPLE,ACK,243,0,"63.474300"
511.297,sender,69f80f1b-51b5-4827-8b4a-c8c3162cd52b,RECEIVE,ACK,242,36,""
511.299,sender,69f80f1b-51b5-4827-8b4a-c8c3162cd52b,ACKNOWLEDGED,ACK,242,0,""
511.301,sender,69f80f1b-51b5-4827-8b4a-c8c3162cd52b,CONFIRM_DATA,ACK,242,1024,"unique file bytes acknowledged"
511.304,sender,69f80f1b-51b5-4827-8b4a-c8c3162cd52b,RTT_SAMPLE,ACK,242,0,"63.489000"
511.309,sender,69f80f1b-51b5-4827-8b4a-c8c3162cd52b,RECEIVE,ACK,208,36,""
511.311,sender,69f80f1b-51b5-4827-8b4a-c8c3162cd52b,ACKNOWLEDGED,ACK,208,0,""
511.313,sender,69f80f1b-51b5-4827-8b4a-c8c3162cd52b,CONFIRM_DATA,ACK,208,1024,"unique file bytes acknowledged"
511.316,sender,69f80f1b-51b5-4827-8b4a-c8c3162cd52b,RTT_SAMPLE,ACK,208,0,"79.480200"
511.321,sender,69f80f1b-51b5-4827-8b4a-c8c3162cd52b,RECEIVE,ACK,223,36,""
511.323,sender,69f80f1b-51b5-4827-8b4a-c8c3162cd52b,ACKNOWLEDGED,ACK,223,0,""
511.325,sender,69f80f1b-51b5-4827-8b4a-c8c3162cd52b,CONFIRM_DATA,ACK,223,1024,"unique file bytes acknowledged"
511.328,sender,69f80f1b-51b5-4827-8b4a-c8c3162cd52b,RTT_SAMPLE,ACK,223,0,"63.622400"
511.333,sender,69f80f1b-51b5-4827-8b4a-c8c3162cd52b,RECEIVE,ACK,254,36,""
511.335,sender,69f80f1b-51b5-4827-8b4a-c8c3162cd52b,ACKNOWLEDGED,ACK,254,0,""
511.337,sender,69f80f1b-51b5-4827-8b4a-c8c3162cd52b,CONFIRM_DATA,ACK,254,1024,"unique file bytes acknowledged"
511.340,sender,69f80f1b-51b5-4827-8b4a-c8c3162cd52b,RTT_SAMPLE,ACK,254,0,"63.480800"
511.345,sender,69f80f1b-51b5-4827-8b4a-c8c3162cd52b,RECEIVE,ACK,229,36,""
511.347,sender,69f80f1b-51b5-4827-8b4a-c8c3162cd52b,ACKNOWLEDGED,ACK,229,0,""
511.349,sender,69f80f1b-51b5-4827-8b4a-c8c3162cd52b,CONFIRM_DATA,ACK,229,1024,"unique file bytes acknowledged"
511.352,sender,69f80f1b-51b5-4827-8b4a-c8c3162cd52b,RTT_SAMPLE,ACK,229,0,"63.629700"
511.356,sender,69f80f1b-51b5-4827-8b4a-c8c3162cd52b,RECEIVE,ACK,231,36,""
511.359,sender,69f80f1b-51b5-4827-8b4a-c8c3162cd52b,ACKNOWLEDGED,ACK,231,0,""
511.363,sender,69f80f1b-51b5-4827-8b4a-c8c3162cd52b,CONFIRM_DATA,ACK,231,1024,"unique file bytes acknowledged"
511.365,sender,69f80f1b-51b5-4827-8b4a-c8c3162cd52b,RTT_SAMPLE,ACK,231,0,"63.611100"
511.370,sender,69f80f1b-51b5-4827-8b4a-c8c3162cd52b,RECEIVE,ACK,245,36,""
511.372,sender,69f80f1b-51b5-4827-8b4a-c8c3162cd52b,ACKNOWLEDGED,ACK,245,0,""
511.375,sender,69f80f1b-51b5-4827-8b4a-c8c3162cd52b,CONFIRM_DATA,ACK,245,1024,"unique file bytes acknowledged"
511.377,sender,69f80f1b-51b5-4827-8b4a-c8c3162cd52b,RTT_SAMPLE,ACK,245,0,"63.554600"
511.382,sender,69f80f1b-51b5-4827-8b4a-c8c3162cd52b,RECEIVE,ACK,199,36,""
511.384,sender,69f80f1b-51b5-4827-8b4a-c8c3162cd52b,ACKNOWLEDGED,ACK,199,0,""
511.387,sender,69f80f1b-51b5-4827-8b4a-c8c3162cd52b,CONFIRM_DATA,ACK,199,1024,"unique file bytes acknowledged"
511.389,sender,69f80f1b-51b5-4827-8b4a-c8c3162cd52b,RTT_SAMPLE,ACK,199,0,"95.971400"
511.393,sender,69f80f1b-51b5-4827-8b4a-c8c3162cd52b,SEND,DATA,263,1060,""
511.395,sender,69f80f1b-51b5-4827-8b4a-c8c3162cd52b,SEND,DATA,264,1060,""
511.398,sender,69f80f1b-51b5-4827-8b4a-c8c3162cd52b,SEND,DATA,265,1060,""
511.402,sender,69f80f1b-51b5-4827-8b4a-c8c3162cd52b,RECEIVE,ACK,209,36,""
511.404,sender,69f80f1b-51b5-4827-8b4a-c8c3162cd52b,ACKNOWLEDGED,ACK,209,0,""
511.407,sender,69f80f1b-51b5-4827-8b4a-c8c3162cd52b,CONFIRM_DATA,ACK,209,1024,"unique file bytes acknowledged"
511.409,sender,69f80f1b-51b5-4827-8b4a-c8c3162cd52b,RTT_SAMPLE,ACK,209,0,"79.570900"
511.414,sender,69f80f1b-51b5-4827-8b4a-c8c3162cd52b,RECEIVE,ACK,202,36,""
511.416,sender,69f80f1b-51b5-4827-8b4a-c8c3162cd52b,ACKNOWLEDGED,ACK,202,0,""
511.418,sender,69f80f1b-51b5-4827-8b4a-c8c3162cd52b,CONFIRM_DATA,ACK,202,1024,"unique file bytes acknowledged"
511.421,sender,69f80f1b-51b5-4827-8b4a-c8c3162cd52b,RTT_SAMPLE,ACK,202,0,"79.603500"
511.424,sender,69f80f1b-51b5-4827-8b4a-c8c3162cd52b,SEND,DATA,266,1060,""
511.427,sender,69f80f1b-51b5-4827-8b4a-c8c3162cd52b,SEND,DATA,267,1060,""
511.431,sender,69f80f1b-51b5-4827-8b4a-c8c3162cd52b,RECEIVE,ACK,227,36,""
511.433,sender,69f80f1b-51b5-4827-8b4a-c8c3162cd52b,ACKNOWLEDGED,ACK,227,0,""
511.435,sender,69f80f1b-51b5-4827-8b4a-c8c3162cd52b,CONFIRM_DATA,ACK,227,1024,"unique file bytes acknowledged"
511.438,sender,69f80f1b-51b5-4827-8b4a-c8c3162cd52b,RTT_SAMPLE,ACK,227,0,"63.721200"
527.049,sender,69f80f1b-51b5-4827-8b4a-c8c3162cd52b,RECEIVE,ACK,232,36,""
527.065,sender,69f80f1b-51b5-4827-8b4a-c8c3162cd52b,ACKNOWLEDGED,ACK,232,0,""
527.069,sender,69f80f1b-51b5-4827-8b4a-c8c3162cd52b,CONFIRM_DATA,ACK,232,1024,"unique file bytes acknowledged"
527.075,sender,69f80f1b-51b5-4827-8b4a-c8c3162cd52b,RTT_SAMPLE,ACK,232,0,"79.316500"
527.085,sender,69f80f1b-51b5-4827-8b4a-c8c3162cd52b,EMIT,DATA,256,1060,""
527.094,sender,69f80f1b-51b5-4827-8b4a-c8c3162cd52b,RECEIVE,ACK,207,36,""
527.097,sender,69f80f1b-51b5-4827-8b4a-c8c3162cd52b,ACKNOWLEDGED,ACK,207,0,""
527.100,sender,69f80f1b-51b5-4827-8b4a-c8c3162cd52b,CONFIRM_DATA,ACK,207,1024,"unique file bytes acknowledged"
527.108,sender,69f80f1b-51b5-4827-8b4a-c8c3162cd52b,RTT_SAMPLE,ACK,207,0,"95.271100"
527.115,sender,69f80f1b-51b5-4827-8b4a-c8c3162cd52b,RECEIVE,ACK,222,36,""
527.118,sender,69f80f1b-51b5-4827-8b4a-c8c3162cd52b,ACKNOWLEDGED,ACK,222,0,""
527.121,sender,69f80f1b-51b5-4827-8b4a-c8c3162cd52b,CONFIRM_DATA,ACK,222,1024,"unique file bytes acknowledged"
527.124,sender,69f80f1b-51b5-4827-8b4a-c8c3162cd52b,RTT_SAMPLE,ACK,222,0,"79.421100"
527.131,sender,69f80f1b-51b5-4827-8b4a-c8c3162cd52b,RECEIVE,ACK,226,36,""
527.134,sender,69f80f1b-51b5-4827-8b4a-c8c3162cd52b,ACKNOWLEDGED,ACK,226,0,""
527.137,sender,69f80f1b-51b5-4827-8b4a-c8c3162cd52b,CONFIRM_DATA,ACK,226,1024,"unique file bytes acknowledged"
527.141,sender,69f80f1b-51b5-4827-8b4a-c8c3162cd52b,RTT_SAMPLE,ACK,226,0,"79.426500"
527.148,sender,69f80f1b-51b5-4827-8b4a-c8c3162cd52b,RECEIVE,ACK,206,36,""
527.151,sender,69f80f1b-51b5-4827-8b4a-c8c3162cd52b,ACKNOWLEDGED,ACK,206,0,""
527.154,sender,69f80f1b-51b5-4827-8b4a-c8c3162cd52b,CONFIRM_DATA,ACK,206,1024,"unique file bytes acknowledged"
527.169,sender,69f80f1b-51b5-4827-8b4a-c8c3162cd52b,RTT_SAMPLE,ACK,206,0,"95.339200"
527.176,sender,69f80f1b-51b5-4827-8b4a-c8c3162cd52b,RECEIVE,ACK,246,36,""
527.180,sender,69f80f1b-51b5-4827-8b4a-c8c3162cd52b,ACKNOWLEDGED,ACK,246,0,""
527.182,sender,69f80f1b-51b5-4827-8b4a-c8c3162cd52b,CONFIRM_DATA,ACK,246,1024,"unique file bytes acknowledged"
527.186,sender,69f80f1b-51b5-4827-8b4a-c8c3162cd52b,RTT_SAMPLE,ACK,246,0,"79.360500"
527.193,sender,69f80f1b-51b5-4827-8b4a-c8c3162cd52b,RECEIVE,ACK,250,36,""
527.196,sender,69f80f1b-51b5-4827-8b4a-c8c3162cd52b,ACKNOWLEDGED,ACK,250,0,""
527.199,sender,69f80f1b-51b5-4827-8b4a-c8c3162cd52b,CONFIRM_DATA,ACK,250,1024,"unique file bytes acknowledged"
527.203,sender,69f80f1b-51b5-4827-8b4a-c8c3162cd52b,RTT_SAMPLE,ACK,250,0,"79.366500"
527.209,sender,69f80f1b-51b5-4827-8b4a-c8c3162cd52b,RECEIVE,ACK,230,36,""
527.212,sender,69f80f1b-51b5-4827-8b4a-c8c3162cd52b,ACKNOWLEDGED,ACK,230,0,""
527.215,sender,69f80f1b-51b5-4827-8b4a-c8c3162cd52b,CONFIRM_DATA,ACK,230,1024,"unique file bytes acknowledged"
527.219,sender,69f80f1b-51b5-4827-8b4a-c8c3162cd52b,RTT_SAMPLE,ACK,230,0,"79.494000"
527.226,sender,69f80f1b-51b5-4827-8b4a-c8c3162cd52b,RECEIVE,ACK,204,36,""
527.229,sender,69f80f1b-51b5-4827-8b4a-c8c3162cd52b,ACKNOWLEDGED,ACK,204,0,""
527.232,sender,69f80f1b-51b5-4827-8b4a-c8c3162cd52b,CONFIRM_DATA,ACK,204,1024,"unique file bytes acknowledged"
527.235,sender,69f80f1b-51b5-4827-8b4a-c8c3162cd52b,RTT_SAMPLE,ACK,204,0,"95.410300"
527.240,sender,69f80f1b-51b5-4827-8b4a-c8c3162cd52b,SEND,DATA,268,1060,""
527.245,sender,69f80f1b-51b5-4827-8b4a-c8c3162cd52b,SEND,DATA,269,1060,""
527.248,sender,69f80f1b-51b5-4827-8b4a-c8c3162cd52b,SEND,DATA,270,1060,""
527.252,sender,69f80f1b-51b5-4827-8b4a-c8c3162cd52b,SEND,DATA,271,1060,""
527.255,sender,69f80f1b-51b5-4827-8b4a-c8c3162cd52b,SEND,DATA,272,1060,""
527.259,sender,69f80f1b-51b5-4827-8b4a-c8c3162cd52b,SEND,DATA,273,1060,""
527.268,sender,69f80f1b-51b5-4827-8b4a-c8c3162cd52b,RECEIVE,ACK,238,36,""
527.271,sender,69f80f1b-51b5-4827-8b4a-c8c3162cd52b,ACKNOWLEDGED,ACK,238,0,""
527.274,sender,69f80f1b-51b5-4827-8b4a-c8c3162cd52b,CONFIRM_DATA,ACK,238,1024,"unique file bytes acknowledged"
527.278,sender,69f80f1b-51b5-4827-8b4a-c8c3162cd52b,RTT_SAMPLE,ACK,238,0,"79.473500"
527.284,sender,69f80f1b-51b5-4827-8b4a-c8c3162cd52b,RECEIVE,ACK,239,36,""
527.299,sender,69f80f1b-51b5-4827-8b4a-c8c3162cd52b,ACKNOWLEDGED,ACK,239,0,""
527.302,sender,69f80f1b-51b5-4827-8b4a-c8c3162cd52b,CONFIRM_DATA,ACK,239,1024,"unique file bytes acknowledged"
527.306,sender,69f80f1b-51b5-4827-8b4a-c8c3162cd52b,RTT_SAMPLE,ACK,239,0,"79.498700"
527.312,sender,69f80f1b-51b5-4827-8b4a-c8c3162cd52b,RECEIVE,ACK,213,36,""
527.315,sender,69f80f1b-51b5-4827-8b4a-c8c3162cd52b,ACKNOWLEDGED,ACK,213,0,""
527.320,sender,69f80f1b-51b5-4827-8b4a-c8c3162cd52b,CONFIRM_DATA,ACK,213,1024,"unique file bytes acknowledged"
527.324,sender,69f80f1b-51b5-4827-8b4a-c8c3162cd52b,RTT_SAMPLE,ACK,213,0,"95.474400"
527.330,sender,69f80f1b-51b5-4827-8b4a-c8c3162cd52b,RECEIVE,ACK,212,36,""
527.333,sender,69f80f1b-51b5-4827-8b4a-c8c3162cd52b,ACKNOWLEDGED,ACK,212,0,""
527.336,sender,69f80f1b-51b5-4827-8b4a-c8c3162cd52b,CONFIRM_DATA,ACK,212,1024,"unique file bytes acknowledged"
527.340,sender,69f80f1b-51b5-4827-8b4a-c8c3162cd52b,RTT_SAMPLE,ACK,212,0,"95.493000"
527.346,sender,69f80f1b-51b5-4827-8b4a-c8c3162cd52b,RECEIVE,ACK,210,36,""
527.349,sender,69f80f1b-51b5-4827-8b4a-c8c3162cd52b,ACKNOWLEDGED,ACK,210,0,""
527.352,sender,69f80f1b-51b5-4827-8b4a-c8c3162cd52b,CONFIRM_DATA,ACK,210,1024,"unique file bytes acknowledged"
527.360,sender,69f80f1b-51b5-4827-8b4a-c8c3162cd52b,RTT_SAMPLE,ACK,210,0,"95.518900"
527.364,sender,69f80f1b-51b5-4827-8b4a-c8c3162cd52b,SEND,DATA,274,1060,""
527.370,sender,69f80f1b-51b5-4827-8b4a-c8c3162cd52b,RECEIVE,ACK,225,36,""
527.373,sender,69f80f1b-51b5-4827-8b4a-c8c3162cd52b,ACKNOWLEDGED,ACK,225,0,""
527.375,sender,69f80f1b-51b5-4827-8b4a-c8c3162cd52b,CONFIRM_DATA,ACK,225,1024,"unique file bytes acknowledged"
527.379,sender,69f80f1b-51b5-4827-8b4a-c8c3162cd52b,RTT_SAMPLE,ACK,225,0,"79.667700"
527.386,sender,69f80f1b-51b5-4827-8b4a-c8c3162cd52b,RECEIVE,ACK,251,36,""
527.389,sender,69f80f1b-51b5-4827-8b4a-c8c3162cd52b,ACKNOWLEDGED,ACK,251,0,""
527.391,sender,69f80f1b-51b5-4827-8b4a-c8c3162cd52b,CONFIRM_DATA,ACK,251,1024,"unique file bytes acknowledged"
527.395,sender,69f80f1b-51b5-4827-8b4a-c8c3162cd52b,RTT_SAMPLE,ACK,251,0,"79.556100"
527.401,sender,69f80f1b-51b5-4827-8b4a-c8c3162cd52b,RECEIVE,ACK,252,36,""
527.404,sender,69f80f1b-51b5-4827-8b4a-c8c3162cd52b,ACKNOWLEDGED,ACK,252,0,""
527.407,sender,69f80f1b-51b5-4827-8b4a-c8c3162cd52b,CONFIRM_DATA,ACK,252,1024,"unique file bytes acknowledged"
527.411,sender,69f80f1b-51b5-4827-8b4a-c8c3162cd52b,RTT_SAMPLE,ACK,252,0,"79.556900"
527.417,sender,69f80f1b-51b5-4827-8b4a-c8c3162cd52b,RECEIVE,ACK,218,36,""
527.420,sender,69f80f1b-51b5-4827-8b4a-c8c3162cd52b,ACKNOWLEDGED,ACK,218,0,""
527.423,sender,69f80f1b-51b5-4827-8b4a-c8c3162cd52b,CONFIRM_DATA,ACK,218,1024,"unique file bytes acknowledged"
527.427,sender,69f80f1b-51b5-4827-8b4a-c8c3162cd52b,RTT_SAMPLE,ACK,218,0,"79.735600"
527.433,sender,69f80f1b-51b5-4827-8b4a-c8c3162cd52b,RECEIVE,ACK,217,36,""
527.436,sender,69f80f1b-51b5-4827-8b4a-c8c3162cd52b,ACKNOWLEDGED,ACK,217,0,""
527.439,sender,69f80f1b-51b5-4827-8b4a-c8c3162cd52b,CONFIRM_DATA,ACK,217,1024,"unique file bytes acknowledged"
527.443,sender,69f80f1b-51b5-4827-8b4a-c8c3162cd52b,RTT_SAMPLE,ACK,217,0,"80.012500"
527.449,sender,69f80f1b-51b5-4827-8b4a-c8c3162cd52b,RECEIVE,ACK,244,36,""
527.452,sender,69f80f1b-51b5-4827-8b4a-c8c3162cd52b,ACKNOWLEDGED,ACK,244,0,""
527.455,sender,69f80f1b-51b5-4827-8b4a-c8c3162cd52b,CONFIRM_DATA,ACK,244,1024,"unique file bytes acknowledged"
527.459,sender,69f80f1b-51b5-4827-8b4a-c8c3162cd52b,RTT_SAMPLE,ACK,244,0,"79.638300"
542.914,sender,69f80f1b-51b5-4827-8b4a-c8c3162cd52b,EMIT,DATA,266,1060,""
542.986,sender,69f80f1b-51b5-4827-8b4a-c8c3162cd52b,EMIT,DATA,263,1060,""
542.997,sender,69f80f1b-51b5-4827-8b4a-c8c3162cd52b,RECEIVE,ACK,233,36,""
543.032,sender,69f80f1b-51b5-4827-8b4a-c8c3162cd52b,EMIT,DATA,261,1060,""
543.035,sender,69f80f1b-51b5-4827-8b4a-c8c3162cd52b,ACKNOWLEDGED,ACK,233,0,""
543.038,sender,69f80f1b-51b5-4827-8b4a-c8c3162cd52b,CONFIRM_DATA,ACK,233,1024,"unique file bytes acknowledged"
543.042,sender,69f80f1b-51b5-4827-8b4a-c8c3162cd52b,RTT_SAMPLE,ACK,233,0,"95.281200"
543.076,sender,69f80f1b-51b5-4827-8b4a-c8c3162cd52b,RECEIVE,ACK,253,36,""
543.079,sender,69f80f1b-51b5-4827-8b4a-c8c3162cd52b,ACKNOWLEDGED,ACK,253,0,""
543.081,sender,69f80f1b-51b5-4827-8b4a-c8c3162cd52b,CONFIRM_DATA,ACK,253,1024,"unique file bytes acknowledged"
543.084,sender,69f80f1b-51b5-4827-8b4a-c8c3162cd52b,RTT_SAMPLE,ACK,253,0,"95.227400"
543.089,sender,69f80f1b-51b5-4827-8b4a-c8c3162cd52b,RECEIVE,ACK,221,36,""
543.091,sender,69f80f1b-51b5-4827-8b4a-c8c3162cd52b,ACKNOWLEDGED,ACK,221,0,""
543.093,sender,69f80f1b-51b5-4827-8b4a-c8c3162cd52b,CONFIRM_DATA,ACK,221,1024,"unique file bytes acknowledged"
543.096,sender,69f80f1b-51b5-4827-8b4a-c8c3162cd52b,RTT_SAMPLE,ACK,221,0,"95.396000"
543.101,sender,69f80f1b-51b5-4827-8b4a-c8c3162cd52b,RECEIVE,ACK,224,36,""
543.104,sender,69f80f1b-51b5-4827-8b4a-c8c3162cd52b,ACKNOWLEDGED,ACK,224,0,""
543.106,sender,69f80f1b-51b5-4827-8b4a-c8c3162cd52b,CONFIRM_DATA,ACK,224,1024,"unique file bytes acknowledged"
543.109,sender,69f80f1b-51b5-4827-8b4a-c8c3162cd52b,RTT_SAMPLE,ACK,224,0,"95.400200"
543.114,sender,69f80f1b-51b5-4827-8b4a-c8c3162cd52b,RECEIVE,ACK,248,36,""
543.116,sender,69f80f1b-51b5-4827-8b4a-c8c3162cd52b,ACKNOWLEDGED,ACK,248,0,""
543.118,sender,69f80f1b-51b5-4827-8b4a-c8c3162cd52b,CONFIRM_DATA,ACK,248,1024,"unique file bytes acknowledged"
543.125,sender,69f80f1b-51b5-4827-8b4a-c8c3162cd52b,RTT_SAMPLE,ACK,248,0,"95.294300"
543.131,sender,69f80f1b-51b5-4827-8b4a-c8c3162cd52b,RECEIVE,ACK,235,36,""
543.134,sender,69f80f1b-51b5-4827-8b4a-c8c3162cd52b,ACKNOWLEDGED,ACK,235,0,""
543.137,sender,69f80f1b-51b5-4827-8b4a-c8c3162cd52b,CONFIRM_DATA,ACK,235,1024,"unique file bytes acknowledged"
543.140,sender,69f80f1b-51b5-4827-8b4a-c8c3162cd52b,RTT_SAMPLE,ACK,235,0,"95.374300"
543.146,sender,69f80f1b-51b5-4827-8b4a-c8c3162cd52b,RECEIVE,ACK,228,36,""
543.149,sender,69f80f1b-51b5-4827-8b4a-c8c3162cd52b,ACKNOWLEDGED,ACK,228,0,""
543.151,sender,69f80f1b-51b5-4827-8b4a-c8c3162cd52b,CONFIRM_DATA,ACK,228,1024,"unique file bytes acknowledged"
543.155,sender,69f80f1b-51b5-4827-8b4a-c8c3162cd52b,RTT_SAMPLE,ACK,228,0,"95.435300"
543.161,sender,69f80f1b-51b5-4827-8b4a-c8c3162cd52b,RECEIVE,ACK,211,36,""
543.163,sender,69f80f1b-51b5-4827-8b4a-c8c3162cd52b,ACKNOWLEDGED,ACK,211,0,""
543.166,sender,69f80f1b-51b5-4827-8b4a-c8c3162cd52b,CONFIRM_DATA,ACK,211,1024,"unique file bytes acknowledged"
543.170,sender,69f80f1b-51b5-4827-8b4a-c8c3162cd52b,RTT_SAMPLE,ACK,211,0,"111.325500"
543.174,sender,69f80f1b-51b5-4827-8b4a-c8c3162cd52b,SEND,DATA,275,1060,""
543.178,sender,69f80f1b-51b5-4827-8b4a-c8c3162cd52b,SEND,DATA,276,1060,""
543.181,sender,69f80f1b-51b5-4827-8b4a-c8c3162cd52b,SEND,DATA,277,1060,""
543.187,sender,69f80f1b-51b5-4827-8b4a-c8c3162cd52b,RECEIVE,ACK,215,36,""
543.190,sender,69f80f1b-51b5-4827-8b4a-c8c3162cd52b,ACKNOWLEDGED,ACK,215,0,""
543.196,sender,69f80f1b-51b5-4827-8b4a-c8c3162cd52b,CONFIRM_DATA,ACK,215,1024,"unique file bytes acknowledged"
543.199,sender,69f80f1b-51b5-4827-8b4a-c8c3162cd52b,RTT_SAMPLE,ACK,215,0,"95.784300"
543.205,sender,69f80f1b-51b5-4827-8b4a-c8c3162cd52b,RECEIVE,ACK,216,36,""
543.208,sender,69f80f1b-51b5-4827-8b4a-c8c3162cd52b,ACKNOWLEDGED,ACK,216,0,""
543.210,sender,69f80f1b-51b5-4827-8b4a-c8c3162cd52b,CONFIRM_DATA,ACK,216,1024,"unique file bytes acknowledged"
543.214,sender,69f80f1b-51b5-4827-8b4a-c8c3162cd52b,RTT_SAMPLE,ACK,216,0,"95.791100"
543.219,sender,69f80f1b-51b5-4827-8b4a-c8c3162cd52b,RECEIVE,ACK,214,36,""
543.222,sender,69f80f1b-51b5-4827-8b4a-c8c3162cd52b,ACKNOWLEDGED,ACK,214,0,""
543.225,sender,69f80f1b-51b5-4827-8b4a-c8c3162cd52b,CONFIRM_DATA,ACK,214,1024,"unique file bytes acknowledged"
543.228,sender,69f80f1b-51b5-4827-8b4a-c8c3162cd52b,RTT_SAMPLE,ACK,214,0,"111.375800"
543.231,sender,69f80f1b-51b5-4827-8b4a-c8c3162cd52b,SEND,DATA,278,1060,""
543.234,sender,69f80f1b-51b5-4827-8b4a-c8c3162cd52b,SEND,DATA,279,1060,""
543.237,sender,69f80f1b-51b5-4827-8b4a-c8c3162cd52b,SEND,DATA,280,1060,""
543.240,sender,69f80f1b-51b5-4827-8b4a-c8c3162cd52b,SEND,DATA,281,1060,""
543.243,sender,69f80f1b-51b5-4827-8b4a-c8c3162cd52b,SEND,DATA,282,1060,""
543.248,sender,69f80f1b-51b5-4827-8b4a-c8c3162cd52b,RECEIVE,ACK,249,36,""
543.251,sender,69f80f1b-51b5-4827-8b4a-c8c3162cd52b,ACKNOWLEDGED,ACK,249,0,""
543.253,sender,69f80f1b-51b5-4827-8b4a-c8c3162cd52b,CONFIRM_DATA,ACK,249,1024,"unique file bytes acknowledged"
543.257,sender,69f80f1b-51b5-4827-8b4a-c8c3162cd52b,RTT_SAMPLE,ACK,249,0,"95.423000"
543.262,sender,69f80f1b-51b5-4827-8b4a-c8c3162cd52b,RECEIVE,ACK,255,36,""
543.265,sender,69f80f1b-51b5-4827-8b4a-c8c3162cd52b,ACKNOWLEDGED,ACK,255,0,""
543.267,sender,69f80f1b-51b5-4827-8b4a-c8c3162cd52b,CONFIRM_DATA,ACK,255,1024,"unique file bytes acknowledged"
543.270,sender,69f80f1b-51b5-4827-8b4a-c8c3162cd52b,RTT_SAMPLE,ACK,255,0,"95.408200"
543.276,sender,69f80f1b-51b5-4827-8b4a-c8c3162cd52b,RECEIVE,ACK,219,36,""
543.278,sender,69f80f1b-51b5-4827-8b4a-c8c3162cd52b,ACKNOWLEDGED,ACK,219,0,""
543.281,sender,69f80f1b-51b5-4827-8b4a-c8c3162cd52b,CONFIRM_DATA,ACK,219,1024,"unique file bytes acknowledged"
543.284,sender,69f80f1b-51b5-4827-8b4a-c8c3162cd52b,RTT_SAMPLE,ACK,219,0,"95.589000"
543.287,sender,69f80f1b-51b5-4827-8b4a-c8c3162cd52b,SEND,DATA,283,1060,""
543.292,sender,69f80f1b-51b5-4827-8b4a-c8c3162cd52b,RECEIVE,ACK,236,36,""
543.311,sender,69f80f1b-51b5-4827-8b4a-c8c3162cd52b,ACKNOWLEDGED,ACK,236,0,""
543.313,sender,69f80f1b-51b5-4827-8b4a-c8c3162cd52b,CONFIRM_DATA,ACK,236,1024,"unique file bytes acknowledged"
543.316,sender,69f80f1b-51b5-4827-8b4a-c8c3162cd52b,RTT_SAMPLE,ACK,236,0,"95.547700"
543.321,sender,69f80f1b-51b5-4827-8b4a-c8c3162cd52b,RECEIVE,ACK,247,36,""
543.324,sender,69f80f1b-51b5-4827-8b4a-c8c3162cd52b,ACKNOWLEDGED,ACK,247,0,""
543.326,sender,69f80f1b-51b5-4827-8b4a-c8c3162cd52b,CONFIRM_DATA,ACK,247,1024,"unique file bytes acknowledged"
543.329,sender,69f80f1b-51b5-4827-8b4a-c8c3162cd52b,RTT_SAMPLE,ACK,247,0,"95.500700"
543.334,sender,69f80f1b-51b5-4827-8b4a-c8c3162cd52b,RECEIVE,ACK,220,36,""
543.336,sender,69f80f1b-51b5-4827-8b4a-c8c3162cd52b,ACKNOWLEDGED,ACK,220,0,""
543.339,sender,69f80f1b-51b5-4827-8b4a-c8c3162cd52b,CONFIRM_DATA,ACK,220,1024,"unique file bytes acknowledged"
543.342,sender,69f80f1b-51b5-4827-8b4a-c8c3162cd52b,RTT_SAMPLE,ACK,220,0,"95.644100"
543.345,sender,69f80f1b-51b5-4827-8b4a-c8c3162cd52b,SEND,DATA,284,1060,""
543.348,sender,69f80f1b-51b5-4827-8b4a-c8c3162cd52b,SEND,DATA,285,1060,""
543.350,sender,69f80f1b-51b5-4827-8b4a-c8c3162cd52b,SEND,DATA,286,1060,""
543.353,sender,69f80f1b-51b5-4827-8b4a-c8c3162cd52b,SEND,DATA,287,1060,""
543.356,sender,69f80f1b-51b5-4827-8b4a-c8c3162cd52b,SEND,DATA,288,1060,""
543.359,sender,69f80f1b-51b5-4827-8b4a-c8c3162cd52b,SEND,DATA,289,1060,""
543.362,sender,69f80f1b-51b5-4827-8b4a-c8c3162cd52b,SEND,DATA,290,1060,""
543.365,sender,69f80f1b-51b5-4827-8b4a-c8c3162cd52b,SEND,DATA,291,1060,""
543.367,sender,69f80f1b-51b5-4827-8b4a-c8c3162cd52b,SEND,DATA,292,1060,""
543.382,sender,69f80f1b-51b5-4827-8b4a-c8c3162cd52b,SEND,DATA,293,1060,""
543.385,sender,69f80f1b-51b5-4827-8b4a-c8c3162cd52b,SEND,DATA,294,1060,""
543.387,sender,69f80f1b-51b5-4827-8b4a-c8c3162cd52b,SEND,DATA,295,1060,""
543.390,sender,69f80f1b-51b5-4827-8b4a-c8c3162cd52b,SEND,DATA,296,1060,""
543.392,sender,69f80f1b-51b5-4827-8b4a-c8c3162cd52b,SEND,DATA,297,1060,""
543.397,sender,69f80f1b-51b5-4827-8b4a-c8c3162cd52b,RECEIVE,ACK,234,36,""
543.399,sender,69f80f1b-51b5-4827-8b4a-c8c3162cd52b,ACKNOWLEDGED,ACK,234,0,""
543.401,sender,69f80f1b-51b5-4827-8b4a-c8c3162cd52b,CONFIRM_DATA,ACK,234,1024,"unique file bytes acknowledged"
543.404,sender,69f80f1b-51b5-4827-8b4a-c8c3162cd52b,RTT_SAMPLE,ACK,234,0,"95.641200"
543.407,sender,69f80f1b-51b5-4827-8b4a-c8c3162cd52b,SEND,DATA,298,1060,""
543.410,sender,69f80f1b-51b5-4827-8b4a-c8c3162cd52b,SEND,DATA,299,1060,""
543.412,sender,69f80f1b-51b5-4827-8b4a-c8c3162cd52b,SEND,DATA,300,1060,""
543.417,sender,69f80f1b-51b5-4827-8b4a-c8c3162cd52b,RECEIVE,ACK,240,36,""
543.419,sender,69f80f1b-51b5-4827-8b4a-c8c3162cd52b,ACKNOWLEDGED,ACK,240,0,""
543.421,sender,69f80f1b-51b5-4827-8b4a-c8c3162cd52b,CONFIRM_DATA,ACK,240,1024,"unique file bytes acknowledged"
543.446,sender,69f80f1b-51b5-4827-8b4a-c8c3162cd52b,RTT_SAMPLE,ACK,240,0,"95.636000"
558.833,sender,69f80f1b-51b5-4827-8b4a-c8c3162cd52b,EMIT,DATA,258,1060,""
558.872,sender,69f80f1b-51b5-4827-8b4a-c8c3162cd52b,EMIT,DATA,264,1060,""
558.884,sender,69f80f1b-51b5-4827-8b4a-c8c3162cd52b,EMIT,DATA,271,1060,""
558.895,sender,69f80f1b-51b5-4827-8b4a-c8c3162cd52b,EMIT,DATA,267,1060,""
558.906,sender,69f80f1b-51b5-4827-8b4a-c8c3162cd52b,EMIT,DATA,259,1060,""
558.916,sender,69f80f1b-51b5-4827-8b4a-c8c3162cd52b,EMIT,DATA,269,1060,""
558.927,sender,69f80f1b-51b5-4827-8b4a-c8c3162cd52b,EMIT,DATA,268,1060,""
558.938,sender,69f80f1b-51b5-4827-8b4a-c8c3162cd52b,EMIT,DATA,260,1060,""
558.948,sender,69f80f1b-51b5-4827-8b4a-c8c3162cd52b,EMIT,DATA,262,1060,""
558.959,sender,69f80f1b-51b5-4827-8b4a-c8c3162cd52b,EMIT,DATA,265,1060,""
559.187,sender,69f80f1b-51b5-4827-8b4a-c8c3162cd52b,RECEIVE,ACK,241,36,""
559.200,sender,69f80f1b-51b5-4827-8b4a-c8c3162cd52b,ACKNOWLEDGED,ACK,241,0,""
559.205,sender,69f80f1b-51b5-4827-8b4a-c8c3162cd52b,CONFIRM_DATA,ACK,241,1024,"unique file bytes acknowledged"
559.211,sender,69f80f1b-51b5-4827-8b4a-c8c3162cd52b,RTT_SAMPLE,ACK,241,0,"111.397400"
559.224,sender,69f80f1b-51b5-4827-8b4a-c8c3162cd52b,RECEIVE,ACK,237,36,""
559.228,sender,69f80f1b-51b5-4827-8b4a-c8c3162cd52b,ACKNOWLEDGED,ACK,237,0,""
559.231,sender,69f80f1b-51b5-4827-8b4a-c8c3162cd52b,CONFIRM_DATA,ACK,237,1024,"unique file bytes acknowledged"
559.235,sender,69f80f1b-51b5-4827-8b4a-c8c3162cd52b,RTT_SAMPLE,ACK,237,0,"111.464200"
559.241,sender,69f80f1b-51b5-4827-8b4a-c8c3162cd52b,SEND,DATA,301,1060,""
559.247,sender,69f80f1b-51b5-4827-8b4a-c8c3162cd52b,SEND,DATA,302,1060,""
559.252,sender,69f80f1b-51b5-4827-8b4a-c8c3162cd52b,SEND,DATA,303,1060,""
559.257,sender,69f80f1b-51b5-4827-8b4a-c8c3162cd52b,SEND,DATA,304,1060,""
559.261,sender,69f80f1b-51b5-4827-8b4a-c8c3162cd52b,SEND,DATA,305,1060,""
559.265,sender,69f80f1b-51b5-4827-8b4a-c8c3162cd52b,SEND,DATA,306,1060,""
559.269,sender,69f80f1b-51b5-4827-8b4a-c8c3162cd52b,SEND,DATA,307,1060,""
559.273,sender,69f80f1b-51b5-4827-8b4a-c8c3162cd52b,SEND,DATA,308,1060,""
559.276,sender,69f80f1b-51b5-4827-8b4a-c8c3162cd52b,SEND,DATA,309,1060,""
559.280,sender,69f80f1b-51b5-4827-8b4a-c8c3162cd52b,SEND,DATA,310,1060,""
559.284,sender,69f80f1b-51b5-4827-8b4a-c8c3162cd52b,SEND,DATA,311,1060,""
559.288,sender,69f80f1b-51b5-4827-8b4a-c8c3162cd52b,SEND,DATA,312,1060,""
559.291,sender,69f80f1b-51b5-4827-8b4a-c8c3162cd52b,SEND,DATA,313,1060,""
559.295,sender,69f80f1b-51b5-4827-8b4a-c8c3162cd52b,SEND,DATA,314,1060,""
559.299,sender,69f80f1b-51b5-4827-8b4a-c8c3162cd52b,SEND,DATA,315,1060,""
559.303,sender,69f80f1b-51b5-4827-8b4a-c8c3162cd52b,SEND,DATA,316,1060,""
559.307,sender,69f80f1b-51b5-4827-8b4a-c8c3162cd52b,SEND,DATA,317,1060,""
559.310,sender,69f80f1b-51b5-4827-8b4a-c8c3162cd52b,SEND,DATA,318,1060,""
559.314,sender,69f80f1b-51b5-4827-8b4a-c8c3162cd52b,SEND,DATA,319,1060,""
559.320,sender,69f80f1b-51b5-4827-8b4a-c8c3162cd52b,RECEIVE,ACK,256,36,""
559.324,sender,69f80f1b-51b5-4827-8b4a-c8c3162cd52b,ACKNOWLEDGED,ACK,256,0,""
559.327,sender,69f80f1b-51b5-4827-8b4a-c8c3162cd52b,CONFIRM_DATA,ACK,256,1024,"unique file bytes acknowledged"
559.331,sender,69f80f1b-51b5-4827-8b4a-c8c3162cd52b,RTT_SAMPLE,ACK,256,0,"79.404300"
559.336,sender,69f80f1b-51b5-4827-8b4a-c8c3162cd52b,SEND,DATA,320,1060,""
574.809,sender,69f80f1b-51b5-4827-8b4a-c8c3162cd52b,EMIT,DATA,257,1060,""
574.871,sender,69f80f1b-51b5-4827-8b4a-c8c3162cd52b,EMIT,DATA,273,1060,""
574.882,sender,69f80f1b-51b5-4827-8b4a-c8c3162cd52b,EMIT,DATA,281,1060,""
574.894,sender,69f80f1b-51b5-4827-8b4a-c8c3162cd52b,EMIT,DATA,274,1060,""
574.905,sender,69f80f1b-51b5-4827-8b4a-c8c3162cd52b,EMIT,DATA,282,1060,""
574.915,sender,69f80f1b-51b5-4827-8b4a-c8c3162cd52b,EMIT,DATA,272,1060,""
574.928,sender,69f80f1b-51b5-4827-8b4a-c8c3162cd52b,EMIT,DATA,286,1060,""
574.938,sender,69f80f1b-51b5-4827-8b4a-c8c3162cd52b,EMIT,DATA,275,1060,""
574.948,sender,69f80f1b-51b5-4827-8b4a-c8c3162cd52b,EMIT,DATA,300,1060,""
574.959,sender,69f80f1b-51b5-4827-8b4a-c8c3162cd52b,EMIT,DATA,284,1060,""
574.977,sender,69f80f1b-51b5-4827-8b4a-c8c3162cd52b,EMIT,DATA,280,1060,""
574.987,sender,69f80f1b-51b5-4827-8b4a-c8c3162cd52b,EMIT,DATA,270,1060,""
590.785,sender,69f80f1b-51b5-4827-8b4a-c8c3162cd52b,EMIT,DATA,276,1060,""
590.812,sender,69f80f1b-51b5-4827-8b4a-c8c3162cd52b,EMIT,DATA,298,1060,""
590.822,sender,69f80f1b-51b5-4827-8b4a-c8c3162cd52b,EMIT,DATA,287,1060,""
590.835,sender,69f80f1b-51b5-4827-8b4a-c8c3162cd52b,EMIT,DATA,295,1060,""
590.843,sender,69f80f1b-51b5-4827-8b4a-c8c3162cd52b,EMIT,DATA,277,1060,""
590.851,sender,69f80f1b-51b5-4827-8b4a-c8c3162cd52b,EMIT,DATA,290,1060,""
590.859,sender,69f80f1b-51b5-4827-8b4a-c8c3162cd52b,EMIT,DATA,291,1060,""
590.866,sender,69f80f1b-51b5-4827-8b4a-c8c3162cd52b,EMIT,DATA,285,1060,""
590.875,sender,69f80f1b-51b5-4827-8b4a-c8c3162cd52b,EMIT,DATA,289,1060,""
590.886,sender,69f80f1b-51b5-4827-8b4a-c8c3162cd52b,EMIT,DATA,279,1060,""
590.895,sender,69f80f1b-51b5-4827-8b4a-c8c3162cd52b,EMIT,DATA,283,1060,""
590.903,sender,69f80f1b-51b5-4827-8b4a-c8c3162cd52b,RECEIVE,ACK,266,36,""
590.912,sender,69f80f1b-51b5-4827-8b4a-c8c3162cd52b,EMIT,DATA,294,1060,""
590.915,sender,69f80f1b-51b5-4827-8b4a-c8c3162cd52b,ACKNOWLEDGED,ACK,266,0,""
590.918,sender,69f80f1b-51b5-4827-8b4a-c8c3162cd52b,CONFIRM_DATA,ACK,266,1024,"unique file bytes acknowledged"
590.922,sender,69f80f1b-51b5-4827-8b4a-c8c3162cd52b,EMIT,DATA,314,1060,""
590.926,sender,69f80f1b-51b5-4827-8b4a-c8c3162cd52b,RTT_SAMPLE,ACK,266,0,"79.497900"
590.938,sender,69f80f1b-51b5-4827-8b4a-c8c3162cd52b,EMIT,DATA,296,1060,""
590.942,sender,69f80f1b-51b5-4827-8b4a-c8c3162cd52b,RECEIVE,ACK,268,36,""
590.945,sender,69f80f1b-51b5-4827-8b4a-c8c3162cd52b,ACKNOWLEDGED,ACK,268,0,""
590.948,sender,69f80f1b-51b5-4827-8b4a-c8c3162cd52b,EMIT,DATA,299,1060,""
590.950,sender,69f80f1b-51b5-4827-8b4a-c8c3162cd52b,CONFIRM_DATA,ACK,268,1024,"unique file bytes acknowledged"
590.954,sender,69f80f1b-51b5-4827-8b4a-c8c3162cd52b,RTT_SAMPLE,ACK,268,0,"63.713900"
590.956,sender,69f80f1b-51b5-4827-8b4a-c8c3162cd52b,EMIT,DATA,278,1060,""
590.960,sender,69f80f1b-51b5-4827-8b4a-c8c3162cd52b,RECEIVE,ACK,261,36,""
590.963,sender,69f80f1b-51b5-4827-8b4a-c8c3162cd52b,ACKNOWLEDGED,ACK,261,0,""
590.965,sender,69f80f1b-51b5-4827-8b4a-c8c3162cd52b,CONFIRM_DATA,ACK,261,1024,"unique file bytes acknowledged"
590.968,sender,69f80f1b-51b5-4827-8b4a-c8c3162cd52b,EMIT,DATA,308,1060,""
590.971,sender,69f80f1b-51b5-4827-8b4a-c8c3162cd52b,RTT_SAMPLE,ACK,261,0,"79.714600"
590.976,sender,69f80f1b-51b5-4827-8b4a-c8c3162cd52b,EMIT,DATA,310,1060,""
590.979,sender,69f80f1b-51b5-4827-8b4a-c8c3162cd52b,RECEIVE,ACK,263,36,""
590.981,sender,69f80f1b-51b5-4827-8b4a-c8c3162cd52b,ACKNOWLEDGED,ACK,263,0,""
590.984,sender,69f80f1b-51b5-4827-8b4a-c8c3162cd52b,CONFIRM_DATA,ACK,263,1024,"unique file bytes acknowledged"
590.986,sender,69f80f1b-51b5-4827-8b4a-c8c3162cd52b,EMIT,DATA,317,1060,""
590.990,sender,69f80f1b-51b5-4827-8b4a-c8c3162cd52b,RTT_SAMPLE,ACK,263,0,"79.593900"
590.995,sender,69f80f1b-51b5-4827-8b4a-c8c3162cd52b,EMIT,DATA,319,1060,""
591.003,sender,69f80f1b-51b5-4827-8b4a-c8c3162cd52b,EMIT,DATA,293,1060,""
591.015,sender,69f80f1b-51b5-4827-8b4a-c8c3162cd52b,EMIT,DATA,297,1060,""
606.428,sender,69f80f1b-51b5-4827-8b4a-c8c3162cd52b,EMIT,DATA,288,1060,""
606.449,sender,69f80f1b-51b5-4827-8b4a-c8c3162cd52b,RECEIVE,ACK,262,36,""
606.460,sender,69f80f1b-51b5-4827-8b4a-c8c3162cd52b,ACKNOWLEDGED,ACK,262,0,""
606.463,sender,69f80f1b-51b5-4827-8b4a-c8c3162cd52b,CONFIRM_DATA,ACK,262,1024,"unique file bytes acknowledged"
606.467,sender,69f80f1b-51b5-4827-8b4a-c8c3162cd52b,EMIT,DATA,307,1060,""
606.472,sender,69f80f1b-51b5-4827-8b4a-c8c3162cd52b,RTT_SAMPLE,ACK,262,0,"95.211100"
606.477,sender,69f80f1b-51b5-4827-8b4a-c8c3162cd52b,EMIT,DATA,292,1060,""
606.481,sender,69f80f1b-51b5-4827-8b4a-c8c3162cd52b,RECEIVE,ACK,267,36,""
606.484,sender,69f80f1b-51b5-4827-8b4a-c8c3162cd52b,ACKNOWLEDGED,ACK,267,0,""
606.486,sender,69f80f1b-51b5-4827-8b4a-c8c3162cd52b,EMIT,DATA,303,1060,""
606.526,sender,69f80f1b-51b5-4827-8b4a-c8c3162cd52b,EMIT,DATA,312,1060,""
606.536,sender,69f80f1b-51b5-4827-8b4a-c8c3162cd52b,EMIT,DATA,315,1060,""
606.546,sender,69f80f1b-51b5-4827-8b4a-c8c3162cd52b,EMIT,DATA,318,1060,""
606.553,sender,69f80f1b-51b5-4827-8b4a-c8c3162cd52b,EMIT,DATA,304,1060,""
606.561,sender,69f80f1b-51b5-4827-8b4a-c8c3162cd52b,EMIT,DATA,306,1060,""
606.568,sender,69f80f1b-51b5-4827-8b4a-c8c3162cd52b,EMIT,DATA,302,1060,""
606.576,sender,69f80f1b-51b5-4827-8b4a-c8c3162cd52b,EMIT,DATA,313,1060,""
606.595,sender,69f80f1b-51b5-4827-8b4a-c8c3162cd52b,EMIT,DATA,316,1060,""
606.670,sender,69f80f1b-51b5-4827-8b4a-c8c3162cd52b,CONFIRM_DATA,ACK,267,1024,"unique file bytes acknowledged"
606.680,sender,69f80f1b-51b5-4827-8b4a-c8c3162cd52b,RTT_SAMPLE,ACK,267,0,"95.252000"
606.708,sender,69f80f1b-51b5-4827-8b4a-c8c3162cd52b,RECEIVE,ACK,259,36,""
606.712,sender,69f80f1b-51b5-4827-8b4a-c8c3162cd52b,ACKNOWLEDGED,ACK,259,0,""
606.715,sender,69f80f1b-51b5-4827-8b4a-c8c3162cd52b,CONFIRM_DATA,ACK,259,1024,"unique file bytes acknowledged"
606.719,sender,69f80f1b-51b5-4827-8b4a-c8c3162cd52b,RTT_SAMPLE,ACK,259,0,"95.495900"
606.726,sender,69f80f1b-51b5-4827-8b4a-c8c3162cd52b,RECEIVE,ACK,264,36,""
606.728,sender,69f80f1b-51b5-4827-8b4a-c8c3162cd52b,ACKNOWLEDGED,ACK,264,0,""
606.731,sender,69f80f1b-51b5-4827-8b4a-c8c3162cd52b,CONFIRM_DATA,ACK,264,1024,"unique file bytes acknowledged"
606.734,sender,69f80f1b-51b5-4827-8b4a-c8c3162cd52b,RTT_SAMPLE,ACK,264,0,"95.338700"
606.740,sender,69f80f1b-51b5-4827-8b4a-c8c3162cd52b,RECEIVE,ACK,282,36,""
606.743,sender,69f80f1b-51b5-4827-8b4a-c8c3162cd52b,ACKNOWLEDGED,ACK,282,0,""
606.745,sender,69f80f1b-51b5-4827-8b4a-c8c3162cd52b,CONFIRM_DATA,ACK,282,1024,"unique file bytes acknowledged"
606.749,sender,69f80f1b-51b5-4827-8b4a-c8c3162cd52b,RTT_SAMPLE,ACK,282,0,"63.505000"
606.755,sender,69f80f1b-51b5-4827-8b4a-c8c3162cd52b,RECEIVE,ACK,258,36,""
606.757,sender,69f80f1b-51b5-4827-8b4a-c8c3162cd52b,ACKNOWLEDGED,ACK,258,0,""
606.760,sender,69f80f1b-51b5-4827-8b4a-c8c3162cd52b,CONFIRM_DATA,ACK,258,1024,"unique file bytes acknowledged"
606.763,sender,69f80f1b-51b5-4827-8b4a-c8c3162cd52b,RTT_SAMPLE,ACK,258,0,"95.543400"
606.769,sender,69f80f1b-51b5-4827-8b4a-c8c3162cd52b,RECEIVE,ACK,281,36,""
606.776,sender,69f80f1b-51b5-4827-8b4a-c8c3162cd52b,ACKNOWLEDGED,ACK,281,0,""
606.778,sender,69f80f1b-51b5-4827-8b4a-c8c3162cd52b,CONFIRM_DATA,ACK,281,1024,"unique file bytes acknowledged"
606.781,sender,69f80f1b-51b5-4827-8b4a-c8c3162cd52b,RTT_SAMPLE,ACK,281,0,"63.540500"
606.786,sender,69f80f1b-51b5-4827-8b4a-c8c3162cd52b,RECEIVE,ACK,286,36,""
606.788,sender,69f80f1b-51b5-4827-8b4a-c8c3162cd52b,ACKNOWLEDGED,ACK,286,0,""
606.791,sender,69f80f1b-51b5-4827-8b4a-c8c3162cd52b,CONFIRM_DATA,ACK,286,1024,"unique file bytes acknowledged"
606.793,sender,69f80f1b-51b5-4827-8b4a-c8c3162cd52b,RTT_SAMPLE,ACK,286,0,"63.442600"
606.798,sender,69f80f1b-51b5-4827-8b4a-c8c3162cd52b,RECEIVE,ACK,271,36,""
606.801,sender,69f80f1b-51b5-4827-8b4a-c8c3162cd52b,ACKNOWLEDGED,ACK,271,0,""
606.803,sender,69f80f1b-51b5-4827-8b4a-c8c3162cd52b,CONFIRM_DATA,ACK,271,1024,"unique file bytes acknowledged"
606.806,sender,69f80f1b-51b5-4827-8b4a-c8c3162cd52b,RTT_SAMPLE,ACK,271,0,"79.553700"
606.811,sender,69f80f1b-51b5-4827-8b4a-c8c3162cd52b,RECEIVE,ACK,265,36,""
606.813,sender,69f80f1b-51b5-4827-8b4a-c8c3162cd52b,ACKNOWLEDGED,ACK,265,0,""
606.815,sender,69f80f1b-51b5-4827-8b4a-c8c3162cd52b,CONFIRM_DATA,ACK,265,1024,"unique file bytes acknowledged"
606.818,sender,69f80f1b-51b5-4827-8b4a-c8c3162cd52b,RTT_SAMPLE,ACK,265,0,"95.419700"
606.823,sender,69f80f1b-51b5-4827-8b4a-c8c3162cd52b,RECEIVE,ACK,270,36,""
606.825,sender,69f80f1b-51b5-4827-8b4a-c8c3162cd52b,ACKNOWLEDGED,ACK,270,0,""
606.828,sender,69f80f1b-51b5-4827-8b4a-c8c3162cd52b,CONFIRM_DATA,ACK,270,1024,"unique file bytes acknowledged"
606.831,sender,69f80f1b-51b5-4827-8b4a-c8c3162cd52b,RTT_SAMPLE,ACK,270,0,"79.581900"
606.835,sender,69f80f1b-51b5-4827-8b4a-c8c3162cd52b,RECEIVE,ACK,260,36,""
606.838,sender,69f80f1b-51b5-4827-8b4a-c8c3162cd52b,ACKNOWLEDGED,ACK,260,0,""
606.840,sender,69f80f1b-51b5-4827-8b4a-c8c3162cd52b,CONFIRM_DATA,ACK,260,1024,"unique file bytes acknowledged"
606.843,sender,69f80f1b-51b5-4827-8b4a-c8c3162cd52b,RTT_SAMPLE,ACK,260,0,"95.591800"
621.945,sender,69f80f1b-51b5-4827-8b4a-c8c3162cd52b,EMIT,DATA,301,1060,""
622.008,sender,69f80f1b-51b5-4827-8b4a-c8c3162cd52b,EMIT,DATA,305,1060,""
622.036,sender,69f80f1b-51b5-4827-8b4a-c8c3162cd52b,EMIT,DATA,320,1060,""
622.063,sender,69f80f1b-51b5-4827-8b4a-c8c3162cd52b,EMIT,DATA,309,1060,""
622.087,sender,69f80f1b-51b5-4827-8b4a-c8c3162cd52b,EMIT,DATA,311,1060,""
622.096,sender,69f80f1b-51b5-4827-8b4a-c8c3162cd52b,RECEIVE,ACK,300,36,""
622.140,sender,69f80f1b-51b5-4827-8b4a-c8c3162cd52b,ACKNOWLEDGED,ACK,300,0,""
622.150,sender,69f80f1b-51b5-4827-8b4a-c8c3162cd52b,CONFIRM_DATA,ACK,300,1024,"unique file bytes acknowledged"
622.155,sender,69f80f1b-51b5-4827-8b4a-c8c3162cd52b,RTT_SAMPLE,ACK,300,0,"78.741400"
622.163,sender,69f80f1b-51b5-4827-8b4a-c8c3162cd52b,RECEIVE,ACK,269,36,""
622.166,sender,69f80f1b-51b5-4827-8b4a-c8c3162cd52b,ACKNOWLEDGED,ACK,269,0,""
622.169,sender,69f80f1b-51b5-4827-8b4a-c8c3162cd52b,CONFIRM_DATA,ACK,269,1024,"unique file bytes acknowledged"
622.172,sender,69f80f1b-51b5-4827-8b4a-c8c3162cd52b,RTT_SAMPLE,ACK,269,0,"94.927100"
622.179,sender,69f80f1b-51b5-4827-8b4a-c8c3162cd52b,RECEIVE,ACK,257,36,""
622.181,sender,69f80f1b-51b5-4827-8b4a-c8c3162cd52b,ACKNOWLEDGED,ACK,257,0,""
622.184,sender,69f80f1b-51b5-4827-8b4a-c8c3162cd52b,CONFIRM_DATA,ACK,257,1024,"unique file bytes acknowledged"
622.188,sender,69f80f1b-51b5-4827-8b4a-c8c3162cd52b,RTT_SAMPLE,ACK,257,0,"110.970900"
622.192,sender,69f80f1b-51b5-4827-8b4a-c8c3162cd52b,SEND,DATA,321,1060,""
622.203,sender,69f80f1b-51b5-4827-8b4a-c8c3162cd52b,SEND,DATA,322,1060,""
622.207,sender,69f80f1b-51b5-4827-8b4a-c8c3162cd52b,SEND,DATA,323,1060,""
622.210,sender,69f80f1b-51b5-4827-8b4a-c8c3162cd52b,SEND,DATA,324,1060,""
622.217,sender,69f80f1b-51b5-4827-8b4a-c8c3162cd52b,SEND,DATA,325,1060,""
622.220,sender,69f80f1b-51b5-4827-8b4a-c8c3162cd52b,SEND,DATA,326,1060,""
622.223,sender,69f80f1b-51b5-4827-8b4a-c8c3162cd52b,SEND,DATA,327,1060,""
622.227,sender,69f80f1b-51b5-4827-8b4a-c8c3162cd52b,SEND,DATA,328,1060,""
622.230,sender,69f80f1b-51b5-4827-8b4a-c8c3162cd52b,SEND,DATA,329,1060,""
622.233,sender,69f80f1b-51b5-4827-8b4a-c8c3162cd52b,SEND,DATA,330,1060,""
622.236,sender,69f80f1b-51b5-4827-8b4a-c8c3162cd52b,SEND,DATA,331,1060,""
622.239,sender,69f80f1b-51b5-4827-8b4a-c8c3162cd52b,SEND,DATA,332,1060,""
622.242,sender,69f80f1b-51b5-4827-8b4a-c8c3162cd52b,SEND,DATA,333,1060,""
622.245,sender,69f80f1b-51b5-4827-8b4a-c8c3162cd52b,SEND,DATA,334,1060,""
622.251,sender,69f80f1b-51b5-4827-8b4a-c8c3162cd52b,SEND,DATA,335,1060,""
622.260,sender,69f80f1b-51b5-4827-8b4a-c8c3162cd52b,RECEIVE,ACK,273,36,""
622.263,sender,69f80f1b-51b5-4827-8b4a-c8c3162cd52b,ACKNOWLEDGED,ACK,273,0,""
622.265,sender,69f80f1b-51b5-4827-8b4a-c8c3162cd52b,CONFIRM_DATA,ACK,273,1024,"unique file bytes acknowledged"
622.268,sender,69f80f1b-51b5-4827-8b4a-c8c3162cd52b,RTT_SAMPLE,ACK,273,0,"95.008900"
622.274,sender,69f80f1b-51b5-4827-8b4a-c8c3162cd52b,RECEIVE,ACK,280,36,""
622.276,sender,69f80f1b-51b5-4827-8b4a-c8c3162cd52b,ACKNOWLEDGED,ACK,280,0,""
622.279,sender,69f80f1b-51b5-4827-8b4a-c8c3162cd52b,CONFIRM_DATA,ACK,280,1024,"unique file bytes acknowledged"
622.281,sender,69f80f1b-51b5-4827-8b4a-c8c3162cd52b,RTT_SAMPLE,ACK,280,0,"79.043900"
622.287,sender,69f80f1b-51b5-4827-8b4a-c8c3162cd52b,RECEIVE,ACK,275,36,""
622.289,sender,69f80f1b-51b5-4827-8b4a-c8c3162cd52b,ACKNOWLEDGED,ACK,275,0,""
622.291,sender,69f80f1b-51b5-4827-8b4a-c8c3162cd52b,CONFIRM_DATA,ACK,275,1024,"unique file bytes acknowledged"
622.294,sender,69f80f1b-51b5-4827-8b4a-c8c3162cd52b,RTT_SAMPLE,ACK,275,0,"79.120300"
622.303,sender,69f80f1b-51b5-4827-8b4a-c8c3162cd52b,RECEIVE,ACK,272,36,""
622.305,sender,69f80f1b-51b5-4827-8b4a-c8c3162cd52b,ACKNOWLEDGED,ACK,272,0,""
622.307,sender,69f80f1b-51b5-4827-8b4a-c8c3162cd52b,CONFIRM_DATA,ACK,272,1024,"unique file bytes acknowledged"
622.381,sender,69f80f1b-51b5-4827-8b4a-c8c3162cd52b,RTT_SAMPLE,ACK,272,0,"95.124900"
622.385,sender,69f80f1b-51b5-4827-8b4a-c8c3162cd52b,SEND,DATA,336,1060,""
622.388,sender,69f80f1b-51b5-4827-8b4a-c8c3162cd52b,SEND,DATA,337,1060,""
622.394,sender,69f80f1b-51b5-4827-8b4a-c8c3162cd52b,RECEIVE,ACK,285,36,""
622.396,sender,69f80f1b-51b5-4827-8b4a-c8c3162cd52b,ACKNOWLEDGED,ACK,285,0,""
622.399,sender,69f80f1b-51b5-4827-8b4a-c8c3162cd52b,CONFIRM_DATA,ACK,285,1024,"unique file bytes acknowledged"
622.402,sender,69f80f1b-51b5-4827-8b4a-c8c3162cd52b,RTT_SAMPLE,ACK,285,0,"79.053900"
622.407,sender,69f80f1b-51b5-4827-8b4a-c8c3162cd52b,RECEIVE,ACK,319,36,""
622.410,sender,69f80f1b-51b5-4827-8b4a-c8c3162cd52b,ACKNOWLEDGED,ACK,319,0,""
622.412,sender,69f80f1b-51b5-4827-8b4a-c8c3162cd52b,CONFIRM_DATA,ACK,319,1024,"unique file bytes acknowledged"
622.416,sender,69f80f1b-51b5-4827-8b4a-c8c3162cd52b,RTT_SAMPLE,ACK,319,0,"63.101200"
622.421,sender,69f80f1b-51b5-4827-8b4a-c8c3162cd52b,RECEIVE,ACK,284,36,""
622.423,sender,69f80f1b-51b5-4827-8b4a-c8c3162cd52b,ACKNOWLEDGED,ACK,284,0,""
622.426,sender,69f80f1b-51b5-4827-8b4a-c8c3162cd52b,CONFIRM_DATA,ACK,284,1024,"unique file bytes acknowledged"
622.429,sender,69f80f1b-51b5-4827-8b4a-c8c3162cd52b,RTT_SAMPLE,ACK,284,0,"79.083900"
622.434,sender,69f80f1b-51b5-4827-8b4a-c8c3162cd52b,RECEIVE,ACK,297,36,""
622.437,sender,69f80f1b-51b5-4827-8b4a-c8c3162cd52b,ACKNOWLEDGED,ACK,297,0,""
622.439,sender,69f80f1b-51b5-4827-8b4a-c8c3162cd52b,CONFIRM_DATA,ACK,297,1024,"unique file bytes acknowledged"
622.442,sender,69f80f1b-51b5-4827-8b4a-c8c3162cd52b,RTT_SAMPLE,ACK,297,0,"79.049500"
622.447,sender,69f80f1b-51b5-4827-8b4a-c8c3162cd52b,RECEIVE,ACK,295,36,""
622.454,sender,69f80f1b-51b5-4827-8b4a-c8c3162cd52b,ACKNOWLEDGED,ACK,295,0,""
622.456,sender,69f80f1b-51b5-4827-8b4a-c8c3162cd52b,CONFIRM_DATA,ACK,295,1024,"unique file bytes acknowledged"
622.458,sender,69f80f1b-51b5-4827-8b4a-c8c3162cd52b,RTT_SAMPLE,ACK,295,0,"79.070800"
638.198,sender,69f80f1b-51b5-4827-8b4a-c8c3162cd52b,RECEIVE,ACK,289,36,""
638.210,sender,69f80f1b-51b5-4827-8b4a-c8c3162cd52b,ACKNOWLEDGED,ACK,289,0,""
638.213,sender,69f80f1b-51b5-4827-8b4a-c8c3162cd52b,CONFIRM_DATA,ACK,289,1024,"unique file bytes acknowledged"
638.217,sender,69f80f1b-51b5-4827-8b4a-c8c3162cd52b,RTT_SAMPLE,ACK,289,0,"94.856500"
638.227,sender,69f80f1b-51b5-4827-8b4a-c8c3162cd52b,RECEIVE,ACK,274,36,""
638.229,sender,69f80f1b-51b5-4827-8b4a-c8c3162cd52b,ACKNOWLEDGED,ACK,274,0,""
638.231,sender,69f80f1b-51b5-4827-8b4a-c8c3162cd52b,CONFIRM_DATA,ACK,274,1024,"unique file bytes acknowledged"
638.234,sender,69f80f1b-51b5-4827-8b4a-c8c3162cd52b,RTT_SAMPLE,ACK,274,0,"110.869600"
638.238,sender,69f80f1b-51b5-4827-8b4a-c8c3162cd52b,SEND,DATA,338,1060,""
638.242,sender,69f80f1b-51b5-4827-8b4a-c8c3162cd52b,SEND,DATA,339,1060,""
638.247,sender,69f80f1b-51b5-4827-8b4a-c8c3162cd52b,RECEIVE,ACK,287,36,""
638.249,sender,69f80f1b-51b5-4827-8b4a-c8c3162cd52b,ACKNOWLEDGED,ACK,287,0,""
638.251,sender,69f80f1b-51b5-4827-8b4a-c8c3162cd52b,CONFIRM_DATA,ACK,287,1024,"unique file bytes acknowledged"
638.254,sender,69f80f1b-51b5-4827-8b4a-c8c3162cd52b,RTT_SAMPLE,ACK,287,0,"94.900100"
638.259,sender,69f80f1b-51b5-4827-8b4a-c8c3162cd52b,RECEIVE,ACK,283,36,""
638.261,sender,69f80f1b-51b5-4827-8b4a-c8c3162cd52b,ACKNOWLEDGED,ACK,283,0,""
638.263,sender,69f80f1b-51b5-4827-8b4a-c8c3162cd52b,CONFIRM_DATA,ACK,283,1024,"unique file bytes acknowledged"
638.266,sender,69f80f1b-51b5-4827-8b4a-c8c3162cd52b,RTT_SAMPLE,ACK,283,0,"94.978100"
638.271,sender,69f80f1b-51b5-4827-8b4a-c8c3162cd52b,RECEIVE,ACK,314,36,""
638.274,sender,69f80f1b-51b5-4827-8b4a-c8c3162cd52b,ACKNOWLEDGED,ACK,314,0,""
638.276,sender,69f80f1b-51b5-4827-8b4a-c8c3162cd52b,CONFIRM_DATA,ACK,314,1024,"unique file bytes acknowledged"
638.279,sender,69f80f1b-51b5-4827-8b4a-c8c3162cd52b,RTT_SAMPLE,ACK,314,0,"78.983000"
638.284,sender,69f80f1b-51b5-4827-8b4a-c8c3162cd52b,RECEIVE,ACK,278,36,""
638.286,sender,69f80f1b-51b5-4827-8b4a-c8c3162cd52b,ACKNOWLEDGED,ACK,278,0,""
638.288,sender,69f80f1b-51b5-4827-8b4a-c8c3162cd52b,CONFIRM_DATA,ACK,278,1024,"unique file bytes acknowledged"
638.290,sender,69f80f1b-51b5-4827-8b4a-c8c3162cd52b,RTT_SAMPLE,ACK,278,0,"95.059000"
638.295,sender,69f80f1b-51b5-4827-8b4a-c8c3162cd52b,RECEIVE,ACK,317,36,""
638.297,sender,69f80f1b-51b5-4827-8b4a-c8c3162cd52b,ACKNOWLEDGED,ACK,317,0,""
638.300,sender,69f80f1b-51b5-4827-8b4a-c8c3162cd52b,CONFIRM_DATA,ACK,317,1024,"unique file bytes acknowledged"
638.302,sender,69f80f1b-51b5-4827-8b4a-c8c3162cd52b,RTT_SAMPLE,ACK,317,0,"78.995600"
638.307,sender,69f80f1b-51b5-4827-8b4a-c8c3162cd52b,RECEIVE,ACK,310,36,""
638.309,sender,69f80f1b-51b5-4827-8b4a-c8c3162cd52b,ACKNOWLEDGED,ACK,310,0,""
638.311,sender,69f80f1b-51b5-4827-8b4a-c8c3162cd52b,CONFIRM_DATA,ACK,310,1024,"unique file bytes acknowledged"
638.314,sender,69f80f1b-51b5-4827-8b4a-c8c3162cd52b,RTT_SAMPLE,ACK,310,0,"79.034000"
638.319,sender,69f80f1b-51b5-4827-8b4a-c8c3162cd52b,RECEIVE,ACK,294,36,""
638.321,sender,69f80f1b-51b5-4827-8b4a-c8c3162cd52b,ACKNOWLEDGED,ACK,294,0,""
638.323,sender,69f80f1b-51b5-4827-8b4a-c8c3162cd52b,CONFIRM_DATA,ACK,294,1024,"unique file bytes acknowledged"
638.326,sender,69f80f1b-51b5-4827-8b4a-c8c3162cd52b,RTT_SAMPLE,ACK,294,0,"94.940900"
638.331,sender,69f80f1b-51b5-4827-8b4a-c8c3162cd52b,RECEIVE,ACK,299,36,""
638.333,sender,69f80f1b-51b5-4827-8b4a-c8c3162cd52b,ACKNOWLEDGED,ACK,299,0,""
638.335,sender,69f80f1b-51b5-4827-8b4a-c8c3162cd52b,CONFIRM_DATA,ACK,299,1024,"unique file bytes acknowledged"
638.338,sender,69f80f1b-51b5-4827-8b4a-c8c3162cd52b,RTT_SAMPLE,ACK,299,0,"94.927500"
638.342,sender,69f80f1b-51b5-4827-8b4a-c8c3162cd52b,RECEIVE,ACK,296,36,""
638.344,sender,69f80f1b-51b5-4827-8b4a-c8c3162cd52b,ACKNOWLEDGED,ACK,296,0,""
638.347,sender,69f80f1b-51b5-4827-8b4a-c8c3162cd52b,CONFIRM_DATA,ACK,296,1024,"unique file bytes acknowledged"
638.349,sender,69f80f1b-51b5-4827-8b4a-c8c3162cd52b,RTT_SAMPLE,ACK,296,0,"94.959200"
638.354,sender,69f80f1b-51b5-4827-8b4a-c8c3162cd52b,RECEIVE,ACK,303,36,""
638.356,sender,69f80f1b-51b5-4827-8b4a-c8c3162cd52b,ACKNOWLEDGED,ACK,303,0,""
638.358,sender,69f80f1b-51b5-4827-8b4a-c8c3162cd52b,CONFIRM_DATA,ACK,303,1024,"unique file bytes acknowledged"
638.361,sender,69f80f1b-51b5-4827-8b4a-c8c3162cd52b,RTT_SAMPLE,ACK,303,0,"79.108700"
638.366,sender,69f80f1b-51b5-4827-8b4a-c8c3162cd52b,RECEIVE,ACK,298,36,""
638.368,sender,69f80f1b-51b5-4827-8b4a-c8c3162cd52b,ACKNOWLEDGED,ACK,298,0,""
638.370,sender,69f80f1b-51b5-4827-8b4a-c8c3162cd52b,CONFIRM_DATA,ACK,298,1024,"unique file bytes acknowledged"
638.373,sender,69f80f1b-51b5-4827-8b4a-c8c3162cd52b,RTT_SAMPLE,ACK,298,0,"94.965600"
638.377,sender,69f80f1b-51b5-4827-8b4a-c8c3162cd52b,RECEIVE,ACK,293,36,""
638.380,sender,69f80f1b-51b5-4827-8b4a-c8c3162cd52b,ACKNOWLEDGED,ACK,293,0,""
638.382,sender,69f80f1b-51b5-4827-8b4a-c8c3162cd52b,CONFIRM_DATA,ACK,293,1024,"unique file bytes acknowledged"
638.384,sender,69f80f1b-51b5-4827-8b4a-c8c3162cd52b,RTT_SAMPLE,ACK,293,0,"95.002100"
638.389,sender,69f80f1b-51b5-4827-8b4a-c8c3162cd52b,RECEIVE,ACK,291,36,""
638.391,sender,69f80f1b-51b5-4827-8b4a-c8c3162cd52b,ACKNOWLEDGED,ACK,291,0,""
638.393,sender,69f80f1b-51b5-4827-8b4a-c8c3162cd52b,CONFIRM_DATA,ACK,291,1024,"unique file bytes acknowledged"
638.396,sender,69f80f1b-51b5-4827-8b4a-c8c3162cd52b,RTT_SAMPLE,ACK,291,0,"95.030800"
638.401,sender,69f80f1b-51b5-4827-8b4a-c8c3162cd52b,RECEIVE,ACK,279,36,""
638.403,sender,69f80f1b-51b5-4827-8b4a-c8c3162cd52b,ACKNOWLEDGED,ACK,279,0,""
638.405,sender,69f80f1b-51b5-4827-8b4a-c8c3162cd52b,CONFIRM_DATA,ACK,279,1024,"unique file bytes acknowledged"
638.407,sender,69f80f1b-51b5-4827-8b4a-c8c3162cd52b,RTT_SAMPLE,ACK,279,0,"95.173100"
638.412,sender,69f80f1b-51b5-4827-8b4a-c8c3162cd52b,RECEIVE,ACK,316,36,""
638.414,sender,69f80f1b-51b5-4827-8b4a-c8c3162cd52b,ACKNOWLEDGED,ACK,316,0,""
638.416,sender,69f80f1b-51b5-4827-8b4a-c8c3162cd52b,CONFIRM_DATA,ACK,316,1024,"unique file bytes acknowledged"
638.419,sender,69f80f1b-51b5-4827-8b4a-c8c3162cd52b,RTT_SAMPLE,ACK,316,0,"79.116000"
638.423,sender,69f80f1b-51b5-4827-8b4a-c8c3162cd52b,RECEIVE,ACK,277,36,""
638.446,sender,69f80f1b-51b5-4827-8b4a-c8c3162cd52b,ACKNOWLEDGED,ACK,277,0,""
638.449,sender,69f80f1b-51b5-4827-8b4a-c8c3162cd52b,CONFIRM_DATA,ACK,277,1024,"unique file bytes acknowledged"
638.452,sender,69f80f1b-51b5-4827-8b4a-c8c3162cd52b,RTT_SAMPLE,ACK,277,0,"95.269900"
653.197,sender,69f80f1b-51b5-4827-8b4a-c8c3162cd52b,EMIT,DATA,334,1060,""
653.214,sender,69f80f1b-51b5-4827-8b4a-c8c3162cd52b,EMIT,DATA,321,1060,""
653.246,sender,69f80f1b-51b5-4827-8b4a-c8c3162cd52b,EMIT,DATA,325,1060,""
653.400,sender,69f80f1b-51b5-4827-8b4a-c8c3162cd52b,RECEIVE,ACK,312,36,""
653.411,sender,69f80f1b-51b5-4827-8b4a-c8c3162cd52b,ACKNOWLEDGED,ACK,312,0,""
653.415,sender,69f80f1b-51b5-4827-8b4a-c8c3162cd52b,CONFIRM_DATA,ACK,312,1024,"unique file bytes acknowledged"
653.420,sender,69f80f1b-51b5-4827-8b4a-c8c3162cd52b,RTT_SAMPLE,ACK,312,0,"94.131000"
653.428,sender,69f80f1b-51b5-4827-8b4a-c8c3162cd52b,RECEIVE,ACK,276,36,""
653.431,sender,69f80f1b-51b5-4827-8b4a-c8c3162cd52b,ACKNOWLEDGED,ACK,276,0,""
653.434,sender,69f80f1b-51b5-4827-8b4a-c8c3162cd52b,CONFIRM_DATA,ACK,276,1024,"unique file bytes acknowledged"
653.438,sender,69f80f1b-51b5-4827-8b4a-c8c3162cd52b,RTT_SAMPLE,ACK,276,0,"110.259300"
653.443,sender,69f80f1b-51b5-4827-8b4a-c8c3162cd52b,SEND,DATA,340,1060,""
653.448,sender,69f80f1b-51b5-4827-8b4a-c8c3162cd52b,SEND,DATA,341,1060,""
653.451,sender,69f80f1b-51b5-4827-8b4a-c8c3162cd52b,SEND,DATA,342,1060,""
653.455,sender,69f80f1b-51b5-4827-8b4a-c8c3162cd52b,SEND,DATA,343,1060,""
653.458,sender,69f80f1b-51b5-4827-8b4a-c8c3162cd52b,SEND,DATA,344,1060,""
653.462,sender,69f80f1b-51b5-4827-8b4a-c8c3162cd52b,SEND,DATA,345,1060,""
653.465,sender,69f80f1b-51b5-4827-8b4a-c8c3162cd52b,SEND,DATA,346,1060,""
653.478,sender,69f80f1b-51b5-4827-8b4a-c8c3162cd52b,SEND,DATA,347,1060,""
653.480,sender,69f80f1b-51b5-4827-8b4a-c8c3162cd52b,SEND,DATA,348,1060,""
653.483,sender,69f80f1b-51b5-4827-8b4a-c8c3162cd52b,SEND,DATA,349,1060,""
653.487,sender,69f80f1b-51b5-4827-8b4a-c8c3162cd52b,SEND,DATA,350,1060,""
653.490,sender,69f80f1b-51b5-4827-8b4a-c8c3162cd52b,SEND,DATA,351,1060,""
653.495,sender,69f80f1b-51b5-4827-8b4a-c8c3162cd52b,RECEIVE,ACK,308,36,""
653.498,sender,69f80f1b-51b5-4827-8b4a-c8c3162cd52b,ACKNOWLEDGED,ACK,308,0,""
653.500,sender,69f80f1b-51b5-4827-8b4a-c8c3162cd52b,CONFIRM_DATA,ACK,308,1024,"unique file bytes acknowledged"
653.503,sender,69f80f1b-51b5-4827-8b4a-c8c3162cd52b,RTT_SAMPLE,ACK,308,0,"94.230100"
653.509,sender,69f80f1b-51b5-4827-8b4a-c8c3162cd52b,RECEIVE,ACK,315,36,""
653.511,sender,69f80f1b-51b5-4827-8b4a-c8c3162cd52b,ACKNOWLEDGED,ACK,315,0,""
653.513,sender,69f80f1b-51b5-4827-8b4a-c8c3162cd52b,CONFIRM_DATA,ACK,315,1024,"unique file bytes acknowledged"
653.516,sender,69f80f1b-51b5-4827-8b4a-c8c3162cd52b,RTT_SAMPLE,ACK,315,0,"94.216900"
653.521,sender,69f80f1b-51b5-4827-8b4a-c8c3162cd52b,RECEIVE,ACK,304,36,""
653.524,sender,69f80f1b-51b5-4827-8b4a-c8c3162cd52b,ACKNOWLEDGED,ACK,304,0,""
653.526,sender,69f80f1b-51b5-4827-8b4a-c8c3162cd52b,CONFIRM_DATA,ACK,304,1024,"unique file bytes acknowledged"
653.529,sender,69f80f1b-51b5-4827-8b4a-c8c3162cd52b,RTT_SAMPLE,ACK,304,0,"94.272100"
653.546,sender,69f80f1b-51b5-4827-8b4a-c8c3162cd52b,RECEIVE,ACK,290,36,""
653.548,sender,69f80f1b-51b5-4827-8b4a-c8c3162cd52b,ACKNOWLEDGED,ACK,290,0,""
653.551,sender,69f80f1b-51b5-4827-8b4a-c8c3162cd52b,CONFIRM_DATA,ACK,290,1024,"unique file bytes acknowledged"
653.554,sender,69f80f1b-51b5-4827-8b4a-c8c3162cd52b,RTT_SAMPLE,ACK,290,0,"110.191300"
653.559,sender,69f80f1b-51b5-4827-8b4a-c8c3162cd52b,RECEIVE,ACK,292,36,""
653.561,sender,69f80f1b-51b5-4827-8b4a-c8c3162cd52b,ACKNOWLEDGED,ACK,292,0,""
653.564,sender,69f80f1b-51b5-4827-8b4a-c8c3162cd52b,CONFIRM_DATA,ACK,292,1024,"unique file bytes acknowledged"
653.567,sender,69f80f1b-51b5-4827-8b4a-c8c3162cd52b,RTT_SAMPLE,ACK,292,0,"110.198600"
653.571,sender,69f80f1b-51b5-4827-8b4a-c8c3162cd52b,RECEIVE,ACK,288,36,""
653.574,sender,69f80f1b-51b5-4827-8b4a-c8c3162cd52b,ACKNOWLEDGED,ACK,288,0,""
653.576,sender,69f80f1b-51b5-4827-8b4a-c8c3162cd52b,CONFIRM_DATA,ACK,288,1024,"unique file bytes acknowledged"
653.579,sender,69f80f1b-51b5-4827-8b4a-c8c3162cd52b,RTT_SAMPLE,ACK,288,0,"110.222700"
653.583,sender,69f80f1b-51b5-4827-8b4a-c8c3162cd52b,SEND,DATA,352,1060,""
653.586,sender,69f80f1b-51b5-4827-8b4a-c8c3162cd52b,SEND,DATA,353,1060,""
653.589,sender,69f80f1b-51b5-4827-8b4a-c8c3162cd52b,SEND,DATA,354,1060,""
653.592,sender,69f80f1b-51b5-4827-8b4a-c8c3162cd52b,SEND,DATA,355,1060,""
653.595,sender,69f80f1b-51b5-4827-8b4a-c8c3162cd52b,SEND,DATA,356,1060,""
653.598,sender,69f80f1b-51b5-4827-8b4a-c8c3162cd52b,SEND,DATA,357,1060,""
653.601,sender,69f80f1b-51b5-4827-8b4a-c8c3162cd52b,SEND,DATA,358,1060,""
653.604,sender,69f80f1b-51b5-4827-8b4a-c8c3162cd52b,SEND,DATA,359,1060,""
653.608,sender,69f80f1b-51b5-4827-8b4a-c8c3162cd52b,SEND,DATA,360,1060,""
653.610,sender,69f80f1b-51b5-4827-8b4a-c8c3162cd52b,SEND,DATA,361,1060,""
653.613,sender,69f80f1b-51b5-4827-8b4a-c8c3162cd52b,SEND,DATA,362,1060,""
653.616,sender,69f80f1b-51b5-4827-8b4a-c8c3162cd52b,SEND,DATA,363,1060,""
653.619,sender,69f80f1b-51b5-4827-8b4a-c8c3162cd52b,SEND,DATA,364,1060,""
653.628,sender,69f80f1b-51b5-4827-8b4a-c8c3162cd52b,RECEIVE,ACK,318,36,""
653.631,sender,69f80f1b-51b5-4827-8b4a-c8c3162cd52b,ACKNOWLEDGED,ACK,318,0,""
653.633,sender,69f80f1b-51b5-4827-8b4a-c8c3162cd52b,CONFIRM_DATA,ACK,318,1024,"unique file bytes acknowledged"
653.636,sender,69f80f1b-51b5-4827-8b4a-c8c3162cd52b,RTT_SAMPLE,ACK,318,0,"94.325500"
653.641,sender,69f80f1b-51b5-4827-8b4a-c8c3162cd52b,RECEIVE,ACK,311,36,""
653.644,sender,69f80f1b-51b5-4827-8b4a-c8c3162cd52b,ACKNOWLEDGED,ACK,311,0,""
653.646,sender,69f80f1b-51b5-4827-8b4a-c8c3162cd52b,CONFIRM_DATA,ACK,311,1024,"unique file bytes acknowledged"
653.649,sender,69f80f1b-51b5-4827-8b4a-c8c3162cd52b,RTT_SAMPLE,ACK,311,0,"94.364700"
653.654,sender,69f80f1b-51b5-4827-8b4a-c8c3162cd52b,RECEIVE,ACK,313,36,""
653.657,sender,69f80f1b-51b5-4827-8b4a-c8c3162cd52b,ACKNOWLEDGED,ACK,313,0,""
653.659,sender,69f80f1b-51b5-4827-8b4a-c8c3162cd52b,CONFIRM_DATA,ACK,313,1024,"unique file bytes acknowledged"
653.662,sender,69f80f1b-51b5-4827-8b4a-c8c3162cd52b,RTT_SAMPLE,ACK,313,0,"94.370100"
653.667,sender,69f80f1b-51b5-4827-8b4a-c8c3162cd52b,RECEIVE,ACK,307,36,""
653.669,sender,69f80f1b-51b5-4827-8b4a-c8c3162cd52b,ACKNOWLEDGED,ACK,307,0,""
653.671,sender,69f80f1b-51b5-4827-8b4a-c8c3162cd52b,CONFIRM_DATA,ACK,307,1024,"unique file bytes acknowledged"
653.674,sender,69f80f1b-51b5-4827-8b4a-c8c3162cd52b,RTT_SAMPLE,ACK,307,0,"94.405400"
653.679,sender,69f80f1b-51b5-4827-8b4a-c8c3162cd52b,RECEIVE,ACK,301,36,""
653.682,sender,69f80f1b-51b5-4827-8b4a-c8c3162cd52b,ACKNOWLEDGED,ACK,301,0,""
653.684,sender,69f80f1b-51b5-4827-8b4a-c8c3162cd52b,CONFIRM_DATA,ACK,301,1024,"unique file bytes acknowledged"
653.687,sender,69f80f1b-51b5-4827-8b4a-c8c3162cd52b,RTT_SAMPLE,ACK,301,0,"94.446500"
653.690,sender,69f80f1b-51b5-4827-8b4a-c8c3162cd52b,SEND,DATA,365,1060,""
653.696,sender,69f80f1b-51b5-4827-8b4a-c8c3162cd52b,RECEIVE,ACK,320,36,""
653.699,sender,69f80f1b-51b5-4827-8b4a-c8c3162cd52b,ACKNOWLEDGED,ACK,320,0,""
653.701,sender,69f80f1b-51b5-4827-8b4a-c8c3162cd52b,CONFIRM_DATA,ACK,320,1024,"unique file bytes acknowledged"
653.704,sender,69f80f1b-51b5-4827-8b4a-c8c3162cd52b,RTT_SAMPLE,ACK,320,0,"94.367900"
653.709,sender,69f80f1b-51b5-4827-8b4a-c8c3162cd52b,RECEIVE,ACK,305,36,""
653.712,sender,69f80f1b-51b5-4827-8b4a-c8c3162cd52b,ACKNOWLEDGED,ACK,305,0,""
653.714,sender,69f80f1b-51b5-4827-8b4a-c8c3162cd52b,CONFIRM_DATA,ACK,305,1024,"unique file bytes acknowledged"
653.717,sender,69f80f1b-51b5-4827-8b4a-c8c3162cd52b,RTT_SAMPLE,ACK,305,0,"94.455400"
669.497,sender,69f80f1b-51b5-4827-8b4a-c8c3162cd52b,EMIT,DATA,328,1060,""
669.507,sender,69f80f1b-51b5-4827-8b4a-c8c3162cd52b,EMIT,DATA,324,1060,""
669.523,sender,69f80f1b-51b5-4827-8b4a-c8c3162cd52b,EMIT,DATA,327,1060,""
669.530,sender,69f80f1b-51b5-4827-8b4a-c8c3162cd52b,EMIT,DATA,323,1060,""
669.538,sender,69f80f1b-51b5-4827-8b4a-c8c3162cd52b,EMIT,DATA,337,1060,""
669.545,sender,69f80f1b-51b5-4827-8b4a-c8c3162cd52b,EMIT,DATA,322,1060,""
669.578,sender,69f80f1b-51b5-4827-8b4a-c8c3162cd52b,RECEIVE,ACK,306,36,""
669.587,sender,69f80f1b-51b5-4827-8b4a-c8c3162cd52b,EMIT,DATA,326,1060,""
669.590,sender,69f80f1b-51b5-4827-8b4a-c8c3162cd52b,ACKNOWLEDGED,ACK,306,0,""
669.594,sender,69f80f1b-51b5-4827-8b4a-c8c3162cd52b,CONFIRM_DATA,ACK,306,1024,"unique file bytes acknowledged"
669.598,sender,69f80f1b-51b5-4827-8b4a-c8c3162cd52b,EMIT,DATA,332,1060,""
669.602,sender,69f80f1b-51b5-4827-8b4a-c8c3162cd52b,RTT_SAMPLE,ACK,306,0,"110.334000"
669.606,sender,69f80f1b-51b5-4827-8b4a-c8c3162cd52b,EMIT,DATA,333,1060,""
669.614,sender,69f80f1b-51b5-4827-8b4a-c8c3162cd52b,EMIT,DATA,329,1060,""
669.620,sender,69f80f1b-51b5-4827-8b4a-c8c3162cd52b,RECEIVE,ACK,302,36,""
669.624,sender,69f80f1b-51b5-4827-8b4a-c8c3162cd52b,ACKNOWLEDGED,ACK,302,0,""
669.628,sender,69f80f1b-51b5-4827-8b4a-c8c3162cd52b,CONFIRM_DATA,ACK,302,1024,"unique file bytes acknowledged"
669.632,sender,69f80f1b-51b5-4827-8b4a-c8c3162cd52b,EMIT,DATA,330,1060,""
669.635,sender,69f80f1b-51b5-4827-8b4a-c8c3162cd52b,RTT_SAMPLE,ACK,302,0,"110.384500"
669.639,sender,69f80f1b-51b5-4827-8b4a-c8c3162cd52b,EMIT,DATA,335,1060,""
669.642,sender,69f80f1b-51b5-4827-8b4a-c8c3162cd52b,SEND,DATA,366,1060,""
669.649,sender,69f80f1b-51b5-4827-8b4a-c8c3162cd52b,EMIT,DATA,336,1060,""
669.652,sender,69f80f1b-51b5-4827-8b4a-c8c3162cd52b,SEND,DATA,367,1060,""
669.657,sender,69f80f1b-51b5-4827-8b4a-c8c3162cd52b,SEND,DATA,368,1060,""
669.661,sender,69f80f1b-51b5-4827-8b4a-c8c3162cd52b,SEND,DATA,369,1060,""
669.665,sender,69f80f1b-51b5-4827-8b4a-c8c3162cd52b,SEND,DATA,370,1060,""
669.669,sender,69f80f1b-51b5-4827-8b4a-c8c3162cd52b,SEND,DATA,371,1060,""
669.674,sender,69f80f1b-51b5-4827-8b4a-c8c3162cd52b,SEND,DATA,372,1060,""
669.683,sender,69f80f1b-51b5-4827-8b4a-c8c3162cd52b,RECEIVE,ACK,309,36,""
669.737,sender,69f80f1b-51b5-4827-8b4a-c8c3162cd52b,ACKNOWLEDGED,ACK,309,0,""
669.743,sender,69f80f1b-51b5-4827-8b4a-c8c3162cd52b,CONFIRM_DATA,ACK,309,1024,"unique file bytes acknowledged"
669.748,sender,69f80f1b-51b5-4827-8b4a-c8c3162cd52b,RTT_SAMPLE,ACK,309,0,"110.470500"
669.755,sender,69f80f1b-51b5-4827-8b4a-c8c3162cd52b,SEND,DATA,373,1060,""
669.759,sender,69f80f1b-51b5-4827-8b4a-c8c3162cd52b,SEND,DATA,374,1060,""
669.761,sender,69f80f1b-51b5-4827-8b4a-c8c3162cd52b,SEND,DATA,375,1060,""
669.764,sender,69f80f1b-51b5-4827-8b4a-c8c3162cd52b,SEND,DATA,376,1060,""
669.767,sender,69f80f1b-51b5-4827-8b4a-c8c3162cd52b,SEND,DATA,377,1060,""
669.770,sender,69f80f1b-51b5-4827-8b4a-c8c3162cd52b,SEND,DATA,378,1060,""
669.777,sender,69f80f1b-51b5-4827-8b4a-c8c3162cd52b,SEND,DATA,379,1060,""
669.780,sender,69f80f1b-51b5-4827-8b4a-c8c3162cd52b,SEND,DATA,380,1060,""
669.782,sender,69f80f1b-51b5-4827-8b4a-c8c3162cd52b,SEND,DATA,381,1060,""
669.785,sender,69f80f1b-51b5-4827-8b4a-c8c3162cd52b,SEND,DATA,382,1060,""
669.788,sender,69f80f1b-51b5-4827-8b4a-c8c3162cd52b,SEND,DATA,383,1060,""
669.791,sender,69f80f1b-51b5-4827-8b4a-c8c3162cd52b,SEND,DATA,384,1060,""
684.834,sender,69f80f1b-51b5-4827-8b4a-c8c3162cd52b,EMIT,DATA,338,1060,""
684.860,sender,69f80f1b-51b5-4827-8b4a-c8c3162cd52b,EMIT,DATA,331,1060,""
684.868,sender,69f80f1b-51b5-4827-8b4a-c8c3162cd52b,EMIT,DATA,354,1060,""
684.877,sender,69f80f1b-51b5-4827-8b4a-c8c3162cd52b,EMIT,DATA,348,1060,""
684.884,sender,69f80f1b-51b5-4827-8b4a-c8c3162cd52b,EMIT,DATA,365,1060,""
684.892,sender,69f80f1b-51b5-4827-8b4a-c8c3162cd52b,EMIT,DATA,340,1060,""
684.900,sender,69f80f1b-51b5-4827-8b4a-c8c3162cd52b,EMIT,DATA,345,1060,""
700.944,sender,69f80f1b-51b5-4827-8b4a-c8c3162cd52b,EMIT,DATA,358,1060,""
700.986,sender,69f80f1b-51b5-4827-8b4a-c8c3162cd52b,EMIT,DATA,346,1060,""
700.996,sender,69f80f1b-51b5-4827-8b4a-c8c3162cd52b,EMIT,DATA,339,1060,""
701.004,sender,69f80f1b-51b5-4827-8b4a-c8c3162cd52b,EMIT,DATA,352,1060,""
701.015,sender,69f80f1b-51b5-4827-8b4a-c8c3162cd52b,EMIT,DATA,361,1060,""
701.023,sender,69f80f1b-51b5-4827-8b4a-c8c3162cd52b,EMIT,DATA,342,1060,""
701.038,sender,69f80f1b-51b5-4827-8b4a-c8c3162cd52b,RECEIVE,ACK,334,36,""
701.046,sender,69f80f1b-51b5-4827-8b4a-c8c3162cd52b,EMIT,DATA,341,1060,""
701.049,sender,69f80f1b-51b5-4827-8b4a-c8c3162cd52b,ACKNOWLEDGED,ACK,334,0,""
701.052,sender,69f80f1b-51b5-4827-8b4a-c8c3162cd52b,CONFIRM_DATA,ACK,334,1024,"unique file bytes acknowledged"
701.055,sender,69f80f1b-51b5-4827-8b4a-c8c3162cd52b,EMIT,DATA,350,1060,""
701.058,sender,69f80f1b-51b5-4827-8b4a-c8c3162cd52b,RTT_SAMPLE,ACK,334,0,"78.809800"
701.062,sender,69f80f1b-51b5-4827-8b4a-c8c3162cd52b,EMIT,DATA,359,1060,""
701.070,sender,69f80f1b-51b5-4827-8b4a-c8c3162cd52b,EMIT,DATA,353,1060,""
701.074,sender,69f80f1b-51b5-4827-8b4a-c8c3162cd52b,RECEIVE,ACK,327,36,""
701.089,sender,69f80f1b-51b5-4827-8b4a-c8c3162cd52b,EMIT,DATA,360,1060,""
701.092,sender,69f80f1b-51b5-4827-8b4a-c8c3162cd52b,ACKNOWLEDGED,ACK,327,0,""
701.094,sender,69f80f1b-51b5-4827-8b4a-c8c3162cd52b,CONFIRM_DATA,ACK,327,1024,"unique file bytes acknowledged"
701.097,sender,69f80f1b-51b5-4827-8b4a-c8c3162cd52b,RTT_SAMPLE,ACK,327,0,"78.873000"
701.100,sender,69f80f1b-51b5-4827-8b4a-c8c3162cd52b,EMIT,DATA,355,1060,""
701.103,sender,69f80f1b-51b5-4827-8b4a-c8c3162cd52b,RECEIVE,ACK,337,36,""
701.106,sender,69f80f1b-51b5-4827-8b4a-c8c3162cd52b,ACKNOWLEDGED,ACK,337,0,""
701.108,sender,69f80f1b-51b5-4827-8b4a-c8c3162cd52b,CONFIRM_DATA,ACK,337,1024,"unique file bytes acknowledged"
701.111,sender,69f80f1b-51b5-4827-8b4a-c8c3162cd52b,EMIT,DATA,364,1060,""
701.114,sender,69f80f1b-51b5-4827-8b4a-c8c3162cd52b,RTT_SAMPLE,ACK,337,0,"78.722900"
701.118,sender,69f80f1b-51b5-4827-8b4a-c8c3162cd52b,EMIT,DATA,347,1060,""
701.121,sender,69f80f1b-51b5-4827-8b4a-c8c3162cd52b,RECEIVE,ACK,324,36,""
701.123,sender,69f80f1b-51b5-4827-8b4a-c8c3162cd52b,ACKNOWLEDGED,ACK,324,0,""
701.126,sender,69f80f1b-51b5-4827-8b4a-c8c3162cd52b,CONFIRM_DATA,ACK,324,1024,"unique file bytes acknowledged"
701.128,sender,69f80f1b-51b5-4827-8b4a-c8c3162cd52b,EMIT,DATA,379,1060,""
701.131,sender,69f80f1b-51b5-4827-8b4a-c8c3162cd52b,RTT_SAMPLE,ACK,324,0,"78.918200"
701.135,sender,69f80f1b-51b5-4827-8b4a-c8c3162cd52b,EMIT,DATA,343,1060,""
701.138,sender,69f80f1b-51b5-4827-8b4a-c8c3162cd52b,RECEIVE,ACK,321,36,""
701.140,sender,69f80f1b-51b5-4827-8b4a-c8c3162cd52b,ACKNOWLEDGED,ACK,321,0,""
701.143,sender,69f80f1b-51b5-4827-8b4a-c8c3162cd52b,CONFIRM_DATA,ACK,321,1024,"unique file bytes acknowledged"
701.145,sender,69f80f1b-51b5-4827-8b4a-c8c3162cd52b,EMIT,DATA,356,1060,""
701.148,sender,69f80f1b-51b5-4827-8b4a-c8c3162cd52b,RTT_SAMPLE,ACK,321,0,"78.953200"
701.152,sender,69f80f1b-51b5-4827-8b4a-c8c3162cd52b,SEND,DATA,385,1060,""
701.154,sender,69f80f1b-51b5-4827-8b4a-c8c3162cd52b,EMIT,DATA,369,1060,""
701.158,sender,69f80f1b-51b5-4827-8b4a-c8c3162cd52b,RECEIVE,ACK,322,36,""
701.161,sender,69f80f1b-51b5-4827-8b4a-c8c3162cd52b,ACKNOWLEDGED,ACK,322,0,""
701.163,sender,69f80f1b-51b5-4827-8b4a-c8c3162cd52b,CONFIRM_DATA,ACK,322,1024,"unique file bytes acknowledged"
701.165,sender,69f80f1b-51b5-4827-8b4a-c8c3162cd52b,EMIT,DATA,372,1060,""
701.168,sender,69f80f1b-51b5-4827-8b4a-c8c3162cd52b,RTT_SAMPLE,ACK,322,0,"78.962500"
701.172,sender,69f80f1b-51b5-4827-8b4a-c8c3162cd52b,SEND,DATA,386,1060,""
701.186,sender,69f80f1b-51b5-4827-8b4a-c8c3162cd52b,EMIT,DATA,382,1060,""
701.194,sender,69f80f1b-51b5-4827-8b4a-c8c3162cd52b,EMIT,DATA,375,1060,""
716.757,sender,69f80f1b-51b5-4827-8b4a-c8c3162cd52b,RECEIVE,ACK,325,36,""
716.767,sender,69f80f1b-51b5-4827-8b4a-c8c3162cd52b,EMIT,DATA,357,1060,""
716.779,sender,69f80f1b-51b5-4827-8b4a-c8c3162cd52b,ACKNOWLEDGED,ACK,325,0,""
716.782,sender,69f80f1b-51b5-4827-8b4a-c8c3162cd52b,CONFIRM_DATA,ACK,325,1024,"unique file bytes acknowledged"
716.786,sender,69f80f1b-51b5-4827-8b4a-c8c3162cd52b,RTT_SAMPLE,ACK,325,0,"94.568600"
716.798,sender,69f80f1b-51b5-4827-8b4a-c8c3162cd52b,EMIT,DATA,368,1060,""
716.808,sender,69f80f1b-51b5-4827-8b4a-c8c3162cd52b,EMIT,DATA,378,1060,""
716.816,sender,69f80f1b-51b5-4827-8b4a-c8c3162cd52b,EMIT,DATA,349,1060,""
716.826,sender,69f80f1b-51b5-4827-8b4a-c8c3162cd52b,EMIT,DATA,351,1060,""
716.844,sender,69f80f1b-51b5-4827-8b4a-c8c3162cd52b,EMIT,DATA,374,1060,""
716.884,sender,69f80f1b-51b5-4827-8b4a-c8c3162cd52b,EMIT,DATA,344,1060,""
716.895,sender,69f80f1b-51b5-4827-8b4a-c8c3162cd52b,EMIT,DATA,362,1060,""
716.904,sender,69f80f1b-51b5-4827-8b4a-c8c3162cd52b,EMIT,DATA,363,1060,""
716.917,sender,69f80f1b-51b5-4827-8b4a-c8c3162cd52b,EMIT,DATA,381,1060,""
716.925,sender,69f80f1b-51b5-4827-8b4a-c8c3162cd52b,RECEIVE,ACK,328,36,""
716.936,sender,69f80f1b-51b5-4827-8b4a-c8c3162cd52b,EMIT,DATA,370,1060,""
716.939,sender,69f80f1b-51b5-4827-8b4a-c8c3162cd52b,ACKNOWLEDGED,ACK,328,0,""
716.944,sender,69f80f1b-51b5-4827-8b4a-c8c3162cd52b,CONFIRM_DATA,ACK,328,1024,"unique file bytes acknowledged"
716.948,sender,69f80f1b-51b5-4827-8b4a-c8c3162cd52b,EMIT,DATA,366,1060,""
716.952,sender,69f80f1b-51b5-4827-8b4a-c8c3162cd52b,RTT_SAMPLE,ACK,328,0,"94.721600"
716.957,sender,69f80f1b-51b5-4827-8b4a-c8c3162cd52b,EMIT,DATA,377,1060,""
716.982,sender,69f80f1b-51b5-4827-8b4a-c8c3162cd52b,EMIT,DATA,373,1060,""
716.985,sender,69f80f1b-51b5-4827-8b4a-c8c3162cd52b,RECEIVE,ACK,336,36,""
716.990,sender,69f80f1b-51b5-4827-8b4a-c8c3162cd52b,ACKNOWLEDGED,ACK,336,0,""
716.994,sender,69f80f1b-51b5-4827-8b4a-c8c3162cd52b,CONFIRM_DATA,ACK,336,1024,"unique file bytes acknowledged"
716.999,sender,69f80f1b-51b5-4827-8b4a-c8c3162cd52b,RTT_SAMPLE,ACK,336,0,"94.613200"
717.003,sender,69f80f1b-51b5-4827-8b4a-c8c3162cd52b,EMIT,DATA,376,1060,""
717.011,sender,69f80f1b-51b5-4827-8b4a-c8c3162cd52b,EMIT,DATA,384,1060,""
717.018,sender,69f80f1b-51b5-4827-8b4a-c8c3162cd52b,EMIT,DATA,371,1060,""
717.026,sender,69f80f1b-51b5-4827-8b4a-c8c3162cd52b,EMIT,DATA,380,1060,""
717.030,sender,69f80f1b-51b5-4827-8b4a-c8c3162cd52b,RECEIVE,ACK,329,36,""
717.038,sender,69f80f1b-51b5-4827-8b4a-c8c3162cd52b,EMIT,DATA,367,1060,""
717.045,sender,69f80f1b-51b5-4827-8b4a-c8c3162cd52b,ACKNOWLEDGED,ACK,329,0,""
717.049,sender,69f80f1b-51b5-4827-8b4a-c8c3162cd52b,CONFIRM_DATA,ACK,329,1024,"unique file bytes acknowledged"
717.053,sender,69f80f1b-51b5-4827-8b4a-c8c3162cd52b,RTT_SAMPLE,ACK,329,0,"94.822100"
717.070,sender,69f80f1b-51b5-4827-8b4a-c8c3162cd52b,RECEIVE,ACK,332,36,""
717.073,sender,69f80f1b-51b5-4827-8b4a-c8c3162cd52b,ACKNOWLEDGED,ACK,332,0,""
717.075,sender,69f80f1b-51b5-4827-8b4a-c8c3162cd52b,CONFIRM_DATA,ACK,332,1024,"unique file bytes acknowledged"
717.079,sender,69f80f1b-51b5-4827-8b4a-c8c3162cd52b,RTT_SAMPLE,ACK,332,0,"94.838800"
717.084,sender,69f80f1b-51b5-4827-8b4a-c8c3162cd52b,RECEIVE,ACK,335,36,""
717.087,sender,69f80f1b-51b5-4827-8b4a-c8c3162cd52b,ACKNOWLEDGED,ACK,335,0,""
717.089,sender,69f80f1b-51b5-4827-8b4a-c8c3162cd52b,CONFIRM_DATA,ACK,335,1024,"unique file bytes acknowledged"
717.092,sender,69f80f1b-51b5-4827-8b4a-c8c3162cd52b,RTT_SAMPLE,ACK,335,0,"94.840600"
717.098,sender,69f80f1b-51b5-4827-8b4a-c8c3162cd52b,RECEIVE,ACK,323,36,""
717.100,sender,69f80f1b-51b5-4827-8b4a-c8c3162cd52b,ACKNOWLEDGED,ACK,323,0,""
717.105,sender,69f80f1b-51b5-4827-8b4a-c8c3162cd52b,CONFIRM_DATA,ACK,323,1024,"unique file bytes acknowledged"
717.109,sender,69f80f1b-51b5-4827-8b4a-c8c3162cd52b,RTT_SAMPLE,ACK,323,0,"94.901600"
717.112,sender,69f80f1b-51b5-4827-8b4a-c8c3162cd52b,SEND,DATA,387,1060,""
717.116,sender,69f80f1b-51b5-4827-8b4a-c8c3162cd52b,SEND,DATA,388,1060,""
717.118,sender,69f80f1b-51b5-4827-8b4a-c8c3162cd52b,SEND,DATA,389,1060,""
717.123,sender,69f80f1b-51b5-4827-8b4a-c8c3162cd52b,RECEIVE,ACK,326,36,""
717.125,sender,69f80f1b-51b5-4827-8b4a-c8c3162cd52b,ACKNOWLEDGED,ACK,326,0,""
717.127,sender,69f80f1b-51b5-4827-8b4a-c8c3162cd52b,CONFIRM_DATA,ACK,326,1024,"unique file bytes acknowledged"
717.130,sender,69f80f1b-51b5-4827-8b4a-c8c3162cd52b,RTT_SAMPLE,ACK,326,0,"94.909700"
717.136,sender,69f80f1b-51b5-4827-8b4a-c8c3162cd52b,SEND,DATA,390,1060,""
717.139,sender,69f80f1b-51b5-4827-8b4a-c8c3162cd52b,SEND,DATA,391,1060,""
717.141,sender,69f80f1b-51b5-4827-8b4a-c8c3162cd52b,SEND,DATA,392,1060,""
717.143,sender,69f80f1b-51b5-4827-8b4a-c8c3162cd52b,SEND,DATA,393,1060,""
717.148,sender,69f80f1b-51b5-4827-8b4a-c8c3162cd52b,RECEIVE,ACK,345,36,""
717.150,sender,69f80f1b-51b5-4827-8b4a-c8c3162cd52b,ACKNOWLEDGED,ACK,345,0,""
717.152,sender,69f80f1b-51b5-4827-8b4a-c8c3162cd52b,CONFIRM_DATA,ACK,345,1024,"unique file bytes acknowledged"
717.155,sender,69f80f1b-51b5-4827-8b4a-c8c3162cd52b,RTT_SAMPLE,ACK,345,0,"63.692600"
717.159,sender,69f80f1b-51b5-4827-8b4a-c8c3162cd52b,RECEIVE,ACK,330,36,""
717.161,sender,69f80f1b-51b5-4827-8b4a-c8c3162cd52b,ACKNOWLEDGED,ACK,330,0,""
717.163,sender,69f80f1b-51b5-4827-8b4a-c8c3162cd52b,CONFIRM_DATA,ACK,330,1024,"unique file bytes acknowledged"
717.166,sender,69f80f1b-51b5-4827-8b4a-c8c3162cd52b,RTT_SAMPLE,ACK,330,0,"94.932800"
717.169,sender,69f80f1b-51b5-4827-8b4a-c8c3162cd52b,SEND,DATA,394,1060,""
717.173,sender,69f80f1b-51b5-4827-8b4a-c8c3162cd52b,RECEIVE,ACK,348,36,""
717.175,sender,69f80f1b-51b5-4827-8b4a-c8c3162cd52b,ACKNOWLEDGED,ACK,348,0,""
717.177,sender,69f80f1b-51b5-4827-8b4a-c8c3162cd52b,CONFIRM_DATA,ACK,348,1024,"unique file bytes acknowledged"
717.180,sender,69f80f1b-51b5-4827-8b4a-c8c3162cd52b,RTT_SAMPLE,ACK,348,0,"63.699000"
732.296,sender,69f80f1b-51b5-4827-8b4a-c8c3162cd52b,EMIT,DATA,383,1060,""
732.339,sender,69f80f1b-51b5-4827-8b4a-c8c3162cd52b,EMIT,DATA,385,1060,""
732.418,sender,69f80f1b-51b5-4827-8b4a-c8c3162cd52b,RECEIVE,ACK,333,36,""
732.430,sender,69f80f1b-51b5-4827-8b4a-c8c3162cd52b,ACKNOWLEDGED,ACK,333,0,""
732.434,sender,69f80f1b-51b5-4827-8b4a-c8c3162cd52b,CONFIRM_DATA,ACK,333,1024,"unique file bytes acknowledged"
732.440,sender,69f80f1b-51b5-4827-8b4a-c8c3162cd52b,RTT_SAMPLE,ACK,333,0,"110.195600"
732.450,sender,69f80f1b-51b5-4827-8b4a-c8c3162cd52b,RECEIVE,ACK,331,36,""
732.453,sender,69f80f1b-51b5-4827-8b4a-c8c3162cd52b,ACKNOWLEDGED,ACK,331,0,""
732.456,sender,69f80f1b-51b5-4827-8b4a-c8c3162cd52b,CONFIRM_DATA,ACK,331,1024,"unique file bytes acknowledged"
732.460,sender,69f80f1b-51b5-4827-8b4a-c8c3162cd52b,RTT_SAMPLE,ACK,331,0,"110.222700"
732.473,sender,69f80f1b-51b5-4827-8b4a-c8c3162cd52b,SEND,DATA,395,1060,""
732.478,sender,69f80f1b-51b5-4827-8b4a-c8c3162cd52b,SEND,DATA,396,1060,""
732.482,sender,69f80f1b-51b5-4827-8b4a-c8c3162cd52b,SEND,DATA,397,1060,""
732.485,sender,69f80f1b-51b5-4827-8b4a-c8c3162cd52b,SEND,DATA,398,1060,""
732.488,sender,69f80f1b-51b5-4827-8b4a-c8c3162cd52b,SEND,DATA,399,1060,""
732.491,sender,69f80f1b-51b5-4827-8b4a-c8c3162cd52b,SEND,DATA,400,1060,""
732.495,sender,69f80f1b-51b5-4827-8b4a-c8c3162cd52b,SEND,DATA,401,1060,""
732.501,sender,69f80f1b-51b5-4827-8b4a-c8c3162cd52b,RECEIVE,ACK,338,36,""
732.503,sender,69f80f1b-51b5-4827-8b4a-c8c3162cd52b,ACKNOWLEDGED,ACK,338,0,""
732.506,sender,69f80f1b-51b5-4827-8b4a-c8c3162cd52b,CONFIRM_DATA,ACK,338,1024,"unique file bytes acknowledged"
732.510,sender,69f80f1b-51b5-4827-8b4a-c8c3162cd52b,RTT_SAMPLE,ACK,338,0,"94.271400"
732.514,sender,69f80f1b-51b5-4827-8b4a-c8c3162cd52b,SEND,DATA,402,1060,""
732.519,sender,69f80f1b-51b5-4827-8b4a-c8c3162cd52b,RECEIVE,ACK,340,36,""
732.522,sender,69f80f1b-51b5-4827-8b4a-c8c3162cd52b,ACKNOWLEDGED,ACK,340,0,""
732.525,sender,69f80f1b-51b5-4827-8b4a-c8c3162cd52b,CONFIRM_DATA,ACK,340,1024,"unique file bytes acknowledged"
732.528,sender,69f80f1b-51b5-4827-8b4a-c8c3162cd52b,RTT_SAMPLE,ACK,340,0,"79.085500"
732.534,sender,69f80f1b-51b5-4827-8b4a-c8c3162cd52b,RECEIVE,ACK,354,36,""
732.537,sender,69f80f1b-51b5-4827-8b4a-c8c3162cd52b,ACKNOWLEDGED,ACK,354,0,""
732.539,sender,69f80f1b-51b5-4827-8b4a-c8c3162cd52b,CONFIRM_DATA,ACK,354,1024,"unique file bytes acknowledged"
732.543,sender,69f80f1b-51b5-4827-8b4a-c8c3162cd52b,RTT_SAMPLE,ACK,354,0,"78.953200"
732.560,sender,69f80f1b-51b5-4827-8b4a-c8c3162cd52b,RECEIVE,ACK,365,36,""
732.563,sender,69f80f1b-51b5-4827-8b4a-c8c3162cd52b,ACKNOWLEDGED,ACK,365,0,""
732.565,sender,69f80f1b-51b5-4827-8b4a-c8c3162cd52b,CONFIRM_DATA,ACK,365,1024,"unique file bytes acknowledged"
732.568,sender,69f80f1b-51b5-4827-8b4a-c8c3162cd52b,RTT_SAMPLE,ACK,365,0,"78.877300"
732.573,sender,69f80f1b-51b5-4827-8b4a-c8c3162cd52b,RECEIVE,ACK,364,36,""
732.576,sender,69f80f1b-51b5-4827-8b4a-c8c3162cd52b,ACKNOWLEDGED,ACK,364,0,""
732.578,sender,69f80f1b-51b5-4827-8b4a-c8c3162cd52b,CONFIRM_DATA,ACK,364,1024,"unique file bytes acknowledged"
732.614,sender,69f80f1b-51b5-4827-8b4a-c8c3162cd52b,RTT_SAMPLE,ACK,364,0,"78.993800"
732.620,sender,69f80f1b-51b5-4827-8b4a-c8c3162cd52b,RECEIVE,ACK,372,36,""
732.623,sender,69f80f1b-51b5-4827-8b4a-c8c3162cd52b,ACKNOWLEDGED,ACK,372,0,""
732.625,sender,69f80f1b-51b5-4827-8b4a-c8c3162cd52b,CONFIRM_DATA,ACK,372,1024,"unique file bytes acknowledged"
732.628,sender,69f80f1b-51b5-4827-8b4a-c8c3162cd52b,RTT_SAMPLE,ACK,372,0,"62.954100"
732.633,sender,69f80f1b-51b5-4827-8b4a-c8c3162cd52b,RECEIVE,ACK,375,36,""
732.636,sender,69f80f1b-51b5-4827-8b4a-c8c3162cd52b,ACKNOWLEDGED,ACK,375,0,""
732.638,sender,69f80f1b-51b5-4827-8b4a-c8c3162cd52b,CONFIRM_DATA,ACK,375,1024,"unique file bytes acknowledged"
732.641,sender,69f80f1b-51b5-4827-8b4a-c8c3162cd52b,RTT_SAMPLE,ACK,375,0,"62.879000"
747.209,sender,69f80f1b-51b5-4827-8b4a-c8c3162cd52b,EMIT,DATA,391,1060,""
747.289,sender,69f80f1b-51b5-4827-8b4a-c8c3162cd52b,EMIT,DATA,394,1060,""
747.300,sender,69f80f1b-51b5-4827-8b4a-c8c3162cd52b,EMIT,DATA,388,1060,""
747.308,sender,69f80f1b-51b5-4827-8b4a-c8c3162cd52b,EMIT,DATA,386,1060,""
747.553,sender,69f80f1b-51b5-4827-8b4a-c8c3162cd52b,RECEIVE,ACK,361,36,""
747.563,sender,69f80f1b-51b5-4827-8b4a-c8c3162cd52b,ACKNOWLEDGED,ACK,361,0,""
747.566,sender,69f80f1b-51b5-4827-8b4a-c8c3162cd52b,CONFIRM_DATA,ACK,361,1024,"unique file bytes acknowledged"
747.571,sender,69f80f1b-51b5-4827-8b4a-c8c3162cd52b,RTT_SAMPLE,ACK,361,0,"93.958800"
747.595,sender,69f80f1b-51b5-4827-8b4a-c8c3162cd52b,RECEIVE,ACK,353,36,""
747.598,sender,69f80f1b-51b5-4827-8b4a-c8c3162cd52b,ACKNOWLEDGED,ACK,353,0,""
747.600,sender,69f80f1b-51b5-4827-8b4a-c8c3162cd52b,CONFIRM_DATA,ACK,353,1024,"unique file bytes acknowledged"
747.603,sender,69f80f1b-51b5-4827-8b4a-c8c3162cd52b,RTT_SAMPLE,ACK,353,0,"94.016500"
747.610,sender,69f80f1b-51b5-4827-8b4a-c8c3162cd52b,RECEIVE,ACK,346,36,""
747.612,sender,69f80f1b-51b5-4827-8b4a-c8c3162cd52b,ACKNOWLEDGED,ACK,346,0,""
747.615,sender,69f80f1b-51b5-4827-8b4a-c8c3162cd52b,CONFIRM_DATA,ACK,346,1024,"unique file bytes acknowledged"
747.618,sender,69f80f1b-51b5-4827-8b4a-c8c3162cd52b,RTT_SAMPLE,ACK,346,0,"94.152500"
747.623,sender,69f80f1b-51b5-4827-8b4a-c8c3162cd52b,RECEIVE,ACK,350,36,""
747.626,sender,69f80f1b-51b5-4827-8b4a-c8c3162cd52b,ACKNOWLEDGED,ACK,350,0,""
747.633,sender,69f80f1b-51b5-4827-8b4a-c8c3162cd52b,CONFIRM_DATA,ACK,350,1024,"unique file bytes acknowledged"
747.636,sender,69f80f1b-51b5-4827-8b4a-c8c3162cd52b,RTT_SAMPLE,ACK,350,0,"94.148400"
747.641,sender,69f80f1b-51b5-4827-8b4a-c8c3162cd52b,RECEIVE,ACK,379,36,""
747.644,sender,69f80f1b-51b5-4827-8b4a-c8c3162cd52b,ACKNOWLEDGED,ACK,379,0,""
747.646,sender,69f80f1b-51b5-4827-8b4a-c8c3162cd52b,CONFIRM_DATA,ACK,379,1024,"unique file bytes acknowledged"
747.649,sender,69f80f1b-51b5-4827-8b4a-c8c3162cd52b,RTT_SAMPLE,ACK,379,0,"77.871600"
747.655,sender,69f80f1b-51b5-4827-8b4a-c8c3162cd52b,RECEIVE,ACK,347,36,""
747.657,sender,69f80f1b-51b5-4827-8b4a-c8c3162cd52b,ACKNOWLEDGED,ACK,347,0,""
747.659,sender,69f80f1b-51b5-4827-8b4a-c8c3162cd52b,CONFIRM_DATA,ACK,347,1024,"unique file bytes acknowledged"
747.662,sender,69f80f1b-51b5-4827-8b4a-c8c3162cd52b,RTT_SAMPLE,ACK,347,0,"94.184600"
747.668,sender,69f80f1b-51b5-4827-8b4a-c8c3162cd52b,RECEIVE,ACK,369,36,""
747.670,sender,69f80f1b-51b5-4827-8b4a-c8c3162cd52b,ACKNOWLEDGED,ACK,369,0,""
747.673,sender,69f80f1b-51b5-4827-8b4a-c8c3162cd52b,CONFIRM_DATA,ACK,369,1024,"unique file bytes acknowledged"
747.676,sender,69f80f1b-51b5-4827-8b4a-c8c3162cd52b,RTT_SAMPLE,ACK,369,0,"78.014200"
747.681,sender,69f80f1b-51b5-4827-8b4a-c8c3162cd52b,RECEIVE,ACK,339,36,""
747.684,sender,69f80f1b-51b5-4827-8b4a-c8c3162cd52b,ACKNOWLEDGED,ACK,339,0,""
747.691,sender,69f80f1b-51b5-4827-8b4a-c8c3162cd52b,CONFIRM_DATA,ACK,339,1024,"unique file bytes acknowledged"
747.693,sender,69f80f1b-51b5-4827-8b4a-c8c3162cd52b,RTT_SAMPLE,ACK,339,0,"109.451000"
747.697,sender,69f80f1b-51b5-4827-8b4a-c8c3162cd52b,SEND,DATA,403,1060,""
747.701,sender,69f80f1b-51b5-4827-8b4a-c8c3162cd52b,SEND,DATA,404,1060,""
747.705,sender,69f80f1b-51b5-4827-8b4a-c8c3162cd52b,RECEIVE,ACK,360,36,""
747.708,sender,69f80f1b-51b5-4827-8b4a-c8c3162cd52b,ACKNOWLEDGED,ACK,360,0,""
747.710,sender,69f80f1b-51b5-4827-8b4a-c8c3162cd52b,CONFIRM_DATA,ACK,360,1024,"unique file bytes acknowledged"
747.712,sender,69f80f1b-51b5-4827-8b4a-c8c3162cd52b,RTT_SAMPLE,ACK,360,0,"94.104500"
747.718,sender,69f80f1b-51b5-4827-8b4a-c8c3162cd52b,RECEIVE,ACK,382,36,""
747.720,sender,69f80f1b-51b5-4827-8b4a-c8c3162cd52b,ACKNOWLEDGED,ACK,382,0,""
747.722,sender,69f80f1b-51b5-4827-8b4a-c8c3162cd52b,CONFIRM_DATA,ACK,382,1024,"unique file bytes acknowledged"
747.725,sender,69f80f1b-51b5-4827-8b4a-c8c3162cd52b,RTT_SAMPLE,ACK,382,0,"77.939200"
747.730,sender,69f80f1b-51b5-4827-8b4a-c8c3162cd52b,RECEIVE,ACK,376,36,""
747.732,sender,69f80f1b-51b5-4827-8b4a-c8c3162cd52b,ACKNOWLEDGED,ACK,376,0,""
747.734,sender,69f80f1b-51b5-4827-8b4a-c8c3162cd52b,CONFIRM_DATA,ACK,376,1024,"unique file bytes acknowledged"
747.737,sender,69f80f1b-51b5-4827-8b4a-c8c3162cd52b,RTT_SAMPLE,ACK,376,0,"77.972400"
747.742,sender,69f80f1b-51b5-4827-8b4a-c8c3162cd52b,RECEIVE,ACK,341,36,""
747.744,sender,69f80f1b-51b5-4827-8b4a-c8c3162cd52b,ACKNOWLEDGED,ACK,341,0,""
747.747,sender,69f80f1b-51b5-4827-8b4a-c8c3162cd52b,CONFIRM_DATA,ACK,341,1024,"unique file bytes acknowledged"
747.749,sender,69f80f1b-51b5-4827-8b4a-c8c3162cd52b,RTT_SAMPLE,ACK,341,0,"94.301200"
747.752,sender,69f80f1b-51b5-4827-8b4a-c8c3162cd52b,SEND,DATA,405,1060,""
747.757,sender,69f80f1b-51b5-4827-8b4a-c8c3162cd52b,RECEIVE,ACK,384,36,""
747.772,sender,69f80f1b-51b5-4827-8b4a-c8c3162cd52b,ACKNOWLEDGED,ACK,384,0,""
747.774,sender,69f80f1b-51b5-4827-8b4a-c8c3162cd52b,CONFIRM_DATA,ACK,384,1024,"unique file bytes acknowledged"
747.776,sender,69f80f1b-51b5-4827-8b4a-c8c3162cd52b,RTT_SAMPLE,ACK,384,0,"77.985800"
747.781,sender,69f80f1b-51b5-4827-8b4a-c8c3162cd52b,RECEIVE,ACK,343,36,""
747.783,sender,69f80f1b-51b5-4827-8b4a-c8c3162cd52b,ACKNOWLEDGED,ACK,343,0,""
747.785,sender,69f80f1b-51b5-4827-8b4a-c8c3162cd52b,CONFIRM_DATA,ACK,343,1024,"unique file bytes acknowledged"
747.788,sender,69f80f1b-51b5-4827-8b4a-c8c3162cd52b,RTT_SAMPLE,ACK,343,0,"94.332900"
747.792,sender,69f80f1b-51b5-4827-8b4a-c8c3162cd52b,RECEIVE,ACK,380,36,""
747.794,sender,69f80f1b-51b5-4827-8b4a-c8c3162cd52b,ACKNOWLEDGED,ACK,380,0,""
747.796,sender,69f80f1b-51b5-4827-8b4a-c8c3162cd52b,CONFIRM_DATA,ACK,380,1024,"unique file bytes acknowledged"
747.799,sender,69f80f1b-51b5-4827-8b4a-c8c3162cd52b,RTT_SAMPLE,ACK,380,0,"78.018300"
747.803,sender,69f80f1b-51b5-4827-8b4a-c8c3162cd52b,RECEIVE,ACK,359,36,""
747.805,sender,69f80f1b-51b5-4827-8b4a-c8c3162cd52b,ACKNOWLEDGED,ACK,359,0,""
747.807,sender,69f80f1b-51b5-4827-8b4a-c8c3162cd52b,CONFIRM_DATA,ACK,359,1024,"unique file bytes acknowledged"
747.809,sender,69f80f1b-51b5-4827-8b4a-c8c3162cd52b,RTT_SAMPLE,ACK,359,0,"94.205000"
747.814,sender,69f80f1b-51b5-4827-8b4a-c8c3162cd52b,RECEIVE,ACK,351,36,""
747.816,sender,69f80f1b-51b5-4827-8b4a-c8c3162cd52b,ACKNOWLEDGED,ACK,351,0,""
747.818,sender,69f80f1b-51b5-4827-8b4a-c8c3162cd52b,CONFIRM_DATA,ACK,351,1024,"unique file bytes acknowledged"
747.820,sender,69f80f1b-51b5-4827-8b4a-c8c3162cd52b,RTT_SAMPLE,ACK,351,0,"94.329800"
747.824,sender,69f80f1b-51b5-4827-8b4a-c8c3162cd52b,RECEIVE,ACK,355,36,""
747.827,sender,69f80f1b-51b5-4827-8b4a-c8c3162cd52b,ACKNOWLEDGED,ACK,355,0,""
747.829,sender,69f80f1b-51b5-4827-8b4a-c8c3162cd52b,CONFIRM_DATA,ACK,355,1024,"unique file bytes acknowledged"
747.831,sender,69f80f1b-51b5-4827-8b4a-c8c3162cd52b,RTT_SAMPLE,ACK,355,0,"94.238400"
747.835,sender,69f80f1b-51b5-4827-8b4a-c8c3162cd52b,RECEIVE,ACK,356,36,""
747.838,sender,69f80f1b-51b5-4827-8b4a-c8c3162cd52b,ACKNOWLEDGED,ACK,356,0,""
747.839,sender,69f80f1b-51b5-4827-8b4a-c8c3162cd52b,CONFIRM_DATA,ACK,356,1024,"unique file bytes acknowledged"
747.842,sender,69f80f1b-51b5-4827-8b4a-c8c3162cd52b,RTT_SAMPLE,ACK,356,0,"94.246700"
763.221,sender,69f80f1b-51b5-4827-8b4a-c8c3162cd52b,EMIT,DATA,389,1060,""
763.252,sender,69f80f1b-51b5-4827-8b4a-c8c3162cd52b,EMIT,DATA,393,1060,""
763.313,sender,69f80f1b-51b5-4827-8b4a-c8c3162cd52b,EMIT,DATA,395,1060,""
763.334,sender,69f80f1b-51b5-4827-8b4a-c8c3162cd52b,EMIT,DATA,397,1060,""
763.343,sender,69f80f1b-51b5-4827-8b4a-c8c3162cd52b,EMIT,DATA,392,1060,""
763.347,sender,69f80f1b-51b5-4827-8b4a-c8c3162cd52b,RECEIVE,ACK,358,36,""
763.352,sender,69f80f1b-51b5-4827-8b4a-c8c3162cd52b,EMIT,DATA,396,1060,""
763.355,sender,69f80f1b-51b5-4827-8b4a-c8c3162cd52b,ACKNOWLEDGED,ACK,358,0,""
763.358,sender,69f80f1b-51b5-4827-8b4a-c8c3162cd52b,CONFIRM_DATA,ACK,358,1024,"unique file bytes acknowledged"
763.364,sender,69f80f1b-51b5-4827-8b4a-c8c3162cd52b,RTT_SAMPLE,ACK,358,0,"109.761500"
763.385,sender,69f80f1b-51b5-4827-8b4a-c8c3162cd52b,RECEIVE,ACK,342,36,""
763.388,sender,69f80f1b-51b5-4827-8b4a-c8c3162cd52b,ACKNOWLEDGED,ACK,342,0,""
763.391,sender,69f80f1b-51b5-4827-8b4a-c8c3162cd52b,CONFIRM_DATA,ACK,342,1024,"unique file bytes acknowledged"
763.394,sender,69f80f1b-51b5-4827-8b4a-c8c3162cd52b,RTT_SAMPLE,ACK,342,0,"109.942400"
763.399,sender,69f80f1b-51b5-4827-8b4a-c8c3162cd52b,SEND,DATA,406,1060,""
763.404,sender,69f80f1b-51b5-4827-8b4a-c8c3162cd52b,SEND,DATA,407,1060,""
763.410,sender,69f80f1b-51b5-4827-8b4a-c8c3162cd52b,RECEIVE,ACK,374,36,""
763.413,sender,69f80f1b-51b5-4827-8b4a-c8c3162cd52b,ACKNOWLEDGED,ACK,374,0,""
763.416,sender,69f80f1b-51b5-4827-8b4a-c8c3162cd52b,CONFIRM_DATA,ACK,374,1024,"unique file bytes acknowledged"
763.420,sender,69f80f1b-51b5-4827-8b4a-c8c3162cd52b,RTT_SAMPLE,ACK,374,0,"93.660400"
763.426,sender,69f80f1b-51b5-4827-8b4a-c8c3162cd52b,RECEIVE,ACK,362,36,""
763.429,sender,69f80f1b-51b5-4827-8b4a-c8c3162cd52b,ACKNOWLEDGED,ACK,362,0,""
763.432,sender,69f80f1b-51b5-4827-8b4a-c8c3162cd52b,CONFIRM_DATA,ACK,362,1024,"unique file bytes acknowledged"
763.435,sender,69f80f1b-51b5-4827-8b4a-c8c3162cd52b,RTT_SAMPLE,ACK,362,0,"109.821400"
763.441,sender,69f80f1b-51b5-4827-8b4a-c8c3162cd52b,RECEIVE,ACK,366,36,""
763.444,sender,69f80f1b-51b5-4827-8b4a-c8c3162cd52b,ACKNOWLEDGED,ACK,366,0,""
763.447,sender,69f80f1b-51b5-4827-8b4a-c8c3162cd52b,CONFIRM_DATA,ACK,366,1024,"unique file bytes acknowledged"
763.450,sender,69f80f1b-51b5-4827-8b4a-c8c3162cd52b,RTT_SAMPLE,ACK,366,0,"93.809400"
763.460,sender,69f80f1b-51b5-4827-8b4a-c8c3162cd52b,RECEIVE,ACK,352,36,""
763.463,sender,69f80f1b-51b5-4827-8b4a-c8c3162cd52b,ACKNOWLEDGED,ACK,352,0,""
763.465,sender,69f80f1b-51b5-4827-8b4a-c8c3162cd52b,CONFIRM_DATA,ACK,352,1024,"unique file bytes acknowledged"
763.468,sender,69f80f1b-51b5-4827-8b4a-c8c3162cd52b,RTT_SAMPLE,ACK,352,0,"109.884800"
763.474,sender,69f80f1b-51b5-4827-8b4a-c8c3162cd52b,RECEIVE,ACK,357,36,""
763.477,sender,69f80f1b-51b5-4827-8b4a-c8c3162cd52b,ACKNOWLEDGED,ACK,357,0,""
763.479,sender,69f80f1b-51b5-4827-8b4a-c8c3162cd52b,CONFIRM_DATA,ACK,357,1024,"unique file bytes acknowledged"
763.483,sender,69f80f1b-51b5-4827-8b4a-c8c3162cd52b,RTT_SAMPLE,ACK,357,0,"109.884400"
763.488,sender,69f80f1b-51b5-4827-8b4a-c8c3162cd52b,RECEIVE,ACK,368,36,""
763.491,sender,69f80f1b-51b5-4827-8b4a-c8c3162cd52b,ACKNOWLEDGED,ACK,368,0,""
763.494,sender,69f80f1b-51b5-4827-8b4a-c8c3162cd52b,CONFIRM_DATA,ACK,368,1024,"unique file bytes acknowledged"
763.497,sender,69f80f1b-51b5-4827-8b4a-c8c3162cd52b,RTT_SAMPLE,ACK,368,0,"93.839600"
763.502,sender,69f80f1b-51b5-4827-8b4a-c8c3162cd52b,RECEIVE,ACK,349,36,""
763.505,sender,69f80f1b-51b5-4827-8b4a-c8c3162cd52b,ACKNOWLEDGED,ACK,349,0,""
763.508,sender,69f80f1b-51b5-4827-8b4a-c8c3162cd52b,CONFIRM_DATA,ACK,349,1024,"unique file bytes acknowledged"
763.511,sender,69f80f1b-51b5-4827-8b4a-c8c3162cd52b,RTT_SAMPLE,ACK,349,0,"110.027200"
763.517,sender,69f80f1b-51b5-4827-8b4a-c8c3162cd52b,RECEIVE,ACK,367,36,""
763.519,sender,69f80f1b-51b5-4827-8b4a-c8c3162cd52b,ACKNOWLEDGED,ACK,367,0,""
763.522,sender,69f80f1b-51b5-4827-8b4a-c8c3162cd52b,CONFIRM_DATA,ACK,367,1024,"unique file bytes acknowledged"
763.529,sender,69f80f1b-51b5-4827-8b4a-c8c3162cd52b,RTT_SAMPLE,ACK,367,0,"93.877600"
763.534,sender,69f80f1b-51b5-4827-8b4a-c8c3162cd52b,RECEIVE,ACK,373,36,""
763.537,sender,69f80f1b-51b5-4827-8b4a-c8c3162cd52b,ACKNOWLEDGED,ACK,373,0,""
763.539,sender,69f80f1b-51b5-4827-8b4a-c8c3162cd52b,CONFIRM_DATA,ACK,373,1024,"unique file bytes acknowledged"
763.543,sender,69f80f1b-51b5-4827-8b4a-c8c3162cd52b,RTT_SAMPLE,ACK,373,0,"93.787600"
763.548,sender,69f80f1b-51b5-4827-8b4a-c8c3162cd52b,RECEIVE,ACK,370,36,""
763.551,sender,69f80f1b-51b5-4827-8b4a-c8c3162cd52b,ACKNOWLEDGED,ACK,370,0,""
763.553,sender,69f80f1b-51b5-4827-8b4a-c8c3162cd52b,CONFIRM_DATA,ACK,370,1024,"unique file bytes acknowledged"
763.556,sender,69f80f1b-51b5-4827-8b4a-c8c3162cd52b,RTT_SAMPLE,ACK,370,0,"93.890700"
763.562,sender,69f80f1b-51b5-4827-8b4a-c8c3162cd52b,RECEIVE,ACK,363,36,""
763.564,sender,69f80f1b-51b5-4827-8b4a-c8c3162cd52b,ACKNOWLEDGED,ACK,363,0,""
763.567,sender,69f80f1b-51b5-4827-8b4a-c8c3162cd52b,CONFIRM_DATA,ACK,363,1024,"unique file bytes acknowledged"
763.570,sender,69f80f1b-51b5-4827-8b4a-c8c3162cd52b,RTT_SAMPLE,ACK,363,0,"109.953300"
763.575,sender,69f80f1b-51b5-4827-8b4a-c8c3162cd52b,RECEIVE,ACK,377,36,""
763.578,sender,69f80f1b-51b5-4827-8b4a-c8c3162cd52b,ACKNOWLEDGED,ACK,377,0,""
763.580,sender,69f80f1b-51b5-4827-8b4a-c8c3162cd52b,CONFIRM_DATA,ACK,377,1024,"unique file bytes acknowledged"
763.584,sender,69f80f1b-51b5-4827-8b4a-c8c3162cd52b,RTT_SAMPLE,ACK,377,0,"93.816200"
779.232,sender,69f80f1b-51b5-4827-8b4a-c8c3162cd52b,EMIT,DATA,398,1060,""
779.266,sender,69f80f1b-51b5-4827-8b4a-c8c3162cd52b,EMIT,DATA,387,1060,""
779.275,sender,69f80f1b-51b5-4827-8b4a-c8c3162cd52b,EMIT,DATA,390,1060,""
779.294,sender,69f80f1b-51b5-4827-8b4a-c8c3162cd52b,EMIT,DATA,399,1060,""
779.304,sender,69f80f1b-51b5-4827-8b4a-c8c3162cd52b,EMIT,DATA,405,1060,""
779.315,sender,69f80f1b-51b5-4827-8b4a-c8c3162cd52b,EMIT,DATA,403,1060,""
779.324,sender,69f80f1b-51b5-4827-8b4a-c8c3162cd52b,EMIT,DATA,404,1060,""
779.333,sender,69f80f1b-51b5-4827-8b4a-c8c3162cd52b,EMIT,DATA,400,1060,""
779.574,sender,69f80f1b-51b5-4827-8b4a-c8c3162cd52b,RECEIVE,ACK,383,36,""
779.585,sender,69f80f1b-51b5-4827-8b4a-c8c3162cd52b,ACKNOWLEDGED,ACK,383,0,""
779.588,sender,69f80f1b-51b5-4827-8b4a-c8c3162cd52b,CONFIRM_DATA,ACK,383,1024,"unique file bytes acknowledged"
779.594,sender,69f80f1b-51b5-4827-8b4a-c8c3162cd52b,RTT_SAMPLE,ACK,383,0,"109.804100"
779.606,sender,69f80f1b-51b5-4827-8b4a-c8c3162cd52b,RECEIVE,ACK,378,36,""
779.609,sender,69f80f1b-51b5-4827-8b4a-c8c3162cd52b,ACKNOWLEDGED,ACK,378,0,""
779.612,sender,69f80f1b-51b5-4827-8b4a-c8c3162cd52b,CONFIRM_DATA,ACK,378,1024,"unique file bytes acknowledged"
779.615,sender,69f80f1b-51b5-4827-8b4a-c8c3162cd52b,RTT_SAMPLE,ACK,378,0,"109.845200"
779.621,sender,69f80f1b-51b5-4827-8b4a-c8c3162cd52b,RECEIVE,ACK,344,36,""
779.624,sender,69f80f1b-51b5-4827-8b4a-c8c3162cd52b,ACKNOWLEDGED,ACK,344,0,""
779.627,sender,69f80f1b-51b5-4827-8b4a-c8c3162cd52b,CONFIRM_DATA,ACK,344,1024,"unique file bytes acknowledged"
779.630,sender,69f80f1b-51b5-4827-8b4a-c8c3162cd52b,RTT_SAMPLE,ACK,344,0,"126.171600"
779.635,sender,69f80f1b-51b5-4827-8b4a-c8c3162cd52b,SEND,DATA,408,1060,""
779.640,sender,69f80f1b-51b5-4827-8b4a-c8c3162cd52b,SEND,DATA,409,1060,""
779.643,sender,69f80f1b-51b5-4827-8b4a-c8c3162cd52b,SEND,DATA,410,1060,""
779.647,sender,69f80f1b-51b5-4827-8b4a-c8c3162cd52b,SEND,DATA,411,1060,""
779.651,sender,69f80f1b-51b5-4827-8b4a-c8c3162cd52b,SEND,DATA,412,1060,""
779.655,sender,69f80f1b-51b5-4827-8b4a-c8c3162cd52b,SEND,DATA,413,1060,""
779.659,sender,69f80f1b-51b5-4827-8b4a-c8c3162cd52b,SEND,DATA,414,1060,""
779.662,sender,69f80f1b-51b5-4827-8b4a-c8c3162cd52b,SEND,DATA,415,1060,""
779.666,sender,69f80f1b-51b5-4827-8b4a-c8c3162cd52b,SEND,DATA,416,1060,""
779.669,sender,69f80f1b-51b5-4827-8b4a-c8c3162cd52b,SEND,DATA,417,1060,""
779.673,sender,69f80f1b-51b5-4827-8b4a-c8c3162cd52b,SEND,DATA,418,1060,""
779.676,sender,69f80f1b-51b5-4827-8b4a-c8c3162cd52b,SEND,DATA,419,1060,""
779.680,sender,69f80f1b-51b5-4827-8b4a-c8c3162cd52b,SEND,DATA,420,1060,""
779.683,sender,69f80f1b-51b5-4827-8b4a-c8c3162cd52b,SEND,DATA,421,1060,""
779.694,sender,69f80f1b-51b5-4827-8b4a-c8c3162cd52b,SEND,DATA,422,1060,""
779.698,sender,69f80f1b-51b5-4827-8b4a-c8c3162cd52b,SEND,DATA,423,1060,""
779.736,sender,69f80f1b-51b5-4827-8b4a-c8c3162cd52b,SEND,DATA,424,1060,""
779.739,sender,69f80f1b-51b5-4827-8b4a-c8c3162cd52b,SEND,DATA,425,1060,""
779.743,sender,69f80f1b-51b5-4827-8b4a-c8c3162cd52b,SEND,DATA,426,1060,""
779.746,sender,69f80f1b-51b5-4827-8b4a-c8c3162cd52b,SEND,DATA,427,1060,""
779.749,sender,69f80f1b-51b5-4827-8b4a-c8c3162cd52b,SEND,DATA,428,1060,""
779.752,sender,69f80f1b-51b5-4827-8b4a-c8c3162cd52b,SEND,DATA,429,1060,""
779.756,sender,69f80f1b-51b5-4827-8b4a-c8c3162cd52b,SEND,DATA,430,1060,""
779.759,sender,69f80f1b-51b5-4827-8b4a-c8c3162cd52b,SEND,DATA,431,1060,""
779.762,sender,69f80f1b-51b5-4827-8b4a-c8c3162cd52b,SEND,DATA,432,1060,""
779.766,sender,69f80f1b-51b5-4827-8b4a-c8c3162cd52b,SEND,DATA,433,1060,""
779.769,sender,69f80f1b-51b5-4827-8b4a-c8c3162cd52b,SEND,DATA,434,1060,""
779.775,sender,69f80f1b-51b5-4827-8b4a-c8c3162cd52b,RECEIVE,ACK,381,36,""
779.777,sender,69f80f1b-51b5-4827-8b4a-c8c3162cd52b,ACKNOWLEDGED,ACK,381,0,""
779.780,sender,69f80f1b-51b5-4827-8b4a-c8c3162cd52b,CONFIRM_DATA,ACK,381,1024,"unique file bytes acknowledged"
779.783,sender,69f80f1b-51b5-4827-8b4a-c8c3162cd52b,RTT_SAMPLE,ACK,381,0,"110.000100"
779.800,sender,69f80f1b-51b5-4827-8b4a-c8c3162cd52b,RECEIVE,ACK,371,36,""
779.803,sender,69f80f1b-51b5-4827-8b4a-c8c3162cd52b,ACKNOWLEDGED,ACK,371,0,""
779.806,sender,69f80f1b-51b5-4827-8b4a-c8c3162cd52b,CONFIRM_DATA,ACK,371,1024,"unique file bytes acknowledged"
779.809,sender,69f80f1b-51b5-4827-8b4a-c8c3162cd52b,RTT_SAMPLE,ACK,371,0,"110.139100"
779.813,sender,69f80f1b-51b5-4827-8b4a-c8c3162cd52b,SEND,DATA,435,1060,""
779.816,sender,69f80f1b-51b5-4827-8b4a-c8c3162cd52b,SEND,DATA,436,1060,""
779.819,sender,69f80f1b-51b5-4827-8b4a-c8c3162cd52b,SEND,DATA,437,1060,""
779.823,sender,69f80f1b-51b5-4827-8b4a-c8c3162cd52b,SEND,DATA,438,1060,""
779.826,sender,69f80f1b-51b5-4827-8b4a-c8c3162cd52b,SEND,DATA,439,1060,""
779.830,sender,69f80f1b-51b5-4827-8b4a-c8c3162cd52b,SEND,DATA,440,1060,""
779.835,sender,69f80f1b-51b5-4827-8b4a-c8c3162cd52b,SEND,DATA,441,1060,""
779.839,sender,69f80f1b-51b5-4827-8b4a-c8c3162cd52b,SEND,DATA,442,1060,""
779.842,sender,69f80f1b-51b5-4827-8b4a-c8c3162cd52b,SEND,DATA,443,1060,""
779.845,sender,69f80f1b-51b5-4827-8b4a-c8c3162cd52b,SEND,DATA,444,1060,""
779.848,sender,69f80f1b-51b5-4827-8b4a-c8c3162cd52b,SEND,DATA,445,1060,""
779.851,sender,69f80f1b-51b5-4827-8b4a-c8c3162cd52b,SEND,DATA,446,1060,""
779.855,sender,69f80f1b-51b5-4827-8b4a-c8c3162cd52b,SEND,DATA,447,1060,""
779.858,sender,69f80f1b-51b5-4827-8b4a-c8c3162cd52b,SEND,DATA,448,1060,""
779.863,sender,69f80f1b-51b5-4827-8b4a-c8c3162cd52b,RECEIVE,ACK,385,36,""
779.878,sender,69f80f1b-51b5-4827-8b4a-c8c3162cd52b,ACKNOWLEDGED,ACK,385,0,""
779.881,sender,69f80f1b-51b5-4827-8b4a-c8c3162cd52b,CONFIRM_DATA,ACK,385,1024,"unique file bytes acknowledged"
779.884,sender,69f80f1b-51b5-4827-8b4a-c8c3162cd52b,RTT_SAMPLE,ACK,385,0,"78.731800"
779.888,sender,69f80f1b-51b5-4827-8b4a-c8c3162cd52b,SEND,DATA,449,1060,""
779.893,sender,69f80f1b-51b5-4827-8b4a-c8c3162cd52b,RECEIVE,ACK,388,36,""
779.896,sender,69f80f1b-51b5-4827-8b4a-c8c3162cd52b,ACKNOWLEDGED,ACK,388,0,""
779.898,sender,69f80f1b-51b5-4827-8b4a-c8c3162cd52b,CONFIRM_DATA,ACK,388,1024,"unique file bytes acknowledged"
779.905,sender,69f80f1b-51b5-4827-8b4a-c8c3162cd52b,RTT_SAMPLE,ACK,388,0,"62.788800"
794.457,sender,69f80f1b-51b5-4827-8b4a-c8c3162cd52b,EMIT,DATA,402,1060,""
794.499,sender,69f80f1b-51b5-4827-8b4a-c8c3162cd52b,EMIT,DATA,401,1060,""
794.921,sender,69f80f1b-51b5-4827-8b4a-c8c3162cd52b,RECEIVE,ACK,394,36,""
794.953,sender,69f80f1b-51b5-4827-8b4a-c8c3162cd52b,ACKNOWLEDGED,ACK,394,0,""
794.957,sender,69f80f1b-51b5-4827-8b4a-c8c3162cd52b,CONFIRM_DATA,ACK,394,1024,"unique file bytes acknowledged"
794.963,sender,69f80f1b-51b5-4827-8b4a-c8c3162cd52b,RTT_SAMPLE,ACK,394,0,"77.791500"
794.976,sender,69f80f1b-51b5-4827-8b4a-c8c3162cd52b,RECEIVE,ACK,386,36,""
794.979,sender,69f80f1b-51b5-4827-8b4a-c8c3162cd52b,ACKNOWLEDGED,ACK,386,0,""
794.982,sender,69f80f1b-51b5-4827-8b4a-c8c3162cd52b,CONFIRM_DATA,ACK,386,1024,"unique file bytes acknowledged"
794.985,sender,69f80f1b-51b5-4827-8b4a-c8c3162cd52b,RTT_SAMPLE,ACK,386,0,"93.813000"
794.990,sender,69f80f1b-51b5-4827-8b4a-c8c3162cd52b,SEND,DATA,450,1060,""
794.996,sender,69f80f1b-51b5-4827-8b4a-c8c3162cd52b,RECEIVE,ACK,392,36,""
794.999,sender,69f80f1b-51b5-4827-8b4a-c8c3162cd52b,ACKNOWLEDGED,ACK,392,0,""
795.002,sender,69f80f1b-51b5-4827-8b4a-c8c3162cd52b,CONFIRM_DATA,ACK,392,1024,"unique file bytes acknowledged"
795.005,sender,69f80f1b-51b5-4827-8b4a-c8c3162cd52b,RTT_SAMPLE,ACK,392,0,"77.863500"
795.011,sender,69f80f1b-51b5-4827-8b4a-c8c3162cd52b,RECEIVE,ACK,391,36,""
795.014,sender,69f80f1b-51b5-4827-8b4a-c8c3162cd52b,ACKNOWLEDGED,ACK,391,0,""
795.017,sender,69f80f1b-51b5-4827-8b4a-c8c3162cd52b,CONFIRM_DATA,ACK,391,1024,"unique file bytes acknowledged"
795.020,sender,69f80f1b-51b5-4827-8b4a-c8c3162cd52b,RTT_SAMPLE,ACK,391,0,"77.881000"
810.615,sender,69f80f1b-51b5-4827-8b4a-c8c3162cd52b,EMIT,DATA,406,1060,""
810.695,sender,69f80f1b-51b5-4827-8b4a-c8c3162cd52b,EMIT,DATA,446,1060,""
810.723,sender,69f80f1b-51b5-4827-8b4a-c8c3162cd52b,EMIT,DATA,429,1060,""
810.770,sender,69f80f1b-51b5-4827-8b4a-c8c3162cd52b,EMIT,DATA,432,1060,""
810.791,sender,69f80f1b-51b5-4827-8b4a-c8c3162cd52b,EMIT,DATA,438,1060,""
810.800,sender,69f80f1b-51b5-4827-8b4a-c8c3162cd52b,EMIT,DATA,444,1060,""
810.810,sender,69f80f1b-51b5-4827-8b4a-c8c3162cd52b,EMIT,DATA,415,1060,""
810.819,sender,69f80f1b-51b5-4827-8b4a-c8c3162cd52b,EMIT,DATA,424,1060,""
810.829,sender,69f80f1b-51b5-4827-8b4a-c8c3162cd52b,EMIT,DATA,427,1060,""
810.839,sender,69f80f1b-51b5-4827-8b4a-c8c3162cd52b,EMIT,DATA,407,1060,""
810.849,sender,69f80f1b-51b5-4827-8b4a-c8c3162cd52b,EMIT,DATA,410,1060,""
810.858,sender,69f80f1b-51b5-4827-8b4a-c8c3162cd52b,EMIT,DATA,421,1060,""
810.868,sender,69f80f1b-51b5-4827-8b4a-c8c3162cd52b,EMIT,DATA,411,1060,""
810.878,sender,69f80f1b-51b5-4827-8b4a-c8c3162cd52b,EMIT,DATA,428,1060,""
810.887,sender,69f80f1b-51b5-4827-8b4a-c8c3162cd52b,EMIT,DATA,433,1060,""
810.897,sender,69f80f1b-51b5-4827-8b4a-c8c3162cd52b,EMIT,DATA,447,1060,""
810.948,sender,69f80f1b-51b5-4827-8b4a-c8c3162cd52b,RECEIVE,ACK,397,36,""
810.982,sender,69f80f1b-51b5-4827-8b4a-c8c3162cd52b,ACKNOWLEDGED,ACK,397,0,""
810.986,sender,69f80f1b-51b5-4827-8b4a-c8c3162cd52b,CONFIRM_DATA,ACK,397,1024,"unique file bytes acknowledged"
810.992,sender,69f80f1b-51b5-4827-8b4a-c8c3162cd52b,RTT_SAMPLE,ACK,397,0,"78.508100"
811.020,sender,69f80f1b-51b5-4827-8b4a-c8c3162cd52b,RECEIVE,ACK,396,36,""
811.022,sender,69f80f1b-51b5-4827-8b4a-c8c3162cd52b,ACKNOWLEDGED,ACK,396,0,""
811.025,sender,69f80f1b-51b5-4827-8b4a-c8c3162cd52b,CONFIRM_DATA,ACK,396,1024,"unique file bytes acknowledged"
811.028,sender,69f80f1b-51b5-4827-8b4a-c8c3162cd52b,RTT_SAMPLE,ACK,396,0,"78.549300"
811.034,sender,69f80f1b-51b5-4827-8b4a-c8c3162cd52b,RECEIVE,ACK,389,36,""
811.037,sender,69f80f1b-51b5-4827-8b4a-c8c3162cd52b,ACKNOWLEDGED,ACK,389,0,""
811.039,sender,69f80f1b-51b5-4827-8b4a-c8c3162cd52b,CONFIRM_DATA,ACK,389,1024,"unique file bytes acknowledged"
811.042,sender,69f80f1b-51b5-4827-8b4a-c8c3162cd52b,RTT_SAMPLE,ACK,389,0,"93.923900"
811.048,sender,69f80f1b-51b5-4827-8b4a-c8c3162cd52b,RECEIVE,ACK,387,36,""
811.051,sender,69f80f1b-51b5-4827-8b4a-c8c3162cd52b,ACKNOWLEDGED,ACK,387,0,""
811.053,sender,69f80f1b-51b5-4827-8b4a-c8c3162cd52b,CONFIRM_DATA,ACK,387,1024,"unique file bytes acknowledged"
811.056,sender,69f80f1b-51b5-4827-8b4a-c8c3162cd52b,RTT_SAMPLE,ACK,387,0,"93.944100"
811.061,sender,69f80f1b-51b5-4827-8b4a-c8c3162cd52b,SEND,DATA,451,1060,""
811.065,sender,69f80f1b-51b5-4827-8b4a-c8c3162cd52b,SEND,DATA,452,1060,""
811.068,sender,69f80f1b-51b5-4827-8b4a-c8c3162cd52b,SEND,DATA,453,1060,""
811.074,sender,69f80f1b-51b5-4827-8b4a-c8c3162cd52b,RECEIVE,ACK,399,36,""
811.076,sender,69f80f1b-51b5-4827-8b4a-c8c3162cd52b,ACKNOWLEDGED,ACK,399,0,""
811.079,sender,69f80f1b-51b5-4827-8b4a-c8c3162cd52b,CONFIRM_DATA,ACK,399,1024,"unique file bytes acknowledged"
811.082,sender,69f80f1b-51b5-4827-8b4a-c8c3162cd52b,RTT_SAMPLE,ACK,399,0,"78.593400"
811.139,sender,69f80f1b-51b5-4827-8b4a-c8c3162cd52b,RECEIVE,ACK,390,36,""
811.141,sender,69f80f1b-51b5-4827-8b4a-c8c3162cd52b,ACKNOWLEDGED,ACK,390,0,""
811.143,sender,69f80f1b-51b5-4827-8b4a-c8c3162cd52b,CONFIRM_DATA,ACK,390,1024,"unique file bytes acknowledged"
811.146,sender,69f80f1b-51b5-4827-8b4a-c8c3162cd52b,RTT_SAMPLE,ACK,390,0,"94.009400"
811.149,sender,69f80f1b-51b5-4827-8b4a-c8c3162cd52b,SEND,DATA,454,1060,""
811.151,sender,69f80f1b-51b5-4827-8b4a-c8c3162cd52b,SEND,DATA,455,1060,""
811.154,sender,69f80f1b-51b5-4827-8b4a-c8c3162cd52b,SEND,DATA,456,1060,""
811.158,sender,69f80f1b-51b5-4827-8b4a-c8c3162cd52b,RECEIVE,ACK,395,36,""
811.161,sender,69f80f1b-51b5-4827-8b4a-c8c3162cd52b,ACKNOWLEDGED,ACK,395,0,""
811.163,sender,69f80f1b-51b5-4827-8b4a-c8c3162cd52b,CONFIRM_DATA,ACK,395,1024,"unique file bytes acknowledged"
811.165,sender,69f80f1b-51b5-4827-8b4a-c8c3162cd52b,RTT_SAMPLE,ACK,395,0,"78.692400"
811.170,sender,69f80f1b-51b5-4827-8b4a-c8c3162cd52b,RECEIVE,ACK,403,36,""
811.172,sender,69f80f1b-51b5-4827-8b4a-c8c3162cd52b,ACKNOWLEDGED,ACK,403,0,""
811.174,sender,69f80f1b-51b5-4827-8b4a-c8c3162cd52b,CONFIRM_DATA,ACK,403,1024,"unique file bytes acknowledged"
811.177,sender,69f80f1b-51b5-4827-8b4a-c8c3162cd52b,RTT_SAMPLE,ACK,403,0,"63.479600"
811.182,sender,69f80f1b-51b5-4827-8b4a-c8c3162cd52b,RECEIVE,ACK,404,36,""
811.184,sender,69f80f1b-51b5-4827-8b4a-c8c3162cd52b,ACKNOWLEDGED,ACK,404,0,""
811.186,sender,69f80f1b-51b5-4827-8b4a-c8c3162cd52b,CONFIRM_DATA,ACK,404,1024,"unique file bytes acknowledged"
811.189,sender,69f80f1b-51b5-4827-8b4a-c8c3162cd52b,RTT_SAMPLE,ACK,404,0,"63.487800"
826.000,sender,69f80f1b-51b5-4827-8b4a-c8c3162cd52b,EMIT,DATA,439,1060,""
826.026,sender,69f80f1b-51b5-4827-8b4a-c8c3162cd52b,EMIT,DATA,430,1060,""
826.034,sender,69f80f1b-51b5-4827-8b4a-c8c3162cd52b,EMIT,DATA,431,1060,""
826.046,sender,69f80f1b-51b5-4827-8b4a-c8c3162cd52b,EMIT,DATA,448,1060,""
826.054,sender,69f80f1b-51b5-4827-8b4a-c8c3162cd52b,EMIT,DATA,440,1060,""
826.062,sender,69f80f1b-51b5-4827-8b4a-c8c3162cd52b,EMIT,DATA,412,1060,""
826.070,sender,69f80f1b-51b5-4827-8b4a-c8c3162cd52b,EMIT,DATA,437,1060,""
826.078,sender,69f80f1b-51b5-4827-8b4a-c8c3162cd52b,EMIT,DATA,408,1060,""
826.086,sender,69f80f1b-51b5-4827-8b4a-c8c3162cd52b,EMIT,DATA,409,1060,""
826.094,sender,69f80f1b-51b5-4827-8b4a-c8c3162cd52b,EMIT,DATA,422,1060,""
826.105,sender,69f80f1b-51b5-4827-8b4a-c8c3162cd52b,EMIT,DATA,414,1060,""
826.114,sender,69f80f1b-51b5-4827-8b4a-c8c3162cd52b,EMIT,DATA,425,1060,""
826.123,sender,69f80f1b-51b5-4827-8b4a-c8c3162cd52b,EMIT,DATA,419,1060,""
826.133,sender,69f80f1b-51b5-4827-8b4a-c8c3162cd52b,EMIT,DATA,449,1060,""
826.142,sender,69f80f1b-51b5-4827-8b4a-c8c3162cd52b,EMIT,DATA,418,1060,""
826.151,sender,69f80f1b-51b5-4827-8b4a-c8c3162cd52b,EMIT,DATA,434,1060,""
826.159,sender,69f80f1b-51b5-4827-8b4a-c8c3162cd52b,EMIT,DATA,436,1060,""
826.169,sender,69f80f1b-51b5-4827-8b4a-c8c3162cd52b,EMIT,DATA,413,1060,""
826.178,sender,69f80f1b-51b5-4827-8b4a-c8c3162cd52b,EMIT,DATA,426,1060,""
826.188,sender,69f80f1b-51b5-4827-8b4a-c8c3162cd52b,EMIT,DATA,435,1060,""
826.197,sender,69f80f1b-51b5-4827-8b4a-c8c3162cd52b,EMIT,DATA,441,1060,""
826.205,sender,69f80f1b-51b5-4827-8b4a-c8c3162cd52b,EMIT,DATA,442,1060,""
826.214,sender,69f80f1b-51b5-4827-8b4a-c8c3162cd52b,EMIT,DATA,423,1060,""
826.281,sender,69f80f1b-51b5-4827-8b4a-c8c3162cd52b,RECEIVE,ACK,393,36,""
826.305,sender,69f80f1b-51b5-4827-8b4a-c8c3162cd52b,ACKNOWLEDGED,ACK,393,0,""
826.315,sender,69f80f1b-51b5-4827-8b4a-c8c3162cd52b,CONFIRM_DATA,ACK,393,1024,"unique file bytes acknowledged"
826.329,sender,69f80f1b-51b5-4827-8b4a-c8c3162cd52b,RTT_SAMPLE,ACK,393,0,"109.181200"
826.358,sender,69f80f1b-51b5-4827-8b4a-c8c3162cd52b,SEND,DATA,457,1060,""
826.369,sender,69f80f1b-51b5-4827-8b4a-c8c3162cd52b,SEND,DATA,458,1060,""
826.379,sender,69f80f1b-51b5-4827-8b4a-c8c3162cd52b,SEND,DATA,459,1060,""
826.387,sender,69f80f1b-51b5-4827-8b4a-c8c3162cd52b,SEND,DATA,460,1060,""
826.396,sender,69f80f1b-51b5-4827-8b4a-c8c3162cd52b,SEND,DATA,461,1060,""
826.419,sender,69f80f1b-51b5-4827-8b4a-c8c3162cd52b,RECEIVE,ACK,405,36,""
826.437,sender,69f80f1b-51b5-4827-8b4a-c8c3162cd52b,ACKNOWLEDGED,ACK,405,0,""
826.440,sender,69f80f1b-51b5-4827-8b4a-c8c3162cd52b,CONFIRM_DATA,ACK,405,1024,"unique file bytes acknowledged"
826.443,sender,69f80f1b-51b5-4827-8b4a-c8c3162cd52b,RTT_SAMPLE,ACK,405,0,"78.689700"
826.448,sender,69f80f1b-51b5-4827-8b4a-c8c3162cd52b,RECEIVE,ACK,398,36,""
826.450,sender,69f80f1b-51b5-4827-8b4a-c8c3162cd52b,ACKNOWLEDGED,ACK,398,0,""
826.452,sender,69f80f1b-51b5-4827-8b4a-c8c3162cd52b,CONFIRM_DATA,ACK,398,1024,"unique file bytes acknowledged"
826.455,sender,69f80f1b-51b5-4827-8b4a-c8c3162cd52b,RTT_SAMPLE,ACK,398,0,"93.970000"
826.458,sender,69f80f1b-51b5-4827-8b4a-c8c3162cd52b,SEND,DATA,462,1060,""
826.461,sender,69f80f1b-51b5-4827-8b4a-c8c3162cd52b,SEND,DATA,463,1060,""
826.469,sender,69f80f1b-51b5-4827-8b4a-c8c3162cd52b,RECEIVE,ACK,400,36,""
826.472,sender,69f80f1b-51b5-4827-8b4a-c8c3162cd52b,ACKNOWLEDGED,ACK,400,0,""
826.474,sender,69f80f1b-51b5-4827-8b4a-c8c3162cd52b,CONFIRM_DATA,ACK,400,1024,"unique file bytes acknowledged"
826.477,sender,69f80f1b-51b5-4827-8b4a-c8c3162cd52b,RTT_SAMPLE,ACK,400,0,"93.985000"
826.480,sender,69f80f1b-51b5-4827-8b4a-c8c3162cd52b,SEND,DATA,464,1060,""
841.227,sender,69f80f1b-51b5-4827-8b4a-c8c3162cd52b,EMIT,DATA,417,1060,""
841.238,sender,69f80f1b-51b5-4827-8b4a-c8c3162cd52b,RECEIVE,ACK,402,36,""
841.248,sender,69f80f1b-51b5-4827-8b4a-c8c3162cd52b,EMIT,DATA,443,1060,""
841.280,sender,69f80f1b-51b5-4827-8b4a-c8c3162cd52b,ACKNOWLEDGED,ACK,402,0,""
841.283,sender,69f80f1b-51b5-4827-8b4a-c8c3162cd52b,CONFIRM_DATA,ACK,402,1024,"unique file bytes acknowledged"
841.287,sender,69f80f1b-51b5-4827-8b4a-c8c3162cd52b,EMIT,DATA,445,1060,""
841.291,sender,69f80f1b-51b5-4827-8b4a-c8c3162cd52b,RTT_SAMPLE,ACK,402,0,"108.773300"
841.297,sender,69f80f1b-51b5-4827-8b4a-c8c3162cd52b,EMIT,DATA,416,1060,""
841.307,sender,69f80f1b-51b5-4827-8b4a-c8c3162cd52b,EMIT,DATA,420,1060,""
841.310,sender,69f80f1b-51b5-4827-8b4a-c8c3162cd52b,RECEIVE,ACK,401,36,""
841.312,sender,69f80f1b-51b5-4827-8b4a-c8c3162cd52b,ACKNOWLEDGED,ACK,401,0,""
841.315,sender,69f80f1b-51b5-4827-8b4a-c8c3162cd52b,EMIT,DATA,450,1060,""
841.318,sender,69f80f1b-51b5-4827-8b4a-c8c3162cd52b,CONFIRM_DATA,ACK,401,1024,"unique file bytes acknowledged"
841.321,sender,69f80f1b-51b5-4827-8b4a-c8c3162cd52b,RTT_SAMPLE,ACK,401,0,"108.825800"
841.325,sender,69f80f1b-51b5-4827-8b4a-c8c3162cd52b,SEND,DATA,465,1060,""
841.330,sender,69f80f1b-51b5-4827-8b4a-c8c3162cd52b,SEND,DATA,466,1060,""
841.333,sender,69f80f1b-51b5-4827-8b4a-c8c3162cd52b,SEND,DATA,467,1060,""
841.336,sender,69f80f1b-51b5-4827-8b4a-c8c3162cd52b,SEND,DATA,468,1060,""
841.339,sender,69f80f1b-51b5-4827-8b4a-c8c3162cd52b,SEND,DATA,469,1060,""
841.345,sender,69f80f1b-51b5-4827-8b4a-c8c3162cd52b,RECEIVE,ACK,444,36,""
841.348,sender,69f80f1b-51b5-4827-8b4a-c8c3162cd52b,ACKNOWLEDGED,ACK,444,0,""
841.350,sender,69f80f1b-51b5-4827-8b4a-c8c3162cd52b,CONFIRM_DATA,ACK,444,1024,"unique file bytes acknowledged"
841.353,sender,69f80f1b-51b5-4827-8b4a-c8c3162cd52b,RTT_SAMPLE,ACK,444,0,"61.507900"
841.359,sender,69f80f1b-51b5-4827-8b4a-c8c3162cd52b,RECEIVE,ACK,447,36,""
841.362,sender,69f80f1b-51b5-4827-8b4a-c8c3162cd52b,ACKNOWLEDGED,ACK,447,0,""
841.364,sender,69f80f1b-51b5-4827-8b4a-c8c3162cd52b,CONFIRM_DATA,ACK,447,1024,"unique file bytes acknowledged"
841.367,sender,69f80f1b-51b5-4827-8b4a-c8c3162cd52b,RTT_SAMPLE,ACK,447,0,"61.512100"
841.376,sender,69f80f1b-51b5-4827-8b4a-c8c3162cd52b,RECEIVE,ACK,429,36,""
841.379,sender,69f80f1b-51b5-4827-8b4a-c8c3162cd52b,ACKNOWLEDGED,ACK,429,0,""
841.381,sender,69f80f1b-51b5-4827-8b4a-c8c3162cd52b,CONFIRM_DATA,ACK,429,1024,"unique file bytes acknowledged"
841.385,sender,69f80f1b-51b5-4827-8b4a-c8c3162cd52b,RTT_SAMPLE,ACK,429,0,"61.631700"
841.391,sender,69f80f1b-51b5-4827-8b4a-c8c3162cd52b,RECEIVE,ACK,415,36,""
841.393,sender,69f80f1b-51b5-4827-8b4a-c8c3162cd52b,ACKNOWLEDGED,ACK,415,0,""
841.396,sender,69f80f1b-51b5-4827-8b4a-c8c3162cd52b,CONFIRM_DATA,ACK,415,1024,"unique file bytes acknowledged"
841.442,sender,69f80f1b-51b5-4827-8b4a-c8c3162cd52b,RTT_SAMPLE,ACK,415,0,"61.779000"
841.449,sender,69f80f1b-51b5-4827-8b4a-c8c3162cd52b,RECEIVE,ACK,421,36,""
841.452,sender,69f80f1b-51b5-4827-8b4a-c8c3162cd52b,ACKNOWLEDGED,ACK,421,0,""
841.454,sender,69f80f1b-51b5-4827-8b4a-c8c3162cd52b,CONFIRM_DATA,ACK,421,1024,"unique file bytes acknowledged"
841.458,sender,69f80f1b-51b5-4827-8b4a-c8c3162cd52b,RTT_SAMPLE,ACK,421,0,"61.774600"
857.013,sender,69f80f1b-51b5-4827-8b4a-c8c3162cd52b,EMIT,DATA,455,1060,""
857.043,sender,69f80f1b-51b5-4827-8b4a-c8c3162cd52b,EMIT,DATA,454,1060,""
857.053,sender,69f80f1b-51b5-4827-8b4a-c8c3162cd52b,EMIT,DATA,453,1060,""
857.064,sender,69f80f1b-51b5-4827-8b4a-c8c3162cd52b,EMIT,DATA,452,1060,""
857.072,sender,69f80f1b-51b5-4827-8b4a-c8c3162cd52b,EMIT,DATA,451,1060,""
857.081,sender,69f80f1b-51b5-4827-8b4a-c8c3162cd52b,EMIT,DATA,456,1060,""
857.089,sender,69f80f1b-51b5-4827-8b4a-c8c3162cd52b,EMIT,DATA,461,1060,""
857.293,sender,69f80f1b-51b5-4827-8b4a-c8c3162cd52b,RECEIVE,ACK,446,36,""
857.303,sender,69f80f1b-51b5-4827-8b4a-c8c3162cd52b,ACKNOWLEDGED,ACK,446,0,""
857.307,sender,69f80f1b-51b5-4827-8b4a-c8c3162cd52b,CONFIRM_DATA,ACK,446,1024,"unique file bytes acknowledged"
857.312,sender,69f80f1b-51b5-4827-8b4a-c8c3162cd52b,RTT_SAMPLE,ACK,446,0,"77.458800"
857.327,sender,69f80f1b-51b5-4827-8b4a-c8c3162cd52b,RECEIVE,ACK,424,36,""
857.330,sender,69f80f1b-51b5-4827-8b4a-c8c3162cd52b,ACKNOWLEDGED,ACK,424,0,""
857.333,sender,69f80f1b-51b5-4827-8b4a-c8c3162cd52b,CONFIRM_DATA,ACK,424,1024,"unique file bytes acknowledged"
857.336,sender,69f80f1b-51b5-4827-8b4a-c8c3162cd52b,RTT_SAMPLE,ACK,424,0,"77.600100"
857.342,sender,69f80f1b-51b5-4827-8b4a-c8c3162cd52b,RECEIVE,ACK,433,36,""
857.345,sender,69f80f1b-51b5-4827-8b4a-c8c3162cd52b,ACKNOWLEDGED,ACK,433,0,""
857.347,sender,69f80f1b-51b5-4827-8b4a-c8c3162cd52b,CONFIRM_DATA,ACK,433,1024,"unique file bytes acknowledged"
857.350,sender,69f80f1b-51b5-4827-8b4a-c8c3162cd52b,RTT_SAMPLE,ACK,433,0,"77.584400"
857.356,sender,69f80f1b-51b5-4827-8b4a-c8c3162cd52b,RECEIVE,ACK,432,36,""
857.359,sender,69f80f1b-51b5-4827-8b4a-c8c3162cd52b,ACKNOWLEDGED,ACK,432,0,""
857.361,sender,69f80f1b-51b5-4827-8b4a-c8c3162cd52b,CONFIRM_DATA,ACK,432,1024,"unique file bytes acknowledged"
857.364,sender,69f80f1b-51b5-4827-8b4a-c8c3162cd52b,RTT_SAMPLE,ACK,432,0,"77.601600"
857.370,sender,69f80f1b-51b5-4827-8b4a-c8c3162cd52b,RECEIVE,ACK,427,36,""
857.372,sender,69f80f1b-51b5-4827-8b4a-c8c3162cd52b,ACKNOWLEDGED,ACK,427,0,""
857.375,sender,69f80f1b-51b5-4827-8b4a-c8c3162cd52b,CONFIRM_DATA,ACK,427,1024,"unique file bytes acknowledged"
857.378,sender,69f80f1b-51b5-4827-8b4a-c8c3162cd52b,RTT_SAMPLE,ACK,427,0,"77.631900"
857.384,sender,69f80f1b-51b5-4827-8b4a-c8c3162cd52b,RECEIVE,ACK,407,36,""
857.386,sender,69f80f1b-51b5-4827-8b4a-c8c3162cd52b,ACKNOWLEDGED,ACK,407,0,""
857.389,sender,69f80f1b-51b5-4827-8b4a-c8c3162cd52b,CONFIRM_DATA,ACK,407,1024,"unique file bytes acknowledged"
857.392,sender,69f80f1b-51b5-4827-8b4a-c8c3162cd52b,RTT_SAMPLE,ACK,407,0,"93.987600"
857.397,sender,69f80f1b-51b5-4827-8b4a-c8c3162cd52b,RECEIVE,ACK,410,36,""
857.400,sender,69f80f1b-51b5-4827-8b4a-c8c3162cd52b,ACKNOWLEDGED,ACK,410,0,""
857.403,sender,69f80f1b-51b5-4827-8b4a-c8c3162cd52b,CONFIRM_DATA,ACK,410,1024,"unique file bytes acknowledged"
857.406,sender,69f80f1b-51b5-4827-8b4a-c8c3162cd52b,RTT_SAMPLE,ACK,410,0,"77.762000"
857.411,sender,69f80f1b-51b5-4827-8b4a-c8c3162cd52b,RECEIVE,ACK,440,36,""
857.414,sender,69f80f1b-51b5-4827-8b4a-c8c3162cd52b,ACKNOWLEDGED,ACK,440,0,""
857.416,sender,69f80f1b-51b5-4827-8b4a-c8c3162cd52b,CONFIRM_DATA,ACK,440,1024,"unique file bytes acknowledged"
857.419,sender,69f80f1b-51b5-4827-8b4a-c8c3162cd52b,RTT_SAMPLE,ACK,440,0,"77.589400"
857.425,sender,69f80f1b-51b5-4827-8b4a-c8c3162cd52b,RECEIVE,ACK,414,36,""
857.427,sender,69f80f1b-51b5-4827-8b4a-c8c3162cd52b,ACKNOWLEDGED,ACK,414,0,""
857.430,sender,69f80f1b-51b5-4827-8b4a-c8c3162cd52b,CONFIRM_DATA,ACK,414,1024,"unique file bytes acknowledged"
857.433,sender,69f80f1b-51b5-4827-8b4a-c8c3162cd52b,RTT_SAMPLE,ACK,414,0,"77.773900"
857.438,sender,69f80f1b-51b5-4827-8b4a-c8c3162cd52b,RECEIVE,ACK,409,36,""
857.441,sender,69f80f1b-51b5-4827-8b4a-c8c3162cd52b,ACKNOWLEDGED,ACK,409,0,""
857.443,sender,69f80f1b-51b5-4827-8b4a-c8c3162cd52b,CONFIRM_DATA,ACK,409,1024,"unique file bytes acknowledged"
857.446,sender,69f80f1b-51b5-4827-8b4a-c8c3162cd52b,RTT_SAMPLE,ACK,409,0,"77.806400"
857.452,sender,69f80f1b-51b5-4827-8b4a-c8c3162cd52b,RECEIVE,ACK,430,36,""
857.454,sender,69f80f1b-51b5-4827-8b4a-c8c3162cd52b,ACKNOWLEDGED,ACK,430,0,""
857.457,sender,69f80f1b-51b5-4827-8b4a-c8c3162cd52b,CONFIRM_DATA,ACK,430,1024,"unique file bytes acknowledged"
857.460,sender,69f80f1b-51b5-4827-8b4a-c8c3162cd52b,RTT_SAMPLE,ACK,430,0,"77.703700"
857.469,sender,69f80f1b-51b5-4827-8b4a-c8c3162cd52b,RECEIVE,ACK,406,36,""
857.472,sender,69f80f1b-51b5-4827-8b4a-c8c3162cd52b,ACKNOWLEDGED,ACK,406,0,""
857.474,sender,69f80f1b-51b5-4827-8b4a-c8c3162cd52b,CONFIRM_DATA,ACK,406,1024,"unique file bytes acknowledged"
857.477,sender,69f80f1b-51b5-4827-8b4a-c8c3162cd52b,RTT_SAMPLE,ACK,406,0,"94.077900"
857.481,sender,69f80f1b-51b5-4827-8b4a-c8c3162cd52b,SEND,DATA,470,1060,""
857.485,sender,69f80f1b-51b5-4827-8b4a-c8c3162cd52b,SEND,DATA,471,1060,""
857.490,sender,69f80f1b-51b5-4827-8b4a-c8c3162cd52b,RECEIVE,ACK,437,36,""
857.493,sender,69f80f1b-51b5-4827-8b4a-c8c3162cd52b,ACKNOWLEDGED,ACK,437,0,""
857.495,sender,69f80f1b-51b5-4827-8b4a-c8c3162cd52b,CONFIRM_DATA,ACK,437,1024,"unique file bytes acknowledged"
857.498,sender,69f80f1b-51b5-4827-8b4a-c8c3162cd52b,RTT_SAMPLE,ACK,437,0,"77.678100"
872.520,sender,69f80f1b-51b5-4827-8b4a-c8c3162cd52b,EMIT,DATA,464,1060,""
872.542,sender,69f80f1b-51b5-4827-8b4a-c8c3162cd52b,EMIT,DATA,462,1060,""
872.580,sender,69f80f1b-51b5-4827-8b4a-c8c3162cd52b,EMIT,DATA,459,1060,""
872.588,sender,69f80f1b-51b5-4827-8b4a-c8c3162cd52b,RECEIVE,ACK,412,36,""
872.598,sender,69f80f1b-51b5-4827-8b4a-c8c3162cd52b,EMIT,DATA,465,1060,""
872.601,sender,69f80f1b-51b5-4827-8b4a-c8c3162cd52b,ACKNOWLEDGED,ACK,412,0,""
872.604,sender,69f80f1b-51b5-4827-8b4a-c8c3162cd52b,CONFIRM_DATA,ACK,412,1024,"unique file bytes acknowledged"
872.608,sender,69f80f1b-51b5-4827-8b4a-c8c3162cd52b,EMIT,DATA,460,1060,""
872.613,sender,69f80f1b-51b5-4827-8b4a-c8c3162cd52b,RTT_SAMPLE,ACK,412,0,"92.957900"
872.618,sender,69f80f1b-51b5-4827-8b4a-c8c3162cd52b,EMIT,DATA,466,1060,""
872.622,sender,69f80f1b-51b5-4827-8b4a-c8c3162cd52b,RECEIVE,ACK,411,36,""
872.625,sender,69f80f1b-51b5-4827-8b4a-c8c3162cd52b,ACKNOWLEDGED,ACK,411,0,""
872.628,sender,69f80f1b-51b5-4827-8b4a-c8c3162cd52b,CONFIRM_DATA,ACK,411,1024,"unique file bytes acknowledged"
872.631,sender,69f80f1b-51b5-4827-8b4a-c8c3162cd52b,EMIT,DATA,469,1060,""
872.635,sender,69f80f1b-51b5-4827-8b4a-c8c3162cd52b,RTT_SAMPLE,ACK,411,0,"92.984300"
872.641,sender,69f80f1b-51b5-4827-8b4a-c8c3162cd52b,EMIT,DATA,463,1060,""
872.646,sender,69f80f1b-51b5-4827-8b4a-c8c3162cd52b,RECEIVE,ACK,413,36,""
872.649,sender,69f80f1b-51b5-4827-8b4a-c8c3162cd52b,ACKNOWLEDGED,ACK,413,0,""
872.652,sender,69f80f1b-51b5-4827-8b4a-c8c3162cd52b,CONFIRM_DATA,ACK,413,1024,"unique file bytes acknowledged"
872.654,sender,69f80f1b-51b5-4827-8b4a-c8c3162cd52b,EMIT,DATA,457,1060,""
872.658,sender,69f80f1b-51b5-4827-8b4a-c8c3162cd52b,RTT_SAMPLE,ACK,413,0,"92.999000"
872.664,sender,69f80f1b-51b5-4827-8b4a-c8c3162cd52b,RECEIVE,ACK,435,36,""
872.667,sender,69f80f1b-51b5-4827-8b4a-c8c3162cd52b,ACKNOWLEDGED,ACK,435,0,""
872.670,sender,69f80f1b-51b5-4827-8b4a-c8c3162cd52b,CONFIRM_DATA,ACK,435,1024,"unique file bytes acknowledged"
872.673,sender,69f80f1b-51b5-4827-8b4a-c8c3162cd52b,RTT_SAMPLE,ACK,435,0,"92.860000"
872.679,sender,69f80f1b-51b5-4827-8b4a-c8c3162cd52b,RECEIVE,ACK,423,36,""
872.682,sender,69f80f1b-51b5-4827-8b4a-c8c3162cd52b,ACKNOWLEDGED,ACK,423,0,""
872.684,sender,69f80f1b-51b5-4827-8b4a-c8c3162cd52b,CONFIRM_DATA,ACK,423,1024,"unique file bytes acknowledged"
872.688,sender,69f80f1b-51b5-4827-8b4a-c8c3162cd52b,RTT_SAMPLE,ACK,423,0,"92.989700"
872.727,sender,69f80f1b-51b5-4827-8b4a-c8c3162cd52b,RECEIVE,ACK,428,36,""
872.729,sender,69f80f1b-51b5-4827-8b4a-c8c3162cd52b,ACKNOWLEDGED,ACK,428,0,""
872.732,sender,69f80f1b-51b5-4827-8b4a-c8c3162cd52b,CONFIRM_DATA,ACK,428,1024,"unique file bytes acknowledged"
872.735,sender,69f80f1b-51b5-4827-8b4a-c8c3162cd52b,RTT_SAMPLE,ACK,428,0,"92.985500"
872.741,sender,69f80f1b-51b5-4827-8b4a-c8c3162cd52b,RECEIVE,ACK,426,36,""
872.744,sender,69f80f1b-51b5-4827-8b4a-c8c3162cd52b,ACKNOWLEDGED,ACK,426,0,""
872.746,sender,69f80f1b-51b5-4827-8b4a-c8c3162cd52b,CONFIRM_DATA,ACK,426,1024,"unique file bytes acknowledged"
872.750,sender,69f80f1b-51b5-4827-8b4a-c8c3162cd52b,RTT_SAMPLE,ACK,426,0,"93.006600"
872.767,sender,69f80f1b-51b5-4827-8b4a-c8c3162cd52b,RECEIVE,ACK,419,36,""
872.770,sender,69f80f1b-51b5-4827-8b4a-c8c3162cd52b,ACKNOWLEDGED,ACK,419,0,""
872.773,sender,69f80f1b-51b5-4827-8b4a-c8c3162cd52b,CONFIRM_DATA,ACK,419,1024,"unique file bytes acknowledged"
872.776,sender,69f80f1b-51b5-4827-8b4a-c8c3162cd52b,RTT_SAMPLE,ACK,419,0,"93.099000"
872.782,sender,69f80f1b-51b5-4827-8b4a-c8c3162cd52b,RECEIVE,ACK,441,36,""
872.784,sender,69f80f1b-51b5-4827-8b4a-c8c3162cd52b,ACKNOWLEDGED,ACK,441,0,""
872.787,sender,69f80f1b-51b5-4827-8b4a-c8c3162cd52b,CONFIRM_DATA,ACK,441,1024,"unique file bytes acknowledged"
872.790,sender,69f80f1b-51b5-4827-8b4a-c8c3162cd52b,RTT_SAMPLE,ACK,441,0,"92.954400"
872.796,sender,69f80f1b-51b5-4827-8b4a-c8c3162cd52b,RECEIVE,ACK,438,36,""
872.799,sender,69f80f1b-51b5-4827-8b4a-c8c3162cd52b,ACKNOWLEDGED,ACK,438,0,""
872.801,sender,69f80f1b-51b5-4827-8b4a-c8c3162cd52b,CONFIRM_DATA,ACK,438,1024,"unique file bytes acknowledged"
872.804,sender,69f80f1b-51b5-4827-8b4a-c8c3162cd52b,RTT_SAMPLE,ACK,438,0,"92.981300"
872.810,sender,69f80f1b-51b5-4827-8b4a-c8c3162cd52b,RECEIVE,ACK,449,36,""
872.812,sender,69f80f1b-51b5-4827-8b4a-c8c3162cd52b,ACKNOWLEDGED,ACK,449,0,""
872.815,sender,69f80f1b-51b5-4827-8b4a-c8c3162cd52b,CONFIRM_DATA,ACK,449,1024,"unique file bytes acknowledged"
872.818,sender,69f80f1b-51b5-4827-8b4a-c8c3162cd52b,RTT_SAMPLE,ACK,449,0,"92.930200"
872.824,sender,69f80f1b-51b5-4827-8b4a-c8c3162cd52b,RECEIVE,ACK,436,36,""
872.827,sender,69f80f1b-51b5-4827-8b4a-c8c3162cd52b,ACKNOWLEDGED,ACK,436,0,""
872.829,sender,69f80f1b-51b5-4827-8b4a-c8c3162cd52b,CONFIRM_DATA,ACK,436,1024,"unique file bytes acknowledged"
872.833,sender,69f80f1b-51b5-4827-8b4a-c8c3162cd52b,RTT_SAMPLE,ACK,436,0,"93.016300"
872.838,sender,69f80f1b-51b5-4827-8b4a-c8c3162cd52b,RECEIVE,ACK,431,36,""
872.841,sender,69f80f1b-51b5-4827-8b4a-c8c3162cd52b,ACKNOWLEDGED,ACK,431,0,""
872.844,sender,69f80f1b-51b5-4827-8b4a-c8c3162cd52b,CONFIRM_DATA,ACK,431,1024,"unique file bytes acknowledged"
872.847,sender,69f80f1b-51b5-4827-8b4a-c8c3162cd52b,RTT_SAMPLE,ACK,431,0,"93.087900"
872.853,sender,69f80f1b-51b5-4827-8b4a-c8c3162cd52b,RECEIVE,ACK,422,36,""
872.855,sender,69f80f1b-51b5-4827-8b4a-c8c3162cd52b,ACKNOWLEDGED,ACK,422,0,""
872.858,sender,69f80f1b-51b5-4827-8b4a-c8c3162cd52b,CONFIRM_DATA,ACK,422,1024,"unique file bytes acknowledged"
872.861,sender,69f80f1b-51b5-4827-8b4a-c8c3162cd52b,RTT_SAMPLE,ACK,422,0,"93.166800"
872.867,sender,69f80f1b-51b5-4827-8b4a-c8c3162cd52b,RECEIVE,ACK,434,36,""
872.869,sender,69f80f1b-51b5-4827-8b4a-c8c3162cd52b,ACKNOWLEDGED,ACK,434,0,""
872.872,sender,69f80f1b-51b5-4827-8b4a-c8c3162cd52b,CONFIRM_DATA,ACK,434,1024,"unique file bytes acknowledged"
872.885,sender,69f80f1b-51b5-4827-8b4a-c8c3162cd52b,RTT_SAMPLE,ACK,434,0,"93.115700"
872.891,sender,69f80f1b-51b5-4827-8b4a-c8c3162cd52b,RECEIVE,ACK,439,36,""
872.893,sender,69f80f1b-51b5-4827-8b4a-c8c3162cd52b,ACKNOWLEDGED,ACK,439,0,""
872.896,sender,69f80f1b-51b5-4827-8b4a-c8c3162cd52b,CONFIRM_DATA,ACK,439,1024,"unique file bytes acknowledged"
872.899,sender,69f80f1b-51b5-4827-8b4a-c8c3162cd52b,RTT_SAMPLE,ACK,439,0,"93.072300"
872.905,sender,69f80f1b-51b5-4827-8b4a-c8c3162cd52b,RECEIVE,ACK,448,36,""
872.907,sender,69f80f1b-51b5-4827-8b4a-c8c3162cd52b,ACKNOWLEDGED,ACK,448,0,""
872.910,sender,69f80f1b-51b5-4827-8b4a-c8c3162cd52b,CONFIRM_DATA,ACK,448,1024,"unique file bytes acknowledged"
872.913,sender,69f80f1b-51b5-4827-8b4a-c8c3162cd52b,RTT_SAMPLE,ACK,448,0,"93.054600"
872.919,sender,69f80f1b-51b5-4827-8b4a-c8c3162cd52b,RECEIVE,ACK,418,36,""
872.921,sender,69f80f1b-51b5-4827-8b4a-c8c3162cd52b,ACKNOWLEDGED,ACK,418,0,""
872.924,sender,69f80f1b-51b5-4827-8b4a-c8c3162cd52b,CONFIRM_DATA,ACK,418,1024,"unique file bytes acknowledged"
872.927,sender,69f80f1b-51b5-4827-8b4a-c8c3162cd52b,RTT_SAMPLE,ACK,418,0,"93.253700"
872.932,sender,69f80f1b-51b5-4827-8b4a-c8c3162cd52b,RECEIVE,ACK,416,36,""
872.935,sender,69f80f1b-51b5-4827-8b4a-c8c3162cd52b,ACKNOWLEDGED,ACK,416,0,""
872.938,sender,69f80f1b-51b5-4827-8b4a-c8c3162cd52b,CONFIRM_DATA,ACK,416,1024,"unique file bytes acknowledged"
872.941,sender,69f80f1b-51b5-4827-8b4a-c8c3162cd52b,RTT_SAMPLE,ACK,416,0,"93.275100"
872.946,sender,69f80f1b-51b5-4827-8b4a-c8c3162cd52b,RECEIVE,ACK,443,36,""
872.949,sender,69f80f1b-51b5-4827-8b4a-c8c3162cd52b,ACKNOWLEDGED,ACK,443,0,""
872.964,sender,69f80f1b-51b5-4827-8b4a-c8c3162cd52b,CONFIRM_DATA,ACK,443,1024,"unique file bytes acknowledged"
872.967,sender,69f80f1b-51b5-4827-8b4a-c8c3162cd52b,RTT_SAMPLE,ACK,443,0,"93.125200"
888.055,sender,69f80f1b-51b5-4827-8b4a-c8c3162cd52b,EMIT,DATA,458,1060,""
888.074,sender,69f80f1b-51b5-4827-8b4a-c8c3162cd52b,RECEIVE,ACK,408,36,""
888.083,sender,69f80f1b-51b5-4827-8b4a-c8c3162cd52b,ACKNOWLEDGED,ACK,408,0,""
888.087,sender,69f80f1b-51b5-4827-8b4a-c8c3162cd52b,CONFIRM_DATA,ACK,408,1024,"unique file bytes acknowledged"
888.093,sender,69f80f1b-51b5-4827-8b4a-c8c3162cd52b,RTT_SAMPLE,ACK,408,0,"108.455300"
888.107,sender,69f80f1b-51b5-4827-8b4a-c8c3162cd52b,SEND,DATA,472,1060,""
888.119,sender,69f80f1b-51b5-4827-8b4a-c8c3162cd52b,SEND,DATA,473,1060,""
888.127,sender,69f80f1b-51b5-4827-8b4a-c8c3162cd52b,SEND,DATA,474,1060,""
888.136,sender,69f80f1b-51b5-4827-8b4a-c8c3162cd52b,SEND,DATA,475,1060,""
888.143,sender,69f80f1b-51b5-4827-8b4a-c8c3162cd52b,SEND,DATA,476,1060,""
888.147,sender,69f80f1b-51b5-4827-8b4a-c8c3162cd52b,SEND,DATA,477,1060,""
888.150,sender,69f80f1b-51b5-4827-8b4a-c8c3162cd52b,SEND,DATA,478,1060,""
888.153,sender,69f80f1b-51b5-4827-8b4a-c8c3162cd52b,SEND,DATA,479,1060,""
888.156,sender,69f80f1b-51b5-4827-8b4a-c8c3162cd52b,SEND,DATA,480,1060,""
888.166,sender,69f80f1b-51b5-4827-8b4a-c8c3162cd52b,RECEIVE,ACK,425,36,""
888.169,sender,69f80f1b-51b5-4827-8b4a-c8c3162cd52b,ACKNOWLEDGED,ACK,425,0,""
888.171,sender,69f80f1b-51b5-4827-8b4a-c8c3162cd52b,CONFIRM_DATA,ACK,425,1024,"unique file bytes acknowledged"
888.175,sender,69f80f1b-51b5-4827-8b4a-c8c3162cd52b,RTT_SAMPLE,ACK,425,0,"108.434700"
888.180,sender,69f80f1b-51b5-4827-8b4a-c8c3162cd52b,RECEIVE,ACK,442,36,""
888.183,sender,69f80f1b-51b5-4827-8b4a-c8c3162cd52b,ACKNOWLEDGED,ACK,442,0,""
888.186,sender,69f80f1b-51b5-4827-8b4a-c8c3162cd52b,CONFIRM_DATA,ACK,442,1024,"unique file bytes acknowledged"
888.189,sender,69f80f1b-51b5-4827-8b4a-c8c3162cd52b,RTT_SAMPLE,ACK,442,0,"108.349900"
888.204,sender,69f80f1b-51b5-4827-8b4a-c8c3162cd52b,RECEIVE,ACK,445,36,""
888.207,sender,69f80f1b-51b5-4827-8b4a-c8c3162cd52b,ACKNOWLEDGED,ACK,445,0,""
888.210,sender,69f80f1b-51b5-4827-8b4a-c8c3162cd52b,CONFIRM_DATA,ACK,445,1024,"unique file bytes acknowledged"
888.213,sender,69f80f1b-51b5-4827-8b4a-c8c3162cd52b,RTT_SAMPLE,ACK,445,0,"108.364400"
888.218,sender,69f80f1b-51b5-4827-8b4a-c8c3162cd52b,RECEIVE,ACK,420,36,""
888.221,sender,69f80f1b-51b5-4827-8b4a-c8c3162cd52b,ACKNOWLEDGED,ACK,420,0,""
888.224,sender,69f80f1b-51b5-4827-8b4a-c8c3162cd52b,CONFIRM_DATA,ACK,420,1024,"unique file bytes acknowledged"
888.227,sender,69f80f1b-51b5-4827-8b4a-c8c3162cd52b,RTT_SAMPLE,ACK,420,0,"108.547100"
888.233,sender,69f80f1b-51b5-4827-8b4a-c8c3162cd52b,RECEIVE,ACK,417,36,""
888.236,sender,69f80f1b-51b5-4827-8b4a-c8c3162cd52b,ACKNOWLEDGED,ACK,417,0,""
888.238,sender,69f80f1b-51b5-4827-8b4a-c8c3162cd52b,CONFIRM_DATA,ACK,417,1024,"unique file bytes acknowledged"
888.242,sender,69f80f1b-51b5-4827-8b4a-c8c3162cd52b,RTT_SAMPLE,ACK,417,0,"108.572200"
888.245,sender,69f80f1b-51b5-4827-8b4a-c8c3162cd52b,SEND,DATA,481,1060,""
888.276,sender,69f80f1b-51b5-4827-8b4a-c8c3162cd52b,SEND,DATA,482,1060,""
888.279,sender,69f80f1b-51b5-4827-8b4a-c8c3162cd52b,SEND,DATA,483,1060,""
888.283,sender,69f80f1b-51b5-4827-8b4a-c8c3162cd52b,SEND,DATA,484,1060,""
888.286,sender,69f80f1b-51b5-4827-8b4a-c8c3162cd52b,SEND,DATA,485,1060,""
888.289,sender,69f80f1b-51b5-4827-8b4a-c8c3162cd52b,SEND,DATA,486,1060,""
888.292,sender,69f80f1b-51b5-4827-8b4a-c8c3162cd52b,SEND,DATA,487,1060,""
888.295,sender,69f80f1b-51b5-4827-8b4a-c8c3162cd52b,SEND,DATA,488,1060,""
888.298,sender,69f80f1b-51b5-4827-8b4a-c8c3162cd52b,SEND,DATA,489,1060,""
888.301,sender,69f80f1b-51b5-4827-8b4a-c8c3162cd52b,SEND,DATA,490,1060,""
888.304,sender,69f80f1b-51b5-4827-8b4a-c8c3162cd52b,SEND,DATA,491,1060,""
888.307,sender,69f80f1b-51b5-4827-8b4a-c8c3162cd52b,SEND,DATA,492,1060,""
888.310,sender,69f80f1b-51b5-4827-8b4a-c8c3162cd52b,SEND,DATA,493,1060,""
888.314,sender,69f80f1b-51b5-4827-8b4a-c8c3162cd52b,SEND,DATA,494,1060,""
888.317,sender,69f80f1b-51b5-4827-8b4a-c8c3162cd52b,SEND,DATA,495,1060,""
888.320,sender,69f80f1b-51b5-4827-8b4a-c8c3162cd52b,SEND,DATA,496,1060,""
888.335,sender,69f80f1b-51b5-4827-8b4a-c8c3162cd52b,SEND,DATA,497,1060,""
888.338,sender,69f80f1b-51b5-4827-8b4a-c8c3162cd52b,SEND,DATA,498,1060,""
888.341,sender,69f80f1b-51b5-4827-8b4a-c8c3162cd52b,SEND,DATA,499,1060,""
888.344,sender,69f80f1b-51b5-4827-8b4a-c8c3162cd52b,SEND,DATA,500,1060,""
888.347,sender,69f80f1b-51b5-4827-8b4a-c8c3162cd52b,SEND,DATA,501,1060,""
888.350,sender,69f80f1b-51b5-4827-8b4a-c8c3162cd52b,SEND,DATA,502,1060,""
888.354,sender,69f80f1b-51b5-4827-8b4a-c8c3162cd52b,SEND,DATA,503,1060,""
888.357,sender,69f80f1b-51b5-4827-8b4a-c8c3162cd52b,SEND,DATA,504,1060,""
888.359,sender,69f80f1b-51b5-4827-8b4a-c8c3162cd52b,SEND,DATA,505,1060,""
888.362,sender,69f80f1b-51b5-4827-8b4a-c8c3162cd52b,SEND,DATA,506,1060,""
888.365,sender,69f80f1b-51b5-4827-8b4a-c8c3162cd52b,SEND,DATA,507,1060,""
888.368,sender,69f80f1b-51b5-4827-8b4a-c8c3162cd52b,SEND,DATA,508,1060,""
888.371,sender,69f80f1b-51b5-4827-8b4a-c8c3162cd52b,SEND,DATA,509,1060,""
888.374,sender,69f80f1b-51b5-4827-8b4a-c8c3162cd52b,SEND,DATA,510,1060,""
888.377,sender,69f80f1b-51b5-4827-8b4a-c8c3162cd52b,SEND,DATA,511,1060,""
888.380,sender,69f80f1b-51b5-4827-8b4a-c8c3162cd52b,SEND,DATA,512,1060,""
888.383,sender,69f80f1b-51b5-4827-8b4a-c8c3162cd52b,SEND,DATA,513,1060,""
888.389,sender,69f80f1b-51b5-4827-8b4a-c8c3162cd52b,RECEIVE,ACK,452,36,""
888.391,sender,69f80f1b-51b5-4827-8b4a-c8c3162cd52b,ACKNOWLEDGED,ACK,452,0,""
888.394,sender,69f80f1b-51b5-4827-8b4a-c8c3162cd52b,CONFIRM_DATA,ACK,452,1024,"unique file bytes acknowledged"
888.397,sender,69f80f1b-51b5-4827-8b4a-c8c3162cd52b,RTT_SAMPLE,ACK,452,0,"77.331200"
888.403,sender,69f80f1b-51b5-4827-8b4a-c8c3162cd52b,RECEIVE,ACK,450,36,""
888.406,sender,69f80f1b-51b5-4827-8b4a-c8c3162cd52b,ACKNOWLEDGED,ACK,450,0,""
888.408,sender,69f80f1b-51b5-4827-8b4a-c8c3162cd52b,CONFIRM_DATA,ACK,450,1024,"unique file bytes acknowledged"
888.411,sender,69f80f1b-51b5-4827-8b4a-c8c3162cd52b,RTT_SAMPLE,ACK,450,0,"93.421200"
888.415,sender,69f80f1b-51b5-4827-8b4a-c8c3162cd52b,SEND,DATA,514,1060,""
903.173,sender,69f80f1b-51b5-4827-8b4a-c8c3162cd52b,EMIT,DATA,471,1060,""
903.208,sender,69f80f1b-51b5-4827-8b4a-c8c3162cd52b,EMIT,DATA,467,1060,""
903.219,sender,69f80f1b-51b5-4827-8b4a-c8c3162cd52b,EMIT,DATA,468,1060,""
903.228,sender,69f80f1b-51b5-4827-8b4a-c8c3162cd52b,EMIT,DATA,470,1060,""
903.313,sender,69f80f1b-51b5-4827-8b4a-c8c3162cd52b,RECEIVE,ACK,455,36,""
903.329,sender,69f80f1b-51b5-4827-8b4a-c8c3162cd52b,ACKNOWLEDGED,ACK,455,0,""
903.335,sender,69f80f1b-51b5-4827-8b4a-c8c3162cd52b,CONFIRM_DATA,ACK,455,1024,"unique file bytes acknowledged"
903.344,sender,69f80f1b-51b5-4827-8b4a-c8c3162cd52b,RTT_SAMPLE,ACK,455,0,"92.189600"
903.367,sender,69f80f1b-51b5-4827-8b4a-c8c3162cd52b,RECEIVE,ACK,454,36,""
903.376,sender,69f80f1b-51b5-4827-8b4a-c8c3162cd52b,ACKNOWLEDGED,ACK,454,0,""
903.380,sender,69f80f1b-51b5-4827-8b4a-c8c3162cd52b,CONFIRM_DATA,ACK,454,1024,"unique file bytes acknowledged"
903.386,sender,69f80f1b-51b5-4827-8b4a-c8c3162cd52b,RTT_SAMPLE,ACK,454,0,"92.236000"
903.401,sender,69f80f1b-51b5-4827-8b4a-c8c3162cd52b,RECEIVE,ACK,453,36,""
903.406,sender,69f80f1b-51b5-4827-8b4a-c8c3162cd52b,ACKNOWLEDGED,ACK,453,0,""
903.410,sender,69f80f1b-51b5-4827-8b4a-c8c3162cd52b,CONFIRM_DATA,ACK,453,1024,"unique file bytes acknowledged"
903.415,sender,69f80f1b-51b5-4827-8b4a-c8c3162cd52b,RTT_SAMPLE,ACK,453,0,"92.346000"
903.425,sender,69f80f1b-51b5-4827-8b4a-c8c3162cd52b,RECEIVE,ACK,461,36,""
903.429,sender,69f80f1b-51b5-4827-8b4a-c8c3162cd52b,ACKNOWLEDGED,ACK,461,0,""
903.433,sender,69f80f1b-51b5-4827-8b4a-c8c3162cd52b,CONFIRM_DATA,ACK,461,1024,"unique file bytes acknowledged"
903.442,sender,69f80f1b-51b5-4827-8b4a-c8c3162cd52b,RTT_SAMPLE,ACK,461,0,"77.046500"
903.452,sender,69f80f1b-51b5-4827-8b4a-c8c3162cd52b,RECEIVE,ACK,456,36,""
903.456,sender,69f80f1b-51b5-4827-8b4a-c8c3162cd52b,ACKNOWLEDGED,ACK,456,0,""
903.459,sender,69f80f1b-51b5-4827-8b4a-c8c3162cd52b,CONFIRM_DATA,ACK,456,1024,"unique file bytes acknowledged"
903.464,sender,69f80f1b-51b5-4827-8b4a-c8c3162cd52b,RTT_SAMPLE,ACK,456,0,"92.309000"
903.473,sender,69f80f1b-51b5-4827-8b4a-c8c3162cd52b,RECEIVE,ACK,459,36,""
903.477,sender,69f80f1b-51b5-4827-8b4a-c8c3162cd52b,ACKNOWLEDGED,ACK,459,0,""
903.481,sender,69f80f1b-51b5-4827-8b4a-c8c3162cd52b,CONFIRM_DATA,ACK,459,1024,"unique file bytes acknowledged"
903.485,sender,69f80f1b-51b5-4827-8b4a-c8c3162cd52b,RTT_SAMPLE,ACK,459,0,"77.106500"
903.494,sender,69f80f1b-51b5-4827-8b4a-c8c3162cd52b,RECEIVE,ACK,451,36,""
903.499,sender,69f80f1b-51b5-4827-8b4a-c8c3162cd52b,ACKNOWLEDGED,ACK,451,0,""
903.502,sender,69f80f1b-51b5-4827-8b4a-c8c3162cd52b,CONFIRM_DATA,ACK,451,1024,"unique file bytes acknowledged"
903.506,sender,69f80f1b-51b5-4827-8b4a-c8c3162cd52b,RTT_SAMPLE,ACK,451,0,"92.445600"
903.512,sender,69f80f1b-51b5-4827-8b4a-c8c3162cd52b,SEND,DATA,515,1060,""
903.518,sender,69f80f1b-51b5-4827-8b4a-c8c3162cd52b,SEND,DATA,516,1060,""
903.535,sender,69f80f1b-51b5-4827-8b4a-c8c3162cd52b,SEND,DATA,517,1060,""
903.539,sender,69f80f1b-51b5-4827-8b4a-c8c3162cd52b,SEND,DATA,518,1060,""
903.543,sender,69f80f1b-51b5-4827-8b4a-c8c3162cd52b,SEND,DATA,519,1060,""
903.547,sender,69f80f1b-51b5-4827-8b4a-c8c3162cd52b,SEND,DATA,520,1060,""
918.550,sender,69f80f1b-51b5-4827-8b4a-c8c3162cd52b,RECEIVE,ACK,466,36,""
918.585,sender,69f80f1b-51b5-4827-8b4a-c8c3162cd52b,EMIT,DATA,479,1060,""
918.625,sender,69f80f1b-51b5-4827-8b4a-c8c3162cd52b,ACKNOWLEDGED,ACK,466,0,""
918.634,sender,69f80f1b-51b5-4827-8b4a-c8c3162cd52b,CONFIRM_DATA,ACK,466,1024,"unique file bytes acknowledged"
918.644,sender,69f80f1b-51b5-4827-8b4a-c8c3162cd52b,RTT_SAMPLE,ACK,466,0,"77.311300"
918.649,sender,69f80f1b-51b5-4827-8b4a-c8c3162cd52b,EMIT,DATA,508,1060,""
918.658,sender,69f80f1b-51b5-4827-8b4a-c8c3162cd52b,EMIT,DATA,504,1060,""
918.660,sender,69f80f1b-51b5-4827-8b4a-c8c3162cd52b,RECEIVE,ACK,462,36,""
918.665,sender,69f80f1b-51b5-4827-8b4a-c8c3162cd52b,ACKNOWLEDGED,ACK,462,0,""
918.669,sender,69f80f1b-51b5-4827-8b4a-c8c3162cd52b,CONFIRM_DATA,ACK,462,1024,"unique file bytes acknowledged"
918.673,sender,69f80f1b-51b5-4827-8b4a-c8c3162cd52b,EMIT,DATA,497,1060,""
918.677,sender,69f80f1b-51b5-4827-8b4a-c8c3162cd52b,RTT_SAMPLE,ACK,462,0,"92.214600"
918.686,sender,69f80f1b-51b5-4827-8b4a-c8c3162cd52b,RECEIVE,ACK,460,36,""
918.702,sender,69f80f1b-51b5-4827-8b4a-c8c3162cd52b,ACKNOWLEDGED,ACK,460,0,""
918.706,sender,69f80f1b-51b5-4827-8b4a-c8c3162cd52b,CONFIRM_DATA,ACK,460,1024,"unique file bytes acknowledged"
918.711,sender,69f80f1b-51b5-4827-8b4a-c8c3162cd52b,RTT_SAMPLE,ACK,460,0,"92.323500"
918.720,sender,69f80f1b-51b5-4827-8b4a-c8c3162cd52b,RECEIVE,ACK,457,36,""
918.724,sender,69f80f1b-51b5-4827-8b4a-c8c3162cd52b,ACKNOWLEDGED,ACK,457,0,""
918.728,sender,69f80f1b-51b5-4827-8b4a-c8c3162cd52b,CONFIRM_DATA,ACK,457,1024,"unique file bytes acknowledged"
918.733,sender,69f80f1b-51b5-4827-8b4a-c8c3162cd52b,RTT_SAMPLE,ACK,457,0,"92.386900"
918.742,sender,69f80f1b-51b5-4827-8b4a-c8c3162cd52b,SEND,DATA,521,1060,""
918.783,sender,69f80f1b-51b5-4827-8b4a-c8c3162cd52b,RECEIVE,ACK,469,36,""
918.787,sender,69f80f1b-51b5-4827-8b4a-c8c3162cd52b,ACKNOWLEDGED,ACK,469,0,""
918.791,sender,69f80f1b-51b5-4827-8b4a-c8c3162cd52b,CONFIRM_DATA,ACK,469,1024,"unique file bytes acknowledged"
918.797,sender,69f80f1b-51b5-4827-8b4a-c8c3162cd52b,RTT_SAMPLE,ACK,469,0,"77.456000"
918.805,sender,69f80f1b-51b5-4827-8b4a-c8c3162cd52b,RECEIVE,ACK,463,36,""
918.818,sender,69f80f1b-51b5-4827-8b4a-c8c3162cd52b,ACKNOWLEDGED,ACK,463,0,""
918.822,sender,69f80f1b-51b5-4827-8b4a-c8c3162cd52b,CONFIRM_DATA,ACK,463,1024,"unique file bytes acknowledged"
918.827,sender,69f80f1b-51b5-4827-8b4a-c8c3162cd52b,RTT_SAMPLE,ACK,463,0,"92.364900"
918.835,sender,69f80f1b-51b5-4827-8b4a-c8c3162cd52b,RECEIVE,ACK,458,36,""
918.839,sender,69f80f1b-51b5-4827-8b4a-c8c3162cd52b,ACKNOWLEDGED,ACK,458,0,""
918.843,sender,69f80f1b-51b5-4827-8b4a-c8c3162cd52b,CONFIRM_DATA,ACK,458,1024,"unique file bytes acknowledged"
918.848,sender,69f80f1b-51b5-4827-8b4a-c8c3162cd52b,RTT_SAMPLE,ACK,458,0,"92.478400"
918.854,sender,69f80f1b-51b5-4827-8b4a-c8c3162cd52b,SEND,DATA,522,1060,""
918.859,sender,69f80f1b-51b5-4827-8b4a-c8c3162cd52b,SEND,DATA,523,1060,""
918.876,sender,69f80f1b-51b5-4827-8b4a-c8c3162cd52b,SEND,DATA,524,1060,""
918.880,sender,69f80f1b-51b5-4827-8b4a-c8c3162cd52b,SEND,DATA,525,1060,""
918.885,sender,69f80f1b-51b5-4827-8b4a-c8c3162cd52b,SEND,DATA,526,1060,""
918.890,sender,69f80f1b-51b5-4827-8b4a-c8c3162cd52b,SEND,DATA,527,1060,""
934.893,sender,69f80f1b-51b5-4827-8b4a-c8c3162cd52b,RECEIVE,ACK,464,36,""
934.907,sender,69f80f1b-51b5-4827-8b4a-c8c3162cd52b,ACKNOWLEDGED,ACK,464,0,""
934.911,sender,69f80f1b-51b5-4827-8b4a-c8c3162cd52b,CONFIRM_DATA,ACK,464,1024,"unique file bytes acknowledged"
934.916,sender,69f80f1b-51b5-4827-8b4a-c8c3162cd52b,RTT_SAMPLE,ACK,464,0,"108.434200"
934.922,sender,69f80f1b-51b5-4827-8b4a-c8c3162cd52b,SEND,DATA,528,1060,""
934.931,sender,69f80f1b-51b5-4827-8b4a-c8c3162cd52b,RECEIVE,ACK,465,36,""
934.933,sender,69f80f1b-51b5-4827-8b4a-c8c3162cd52b,ACKNOWLEDGED,ACK,465,0,""
934.936,sender,69f80f1b-51b5-4827-8b4a-c8c3162cd52b,EMIT,DATA,474,1060,""
934.948,sender,69f80f1b-51b5-4827-8b4a-c8c3162cd52b,CONFIRM_DATA,ACK,465,1024,"unique file bytes acknowledged"
934.952,sender,69f80f1b-51b5-4827-8b4a-c8c3162cd52b,RTT_SAMPLE,ACK,465,0,"93.626300"
934.963,sender,69f80f1b-51b5-4827-8b4a-c8c3162cd52b,SEND,DATA,529,1060,""
934.966,sender,69f80f1b-51b5-4827-8b4a-c8c3162cd52b,EMIT,DATA,477,1060,""
934.970,sender,69f80f1b-51b5-4827-8b4a-c8c3162cd52b,SEND,DATA,530,1060,""
934.975,sender,69f80f1b-51b5-4827-8b4a-c8c3162cd52b,RECEIVE,ACK,471,36,""
934.978,sender,69f80f1b-51b5-4827-8b4a-c8c3162cd52b,EMIT,DATA,498,1060,""
934.981,sender,69f80f1b-51b5-4827-8b4a-c8c3162cd52b,ACKNOWLEDGED,ACK,471,0,""
934.983,sender,69f80f1b-51b5-4827-8b4a-c8c3162cd52b,CONFIRM_DATA,ACK,471,1024,"unique file bytes acknowledged"
934.987,sender,69f80f1b-51b5-4827-8b4a-c8c3162cd52b,RTT_SAMPLE,ACK,471,0,"77.501200"
934.989,sender,69f80f1b-51b5-4827-8b4a-c8c3162cd52b,EMIT,DATA,514,1060,""
934.998,sender,69f80f1b-51b5-4827-8b4a-c8c3162cd52b,EMIT,DATA,481,1060,""
935.018,sender,69f80f1b-51b5-4827-8b4a-c8c3162cd52b,EMIT,DATA,491,1060,""
935.026,sender,69f80f1b-51b5-4827-8b4a-c8c3162cd52b,EMIT,DATA,493,1060,""
935.034,sender,69f80f1b-51b5-4827-8b4a-c8c3162cd52b,EMIT,DATA,485,1060,""
935.042,sender,69f80f1b-51b5-4827-8b4a-c8c3162cd52b,EMIT,DATA,500,1060,""
935.050,sender,69f80f1b-51b5-4827-8b4a-c8c3162cd52b,EMIT,DATA,507,1060,""
935.058,sender,69f80f1b-51b5-4827-8b4a-c8c3162cd52b,EMIT,DATA,495,1060,""
935.066,sender,69f80f1b-51b5-4827-8b4a-c8c3162cd52b,EMIT,DATA,476,1060,""
935.073,sender,69f80f1b-51b5-4827-8b4a-c8c3162cd52b,EMIT,DATA,482,1060,""
935.082,sender,69f80f1b-51b5-4827-8b4a-c8c3162cd52b,EMIT,DATA,490,1060,""
935.089,sender,69f80f1b-51b5-4827-8b4a-c8c3162cd52b,EMIT,DATA,510,1060,""
935.097,sender,69f80f1b-51b5-4827-8b4a-c8c3162cd52b,EMIT,DATA,478,1060,""
935.105,sender,69f80f1b-51b5-4827-8b4a-c8c3162cd52b,EMIT,DATA,489,1060,""
935.112,sender,69f80f1b-51b5-4827-8b4a-c8c3162cd52b,EMIT,DATA,488,1060,""
935.123,sender,69f80f1b-51b5-4827-8b4a-c8c3162cd52b,EMIT,DATA,501,1060,""
935.129,sender,69f80f1b-51b5-4827-8b4a-c8c3162cd52b,EMIT,DATA,472,1060,""
935.136,sender,69f80f1b-51b5-4827-8b4a-c8c3162cd52b,EMIT,DATA,492,1060,""
935.143,sender,69f80f1b-51b5-4827-8b4a-c8c3162cd52b,EMIT,DATA,499,1060,""
935.150,sender,69f80f1b-51b5-4827-8b4a-c8c3162cd52b,EMIT,DATA,509,1060,""
935.167,sender,69f80f1b-51b5-4827-8b4a-c8c3162cd52b,EMIT,DATA,517,1060,""
935.173,sender,69f80f1b-51b5-4827-8b4a-c8c3162cd52b,EMIT,DATA,518,1060,""
935.180,sender,69f80f1b-51b5-4827-8b4a-c8c3162cd52b,EMIT,DATA,473,1060,""
935.186,sender,69f80f1b-51b5-4827-8b4a-c8c3162cd52b,EMIT,DATA,513,1060,""
935.193,sender,69f80f1b-51b5-4827-8b4a-c8c3162cd52b,EMIT,DATA,480,1060,""
935.199,sender,69f80f1b-51b5-4827-8b4a-c8c3162cd52b,EMIT,DATA,503,1060,""
935.205,sender,69f80f1b-51b5-4827-8b4a-c8c3162cd52b,EMIT,DATA,519,1060,""
935.212,sender,69f80f1b-51b5-4827-8b4a-c8c3162cd52b,EMIT,DATA,496,1060,""
935.218,sender,69f80f1b-51b5-4827-8b4a-c8c3162cd52b,EMIT,DATA,506,1060,""
935.224,sender,69f80f1b-51b5-4827-8b4a-c8c3162cd52b,EMIT,DATA,487,1060,""
950.356,sender,69f80f1b-51b5-4827-8b4a-c8c3162cd52b,EMIT,DATA,486,1060,""
950.479,sender,69f80f1b-51b5-4827-8b4a-c8c3162cd52b,RECEIVE,ACK,468,36,""
950.502,sender,69f80f1b-51b5-4827-8b4a-c8c3162cd52b,ACKNOWLEDGED,ACK,468,0,""
950.510,sender,69f80f1b-51b5-4827-8b4a-c8c3162cd52b,CONFIRM_DATA,ACK,468,1024,"unique file bytes acknowledged"
950.515,sender,69f80f1b-51b5-4827-8b4a-c8c3162cd52b,RTT_SAMPLE,ACK,468,0,"109.177200"
950.519,sender,69f80f1b-51b5-4827-8b4a-c8c3162cd52b,EMIT,DATA,483,1060,""
950.523,sender,69f80f1b-51b5-4827-8b4a-c8c3162cd52b,RECEIVE,ACK,470,36,""
950.526,sender,69f80f1b-51b5-4827-8b4a-c8c3162cd52b,ACKNOWLEDGED,ACK,470,0,""
950.529,sender,69f80f1b-51b5-4827-8b4a-c8c3162cd52b,CONFIRM_DATA,ACK,470,1024,"unique file bytes acknowledged"
950.532,sender,69f80f1b-51b5-4827-8b4a-c8c3162cd52b,EMIT,DATA,494,1060,""
950.535,sender,69f80f1b-51b5-4827-8b4a-c8c3162cd52b,RTT_SAMPLE,ACK,470,0,"93.051100"
950.539,sender,69f80f1b-51b5-4827-8b4a-c8c3162cd52b,EMIT,DATA,502,1060,""
950.542,sender,69f80f1b-51b5-4827-8b4a-c8c3162cd52b,RECEIVE,ACK,497,36,""
950.545,sender,69f80f1b-51b5-4827-8b4a-c8c3162cd52b,ACKNOWLEDGED,ACK,497,0,""
950.547,sender,69f80f1b-51b5-4827-8b4a-c8c3162cd52b,CONFIRM_DATA,ACK,497,1024,"unique file bytes acknowledged"
950.550,sender,69f80f1b-51b5-4827-8b4a-c8c3162cd52b,EMIT,DATA,505,1060,""
950.553,sender,69f80f1b-51b5-4827-8b4a-c8c3162cd52b,RTT_SAMPLE,ACK,497,0,"62.214600"
950.557,sender,69f80f1b-51b5-4827-8b4a-c8c3162cd52b,EMIT,DATA,516,1060,""
950.568,sender,69f80f1b-51b5-4827-8b4a-c8c3162cd52b,EMIT,DATA,484,1060,""
950.576,sender,69f80f1b-51b5-4827-8b4a-c8c3162cd52b,EMIT,DATA,515,1060,""
950.583,sender,69f80f1b-51b5-4827-8b4a-c8c3162cd52b,EMIT,DATA,475,1060,""
950.590,sender,69f80f1b-51b5-4827-8b4a-c8c3162cd52b,EMIT,DATA,511,1060,""
950.597,sender,69f80f1b-51b5-4827-8b4a-c8c3162cd52b,EMIT,DATA,512,1060,""
950.604,sender,69f80f1b-51b5-4827-8b4a-c8c3162cd52b,EMIT,DATA,520,1060,""
950.611,sender,69f80f1b-51b5-4827-8b4a-c8c3162cd52b,EMIT,DATA,527,1060,""
966.329,sender,69f80f1b-51b5-4827-8b4a-c8c3162cd52b,EMIT,DATA,524,1060,""
966.360,sender,69f80f1b-51b5-4827-8b4a-c8c3162cd52b,EMIT,DATA,525,1060,""
966.368,sender,69f80f1b-51b5-4827-8b4a-c8c3162cd52b,EMIT,DATA,526,1060,""
966.376,sender,69f80f1b-51b5-4827-8b4a-c8c3162cd52b,EMIT,DATA,521,1060,""
966.392,sender,69f80f1b-51b5-4827-8b4a-c8c3162cd52b,EMIT,DATA,523,1060,""
966.401,sender,69f80f1b-51b5-4827-8b4a-c8c3162cd52b,EMIT,DATA,522,1060,""
966.420,sender,69f80f1b-51b5-4827-8b4a-c8c3162cd52b,RECEIVE,ACK,504,36,""
966.433,sender,69f80f1b-51b5-4827-8b4a-c8c3162cd52b,ACKNOWLEDGED,ACK,504,0,""
966.443,sender,69f80f1b-51b5-4827-8b4a-c8c3162cd52b,CONFIRM_DATA,ACK,504,1024,"unique file bytes acknowledged"
966.457,sender,69f80f1b-51b5-4827-8b4a-c8c3162cd52b,RTT_SAMPLE,ACK,504,0,"78.095200"
966.482,sender,69f80f1b-51b5-4827-8b4a-c8c3162cd52b,RECEIVE,ACK,479,36,""
966.540,sender,69f80f1b-51b5-4827-8b4a-c8c3162cd52b,ACKNOWLEDGED,ACK,479,0,""
966.548,sender,69f80f1b-51b5-4827-8b4a-c8c3162cd52b,CONFIRM_DATA,ACK,479,1024,"unique file bytes acknowledged"
966.554,sender,69f80f1b-51b5-4827-8b4a-c8c3162cd52b,RTT_SAMPLE,ACK,479,0,"78.401000"
966.561,sender,69f80f1b-51b5-4827-8b4a-c8c3162cd52b,RECEIVE,ACK,467,36,""
966.563,sender,69f80f1b-51b5-4827-8b4a-c8c3162cd52b,ACKNOWLEDGED,ACK,467,0,""
966.566,sender,69f80f1b-51b5-4827-8b4a-c8c3162cd52b,CONFIRM_DATA,ACK,467,1024,"unique file bytes acknowledged"
966.569,sender,69f80f1b-51b5-4827-8b4a-c8c3162cd52b,RTT_SAMPLE,ACK,467,0,"125.235000"
966.573,sender,69f80f1b-51b5-4827-8b4a-c8c3162cd52b,SEND,DATA,531,1060,""
966.578,sender,69f80f1b-51b5-4827-8b4a-c8c3162cd52b,SEND,DATA,532,1060,""
966.581,sender,69f80f1b-51b5-4827-8b4a-c8c3162cd52b,SEND,DATA,533,1060,""
966.584,sender,69f80f1b-51b5-4827-8b4a-c8c3162cd52b,SEND,DATA,534,1060,""
966.587,sender,69f80f1b-51b5-4827-8b4a-c8c3162cd52b,SEND,DATA,535,1060,""
966.592,sender,69f80f1b-51b5-4827-8b4a-c8c3162cd52b,RECEIVE,ACK,508,36,""
966.595,sender,69f80f1b-51b5-4827-8b4a-c8c3162cd52b,ACKNOWLEDGED,ACK,508,0,""
966.597,sender,69f80f1b-51b5-4827-8b4a-c8c3162cd52b,CONFIRM_DATA,ACK,508,1024,"unique file bytes acknowledged"
966.600,sender,69f80f1b-51b5-4827-8b4a-c8c3162cd52b,RTT_SAMPLE,ACK,508,0,"78.231400"
966.606,sender,69f80f1b-51b5-4827-8b4a-c8c3162cd52b,RECEIVE,ACK,481,36,""
966.609,sender,69f80f1b-51b5-4827-8b4a-c8c3162cd52b,ACKNOWLEDGED,ACK,481,0,""
966.611,sender,69f80f1b-51b5-4827-8b4a-c8c3162cd52b,CONFIRM_DATA,ACK,481,1024,"unique file bytes acknowledged"
966.614,sender,69f80f1b-51b5-4827-8b4a-c8c3162cd52b,RTT_SAMPLE,ACK,481,0,"78.368200"
966.619,sender,69f80f1b-51b5-4827-8b4a-c8c3162cd52b,RECEIVE,ACK,482,36,""
966.622,sender,69f80f1b-51b5-4827-8b4a-c8c3162cd52b,ACKNOWLEDGED,ACK,482,0,""
966.624,sender,69f80f1b-51b5-4827-8b4a-c8c3162cd52b,CONFIRM_DATA,ACK,482,1024,"unique file bytes acknowledged"
966.627,sender,69f80f1b-51b5-4827-8b4a-c8c3162cd52b,RTT_SAMPLE,ACK,482,0,"78.351200"
966.633,sender,69f80f1b-51b5-4827-8b4a-c8c3162cd52b,RECEIVE,ACK,478,36,""
966.635,sender,69f80f1b-51b5-4827-8b4a-c8c3162cd52b,ACKNOWLEDGED,ACK,478,0,""
966.642,sender,69f80f1b-51b5-4827-8b4a-c8c3162cd52b,CONFIRM_DATA,ACK,478,1024,"unique file bytes acknowledged"
966.644,sender,69f80f1b-51b5-4827-8b4a-c8c3162cd52b,RTT_SAMPLE,ACK,478,0,"78.494500"
966.649,sender,69f80f1b-51b5-4827-8b4a-c8c3162cd52b,RECEIVE,ACK,518,36,""
966.652,sender,69f80f1b-51b5-4827-8b4a-c8c3162cd52b,ACKNOWLEDGED,ACK,518,0,""
966.654,sender,69f80f1b-51b5-4827-8b4a-c8c3162cd52b,CONFIRM_DATA,ACK,518,1024,"unique file bytes acknowledged"
966.657,sender,69f80f1b-51b5-4827-8b4a-c8c3162cd52b,RTT_SAMPLE,ACK,518,0,"63.117600"
966.662,sender,69f80f1b-51b5-4827-8b4a-c8c3162cd52b,RECEIVE,ACK,513,36,""
966.665,sender,69f80f1b-51b5-4827-8b4a-c8c3162cd52b,ACKNOWLEDGED,ACK,513,0,""
966.667,sender,69f80f1b-51b5-4827-8b4a-c8c3162cd52b,CONFIRM_DATA,ACK,513,1024,"unique file bytes acknowledged"
966.670,sender,69f80f1b-51b5-4827-8b4a-c8c3162cd52b,RTT_SAMPLE,ACK,513,0,"78.286200"
966.675,sender,69f80f1b-51b5-4827-8b4a-c8c3162cd52b,RECEIVE,ACK,487,36,""
966.677,sender,69f80f1b-51b5-4827-8b4a-c8c3162cd52b,ACKNOWLEDGED,ACK,487,0,""
966.680,sender,69f80f1b-51b5-4827-8b4a-c8c3162cd52b,CONFIRM_DATA,ACK,487,1024,"unique file bytes acknowledged"
966.683,sender,69f80f1b-51b5-4827-8b4a-c8c3162cd52b,RTT_SAMPLE,ACK,487,0,"78.390400"
966.688,sender,69f80f1b-51b5-4827-8b4a-c8c3162cd52b,RECEIVE,ACK,507,36,""
966.702,sender,69f80f1b-51b5-4827-8b4a-c8c3162cd52b,ACKNOWLEDGED,ACK,507,0,""
966.704,sender,69f80f1b-51b5-4827-8b4a-c8c3162cd52b,CONFIRM_DATA,ACK,507,1024,"unique file bytes acknowledged"
966.707,sender,69f80f1b-51b5-4827-8b4a-c8c3162cd52b,RTT_SAMPLE,ACK,507,0,"78.341500"
966.713,sender,69f80f1b-51b5-4827-8b4a-c8c3162cd52b,RECEIVE,ACK,519,36,""
966.715,sender,69f80f1b-51b5-4827-8b4a-c8c3162cd52b,ACKNOWLEDGED,ACK,519,0,""
966.717,sender,69f80f1b-51b5-4827-8b4a-c8c3162cd52b,CONFIRM_DATA,ACK,519,1024,"unique file bytes acknowledged"
966.720,sender,69f80f1b-51b5-4827-8b4a-c8c3162cd52b,RTT_SAMPLE,ACK,519,0,"63.176700"
966.725,sender,69f80f1b-51b5-4827-8b4a-c8c3162cd52b,RECEIVE,ACK,495,36,""
966.728,sender,69f80f1b-51b5-4827-8b4a-c8c3162cd52b,ACKNOWLEDGED,ACK,495,0,""
966.730,sender,69f80f1b-51b5-4827-8b4a-c8c3162cd52b,CONFIRM_DATA,ACK,495,1024,"unique file bytes acknowledged"
966.733,sender,69f80f1b-51b5-4827-8b4a-c8c3162cd52b,RTT_SAMPLE,ACK,495,0,"78.416000"
966.738,sender,69f80f1b-51b5-4827-8b4a-c8c3162cd52b,RECEIVE,ACK,485,36,""
966.741,sender,69f80f1b-51b5-4827-8b4a-c8c3162cd52b,ACKNOWLEDGED,ACK,485,0,""
966.743,sender,69f80f1b-51b5-4827-8b4a-c8c3162cd52b,CONFIRM_DATA,ACK,485,1024,"unique file bytes acknowledged"
966.746,sender,69f80f1b-51b5-4827-8b4a-c8c3162cd52b,RTT_SAMPLE,ACK,485,0,"78.460300"
966.752,sender,69f80f1b-51b5-4827-8b4a-c8c3162cd52b,RECEIVE,ACK,493,36,""
966.754,sender,69f80f1b-51b5-4827-8b4a-c8c3162cd52b,ACKNOWLEDGED,ACK,493,0,""
966.756,sender,69f80f1b-51b5-4827-8b4a-c8c3162cd52b,CONFIRM_DATA,ACK,493,1024,"unique file bytes acknowledged"
966.759,sender,69f80f1b-51b5-4827-8b4a-c8c3162cd52b,RTT_SAMPLE,ACK,493,0,"78.448700"
966.765,sender,69f80f1b-51b5-4827-8b4a-c8c3162cd52b,RECEIVE,ACK,499,36,""
966.767,sender,69f80f1b-51b5-4827-8b4a-c8c3162cd52b,ACKNOWLEDGED,ACK,499,0,""
966.773,sender,69f80f1b-51b5-4827-8b4a-c8c3162cd52b,CONFIRM_DATA,ACK,499,1024,"unique file bytes acknowledged"
966.777,sender,69f80f1b-51b5-4827-8b4a-c8c3162cd52b,RTT_SAMPLE,ACK,499,0,"78.434600"
966.782,sender,69f80f1b-51b5-4827-8b4a-c8c3162cd52b,RECEIVE,ACK,473,36,""
966.784,sender,69f80f1b-51b5-4827-8b4a-c8c3162cd52b,ACKNOWLEDGED,ACK,473,0,""
966.786,sender,69f80f1b-51b5-4827-8b4a-c8c3162cd52b,CONFIRM_DATA,ACK,473,1024,"unique file bytes acknowledged"
966.789,sender,69f80f1b-51b5-4827-8b4a-c8c3162cd52b,RTT_SAMPLE,ACK,473,0,"78.670900"
982.410,sender,69f80f1b-51b5-4827-8b4a-c8c3162cd52b,EMIT,DATA,528,1060,""
982.436,sender,69f80f1b-51b5-4827-8b4a-c8c3162cd52b,EMIT,DATA,530,1060,""
982.562,sender,69f80f1b-51b5-4827-8b4a-c8c3162cd52b,RECEIVE,ACK,517,36,""
982.570,sender,69f80f1b-51b5-4827-8b4a-c8c3162cd52b,ACKNOWLEDGED,ACK,517,0,""
982.573,sender,69f80f1b-51b5-4827-8b4a-c8c3162cd52b,CONFIRM_DATA,ACK,517,1024,"unique file bytes acknowledged"
982.583,sender,69f80f1b-51b5-4827-8b4a-c8c3162cd52b,RTT_SAMPLE,ACK,517,0,"79.046700"
982.596,sender,69f80f1b-51b5-4827-8b4a-c8c3162cd52b,RECEIVE,ACK,477,36,""
982.599,sender,69f80f1b-51b5-4827-8b4a-c8c3162cd52b,ACKNOWLEDGED,ACK,477,0,""
982.602,sender,69f80f1b-51b5-4827-8b4a-c8c3162cd52b,CONFIRM_DATA,ACK,477,1024,"unique file bytes acknowledged"
982.606,sender,69f80f1b-51b5-4827-8b4a-c8c3162cd52b,RTT_SAMPLE,ACK,477,0,"94.458600"
982.612,sender,69f80f1b-51b5-4827-8b4a-c8c3162cd52b,RECEIVE,ACK,490,36,""
982.615,sender,69f80f1b-51b5-4827-8b4a-c8c3162cd52b,ACKNOWLEDGED,ACK,490,0,""
982.618,sender,69f80f1b-51b5-4827-8b4a-c8c3162cd52b,CONFIRM_DATA,ACK,490,1024,"unique file bytes acknowledged"
982.621,sender,69f80f1b-51b5-4827-8b4a-c8c3162cd52b,RTT_SAMPLE,ACK,490,0,"94.319700"
982.627,sender,69f80f1b-51b5-4827-8b4a-c8c3162cd52b,RECEIVE,ACK,510,36,""
982.630,sender,69f80f1b-51b5-4827-8b4a-c8c3162cd52b,ACKNOWLEDGED,ACK,510,0,""
982.633,sender,69f80f1b-51b5-4827-8b4a-c8c3162cd52b,CONFIRM_DATA,ACK,510,1024,"unique file bytes acknowledged"
982.636,sender,69f80f1b-51b5-4827-8b4a-c8c3162cd52b,RTT_SAMPLE,ACK,510,0,"94.261600"
982.642,sender,69f80f1b-51b5-4827-8b4a-c8c3162cd52b,RECEIVE,ACK,503,36,""
982.645,sender,69f80f1b-51b5-4827-8b4a-c8c3162cd52b,ACKNOWLEDGED,ACK,503,0,""
982.648,sender,69f80f1b-51b5-4827-8b4a-c8c3162cd52b,CONFIRM_DATA,ACK,503,1024,"unique file bytes acknowledged"
982.651,sender,69f80f1b-51b5-4827-8b4a-c8c3162cd52b,RTT_SAMPLE,ACK,503,0,"94.297400"
982.663,sender,69f80f1b-51b5-4827-8b4a-c8c3162cd52b,RECEIVE,ACK,500,36,""
982.666,sender,69f80f1b-51b5-4827-8b4a-c8c3162cd52b,ACKNOWLEDGED,ACK,500,0,""
982.668,sender,69f80f1b-51b5-4827-8b4a-c8c3162cd52b,CONFIRM_DATA,ACK,500,1024,"unique file bytes acknowledged"
982.672,sender,69f80f1b-51b5-4827-8b4a-c8c3162cd52b,RTT_SAMPLE,ACK,500,0,"94.326900"
982.721,sender,69f80f1b-51b5-4827-8b4a-c8c3162cd52b,RECEIVE,ACK,498,36,""
982.724,sender,69f80f1b-51b5-4827-8b4a-c8c3162cd52b,ACKNOWLEDGED,ACK,498,0,""
982.726,sender,69f80f1b-51b5-4827-8b4a-c8c3162cd52b,CONFIRM_DATA,ACK,498,1024,"unique file bytes acknowledged"
982.729,sender,69f80f1b-51b5-4827-8b4a-c8c3162cd52b,RTT_SAMPLE,ACK,498,0,"94.390500"
982.735,sender,69f80f1b-51b5-4827-8b4a-c8c3162cd52b,RECEIVE,ACK,489,36,""
982.737,sender,69f80f1b-51b5-4827-8b4a-c8c3162cd52b,ACKNOWLEDGED,ACK,489,0,""
982.740,sender,69f80f1b-51b5-4827-8b4a-c8c3162cd52b,CONFIRM_DATA,ACK,489,1024,"unique file bytes acknowledged"
982.743,sender,69f80f1b-51b5-4827-8b4a-c8c3162cd52b,RTT_SAMPLE,ACK,489,0,"94.444700"
982.749,sender,69f80f1b-51b5-4827-8b4a-c8c3162cd52b,RECEIVE,ACK,492,36,""
982.751,sender,69f80f1b-51b5-4827-8b4a-c8c3162cd52b,ACKNOWLEDGED,ACK,492,0,""
982.754,sender,69f80f1b-51b5-4827-8b4a-c8c3162cd52b,CONFIRM_DATA,ACK,492,1024,"unique file bytes acknowledged"
982.757,sender,69f80f1b-51b5-4827-8b4a-c8c3162cd52b,RTT_SAMPLE,ACK,492,0,"94.449200"
982.762,sender,69f80f1b-51b5-4827-8b4a-c8c3162cd52b,RECEIVE,ACK,514,36,""
982.765,sender,69f80f1b-51b5-4827-8b4a-c8c3162cd52b,ACKNOWLEDGED,ACK,514,0,""
982.768,sender,69f80f1b-51b5-4827-8b4a-c8c3162cd52b,CONFIRM_DATA,ACK,514,1024,"unique file bytes acknowledged"
982.771,sender,69f80f1b-51b5-4827-8b4a-c8c3162cd52b,RTT_SAMPLE,ACK,514,0,"94.356100"
982.780,sender,69f80f1b-51b5-4827-8b4a-c8c3162cd52b,RECEIVE,ACK,480,36,""
982.783,sender,69f80f1b-51b5-4827-8b4a-c8c3162cd52b,ACKNOWLEDGED,ACK,480,0,""
982.785,sender,69f80f1b-51b5-4827-8b4a-c8c3162cd52b,CONFIRM_DATA,ACK,480,1024,"unique file bytes acknowledged"
982.788,sender,69f80f1b-51b5-4827-8b4a-c8c3162cd52b,RTT_SAMPLE,ACK,480,0,"94.631800"
982.793,sender,69f80f1b-51b5-4827-8b4a-c8c3162cd52b,RECEIVE,ACK,506,36,""
982.795,sender,69f80f1b-51b5-4827-8b4a-c8c3162cd52b,ACKNOWLEDGED,ACK,506,0,""
982.798,sender,69f80f1b-51b5-4827-8b4a-c8c3162cd52b,CONFIRM_DATA,ACK,506,1024,"unique file bytes acknowledged"
982.801,sender,69f80f1b-51b5-4827-8b4a-c8c3162cd52b,RTT_SAMPLE,ACK,506,0,"94.437900"
982.806,sender,69f80f1b-51b5-4827-8b4a-c8c3162cd52b,RECEIVE,ACK,501,36,""
982.808,sender,69f80f1b-51b5-4827-8b4a-c8c3162cd52b,ACKNOWLEDGED,ACK,501,0,""
982.810,sender,69f80f1b-51b5-4827-8b4a-c8c3162cd52b,CONFIRM_DATA,ACK,501,1024,"unique file bytes acknowledged"
982.813,sender,69f80f1b-51b5-4827-8b4a-c8c3162cd52b,RTT_SAMPLE,ACK,501,0,"94.465300"
982.818,sender,69f80f1b-51b5-4827-8b4a-c8c3162cd52b,RECEIVE,ACK,472,36,""
982.820,sender,69f80f1b-51b5-4827-8b4a-c8c3162cd52b,ACKNOWLEDGED,ACK,472,0,""
982.823,sender,69f80f1b-51b5-4827-8b4a-c8c3162cd52b,CONFIRM_DATA,ACK,472,1024,"unique file bytes acknowledged"
982.826,sender,69f80f1b-51b5-4827-8b4a-c8c3162cd52b,RTT_SAMPLE,ACK,472,0,"94.719100"
982.829,sender,69f80f1b-51b5-4827-8b4a-c8c3162cd52b,SEND,DATA,536,1060,""
982.833,sender,69f80f1b-51b5-4827-8b4a-c8c3162cd52b,SEND,DATA,537,1060,""
982.837,sender,69f80f1b-51b5-4827-8b4a-c8c3162cd52b,RECEIVE,ACK,496,36,""
982.840,sender,69f80f1b-51b5-4827-8b4a-c8c3162cd52b,ACKNOWLEDGED,ACK,496,0,""
982.842,sender,69f80f1b-51b5-4827-8b4a-c8c3162cd52b,CONFIRM_DATA,ACK,496,1024,"unique file bytes acknowledged"
982.845,sender,69f80f1b-51b5-4827-8b4a-c8c3162cd52b,RTT_SAMPLE,ACK,496,0,"94.524700"
982.850,sender,69f80f1b-51b5-4827-8b4a-c8c3162cd52b,RECEIVE,ACK,502,36,""
982.852,sender,69f80f1b-51b5-4827-8b4a-c8c3162cd52b,ACKNOWLEDGED,ACK,502,0,""
982.855,sender,69f80f1b-51b5-4827-8b4a-c8c3162cd52b,CONFIRM_DATA,ACK,502,1024,"unique file bytes acknowledged"
982.858,sender,69f80f1b-51b5-4827-8b4a-c8c3162cd52b,RTT_SAMPLE,ACK,502,0,"94.506700"
997.812,sender,69f80f1b-51b5-4827-8b4a-c8c3162cd52b,EMIT,DATA,529,1060,""
997.851,sender,69f80f1b-51b5-4827-8b4a-c8c3162cd52b,EMIT,DATA,532,1060,""
997.862,sender,69f80f1b-51b5-4827-8b4a-c8c3162cd52b,EMIT,DATA,535,1060,""
997.894,sender,69f80f1b-51b5-4827-8b4a-c8c3162cd52b,RECEIVE,ACK,474,36,""
997.900,sender,69f80f1b-51b5-4827-8b4a-c8c3162cd52b,ACKNOWLEDGED,ACK,474,0,""
997.903,sender,69f80f1b-51b5-4827-8b4a-c8c3162cd52b,CONFIRM_DATA,ACK,474,1024,"unique file bytes acknowledged"
997.908,sender,69f80f1b-51b5-4827-8b4a-c8c3162cd52b,RTT_SAMPLE,ACK,474,0,"109.779700"
997.916,sender,69f80f1b-51b5-4827-8b4a-c8c3162cd52b,SEND,DATA,538,1060,""
997.926,sender,69f80f1b-51b5-4827-8b4a-c8c3162cd52b,RECEIVE,ACK,527,36,""
997.929,sender,69f80f1b-51b5-4827-8b4a-c8c3162cd52b,ACKNOWLEDGED,ACK,527,0,""
997.931,sender,69f80f1b-51b5-4827-8b4a-c8c3162cd52b,CONFIRM_DATA,ACK,527,1024,"unique file bytes acknowledged"
997.935,sender,69f80f1b-51b5-4827-8b4a-c8c3162cd52b,RTT_SAMPLE,ACK,527,0,"79.044500"
997.941,sender,69f80f1b-51b5-4827-8b4a-c8c3162cd52b,RECEIVE,ACK,491,36,""
997.944,sender,69f80f1b-51b5-4827-8b4a-c8c3162cd52b,ACKNOWLEDGED,ACK,491,0,""
997.947,sender,69f80f1b-51b5-4827-8b4a-c8c3162cd52b,CONFIRM_DATA,ACK,491,1024,"unique file bytes acknowledged"
997.950,sender,69f80f1b-51b5-4827-8b4a-c8c3162cd52b,RTT_SAMPLE,ACK,491,0,"109.644900"
997.955,sender,69f80f1b-51b5-4827-8b4a-c8c3162cd52b,RECEIVE,ACK,476,36,""
997.958,sender,69f80f1b-51b5-4827-8b4a-c8c3162cd52b,ACKNOWLEDGED,ACK,476,0,""
997.961,sender,69f80f1b-51b5-4827-8b4a-c8c3162cd52b,CONFIRM_DATA,ACK,476,1024,"unique file bytes acknowledged"
997.964,sender,69f80f1b-51b5-4827-8b4a-c8c3162cd52b,RTT_SAMPLE,ACK,476,0,"109.820300"
997.970,sender,69f80f1b-51b5-4827-8b4a-c8c3162cd52b,RECEIVE,ACK,486,36,""
997.972,sender,69f80f1b-51b5-4827-8b4a-c8c3162cd52b,ACKNOWLEDGED,ACK,486,0,""
997.975,sender,69f80f1b-51b5-4827-8b4a-c8c3162cd52b,CONFIRM_DATA,ACK,486,1024,"unique file bytes acknowledged"
997.978,sender,69f80f1b-51b5-4827-8b4a-c8c3162cd52b,RTT_SAMPLE,ACK,486,0,"109.689100"
998.071,sender,69f80f1b-51b5-4827-8b4a-c8c3162cd52b,RECEIVE,ACK,488,36,""
998.076,sender,69f80f1b-51b5-4827-8b4a-c8c3162cd52b,ACKNOWLEDGED,ACK,488,0,""
998.079,sender,69f80f1b-51b5-4827-8b4a-c8c3162cd52b,CONFIRM_DATA,ACK,488,1024,"unique file bytes acknowledged"
998.087,sender,69f80f1b-51b5-4827-8b4a-c8c3162cd52b,RTT_SAMPLE,ACK,488,0,"109.791700"
998.095,sender,69f80f1b-51b5-4827-8b4a-c8c3162cd52b,RECEIVE,ACK,509,36,""
998.097,sender,69f80f1b-51b5-4827-8b4a-c8c3162cd52b,ACKNOWLEDGED,ACK,509,0,""
998.100,sender,69f80f1b-51b5-4827-8b4a-c8c3162cd52b,CONFIRM_DATA,ACK,509,1024,"unique file bytes acknowledged"
998.103,sender,69f80f1b-51b5-4827-8b4a-c8c3162cd52b,RTT_SAMPLE,ACK,509,0,"109.731200"
998.109,sender,69f80f1b-51b5-4827-8b4a-c8c3162cd52b,RECEIVE,ACK,484,36,""
998.112,sender,69f80f1b-51b5-4827-8b4a-c8c3162cd52b,ACKNOWLEDGED,ACK,484,0,""
998.114,sender,69f80f1b-51b5-4827-8b4a-c8c3162cd52b,CONFIRM_DATA,ACK,484,1024,"unique file bytes acknowledged"
998.117,sender,69f80f1b-51b5-4827-8b4a-c8c3162cd52b,RTT_SAMPLE,ACK,484,0,"109.834500"
998.124,sender,69f80f1b-51b5-4827-8b4a-c8c3162cd52b,RECEIVE,ACK,483,36,""
998.127,sender,69f80f1b-51b5-4827-8b4a-c8c3162cd52b,ACKNOWLEDGED,ACK,483,0,""
998.129,sender,69f80f1b-51b5-4827-8b4a-c8c3162cd52b,CONFIRM_DATA,ACK,483,1024,"unique file bytes acknowledged"
998.132,sender,69f80f1b-51b5-4827-8b4a-c8c3162cd52b,RTT_SAMPLE,ACK,483,0,"109.852800"
998.138,sender,69f80f1b-51b5-4827-8b4a-c8c3162cd52b,RECEIVE,ACK,494,36,""
998.141,sender,69f80f1b-51b5-4827-8b4a-c8c3162cd52b,ACKNOWLEDGED,ACK,494,0,""
998.143,sender,69f80f1b-51b5-4827-8b4a-c8c3162cd52b,CONFIRM_DATA,ACK,494,1024,"unique file bytes acknowledged"
998.146,sender,69f80f1b-51b5-4827-8b4a-c8c3162cd52b,RTT_SAMPLE,ACK,494,0,"109.832300"
998.152,sender,69f80f1b-51b5-4827-8b4a-c8c3162cd52b,RECEIVE,ACK,475,36,""
998.158,sender,69f80f1b-51b5-4827-8b4a-c8c3162cd52b,ACKNOWLEDGED,ACK,475,0,""
998.161,sender,69f80f1b-51b5-4827-8b4a-c8c3162cd52b,CONFIRM_DATA,ACK,475,1024,"unique file bytes acknowledged"
998.164,sender,69f80f1b-51b5-4827-8b4a-c8c3162cd52b,RTT_SAMPLE,ACK,475,0,"110.028300"
998.167,sender,69f80f1b-51b5-4827-8b4a-c8c3162cd52b,SEND,DATA,539,1060,""
998.170,sender,69f80f1b-51b5-4827-8b4a-c8c3162cd52b,SEND,DATA,540,1060,""
998.174,sender,69f80f1b-51b5-4827-8b4a-c8c3162cd52b,SEND,DATA,541,1060,""
998.177,sender,69f80f1b-51b5-4827-8b4a-c8c3162cd52b,SEND,DATA,542,1060,""
998.180,sender,69f80f1b-51b5-4827-8b4a-c8c3162cd52b,SEND,DATA,543,1060,""
998.211,sender,69f80f1b-51b5-4827-8b4a-c8c3162cd52b,SEND,DATA,544,1060,""
998.214,sender,69f80f1b-51b5-4827-8b4a-c8c3162cd52b,SEND,DATA,545,1060,""
998.217,sender,69f80f1b-51b5-4827-8b4a-c8c3162cd52b,SEND,DATA,546,1060,""
998.220,sender,69f80f1b-51b5-4827-8b4a-c8c3162cd52b,SEND,DATA,547,1060,""
998.223,sender,69f80f1b-51b5-4827-8b4a-c8c3162cd52b,SEND,DATA,548,1060,""
998.226,sender,69f80f1b-51b5-4827-8b4a-c8c3162cd52b,SEND,DATA,549,1060,""
998.229,sender,69f80f1b-51b5-4827-8b4a-c8c3162cd52b,SEND,DATA,550,1060,""
998.231,sender,69f80f1b-51b5-4827-8b4a-c8c3162cd52b,SEND,DATA,551,1060,""
998.234,sender,69f80f1b-51b5-4827-8b4a-c8c3162cd52b,SEND,DATA,552,1060,""
998.237,sender,69f80f1b-51b5-4827-8b4a-c8c3162cd52b,SEND,DATA,553,1060,""
998.240,sender,69f80f1b-51b5-4827-8b4a-c8c3162cd52b,SEND,DATA,554,1060,""
998.243,sender,69f80f1b-51b5-4827-8b4a-c8c3162cd52b,SEND,DATA,555,1060,""
998.246,sender,69f80f1b-51b5-4827-8b4a-c8c3162cd52b,SEND,DATA,556,1060,""
998.249,sender,69f80f1b-51b5-4827-8b4a-c8c3162cd52b,SEND,DATA,557,1060,""
998.252,sender,69f80f1b-51b5-4827-8b4a-c8c3162cd52b,SEND,DATA,558,1060,""
998.255,sender,69f80f1b-51b5-4827-8b4a-c8c3162cd52b,SEND,DATA,559,1060,""
998.257,sender,69f80f1b-51b5-4827-8b4a-c8c3162cd52b,SEND,DATA,560,1060,""
998.260,sender,69f80f1b-51b5-4827-8b4a-c8c3162cd52b,SEND,DATA,561,1060,""
998.263,sender,69f80f1b-51b5-4827-8b4a-c8c3162cd52b,SEND,DATA,562,1060,""
998.266,sender,69f80f1b-51b5-4827-8b4a-c8c3162cd52b,SEND,DATA,563,1060,""
998.269,sender,69f80f1b-51b5-4827-8b4a-c8c3162cd52b,SEND,DATA,564,1060,""
998.271,sender,69f80f1b-51b5-4827-8b4a-c8c3162cd52b,SEND,DATA,565,1060,""
998.274,sender,69f80f1b-51b5-4827-8b4a-c8c3162cd52b,SEND,DATA,566,1060,""
998.277,sender,69f80f1b-51b5-4827-8b4a-c8c3162cd52b,SEND,DATA,567,1060,""
998.280,sender,69f80f1b-51b5-4827-8b4a-c8c3162cd52b,SEND,DATA,568,1060,""
998.285,sender,69f80f1b-51b5-4827-8b4a-c8c3162cd52b,RECEIVE,ACK,515,36,""
998.288,sender,69f80f1b-51b5-4827-8b4a-c8c3162cd52b,ACKNOWLEDGED,ACK,515,0,""
998.290,sender,69f80f1b-51b5-4827-8b4a-c8c3162cd52b,CONFIRM_DATA,ACK,515,1024,"unique file bytes acknowledged"
998.293,sender,69f80f1b-51b5-4827-8b4a-c8c3162cd52b,RTT_SAMPLE,ACK,515,0,"94.781500"
998.299,sender,69f80f1b-51b5-4827-8b4a-c8c3162cd52b,RECEIVE,ACK,512,36,""
998.305,sender,69f80f1b-51b5-4827-8b4a-c8c3162cd52b,ACKNOWLEDGED,ACK,512,0,""
998.307,sender,69f80f1b-51b5-4827-8b4a-c8c3162cd52b,CONFIRM_DATA,ACK,512,1024,"unique file bytes acknowledged"
998.310,sender,69f80f1b-51b5-4827-8b4a-c8c3162cd52b,RTT_SAMPLE,ACK,512,0,"109.929600"
998.315,sender,69f80f1b-51b5-4827-8b4a-c8c3162cd52b,RECEIVE,ACK,505,36,""
998.318,sender,69f80f1b-51b5-4827-8b4a-c8c3162cd52b,ACKNOWLEDGED,ACK,505,0,""
998.320,sender,69f80f1b-51b5-4827-8b4a-c8c3162cd52b,CONFIRM_DATA,ACK,505,1024,"unique file bytes acknowledged"
998.323,sender,69f80f1b-51b5-4827-8b4a-c8c3162cd52b,RTT_SAMPLE,ACK,505,0,"109.963000"
998.326,sender,69f80f1b-51b5-4827-8b4a-c8c3162cd52b,SEND,DATA,569,1060,""
998.329,sender,69f80f1b-51b5-4827-8b4a-c8c3162cd52b,SEND,DATA,570,1060,""
998.332,sender,69f80f1b-51b5-4827-8b4a-c8c3162cd52b,SEND,DATA,571,1060,""
998.335,sender,69f80f1b-51b5-4827-8b4a-c8c3162cd52b,SEND,DATA,572,1060,""
998.337,sender,69f80f1b-51b5-4827-8b4a-c8c3162cd52b,SEND,DATA,573,1060,""
998.340,sender,69f80f1b-51b5-4827-8b4a-c8c3162cd52b,SEND,DATA,574,1060,""
998.344,sender,69f80f1b-51b5-4827-8b4a-c8c3162cd52b,RECEIVE,ACK,516,36,""
998.347,sender,69f80f1b-51b5-4827-8b4a-c8c3162cd52b,ACKNOWLEDGED,ACK,516,0,""
998.349,sender,69f80f1b-51b5-4827-8b4a-c8c3162cd52b,CONFIRM_DATA,ACK,516,1024,"unique file bytes acknowledged"
998.352,sender,69f80f1b-51b5-4827-8b4a-c8c3162cd52b,RTT_SAMPLE,ACK,516,0,"94.833700"
998.361,sender,69f80f1b-51b5-4827-8b4a-c8c3162cd52b,RECEIVE,ACK,511,36,""
998.363,sender,69f80f1b-51b5-4827-8b4a-c8c3162cd52b,ACKNOWLEDGED,ACK,511,0,""
998.366,sender,69f80f1b-51b5-4827-8b4a-c8c3162cd52b,CONFIRM_DATA,ACK,511,1024,"unique file bytes acknowledged"
998.368,sender,69f80f1b-51b5-4827-8b4a-c8c3162cd52b,RTT_SAMPLE,ACK,511,0,"109.990700"
998.372,sender,69f80f1b-51b5-4827-8b4a-c8c3162cd52b,SEND,DATA,575,1060,""
998.374,sender,69f80f1b-51b5-4827-8b4a-c8c3162cd52b,SEND,DATA,576,1060,""
998.377,sender,69f80f1b-51b5-4827-8b4a-c8c3162cd52b,SEND,DATA,577,1060,""
998.380,sender,69f80f1b-51b5-4827-8b4a-c8c3162cd52b,SEND,DATA,578,1060,""
998.382,sender,69f80f1b-51b5-4827-8b4a-c8c3162cd52b,SEND,DATA,579,1060,""
998.385,sender,69f80f1b-51b5-4827-8b4a-c8c3162cd52b,SEND,DATA,580,1060,""
998.388,sender,69f80f1b-51b5-4827-8b4a-c8c3162cd52b,SEND,DATA,581,1060,""
998.390,sender,69f80f1b-51b5-4827-8b4a-c8c3162cd52b,SEND,DATA,582,1060,""
998.393,sender,69f80f1b-51b5-4827-8b4a-c8c3162cd52b,SEND,DATA,583,1060,""
998.397,sender,69f80f1b-51b5-4827-8b4a-c8c3162cd52b,RECEIVE,ACK,523,36,""
998.400,sender,69f80f1b-51b5-4827-8b4a-c8c3162cd52b,ACKNOWLEDGED,ACK,523,0,""
998.402,sender,69f80f1b-51b5-4827-8b4a-c8c3162cd52b,CONFIRM_DATA,ACK,523,1024,"unique file bytes acknowledged"
998.405,sender,69f80f1b-51b5-4827-8b4a-c8c3162cd52b,RTT_SAMPLE,ACK,523,0,"79.546000"
1014.368,sender,69f80f1b-51b5-4827-8b4a-c8c3162cd52b,EMIT,DATA,533,1060,""
1014.460,sender,69f80f1b-51b5-4827-8b4a-c8c3162cd52b,EMIT,DATA,534,1060,""
1014.823,sender,69f80f1b-51b5-4827-8b4a-c8c3162cd52b,RECEIVE,ACK,520,36,""
1014.840,sender,69f80f1b-51b5-4827-8b4a-c8c3162cd52b,ACKNOWLEDGED,ACK,520,0,""
1014.844,sender,69f80f1b-51b5-4827-8b4a-c8c3162cd52b,CONFIRM_DATA,ACK,520,1024,"unique file bytes acknowledged"
1014.849,sender,69f80f1b-51b5-4827-8b4a-c8c3162cd52b,RTT_SAMPLE,ACK,520,0,"111.299900"
1014.856,sender,69f80f1b-51b5-4827-8b4a-c8c3162cd52b,SEND,DATA,584,1060,""
1015.050,sender,69f80f1b-51b5-4827-8b4a-c8c3162cd52b,RECEIVE,ACK,525,36,""
1015.088,sender,69f80f1b-51b5-4827-8b4a-c8c3162cd52b,ACKNOWLEDGED,ACK,525,0,""
1015.091,sender,69f80f1b-51b5-4827-8b4a-c8c3162cd52b,CONFIRM_DATA,ACK,525,1024,"unique file bytes acknowledged"
1015.094,sender,69f80f1b-51b5-4827-8b4a-c8c3162cd52b,RTT_SAMPLE,ACK,525,0,"96.213100"
1015.105,sender,69f80f1b-51b5-4827-8b4a-c8c3162cd52b,RECEIVE,ACK,526,36,""
1015.107,sender,69f80f1b-51b5-4827-8b4a-c8c3162cd52b,ACKNOWLEDGED,ACK,526,0,""
1015.109,sender,69f80f1b-51b5-4827-8b4a-c8c3162cd52b,CONFIRM_DATA,ACK,526,1024,"unique file bytes acknowledged"
1015.113,sender,69f80f1b-51b5-4827-8b4a-c8c3162cd52b,RTT_SAMPLE,ACK,526,0,"96.227800"
1015.118,sender,69f80f1b-51b5-4827-8b4a-c8c3162cd52b,RECEIVE,ACK,524,36,""
1015.120,sender,69f80f1b-51b5-4827-8b4a-c8c3162cd52b,ACKNOWLEDGED,ACK,524,0,""
1015.122,sender,69f80f1b-51b5-4827-8b4a-c8c3162cd52b,CONFIRM_DATA,ACK,524,1024,"unique file bytes acknowledged"
1015.125,sender,69f80f1b-51b5-4827-8b4a-c8c3162cd52b,RTT_SAMPLE,ACK,524,0,"96.248700"
1015.130,sender,69f80f1b-51b5-4827-8b4a-c8c3162cd52b,RECEIVE,ACK,528,36,""
1015.144,sender,69f80f1b-51b5-4827-8b4a-c8c3162cd52b,ACKNOWLEDGED,ACK,528,0,""
1015.146,sender,69f80f1b-51b5-4827-8b4a-c8c3162cd52b,CONFIRM_DATA,ACK,528,1024,"unique file bytes acknowledged"
1015.149,sender,69f80f1b-51b5-4827-8b4a-c8c3162cd52b,RTT_SAMPLE,ACK,528,0,"80.227000"
1015.155,sender,69f80f1b-51b5-4827-8b4a-c8c3162cd52b,RECEIVE,ACK,522,36,""
1015.157,sender,69f80f1b-51b5-4827-8b4a-c8c3162cd52b,ACKNOWLEDGED,ACK,522,0,""
1015.159,sender,69f80f1b-51b5-4827-8b4a-c8c3162cd52b,CONFIRM_DATA,ACK,522,1024,"unique file bytes acknowledged"
1015.162,sender,69f80f1b-51b5-4827-8b4a-c8c3162cd52b,RTT_SAMPLE,ACK,522,0,"96.308300"
1015.167,sender,69f80f1b-51b5-4827-8b4a-c8c3162cd52b,RECEIVE,ACK,521,36,""
1015.169,sender,69f80f1b-51b5-4827-8b4a-c8c3162cd52b,ACKNOWLEDGED,ACK,521,0,""
1015.172,sender,69f80f1b-51b5-4827-8b4a-c8c3162cd52b,CONFIRM_DATA,ACK,521,1024,"unique file bytes acknowledged"
1015.174,sender,69f80f1b-51b5-4827-8b4a-c8c3162cd52b,RTT_SAMPLE,ACK,521,0,"96.433000"
1015.178,sender,69f80f1b-51b5-4827-8b4a-c8c3162cd52b,SEND,DATA,585,1060,""
1015.181,sender,69f80f1b-51b5-4827-8b4a-c8c3162cd52b,SEND,DATA,586,1060,""
1015.184,sender,69f80f1b-51b5-4827-8b4a-c8c3162cd52b,SEND,DATA,587,1060,""
1015.187,sender,69f80f1b-51b5-4827-8b4a-c8c3162cd52b,SEND,DATA,588,1060,""
1015.227,sender,69f80f1b-51b5-4827-8b4a-c8c3162cd52b,SEND,DATA,589,1060,""
1015.230,sender,69f80f1b-51b5-4827-8b4a-c8c3162cd52b,SEND,DATA,590,1060,""
1015.233,sender,69f80f1b-51b5-4827-8b4a-c8c3162cd52b,SEND,DATA,591,1060,""
1015.240,sender,69f80f1b-51b5-4827-8b4a-c8c3162cd52b,SEND,DATA,592,1060,""
1029.917,sender,69f80f1b-51b5-4827-8b4a-c8c3162cd52b,EMIT,DATA,531,1060,""
1029.974,sender,69f80f1b-51b5-4827-8b4a-c8c3162cd52b,EMIT,DATA,537,1060,""
1029.985,sender,69f80f1b-51b5-4827-8b4a-c8c3162cd52b,EMIT,DATA,536,1060,""
1029.994,sender,69f80f1b-51b5-4827-8b4a-c8c3162cd52b,EMIT,DATA,553,1060,""
1030.003,sender,69f80f1b-51b5-4827-8b4a-c8c3162cd52b,EMIT,DATA,541,1060,""
1030.012,sender,69f80f1b-51b5-4827-8b4a-c8c3162cd52b,EMIT,DATA,566,1060,""
1030.021,sender,69f80f1b-51b5-4827-8b4a-c8c3162cd52b,EMIT,DATA,555,1060,""
1030.042,sender,69f80f1b-51b5-4827-8b4a-c8c3162cd52b,EMIT,DATA,576,1060,""
1030.051,sender,69f80f1b-51b5-4827-8b4a-c8c3162cd52b,EMIT,DATA,559,1060,""
1030.059,sender,69f80f1b-51b5-4827-8b4a-c8c3162cd52b,EMIT,DATA,563,1060,""
1030.068,sender,69f80f1b-51b5-4827-8b4a-c8c3162cd52b,EMIT,DATA,550,1060,""
1030.076,sender,69f80f1b-51b5-4827-8b4a-c8c3162cd52b,EMIT,DATA,542,1060,""
1030.084,sender,69f80f1b-51b5-4827-8b4a-c8c3162cd52b,EMIT,DATA,545,1060,""
1030.093,sender,69f80f1b-51b5-4827-8b4a-c8c3162cd52b,EMIT,DATA,577,1060,""
1030.252,sender,69f80f1b-51b5-4827-8b4a-c8c3162cd52b,RECEIVE,ACK,530,36,""
1030.278,sender,69f80f1b-51b5-4827-8b4a-c8c3162cd52b,ACKNOWLEDGED,ACK,530,0,""
1030.285,sender,69f80f1b-51b5-4827-8b4a-c8c3162cd52b,CONFIRM_DATA,ACK,530,1024,"unique file bytes acknowledged"
1030.290,sender,69f80f1b-51b5-4827-8b4a-c8c3162cd52b,RTT_SAMPLE,ACK,530,0,"95.321600"
1046.057,sender,69f80f1b-51b5-4827-8b4a-c8c3162cd52b,EMIT,DATA,549,1060,""
1046.092,sender,69f80f1b-51b5-4827-8b4a-c8c3162cd52b,EMIT,DATA,551,1060,""
1046.102,sender,69f80f1b-51b5-4827-8b4a-c8c3162cd52b,EMIT,DATA,575,1060,""
1046.110,sender,69f80f1b-51b5-4827-8b4a-c8c3162cd52b,EMIT,DATA,581,1060,""
1046.123,sender,69f80f1b-51b5-4827-8b4a-c8c3162cd52b,EMIT,DATA,558,1060,""
1046.132,sender,69f80f1b-51b5-4827-8b4a-c8c3162cd52b,EMIT,DATA,574,1060,""
1046.140,sender,69f80f1b-51b5-4827-8b4a-c8c3162cd52b,EMIT,DATA,562,1060,""
1046.149,sender,69f80f1b-51b5-4827-8b4a-c8c3162cd52b,EMIT,DATA,580,1060,""
1046.167,sender,69f80f1b-51b5-4827-8b4a-c8c3162cd52b,EMIT,DATA,543,1060,""
1046.178,sender,69f80f1b-51b5-4827-8b4a-c8c3162cd52b,EMIT,DATA,548,1060,""
1046.189,sender,69f80f1b-51b5-4827-8b4a-c8c3162cd52b,EMIT,DATA,573,1060,""
1046.199,sender,69f80f1b-51b5-4827-8b4a-c8c3162cd52b,EMIT,DATA,569,1060,""
1046.209,sender,69f80f1b-51b5-4827-8b4a-c8c3162cd52b,EMIT,DATA,538,1060,""
1046.219,sender,69f80f1b-51b5-4827-8b4a-c8c3162cd52b,EMIT,DATA,561,1060,""
1046.231,sender,69f80f1b-51b5-4827-8b4a-c8c3162cd52b,EMIT,DATA,570,1060,""
1046.242,sender,69f80f1b-51b5-4827-8b4a-c8c3162cd52b,EMIT,DATA,582,1060,""
1046.253,sender,69f80f1b-51b5-4827-8b4a-c8c3162cd52b,EMIT,DATA,557,1060,""
1046.274,sender,69f80f1b-51b5-4827-8b4a-c8c3162cd52b,RECEIVE,ACK,535,36,""
1046.279,sender,69f80f1b-51b5-4827-8b4a-c8c3162cd52b,ACKNOWLEDGED,ACK,535,0,""
1046.283,sender,69f80f1b-51b5-4827-8b4a-c8c3162cd52b,CONFIRM_DATA,ACK,535,1024,"unique file bytes acknowledged"
1046.288,sender,69f80f1b-51b5-4827-8b4a-c8c3162cd52b,RTT_SAMPLE,ACK,535,0,"79.699600"
1046.300,sender,69f80f1b-51b5-4827-8b4a-c8c3162cd52b,EMIT,DATA,560,1060,""
1046.310,sender,69f80f1b-51b5-4827-8b4a-c8c3162cd52b,RECEIVE,ACK,532,36,""
1046.313,sender,69f80f1b-51b5-4827-8b4a-c8c3162cd52b,ACKNOWLEDGED,ACK,532,0,""
1046.316,sender,69f80f1b-51b5-4827-8b4a-c8c3162cd52b,CONFIRM_DATA,ACK,532,1024,"unique file bytes acknowledged"
1046.320,sender,69f80f1b-51b5-4827-8b4a-c8c3162cd52b,RTT_SAMPLE,ACK,532,0,"79.741100"
1046.323,sender,69f80f1b-51b5-4827-8b4a-c8c3162cd52b,EMIT,DATA,539,1060,""
1046.327,sender,69f80f1b-51b5-4827-8b4a-c8c3162cd52b,RECEIVE,ACK,529,36,""
1046.331,sender,69f80f1b-51b5-4827-8b4a-c8c3162cd52b,ACKNOWLEDGED,ACK,529,0,""
1046.333,sender,69f80f1b-51b5-4827-8b4a-c8c3162cd52b,CONFIRM_DATA,ACK,529,1024,"unique file bytes acknowledged"
1046.337,sender,69f80f1b-51b5-4827-8b4a-c8c3162cd52b,EMIT,DATA,587,1060,""
1046.341,sender,69f80f1b-51b5-4827-8b4a-c8c3162cd52b,RTT_SAMPLE,ACK,529,0,"111.373300"
1046.346,sender,69f80f1b-51b5-4827-8b4a-c8c3162cd52b,EMIT,DATA,540,1060,""
1046.350,sender,69f80f1b-51b5-4827-8b4a-c8c3162cd52b,SEND,DATA,593,1060,""
1046.355,sender,69f80f1b-51b5-4827-8b4a-c8c3162cd52b,SEND,DATA,594,1060,""
1046.358,sender,69f80f1b-51b5-4827-8b4a-c8c3162cd52b,EMIT,DATA,547,1060,""
1046.368,sender,69f80f1b-51b5-4827-8b4a-c8c3162cd52b,EMIT,DATA,592,1060,""
1046.377,sender,69f80f1b-51b5-4827-8b4a-c8c3162cd52b,EMIT,DATA,571,1060,""
1046.391,sender,69f80f1b-51b5-4827-8b4a-c8c3162cd52b,EMIT,DATA,578,1060,""
1046.399,sender,69f80f1b-51b5-4827-8b4a-c8c3162cd52b,EMIT,DATA,589,1060,""
1046.408,sender,69f80f1b-51b5-4827-8b4a-c8c3162cd52b,EMIT,DATA,567,1060,""
1046.417,sender,69f80f1b-51b5-4827-8b4a-c8c3162cd52b,EMIT,DATA,579,1060,""
1046.425,sender,69f80f1b-51b5-4827-8b4a-c8c3162cd52b,EMIT,DATA,588,1060,""
1046.434,sender,69f80f1b-51b5-4827-8b4a-c8c3162cd52b,EMIT,DATA,583,1060,""
1046.443,sender,69f80f1b-51b5-4827-8b4a-c8c3162cd52b,EMIT,DATA,556,1060,""
1046.463,sender,69f80f1b-51b5-4827-8b4a-c8c3162cd52b,EMIT,DATA,552,1060,""
1046.471,sender,69f80f1b-51b5-4827-8b4a-c8c3162cd52b,EMIT,DATA,564,1060,""
1061.821,sender,69f80f1b-51b5-4827-8b4a-c8c3162cd52b,RECEIVE,ACK,533,36,""
1061.852,sender,69f80f1b-51b5-4827-8b4a-c8c3162cd52b,ACKNOWLEDGED,ACK,533,0,""
1061.855,sender,69f80f1b-51b5-4827-8b4a-c8c3162cd52b,CONFIRM_DATA,ACK,533,1024,"unique file bytes acknowledged"
1061.861,sender,69f80f1b-51b5-4827-8b4a-c8c3162cd52b,RTT_SAMPLE,ACK,533,0,"95.277900"
1061.875,sender,69f80f1b-51b5-4827-8b4a-c8c3162cd52b,EMIT,DATA,590,1060,""
1061.898,sender,69f80f1b-51b5-4827-8b4a-c8c3162cd52b,RECEIVE,ACK,534,36,""
1061.900,sender,69f80f1b-51b5-4827-8b4a-c8c3162cd52b,ACKNOWLEDGED,ACK,534,0,""
1061.903,sender,69f80f1b-51b5-4827-8b4a-c8c3162cd52b,CONFIRM_DATA,ACK,534,1024,"unique file bytes acknowledged"
1061.906,sender,69f80f1b-51b5-4827-8b4a-c8c3162cd52b,RTT_SAMPLE,ACK,534,0,"95.321700"
1061.917,sender,69f80f1b-51b5-4827-8b4a-c8c3162cd52b,EMIT,DATA,554,1060,""
1061.933,sender,69f80f1b-51b5-4827-8b4a-c8c3162cd52b,EMIT,DATA,568,1060,""
1061.951,sender,69f80f1b-51b5-4827-8b4a-c8c3162cd52b,RECEIVE,ACK,553,36,""
1061.955,sender,69f80f1b-51b5-4827-8b4a-c8c3162cd52b,ACKNOWLEDGED,ACK,553,0,""
1061.957,sender,69f80f1b-51b5-4827-8b4a-c8c3162cd52b,CONFIRM_DATA,ACK,553,1024,"unique file bytes acknowledged"
1061.962,sender,69f80f1b-51b5-4827-8b4a-c8c3162cd52b,RTT_SAMPLE,ACK,553,0,"63.723400"
1061.971,sender,69f80f1b-51b5-4827-8b4a-c8c3162cd52b,EMIT,DATA,572,1060,""
1061.980,sender,69f80f1b-51b5-4827-8b4a-c8c3162cd52b,EMIT,DATA,544,1060,""
1061.989,sender,69f80f1b-51b5-4827-8b4a-c8c3162cd52b,EMIT,DATA,546,1060,""
1062.004,sender,69f80f1b-51b5-4827-8b4a-c8c3162cd52b,RECEIVE,ACK,545,36,""
1062.008,sender,69f80f1b-51b5-4827-8b4a-c8c3162cd52b,ACKNOWLEDGED,ACK,545,0,""
1062.011,sender,69f80f1b-51b5-4827-8b4a-c8c3162cd52b,CONFIRM_DATA,ACK,545,1024,"unique file bytes acknowledged"
1062.014,sender,69f80f1b-51b5-4827-8b4a-c8c3162cd52b,RTT_SAMPLE,ACK,545,0,"63.799700"
1062.018,sender,69f80f1b-51b5-4827-8b4a-c8c3162cd52b,EMIT,DATA,565,1060,""
1062.029,sender,69f80f1b-51b5-4827-8b4a-c8c3162cd52b,RECEIVE,ACK,563,36,""
1062.033,sender,69f80f1b-51b5-4827-8b4a-c8c3162cd52b,ACKNOWLEDGED,ACK,563,0,""
1062.035,sender,69f80f1b-51b5-4827-8b4a-c8c3162cd52b,CONFIRM_DATA,ACK,563,1024,"unique file bytes acknowledged"
1062.039,sender,69f80f1b-51b5-4827-8b4a-c8c3162cd52b,RTT_SAMPLE,ACK,563,0,"63.772700"
1062.053,sender,69f80f1b-51b5-4827-8b4a-c8c3162cd52b,EMIT,DATA,585,1060,""
1062.062,sender,69f80f1b-51b5-4827-8b4a-c8c3162cd52b,EMIT,DATA,584,1060,""
1062.069,sender,69f80f1b-51b5-4827-8b4a-c8c3162cd52b,EMIT,DATA,586,1060,""
1077.965,sender,69f80f1b-51b5-4827-8b4a-c8c3162cd52b,EMIT,DATA,591,1060,""
1078.059,sender,69f80f1b-51b5-4827-8b4a-c8c3162cd52b,RECEIVE,ACK,536,36,""
1078.066,sender,69f80f1b-51b5-4827-8b4a-c8c3162cd52b,ACKNOWLEDGED,ACK,536,0,""
1078.154,sender,69f80f1b-51b5-4827-8b4a-c8c3162cd52b,CONFIRM_DATA,ACK,536,1024,"unique file bytes acknowledged"
1078.160,sender,69f80f1b-51b5-4827-8b4a-c8c3162cd52b,RTT_SAMPLE,ACK,536,0,"95.328900"
1078.179,sender,69f80f1b-51b5-4827-8b4a-c8c3162cd52b,RECEIVE,ACK,550,36,""
1078.182,sender,69f80f1b-51b5-4827-8b4a-c8c3162cd52b,ACKNOWLEDGED,ACK,550,0,""
1078.184,sender,69f80f1b-51b5-4827-8b4a-c8c3162cd52b,CONFIRM_DATA,ACK,550,1024,"unique file bytes acknowledged"
1078.188,sender,69f80f1b-51b5-4827-8b4a-c8c3162cd52b,RTT_SAMPLE,ACK,550,0,"79.958300"
1078.194,sender,69f80f1b-51b5-4827-8b4a-c8c3162cd52b,RECEIVE,ACK,577,36,""
1078.197,sender,69f80f1b-51b5-4827-8b4a-c8c3162cd52b,ACKNOWLEDGED,ACK,577,0,""
1078.199,sender,69f80f1b-51b5-4827-8b4a-c8c3162cd52b,CONFIRM_DATA,ACK,577,1024,"unique file bytes acknowledged"
1078.202,sender,69f80f1b-51b5-4827-8b4a-c8c3162cd52b,RTT_SAMPLE,ACK,577,0,"79.824600"
1078.208,sender,69f80f1b-51b5-4827-8b4a-c8c3162cd52b,RECEIVE,ACK,559,36,""
1078.211,sender,69f80f1b-51b5-4827-8b4a-c8c3162cd52b,ACKNOWLEDGED,ACK,559,0,""
1078.213,sender,69f80f1b-51b5-4827-8b4a-c8c3162cd52b,CONFIRM_DATA,ACK,559,1024,"unique file bytes acknowledged"
1078.216,sender,69f80f1b-51b5-4827-8b4a-c8c3162cd52b,RTT_SAMPLE,ACK,559,0,"79.961000"
1078.222,sender,69f80f1b-51b5-4827-8b4a-c8c3162cd52b,RECEIVE,ACK,542,36,""
1078.225,sender,69f80f1b-51b5-4827-8b4a-c8c3162cd52b,ACKNOWLEDGED,ACK,542,0,""
1078.227,sender,69f80f1b-51b5-4827-8b4a-c8c3162cd52b,CONFIRM_DATA,ACK,542,1024,"unique file bytes acknowledged"
1078.230,sender,69f80f1b-51b5-4827-8b4a-c8c3162cd52b,RTT_SAMPLE,ACK,542,0,"80.052900"
1078.236,sender,69f80f1b-51b5-4827-8b4a-c8c3162cd52b,RECEIVE,ACK,589,36,""
1078.238,sender,69f80f1b-51b5-4827-8b4a-c8c3162cd52b,ACKNOWLEDGED,ACK,589,0,""
1078.241,sender,69f80f1b-51b5-4827-8b4a-c8c3162cd52b,CONFIRM_DATA,ACK,589,1024,"unique file bytes acknowledged"
1078.244,sender,69f80f1b-51b5-4827-8b4a-c8c3162cd52b,RTT_SAMPLE,ACK,589,0,"63.016700"
1078.249,sender,69f80f1b-51b5-4827-8b4a-c8c3162cd52b,RECEIVE,ACK,552,36,""
1078.252,sender,69f80f1b-51b5-4827-8b4a-c8c3162cd52b,ACKNOWLEDGED,ACK,552,0,""
1078.254,sender,69f80f1b-51b5-4827-8b4a-c8c3162cd52b,CONFIRM_DATA,ACK,552,1024,"unique file bytes acknowledged"
1078.257,sender,69f80f1b-51b5-4827-8b4a-c8c3162cd52b,RTT_SAMPLE,ACK,552,0,"80.022400"
1078.263,sender,69f80f1b-51b5-4827-8b4a-c8c3162cd52b,RECEIVE,ACK,587,36,""
1078.265,sender,69f80f1b-51b5-4827-8b4a-c8c3162cd52b,ACKNOWLEDGED,ACK,587,0,""
1078.268,sender,69f80f1b-51b5-4827-8b4a-c8c3162cd52b,CONFIRM_DATA,ACK,587,1024,"unique file bytes acknowledged"
1078.271,sender,69f80f1b-51b5-4827-8b4a-c8c3162cd52b,RTT_SAMPLE,ACK,587,0,"63.086000"
1078.276,sender,69f80f1b-51b5-4827-8b4a-c8c3162cd52b,RECEIVE,ACK,592,36,""
1078.279,sender,69f80f1b-51b5-4827-8b4a-c8c3162cd52b,ACKNOWLEDGED,ACK,592,0,""
1078.281,sender,69f80f1b-51b5-4827-8b4a-c8c3162cd52b,CONFIRM_DATA,ACK,592,1024,"unique file bytes acknowledged"
1078.284,sender,69f80f1b-51b5-4827-8b4a-c8c3162cd52b,RTT_SAMPLE,ACK,592,0,"63.044000"
1078.296,sender,69f80f1b-51b5-4827-8b4a-c8c3162cd52b,RECEIVE,ACK,580,36,""
1078.298,sender,69f80f1b-51b5-4827-8b4a-c8c3162cd52b,ACKNOWLEDGED,ACK,580,0,""
1078.300,sender,69f80f1b-51b5-4827-8b4a-c8c3162cd52b,CONFIRM_DATA,ACK,580,1024,"unique file bytes acknowledged"
1078.303,sender,69f80f1b-51b5-4827-8b4a-c8c3162cd52b,RTT_SAMPLE,ACK,580,0,"79.917400"
1078.308,sender,69f80f1b-51b5-4827-8b4a-c8c3162cd52b,RECEIVE,ACK,566,36,""
1078.310,sender,69f80f1b-51b5-4827-8b4a-c8c3162cd52b,ACKNOWLEDGED,ACK,566,0,""
1078.312,sender,69f80f1b-51b5-4827-8b4a-c8c3162cd52b,CONFIRM_DATA,ACK,566,1024,"unique file bytes acknowledged"
1078.315,sender,69f80f1b-51b5-4827-8b4a-c8c3162cd52b,RTT_SAMPLE,ACK,566,0,"80.040100"
1078.320,sender,69f80f1b-51b5-4827-8b4a-c8c3162cd52b,RECEIVE,ACK,570,36,""
1078.322,sender,69f80f1b-51b5-4827-8b4a-c8c3162cd52b,ACKNOWLEDGED,ACK,570,0,""
1078.324,sender,69f80f1b-51b5-4827-8b4a-c8c3162cd52b,CONFIRM_DATA,ACK,570,1024,"unique file bytes acknowledged"
1078.328,sender,69f80f1b-51b5-4827-8b4a-c8c3162cd52b,RTT_SAMPLE,ACK,570,0,"79.997500"
1078.332,sender,69f80f1b-51b5-4827-8b4a-c8c3162cd52b,RECEIVE,ACK,540,36,""
1078.334,sender,69f80f1b-51b5-4827-8b4a-c8c3162cd52b,ACKNOWLEDGED,ACK,540,0,""
1078.336,sender,69f80f1b-51b5-4827-8b4a-c8c3162cd52b,CONFIRM_DATA,ACK,540,1024,"unique file bytes acknowledged"
1078.339,sender,69f80f1b-51b5-4827-8b4a-c8c3162cd52b,RTT_SAMPLE,ACK,540,0,"80.168400"
1078.344,sender,69f80f1b-51b5-4827-8b4a-c8c3162cd52b,RECEIVE,ACK,575,36,""
1078.347,sender,69f80f1b-51b5-4827-8b4a-c8c3162cd52b,ACKNOWLEDGED,ACK,575,0,""
1078.353,sender,69f80f1b-51b5-4827-8b4a-c8c3162cd52b,CONFIRM_DATA,ACK,575,1024,"unique file bytes acknowledged"
1078.356,sender,69f80f1b-51b5-4827-8b4a-c8c3162cd52b,RTT_SAMPLE,ACK,575,0,"79.984000"
1078.361,sender,69f80f1b-51b5-4827-8b4a-c8c3162cd52b,RECEIVE,ACK,541,36,""
1078.363,sender,69f80f1b-51b5-4827-8b4a-c8c3162cd52b,ACKNOWLEDGED,ACK,541,0,""
1078.365,sender,69f80f1b-51b5-4827-8b4a-c8c3162cd52b,CONFIRM_DATA,ACK,541,1024,"unique file bytes acknowledged"
1078.368,sender,69f80f1b-51b5-4827-8b4a-c8c3162cd52b,RTT_SAMPLE,ACK,541,0,"80.193900"
1078.373,sender,69f80f1b-51b5-4827-8b4a-c8c3162cd52b,RECEIVE,ACK,547,36,""
1078.375,sender,69f80f1b-51b5-4827-8b4a-c8c3162cd52b,ACKNOWLEDGED,ACK,547,0,""
1078.377,sender,69f80f1b-51b5-4827-8b4a-c8c3162cd52b,CONFIRM_DATA,ACK,547,1024,"unique file bytes acknowledged"
1078.384,sender,69f80f1b-51b5-4827-8b4a-c8c3162cd52b,RTT_SAMPLE,ACK,547,0,"80.163600"
1093.356,sender,69f80f1b-51b5-4827-8b4a-c8c3162cd52b,EMIT,DATA,594,1060,""
1093.394,sender,69f80f1b-51b5-4827-8b4a-c8c3162cd52b,EMIT,DATA,593,1060,""
1093.518,sender,69f80f1b-51b5-4827-8b4a-c8c3162cd52b,RECEIVE,ACK,537,36,""
1093.529,sender,69f80f1b-51b5-4827-8b4a-c8c3162cd52b,ACKNOWLEDGED,ACK,537,0,""
1093.533,sender,69f80f1b-51b5-4827-8b4a-c8c3162cd52b,CONFIRM_DATA,ACK,537,1024,"unique file bytes acknowledged"
1093.538,sender,69f80f1b-51b5-4827-8b4a-c8c3162cd52b,RTT_SAMPLE,ACK,537,0,"110.703700"
1093.546,sender,69f80f1b-51b5-4827-8b4a-c8c3162cd52b,RECEIVE,ACK,578,36,""
1093.549,sender,69f80f1b-51b5-4827-8b4a-c8c3162cd52b,ACKNOWLEDGED,ACK,578,0,""
1093.551,sender,69f80f1b-51b5-4827-8b4a-c8c3162cd52b,CONFIRM_DATA,ACK,578,1024,"unique file bytes acknowledged"
1093.555,sender,69f80f1b-51b5-4827-8b4a-c8c3162cd52b,RTT_SAMPLE,ACK,578,0,"95.174300"
1093.561,sender,69f80f1b-51b5-4827-8b4a-c8c3162cd52b,RECEIVE,ACK,531,36,""
1093.563,sender,69f80f1b-51b5-4827-8b4a-c8c3162cd52b,ACKNOWLEDGED,ACK,531,0,""
1093.574,sender,69f80f1b-51b5-4827-8b4a-c8c3162cd52b,CONFIRM_DATA,ACK,531,1024,"unique file bytes acknowledged"
1093.578,sender,69f80f1b-51b5-4827-8b4a-c8c3162cd52b,RTT_SAMPLE,ACK,531,0,"127.004100"
1093.582,sender,69f80f1b-51b5-4827-8b4a-c8c3162cd52b,SEND,DATA,595,1060,""
1093.593,sender,69f80f1b-51b5-4827-8b4a-c8c3162cd52b,SEND,DATA,596,1060,""
1093.596,sender,69f80f1b-51b5-4827-8b4a-c8c3162cd52b,SEND,DATA,597,1060,""
1093.600,sender,69f80f1b-51b5-4827-8b4a-c8c3162cd52b,SEND,DATA,598,1060,""
1093.603,sender,69f80f1b-51b5-4827-8b4a-c8c3162cd52b,SEND,DATA,599,1060,""
1093.606,sender,69f80f1b-51b5-4827-8b4a-c8c3162cd52b,SEND,DATA,600,1060,""
1093.609,sender,69f80f1b-51b5-4827-8b4a-c8c3162cd52b,SEND,DATA,601,1060,""
1093.615,sender,69f80f1b-51b5-4827-8b4a-c8c3162cd52b,RECEIVE,ACK,573,36,""
1093.617,sender,69f80f1b-51b5-4827-8b4a-c8c3162cd52b,ACKNOWLEDGED,ACK,573,0,""
1093.620,sender,69f80f1b-51b5-4827-8b4a-c8c3162cd52b,CONFIRM_DATA,ACK,573,1024,"unique file bytes acknowledged"
1093.623,sender,69f80f1b-51b5-4827-8b4a-c8c3162cd52b,RTT_SAMPLE,ACK,573,0,"95.285300"
1093.629,sender,69f80f1b-51b5-4827-8b4a-c8c3162cd52b,RECEIVE,ACK,555,36,""
1093.632,sender,69f80f1b-51b5-4827-8b4a-c8c3162cd52b,ACKNOWLEDGED,ACK,555,0,""
1093.634,sender,69f80f1b-51b5-4827-8b4a-c8c3162cd52b,CONFIRM_DATA,ACK,555,1024,"unique file bytes acknowledged"
1093.638,sender,69f80f1b-51b5-4827-8b4a-c8c3162cd52b,RTT_SAMPLE,ACK,555,0,"95.394300"
1093.644,sender,69f80f1b-51b5-4827-8b4a-c8c3162cd52b,RECEIVE,ACK,576,36,""
1093.646,sender,69f80f1b-51b5-4827-8b4a-c8c3162cd52b,ACKNOWLEDGED,ACK,576,0,""
1093.680,sender,69f80f1b-51b5-4827-8b4a-c8c3162cd52b,CONFIRM_DATA,ACK,576,1024,"unique file bytes acknowledged"
1093.683,sender,69f80f1b-51b5-4827-8b4a-c8c3162cd52b,RTT_SAMPLE,ACK,576,0,"95.308500"
1093.701,sender,69f80f1b-51b5-4827-8b4a-c8c3162cd52b,RECEIVE,ACK,574,36,""
1093.703,sender,69f80f1b-51b5-4827-8b4a-c8c3162cd52b,ACKNOWLEDGED,ACK,574,0,""
1093.705,sender,69f80f1b-51b5-4827-8b4a-c8c3162cd52b,CONFIRM_DATA,ACK,574,1024,"unique file bytes acknowledged"
1093.708,sender,69f80f1b-51b5-4827-8b4a-c8c3162cd52b,RTT_SAMPLE,ACK,574,0,"95.367000"
1093.713,sender,69f80f1b-51b5-4827-8b4a-c8c3162cd52b,RECEIVE,ACK,556,36,""
1093.715,sender,69f80f1b-51b5-4827-8b4a-c8c3162cd52b,ACKNOWLEDGED,ACK,556,0,""
1093.717,sender,69f80f1b-51b5-4827-8b4a-c8c3162cd52b,CONFIRM_DATA,ACK,556,1024,"unique file bytes acknowledged"
1093.719,sender,69f80f1b-51b5-4827-8b4a-c8c3162cd52b,RTT_SAMPLE,ACK,556,0,"95.473100"
1093.724,sender,69f80f1b-51b5-4827-8b4a-c8c3162cd52b,RECEIVE,ACK,557,36,""
1093.726,sender,69f80f1b-51b5-4827-8b4a-c8c3162cd52b,ACKNOWLEDGED,ACK,557,0,""
1093.728,sender,69f80f1b-51b5-4827-8b4a-c8c3162cd52b,CONFIRM_DATA,ACK,557,1024,"unique file bytes acknowledged"
1093.731,sender,69f80f1b-51b5-4827-8b4a-c8c3162cd52b,RTT_SAMPLE,ACK,557,0,"95.481800"
1093.736,sender,69f80f1b-51b5-4827-8b4a-c8c3162cd52b,RECEIVE,ACK,539,36,""
1093.738,sender,69f80f1b-51b5-4827-8b4a-c8c3162cd52b,ACKNOWLEDGED,ACK,539,0,""
1093.740,sender,69f80f1b-51b5-4827-8b4a-c8c3162cd52b,CONFIRM_DATA,ACK,539,1024,"unique file bytes acknowledged"
1093.743,sender,69f80f1b-51b5-4827-8b4a-c8c3162cd52b,RTT_SAMPLE,ACK,539,0,"95.575200"
1093.747,sender,69f80f1b-51b5-4827-8b4a-c8c3162cd52b,RECEIVE,ACK,588,36,""
1093.749,sender,69f80f1b-51b5-4827-8b4a-c8c3162cd52b,ACKNOWLEDGED,ACK,588,0,""
1093.764,sender,69f80f1b-51b5-4827-8b4a-c8c3162cd52b,CONFIRM_DATA,ACK,588,1024,"unique file bytes acknowledged"
1093.767,sender,69f80f1b-51b5-4827-8b4a-c8c3162cd52b,RTT_SAMPLE,ACK,588,0,"78.579700"
1093.773,sender,69f80f1b-51b5-4827-8b4a-c8c3162cd52b,RECEIVE,ACK,583,36,""
1093.775,sender,69f80f1b-51b5-4827-8b4a-c8c3162cd52b,ACKNOWLEDGED,ACK,583,0,""
1093.778,sender,69f80f1b-51b5-4827-8b4a-c8c3162cd52b,CONFIRM_DATA,ACK,583,1024,"unique file bytes acknowledged"
1093.785,sender,69f80f1b-51b5-4827-8b4a-c8c3162cd52b,RTT_SAMPLE,ACK,583,0,"95.391600"
1093.791,sender,69f80f1b-51b5-4827-8b4a-c8c3162cd52b,RECEIVE,ACK,562,36,""
1093.794,sender,69f80f1b-51b5-4827-8b4a-c8c3162cd52b,ACKNOWLEDGED,ACK,562,0,""
1093.796,sender,69f80f1b-51b5-4827-8b4a-c8c3162cd52b,CONFIRM_DATA,ACK,562,1024,"unique file bytes acknowledged"
1093.799,sender,69f80f1b-51b5-4827-8b4a-c8c3162cd52b,RTT_SAMPLE,ACK,562,0,"95.535900"
1093.805,sender,69f80f1b-51b5-4827-8b4a-c8c3162cd52b,RECEIVE,ACK,543,36,""
1093.807,sender,69f80f1b-51b5-4827-8b4a-c8c3162cd52b,ACKNOWLEDGED,ACK,543,0,""
1093.810,sender,69f80f1b-51b5-4827-8b4a-c8c3162cd52b,CONFIRM_DATA,ACK,543,1024,"unique file bytes acknowledged"
1093.813,sender,69f80f1b-51b5-4827-8b4a-c8c3162cd52b,RTT_SAMPLE,ACK,543,0,"95.632800"
1093.819,sender,69f80f1b-51b5-4827-8b4a-c8c3162cd52b,RECEIVE,ACK,548,36,""
1093.821,sender,69f80f1b-51b5-4827-8b4a-c8c3162cd52b,ACKNOWLEDGED,ACK,548,0,""
1093.824,sender,69f80f1b-51b5-4827-8b4a-c8c3162cd52b,CONFIRM_DATA,ACK,548,1024,"unique file bytes acknowledged"
1093.827,sender,69f80f1b-51b5-4827-8b4a-c8c3162cd52b,RTT_SAMPLE,ACK,548,0,"95.603800"
1093.837,sender,69f80f1b-51b5-4827-8b4a-c8c3162cd52b,RECEIVE,ACK,561,36,""
1093.840,sender,69f80f1b-51b5-4827-8b4a-c8c3162cd52b,ACKNOWLEDGED,ACK,561,0,""
1093.842,sender,69f80f1b-51b5-4827-8b4a-c8c3162cd52b,CONFIRM_DATA,ACK,561,1024,"unique file bytes acknowledged"
1093.845,sender,69f80f1b-51b5-4827-8b4a-c8c3162cd52b,RTT_SAMPLE,ACK,561,0,"95.584400"
1093.854,sender,69f80f1b-51b5-4827-8b4a-c8c3162cd52b,RECEIVE,ACK,579,36,""
1093.856,sender,69f80f1b-51b5-4827-8b4a-c8c3162cd52b,ACKNOWLEDGED,ACK,579,0,""
1093.859,sender,69f80f1b-51b5-4827-8b4a-c8c3162cd52b,CONFIRM_DATA,ACK,579,1024,"unique file bytes acknowledged"
1093.862,sender,69f80f1b-51b5-4827-8b4a-c8c3162cd52b,RTT_SAMPLE,ACK,579,0,"95.478900"
1093.867,sender,69f80f1b-51b5-4827-8b4a-c8c3162cd52b,RECEIVE,ACK,551,36,""
1093.869,sender,69f80f1b-51b5-4827-8b4a-c8c3162cd52b,ACKNOWLEDGED,ACK,551,0,""
1093.872,sender,69f80f1b-51b5-4827-8b4a-c8c3162cd52b,CONFIRM_DATA,ACK,551,1024,"unique file bytes acknowledged"
1093.875,sender,69f80f1b-51b5-4827-8b4a-c8c3162cd52b,RTT_SAMPLE,ACK,551,0,"95.643000"
1093.880,sender,69f80f1b-51b5-4827-8b4a-c8c3162cd52b,RECEIVE,ACK,567,36,""
1093.882,sender,69f80f1b-51b5-4827-8b4a-c8c3162cd52b,ACKNOWLEDGED,ACK,567,0,""
1093.885,sender,69f80f1b-51b5-4827-8b4a-c8c3162cd52b,CONFIRM_DATA,ACK,567,1024,"unique file bytes acknowledged"
1093.888,sender,69f80f1b-51b5-4827-8b4a-c8c3162cd52b,RTT_SAMPLE,ACK,567,0,"95.610000"
1093.893,sender,69f80f1b-51b5-4827-8b4a-c8c3162cd52b,RECEIVE,ACK,558,36,""
1093.896,sender,69f80f1b-51b5-4827-8b4a-c8c3162cd52b,ACKNOWLEDGED,ACK,558,0,""
1093.898,sender,69f80f1b-51b5-4827-8b4a-c8c3162cd52b,CONFIRM_DATA,ACK,558,1024,"unique file bytes acknowledged"
1093.901,sender,69f80f1b-51b5-4827-8b4a-c8c3162cd52b,RTT_SAMPLE,ACK,558,0,"95.648900"
1093.906,sender,69f80f1b-51b5-4827-8b4a-c8c3162cd52b,RECEIVE,ACK,549,36,""
1093.909,sender,69f80f1b-51b5-4827-8b4a-c8c3162cd52b,ACKNOWLEDGED,ACK,549,0,""
1093.911,sender,69f80f1b-51b5-4827-8b4a-c8c3162cd52b,CONFIRM_DATA,ACK,549,1024,"unique file bytes acknowledged"
1093.914,sender,69f80f1b-51b5-4827-8b4a-c8c3162cd52b,RTT_SAMPLE,ACK,549,0,"95.688000"
1093.919,sender,69f80f1b-51b5-4827-8b4a-c8c3162cd52b,RECEIVE,ACK,581,36,""
1093.921,sender,69f80f1b-51b5-4827-8b4a-c8c3162cd52b,ACKNOWLEDGED,ACK,581,0,""
1093.924,sender,69f80f1b-51b5-4827-8b4a-c8c3162cd52b,CONFIRM_DATA,ACK,581,1024,"unique file bytes acknowledged"
1093.927,sender,69f80f1b-51b5-4827-8b4a-c8c3162cd52b,RTT_SAMPLE,ACK,581,0,"95.538800"
1093.932,sender,69f80f1b-51b5-4827-8b4a-c8c3162cd52b,RECEIVE,ACK,586,36,""
1093.934,sender,69f80f1b-51b5-4827-8b4a-c8c3162cd52b,ACKNOWLEDGED,ACK,586,0,""
1093.937,sender,69f80f1b-51b5-4827-8b4a-c8c3162cd52b,CONFIRM_DATA,ACK,586,1024,"unique file bytes acknowledged"
1093.940,sender,69f80f1b-51b5-4827-8b4a-c8c3162cd52b,RTT_SAMPLE,ACK,586,0,"78.757800"
1093.957,sender,69f80f1b-51b5-4827-8b4a-c8c3162cd52b,RECEIVE,ACK,585,36,""
1093.959,sender,69f80f1b-51b5-4827-8b4a-c8c3162cd52b,ACKNOWLEDGED,ACK,585,0,""
1093.961,sender,69f80f1b-51b5-4827-8b4a-c8c3162cd52b,CONFIRM_DATA,ACK,585,1024,"unique file bytes acknowledged"
1093.963,sender,69f80f1b-51b5-4827-8b4a-c8c3162cd52b,RTT_SAMPLE,ACK,585,0,"78.785100"
1093.968,sender,69f80f1b-51b5-4827-8b4a-c8c3162cd52b,RECEIVE,ACK,571,36,""
1093.970,sender,69f80f1b-51b5-4827-8b4a-c8c3162cd52b,ACKNOWLEDGED,ACK,571,0,""
1093.972,sender,69f80f1b-51b5-4827-8b4a-c8c3162cd52b,CONFIRM_DATA,ACK,571,1024,"unique file bytes acknowledged"
1093.974,sender,69f80f1b-51b5-4827-8b4a-c8c3162cd52b,RTT_SAMPLE,ACK,571,0,"95.642200"
1093.979,sender,69f80f1b-51b5-4827-8b4a-c8c3162cd52b,RECEIVE,ACK,564,36,""
1093.981,sender,69f80f1b-51b5-4827-8b4a-c8c3162cd52b,ACKNOWLEDGED,ACK,564,0,""
1093.983,sender,69f80f1b-51b5-4827-8b4a-c8c3162cd52b,CONFIRM_DATA,ACK,564,1024,"unique file bytes acknowledged"
1093.985,sender,69f80f1b-51b5-4827-8b4a-c8c3162cd52b,RTT_SAMPLE,ACK,564,0,"95.716700"
1093.990,sender,69f80f1b-51b5-4827-8b4a-c8c3162cd52b,RECEIVE,ACK,569,36,""
1093.992,sender,69f80f1b-51b5-4827-8b4a-c8c3162cd52b,ACKNOWLEDGED,ACK,569,0,""
1093.994,sender,69f80f1b-51b5-4827-8b4a-c8c3162cd52b,CONFIRM_DATA,ACK,569,1024,"unique file bytes acknowledged"
1093.996,sender,69f80f1b-51b5-4827-8b4a-c8c3162cd52b,RTT_SAMPLE,ACK,569,0,"95.669800"
1094.001,sender,69f80f1b-51b5-4827-8b4a-c8c3162cd52b,RECEIVE,ACK,560,36,""
1094.003,sender,69f80f1b-51b5-4827-8b4a-c8c3162cd52b,ACKNOWLEDGED,ACK,560,0,""
1094.005,sender,69f80f1b-51b5-4827-8b4a-c8c3162cd52b,CONFIRM_DATA,ACK,560,1024,"unique file bytes acknowledged"
1094.007,sender,69f80f1b-51b5-4827-8b4a-c8c3162cd52b,RTT_SAMPLE,ACK,560,0,"95.749700"
1109.048,sender,69f80f1b-51b5-4827-8b4a-c8c3162cd52b,RECEIVE,ACK,546,36,""
1109.065,sender,69f80f1b-51b5-4827-8b4a-c8c3162cd52b,ACKNOWLEDGED,ACK,546,0,""
1109.098,sender,69f80f1b-51b5-4827-8b4a-c8c3162cd52b,CONFIRM_DATA,ACK,546,1024,"unique file bytes acknowledged"
1109.104,sender,69f80f1b-51b5-4827-8b4a-c8c3162cd52b,RTT_SAMPLE,ACK,546,0,"110.884900"
1109.112,sender,69f80f1b-51b5-4827-8b4a-c8c3162cd52b,RECEIVE,ACK,582,36,""
1109.115,sender,69f80f1b-51b5-4827-8b4a-c8c3162cd52b,ACKNOWLEDGED,ACK,582,0,""
1109.117,sender,69f80f1b-51b5-4827-8b4a-c8c3162cd52b,CONFIRM_DATA,ACK,582,1024,"unique file bytes acknowledged"
1109.120,sender,69f80f1b-51b5-4827-8b4a-c8c3162cd52b,RTT_SAMPLE,ACK,582,0,"110.729100"
1109.125,sender,69f80f1b-51b5-4827-8b4a-c8c3162cd52b,RECEIVE,ACK,538,36,""
1109.127,sender,69f80f1b-51b5-4827-8b4a-c8c3162cd52b,ACKNOWLEDGED,ACK,538,0,""
1109.129,sender,69f80f1b-51b5-4827-8b4a-c8c3162cd52b,CONFIRM_DATA,ACK,538,1024,"unique file bytes acknowledged"
1109.132,sender,69f80f1b-51b5-4827-8b4a-c8c3162cd52b,RTT_SAMPLE,ACK,538,0,"111.216000"
1109.135,sender,69f80f1b-51b5-4827-8b4a-c8c3162cd52b,SEND,DATA,602,1060,""
1109.141,sender,69f80f1b-51b5-4827-8b4a-c8c3162cd52b,SEND,DATA,603,1060,""
1109.144,sender,69f80f1b-51b5-4827-8b4a-c8c3162cd52b,SEND,DATA,604,1060,""
1109.147,sender,69f80f1b-51b5-4827-8b4a-c8c3162cd52b,SEND,DATA,605,1060,""
1109.150,sender,69f80f1b-51b5-4827-8b4a-c8c3162cd52b,SEND,DATA,606,1060,""
1109.152,sender,69f80f1b-51b5-4827-8b4a-c8c3162cd52b,SEND,DATA,607,1060,""
1109.157,sender,69f80f1b-51b5-4827-8b4a-c8c3162cd52b,RECEIVE,ACK,565,36,""
1109.159,sender,69f80f1b-51b5-4827-8b4a-c8c3162cd52b,ACKNOWLEDGED,ACK,565,0,""
1109.161,sender,69f80f1b-51b5-4827-8b4a-c8c3162cd52b,CONFIRM_DATA,ACK,565,1024,"unique file bytes acknowledged"
1109.164,sender,69f80f1b-51b5-4827-8b4a-c8c3162cd52b,RTT_SAMPLE,ACK,565,0,"110.892200"
1109.168,sender,69f80f1b-51b5-4827-8b4a-c8c3162cd52b,RECEIVE,ACK,590,36,""
1109.171,sender,69f80f1b-51b5-4827-8b4a-c8c3162cd52b,ACKNOWLEDGED,ACK,590,0,""
1109.173,sender,69f80f1b-51b5-4827-8b4a-c8c3162cd52b,CONFIRM_DATA,ACK,590,1024,"unique file bytes acknowledged"
1109.175,sender,69f80f1b-51b5-4827-8b4a-c8c3162cd52b,RTT_SAMPLE,ACK,590,0,"93.945300"
1109.180,sender,69f80f1b-51b5-4827-8b4a-c8c3162cd52b,RECEIVE,ACK,554,36,""
1109.182,sender,69f80f1b-51b5-4827-8b4a-c8c3162cd52b,ACKNOWLEDGED,ACK,554,0,""
1109.184,sender,69f80f1b-51b5-4827-8b4a-c8c3162cd52b,CONFIRM_DATA,ACK,554,1024,"unique file bytes acknowledged"
1109.187,sender,69f80f1b-51b5-4827-8b4a-c8c3162cd52b,RTT_SAMPLE,ACK,554,0,"110.946800"
1109.192,sender,69f80f1b-51b5-4827-8b4a-c8c3162cd52b,RECEIVE,ACK,591,36,""
1109.197,sender,69f80f1b-51b5-4827-8b4a-c8c3162cd52b,ACKNOWLEDGED,ACK,591,0,""
1109.200,sender,69f80f1b-51b5-4827-8b4a-c8c3162cd52b,CONFIRM_DATA,ACK,591,1024,"unique file bytes acknowledged"
1109.203,sender,69f80f1b-51b5-4827-8b4a-c8c3162cd52b,RTT_SAMPLE,ACK,591,0,"93.969700"
1109.208,sender,69f80f1b-51b5-4827-8b4a-c8c3162cd52b,RECEIVE,ACK,544,36,""
1109.210,sender,69f80f1b-51b5-4827-8b4a-c8c3162cd52b,ACKNOWLEDGED,ACK,544,0,""
1109.212,sender,69f80f1b-51b5-4827-8b4a-c8c3162cd52b,CONFIRM_DATA,ACK,544,1024,"unique file bytes acknowledged"
1109.215,sender,69f80f1b-51b5-4827-8b4a-c8c3162cd52b,RTT_SAMPLE,ACK,544,0,"111.004200"
1109.219,sender,69f80f1b-51b5-4827-8b4a-c8c3162cd52b,SEND,DATA,608,1060,""
1109.221,sender,69f80f1b-51b5-4827-8b4a-c8c3162cd52b,SEND,DATA,609,1060,""
1109.224,sender,69f80f1b-51b5-4827-8b4a-c8c3162cd52b,SEND,DATA,610,1060,""
1109.227,sender,69f80f1b-51b5-4827-8b4a-c8c3162cd52b,SEND,DATA,611,1060,""
1109.230,sender,69f80f1b-51b5-4827-8b4a-c8c3162cd52b,SEND,DATA,612,1060,""
1109.233,sender,69f80f1b-51b5-4827-8b4a-c8c3162cd52b,SEND,DATA,613,1060,""
1109.236,sender,69f80f1b-51b5-4827-8b4a-c8c3162cd52b,SEND,DATA,614,1060,""
1109.238,sender,69f80f1b-51b5-4827-8b4a-c8c3162cd52b,SEND,DATA,615,1060,""
1109.241,sender,69f80f1b-51b5-4827-8b4a-c8c3162cd52b,SEND,DATA,616,1060,""
1109.244,sender,69f80f1b-51b5-4827-8b4a-c8c3162cd52b,SEND,DATA,617,1060,""
1109.246,sender,69f80f1b-51b5-4827-8b4a-c8c3162cd52b,SEND,DATA,618,1060,""
1109.249,sender,69f80f1b-51b5-4827-8b4a-c8c3162cd52b,SEND,DATA,619,1060,""
1109.252,sender,69f80f1b-51b5-4827-8b4a-c8c3162cd52b,SEND,DATA,620,1060,""
1109.259,sender,69f80f1b-51b5-4827-8b4a-c8c3162cd52b,SEND,DATA,621,1060,""
1109.262,sender,69f80f1b-51b5-4827-8b4a-c8c3162cd52b,SEND,DATA,622,1060,""
1109.265,sender,69f80f1b-51b5-4827-8b4a-c8c3162cd52b,SEND,DATA,623,1060,""
1109.267,sender,69f80f1b-51b5-4827-8b4a-c8c3162cd52b,SEND,DATA,624,1060,""
1109.270,sender,69f80f1b-51b5-4827-8b4a-c8c3162cd52b,SEND,DATA,625,1060,""
1109.273,sender,69f80f1b-51b5-4827-8b4a-c8c3162cd52b,SEND,DATA,626,1060,""
1109.275,sender,69f80f1b-51b5-4827-8b4a-c8c3162cd52b,SEND,DATA,627,1060,""
1109.278,sender,69f80f1b-51b5-4827-8b4a-c8c3162cd52b,SEND,DATA,628,1060,""
1109.281,sender,69f80f1b-51b5-4827-8b4a-c8c3162cd52b,SEND,DATA,629,1060,""
1109.283,sender,69f80f1b-51b5-4827-8b4a-c8c3162cd52b,SEND,DATA,630,1060,""
1109.286,sender,69f80f1b-51b5-4827-8b4a-c8c3162cd52b,SEND,DATA,631,1060,""
1109.291,sender,69f80f1b-51b5-4827-8b4a-c8c3162cd52b,RECEIVE,ACK,572,36,""
1109.293,sender,69f80f1b-51b5-4827-8b4a-c8c3162cd52b,ACKNOWLEDGED,ACK,572,0,""
1109.295,sender,69f80f1b-51b5-4827-8b4a-c8c3162cd52b,CONFIRM_DATA,ACK,572,1024,"unique file bytes acknowledged"
1109.298,sender,69f80f1b-51b5-4827-8b4a-c8c3162cd52b,RTT_SAMPLE,ACK,572,0,"110.963500"
1124.843,sender,69f80f1b-51b5-4827-8b4a-c8c3162cd52b,EMIT,DATA,598,1060,""
1125.102,sender,69f80f1b-51b5-4827-8b4a-c8c3162cd52b,RECEIVE,ACK,584,36,""
1125.113,sender,69f80f1b-51b5-4827-8b4a-c8c3162cd52b,ACKNOWLEDGED,ACK,584,0,""
1125.117,sender,69f80f1b-51b5-4827-8b4a-c8c3162cd52b,CONFIRM_DATA,ACK,584,1024,"unique file bytes acknowledged"
1125.123,sender,69f80f1b-51b5-4827-8b4a-c8c3162cd52b,RTT_SAMPLE,ACK,584,0,"110.265200"
1125.148,sender,69f80f1b-51b5-4827-8b4a-c8c3162cd52b,RECEIVE,ACK,568,36,""
1125.151,sender,69f80f1b-51b5-4827-8b4a-c8c3162cd52b,ACKNOWLEDGED,ACK,568,0,""
1125.154,sender,69f80f1b-51b5-4827-8b4a-c8c3162cd52b,CONFIRM_DATA,ACK,568,1024,"unique file bytes acknowledged"
1125.157,sender,69f80f1b-51b5-4827-8b4a-c8c3162cd52b,RTT_SAMPLE,ACK,568,0,"126.876100"
1125.161,sender,69f80f1b-51b5-4827-8b4a-c8c3162cd52b,SEND,DATA,632,1060,""
1125.166,sender,69f80f1b-51b5-4827-8b4a-c8c3162cd52b,SEND,DATA,633,1060,""
1125.169,sender,69f80f1b-51b5-4827-8b4a-c8c3162cd52b,SEND,DATA,634,1060,""
1125.172,sender,69f80f1b-51b5-4827-8b4a-c8c3162cd52b,SEND,DATA,635,1060,""
1125.176,sender,69f80f1b-51b5-4827-8b4a-c8c3162cd52b,SEND,DATA,636,1060,""
1125.179,sender,69f80f1b-51b5-4827-8b4a-c8c3162cd52b,SEND,DATA,637,1060,""
1125.182,sender,69f80f1b-51b5-4827-8b4a-c8c3162cd52b,SEND,DATA,638,1060,""
1125.185,sender,69f80f1b-51b5-4827-8b4a-c8c3162cd52b,SEND,DATA,639,1060,""
1125.200,sender,69f80f1b-51b5-4827-8b4a-c8c3162cd52b,SEND,DATA,640,1060,""
1125.203,sender,69f80f1b-51b5-4827-8b4a-c8c3162cd52b,SEND,DATA,641,1060,""
1125.206,sender,69f80f1b-51b5-4827-8b4a-c8c3162cd52b,SEND,DATA,642,1060,""
1125.209,sender,69f80f1b-51b5-4827-8b4a-c8c3162cd52b,SEND,DATA,643,1060,""
1125.212,sender,69f80f1b-51b5-4827-8b4a-c8c3162cd52b,SEND,DATA,644,1060,""
1125.214,sender,69f80f1b-51b5-4827-8b4a-c8c3162cd52b,SEND,DATA,645,1060,""
1125.217,sender,69f80f1b-51b5-4827-8b4a-c8c3162cd52b,SEND,DATA,646,1060,""
1125.220,sender,69f80f1b-51b5-4827-8b4a-c8c3162cd52b,SEND,DATA,647,1060,""
1125.223,sender,69f80f1b-51b5-4827-8b4a-c8c3162cd52b,SEND,DATA,648,1060,""
1125.226,sender,69f80f1b-51b5-4827-8b4a-c8c3162cd52b,SEND,DATA,649,1060,""
1125.229,sender,69f80f1b-51b5-4827-8b4a-c8c3162cd52b,SEND,DATA,650,1060,""
1125.232,sender,69f80f1b-51b5-4827-8b4a-c8c3162cd52b,SEND,DATA,651,1060,""
1125.235,sender,69f80f1b-51b5-4827-8b4a-c8c3162cd52b,SEND,DATA,652,1060,""
1125.238,sender,69f80f1b-51b5-4827-8b4a-c8c3162cd52b,SEND,DATA,653,1060,""
1125.241,sender,69f80f1b-51b5-4827-8b4a-c8c3162cd52b,SEND,DATA,654,1060,""
1125.244,sender,69f80f1b-51b5-4827-8b4a-c8c3162cd52b,SEND,DATA,655,1060,""
1125.247,sender,69f80f1b-51b5-4827-8b4a-c8c3162cd52b,SEND,DATA,656,1060,""
1140.803,sender,69f80f1b-51b5-4827-8b4a-c8c3162cd52b,EMIT,DATA,596,1060,""
1140.822,sender,69f80f1b-51b5-4827-8b4a-c8c3162cd52b,EMIT,DATA,597,1060,""
1140.831,sender,69f80f1b-51b5-4827-8b4a-c8c3162cd52b,EMIT,DATA,600,1060,""
1140.880,sender,69f80f1b-51b5-4827-8b4a-c8c3162cd52b,EMIT,DATA,615,1060,""
1140.887,sender,69f80f1b-51b5-4827-8b4a-c8c3162cd52b,EMIT,DATA,618,1060,""
1140.895,sender,69f80f1b-51b5-4827-8b4a-c8c3162cd52b,EMIT,DATA,625,1060,""
1140.901,sender,69f80f1b-51b5-4827-8b4a-c8c3162cd52b,EMIT,DATA,599,1060,""
1140.920,sender,69f80f1b-51b5-4827-8b4a-c8c3162cd52b,EMIT,DATA,621,1060,""
1140.926,sender,69f80f1b-51b5-4827-8b4a-c8c3162cd52b,EMIT,DATA,604,1060,""
1140.933,sender,69f80f1b-51b5-4827-8b4a-c8c3162cd52b,EMIT,DATA,606,1060,""
1140.940,sender,69f80f1b-51b5-4827-8b4a-c8c3162cd52b,EMIT,DATA,601,1060,""
1140.948,sender,69f80f1b-51b5-4827-8b4a-c8c3162cd52b,RECEIVE,ACK,593,36,""
1140.958,sender,69f80f1b-51b5-4827-8b4a-c8c3162cd52b,ACKNOWLEDGED,ACK,593,0,""
1140.962,sender,69f80f1b-51b5-4827-8b4a-c8c3162cd52b,CONFIRM_DATA,ACK,593,1024,"unique file bytes acknowledged"
1140.968,sender,69f80f1b-51b5-4827-8b4a-c8c3162cd52b,RTT_SAMPLE,ACK,593,0,"94.619900"
1140.975,sender,69f80f1b-51b5-4827-8b4a-c8c3162cd52b,SEND,DATA,657,1060,""
1156.920,sender,69f80f1b-51b5-4827-8b4a-c8c3162cd52b,EMIT,DATA,603,1060,""
1156.939,sender,69f80f1b-51b5-4827-8b4a-c8c3162cd52b,EMIT,DATA,607,1060,""
1156.947,sender,69f80f1b-51b5-4827-8b4a-c8c3162cd52b,EMIT,DATA,611,1060,""
1156.954,sender,69f80f1b-51b5-4827-8b4a-c8c3162cd52b,EMIT,DATA,619,1060,""
1156.961,sender,69f80f1b-51b5-4827-8b4a-c8c3162cd52b,EMIT,DATA,620,1060,""
1156.968,sender,69f80f1b-51b5-4827-8b4a-c8c3162cd52b,EMIT,DATA,626,1060,""
1156.974,sender,69f80f1b-51b5-4827-8b4a-c8c3162cd52b,EMIT,DATA,630,1060,""
1156.981,sender,69f80f1b-51b5-4827-8b4a-c8c3162cd52b,EMIT,DATA,595,1060,""
1156.988,sender,69f80f1b-51b5-4827-8b4a-c8c3162cd52b,EMIT,DATA,610,1060,""
1156.995,sender,69f80f1b-51b5-4827-8b4a-c8c3162cd52b,EMIT,DATA,602,1060,""
1157.002,sender,69f80f1b-51b5-4827-8b4a-c8c3162cd52b,EMIT,DATA,631,1060,""
1157.008,sender,69f80f1b-51b5-4827-8b4a-c8c3162cd52b,EMIT,DATA,617,1060,""
1157.016,sender,69f80f1b-51b5-4827-8b4a-c8c3162cd52b,EMIT,DATA,608,1060,""
1157.023,sender,69f80f1b-51b5-4827-8b4a-c8c3162cd52b,EMIT,DATA,609,1060,""
1157.074,sender,69f80f1b-51b5-4827-8b4a-c8c3162cd52b,RECEIVE,ACK,594,36,""
1157.094,sender,69f80f1b-51b5-4827-8b4a-c8c3162cd52b,ACKNOWLEDGED,ACK,594,0,""
1157.098,sender,69f80f1b-51b5-4827-8b4a-c8c3162cd52b,CONFIRM_DATA,ACK,594,1024,"unique file bytes acknowledged"
1157.104,sender,69f80f1b-51b5-4827-8b4a-c8c3162cd52b,RTT_SAMPLE,ACK,594,0,"110.747800"
1157.110,sender,69f80f1b-51b5-4827-8b4a-c8c3162cd52b,SEND,DATA,658,1060,""
1157.125,sender,69f80f1b-51b5-4827-8b4a-c8c3162cd52b,EMIT,DATA,629,1060,""
1157.173,sender,69f80f1b-51b5-4827-8b4a-c8c3162cd52b,EMIT,DATA,623,1060,""
1157.186,sender,69f80f1b-51b5-4827-8b4a-c8c3162cd52b,EMIT,DATA,645,1060,""
1157.196,sender,69f80f1b-51b5-4827-8b4a-c8c3162cd52b,EMIT,DATA,614,1060,""
1157.203,sender,69f80f1b-51b5-4827-8b4a-c8c3162cd52b,RECEIVE,ACK,598,36,""
1157.208,sender,69f80f1b-51b5-4827-8b4a-c8c3162cd52b,EMIT,DATA,624,1060,""
1157.211,sender,69f80f1b-51b5-4827-8b4a-c8c3162cd52b,ACKNOWLEDGED,ACK,598,0,""
1157.215,sender,69f80f1b-51b5-4827-8b4a-c8c3162cd52b,CONFIRM_DATA,ACK,598,1024,"unique file bytes acknowledged"
1157.218,sender,69f80f1b-51b5-4827-8b4a-c8c3162cd52b,EMIT,DATA,643,1060,""
1157.222,sender,69f80f1b-51b5-4827-8b4a-c8c3162cd52b,RTT_SAMPLE,ACK,598,0,"63.618100"
1157.227,sender,69f80f1b-51b5-4827-8b4a-c8c3162cd52b,EMIT,DATA,628,1060,""
1157.236,sender,69f80f1b-51b5-4827-8b4a-c8c3162cd52b,EMIT,DATA,656,1060,""
1157.245,sender,69f80f1b-51b5-4827-8b4a-c8c3162cd52b,EMIT,DATA,637,1060,""
1157.253,sender,69f80f1b-51b5-4827-8b4a-c8c3162cd52b,EMIT,DATA,639,1060,""
1157.262,sender,69f80f1b-51b5-4827-8b4a-c8c3162cd52b,EMIT,DATA,641,1060,""
1157.276,sender,69f80f1b-51b5-4827-8b4a-c8c3162cd52b,EMIT,DATA,647,1060,""
1157.292,sender,69f80f1b-51b5-4827-8b4a-c8c3162cd52b,EMIT,DATA,612,1060,""
1157.300,sender,69f80f1b-51b5-4827-8b4a-c8c3162cd52b,EMIT,DATA,613,1060,""
1157.308,sender,69f80f1b-51b5-4827-8b4a-c8c3162cd52b,EMIT,DATA,622,1060,""
1157.317,sender,69f80f1b-51b5-4827-8b4a-c8c3162cd52b,EMIT,DATA,605,1060,""
1157.325,sender,69f80f1b-51b5-4827-8b4a-c8c3162cd52b,EMIT,DATA,644,1060,""
1157.333,sender,69f80f1b-51b5-4827-8b4a-c8c3162cd52b,EMIT,DATA,649,1060,""
1157.341,sender,69f80f1b-51b5-4827-8b4a-c8c3162cd52b,EMIT,DATA,651,1060,""
1157.354,sender,69f80f1b-51b5-4827-8b4a-c8c3162cd52b,EMIT,DATA,652,1060,""
1157.361,sender,69f80f1b-51b5-4827-8b4a-c8c3162cd52b,EMIT,DATA,650,1060,""
1172.808,sender,69f80f1b-51b5-4827-8b4a-c8c3162cd52b,EMIT,DATA,616,1060,""
1172.836,sender,69f80f1b-51b5-4827-8b4a-c8c3162cd52b,EMIT,DATA,638,1060,""
1172.850,sender,69f80f1b-51b5-4827-8b4a-c8c3162cd52b,EMIT,DATA,627,1060,""
1172.861,sender,69f80f1b-51b5-4827-8b4a-c8c3162cd52b,EMIT,DATA,636,1060,""
1172.872,sender,69f80f1b-51b5-4827-8b4a-c8c3162cd52b,EMIT,DATA,642,1060,""
1172.883,sender,69f80f1b-51b5-4827-8b4a-c8c3162cd52b,EMIT,DATA,634,1060,""
1172.892,sender,69f80f1b-51b5-4827-8b4a-c8c3162cd52b,EMIT,DATA,646,1060,""
1172.902,sender,69f80f1b-51b5-4827-8b4a-c8c3162cd52b,EMIT,DATA,654,1060,""
1172.912,sender,69f80f1b-51b5-4827-8b4a-c8c3162cd52b,EMIT,DATA,653,1060,""
1172.925,sender,69f80f1b-51b5-4827-8b4a-c8c3162cd52b,EMIT,DATA,657,1060,""
1172.933,sender,69f80f1b-51b5-4827-8b4a-c8c3162cd52b,EMIT,DATA,632,1060,""
1172.987,sender,69f80f1b-51b5-4827-8b4a-c8c3162cd52b,RECEIVE,ACK,599,36,""
1172.997,sender,69f80f1b-51b5-4827-8b4a-c8c3162cd52b,ACKNOWLEDGED,ACK,599,0,""
1173.001,sender,69f80f1b-51b5-4827-8b4a-c8c3162cd52b,CONFIRM_DATA,ACK,599,1024,"unique file bytes acknowledged"
1173.006,sender,69f80f1b-51b5-4827-8b4a-c8c3162cd52b,RTT_SAMPLE,ACK,599,0,"79.401600"
1173.014,sender,69f80f1b-51b5-4827-8b4a-c8c3162cd52b,RECEIVE,ACK,604,36,""
1173.017,sender,69f80f1b-51b5-4827-8b4a-c8c3162cd52b,ACKNOWLEDGED,ACK,604,0,""
1173.020,sender,69f80f1b-51b5-4827-8b4a-c8c3162cd52b,CONFIRM_DATA,ACK,604,1024,"unique file bytes acknowledged"
1173.024,sender,69f80f1b-51b5-4827-8b4a-c8c3162cd52b,RTT_SAMPLE,ACK,604,0,"63.879500"
1173.034,sender,69f80f1b-51b5-4827-8b4a-c8c3162cd52b,RECEIVE,ACK,606,36,""
1173.036,sender,69f80f1b-51b5-4827-8b4a-c8c3162cd52b,ACKNOWLEDGED,ACK,606,0,""
1173.039,sender,69f80f1b-51b5-4827-8b4a-c8c3162cd52b,CONFIRM_DATA,ACK,606,1024,"unique file bytes acknowledged"
1173.042,sender,69f80f1b-51b5-4827-8b4a-c8c3162cd52b,RTT_SAMPLE,ACK,606,0,"63.891800"
1188.807,sender,69f80f1b-51b5-4827-8b4a-c8c3162cd52b,EMIT,DATA,635,1060,""
1188.821,sender,69f80f1b-51b5-4827-8b4a-c8c3162cd52b,RECEIVE,ACK,621,36,""
1188.832,sender,69f80f1b-51b5-4827-8b4a-c8c3162cd52b,EMIT,DATA,648,1060,""
1188.836,sender,69f80f1b-51b5-4827-8b4a-c8c3162cd52b,ACKNOWLEDGED,ACK,621,0,""
1188.840,sender,69f80f1b-51b5-4827-8b4a-c8c3162cd52b,CONFIRM_DATA,ACK,621,1024,"unique file bytes acknowledged"
1188.853,sender,69f80f1b-51b5-4827-8b4a-c8c3162cd52b,EMIT,DATA,640,1060,""
1188.858,sender,69f80f1b-51b5-4827-8b4a-c8c3162cd52b,RTT_SAMPLE,ACK,621,0,"79.593700"
1188.865,sender,69f80f1b-51b5-4827-8b4a-c8c3162cd52b,EMIT,DATA,633,1060,""
1188.869,sender,69f80f1b-51b5-4827-8b4a-c8c3162cd52b,RECEIVE,ACK,614,36,""
1188.873,sender,69f80f1b-51b5-4827-8b4a-c8c3162cd52b,ACKNOWLEDGED,ACK,614,0,""
1188.876,sender,69f80f1b-51b5-4827-8b4a-c8c3162cd52b,CONFIRM_DATA,ACK,614,1024,"unique file bytes acknowledged"
1188.879,sender,69f80f1b-51b5-4827-8b4a-c8c3162cd52b,EMIT,DATA,655,1060,""
1188.883,sender,69f80f1b-51b5-4827-8b4a-c8c3162cd52b,RTT_SAMPLE,ACK,614,0,"79.643700"
1188.891,sender,69f80f1b-51b5-4827-8b4a-c8c3162cd52b,RECEIVE,ACK,622,36,""
1188.898,sender,69f80f1b-51b5-4827-8b4a-c8c3162cd52b,ACKNOWLEDGED,ACK,622,0,""
1188.901,sender,69f80f1b-51b5-4827-8b4a-c8c3162cd52b,CONFIRM_DATA,ACK,622,1024,"unique file bytes acknowledged"
1188.904,sender,69f80f1b-51b5-4827-8b4a-c8c3162cd52b,RTT_SAMPLE,ACK,622,0,"79.641800"
1188.911,sender,69f80f1b-51b5-4827-8b4a-c8c3162cd52b,RECEIVE,ACK,650,36,""
1188.914,sender,69f80f1b-51b5-4827-8b4a-c8c3162cd52b,ACKNOWLEDGED,ACK,650,0,""
1188.917,sender,69f80f1b-51b5-4827-8b4a-c8c3162cd52b,CONFIRM_DATA,ACK,650,1024,"unique file bytes acknowledged"
1188.921,sender,69f80f1b-51b5-4827-8b4a-c8c3162cd52b,RTT_SAMPLE,ACK,650,0,"63.691700"
1188.971,sender,69f80f1b-51b5-4827-8b4a-c8c3162cd52b,RECEIVE,ACK,596,36,""
1188.974,sender,69f80f1b-51b5-4827-8b4a-c8c3162cd52b,ACKNOWLEDGED,ACK,596,0,""
1188.977,sender,69f80f1b-51b5-4827-8b4a-c8c3162cd52b,CONFIRM_DATA,ACK,596,1024,"unique file bytes acknowledged"
1188.981,sender,69f80f1b-51b5-4827-8b4a-c8c3162cd52b,RTT_SAMPLE,ACK,596,0,"95.387500"
1188.987,sender,69f80f1b-51b5-4827-8b4a-c8c3162cd52b,RECEIVE,ACK,637,36,""
1188.990,sender,69f80f1b-51b5-4827-8b4a-c8c3162cd52b,ACKNOWLEDGED,ACK,637,0,""
1188.993,sender,69f80f1b-51b5-4827-8b4a-c8c3162cd52b,CONFIRM_DATA,ACK,637,1024,"unique file bytes acknowledged"
1188.996,sender,69f80f1b-51b5-4827-8b4a-c8c3162cd52b,RTT_SAMPLE,ACK,637,0,"63.817100"
1189.003,sender,69f80f1b-51b5-4827-8b4a-c8c3162cd52b,RECEIVE,ACK,615,36,""
1189.006,sender,69f80f1b-51b5-4827-8b4a-c8c3162cd52b,ACKNOWLEDGED,ACK,615,0,""
1189.009,sender,69f80f1b-51b5-4827-8b4a-c8c3162cd52b,CONFIRM_DATA,ACK,615,1024,"unique file bytes acknowledged"
1189.012,sender,69f80f1b-51b5-4827-8b4a-c8c3162cd52b,RTT_SAMPLE,ACK,615,0,"79.773500"
1189.019,sender,69f80f1b-51b5-4827-8b4a-c8c3162cd52b,RECEIVE,ACK,620,36,""
1189.022,sender,69f80f1b-51b5-4827-8b4a-c8c3162cd52b,ACKNOWLEDGED,ACK,620,0,""
1189.033,sender,69f80f1b-51b5-4827-8b4a-c8c3162cd52b,CONFIRM_DATA,ACK,620,1024,"unique file bytes acknowledged"
1189.045,sender,69f80f1b-51b5-4827-8b4a-c8c3162cd52b,RTT_SAMPLE,ACK,620,0,"79.792300"
1189.051,sender,69f80f1b-51b5-4827-8b4a-c8c3162cd52b,RECEIVE,ACK,595,36,""
1189.054,sender,69f80f1b-51b5-4827-8b4a-c8c3162cd52b,ACKNOWLEDGED,ACK,595,0,""
1189.057,sender,69f80f1b-51b5-4827-8b4a-c8c3162cd52b,CONFIRM_DATA,ACK,595,1024,"unique file bytes acknowledged"
1189.061,sender,69f80f1b-51b5-4827-8b4a-c8c3162cd52b,RTT_SAMPLE,ACK,595,0,"95.478400"
1189.082,sender,69f80f1b-51b5-4827-8b4a-c8c3162cd52b,SEND,DATA,659,1060,""
1189.086,sender,69f80f1b-51b5-4827-8b4a-c8c3162cd52b,SEND,DATA,660,1060,""
1189.092,sender,69f80f1b-51b5-4827-8b4a-c8c3162cd52b,RECEIVE,ACK,619,36,""
1189.095,sender,69f80f1b-51b5-4827-8b4a-c8c3162cd52b,ACKNOWLEDGED,ACK,619,0,""
1189.098,sender,69f80f1b-51b5-4827-8b4a-c8c3162cd52b,CONFIRM_DATA,ACK,619,1024,"unique file bytes acknowledged"
1189.101,sender,69f80f1b-51b5-4827-8b4a-c8c3162cd52b,RTT_SAMPLE,ACK,619,0,"79.851500"
1189.108,sender,69f80f1b-51b5-4827-8b4a-c8c3162cd52b,RECEIVE,ACK,601,36,""
1189.112,sender,69f80f1b-51b5-4827-8b4a-c8c3162cd52b,ACKNOWLEDGED,ACK,601,0,""
1189.116,sender,69f80f1b-51b5-4827-8b4a-c8c3162cd52b,CONFIRM_DATA,ACK,601,1024,"unique file bytes acknowledged"
1189.118,sender,69f80f1b-51b5-4827-8b4a-c8c3162cd52b,RTT_SAMPLE,ACK,601,0,"95.509200"
1189.123,sender,69f80f1b-51b5-4827-8b4a-c8c3162cd52b,RECEIVE,ACK,631,36,""
1189.126,sender,69f80f1b-51b5-4827-8b4a-c8c3162cd52b,ACKNOWLEDGED,ACK,631,0,""
1189.128,sender,69f80f1b-51b5-4827-8b4a-c8c3162cd52b,CONFIRM_DATA,ACK,631,1024,"unique file bytes acknowledged"
1189.131,sender,69f80f1b-51b5-4827-8b4a-c8c3162cd52b,RTT_SAMPLE,ACK,631,0,"79.844100"
1189.136,sender,69f80f1b-51b5-4827-8b4a-c8c3162cd52b,RECEIVE,ACK,649,36,""
1189.138,sender,69f80f1b-51b5-4827-8b4a-c8c3162cd52b,ACKNOWLEDGED,ACK,649,0,""
1189.140,sender,69f80f1b-51b5-4827-8b4a-c8c3162cd52b,CONFIRM_DATA,ACK,649,1024,"unique file bytes acknowledged"
1189.143,sender,69f80f1b-51b5-4827-8b4a-c8c3162cd52b,RTT_SAMPLE,ACK,649,0,"63.916600"
1189.147,sender,69f80f1b-51b5-4827-8b4a-c8c3162cd52b,RECEIVE,ACK,597,36,""
1189.150,sender,69f80f1b-51b5-4827-8b4a-c8c3162cd52b,ACKNOWLEDGED,ACK,597,0,""
1189.152,sender,69f80f1b-51b5-4827-8b4a-c8c3162cd52b,CONFIRM_DATA,ACK,597,1024,"unique file bytes acknowledged"
1189.154,sender,69f80f1b-51b5-4827-8b4a-c8c3162cd52b,RTT_SAMPLE,ACK,597,0,"95.557800"
1189.157,sender,69f80f1b-51b5-4827-8b4a-c8c3162cd52b,SEND,DATA,661,1060,""
1189.172,sender,69f80f1b-51b5-4827-8b4a-c8c3162cd52b,SEND,DATA,662,1060,""
1189.175,sender,69f80f1b-51b5-4827-8b4a-c8c3162cd52b,SEND,DATA,663,1060,""
1189.179,sender,69f80f1b-51b5-4827-8b4a-c8c3162cd52b,RECEIVE,ACK,600,36,""
1189.181,sender,69f80f1b-51b5-4827-8b4a-c8c3162cd52b,ACKNOWLEDGED,ACK,600,0,""
1189.184,sender,69f80f1b-51b5-4827-8b4a-c8c3162cd52b,CONFIRM_DATA,ACK,600,1024,"unique file bytes acknowledged"
1189.186,sender,69f80f1b-51b5-4827-8b4a-c8c3162cd52b,RTT_SAMPLE,ACK,600,0,"95.580200"
1189.189,sender,69f80f1b-51b5-4827-8b4a-c8c3162cd52b,SEND,DATA,664,1060,""
1189.192,sender,69f80f1b-51b5-4827-8b4a-c8c3162cd52b,SEND,DATA,665,1060,""
1189.196,sender,69f80f1b-51b5-4827-8b4a-c8c3162cd52b,RECEIVE,ACK,625,36,""
1189.198,sender,69f80f1b-51b5-4827-8b4a-c8c3162cd52b,ACKNOWLEDGED,ACK,625,0,""
1189.201,sender,69f80f1b-51b5-4827-8b4a-c8c3162cd52b,CONFIRM_DATA,ACK,625,1024,"unique file bytes acknowledged"
1189.203,sender,69f80f1b-51b5-4827-8b4a-c8c3162cd52b,RTT_SAMPLE,ACK,625,0,"79.933000"
1189.208,sender,69f80f1b-51b5-4827-8b4a-c8c3162cd52b,RECEIVE,ACK,644,36,""
1189.210,sender,69f80f1b-51b5-4827-8b4a-c8c3162cd52b,ACKNOWLEDGED,ACK,644,0,""
1189.212,sender,69f80f1b-51b5-4827-8b4a-c8c3162cd52b,CONFIRM_DATA,ACK,644,1024,"unique file bytes acknowledged"
1189.215,sender,69f80f1b-51b5-4827-8b4a-c8c3162cd52b,RTT_SAMPLE,ACK,644,0,"64.003000"
1204.840,sender,69f80f1b-51b5-4827-8b4a-c8c3162cd52b,EMIT,DATA,658,1060,""
1204.865,sender,69f80f1b-51b5-4827-8b4a-c8c3162cd52b,RECEIVE,ACK,630,36,""
1204.878,sender,69f80f1b-51b5-4827-8b4a-c8c3162cd52b,ACKNOWLEDGED,ACK,630,0,""
1204.882,sender,69f80f1b-51b5-4827-8b4a-c8c3162cd52b,CONFIRM_DATA,ACK,630,1024,"unique file bytes acknowledged"
1204.887,sender,69f80f1b-51b5-4827-8b4a-c8c3162cd52b,RTT_SAMPLE,ACK,630,0,"95.601800"
1204.907,sender,69f80f1b-51b5-4827-8b4a-c8c3162cd52b,RECEIVE,ACK,609,36,""
1204.910,sender,69f80f1b-51b5-4827-8b4a-c8c3162cd52b,ACKNOWLEDGED,ACK,609,0,""
1204.913,sender,69f80f1b-51b5-4827-8b4a-c8c3162cd52b,CONFIRM_DATA,ACK,609,1024,"unique file bytes acknowledged"
1204.917,sender,69f80f1b-51b5-4827-8b4a-c8c3162cd52b,RTT_SAMPLE,ACK,609,0,"95.694900"
1204.924,sender,69f80f1b-51b5-4827-8b4a-c8c3162cd52b,RECEIVE,ACK,647,36,""
1204.927,sender,69f80f1b-51b5-4827-8b4a-c8c3162cd52b,ACKNOWLEDGED,ACK,647,0,""
1204.930,sender,69f80f1b-51b5-4827-8b4a-c8c3162cd52b,CONFIRM_DATA,ACK,647,1024,"unique file bytes acknowledged"
1204.933,sender,69f80f1b-51b5-4827-8b4a-c8c3162cd52b,RTT_SAMPLE,ACK,647,0,"79.712900"
1204.940,sender,69f80f1b-51b5-4827-8b4a-c8c3162cd52b,RECEIVE,ACK,651,36,""
1204.943,sender,69f80f1b-51b5-4827-8b4a-c8c3162cd52b,ACKNOWLEDGED,ACK,651,0,""
1204.946,sender,69f80f1b-51b5-4827-8b4a-c8c3162cd52b,CONFIRM_DATA,ACK,651,1024,"unique file bytes acknowledged"
1204.949,sender,69f80f1b-51b5-4827-8b4a-c8c3162cd52b,RTT_SAMPLE,ACK,651,0,"79.717100"
1204.957,sender,69f80f1b-51b5-4827-8b4a-c8c3162cd52b,RECEIVE,ACK,618,36,""
1204.960,sender,69f80f1b-51b5-4827-8b4a-c8c3162cd52b,ACKNOWLEDGED,ACK,618,0,""
1204.962,sender,69f80f1b-51b5-4827-8b4a-c8c3162cd52b,CONFIRM_DATA,ACK,618,1024,"unique file bytes acknowledged"
1204.975,sender,69f80f1b-51b5-4827-8b4a-c8c3162cd52b,RTT_SAMPLE,ACK,618,0,"95.728500"
1204.982,sender,69f80f1b-51b5-4827-8b4a-c8c3162cd52b,RECEIVE,ACK,602,36,""
1204.985,sender,69f80f1b-51b5-4827-8b4a-c8c3162cd52b,ACKNOWLEDGED,ACK,602,0,""
1204.987,sender,69f80f1b-51b5-4827-8b4a-c8c3162cd52b,CONFIRM_DATA,ACK,602,1024,"unique file bytes acknowledged"
1204.991,sender,69f80f1b-51b5-4827-8b4a-c8c3162cd52b,RTT_SAMPLE,ACK,602,0,"95.855000"
1204.995,sender,69f80f1b-51b5-4827-8b4a-c8c3162cd52b,SEND,DATA,666,1060,""
1205.002,sender,69f80f1b-51b5-4827-8b4a-c8c3162cd52b,RECEIVE,ACK,643,36,""
1205.005,sender,69f80f1b-51b5-4827-8b4a-c8c3162cd52b,ACKNOWLEDGED,ACK,643,0,""
1205.007,sender,69f80f1b-51b5-4827-8b4a-c8c3162cd52b,CONFIRM_DATA,ACK,643,1024,"unique file bytes acknowledged"
1205.011,sender,69f80f1b-51b5-4827-8b4a-c8c3162cd52b,RTT_SAMPLE,ACK,643,0,"79.801400"
1205.017,sender,69f80f1b-51b5-4827-8b4a-c8c3162cd52b,RECEIVE,ACK,605,36,""
1205.020,sender,69f80f1b-51b5-4827-8b4a-c8c3162cd52b,ACKNOWLEDGED,ACK,605,0,""
1205.022,sender,69f80f1b-51b5-4827-8b4a-c8c3162cd52b,CONFIRM_DATA,ACK,605,1024,"unique file bytes acknowledged"
1205.026,sender,69f80f1b-51b5-4827-8b4a-c8c3162cd52b,RTT_SAMPLE,ACK,605,0,"95.878500"
1205.072,sender,69f80f1b-51b5-4827-8b4a-c8c3162cd52b,RECEIVE,ACK,652,36,""
1205.074,sender,69f80f1b-51b5-4827-8b4a-c8c3162cd52b,ACKNOWLEDGED,ACK,652,0,""
1205.077,sender,69f80f1b-51b5-4827-8b4a-c8c3162cd52b,CONFIRM_DATA,ACK,652,1024,"unique file bytes acknowledged"
1205.080,sender,69f80f1b-51b5-4827-8b4a-c8c3162cd52b,RTT_SAMPLE,ACK,652,0,"79.844400"
1205.085,sender,69f80f1b-51b5-4827-8b4a-c8c3162cd52b,RECEIVE,ACK,626,36,""
1205.088,sender,69f80f1b-51b5-4827-8b4a-c8c3162cd52b,ACKNOWLEDGED,ACK,626,0,""
1205.090,sender,69f80f1b-51b5-4827-8b4a-c8c3162cd52b,CONFIRM_DATA,ACK,626,1024,"unique file bytes acknowledged"
1205.093,sender,69f80f1b-51b5-4827-8b4a-c8c3162cd52b,RTT_SAMPLE,ACK,626,0,"95.820100"
1205.099,sender,69f80f1b-51b5-4827-8b4a-c8c3162cd52b,RECEIVE,ACK,612,36,""
1205.101,sender,69f80f1b-51b5-4827-8b4a-c8c3162cd52b,ACKNOWLEDGED,ACK,612,0,""
1205.104,sender,69f80f1b-51b5-4827-8b4a-c8c3162cd52b,CONFIRM_DATA,ACK,612,1024,"unique file bytes acknowledged"
1205.107,sender,69f80f1b-51b5-4827-8b4a-c8c3162cd52b,RTT_SAMPLE,ACK,612,0,"95.876600"
1205.112,sender,69f80f1b-51b5-4827-8b4a-c8c3162cd52b,RECEIVE,ACK,613,36,""
1205.115,sender,69f80f1b-51b5-4827-8b4a-c8c3162cd52b,ACKNOWLEDGED,ACK,613,0,""
1205.117,sender,69f80f1b-51b5-4827-8b4a-c8c3162cd52b,CONFIRM_DATA,ACK,613,1024,"unique file bytes acknowledged"
1205.120,sender,69f80f1b-51b5-4827-8b4a-c8c3162cd52b,RTT_SAMPLE,ACK,613,0,"95.887100"
1205.125,sender,69f80f1b-51b5-4827-8b4a-c8c3162cd52b,RECEIVE,ACK,645,36,""
1205.128,sender,69f80f1b-51b5-4827-8b4a-c8c3162cd52b,ACKNOWLEDGED,ACK,645,0,""
1205.130,sender,69f80f1b-51b5-4827-8b4a-c8c3162cd52b,CONFIRM_DATA,ACK,645,1024,"unique file bytes acknowledged"
1205.133,sender,69f80f1b-51b5-4827-8b4a-c8c3162cd52b,RTT_SAMPLE,ACK,645,0,"79.918700"
1205.139,sender,69f80f1b-51b5-4827-8b4a-c8c3162cd52b,RECEIVE,ACK,639,36,""
1205.141,sender,69f80f1b-51b5-4827-8b4a-c8c3162cd52b,ACKNOWLEDGED,ACK,639,0,""
1205.144,sender,69f80f1b-51b5-4827-8b4a-c8c3162cd52b,CONFIRM_DATA,ACK,639,1024,"unique file bytes acknowledged"
1205.147,sender,69f80f1b-51b5-4827-8b4a-c8c3162cd52b,RTT_SAMPLE,ACK,639,0,"79.961300"
1205.152,sender,69f80f1b-51b5-4827-8b4a-c8c3162cd52b,RECEIVE,ACK,603,36,""
1205.166,sender,69f80f1b-51b5-4827-8b4a-c8c3162cd52b,ACKNOWLEDGED,ACK,603,0,""
1205.168,sender,69f80f1b-51b5-4827-8b4a-c8c3162cd52b,CONFIRM_DATA,ACK,603,1024,"unique file bytes acknowledged"
1205.171,sender,69f80f1b-51b5-4827-8b4a-c8c3162cd52b,RTT_SAMPLE,ACK,603,0,"96.030000"
1205.174,sender,69f80f1b-51b5-4827-8b4a-c8c3162cd52b,SEND,DATA,667,1060,""
1205.177,sender,69f80f1b-51b5-4827-8b4a-c8c3162cd52b,SEND,DATA,668,1060,""
1205.179,sender,69f80f1b-51b5-4827-8b4a-c8c3162cd52b,SEND,DATA,669,1060,""
1205.182,sender,69f80f1b-51b5-4827-8b4a-c8c3162cd52b,SEND,DATA,670,1060,""
1205.186,sender,69f80f1b-51b5-4827-8b4a-c8c3162cd52b,RECEIVE,ACK,642,36,""
1205.188,sender,69f80f1b-51b5-4827-8b4a-c8c3162cd52b,ACKNOWLEDGED,ACK,642,0,""
1205.190,sender,69f80f1b-51b5-4827-8b4a-c8c3162cd52b,CONFIRM_DATA,ACK,642,1024,"unique file bytes acknowledged"
1205.193,sender,69f80f1b-51b5-4827-8b4a-c8c3162cd52b,RTT_SAMPLE,ACK,642,0,"79.986800"
1205.198,sender,69f80f1b-51b5-4827-8b4a-c8c3162cd52b,RECEIVE,ACK,624,36,""
1205.200,sender,69f80f1b-51b5-4827-8b4a-c8c3162cd52b,ACKNOWLEDGED,ACK,624,0,""
1205.202,sender,69f80f1b-51b5-4827-8b4a-c8c3162cd52b,CONFIRM_DATA,ACK,624,1024,"unique file bytes acknowledged"
1205.205,sender,69f80f1b-51b5-4827-8b4a-c8c3162cd52b,RTT_SAMPLE,ACK,624,0,"95.937200"
1205.209,sender,69f80f1b-51b5-4827-8b4a-c8c3162cd52b,RECEIVE,ACK,654,36,""
1205.211,sender,69f80f1b-51b5-4827-8b4a-c8c3162cd52b,ACKNOWLEDGED,ACK,654,0,""
1205.213,sender,69f80f1b-51b5-4827-8b4a-c8c3162cd52b,CONFIRM_DATA,ACK,654,1024,"unique file bytes acknowledged"
1205.216,sender,69f80f1b-51b5-4827-8b4a-c8c3162cd52b,RTT_SAMPLE,ACK,654,0,"79.974900"
1205.221,sender,69f80f1b-51b5-4827-8b4a-c8c3162cd52b,RECEIVE,ACK,629,36,""
1205.223,sender,69f80f1b-51b5-4827-8b4a-c8c3162cd52b,ACKNOWLEDGED,ACK,629,0,""
1205.225,sender,69f80f1b-51b5-4827-8b4a-c8c3162cd52b,CONFIRM_DATA,ACK,629,1024,"unique file bytes acknowledged"
1205.228,sender,69f80f1b-51b5-4827-8b4a-c8c3162cd52b,RTT_SAMPLE,ACK,629,0,"95.946600"
1205.232,sender,69f80f1b-51b5-4827-8b4a-c8c3162cd52b,RECEIVE,ACK,656,36,""
1205.234,sender,69f80f1b-51b5-4827-8b4a-c8c3162cd52b,ACKNOWLEDGED,ACK,656,0,""
1205.236,sender,69f80f1b-51b5-4827-8b4a-c8c3162cd52b,CONFIRM_DATA,ACK,656,1024,"unique file bytes acknowledged"
1205.239,sender,69f80f1b-51b5-4827-8b4a-c8c3162cd52b,RTT_SAMPLE,ACK,656,0,"79.991800"
1205.244,sender,69f80f1b-51b5-4827-8b4a-c8c3162cd52b,RECEIVE,ACK,641,36,""
1205.246,sender,69f80f1b-51b5-4827-8b4a-c8c3162cd52b,ACKNOWLEDGED,ACK,641,0,""
1205.248,sender,69f80f1b-51b5-4827-8b4a-c8c3162cd52b,CONFIRM_DATA,ACK,641,1024,"unique file bytes acknowledged"
1205.254,sender,69f80f1b-51b5-4827-8b4a-c8c3162cd52b,RTT_SAMPLE,ACK,641,0,"80.050400"
1205.258,sender,69f80f1b-51b5-4827-8b4a-c8c3162cd52b,RECEIVE,ACK,611,36,""
1205.260,sender,69f80f1b-51b5-4827-8b4a-c8c3162cd52b,ACKNOWLEDGED,ACK,611,0,""
1205.262,sender,69f80f1b-51b5-4827-8b4a-c8c3162cd52b,CONFIRM_DATA,ACK,611,1024,"unique file bytes acknowledged"
1205.265,sender,69f80f1b-51b5-4827-8b4a-c8c3162cd52b,RTT_SAMPLE,ACK,611,0,"96.037400"
1205.270,sender,69f80f1b-51b5-4827-8b4a-c8c3162cd52b,RECEIVE,ACK,646,36,""
1205.272,sender,69f80f1b-51b5-4827-8b4a-c8c3162cd52b,ACKNOWLEDGED,ACK,646,0,""
1205.274,sender,69f80f1b-51b5-4827-8b4a-c8c3162cd52b,CONFIRM_DATA,ACK,646,1024,"unique file bytes acknowledged"
1205.277,sender,69f80f1b-51b5-4827-8b4a-c8c3162cd52b,RTT_SAMPLE,ACK,646,0,"80.059200"
1205.281,sender,69f80f1b-51b5-4827-8b4a-c8c3162cd52b,RECEIVE,ACK,608,36,""
1205.283,sender,69f80f1b-51b5-4827-8b4a-c8c3162cd52b,ACKNOWLEDGED,ACK,608,0,""
1205.285,sender,69f80f1b-51b5-4827-8b4a-c8c3162cd52b,CONFIRM_DATA,ACK,608,1024,"unique file bytes acknowledged"
1205.288,sender,69f80f1b-51b5-4827-8b4a-c8c3162cd52b,RTT_SAMPLE,ACK,608,0,"96.069400"
1205.292,sender,69f80f1b-51b5-4827-8b4a-c8c3162cd52b,RECEIVE,ACK,628,36,""
1205.294,sender,69f80f1b-51b5-4827-8b4a-c8c3162cd52b,ACKNOWLEDGED,ACK,628,0,""
1205.297,sender,69f80f1b-51b5-4827-8b4a-c8c3162cd52b,CONFIRM_DATA,ACK,628,1024,"unique file bytes acknowledged"
1205.299,sender,69f80f1b-51b5-4827-8b4a-c8c3162cd52b,RTT_SAMPLE,ACK,628,0,"96.021000"
1205.304,sender,69f80f1b-51b5-4827-8b4a-c8c3162cd52b,RECEIVE,ACK,623,36,""
1205.306,sender,69f80f1b-51b5-4827-8b4a-c8c3162cd52b,ACKNOWLEDGED,ACK,623,0,""
1205.308,sender,69f80f1b-51b5-4827-8b4a-c8c3162cd52b,CONFIRM_DATA,ACK,623,1024,"unique file bytes acknowledged"
1205.311,sender,69f80f1b-51b5-4827-8b4a-c8c3162cd52b,RTT_SAMPLE,ACK,623,0,"96.046000"
1220.774,sender,69f80f1b-51b5-4827-8b4a-c8c3162cd52b,EMIT,DATA,659,1060,""
1220.794,sender,69f80f1b-51b5-4827-8b4a-c8c3162cd52b,EMIT,DATA,661,1060,""
1220.803,sender,69f80f1b-51b5-4827-8b4a-c8c3162cd52b,EMIT,DATA,665,1060,""
1220.862,sender,69f80f1b-51b5-4827-8b4a-c8c3162cd52b,RECEIVE,ACK,617,36,""
1220.872,sender,69f80f1b-51b5-4827-8b4a-c8c3162cd52b,ACKNOWLEDGED,ACK,617,0,""
1220.876,sender,69f80f1b-51b5-4827-8b4a-c8c3162cd52b,CONFIRM_DATA,ACK,617,1024,"unique file bytes acknowledged"
1220.881,sender,69f80f1b-51b5-4827-8b4a-c8c3162cd52b,RTT_SAMPLE,ACK,617,0,"111.635500"
1220.892,sender,69f80f1b-51b5-4827-8b4a-c8c3162cd52b,RECEIVE,ACK,610,36,""
1220.895,sender,69f80f1b-51b5-4827-8b4a-c8c3162cd52b,ACKNOWLEDGED,ACK,610,0,""
1220.897,sender,69f80f1b-51b5-4827-8b4a-c8c3162cd52b,CONFIRM_DATA,ACK,610,1024,"unique file bytes acknowledged"
1220.901,sender,69f80f1b-51b5-4827-8b4a-c8c3162cd52b,RTT_SAMPLE,ACK,610,0,"111.676000"
1220.906,sender,69f80f1b-51b5-4827-8b4a-c8c3162cd52b,RECEIVE,ACK,607,36,""
1220.913,sender,69f80f1b-51b5-4827-8b4a-c8c3162cd52b,ACKNOWLEDGED,ACK,607,0,""
1220.915,sender,69f80f1b-51b5-4827-8b4a-c8c3162cd52b,CONFIRM_DATA,ACK,607,1024,"unique file bytes acknowledged"
1220.918,sender,69f80f1b-51b5-4827-8b4a-c8c3162cd52b,RTT_SAMPLE,ACK,607,0,"111.765300"
1220.921,sender,69f80f1b-51b5-4827-8b4a-c8c3162cd52b,SEND,DATA,671,1060,""
1220.926,sender,69f80f1b-51b5-4827-8b4a-c8c3162cd52b,SEND,DATA,672,1060,""
1220.967,sender,69f80f1b-51b5-4827-8b4a-c8c3162cd52b,SEND,DATA,673,1060,""
1220.970,sender,69f80f1b-51b5-4827-8b4a-c8c3162cd52b,SEND,DATA,674,1060,""
1220.973,sender,69f80f1b-51b5-4827-8b4a-c8c3162cd52b,SEND,DATA,675,1060,""
1220.975,sender,69f80f1b-51b5-4827-8b4a-c8c3162cd52b,SEND,DATA,676,1060,""
1220.978,sender,69f80f1b-51b5-4827-8b4a-c8c3162cd52b,SEND,DATA,677,1060,""
1220.980,sender,69f80f1b-51b5-4827-8b4a-c8c3162cd52b,SEND,DATA,678,1060,""
1220.983,sender,69f80f1b-51b5-4827-8b4a-c8c3162cd52b,SEND,DATA,679,1060,""
1220.987,sender,69f80f1b-51b5-4827-8b4a-c8c3162cd52b,RECEIVE,ACK,638,36,""
1220.990,sender,69f80f1b-51b5-4827-8b4a-c8c3162cd52b,ACKNOWLEDGED,ACK,638,0,""
1220.992,sender,69f80f1b-51b5-4827-8b4a-c8c3162cd52b,CONFIRM_DATA,ACK,638,1024,"unique file bytes acknowledged"
1220.995,sender,69f80f1b-51b5-4827-8b4a-c8c3162cd52b,RTT_SAMPLE,ACK,638,0,"95.812600"
1221.000,sender,69f80f1b-51b5-4827-8b4a-c8c3162cd52b,RECEIVE,ACK,634,36,""
1221.002,sender,69f80f1b-51b5-4827-8b4a-c8c3162cd52b,ACKNOWLEDGED,ACK,634,0,""
1221.004,sender,69f80f1b-51b5-4827-8b4a-c8c3162cd52b,CONFIRM_DATA,ACK,634,1024,"unique file bytes acknowledged"
1221.007,sender,69f80f1b-51b5-4827-8b4a-c8c3162cd52b,RTT_SAMPLE,ACK,634,0,"95.837500"
1221.021,sender,69f80f1b-51b5-4827-8b4a-c8c3162cd52b,RECEIVE,ACK,632,36,""
1221.023,sender,69f80f1b-51b5-4827-8b4a-c8c3162cd52b,ACKNOWLEDGED,ACK,632,0,""
1221.025,sender,69f80f1b-51b5-4827-8b4a-c8c3162cd52b,CONFIRM_DATA,ACK,632,1024,"unique file bytes acknowledged"
1221.028,sender,69f80f1b-51b5-4827-8b4a-c8c3162cd52b,RTT_SAMPLE,ACK,632,0,"95.866900"
1221.033,sender,69f80f1b-51b5-4827-8b4a-c8c3162cd52b,RECEIVE,ACK,636,36,""
1221.035,sender,69f80f1b-51b5-4827-8b4a-c8c3162cd52b,ACKNOWLEDGED,ACK,636,0,""
1221.037,sender,69f80f1b-51b5-4827-8b4a-c8c3162cd52b,CONFIRM_DATA,ACK,636,1024,"unique file bytes acknowledged"
1221.040,sender,69f80f1b-51b5-4827-8b4a-c8c3162cd52b,RTT_SAMPLE,ACK,636,0,"95.863600"
1221.044,sender,69f80f1b-51b5-4827-8b4a-c8c3162cd52b,RECEIVE,ACK,653,36,""
1221.046,sender,69f80f1b-51b5-4827-8b4a-c8c3162cd52b,ACKNOWLEDGED,ACK,653,0,""
1221.048,sender,69f80f1b-51b5-4827-8b4a-c8c3162cd52b,CONFIRM_DATA,ACK,653,1024,"unique file bytes acknowledged"
1221.051,sender,69f80f1b-51b5-4827-8b4a-c8c3162cd52b,RTT_SAMPLE,ACK,653,0,"95.813000"
1236.125,sender,69f80f1b-51b5-4827-8b4a-c8c3162cd52b,RECEIVE,ACK,627,36,""
1236.135,sender,69f80f1b-51b5-4827-8b4a-c8c3162cd52b,ACKNOWLEDGED,ACK,627,0,""
1236.138,sender,69f80f1b-51b5-4827-8b4a-c8c3162cd52b,CONFIRM_DATA,ACK,627,1024,"unique file bytes acknowledged"
1236.168,sender,69f80f1b-51b5-4827-8b4a-c8c3162cd52b,EMIT,DATA,660,1060,""
1236.178,sender,69f80f1b-51b5-4827-8b4a-c8c3162cd52b,RTT_SAMPLE,ACK,627,0,"126.892500"
1236.186,sender,69f80f1b-51b5-4827-8b4a-c8c3162cd52b,EMIT,DATA,664,1060,""
1236.195,sender,69f80f1b-51b5-4827-8b4a-c8c3162cd52b,EMIT,DATA,662,1060,""
1236.205,sender,69f80f1b-51b5-4827-8b4a-c8c3162cd52b,EMIT,DATA,667,1060,""
1236.213,sender,69f80f1b-51b5-4827-8b4a-c8c3162cd52b,EMIT,DATA,663,1060,""
1236.581,sender,69f80f1b-51b5-4827-8b4a-c8c3162cd52b,RECEIVE,ACK,616,36,""
1236.605,sender,69f80f1b-51b5-4827-8b4a-c8c3162cd52b,ACKNOWLEDGED,ACK,616,0,""
1236.615,sender,69f80f1b-51b5-4827-8b4a-c8c3162cd52b,CONFIRM_DATA,ACK,616,1024,"unique file bytes acknowledged"
1236.628,sender,69f80f1b-51b5-4827-8b4a-c8c3162cd52b,RTT_SAMPLE,ACK,616,0,"127.385800"
1236.633,sender,69f80f1b-51b5-4827-8b4a-c8c3162cd52b,SEND,DATA,680,1060,""
1236.636,sender,69f80f1b-51b5-4827-8b4a-c8c3162cd52b,SEND,DATA,681,1060,""
1236.639,sender,69f80f1b-51b5-4827-8b4a-c8c3162cd52b,SEND,DATA,682,1060,""
1236.642,sender,69f80f1b-51b5-4827-8b4a-c8c3162cd52b,SEND,DATA,683,1060,""
1236.644,sender,69f80f1b-51b5-4827-8b4a-c8c3162cd52b,SEND,DATA,684,1060,""
1236.647,sender,69f80f1b-51b5-4827-8b4a-c8c3162cd52b,SEND,DATA,685,1060,""
1236.650,sender,69f80f1b-51b5-4827-8b4a-c8c3162cd52b,SEND,DATA,686,1060,""
1236.652,sender,69f80f1b-51b5-4827-8b4a-c8c3162cd52b,SEND,DATA,687,1060,""
1236.655,sender,69f80f1b-51b5-4827-8b4a-c8c3162cd52b,SEND,DATA,688,1060,""
1236.658,sender,69f80f1b-51b5-4827-8b4a-c8c3162cd52b,SEND,DATA,689,1060,""
1236.660,sender,69f80f1b-51b5-4827-8b4a-c8c3162cd52b,SEND,DATA,690,1060,""
1236.663,sender,69f80f1b-51b5-4827-8b4a-c8c3162cd52b,SEND,DATA,691,1060,""
1236.666,sender,69f80f1b-51b5-4827-8b4a-c8c3162cd52b,SEND,DATA,692,1060,""
1236.668,sender,69f80f1b-51b5-4827-8b4a-c8c3162cd52b,SEND,DATA,693,1060,""
1236.671,sender,69f80f1b-51b5-4827-8b4a-c8c3162cd52b,SEND,DATA,694,1060,""
1236.674,sender,69f80f1b-51b5-4827-8b4a-c8c3162cd52b,SEND,DATA,695,1060,""
1236.689,sender,69f80f1b-51b5-4827-8b4a-c8c3162cd52b,SEND,DATA,696,1060,""
1236.699,sender,69f80f1b-51b5-4827-8b4a-c8c3162cd52b,RECEIVE,ACK,657,36,""
1236.702,sender,69f80f1b-51b5-4827-8b4a-c8c3162cd52b,ACKNOWLEDGED,ACK,657,0,""
1236.704,sender,69f80f1b-51b5-4827-8b4a-c8c3162cd52b,CONFIRM_DATA,ACK,657,1024,"unique file bytes acknowledged"
1236.708,sender,69f80f1b-51b5-4827-8b4a-c8c3162cd52b,RTT_SAMPLE,ACK,657,0,"95.732000"
1236.714,sender,69f80f1b-51b5-4827-8b4a-c8c3162cd52b,RECEIVE,ACK,640,36,""
1236.721,sender,69f80f1b-51b5-4827-8b4a-c8c3162cd52b,ACKNOWLEDGED,ACK,640,0,""
1236.724,sender,69f80f1b-51b5-4827-8b4a-c8c3162cd52b,CONFIRM_DATA,ACK,640,1024,"unique file bytes acknowledged"
1236.727,sender,69f80f1b-51b5-4827-8b4a-c8c3162cd52b,RTT_SAMPLE,ACK,640,0,"111.526500"
1236.733,sender,69f80f1b-51b5-4827-8b4a-c8c3162cd52b,RECEIVE,ACK,648,36,""
1236.736,sender,69f80f1b-51b5-4827-8b4a-c8c3162cd52b,ACKNOWLEDGED,ACK,648,0,""
1236.738,sender,69f80f1b-51b5-4827-8b4a-c8c3162cd52b,CONFIRM_DATA,ACK,648,1024,"unique file bytes acknowledged"
1236.741,sender,69f80f1b-51b5-4827-8b4a-c8c3162cd52b,RTT_SAMPLE,ACK,648,0,"111.517900"
1236.746,sender,69f80f1b-51b5-4827-8b4a-c8c3162cd52b,RECEIVE,ACK,655,36,""
1236.749,sender,69f80f1b-51b5-4827-8b4a-c8c3162cd52b,ACKNOWLEDGED,ACK,655,0,""
1236.752,sender,69f80f1b-51b5-4827-8b4a-c8c3162cd52b,CONFIRM_DATA,ACK,655,1024,"unique file bytes acknowledged"
1236.755,sender,69f80f1b-51b5-4827-8b4a-c8c3162cd52b,RTT_SAMPLE,ACK,655,0,"111.510400"
1236.760,sender,69f80f1b-51b5-4827-8b4a-c8c3162cd52b,RECEIVE,ACK,658,36,""
1236.763,sender,69f80f1b-51b5-4827-8b4a-c8c3162cd52b,ACKNOWLEDGED,ACK,658,0,""
1236.765,sender,69f80f1b-51b5-4827-8b4a-c8c3162cd52b,CONFIRM_DATA,ACK,658,1024,"unique file bytes acknowledged"
1236.768,sender,69f80f1b-51b5-4827-8b4a-c8c3162cd52b,RTT_SAMPLE,ACK,658,0,"79.657800"
1236.886,sender,69f80f1b-51b5-4827-8b4a-c8c3162cd52b,RECEIVE,ACK,633,36,""
1236.889,sender,69f80f1b-51b5-4827-8b4a-c8c3162cd52b,ACKNOWLEDGED,ACK,633,0,""
1236.892,sender,69f80f1b-51b5-4827-8b4a-c8c3162cd52b,CONFIRM_DATA,ACK,633,1024,"unique file bytes acknowledged"
1236.895,sender,69f80f1b-51b5-4827-8b4a-c8c3162cd52b,RTT_SAMPLE,ACK,633,0,"111.728300"
1236.898,sender,69f80f1b-51b5-4827-8b4a-c8c3162cd52b,SEND,DATA,697,1060,""
1236.901,sender,69f80f1b-51b5-4827-8b4a-c8c3162cd52b,SEND,DATA,698,1060,""
1252.377,sender,69f80f1b-51b5-4827-8b4a-c8c3162cd52b,EMIT,DATA,668,1060,""
1252.410,sender,69f80f1b-51b5-4827-8b4a-c8c3162cd52b,EMIT,DATA,669,1060,""
1252.428,sender,69f80f1b-51b5-4827-8b4a-c8c3162cd52b,EMIT,DATA,670,1060,""
1252.437,sender,69f80f1b-51b5-4827-8b4a-c8c3162cd52b,EMIT,DATA,673,1060,""
1252.504,sender,69f80f1b-51b5-4827-8b4a-c8c3162cd52b,RECEIVE,ACK,635,36,""
1252.529,sender,69f80f1b-51b5-4827-8b4a-c8c3162cd52b,ACKNOWLEDGED,ACK,635,0,""
1252.538,sender,69f80f1b-51b5-4827-8b4a-c8c3162cd52b,CONFIRM_DATA,ACK,635,1024,"unique file bytes acknowledged"
1252.562,sender,69f80f1b-51b5-4827-8b4a-c8c3162cd52b,RTT_SAMPLE,ACK,635,0,"127.385300"
1252.577,sender,69f80f1b-51b5-4827-8b4a-c8c3162cd52b,SEND,DATA,699,1060,""
1252.588,sender,69f80f1b-51b5-4827-8b4a-c8c3162cd52b,SEND,DATA,700,1060,""
1252.597,sender,69f80f1b-51b5-4827-8b4a-c8c3162cd52b,SEND,DATA,701,1060,""
1252.600,sender,69f80f1b-51b5-4827-8b4a-c8c3162cd52b,SEND,DATA,702,1060,""
1252.603,sender,69f80f1b-51b5-4827-8b4a-c8c3162cd52b,SEND,DATA,703,1060,""
1252.606,sender,69f80f1b-51b5-4827-8b4a-c8c3162cd52b,SEND,DATA,704,1060,""
1252.609,sender,69f80f1b-51b5-4827-8b4a-c8c3162cd52b,SEND,DATA,705,1060,""
1252.612,sender,69f80f1b-51b5-4827-8b4a-c8c3162cd52b,SEND,DATA,706,1060,""
1252.650,sender,69f80f1b-51b5-4827-8b4a-c8c3162cd52b,SEND,DATA,707,1060,""
1252.653,sender,69f80f1b-51b5-4827-8b4a-c8c3162cd52b,SEND,DATA,708,1060,""
1252.656,sender,69f80f1b-51b5-4827-8b4a-c8c3162cd52b,SEND,DATA,709,1060,""
1252.659,sender,69f80f1b-51b5-4827-8b4a-c8c3162cd52b,SEND,DATA,710,1060,""
1252.662,sender,69f80f1b-51b5-4827-8b4a-c8c3162cd52b,SEND,DATA,711,1060,""
1252.665,sender,69f80f1b-51b5-4827-8b4a-c8c3162cd52b,SEND,DATA,712,1060,""
1252.668,sender,69f80f1b-51b5-4827-8b4a-c8c3162cd52b,SEND,DATA,713,1060,""
1252.671,sender,69f80f1b-51b5-4827-8b4a-c8c3162cd52b,SEND,DATA,714,1060,""
1252.674,sender,69f80f1b-51b5-4827-8b4a-c8c3162cd52b,SEND,DATA,715,1060,""
1252.677,sender,69f80f1b-51b5-4827-8b4a-c8c3162cd52b,SEND,DATA,716,1060,""
1252.680,sender,69f80f1b-51b5-4827-8b4a-c8c3162cd52b,SEND,DATA,717,1060,""
1252.683,sender,69f80f1b-51b5-4827-8b4a-c8c3162cd52b,SEND,DATA,718,1060,""
1252.686,sender,69f80f1b-51b5-4827-8b4a-c8c3162cd52b,SEND,DATA,719,1060,""
1252.689,sender,69f80f1b-51b5-4827-8b4a-c8c3162cd52b,SEND,DATA,720,1060,""
1252.692,sender,69f80f1b-51b5-4827-8b4a-c8c3162cd52b,SEND,DATA,721,1060,""
1252.695,sender,69f80f1b-51b5-4827-8b4a-c8c3162cd52b,SEND,DATA,722,1060,""
1252.705,sender,69f80f1b-51b5-4827-8b4a-c8c3162cd52b,RECEIVE,ACK,665,36,""
1252.708,sender,69f80f1b-51b5-4827-8b4a-c8c3162cd52b,ACKNOWLEDGED,ACK,665,0,""
1252.710,sender,69f80f1b-51b5-4827-8b4a-c8c3162cd52b,CONFIRM_DATA,ACK,665,1024,"unique file bytes acknowledged"
1252.714,sender,69f80f1b-51b5-4827-8b4a-c8c3162cd52b,RTT_SAMPLE,ACK,665,0,"63.521100"
1252.723,sender,69f80f1b-51b5-4827-8b4a-c8c3162cd52b,RECEIVE,ACK,661,36,""
1252.725,sender,69f80f1b-51b5-4827-8b4a-c8c3162cd52b,ACKNOWLEDGED,ACK,661,0,""
1252.727,sender,69f80f1b-51b5-4827-8b4a-c8c3162cd52b,CONFIRM_DATA,ACK,661,1024,"unique file bytes acknowledged"
1252.730,sender,69f80f1b-51b5-4827-8b4a-c8c3162cd52b,RTT_SAMPLE,ACK,661,0,"63.572400"
1252.738,sender,69f80f1b-51b5-4827-8b4a-c8c3162cd52b,RECEIVE,ACK,659,36,""
1252.741,sender,69f80f1b-51b5-4827-8b4a-c8c3162cd52b,ACKNOWLEDGED,ACK,659,0,""
1252.743,sender,69f80f1b-51b5-4827-8b4a-c8c3162cd52b,CONFIRM_DATA,ACK,659,1024,"unique file bytes acknowledged"
1252.745,sender,69f80f1b-51b5-4827-8b4a-c8c3162cd52b,RTT_SAMPLE,ACK,659,0,"63.671900"
1252.748,sender,69f80f1b-51b5-4827-8b4a-c8c3162cd52b,SEND,DATA,723,1060,""
1267.733,sender,69f80f1b-51b5-4827-8b4a-c8c3162cd52b,RECEIVE,ACK,662,36,""
1267.747,sender,69f80f1b-51b5-4827-8b4a-c8c3162cd52b,ACKNOWLEDGED,ACK,662,0,""
1267.751,sender,69f80f1b-51b5-4827-8b4a-c8c3162cd52b,CONFIRM_DATA,ACK,662,1024,"unique file bytes acknowledged"
1267.756,sender,69f80f1b-51b5-4827-8b4a-c8c3162cd52b,RTT_SAMPLE,ACK,662,0,"78.582200"
1267.949,sender,69f80f1b-51b5-4827-8b4a-c8c3162cd52b,EMIT,DATA,666,1060,""
1267.979,sender,69f80f1b-51b5-4827-8b4a-c8c3162cd52b,EMIT,DATA,672,1060,""
1267.989,sender,69f80f1b-51b5-4827-8b4a-c8c3162cd52b,EMIT,DATA,676,1060,""
1267.997,sender,69f80f1b-51b5-4827-8b4a-c8c3162cd52b,EMIT,DATA,677,1060,""
1268.006,sender,69f80f1b-51b5-4827-8b4a-c8c3162cd52b,EMIT,DATA,674,1060,""
1268.014,sender,69f80f1b-51b5-4827-8b4a-c8c3162cd52b,EMIT,DATA,675,1060,""
1268.022,sender,69f80f1b-51b5-4827-8b4a-c8c3162cd52b,EMIT,DATA,679,1060,""
1268.031,sender,69f80f1b-51b5-4827-8b4a-c8c3162cd52b,EMIT,DATA,678,1060,""
1268.039,sender,69f80f1b-51b5-4827-8b4a-c8c3162cd52b,EMIT,DATA,684,1060,""
1268.047,sender,69f80f1b-51b5-4827-8b4a-c8c3162cd52b,EMIT,DATA,683,1060,""
1268.055,sender,69f80f1b-51b5-4827-8b4a-c8c3162cd52b,EMIT,DATA,682,1060,""
1268.063,sender,69f80f1b-51b5-4827-8b4a-c8c3162cd52b,EMIT,DATA,691,1060,""
1268.072,sender,69f80f1b-51b5-4827-8b4a-c8c3162cd52b,EMIT,DATA,685,1060,""
1268.080,sender,69f80f1b-51b5-4827-8b4a-c8c3162cd52b,EMIT,DATA,688,1060,""
1268.088,sender,69f80f1b-51b5-4827-8b4a-c8c3162cd52b,EMIT,DATA,671,1060,""
1268.096,sender,69f80f1b-51b5-4827-8b4a-c8c3162cd52b,EMIT,DATA,697,1060,""
1283.521,sender,69f80f1b-51b5-4827-8b4a-c8c3162cd52b,EMIT,DATA,690,1060,""
1283.541,sender,69f80f1b-51b5-4827-8b4a-c8c3162cd52b,RECEIVE,ACK,660,36,""
1283.551,sender,69f80f1b-51b5-4827-8b4a-c8c3162cd52b,ACKNOWLEDGED,ACK,660,0,""
1283.554,sender,69f80f1b-51b5-4827-8b4a-c8c3162cd52b,CONFIRM_DATA,ACK,660,1024,"unique file bytes acknowledged"
1283.558,sender,69f80f1b-51b5-4827-8b4a-c8c3162cd52b,EMIT,DATA,693,1060,""
1283.563,sender,69f80f1b-51b5-4827-8b4a-c8c3162cd52b,RTT_SAMPLE,ACK,660,0,"94.471300"
1283.568,sender,69f80f1b-51b5-4827-8b4a-c8c3162cd52b,EMIT,DATA,695,1060,""
1283.572,sender,69f80f1b-51b5-4827-8b4a-c8c3162cd52b,SEND,DATA,724,1060,""
1283.580,sender,69f80f1b-51b5-4827-8b4a-c8c3162cd52b,SEND,DATA,725,1060,""
1283.583,sender,69f80f1b-51b5-4827-8b4a-c8c3162cd52b,EMIT,DATA,692,1060,""
1283.586,sender,69f80f1b-51b5-4827-8b4a-c8c3162cd52b,SEND,DATA,726,1060,""
1283.593,sender,69f80f1b-51b5-4827-8b4a-c8c3162cd52b,EMIT,DATA,698,1060,""
1283.596,sender,69f80f1b-51b5-4827-8b4a-c8c3162cd52b,RECEIVE,ACK,664,36,""
1283.599,sender,69f80f1b-51b5-4827-8b4a-c8c3162cd52b,ACKNOWLEDGED,ACK,664,0,""
1283.601,sender,69f80f1b-51b5-4827-8b4a-c8c3162cd52b,CONFIRM_DATA,ACK,664,1024,"unique file bytes acknowledged"
1283.604,sender,69f80f1b-51b5-4827-8b4a-c8c3162cd52b,EMIT,DATA,681,1060,""
1283.608,sender,69f80f1b-51b5-4827-8b4a-c8c3162cd52b,RTT_SAMPLE,ACK,664,0,"94.415100"
1283.616,sender,69f80f1b-51b5-4827-8b4a-c8c3162cd52b,EMIT,DATA,718,1060,""
1283.621,sender,69f80f1b-51b5-4827-8b4a-c8c3162cd52b,RECEIVE,ACK,663,36,""
1283.632,sender,69f80f1b-51b5-4827-8b4a-c8c3162cd52b,ACKNOWLEDGED,ACK,663,0,""
1283.634,sender,69f80f1b-51b5-4827-8b4a-c8c3162cd52b,CONFIRM_DATA,ACK,663,1024,"unique file bytes acknowledged"
1283.637,sender,69f80f1b-51b5-4827-8b4a-c8c3162cd52b,EMIT,DATA,687,1060,""
1283.640,sender,69f80f1b-51b5-4827-8b4a-c8c3162cd52b,RTT_SAMPLE,ACK,663,0,"94.462200"
1283.644,sender,69f80f1b-51b5-4827-8b4a-c8c3162cd52b,SEND,DATA,727,1060,""
1283.647,sender,69f80f1b-51b5-4827-8b4a-c8c3162cd52b,EMIT,DATA,696,1060,""
1283.650,sender,69f80f1b-51b5-4827-8b4a-c8c3162cd52b,SEND,DATA,728,1060,""
1283.654,sender,69f80f1b-51b5-4827-8b4a-c8c3162cd52b,SEND,DATA,729,1060,""
1283.657,sender,69f80f1b-51b5-4827-8b4a-c8c3162cd52b,EMIT,DATA,680,1060,""
1283.659,sender,69f80f1b-51b5-4827-8b4a-c8c3162cd52b,RECEIVE,ACK,673,36,""
1283.662,sender,69f80f1b-51b5-4827-8b4a-c8c3162cd52b,ACKNOWLEDGED,ACK,673,0,""
1283.665,sender,69f80f1b-51b5-4827-8b4a-c8c3162cd52b,CONFIRM_DATA,ACK,673,1024,"unique file bytes acknowledged"
1283.668,sender,69f80f1b-51b5-4827-8b4a-c8c3162cd52b,RTT_SAMPLE,ACK,673,0,"62.700800"
1298.769,sender,69f80f1b-51b5-4827-8b4a-c8c3162cd52b,EMIT,DATA,712,1060,""
1298.797,sender,69f80f1b-51b5-4827-8b4a-c8c3162cd52b,EMIT,DATA,707,1060,""
1298.808,sender,69f80f1b-51b5-4827-8b4a-c8c3162cd52b,EMIT,DATA,689,1060,""
1298.822,sender,69f80f1b-51b5-4827-8b4a-c8c3162cd52b,EMIT,DATA,717,1060,""
1298.830,sender,69f80f1b-51b5-4827-8b4a-c8c3162cd52b,EMIT,DATA,723,1060,""
1298.839,sender,69f80f1b-51b5-4827-8b4a-c8c3162cd52b,EMIT,DATA,702,1060,""
1298.848,sender,69f80f1b-51b5-4827-8b4a-c8c3162cd52b,EMIT,DATA,686,1060,""
1298.857,sender,69f80f1b-51b5-4827-8b4a-c8c3162cd52b,EMIT,DATA,694,1060,""
1298.870,sender,69f80f1b-51b5-4827-8b4a-c8c3162cd52b,EMIT,DATA,710,1060,""
1298.880,sender,69f80f1b-51b5-4827-8b4a-c8c3162cd52b,EMIT,DATA,701,1060,""
1298.891,sender,69f80f1b-51b5-4827-8b4a-c8c3162cd52b,EMIT,DATA,714,1060,""
1298.900,sender,69f80f1b-51b5-4827-8b4a-c8c3162cd52b,EMIT,DATA,721,1060,""
1298.909,sender,69f80f1b-51b5-4827-8b4a-c8c3162cd52b,EMIT,DATA,699,1060,""
1298.928,sender,69f80f1b-51b5-4827-8b4a-c8c3162cd52b,EMIT,DATA,705,1060,""
1298.938,sender,69f80f1b-51b5-4827-8b4a-c8c3162cd52b,EMIT,DATA,715,1060,""
1298.948,sender,69f80f1b-51b5-4827-8b4a-c8c3162cd52b,EMIT,DATA,716,1060,""
1298.958,sender,69f80f1b-51b5-4827-8b4a-c8c3162cd52b,EMIT,DATA,722,1060,""
1298.978,sender,69f80f1b-51b5-4827-8b4a-c8c3162cd52b,EMIT,DATA,704,1060,""
1298.987,sender,69f80f1b-51b5-4827-8b4a-c8c3162cd52b,EMIT,DATA,700,1060,""
1298.996,sender,69f80f1b-51b5-4827-8b4a-c8c3162cd52b,EMIT,DATA,708,1060,""
1299.006,sender,69f80f1b-51b5-4827-8b4a-c8c3162cd52b,RECEIVE,ACK,669,36,""
1299.064,sender,69f80f1b-51b5-4827-8b4a-c8c3162cd52b,ACKNOWLEDGED,ACK,669,0,""
1299.068,sender,69f80f1b-51b5-4827-8b4a-c8c3162cd52b,CONFIRM_DATA,ACK,669,1024,"unique file bytes acknowledged"
1299.074,sender,69f80f1b-51b5-4827-8b4a-c8c3162cd52b,RTT_SAMPLE,ACK,669,0,"93.892200"
1299.099,sender,69f80f1b-51b5-4827-8b4a-c8c3162cd52b,RECEIVE,ACK,667,36,""
1299.101,sender,69f80f1b-51b5-4827-8b4a-c8c3162cd52b,ACKNOWLEDGED,ACK,667,0,""
1299.104,sender,69f80f1b-51b5-4827-8b4a-c8c3162cd52b,CONFIRM_DATA,ACK,667,1024,"unique file bytes acknowledged"
1299.107,sender,69f80f1b-51b5-4827-8b4a-c8c3162cd52b,RTT_SAMPLE,ACK,667,0,"93.932300"
1299.112,sender,69f80f1b-51b5-4827-8b4a-c8c3162cd52b,RECEIVE,ACK,666,36,""
1299.115,sender,69f80f1b-51b5-4827-8b4a-c8c3162cd52b,ACKNOWLEDGED,ACK,666,0,""
1299.117,sender,69f80f1b-51b5-4827-8b4a-c8c3162cd52b,CONFIRM_DATA,ACK,666,1024,"unique file bytes acknowledged"
1299.120,sender,69f80f1b-51b5-4827-8b4a-c8c3162cd52b,RTT_SAMPLE,ACK,666,0,"94.125000"
1299.124,sender,69f80f1b-51b5-4827-8b4a-c8c3162cd52b,SEND,DATA,730,1060,""
1299.129,sender,69f80f1b-51b5-4827-8b4a-c8c3162cd52b,SEND,DATA,731,1060,""
1299.177,sender,69f80f1b-51b5-4827-8b4a-c8c3162cd52b,RECEIVE,ACK,668,36,""
1299.186,sender,69f80f1b-51b5-4827-8b4a-c8c3162cd52b,ACKNOWLEDGED,ACK,668,0,""
1299.191,sender,69f80f1b-51b5-4827-8b4a-c8c3162cd52b,CONFIRM_DATA,ACK,668,1024,"unique file bytes acknowledged"
1299.199,sender,69f80f1b-51b5-4827-8b4a-c8c3162cd52b,RTT_SAMPLE,ACK,668,0,"94.019800"
1299.210,sender,69f80f1b-51b5-4827-8b4a-c8c3162cd52b,SEND,DATA,732,1060,""
1299.215,sender,69f80f1b-51b5-4827-8b4a-c8c3162cd52b,SEND,DATA,733,1060,""
1299.228,sender,69f80f1b-51b5-4827-8b4a-c8c3162cd52b,EMIT,DATA,709,1060,""
1314.547,sender,69f80f1b-51b5-4827-8b4a-c8c3162cd52b,EMIT,DATA,711,1060,""
1314.576,sender,69f80f1b-51b5-4827-8b4a-c8c3162cd52b,EMIT,DATA,719,1060,""
1314.585,sender,69f80f1b-51b5-4827-8b4a-c8c3162cd52b,EMIT,DATA,703,1060,""
1314.596,sender,69f80f1b-51b5-4827-8b4a-c8c3162cd52b,EMIT,DATA,713,1060,""
1314.646,sender,69f80f1b-51b5-4827-8b4a-c8c3162cd52b,RECEIVE,ACK,677,36,""
1314.652,sender,69f80f1b-51b5-4827-8b4a-c8c3162cd52b,ACKNOWLEDGED,ACK,677,0,""
1314.655,sender,69f80f1b-51b5-4827-8b4a-c8c3162cd52b,CONFIRM_DATA,ACK,677,1024,"unique file bytes acknowledged"
1314.660,sender,69f80f1b-51b5-4827-8b4a-c8c3162cd52b,RTT_SAMPLE,ACK,677,0,"93.680500"
1314.674,sender,69f80f1b-51b5-4827-8b4a-c8c3162cd52b,RECEIVE,ACK,678,36,""
1314.677,sender,69f80f1b-51b5-4827-8b4a-c8c3162cd52b,ACKNOWLEDGED,ACK,678,0,""
1314.679,sender,69f80f1b-51b5-4827-8b4a-c8c3162cd52b,CONFIRM_DATA,ACK,678,1024,"unique file bytes acknowledged"
1314.683,sender,69f80f1b-51b5-4827-8b4a-c8c3162cd52b,RTT_SAMPLE,ACK,678,0,"93.702200"
1314.690,sender,69f80f1b-51b5-4827-8b4a-c8c3162cd52b,EMIT,DATA,720,1060,""
1314.698,sender,69f80f1b-51b5-4827-8b4a-c8c3162cd52b,RECEIVE,ACK,670,36,""
1314.714,sender,69f80f1b-51b5-4827-8b4a-c8c3162cd52b,ACKNOWLEDGED,ACK,670,0,""
1314.716,sender,69f80f1b-51b5-4827-8b4a-c8c3162cd52b,CONFIRM_DATA,ACK,670,1024,"unique file bytes acknowledged"
1314.720,sender,69f80f1b-51b5-4827-8b4a-c8c3162cd52b,RTT_SAMPLE,ACK,670,0,"109.537400"
1314.725,sender,69f80f1b-51b5-4827-8b4a-c8c3162cd52b,SEND,DATA,734,1060,""
1314.728,sender,69f80f1b-51b5-4827-8b4a-c8c3162cd52b,EMIT,DATA,706,1060,""
1314.734,sender,69f80f1b-51b5-4827-8b4a-c8c3162cd52b,RECEIVE,ACK,679,36,""
1314.737,sender,69f80f1b-51b5-4827-8b4a-c8c3162cd52b,ACKNOWLEDGED,ACK,679,0,""
1314.740,sender,69f80f1b-51b5-4827-8b4a-c8c3162cd52b,CONFIRM_DATA,ACK,679,1024,"unique file bytes acknowledged"
1314.743,sender,69f80f1b-51b5-4827-8b4a-c8c3162cd52b,RTT_SAMPLE,ACK,679,0,"93.760000"
1314.748,sender,69f80f1b-51b5-4827-8b4a-c8c3162cd52b,EMIT,DATA,729,1060,""
1314.754,sender,69f80f1b-51b5-4827-8b4a-c8c3162cd52b,RECEIVE,ACK,683,36,""
1314.757,sender,69f80f1b-51b5-4827-8b4a-c8c3162cd52b,ACKNOWLEDGED,ACK,683,0,""
1314.760,sender,69f80f1b-51b5-4827-8b4a-c8c3162cd52b,CONFIRM_DATA,ACK,683,1024,"unique file bytes acknowledged"
1314.763,sender,69f80f1b-51b5-4827-8b4a-c8c3162cd52b,RTT_SAMPLE,ACK,683,0,"78.121100"
1314.770,sender,69f80f1b-51b5-4827-8b4a-c8c3162cd52b,RECEIVE,ACK,675,36,""
1314.773,sender,69f80f1b-51b5-4827-8b4a-c8c3162cd52b,ACKNOWLEDGED,ACK,675,0,""
1314.775,sender,69f80f1b-51b5-4827-8b4a-c8c3162cd52b,CONFIRM_DATA,ACK,675,1024,"unique file bytes acknowledged"
1314.779,sender,69f80f1b-51b5-4827-8b4a-c8c3162cd52b,RTT_SAMPLE,ACK,675,0,"93.805300"
1314.785,sender,69f80f1b-51b5-4827-8b4a-c8c3162cd52b,RECEIVE,ACK,685,36,""
1314.788,sender,69f80f1b-51b5-4827-8b4a-c8c3162cd52b,ACKNOWLEDGED,ACK,685,0,""
1314.790,sender,69f80f1b-51b5-4827-8b4a-c8c3162cd52b,CONFIRM_DATA,ACK,685,1024,"unique file bytes acknowledged"
1314.794,sender,69f80f1b-51b5-4827-8b4a-c8c3162cd52b,RTT_SAMPLE,ACK,685,0,"78.146000"
1314.800,sender,69f80f1b-51b5-4827-8b4a-c8c3162cd52b,RECEIVE,ACK,676,36,""
1314.803,sender,69f80f1b-51b5-4827-8b4a-c8c3162cd52b,ACKNOWLEDGED,ACK,676,0,""
1314.806,sender,69f80f1b-51b5-4827-8b4a-c8c3162cd52b,CONFIRM_DATA,ACK,676,1024,"unique file bytes acknowledged"
1314.809,sender,69f80f1b-51b5-4827-8b4a-c8c3162cd52b,RTT_SAMPLE,ACK,676,0,"93.833400"
1314.816,sender,69f80f1b-51b5-4827-8b4a-c8c3162cd52b,RECEIVE,ACK,697,36,""
1314.819,sender,69f80f1b-51b5-4827-8b4a-c8c3162cd52b,ACKNOWLEDGED,ACK,697,0,""
1314.821,sender,69f80f1b-51b5-4827-8b4a-c8c3162cd52b,CONFIRM_DATA,ACK,697,1024,"unique file bytes acknowledged"
1314.830,sender,69f80f1b-51b5-4827-8b4a-c8c3162cd52b,RTT_SAMPLE,ACK,697,0,"77.931900"
1314.836,sender,69f80f1b-51b5-4827-8b4a-c8c3162cd52b,RECEIVE,ACK,688,36,""
1314.839,sender,69f80f1b-51b5-4827-8b4a-c8c3162cd52b,ACKNOWLEDGED,ACK,688,0,""
1314.842,sender,69f80f1b-51b5-4827-8b4a-c8c3162cd52b,CONFIRM_DATA,ACK,688,1024,"unique file bytes acknowledged"
1314.845,sender,69f80f1b-51b5-4827-8b4a-c8c3162cd52b,RTT_SAMPLE,ACK,688,0,"78.189700"
1314.851,sender,69f80f1b-51b5-4827-8b4a-c8c3162cd52b,RECEIVE,ACK,691,36,""
1314.854,sender,69f80f1b-51b5-4827-8b4a-c8c3162cd52b,ACKNOWLEDGED,ACK,691,0,""
1314.856,sender,69f80f1b-51b5-4827-8b4a-c8c3162cd52b,CONFIRM_DATA,ACK,691,1024,"unique file bytes acknowledged"
1314.860,sender,69f80f1b-51b5-4827-8b4a-c8c3162cd52b,RTT_SAMPLE,ACK,691,0,"78.196600"
1314.866,sender,69f80f1b-51b5-4827-8b4a-c8c3162cd52b,RECEIVE,ACK,671,36,""
1314.869,sender,69f80f1b-51b5-4827-8b4a-c8c3162cd52b,ACKNOWLEDGED,ACK,671,0,""
1314.872,sender,69f80f1b-51b5-4827-8b4a-c8c3162cd52b,CONFIRM_DATA,ACK,671,1024,"unique file bytes acknowledged"
1314.875,sender,69f80f1b-51b5-4827-8b4a-c8c3162cd52b,RTT_SAMPLE,ACK,671,0,"93.953500"
1314.879,sender,69f80f1b-51b5-4827-8b4a-c8c3162cd52b,SEND,DATA,735,1060,""
1314.897,sender,69f80f1b-51b5-4827-8b4a-c8c3162cd52b,RECEIVE,ACK,672,36,""
1314.900,sender,69f80f1b-51b5-4827-8b4a-c8c3162cd52b,ACKNOWLEDGED,ACK,672,0,""
1314.903,sender,69f80f1b-51b5-4827-8b4a-c8c3162cd52b,CONFIRM_DATA,ACK,672,1024,"unique file bytes acknowledged"
1314.906,sender,69f80f1b-51b5-4827-8b4a-c8c3162cd52b,RTT_SAMPLE,ACK,672,0,"93.979800"
1314.910,sender,69f80f1b-51b5-4827-8b4a-c8c3162cd52b,SEND,DATA,736,1060,""
1314.914,sender,69f80f1b-51b5-4827-8b4a-c8c3162cd52b,SEND,DATA,737,1060,""
1314.919,sender,69f80f1b-51b5-4827-8b4a-c8c3162cd52b,RECEIVE,ACK,687,36,""
1314.922,sender,69f80f1b-51b5-4827-8b4a-c8c3162cd52b,ACKNOWLEDGED,ACK,687,0,""
1314.925,sender,69f80f1b-51b5-4827-8b4a-c8c3162cd52b,CONFIRM_DATA,ACK,687,1024,"unique file bytes acknowledged"
1314.928,sender,69f80f1b-51b5-4827-8b4a-c8c3162cd52b,RTT_SAMPLE,ACK,687,0,"78.275400"
1330.345,sender,69f80f1b-51b5-4827-8b4a-c8c3162cd52b,EMIT,DATA,728,1060,""
1330.368,sender,69f80f1b-51b5-4827-8b4a-c8c3162cd52b,EMIT,DATA,725,1060,""
1330.401,sender,69f80f1b-51b5-4827-8b4a-c8c3162cd52b,EMIT,DATA,724,1060,""
1330.411,sender,69f80f1b-51b5-4827-8b4a-c8c3162cd52b,EMIT,DATA,733,1060,""
1330.415,sender,69f80f1b-51b5-4827-8b4a-c8c3162cd52b,RECEIVE,ACK,674,36,""
1330.426,sender,69f80f1b-51b5-4827-8b4a-c8c3162cd52b,EMIT,DATA,726,1060,""
1330.430,sender,69f80f1b-51b5-4827-8b4a-c8c3162cd52b,ACKNOWLEDGED,ACK,674,0,""
1330.434,sender,69f80f1b-51b5-4827-8b4a-c8c3162cd52b,CONFIRM_DATA,ACK,674,1024,"unique file bytes acknowledged"
1330.475,sender,69f80f1b-51b5-4827-8b4a-c8c3162cd52b,RTT_SAMPLE,ACK,674,0,"109.503400"
1330.484,sender,69f80f1b-51b5-4827-8b4a-c8c3162cd52b,SEND,DATA,738,1060,""
1330.489,sender,69f80f1b-51b5-4827-8b4a-c8c3162cd52b,SEND,DATA,739,1060,""
1330.492,sender,69f80f1b-51b5-4827-8b4a-c8c3162cd52b,SEND,DATA,740,1060,""
1330.496,sender,69f80f1b-51b5-4827-8b4a-c8c3162cd52b,SEND,DATA,741,1060,""
1330.499,sender,69f80f1b-51b5-4827-8b4a-c8c3162cd52b,SEND,DATA,742,1060,""
1330.503,sender,69f80f1b-51b5-4827-8b4a-c8c3162cd52b,SEND,DATA,743,1060,""
1330.521,sender,69f80f1b-51b5-4827-8b4a-c8c3162cd52b,RECEIVE,ACK,682,36,""
1330.524,sender,69f80f1b-51b5-4827-8b4a-c8c3162cd52b,ACKNOWLEDGED,ACK,682,0,""
1330.526,sender,69f80f1b-51b5-4827-8b4a-c8c3162cd52b,CONFIRM_DATA,ACK,682,1024,"unique file bytes acknowledged"
1330.530,sender,69f80f1b-51b5-4827-8b4a-c8c3162cd52b,RTT_SAMPLE,ACK,682,0,"93.890700"
1330.537,sender,69f80f1b-51b5-4827-8b4a-c8c3162cd52b,RECEIVE,ACK,698,36,""
1330.540,sender,69f80f1b-51b5-4827-8b4a-c8c3162cd52b,ACKNOWLEDGED,ACK,698,0,""
1330.543,sender,69f80f1b-51b5-4827-8b4a-c8c3162cd52b,CONFIRM_DATA,ACK,698,1024,"unique file bytes acknowledged"
1330.546,sender,69f80f1b-51b5-4827-8b4a-c8c3162cd52b,RTT_SAMPLE,ACK,698,0,"93.644400"
1330.553,sender,69f80f1b-51b5-4827-8b4a-c8c3162cd52b,RECEIVE,ACK,696,36,""
1330.556,sender,69f80f1b-51b5-4827-8b4a-c8c3162cd52b,ACKNOWLEDGED,ACK,696,0,""
1330.558,sender,69f80f1b-51b5-4827-8b4a-c8c3162cd52b,CONFIRM_DATA,ACK,696,1024,"unique file bytes acknowledged"
1330.562,sender,69f80f1b-51b5-4827-8b4a-c8c3162cd52b,RTT_SAMPLE,ACK,696,0,"93.872700"
1330.568,sender,69f80f1b-51b5-4827-8b4a-c8c3162cd52b,RECEIVE,ACK,684,36,""
1330.570,sender,69f80f1b-51b5-4827-8b4a-c8c3162cd52b,ACKNOWLEDGED,ACK,684,0,""
1330.573,sender,69f80f1b-51b5-4827-8b4a-c8c3162cd52b,CONFIRM_DATA,ACK,684,1024,"unique file bytes acknowledged"
1330.576,sender,69f80f1b-51b5-4827-8b4a-c8c3162cd52b,RTT_SAMPLE,ACK,684,0,"93.931600"
1330.582,sender,69f80f1b-51b5-4827-8b4a-c8c3162cd52b,RECEIVE,ACK,690,36,""
1330.585,sender,69f80f1b-51b5-4827-8b4a-c8c3162cd52b,ACKNOWLEDGED,ACK,690,0,""
1330.592,sender,69f80f1b-51b5-4827-8b4a-c8c3162cd52b,CONFIRM_DATA,ACK,690,1024,"unique file bytes acknowledged"
1330.595,sender,69f80f1b-51b5-4827-8b4a-c8c3162cd52b,RTT_SAMPLE,ACK,690,0,"93.934500"
1330.600,sender,69f80f1b-51b5-4827-8b4a-c8c3162cd52b,RECEIVE,ACK,692,36,""
1330.603,sender,69f80f1b-51b5-4827-8b4a-c8c3162cd52b,ACKNOWLEDGED,ACK,692,0,""
1330.605,sender,69f80f1b-51b5-4827-8b4a-c8c3162cd52b,CONFIRM_DATA,ACK,692,1024,"unique file bytes acknowledged"
1330.608,sender,69f80f1b-51b5-4827-8b4a-c8c3162cd52b,RTT_SAMPLE,ACK,692,0,"93.942300"
1330.614,sender,69f80f1b-51b5-4827-8b4a-c8c3162cd52b,RECEIVE,ACK,718,36,""
1330.616,sender,69f80f1b-51b5-4827-8b4a-c8c3162cd52b,ACKNOWLEDGED,ACK,718,0,""
1330.619,sender,69f80f1b-51b5-4827-8b4a-c8c3162cd52b,CONFIRM_DATA,ACK,718,1024,"unique file bytes acknowledged"
1330.622,sender,69f80f1b-51b5-4827-8b4a-c8c3162cd52b,RTT_SAMPLE,ACK,718,0,"77.938400"
1330.628,sender,69f80f1b-51b5-4827-8b4a-c8c3162cd52b,RECEIVE,ACK,693,36,""
1330.630,sender,69f80f1b-51b5-4827-8b4a-c8c3162cd52b,ACKNOWLEDGED,ACK,693,0,""
1330.632,sender,69f80f1b-51b5-4827-8b4a-c8c3162cd52b,CONFIRM_DATA,ACK,693,1024,"unique file bytes acknowledged"
1330.635,sender,69f80f1b-51b5-4827-8b4a-c8c3162cd52b,RTT_SAMPLE,ACK,693,0,"93.966900"
1330.641,sender,69f80f1b-51b5-4827-8b4a-c8c3162cd52b,RECEIVE,ACK,681,36,""
1330.643,sender,69f80f1b-51b5-4827-8b4a-c8c3162cd52b,ACKNOWLEDGED,ACK,681,0,""
1330.646,sender,69f80f1b-51b5-4827-8b4a-c8c3162cd52b,CONFIRM_DATA,ACK,681,1024,"unique file bytes acknowledged"
1330.649,sender,69f80f1b-51b5-4827-8b4a-c8c3162cd52b,RTT_SAMPLE,ACK,681,0,"94.012100"
1330.669,sender,69f80f1b-51b5-4827-8b4a-c8c3162cd52b,RECEIVE,ACK,722,36,""
1330.672,sender,69f80f1b-51b5-4827-8b4a-c8c3162cd52b,ACKNOWLEDGED,ACK,722,0,""
1330.675,sender,69f80f1b-51b5-4827-8b4a-c8c3162cd52b,CONFIRM_DATA,ACK,722,1024,"unique file bytes acknowledged"
1330.678,sender,69f80f1b-51b5-4827-8b4a-c8c3162cd52b,RTT_SAMPLE,ACK,722,0,"77.982800"
1330.685,sender,69f80f1b-51b5-4827-8b4a-c8c3162cd52b,EMIT,DATA,732,1060,""
1330.695,sender,69f80f1b-51b5-4827-8b4a-c8c3162cd52b,RECEIVE,ACK,694,36,""
1330.697,sender,69f80f1b-51b5-4827-8b4a-c8c3162cd52b,ACKNOWLEDGED,ACK,694,0,""
1330.700,sender,69f80f1b-51b5-4827-8b4a-c8c3162cd52b,CONFIRM_DATA,ACK,694,1024,"unique file bytes acknowledged"
1330.703,sender,69f80f1b-51b5-4827-8b4a-c8c3162cd52b,RTT_SAMPLE,ACK,694,0,"94.031800"
1330.709,sender,69f80f1b-51b5-4827-8b4a-c8c3162cd52b,RECEIVE,ACK,709,36,""
1330.712,sender,69f80f1b-51b5-4827-8b4a-c8c3162cd52b,ACKNOWLEDGED,ACK,709,0,""
1330.715,sender,69f80f1b-51b5-4827-8b4a-c8c3162cd52b,CONFIRM_DATA,ACK,709,1024,"unique file bytes acknowledged"
1330.718,sender,69f80f1b-51b5-4827-8b4a-c8c3162cd52b,RTT_SAMPLE,ACK,709,0,"78.061500"
1330.724,sender,69f80f1b-51b5-4827-8b4a-c8c3162cd52b,RECEIVE,ACK,695,36,""
1330.727,sender,69f80f1b-51b5-4827-8b4a-c8c3162cd52b,ACKNOWLEDGED,ACK,695,0,""
1330.729,sender,69f80f1b-51b5-4827-8b4a-c8c3162cd52b,CONFIRM_DATA,ACK,695,1024,"unique file bytes acknowledged"
1330.732,sender,69f80f1b-51b5-4827-8b4a-c8c3162cd52b,EMIT,DATA,730,1060,""
1330.738,sender,69f80f1b-51b5-4827-8b4a-c8c3162cd52b,RTT_SAMPLE,ACK,695,0,"94.058300"
1330.744,sender,69f80f1b-51b5-4827-8b4a-c8c3162cd52b,RECEIVE,ACK,712,36,""
1330.747,sender,69f80f1b-51b5-4827-8b4a-c8c3162cd52b,EMIT,DATA,727,1060,""
1330.751,sender,69f80f1b-51b5-4827-8b4a-c8c3162cd52b,ACKNOWLEDGED,ACK,712,0,""
1330.753,sender,69f80f1b-51b5-4827-8b4a-c8c3162cd52b,CONFIRM_DATA,ACK,712,1024,"unique file bytes acknowledged"
1330.757,sender,69f80f1b-51b5-4827-8b4a-c8c3162cd52b,RTT_SAMPLE,ACK,712,0,"78.091200"
1346.521,sender,69f80f1b-51b5-4827-8b4a-c8c3162cd52b,EMIT,DATA,731,1060,""
1346.587,sender,69f80f1b-51b5-4827-8b4a-c8c3162cd52b,RECEIVE,ACK,723,36,""
1346.597,sender,69f80f1b-51b5-4827-8b4a-c8c3162cd52b,ACKNOWLEDGED,ACK,723,0,""
1346.601,sender,69f80f1b-51b5-4827-8b4a-c8c3162cd52b,CONFIRM_DATA,ACK,723,1024,"unique file bytes acknowledged"
1346.607,sender,69f80f1b-51b5-4827-8b4a-c8c3162cd52b,RTT_SAMPLE,ACK,723,0,"93.856200"
1346.622,sender,69f80f1b-51b5-4827-8b4a-c8c3162cd52b,RECEIVE,ACK,710,36,""
1346.626,sender,69f80f1b-51b5-4827-8b4a-c8c3162cd52b,ACKNOWLEDGED,ACK,710,0,""
1346.628,sender,69f80f1b-51b5-4827-8b4a-c8c3162cd52b,CONFIRM_DATA,ACK,710,1024,"unique file bytes acknowledged"
1346.641,sender,69f80f1b-51b5-4827-8b4a-c8c3162cd52b,RTT_SAMPLE,ACK,710,0,"93.981600"
1346.647,sender,69f80f1b-51b5-4827-8b4a-c8c3162cd52b,RECEIVE,ACK,680,36,""
1346.650,sender,69f80f1b-51b5-4827-8b4a-c8c3162cd52b,ACKNOWLEDGED,ACK,680,0,""
1346.653,sender,69f80f1b-51b5-4827-8b4a-c8c3162cd52b,CONFIRM_DATA,ACK,680,1024,"unique file bytes acknowledged"
1346.657,sender,69f80f1b-51b5-4827-8b4a-c8c3162cd52b,RTT_SAMPLE,ACK,680,0,"110.023100"
1346.661,sender,69f80f1b-51b5-4827-8b4a-c8c3162cd52b,SEND,DATA,744,1060,""
1346.667,sender,69f80f1b-51b5-4827-8b4a-c8c3162cd52b,SEND,DATA,745,1060,""
1346.670,sender,69f80f1b-51b5-4827-8b4a-c8c3162cd52b,SEND,DATA,746,1060,""
1346.674,sender,69f80f1b-51b5-4827-8b4a-c8c3162cd52b,SEND,DATA,747,1060,""
1346.677,sender,69f80f1b-51b5-4827-8b4a-c8c3162cd52b,SEND,DATA,748,1060,""
1346.680,sender,69f80f1b-51b5-4827-8b4a-c8c3162cd52b,SEND,DATA,749,1060,""
1346.686,sender,69f80f1b-51b5-4827-8b4a-c8c3162cd52b,RECEIVE,ACK,705,36,""
1346.689,sender,69f80f1b-51b5-4827-8b4a-c8c3162cd52b,ACKNOWLEDGED,ACK,705,0,""
1346.704,sender,69f80f1b-51b5-4827-8b4a-c8c3162cd52b,CONFIRM_DATA,ACK,705,1024,"unique file bytes acknowledged"
1346.707,sender,69f80f1b-51b5-4827-8b4a-c8c3162cd52b,RTT_SAMPLE,ACK,705,0,"94.098000"
1346.714,sender,69f80f1b-51b5-4827-8b4a-c8c3162cd52b,RECEIVE,ACK,701,36,""
1346.721,sender,69f80f1b-51b5-4827-8b4a-c8c3162cd52b,ACKNOWLEDGED,ACK,701,0,""
1346.724,sender,69f80f1b-51b5-4827-8b4a-c8c3162cd52b,CONFIRM_DATA,ACK,701,1024,"unique file bytes acknowledged"
1346.728,sender,69f80f1b-51b5-4827-8b4a-c8c3162cd52b,RTT_SAMPLE,ACK,701,0,"94.130400"
1346.759,sender,69f80f1b-51b5-4827-8b4a-c8c3162cd52b,RECEIVE,ACK,708,36,""
1346.813,sender,69f80f1b-51b5-4827-8b4a-c8c3162cd52b,ACKNOWLEDGED,ACK,708,0,""
1346.817,sender,69f80f1b-51b5-4827-8b4a-c8c3162cd52b,CONFIRM_DATA,ACK,708,1024,"unique file bytes acknowledged"
1346.821,sender,69f80f1b-51b5-4827-8b4a-c8c3162cd52b,RTT_SAMPLE,ACK,708,0,"94.166700"
1346.833,sender,69f80f1b-51b5-4827-8b4a-c8c3162cd52b,RECEIVE,ACK,686,36,""
1346.836,sender,69f80f1b-51b5-4827-8b4a-c8c3162cd52b,ACKNOWLEDGED,ACK,686,0,""
1346.838,sender,69f80f1b-51b5-4827-8b4a-c8c3162cd52b,CONFIRM_DATA,ACK,686,1024,"unique file bytes acknowledged"
1346.842,sender,69f80f1b-51b5-4827-8b4a-c8c3162cd52b,RTT_SAMPLE,ACK,686,0,"110.191200"
1346.845,sender,69f80f1b-51b5-4827-8b4a-c8c3162cd52b,SEND,DATA,750,1060,""
1346.849,sender,69f80f1b-51b5-4827-8b4a-c8c3162cd52b,SEND,DATA,751,1060,""
1346.852,sender,69f80f1b-51b5-4827-8b4a-c8c3162cd52b,SEND,DATA,752,1060,""
1346.888,sender,69f80f1b-51b5-4827-8b4a-c8c3162cd52b,RECEIVE,ACK,714,36,""
1346.891,sender,69f80f1b-51b5-4827-8b4a-c8c3162cd52b,ACKNOWLEDGED,ACK,714,0,""
1346.894,sender,69f80f1b-51b5-4827-8b4a-c8c3162cd52b,CONFIRM_DATA,ACK,714,1024,"unique file bytes acknowledged"
1346.897,sender,69f80f1b-51b5-4827-8b4a-c8c3162cd52b,RTT_SAMPLE,ACK,714,0,"94.225000"
1346.904,sender,69f80f1b-51b5-4827-8b4a-c8c3162cd52b,RECEIVE,ACK,689,36,""
1346.906,sender,69f80f1b-51b5-4827-8b4a-c8c3162cd52b,ACKNOWLEDGED,ACK,689,0,""
1346.909,sender,69f80f1b-51b5-4827-8b4a-c8c3162cd52b,CONFIRM_DATA,ACK,689,1024,"unique file bytes acknowledged"
1346.912,sender,69f80f1b-51b5-4827-8b4a-c8c3162cd52b,RTT_SAMPLE,ACK,689,0,"110.254000"
1346.915,sender,69f80f1b-51b5-4827-8b4a-c8c3162cd52b,SEND,DATA,753,1060,""
1346.919,sender,69f80f1b-51b5-4827-8b4a-c8c3162cd52b,SEND,DATA,754,1060,""
1346.922,sender,69f80f1b-51b5-4827-8b4a-c8c3162cd52b,SEND,DATA,755,1060,""
1346.925,sender,69f80f1b-51b5-4827-8b4a-c8c3162cd52b,SEND,DATA,756,1060,""
1346.928,sender,69f80f1b-51b5-4827-8b4a-c8c3162cd52b,SEND,DATA,757,1060,""
1346.930,sender,69f80f1b-51b5-4827-8b4a-c8c3162cd52b,SEND,DATA,758,1060,""
1346.937,sender,69f80f1b-51b5-4827-8b4a-c8c3162cd52b,SEND,DATA,759,1060,""
1346.939,sender,69f80f1b-51b5-4827-8b4a-c8c3162cd52b,SEND,DATA,760,1060,""
1346.942,sender,69f80f1b-51b5-4827-8b4a-c8c3162cd52b,SEND,DATA,761,1060,""
1346.945,sender,69f80f1b-51b5-4827-8b4a-c8c3162cd52b,SEND,DATA,762,1060,""
1346.950,sender,69f80f1b-51b5-4827-8b4a-c8c3162cd52b,RECEIVE,ACK,721,36,""
1346.952,sender,69f80f1b-51b5-4827-8b4a-c8c3162cd52b,ACKNOWLEDGED,ACK,721,0,""
1346.955,sender,69f80f1b-51b5-4827-8b4a-c8c3162cd52b,CONFIRM_DATA,ACK,721,1024,"unique file bytes acknowledged"
1346.958,sender,69f80f1b-51b5-4827-8b4a-c8c3162cd52b,RTT_SAMPLE,ACK,721,0,"94.265300"
1346.963,sender,69f80f1b-51b5-4827-8b4a-c8c3162cd52b,RECEIVE,ACK,699,36,""
1346.965,sender,69f80f1b-51b5-4827-8b4a-c8c3162cd52b,ACKNOWLEDGED,ACK,699,0,""
1346.968,sender,69f80f1b-51b5-4827-8b4a-c8c3162cd52b,CONFIRM_DATA,ACK,699,1024,"unique file bytes acknowledged"
1346.970,sender,69f80f1b-51b5-4827-8b4a-c8c3162cd52b,RTT_SAMPLE,ACK,699,0,"94.394100"
1346.974,sender,69f80f1b-51b5-4827-8b4a-c8c3162cd52b,SEND,DATA,763,1060,""
1346.978,sender,69f80f1b-51b5-4827-8b4a-c8c3162cd52b,RECEIVE,ACK,700,36,""
1346.981,sender,69f80f1b-51b5-4827-8b4a-c8c3162cd52b,ACKNOWLEDGED,ACK,700,0,""
1346.983,sender,69f80f1b-51b5-4827-8b4a-c8c3162cd52b,CONFIRM_DATA,ACK,700,1024,"unique file bytes acknowledged"
1346.986,sender,69f80f1b-51b5-4827-8b4a-c8c3162cd52b,RTT_SAMPLE,ACK,700,0,"94.398100"
1346.989,sender,69f80f1b-51b5-4827-8b4a-c8c3162cd52b,SEND,DATA,764,1060,""
1346.992,sender,69f80f1b-51b5-4827-8b4a-c8c3162cd52b,SEND,DATA,765,1060,""
1346.997,sender,69f80f1b-51b5-4827-8b4a-c8c3162cd52b,RECEIVE,ACK,717,36,""
1346.999,sender,69f80f1b-51b5-4827-8b4a-c8c3162cd52b,ACKNOWLEDGED,ACK,717,0,""
1347.001,sender,69f80f1b-51b5-4827-8b4a-c8c3162cd52b,CONFIRM_DATA,ACK,717,1024,"unique file bytes acknowledged"
1347.004,sender,69f80f1b-51b5-4827-8b4a-c8c3162cd52b,RTT_SAMPLE,ACK,717,0,"94.323600"
1347.009,sender,69f80f1b-51b5-4827-8b4a-c8c3162cd52b,RECEIVE,ACK,711,36,""
1347.012,sender,69f80f1b-51b5-4827-8b4a-c8c3162cd52b,ACKNOWLEDGED,ACK,711,0,""
1347.014,sender,69f80f1b-51b5-4827-8b4a-c8c3162cd52b,CONFIRM_DATA,ACK,711,1024,"unique file bytes acknowledged"
1347.017,sender,69f80f1b-51b5-4827-8b4a-c8c3162cd52b,RTT_SAMPLE,ACK,711,0,"94.354100"
1362.139,sender,69f80f1b-51b5-4827-8b4a-c8c3162cd52b,EMIT,DATA,737,1060,""
1362.169,sender,69f80f1b-51b5-4827-8b4a-c8c3162cd52b,EMIT,DATA,734,1060,""
1362.178,sender,69f80f1b-51b5-4827-8b4a-c8c3162cd52b,EMIT,DATA,736,1060,""
1362.187,sender,69f80f1b-51b5-4827-8b4a-c8c3162cd52b,EMIT,DATA,735,1060,""
1362.442,sender,69f80f1b-51b5-4827-8b4a-c8c3162cd52b,RECEIVE,ACK,707,36,""
1362.452,sender,69f80f1b-51b5-4827-8b4a-c8c3162cd52b,ACKNOWLEDGED,ACK,707,0,""
1362.456,sender,69f80f1b-51b5-4827-8b4a-c8c3162cd52b,CONFIRM_DATA,ACK,707,1024,"unique file bytes acknowledged"
1362.461,sender,69f80f1b-51b5-4827-8b4a-c8c3162cd52b,RTT_SAMPLE,ACK,707,0,"109.809500"
1362.475,sender,69f80f1b-51b5-4827-8b4a-c8c3162cd52b,RECEIVE,ACK,704,36,""
1362.477,sender,69f80f1b-51b5-4827-8b4a-c8c3162cd52b,ACKNOWLEDGED,ACK,704,0,""
1362.480,sender,69f80f1b-51b5-4827-8b4a-c8c3162cd52b,CONFIRM_DATA,ACK,704,1024,"unique file bytes acknowledged"
1362.484,sender,69f80f1b-51b5-4827-8b4a-c8c3162cd52b,RTT_SAMPLE,ACK,704,0,"109.877400"
1362.489,sender,69f80f1b-51b5-4827-8b4a-c8c3162cd52b,RECEIVE,ACK,702,36,""
1362.492,sender,69f80f1b-51b5-4827-8b4a-c8c3162cd52b,ACKNOWLEDGED,ACK,702,0,""
1362.495,sender,69f80f1b-51b5-4827-8b4a-c8c3162cd52b,CONFIRM_DATA,ACK,702,1024,"unique file bytes acknowledged"
1362.498,sender,69f80f1b-51b5-4827-8b4a-c8c3162cd52b,RTT_SAMPLE,ACK,702,0,"109.897900"
1362.502,sender,69f80f1b-51b5-4827-8b4a-c8c3162cd52b,SEND,DATA,766,1060,""
1362.683,sender,69f80f1b-51b5-4827-8b4a-c8c3162cd52b,RECEIVE,ACK,715,36,""
1362.693,sender,69f80f1b-51b5-4827-8b4a-c8c3162cd52b,ACKNOWLEDGED,ACK,715,0,""
1362.697,sender,69f80f1b-51b5-4827-8b4a-c8c3162cd52b,CONFIRM_DATA,ACK,715,1024,"unique file bytes acknowledged"
1362.702,sender,69f80f1b-51b5-4827-8b4a-c8c3162cd52b,RTT_SAMPLE,ACK,715,0,"110.026000"
1362.713,sender,69f80f1b-51b5-4827-8b4a-c8c3162cd52b,RECEIVE,ACK,713,36,""
1362.717,sender,69f80f1b-51b5-4827-8b4a-c8c3162cd52b,ACKNOWLEDGED,ACK,713,0,""
1362.719,sender,69f80f1b-51b5-4827-8b4a-c8c3162cd52b,CONFIRM_DATA,ACK,713,1024,"unique file bytes acknowledged"
1362.723,sender,69f80f1b-51b5-4827-8b4a-c8c3162cd52b,RTT_SAMPLE,ACK,713,0,"110.053900"
1362.729,sender,69f80f1b-51b5-4827-8b4a-c8c3162cd52b,RECEIVE,ACK,716,36,""
1362.731,sender,69f80f1b-51b5-4827-8b4a-c8c3162cd52b,ACKNOWLEDGED,ACK,716,0,""
1362.734,sender,69f80f1b-51b5-4827-8b4a-c8c3162cd52b,CONFIRM_DATA,ACK,716,1024,"unique file bytes acknowledged"
1362.737,sender,69f80f1b-51b5-4827-8b4a-c8c3162cd52b,RTT_SAMPLE,ACK,716,0,"110.059500"
1362.743,sender,69f80f1b-51b5-4827-8b4a-c8c3162cd52b,RECEIVE,ACK,719,36,""
1362.746,sender,69f80f1b-51b5-4827-8b4a-c8c3162cd52b,ACKNOWLEDGED,ACK,719,0,""
1362.748,sender,69f80f1b-51b5-4827-8b4a-c8c3162cd52b,CONFIRM_DATA,ACK,719,1024,"unique file bytes acknowledged"
1362.752,sender,69f80f1b-51b5-4827-8b4a-c8c3162cd52b,RTT_SAMPLE,ACK,719,0,"110.065000"
1362.762,sender,69f80f1b-51b5-4827-8b4a-c8c3162cd52b,RECEIVE,ACK,720,36,""
1362.765,sender,69f80f1b-51b5-4827-8b4a-c8c3162cd52b,ACKNOWLEDGED,ACK,720,0,""
1362.768,sender,69f80f1b-51b5-4827-8b4a-c8c3162cd52b,CONFIRM_DATA,ACK,720,1024,"unique file bytes acknowledged"
1362.771,sender,69f80f1b-51b5-4827-8b4a-c8c3162cd52b,RTT_SAMPLE,ACK,720,0,"110.081500"
1362.777,sender,69f80f1b-51b5-4827-8b4a-c8c3162cd52b,RECEIVE,ACK,703,36,""
1362.779,sender,69f80f1b-51b5-4827-8b4a-c8c3162cd52b,ACKNOWLEDGED,ACK,703,0,""
1362.782,sender,69f80f1b-51b5-4827-8b4a-c8c3162cd52b,CONFIRM_DATA,ACK,703,1024,"unique file bytes acknowledged"
1362.785,sender,69f80f1b-51b5-4827-8b4a-c8c3162cd52b,RTT_SAMPLE,ACK,703,0,"110.182100"
1362.789,sender,69f80f1b-51b5-4827-8b4a-c8c3162cd52b,SEND,DATA,767,1060,""
1362.793,sender,69f80f1b-51b5-4827-8b4a-c8c3162cd52b,SEND,DATA,768,1060,""
1362.796,sender,69f80f1b-51b5-4827-8b4a-c8c3162cd52b,SEND,DATA,769,1060,""
1362.802,sender,69f80f1b-51b5-4827-8b4a-c8c3162cd52b,RECEIVE,ACK,732,36,""
1362.835,sender,69f80f1b-51b5-4827-8b4a-c8c3162cd52b,ACKNOWLEDGED,ACK,732,0,""
1362.839,sender,69f80f1b-51b5-4827-8b4a-c8c3162cd52b,CONFIRM_DATA,ACK,732,1024,"unique file bytes acknowledged"
1362.842,sender,69f80f1b-51b5-4827-8b4a-c8c3162cd52b,RTT_SAMPLE,ACK,732,0,"63.632200"
1362.847,sender,69f80f1b-51b5-4827-8b4a-c8c3162cd52b,RECEIVE,ACK,730,36,""
1362.849,sender,69f80f1b-51b5-4827-8b4a-c8c3162cd52b,ACKNOWLEDGED,ACK,730,0,""
1362.851,sender,69f80f1b-51b5-4827-8b4a-c8c3162cd52b,CONFIRM_DATA,ACK,730,1024,"unique file bytes acknowledged"
1362.854,sender,69f80f1b-51b5-4827-8b4a-c8c3162cd52b,RTT_SAMPLE,ACK,730,0,"63.729200"
1362.858,sender,69f80f1b-51b5-4827-8b4a-c8c3162cd52b,RECEIVE,ACK,725,36,""
1362.860,sender,69f80f1b-51b5-4827-8b4a-c8c3162cd52b,ACKNOWLEDGED,ACK,725,0,""
1362.862,sender,69f80f1b-51b5-4827-8b4a-c8c3162cd52b,CONFIRM_DATA,ACK,725,1024,"unique file bytes acknowledged"
1362.865,sender,69f80f1b-51b5-4827-8b4a-c8c3162cd52b,RTT_SAMPLE,ACK,725,0,"79.284400"
1377.611,sender,69f80f1b-51b5-4827-8b4a-c8c3162cd52b,EMIT,DATA,742,1060,""
1377.644,sender,69f80f1b-51b5-4827-8b4a-c8c3162cd52b,RECEIVE,ACK,727,36,""
1377.669,sender,69f80f1b-51b5-4827-8b4a-c8c3162cd52b,ACKNOWLEDGED,ACK,727,0,""
1377.678,sender,69f80f1b-51b5-4827-8b4a-c8c3162cd52b,CONFIRM_DATA,ACK,727,1024,"unique file bytes acknowledged"
1377.688,sender,69f80f1b-51b5-4827-8b4a-c8c3162cd52b,EMIT,DATA,738,1060,""
1377.694,sender,69f80f1b-51b5-4827-8b4a-c8c3162cd52b,RTT_SAMPLE,ACK,727,0,"94.043700"
1377.701,sender,69f80f1b-51b5-4827-8b4a-c8c3162cd52b,EMIT,DATA,758,1060,""
1377.705,sender,69f80f1b-51b5-4827-8b4a-c8c3162cd52b,RECEIVE,ACK,706,36,""
1377.708,sender,69f80f1b-51b5-4827-8b4a-c8c3162cd52b,ACKNOWLEDGED,ACK,706,0,""
1377.711,sender,69f80f1b-51b5-4827-8b4a-c8c3162cd52b,CONFIRM_DATA,ACK,706,1024,"unique file bytes acknowledged"
1377.714,sender,69f80f1b-51b5-4827-8b4a-c8c3162cd52b,EMIT,DATA,753,1060,""
1377.718,sender,69f80f1b-51b5-4827-8b4a-c8c3162cd52b,RTT_SAMPLE,ACK,706,0,"125.102700"
1377.723,sender,69f80f1b-51b5-4827-8b4a-c8c3162cd52b,EMIT,DATA,740,1060,""
1377.726,sender,69f80f1b-51b5-4827-8b4a-c8c3162cd52b,SEND,DATA,770,1060,""
1377.731,sender,69f80f1b-51b5-4827-8b4a-c8c3162cd52b,EMIT,DATA,761,1060,""
1377.744,sender,69f80f1b-51b5-4827-8b4a-c8c3162cd52b,SEND,DATA,771,1060,""
1377.748,sender,69f80f1b-51b5-4827-8b4a-c8c3162cd52b,SEND,DATA,772,1060,""
1377.751,sender,69f80f1b-51b5-4827-8b4a-c8c3162cd52b,EMIT,DATA,739,1060,""
1377.754,sender,69f80f1b-51b5-4827-8b4a-c8c3162cd52b,SEND,DATA,773,1060,""
1377.758,sender,69f80f1b-51b5-4827-8b4a-c8c3162cd52b,SEND,DATA,774,1060,""
1377.761,sender,69f80f1b-51b5-4827-8b4a-c8c3162cd52b,EMIT,DATA,743,1060,""
1377.765,sender,69f80f1b-51b5-4827-8b4a-c8c3162cd52b,SEND,DATA,775,1060,""
1377.769,sender,69f80f1b-51b5-4827-8b4a-c8c3162cd52b,SEND,DATA,776,1060,""
1377.772,sender,69f80f1b-51b5-4827-8b4a-c8c3162cd52b,SEND,DATA,777,1060,""
1377.776,sender,69f80f1b-51b5-4827-8b4a-c8c3162cd52b,SEND,DATA,778,1060,""
1377.780,sender,69f80f1b-51b5-4827-8b4a-c8c3162cd52b,SEND,DATA,779,1060,""
1377.788,sender,69f80f1b-51b5-4827-8b4a-c8c3162cd52b,SEND,DATA,780,1060,""
1377.792,sender,69f80f1b-51b5-4827-8b4a-c8c3162cd52b,SEND,DATA,781,1060,""
1377.795,sender,69f80f1b-51b5-4827-8b4a-c8c3162cd52b,SEND,DATA,782,1060,""
1377.799,sender,69f80f1b-51b5-4827-8b4a-c8c3162cd52b,SEND,DATA,783,1060,""
1377.802,sender,69f80f1b-51b5-4827-8b4a-c8c3162cd52b,SEND,DATA,784,1060,""
1377.805,sender,69f80f1b-51b5-4827-8b4a-c8c3162cd52b,SEND,DATA,785,1060,""
1377.809,sender,69f80f1b-51b5-4827-8b4a-c8c3162cd52b,SEND,DATA,786,1060,""
1377.812,sender,69f80f1b-51b5-4827-8b4a-c8c3162cd52b,SEND,DATA,787,1060,""
1377.819,sender,69f80f1b-51b5-4827-8b4a-c8c3162cd52b,RECEIVE,ACK,729,36,""
1377.822,sender,69f80f1b-51b5-4827-8b4a-c8c3162cd52b,ACKNOWLEDGED,ACK,729,0,""
1377.824,sender,69f80f1b-51b5-4827-8b4a-c8c3162cd52b,CONFIRM_DATA,ACK,729,1024,"unique file bytes acknowledged"
1377.828,sender,69f80f1b-51b5-4827-8b4a-c8c3162cd52b,RTT_SAMPLE,ACK,729,0,"94.173700"
1377.852,sender,69f80f1b-51b5-4827-8b4a-c8c3162cd52b,RECEIVE,ACK,726,36,""
1377.855,sender,69f80f1b-51b5-4827-8b4a-c8c3162cd52b,ACKNOWLEDGED,ACK,726,0,""
1377.858,sender,69f80f1b-51b5-4827-8b4a-c8c3162cd52b,CONFIRM_DATA,ACK,726,1024,"unique file bytes acknowledged"
1377.862,sender,69f80f1b-51b5-4827-8b4a-c8c3162cd52b,RTT_SAMPLE,ACK,726,0,"94.277600"
1377.868,sender,69f80f1b-51b5-4827-8b4a-c8c3162cd52b,RECEIVE,ACK,724,36,""
1377.871,sender,69f80f1b-51b5-4827-8b4a-c8c3162cd52b,ACKNOWLEDGED,ACK,724,0,""
1377.874,sender,69f80f1b-51b5-4827-8b4a-c8c3162cd52b,CONFIRM_DATA,ACK,724,1024,"unique file bytes acknowledged"
1377.877,sender,69f80f1b-51b5-4827-8b4a-c8c3162cd52b,RTT_SAMPLE,ACK,724,0,"94.306500"
1377.881,sender,69f80f1b-51b5-4827-8b4a-c8c3162cd52b,SEND,DATA,788,1060,""
1377.884,sender,69f80f1b-51b5-4827-8b4a-c8c3162cd52b,SEND,DATA,789,1060,""
1377.888,sender,69f80f1b-51b5-4827-8b4a-c8c3162cd52b,SEND,DATA,790,1060,""
1377.891,sender,69f80f1b-51b5-4827-8b4a-c8c3162cd52b,SEND,DATA,791,1060,""
1377.897,sender,69f80f1b-51b5-4827-8b4a-c8c3162cd52b,RECEIVE,ACK,733,36,""
1377.900,sender,69f80f1b-51b5-4827-8b4a-c8c3162cd52b,ACKNOWLEDGED,ACK,733,0,""
1377.902,sender,69f80f1b-51b5-4827-8b4a-c8c3162cd52b,CONFIRM_DATA,ACK,733,1024,"unique file bytes acknowledged"
1377.906,sender,69f80f1b-51b5-4827-8b4a-c8c3162cd52b,RTT_SAMPLE,ACK,733,0,"78.691000"
1393.662,sender,69f80f1b-51b5-4827-8b4a-c8c3162cd52b,EMIT,DATA,755,1060,""
1393.691,sender,69f80f1b-51b5-4827-8b4a-c8c3162cd52b,EMIT,DATA,741,1060,""
1393.697,sender,69f80f1b-51b5-4827-8b4a-c8c3162cd52b,RECEIVE,ACK,728,36,""
1393.714,sender,69f80f1b-51b5-4827-8b4a-c8c3162cd52b,EMIT,DATA,750,1060,""
1393.717,sender,69f80f1b-51b5-4827-8b4a-c8c3162cd52b,ACKNOWLEDGED,ACK,728,0,""
1393.723,sender,69f80f1b-51b5-4827-8b4a-c8c3162cd52b,CONFIRM_DATA,ACK,728,1024,"unique file bytes acknowledged"
1393.727,sender,69f80f1b-51b5-4827-8b4a-c8c3162cd52b,EMIT,DATA,751,1060,""
1393.733,sender,69f80f1b-51b5-4827-8b4a-c8c3162cd52b,RTT_SAMPLE,ACK,728,0,"110.080000"
1393.738,sender,69f80f1b-51b5-4827-8b4a-c8c3162cd52b,EMIT,DATA,746,1060,""
1393.742,sender,69f80f1b-51b5-4827-8b4a-c8c3162cd52b,SEND,DATA,792,1060,""
1393.747,sender,69f80f1b-51b5-4827-8b4a-c8c3162cd52b,EMIT,DATA,765,1060,""
1393.750,sender,69f80f1b-51b5-4827-8b4a-c8c3162cd52b,SEND,DATA,793,1060,""
1393.755,sender,69f80f1b-51b5-4827-8b4a-c8c3162cd52b,SEND,DATA,794,1060,""
1393.759,sender,69f80f1b-51b5-4827-8b4a-c8c3162cd52b,EMIT,DATA,747,1060,""
1393.772,sender,69f80f1b-51b5-4827-8b4a-c8c3162cd52b,EMIT,DATA,748,1060,""
1393.776,sender,69f80f1b-51b5-4827-8b4a-c8c3162cd52b,RECEIVE,ACK,731,36,""
1393.780,sender,69f80f1b-51b5-4827-8b4a-c8c3162cd52b,EMIT,DATA,754,1060,""
1393.783,sender,69f80f1b-51b5-4827-8b4a-c8c3162cd52b,ACKNOWLEDGED,ACK,731,0,""
1393.787,sender,69f80f1b-51b5-4827-8b4a-c8c3162cd52b,CONFIRM_DATA,ACK,731,1024,"unique file bytes acknowledged"
1393.791,sender,69f80f1b-51b5-4827-8b4a-c8c3162cd52b,EMIT,DATA,749,1060,""
1393.794,sender,69f80f1b-51b5-4827-8b4a-c8c3162cd52b,RTT_SAMPLE,ACK,731,0,"94.662200"
1393.798,sender,69f80f1b-51b5-4827-8b4a-c8c3162cd52b,EMIT,DATA,760,1060,""
1393.801,sender,69f80f1b-51b5-4827-8b4a-c8c3162cd52b,SEND,DATA,795,1060,""
1393.806,sender,69f80f1b-51b5-4827-8b4a-c8c3162cd52b,SEND,DATA,796,1060,""
1393.810,sender,69f80f1b-51b5-4827-8b4a-c8c3162cd52b,EMIT,DATA,763,1060,""
1393.813,sender,69f80f1b-51b5-4827-8b4a-c8c3162cd52b,SEND,DATA,797,1060,""
1393.818,sender,69f80f1b-51b5-4827-8b4a-c8c3162cd52b,EMIT,DATA,744,1060,""
1393.823,sender,69f80f1b-51b5-4827-8b4a-c8c3162cd52b,RECEIVE,ACK,735,36,""
1393.827,sender,69f80f1b-51b5-4827-8b4a-c8c3162cd52b,EMIT,DATA,759,1060,""
1393.830,sender,69f80f1b-51b5-4827-8b4a-c8c3162cd52b,ACKNOWLEDGED,ACK,735,0,""
1393.834,sender,69f80f1b-51b5-4827-8b4a-c8c3162cd52b,CONFIRM_DATA,ACK,735,1024,"unique file bytes acknowledged"
1393.838,sender,69f80f1b-51b5-4827-8b4a-c8c3162cd52b,EMIT,DATA,766,1060,""
1393.841,sender,69f80f1b-51b5-4827-8b4a-c8c3162cd52b,RTT_SAMPLE,ACK,735,0,"78.959100"
1393.846,sender,69f80f1b-51b5-4827-8b4a-c8c3162cd52b,EMIT,DATA,767,1060,""
1393.898,sender,69f80f1b-51b5-4827-8b4a-c8c3162cd52b,EMIT,DATA,745,1060,""
1409.486,sender,69f80f1b-51b5-4827-8b4a-c8c3162cd52b,RECEIVE,ACK,734,36,""
1409.550,sender,69f80f1b-51b5-4827-8b4a-c8c3162cd52b,EMIT,DATA,756,1060,""
1409.591,sender,69f80f1b-51b5-4827-8b4a-c8c3162cd52b,ACKNOWLEDGED,ACK,734,0,""
1409.594,sender,69f80f1b-51b5-4827-8b4a-c8c3162cd52b,CONFIRM_DATA,ACK,734,1024,"unique file bytes acknowledged"
1409.627,sender,69f80f1b-51b5-4827-8b4a-c8c3162cd52b,RTT_SAMPLE,ACK,734,0,"94.901100"
1409.632,sender,69f80f1b-51b5-4827-8b4a-c8c3162cd52b,EMIT,DATA,757,1060,""
1409.635,sender,69f80f1b-51b5-4827-8b4a-c8c3162cd52b,SEND,DATA,798,1060,""
1409.640,sender,69f80f1b-51b5-4827-8b4a-c8c3162cd52b,SEND,DATA,799,1060,""
1409.642,sender,69f80f1b-51b5-4827-8b4a-c8c3162cd52b,EMIT,DATA,762,1060,""
1409.646,sender,69f80f1b-51b5-4827-8b4a-c8c3162cd52b,RECEIVE,ACK,737,36,""
1409.649,sender,69f80f1b-51b5-4827-8b4a-c8c3162cd52b,ACKNOWLEDGED,ACK,737,0,""
1409.651,sender,69f80f1b-51b5-4827-8b4a-c8c3162cd52b,CONFIRM_DATA,ACK,737,1024,"unique file bytes acknowledged"
1409.654,sender,69f80f1b-51b5-4827-8b4a-c8c3162cd52b,EMIT,DATA,768,1060,""
1409.657,sender,69f80f1b-51b5-4827-8b4a-c8c3162cd52b,RTT_SAMPLE,ACK,737,0,"94.740300"
1409.661,sender,69f80f1b-51b5-4827-8b4a-c8c3162cd52b,EMIT,DATA,752,1060,""
1409.664,sender,69f80f1b-51b5-4827-8b4a-c8c3162cd52b,RECEIVE,ACK,743,36,""
1409.667,sender,69f80f1b-51b5-4827-8b4a-c8c3162cd52b,ACKNOWLEDGED,ACK,743,0,""
1409.669,sender,69f80f1b-51b5-4827-8b4a-c8c3162cd52b,CONFIRM_DATA,ACK,743,1024,"unique file bytes acknowledged"
1409.671,sender,69f80f1b-51b5-4827-8b4a-c8c3162cd52b,EMIT,DATA,764,1060,""
1409.674,sender,69f80f1b-51b5-4827-8b4a-c8c3162cd52b,RTT_SAMPLE,ACK,743,0,"79.168600"
1409.681,sender,69f80f1b-51b5-4827-8b4a-c8c3162cd52b,EMIT,DATA,769,1060,""
1409.684,sender,69f80f1b-51b5-4827-8b4a-c8c3162cd52b,RECEIVE,ACK,742,36,""
1409.686,sender,69f80f1b-51b5-4827-8b4a-c8c3162cd52b,ACKNOWLEDGED,ACK,742,0,""
1409.688,sender,69f80f1b-51b5-4827-8b4a-c8c3162cd52b,CONFIRM_DATA,ACK,742,1024,"unique file bytes acknowledged"
1409.690,sender,69f80f1b-51b5-4827-8b4a-c8c3162cd52b,EMIT,DATA,774,1060,""
1409.693,sender,69f80f1b-51b5-4827-8b4a-c8c3162cd52b,RTT_SAMPLE,ACK,742,0,"79.191100"
1409.697,sender,69f80f1b-51b5-4827-8b4a-c8c3162cd52b,EMIT,DATA,770,1060,""
1409.699,sender,69f80f1b-51b5-4827-8b4a-c8c3162cd52b,RECEIVE,ACK,753,36,""
1409.702,sender,69f80f1b-51b5-4827-8b4a-c8c3162cd52b,ACKNOWLEDGED,ACK,753,0,""
1409.704,sender,69f80f1b-51b5-4827-8b4a-c8c3162cd52b,CONFIRM_DATA,ACK,753,1024,"unique file bytes acknowledged"
1409.706,sender,69f80f1b-51b5-4827-8b4a-c8c3162cd52b,RTT_SAMPLE,ACK,753,0,"62.790900"
1409.711,sender,69f80f1b-51b5-4827-8b4a-c8c3162cd52b,RECEIVE,ACK,736,36,""
1409.713,sender,69f80f1b-51b5-4827-8b4a-c8c3162cd52b,ACKNOWLEDGED,ACK,736,0,""
1409.716,sender,69f80f1b-51b5-4827-8b4a-c8c3162cd52b,CONFIRM_DATA,ACK,736,1024,"unique file bytes acknowledged"
1409.718,sender,69f80f1b-51b5-4827-8b4a-c8c3162cd52b,RTT_SAMPLE,ACK,736,0,"94.807800"
1409.721,sender,69f80f1b-51b5-4827-8b4a-c8c3162cd52b,SEND,DATA,800,1060,""
1409.724,sender,69f80f1b-51b5-4827-8b4a-c8c3162cd52b,SEND,DATA,801,1060,""
1409.728,sender,69f80f1b-51b5-4827-8b4a-c8c3162cd52b,RECEIVE,ACK,758,36,""
1409.731,sender,69f80f1b-51b5-4827-8b4a-c8c3162cd52b,ACKNOWLEDGED,ACK,758,0,""
1409.733,sender,69f80f1b-51b5-4827-8b4a-c8c3162cd52b,CONFIRM_DATA,ACK,758,1024,"unique file bytes acknowledged"
1409.735,sender,69f80f1b-51b5-4827-8b4a-c8c3162cd52b,RTT_SAMPLE,ACK,758,0,"62.804600"
1424.941,sender,69f80f1b-51b5-4827-8b4a-c8c3162cd52b,EMIT,DATA,790,1060,""
1424.974,sender,69f80f1b-51b5-4827-8b4a-c8c3162cd52b,EMIT,DATA,773,1060,""
1424.985,sender,69f80f1b-51b5-4827-8b4a-c8c3162cd52b,EMIT,DATA,788,1060,""
1424.994,sender,69f80f1b-51b5-4827-8b4a-c8c3162cd52b,EMIT,DATA,786,1060,""
1425.003,sender,69f80f1b-51b5-4827-8b4a-c8c3162cd52b,EMIT,DATA,777,1060,""
1425.015,sender,69f80f1b-51b5-4827-8b4a-c8c3162cd52b,EMIT,DATA,781,1060,""
1425.023,sender,69f80f1b-51b5-4827-8b4a-c8c3162cd52b,EMIT,DATA,789,1060,""
1425.032,sender,69f80f1b-51b5-4827-8b4a-c8c3162cd52b,EMIT,DATA,791,1060,""
1425.041,sender,69f80f1b-51b5-4827-8b4a-c8c3162cd52b,EMIT,DATA,776,1060,""
1425.057,sender,69f80f1b-51b5-4827-8b4a-c8c3162cd52b,EMIT,DATA,775,1060,""
1425.073,sender,69f80f1b-51b5-4827-8b4a-c8c3162cd52b,EMIT,DATA,796,1060,""
1425.085,sender,69f80f1b-51b5-4827-8b4a-c8c3162cd52b,EMIT,DATA,772,1060,""
1425.095,sender,69f80f1b-51b5-4827-8b4a-c8c3162cd52b,EMIT,DATA,787,1060,""
1425.104,sender,69f80f1b-51b5-4827-8b4a-c8c3162cd52b,EMIT,DATA,797,1060,""
1425.113,sender,69f80f1b-51b5-4827-8b4a-c8c3162cd52b,EMIT,DATA,783,1060,""
1425.122,sender,69f80f1b-51b5-4827-8b4a-c8c3162cd52b,EMIT,DATA,785,1060,""
1425.132,sender,69f80f1b-51b5-4827-8b4a-c8c3162cd52b,EMIT,DATA,780,1060,""
1425.487,sender,69f80f1b-51b5-4827-8b4a-c8c3162cd52b,RECEIVE,ACK,740,36,""
1425.533,sender,69f80f1b-51b5-4827-8b4a-c8c3162cd52b,ACKNOWLEDGED,ACK,740,0,""
1425.536,sender,69f80f1b-51b5-4827-8b4a-c8c3162cd52b,CONFIRM_DATA,ACK,740,1024,"unique file bytes acknowledged"
1425.541,sender,69f80f1b-51b5-4827-8b4a-c8c3162cd52b,RTT_SAMPLE,ACK,740,0,"95.046800"
1425.553,sender,69f80f1b-51b5-4827-8b4a-c8c3162cd52b,RECEIVE,ACK,739,36,""
1425.555,sender,69f80f1b-51b5-4827-8b4a-c8c3162cd52b,ACKNOWLEDGED,ACK,739,0,""
1425.558,sender,69f80f1b-51b5-4827-8b4a-c8c3162cd52b,CONFIRM_DATA,ACK,739,1024,"unique file bytes acknowledged"
1425.560,sender,69f80f1b-51b5-4827-8b4a-c8c3162cd52b,RTT_SAMPLE,ACK,739,0,"95.071200"
1425.565,sender,69f80f1b-51b5-4827-8b4a-c8c3162cd52b,RECEIVE,ACK,749,36,""
1425.568,sender,69f80f1b-51b5-4827-8b4a-c8c3162cd52b,ACKNOWLEDGED,ACK,749,0,""
1425.569,sender,69f80f1b-51b5-4827-8b4a-c8c3162cd52b,CONFIRM_DATA,ACK,749,1024,"unique file bytes acknowledged"
1425.572,sender,69f80f1b-51b5-4827-8b4a-c8c3162cd52b,RTT_SAMPLE,ACK,749,0,"78.891400"
1425.577,sender,69f80f1b-51b5-4827-8b4a-c8c3162cd52b,RECEIVE,ACK,747,36,""
1425.579,sender,69f80f1b-51b5-4827-8b4a-c8c3162cd52b,ACKNOWLEDGED,ACK,747,0,""
1425.581,sender,69f80f1b-51b5-4827-8b4a-c8c3162cd52b,CONFIRM_DATA,ACK,747,1024,"unique file bytes acknowledged"
1425.583,sender,69f80f1b-51b5-4827-8b4a-c8c3162cd52b,RTT_SAMPLE,ACK,747,0,"78.909700"
1425.588,sender,69f80f1b-51b5-4827-8b4a-c8c3162cd52b,RECEIVE,ACK,738,36,""
1425.590,sender,69f80f1b-51b5-4827-8b4a-c8c3162cd52b,ACKNOWLEDGED,ACK,738,0,""
1425.592,sender,69f80f1b-51b5-4827-8b4a-c8c3162cd52b,CONFIRM_DATA,ACK,738,1024,"unique file bytes acknowledged"
1425.595,sender,69f80f1b-51b5-4827-8b4a-c8c3162cd52b,RTT_SAMPLE,ACK,738,0,"95.111000"
1425.598,sender,69f80f1b-51b5-4827-8b4a-c8c3162cd52b,SEND,DATA,802,1060,""
1425.602,sender,69f80f1b-51b5-4827-8b4a-c8c3162cd52b,SEND,DATA,803,1060,""
1425.604,sender,69f80f1b-51b5-4827-8b4a-c8c3162cd52b,SEND,DATA,804,1060,""
1425.608,sender,69f80f1b-51b5-4827-8b4a-c8c3162cd52b,RECEIVE,ACK,766,36,""
1425.611,sender,69f80f1b-51b5-4827-8b4a-c8c3162cd52b,ACKNOWLEDGED,ACK,766,0,""
1425.613,sender,69f80f1b-51b5-4827-8b4a-c8c3162cd52b,CONFIRM_DATA,ACK,766,1024,"unique file bytes acknowledged"
1425.615,sender,69f80f1b-51b5-4827-8b4a-c8c3162cd52b,RTT_SAMPLE,ACK,766,0,"63.113100"
1425.620,sender,69f80f1b-51b5-4827-8b4a-c8c3162cd52b,RECEIVE,ACK,748,36,""
1425.622,sender,69f80f1b-51b5-4827-8b4a-c8c3162cd52b,ACKNOWLEDGED,ACK,748,0,""
1425.624,sender,69f80f1b-51b5-4827-8b4a-c8c3162cd52b,CONFIRM_DATA,ACK,748,1024,"unique file bytes acknowledged"
1425.627,sender,69f80f1b-51b5-4827-8b4a-c8c3162cd52b,RTT_SAMPLE,ACK,748,0,"78.949800"
1425.632,sender,69f80f1b-51b5-4827-8b4a-c8c3162cd52b,RECEIVE,ACK,761,36,""
1425.634,sender,69f80f1b-51b5-4827-8b4a-c8c3162cd52b,ACKNOWLEDGED,ACK,761,0,""
1425.636,sender,69f80f1b-51b5-4827-8b4a-c8c3162cd52b,CONFIRM_DATA,ACK,761,1024,"unique file bytes acknowledged"
1425.639,sender,69f80f1b-51b5-4827-8b4a-c8c3162cd52b,RTT_SAMPLE,ACK,761,0,"78.696100"
1425.643,sender,69f80f1b-51b5-4827-8b4a-c8c3162cd52b,RECEIVE,ACK,760,36,""
1425.645,sender,69f80f1b-51b5-4827-8b4a-c8c3162cd52b,ACKNOWLEDGED,ACK,760,0,""
1425.647,sender,69f80f1b-51b5-4827-8b4a-c8c3162cd52b,CONFIRM_DATA,ACK,760,1024,"unique file bytes acknowledged"
1425.674,sender,69f80f1b-51b5-4827-8b4a-c8c3162cd52b,RTT_SAMPLE,ACK,760,0,"78.734000"
1441.225,sender,69f80f1b-51b5-4827-8b4a-c8c3162cd52b,EMIT,DATA,771,1060,""
1441.261,sender,69f80f1b-51b5-4827-8b4a-c8c3162cd52b,EMIT,DATA,792,1060,""
1441.269,sender,69f80f1b-51b5-4827-8b4a-c8c3162cd52b,EMIT,DATA,779,1060,""
1441.276,sender,69f80f1b-51b5-4827-8b4a-c8c3162cd52b,EMIT,DATA,778,1060,""
1441.283,sender,69f80f1b-51b5-4827-8b4a-c8c3162cd52b,EMIT,DATA,782,1060,""
1441.290,sender,69f80f1b-51b5-4827-8b4a-c8c3162cd52b,EMIT,DATA,784,1060,""
1441.297,sender,69f80f1b-51b5-4827-8b4a-c8c3162cd52b,EMIT,DATA,794,1060,""
1441.304,sender,69f80f1b-51b5-4827-8b4a-c8c3162cd52b,EMIT,DATA,795,1060,""
1441.311,sender,69f80f1b-51b5-4827-8b4a-c8c3162cd52b,EMIT,DATA,793,1060,""
1441.577,sender,69f80f1b-51b5-4827-8b4a-c8c3162cd52b,RECEIVE,ACK,751,36,""
1441.588,sender,69f80f1b-51b5-4827-8b4a-c8c3162cd52b,ACKNOWLEDGED,ACK,751,0,""
1441.591,sender,69f80f1b-51b5-4827-8b4a-c8c3162cd52b,CONFIRM_DATA,ACK,751,1024,"unique file bytes acknowledged"
1441.596,sender,69f80f1b-51b5-4827-8b4a-c8c3162cd52b,RTT_SAMPLE,ACK,751,0,"94.745400"
1441.611,sender,69f80f1b-51b5-4827-8b4a-c8c3162cd52b,RECEIVE,ACK,763,36,""
1441.614,sender,69f80f1b-51b5-4827-8b4a-c8c3162cd52b,ACKNOWLEDGED,ACK,763,0,""
1441.617,sender,69f80f1b-51b5-4827-8b4a-c8c3162cd52b,CONFIRM_DATA,ACK,763,1024,"unique file bytes acknowledged"
1441.620,sender,69f80f1b-51b5-4827-8b4a-c8c3162cd52b,RTT_SAMPLE,ACK,763,0,"94.645700"
1441.626,sender,69f80f1b-51b5-4827-8b4a-c8c3162cd52b,RECEIVE,ACK,745,36,""
1441.629,sender,69f80f1b-51b5-4827-8b4a-c8c3162cd52b,ACKNOWLEDGED,ACK,745,0,""
1441.631,sender,69f80f1b-51b5-4827-8b4a-c8c3162cd52b,CONFIRM_DATA,ACK,745,1024,"unique file bytes acknowledged"
1441.634,sender,69f80f1b-51b5-4827-8b4a-c8c3162cd52b,RTT_SAMPLE,ACK,745,0,"94.967100"
1441.644,sender,69f80f1b-51b5-4827-8b4a-c8c3162cd52b,RECEIVE,ACK,741,36,""
1441.646,sender,69f80f1b-51b5-4827-8b4a-c8c3162cd52b,ACKNOWLEDGED,ACK,741,0,""
1441.649,sender,69f80f1b-51b5-4827-8b4a-c8c3162cd52b,CONFIRM_DATA,ACK,741,1024,"unique file bytes acknowledged"
1441.651,sender,69f80f1b-51b5-4827-8b4a-c8c3162cd52b,RTT_SAMPLE,ACK,741,0,"111.155100"
1441.655,sender,69f80f1b-51b5-4827-8b4a-c8c3162cd52b,SEND,DATA,805,1060,""
1441.659,sender,69f80f1b-51b5-4827-8b4a-c8c3162cd52b,SEND,DATA,806,1060,""
1441.662,sender,69f80f1b-51b5-4827-8b4a-c8c3162cd52b,SEND,DATA,807,1060,""
1441.666,sender,69f80f1b-51b5-4827-8b4a-c8c3162cd52b,RECEIVE,ACK,744,36,""
1441.669,sender,69f80f1b-51b5-4827-8b4a-c8c3162cd52b,ACKNOWLEDGED,ACK,744,0,""
1441.671,sender,69f80f1b-51b5-4827-8b4a-c8c3162cd52b,CONFIRM_DATA,ACK,744,1024,"unique file bytes acknowledged"
1441.673,sender,69f80f1b-51b5-4827-8b4a-c8c3162cd52b,RTT_SAMPLE,ACK,744,0,"95.012300"
1441.676,sender,69f80f1b-51b5-4827-8b4a-c8c3162cd52b,SEND,DATA,808,1060,""
1441.679,sender,69f80f1b-51b5-4827-8b4a-c8c3162cd52b,SEND,DATA,809,1060,""
1441.683,sender,69f80f1b-51b5-4827-8b4a-c8c3162cd52b,RECEIVE,ACK,750,36,""
1441.698,sender,69f80f1b-51b5-4827-8b4a-c8c3162cd52b,ACKNOWLEDGED,ACK,750,0,""
1441.700,sender,69f80f1b-51b5-4827-8b4a-c8c3162cd52b,CONFIRM_DATA,ACK,750,1024,"unique file bytes acknowledged"
1441.703,sender,69f80f1b-51b5-4827-8b4a-c8c3162cd52b,RTT_SAMPLE,ACK,750,0,"94.857600"
1441.709,sender,69f80f1b-51b5-4827-8b4a-c8c3162cd52b,RECEIVE,ACK,768,36,""
1441.711,sender,69f80f1b-51b5-4827-8b4a-c8c3162cd52b,ACKNOWLEDGED,ACK,768,0,""
1441.714,sender,69f80f1b-51b5-4827-8b4a-c8c3162cd52b,CONFIRM_DATA,ACK,768,1024,"unique file bytes acknowledged"
1441.716,sender,69f80f1b-51b5-4827-8b4a-c8c3162cd52b,RTT_SAMPLE,ACK,768,0,"78.923100"
1441.722,sender,69f80f1b-51b5-4827-8b4a-c8c3162cd52b,RECEIVE,ACK,746,36,""
1441.724,sender,69f80f1b-51b5-4827-8b4a-c8c3162cd52b,ACKNOWLEDGED,ACK,746,0,""
1441.727,sender,69f80f1b-51b5-4827-8b4a-c8c3162cd52b,CONFIRM_DATA,ACK,746,1024,"unique file bytes acknowledged"
1441.729,sender,69f80f1b-51b5-4827-8b4a-c8c3162cd52b,RTT_SAMPLE,ACK,746,0,"95.058800"
1441.733,sender,69f80f1b-51b5-4827-8b4a-c8c3162cd52b,SEND,DATA,810,1060,""
1441.736,sender,69f80f1b-51b5-4827-8b4a-c8c3162cd52b,SEND,DATA,811,1060,""
1441.739,sender,69f80f1b-51b5-4827-8b4a-c8c3162cd52b,SEND,DATA,812,1060,""
1441.742,sender,69f80f1b-51b5-4827-8b4a-c8c3162cd52b,SEND,DATA,813,1060,""
1441.745,sender,69f80f1b-51b5-4827-8b4a-c8c3162cd52b,SEND,DATA,814,1060,""
1441.755,sender,69f80f1b-51b5-4827-8b4a-c8c3162cd52b,SEND,DATA,815,1060,""
1441.760,sender,69f80f1b-51b5-4827-8b4a-c8c3162cd52b,RECEIVE,ACK,754,36,""
1441.763,sender,69f80f1b-51b5-4827-8b4a-c8c3162cd52b,ACKNOWLEDGED,ACK,754,0,""
1441.765,sender,69f80f1b-51b5-4827-8b4a-c8c3162cd52b,CONFIRM_DATA,ACK,754,1024,"unique file bytes acknowledged"
1441.768,sender,69f80f1b-51b5-4827-8b4a-c8c3162cd52b,RTT_SAMPLE,ACK,754,0,"94.849200"
1441.774,sender,69f80f1b-51b5-4827-8b4a-c8c3162cd52b,RECEIVE,ACK,755,36,""
1441.776,sender,69f80f1b-51b5-4827-8b4a-c8c3162cd52b,ACKNOWLEDGED,ACK,755,0,""
1441.779,sender,69f80f1b-51b5-4827-8b4a-c8c3162cd52b,CONFIRM_DATA,ACK,755,1024,"unique file bytes acknowledged"
1441.782,sender,69f80f1b-51b5-4827-8b4a-c8c3162cd52b,RTT_SAMPLE,ACK,755,0,"94.859700"
1441.787,sender,69f80f1b-51b5-4827-8b4a-c8c3162cd52b,RECEIVE,ACK,759,36,""
1441.790,sender,69f80f1b-51b5-4827-8b4a-c8c3162cd52b,ACKNOWLEDGED,ACK,759,0,""
1441.792,sender,69f80f1b-51b5-4827-8b4a-c8c3162cd52b,CONFIRM_DATA,ACK,759,1024,"unique file bytes acknowledged"
1441.795,sender,69f80f1b-51b5-4827-8b4a-c8c3162cd52b,RTT_SAMPLE,ACK,759,0,"94.857800"
1441.801,sender,69f80f1b-51b5-4827-8b4a-c8c3162cd52b,RECEIVE,ACK,774,36,""
1441.803,sender,69f80f1b-51b5-4827-8b4a-c8c3162cd52b,ACKNOWLEDGED,ACK,774,0,""
1441.805,sender,69f80f1b-51b5-4827-8b4a-c8c3162cd52b,CONFIRM_DATA,ACK,774,1024,"unique file bytes acknowledged"
1441.808,sender,69f80f1b-51b5-4827-8b4a-c8c3162cd52b,RTT_SAMPLE,ACK,774,0,"64.049900"
1456.917,sender,69f80f1b-51b5-4827-8b4a-c8c3162cd52b,RECEIVE,ACK,770,36,""
1456.951,sender,69f80f1b-51b5-4827-8b4a-c8c3162cd52b,ACKNOWLEDGED,ACK,770,0,""
1456.960,sender,69f80f1b-51b5-4827-8b4a-c8c3162cd52b,CONFIRM_DATA,ACK,770,1024,"unique file bytes acknowledged"
1456.991,sender,69f80f1b-51b5-4827-8b4a-c8c3162cd52b,RTT_SAMPLE,ACK,770,0,"79.266000"
1457.003,sender,69f80f1b-51b5-4827-8b4a-c8c3162cd52b,RECEIVE,ACK,757,36,""
1457.006,sender,69f80f1b-51b5-4827-8b4a-c8c3162cd52b,ACKNOWLEDGED,ACK,757,0,""
1457.009,sender,69f80f1b-51b5-4827-8b4a-c8c3162cd52b,CONFIRM_DATA,ACK,757,1024,"unique file bytes acknowledged"
1457.012,sender,69f80f1b-51b5-4827-8b4a-c8c3162cd52b,RTT_SAMPLE,ACK,757,0,"110.084100"
1457.020,sender,69f80f1b-51b5-4827-8b4a-c8c3162cd52b,RECEIVE,ACK,764,36,""
1457.023,sender,69f80f1b-51b5-4827-8b4a-c8c3162cd52b,ACKNOWLEDGED,ACK,764,0,""
1457.026,sender,69f80f1b-51b5-4827-8b4a-c8c3162cd52b,CONFIRM_DATA,ACK,764,1024,"unique file bytes acknowledged"
1457.029,sender,69f80f1b-51b5-4827-8b4a-c8c3162cd52b,RTT_SAMPLE,ACK,764,0,"110.039500"
1457.036,sender,69f80f1b-51b5-4827-8b4a-c8c3162cd52b,RECEIVE,ACK,765,36,""
1457.039,sender,69f80f1b-51b5-4827-8b4a-c8c3162cd52b,ACKNOWLEDGED,ACK,765,0,""
1457.042,sender,69f80f1b-51b5-4827-8b4a-c8c3162cd52b,CONFIRM_DATA,ACK,765,1024,"unique file bytes acknowledged"
1457.046,sender,69f80f1b-51b5-4827-8b4a-c8c3162cd52b,RTT_SAMPLE,ACK,765,0,"110.052900"
1457.052,sender,69f80f1b-51b5-4827-8b4a-c8c3162cd52b,RECEIVE,ACK,767,36,""
1457.055,sender,69f80f1b-51b5-4827-8b4a-c8c3162cd52b,ACKNOWLEDGED,ACK,767,0,""
1457.058,sender,69f80f1b-51b5-4827-8b4a-c8c3162cd52b,CONFIRM_DATA,ACK,767,1024,"unique file bytes acknowledged"
1457.062,sender,69f80f1b-51b5-4827-8b4a-c8c3162cd52b,RTT_SAMPLE,ACK,767,0,"94.271900"
1457.070,sender,69f80f1b-51b5-4827-8b4a-c8c3162cd52b,RECEIVE,ACK,769,36,""
1457.077,sender,69f80f1b-51b5-4827-8b4a-c8c3162cd52b,ACKNOWLEDGED,ACK,769,0,""
1457.079,sender,69f80f1b-51b5-4827-8b4a-c8c3162cd52b,CONFIRM_DATA,ACK,769,1024,"unique file bytes acknowledged"
1457.083,sender,69f80f1b-51b5-4827-8b4a-c8c3162cd52b,RTT_SAMPLE,ACK,769,0,"94.286300"
1457.090,sender,69f80f1b-51b5-4827-8b4a-c8c3162cd52b,RECEIVE,ACK,772,36,""
1457.092,sender,69f80f1b-51b5-4827-8b4a-c8c3162cd52b,ACKNOWLEDGED,ACK,772,0,""
1457.135,sender,69f80f1b-51b5-4827-8b4a-c8c3162cd52b,CONFIRM_DATA,ACK,772,1024,"unique file bytes acknowledged"
1457.139,sender,69f80f1b-51b5-4827-8b4a-c8c3162cd52b,RTT_SAMPLE,ACK,772,0,"79.390700"
1457.145,sender,69f80f1b-51b5-4827-8b4a-c8c3162cd52b,RECEIVE,ACK,752,36,""
1457.148,sender,69f80f1b-51b5-4827-8b4a-c8c3162cd52b,ACKNOWLEDGED,ACK,752,0,""
1457.151,sender,69f80f1b-51b5-4827-8b4a-c8c3162cd52b,CONFIRM_DATA,ACK,752,1024,"unique file bytes acknowledged"
1457.155,sender,69f80f1b-51b5-4827-8b4a-c8c3162cd52b,RTT_SAMPLE,ACK,752,0,"110.301700"
1457.158,sender,69f80f1b-51b5-4827-8b4a-c8c3162cd52b,EMIT,DATA,801,1060,""
1457.168,sender,69f80f1b-51b5-4827-8b4a-c8c3162cd52b,SEND,DATA,816,1060,""
1457.173,sender,69f80f1b-51b5-4827-8b4a-c8c3162cd52b,SEND,DATA,817,1060,""
1457.176,sender,69f80f1b-51b5-4827-8b4a-c8c3162cd52b,SEND,DATA,818,1060,""
1457.179,sender,69f80f1b-51b5-4827-8b4a-c8c3162cd52b,EMIT,DATA,802,1060,""
1457.183,sender,69f80f1b-51b5-4827-8b4a-c8c3162cd52b,SEND,DATA,819,1060,""
1457.190,sender,69f80f1b-51b5-4827-8b4a-c8c3162cd52b,EMIT,DATA,798,1060,""
1457.193,sender,69f80f1b-51b5-4827-8b4a-c8c3162cd52b,RECEIVE,ACK,762,36,""
1457.196,sender,69f80f1b-51b5-4827-8b4a-c8c3162cd52b,ACKNOWLEDGED,ACK,762,0,""
1457.199,sender,69f80f1b-51b5-4827-8b4a-c8c3162cd52b,EMIT,DATA,799,1060,""
1457.204,sender,69f80f1b-51b5-4827-8b4a-c8c3162cd52b,CONFIRM_DATA,ACK,762,1024,"unique file bytes acknowledged"
1457.210,sender,69f80f1b-51b5-4827-8b4a-c8c3162cd52b,RTT_SAMPLE,ACK,762,0,"110.264300"
1457.213,sender,69f80f1b-51b5-4827-8b4a-c8c3162cd52b,EMIT,DATA,804,1060,""
1457.217,sender,69f80f1b-51b5-4827-8b4a-c8c3162cd52b,RECEIVE,ACK,789,36,""
1457.220,sender,69f80f1b-51b5-4827-8b4a-c8c3162cd52b,ACKNOWLEDGED,ACK,789,0,""
1457.223,sender,69f80f1b-51b5-4827-8b4a-c8c3162cd52b,CONFIRM_DATA,ACK,789,1024,"unique file bytes acknowledged"
1457.227,sender,69f80f1b-51b5-4827-8b4a-c8c3162cd52b,RTT_SAMPLE,ACK,789,0,"79.341800"
1457.233,sender,69f80f1b-51b5-4827-8b4a-c8c3162cd52b,RECEIVE,ACK,786,36,""
1457.236,sender,69f80f1b-51b5-4827-8b4a-c8c3162cd52b,ACKNOWLEDGED,ACK,786,0,""
1457.238,sender,69f80f1b-51b5-4827-8b4a-c8c3162cd52b,CONFIRM_DATA,ACK,786,1024,"unique file bytes acknowledged"
1457.242,sender,69f80f1b-51b5-4827-8b4a-c8c3162cd52b,RTT_SAMPLE,ACK,786,0,"79.432700"
1457.250,sender,69f80f1b-51b5-4827-8b4a-c8c3162cd52b,RECEIVE,ACK,783,36,""
1457.261,sender,69f80f1b-51b5-4827-8b4a-c8c3162cd52b,ACKNOWLEDGED,ACK,783,0,""
1457.264,sender,69f80f1b-51b5-4827-8b4a-c8c3162cd52b,CONFIRM_DATA,ACK,783,1024,"unique file bytes acknowledged"
1457.271,sender,69f80f1b-51b5-4827-8b4a-c8c3162cd52b,RTT_SAMPLE,ACK,783,0,"79.468700"
1457.277,sender,69f80f1b-51b5-4827-8b4a-c8c3162cd52b,RECEIVE,ACK,788,36,""
1457.280,sender,69f80f1b-51b5-4827-8b4a-c8c3162cd52b,ACKNOWLEDGED,ACK,788,0,""
1457.283,sender,69f80f1b-51b5-4827-8b4a-c8c3162cd52b,CONFIRM_DATA,ACK,788,1024,"unique file bytes acknowledged"
1457.286,sender,69f80f1b-51b5-4827-8b4a-c8c3162cd52b,RTT_SAMPLE,ACK,788,0,"79.404900"
1457.292,sender,69f80f1b-51b5-4827-8b4a-c8c3162cd52b,RECEIVE,ACK,777,36,""
1457.298,sender,69f80f1b-51b5-4827-8b4a-c8c3162cd52b,ACKNOWLEDGED,ACK,777,0,""
1457.301,sender,69f80f1b-51b5-4827-8b4a-c8c3162cd52b,CONFIRM_DATA,ACK,777,1024,"unique file bytes acknowledged"
1457.304,sender,69f80f1b-51b5-4827-8b4a-c8c3162cd52b,RTT_SAMPLE,ACK,777,0,"79.531800"
1473.151,sender,69f80f1b-51b5-4827-8b4a-c8c3162cd52b,EMIT,DATA,803,1060,""
1473.183,sender,69f80f1b-51b5-4827-8b4a-c8c3162cd52b,EMIT,DATA,800,1060,""
1473.192,sender,69f80f1b-51b5-4827-8b4a-c8c3162cd52b,EMIT,DATA,813,1060,""
1473.201,sender,69f80f1b-51b5-4827-8b4a-c8c3162cd52b,EMIT,DATA,811,1060,""
1473.209,sender,69f80f1b-51b5-4827-8b4a-c8c3162cd52b,EMIT,DATA,808,1060,""
1473.217,sender,69f80f1b-51b5-4827-8b4a-c8c3162cd52b,EMIT,DATA,809,1060,""
1473.229,sender,69f80f1b-51b5-4827-8b4a-c8c3162cd52b,EMIT,DATA,806,1060,""
1473.237,sender,69f80f1b-51b5-4827-8b4a-c8c3162cd52b,EMIT,DATA,812,1060,""
1473.621,sender,69f80f1b-51b5-4827-8b4a-c8c3162cd52b,RECEIVE,ACK,756,36,""
1473.631,sender,69f80f1b-51b5-4827-8b4a-c8c3162cd52b,ACKNOWLEDGED,ACK,756,0,""
1473.634,sender,69f80f1b-51b5-4827-8b4a-c8c3162cd52b,CONFIRM_DATA,ACK,756,1024,"unique file bytes acknowledged"
1473.640,sender,69f80f1b-51b5-4827-8b4a-c8c3162cd52b,RTT_SAMPLE,ACK,756,0,"126.712700"
1473.646,sender,69f80f1b-51b5-4827-8b4a-c8c3162cd52b,SEND,DATA,820,1060,""
1473.650,sender,69f80f1b-51b5-4827-8b4a-c8c3162cd52b,SEND,DATA,821,1060,""
1473.653,sender,69f80f1b-51b5-4827-8b4a-c8c3162cd52b,SEND,DATA,822,1060,""
1473.656,sender,69f80f1b-51b5-4827-8b4a-c8c3162cd52b,SEND,DATA,823,1060,""
1473.658,sender,69f80f1b-51b5-4827-8b4a-c8c3162cd52b,SEND,DATA,824,1060,""
1473.661,sender,69f80f1b-51b5-4827-8b4a-c8c3162cd52b,SEND,DATA,825,1060,""
1473.664,sender,69f80f1b-51b5-4827-8b4a-c8c3162cd52b,SEND,DATA,826,1060,""
1473.667,sender,69f80f1b-51b5-4827-8b4a-c8c3162cd52b,SEND,DATA,827,1060,""
1473.669,sender,69f80f1b-51b5-4827-8b4a-c8c3162cd52b,SEND,DATA,828,1060,""
1473.672,sender,69f80f1b-51b5-4827-8b4a-c8c3162cd52b,SEND,DATA,829,1060,""
1473.675,sender,69f80f1b-51b5-4827-8b4a-c8c3162cd52b,SEND,DATA,830,1060,""
1473.678,sender,69f80f1b-51b5-4827-8b4a-c8c3162cd52b,SEND,DATA,831,1060,""
1473.680,sender,69f80f1b-51b5-4827-8b4a-c8c3162cd52b,SEND,DATA,832,1060,""
1473.683,sender,69f80f1b-51b5-4827-8b4a-c8c3162cd52b,SEND,DATA,833,1060,""
1473.686,sender,69f80f1b-51b5-4827-8b4a-c8c3162cd52b,SEND,DATA,834,1060,""
1473.694,sender,69f80f1b-51b5-4827-8b4a-c8c3162cd52b,RECEIVE,ACK,776,36,""
1473.697,sender,69f80f1b-51b5-4827-8b4a-c8c3162cd52b,ACKNOWLEDGED,ACK,776,0,""
1473.699,sender,69f80f1b-51b5-4827-8b4a-c8c3162cd52b,CONFIRM_DATA,ACK,776,1024,"unique file bytes acknowledged"
1473.702,sender,69f80f1b-51b5-4827-8b4a-c8c3162cd52b,RTT_SAMPLE,ACK,776,0,"95.933300"
1473.708,sender,69f80f1b-51b5-4827-8b4a-c8c3162cd52b,RECEIVE,ACK,773,36,""
1473.710,sender,69f80f1b-51b5-4827-8b4a-c8c3162cd52b,ACKNOWLEDGED,ACK,773,0,""
1473.712,sender,69f80f1b-51b5-4827-8b4a-c8c3162cd52b,CONFIRM_DATA,ACK,773,1024,"unique file bytes acknowledged"
1473.715,sender,69f80f1b-51b5-4827-8b4a-c8c3162cd52b,RTT_SAMPLE,ACK,773,0,"95.963700"
1473.721,sender,69f80f1b-51b5-4827-8b4a-c8c3162cd52b,RECEIVE,ACK,781,36,""
1473.723,sender,69f80f1b-51b5-4827-8b4a-c8c3162cd52b,ACKNOWLEDGED,ACK,781,0,""
1473.725,sender,69f80f1b-51b5-4827-8b4a-c8c3162cd52b,CONFIRM_DATA,ACK,781,1024,"unique file bytes acknowledged"
1473.728,sender,69f80f1b-51b5-4827-8b4a-c8c3162cd52b,RTT_SAMPLE,ACK,781,0,"95.936300"
1473.736,sender,69f80f1b-51b5-4827-8b4a-c8c3162cd52b,RECEIVE,ACK,780,36,""
1473.738,sender,69f80f1b-51b5-4827-8b4a-c8c3162cd52b,ACKNOWLEDGED,ACK,780,0,""
1473.740,sender,69f80f1b-51b5-4827-8b4a-c8c3162cd52b,CONFIRM_DATA,ACK,780,1024,"unique file bytes acknowledged"
1473.743,sender,69f80f1b-51b5-4827-8b4a-c8c3162cd52b,RTT_SAMPLE,ACK,780,0,"95.954700"
1473.748,sender,69f80f1b-51b5-4827-8b4a-c8c3162cd52b,RECEIVE,ACK,785,36,""
1473.751,sender,69f80f1b-51b5-4827-8b4a-c8c3162cd52b,ACKNOWLEDGED,ACK,785,0,""
1473.753,sender,69f80f1b-51b5-4827-8b4a-c8c3162cd52b,CONFIRM_DATA,ACK,785,1024,"unique file bytes acknowledged"
1473.755,sender,69f80f1b-51b5-4827-8b4a-c8c3162cd52b,RTT_SAMPLE,ACK,785,0,"95.949700"
1473.760,sender,69f80f1b-51b5-4827-8b4a-c8c3162cd52b,RECEIVE,ACK,790,36,""
1473.762,sender,69f80f1b-51b5-4827-8b4a-c8c3162cd52b,ACKNOWLEDGED,ACK,790,0,""
1473.765,sender,69f80f1b-51b5-4827-8b4a-c8c3162cd52b,CONFIRM_DATA,ACK,790,1024,"unique file bytes acknowledged"
1473.767,sender,69f80f1b-51b5-4827-8b4a-c8c3162cd52b,RTT_SAMPLE,ACK,790,0,"95.879300"
1473.772,sender,69f80f1b-51b5-4827-8b4a-c8c3162cd52b,RECEIVE,ACK,797,36,""
1473.774,sender,69f80f1b-51b5-4827-8b4a-c8c3162cd52b,ACKNOWLEDGED,ACK,797,0,""
1473.776,sender,69f80f1b-51b5-4827-8b4a-c8c3162cd52b,CONFIRM_DATA,ACK,797,1024,"unique file bytes acknowledged"
1473.779,sender,69f80f1b-51b5-4827-8b4a-c8c3162cd52b,RTT_SAMPLE,ACK,797,0,"79.968100"
1473.784,sender,69f80f1b-51b5-4827-8b4a-c8c3162cd52b,RECEIVE,ACK,792,36,""
1473.786,sender,69f80f1b-51b5-4827-8b4a-c8c3162cd52b,ACKNOWLEDGED,ACK,792,0,""
1473.788,sender,69f80f1b-51b5-4827-8b4a-c8c3162cd52b,CONFIRM_DATA,ACK,792,1024,"unique file bytes acknowledged"
1473.821,sender,69f80f1b-51b5-4827-8b4a-c8c3162cd52b,RTT_SAMPLE,ACK,792,0,"80.078900"
1473.826,sender,69f80f1b-51b5-4827-8b4a-c8c3162cd52b,RECEIVE,ACK,771,36,""
1473.829,sender,69f80f1b-51b5-4827-8b4a-c8c3162cd52b,ACKNOWLEDGED,ACK,771,0,""
1473.831,sender,69f80f1b-51b5-4827-8b4a-c8c3162cd52b,CONFIRM_DATA,ACK,771,1024,"unique file bytes acknowledged"
1473.833,sender,69f80f1b-51b5-4827-8b4a-c8c3162cd52b,RTT_SAMPLE,ACK,771,0,"96.101500"
1473.837,sender,69f80f1b-51b5-4827-8b4a-c8c3162cd52b,SEND,DATA,835,1060,""
1473.839,sender,69f80f1b-51b5-4827-8b4a-c8c3162cd52b,SEND,DATA,836,1060,""
1473.842,sender,69f80f1b-51b5-4827-8b4a-c8c3162cd52b,SEND,DATA,837,1060,""
1473.844,sender,69f80f1b-51b5-4827-8b4a-c8c3162cd52b,SEND,DATA,838,1060,""
1473.849,sender,69f80f1b-51b5-4827-8b4a-c8c3162cd52b,RECEIVE,ACK,794,36,""
1473.851,sender,69f80f1b-51b5-4827-8b4a-c8c3162cd52b,ACKNOWLEDGED,ACK,794,0,""
1473.853,sender,69f80f1b-51b5-4827-8b4a-c8c3162cd52b,CONFIRM_DATA,ACK,794,1024,"unique file bytes acknowledged"
1473.856,sender,69f80f1b-51b5-4827-8b4a-c8c3162cd52b,RTT_SAMPLE,ACK,794,0,"80.100000"
1473.860,sender,69f80f1b-51b5-4827-8b4a-c8c3162cd52b,RECEIVE,ACK,791,36,""
1473.863,sender,69f80f1b-51b5-4827-8b4a-c8c3162cd52b,ACKNOWLEDGED,ACK,791,0,""
1473.865,sender,69f80f1b-51b5-4827-8b4a-c8c3162cd52b,CONFIRM_DATA,ACK,791,1024,"unique file bytes acknowledged"
1473.868,sender,69f80f1b-51b5-4827-8b4a-c8c3162cd52b,RTT_SAMPLE,ACK,791,0,"95.976300"
1473.872,sender,69f80f1b-51b5-4827-8b4a-c8c3162cd52b,RECEIVE,ACK,775,36,""
1473.875,sender,69f80f1b-51b5-4827-8b4a-c8c3162cd52b,ACKNOWLEDGED,ACK,775,0,""
1473.877,sender,69f80f1b-51b5-4827-8b4a-c8c3162cd52b,CONFIRM_DATA,ACK,775,1024,"unique file bytes acknowledged"
1473.879,sender,69f80f1b-51b5-4827-8b4a-c8c3162cd52b,RTT_SAMPLE,ACK,775,0,"96.117300"
1473.882,sender,69f80f1b-51b5-4827-8b4a-c8c3162cd52b,SEND,DATA,839,1060,""
1473.885,sender,69f80f1b-51b5-4827-8b4a-c8c3162cd52b,SEND,DATA,840,1060,""
1473.888,sender,69f80f1b-51b5-4827-8b4a-c8c3162cd52b,SEND,DATA,841,1060,""
1473.892,sender,69f80f1b-51b5-4827-8b4a-c8c3162cd52b,RECEIVE,ACK,787,36,""
1473.894,sender,69f80f1b-51b5-4827-8b4a-c8c3162cd52b,ACKNOWLEDGED,ACK,787,0,""
1473.896,sender,69f80f1b-51b5-4827-8b4a-c8c3162cd52b,CONFIRM_DATA,ACK,787,1024,"unique file bytes acknowledged"
1473.899,sender,69f80f1b-51b5-4827-8b4a-c8c3162cd52b,RTT_SAMPLE,ACK,787,0,"96.086300"
1473.904,sender,69f80f1b-51b5-4827-8b4a-c8c3162cd52b,RECEIVE,ACK,779,36,""
1473.906,sender,69f80f1b-51b5-4827-8b4a-c8c3162cd52b,ACKNOWLEDGED,ACK,779,0,""
1473.908,sender,69f80f1b-51b5-4827-8b4a-c8c3162cd52b,CONFIRM_DATA,ACK,779,1024,"unique file bytes acknowledged"
1473.911,sender,69f80f1b-51b5-4827-8b4a-c8c3162cd52b,RTT_SAMPLE,ACK,779,0,"96.130700"
1488.707,sender,69f80f1b-51b5-4827-8b4a-c8c3162cd52b,EMIT,DATA,815,1060,""
1488.764,sender,69f80f1b-51b5-4827-8b4a-c8c3162cd52b,RECEIVE,ACK,796,36,""
1488.775,sender,69f80f1b-51b5-4827-8b4a-c8c3162cd52b,ACKNOWLEDGED,ACK,796,0,""
1488.779,sender,69f80f1b-51b5-4827-8b4a-c8c3162cd52b,CONFIRM_DATA,ACK,796,1024,"unique file bytes acknowledged"
1488.784,sender,69f80f1b-51b5-4827-8b4a-c8c3162cd52b,RTT_SAMPLE,ACK,796,0,"94.976300"
1488.815,sender,69f80f1b-51b5-4827-8b4a-c8c3162cd52b,RECEIVE,ACK,778,36,""
1488.818,sender,69f80f1b-51b5-4827-8b4a-c8c3162cd52b,ACKNOWLEDGED,ACK,778,0,""
1488.821,sender,69f80f1b-51b5-4827-8b4a-c8c3162cd52b,CONFIRM_DATA,ACK,778,1024,"unique file bytes acknowledged"
1488.825,sender,69f80f1b-51b5-4827-8b4a-c8c3162cd52b,RTT_SAMPLE,ACK,778,0,"111.048400"
1488.830,sender,69f80f1b-51b5-4827-8b4a-c8c3162cd52b,SEND,DATA,842,1060,""
1489.111,sender,69f80f1b-51b5-4827-8b4a-c8c3162cd52b,EMIT,DATA,810,1060,""
1489.121,sender,69f80f1b-51b5-4827-8b4a-c8c3162cd52b,EMIT,DATA,818,1060,""
1489.128,sender,69f80f1b-51b5-4827-8b4a-c8c3162cd52b,EMIT,DATA,807,1060,""
1489.136,sender,69f80f1b-51b5-4827-8b4a-c8c3162cd52b,EMIT,DATA,816,1060,""
1489.144,sender,69f80f1b-51b5-4827-8b4a-c8c3162cd52b,EMIT,DATA,819,1060,""
1489.151,sender,69f80f1b-51b5-4827-8b4a-c8c3162cd52b,EMIT,DATA,814,1060,""
1489.189,sender,69f80f1b-51b5-4827-8b4a-c8c3162cd52b,SEND,DATA,843,1060,""
1489.200,sender,69f80f1b-51b5-4827-8b4a-c8c3162cd52b,SEND,DATA,844,1060,""
1489.203,sender,69f80f1b-51b5-4827-8b4a-c8c3162cd52b,SEND,DATA,845,1060,""
1489.232,sender,69f80f1b-51b5-4827-8b4a-c8c3162cd52b,RECEIVE,ACK,782,36,""
1489.235,sender,69f80f1b-51b5-4827-8b4a-c8c3162cd52b,ACKNOWLEDGED,ACK,782,0,""
1489.238,sender,69f80f1b-51b5-4827-8b4a-c8c3162cd52b,CONFIRM_DATA,ACK,782,1024,"unique file bytes acknowledged"
1489.243,sender,69f80f1b-51b5-4827-8b4a-c8c3162cd52b,RTT_SAMPLE,ACK,782,0,"111.446500"
1489.249,sender,69f80f1b-51b5-4827-8b4a-c8c3162cd52b,SEND,DATA,846,1060,""
1489.252,sender,69f80f1b-51b5-4827-8b4a-c8c3162cd52b,SEND,DATA,847,1060,""
1489.258,sender,69f80f1b-51b5-4827-8b4a-c8c3162cd52b,RECEIVE,ACK,784,36,""
1489.261,sender,69f80f1b-51b5-4827-8b4a-c8c3162cd52b,ACKNOWLEDGED,ACK,784,0,""
1489.264,sender,69f80f1b-51b5-4827-8b4a-c8c3162cd52b,CONFIRM_DATA,ACK,784,1024,"unique file bytes acknowledged"
1489.267,sender,69f80f1b-51b5-4827-8b4a-c8c3162cd52b,RTT_SAMPLE,ACK,784,0,"111.464600"
1489.271,sender,69f80f1b-51b5-4827-8b4a-c8c3162cd52b,SEND,DATA,848,1060,""
1489.274,sender,69f80f1b-51b5-4827-8b4a-c8c3162cd52b,SEND,DATA,849,1060,""
1489.277,sender,69f80f1b-51b5-4827-8b4a-c8c3162cd52b,SEND,DATA,850,1060,""
1489.281,sender,69f80f1b-51b5-4827-8b4a-c8c3162cd52b,SEND,DATA,851,1060,""
1489.284,sender,69f80f1b-51b5-4827-8b4a-c8c3162cd52b,SEND,DATA,852,1060,""
1489.287,sender,69f80f1b-51b5-4827-8b4a-c8c3162cd52b,SEND,DATA,853,1060,""
1489.290,sender,69f80f1b-51b5-4827-8b4a-c8c3162cd52b,SEND,DATA,854,1060,""
1489.293,sender,69f80f1b-51b5-4827-8b4a-c8c3162cd52b,SEND,DATA,855,1060,""
1489.296,sender,69f80f1b-51b5-4827-8b4a-c8c3162cd52b,SEND,DATA,856,1060,""
1489.302,sender,69f80f1b-51b5-4827-8b4a-c8c3162cd52b,RECEIVE,ACK,793,36,""
1489.306,sender,69f80f1b-51b5-4827-8b4a-c8c3162cd52b,ACKNOWLEDGED,ACK,793,0,""
1489.310,sender,69f80f1b-51b5-4827-8b4a-c8c3162cd52b,CONFIRM_DATA,ACK,793,1024,"unique file bytes acknowledged"
1489.313,sender,69f80f1b-51b5-4827-8b4a-c8c3162cd52b,RTT_SAMPLE,ACK,793,0,"95.563000"
1489.316,sender,69f80f1b-51b5-4827-8b4a-c8c3162cd52b,SEND,DATA,857,1060,""
1489.319,sender,69f80f1b-51b5-4827-8b4a-c8c3162cd52b,SEND,DATA,858,1060,""
1489.324,sender,69f80f1b-51b5-4827-8b4a-c8c3162cd52b,RECEIVE,ACK,799,36,""
1489.326,sender,69f80f1b-51b5-4827-8b4a-c8c3162cd52b,ACKNOWLEDGED,ACK,799,0,""
1489.329,sender,69f80f1b-51b5-4827-8b4a-c8c3162cd52b,CONFIRM_DATA,ACK,799,1024,"unique file bytes acknowledged"
1489.332,sender,69f80f1b-51b5-4827-8b4a-c8c3162cd52b,RTT_SAMPLE,ACK,799,0,"79.691600"
1489.337,sender,69f80f1b-51b5-4827-8b4a-c8c3162cd52b,RECEIVE,ACK,802,36,""
1489.340,sender,69f80f1b-51b5-4827-8b4a-c8c3162cd52b,ACKNOWLEDGED,ACK,802,0,""
1489.342,sender,69f80f1b-51b5-4827-8b4a-c8c3162cd52b,CONFIRM_DATA,ACK,802,1024,"unique file bytes acknowledged"
1489.345,sender,69f80f1b-51b5-4827-8b4a-c8c3162cd52b,RTT_SAMPLE,ACK,802,0,"63.746700"
1504.881,sender,69f80f1b-51b5-4827-8b4a-c8c3162cd52b,EMIT,DATA,805,1060,""
1504.894,sender,69f80f1b-51b5-4827-8b4a-c8c3162cd52b,RECEIVE,ACK,798,36,""
1504.904,sender,69f80f1b-51b5-4827-8b4a-c8c3162cd52b,EMIT,DATA,817,1060,""
1504.908,sender,69f80f1b-51b5-4827-8b4a-c8c3162cd52b,ACKNOWLEDGED,ACK,798,0,""
1504.912,sender,69f80f1b-51b5-4827-8b4a-c8c3162cd52b,CONFIRM_DATA,ACK,798,1024,"unique file bytes acknowledged"
1504.917,sender,69f80f1b-51b5-4827-8b4a-c8c3162cd52b,RTT_SAMPLE,ACK,798,0,"95.283400"
1504.921,sender,69f80f1b-51b5-4827-8b4a-c8c3162cd52b,EMIT,DATA,821,1060,""
1504.926,sender,69f80f1b-51b5-4827-8b4a-c8c3162cd52b,RECEIVE,ACK,795,36,""
1504.929,sender,69f80f1b-51b5-4827-8b4a-c8c3162cd52b,ACKNOWLEDGED,ACK,795,0,""
1504.932,sender,69f80f1b-51b5-4827-8b4a-c8c3162cd52b,CONFIRM_DATA,ACK,795,1024,"unique file bytes acknowledged"
1504.938,sender,69f80f1b-51b5-4827-8b4a-c8c3162cd52b,EMIT,DATA,831,1060,""
1504.942,sender,69f80f1b-51b5-4827-8b4a-c8c3162cd52b,RTT_SAMPLE,ACK,795,0,"111.139300"
1504.947,sender,69f80f1b-51b5-4827-8b4a-c8c3162cd52b,SEND,DATA,859,1060,""
1505.053,sender,69f80f1b-51b5-4827-8b4a-c8c3162cd52b,SEND,DATA,860,1060,""
1505.057,sender,69f80f1b-51b5-4827-8b4a-c8c3162cd52b,SEND,DATA,861,1060,""
1505.060,sender,69f80f1b-51b5-4827-8b4a-c8c3162cd52b,SEND,DATA,862,1060,""
1505.063,sender,69f80f1b-51b5-4827-8b4a-c8c3162cd52b,SEND,DATA,863,1060,""
1505.068,sender,69f80f1b-51b5-4827-8b4a-c8c3162cd52b,RECEIVE,ACK,804,36,""
1505.071,sender,69f80f1b-51b5-4827-8b4a-c8c3162cd52b,ACKNOWLEDGED,ACK,804,0,""
1505.073,sender,69f80f1b-51b5-4827-8b4a-c8c3162cd52b,CONFIRM_DATA,ACK,804,1024,"unique file bytes acknowledged"
1505.076,sender,69f80f1b-51b5-4827-8b4a-c8c3162cd52b,RTT_SAMPLE,ACK,804,0,"79.471000"
1505.081,sender,69f80f1b-51b5-4827-8b4a-c8c3162cd52b,RECEIVE,ACK,812,36,""
1505.083,sender,69f80f1b-51b5-4827-8b4a-c8c3162cd52b,ACKNOWLEDGED,ACK,812,0,""
1505.085,sender,69f80f1b-51b5-4827-8b4a-c8c3162cd52b,CONFIRM_DATA,ACK,812,1024,"unique file bytes acknowledged"
1505.088,sender,69f80f1b-51b5-4827-8b4a-c8c3162cd52b,RTT_SAMPLE,ACK,812,0,"63.348400"
1505.093,sender,69f80f1b-51b5-4827-8b4a-c8c3162cd52b,RECEIVE,ACK,801,36,""
1505.095,sender,69f80f1b-51b5-4827-8b4a-c8c3162cd52b,ACKNOWLEDGED,ACK,801,0,""
1505.097,sender,69f80f1b-51b5-4827-8b4a-c8c3162cd52b,CONFIRM_DATA,ACK,801,1024,"unique file bytes acknowledged"
1505.100,sender,69f80f1b-51b5-4827-8b4a-c8c3162cd52b,RTT_SAMPLE,ACK,801,0,"95.375300"
1505.143,sender,69f80f1b-51b5-4827-8b4a-c8c3162cd52b,EMIT,DATA,823,1060,""
1520.803,sender,69f80f1b-51b5-4827-8b4a-c8c3162cd52b,EMIT,DATA,829,1060,""
1520.861,sender,69f80f1b-51b5-4827-8b4a-c8c3162cd52b,EMIT,DATA,841,1060,""
1520.872,sender,69f80f1b-51b5-4827-8b4a-c8c3162cd52b,EMIT,DATA,830,1060,""
1520.883,sender,69f80f1b-51b5-4827-8b4a-c8c3162cd52b,EMIT,DATA,839,1060,""
1520.893,sender,69f80f1b-51b5-4827-8b4a-c8c3162cd52b,EMIT,DATA,832,1060,""
1520.903,sender,69f80f1b-51b5-4827-8b4a-c8c3162cd52b,EMIT,DATA,835,1060,""
1520.913,sender,69f80f1b-51b5-4827-8b4a-c8c3162cd52b,EMIT,DATA,825,1060,""
1520.923,sender,69f80f1b-51b5-4827-8b4a-c8c3162cd52b,EMIT,DATA,826,1060,""
1520.944,sender,69f80f1b-51b5-4827-8b4a-c8c3162cd52b,EMIT,DATA,837,1060,""
1520.953,sender,69f80f1b-51b5-4827-8b4a-c8c3162cd52b,EMIT,DATA,840,1060,""
1520.962,sender,69f80f1b-51b5-4827-8b4a-c8c3162cd52b,EMIT,DATA,827,1060,""
1520.970,sender,69f80f1b-51b5-4827-8b4a-c8c3162cd52b,EMIT,DATA,828,1060,""
1520.974,sender,69f80f1b-51b5-4827-8b4a-c8c3162cd52b,RECEIVE,ACK,811,36,""
1520.984,sender,69f80f1b-51b5-4827-8b4a-c8c3162cd52b,EMIT,DATA,838,1060,""
1520.987,sender,69f80f1b-51b5-4827-8b4a-c8c3162cd52b,ACKNOWLEDGED,ACK,811,0,""
1520.991,sender,69f80f1b-51b5-4827-8b4a-c8c3162cd52b,CONFIRM_DATA,ACK,811,1024,"unique file bytes acknowledged"
1520.995,sender,69f80f1b-51b5-4827-8b4a-c8c3162cd52b,EMIT,DATA,851,1060,""
1520.999,sender,69f80f1b-51b5-4827-8b4a-c8c3162cd52b,RTT_SAMPLE,ACK,811,0,"79.259200"
1521.003,sender,69f80f1b-51b5-4827-8b4a-c8c3162cd52b,EMIT,DATA,855,1060,""
1521.012,sender,69f80f1b-51b5-4827-8b4a-c8c3162cd52b,EMIT,DATA,845,1060,""
1521.015,sender,69f80f1b-51b5-4827-8b4a-c8c3162cd52b,RECEIVE,ACK,806,36,""
1521.019,sender,69f80f1b-51b5-4827-8b4a-c8c3162cd52b,ACKNOWLEDGED,ACK,806,0,""
1521.022,sender,69f80f1b-51b5-4827-8b4a-c8c3162cd52b,EMIT,DATA,850,1060,""
1521.025,sender,69f80f1b-51b5-4827-8b4a-c8c3162cd52b,CONFIRM_DATA,ACK,806,1024,"unique file bytes acknowledged"
1521.029,sender,69f80f1b-51b5-4827-8b4a-c8c3162cd52b,RTT_SAMPLE,ACK,806,0,"79.369400"
1521.032,sender,69f80f1b-51b5-4827-8b4a-c8c3162cd52b,EMIT,DATA,820,1060,""
1521.037,sender,69f80f1b-51b5-4827-8b4a-c8c3162cd52b,RECEIVE,ACK,808,36,""
1521.040,sender,69f80f1b-51b5-4827-8b4a-c8c3162cd52b,ACKNOWLEDGED,ACK,808,0,""
1521.043,sender,69f80f1b-51b5-4827-8b4a-c8c3162cd52b,CONFIRM_DATA,ACK,808,1024,"unique file bytes acknowledged"
1521.049,sender,69f80f1b-51b5-4827-8b4a-c8c3162cd52b,EMIT,DATA,844,1060,""
1521.053,sender,69f80f1b-51b5-4827-8b4a-c8c3162cd52b,RTT_SAMPLE,ACK,808,0,"79.373000"
1521.057,sender,69f80f1b-51b5-4827-8b4a-c8c3162cd52b,EMIT,DATA,852,1060,""
1521.060,sender,69f80f1b-51b5-4827-8b4a-c8c3162cd52b,RECEIVE,ACK,815,36,""
1521.066,sender,69f80f1b-51b5-4827-8b4a-c8c3162cd52b,EMIT,DATA,834,1060,""
1521.070,sender,69f80f1b-51b5-4827-8b4a-c8c3162cd52b,ACKNOWLEDGED,ACK,815,0,""
1521.073,sender,69f80f1b-51b5-4827-8b4a-c8c3162cd52b,CONFIRM_DATA,ACK,815,1024,"unique file bytes acknowledged"
1521.076,sender,69f80f1b-51b5-4827-8b4a-c8c3162cd52b,EMIT,DATA,824,1060,""
1521.080,sender,69f80f1b-51b5-4827-8b4a-c8c3162cd52b,RTT_SAMPLE,ACK,815,0,"79.321500"
1521.084,sender,69f80f1b-51b5-4827-8b4a-c8c3162cd52b,EMIT,DATA,833,1060,""
1521.087,sender,69f80f1b-51b5-4827-8b4a-c8c3162cd52b,RECEIVE,ACK,816,36,""
1521.090,sender,69f80f1b-51b5-4827-8b4a-c8c3162cd52b,ACKNOWLEDGED,ACK,816,0,""
1521.093,sender,69f80f1b-51b5-4827-8b4a-c8c3162cd52b,EMIT,DATA,836,1060,""
1521.096,sender,69f80f1b-51b5-4827-8b4a-c8c3162cd52b,CONFIRM_DATA,ACK,816,1024,"unique file bytes acknowledged"
1521.100,sender,69f80f1b-51b5-4827-8b4a-c8c3162cd52b,RTT_SAMPLE,ACK,816,0,"63.940800"
1521.103,sender,69f80f1b-51b5-4827-8b4a-c8c3162cd52b,EMIT,DATA,848,1060,""
1521.107,sender,69f80f1b-51b5-4827-8b4a-c8c3162cd52b,RECEIVE,ACK,803,36,""
1521.111,sender,69f80f1b-51b5-4827-8b4a-c8c3162cd52b,ACKNOWLEDGED,ACK,803,0,""
1521.114,sender,69f80f1b-51b5-4827-8b4a-c8c3162cd52b,CONFIRM_DATA,ACK,803,1024,"unique file bytes acknowledged"
1521.117,sender,69f80f1b-51b5-4827-8b4a-c8c3162cd52b,RTT_SAMPLE,ACK,803,0,"95.515000"
1521.124,sender,69f80f1b-51b5-4827-8b4a-c8c3162cd52b,RECEIVE,ACK,813,36,""
1521.127,sender,69f80f1b-51b5-4827-8b4a-c8c3162cd52b,ACKNOWLEDGED,ACK,813,0,""
1521.130,sender,69f80f1b-51b5-4827-8b4a-c8c3162cd52b,CONFIRM_DATA,ACK,813,1024,"unique file bytes acknowledged"
1521.133,sender,69f80f1b-51b5-4827-8b4a-c8c3162cd52b,RTT_SAMPLE,ACK,813,0,"79.391000"
1521.140,sender,69f80f1b-51b5-4827-8b4a-c8c3162cd52b,RECEIVE,ACK,800,36,""
1521.143,sender,69f80f1b-51b5-4827-8b4a-c8c3162cd52b,ACKNOWLEDGED,ACK,800,0,""
1521.146,sender,69f80f1b-51b5-4827-8b4a-c8c3162cd52b,CONFIRM_DATA,ACK,800,1024,"unique file bytes acknowledged"
1521.149,sender,69f80f1b-51b5-4827-8b4a-c8c3162cd52b,RTT_SAMPLE,ACK,800,0,"111.427400"
1521.154,sender,69f80f1b-51b5-4827-8b4a-c8c3162cd52b,SEND,DATA,864,1060,""
1521.159,sender,69f80f1b-51b5-4827-8b4a-c8c3162cd52b,SEND,DATA,865,1060,""
1521.162,sender,69f80f1b-51b5-4827-8b4a-c8c3162cd52b,SEND,DATA,866,1060,""
1521.166,sender,69f80f1b-51b5-4827-8b4a-c8c3162cd52b,SEND,DATA,867,1060,""
1521.169,sender,69f80f1b-51b5-4827-8b4a-c8c3162cd52b,SEND,DATA,868,1060,""
1536.028,sender,69f80f1b-51b5-4827-8b4a-c8c3162cd52b,EMIT,DATA,843,1060,""
1536.084,sender,69f80f1b-51b5-4827-8b4a-c8c3162cd52b,EMIT,DATA,822,1060,""
1536.103,sender,69f80f1b-51b5-4827-8b4a-c8c3162cd52b,RECEIVE,ACK,810,36,""
1536.114,sender,69f80f1b-51b5-4827-8b4a-c8c3162cd52b,EMIT,DATA,853,1060,""
1536.120,sender,69f80f1b-51b5-4827-8b4a-c8c3162cd52b,ACKNOWLEDGED,ACK,810,0,""
1536.124,sender,69f80f1b-51b5-4827-8b4a-c8c3162cd52b,CONFIRM_DATA,ACK,810,1024,"unique file bytes acknowledged"
1536.130,sender,69f80f1b-51b5-4827-8b4a-c8c3162cd52b,RTT_SAMPLE,ACK,810,0,"94.395200"
1536.133,sender,69f80f1b-51b5-4827-8b4a-c8c3162cd52b,EMIT,DATA,849,1060,""
1536.167,sender,69f80f1b-51b5-4827-8b4a-c8c3162cd52b,RECEIVE,ACK,809,36,""
1536.170,sender,69f80f1b-51b5-4827-8b4a-c8c3162cd52b,ACKNOWLEDGED,ACK,809,0,""
1536.173,sender,69f80f1b-51b5-4827-8b4a-c8c3162cd52b,CONFIRM_DATA,ACK,809,1024,"unique file bytes acknowledged"
1536.177,sender,69f80f1b-51b5-4827-8b4a-c8c3162cd52b,RTT_SAMPLE,ACK,809,0,"94.497600"
1536.181,sender,69f80f1b-51b5-4827-8b4a-c8c3162cd52b,EMIT,DATA,847,1060,""
1536.186,sender,69f80f1b-51b5-4827-8b4a-c8c3162cd52b,RECEIVE,ACK,814,36,""
1536.190,sender,69f80f1b-51b5-4827-8b4a-c8c3162cd52b,ACKNOWLEDGED,ACK,814,0,""
1536.193,sender,69f80f1b-51b5-4827-8b4a-c8c3162cd52b,CONFIRM_DATA,ACK,814,1024,"unique file bytes acknowledged"
1536.196,sender,69f80f1b-51b5-4827-8b4a-c8c3162cd52b,RTT_SAMPLE,ACK,814,0,"94.451200"
1536.200,sender,69f80f1b-51b5-4827-8b4a-c8c3162cd52b,EMIT,DATA,846,1060,""
1536.205,sender,69f80f1b-51b5-4827-8b4a-c8c3162cd52b,RECEIVE,ACK,807,36,""
1536.252,sender,69f80f1b-51b5-4827-8b4a-c8c3162cd52b,ACKNOWLEDGED,ACK,807,0,""
1536.255,sender,69f80f1b-51b5-4827-8b4a-c8c3162cd52b,CONFIRM_DATA,ACK,807,1024,"unique file bytes acknowledged"
1536.259,sender,69f80f1b-51b5-4827-8b4a-c8c3162cd52b,RTT_SAMPLE,ACK,807,0,"94.596400"
1536.267,sender,69f80f1b-51b5-4827-8b4a-c8c3162cd52b,RECEIVE,ACK,818,36,""
1536.270,sender,69f80f1b-51b5-4827-8b4a-c8c3162cd52b,ACKNOWLEDGED,ACK,818,0,""
1536.273,sender,69f80f1b-51b5-4827-8b4a-c8c3162cd52b,CONFIRM_DATA,ACK,818,1024,"unique file bytes acknowledged"
1536.276,sender,69f80f1b-51b5-4827-8b4a-c8c3162cd52b,RTT_SAMPLE,ACK,818,0,"79.099400"
1536.458,sender,69f80f1b-51b5-4827-8b4a-c8c3162cd52b,EMIT,DATA,854,1060,""
1536.515,sender,69f80f1b-51b5-4827-8b4a-c8c3162cd52b,EMIT,DATA,858,1060,""
1536.528,sender,69f80f1b-51b5-4827-8b4a-c8c3162cd52b,EMIT,DATA,862,1060,""
1536.536,sender,69f80f1b-51b5-4827-8b4a-c8c3162cd52b,EMIT,DATA,856,1060,""
1536.544,sender,69f80f1b-51b5-4827-8b4a-c8c3162cd52b,EMIT,DATA,842,1060,""
1536.552,sender,69f80f1b-51b5-4827-8b4a-c8c3162cd52b,EMIT,DATA,863,1060,""
1536.560,sender,69f80f1b-51b5-4827-8b4a-c8c3162cd52b,EMIT,DATA,857,1060,""
1551.650,sender,69f80f1b-51b5-4827-8b4a-c8c3162cd52b,EMIT,DATA,861,1060,""
1551.688,sender,69f80f1b-51b5-4827-8b4a-c8c3162cd52b,EMIT,DATA,864,1060,""
1551.700,sender,69f80f1b-51b5-4827-8b4a-c8c3162cd52b,EMIT,DATA,866,1060,""
1551.791,sender,69f80f1b-51b5-4827-8b4a-c8c3162cd52b,RECEIVE,ACK,817,36,""
1551.804,sender,69f80f1b-51b5-4827-8b4a-c8c3162cd52b,ACKNOWLEDGED,ACK,817,0,""
1551.808,sender,69f80f1b-51b5-4827-8b4a-c8c3162cd52b,CONFIRM_DATA,ACK,817,1024,"unique file bytes acknowledged"
1551.815,sender,69f80f1b-51b5-4827-8b4a-c8c3162cd52b,RTT_SAMPLE,ACK,817,0,"94.639900"
1551.824,sender,69f80f1b-51b5-4827-8b4a-c8c3162cd52b,RECEIVE,ACK,819,36,""
1551.827,sender,69f80f1b-51b5-4827-8b4a-c8c3162cd52b,ACKNOWLEDGED,ACK,819,0,""
1551.831,sender,69f80f1b-51b5-4827-8b4a-c8c3162cd52b,CONFIRM_DATA,ACK,819,1024,"unique file bytes acknowledged"
1551.835,sender,69f80f1b-51b5-4827-8b4a-c8c3162cd52b,RTT_SAMPLE,ACK,819,0,"94.654200"
1551.842,sender,69f80f1b-51b5-4827-8b4a-c8c3162cd52b,RECEIVE,ACK,821,36,""
1551.846,sender,69f80f1b-51b5-4827-8b4a-c8c3162cd52b,ACKNOWLEDGED,ACK,821,0,""
1551.849,sender,69f80f1b-51b5-4827-8b4a-c8c3162cd52b,CONFIRM_DATA,ACK,821,1024,"unique file bytes acknowledged"
1551.853,sender,69f80f1b-51b5-4827-8b4a-c8c3162cd52b,RTT_SAMPLE,ACK,821,0,"78.202400"
1551.860,sender,69f80f1b-51b5-4827-8b4a-c8c3162cd52b,RECEIVE,ACK,835,36,""
1551.864,sender,69f80f1b-51b5-4827-8b4a-c8c3162cd52b,ACKNOWLEDGED,ACK,835,0,""
1551.867,sender,69f80f1b-51b5-4827-8b4a-c8c3162cd52b,CONFIRM_DATA,ACK,835,1024,"unique file bytes acknowledged"
1551.871,sender,69f80f1b-51b5-4827-8b4a-c8c3162cd52b,RTT_SAMPLE,ACK,835,0,"78.033500"
1551.878,sender,69f80f1b-51b5-4827-8b4a-c8c3162cd52b,RECEIVE,ACK,828,36,""
1551.882,sender,69f80f1b-51b5-4827-8b4a-c8c3162cd52b,ACKNOWLEDGED,ACK,828,0,""
1551.885,sender,69f80f1b-51b5-4827-8b4a-c8c3162cd52b,CONFIRM_DATA,ACK,828,1024,"unique file bytes acknowledged"
1551.889,sender,69f80f1b-51b5-4827-8b4a-c8c3162cd52b,RTT_SAMPLE,ACK,828,0,"78.218400"
1551.895,sender,69f80f1b-51b5-4827-8b4a-c8c3162cd52b,RECEIVE,ACK,824,36,""
1551.899,sender,69f80f1b-51b5-4827-8b4a-c8c3162cd52b,ACKNOWLEDGED,ACK,824,0,""
1551.902,sender,69f80f1b-51b5-4827-8b4a-c8c3162cd52b,CONFIRM_DATA,ACK,824,1024,"unique file bytes acknowledged"
1551.906,sender,69f80f1b-51b5-4827-8b4a-c8c3162cd52b,RTT_SAMPLE,ACK,824,0,"78.246900"
1551.913,sender,69f80f1b-51b5-4827-8b4a-c8c3162cd52b,RECEIVE,ACK,838,36,""
1551.918,sender,69f80f1b-51b5-4827-8b4a-c8c3162cd52b,ACKNOWLEDGED,ACK,838,0,""
1551.921,sender,69f80f1b-51b5-4827-8b4a-c8c3162cd52b,CONFIRM_DATA,ACK,838,1024,"unique file bytes acknowledged"
1551.926,sender,69f80f1b-51b5-4827-8b4a-c8c3162cd52b,RTT_SAMPLE,ACK,838,0,"78.080300"
1551.933,sender,69f80f1b-51b5-4827-8b4a-c8c3162cd52b,RECEIVE,ACK,830,36,""
1551.937,sender,69f80f1b-51b5-4827-8b4a-c8c3162cd52b,ACKNOWLEDGED,ACK,830,0,""
1551.940,sender,69f80f1b-51b5-4827-8b4a-c8c3162cd52b,CONFIRM_DATA,ACK,830,1024,"unique file bytes acknowledged"
1551.944,sender,69f80f1b-51b5-4827-8b4a-c8c3162cd52b,RTT_SAMPLE,ACK,830,0,"78.268700"
1551.951,sender,69f80f1b-51b5-4827-8b4a-c8c3162cd52b,RECEIVE,ACK,839,36,""
1551.955,sender,69f80f1b-51b5-4827-8b4a-c8c3162cd52b,ACKNOWLEDGED,ACK,839,0,""
1551.958,sender,69f80f1b-51b5-4827-8b4a-c8c3162cd52b,CONFIRM_DATA,ACK,839,1024,"unique file bytes acknowledged"
1551.961,sender,69f80f1b-51b5-4827-8b4a-c8c3162cd52b,RTT_SAMPLE,ACK,839,0,"78.078500"
1551.969,sender,69f80f1b-51b5-4827-8b4a-c8c3162cd52b,RECEIVE,ACK,855,36,""
1551.972,sender,69f80f1b-51b5-4827-8b4a-c8c3162cd52b,ACKNOWLEDGED,ACK,855,0,""
1551.987,sender,69f80f1b-51b5-4827-8b4a-c8c3162cd52b,CONFIRM_DATA,ACK,855,1024,"unique file bytes acknowledged"
1551.991,sender,69f80f1b-51b5-4827-8b4a-c8c3162cd52b,RTT_SAMPLE,ACK,855,0,"62.697800"
1567.756,sender,69f80f1b-51b5-4827-8b4a-c8c3162cd52b,EMIT,DATA,860,1060,""
1567.789,sender,69f80f1b-51b5-4827-8b4a-c8c3162cd52b,EMIT,DATA,859,1060,""
1567.803,sender,69f80f1b-51b5-4827-8b4a-c8c3162cd52b,EMIT,DATA,868,1060,""
1567.817,sender,69f80f1b-51b5-4827-8b4a-c8c3162cd52b,EMIT,DATA,865,1060,""
1567.825,sender,69f80f1b-51b5-4827-8b4a-c8c3162cd52b,EMIT,DATA,867,1060,""
1567.978,sender,69f80f1b-51b5-4827-8b4a-c8c3162cd52b,RECEIVE,ACK,823,36,""
1567.990,sender,69f80f1b-51b5-4827-8b4a-c8c3162cd52b,ACKNOWLEDGED,ACK,823,0,""
1567.994,sender,69f80f1b-51b5-4827-8b4a-c8c3162cd52b,CONFIRM_DATA,ACK,823,1024,"unique file bytes acknowledged"
1568.012,sender,69f80f1b-51b5-4827-8b4a-c8c3162cd52b,RTT_SAMPLE,ACK,823,0,"94.342200"
1568.026,sender,69f80f1b-51b5-4827-8b4a-c8c3162cd52b,RECEIVE,ACK,805,36,""
1568.029,sender,69f80f1b-51b5-4827-8b4a-c8c3162cd52b,ACKNOWLEDGED,ACK,805,0,""
1568.032,sender,69f80f1b-51b5-4827-8b4a-c8c3162cd52b,CONFIRM_DATA,ACK,805,1024,"unique file bytes acknowledged"
1568.036,sender,69f80f1b-51b5-4827-8b4a-c8c3162cd52b,RTT_SAMPLE,ACK,805,0,"126.380100"
1568.040,sender,69f80f1b-51b5-4827-8b4a-c8c3162cd52b,SEND,DATA,869,1060,""
1568.052,sender,69f80f1b-51b5-4827-8b4a-c8c3162cd52b,SEND,DATA,870,1060,""
1568.057,sender,69f80f1b-51b5-4827-8b4a-c8c3162cd52b,SEND,DATA,871,1060,""
1568.060,sender,69f80f1b-51b5-4827-8b4a-c8c3162cd52b,SEND,DATA,872,1060,""
1568.063,sender,69f80f1b-51b5-4827-8b4a-c8c3162cd52b,SEND,DATA,873,1060,""
1568.071,sender,69f80f1b-51b5-4827-8b4a-c8c3162cd52b,SEND,DATA,874,1060,""
1568.074,sender,69f80f1b-51b5-4827-8b4a-c8c3162cd52b,SEND,DATA,875,1060,""
1568.078,sender,69f80f1b-51b5-4827-8b4a-c8c3162cd52b,SEND,DATA,876,1060,""
1568.086,sender,69f80f1b-51b5-4827-8b4a-c8c3162cd52b,SEND,DATA,877,1060,""
1568.090,sender,69f80f1b-51b5-4827-8b4a-c8c3162cd52b,SEND,DATA,878,1060,""
1568.093,sender,69f80f1b-51b5-4827-8b4a-c8c3162cd52b,SEND,DATA,879,1060,""
1568.096,sender,69f80f1b-51b5-4827-8b4a-c8c3162cd52b,SEND,DATA,880,1060,""
1568.099,sender,69f80f1b-51b5-4827-8b4a-c8c3162cd52b,SEND,DATA,881,1060,""
1568.102,sender,69f80f1b-51b5-4827-8b4a-c8c3162cd52b,SEND,DATA,882,1060,""
1568.105,sender,69f80f1b-51b5-4827-8b4a-c8c3162cd52b,SEND,DATA,883,1060,""
1568.112,sender,69f80f1b-51b5-4827-8b4a-c8c3162cd52b,RECEIVE,ACK,826,36,""
1568.115,sender,69f80f1b-51b5-4827-8b4a-c8c3162cd52b,ACKNOWLEDGED,ACK,826,0,""
1568.118,sender,69f80f1b-51b5-4827-8b4a-c8c3162cd52b,CONFIRM_DATA,ACK,826,1024,"unique file bytes acknowledged"
1568.124,sender,69f80f1b-51b5-4827-8b4a-c8c3162cd52b,RTT_SAMPLE,ACK,826,0,"94.459900"
1568.131,sender,69f80f1b-51b5-4827-8b4a-c8c3162cd52b,RECEIVE,ACK,848,36,""
1568.134,sender,69f80f1b-51b5-4827-8b4a-c8c3162cd52b,ACKNOWLEDGED,ACK,848,0,""
1568.136,sender,69f80f1b-51b5-4827-8b4a-c8c3162cd52b,CONFIRM_DATA,ACK,848,1024,"unique file bytes acknowledged"
1568.140,sender,69f80f1b-51b5-4827-8b4a-c8c3162cd52b,RTT_SAMPLE,ACK,848,0,"78.868300"
1568.146,sender,69f80f1b-51b5-4827-8b4a-c8c3162cd52b,RECEIVE,ACK,831,36,""
1568.149,sender,69f80f1b-51b5-4827-8b4a-c8c3162cd52b,ACKNOWLEDGED,ACK,831,0,""
1568.152,sender,69f80f1b-51b5-4827-8b4a-c8c3162cd52b,CONFIRM_DATA,ACK,831,1024,"unique file bytes acknowledged"
1568.155,sender,69f80f1b-51b5-4827-8b4a-c8c3162cd52b,RTT_SAMPLE,ACK,831,0,"94.476900"
1568.212,sender,69f80f1b-51b5-4827-8b4a-c8c3162cd52b,RECEIVE,ACK,820,36,""
1568.215,sender,69f80f1b-51b5-4827-8b4a-c8c3162cd52b,ACKNOWLEDGED,ACK,820,0,""
1568.218,sender,69f80f1b-51b5-4827-8b4a-c8c3162cd52b,CONFIRM_DATA,ACK,820,1024,"unique file bytes acknowledged"
1568.221,sender,69f80f1b-51b5-4827-8b4a-c8c3162cd52b,RTT_SAMPLE,ACK,820,0,"94.575100"
1568.225,sender,69f80f1b-51b5-4827-8b4a-c8c3162cd52b,SEND,DATA,884,1060,""
1568.228,sender,69f80f1b-51b5-4827-8b4a-c8c3162cd52b,SEND,DATA,885,1060,""
1568.234,sender,69f80f1b-51b5-4827-8b4a-c8c3162cd52b,RECEIVE,ACK,837,36,""
1568.237,sender,69f80f1b-51b5-4827-8b4a-c8c3162cd52b,ACKNOWLEDGED,ACK,837,0,""
1568.239,sender,69f80f1b-51b5-4827-8b4a-c8c3162cd52b,CONFIRM_DATA,ACK,837,1024,"unique file bytes acknowledged"
1568.243,sender,69f80f1b-51b5-4827-8b4a-c8c3162cd52b,RTT_SAMPLE,ACK,837,0,"94.400000"
1568.248,sender,69f80f1b-51b5-4827-8b4a-c8c3162cd52b,RECEIVE,ACK,851,36,""
1568.251,sender,69f80f1b-51b5-4827-8b4a-c8c3162cd52b,ACKNOWLEDGED,ACK,851,0,""
1568.253,sender,69f80f1b-51b5-4827-8b4a-c8c3162cd52b,CONFIRM_DATA,ACK,851,1024,"unique file bytes acknowledged"
1568.256,sender,69f80f1b-51b5-4827-8b4a-c8c3162cd52b,RTT_SAMPLE,ACK,851,0,"78.975400"
1568.262,sender,69f80f1b-51b5-4827-8b4a-c8c3162cd52b,RECEIVE,ACK,832,36,""
1568.265,sender,69f80f1b-51b5-4827-8b4a-c8c3162cd52b,ACKNOWLEDGED,ACK,832,0,""
1568.267,sender,69f80f1b-51b5-4827-8b4a-c8c3162cd52b,CONFIRM_DATA,ACK,832,1024,"unique file bytes acknowledged"
1568.270,sender,69f80f1b-51b5-4827-8b4a-c8c3162cd52b,RTT_SAMPLE,ACK,832,0,"94.589300"
1568.276,sender,69f80f1b-51b5-4827-8b4a-c8c3162cd52b,RECEIVE,ACK,836,36,""
1568.279,sender,69f80f1b-51b5-4827-8b4a-c8c3162cd52b,ACKNOWLEDGED,ACK,836,0,""
1568.281,sender,69f80f1b-51b5-4827-8b4a-c8c3162cd52b,CONFIRM_DATA,ACK,836,1024,"unique file bytes acknowledged"
1568.288,sender,69f80f1b-51b5-4827-8b4a-c8c3162cd52b,RTT_SAMPLE,ACK,836,0,"94.447800"
1568.292,sender,69f80f1b-51b5-4827-8b4a-c8c3162cd52b,RECEIVE,ACK,825,36,""
1568.295,sender,69f80f1b-51b5-4827-8b4a-c8c3162cd52b,ACKNOWLEDGED,ACK,825,0,""
1568.297,sender,69f80f1b-51b5-4827-8b4a-c8c3162cd52b,CONFIRM_DATA,ACK,825,1024,"unique file bytes acknowledged"
1568.300,sender,69f80f1b-51b5-4827-8b4a-c8c3162cd52b,RTT_SAMPLE,ACK,825,0,"94.638300"
1568.304,sender,69f80f1b-51b5-4827-8b4a-c8c3162cd52b,RECEIVE,ACK,840,36,""
1568.307,sender,69f80f1b-51b5-4827-8b4a-c8c3162cd52b,ACKNOWLEDGED,ACK,840,0,""
1568.309,sender,69f80f1b-51b5-4827-8b4a-c8c3162cd52b,CONFIRM_DATA,ACK,840,1024,"unique file bytes acknowledged"
1568.312,sender,69f80f1b-51b5-4827-8b4a-c8c3162cd52b,RTT_SAMPLE,ACK,840,0,"94.426200"
1568.316,sender,69f80f1b-51b5-4827-8b4a-c8c3162cd52b,RECEIVE,ACK,852,36,""
1568.330,sender,69f80f1b-51b5-4827-8b4a-c8c3162cd52b,ACKNOWLEDGED,ACK,852,0,""
1568.332,sender,69f80f1b-51b5-4827-8b4a-c8c3162cd52b,CONFIRM_DATA,ACK,852,1024,"unique file bytes acknowledged"
1568.335,sender,69f80f1b-51b5-4827-8b4a-c8c3162cd52b,RTT_SAMPLE,ACK,852,0,"79.051300"
1568.340,sender,69f80f1b-51b5-4827-8b4a-c8c3162cd52b,RECEIVE,ACK,829,36,""
1568.342,sender,69f80f1b-51b5-4827-8b4a-c8c3162cd52b,ACKNOWLEDGED,ACK,829,0,""
1568.345,sender,69f80f1b-51b5-4827-8b4a-c8c3162cd52b,CONFIRM_DATA,ACK,829,1024,"unique file bytes acknowledged"
1568.347,sender,69f80f1b-51b5-4827-8b4a-c8c3162cd52b,RTT_SAMPLE,ACK,829,0,"94.674800"
1568.352,sender,69f80f1b-51b5-4827-8b4a-c8c3162cd52b,RECEIVE,ACK,841,36,""
1568.354,sender,69f80f1b-51b5-4827-8b4a-c8c3162cd52b,ACKNOWLEDGED,ACK,841,0,""
1568.357,sender,69f80f1b-51b5-4827-8b4a-c8c3162cd52b,CONFIRM_DATA,ACK,841,1024,"unique file bytes acknowledged"
1568.359,sender,69f80f1b-51b5-4827-8b4a-c8c3162cd52b,RTT_SAMPLE,ACK,841,0,"94.471500"
1568.364,sender,69f80f1b-51b5-4827-8b4a-c8c3162cd52b,RECEIVE,ACK,834,36,""
1568.367,sender,69f80f1b-51b5-4827-8b4a-c8c3162cd52b,ACKNOWLEDGED,ACK,834,0,""
1568.369,sender,69f80f1b-51b5-4827-8b4a-c8c3162cd52b,CONFIRM_DATA,ACK,834,1024,"unique file bytes acknowledged"
1568.372,sender,69f80f1b-51b5-4827-8b4a-c8c3162cd52b,RTT_SAMPLE,ACK,834,0,"94.685500"
1568.389,sender,69f80f1b-51b5-4827-8b4a-c8c3162cd52b,RECEIVE,ACK,822,36,""
1568.392,sender,69f80f1b-51b5-4827-8b4a-c8c3162cd52b,ACKNOWLEDGED,ACK,822,0,""
1568.394,sender,69f80f1b-51b5-4827-8b4a-c8c3162cd52b,CONFIRM_DATA,ACK,822,1024,"unique file bytes acknowledged"
1568.398,sender,69f80f1b-51b5-4827-8b4a-c8c3162cd52b,RTT_SAMPLE,ACK,822,0,"94.744600"
1568.401,sender,69f80f1b-51b5-4827-8b4a-c8c3162cd52b,SEND,DATA,886,1060,""
1568.405,sender,69f80f1b-51b5-4827-8b4a-c8c3162cd52b,SEND,DATA,887,1060,""
1568.408,sender,69f80f1b-51b5-4827-8b4a-c8c3162cd52b,SEND,DATA,888,1060,""
1568.411,sender,69f80f1b-51b5-4827-8b4a-c8c3162cd52b,SEND,DATA,889,1060,""
1568.414,sender,69f80f1b-51b5-4827-8b4a-c8c3162cd52b,SEND,DATA,890,1060,""
1568.419,sender,69f80f1b-51b5-4827-8b4a-c8c3162cd52b,RECEIVE,ACK,862,36,""
1568.422,sender,69f80f1b-51b5-4827-8b4a-c8c3162cd52b,ACKNOWLEDGED,ACK,862,0,""
1568.425,sender,69f80f1b-51b5-4827-8b4a-c8c3162cd52b,CONFIRM_DATA,ACK,862,1024,"unique file bytes acknowledged"
1568.428,sender,69f80f1b-51b5-4827-8b4a-c8c3162cd52b,RTT_SAMPLE,ACK,862,0,"63.367700"
1568.438,sender,69f80f1b-51b5-4827-8b4a-c8c3162cd52b,RECEIVE,ACK,842,36,""
1568.441,sender,69f80f1b-51b5-4827-8b4a-c8c3162cd52b,ACKNOWLEDGED,ACK,842,0,""
1568.447,sender,69f80f1b-51b5-4827-8b4a-c8c3162cd52b,CONFIRM_DATA,ACK,842,1024,"unique file bytes acknowledged"
1568.450,sender,69f80f1b-51b5-4827-8b4a-c8c3162cd52b,RTT_SAMPLE,ACK,842,0,"79.620100"
1568.456,sender,69f80f1b-51b5-4827-8b4a-c8c3162cd52b,RECEIVE,ACK,845,36,""
1568.458,sender,69f80f1b-51b5-4827-8b4a-c8c3162cd52b,ACKNOWLEDGED,ACK,845,0,""
1568.461,sender,69f80f1b-51b5-4827-8b4a-c8c3162cd52b,CONFIRM_DATA,ACK,845,1024,"unique file bytes acknowledged"
1568.464,sender,69f80f1b-51b5-4827-8b4a-c8c3162cd52b,RTT_SAMPLE,ACK,845,0,"79.260200"
1568.470,sender,69f80f1b-51b5-4827-8b4a-c8c3162cd52b,RECEIVE,ACK,850,36,""
1568.472,sender,69f80f1b-51b5-4827-8b4a-c8c3162cd52b,ACKNOWLEDGED,ACK,850,0,""
1568.475,sender,69f80f1b-51b5-4827-8b4a-c8c3162cd52b,CONFIRM_DATA,ACK,850,1024,"unique file bytes acknowledged"
1568.478,sender,69f80f1b-51b5-4827-8b4a-c8c3162cd52b,RTT_SAMPLE,ACK,850,0,"79.200500"
1568.483,sender,69f80f1b-51b5-4827-8b4a-c8c3162cd52b,RECEIVE,ACK,844,36,""
1568.486,sender,69f80f1b-51b5-4827-8b4a-c8c3162cd52b,ACKNOWLEDGED,ACK,844,0,""
1568.489,sender,69f80f1b-51b5-4827-8b4a-c8c3162cd52b,CONFIRM_DATA,ACK,844,1024,"unique file bytes acknowledged"
1568.492,sender,69f80f1b-51b5-4827-8b4a-c8c3162cd52b,RTT_SAMPLE,ACK,844,0,"79.291700"
1568.497,sender,69f80f1b-51b5-4827-8b4a-c8c3162cd52b,RECEIVE,ACK,833,36,""
1568.500,sender,69f80f1b-51b5-4827-8b4a-c8c3162cd52b,ACKNOWLEDGED,ACK,833,0,""
1568.502,sender,69f80f1b-51b5-4827-8b4a-c8c3162cd52b,CONFIRM_DATA,ACK,833,1024,"unique file bytes acknowledged"
1568.505,sender,69f80f1b-51b5-4827-8b4a-c8c3162cd52b,RTT_SAMPLE,ACK,833,0,"94.821800"
1583.132,sender,69f80f1b-51b5-4827-8b4a-c8c3162cd52b,RECEIVE,ACK,827,36,""
1583.151,sender,69f80f1b-51b5-4827-8b4a-c8c3162cd52b,ACKNOWLEDGED,ACK,827,0,""
1583.154,sender,69f80f1b-51b5-4827-8b4a-c8c3162cd52b,CONFIRM_DATA,ACK,827,1024,"unique file bytes acknowledged"
1583.159,sender,69f80f1b-51b5-4827-8b4a-c8c3162cd52b,RTT_SAMPLE,ACK,827,0,"109.490700"
1583.165,sender,69f80f1b-51b5-4827-8b4a-c8c3162cd52b,SEND,DATA,891,1060,""
1583.170,sender,69f80f1b-51b5-4827-8b4a-c8c3162cd52b,SEND,DATA,892,1060,""
1583.173,sender,69f80f1b-51b5-4827-8b4a-c8c3162cd52b,SEND,DATA,893,1060,""
1583.176,sender,69f80f1b-51b5-4827-8b4a-c8c3162cd52b,SEND,DATA,894,1060,""
1583.179,sender,69f80f1b-51b5-4827-8b4a-c8c3162cd52b,SEND,DATA,895,1060,""
1583.182,sender,69f80f1b-51b5-4827-8b4a-c8c3162cd52b,SEND,DATA,896,1060,""
1583.185,sender,69f80f1b-51b5-4827-8b4a-c8c3162cd52b,SEND,DATA,897,1060,""
1583.188,sender,69f80f1b-51b5-4827-8b4a-c8c3162cd52b,SEND,DATA,898,1060,""
1583.191,sender,69f80f1b-51b5-4827-8b4a-c8c3162cd52b,SEND,DATA,899,1060,""
1583.194,sender,69f80f1b-51b5-4827-8b4a-c8c3162cd52b,SEND,DATA,900,1060,""
1583.197,sender,69f80f1b-51b5-4827-8b4a-c8c3162cd52b,SEND,DATA,901,1060,""
1583.234,sender,69f80f1b-51b5-4827-8b4a-c8c3162cd52b,SEND,DATA,902,1060,""
1583.238,sender,69f80f1b-51b5-4827-8b4a-c8c3162cd52b,SEND,DATA,903,1060,""
1583.240,sender,69f80f1b-51b5-4827-8b4a-c8c3162cd52b,SEND,DATA,904,1060,""
1583.243,sender,69f80f1b-51b5-4827-8b4a-c8c3162cd52b,SEND,DATA,905,1060,""
1583.246,sender,69f80f1b-51b5-4827-8b4a-c8c3162cd52b,SEND,DATA,906,1060,""
1583.252,sender,69f80f1b-51b5-4827-8b4a-c8c3162cd52b,RECEIVE,ACK,853,36,""
1583.255,sender,69f80f1b-51b5-4827-8b4a-c8c3162cd52b,ACKNOWLEDGED,ACK,853,0,""
1583.257,sender,69f80f1b-51b5-4827-8b4a-c8c3162cd52b,CONFIRM_DATA,ACK,853,1024,"unique file bytes acknowledged"
1583.260,sender,69f80f1b-51b5-4827-8b4a-c8c3162cd52b,RTT_SAMPLE,ACK,853,0,"93.973100"
1583.266,sender,69f80f1b-51b5-4827-8b4a-c8c3162cd52b,RECEIVE,ACK,846,36,""
1583.268,sender,69f80f1b-51b5-4827-8b4a-c8c3162cd52b,ACKNOWLEDGED,ACK,846,0,""
1583.270,sender,69f80f1b-51b5-4827-8b4a-c8c3162cd52b,CONFIRM_DATA,ACK,846,1024,"unique file bytes acknowledged"
1583.273,sender,69f80f1b-51b5-4827-8b4a-c8c3162cd52b,RTT_SAMPLE,ACK,846,0,"94.024000"
1583.290,sender,69f80f1b-51b5-4827-8b4a-c8c3162cd52b,RECEIVE,ACK,857,36,""
1583.293,sender,69f80f1b-51b5-4827-8b4a-c8c3162cd52b,ACKNOWLEDGED,ACK,857,0,""
1583.295,sender,69f80f1b-51b5-4827-8b4a-c8c3162cd52b,CONFIRM_DATA,ACK,857,1024,"unique file bytes acknowledged"
1583.298,sender,69f80f1b-51b5-4827-8b4a-c8c3162cd52b,RTT_SAMPLE,ACK,857,0,"93.981000"
1583.302,sender,69f80f1b-51b5-4827-8b4a-c8c3162cd52b,RECEIVE,ACK,858,36,""
1583.305,sender,69f80f1b-51b5-4827-8b4a-c8c3162cd52b,ACKNOWLEDGED,ACK,858,0,""
1583.307,sender,69f80f1b-51b5-4827-8b4a-c8c3162cd52b,CONFIRM_DATA,ACK,858,1024,"unique file bytes acknowledged"
1583.310,sender,69f80f1b-51b5-4827-8b4a-c8c3162cd52b,RTT_SAMPLE,ACK,858,0,"93.990400"
1583.315,sender,69f80f1b-51b5-4827-8b4a-c8c3162cd52b,RECEIVE,ACK,854,36,""
1583.317,sender,69f80f1b-51b5-4827-8b4a-c8c3162cd52b,ACKNOWLEDGED,ACK,854,0,""
1583.319,sender,69f80f1b-51b5-4827-8b4a-c8c3162cd52b,CONFIRM_DATA,ACK,854,1024,"unique file bytes acknowledged"
1583.322,sender,69f80f1b-51b5-4827-8b4a-c8c3162cd52b,RTT_SAMPLE,ACK,854,0,"94.031800"
1583.327,sender,69f80f1b-51b5-4827-8b4a-c8c3162cd52b,RECEIVE,ACK,856,36,""
1583.329,sender,69f80f1b-51b5-4827-8b4a-c8c3162cd52b,ACKNOWLEDGED,ACK,856,0,""
1583.331,sender,69f80f1b-51b5-4827-8b4a-c8c3162cd52b,CONFIRM_DATA,ACK,856,1024,"unique file bytes acknowledged"
1583.334,sender,69f80f1b-51b5-4827-8b4a-c8c3162cd52b,RTT_SAMPLE,ACK,856,0,"94.037700"
1583.341,sender,69f80f1b-51b5-4827-8b4a-c8c3162cd52b,RECEIVE,ACK,847,36,""
1583.352,sender,69f80f1b-51b5-4827-8b4a-c8c3162cd52b,ACKNOWLEDGED,ACK,847,0,""
1583.354,sender,69f80f1b-51b5-4827-8b4a-c8c3162cd52b,CONFIRM_DATA,ACK,847,1024,"unique file bytes acknowledged"
1583.357,sender,69f80f1b-51b5-4827-8b4a-c8c3162cd52b,RTT_SAMPLE,ACK,847,0,"94.104700"
1583.362,sender,69f80f1b-51b5-4827-8b4a-c8c3162cd52b,RECEIVE,ACK,863,36,""
1583.364,sender,69f80f1b-51b5-4827-8b4a-c8c3162cd52b,ACKNOWLEDGED,ACK,863,0,""
1583.367,sender,69f80f1b-51b5-4827-8b4a-c8c3162cd52b,CONFIRM_DATA,ACK,863,1024,"unique file bytes acknowledged"
1583.370,sender,69f80f1b-51b5-4827-8b4a-c8c3162cd52b,RTT_SAMPLE,ACK,863,0,"78.306800"
1583.374,sender,69f80f1b-51b5-4827-8b4a-c8c3162cd52b,RECEIVE,ACK,861,36,""
1583.380,sender,69f80f1b-51b5-4827-8b4a-c8c3162cd52b,ACKNOWLEDGED,ACK,861,0,""
1583.382,sender,69f80f1b-51b5-4827-8b4a-c8c3162cd52b,CONFIRM_DATA,ACK,861,1024,"unique file bytes acknowledged"
1583.385,sender,69f80f1b-51b5-4827-8b4a-c8c3162cd52b,RTT_SAMPLE,ACK,861,0,"78.328000"
1599.112,sender,69f80f1b-51b5-4827-8b4a-c8c3162cd52b,EMIT,DATA,871,1060,""
1599.144,sender,69f80f1b-51b5-4827-8b4a-c8c3162cd52b,EMIT,DATA,872,1060,""
1599.154,sender,69f80f1b-51b5-4827-8b4a-c8c3162cd52b,EMIT,DATA,890,1060,""
1599.163,sender,69f80f1b-51b5-4827-8b4a-c8c3162cd52b,EMIT,DATA,874,1060,""
1599.172,sender,69f80f1b-51b5-4827-8b4a-c8c3162cd52b,EMIT,DATA,880,1060,""
1599.421,sender,69f80f1b-51b5-4827-8b4a-c8c3162cd52b,RECEIVE,ACK,849,36,""
1599.433,sender,69f80f1b-51b5-4827-8b4a-c8c3162cd52b,ACKNOWLEDGED,ACK,849,0,""
1599.437,sender,69f80f1b-51b5-4827-8b4a-c8c3162cd52b,CONFIRM_DATA,ACK,849,1024,"unique file bytes acknowledged"
1599.443,sender,69f80f1b-51b5-4827-8b4a-c8c3162cd52b,RTT_SAMPLE,ACK,849,0,"110.167000"
1599.457,sender,69f80f1b-51b5-4827-8b4a-c8c3162cd52b,RECEIVE,ACK,843,36,""
1599.460,sender,69f80f1b-51b5-4827-8b4a-c8c3162cd52b,ACKNOWLEDGED,ACK,843,0,""
1599.481,sender,69f80f1b-51b5-4827-8b4a-c8c3162cd52b,CONFIRM_DATA,ACK,843,1024,"unique file bytes acknowledged"
1599.498,sender,69f80f1b-51b5-4827-8b4a-c8c3162cd52b,RTT_SAMPLE,ACK,843,0,"110.305000"
1599.517,sender,69f80f1b-51b5-4827-8b4a-c8c3162cd52b,SEND,DATA,907,1060,""
1599.536,sender,69f80f1b-51b5-4827-8b4a-c8c3162cd52b,SEND,DATA,908,1060,""
1599.551,sender,69f80f1b-51b5-4827-8b4a-c8c3162cd52b,SEND,DATA,909,1060,""
1599.561,sender,69f80f1b-51b5-4827-8b4a-c8c3162cd52b,SEND,DATA,910,1060,""
1599.565,sender,69f80f1b-51b5-4827-8b4a-c8c3162cd52b,SEND,DATA,911,1060,""
1599.569,sender,69f80f1b-51b5-4827-8b4a-c8c3162cd52b,SEND,DATA,912,1060,""
1599.572,sender,69f80f1b-51b5-4827-8b4a-c8c3162cd52b,SEND,DATA,913,1060,""
1599.576,sender,69f80f1b-51b5-4827-8b4a-c8c3162cd52b,SEND,DATA,914,1060,""
1599.580,sender,69f80f1b-51b5-4827-8b4a-c8c3162cd52b,SEND,DATA,915,1060,""
1599.586,sender,69f80f1b-51b5-4827-8b4a-c8c3162cd52b,SEND,DATA,916,1060,""
1599.589,sender,69f80f1b-51b5-4827-8b4a-c8c3162cd52b,SEND,DATA,917,1060,""
1599.593,sender,69f80f1b-51b5-4827-8b4a-c8c3162cd52b,SEND,DATA,918,1060,""
1599.596,sender,69f80f1b-51b5-4827-8b4a-c8c3162cd52b,SEND,DATA,919,1060,""
1599.600,sender,69f80f1b-51b5-4827-8b4a-c8c3162cd52b,SEND,DATA,920,1060,""
1599.603,sender,69f80f1b-51b5-4827-8b4a-c8c3162cd52b,SEND,DATA,921,1060,""
1599.607,sender,69f80f1b-51b5-4827-8b4a-c8c3162cd52b,SEND,DATA,922,1060,""
1599.613,sender,69f80f1b-51b5-4827-8b4a-c8c3162cd52b,RECEIVE,ACK,864,36,""
1599.616,sender,69f80f1b-51b5-4827-8b4a-c8c3162cd52b,ACKNOWLEDGED,ACK,864,0,""
1599.619,sender,69f80f1b-51b5-4827-8b4a-c8c3162cd52b,CONFIRM_DATA,ACK,864,1024,"unique file bytes acknowledged"
1599.623,sender,69f80f1b-51b5-4827-8b4a-c8c3162cd52b,RTT_SAMPLE,ACK,864,0,"78.468400"
1615.099,sender,69f80f1b-51b5-4827-8b4a-c8c3162cd52b,EMIT,DATA,884,1060,""
1615.164,sender,69f80f1b-51b5-4827-8b4a-c8c3162cd52b,EMIT,DATA,882,1060,""
1615.198,sender,69f80f1b-51b5-4827-8b4a-c8c3162cd52b,EMIT,DATA,885,1060,""
1615.208,sender,69f80f1b-51b5-4827-8b4a-c8c3162cd52b,EMIT,DATA,886,1060,""
1615.216,sender,69f80f1b-51b5-4827-8b4a-c8c3162cd52b,EMIT,DATA,881,1060,""
1615.228,sender,69f80f1b-51b5-4827-8b4a-c8c3162cd52b,EMIT,DATA,888,1060,""
1615.237,sender,69f80f1b-51b5-4827-8b4a-c8c3162cd52b,EMIT,DATA,889,1060,""
1615.244,sender,69f80f1b-51b5-4827-8b4a-c8c3162cd52b,EMIT,DATA,879,1060,""
1615.251,sender,69f80f1b-51b5-4827-8b4a-c8c3162cd52b,EMIT,DATA,896,1060,""
1615.259,sender,69f80f1b-51b5-4827-8b4a-c8c3162cd52b,EMIT,DATA,883,1060,""
1615.267,sender,69f80f1b-51b5-4827-8b4a-c8c3162cd52b,EMIT,DATA,899,1060,""
1615.274,sender,69f80f1b-51b5-4827-8b4a-c8c3162cd52b,EMIT,DATA,878,1060,""
1615.282,sender,69f80f1b-51b5-4827-8b4a-c8c3162cd52b,EMIT,DATA,876,1060,""
1615.290,sender,69f80f1b-51b5-4827-8b4a-c8c3162cd52b,EMIT,DATA,877,1060,""
1615.297,sender,69f80f1b-51b5-4827-8b4a-c8c3162cd52b,EMIT,DATA,898,1060,""
1615.309,sender,69f80f1b-51b5-4827-8b4a-c8c3162cd52b,EMIT,DATA,906,1060,""
1615.316,sender,69f80f1b-51b5-4827-8b4a-c8c3162cd52b,EMIT,DATA,869,1060,""
1615.324,sender,69f80f1b-51b5-4827-8b4a-c8c3162cd52b,EMIT,DATA,873,1060,""
1615.331,sender,69f80f1b-51b5-4827-8b4a-c8c3162cd52b,EMIT,DATA,875,1060,""
1615.339,sender,69f80f1b-51b5-4827-8b4a-c8c3162cd52b,EMIT,DATA,891,1060,""
1615.347,sender,69f80f1b-51b5-4827-8b4a-c8c3162cd52b,RECEIVE,ACK,866,36,""
1615.357,sender,69f80f1b-51b5-4827-8b4a-c8c3162cd52b,ACKNOWLEDGED,ACK,866,0,""
1615.360,sender,69f80f1b-51b5-4827-8b4a-c8c3162cd52b,CONFIRM_DATA,ACK,866,1024,"unique file bytes acknowledged"
1615.377,sender,69f80f1b-51b5-4827-8b4a-c8c3162cd52b,RTT_SAMPLE,ACK,866,0,"94.213700"
1615.384,sender,69f80f1b-51b5-4827-8b4a-c8c3162cd52b,RECEIVE,ACK,867,36,""
1615.419,sender,69f80f1b-51b5-4827-8b4a-c8c3162cd52b,ACKNOWLEDGED,ACK,867,0,""
1615.421,sender,69f80f1b-51b5-4827-8b4a-c8c3162cd52b,CONFIRM_DATA,ACK,867,1024,"unique file bytes acknowledged"
1615.428,sender,69f80f1b-51b5-4827-8b4a-c8c3162cd52b,RTT_SAMPLE,ACK,867,0,"94.261600"
1615.433,sender,69f80f1b-51b5-4827-8b4a-c8c3162cd52b,RECEIVE,ACK,865,36,""
1615.435,sender,69f80f1b-51b5-4827-8b4a-c8c3162cd52b,ACKNOWLEDGED,ACK,865,0,""
1615.438,sender,69f80f1b-51b5-4827-8b4a-c8c3162cd52b,CONFIRM_DATA,ACK,865,1024,"unique file bytes acknowledged"
1615.441,sender,69f80f1b-51b5-4827-8b4a-c8c3162cd52b,RTT_SAMPLE,ACK,865,0,"94.281600"
1615.446,sender,69f80f1b-51b5-4827-8b4a-c8c3162cd52b,RECEIVE,ACK,859,36,""
1615.449,sender,69f80f1b-51b5-4827-8b4a-c8c3162cd52b,ACKNOWLEDGED,ACK,859,0,""
1615.451,sender,69f80f1b-51b5-4827-8b4a-c8c3162cd52b,CONFIRM_DATA,ACK,859,1024,"unique file bytes acknowledged"
1615.454,sender,69f80f1b-51b5-4827-8b4a-c8c3162cd52b,RTT_SAMPLE,ACK,859,0,"110.506500"
1615.457,sender,69f80f1b-51b5-4827-8b4a-c8c3162cd52b,SEND,DATA,923,1060,""
1615.463,sender,69f80f1b-51b5-4827-8b4a-c8c3162cd52b,RECEIVE,ACK,868,36,""
1615.465,sender,69f80f1b-51b5-4827-8b4a-c8c3162cd52b,ACKNOWLEDGED,ACK,868,0,""
1615.467,sender,69f80f1b-51b5-4827-8b4a-c8c3162cd52b,CONFIRM_DATA,ACK,868,1024,"unique file bytes acknowledged"
1615.470,sender,69f80f1b-51b5-4827-8b4a-c8c3162cd52b,RTT_SAMPLE,ACK,868,0,"94.300900"
1631.110,sender,69f80f1b-51b5-4827-8b4a-c8c3162cd52b,RECEIVE,ACK,860,36,""
1631.122,sender,69f80f1b-51b5-4827-8b4a-c8c3162cd52b,ACKNOWLEDGED,ACK,860,0,""
1631.125,sender,69f80f1b-51b5-4827-8b4a-c8c3162cd52b,CONFIRM_DATA,ACK,860,1024,"unique file bytes acknowledged"
1631.130,sender,69f80f1b-51b5-4827-8b4a-c8c3162cd52b,RTT_SAMPLE,ACK,860,0,"126.075400"
1631.148,sender,69f80f1b-51b5-4827-8b4a-c8c3162cd52b,SEND,DATA,924,1060,""
1631.153,sender,69f80f1b-51b5-4827-8b4a-c8c3162cd52b,SEND,DATA,925,1060,""
1631.156,sender,69f80f1b-51b5-4827-8b4a-c8c3162cd52b,SEND,DATA,926,1060,""
1631.159,sender,69f80f1b-51b5-4827-8b4a-c8c3162cd52b,SEND,DATA,927,1060,""
1631.162,sender,69f80f1b-51b5-4827-8b4a-c8c3162cd52b,SEND,DATA,928,1060,""
1631.165,sender,69f80f1b-51b5-4827-8b4a-c8c3162cd52b,SEND,DATA,929,1060,""
1631.168,sender,69f80f1b-51b5-4827-8b4a-c8c3162cd52b,EMIT,DATA,887,1060,""
1631.172,sender,69f80f1b-51b5-4827-8b4a-c8c3162cd52b,SEND,DATA,930,1060,""
1631.176,sender,69f80f1b-51b5-4827-8b4a-c8c3162cd52b,SEND,DATA,931,1060,""
1631.179,sender,69f80f1b-51b5-4827-8b4a-c8c3162cd52b,SEND,DATA,932,1060,""
1631.186,sender,69f80f1b-51b5-4827-8b4a-c8c3162cd52b,EMIT,DATA,870,1060,""
1631.203,sender,69f80f1b-51b5-4827-8b4a-c8c3162cd52b,RECEIVE,ACK,871,36,""
1631.206,sender,69f80f1b-51b5-4827-8b4a-c8c3162cd52b,ACKNOWLEDGED,ACK,871,0,""
1631.209,sender,69f80f1b-51b5-4827-8b4a-c8c3162cd52b,CONFIRM_DATA,ACK,871,1024,"unique file bytes acknowledged"
1631.212,sender,69f80f1b-51b5-4827-8b4a-c8c3162cd52b,EMIT,DATA,905,1060,""
1631.216,sender,69f80f1b-51b5-4827-8b4a-c8c3162cd52b,RTT_SAMPLE,ACK,871,0,"63.155300"
1631.223,sender,69f80f1b-51b5-4827-8b4a-c8c3162cd52b,EMIT,DATA,892,1060,""
1631.226,sender,69f80f1b-51b5-4827-8b4a-c8c3162cd52b,RECEIVE,ACK,874,36,""
1631.229,sender,69f80f1b-51b5-4827-8b4a-c8c3162cd52b,ACKNOWLEDGED,ACK,874,0,""
1631.232,sender,69f80f1b-51b5-4827-8b4a-c8c3162cd52b,CONFIRM_DATA,ACK,874,1024,"unique file bytes acknowledged"
1631.234,sender,69f80f1b-51b5-4827-8b4a-c8c3162cd52b,EMIT,DATA,893,1060,""
1631.239,sender,69f80f1b-51b5-4827-8b4a-c8c3162cd52b,RTT_SAMPLE,ACK,874,0,"63.163400"
1631.245,sender,69f80f1b-51b5-4827-8b4a-c8c3162cd52b,EMIT,DATA,914,1060,""
1631.249,sender,69f80f1b-51b5-4827-8b4a-c8c3162cd52b,RECEIVE,ACK,872,36,""
1631.252,sender,69f80f1b-51b5-4827-8b4a-c8c3162cd52b,ACKNOWLEDGED,ACK,872,0,""
1631.254,sender,69f80f1b-51b5-4827-8b4a-c8c3162cd52b,CONFIRM_DATA,ACK,872,1024,"unique file bytes acknowledged"
1631.257,sender,69f80f1b-51b5-4827-8b4a-c8c3162cd52b,EMIT,DATA,915,1060,""
1631.261,sender,69f80f1b-51b5-4827-8b4a-c8c3162cd52b,RTT_SAMPLE,ACK,872,0,"63.197600"
1631.267,sender,69f80f1b-51b5-4827-8b4a-c8c3162cd52b,EMIT,DATA,894,1060,""
1631.277,sender,69f80f1b-51b5-4827-8b4a-c8c3162cd52b,EMIT,DATA,916,1060,""
1631.286,sender,69f80f1b-51b5-4827-8b4a-c8c3162cd52b,EMIT,DATA,895,1060,""
1631.296,sender,69f80f1b-51b5-4827-8b4a-c8c3162cd52b,EMIT,DATA,902,1060,""
1631.309,sender,69f80f1b-51b5-4827-8b4a-c8c3162cd52b,EMIT,DATA,904,1060,""
1631.319,sender,69f80f1b-51b5-4827-8b4a-c8c3162cd52b,EMIT,DATA,912,1060,""
1631.328,sender,69f80f1b-51b5-4827-8b4a-c8c3162cd52b,EMIT,DATA,900,1060,""
1647.099,sender,69f80f1b-51b5-4827-8b4a-c8c3162cd52b,RECEIVE,ACK,890,36,""
1647.112,sender,69f80f1b-51b5-4827-8b4a-c8c3162cd52b,ACKNOWLEDGED,ACK,890,0,""
1647.115,sender,69f80f1b-51b5-4827-8b4a-c8c3162cd52b,CONFIRM_DATA,ACK,890,1024,"unique file bytes acknowledged"
1647.121,sender,69f80f1b-51b5-4827-8b4a-c8c3162cd52b,RTT_SAMPLE,ACK,890,0,"78.704800"
1647.129,sender,69f80f1b-51b5-4827-8b4a-c8c3162cd52b,RECEIVE,ACK,896,36,""
1647.131,sender,69f80f1b-51b5-4827-8b4a-c8c3162cd52b,ACKNOWLEDGED,ACK,896,0,""
1647.134,sender,69f80f1b-51b5-4827-8b4a-c8c3162cd52b,CONFIRM_DATA,ACK,896,1024,"unique file bytes acknowledged"
1647.137,sender,69f80f1b-51b5-4827-8b4a-c8c3162cd52b,EMIT,DATA,901,1060,""
1647.147,sender,69f80f1b-51b5-4827-8b4a-c8c3162cd52b,RTT_SAMPLE,ACK,896,0,"63.954600"
1647.154,sender,69f80f1b-51b5-4827-8b4a-c8c3162cd52b,RECEIVE,ACK,906,36,""
1647.157,sender,69f80f1b-51b5-4827-8b4a-c8c3162cd52b,ACKNOWLEDGED,ACK,906,0,""
1647.159,sender,69f80f1b-51b5-4827-8b4a-c8c3162cd52b,CONFIRM_DATA,ACK,906,1024,"unique file bytes acknowledged"
1647.162,sender,69f80f1b-51b5-4827-8b4a-c8c3162cd52b,EMIT,DATA,903,1060,""
1647.166,sender,69f80f1b-51b5-4827-8b4a-c8c3162cd52b,RTT_SAMPLE,ACK,906,0,"63.916400"
1647.175,sender,69f80f1b-51b5-4827-8b4a-c8c3162cd52b,EMIT,DATA,897,1060,""
1647.178,sender,69f80f1b-51b5-4827-8b4a-c8c3162cd52b,RECEIVE,ACK,880,36,""
1647.182,sender,69f80f1b-51b5-4827-8b4a-c8c3162cd52b,ACKNOWLEDGED,ACK,880,0,""
1647.184,sender,69f80f1b-51b5-4827-8b4a-c8c3162cd52b,CONFIRM_DATA,ACK,880,1024,"unique file bytes acknowledged"
1647.187,sender,69f80f1b-51b5-4827-8b4a-c8c3162cd52b,EMIT,DATA,909,1060,""
1647.191,sender,69f80f1b-51b5-4827-8b4a-c8c3162cd52b,RTT_SAMPLE,ACK,880,0,"79.091300"
1647.197,sender,69f80f1b-51b5-4827-8b4a-c8c3162cd52b,EMIT,DATA,917,1060,""
1647.216,sender,69f80f1b-51b5-4827-8b4a-c8c3162cd52b,RECEIVE,ACK,877,36,""
1647.219,sender,69f80f1b-51b5-4827-8b4a-c8c3162cd52b,ACKNOWLEDGED,ACK,877,0,""
1647.222,sender,69f80f1b-51b5-4827-8b4a-c8c3162cd52b,CONFIRM_DATA,ACK,877,1024,"unique file bytes acknowledged"
1647.225,sender,69f80f1b-51b5-4827-8b4a-c8c3162cd52b,RTT_SAMPLE,ACK,877,0,"79.138800"
1647.260,sender,69f80f1b-51b5-4827-8b4a-c8c3162cd52b,EMIT,DATA,908,1060,""
1647.274,sender,69f80f1b-51b5-4827-8b4a-c8c3162cd52b,EMIT,DATA,907,1060,""
1647.283,sender,69f80f1b-51b5-4827-8b4a-c8c3162cd52b,EMIT,DATA,919,1060,""
1647.292,sender,69f80f1b-51b5-4827-8b4a-c8c3162cd52b,EMIT,DATA,918,1060,""
1647.303,sender,69f80f1b-51b5-4827-8b4a-c8c3162cd52b,EMIT,DATA,921,1060,""
1647.312,sender,69f80f1b-51b5-4827-8b4a-c8c3162cd52b,EMIT,DATA,911,1060,""
1647.320,sender,69f80f1b-51b5-4827-8b4a-c8c3162cd52b,EMIT,DATA,913,1060,""
1647.328,sender,69f80f1b-51b5-4827-8b4a-c8c3162cd52b,EMIT,DATA,920,1060,""
1647.336,sender,69f80f1b-51b5-4827-8b4a-c8c3162cd52b,EMIT,DATA,923,1060,""
1647.345,sender,69f80f1b-51b5-4827-8b4a-c8c3162cd52b,EMIT,DATA,910,1060,""
1663.113,sender,69f80f1b-51b5-4827-8b4a-c8c3162cd52b,RECEIVE,ACK,875,36,""
1663.127,sender,69f80f1b-51b5-4827-8b4a-c8c3162cd52b,ACKNOWLEDGED,ACK,875,0,""
1663.131,sender,69f80f1b-51b5-4827-8b4a-c8c3162cd52b,CONFIRM_DATA,ACK,875,1024,"unique file bytes acknowledged"
1663.139,sender,69f80f1b-51b5-4827-8b4a-c8c3162cd52b,EMIT,DATA,922,1060,""
1663.151,sender,69f80f1b-51b5-4827-8b4a-c8c3162cd52b,RTT_SAMPLE,ACK,875,0,"95.063900"
1663.188,sender,69f80f1b-51b5-4827-8b4a-c8c3162cd52b,EMIT,DATA,931,1060,""
1663.209,sender,69f80f1b-51b5-4827-8b4a-c8c3162cd52b,RECEIVE,ACK,881,36,""
1663.214,sender,69f80f1b-51b5-4827-8b4a-c8c3162cd52b,ACKNOWLEDGED,ACK,881,0,""
1663.248,sender,69f80f1b-51b5-4827-8b4a-c8c3162cd52b,CONFIRM_DATA,ACK,881,1024,"unique file bytes acknowledged"
1663.254,sender,69f80f1b-51b5-4827-8b4a-c8c3162cd52b,RTT_SAMPLE,ACK,881,0,"95.153100"
1663.275,sender,69f80f1b-51b5-4827-8b4a-c8c3162cd52b,RECEIVE,ACK,883,36,""
1663.278,sender,69f80f1b-51b5-4827-8b4a-c8c3162cd52b,ACKNOWLEDGED,ACK,883,0,""
1663.281,sender,69f80f1b-51b5-4827-8b4a-c8c3162cd52b,CONFIRM_DATA,ACK,883,1024,"unique file bytes acknowledged"
1663.285,sender,69f80f1b-51b5-4827-8b4a-c8c3162cd52b,RTT_SAMPLE,ACK,883,0,"95.179200"
1663.292,sender,69f80f1b-51b5-4827-8b4a-c8c3162cd52b,RECEIVE,ACK,879,36,""
1663.295,sender,69f80f1b-51b5-4827-8b4a-c8c3162cd52b,ACKNOWLEDGED,ACK,879,0,""
1663.298,sender,69f80f1b-51b5-4827-8b4a-c8c3162cd52b,CONFIRM_DATA,ACK,879,1024,"unique file bytes acknowledged"
1663.302,sender,69f80f1b-51b5-4827-8b4a-c8c3162cd52b,RTT_SAMPLE,ACK,879,0,"95.208700"
1663.310,sender,69f80f1b-51b5-4827-8b4a-c8c3162cd52b,RECEIVE,ACK,885,36,""
1663.313,sender,69f80f1b-51b5-4827-8b4a-c8c3162cd52b,ACKNOWLEDGED,ACK,885,0,""
1663.316,sender,69f80f1b-51b5-4827-8b4a-c8c3162cd52b,CONFIRM_DATA,ACK,885,1024,"unique file bytes acknowledged"
1663.320,sender,69f80f1b-51b5-4827-8b4a-c8c3162cd52b,RTT_SAMPLE,ACK,885,0,"95.090600"
1663.326,sender,69f80f1b-51b5-4827-8b4a-c8c3162cd52b,RECEIVE,ACK,882,36,""
1663.330,sender,69f80f1b-51b5-4827-8b4a-c8c3162cd52b,ACKNOWLEDGED,ACK,882,0,""
1663.332,sender,69f80f1b-51b5-4827-8b4a-c8c3162cd52b,CONFIRM_DATA,ACK,882,1024,"unique file bytes acknowledged"
1663.336,sender,69f80f1b-51b5-4827-8b4a-c8c3162cd52b,RTT_SAMPLE,ACK,882,0,"95.233200"
1663.343,sender,69f80f1b-51b5-4827-8b4a-c8c3162cd52b,RECEIVE,ACK,898,36,""
1663.346,sender,69f80f1b-51b5-4827-8b4a-c8c3162cd52b,ACKNOWLEDGED,ACK,898,0,""
1663.349,sender,69f80f1b-51b5-4827-8b4a-c8c3162cd52b,CONFIRM_DATA,ACK,898,1024,"unique file bytes acknowledged"
1663.353,sender,69f80f1b-51b5-4827-8b4a-c8c3162cd52b,RTT_SAMPLE,ACK,898,0,"80.164400"
1663.362,sender,69f80f1b-51b5-4827-8b4a-c8c3162cd52b,RECEIVE,ACK,886,36,""
1663.365,sender,69f80f1b-51b5-4827-8b4a-c8c3162cd52b,ACKNOWLEDGED,ACK,886,0,""
1663.368,sender,69f80f1b-51b5-4827-8b4a-c8c3162cd52b,CONFIRM_DATA,ACK,886,1024,"unique file bytes acknowledged"
1663.372,sender,69f80f1b-51b5-4827-8b4a-c8c3162cd52b,RTT_SAMPLE,ACK,886,0,"94.970200"
1663.379,sender,69f80f1b-51b5-4827-8b4a-c8c3162cd52b,RECEIVE,ACK,891,36,""
1663.382,sender,69f80f1b-51b5-4827-8b4a-c8c3162cd52b,ACKNOWLEDGED,ACK,891,0,""
1663.385,sender,69f80f1b-51b5-4827-8b4a-c8c3162cd52b,CONFIRM_DATA,ACK,891,1024,"unique file bytes acknowledged"
1663.389,sender,69f80f1b-51b5-4827-8b4a-c8c3162cd52b,RTT_SAMPLE,ACK,891,0,"80.223700"
1663.396,sender,69f80f1b-51b5-4827-8b4a-c8c3162cd52b,RECEIVE,ACK,888,36,""
1663.399,sender,69f80f1b-51b5-4827-8b4a-c8c3162cd52b,ACKNOWLEDGED,ACK,888,0,""
1663.402,sender,69f80f1b-51b5-4827-8b4a-c8c3162cd52b,CONFIRM_DATA,ACK,888,1024,"unique file bytes acknowledged"
1663.406,sender,69f80f1b-51b5-4827-8b4a-c8c3162cd52b,RTT_SAMPLE,ACK,888,0,"94.997100"
1663.412,sender,69f80f1b-51b5-4827-8b4a-c8c3162cd52b,RECEIVE,ACK,892,36,""
1663.415,sender,69f80f1b-51b5-4827-8b4a-c8c3162cd52b,ACKNOWLEDGED,ACK,892,0,""
1663.418,sender,69f80f1b-51b5-4827-8b4a-c8c3162cd52b,CONFIRM_DATA,ACK,892,1024,"unique file bytes acknowledged"
1663.422,sender,69f80f1b-51b5-4827-8b4a-c8c3162cd52b,RTT_SAMPLE,ACK,892,0,"80.251600"
1663.428,sender,69f80f1b-51b5-4827-8b4a-c8c3162cd52b,RECEIVE,ACK,895,36,""
1663.432,sender,69f80f1b-51b5-4827-8b4a-c8c3162cd52b,ACKNOWLEDGED,ACK,895,0,""
1663.435,sender,69f80f1b-51b5-4827-8b4a-c8c3162cd52b,CONFIRM_DATA,ACK,895,1024,"unique file bytes acknowledged"
1663.439,sender,69f80f1b-51b5-4827-8b4a-c8c3162cd52b,RTT_SAMPLE,ACK,895,0,"80.258900"
1663.445,sender,69f80f1b-51b5-4827-8b4a-c8c3162cd52b,RECEIVE,ACK,899,36,""
1663.448,sender,69f80f1b-51b5-4827-8b4a-c8c3162cd52b,ACKNOWLEDGED,ACK,899,0,""
1663.451,sender,69f80f1b-51b5-4827-8b4a-c8c3162cd52b,CONFIRM_DATA,ACK,899,1024,"unique file bytes acknowledged"
1663.455,sender,69f80f1b-51b5-4827-8b4a-c8c3162cd52b,RTT_SAMPLE,ACK,899,0,"80.263100"
1663.462,sender,69f80f1b-51b5-4827-8b4a-c8c3162cd52b,RECEIVE,ACK,876,36,""
1663.465,sender,69f80f1b-51b5-4827-8b4a-c8c3162cd52b,ACKNOWLEDGED,ACK,876,0,""
1663.468,sender,69f80f1b-51b5-4827-8b4a-c8c3162cd52b,CONFIRM_DATA,ACK,876,1024,"unique file bytes acknowledged"
1663.472,sender,69f80f1b-51b5-4827-8b4a-c8c3162cd52b,RTT_SAMPLE,ACK,876,0,"95.393100"
1663.478,sender,69f80f1b-51b5-4827-8b4a-c8c3162cd52b,RECEIVE,ACK,870,36,""
1663.481,sender,69f80f1b-51b5-4827-8b4a-c8c3162cd52b,ACKNOWLEDGED,ACK,870,0,""
1663.484,sender,69f80f1b-51b5-4827-8b4a-c8c3162cd52b,CONFIRM_DATA,ACK,870,1024,"unique file bytes acknowledged"
1663.487,sender,69f80f1b-51b5-4827-8b4a-c8c3162cd52b,RTT_SAMPLE,ACK,870,0,"95.434800"
1663.494,sender,69f80f1b-51b5-4827-8b4a-c8c3162cd52b,RECEIVE,ACK,869,36,""
1663.497,sender,69f80f1b-51b5-4827-8b4a-c8c3162cd52b,ACKNOWLEDGED,ACK,869,0,""
1663.500,sender,69f80f1b-51b5-4827-8b4a-c8c3162cd52b,CONFIRM_DATA,ACK,869,1024,"unique file bytes acknowledged"
1663.504,sender,69f80f1b-51b5-4827-8b4a-c8c3162cd52b,RTT_SAMPLE,ACK,869,0,"95.463000"
1663.508,sender,69f80f1b-51b5-4827-8b4a-c8c3162cd52b,SEND,DATA,933,1060,""
1663.513,sender,69f80f1b-51b5-4827-8b4a-c8c3162cd52b,SEND,DATA,934,1060,""
1663.517,sender,69f80f1b-51b5-4827-8b4a-c8c3162cd52b,SEND,DATA,935,1060,""
1663.520,sender,69f80f1b-51b5-4827-8b4a-c8c3162cd52b,SEND,DATA,936,1060,""
1663.526,sender,69f80f1b-51b5-4827-8b4a-c8c3162cd52b,RECEIVE,ACK,873,36,""
1663.529,sender,69f80f1b-51b5-4827-8b4a-c8c3162cd52b,ACKNOWLEDGED,ACK,873,0,""
1663.532,sender,69f80f1b-51b5-4827-8b4a-c8c3162cd52b,CONFIRM_DATA,ACK,873,1024,"unique file bytes acknowledged"
1663.536,sender,69f80f1b-51b5-4827-8b4a-c8c3162cd52b,RTT_SAMPLE,ACK,873,0,"95.472100"
1663.540,sender,69f80f1b-51b5-4827-8b4a-c8c3162cd52b,SEND,DATA,937,1060,""
1663.544,sender,69f80f1b-51b5-4827-8b4a-c8c3162cd52b,SEND,DATA,938,1060,""
1663.547,sender,69f80f1b-51b5-4827-8b4a-c8c3162cd52b,SEND,DATA,939,1060,""
1663.551,sender,69f80f1b-51b5-4827-8b4a-c8c3162cd52b,SEND,DATA,940,1060,""
1663.554,sender,69f80f1b-51b5-4827-8b4a-c8c3162cd52b,SEND,DATA,941,1060,""
1679.265,sender,69f80f1b-51b5-4827-8b4a-c8c3162cd52b,RECEIVE,ACK,902,36,""
1679.277,sender,69f80f1b-51b5-4827-8b4a-c8c3162cd52b,ACKNOWLEDGED,ACK,902,0,""
1679.280,sender,69f80f1b-51b5-4827-8b4a-c8c3162cd52b,CONFIRM_DATA,ACK,902,1024,"unique file bytes acknowledged"
1679.285,sender,69f80f1b-51b5-4827-8b4a-c8c3162cd52b,RTT_SAMPLE,ACK,902,0,"96.049000"
1679.288,sender,69f80f1b-51b5-4827-8b4a-c8c3162cd52b,EMIT,DATA,928,1060,""
1679.310,sender,69f80f1b-51b5-4827-8b4a-c8c3162cd52b,RECEIVE,ACK,889,36,""
1679.312,sender,69f80f1b-51b5-4827-8b4a-c8c3162cd52b,ACKNOWLEDGED,ACK,889,0,""
1679.315,sender,69f80f1b-51b5-4827-8b4a-c8c3162cd52b,CONFIRM_DATA,ACK,889,1024,"unique file bytes acknowledged"
1679.318,sender,69f80f1b-51b5-4827-8b4a-c8c3162cd52b,RTT_SAMPLE,ACK,889,0,"110.905900"
1679.321,sender,69f80f1b-51b5-4827-8b4a-c8c3162cd52b,EMIT,DATA,930,1060,""
1679.325,sender,69f80f1b-51b5-4827-8b4a-c8c3162cd52b,RECEIVE,ACK,884,36,""
1679.327,sender,69f80f1b-51b5-4827-8b4a-c8c3162cd52b,ACKNOWLEDGED,ACK,884,0,""
1679.329,sender,69f80f1b-51b5-4827-8b4a-c8c3162cd52b,CONFIRM_DATA,ACK,884,1024,"unique file bytes acknowledged"
1679.332,sender,69f80f1b-51b5-4827-8b4a-c8c3162cd52b,EMIT,DATA,927,1060,""
1679.336,sender,69f80f1b-51b5-4827-8b4a-c8c3162cd52b,RTT_SAMPLE,ACK,884,0,"111.106800"
1679.341,sender,69f80f1b-51b5-4827-8b4a-c8c3162cd52b,RECEIVE,ACK,878,36,""
1679.344,sender,69f80f1b-51b5-4827-8b4a-c8c3162cd52b,EMIT,DATA,932,1060,""
1679.347,sender,69f80f1b-51b5-4827-8b4a-c8c3162cd52b,ACKNOWLEDGED,ACK,878,0,""
1679.350,sender,69f80f1b-51b5-4827-8b4a-c8c3162cd52b,CONFIRM_DATA,ACK,878,1024,"unique file bytes acknowledged"
1679.356,sender,69f80f1b-51b5-4827-8b4a-c8c3162cd52b,RTT_SAMPLE,ACK,878,0,"111.265900"
1679.359,sender,69f80f1b-51b5-4827-8b4a-c8c3162cd52b,EMIT,DATA,924,1060,""
1679.362,sender,69f80f1b-51b5-4827-8b4a-c8c3162cd52b,SEND,DATA,942,1060,""
1679.367,sender,69f80f1b-51b5-4827-8b4a-c8c3162cd52b,SEND,DATA,943,1060,""
1679.408,sender,69f80f1b-51b5-4827-8b4a-c8c3162cd52b,SEND,DATA,944,1060,""
1679.412,sender,69f80f1b-51b5-4827-8b4a-c8c3162cd52b,SEND,DATA,945,1060,""
1679.415,sender,69f80f1b-51b5-4827-8b4a-c8c3162cd52b,SEND,DATA,946,1060,""
1679.418,sender,69f80f1b-51b5-4827-8b4a-c8c3162cd52b,SEND,DATA,947,1060,""
1679.421,sender,69f80f1b-51b5-4827-8b4a-c8c3162cd52b,SEND,DATA,948,1060,""
1679.424,sender,69f80f1b-51b5-4827-8b4a-c8c3162cd52b,SEND,DATA,949,1060,""
1679.428,sender,69f80f1b-51b5-4827-8b4a-c8c3162cd52b,SEND,DATA,950,1060,""
1679.435,sender,69f80f1b-51b5-4827-8b4a-c8c3162cd52b,RECEIVE,ACK,893,36,""
1679.437,sender,69f80f1b-51b5-4827-8b4a-c8c3162cd52b,ACKNOWLEDGED,ACK,893,0,""
1679.440,sender,69f80f1b-51b5-4827-8b4a-c8c3162cd52b,CONFIRM_DATA,ACK,893,1024,"unique file bytes acknowledged"
1679.443,sender,69f80f1b-51b5-4827-8b4a-c8c3162cd52b,RTT_SAMPLE,ACK,893,0,"96.269700"
1679.450,sender,69f80f1b-51b5-4827-8b4a-c8c3162cd52b,RECEIVE,ACK,915,36,""
1679.453,sender,69f80f1b-51b5-4827-8b4a-c8c3162cd52b,ACKNOWLEDGED,ACK,915,0,""
1679.455,sender,69f80f1b-51b5-4827-8b4a-c8c3162cd52b,CONFIRM_DATA,ACK,915,1024,"unique file bytes acknowledged"
1679.459,sender,69f80f1b-51b5-4827-8b4a-c8c3162cd52b,RTT_SAMPLE,ACK,915,0,"79.878900"
1679.465,sender,69f80f1b-51b5-4827-8b4a-c8c3162cd52b,RECEIVE,ACK,914,36,""
1679.468,sender,69f80f1b-51b5-4827-8b4a-c8c3162cd52b,ACKNOWLEDGED,ACK,914,0,""
1679.470,sender,69f80f1b-51b5-4827-8b4a-c8c3162cd52b,CONFIRM_DATA,ACK,914,1024,"unique file bytes acknowledged"
1679.473,sender,69f80f1b-51b5-4827-8b4a-c8c3162cd52b,RTT_SAMPLE,ACK,914,0,"79.897200"
1679.479,sender,69f80f1b-51b5-4827-8b4a-c8c3162cd52b,RECEIVE,ACK,916,36,""
1679.482,sender,69f80f1b-51b5-4827-8b4a-c8c3162cd52b,ACKNOWLEDGED,ACK,916,0,""
1679.485,sender,69f80f1b-51b5-4827-8b4a-c8c3162cd52b,CONFIRM_DATA,ACK,916,1024,"unique file bytes acknowledged"
1679.488,sender,69f80f1b-51b5-4827-8b4a-c8c3162cd52b,RTT_SAMPLE,ACK,916,0,"79.902500"
1679.494,sender,69f80f1b-51b5-4827-8b4a-c8c3162cd52b,RECEIVE,ACK,900,36,""
1679.497,sender,69f80f1b-51b5-4827-8b4a-c8c3162cd52b,ACKNOWLEDGED,ACK,900,0,""
1679.504,sender,69f80f1b-51b5-4827-8b4a-c8c3162cd52b,CONFIRM_DATA,ACK,900,1024,"unique file bytes acknowledged"
1679.507,sender,69f80f1b-51b5-4827-8b4a-c8c3162cd52b,RTT_SAMPLE,ACK,900,0,"96.312500"
1679.512,sender,69f80f1b-51b5-4827-8b4a-c8c3162cd52b,RECEIVE,ACK,918,36,""
1679.514,sender,69f80f1b-51b5-4827-8b4a-c8c3162cd52b,ACKNOWLEDGED,ACK,918,0,""
1679.517,sender,69f80f1b-51b5-4827-8b4a-c8c3162cd52b,CONFIRM_DATA,ACK,918,1024,"unique file bytes acknowledged"
1679.519,sender,69f80f1b-51b5-4827-8b4a-c8c3162cd52b,RTT_SAMPLE,ACK,918,0,"79.926400"
1679.524,sender,69f80f1b-51b5-4827-8b4a-c8c3162cd52b,RECEIVE,ACK,912,36,""
1679.526,sender,69f80f1b-51b5-4827-8b4a-c8c3162cd52b,ACKNOWLEDGED,ACK,912,0,""
1679.529,sender,69f80f1b-51b5-4827-8b4a-c8c3162cd52b,CONFIRM_DATA,ACK,912,1024,"unique file bytes acknowledged"
1679.531,sender,69f80f1b-51b5-4827-8b4a-c8c3162cd52b,RTT_SAMPLE,ACK,912,0,"79.962200"
1679.536,sender,69f80f1b-51b5-4827-8b4a-c8c3162cd52b,RECEIVE,ACK,907,36,""
1679.539,sender,69f80f1b-51b5-4827-8b4a-c8c3162cd52b,ACKNOWLEDGED,ACK,907,0,""
1679.541,sender,69f80f1b-51b5-4827-8b4a-c8c3162cd52b,CONFIRM_DATA,ACK,907,1024,"unique file bytes acknowledged"
1679.544,sender,69f80f1b-51b5-4827-8b4a-c8c3162cd52b,RTT_SAMPLE,ACK,907,0,"80.028800"
1679.549,sender,69f80f1b-51b5-4827-8b4a-c8c3162cd52b,RECEIVE,ACK,910,36,""
1679.551,sender,69f80f1b-51b5-4827-8b4a-c8c3162cd52b,ACKNOWLEDGED,ACK,910,0,""
1679.553,sender,69f80f1b-51b5-4827-8b4a-c8c3162cd52b,CONFIRM_DATA,ACK,910,1024,"unique file bytes acknowledged"
1679.556,sender,69f80f1b-51b5-4827-8b4a-c8c3162cd52b,RTT_SAMPLE,ACK,910,0,"79.994600"
1679.587,sender,69f80f1b-51b5-4827-8b4a-c8c3162cd52b,RECEIVE,ACK,887,36,""
1679.590,sender,69f80f1b-51b5-4827-8b4a-c8c3162cd52b,ACKNOWLEDGED,ACK,887,0,""
1679.593,sender,69f80f1b-51b5-4827-8b4a-c8c3162cd52b,CONFIRM_DATA,ACK,887,1024,"unique file bytes acknowledged"
1679.596,sender,69f80f1b-51b5-4827-8b4a-c8c3162cd52b,RTT_SAMPLE,ACK,887,0,"111.190400"
1679.599,sender,69f80f1b-51b5-4827-8b4a-c8c3162cd52b,SEND,DATA,951,1060,""
1679.602,sender,69f80f1b-51b5-4827-8b4a-c8c3162cd52b,SEND,DATA,952,1060,""
1679.605,sender,69f80f1b-51b5-4827-8b4a-c8c3162cd52b,SEND,DATA,953,1060,""
1679.608,sender,69f80f1b-51b5-4827-8b4a-c8c3162cd52b,SEND,DATA,954,1060,""
1679.611,sender,69f80f1b-51b5-4827-8b4a-c8c3162cd52b,SEND,DATA,955,1060,""
1679.614,sender,69f80f1b-51b5-4827-8b4a-c8c3162cd52b,SEND,DATA,956,1060,""
1679.617,sender,69f80f1b-51b5-4827-8b4a-c8c3162cd52b,SEND,DATA,957,1060,""
1679.622,sender,69f80f1b-51b5-4827-8b4a-c8c3162cd52b,RECEIVE,ACK,894,36,""
1679.625,sender,69f80f1b-51b5-4827-8b4a-c8c3162cd52b,ACKNOWLEDGED,ACK,894,0,""
1679.627,sender,69f80f1b-51b5-4827-8b4a-c8c3162cd52b,CONFIRM_DATA,ACK,894,1024,"unique file bytes acknowledged"
1679.631,sender,69f80f1b-51b5-4827-8b4a-c8c3162cd52b,RTT_SAMPLE,ACK,894,0,"96.454200"
1679.634,sender,69f80f1b-51b5-4827-8b4a-c8c3162cd52b,SEND,DATA,958,1060,""
1679.637,sender,69f80f1b-51b5-4827-8b4a-c8c3162cd52b,SEND,DATA,959,1060,""
1679.643,sender,69f80f1b-51b5-4827-8b4a-c8c3162cd52b,EMIT,DATA,926,1060,""
1679.656,sender,69f80f1b-51b5-4827-8b4a-c8c3162cd52b,SEND,DATA,960,1060,""
1679.664,sender,69f80f1b-51b5-4827-8b4a-c8c3162cd52b,RECEIVE,ACK,909,36,""
1679.667,sender,69f80f1b-51b5-4827-8b4a-c8c3162cd52b,ACKNOWLEDGED,ACK,909,0,""
1679.669,sender,69f80f1b-51b5-4827-8b4a-c8c3162cd52b,CONFIRM_DATA,ACK,909,1024,"unique file bytes acknowledged"
1679.672,sender,69f80f1b-51b5-4827-8b4a-c8c3162cd52b,RTT_SAMPLE,ACK,909,0,"80.121700"
1679.677,sender,69f80f1b-51b5-4827-8b4a-c8c3162cd52b,RECEIVE,ACK,901,36,""
1679.679,sender,69f80f1b-51b5-4827-8b4a-c8c3162cd52b,ACKNOWLEDGED,ACK,901,0,""
1679.681,sender,69f80f1b-51b5-4827-8b4a-c8c3162cd52b,CONFIRM_DATA,ACK,901,1024,"unique file bytes acknowledged"
1679.684,sender,69f80f1b-51b5-4827-8b4a-c8c3162cd52b,RTT_SAMPLE,ACK,901,0,"96.486500"
1679.688,sender,69f80f1b-51b5-4827-8b4a-c8c3162cd52b,RECEIVE,ACK,905,36,""
1679.691,sender,69f80f1b-51b5-4827-8b4a-c8c3162cd52b,ACKNOWLEDGED,ACK,905,0,""
1679.693,sender,69f80f1b-51b5-4827-8b4a-c8c3162cd52b,CONFIRM_DATA,ACK,905,1024,"unique file bytes acknowledged"
1679.696,sender,69f80f1b-51b5-4827-8b4a-c8c3162cd52b,EMIT,DATA,925,1060,""
1679.701,sender,69f80f1b-51b5-4827-8b4a-c8c3162cd52b,RTT_SAMPLE,ACK,905,0,"96.452500"
1695.112,sender,69f80f1b-51b5-4827-8b4a-c8c3162cd52b,RECEIVE,ACK,920,36,""
1695.131,sender,69f80f1b-51b5-4827-8b4a-c8c3162cd52b,ACKNOWLEDGED,ACK,920,0,""
1695.135,sender,69f80f1b-51b5-4827-8b4a-c8c3162cd52b,CONFIRM_DATA,ACK,920,1024,"unique file bytes acknowledged"
1695.141,sender,69f80f1b-51b5-4827-8b4a-c8c3162cd52b,RTT_SAMPLE,ACK,920,0,"95.538600"
1695.148,sender,69f80f1b-51b5-4827-8b4a-c8c3162cd52b,RECEIVE,ACK,917,36,""
1695.151,sender,69f80f1b-51b5-4827-8b4a-c8c3162cd52b,ACKNOWLEDGED,ACK,917,0,""
1695.159,sender,69f80f1b-51b5-4827-8b4a-c8c3162cd52b,CONFIRM_DATA,ACK,917,1024,"unique file bytes acknowledged"
1695.162,sender,69f80f1b-51b5-4827-8b4a-c8c3162cd52b,RTT_SAMPLE,ACK,917,0,"95.572500"
1695.168,sender,69f80f1b-51b5-4827-8b4a-c8c3162cd52b,RECEIVE,ACK,904,36,""
1695.170,sender,69f80f1b-51b5-4827-8b4a-c8c3162cd52b,ACKNOWLEDGED,ACK,904,0,""
1695.173,sender,69f80f1b-51b5-4827-8b4a-c8c3162cd52b,CONFIRM_DATA,ACK,904,1024,"unique file bytes acknowledged"
1695.176,sender,69f80f1b-51b5-4827-8b4a-c8c3162cd52b,RTT_SAMPLE,ACK,904,0,"111.934700"
1695.181,sender,69f80f1b-51b5-4827-8b4a-c8c3162cd52b,RECEIVE,ACK,919,36,""
1695.184,sender,69f80f1b-51b5-4827-8b4a-c8c3162cd52b,ACKNOWLEDGED,ACK,919,0,""
1695.192,sender,69f80f1b-51b5-4827-8b4a-c8c3162cd52b,CONFIRM_DATA,ACK,919,1024,"unique file bytes acknowledged"
1695.195,sender,69f80f1b-51b5-4827-8b4a-c8c3162cd52b,EMIT,DATA,929,1060,""
1695.213,sender,69f80f1b-51b5-4827-8b4a-c8c3162cd52b,RTT_SAMPLE,ACK,919,0,"95.598300"
1695.249,sender,69f80f1b-51b5-4827-8b4a-c8c3162cd52b,EMIT,DATA,938,1060,""
1695.287,sender,69f80f1b-51b5-4827-8b4a-c8c3162cd52b,RECEIVE,ACK,921,36,""
1695.290,sender,69f80f1b-51b5-4827-8b4a-c8c3162cd52b,ACKNOWLEDGED,ACK,921,0,""
1695.293,sender,69f80f1b-51b5-4827-8b4a-c8c3162cd52b,CONFIRM_DATA,ACK,921,1024,"unique file bytes acknowledged"
1695.332,sender,69f80f1b-51b5-4827-8b4a-c8c3162cd52b,RTT_SAMPLE,ACK,921,0,"95.727600"
1695.357,sender,69f80f1b-51b5-4827-8b4a-c8c3162cd52b,EMIT,DATA,941,1060,""
1695.402,sender,69f80f1b-51b5-4827-8b4a-c8c3162cd52b,EMIT,DATA,937,1060,""
1695.415,sender,69f80f1b-51b5-4827-8b4a-c8c3162cd52b,EMIT,DATA,939,1060,""
1695.575,sender,69f80f1b-51b5-4827-8b4a-c8c3162cd52b,RECEIVE,ACK,903,36,""
1695.587,sender,69f80f1b-51b5-4827-8b4a-c8c3162cd52b,ACKNOWLEDGED,ACK,903,0,""
1695.591,sender,69f80f1b-51b5-4827-8b4a-c8c3162cd52b,CONFIRM_DATA,ACK,903,1024,"unique file bytes acknowledged"
1695.598,sender,69f80f1b-51b5-4827-8b4a-c8c3162cd52b,RTT_SAMPLE,ACK,903,0,"112.358100"
1695.612,sender,69f80f1b-51b5-4827-8b4a-c8c3162cd52b,RECEIVE,ACK,897,36,""
1695.615,sender,69f80f1b-51b5-4827-8b4a-c8c3162cd52b,ACKNOWLEDGED,ACK,897,0,""
1695.618,sender,69f80f1b-51b5-4827-8b4a-c8c3162cd52b,CONFIRM_DATA,ACK,897,1024,"unique file bytes acknowledged"
1695.623,sender,69f80f1b-51b5-4827-8b4a-c8c3162cd52b,RTT_SAMPLE,ACK,897,0,"112.436800"
1695.628,sender,69f80f1b-51b5-4827-8b4a-c8c3162cd52b,SEND,DATA,961,1060,""
1695.634,sender,69f80f1b-51b5-4827-8b4a-c8c3162cd52b,SEND,DATA,962,1060,""
1695.638,sender,69f80f1b-51b5-4827-8b4a-c8c3162cd52b,SEND,DATA,963,1060,""
1695.642,sender,69f80f1b-51b5-4827-8b4a-c8c3162cd52b,SEND,DATA,964,1060,""
1695.646,sender,69f80f1b-51b5-4827-8b4a-c8c3162cd52b,SEND,DATA,965,1060,""
1695.650,sender,69f80f1b-51b5-4827-8b4a-c8c3162cd52b,SEND,DATA,966,1060,""
1695.654,sender,69f80f1b-51b5-4827-8b4a-c8c3162cd52b,SEND,DATA,967,1060,""
1695.658,sender,69f80f1b-51b5-4827-8b4a-c8c3162cd52b,SEND,DATA,968,1060,""
1695.662,sender,69f80f1b-51b5-4827-8b4a-c8c3162cd52b,SEND,DATA,969,1060,""
1695.665,sender,69f80f1b-51b5-4827-8b4a-c8c3162cd52b,SEND,DATA,970,1060,""
1695.669,sender,69f80f1b-51b5-4827-8b4a-c8c3162cd52b,SEND,DATA,971,1060,""
1695.676,sender,69f80f1b-51b5-4827-8b4a-c8c3162cd52b,RECEIVE,ACK,911,36,""
1695.679,sender,69f80f1b-51b5-4827-8b4a-c8c3162cd52b,ACKNOWLEDGED,ACK,911,0,""
1695.683,sender,69f80f1b-51b5-4827-8b4a-c8c3162cd52b,CONFIRM_DATA,ACK,911,1024,"unique file bytes acknowledged"
1695.687,sender,69f80f1b-51b5-4827-8b4a-c8c3162cd52b,RTT_SAMPLE,ACK,911,0,"96.121000"
1695.694,sender,69f80f1b-51b5-4827-8b4a-c8c3162cd52b,RECEIVE,ACK,908,36,""
1695.698,sender,69f80f1b-51b5-4827-8b4a-c8c3162cd52b,ACKNOWLEDGED,ACK,908,0,""
1695.701,sender,69f80f1b-51b5-4827-8b4a-c8c3162cd52b,CONFIRM_DATA,ACK,908,1024,"unique file bytes acknowledged"
1695.705,sender,69f80f1b-51b5-4827-8b4a-c8c3162cd52b,RTT_SAMPLE,ACK,908,0,"96.170000"
1695.710,sender,69f80f1b-51b5-4827-8b4a-c8c3162cd52b,SEND,DATA,972,1060,""
1695.714,sender,69f80f1b-51b5-4827-8b4a-c8c3162cd52b,SEND,DATA,973,1060,""
1695.718,sender,69f80f1b-51b5-4827-8b4a-c8c3162cd52b,SEND,DATA,974,1060,""
1695.722,sender,69f80f1b-51b5-4827-8b4a-c8c3162cd52b,SEND,DATA,975,1060,""
1695.726,sender,69f80f1b-51b5-4827-8b4a-c8c3162cd52b,SEND,DATA,976,1060,""
1695.732,sender,69f80f1b-51b5-4827-8b4a-c8c3162cd52b,RECEIVE,ACK,923,36,""
1695.735,sender,69f80f1b-51b5-4827-8b4a-c8c3162cd52b,ACKNOWLEDGED,ACK,923,0,""
1695.739,sender,69f80f1b-51b5-4827-8b4a-c8c3162cd52b,CONFIRM_DATA,ACK,923,1024,"unique file bytes acknowledged"
1695.743,sender,69f80f1b-51b5-4827-8b4a-c8c3162cd52b,RTT_SAMPLE,ACK,923,0,"80.284600"
1695.750,sender,69f80f1b-51b5-4827-8b4a-c8c3162cd52b,RECEIVE,ACK,922,36,""
1695.754,sender,69f80f1b-51b5-4827-8b4a-c8c3162cd52b,ACKNOWLEDGED,ACK,922,0,""
1695.757,sender,69f80f1b-51b5-4827-8b4a-c8c3162cd52b,CONFIRM_DATA,ACK,922,1024,"unique file bytes acknowledged"
1695.761,sender,69f80f1b-51b5-4827-8b4a-c8c3162cd52b,RTT_SAMPLE,ACK,922,0,"96.153500"
1710.287,sender,69f80f1b-51b5-4827-8b4a-c8c3162cd52b,EMIT,DATA,936,1060,""
1710.331,sender,69f80f1b-51b5-4827-8b4a-c8c3162cd52b,RECEIVE,ACK,913,36,""
1710.339,sender,69f80f1b-51b5-4827-8b4a-c8c3162cd52b,EMIT,DATA,935,1060,""
1710.344,sender,69f80f1b-51b5-4827-8b4a-c8c3162cd52b,ACKNOWLEDGED,ACK,913,0,""
1710.347,sender,69f80f1b-51b5-4827-8b4a-c8c3162cd52b,CONFIRM_DATA,ACK,913,1024,"unique file bytes acknowledged"
1710.352,sender,69f80f1b-51b5-4827-8b4a-c8c3162cd52b,RTT_SAMPLE,ACK,913,0,"110.777800"
1710.355,sender,69f80f1b-51b5-4827-8b4a-c8c3162cd52b,EMIT,DATA,934,1060,""
1710.358,sender,69f80f1b-51b5-4827-8b4a-c8c3162cd52b,SEND,DATA,977,1060,""
1710.363,sender,69f80f1b-51b5-4827-8b4a-c8c3162cd52b,SEND,DATA,978,1060,""
1710.365,sender,69f80f1b-51b5-4827-8b4a-c8c3162cd52b,SEND,DATA,979,1060,""
1710.368,sender,69f80f1b-51b5-4827-8b4a-c8c3162cd52b,EMIT,DATA,948,1060,""
1710.371,sender,69f80f1b-51b5-4827-8b4a-c8c3162cd52b,SEND,DATA,980,1060,""
1710.374,sender,69f80f1b-51b5-4827-8b4a-c8c3162cd52b,SEND,DATA,981,1060,""
1710.377,sender,69f80f1b-51b5-4827-8b4a-c8c3162cd52b,SEND,DATA,982,1060,""
1710.380,sender,69f80f1b-51b5-4827-8b4a-c8c3162cd52b,EMIT,DATA,953,1060,""
1710.383,sender,69f80f1b-51b5-4827-8b4a-c8c3162cd52b,SEND,DATA,983,1060,""
1710.386,sender,69f80f1b-51b5-4827-8b4a-c8c3162cd52b,SEND,DATA,984,1060,""
1710.389,sender,69f80f1b-51b5-4827-8b4a-c8c3162cd52b,SEND,DATA,985,1060,""
1710.391,sender,69f80f1b-51b5-4827-8b4a-c8c3162cd52b,EMIT,DATA,947,1060,""
1710.395,sender,69f80f1b-51b5-4827-8b4a-c8c3162cd52b,SEND,DATA,986,1060,""
1710.398,sender,69f80f1b-51b5-4827-8b4a-c8c3162cd52b,SEND,DATA,987,1060,""
1710.401,sender,69f80f1b-51b5-4827-8b4a-c8c3162cd52b,EMIT,DATA,955,1060,""
1710.405,sender,69f80f1b-51b5-4827-8b4a-c8c3162cd52b,RECEIVE,ACK,931,36,""
1710.407,sender,69f80f1b-51b5-4827-8b4a-c8c3162cd52b,ACKNOWLEDGED,ACK,931,0,""
1710.410,sender,69f80f1b-51b5-4827-8b4a-c8c3162cd52b,CONFIRM_DATA,ACK,931,1024,"unique file bytes acknowledged"
1710.412,sender,69f80f1b-51b5-4827-8b4a-c8c3162cd52b,EMIT,DATA,956,1060,""
1710.416,sender,69f80f1b-51b5-4827-8b4a-c8c3162cd52b,RTT_SAMPLE,ACK,931,0,"79.236500"
1710.422,sender,69f80f1b-51b5-4827-8b4a-c8c3162cd52b,EMIT,DATA,940,1060,""
1710.425,sender,69f80f1b-51b5-4827-8b4a-c8c3162cd52b,RECEIVE,ACK,932,36,""
1710.432,sender,69f80f1b-51b5-4827-8b4a-c8c3162cd52b,ACKNOWLEDGED,ACK,932,0,""
1710.434,sender,69f80f1b-51b5-4827-8b4a-c8c3162cd52b,CONFIRM_DATA,ACK,932,1024,"unique file bytes acknowledged"
1710.437,sender,69f80f1b-51b5-4827-8b4a-c8c3162cd52b,RTT_SAMPLE,ACK,932,0,"79.257900"
1710.443,sender,69f80f1b-51b5-4827-8b4a-c8c3162cd52b,RECEIVE,ACK,925,36,""
1710.446,sender,69f80f1b-51b5-4827-8b4a-c8c3162cd52b,ACKNOWLEDGED,ACK,925,0,""
1710.448,sender,69f80f1b-51b5-4827-8b4a-c8c3162cd52b,CONFIRM_DATA,ACK,925,1024,"unique file bytes acknowledged"
1710.451,sender,69f80f1b-51b5-4827-8b4a-c8c3162cd52b,RTT_SAMPLE,ACK,925,0,"79.298400"
1710.457,sender,69f80f1b-51b5-4827-8b4a-c8c3162cd52b,RECEIVE,ACK,928,36,""
1710.460,sender,69f80f1b-51b5-4827-8b4a-c8c3162cd52b,ACKNOWLEDGED,ACK,928,0,""
1710.462,sender,69f80f1b-51b5-4827-8b4a-c8c3162cd52b,CONFIRM_DATA,ACK,928,1024,"unique file bytes acknowledged"
1710.465,sender,69f80f1b-51b5-4827-8b4a-c8c3162cd52b,RTT_SAMPLE,ACK,928,0,"79.302400"
1710.471,sender,69f80f1b-51b5-4827-8b4a-c8c3162cd52b,RECEIVE,ACK,924,36,""
1710.473,sender,69f80f1b-51b5-4827-8b4a-c8c3162cd52b,ACKNOWLEDGED,ACK,924,0,""
1710.476,sender,69f80f1b-51b5-4827-8b4a-c8c3162cd52b,CONFIRM_DATA,ACK,924,1024,"unique file bytes acknowledged"
1710.479,sender,69f80f1b-51b5-4827-8b4a-c8c3162cd52b,RTT_SAMPLE,ACK,924,0,"79.330600"
1710.490,sender,69f80f1b-51b5-4827-8b4a-c8c3162cd52b,SEND,DATA,988,1060,""
1710.494,sender,69f80f1b-51b5-4827-8b4a-c8c3162cd52b,SEND,DATA,989,1060,""
1725.364,sender,69f80f1b-51b5-4827-8b4a-c8c3162cd52b,EMIT,DATA,933,1060,""
1725.403,sender,69f80f1b-51b5-4827-8b4a-c8c3162cd52b,EMIT,DATA,944,1060,""
1725.414,sender,69f80f1b-51b5-4827-8b4a-c8c3162cd52b,EMIT,DATA,945,1060,""
1725.425,sender,69f80f1b-51b5-4827-8b4a-c8c3162cd52b,EMIT,DATA,960,1060,""
1725.441,sender,69f80f1b-51b5-4827-8b4a-c8c3162cd52b,EMIT,DATA,950,1060,""
1725.450,sender,69f80f1b-51b5-4827-8b4a-c8c3162cd52b,EMIT,DATA,949,1060,""
1725.463,sender,69f80f1b-51b5-4827-8b4a-c8c3162cd52b,EMIT,DATA,951,1060,""
1725.474,sender,69f80f1b-51b5-4827-8b4a-c8c3162cd52b,EMIT,DATA,957,1060,""
1725.485,sender,69f80f1b-51b5-4827-8b4a-c8c3162cd52b,EMIT,DATA,959,1060,""
1725.544,sender,69f80f1b-51b5-4827-8b4a-c8c3162cd52b,EMIT,DATA,946,1060,""
1725.558,sender,69f80f1b-51b5-4827-8b4a-c8c3162cd52b,EMIT,DATA,954,1060,""
1725.569,sender,69f80f1b-51b5-4827-8b4a-c8c3162cd52b,EMIT,DATA,958,1060,""
1725.578,sender,69f80f1b-51b5-4827-8b4a-c8c3162cd52b,EMIT,DATA,962,1060,""
1725.587,sender,69f80f1b-51b5-4827-8b4a-c8c3162cd52b,EMIT,DATA,969,1060,""
1725.597,sender,69f80f1b-51b5-4827-8b4a-c8c3162cd52b,EMIT,DATA,970,1060,""
1725.606,sender,69f80f1b-51b5-4827-8b4a-c8c3162cd52b,EMIT,DATA,943,1060,""
1725.627,sender,69f80f1b-51b5-4827-8b4a-c8c3162cd52b,EMIT,DATA,952,1060,""
1725.665,sender,69f80f1b-51b5-4827-8b4a-c8c3162cd52b,RECEIVE,ACK,927,36,""
1725.676,sender,69f80f1b-51b5-4827-8b4a-c8c3162cd52b,ACKNOWLEDGED,ACK,927,0,""
1725.680,sender,69f80f1b-51b5-4827-8b4a-c8c3162cd52b,CONFIRM_DATA,ACK,927,1024,"unique file bytes acknowledged"
1725.685,sender,69f80f1b-51b5-4827-8b4a-c8c3162cd52b,RTT_SAMPLE,ACK,927,0,"94.524100"
1725.702,sender,69f80f1b-51b5-4827-8b4a-c8c3162cd52b,RECEIVE,ACK,937,36,""
1725.705,sender,69f80f1b-51b5-4827-8b4a-c8c3162cd52b,ACKNOWLEDGED,ACK,937,0,""
1725.708,sender,69f80f1b-51b5-4827-8b4a-c8c3162cd52b,CONFIRM_DATA,ACK,937,1024,"unique file bytes acknowledged"
1725.711,sender,69f80f1b-51b5-4827-8b4a-c8c3162cd52b,RTT_SAMPLE,ACK,937,0,"62.170600"
1741.238,sender,69f80f1b-51b5-4827-8b4a-c8c3162cd52b,EMIT,DATA,963,1060,""
1741.263,sender,69f80f1b-51b5-4827-8b4a-c8c3162cd52b,EMIT,DATA,942,1060,""
1741.284,sender,69f80f1b-51b5-4827-8b4a-c8c3162cd52b,EMIT,DATA,964,1060,""
1741.296,sender,69f80f1b-51b5-4827-8b4a-c8c3162cd52b,EMIT,DATA,966,1060,""
1741.307,sender,69f80f1b-51b5-4827-8b4a-c8c3162cd52b,EMIT,DATA,967,1060,""
1741.318,sender,69f80f1b-51b5-4827-8b4a-c8c3162cd52b,EMIT,DATA,975,1060,""
1741.329,sender,69f80f1b-51b5-4827-8b4a-c8c3162cd52b,EMIT,DATA,968,1060,""
1741.340,sender,69f80f1b-51b5-4827-8b4a-c8c3162cd52b,EMIT,DATA,973,1060,""
1741.351,sender,69f80f1b-51b5-4827-8b4a-c8c3162cd52b,EMIT,DATA,972,1060,""
1741.362,sender,69f80f1b-51b5-4827-8b4a-c8c3162cd52b,EMIT,DATA,986,1060,""
1741.372,sender,69f80f1b-51b5-4827-8b4a-c8c3162cd52b,EMIT,DATA,981,1060,""
1741.381,sender,69f80f1b-51b5-4827-8b4a-c8c3162cd52b,RECEIVE,ACK,939,36,""
1741.395,sender,69f80f1b-51b5-4827-8b4a-c8c3162cd52b,ACKNOWLEDGED,ACK,939,0,""
1741.401,sender,69f80f1b-51b5-4827-8b4a-c8c3162cd52b,EMIT,DATA,971,1060,""
1741.405,sender,69f80f1b-51b5-4827-8b4a-c8c3162cd52b,CONFIRM_DATA,ACK,939,1024,"unique file bytes acknowledged"
1741.413,sender,69f80f1b-51b5-4827-8b4a-c8c3162cd52b,RTT_SAMPLE,ACK,939,0,"77.863500"
1741.417,sender,69f80f1b-51b5-4827-8b4a-c8c3162cd52b,EMIT,DATA,976,1060,""
1741.433,sender,69f80f1b-51b5-4827-8b4a-c8c3162cd52b,RECEIVE,ACK,930,36,""
1741.438,sender,69f80f1b-51b5-4827-8b4a-c8c3162cd52b,ACKNOWLEDGED,ACK,930,0,""
1741.442,sender,69f80f1b-51b5-4827-8b4a-c8c3162cd52b,CONFIRM_DATA,ACK,930,1024,"unique file bytes acknowledged"
1741.447,sender,69f80f1b-51b5-4827-8b4a-c8c3162cd52b,RTT_SAMPLE,ACK,930,0,"110.277800"
1741.458,sender,69f80f1b-51b5-4827-8b4a-c8c3162cd52b,RECEIVE,ACK,926,36,""
1741.463,sender,69f80f1b-51b5-4827-8b4a-c8c3162cd52b,ACKNOWLEDGED,ACK,926,0,""
1741.467,sender,69f80f1b-51b5-4827-8b4a-c8c3162cd52b,CONFIRM_DATA,ACK,926,1024,"unique file bytes acknowledged"
1741.472,sender,69f80f1b-51b5-4827-8b4a-c8c3162cd52b,RTT_SAMPLE,ACK,926,0,"110.315100"
1741.478,sender,69f80f1b-51b5-4827-8b4a-c8c3162cd52b,SEND,DATA,990,1060,""
1741.484,sender,69f80f1b-51b5-4827-8b4a-c8c3162cd52b,SEND,DATA,991,1060,""
1741.489,sender,69f80f1b-51b5-4827-8b4a-c8c3162cd52b,SEND,DATA,992,1060,""
1741.502,sender,69f80f1b-51b5-4827-8b4a-c8c3162cd52b,RECEIVE,ACK,938,36,""
1741.506,sender,69f80f1b-51b5-4827-8b4a-c8c3162cd52b,ACKNOWLEDGED,ACK,938,0,""
1741.509,sender,69f80f1b-51b5-4827-8b4a-c8c3162cd52b,CONFIRM_DATA,ACK,938,1024,"unique file bytes acknowledged"
1741.513,sender,69f80f1b-51b5-4827-8b4a-c8c3162cd52b,RTT_SAMPLE,ACK,938,0,"77.969400"
1741.522,sender,69f80f1b-51b5-4827-8b4a-c8c3162cd52b,RECEIVE,ACK,936,36,""
1741.527,sender,69f80f1b-51b5-4827-8b4a-c8c3162cd52b,ACKNOWLEDGED,ACK,936,0,""
1741.530,sender,69f80f1b-51b5-4827-8b4a-c8c3162cd52b,CONFIRM_DATA,ACK,936,1024,"unique file bytes acknowledged"
1741.534,sender,69f80f1b-51b5-4827-8b4a-c8c3162cd52b,RTT_SAMPLE,ACK,936,0,"78.013500"
1741.546,sender,69f80f1b-51b5-4827-8b4a-c8c3162cd52b,RECEIVE,ACK,935,36,""
1741.550,sender,69f80f1b-51b5-4827-8b4a-c8c3162cd52b,ACKNOWLEDGED,ACK,935,0,""
1741.553,sender,69f80f1b-51b5-4827-8b4a-c8c3162cd52b,CONFIRM_DATA,ACK,935,1024,"unique file bytes acknowledged"
1741.556,sender,69f80f1b-51b5-4827-8b4a-c8c3162cd52b,RTT_SAMPLE,ACK,935,0,"78.039500"
1741.565,sender,69f80f1b-51b5-4827-8b4a-c8c3162cd52b,RECEIVE,ACK,929,36,""
1741.569,sender,69f80f1b-51b5-4827-8b4a-c8c3162cd52b,ACKNOWLEDGED,ACK,929,0,""
1741.572,sender,69f80f1b-51b5-4827-8b4a-c8c3162cd52b,CONFIRM_DATA,ACK,929,1024,"unique file bytes acknowledged"
1741.575,sender,69f80f1b-51b5-4827-8b4a-c8c3162cd52b,RTT_SAMPLE,ACK,929,0,"110.409500"
1741.582,sender,69f80f1b-51b5-4827-8b4a-c8c3162cd52b,SEND,DATA,993,1060,""
1741.586,sender,69f80f1b-51b5-4827-8b4a-c8c3162cd52b,SEND,DATA,994,1060,""
1741.590,sender,69f80f1b-51b5-4827-8b4a-c8c3162cd52b,SEND,DATA,995,1060,""
1741.594,sender,69f80f1b-51b5-4827-8b4a-c8c3162cd52b,SEND,DATA,996,1060,""
1757.196,sender,69f80f1b-51b5-4827-8b4a-c8c3162cd52b,RECEIVE,ACK,953,36,""
1757.238,sender,69f80f1b-51b5-4827-8b4a-c8c3162cd52b,ACKNOWLEDGED,ACK,953,0,""
1757.248,sender,69f80f1b-51b5-4827-8b4a-c8c3162cd52b,CONFIRM_DATA,ACK,953,1024,"unique file bytes acknowledged"
1757.264,sender,69f80f1b-51b5-4827-8b4a-c8c3162cd52b,RTT_SAMPLE,ACK,953,0,"77.652500"
1757.287,sender,69f80f1b-51b5-4827-8b4a-c8c3162cd52b,RECEIVE,ACK,955,36,""
1757.292,sender,69f80f1b-51b5-4827-8b4a-c8c3162cd52b,ACKNOWLEDGED,ACK,955,0,""
1757.296,sender,69f80f1b-51b5-4827-8b4a-c8c3162cd52b,CONFIRM_DATA,ACK,955,1024,"unique file bytes acknowledged"
1757.302,sender,69f80f1b-51b5-4827-8b4a-c8c3162cd52b,RTT_SAMPLE,ACK,955,0,"77.689100"
1757.311,sender,69f80f1b-51b5-4827-8b4a-c8c3162cd52b,RECEIVE,ACK,941,36,""
1757.315,sender,69f80f1b-51b5-4827-8b4a-c8c3162cd52b,ACKNOWLEDGED,ACK,941,0,""
1757.319,sender,69f80f1b-51b5-4827-8b4a-c8c3162cd52b,CONFIRM_DATA,ACK,941,1024,"unique file bytes acknowledged"
1757.324,sender,69f80f1b-51b5-4827-8b4a-c8c3162cd52b,RTT_SAMPLE,ACK,941,0,"93.769200"
1757.333,sender,69f80f1b-51b5-4827-8b4a-c8c3162cd52b,RECEIVE,ACK,962,36,""
1757.338,sender,69f80f1b-51b5-4827-8b4a-c8c3162cd52b,ACKNOWLEDGED,ACK,962,0,""
1757.342,sender,69f80f1b-51b5-4827-8b4a-c8c3162cd52b,CONFIRM_DATA,ACK,962,1024,"unique file bytes acknowledged"
1757.347,sender,69f80f1b-51b5-4827-8b4a-c8c3162cd52b,RTT_SAMPLE,ACK,962,0,"61.712300"
1757.356,sender,69f80f1b-51b5-4827-8b4a-c8c3162cd52b,RECEIVE,ACK,934,36,""
1757.360,sender,69f80f1b-51b5-4827-8b4a-c8c3162cd52b,ACKNOWLEDGED,ACK,934,0,""
1757.364,sender,69f80f1b-51b5-4827-8b4a-c8c3162cd52b,CONFIRM_DATA,ACK,934,1024,"unique file bytes acknowledged"
1757.369,sender,69f80f1b-51b5-4827-8b4a-c8c3162cd52b,RTT_SAMPLE,ACK,934,0,"93.855800"
1757.378,sender,69f80f1b-51b5-4827-8b4a-c8c3162cd52b,RECEIVE,ACK,933,36,""
1757.383,sender,69f80f1b-51b5-4827-8b4a-c8c3162cd52b,ACKNOWLEDGED,ACK,933,0,""
1757.387,sender,69f80f1b-51b5-4827-8b4a-c8c3162cd52b,CONFIRM_DATA,ACK,933,1024,"unique file bytes acknowledged"
1757.392,sender,69f80f1b-51b5-4827-8b4a-c8c3162cd52b,RTT_SAMPLE,ACK,933,0,"93.882900"
1757.401,sender,69f80f1b-51b5-4827-8b4a-c8c3162cd52b,SEND,DATA,997,1060,""
1757.409,sender,69f80f1b-51b5-4827-8b4a-c8c3162cd52b,SEND,DATA,998,1060,""
1757.414,sender,69f80f1b-51b5-4827-8b4a-c8c3162cd52b,SEND,DATA,999,1060,""
1757.424,sender,69f80f1b-51b5-4827-8b4a-c8c3162cd52b,SEND,DATA,1000,1060,""
1757.429,sender,69f80f1b-51b5-4827-8b4a-c8c3162cd52b,SEND,DATA,1001,1060,""
1757.434,sender,69f80f1b-51b5-4827-8b4a-c8c3162cd52b,SEND,DATA,1002,1060,""
1757.438,sender,69f80f1b-51b5-4827-8b4a-c8c3162cd52b,EMIT,DATA,974,1060,""
1757.447,sender,69f80f1b-51b5-4827-8b4a-c8c3162cd52b,SEND,DATA,1003,1060,""
1757.455,sender,69f80f1b-51b5-4827-8b4a-c8c3162cd52b,EMIT,DATA,983,1060,""
1757.507,sender,69f80f1b-51b5-4827-8b4a-c8c3162cd52b,EMIT,DATA,961,1060,""
1757.525,sender,69f80f1b-51b5-4827-8b4a-c8c3162cd52b,RECEIVE,ACK,951,36,""
1757.532,sender,69f80f1b-51b5-4827-8b4a-c8c3162cd52b,EMIT,DATA,989,1060,""
1757.535,sender,69f80f1b-51b5-4827-8b4a-c8c3162cd52b,ACKNOWLEDGED,ACK,951,0,""
1757.540,sender,69f80f1b-51b5-4827-8b4a-c8c3162cd52b,CONFIRM_DATA,ACK,951,1024,"unique file bytes acknowledged"
1757.544,sender,69f80f1b-51b5-4827-8b4a-c8c3162cd52b,EMIT,DATA,965,1060,""
1757.548,sender,69f80f1b-51b5-4827-8b4a-c8c3162cd52b,RTT_SAMPLE,ACK,951,0,"77.944800"
1757.553,sender,69f80f1b-51b5-4827-8b4a-c8c3162cd52b,EMIT,DATA,988,1060,""
1757.560,sender,69f80f1b-51b5-4827-8b4a-c8c3162cd52b,EMIT,DATA,979,1060,""
1757.566,sender,69f80f1b-51b5-4827-8b4a-c8c3162cd52b,RECEIVE,ACK,969,36,""
1757.571,sender,69f80f1b-51b5-4827-8b4a-c8c3162cd52b,EMIT,DATA,977,1060,""
1757.573,sender,69f80f1b-51b5-4827-8b4a-c8c3162cd52b,ACKNOWLEDGED,ACK,969,0,""
1757.578,sender,69f80f1b-51b5-4827-8b4a-c8c3162cd52b,CONFIRM_DATA,ACK,969,1024,"unique file bytes acknowledged"
1757.582,sender,69f80f1b-51b5-4827-8b4a-c8c3162cd52b,EMIT,DATA,978,1060,""
1757.585,sender,69f80f1b-51b5-4827-8b4a-c8c3162cd52b,RTT_SAMPLE,ACK,969,0,"61.920800"
1757.590,sender,69f80f1b-51b5-4827-8b4a-c8c3162cd52b,EMIT,DATA,982,1060,""
1757.596,sender,69f80f1b-51b5-4827-8b4a-c8c3162cd52b,RECEIVE,ACK,954,36,""
1757.600,sender,69f80f1b-51b5-4827-8b4a-c8c3162cd52b,EMIT,DATA,985,1060,""
1757.603,sender,69f80f1b-51b5-4827-8b4a-c8c3162cd52b,ACKNOWLEDGED,ACK,954,0,""
1757.607,sender,69f80f1b-51b5-4827-8b4a-c8c3162cd52b,CONFIRM_DATA,ACK,954,1024,"unique file bytes acknowledged"
1757.611,sender,69f80f1b-51b5-4827-8b4a-c8c3162cd52b,EMIT,DATA,984,1060,""
1757.615,sender,69f80f1b-51b5-4827-8b4a-c8c3162cd52b,RTT_SAMPLE,ACK,954,0,"78.003200"
1757.619,sender,69f80f1b-51b5-4827-8b4a-c8c3162cd52b,EMIT,DATA,987,1060,""
1757.624,sender,69f80f1b-51b5-4827-8b4a-c8c3162cd52b,RECEIVE,ACK,947,36,""
1757.629,sender,69f80f1b-51b5-4827-8b4a-c8c3162cd52b,ACKNOWLEDGED,ACK,947,0,""
1757.633,sender,69f80f1b-51b5-4827-8b4a-c8c3162cd52b,CONFIRM_DATA,ACK,947,1024,"unique file bytes acknowledged"
1757.638,sender,69f80f1b-51b5-4827-8b4a-c8c3162cd52b,RTT_SAMPLE,ACK,947,0,"78.219000"
1757.654,sender,69f80f1b-51b5-4827-8b4a-c8c3162cd52b,RECEIVE,ACK,952,36,""
1757.658,sender,69f80f1b-51b5-4827-8b4a-c8c3162cd52b,ACKNOWLEDGED,ACK,952,0,""
1757.662,sender,69f80f1b-51b5-4827-8b4a-c8c3162cd52b,CONFIRM_DATA,ACK,952,1024,"unique file bytes acknowledged"
1757.667,sender,69f80f1b-51b5-4827-8b4a-c8c3162cd52b,RTT_SAMPLE,ACK,952,0,"78.063800"
1757.676,sender,69f80f1b-51b5-4827-8b4a-c8c3162cd52b,RECEIVE,ACK,940,36,""
1757.681,sender,69f80f1b-51b5-4827-8b4a-c8c3162cd52b,ACKNOWLEDGED,ACK,940,0,""
1757.684,sender,69f80f1b-51b5-4827-8b4a-c8c3162cd52b,CONFIRM_DATA,ACK,940,1024,"unique file bytes acknowledged"
1757.688,sender,69f80f1b-51b5-4827-8b4a-c8c3162cd52b,RTT_SAMPLE,ACK,940,0,"94.136800"
1757.692,sender,69f80f1b-51b5-4827-8b4a-c8c3162cd52b,SEND,DATA,1004,1060,""
1757.696,sender,69f80f1b-51b5-4827-8b4a-c8c3162cd52b,SEND,DATA,1005,1060,""
1772.596,sender,69f80f1b-51b5-4827-8b4a-c8c3162cd52b,EMIT,DATA,980,1060,""
1772.634,sender,69f80f1b-51b5-4827-8b4a-c8c3162cd52b,EMIT,DATA,990,1060,""
1772.642,sender,69f80f1b-51b5-4827-8b4a-c8c3162cd52b,EMIT,DATA,996,1060,""
1772.770,sender,69f80f1b-51b5-4827-8b4a-c8c3162cd52b,RECEIVE,ACK,956,36,""
1772.779,sender,69f80f1b-51b5-4827-8b4a-c8c3162cd52b,ACKNOWLEDGED,ACK,956,0,""
1772.782,sender,69f80f1b-51b5-4827-8b4a-c8c3162cd52b,CONFIRM_DATA,ACK,956,1024,"unique file bytes acknowledged"
1772.787,sender,69f80f1b-51b5-4827-8b4a-c8c3162cd52b,RTT_SAMPLE,ACK,956,0,"93.170900"
1772.798,sender,69f80f1b-51b5-4827-8b4a-c8c3162cd52b,RECEIVE,ACK,960,36,""
1772.801,sender,69f80f1b-51b5-4827-8b4a-c8c3162cd52b,ACKNOWLEDGED,ACK,960,0,""
1772.803,sender,69f80f1b-51b5-4827-8b4a-c8c3162cd52b,CONFIRM_DATA,ACK,960,1024,"unique file bytes acknowledged"
1772.806,sender,69f80f1b-51b5-4827-8b4a-c8c3162cd52b,RTT_SAMPLE,ACK,960,0,"93.164600"
1772.811,sender,69f80f1b-51b5-4827-8b4a-c8c3162cd52b,RECEIVE,ACK,948,36,""
1772.813,sender,69f80f1b-51b5-4827-8b4a-c8c3162cd52b,ACKNOWLEDGED,ACK,948,0,""
1772.816,sender,69f80f1b-51b5-4827-8b4a-c8c3162cd52b,CONFIRM_DATA,ACK,948,1024,"unique file bytes acknowledged"
1772.818,sender,69f80f1b-51b5-4827-8b4a-c8c3162cd52b,RTT_SAMPLE,ACK,948,0,"93.396700"
1772.823,sender,69f80f1b-51b5-4827-8b4a-c8c3162cd52b,RECEIVE,ACK,958,36,""
1772.825,sender,69f80f1b-51b5-4827-8b4a-c8c3162cd52b,ACKNOWLEDGED,ACK,958,0,""
1772.827,sender,69f80f1b-51b5-4827-8b4a-c8c3162cd52b,CONFIRM_DATA,ACK,958,1024,"unique file bytes acknowledged"
1772.830,sender,69f80f1b-51b5-4827-8b4a-c8c3162cd52b,RTT_SAMPLE,ACK,958,0,"93.195500"
1772.835,sender,69f80f1b-51b5-4827-8b4a-c8c3162cd52b,RECEIVE,ACK,944,36,""
1772.838,sender,69f80f1b-51b5-4827-8b4a-c8c3162cd52b,ACKNOWLEDGED,ACK,944,0,""
1772.840,sender,69f80f1b-51b5-4827-8b4a-c8c3162cd52b,CONFIRM_DATA,ACK,944,1024,"unique file bytes acknowledged"
1772.843,sender,69f80f1b-51b5-4827-8b4a-c8c3162cd52b,RTT_SAMPLE,ACK,944,0,"93.434300"
1772.848,sender,69f80f1b-51b5-4827-8b4a-c8c3162cd52b,RECEIVE,ACK,970,36,""
1772.850,sender,69f80f1b-51b5-4827-8b4a-c8c3162cd52b,ACKNOWLEDGED,ACK,970,0,""
1772.852,sender,69f80f1b-51b5-4827-8b4a-c8c3162cd52b,CONFIRM_DATA,ACK,970,1024,"unique file bytes acknowledged"
1772.855,sender,69f80f1b-51b5-4827-8b4a-c8c3162cd52b,RTT_SAMPLE,ACK,970,0,"77.189100"
1772.859,sender,69f80f1b-51b5-4827-8b4a-c8c3162cd52b,RECEIVE,ACK,949,36,""
1772.862,sender,69f80f1b-51b5-4827-8b4a-c8c3162cd52b,ACKNOWLEDGED,ACK,949,0,""
1772.864,sender,69f80f1b-51b5-4827-8b4a-c8c3162cd52b,CONFIRM_DATA,ACK,949,1024,"unique file bytes acknowledged"
1772.867,sender,69f80f1b-51b5-4827-8b4a-c8c3162cd52b,RTT_SAMPLE,ACK,949,0,"93.442000"
1772.872,sender,69f80f1b-51b5-4827-8b4a-c8c3162cd52b,RECEIVE,ACK,957,36,""
1772.874,sender,69f80f1b-51b5-4827-8b4a-c8c3162cd52b,ACKNOWLEDGED,ACK,957,0,""
1772.876,sender,69f80f1b-51b5-4827-8b4a-c8c3162cd52b,CONFIRM_DATA,ACK,957,1024,"unique file bytes acknowledged"
1772.879,sender,69f80f1b-51b5-4827-8b4a-c8c3162cd52b,RTT_SAMPLE,ACK,957,0,"93.261100"
1772.883,sender,69f80f1b-51b5-4827-8b4a-c8c3162cd52b,RECEIVE,ACK,943,36,""
1772.886,sender,69f80f1b-51b5-4827-8b4a-c8c3162cd52b,ACKNOWLEDGED,ACK,943,0,""
1772.888,sender,69f80f1b-51b5-4827-8b4a-c8c3162cd52b,CONFIRM_DATA,ACK,943,1024,"unique file bytes acknowledged"
1772.890,sender,69f80f1b-51b5-4827-8b4a-c8c3162cd52b,RTT_SAMPLE,ACK,943,0,"93.523400"
1772.895,sender,69f80f1b-51b5-4827-8b4a-c8c3162cd52b,RECEIVE,ACK,945,36,""
1772.897,sender,69f80f1b-51b5-4827-8b4a-c8c3162cd52b,ACKNOWLEDGED,ACK,945,0,""
1772.900,sender,69f80f1b-51b5-4827-8b4a-c8c3162cd52b,CONFIRM_DATA,ACK,945,1024,"unique file bytes acknowledged"
1772.902,sender,69f80f1b-51b5-4827-8b4a-c8c3162cd52b,RTT_SAMPLE,ACK,945,0,"93.490200"
1772.907,sender,69f80f1b-51b5-4827-8b4a-c8c3162cd52b,RECEIVE,ACK,976,36,""
1772.909,sender,69f80f1b-51b5-4827-8b4a-c8c3162cd52b,ACKNOWLEDGED,ACK,976,0,""
1772.912,sender,69f80f1b-51b5-4827-8b4a-c8c3162cd52b,CONFIRM_DATA,ACK,976,1024,"unique file bytes acknowledged"
1772.914,sender,69f80f1b-51b5-4827-8b4a-c8c3162cd52b,RTT_SAMPLE,ACK,976,0,"77.188400"
1772.919,sender,69f80f1b-51b5-4827-8b4a-c8c3162cd52b,RECEIVE,ACK,946,36,""
1772.922,sender,69f80f1b-51b5-4827-8b4a-c8c3162cd52b,ACKNOWLEDGED,ACK,946,0,""
1772.924,sender,69f80f1b-51b5-4827-8b4a-c8c3162cd52b,CONFIRM_DATA,ACK,946,1024,"unique file bytes acknowledged"
1772.926,sender,69f80f1b-51b5-4827-8b4a-c8c3162cd52b,RTT_SAMPLE,ACK,946,0,"93.511100"
1772.931,sender,69f80f1b-51b5-4827-8b4a-c8c3162cd52b,RECEIVE,ACK,973,36,""
1772.933,sender,69f80f1b-51b5-4827-8b4a-c8c3162cd52b,ACKNOWLEDGED,ACK,973,0,""
1772.936,sender,69f80f1b-51b5-4827-8b4a-c8c3162cd52b,CONFIRM_DATA,ACK,973,1024,"unique file bytes acknowledged"
1772.938,sender,69f80f1b-51b5-4827-8b4a-c8c3162cd52b,RTT_SAMPLE,ACK,973,0,"77.223900"
1772.943,sender,69f80f1b-51b5-4827-8b4a-c8c3162cd52b,RECEIVE,ACK,950,36,""
1772.945,sender,69f80f1b-51b5-4827-8b4a-c8c3162cd52b,ACKNOWLEDGED,ACK,950,0,""
1772.947,sender,69f80f1b-51b5-4827-8b4a-c8c3162cd52b,CONFIRM_DATA,ACK,950,1024,"unique file bytes acknowledged"
1772.977,sender,69f80f1b-51b5-4827-8b4a-c8c3162cd52b,RTT_SAMPLE,ACK,950,0,"93.548900"
1788.171,sender,69f80f1b-51b5-4827-8b4a-c8c3162cd52b,EMIT,DATA,992,1060,""
1788.240,sender,69f80f1b-51b5-4827-8b4a-c8c3162cd52b,EMIT,DATA,991,1060,""
1788.251,sender,69f80f1b-51b5-4827-8b4a-c8c3162cd52b,EMIT,DATA,998,1060,""
1788.261,sender,69f80f1b-51b5-4827-8b4a-c8c3162cd52b,EMIT,DATA,1000,1060,""
1788.264,sender,69f80f1b-51b5-4827-8b4a-c8c3162cd52b,RECEIVE,ACK,959,36,""
1788.280,sender,69f80f1b-51b5-4827-8b4a-c8c3162cd52b,EMIT,DATA,1002,1060,""
1788.283,sender,69f80f1b-51b5-4827-8b4a-c8c3162cd52b,ACKNOWLEDGED,ACK,959,0,""
1788.287,sender,69f80f1b-51b5-4827-8b4a-c8c3162cd52b,CONFIRM_DATA,ACK,959,1024,"unique file bytes acknowledged"
1788.290,sender,69f80f1b-51b5-4827-8b4a-c8c3162cd52b,EMIT,DATA,994,1060,""
1788.295,sender,69f80f1b-51b5-4827-8b4a-c8c3162cd52b,RTT_SAMPLE,ACK,959,0,"108.652900"
1788.303,sender,69f80f1b-51b5-4827-8b4a-c8c3162cd52b,RECEIVE,ACK,967,36,""
1788.306,sender,69f80f1b-51b5-4827-8b4a-c8c3162cd52b,ACKNOWLEDGED,ACK,967,0,""
1788.309,sender,69f80f1b-51b5-4827-8b4a-c8c3162cd52b,CONFIRM_DATA,ACK,967,1024,"unique file bytes acknowledged"
1788.313,sender,69f80f1b-51b5-4827-8b4a-c8c3162cd52b,RTT_SAMPLE,ACK,967,0,"92.658200"
1788.319,sender,69f80f1b-51b5-4827-8b4a-c8c3162cd52b,RECEIVE,ACK,981,36,""
1788.322,sender,69f80f1b-51b5-4827-8b4a-c8c3162cd52b,ACKNOWLEDGED,ACK,981,0,""
1788.324,sender,69f80f1b-51b5-4827-8b4a-c8c3162cd52b,CONFIRM_DATA,ACK,981,1024,"unique file bytes acknowledged"
1788.328,sender,69f80f1b-51b5-4827-8b4a-c8c3162cd52b,RTT_SAMPLE,ACK,981,0,"77.952700"
1788.334,sender,69f80f1b-51b5-4827-8b4a-c8c3162cd52b,RECEIVE,ACK,968,36,""
1788.336,sender,69f80f1b-51b5-4827-8b4a-c8c3162cd52b,ACKNOWLEDGED,ACK,968,0,""
1788.339,sender,69f80f1b-51b5-4827-8b4a-c8c3162cd52b,CONFIRM_DATA,ACK,968,1024,"unique file bytes acknowledged"
1788.342,sender,69f80f1b-51b5-4827-8b4a-c8c3162cd52b,RTT_SAMPLE,ACK,968,0,"92.684000"
1788.348,sender,69f80f1b-51b5-4827-8b4a-c8c3162cd52b,RECEIVE,ACK,966,36,""
1788.351,sender,69f80f1b-51b5-4827-8b4a-c8c3162cd52b,ACKNOWLEDGED,ACK,966,0,""
1788.354,sender,69f80f1b-51b5-4827-8b4a-c8c3162cd52b,CONFIRM_DATA,ACK,966,1024,"unique file bytes acknowledged"
1788.357,sender,69f80f1b-51b5-4827-8b4a-c8c3162cd52b,RTT_SAMPLE,ACK,966,0,"92.706900"
1788.363,sender,69f80f1b-51b5-4827-8b4a-c8c3162cd52b,RECEIVE,ACK,963,36,""
1788.366,sender,69f80f1b-51b5-4827-8b4a-c8c3162cd52b,ACKNOWLEDGED,ACK,963,0,""
1788.368,sender,69f80f1b-51b5-4827-8b4a-c8c3162cd52b,CONFIRM_DATA,ACK,963,1024,"unique file bytes acknowledged"
1788.372,sender,69f80f1b-51b5-4827-8b4a-c8c3162cd52b,RTT_SAMPLE,ACK,963,0,"92.733100"
1788.377,sender,69f80f1b-51b5-4827-8b4a-c8c3162cd52b,RECEIVE,ACK,942,36,""
1788.380,sender,69f80f1b-51b5-4827-8b4a-c8c3162cd52b,ACKNOWLEDGED,ACK,942,0,""
1788.382,sender,69f80f1b-51b5-4827-8b4a-c8c3162cd52b,CONFIRM_DATA,ACK,942,1024,"unique file bytes acknowledged"
1788.386,sender,69f80f1b-51b5-4827-8b4a-c8c3162cd52b,RTT_SAMPLE,ACK,942,0,"109.025600"
1788.390,sender,69f80f1b-51b5-4827-8b4a-c8c3162cd52b,SEND,DATA,1006,1060,""
1788.396,sender,69f80f1b-51b5-4827-8b4a-c8c3162cd52b,SEND,DATA,1007,1060,""
1788.399,sender,69f80f1b-51b5-4827-8b4a-c8c3162cd52b,SEND,DATA,1008,1060,""
1788.409,sender,69f80f1b-51b5-4827-8b4a-c8c3162cd52b,SEND,DATA,1009,1060,""
1788.412,sender,69f80f1b-51b5-4827-8b4a-c8c3162cd52b,SEND,DATA,1010,1060,""
1788.415,sender,69f80f1b-51b5-4827-8b4a-c8c3162cd52b,SEND,DATA,1011,1060,""
1788.418,sender,69f80f1b-51b5-4827-8b4a-c8c3162cd52b,SEND,DATA,1012,1060,""
1788.421,sender,69f80f1b-51b5-4827-8b4a-c8c3162cd52b,SEND,DATA,1013,1060,""
1788.424,sender,69f80f1b-51b5-4827-8b4a-c8c3162cd52b,SEND,DATA,1014,1060,""
1788.427,sender,69f80f1b-51b5-4827-8b4a-c8c3162cd52b,SEND,DATA,1015,1060,""
1788.430,sender,69f80f1b-51b5-4827-8b4a-c8c3162cd52b,SEND,DATA,1016,1060,""
1788.433,sender,69f80f1b-51b5-4827-8b4a-c8c3162cd52b,SEND,DATA,1017,1060,""
1788.436,sender,69f80f1b-51b5-4827-8b4a-c8c3162cd52b,SEND,DATA,1018,1060,""
1788.439,sender,69f80f1b-51b5-4827-8b4a-c8c3162cd52b,SEND,DATA,1019,1060,""
1788.442,sender,69f80f1b-51b5-4827-8b4a-c8c3162cd52b,SEND,DATA,1020,1060,""
1788.445,sender,69f80f1b-51b5-4827-8b4a-c8c3162cd52b,SEND,DATA,1021,1060,""
1788.448,sender,69f80f1b-51b5-4827-8b4a-c8c3162cd52b,SEND,DATA,1022,1060,""
1788.451,sender,69f80f1b-51b5-4827-8b4a-c8c3162cd52b,SEND,DATA,1023,1060,""
1788.457,sender,69f80f1b-51b5-4827-8b4a-c8c3162cd52b,RECEIVE,ACK,964,36,""
1788.459,sender,69f80f1b-51b5-4827-8b4a-c8c3162cd52b,ACKNOWLEDGED,ACK,964,0,""
1788.462,sender,69f80f1b-51b5-4827-8b4a-c8c3162cd52b,CONFIRM_DATA,ACK,964,1024,"unique file bytes acknowledged"
1788.465,sender,69f80f1b-51b5-4827-8b4a-c8c3162cd52b,RTT_SAMPLE,ACK,964,0,"92.822700"
1788.471,sender,69f80f1b-51b5-4827-8b4a-c8c3162cd52b,RECEIVE,ACK,975,36,""
1788.473,sender,69f80f1b-51b5-4827-8b4a-c8c3162cd52b,ACKNOWLEDGED,ACK,975,0,""
1788.476,sender,69f80f1b-51b5-4827-8b4a-c8c3162cd52b,CONFIRM_DATA,ACK,975,1024,"unique file bytes acknowledged"
1788.479,sender,69f80f1b-51b5-4827-8b4a-c8c3162cd52b,RTT_SAMPLE,ACK,975,0,"92.756900"
1788.485,sender,69f80f1b-51b5-4827-8b4a-c8c3162cd52b,RECEIVE,ACK,989,36,""
1788.487,sender,69f80f1b-51b5-4827-8b4a-c8c3162cd52b,ACKNOWLEDGED,ACK,989,0,""
1788.490,sender,69f80f1b-51b5-4827-8b4a-c8c3162cd52b,CONFIRM_DATA,ACK,989,1024,"unique file bytes acknowledged"
1788.493,sender,69f80f1b-51b5-4827-8b4a-c8c3162cd52b,RTT_SAMPLE,ACK,989,0,"77.999000"
1788.498,sender,69f80f1b-51b5-4827-8b4a-c8c3162cd52b,RECEIVE,ACK,961,36,""
1788.501,sender,69f80f1b-51b5-4827-8b4a-c8c3162cd52b,ACKNOWLEDGED,ACK,961,0,""
1788.504,sender,69f80f1b-51b5-4827-8b4a-c8c3162cd52b,CONFIRM_DATA,ACK,961,1024,"unique file bytes acknowledged"
1788.507,sender,69f80f1b-51b5-4827-8b4a-c8c3162cd52b,RTT_SAMPLE,ACK,961,0,"92.878200"
1804.005,sender,69f80f1b-51b5-4827-8b4a-c8c3162cd52b,EMIT,DATA,993,1060,""
1804.072,sender,69f80f1b-51b5-4827-8b4a-c8c3162cd52b,EMIT,DATA,995,1060,""
1804.097,sender,69f80f1b-51b5-4827-8b4a-c8c3162cd52b,RECEIVE,ACK,984,36,""
1804.110,sender,69f80f1b-51b5-4827-8b4a-c8c3162cd52b,ACKNOWLEDGED,ACK,984,0,""
1804.118,sender,69f80f1b-51b5-4827-8b4a-c8c3162cd52b,CONFIRM_DATA,ACK,984,1024,"unique file bytes acknowledged"
1804.122,sender,69f80f1b-51b5-4827-8b4a-c8c3162cd52b,EMIT,DATA,997,1060,""
1804.131,sender,69f80f1b-51b5-4827-8b4a-c8c3162cd52b,RTT_SAMPLE,ACK,984,0,"93.735500"
1804.141,sender,69f80f1b-51b5-4827-8b4a-c8c3162cd52b,RECEIVE,ACK,986,36,""
1804.144,sender,69f80f1b-51b5-4827-8b4a-c8c3162cd52b,ACKNOWLEDGED,ACK,986,0,""
1804.147,sender,69f80f1b-51b5-4827-8b4a-c8c3162cd52b,CONFIRM_DATA,ACK,986,1024,"unique file bytes acknowledged"
1804.150,sender,69f80f1b-51b5-4827-8b4a-c8c3162cd52b,EMIT,DATA,1004,1060,""
1804.158,sender,69f80f1b-51b5-4827-8b4a-c8c3162cd52b,RTT_SAMPLE,ACK,986,0,"93.757600"
1804.165,sender,69f80f1b-51b5-4827-8b4a-c8c3162cd52b,RECEIVE,ACK,977,36,""
1804.167,sender,69f80f1b-51b5-4827-8b4a-c8c3162cd52b,ACKNOWLEDGED,ACK,977,0,""
1804.170,sender,69f80f1b-51b5-4827-8b4a-c8c3162cd52b,CONFIRM_DATA,ACK,977,1024,"unique file bytes acknowledged"
1804.173,sender,69f80f1b-51b5-4827-8b4a-c8c3162cd52b,RTT_SAMPLE,ACK,977,0,"93.815800"
1804.176,sender,69f80f1b-51b5-4827-8b4a-c8c3162cd52b,EMIT,DATA,1005,1060,""
1804.183,sender,69f80f1b-51b5-4827-8b4a-c8c3162cd52b,RECEIVE,ACK,974,36,""
1804.186,sender,69f80f1b-51b5-4827-8b4a-c8c3162cd52b,ACKNOWLEDGED,ACK,974,0,""
1804.189,sender,69f80f1b-51b5-4827-8b4a-c8c3162cd52b,CONFIRM_DATA,ACK,974,1024,"unique file bytes acknowledged"
1804.192,sender,69f80f1b-51b5-4827-8b4a-c8c3162cd52b,RTT_SAMPLE,ACK,974,0,"108.473500"
1804.198,sender,69f80f1b-51b5-4827-8b4a-c8c3162cd52b,RECEIVE,ACK,972,36,""
1804.201,sender,69f80f1b-51b5-4827-8b4a-c8c3162cd52b,ACKNOWLEDGED,ACK,972,0,""
1804.203,sender,69f80f1b-51b5-4827-8b4a-c8c3162cd52b,CONFIRM_DATA,ACK,972,1024,"unique file bytes acknowledged"
1804.206,sender,69f80f1b-51b5-4827-8b4a-c8c3162cd52b,RTT_SAMPLE,ACK,972,0,"108.495700"
1804.212,sender,69f80f1b-51b5-4827-8b4a-c8c3162cd52b,RECEIVE,ACK,971,36,""
1804.214,sender,69f80f1b-51b5-4827-8b4a-c8c3162cd52b,ACKNOWLEDGED,ACK,971,0,""
1804.243,sender,69f80f1b-51b5-4827-8b4a-c8c3162cd52b,CONFIRM_DATA,ACK,971,1024,"unique file bytes acknowledged"
1804.246,sender,69f80f1b-51b5-4827-8b4a-c8c3162cd52b,RTT_SAMPLE,ACK,971,0,"108.576500"
1804.252,sender,69f80f1b-51b5-4827-8b4a-c8c3162cd52b,RECEIVE,ACK,978,36,""
1804.254,sender,69f80f1b-51b5-4827-8b4a-c8c3162cd52b,ACKNOWLEDGED,ACK,978,0,""
1804.257,sender,69f80f1b-51b5-4827-8b4a-c8c3162cd52b,CONFIRM_DATA,ACK,978,1024,"unique file bytes acknowledged"
1804.260,sender,69f80f1b-51b5-4827-8b4a-c8c3162cd52b,RTT_SAMPLE,ACK,978,0,"93.896700"
1804.265,sender,69f80f1b-51b5-4827-8b4a-c8c3162cd52b,RECEIVE,ACK,982,36,""
1804.268,sender,69f80f1b-51b5-4827-8b4a-c8c3162cd52b,ACKNOWLEDGED,ACK,982,0,""
1804.270,sender,69f80f1b-51b5-4827-8b4a-c8c3162cd52b,CONFIRM_DATA,ACK,982,1024,"unique file bytes acknowledged"
1804.273,sender,69f80f1b-51b5-4827-8b4a-c8c3162cd52b,RTT_SAMPLE,ACK,982,0,"93.895600"
1804.279,sender,69f80f1b-51b5-4827-8b4a-c8c3162cd52b,RECEIVE,ACK,965,36,""
1804.284,sender,69f80f1b-51b5-4827-8b4a-c8c3162cd52b,ACKNOWLEDGED,ACK,965,0,""
1804.287,sender,69f80f1b-51b5-4827-8b4a-c8c3162cd52b,CONFIRM_DATA,ACK,965,1024,"unique file bytes acknowledged"
1804.289,sender,69f80f1b-51b5-4827-8b4a-c8c3162cd52b,RTT_SAMPLE,ACK,965,0,"108.643100"
1804.294,sender,69f80f1b-51b5-4827-8b4a-c8c3162cd52b,RECEIVE,ACK,979,36,""
1804.297,sender,69f80f1b-51b5-4827-8b4a-c8c3162cd52b,ACKNOWLEDGED,ACK,979,0,""
1804.299,sender,69f80f1b-51b5-4827-8b4a-c8c3162cd52b,CONFIRM_DATA,ACK,979,1024,"unique file bytes acknowledged"
1804.301,sender,69f80f1b-51b5-4827-8b4a-c8c3162cd52b,RTT_SAMPLE,ACK,979,0,"93.935600"
1804.306,sender,69f80f1b-51b5-4827-8b4a-c8c3162cd52b,RECEIVE,ACK,983,36,""
1804.308,sender,69f80f1b-51b5-4827-8b4a-c8c3162cd52b,ACKNOWLEDGED,ACK,983,0,""
1804.311,sender,69f80f1b-51b5-4827-8b4a-c8c3162cd52b,CONFIRM_DATA,ACK,983,1024,"unique file bytes acknowledged"
1804.313,sender,69f80f1b-51b5-4827-8b4a-c8c3162cd52b,RTT_SAMPLE,ACK,983,0,"93.932800"
1804.318,sender,69f80f1b-51b5-4827-8b4a-c8c3162cd52b,RECEIVE,ACK,987,36,""
1804.320,sender,69f80f1b-51b5-4827-8b4a-c8c3162cd52b,ACKNOWLEDGED,ACK,987,0,""
1804.322,sender,69f80f1b-51b5-4827-8b4a-c8c3162cd52b,CONFIRM_DATA,ACK,987,1024,"unique file bytes acknowledged"
1804.325,sender,69f80f1b-51b5-4827-8b4a-c8c3162cd52b,RTT_SAMPLE,ACK,987,0,"93.926900"
1819.405,sender,69f80f1b-51b5-4827-8b4a-c8c3162cd52b,EMIT,DATA,1003,1060,""
1819.434,sender,69f80f1b-51b5-4827-8b4a-c8c3162cd52b,RECEIVE,ACK,988,36,""
1819.445,sender,69f80f1b-51b5-4827-8b4a-c8c3162cd52b,ACKNOWLEDGED,ACK,988,0,""
1819.449,sender,69f80f1b-51b5-4827-8b4a-c8c3162cd52b,CONFIRM_DATA,ACK,988,1024,"unique file bytes acknowledged"
1819.454,sender,69f80f1b-51b5-4827-8b4a-c8c3162cd52b,RTT_SAMPLE,ACK,988,0,"108.961900"
1819.458,sender,69f80f1b-51b5-4827-8b4a-c8c3162cd52b,EMIT,DATA,999,1060,""
1819.465,sender,69f80f1b-51b5-4827-8b4a-c8c3162cd52b,RECEIVE,ACK,996,36,""
1819.474,sender,69f80f1b-51b5-4827-8b4a-c8c3162cd52b,ACKNOWLEDGED,ACK,996,0,""
1819.477,sender,69f80f1b-51b5-4827-8b4a-c8c3162cd52b,CONFIRM_DATA,ACK,996,1024,"unique file bytes acknowledged"
1819.481,sender,69f80f1b-51b5-4827-8b4a-c8c3162cd52b,RTT_SAMPLE,ACK,996,0,"77.886500"
1819.484,sender,69f80f1b-51b5-4827-8b4a-c8c3162cd52b,EMIT,DATA,1001,1060,""
1819.490,sender,69f80f1b-51b5-4827-8b4a-c8c3162cd52b,RECEIVE,ACK,985,36,""
1819.493,sender,69f80f1b-51b5-4827-8b4a-c8c3162cd52b,ACKNOWLEDGED,ACK,985,0,""
1819.496,sender,69f80f1b-51b5-4827-8b4a-c8c3162cd52b,CONFIRM_DATA,ACK,985,1024,"unique file bytes acknowledged"
1819.500,sender,69f80f1b-51b5-4827-8b4a-c8c3162cd52b,RTT_SAMPLE,ACK,985,0,"109.110100"
1819.507,sender,69f80f1b-51b5-4827-8b4a-c8c3162cd52b,RECEIVE,ACK,980,36,""
1819.510,sender,69f80f1b-51b5-4827-8b4a-c8c3162cd52b,ACKNOWLEDGED,ACK,980,0,""
1819.513,sender,69f80f1b-51b5-4827-8b4a-c8c3162cd52b,CONFIRM_DATA,ACK,980,1024,"unique file bytes acknowledged"
1819.516,sender,69f80f1b-51b5-4827-8b4a-c8c3162cd52b,RTT_SAMPLE,ACK,980,0,"109.147300"
1819.523,sender,69f80f1b-51b5-4827-8b4a-c8c3162cd52b,RECEIVE,ACK,1000,36,""
1819.526,sender,69f80f1b-51b5-4827-8b4a-c8c3162cd52b,ACKNOWLEDGED,ACK,1000,0,""
1819.529,sender,69f80f1b-51b5-4827-8b4a-c8c3162cd52b,CONFIRM_DATA,ACK,1000,1024,"unique file bytes acknowledged"
1819.532,sender,69f80f1b-51b5-4827-8b4a-c8c3162cd52b,RTT_SAMPLE,ACK,1000,0,"62.107500"
1819.536,sender,69f80f1b-51b5-4827-8b4a-c8c3162cd52b,EMIT,DATA,1006,1060,""
1819.541,sender,69f80f1b-51b5-4827-8b4a-c8c3162cd52b,RECEIVE,ACK,992,36,""
1819.544,sender,69f80f1b-51b5-4827-8b4a-c8c3162cd52b,ACKNOWLEDGED,ACK,992,0,""
1819.552,sender,69f80f1b-51b5-4827-8b4a-c8c3162cd52b,CONFIRM_DATA,ACK,992,1024,"unique file bytes acknowledged"
1819.556,sender,69f80f1b-51b5-4827-8b4a-c8c3162cd52b,RTT_SAMPLE,ACK,992,0,"78.066300"
1819.561,sender,69f80f1b-51b5-4827-8b4a-c8c3162cd52b,RECEIVE,ACK,990,36,""
1819.564,sender,69f80f1b-51b5-4827-8b4a-c8c3162cd52b,ACKNOWLEDGED,ACK,990,0,""
1819.566,sender,69f80f1b-51b5-4827-8b4a-c8c3162cd52b,CONFIRM_DATA,ACK,990,1024,"unique file bytes acknowledged"
1819.569,sender,69f80f1b-51b5-4827-8b4a-c8c3162cd52b,RTT_SAMPLE,ACK,990,0,"78.091500"
1835.069,sender,69f80f1b-51b5-4827-8b4a-c8c3162cd52b,RECEIVE,ACK,991,36,""
1835.086,sender,69f80f1b-51b5-4827-8b4a-c8c3162cd52b,ACKNOWLEDGED,ACK,991,0,""
1835.089,sender,69f80f1b-51b5-4827-8b4a-c8c3162cd52b,CONFIRM_DATA,ACK,991,1024,"unique file bytes acknowledged"
1835.094,sender,69f80f1b-51b5-4827-8b4a-c8c3162cd52b,RTT_SAMPLE,ACK,991,0,"93.608000"
1835.196,sender,69f80f1b-51b5-4827-8b4a-c8c3162cd52b,EMIT,DATA,1020,1060,""
1835.215,sender,69f80f1b-51b5-4827-8b4a-c8c3162cd52b,RECEIVE,ACK,998,36,""
1835.228,sender,69f80f1b-51b5-4827-8b4a-c8c3162cd52b,EMIT,DATA,1013,1060,""
1835.232,sender,69f80f1b-51b5-4827-8b4a-c8c3162cd52b,ACKNOWLEDGED,ACK,998,0,""
1835.238,sender,69f80f1b-51b5-4827-8b4a-c8c3162cd52b,CONFIRM_DATA,ACK,998,1024,"unique file bytes acknowledged"
1835.243,sender,69f80f1b-51b5-4827-8b4a-c8c3162cd52b,EMIT,DATA,1017,1060,""
1835.247,sender,69f80f1b-51b5-4827-8b4a-c8c3162cd52b,RTT_SAMPLE,ACK,998,0,"77.834400"
1835.252,sender,69f80f1b-51b5-4827-8b4a-c8c3162cd52b,EMIT,DATA,1019,1060,""
1835.261,sender,69f80f1b-51b5-4827-8b4a-c8c3162cd52b,EMIT,DATA,1023,1060,""
1835.268,sender,69f80f1b-51b5-4827-8b4a-c8c3162cd52b,RECEIVE,ACK,994,36,""
1835.273,sender,69f80f1b-51b5-4827-8b4a-c8c3162cd52b,EMIT,DATA,1018,1060,""
1835.276,sender,69f80f1b-51b5-4827-8b4a-c8c3162cd52b,ACKNOWLEDGED,ACK,994,0,""
1835.280,sender,69f80f1b-51b5-4827-8b4a-c8c3162cd52b,CONFIRM_DATA,ACK,994,1024,"unique file bytes acknowledged"
1835.284,sender,69f80f1b-51b5-4827-8b4a-c8c3162cd52b,EMIT,DATA,1009,1060,""
1835.289,sender,69f80f1b-51b5-4827-8b4a-c8c3162cd52b,RTT_SAMPLE,ACK,994,0,"93.698800"
1835.293,sender,69f80f1b-51b5-4827-8b4a-c8c3162cd52b,EMIT,DATA,1014,1060,""
1835.302,sender,69f80f1b-51b5-4827-8b4a-c8c3162cd52b,RECEIVE,ACK,993,36,""
1835.314,sender,69f80f1b-51b5-4827-8b4a-c8c3162cd52b,ACKNOWLEDGED,ACK,993,0,""
1835.318,sender,69f80f1b-51b5-4827-8b4a-c8c3162cd52b,CONFIRM_DATA,ACK,993,1024,"unique file bytes acknowledged"
1835.322,sender,69f80f1b-51b5-4827-8b4a-c8c3162cd52b,RTT_SAMPLE,ACK,993,0,"93.740100"
1835.326,sender,69f80f1b-51b5-4827-8b4a-c8c3162cd52b,EMIT,DATA,1015,1060,""
1835.335,sender,69f80f1b-51b5-4827-8b4a-c8c3162cd52b,EMIT,DATA,1007,1060,""
1835.343,sender,69f80f1b-51b5-4827-8b4a-c8c3162cd52b,EMIT,DATA,1021,1060,""
1835.350,sender,69f80f1b-51b5-4827-8b4a-c8c3162cd52b,EMIT,DATA,1010,1060,""
1835.358,sender,69f80f1b-51b5-4827-8b4a-c8c3162cd52b,EMIT,DATA,1012,1060,""
1851.069,sender,69f80f1b-51b5-4827-8b4a-c8c3162cd52b,RECEIVE,ACK,1005,36,""
1851.092,sender,69f80f1b-51b5-4827-8b4a-c8c3162cd52b,ACKNOWLEDGED,ACK,1005,0,""
1851.100,sender,69f80f1b-51b5-4827-8b4a-c8c3162cd52b,CONFIRM_DATA,ACK,1005,1024,"unique file bytes acknowledged"
1851.113,sender,69f80f1b-51b5-4827-8b4a-c8c3162cd52b,RTT_SAMPLE,ACK,1005,0,"93.412500"
1851.132,sender,69f80f1b-51b5-4827-8b4a-c8c3162cd52b,RECEIVE,ACK,997,36,""
1851.139,sender,69f80f1b-51b5-4827-8b4a-c8c3162cd52b,ACKNOWLEDGED,ACK,997,0,""
1851.146,sender,69f80f1b-51b5-4827-8b4a-c8c3162cd52b,CONFIRM_DATA,ACK,997,1024,"unique file bytes acknowledged"
1851.203,sender,69f80f1b-51b5-4827-8b4a-c8c3162cd52b,RTT_SAMPLE,ACK,997,0,"93.799500"
1851.220,sender,69f80f1b-51b5-4827-8b4a-c8c3162cd52b,RECEIVE,ACK,1002,36,""
1851.227,sender,69f80f1b-51b5-4827-8b4a-c8c3162cd52b,ACKNOWLEDGED,ACK,1002,0,""
1851.234,sender,69f80f1b-51b5-4827-8b4a-c8c3162cd52b,CONFIRM_DATA,ACK,1002,1024,"unique file bytes acknowledged"
1851.244,sender,69f80f1b-51b5-4827-8b4a-c8c3162cd52b,RTT_SAMPLE,ACK,1002,0,"93.807500"
1851.259,sender,69f80f1b-51b5-4827-8b4a-c8c3162cd52b,RECEIVE,ACK,995,36,""
1851.267,sender,69f80f1b-51b5-4827-8b4a-c8c3162cd52b,ACKNOWLEDGED,ACK,995,0,""
1851.274,sender,69f80f1b-51b5-4827-8b4a-c8c3162cd52b,CONFIRM_DATA,ACK,995,1024,"unique file bytes acknowledged"
1851.283,sender,69f80f1b-51b5-4827-8b4a-c8c3162cd52b,RTT_SAMPLE,ACK,995,0,"109.691200"
1851.300,sender,69f80f1b-51b5-4827-8b4a-c8c3162cd52b,RECEIVE,ACK,1004,36,""
1851.307,sender,69f80f1b-51b5-4827-8b4a-c8c3162cd52b,ACKNOWLEDGED,ACK,1004,0,""
1851.314,sender,69f80f1b-51b5-4827-8b4a-c8c3162cd52b,CONFIRM_DATA,ACK,1004,1024,"unique file bytes acknowledged"
1851.323,sender,69f80f1b-51b5-4827-8b4a-c8c3162cd52b,RTT_SAMPLE,ACK,1004,0,"93.629000"
1851.656,sender,69f80f1b-51b5-4827-8b4a-c8c3162cd52b,EMIT,DATA,1008,1060,""
1851.677,sender,69f80f1b-51b5-4827-8b4a-c8c3162cd52b,EMIT,DATA,1022,1060,""
1851.687,sender,69f80f1b-51b5-4827-8b4a-c8c3162cd52b,EMIT,DATA,1011,1060,""
1851.697,sender,69f80f1b-51b5-4827-8b4a-c8c3162cd52b,EMIT,DATA,1016,1060,""
1867.274,sender,69f80f1b-51b5-4827-8b4a-c8c3162cd52b,RECEIVE,ACK,1006,36,""
1867.284,sender,69f80f1b-51b5-4827-8b4a-c8c3162cd52b,ACKNOWLEDGED,ACK,1006,0,""
1867.287,sender,69f80f1b-51b5-4827-8b4a-c8c3162cd52b,CONFIRM_DATA,ACK,1006,1024,"unique file bytes acknowledged"
1867.291,sender,69f80f1b-51b5-4827-8b4a-c8c3162cd52b,RTT_SAMPLE,ACK,1006,0,"78.899700"
1867.301,sender,69f80f1b-51b5-4827-8b4a-c8c3162cd52b,RECEIVE,ACK,1003,36,""
1867.303,sender,69f80f1b-51b5-4827-8b4a-c8c3162cd52b,ACKNOWLEDGED,ACK,1003,0,""
1867.305,sender,69f80f1b-51b5-4827-8b4a-c8c3162cd52b,CONFIRM_DATA,ACK,1003,1024,"unique file bytes acknowledged"
1867.308,sender,69f80f1b-51b5-4827-8b4a-c8c3162cd52b,RTT_SAMPLE,ACK,1003,0,"109.869000"
1867.313,sender,69f80f1b-51b5-4827-8b4a-c8c3162cd52b,RECEIVE,ACK,1014,36,""
1867.315,sender,69f80f1b-51b5-4827-8b4a-c8c3162cd52b,ACKNOWLEDGED,ACK,1014,0,""
1867.317,sender,69f80f1b-51b5-4827-8b4a-c8c3162cd52b,CONFIRM_DATA,ACK,1014,1024,"unique file bytes acknowledged"
1867.320,sender,69f80f1b-51b5-4827-8b4a-c8c3162cd52b,RTT_SAMPLE,ACK,1014,0,"78.895900"
1867.325,sender,69f80f1b-51b5-4827-8b4a-c8c3162cd52b,RECEIVE,ACK,1001,36,""
1867.327,sender,69f80f1b-51b5-4827-8b4a-c8c3162cd52b,ACKNOWLEDGED,ACK,1001,0,""
1867.329,sender,69f80f1b-51b5-4827-8b4a-c8c3162cd52b,CONFIRM_DATA,ACK,1001,1024,"unique file bytes acknowledged"
1867.332,sender,69f80f1b-51b5-4827-8b4a-c8c3162cd52b,RTT_SAMPLE,ACK,1001,0,"109.902500"
1867.337,sender,69f80f1b-51b5-4827-8b4a-c8c3162cd52b,RECEIVE,ACK,1017,36,""
1867.339,sender,69f80f1b-51b5-4827-8b4a-c8c3162cd52b,ACKNOWLEDGED,ACK,1017,0,""
1867.341,sender,69f80f1b-51b5-4827-8b4a-c8c3162cd52b,CONFIRM_DATA,ACK,1017,1024,"unique file bytes acknowledged"
1867.344,sender,69f80f1b-51b5-4827-8b4a-c8c3162cd52b,RTT_SAMPLE,ACK,1017,0,"78.910200"
1867.348,sender,69f80f1b-51b5-4827-8b4a-c8c3162cd52b,RECEIVE,ACK,999,36,""
1867.350,sender,69f80f1b-51b5-4827-8b4a-c8c3162cd52b,ACKNOWLEDGED,ACK,999,0,""
1867.353,sender,69f80f1b-51b5-4827-8b4a-c8c3162cd52b,CONFIRM_DATA,ACK,999,1024,"unique file bytes acknowledged"
1867.355,sender,69f80f1b-51b5-4827-8b4a-c8c3162cd52b,RTT_SAMPLE,ACK,999,0,"109.941300"
1881.793,sender,69f80f1b-51b5-4827-8b4a-c8c3162cd52b,RECEIVE,ACK,1007,36,""
1881.805,sender,69f80f1b-51b5-4827-8b4a-c8c3162cd52b,ACKNOWLEDGED,ACK,1007,0,""
1881.808,sender,69f80f1b-51b5-4827-8b4a-c8c3162cd52b,CONFIRM_DATA,ACK,1007,1024,"unique file bytes acknowledged"
1881.812,sender,69f80f1b-51b5-4827-8b4a-c8c3162cd52b,RTT_SAMPLE,ACK,1007,0,"93.415300"
1881.824,sender,69f80f1b-51b5-4827-8b4a-c8c3162cd52b,RECEIVE,ACK,1010,36,""
1881.826,sender,69f80f1b-51b5-4827-8b4a-c8c3162cd52b,ACKNOWLEDGED,ACK,1010,0,""
1881.828,sender,69f80f1b-51b5-4827-8b4a-c8c3162cd52b,CONFIRM_DATA,ACK,1010,1024,"unique file bytes acknowledged"
1881.859,sender,69f80f1b-51b5-4827-8b4a-c8c3162cd52b,RTT_SAMPLE,ACK,1010,0,"93.447000"
1881.864,sender,69f80f1b-51b5-4827-8b4a-c8c3162cd52b,RECEIVE,ACK,1021,36,""
1881.867,sender,69f80f1b-51b5-4827-8b4a-c8c3162cd52b,ACKNOWLEDGED,ACK,1021,0,""
1881.869,sender,69f80f1b-51b5-4827-8b4a-c8c3162cd52b,CONFIRM_DATA,ACK,1021,1024,"unique file bytes acknowledged"
1881.872,sender,69f80f1b-51b5-4827-8b4a-c8c3162cd52b,RTT_SAMPLE,ACK,1021,0,"93.426300"
1881.877,sender,69f80f1b-51b5-4827-8b4a-c8c3162cd52b,RECEIVE,ACK,1023,36,""
1881.880,sender,69f80f1b-51b5-4827-8b4a-c8c3162cd52b,ACKNOWLEDGED,ACK,1023,0,""
1881.882,sender,69f80f1b-51b5-4827-8b4a-c8c3162cd52b,CONFIRM_DATA,ACK,1023,1024,"unique file bytes acknowledged"
1881.885,sender,69f80f1b-51b5-4827-8b4a-c8c3162cd52b,RTT_SAMPLE,ACK,1023,0,"93.433100"
1881.890,sender,69f80f1b-51b5-4827-8b4a-c8c3162cd52b,RECEIVE,ACK,1020,36,""
1881.892,sender,69f80f1b-51b5-4827-8b4a-c8c3162cd52b,ACKNOWLEDGED,ACK,1020,0,""
1881.895,sender,69f80f1b-51b5-4827-8b4a-c8c3162cd52b,CONFIRM_DATA,ACK,1020,1024,"unique file bytes acknowledged"
1881.898,sender,69f80f1b-51b5-4827-8b4a-c8c3162cd52b,RTT_SAMPLE,ACK,1020,0,"93.455200"
1881.902,sender,69f80f1b-51b5-4827-8b4a-c8c3162cd52b,RECEIVE,ACK,1012,36,""
1881.905,sender,69f80f1b-51b5-4827-8b4a-c8c3162cd52b,ACKNOWLEDGED,ACK,1012,0,""
1881.907,sender,69f80f1b-51b5-4827-8b4a-c8c3162cd52b,CONFIRM_DATA,ACK,1012,1024,"unique file bytes acknowledged"
1881.910,sender,69f80f1b-51b5-4827-8b4a-c8c3162cd52b,RTT_SAMPLE,ACK,1012,0,"93.492000"
1881.915,sender,69f80f1b-51b5-4827-8b4a-c8c3162cd52b,RECEIVE,ACK,1009,36,""
1881.917,sender,69f80f1b-51b5-4827-8b4a-c8c3162cd52b,ACKNOWLEDGED,ACK,1009,0,""
1881.920,sender,69f80f1b-51b5-4827-8b4a-c8c3162cd52b,CONFIRM_DATA,ACK,1009,1024,"unique file bytes acknowledged"
1881.922,sender,69f80f1b-51b5-4827-8b4a-c8c3162cd52b,RTT_SAMPLE,ACK,1009,0,"93.518200"
1881.927,sender,69f80f1b-51b5-4827-8b4a-c8c3162cd52b,RECEIVE,ACK,1019,36,""
1881.929,sender,69f80f1b-51b5-4827-8b4a-c8c3162cd52b,ACKNOWLEDGED,ACK,1019,0,""
1881.932,sender,69f80f1b-51b5-4827-8b4a-c8c3162cd52b,CONFIRM_DATA,ACK,1019,1024,"unique file bytes acknowledged"
1881.935,sender,69f80f1b-51b5-4827-8b4a-c8c3162cd52b,RTT_SAMPLE,ACK,1019,0,"93.495400"
1881.940,sender,69f80f1b-51b5-4827-8b4a-c8c3162cd52b,RECEIVE,ACK,1011,36,""
1881.942,sender,69f80f1b-51b5-4827-8b4a-c8c3162cd52b,ACKNOWLEDGED,ACK,1011,0,""
1881.944,sender,69f80f1b-51b5-4827-8b4a-c8c3162cd52b,CONFIRM_DATA,ACK,1011,1024,"unique file bytes acknowledged"
1881.947,sender,69f80f1b-51b5-4827-8b4a-c8c3162cd52b,RTT_SAMPLE,ACK,1011,0,"93.531900"
1881.952,sender,69f80f1b-51b5-4827-8b4a-c8c3162cd52b,RECEIVE,ACK,1016,36,""
1881.954,sender,69f80f1b-51b5-4827-8b4a-c8c3162cd52b,ACKNOWLEDGED,ACK,1016,0,""
1881.956,sender,69f80f1b-51b5-4827-8b4a-c8c3162cd52b,CONFIRM_DATA,ACK,1016,1024,"unique file bytes acknowledged"
1881.959,sender,69f80f1b-51b5-4827-8b4a-c8c3162cd52b,RTT_SAMPLE,ACK,1016,0,"93.529000"
1881.964,sender,69f80f1b-51b5-4827-8b4a-c8c3162cd52b,RECEIVE,ACK,1015,36,""
1881.966,sender,69f80f1b-51b5-4827-8b4a-c8c3162cd52b,ACKNOWLEDGED,ACK,1015,0,""
1881.969,sender,69f80f1b-51b5-4827-8b4a-c8c3162cd52b,CONFIRM_DATA,ACK,1015,1024,"unique file bytes acknowledged"
1881.972,sender,69f80f1b-51b5-4827-8b4a-c8c3162cd52b,RTT_SAMPLE,ACK,1015,0,"93.544200"
1897.985,sender,69f80f1b-51b5-4827-8b4a-c8c3162cd52b,RECEIVE,ACK,1008,36,""
1897.996,sender,69f80f1b-51b5-4827-8b4a-c8c3162cd52b,ACKNOWLEDGED,ACK,1008,0,""
1897.999,sender,69f80f1b-51b5-4827-8b4a-c8c3162cd52b,CONFIRM_DATA,ACK,1008,1024,"unique file bytes acknowledged"
1898.005,sender,69f80f1b-51b5-4827-8b4a-c8c3162cd52b,RTT_SAMPLE,ACK,1008,0,"109.604000"
1898.017,sender,69f80f1b-51b5-4827-8b4a-c8c3162cd52b,RECEIVE,ACK,1013,36,""
1898.020,sender,69f80f1b-51b5-4827-8b4a-c8c3162cd52b,ACKNOWLEDGED,ACK,1013,0,""
1898.022,sender,69f80f1b-51b5-4827-8b4a-c8c3162cd52b,CONFIRM_DATA,ACK,1013,1024,"unique file bytes acknowledged"
1898.058,sender,69f80f1b-51b5-4827-8b4a-c8c3162cd52b,RTT_SAMPLE,ACK,1013,0,"109.636200"
1898.063,sender,69f80f1b-51b5-4827-8b4a-c8c3162cd52b,RECEIVE,ACK,1018,36,""
1898.065,sender,69f80f1b-51b5-4827-8b4a-c8c3162cd52b,ACKNOWLEDGED,ACK,1018,0,""
1898.067,sender,69f80f1b-51b5-4827-8b4a-c8c3162cd52b,CONFIRM_DATA,ACK,1018,1024,"unique file bytes acknowledged"
1898.070,sender,69f80f1b-51b5-4827-8b4a-c8c3162cd52b,RTT_SAMPLE,ACK,1018,0,"109.633700"
1898.075,sender,69f80f1b-51b5-4827-8b4a-c8c3162cd52b,RECEIVE,ACK,1022,36,""
1898.077,sender,69f80f1b-51b5-4827-8b4a-c8c3162cd52b,ACKNOWLEDGED,ACK,1022,0,""
1898.079,sender,69f80f1b-51b5-4827-8b4a-c8c3162cd52b,CONFIRM_DATA,ACK,1022,1024,"unique file bytes acknowledged"
1898.082,sender,69f80f1b-51b5-4827-8b4a-c8c3162cd52b,RTT_SAMPLE,ACK,1022,0,"109.633200"
1902.176,sender,69f80f1b-51b5-4827-8b4a-c8c3162cd52b,SEND,FIN,-1,68,""
1945.173,sender,69f80f1b-51b5-4827-8b4a-c8c3162cd52b,EMIT,FIN,-1,68,""
1990.672,sender,69f80f1b-51b5-4827-8b4a-c8c3162cd52b,RECEIVE,DONE,-1,68,""
1990.705,sender,69f80f1b-51b5-4827-8b4a-c8c3162cd52b,ACKNOWLEDGED,DONE,-1,0,""
1994.455,sender,,STATE,UNKNOWN,-1,0,"COMPLETED"
