elapsed_ms,role,transfer_id,event,type,sequence,bytes,detail
9.128,sender,afd52c65-5ce1-4c35-a594-c7ab9f56a53f,SEND,START,-1,103,""
63.318,sender,afd52c65-5ce1-4c35-a594-c7ab9f56a53f,EMIT,START,-1,103,""
109.145,sender,afd52c65-5ce1-4c35-a594-c7ab9f56a53f,RECEIVE,READY,-1,40,""
109.188,sender,afd52c65-5ce1-4c35-a594-c7ab9f56a53f,ACKNOWLEDGED,READY,-1,0,""
109.194,sender,afd52c65-5ce1-4c35-a594-c7ab9f56a53f,SEND,DATA,0,1060,""
109.210,sender,afd52c65-5ce1-4c35-a594-c7ab9f56a53f,SEND,DATA,1,1060,""
109.214,sender,afd52c65-5ce1-4c35-a594-c7ab9f56a53f,SEND,DATA,2,1060,""
109.217,sender,afd52c65-5ce1-4c35-a594-c7ab9f56a53f,SEND,DATA,3,1060,""
109.220,sender,afd52c65-5ce1-4c35-a594-c7ab9f56a53f,SEND,DATA,4,1060,""
109.223,sender,afd52c65-5ce1-4c35-a594-c7ab9f56a53f,SEND,DATA,5,1060,""
109.226,sender,afd52c65-5ce1-4c35-a594-c7ab9f56a53f,SEND,DATA,6,1060,""
109.229,sender,afd52c65-5ce1-4c35-a594-c7ab9f56a53f,SEND,DATA,7,1060,""
109.232,sender,afd52c65-5ce1-4c35-a594-c7ab9f56a53f,SEND,DATA,8,1060,""
109.235,sender,afd52c65-5ce1-4c35-a594-c7ab9f56a53f,SEND,DATA,9,1060,""
109.238,sender,afd52c65-5ce1-4c35-a594-c7ab9f56a53f,SEND,DATA,10,1060,""
109.241,sender,afd52c65-5ce1-4c35-a594-c7ab9f56a53f,SEND,DATA,11,1060,""
109.260,sender,afd52c65-5ce1-4c35-a594-c7ab9f56a53f,SEND,DATA,12,1060,""
109.263,sender,afd52c65-5ce1-4c35-a594-c7ab9f56a53f,SEND,DATA,13,1060,""
109.278,sender,afd52c65-5ce1-4c35-a594-c7ab9f56a53f,SEND,DATA,14,1060,""
109.280,sender,afd52c65-5ce1-4c35-a594-c7ab9f56a53f,SEND,DATA,15,1060,""
109.283,sender,afd52c65-5ce1-4c35-a594-c7ab9f56a53f,SEND,DATA,16,1060,""
109.287,sender,afd52c65-5ce1-4c35-a594-c7ab9f56a53f,SEND,DATA,17,1060,""
109.290,sender,afd52c65-5ce1-4c35-a594-c7ab9f56a53f,SEND,DATA,18,1060,""
109.292,sender,afd52c65-5ce1-4c35-a594-c7ab9f56a53f,SEND,DATA,19,1060,""
109.295,sender,afd52c65-5ce1-4c35-a594-c7ab9f56a53f,SEND,DATA,20,1060,""
109.298,sender,afd52c65-5ce1-4c35-a594-c7ab9f56a53f,SEND,DATA,21,1060,""
109.301,sender,afd52c65-5ce1-4c35-a594-c7ab9f56a53f,SEND,DATA,22,1060,""
109.303,sender,afd52c65-5ce1-4c35-a594-c7ab9f56a53f,SEND,DATA,23,1060,""
109.312,sender,afd52c65-5ce1-4c35-a594-c7ab9f56a53f,SEND,DATA,24,1060,""
109.314,sender,afd52c65-5ce1-4c35-a594-c7ab9f56a53f,SEND,DATA,25,1060,""
109.317,sender,afd52c65-5ce1-4c35-a594-c7ab9f56a53f,SEND,DATA,26,1060,""
109.319,sender,afd52c65-5ce1-4c35-a594-c7ab9f56a53f,SEND,DATA,27,1060,""
109.322,sender,afd52c65-5ce1-4c35-a594-c7ab9f56a53f,SEND,DATA,28,1060,""
109.325,sender,afd52c65-5ce1-4c35-a594-c7ab9f56a53f,SEND,DATA,29,1060,""
109.327,sender,afd52c65-5ce1-4c35-a594-c7ab9f56a53f,SEND,DATA,30,1060,""
109.330,sender,afd52c65-5ce1-4c35-a594-c7ab9f56a53f,SEND,DATA,31,1060,""
109.332,sender,afd52c65-5ce1-4c35-a594-c7ab9f56a53f,SEND,DATA,32,1060,""
109.335,sender,afd52c65-5ce1-4c35-a594-c7ab9f56a53f,SEND,DATA,33,1060,""
109.338,sender,afd52c65-5ce1-4c35-a594-c7ab9f56a53f,SEND,DATA,34,1060,""
109.340,sender,afd52c65-5ce1-4c35-a594-c7ab9f56a53f,SEND,DATA,35,1060,""
109.344,sender,afd52c65-5ce1-4c35-a594-c7ab9f56a53f,SEND,DATA,36,1060,""
109.346,sender,afd52c65-5ce1-4c35-a594-c7ab9f56a53f,SEND,DATA,37,1060,""
109.349,sender,afd52c65-5ce1-4c35-a594-c7ab9f56a53f,SEND,DATA,38,1060,""
109.351,sender,afd52c65-5ce1-4c35-a594-c7ab9f56a53f,SEND,DATA,39,1060,""
109.353,sender,afd52c65-5ce1-4c35-a594-c7ab9f56a53f,SEND,DATA,40,1060,""
109.356,sender,afd52c65-5ce1-4c35-a594-c7ab9f56a53f,SEND,DATA,41,1060,""
109.358,sender,afd52c65-5ce1-4c35-a594-c7ab9f56a53f,SEND,DATA,42,1060,""
109.387,sender,afd52c65-5ce1-4c35-a594-c7ab9f56a53f,SEND,DATA,43,1060,""
109.389,sender,afd52c65-5ce1-4c35-a594-c7ab9f56a53f,SEND,DATA,44,1060,""
109.392,sender,afd52c65-5ce1-4c35-a594-c7ab9f56a53f,SEND,DATA,45,1060,""
109.394,sender,afd52c65-5ce1-4c35-a594-c7ab9f56a53f,SEND,DATA,46,1060,""
109.397,sender,afd52c65-5ce1-4c35-a594-c7ab9f56a53f,SEND,DATA,47,1060,""
109.407,sender,afd52c65-5ce1-4c35-a594-c7ab9f56a53f,SEND,DATA,48,1060,""
109.410,sender,afd52c65-5ce1-4c35-a594-c7ab9f56a53f,SEND,DATA,49,1060,""
109.413,sender,afd52c65-5ce1-4c35-a594-c7ab9f56a53f,SEND,DATA,50,1060,""
109.415,sender,afd52c65-5ce1-4c35-a594-c7ab9f56a53f,SEND,DATA,51,1060,""
109.418,sender,afd52c65-5ce1-4c35-a594-c7ab9f56a53f,SEND,DATA,52,1060,""
109.420,sender,afd52c65-5ce1-4c35-a594-c7ab9f56a53f,SEND,DATA,53,1060,""
109.423,sender,afd52c65-5ce1-4c35-a594-c7ab9f56a53f,SEND,DATA,54,1060,""
109.425,sender,afd52c65-5ce1-4c35-a594-c7ab9f56a53f,SEND,DATA,55,1060,""
109.428,sender,afd52c65-5ce1-4c35-a594-c7ab9f56a53f,SEND,DATA,56,1060,""
109.431,sender,afd52c65-5ce1-4c35-a594-c7ab9f56a53f,SEND,DATA,57,1060,""
109.433,sender,afd52c65-5ce1-4c35-a594-c7ab9f56a53f,SEND,DATA,58,1060,""
109.436,sender,afd52c65-5ce1-4c35-a594-c7ab9f56a53f,SEND,DATA,59,1060,""
109.438,sender,afd52c65-5ce1-4c35-a594-c7ab9f56a53f,SEND,DATA,60,1060,""
109.441,sender,afd52c65-5ce1-4c35-a594-c7ab9f56a53f,SEND,DATA,61,1060,""
109.443,sender,afd52c65-5ce1-4c35-a594-c7ab9f56a53f,SEND,DATA,62,1060,""
109.446,sender,afd52c65-5ce1-4c35-a594-c7ab9f56a53f,SEND,DATA,63,1060,""
139.595,sender,afd52c65-5ce1-4c35-a594-c7ab9f56a53f,EMIT,DATA,9,1060,""
139.627,sender,afd52c65-5ce1-4c35-a594-c7ab9f56a53f,EMIT,DATA,14,1060,""
139.664,sender,afd52c65-5ce1-4c35-a594-c7ab9f56a53f,EMIT,DATA,54,1060,""
139.674,sender,afd52c65-5ce1-4c35-a594-c7ab9f56a53f,EMIT,DATA,19,1060,""
139.682,sender,afd52c65-5ce1-4c35-a594-c7ab9f56a53f,EMIT,DATA,29,1060,""
139.690,sender,afd52c65-5ce1-4c35-a594-c7ab9f56a53f,EMIT,DATA,36,1060,""
139.699,sender,afd52c65-5ce1-4c35-a594-c7ab9f56a53f,EMIT,DATA,40,1060,""
139.707,sender,afd52c65-5ce1-4c35-a594-c7ab9f56a53f,EMIT,DATA,49,1060,""
139.716,sender,afd52c65-5ce1-4c35-a594-c7ab9f56a53f,EMIT,DATA,24,1060,""
139.725,sender,afd52c65-5ce1-4c35-a594-c7ab9f56a53f,EMIT,DATA,26,1060,""
139.733,sender,afd52c65-5ce1-4c35-a594-c7ab9f56a53f,EMIT,DATA,28,1060,""
139.745,sender,afd52c65-5ce1-4c35-a594-c7ab9f56a53f,EMIT,DATA,47,1060,""
139.752,sender,afd52c65-5ce1-4c35-a594-c7ab9f56a53f,EMIT,DATA,2,1060,""
139.759,sender,afd52c65-5ce1-4c35-a594-c7ab9f56a53f,EMIT,DATA,18,1060,""
139.766,sender,afd52c65-5ce1-4c35-a594-c7ab9f56a53f,EMIT,DATA,42,1060,""
139.773,sender,afd52c65-5ce1-4c35-a594-c7ab9f56a53f,EMIT,DATA,43,1060,""
139.787,sender,afd52c65-5ce1-4c35-a594-c7ab9f56a53f,EMIT,DATA,58,1060,""
139.795,sender,afd52c65-5ce1-4c35-a594-c7ab9f56a53f,EMIT,DATA,16,1060,""
155.535,sender,afd52c65-5ce1-4c35-a594-c7ab9f56a53f,EMIT,DATA,25,1060,""
155.593,sender,afd52c65-5ce1-4c35-a594-c7ab9f56a53f,EMIT,DATA,44,1060,""
155.602,sender,afd52c65-5ce1-4c35-a594-c7ab9f56a53f,EMIT,DATA,63,1060,""
155.611,sender,afd52c65-5ce1-4c35-a594-c7ab9f56a53f,EMIT,DATA,0,1060,""
155.619,sender,afd52c65-5ce1-4c35-a594-c7ab9f56a53f,EMIT,DATA,31,1060,""
155.627,sender,afd52c65-5ce1-4c35-a594-c7ab9f56a53f,EMIT,DATA,34,1060,""
155.639,sender,afd52c65-5ce1-4c35-a594-c7ab9f56a53f,EMIT,DATA,61,1060,""
155.647,sender,afd52c65-5ce1-4c35-a594-c7ab9f56a53f,EMIT,DATA,15,1060,""
155.654,sender,afd52c65-5ce1-4c35-a594-c7ab9f56a53f,EMIT,DATA,45,1060,""
155.662,sender,afd52c65-5ce1-4c35-a594-c7ab9f56a53f,EMIT,DATA,7,1060,""
155.670,sender,afd52c65-5ce1-4c35-a594-c7ab9f56a53f,EMIT,DATA,59,1060,""
155.678,sender,afd52c65-5ce1-4c35-a594-c7ab9f56a53f,EMIT,DATA,60,1060,""
155.688,sender,afd52c65-5ce1-4c35-a594-c7ab9f56a53f,EMIT,DATA,48,1060,""
155.695,sender,afd52c65-5ce1-4c35-a594-c7ab9f56a53f,EMIT,DATA,17,1060,""
155.702,sender,afd52c65-5ce1-4c35-a594-c7ab9f56a53f,EMIT,DATA,50,1060,""
155.709,sender,afd52c65-5ce1-4c35-a594-c7ab9f56a53f,EMIT,DATA,12,1060,""
155.716,sender,afd52c65-5ce1-4c35-a594-c7ab9f56a53f,EMIT,DATA,21,1060,""
155.736,sender,afd52c65-5ce1-4c35-a594-c7ab9f56a53f,EMIT,DATA,32,1060,""
155.745,sender,afd52c65-5ce1-4c35-a594-c7ab9f56a53f,EMIT,DATA,1,1060,""
155.754,sender,afd52c65-5ce1-4c35-a594-c7ab9f56a53f,EMIT,DATA,23,1060,""
155.763,sender,afd52c65-5ce1-4c35-a594-c7ab9f56a53f,EMIT,DATA,41,1060,""
155.771,sender,afd52c65-5ce1-4c35-a594-c7ab9f56a53f,EMIT,DATA,11,1060,""
155.780,sender,afd52c65-5ce1-4c35-a594-c7ab9f56a53f,EMIT,DATA,20,1060,""
155.788,sender,afd52c65-5ce1-4c35-a594-c7ab9f56a53f,EMIT,DATA,39,1060,""
155.803,sender,afd52c65-5ce1-4c35-a594-c7ab9f56a53f,EMIT,DATA,3,1060,""
155.812,sender,afd52c65-5ce1-4c35-a594-c7ab9f56a53f,EMIT,DATA,57,1060,""
155.830,sender,afd52c65-5ce1-4c35-a594-c7ab9f56a53f,EMIT,DATA,5,1060,""
155.839,sender,afd52c65-5ce1-4c35-a594-c7ab9f56a53f,EMIT,DATA,6,1060,""
155.847,sender,afd52c65-5ce1-4c35-a594-c7ab9f56a53f,EMIT,DATA,27,1060,""
155.855,sender,afd52c65-5ce1-4c35-a594-c7ab9f56a53f,EMIT,DATA,38,1060,""
155.864,sender,afd52c65-5ce1-4c35-a594-c7ab9f56a53f,EMIT,DATA,51,1060,""
155.872,sender,afd52c65-5ce1-4c35-a594-c7ab9f56a53f,EMIT,DATA,30,1060,""
155.888,sender,afd52c65-5ce1-4c35-a594-c7ab9f56a53f,EMIT,DATA,35,1060,""
155.899,sender,afd52c65-5ce1-4c35-a594-c7ab9f56a53f,EMIT,DATA,55,1060,""
155.914,sender,afd52c65-5ce1-4c35-a594-c7ab9f56a53f,EMIT,DATA,56,1060,""
155.922,sender,afd52c65-5ce1-4c35-a594-c7ab9f56a53f,EMIT,DATA,62,1060,""
170.625,sender,afd52c65-5ce1-4c35-a594-c7ab9f56a53f,EMIT,DATA,10,1060,""
170.666,sender,afd52c65-5ce1-4c35-a594-c7ab9f56a53f,EMIT,DATA,33,1060,""
170.678,sender,afd52c65-5ce1-4c35-a594-c7ab9f56a53f,EMIT,DATA,37,1060,""
170.687,sender,afd52c65-5ce1-4c35-a594-c7ab9f56a53f,EMIT,DATA,46,1060,""
170.696,sender,afd52c65-5ce1-4c35-a594-c7ab9f56a53f,EMIT,DATA,53,1060,""
170.705,sender,afd52c65-5ce1-4c35-a594-c7ab9f56a53f,EMIT,DATA,22,1060,""
170.713,sender,afd52c65-5ce1-4c35-a594-c7ab9f56a53f,EMIT,DATA,52,1060,""
170.730,sender,afd52c65-5ce1-4c35-a594-c7ab9f56a53f,EMIT,DATA,4,1060,""
170.739,sender,afd52c65-5ce1-4c35-a594-c7ab9f56a53f,EMIT,DATA,8,1060,""
170.748,sender,afd52c65-5ce1-4c35-a594-c7ab9f56a53f,EMIT,DATA,13,1060,""
170.831,sender,afd52c65-5ce1-4c35-a594-c7ab9f56a53f,RECEIVE,ACK,9,36,""
170.843,sender,afd52c65-5ce1-4c35-a594-c7ab9f56a53f,ACKNOWLEDGED,ACK,9,0,""
170.847,sender,afd52c65-5ce1-4c35-a594-c7ab9f56a53f,CONFIRM_DATA,ACK,9,1024,"unique file bytes acknowledged"
170.853,sender,afd52c65-5ce1-4c35-a594-c7ab9f56a53f,RTT_SAMPLE,ACK,9,0,"61.615700"
170.869,sender,afd52c65-5ce1-4c35-a594-c7ab9f56a53f,RECEIVE,ACK,14,36,""
170.873,sender,afd52c65-5ce1-4c35-a594-c7ab9f56a53f,ACKNOWLEDGED,ACK,14,0,""
170.876,sender,afd52c65-5ce1-4c35-a594-c7ab9f56a53f,CONFIRM_DATA,ACK,14,1024,"unique file bytes acknowledged"
170.879,sender,afd52c65-5ce1-4c35-a594-c7ab9f56a53f,RTT_SAMPLE,ACK,14,0,"61.601100"
170.886,sender,afd52c65-5ce1-4c35-a594-c7ab9f56a53f,RECEIVE,ACK,18,36,""
170.889,sender,afd52c65-5ce1-4c35-a594-c7ab9f56a53f,ACKNOWLEDGED,ACK,18,0,""
170.892,sender,afd52c65-5ce1-4c35-a594-c7ab9f56a53f,CONFIRM_DATA,ACK,18,1024,"unique file bytes acknowledged"
170.896,sender,afd52c65-5ce1-4c35-a594-c7ab9f56a53f,RTT_SAMPLE,ACK,18,0,"61.605400"
186.621,sender,afd52c65-5ce1-4c35-a594-c7ab9f56a53f,RECEIVE,ACK,47,36,""
186.634,sender,afd52c65-5ce1-4c35-a594-c7ab9f56a53f,ACKNOWLEDGED,ACK,47,0,""
186.638,sender,afd52c65-5ce1-4c35-a594-c7ab9f56a53f,CONFIRM_DATA,ACK,47,1024,"unique file bytes acknowledged"
186.644,sender,afd52c65-5ce1-4c35-a594-c7ab9f56a53f,RTT_SAMPLE,ACK,47,0,"77.245400"
186.666,sender,afd52c65-5ce1-4c35-a594-c7ab9f56a53f,RECEIVE,ACK,19,36,""
186.669,sender,afd52c65-5ce1-4c35-a594-c7ab9f56a53f,ACKNOWLEDGED,ACK,19,0,""
186.672,sender,afd52c65-5ce1-4c35-a594-c7ab9f56a53f,CONFIRM_DATA,ACK,19,1024,"unique file bytes acknowledged"
186.676,sender,afd52c65-5ce1-4c35-a594-c7ab9f56a53f,RTT_SAMPLE,ACK,19,0,"77.382700"
186.683,sender,afd52c65-5ce1-4c35-a594-c7ab9f56a53f,RECEIVE,ACK,42,36,""
186.686,sender,afd52c65-5ce1-4c35-a594-c7ab9f56a53f,ACKNOWLEDGED,ACK,42,0,""
186.689,sender,afd52c65-5ce1-4c35-a594-c7ab9f56a53f,CONFIRM_DATA,ACK,42,1024,"unique file bytes acknowledged"
186.692,sender,afd52c65-5ce1-4c35-a594-c7ab9f56a53f,RTT_SAMPLE,ACK,42,0,"77.333700"
186.699,sender,afd52c65-5ce1-4c35-a594-c7ab9f56a53f,RECEIVE,ACK,40,36,""
186.702,sender,afd52c65-5ce1-4c35-a594-c7ab9f56a53f,ACKNOWLEDGED,ACK,40,0,""
186.705,sender,afd52c65-5ce1-4c35-a594-c7ab9f56a53f,CONFIRM_DATA,ACK,40,1024,"unique file bytes acknowledged"
186.708,sender,afd52c65-5ce1-4c35-a594-c7ab9f56a53f,RTT_SAMPLE,ACK,40,0,"77.354400"
186.715,sender,afd52c65-5ce1-4c35-a594-c7ab9f56a53f,RECEIVE,ACK,26,36,""
186.718,sender,afd52c65-5ce1-4c35-a594-c7ab9f56a53f,ACKNOWLEDGED,ACK,26,0,""
186.721,sender,afd52c65-5ce1-4c35-a594-c7ab9f56a53f,CONFIRM_DATA,ACK,26,1024,"unique file bytes acknowledged"
186.724,sender,afd52c65-5ce1-4c35-a594-c7ab9f56a53f,RTT_SAMPLE,ACK,26,0,"77.406800"
186.730,sender,afd52c65-5ce1-4c35-a594-c7ab9f56a53f,RECEIVE,ACK,28,36,""
186.733,sender,afd52c65-5ce1-4c35-a594-c7ab9f56a53f,ACKNOWLEDGED,ACK,28,0,""
186.736,sender,afd52c65-5ce1-4c35-a594-c7ab9f56a53f,CONFIRM_DATA,ACK,28,1024,"unique file bytes acknowledged"
186.740,sender,afd52c65-5ce1-4c35-a594-c7ab9f56a53f,RTT_SAMPLE,ACK,28,0,"77.417500"
186.747,sender,afd52c65-5ce1-4c35-a594-c7ab9f56a53f,RECEIVE,ACK,24,36,""
186.750,sender,afd52c65-5ce1-4c35-a594-c7ab9f56a53f,ACKNOWLEDGED,ACK,24,0,""
186.756,sender,afd52c65-5ce1-4c35-a594-c7ab9f56a53f,CONFIRM_DATA,ACK,24,1024,"unique file bytes acknowledged"
186.759,sender,afd52c65-5ce1-4c35-a594-c7ab9f56a53f,RTT_SAMPLE,ACK,24,0,"77.447100"
186.764,sender,afd52c65-5ce1-4c35-a594-c7ab9f56a53f,RECEIVE,ACK,29,36,""
186.767,sender,afd52c65-5ce1-4c35-a594-c7ab9f56a53f,ACKNOWLEDGED,ACK,29,0,""
186.769,sender,afd52c65-5ce1-4c35-a594-c7ab9f56a53f,CONFIRM_DATA,ACK,29,1024,"unique file bytes acknowledged"
186.772,sender,afd52c65-5ce1-4c35-a594-c7ab9f56a53f,RTT_SAMPLE,ACK,29,0,"77.447400"
186.778,sender,afd52c65-5ce1-4c35-a594-c7ab9f56a53f,RECEIVE,ACK,16,36,""
186.781,sender,afd52c65-5ce1-4c35-a594-c7ab9f56a53f,ACKNOWLEDGED,ACK,16,0,""
186.783,sender,afd52c65-5ce1-4c35-a594-c7ab9f56a53f,CONFIRM_DATA,ACK,16,1024,"unique file bytes acknowledged"
186.786,sender,afd52c65-5ce1-4c35-a594-c7ab9f56a53f,RTT_SAMPLE,ACK,16,0,"77.502800"
186.792,sender,afd52c65-5ce1-4c35-a594-c7ab9f56a53f,RECEIVE,ACK,58,36,""
186.794,sender,afd52c65-5ce1-4c35-a594-c7ab9f56a53f,ACKNOWLEDGED,ACK,58,0,""
186.797,sender,afd52c65-5ce1-4c35-a594-c7ab9f56a53f,CONFIRM_DATA,ACK,58,1024,"unique file bytes acknowledged"
186.800,sender,afd52c65-5ce1-4c35-a594-c7ab9f56a53f,RTT_SAMPLE,ACK,58,0,"77.366100"
187.527,sender,afd52c65-5ce1-4c35-a594-c7ab9f56a53f,RECEIVE,ACK,34,36,""
187.550,sender,afd52c65-5ce1-4c35-a594-c7ab9f56a53f,ACKNOWLEDGED,ACK,34,0,""
187.554,sender,afd52c65-5ce1-4c35-a594-c7ab9f56a53f,CONFIRM_DATA,ACK,34,1024,"unique file bytes acknowledged"
187.558,sender,afd52c65-5ce1-4c35-a594-c7ab9f56a53f,RTT_SAMPLE,ACK,34,0,"78.219600"
187.571,sender,afd52c65-5ce1-4c35-a594-c7ab9f56a53f,RECEIVE,ACK,6,36,""
187.578,sender,afd52c65-5ce1-4c35-a594-c7ab9f56a53f,ACKNOWLEDGED,ACK,6,0,""
187.580,sender,afd52c65-5ce1-4c35-a594-c7ab9f56a53f,CONFIRM_DATA,ACK,6,1024,"unique file bytes acknowledged"
187.584,sender,afd52c65-5ce1-4c35-a594-c7ab9f56a53f,RTT_SAMPLE,ACK,6,0,"78.357200"
187.590,sender,afd52c65-5ce1-4c35-a594-c7ab9f56a53f,RECEIVE,ACK,43,36,""
187.592,sender,afd52c65-5ce1-4c35-a594-c7ab9f56a53f,ACKNOWLEDGED,ACK,43,0,""
187.595,sender,afd52c65-5ce1-4c35-a594-c7ab9f56a53f,CONFIRM_DATA,ACK,43,1024,"unique file bytes acknowledged"
187.598,sender,afd52c65-5ce1-4c35-a594-c7ab9f56a53f,RTT_SAMPLE,ACK,43,0,"78.211100"
187.604,sender,afd52c65-5ce1-4c35-a594-c7ab9f56a53f,RECEIVE,ACK,12,36,""
187.606,sender,afd52c65-5ce1-4c35-a594-c7ab9f56a53f,ACKNOWLEDGED,ACK,12,0,""
187.609,sender,afd52c65-5ce1-4c35-a594-c7ab9f56a53f,CONFIRM_DATA,ACK,12,1024,"unique file bytes acknowledged"
187.612,sender,afd52c65-5ce1-4c35-a594-c7ab9f56a53f,RTT_SAMPLE,ACK,12,0,"78.352200"
187.621,sender,afd52c65-5ce1-4c35-a594-c7ab9f56a53f,RECEIVE,ACK,38,36,""
187.623,sender,afd52c65-5ce1-4c35-a594-c7ab9f56a53f,ACKNOWLEDGED,ACK,38,0,""
187.625,sender,afd52c65-5ce1-4c35-a594-c7ab9f56a53f,CONFIRM_DATA,ACK,38,1024,"unique file bytes acknowledged"
187.628,sender,afd52c65-5ce1-4c35-a594-c7ab9f56a53f,RTT_SAMPLE,ACK,38,0,"78.279000"
187.633,sender,afd52c65-5ce1-4c35-a594-c7ab9f56a53f,RECEIVE,ACK,21,36,""
187.636,sender,afd52c65-5ce1-4c35-a594-c7ab9f56a53f,ACKNOWLEDGED,ACK,21,0,""
187.638,sender,afd52c65-5ce1-4c35-a594-c7ab9f56a53f,CONFIRM_DATA,ACK,21,1024,"unique file bytes acknowledged"
187.641,sender,afd52c65-5ce1-4c35-a594-c7ab9f56a53f,RTT_SAMPLE,ACK,21,0,"78.342400"
187.753,sender,afd52c65-5ce1-4c35-a594-c7ab9f56a53f,RECEIVE,ACK,32,36,""
187.757,sender,afd52c65-5ce1-4c35-a594-c7ab9f56a53f,ACKNOWLEDGED,ACK,32,0,""
187.760,sender,afd52c65-5ce1-4c35-a594-c7ab9f56a53f,CONFIRM_DATA,ACK,32,1024,"unique file bytes acknowledged"
187.763,sender,afd52c65-5ce1-4c35-a594-c7ab9f56a53f,RTT_SAMPLE,ACK,32,0,"78.430100"
187.768,sender,afd52c65-5ce1-4c35-a594-c7ab9f56a53f,RECEIVE,ACK,41,36,""
187.771,sender,afd52c65-5ce1-4c35-a594-c7ab9f56a53f,ACKNOWLEDGED,ACK,41,0,""
187.773,sender,afd52c65-5ce1-4c35-a594-c7ab9f56a53f,CONFIRM_DATA,ACK,41,1024,"unique file bytes acknowledged"
187.776,sender,afd52c65-5ce1-4c35-a594-c7ab9f56a53f,RTT_SAMPLE,ACK,41,0,"78.420200"
187.782,sender,afd52c65-5ce1-4c35-a594-c7ab9f56a53f,RECEIVE,ACK,56,36,""
187.784,sender,afd52c65-5ce1-4c35-a594-c7ab9f56a53f,ACKNOWLEDGED,ACK,56,0,""
187.787,sender,afd52c65-5ce1-4c35-a594-c7ab9f56a53f,CONFIRM_DATA,ACK,56,1024,"unique file bytes acknowledged"
187.801,sender,afd52c65-5ce1-4c35-a594-c7ab9f56a53f,RTT_SAMPLE,ACK,56,0,"78.373200"
187.807,sender,afd52c65-5ce1-4c35-a594-c7ab9f56a53f,RECEIVE,ACK,39,36,""
187.810,sender,afd52c65-5ce1-4c35-a594-c7ab9f56a53f,ACKNOWLEDGED,ACK,39,0,""
187.812,sender,afd52c65-5ce1-4c35-a594-c7ab9f56a53f,CONFIRM_DATA,ACK,39,1024,"unique file bytes acknowledged"
187.815,sender,afd52c65-5ce1-4c35-a594-c7ab9f56a53f,RTT_SAMPLE,ACK,39,0,"78.463900"
187.821,sender,afd52c65-5ce1-4c35-a594-c7ab9f56a53f,RECEIVE,ACK,36,36,""
187.824,sender,afd52c65-5ce1-4c35-a594-c7ab9f56a53f,ACKNOWLEDGED,ACK,36,0,""
187.826,sender,afd52c65-5ce1-4c35-a594-c7ab9f56a53f,CONFIRM_DATA,ACK,36,1024,"unique file bytes acknowledged"
187.830,sender,afd52c65-5ce1-4c35-a594-c7ab9f56a53f,RTT_SAMPLE,ACK,36,0,"78.485300"
187.835,sender,afd52c65-5ce1-4c35-a594-c7ab9f56a53f,RECEIVE,ACK,63,36,""
187.838,sender,afd52c65-5ce1-4c35-a594-c7ab9f56a53f,ACKNOWLEDGED,ACK,63,0,""
187.841,sender,afd52c65-5ce1-4c35-a594-c7ab9f56a53f,CONFIRM_DATA,ACK,63,1024,"unique file bytes acknowledged"
187.844,sender,afd52c65-5ce1-4c35-a594-c7ab9f56a53f,RTT_SAMPLE,ACK,63,0,"78.397200"
187.849,sender,afd52c65-5ce1-4c35-a594-c7ab9f56a53f,RECEIVE,ACK,54,36,""
187.852,sender,afd52c65-5ce1-4c35-a594-c7ab9f56a53f,ACKNOWLEDGED,ACK,54,0,""
187.854,sender,afd52c65-5ce1-4c35-a594-c7ab9f56a53f,CONFIRM_DATA,ACK,54,1024,"unique file bytes acknowledged"
187.858,sender,afd52c65-5ce1-4c35-a594-c7ab9f56a53f,RTT_SAMPLE,ACK,54,0,"78.434700"
187.863,sender,afd52c65-5ce1-4c35-a594-c7ab9f56a53f,RECEIVE,ACK,17,36,""
187.866,sender,afd52c65-5ce1-4c35-a594-c7ab9f56a53f,ACKNOWLEDGED,ACK,17,0,""
187.880,sender,afd52c65-5ce1-4c35-a594-c7ab9f56a53f,CONFIRM_DATA,ACK,17,1024,"unique file bytes acknowledged"
187.883,sender,afd52c65-5ce1-4c35-a594-c7ab9f56a53f,RTT_SAMPLE,ACK,17,0,"78.595600"
202.701,sender,afd52c65-5ce1-4c35-a594-c7ab9f56a53f,RECEIVE,ACK,49,36,""
202.735,sender,afd52c65-5ce1-4c35-a594-c7ab9f56a53f,ACKNOWLEDGED,ACK,49,0,""
202.745,sender,afd52c65-5ce1-4c35-a594-c7ab9f56a53f,CONFIRM_DATA,ACK,49,1024,"unique file bytes acknowledged"
202.878,sender,afd52c65-5ce1-4c35-a594-c7ab9f56a53f,RTT_SAMPLE,ACK,49,0,"93.465300"
202.904,sender,afd52c65-5ce1-4c35-a594-c7ab9f56a53f,RECEIVE,ACK,5,36,""
202.908,sender,afd52c65-5ce1-4c35-a594-c7ab9f56a53f,ACKNOWLEDGED,ACK,5,0,""
202.911,sender,afd52c65-5ce1-4c35-a594-c7ab9f56a53f,CONFIRM_DATA,ACK,5,1024,"unique file bytes acknowledged"
202.915,sender,afd52c65-5ce1-4c35-a594-c7ab9f56a53f,RTT_SAMPLE,ACK,5,0,"93.691100"
202.922,sender,afd52c65-5ce1-4c35-a594-c7ab9f56a53f,RECEIVE,ACK,30,36,""
202.925,sender,afd52c65-5ce1-4c35-a594-c7ab9f56a53f,ACKNOWLEDGED,ACK,30,0,""
202.927,sender,afd52c65-5ce1-4c35-a594-c7ab9f56a53f,CONFIRM_DATA,ACK,30,1024,"unique file bytes acknowledged"
202.931,sender,afd52c65-5ce1-4c35-a594-c7ab9f56a53f,RTT_SAMPLE,ACK,30,0,"93.603100"
202.941,sender,afd52c65-5ce1-4c35-a594-c7ab9f56a53f,RECEIVE,ACK,2,36,""
202.943,sender,afd52c65-5ce1-4c35-a594-c7ab9f56a53f,ACKNOWLEDGED,ACK,2,0,""
202.945,sender,afd52c65-5ce1-4c35-a594-c7ab9f56a53f,CONFIRM_DATA,ACK,2,1024,"unique file bytes acknowledged"
202.948,sender,afd52c65-5ce1-4c35-a594-c7ab9f56a53f,RTT_SAMPLE,ACK,2,0,"93.734200"
202.954,sender,afd52c65-5ce1-4c35-a594-c7ab9f56a53f,RECEIVE,ACK,23,36,""
202.957,sender,afd52c65-5ce1-4c35-a594-c7ab9f56a53f,ACKNOWLEDGED,ACK,23,0,""
202.959,sender,afd52c65-5ce1-4c35-a594-c7ab9f56a53f,CONFIRM_DATA,ACK,23,1024,"unique file bytes acknowledged"
202.962,sender,afd52c65-5ce1-4c35-a594-c7ab9f56a53f,RTT_SAMPLE,ACK,23,0,"93.658200"
202.967,sender,afd52c65-5ce1-4c35-a594-c7ab9f56a53f,RECEIVE,ACK,55,36,""
202.970,sender,afd52c65-5ce1-4c35-a594-c7ab9f56a53f,ACKNOWLEDGED,ACK,55,0,""
202.972,sender,afd52c65-5ce1-4c35-a594-c7ab9f56a53f,CONFIRM_DATA,ACK,55,1024,"unique file bytes acknowledged"
202.975,sender,afd52c65-5ce1-4c35-a594-c7ab9f56a53f,RTT_SAMPLE,ACK,55,0,"93.549500"
202.980,sender,afd52c65-5ce1-4c35-a594-c7ab9f56a53f,RECEIVE,ACK,48,36,""
202.983,sender,afd52c65-5ce1-4c35-a594-c7ab9f56a53f,ACKNOWLEDGED,ACK,48,0,""
202.985,sender,afd52c65-5ce1-4c35-a594-c7ab9f56a53f,CONFIRM_DATA,ACK,48,1024,"unique file bytes acknowledged"
202.988,sender,afd52c65-5ce1-4c35-a594-c7ab9f56a53f,RTT_SAMPLE,ACK,48,0,"93.580500"
202.994,sender,afd52c65-5ce1-4c35-a594-c7ab9f56a53f,RECEIVE,ACK,50,36,""
202.996,sender,afd52c65-5ce1-4c35-a594-c7ab9f56a53f,ACKNOWLEDGED,ACK,50,0,""
203.011,sender,afd52c65-5ce1-4c35-a594-c7ab9f56a53f,CONFIRM_DATA,ACK,50,1024,"unique file bytes acknowledged"
203.014,sender,afd52c65-5ce1-4c35-a594-c7ab9f56a53f,RTT_SAMPLE,ACK,50,0,"93.600900"
203.019,sender,afd52c65-5ce1-4c35-a594-c7ab9f56a53f,RECEIVE,ACK,25,36,""
203.022,sender,afd52c65-5ce1-4c35-a594-c7ab9f56a53f,ACKNOWLEDGED,ACK,25,0,""
203.024,sender,afd52c65-5ce1-4c35-a594-c7ab9f56a53f,CONFIRM_DATA,ACK,25,1024,"unique file bytes acknowledged"
203.027,sender,afd52c65-5ce1-4c35-a594-c7ab9f56a53f,RTT_SAMPLE,ACK,25,0,"93.712900"
203.033,sender,afd52c65-5ce1-4c35-a594-c7ab9f56a53f,RECEIVE,ACK,60,36,""
203.035,sender,afd52c65-5ce1-4c35-a594-c7ab9f56a53f,ACKNOWLEDGED,ACK,60,0,""
203.038,sender,afd52c65-5ce1-4c35-a594-c7ab9f56a53f,CONFIRM_DATA,ACK,60,1024,"unique file bytes acknowledged"
203.041,sender,afd52c65-5ce1-4c35-a594-c7ab9f56a53f,RTT_SAMPLE,ACK,60,0,"93.602400"
203.047,sender,afd52c65-5ce1-4c35-a594-c7ab9f56a53f,RECEIVE,ACK,51,36,""
203.049,sender,afd52c65-5ce1-4c35-a594-c7ab9f56a53f,ACKNOWLEDGED,ACK,51,0,""
203.052,sender,afd52c65-5ce1-4c35-a594-c7ab9f56a53f,CONFIRM_DATA,ACK,51,1024,"unique file bytes acknowledged"
203.055,sender,afd52c65-5ce1-4c35-a594-c7ab9f56a53f,RTT_SAMPLE,ACK,51,0,"93.638900"
203.060,sender,afd52c65-5ce1-4c35-a594-c7ab9f56a53f,RECEIVE,ACK,57,36,""
203.063,sender,afd52c65-5ce1-4c35-a594-c7ab9f56a53f,ACKNOWLEDGED,ACK,57,0,""
203.065,sender,afd52c65-5ce1-4c35-a594-c7ab9f56a53f,CONFIRM_DATA,ACK,57,1024,"unique file bytes acknowledged"
203.069,sender,afd52c65-5ce1-4c35-a594-c7ab9f56a53f,RTT_SAMPLE,ACK,57,0,"93.637800"
203.074,sender,afd52c65-5ce1-4c35-a594-c7ab9f56a53f,RECEIVE,ACK,1,36,""
203.077,sender,afd52c65-5ce1-4c35-a594-c7ab9f56a53f,ACKNOWLEDGED,ACK,1,0,""
203.079,sender,afd52c65-5ce1-4c35-a594-c7ab9f56a53f,CONFIRM_DATA,ACK,1,1024,"unique file bytes acknowledged"
203.082,sender,afd52c65-5ce1-4c35-a594-c7ab9f56a53f,RTT_SAMPLE,ACK,1,0,"93.872000"
203.091,sender,afd52c65-5ce1-4c35-a594-c7ab9f56a53f,RECEIVE,ACK,3,36,""
203.093,sender,afd52c65-5ce1-4c35-a594-c7ab9f56a53f,ACKNOWLEDGED,ACK,3,0,""
203.096,sender,afd52c65-5ce1-4c35-a594-c7ab9f56a53f,CONFIRM_DATA,ACK,3,1024,"unique file bytes acknowledged"
203.099,sender,afd52c65-5ce1-4c35-a594-c7ab9f56a53f,RTT_SAMPLE,ACK,3,0,"93.881300"
203.104,sender,afd52c65-5ce1-4c35-a594-c7ab9f56a53f,RECEIVE,ACK,44,36,""
203.106,sender,afd52c65-5ce1-4c35-a594-c7ab9f56a53f,ACKNOWLEDGED,ACK,44,0,""
203.109,sender,afd52c65-5ce1-4c35-a594-c7ab9f56a53f,CONFIRM_DATA,ACK,44,1024,"unique file bytes acknowledged"
203.112,sender,afd52c65-5ce1-4c35-a594-c7ab9f56a53f,RTT_SAMPLE,ACK,44,0,"93.722200"
203.117,sender,afd52c65-5ce1-4c35-a594-c7ab9f56a53f,RECEIVE,ACK,27,36,""
203.119,sender,afd52c65-5ce1-4c35-a594-c7ab9f56a53f,ACKNOWLEDGED,ACK,27,0,""
203.121,sender,afd52c65-5ce1-4c35-a594-c7ab9f56a53f,CONFIRM_DATA,ACK,27,1024,"unique file bytes acknowledged"
203.204,sender,afd52c65-5ce1-4c35-a594-c7ab9f56a53f,RTT_SAMPLE,ACK,27,0,"93.884200"
203.211,sender,afd52c65-5ce1-4c35-a594-c7ab9f56a53f,RECEIVE,ACK,20,36,""
203.214,sender,afd52c65-5ce1-4c35-a594-c7ab9f56a53f,ACKNOWLEDGED,ACK,20,0,""
203.217,sender,afd52c65-5ce1-4c35-a594-c7ab9f56a53f,CONFIRM_DATA,ACK,20,1024,"unique file bytes acknowledged"
203.220,sender,afd52c65-5ce1-4c35-a594-c7ab9f56a53f,RTT_SAMPLE,ACK,20,0,"93.924000"
203.225,sender,afd52c65-5ce1-4c35-a594-c7ab9f56a53f,RECEIVE,ACK,62,36,""
203.227,sender,afd52c65-5ce1-4c35-a594-c7ab9f56a53f,ACKNOWLEDGED,ACK,62,0,""
203.230,sender,afd52c65-5ce1-4c35-a594-c7ab9f56a53f,CONFIRM_DATA,ACK,62,1024,"unique file bytes acknowledged"
203.233,sender,afd52c65-5ce1-4c35-a594-c7ab9f56a53f,RTT_SAMPLE,ACK,62,0,"93.789300"
203.238,sender,afd52c65-5ce1-4c35-a594-c7ab9f56a53f,RECEIVE,ACK,45,36,""
203.241,sender,afd52c65-5ce1-4c35-a594-c7ab9f56a53f,ACKNOWLEDGED,ACK,45,0,""
203.243,sender,afd52c65-5ce1-4c35-a594-c7ab9f56a53f,CONFIRM_DATA,ACK,45,1024,"unique file bytes acknowledged"
203.247,sender,afd52c65-5ce1-4c35-a594-c7ab9f56a53f,RTT_SAMPLE,ACK,45,0,"93.854400"
203.252,sender,afd52c65-5ce1-4c35-a594-c7ab9f56a53f,RECEIVE,ACK,4,36,""
203.255,sender,afd52c65-5ce1-4c35-a594-c7ab9f56a53f,ACKNOWLEDGED,ACK,4,0,""
203.257,sender,afd52c65-5ce1-4c35-a594-c7ab9f56a53f,CONFIRM_DATA,ACK,4,1024,"unique file bytes acknowledged"
203.260,sender,afd52c65-5ce1-4c35-a594-c7ab9f56a53f,RTT_SAMPLE,ACK,4,0,"94.039400"
203.265,sender,afd52c65-5ce1-4c35-a594-c7ab9f56a53f,RECEIVE,ACK,31,36,""
203.268,sender,afd52c65-5ce1-4c35-a594-c7ab9f56a53f,ACKNOWLEDGED,ACK,31,0,""
203.270,sender,afd52c65-5ce1-4c35-a594-c7ab9f56a53f,CONFIRM_DATA,ACK,31,1024,"unique file bytes acknowledged"
203.273,sender,afd52c65-5ce1-4c35-a594-c7ab9f56a53f,RTT_SAMPLE,ACK,31,0,"93.943000"
203.284,sender,afd52c65-5ce1-4c35-a594-c7ab9f56a53f,RECEIVE,ACK,53,36,""
203.287,sender,afd52c65-5ce1-4c35-a594-c7ab9f56a53f,ACKNOWLEDGED,ACK,53,0,""
203.289,sender,afd52c65-5ce1-4c35-a594-c7ab9f56a53f,CONFIRM_DATA,ACK,53,1024,"unique file bytes acknowledged"
203.292,sender,afd52c65-5ce1-4c35-a594-c7ab9f56a53f,RTT_SAMPLE,ACK,53,0,"93.871400"
203.297,sender,afd52c65-5ce1-4c35-a594-c7ab9f56a53f,RECEIVE,ACK,8,36,""
203.299,sender,afd52c65-5ce1-4c35-a594-c7ab9f56a53f,ACKNOWLEDGED,ACK,8,0,""
203.302,sender,afd52c65-5ce1-4c35-a594-c7ab9f56a53f,CONFIRM_DATA,ACK,8,1024,"unique file bytes acknowledged"
203.305,sender,afd52c65-5ce1-4c35-a594-c7ab9f56a53f,RTT_SAMPLE,ACK,8,0,"94.072400"
203.310,sender,afd52c65-5ce1-4c35-a594-c7ab9f56a53f,RECEIVE,ACK,0,36,""
203.312,sender,afd52c65-5ce1-4c35-a594-c7ab9f56a53f,ACKNOWLEDGED,ACK,0,0,""
203.318,sender,afd52c65-5ce1-4c35-a594-c7ab9f56a53f,CONFIRM_DATA,ACK,0,1024,"unique file bytes acknowledged"
203.321,sender,afd52c65-5ce1-4c35-a594-c7ab9f56a53f,RTT_SAMPLE,ACK,0,0,"94.126500"
203.324,sender,afd52c65-5ce1-4c35-a594-c7ab9f56a53f,SEND,DATA,64,1060,""
203.339,sender,afd52c65-5ce1-4c35-a594-c7ab9f56a53f,SEND,DATA,65,1060,""
203.342,sender,afd52c65-5ce1-4c35-a594-c7ab9f56a53f,SEND,DATA,66,1060,""
203.345,sender,afd52c65-5ce1-4c35-a594-c7ab9f56a53f,SEND,DATA,67,1060,""
203.360,sender,afd52c65-5ce1-4c35-a594-c7ab9f56a53f,SEND,DATA,68,1060,""
203.363,sender,afd52c65-5ce1-4c35-a594-c7ab9f56a53f,SEND,DATA,69,1060,""
203.366,sender,afd52c65-5ce1-4c35-a594-c7ab9f56a53f,SEND,DATA,70,1060,""
203.371,sender,afd52c65-5ce1-4c35-a594-c7ab9f56a53f,RECEIVE,ACK,15,36,""
203.374,sender,afd52c65-5ce1-4c35-a594-c7ab9f56a53f,ACKNOWLEDGED,ACK,15,0,""
203.376,sender,afd52c65-5ce1-4c35-a594-c7ab9f56a53f,CONFIRM_DATA,ACK,15,1024,"unique file bytes acknowledged"
203.379,sender,afd52c65-5ce1-4c35-a594-c7ab9f56a53f,RTT_SAMPLE,ACK,15,0,"94.098800"
203.384,sender,afd52c65-5ce1-4c35-a594-c7ab9f56a53f,RECEIVE,ACK,11,36,""
203.387,sender,afd52c65-5ce1-4c35-a594-c7ab9f56a53f,ACKNOWLEDGED,ACK,11,0,""
203.389,sender,afd52c65-5ce1-4c35-a594-c7ab9f56a53f,CONFIRM_DATA,ACK,11,1024,"unique file bytes acknowledged"
203.392,sender,afd52c65-5ce1-4c35-a594-c7ab9f56a53f,RTT_SAMPLE,ACK,11,0,"94.151000"
217.894,sender,afd52c65-5ce1-4c35-a594-c7ab9f56a53f,RECEIVE,ACK,59,36,""
217.924,sender,afd52c65-5ce1-4c35-a594-c7ab9f56a53f,ACKNOWLEDGED,ACK,59,0,""
217.937,sender,afd52c65-5ce1-4c35-a594-c7ab9f56a53f,CONFIRM_DATA,ACK,59,1024,"unique file bytes acknowledged"
217.947,sender,afd52c65-5ce1-4c35-a594-c7ab9f56a53f,RTT_SAMPLE,ACK,59,0,"108.507800"
217.969,sender,afd52c65-5ce1-4c35-a594-c7ab9f56a53f,RECEIVE,ACK,7,36,""
217.974,sender,afd52c65-5ce1-4c35-a594-c7ab9f56a53f,ACKNOWLEDGED,ACK,7,0,""
217.978,sender,afd52c65-5ce1-4c35-a594-c7ab9f56a53f,CONFIRM_DATA,ACK,7,1024,"unique file bytes acknowledged"
217.983,sender,afd52c65-5ce1-4c35-a594-c7ab9f56a53f,RTT_SAMPLE,ACK,7,0,"108.753400"
217.988,sender,afd52c65-5ce1-4c35-a594-c7ab9f56a53f,SEND,DATA,71,1060,""
217.996,sender,afd52c65-5ce1-4c35-a594-c7ab9f56a53f,SEND,DATA,72,1060,""
218.001,sender,afd52c65-5ce1-4c35-a594-c7ab9f56a53f,SEND,DATA,73,1060,""
218.012,sender,afd52c65-5ce1-4c35-a594-c7ab9f56a53f,RECEIVE,ACK,61,36,""
218.017,sender,afd52c65-5ce1-4c35-a594-c7ab9f56a53f,ACKNOWLEDGED,ACK,61,0,""
218.021,sender,afd52c65-5ce1-4c35-a594-c7ab9f56a53f,CONFIRM_DATA,ACK,61,1024,"unique file bytes acknowledged"
218.025,sender,afd52c65-5ce1-4c35-a594-c7ab9f56a53f,RTT_SAMPLE,ACK,61,0,"108.583900"
218.035,sender,afd52c65-5ce1-4c35-a594-c7ab9f56a53f,RECEIVE,ACK,52,36,""
218.040,sender,afd52c65-5ce1-4c35-a594-c7ab9f56a53f,ACKNOWLEDGED,ACK,52,0,""
218.044,sender,afd52c65-5ce1-4c35-a594-c7ab9f56a53f,CONFIRM_DATA,ACK,52,1024,"unique file bytes acknowledged"
218.048,sender,afd52c65-5ce1-4c35-a594-c7ab9f56a53f,RTT_SAMPLE,ACK,52,0,"108.629900"
218.058,sender,afd52c65-5ce1-4c35-a594-c7ab9f56a53f,RECEIVE,ACK,35,36,""
218.063,sender,afd52c65-5ce1-4c35-a594-c7ab9f56a53f,ACKNOWLEDGED,ACK,35,0,""
218.066,sender,afd52c65-5ce1-4c35-a594-c7ab9f56a53f,CONFIRM_DATA,ACK,35,1024,"unique file bytes acknowledged"
218.071,sender,afd52c65-5ce1-4c35-a594-c7ab9f56a53f,RTT_SAMPLE,ACK,35,0,"108.730000"
218.080,sender,afd52c65-5ce1-4c35-a594-c7ab9f56a53f,RECEIVE,ACK,37,36,""
218.085,sender,afd52c65-5ce1-4c35-a594-c7ab9f56a53f,ACKNOWLEDGED,ACK,37,0,""
218.089,sender,afd52c65-5ce1-4c35-a594-c7ab9f56a53f,CONFIRM_DATA,ACK,37,1024,"unique file bytes acknowledged"
218.093,sender,afd52c65-5ce1-4c35-a594-c7ab9f56a53f,RTT_SAMPLE,ACK,37,0,"108.746000"
218.102,sender,afd52c65-5ce1-4c35-a594-c7ab9f56a53f,RECEIVE,ACK,33,36,""
218.107,sender,afd52c65-5ce1-4c35-a594-c7ab9f56a53f,ACKNOWLEDGED,ACK,33,0,""
218.111,sender,afd52c65-5ce1-4c35-a594-c7ab9f56a53f,CONFIRM_DATA,ACK,33,1024,"unique file bytes acknowledged"
218.115,sender,afd52c65-5ce1-4c35-a594-c7ab9f56a53f,RTT_SAMPLE,ACK,33,0,"108.779600"
218.124,sender,afd52c65-5ce1-4c35-a594-c7ab9f56a53f,RECEIVE,ACK,10,36,""
218.129,sender,afd52c65-5ce1-4c35-a594-c7ab9f56a53f,ACKNOWLEDGED,ACK,10,0,""
218.133,sender,afd52c65-5ce1-4c35-a594-c7ab9f56a53f,CONFIRM_DATA,ACK,10,1024,"unique file bytes acknowledged"
218.137,sender,afd52c65-5ce1-4c35-a594-c7ab9f56a53f,RTT_SAMPLE,ACK,10,0,"108.899000"
218.141,sender,afd52c65-5ce1-4c35-a594-c7ab9f56a53f,SEND,DATA,74,1060,""
218.146,sender,afd52c65-5ce1-4c35-a594-c7ab9f56a53f,SEND,DATA,75,1060,""
218.151,sender,afd52c65-5ce1-4c35-a594-c7ab9f56a53f,SEND,DATA,76,1060,""
218.171,sender,afd52c65-5ce1-4c35-a594-c7ab9f56a53f,RECEIVE,ACK,22,36,""
218.183,sender,afd52c65-5ce1-4c35-a594-c7ab9f56a53f,ACKNOWLEDGED,ACK,22,0,""
218.186,sender,afd52c65-5ce1-4c35-a594-c7ab9f56a53f,CONFIRM_DATA,ACK,22,1024,"unique file bytes acknowledged"
218.191,sender,afd52c65-5ce1-4c35-a594-c7ab9f56a53f,RTT_SAMPLE,ACK,22,0,"108.890100"
218.202,sender,afd52c65-5ce1-4c35-a594-c7ab9f56a53f,RECEIVE,ACK,13,36,""
218.208,sender,afd52c65-5ce1-4c35-a594-c7ab9f56a53f,ACKNOWLEDGED,ACK,13,0,""
218.217,sender,afd52c65-5ce1-4c35-a594-c7ab9f56a53f,CONFIRM_DATA,ACK,13,1024,"unique file bytes acknowledged"
218.234,sender,afd52c65-5ce1-4c35-a594-c7ab9f56a53f,RTT_SAMPLE,ACK,13,0,"108.970500"
218.243,sender,afd52c65-5ce1-4c35-a594-c7ab9f56a53f,SEND,DATA,77,1060,""
218.284,sender,afd52c65-5ce1-4c35-a594-c7ab9f56a53f,SEND,DATA,78,1060,""
218.372,sender,afd52c65-5ce1-4c35-a594-c7ab9f56a53f,SEND,DATA,79,1060,""
218.449,sender,afd52c65-5ce1-4c35-a594-c7ab9f56a53f,SEND,DATA,80,1060,""
218.454,sender,afd52c65-5ce1-4c35-a594-c7ab9f56a53f,SEND,DATA,81,1060,""
218.457,sender,afd52c65-5ce1-4c35-a594-c7ab9f56a53f,SEND,DATA,82,1060,""
218.460,sender,afd52c65-5ce1-4c35-a594-c7ab9f56a53f,SEND,DATA,83,1060,""
218.464,sender,afd52c65-5ce1-4c35-a594-c7ab9f56a53f,SEND,DATA,84,1060,""
218.467,sender,afd52c65-5ce1-4c35-a594-c7ab9f56a53f,SEND,DATA,85,1060,""
218.470,sender,afd52c65-5ce1-4c35-a594-c7ab9f56a53f,SEND,DATA,86,1060,""
218.473,sender,afd52c65-5ce1-4c35-a594-c7ab9f56a53f,SEND,DATA,87,1060,""
218.477,sender,afd52c65-5ce1-4c35-a594-c7ab9f56a53f,SEND,DATA,88,1060,""
218.480,sender,afd52c65-5ce1-4c35-a594-c7ab9f56a53f,SEND,DATA,89,1060,""
218.483,sender,afd52c65-5ce1-4c35-a594-c7ab9f56a53f,SEND,DATA,90,1060,""
218.500,sender,afd52c65-5ce1-4c35-a594-c7ab9f56a53f,SEND,DATA,91,1060,""
218.503,sender,afd52c65-5ce1-4c35-a594-c7ab9f56a53f,SEND,DATA,92,1060,""
218.510,sender,afd52c65-5ce1-4c35-a594-c7ab9f56a53f,SEND,DATA,93,1060,""
218.514,sender,afd52c65-5ce1-4c35-a594-c7ab9f56a53f,SEND,DATA,94,1060,""
218.517,sender,afd52c65-5ce1-4c35-a594-c7ab9f56a53f,SEND,DATA,95,1060,""
218.520,sender,afd52c65-5ce1-4c35-a594-c7ab9f56a53f,SEND,DATA,96,1060,""
218.523,sender,afd52c65-5ce1-4c35-a594-c7ab9f56a53f,SEND,DATA,97,1060,""
218.526,sender,afd52c65-5ce1-4c35-a594-c7ab9f56a53f,SEND,DATA,98,1060,""
218.532,sender,afd52c65-5ce1-4c35-a594-c7ab9f56a53f,SEND,DATA,99,1060,""
218.535,sender,afd52c65-5ce1-4c35-a594-c7ab9f56a53f,SEND,DATA,100,1060,""
218.538,sender,afd52c65-5ce1-4c35-a594-c7ab9f56a53f,SEND,DATA,101,1060,""
218.541,sender,afd52c65-5ce1-4c35-a594-c7ab9f56a53f,SEND,DATA,102,1060,""
218.544,sender,afd52c65-5ce1-4c35-a594-c7ab9f56a53f,SEND,DATA,103,1060,""
218.547,sender,afd52c65-5ce1-4c35-a594-c7ab9f56a53f,SEND,DATA,104,1060,""
218.550,sender,afd52c65-5ce1-4c35-a594-c7ab9f56a53f,SEND,DATA,105,1060,""
218.553,sender,afd52c65-5ce1-4c35-a594-c7ab9f56a53f,SEND,DATA,106,1060,""
218.555,sender,afd52c65-5ce1-4c35-a594-c7ab9f56a53f,SEND,DATA,107,1060,""
218.558,sender,afd52c65-5ce1-4c35-a594-c7ab9f56a53f,SEND,DATA,108,1060,""
218.561,sender,afd52c65-5ce1-4c35-a594-c7ab9f56a53f,SEND,DATA,109,1060,""
232.611,sender,afd52c65-5ce1-4c35-a594-c7ab9f56a53f,RECEIVE,ACK,46,36,""
232.635,sender,afd52c65-5ce1-4c35-a594-c7ab9f56a53f,ACKNOWLEDGED,ACK,46,0,""
232.642,sender,afd52c65-5ce1-4c35-a594-c7ab9f56a53f,CONFIRM_DATA,ACK,46,1024,"unique file bytes acknowledged"
232.652,sender,afd52c65-5ce1-4c35-a594-c7ab9f56a53f,RTT_SAMPLE,ACK,46,0,"123.254700"
232.661,sender,afd52c65-5ce1-4c35-a594-c7ab9f56a53f,SEND,DATA,110,1060,""
232.674,sender,afd52c65-5ce1-4c35-a594-c7ab9f56a53f,EMIT,DATA,69,1060,""
232.696,sender,afd52c65-5ce1-4c35-a594-c7ab9f56a53f,SEND,DATA,111,1060,""
232.703,sender,afd52c65-5ce1-4c35-a594-c7ab9f56a53f,SEND,DATA,112,1060,""
232.709,sender,afd52c65-5ce1-4c35-a594-c7ab9f56a53f,SEND,DATA,113,1060,""
232.716,sender,afd52c65-5ce1-4c35-a594-c7ab9f56a53f,SEND,DATA,114,1060,""
232.722,sender,afd52c65-5ce1-4c35-a594-c7ab9f56a53f,SEND,DATA,115,1060,""
232.727,sender,afd52c65-5ce1-4c35-a594-c7ab9f56a53f,SEND,DATA,116,1060,""
232.733,sender,afd52c65-5ce1-4c35-a594-c7ab9f56a53f,SEND,DATA,117,1060,""
232.739,sender,afd52c65-5ce1-4c35-a594-c7ab9f56a53f,SEND,DATA,118,1060,""
232.745,sender,afd52c65-5ce1-4c35-a594-c7ab9f56a53f,SEND,DATA,119,1060,""
232.752,sender,afd52c65-5ce1-4c35-a594-c7ab9f56a53f,SEND,DATA,120,1060,""
232.758,sender,afd52c65-5ce1-4c35-a594-c7ab9f56a53f,SEND,DATA,121,1060,""
232.774,sender,afd52c65-5ce1-4c35-a594-c7ab9f56a53f,SEND,DATA,122,1060,""
232.781,sender,afd52c65-5ce1-4c35-a594-c7ab9f56a53f,SEND,DATA,123,1060,""
232.786,sender,afd52c65-5ce1-4c35-a594-c7ab9f56a53f,SEND,DATA,124,1060,""
232.792,sender,afd52c65-5ce1-4c35-a594-c7ab9f56a53f,SEND,DATA,125,1060,""
232.799,sender,afd52c65-5ce1-4c35-a594-c7ab9f56a53f,SEND,DATA,126,1060,""
232.805,sender,afd52c65-5ce1-4c35-a594-c7ab9f56a53f,SEND,DATA,127,1060,""
247.972,sender,afd52c65-5ce1-4c35-a594-c7ab9f56a53f,EMIT,DATA,65,1060,""
248.005,sender,afd52c65-5ce1-4c35-a594-c7ab9f56a53f,EMIT,DATA,66,1060,""
248.014,sender,afd52c65-5ce1-4c35-a594-c7ab9f56a53f,EMIT,DATA,64,1060,""
248.023,sender,afd52c65-5ce1-4c35-a594-c7ab9f56a53f,EMIT,DATA,79,1060,""
248.040,sender,afd52c65-5ce1-4c35-a594-c7ab9f56a53f,EMIT,DATA,67,1060,""
248.049,sender,afd52c65-5ce1-4c35-a594-c7ab9f56a53f,EMIT,DATA,68,1060,""
248.058,sender,afd52c65-5ce1-4c35-a594-c7ab9f56a53f,EMIT,DATA,98,1060,""
248.067,sender,afd52c65-5ce1-4c35-a594-c7ab9f56a53f,EMIT,DATA,80,1060,""
248.076,sender,afd52c65-5ce1-4c35-a594-c7ab9f56a53f,EMIT,DATA,102,1060,""
248.085,sender,afd52c65-5ce1-4c35-a594-c7ab9f56a53f,EMIT,DATA,77,1060,""
248.094,sender,afd52c65-5ce1-4c35-a594-c7ab9f56a53f,EMIT,DATA,70,1060,""
248.104,sender,afd52c65-5ce1-4c35-a594-c7ab9f56a53f,EMIT,DATA,109,1060,""
263.958,sender,afd52c65-5ce1-4c35-a594-c7ab9f56a53f,RECEIVE,ACK,69,36,""
263.998,sender,afd52c65-5ce1-4c35-a594-c7ab9f56a53f,ACKNOWLEDGED,ACK,69,0,""
264.002,sender,afd52c65-5ce1-4c35-a594-c7ab9f56a53f,CONFIRM_DATA,ACK,69,1024,"unique file bytes acknowledged"
264.011,sender,afd52c65-5ce1-4c35-a594-c7ab9f56a53f,RTT_SAMPLE,ACK,69,0,"60.643300"
264.132,sender,afd52c65-5ce1-4c35-a594-c7ab9f56a53f,EMIT,DATA,89,1060,""
264.151,sender,afd52c65-5ce1-4c35-a594-c7ab9f56a53f,EMIT,DATA,100,1060,""
264.160,sender,afd52c65-5ce1-4c35-a594-c7ab9f56a53f,EMIT,DATA,85,1060,""
264.169,sender,afd52c65-5ce1-4c35-a594-c7ab9f56a53f,EMIT,DATA,86,1060,""
264.177,sender,afd52c65-5ce1-4c35-a594-c7ab9f56a53f,EMIT,DATA,78,1060,""
264.185,sender,afd52c65-5ce1-4c35-a594-c7ab9f56a53f,EMIT,DATA,90,1060,""
264.198,sender,afd52c65-5ce1-4c35-a594-c7ab9f56a53f,EMIT,DATA,96,1060,""
264.206,sender,afd52c65-5ce1-4c35-a594-c7ab9f56a53f,EMIT,DATA,101,1060,""
264.213,sender,afd52c65-5ce1-4c35-a594-c7ab9f56a53f,EMIT,DATA,92,1060,""
264.229,sender,afd52c65-5ce1-4c35-a594-c7ab9f56a53f,EMIT,DATA,72,1060,""
264.236,sender,afd52c65-5ce1-4c35-a594-c7ab9f56a53f,EMIT,DATA,95,1060,""
264.244,sender,afd52c65-5ce1-4c35-a594-c7ab9f56a53f,EMIT,DATA,93,1060,""
264.251,sender,afd52c65-5ce1-4c35-a594-c7ab9f56a53f,EMIT,DATA,126,1060,""
264.259,sender,afd52c65-5ce1-4c35-a594-c7ab9f56a53f,EMIT,DATA,105,1060,""
264.266,sender,afd52c65-5ce1-4c35-a594-c7ab9f56a53f,EMIT,DATA,91,1060,""
264.273,sender,afd52c65-5ce1-4c35-a594-c7ab9f56a53f,EMIT,DATA,99,1060,""
264.281,sender,afd52c65-5ce1-4c35-a594-c7ab9f56a53f,EMIT,DATA,124,1060,""
264.288,sender,afd52c65-5ce1-4c35-a594-c7ab9f56a53f,EMIT,DATA,81,1060,""
264.296,sender,afd52c65-5ce1-4c35-a594-c7ab9f56a53f,EMIT,DATA,104,1060,""
264.303,sender,afd52c65-5ce1-4c35-a594-c7ab9f56a53f,EMIT,DATA,106,1060,""
264.310,sender,afd52c65-5ce1-4c35-a594-c7ab9f56a53f,EMIT,DATA,107,1060,""
264.318,sender,afd52c65-5ce1-4c35-a594-c7ab9f56a53f,EMIT,DATA,108,1060,""
264.338,sender,afd52c65-5ce1-4c35-a594-c7ab9f56a53f,EMIT,DATA,75,1060,""
264.346,sender,afd52c65-5ce1-4c35-a594-c7ab9f56a53f,EMIT,DATA,103,1060,""
264.353,sender,afd52c65-5ce1-4c35-a594-c7ab9f56a53f,EMIT,DATA,112,1060,""
264.361,sender,afd52c65-5ce1-4c35-a594-c7ab9f56a53f,EMIT,DATA,76,1060,""
264.368,sender,afd52c65-5ce1-4c35-a594-c7ab9f56a53f,EMIT,DATA,83,1060,""
264.376,sender,afd52c65-5ce1-4c35-a594-c7ab9f56a53f,EMIT,DATA,87,1060,""
264.383,sender,afd52c65-5ce1-4c35-a594-c7ab9f56a53f,EMIT,DATA,117,1060,""
264.391,sender,afd52c65-5ce1-4c35-a594-c7ab9f56a53f,EMIT,DATA,84,1060,""
264.398,sender,afd52c65-5ce1-4c35-a594-c7ab9f56a53f,EMIT,DATA,123,1060,""
264.406,sender,afd52c65-5ce1-4c35-a594-c7ab9f56a53f,EMIT,DATA,73,1060,""
279.278,sender,afd52c65-5ce1-4c35-a594-c7ab9f56a53f,EMIT,DATA,82,1060,""
279.308,sender,afd52c65-5ce1-4c35-a594-c7ab9f56a53f,EMIT,DATA,88,1060,""
279.316,sender,afd52c65-5ce1-4c35-a594-c7ab9f56a53f,EMIT,DATA,94,1060,""
279.329,sender,afd52c65-5ce1-4c35-a594-c7ab9f56a53f,EMIT,DATA,121,1060,""
279.338,sender,afd52c65-5ce1-4c35-a594-c7ab9f56a53f,EMIT,DATA,127,1060,""
279.348,sender,afd52c65-5ce1-4c35-a594-c7ab9f56a53f,EMIT,DATA,113,1060,""
280.339,sender,afd52c65-5ce1-4c35-a594-c7ab9f56a53f,EMIT,DATA,115,1060,""
280.350,sender,afd52c65-5ce1-4c35-a594-c7ab9f56a53f,EMIT,DATA,97,1060,""
280.358,sender,afd52c65-5ce1-4c35-a594-c7ab9f56a53f,EMIT,DATA,111,1060,""
280.365,sender,afd52c65-5ce1-4c35-a594-c7ab9f56a53f,EMIT,DATA,71,1060,""
280.372,sender,afd52c65-5ce1-4c35-a594-c7ab9f56a53f,EMIT,DATA,74,1060,""
280.379,sender,afd52c65-5ce1-4c35-a594-c7ab9f56a53f,RECEIVE,ACK,65,36,""
280.387,sender,afd52c65-5ce1-4c35-a594-c7ab9f56a53f,EMIT,DATA,114,1060,""
280.390,sender,afd52c65-5ce1-4c35-a594-c7ab9f56a53f,ACKNOWLEDGED,ACK,65,0,""
280.393,sender,afd52c65-5ce1-4c35-a594-c7ab9f56a53f,CONFIRM_DATA,ACK,65,1024,"unique file bytes acknowledged"
280.396,sender,afd52c65-5ce1-4c35-a594-c7ab9f56a53f,EMIT,DATA,110,1060,""
280.401,sender,afd52c65-5ce1-4c35-a594-c7ab9f56a53f,RTT_SAMPLE,ACK,65,0,"77.057800"
280.417,sender,afd52c65-5ce1-4c35-a594-c7ab9f56a53f,EMIT,DATA,118,1060,""
280.424,sender,afd52c65-5ce1-4c35-a594-c7ab9f56a53f,EMIT,DATA,122,1060,""
280.432,sender,afd52c65-5ce1-4c35-a594-c7ab9f56a53f,EMIT,DATA,120,1060,""
280.438,sender,afd52c65-5ce1-4c35-a594-c7ab9f56a53f,RECEIVE,ACK,64,36,""
280.441,sender,afd52c65-5ce1-4c35-a594-c7ab9f56a53f,EMIT,DATA,116,1060,""
280.447,sender,afd52c65-5ce1-4c35-a594-c7ab9f56a53f,ACKNOWLEDGED,ACK,64,0,""
280.449,sender,afd52c65-5ce1-4c35-a594-c7ab9f56a53f,CONFIRM_DATA,ACK,64,1024,"unique file bytes acknowledged"
280.453,sender,afd52c65-5ce1-4c35-a594-c7ab9f56a53f,RTT_SAMPLE,ACK,64,0,"77.127800"
280.455,sender,afd52c65-5ce1-4c35-a594-c7ab9f56a53f,EMIT,DATA,119,1060,""
280.458,sender,afd52c65-5ce1-4c35-a594-c7ab9f56a53f,SEND,DATA,128,1060,""
280.462,sender,afd52c65-5ce1-4c35-a594-c7ab9f56a53f,SEND,DATA,129,1060,""
280.467,sender,afd52c65-5ce1-4c35-a594-c7ab9f56a53f,RECEIVE,ACK,67,36,""
280.470,sender,afd52c65-5ce1-4c35-a594-c7ab9f56a53f,ACKNOWLEDGED,ACK,67,0,""
280.472,sender,afd52c65-5ce1-4c35-a594-c7ab9f56a53f,CONFIRM_DATA,ACK,67,1024,"unique file bytes acknowledged"
280.475,sender,afd52c65-5ce1-4c35-a594-c7ab9f56a53f,RTT_SAMPLE,ACK,67,0,"77.129300"
295.630,sender,afd52c65-5ce1-4c35-a594-c7ab9f56a53f,EMIT,DATA,125,1060,""
295.827,sender,afd52c65-5ce1-4c35-a594-c7ab9f56a53f,RECEIVE,ACK,66,36,""
295.852,sender,afd52c65-5ce1-4c35-a594-c7ab9f56a53f,ACKNOWLEDGED,ACK,66,0,""
295.863,sender,afd52c65-5ce1-4c35-a594-c7ab9f56a53f,CONFIRM_DATA,ACK,66,1024,"unique file bytes acknowledged"
295.880,sender,afd52c65-5ce1-4c35-a594-c7ab9f56a53f,RTT_SAMPLE,ACK,66,0,"92.530200"
295.898,sender,afd52c65-5ce1-4c35-a594-c7ab9f56a53f,SEND,DATA,130,1060,""
295.918,sender,afd52c65-5ce1-4c35-a594-c7ab9f56a53f,SEND,DATA,131,1060,""
295.937,sender,afd52c65-5ce1-4c35-a594-c7ab9f56a53f,RECEIVE,ACK,102,36,""
295.942,sender,afd52c65-5ce1-4c35-a594-c7ab9f56a53f,ACKNOWLEDGED,ACK,102,0,""
295.947,sender,afd52c65-5ce1-4c35-a594-c7ab9f56a53f,CONFIRM_DATA,ACK,102,1024,"unique file bytes acknowledged"
295.953,sender,afd52c65-5ce1-4c35-a594-c7ab9f56a53f,RTT_SAMPLE,ACK,102,0,"77.410400"
295.966,sender,afd52c65-5ce1-4c35-a594-c7ab9f56a53f,RECEIVE,ACK,80,36,""
295.971,sender,afd52c65-5ce1-4c35-a594-c7ab9f56a53f,ACKNOWLEDGED,ACK,80,0,""
295.975,sender,afd52c65-5ce1-4c35-a594-c7ab9f56a53f,CONFIRM_DATA,ACK,80,1024,"unique file bytes acknowledged"
295.981,sender,afd52c65-5ce1-4c35-a594-c7ab9f56a53f,RTT_SAMPLE,ACK,80,0,"77.531400"
295.993,sender,afd52c65-5ce1-4c35-a594-c7ab9f56a53f,RECEIVE,ACK,109,36,""
295.998,sender,afd52c65-5ce1-4c35-a594-c7ab9f56a53f,ACKNOWLEDGED,ACK,109,0,""
296.002,sender,afd52c65-5ce1-4c35-a594-c7ab9f56a53f,CONFIRM_DATA,ACK,109,1024,"unique file bytes acknowledged"
296.008,sender,afd52c65-5ce1-4c35-a594-c7ab9f56a53f,RTT_SAMPLE,ACK,109,0,"77.445600"
296.019,sender,afd52c65-5ce1-4c35-a594-c7ab9f56a53f,RECEIVE,ACK,98,36,""
296.025,sender,afd52c65-5ce1-4c35-a594-c7ab9f56a53f,ACKNOWLEDGED,ACK,98,0,""
296.029,sender,afd52c65-5ce1-4c35-a594-c7ab9f56a53f,CONFIRM_DATA,ACK,98,1024,"unique file bytes acknowledged"
296.035,sender,afd52c65-5ce1-4c35-a594-c7ab9f56a53f,RTT_SAMPLE,ACK,98,0,"77.507400"
296.046,sender,afd52c65-5ce1-4c35-a594-c7ab9f56a53f,RECEIVE,ACK,117,36,""
296.052,sender,afd52c65-5ce1-4c35-a594-c7ab9f56a53f,ACKNOWLEDGED,ACK,117,0,""
296.056,sender,afd52c65-5ce1-4c35-a594-c7ab9f56a53f,CONFIRM_DATA,ACK,117,1024,"unique file bytes acknowledged"
296.062,sender,afd52c65-5ce1-4c35-a594-c7ab9f56a53f,RTT_SAMPLE,ACK,117,0,"63.327400"
296.073,sender,afd52c65-5ce1-4c35-a594-c7ab9f56a53f,RECEIVE,ACK,68,36,""
296.079,sender,afd52c65-5ce1-4c35-a594-c7ab9f56a53f,ACKNOWLEDGED,ACK,68,0,""
296.083,sender,afd52c65-5ce1-4c35-a594-c7ab9f56a53f,CONFIRM_DATA,ACK,68,1024,"unique file bytes acknowledged"
296.088,sender,afd52c65-5ce1-4c35-a594-c7ab9f56a53f,RTT_SAMPLE,ACK,68,0,"92.727400"
296.094,sender,afd52c65-5ce1-4c35-a594-c7ab9f56a53f,SEND,DATA,132,1060,""
296.100,sender,afd52c65-5ce1-4c35-a594-c7ab9f56a53f,SEND,DATA,133,1060,""
296.111,sender,afd52c65-5ce1-4c35-a594-c7ab9f56a53f,RECEIVE,ACK,89,36,""
296.116,sender,afd52c65-5ce1-4c35-a594-c7ab9f56a53f,ACKNOWLEDGED,ACK,89,0,""
296.121,sender,afd52c65-5ce1-4c35-a594-c7ab9f56a53f,CONFIRM_DATA,ACK,89,1024,"unique file bytes acknowledged"
296.126,sender,afd52c65-5ce1-4c35-a594-c7ab9f56a53f,RTT_SAMPLE,ACK,89,0,"77.645500"
296.137,sender,afd52c65-5ce1-4c35-a594-c7ab9f56a53f,RECEIVE,ACK,85,36,""
296.143,sender,afd52c65-5ce1-4c35-a594-c7ab9f56a53f,ACKNOWLEDGED,ACK,85,0,""
296.147,sender,afd52c65-5ce1-4c35-a594-c7ab9f56a53f,CONFIRM_DATA,ACK,85,1024,"unique file bytes acknowledged"
296.152,sender,afd52c65-5ce1-4c35-a594-c7ab9f56a53f,RTT_SAMPLE,ACK,85,0,"77.684200"
296.167,sender,afd52c65-5ce1-4c35-a594-c7ab9f56a53f,RECEIVE,ACK,70,36,""
296.171,sender,afd52c65-5ce1-4c35-a594-c7ab9f56a53f,ACKNOWLEDGED,ACK,70,0,""
296.175,sender,afd52c65-5ce1-4c35-a594-c7ab9f56a53f,CONFIRM_DATA,ACK,70,1024,"unique file bytes acknowledged"
296.181,sender,afd52c65-5ce1-4c35-a594-c7ab9f56a53f,RTT_SAMPLE,ACK,70,0,"92.814000"
296.186,sender,afd52c65-5ce1-4c35-a594-c7ab9f56a53f,SEND,DATA,134,1060,""
296.196,sender,afd52c65-5ce1-4c35-a594-c7ab9f56a53f,RECEIVE,ACK,107,36,""
296.201,sender,afd52c65-5ce1-4c35-a594-c7ab9f56a53f,ACKNOWLEDGED,ACK,107,0,""
296.205,sender,afd52c65-5ce1-4c35-a594-c7ab9f56a53f,CONFIRM_DATA,ACK,107,1024,"unique file bytes acknowledged"
296.210,sender,afd52c65-5ce1-4c35-a594-c7ab9f56a53f,RTT_SAMPLE,ACK,107,0,"77.654300"
296.221,sender,afd52c65-5ce1-4c35-a594-c7ab9f56a53f,RECEIVE,ACK,87,36,""
296.230,sender,afd52c65-5ce1-4c35-a594-c7ab9f56a53f,ACKNOWLEDGED,ACK,87,0,""
296.234,sender,afd52c65-5ce1-4c35-a594-c7ab9f56a53f,CONFIRM_DATA,ACK,87,1024,"unique file bytes acknowledged"
296.239,sender,afd52c65-5ce1-4c35-a594-c7ab9f56a53f,RTT_SAMPLE,ACK,87,0,"77.764300"
296.252,sender,afd52c65-5ce1-4c35-a594-c7ab9f56a53f,RECEIVE,ACK,77,36,""
296.257,sender,afd52c65-5ce1-4c35-a594-c7ab9f56a53f,ACKNOWLEDGED,ACK,77,0,""
296.261,sender,afd52c65-5ce1-4c35-a594-c7ab9f56a53f,CONFIRM_DATA,ACK,77,1024,"unique file bytes acknowledged"
296.266,sender,afd52c65-5ce1-4c35-a594-c7ab9f56a53f,RTT_SAMPLE,ACK,77,0,"78.022100"
296.276,sender,afd52c65-5ce1-4c35-a594-c7ab9f56a53f,RECEIVE,ACK,79,36,""
296.281,sender,afd52c65-5ce1-4c35-a594-c7ab9f56a53f,ACKNOWLEDGED,ACK,79,0,""
296.285,sender,afd52c65-5ce1-4c35-a594-c7ab9f56a53f,CONFIRM_DATA,ACK,79,1024,"unique file bytes acknowledged"
296.290,sender,afd52c65-5ce1-4c35-a594-c7ab9f56a53f,RTT_SAMPLE,ACK,79,0,"77.917900"
296.301,sender,afd52c65-5ce1-4c35-a594-c7ab9f56a53f,RECEIVE,ACK,106,36,""
296.306,sender,afd52c65-5ce1-4c35-a594-c7ab9f56a53f,ACKNOWLEDGED,ACK,106,0,""
296.310,sender,afd52c65-5ce1-4c35-a594-c7ab9f56a53f,CONFIRM_DATA,ACK,106,1024,"unique file bytes acknowledged"
296.315,sender,afd52c65-5ce1-4c35-a594-c7ab9f56a53f,RTT_SAMPLE,ACK,106,0,"77.761300"
296.325,sender,afd52c65-5ce1-4c35-a594-c7ab9f56a53f,RECEIVE,ACK,108,36,""
296.340,sender,afd52c65-5ce1-4c35-a594-c7ab9f56a53f,ACKNOWLEDGED,ACK,108,0,""
296.344,sender,afd52c65-5ce1-4c35-a594-c7ab9f56a53f,CONFIRM_DATA,ACK,108,1024,"unique file bytes acknowledged"
296.349,sender,afd52c65-5ce1-4c35-a594-c7ab9f56a53f,RTT_SAMPLE,ACK,108,0,"77.789600"
311.811,sender,afd52c65-5ce1-4c35-a594-c7ab9f56a53f,RECEIVE,ACK,83,36,""
311.901,sender,afd52c65-5ce1-4c35-a594-c7ab9f56a53f,ACKNOWLEDGED,ACK,83,0,""
311.904,sender,afd52c65-5ce1-4c35-a594-c7ab9f56a53f,CONFIRM_DATA,ACK,83,1024,"unique file bytes acknowledged"
311.912,sender,afd52c65-5ce1-4c35-a594-c7ab9f56a53f,RTT_SAMPLE,ACK,83,0,"93.447500"
311.927,sender,afd52c65-5ce1-4c35-a594-c7ab9f56a53f,RECEIVE,ACK,86,36,""
311.929,sender,afd52c65-5ce1-4c35-a594-c7ab9f56a53f,ACKNOWLEDGED,ACK,86,0,""
311.931,sender,afd52c65-5ce1-4c35-a594-c7ab9f56a53f,CONFIRM_DATA,ACK,86,1024,"unique file bytes acknowledged"
311.934,sender,afd52c65-5ce1-4c35-a594-c7ab9f56a53f,RTT_SAMPLE,ACK,86,0,"93.463600"
311.940,sender,afd52c65-5ce1-4c35-a594-c7ab9f56a53f,RECEIVE,ACK,95,36,""
311.942,sender,afd52c65-5ce1-4c35-a594-c7ab9f56a53f,ACKNOWLEDGED,ACK,95,0,""
311.945,sender,afd52c65-5ce1-4c35-a594-c7ab9f56a53f,CONFIRM_DATA,ACK,95,1024,"unique file bytes acknowledged"
311.948,sender,afd52c65-5ce1-4c35-a594-c7ab9f56a53f,RTT_SAMPLE,ACK,95,0,"93.430600"
311.953,sender,afd52c65-5ce1-4c35-a594-c7ab9f56a53f,RECEIVE,ACK,91,36,""
311.955,sender,afd52c65-5ce1-4c35-a594-c7ab9f56a53f,ACKNOWLEDGED,ACK,91,0,""
311.958,sender,afd52c65-5ce1-4c35-a594-c7ab9f56a53f,CONFIRM_DATA,ACK,91,1024,"unique file bytes acknowledged"
311.961,sender,afd52c65-5ce1-4c35-a594-c7ab9f56a53f,RTT_SAMPLE,ACK,91,0,"93.460300"
311.966,sender,afd52c65-5ce1-4c35-a594-c7ab9f56a53f,RECEIVE,ACK,103,36,""
311.968,sender,afd52c65-5ce1-4c35-a594-c7ab9f56a53f,ACKNOWLEDGED,ACK,103,0,""
311.971,sender,afd52c65-5ce1-4c35-a594-c7ab9f56a53f,CONFIRM_DATA,ACK,103,1024,"unique file bytes acknowledged"
311.974,sender,afd52c65-5ce1-4c35-a594-c7ab9f56a53f,RTT_SAMPLE,ACK,103,0,"93.429000"
311.979,sender,afd52c65-5ce1-4c35-a594-c7ab9f56a53f,RECEIVE,ACK,100,36,""
311.981,sender,afd52c65-5ce1-4c35-a594-c7ab9f56a53f,ACKNOWLEDGED,ACK,100,0,""
311.983,sender,afd52c65-5ce1-4c35-a594-c7ab9f56a53f,CONFIRM_DATA,ACK,100,1024,"unique file bytes acknowledged"
311.986,sender,afd52c65-5ce1-4c35-a594-c7ab9f56a53f,RTT_SAMPLE,ACK,100,0,"93.450600"
311.992,sender,afd52c65-5ce1-4c35-a594-c7ab9f56a53f,RECEIVE,ACK,104,36,""
311.994,sender,afd52c65-5ce1-4c35-a594-c7ab9f56a53f,ACKNOWLEDGED,ACK,104,0,""
311.996,sender,afd52c65-5ce1-4c35-a594-c7ab9f56a53f,CONFIRM_DATA,ACK,104,1024,"unique file bytes acknowledged"
311.999,sender,afd52c65-5ce1-4c35-a594-c7ab9f56a53f,RTT_SAMPLE,ACK,104,0,"93.451900"
312.005,sender,afd52c65-5ce1-4c35-a594-c7ab9f56a53f,RECEIVE,ACK,73,36,""
312.007,sender,afd52c65-5ce1-4c35-a594-c7ab9f56a53f,ACKNOWLEDGED,ACK,73,0,""
312.009,sender,afd52c65-5ce1-4c35-a594-c7ab9f56a53f,CONFIRM_DATA,ACK,73,1024,"unique file bytes acknowledged"
312.012,sender,afd52c65-5ce1-4c35-a594-c7ab9f56a53f,RTT_SAMPLE,ACK,73,0,"94.010300"
312.017,sender,afd52c65-5ce1-4c35-a594-c7ab9f56a53f,RECEIVE,ACK,101,36,""
312.020,sender,afd52c65-5ce1-4c35-a594-c7ab9f56a53f,ACKNOWLEDGED,ACK,101,0,""
312.022,sender,afd52c65-5ce1-4c35-a594-c7ab9f56a53f,CONFIRM_DATA,ACK,101,1024,"unique file bytes acknowledged"
312.025,sender,afd52c65-5ce1-4c35-a594-c7ab9f56a53f,RTT_SAMPLE,ACK,101,0,"93.486200"
312.033,sender,afd52c65-5ce1-4c35-a594-c7ab9f56a53f,RECEIVE,ACK,123,36,""
312.035,sender,afd52c65-5ce1-4c35-a594-c7ab9f56a53f,ACKNOWLEDGED,ACK,123,0,""
312.038,sender,afd52c65-5ce1-4c35-a594-c7ab9f56a53f,CONFIRM_DATA,ACK,123,1024,"unique file bytes acknowledged"
312.041,sender,afd52c65-5ce1-4c35-a594-c7ab9f56a53f,RTT_SAMPLE,ACK,123,0,"79.260300"
312.047,sender,afd52c65-5ce1-4c35-a594-c7ab9f56a53f,RECEIVE,ACK,96,36,""
312.049,sender,afd52c65-5ce1-4c35-a594-c7ab9f56a53f,ACKNOWLEDGED,ACK,96,0,""
312.051,sender,afd52c65-5ce1-4c35-a594-c7ab9f56a53f,CONFIRM_DATA,ACK,96,1024,"unique file bytes acknowledged"
312.055,sender,afd52c65-5ce1-4c35-a594-c7ab9f56a53f,RTT_SAMPLE,ACK,96,0,"93.533900"
312.060,sender,afd52c65-5ce1-4c35-a594-c7ab9f56a53f,RECEIVE,ACK,93,36,""
312.063,sender,afd52c65-5ce1-4c35-a594-c7ab9f56a53f,ACKNOWLEDGED,ACK,93,0,""
312.065,sender,afd52c65-5ce1-4c35-a594-c7ab9f56a53f,CONFIRM_DATA,ACK,93,1024,"unique file bytes acknowledged"
312.069,sender,afd52c65-5ce1-4c35-a594-c7ab9f56a53f,RTT_SAMPLE,ACK,93,0,"93.557600"
312.074,sender,afd52c65-5ce1-4c35-a594-c7ab9f56a53f,RECEIVE,ACK,71,36,""
312.077,sender,afd52c65-5ce1-4c35-a594-c7ab9f56a53f,ACKNOWLEDGED,ACK,71,0,""
312.079,sender,afd52c65-5ce1-4c35-a594-c7ab9f56a53f,CONFIRM_DATA,ACK,71,1024,"unique file bytes acknowledged"
312.083,sender,afd52c65-5ce1-4c35-a594-c7ab9f56a53f,RTT_SAMPLE,ACK,71,0,"94.093900"
312.087,sender,afd52c65-5ce1-4c35-a594-c7ab9f56a53f,SEND,DATA,135,1060,""
312.096,sender,afd52c65-5ce1-4c35-a594-c7ab9f56a53f,RECEIVE,ACK,81,36,""
312.098,sender,afd52c65-5ce1-4c35-a594-c7ab9f56a53f,ACKNOWLEDGED,ACK,81,0,""
312.101,sender,afd52c65-5ce1-4c35-a594-c7ab9f56a53f,CONFIRM_DATA,ACK,81,1024,"unique file bytes acknowledged"
312.136,sender,afd52c65-5ce1-4c35-a594-c7ab9f56a53f,RTT_SAMPLE,ACK,81,0,"93.649600"
312.142,sender,afd52c65-5ce1-4c35-a594-c7ab9f56a53f,RECEIVE,ACK,105,36,""
312.144,sender,afd52c65-5ce1-4c35-a594-c7ab9f56a53f,ACKNOWLEDGED,ACK,105,0,""
312.146,sender,afd52c65-5ce1-4c35-a594-c7ab9f56a53f,CONFIRM_DATA,ACK,105,1024,"unique file bytes acknowledged"
312.149,sender,afd52c65-5ce1-4c35-a594-c7ab9f56a53f,RTT_SAMPLE,ACK,105,0,"93.598700"
312.154,sender,afd52c65-5ce1-4c35-a594-c7ab9f56a53f,RECEIVE,ACK,112,36,""
312.156,sender,afd52c65-5ce1-4c35-a594-c7ab9f56a53f,ACKNOWLEDGED,ACK,112,0,""
312.172,sender,afd52c65-5ce1-4c35-a594-c7ab9f56a53f,CONFIRM_DATA,ACK,112,1024,"unique file bytes acknowledged"
312.175,sender,afd52c65-5ce1-4c35-a594-c7ab9f56a53f,RTT_SAMPLE,ACK,112,0,"79.471300"
312.180,sender,afd52c65-5ce1-4c35-a594-c7ab9f56a53f,RECEIVE,ACK,90,36,""
312.183,sender,afd52c65-5ce1-4c35-a594-c7ab9f56a53f,ACKNOWLEDGED,ACK,90,0,""
312.185,sender,afd52c65-5ce1-4c35-a594-c7ab9f56a53f,CONFIRM_DATA,ACK,90,1024,"unique file bytes acknowledged"
312.189,sender,afd52c65-5ce1-4c35-a594-c7ab9f56a53f,RTT_SAMPLE,ACK,90,0,"93.705200"
312.194,sender,afd52c65-5ce1-4c35-a594-c7ab9f56a53f,RECEIVE,ACK,82,36,""
312.196,sender,afd52c65-5ce1-4c35-a594-c7ab9f56a53f,ACKNOWLEDGED,ACK,82,0,""
312.199,sender,afd52c65-5ce1-4c35-a594-c7ab9f56a53f,CONFIRM_DATA,ACK,82,1024,"unique file bytes acknowledged"
312.202,sender,afd52c65-5ce1-4c35-a594-c7ab9f56a53f,RTT_SAMPLE,ACK,82,0,"93.744300"
312.207,sender,afd52c65-5ce1-4c35-a594-c7ab9f56a53f,RECEIVE,ACK,72,36,""
312.210,sender,afd52c65-5ce1-4c35-a594-c7ab9f56a53f,ACKNOWLEDGED,ACK,72,0,""
312.212,sender,afd52c65-5ce1-4c35-a594-c7ab9f56a53f,CONFIRM_DATA,ACK,72,1024,"unique file bytes acknowledged"
312.228,sender,afd52c65-5ce1-4c35-a594-c7ab9f56a53f,RTT_SAMPLE,ACK,72,0,"94.230900"
312.232,sender,afd52c65-5ce1-4c35-a594-c7ab9f56a53f,SEND,DATA,136,1060,""
312.235,sender,afd52c65-5ce1-4c35-a594-c7ab9f56a53f,SEND,DATA,137,1060,""
312.241,sender,afd52c65-5ce1-4c35-a594-c7ab9f56a53f,RECEIVE,ACK,126,36,""
312.244,sender,afd52c65-5ce1-4c35-a594-c7ab9f56a53f,ACKNOWLEDGED,ACK,126,0,""
312.247,sender,afd52c65-5ce1-4c35-a594-c7ab9f56a53f,CONFIRM_DATA,ACK,126,1024,"unique file bytes acknowledged"
312.251,sender,afd52c65-5ce1-4c35-a594-c7ab9f56a53f,RTT_SAMPLE,ACK,126,0,"79.451900"
312.257,sender,afd52c65-5ce1-4c35-a594-c7ab9f56a53f,RECEIVE,ACK,124,36,""
312.260,sender,afd52c65-5ce1-4c35-a594-c7ab9f56a53f,ACKNOWLEDGED,ACK,124,0,""
312.263,sender,afd52c65-5ce1-4c35-a594-c7ab9f56a53f,CONFIRM_DATA,ACK,124,1024,"unique file bytes acknowledged"
312.266,sender,afd52c65-5ce1-4c35-a594-c7ab9f56a53f,RTT_SAMPLE,ACK,124,0,"79.479500"
312.273,sender,afd52c65-5ce1-4c35-a594-c7ab9f56a53f,RECEIVE,ACK,118,36,""
312.278,sender,afd52c65-5ce1-4c35-a594-c7ab9f56a53f,ACKNOWLEDGED,ACK,118,0,""
312.280,sender,afd52c65-5ce1-4c35-a594-c7ab9f56a53f,CONFIRM_DATA,ACK,118,1024,"unique file bytes acknowledged"
312.284,sender,afd52c65-5ce1-4c35-a594-c7ab9f56a53f,RTT_SAMPLE,ACK,118,0,"79.544100"
312.293,sender,afd52c65-5ce1-4c35-a594-c7ab9f56a53f,RECEIVE,ACK,122,36,""
312.295,sender,afd52c65-5ce1-4c35-a594-c7ab9f56a53f,ACKNOWLEDGED,ACK,122,0,""
312.298,sender,afd52c65-5ce1-4c35-a594-c7ab9f56a53f,CONFIRM_DATA,ACK,122,1024,"unique file bytes acknowledged"
312.301,sender,afd52c65-5ce1-4c35-a594-c7ab9f56a53f,RTT_SAMPLE,ACK,122,0,"79.526700"
312.320,sender,afd52c65-5ce1-4c35-a594-c7ab9f56a53f,RECEIVE,ACK,92,36,""
312.323,sender,afd52c65-5ce1-4c35-a594-c7ab9f56a53f,ACKNOWLEDGED,ACK,92,0,""
312.325,sender,afd52c65-5ce1-4c35-a594-c7ab9f56a53f,CONFIRM_DATA,ACK,92,1024,"unique file bytes acknowledged"
312.338,sender,afd52c65-5ce1-4c35-a594-c7ab9f56a53f,RTT_SAMPLE,ACK,92,0,"93.825400"
327.684,sender,afd52c65-5ce1-4c35-a594-c7ab9f56a53f,EMIT,DATA,129,1060,""
327.714,sender,afd52c65-5ce1-4c35-a594-c7ab9f56a53f,EMIT,DATA,131,1060,""
327.753,sender,afd52c65-5ce1-4c35-a594-c7ab9f56a53f,RECEIVE,ACK,78,36,""
327.763,sender,afd52c65-5ce1-4c35-a594-c7ab9f56a53f,ACKNOWLEDGED,ACK,78,0,""
327.767,sender,afd52c65-5ce1-4c35-a594-c7ab9f56a53f,CONFIRM_DATA,ACK,78,1024,"unique file bytes acknowledged"
327.804,sender,afd52c65-5ce1-4c35-a594-c7ab9f56a53f,RTT_SAMPLE,ACK,78,0,"109.496800"
327.813,sender,afd52c65-5ce1-4c35-a594-c7ab9f56a53f,RECEIVE,ACK,97,36,""
327.816,sender,afd52c65-5ce1-4c35-a594-c7ab9f56a53f,ACKNOWLEDGED,ACK,97,0,""
327.819,sender,afd52c65-5ce1-4c35-a594-c7ab9f56a53f,CONFIRM_DATA,ACK,97,1024,"unique file bytes acknowledged"
327.826,sender,afd52c65-5ce1-4c35-a594-c7ab9f56a53f,RTT_SAMPLE,ACK,97,0,"109.298800"
327.833,sender,afd52c65-5ce1-4c35-a594-c7ab9f56a53f,RECEIVE,ACK,76,36,""
327.835,sender,afd52c65-5ce1-4c35-a594-c7ab9f56a53f,ACKNOWLEDGED,ACK,76,0,""
327.838,sender,afd52c65-5ce1-4c35-a594-c7ab9f56a53f,CONFIRM_DATA,ACK,76,1024,"unique file bytes acknowledged"
327.842,sender,afd52c65-5ce1-4c35-a594-c7ab9f56a53f,RTT_SAMPLE,ACK,76,0,"109.690400"
327.848,sender,afd52c65-5ce1-4c35-a594-c7ab9f56a53f,RECEIVE,ACK,127,36,""
327.851,sender,afd52c65-5ce1-4c35-a594-c7ab9f56a53f,ACKNOWLEDGED,ACK,127,0,""
327.853,sender,afd52c65-5ce1-4c35-a594-c7ab9f56a53f,CONFIRM_DATA,ACK,127,1024,"unique file bytes acknowledged"
327.857,sender,afd52c65-5ce1-4c35-a594-c7ab9f56a53f,RTT_SAMPLE,ACK,127,0,"95.052200"
327.867,sender,afd52c65-5ce1-4c35-a594-c7ab9f56a53f,RECEIVE,ACK,74,36,""
327.872,sender,afd52c65-5ce1-4c35-a594-c7ab9f56a53f,ACKNOWLEDGED,ACK,74,0,""
327.876,sender,afd52c65-5ce1-4c35-a594-c7ab9f56a53f,CONFIRM_DATA,ACK,74,1024,"unique file bytes acknowledged"
327.879,sender,afd52c65-5ce1-4c35-a594-c7ab9f56a53f,RTT_SAMPLE,ACK,74,0,"109.737400"
327.883,sender,afd52c65-5ce1-4c35-a594-c7ab9f56a53f,SEND,DATA,138,1060,""
327.889,sender,afd52c65-5ce1-4c35-a594-c7ab9f56a53f,RECEIVE,ACK,110,36,""
327.892,sender,afd52c65-5ce1-4c35-a594-c7ab9f56a53f,ACKNOWLEDGED,ACK,110,0,""
327.894,sender,afd52c65-5ce1-4c35-a594-c7ab9f56a53f,CONFIRM_DATA,ACK,110,1024,"unique file bytes acknowledged"
327.897,sender,afd52c65-5ce1-4c35-a594-c7ab9f56a53f,RTT_SAMPLE,ACK,110,0,"95.235800"
327.902,sender,afd52c65-5ce1-4c35-a594-c7ab9f56a53f,RECEIVE,ACK,75,36,""
327.905,sender,afd52c65-5ce1-4c35-a594-c7ab9f56a53f,ACKNOWLEDGED,ACK,75,0,""
327.907,sender,afd52c65-5ce1-4c35-a594-c7ab9f56a53f,CONFIRM_DATA,ACK,75,1024,"unique file bytes acknowledged"
327.910,sender,afd52c65-5ce1-4c35-a594-c7ab9f56a53f,RTT_SAMPLE,ACK,75,0,"109.763700"
327.914,sender,afd52c65-5ce1-4c35-a594-c7ab9f56a53f,SEND,DATA,139,1060,""
327.917,sender,afd52c65-5ce1-4c35-a594-c7ab9f56a53f,SEND,DATA,140,1060,""
327.920,sender,afd52c65-5ce1-4c35-a594-c7ab9f56a53f,SEND,DATA,141,1060,""
327.923,sender,afd52c65-5ce1-4c35-a594-c7ab9f56a53f,SEND,DATA,142,1060,""
327.925,sender,afd52c65-5ce1-4c35-a594-c7ab9f56a53f,SEND,DATA,143,1060,""
327.928,sender,afd52c65-5ce1-4c35-a594-c7ab9f56a53f,SEND,DATA,144,1060,""
327.931,sender,afd52c65-5ce1-4c35-a594-c7ab9f56a53f,SEND,DATA,145,1060,""
327.934,sender,afd52c65-5ce1-4c35-a594-c7ab9f56a53f,SEND,DATA,146,1060,""
327.937,sender,afd52c65-5ce1-4c35-a594-c7ab9f56a53f,SEND,DATA,147,1060,""
327.944,sender,afd52c65-5ce1-4c35-a594-c7ab9f56a53f,RECEIVE,ACK,99,36,""
327.968,sender,afd52c65-5ce1-4c35-a594-c7ab9f56a53f,ACKNOWLEDGED,ACK,99,0,""
327.970,sender,afd52c65-5ce1-4c35-a594-c7ab9f56a53f,CONFIRM_DATA,ACK,99,1024,"unique file bytes acknowledged"
327.973,sender,afd52c65-5ce1-4c35-a594-c7ab9f56a53f,RTT_SAMPLE,ACK,99,0,"109.440200"
327.978,sender,afd52c65-5ce1-4c35-a594-c7ab9f56a53f,RECEIVE,ACK,84,36,""
327.981,sender,afd52c65-5ce1-4c35-a594-c7ab9f56a53f,ACKNOWLEDGED,ACK,84,0,""
327.983,sender,afd52c65-5ce1-4c35-a594-c7ab9f56a53f,CONFIRM_DATA,ACK,84,1024,"unique file bytes acknowledged"
327.986,sender,afd52c65-5ce1-4c35-a594-c7ab9f56a53f,RTT_SAMPLE,ACK,84,0,"109.522200"
327.989,sender,afd52c65-5ce1-4c35-a594-c7ab9f56a53f,SEND,DATA,148,1060,""
327.992,sender,afd52c65-5ce1-4c35-a594-c7ab9f56a53f,SEND,DATA,149,1060,""
327.995,sender,afd52c65-5ce1-4c35-a594-c7ab9f56a53f,SEND,DATA,150,1060,""
327.998,sender,afd52c65-5ce1-4c35-a594-c7ab9f56a53f,SEND,DATA,151,1060,""
328.006,sender,afd52c65-5ce1-4c35-a594-c7ab9f56a53f,RECEIVE,ACK,120,36,""
328.009,sender,afd52c65-5ce1-4c35-a594-c7ab9f56a53f,ACKNOWLEDGED,ACK,120,0,""
328.011,sender,afd52c65-5ce1-4c35-a594-c7ab9f56a53f,CONFIRM_DATA,ACK,120,1024,"unique file bytes acknowledged"
328.014,sender,afd52c65-5ce1-4c35-a594-c7ab9f56a53f,RTT_SAMPLE,ACK,120,0,"95.262100"
328.019,sender,afd52c65-5ce1-4c35-a594-c7ab9f56a53f,RECEIVE,ACK,121,36,""
328.021,sender,afd52c65-5ce1-4c35-a594-c7ab9f56a53f,ACKNOWLEDGED,ACK,121,0,""
328.023,sender,afd52c65-5ce1-4c35-a594-c7ab9f56a53f,CONFIRM_DATA,ACK,121,1024,"unique file bytes acknowledged"
328.026,sender,afd52c65-5ce1-4c35-a594-c7ab9f56a53f,RTT_SAMPLE,ACK,121,0,"95.268900"
328.031,sender,afd52c65-5ce1-4c35-a594-c7ab9f56a53f,RECEIVE,ACK,115,36,""
328.034,sender,afd52c65-5ce1-4c35-a594-c7ab9f56a53f,ACKNOWLEDGED,ACK,115,0,""
328.036,sender,afd52c65-5ce1-4c35-a594-c7ab9f56a53f,CONFIRM_DATA,ACK,115,1024,"unique file bytes acknowledged"
328.039,sender,afd52c65-5ce1-4c35-a594-c7ab9f56a53f,RTT_SAMPLE,ACK,115,0,"95.317300"
328.044,sender,afd52c65-5ce1-4c35-a594-c7ab9f56a53f,RECEIVE,ACK,113,36,""
328.047,sender,afd52c65-5ce1-4c35-a594-c7ab9f56a53f,ACKNOWLEDGED,ACK,113,0,""
328.049,sender,afd52c65-5ce1-4c35-a594-c7ab9f56a53f,CONFIRM_DATA,ACK,113,1024,"unique file bytes acknowledged"
328.052,sender,afd52c65-5ce1-4c35-a594-c7ab9f56a53f,RTT_SAMPLE,ACK,113,0,"95.342600"
328.057,sender,afd52c65-5ce1-4c35-a594-c7ab9f56a53f,RECEIVE,ACK,116,36,""
328.059,sender,afd52c65-5ce1-4c35-a594-c7ab9f56a53f,ACKNOWLEDGED,ACK,116,0,""
328.062,sender,afd52c65-5ce1-4c35-a594-c7ab9f56a53f,CONFIRM_DATA,ACK,116,1024,"unique file bytes acknowledged"
328.065,sender,afd52c65-5ce1-4c35-a594-c7ab9f56a53f,RTT_SAMPLE,ACK,116,0,"95.337200"
328.070,sender,afd52c65-5ce1-4c35-a594-c7ab9f56a53f,RECEIVE,ACK,94,36,""
328.072,sender,afd52c65-5ce1-4c35-a594-c7ab9f56a53f,ACKNOWLEDGED,ACK,94,0,""
328.074,sender,afd52c65-5ce1-4c35-a594-c7ab9f56a53f,CONFIRM_DATA,ACK,94,1024,"unique file bytes acknowledged"
328.077,sender,afd52c65-5ce1-4c35-a594-c7ab9f56a53f,RTT_SAMPLE,ACK,94,0,"109.563100"
328.082,sender,afd52c65-5ce1-4c35-a594-c7ab9f56a53f,RECEIVE,ACK,88,36,""
328.084,sender,afd52c65-5ce1-4c35-a594-c7ab9f56a53f,ACKNOWLEDGED,ACK,88,0,""
328.087,sender,afd52c65-5ce1-4c35-a594-c7ab9f56a53f,CONFIRM_DATA,ACK,88,1024,"unique file bytes acknowledged"
328.090,sender,afd52c65-5ce1-4c35-a594-c7ab9f56a53f,RTT_SAMPLE,ACK,88,0,"109.612800"
328.093,sender,afd52c65-5ce1-4c35-a594-c7ab9f56a53f,SEND,DATA,152,1060,""
328.096,sender,afd52c65-5ce1-4c35-a594-c7ab9f56a53f,SEND,DATA,153,1060,""
328.099,sender,afd52c65-5ce1-4c35-a594-c7ab9f56a53f,SEND,DATA,154,1060,""
328.101,sender,afd52c65-5ce1-4c35-a594-c7ab9f56a53f,SEND,DATA,155,1060,""
328.104,sender,afd52c65-5ce1-4c35-a594-c7ab9f56a53f,SEND,DATA,156,1060,""
328.107,sender,afd52c65-5ce1-4c35-a594-c7ab9f56a53f,SEND,DATA,157,1060,""
328.110,sender,afd52c65-5ce1-4c35-a594-c7ab9f56a53f,SEND,DATA,158,1060,""
328.113,sender,afd52c65-5ce1-4c35-a594-c7ab9f56a53f,SEND,DATA,159,1060,""
328.115,sender,afd52c65-5ce1-4c35-a594-c7ab9f56a53f,SEND,DATA,160,1060,""
328.118,sender,afd52c65-5ce1-4c35-a594-c7ab9f56a53f,SEND,DATA,161,1060,""
328.121,sender,afd52c65-5ce1-4c35-a594-c7ab9f56a53f,SEND,DATA,162,1060,""
328.124,sender,afd52c65-5ce1-4c35-a594-c7ab9f56a53f,SEND,DATA,163,1060,""
328.127,sender,afd52c65-5ce1-4c35-a594-c7ab9f56a53f,SEND,DATA,164,1060,""
328.129,sender,afd52c65-5ce1-4c35-a594-c7ab9f56a53f,SEND,DATA,165,1060,""
328.164,sender,afd52c65-5ce1-4c35-a594-c7ab9f56a53f,SEND,DATA,166,1060,""
328.167,sender,afd52c65-5ce1-4c35-a594-c7ab9f56a53f,SEND,DATA,167,1060,""
328.170,sender,afd52c65-5ce1-4c35-a594-c7ab9f56a53f,SEND,DATA,168,1060,""
328.173,sender,afd52c65-5ce1-4c35-a594-c7ab9f56a53f,SEND,DATA,169,1060,""
328.176,sender,afd52c65-5ce1-4c35-a594-c7ab9f56a53f,SEND,DATA,170,1060,""
328.178,sender,afd52c65-5ce1-4c35-a594-c7ab9f56a53f,SEND,DATA,171,1060,""
328.181,sender,afd52c65-5ce1-4c35-a594-c7ab9f56a53f,SEND,DATA,172,1060,""
328.184,sender,afd52c65-5ce1-4c35-a594-c7ab9f56a53f,SEND,DATA,173,1060,""
328.187,sender,afd52c65-5ce1-4c35-a594-c7ab9f56a53f,SEND,DATA,174,1060,""
328.192,sender,afd52c65-5ce1-4c35-a594-c7ab9f56a53f,RECEIVE,ACK,119,36,""
328.194,sender,afd52c65-5ce1-4c35-a594-c7ab9f56a53f,ACKNOWLEDGED,ACK,119,0,""
328.197,sender,afd52c65-5ce1-4c35-a594-c7ab9f56a53f,CONFIRM_DATA,ACK,119,1024,"unique file bytes acknowledged"
328.199,sender,afd52c65-5ce1-4c35-a594-c7ab9f56a53f,RTT_SAMPLE,ACK,119,0,"95.454100"
343.552,sender,afd52c65-5ce1-4c35-a594-c7ab9f56a53f,EMIT,DATA,132,1060,""
343.573,sender,afd52c65-5ce1-4c35-a594-c7ab9f56a53f,RECEIVE,ACK,111,36,""
343.594,sender,afd52c65-5ce1-4c35-a594-c7ab9f56a53f,ACKNOWLEDGED,ACK,111,0,""
343.598,sender,afd52c65-5ce1-4c35-a594-c7ab9f56a53f,EMIT,DATA,128,1060,""
343.603,sender,afd52c65-5ce1-4c35-a594-c7ab9f56a53f,CONFIRM_DATA,ACK,111,1024,"unique file bytes acknowledged"
343.608,sender,afd52c65-5ce1-4c35-a594-c7ab9f56a53f,RTT_SAMPLE,ACK,111,0,"110.933500"
343.613,sender,afd52c65-5ce1-4c35-a594-c7ab9f56a53f,EMIT,DATA,130,1060,""
343.617,sender,afd52c65-5ce1-4c35-a594-c7ab9f56a53f,SEND,DATA,175,1060,""
343.623,sender,afd52c65-5ce1-4c35-a594-c7ab9f56a53f,SEND,DATA,176,1060,""
343.627,sender,afd52c65-5ce1-4c35-a594-c7ab9f56a53f,SEND,DATA,177,1060,""
343.634,sender,afd52c65-5ce1-4c35-a594-c7ab9f56a53f,RECEIVE,ACK,114,36,""
343.649,sender,afd52c65-5ce1-4c35-a594-c7ab9f56a53f,ACKNOWLEDGED,ACK,114,0,""
343.652,sender,afd52c65-5ce1-4c35-a594-c7ab9f56a53f,CONFIRM_DATA,ACK,114,1024,"unique file bytes acknowledged"
343.655,sender,afd52c65-5ce1-4c35-a594-c7ab9f56a53f,RTT_SAMPLE,ACK,114,0,"110.939700"
343.660,sender,afd52c65-5ce1-4c35-a594-c7ab9f56a53f,SEND,DATA,178,1060,""
343.663,sender,afd52c65-5ce1-4c35-a594-c7ab9f56a53f,SEND,DATA,179,1060,""
343.667,sender,afd52c65-5ce1-4c35-a594-c7ab9f56a53f,SEND,DATA,180,1060,""
343.670,sender,afd52c65-5ce1-4c35-a594-c7ab9f56a53f,SEND,DATA,181,1060,""
343.674,sender,afd52c65-5ce1-4c35-a594-c7ab9f56a53f,SEND,DATA,182,1060,""
343.677,sender,afd52c65-5ce1-4c35-a594-c7ab9f56a53f,SEND,DATA,183,1060,""
343.680,sender,afd52c65-5ce1-4c35-a594-c7ab9f56a53f,SEND,DATA,184,1060,""
343.684,sender,afd52c65-5ce1-4c35-a594-c7ab9f56a53f,SEND,DATA,185,1060,""
343.714,sender,afd52c65-5ce1-4c35-a594-c7ab9f56a53f,SEND,DATA,186,1060,""
343.718,sender,afd52c65-5ce1-4c35-a594-c7ab9f56a53f,SEND,DATA,187,1060,""
343.721,sender,afd52c65-5ce1-4c35-a594-c7ab9f56a53f,SEND,DATA,188,1060,""
343.728,sender,afd52c65-5ce1-4c35-a594-c7ab9f56a53f,RECEIVE,ACK,125,36,""
343.731,sender,afd52c65-5ce1-4c35-a594-c7ab9f56a53f,ACKNOWLEDGED,ACK,125,0,""
343.738,sender,afd52c65-5ce1-4c35-a594-c7ab9f56a53f,CONFIRM_DATA,ACK,125,1024,"unique file bytes acknowledged"
343.741,sender,afd52c65-5ce1-4c35-a594-c7ab9f56a53f,RTT_SAMPLE,ACK,125,0,"110.948600"
343.745,sender,afd52c65-5ce1-4c35-a594-c7ab9f56a53f,SEND,DATA,189,1060,""
343.748,sender,afd52c65-5ce1-4c35-a594-c7ab9f56a53f,SEND,DATA,190,1060,""
343.751,sender,afd52c65-5ce1-4c35-a594-c7ab9f56a53f,SEND,DATA,191,1060,""
359.767,sender,afd52c65-5ce1-4c35-a594-c7ab9f56a53f,RECEIVE,ACK,131,36,""
359.784,sender,afd52c65-5ce1-4c35-a594-c7ab9f56a53f,EMIT,DATA,133,1060,""
359.806,sender,afd52c65-5ce1-4c35-a594-c7ab9f56a53f,ACKNOWLEDGED,ACK,131,0,""
359.813,sender,afd52c65-5ce1-4c35-a594-c7ab9f56a53f,CONFIRM_DATA,ACK,131,1024,"unique file bytes acknowledged"
359.821,sender,afd52c65-5ce1-4c35-a594-c7ab9f56a53f,RTT_SAMPLE,ACK,131,0,"63.901000"
359.837,sender,afd52c65-5ce1-4c35-a594-c7ab9f56a53f,EMIT,DATA,134,1060,""
359.867,sender,afd52c65-5ce1-4c35-a594-c7ab9f56a53f,EMIT,DATA,136,1060,""
359.969,sender,afd52c65-5ce1-4c35-a594-c7ab9f56a53f,EMIT,DATA,135,1060,""
360.051,sender,afd52c65-5ce1-4c35-a594-c7ab9f56a53f,EMIT,DATA,137,1060,""
360.074,sender,afd52c65-5ce1-4c35-a594-c7ab9f56a53f,EMIT,DATA,139,1060,""
360.091,sender,afd52c65-5ce1-4c35-a594-c7ab9f56a53f,EMIT,DATA,166,1060,""
360.112,sender,afd52c65-5ce1-4c35-a594-c7ab9f56a53f,EMIT,DATA,170,1060,""
360.136,sender,afd52c65-5ce1-4c35-a594-c7ab9f56a53f,EMIT,DATA,142,1060,""
360.151,sender,afd52c65-5ce1-4c35-a594-c7ab9f56a53f,EMIT,DATA,174,1060,""
360.165,sender,afd52c65-5ce1-4c35-a594-c7ab9f56a53f,EMIT,DATA,146,1060,""
360.178,sender,afd52c65-5ce1-4c35-a594-c7ab9f56a53f,EMIT,DATA,172,1060,""
360.191,sender,afd52c65-5ce1-4c35-a594-c7ab9f56a53f,EMIT,DATA,160,1060,""
360.204,sender,afd52c65-5ce1-4c35-a594-c7ab9f56a53f,EMIT,DATA,154,1060,""
374.743,sender,afd52c65-5ce1-4c35-a594-c7ab9f56a53f,RECEIVE,ACK,129,36,""
374.756,sender,afd52c65-5ce1-4c35-a594-c7ab9f56a53f,EMIT,DATA,147,1060,""
374.767,sender,afd52c65-5ce1-4c35-a594-c7ab9f56a53f,ACKNOWLEDGED,ACK,129,0,""
374.771,sender,afd52c65-5ce1-4c35-a594-c7ab9f56a53f,CONFIRM_DATA,ACK,129,1024,"unique file bytes acknowledged"
374.776,sender,afd52c65-5ce1-4c35-a594-c7ab9f56a53f,RTT_SAMPLE,ACK,129,0,"94.312400"
374.779,sender,afd52c65-5ce1-4c35-a594-c7ab9f56a53f,EMIT,DATA,148,1060,""
374.789,sender,afd52c65-5ce1-4c35-a594-c7ab9f56a53f,EMIT,DATA,138,1060,""
374.799,sender,afd52c65-5ce1-4c35-a594-c7ab9f56a53f,EMIT,DATA,165,1060,""
374.807,sender,afd52c65-5ce1-4c35-a594-c7ab9f56a53f,EMIT,DATA,140,1060,""
374.815,sender,afd52c65-5ce1-4c35-a594-c7ab9f56a53f,EMIT,DATA,143,1060,""
374.823,sender,afd52c65-5ce1-4c35-a594-c7ab9f56a53f,EMIT,DATA,144,1060,""
374.831,sender,afd52c65-5ce1-4c35-a594-c7ab9f56a53f,EMIT,DATA,169,1060,""
374.839,sender,afd52c65-5ce1-4c35-a594-c7ab9f56a53f,EMIT,DATA,155,1060,""
374.847,sender,afd52c65-5ce1-4c35-a594-c7ab9f56a53f,EMIT,DATA,145,1060,""
374.855,sender,afd52c65-5ce1-4c35-a594-c7ab9f56a53f,EMIT,DATA,159,1060,""
374.863,sender,afd52c65-5ce1-4c35-a594-c7ab9f56a53f,EMIT,DATA,171,1060,""
374.871,sender,afd52c65-5ce1-4c35-a594-c7ab9f56a53f,EMIT,DATA,182,1060,""
374.879,sender,afd52c65-5ce1-4c35-a594-c7ab9f56a53f,EMIT,DATA,173,1060,""
374.887,sender,afd52c65-5ce1-4c35-a594-c7ab9f56a53f,EMIT,DATA,185,1060,""
374.895,sender,afd52c65-5ce1-4c35-a594-c7ab9f56a53f,EMIT,DATA,141,1060,""
374.903,sender,afd52c65-5ce1-4c35-a594-c7ab9f56a53f,EMIT,DATA,151,1060,""
374.911,sender,afd52c65-5ce1-4c35-a594-c7ab9f56a53f,EMIT,DATA,156,1060,""
374.919,sender,afd52c65-5ce1-4c35-a594-c7ab9f56a53f,EMIT,DATA,178,1060,""
374.927,sender,afd52c65-5ce1-4c35-a594-c7ab9f56a53f,EMIT,DATA,157,1060,""
374.935,sender,afd52c65-5ce1-4c35-a594-c7ab9f56a53f,EMIT,DATA,161,1060,""
374.942,sender,afd52c65-5ce1-4c35-a594-c7ab9f56a53f,EMIT,DATA,168,1060,""
390.534,sender,afd52c65-5ce1-4c35-a594-c7ab9f56a53f,EMIT,DATA,149,1060,""
390.563,sender,afd52c65-5ce1-4c35-a594-c7ab9f56a53f,EMIT,DATA,153,1060,""
390.572,sender,afd52c65-5ce1-4c35-a594-c7ab9f56a53f,EMIT,DATA,167,1060,""
390.582,sender,afd52c65-5ce1-4c35-a594-c7ab9f56a53f,EMIT,DATA,162,1060,""
390.601,sender,afd52c65-5ce1-4c35-a594-c7ab9f56a53f,EMIT,DATA,163,1060,""
390.613,sender,afd52c65-5ce1-4c35-a594-c7ab9f56a53f,EMIT,DATA,164,1060,""
390.621,sender,afd52c65-5ce1-4c35-a594-c7ab9f56a53f,EMIT,DATA,179,1060,""
390.625,sender,afd52c65-5ce1-4c35-a594-c7ab9f56a53f,RECEIVE,ACK,128,36,""
390.638,sender,afd52c65-5ce1-4c35-a594-c7ab9f56a53f,EMIT,DATA,180,1060,""
390.641,sender,afd52c65-5ce1-4c35-a594-c7ab9f56a53f,ACKNOWLEDGED,ACK,128,0,""
390.646,sender,afd52c65-5ce1-4c35-a594-c7ab9f56a53f,EMIT,DATA,183,1060,""
390.649,sender,afd52c65-5ce1-4c35-a594-c7ab9f56a53f,CONFIRM_DATA,ACK,128,1024,"unique file bytes acknowledged"
390.656,sender,afd52c65-5ce1-4c35-a594-c7ab9f56a53f,RTT_SAMPLE,ACK,128,0,"110.197000"
390.660,sender,afd52c65-5ce1-4c35-a594-c7ab9f56a53f,EMIT,DATA,176,1060,""
390.664,sender,afd52c65-5ce1-4c35-a594-c7ab9f56a53f,SEND,DATA,192,1060,""
390.722,sender,afd52c65-5ce1-4c35-a594-c7ab9f56a53f,SEND,DATA,193,1060,""
390.743,sender,afd52c65-5ce1-4c35-a594-c7ab9f56a53f,RECEIVE,ACK,130,36,""
390.749,sender,afd52c65-5ce1-4c35-a594-c7ab9f56a53f,ACKNOWLEDGED,ACK,130,0,""
390.754,sender,afd52c65-5ce1-4c35-a594-c7ab9f56a53f,CONFIRM_DATA,ACK,130,1024,"unique file bytes acknowledged"
390.760,sender,afd52c65-5ce1-4c35-a594-c7ab9f56a53f,RTT_SAMPLE,ACK,130,0,"94.862000"
390.766,sender,afd52c65-5ce1-4c35-a594-c7ab9f56a53f,SEND,DATA,194,1060,""
390.772,sender,afd52c65-5ce1-4c35-a594-c7ab9f56a53f,SEND,DATA,195,1060,""
390.792,sender,afd52c65-5ce1-4c35-a594-c7ab9f56a53f,EMIT,DATA,150,1060,""
390.802,sender,afd52c65-5ce1-4c35-a594-c7ab9f56a53f,RECEIVE,ACK,132,36,""
390.808,sender,afd52c65-5ce1-4c35-a594-c7ab9f56a53f,ACKNOWLEDGED,ACK,132,0,""
390.813,sender,afd52c65-5ce1-4c35-a594-c7ab9f56a53f,CONFIRM_DATA,ACK,132,1024,"unique file bytes acknowledged"
390.819,sender,afd52c65-5ce1-4c35-a594-c7ab9f56a53f,RTT_SAMPLE,ACK,132,0,"94.723500"
390.825,sender,afd52c65-5ce1-4c35-a594-c7ab9f56a53f,SEND,DATA,196,1060,""
390.831,sender,afd52c65-5ce1-4c35-a594-c7ab9f56a53f,EMIT,DATA,152,1060,""
390.838,sender,afd52c65-5ce1-4c35-a594-c7ab9f56a53f,RECEIVE,ACK,172,36,""
390.843,sender,afd52c65-5ce1-4c35-a594-c7ab9f56a53f,EMIT,DATA,158,1060,""
390.846,sender,afd52c65-5ce1-4c35-a594-c7ab9f56a53f,ACKNOWLEDGED,ACK,172,0,""
390.851,sender,afd52c65-5ce1-4c35-a594-c7ab9f56a53f,CONFIRM_DATA,ACK,172,1024,"unique file bytes acknowledged"
390.855,sender,afd52c65-5ce1-4c35-a594-c7ab9f56a53f,EMIT,DATA,181,1060,""
390.859,sender,afd52c65-5ce1-4c35-a594-c7ab9f56a53f,RTT_SAMPLE,ACK,172,0,"62.674400"
390.864,sender,afd52c65-5ce1-4c35-a594-c7ab9f56a53f,EMIT,DATA,187,1060,""
390.872,sender,afd52c65-5ce1-4c35-a594-c7ab9f56a53f,RECEIVE,ACK,166,36,""
390.877,sender,afd52c65-5ce1-4c35-a594-c7ab9f56a53f,EMIT,DATA,186,1060,""
390.880,sender,afd52c65-5ce1-4c35-a594-c7ab9f56a53f,ACKNOWLEDGED,ACK,166,0,""
390.885,sender,afd52c65-5ce1-4c35-a594-c7ab9f56a53f,CONFIRM_DATA,ACK,166,1024,"unique file bytes acknowledged"
390.889,sender,afd52c65-5ce1-4c35-a594-c7ab9f56a53f,EMIT,DATA,184,1060,""
390.893,sender,afd52c65-5ce1-4c35-a594-c7ab9f56a53f,RTT_SAMPLE,ACK,166,0,"62.725500"
390.897,sender,afd52c65-5ce1-4c35-a594-c7ab9f56a53f,EMIT,DATA,189,1060,""
390.905,sender,afd52c65-5ce1-4c35-a594-c7ab9f56a53f,RECEIVE,ACK,137,36,""
390.910,sender,afd52c65-5ce1-4c35-a594-c7ab9f56a53f,EMIT,DATA,177,1060,""
390.913,sender,afd52c65-5ce1-4c35-a594-c7ab9f56a53f,ACKNOWLEDGED,ACK,137,0,""
390.918,sender,afd52c65-5ce1-4c35-a594-c7ab9f56a53f,CONFIRM_DATA,ACK,137,1024,"unique file bytes acknowledged"
390.922,sender,afd52c65-5ce1-4c35-a594-c7ab9f56a53f,EMIT,DATA,190,1060,""
390.926,sender,afd52c65-5ce1-4c35-a594-c7ab9f56a53f,RTT_SAMPLE,ACK,137,0,"78.687000"
390.931,sender,afd52c65-5ce1-4c35-a594-c7ab9f56a53f,EMIT,DATA,191,1060,""
405.942,sender,afd52c65-5ce1-4c35-a594-c7ab9f56a53f,EMIT,DATA,175,1060,""
405.970,sender,afd52c65-5ce1-4c35-a594-c7ab9f56a53f,EMIT,DATA,188,1060,""
406.037,sender,afd52c65-5ce1-4c35-a594-c7ab9f56a53f,RECEIVE,ACK,146,36,""
406.061,sender,afd52c65-5ce1-4c35-a594-c7ab9f56a53f,ACKNOWLEDGED,ACK,146,0,""
406.069,sender,afd52c65-5ce1-4c35-a594-c7ab9f56a53f,CONFIRM_DATA,ACK,146,1024,"unique file bytes acknowledged"
406.088,sender,afd52c65-5ce1-4c35-a594-c7ab9f56a53f,RTT_SAMPLE,ACK,146,0,"78.150100"
406.105,sender,afd52c65-5ce1-4c35-a594-c7ab9f56a53f,RECEIVE,ACK,142,36,""
406.112,sender,afd52c65-5ce1-4c35-a594-c7ab9f56a53f,ACKNOWLEDGED,ACK,142,0,""
406.118,sender,afd52c65-5ce1-4c35-a594-c7ab9f56a53f,CONFIRM_DATA,ACK,142,1024,"unique file bytes acknowledged"
406.127,sender,afd52c65-5ce1-4c35-a594-c7ab9f56a53f,RTT_SAMPLE,ACK,142,0,"78.202600"
406.141,sender,afd52c65-5ce1-4c35-a594-c7ab9f56a53f,RECEIVE,ACK,160,36,""
406.148,sender,afd52c65-5ce1-4c35-a594-c7ab9f56a53f,ACKNOWLEDGED,ACK,160,0,""
406.155,sender,afd52c65-5ce1-4c35-a594-c7ab9f56a53f,CONFIRM_DATA,ACK,160,1024,"unique file bytes acknowledged"
406.163,sender,afd52c65-5ce1-4c35-a594-c7ab9f56a53f,RTT_SAMPLE,ACK,160,0,"78.045700"
406.177,sender,afd52c65-5ce1-4c35-a594-c7ab9f56a53f,RECEIVE,ACK,133,36,""
406.184,sender,afd52c65-5ce1-4c35-a594-c7ab9f56a53f,ACKNOWLEDGED,ACK,133,0,""
406.190,sender,afd52c65-5ce1-4c35-a594-c7ab9f56a53f,CONFIRM_DATA,ACK,133,1024,"unique file bytes acknowledged"
406.199,sender,afd52c65-5ce1-4c35-a594-c7ab9f56a53f,RTT_SAMPLE,ACK,133,0,"110.097500"
406.209,sender,afd52c65-5ce1-4c35-a594-c7ab9f56a53f,SEND,DATA,197,1060,""
406.225,sender,afd52c65-5ce1-4c35-a594-c7ab9f56a53f,RECEIVE,ACK,139,36,""
406.232,sender,afd52c65-5ce1-4c35-a594-c7ab9f56a53f,ACKNOWLEDGED,ACK,139,0,""
406.238,sender,afd52c65-5ce1-4c35-a594-c7ab9f56a53f,CONFIRM_DATA,ACK,139,1024,"unique file bytes acknowledged"
406.246,sender,afd52c65-5ce1-4c35-a594-c7ab9f56a53f,RTT_SAMPLE,ACK,139,0,"78.331100"
406.261,sender,afd52c65-5ce1-4c35-a594-c7ab9f56a53f,RECEIVE,ACK,154,36,""
406.269,sender,afd52c65-5ce1-4c35-a594-c7ab9f56a53f,ACKNOWLEDGED,ACK,154,0,""
406.275,sender,afd52c65-5ce1-4c35-a594-c7ab9f56a53f,CONFIRM_DATA,ACK,154,1024,"unique file bytes acknowledged"
406.283,sender,afd52c65-5ce1-4c35-a594-c7ab9f56a53f,RTT_SAMPLE,ACK,154,0,"78.183300"
406.298,sender,afd52c65-5ce1-4c35-a594-c7ab9f56a53f,RECEIVE,ACK,178,36,""
406.305,sender,afd52c65-5ce1-4c35-a594-c7ab9f56a53f,ACKNOWLEDGED,ACK,178,0,""
406.311,sender,afd52c65-5ce1-4c35-a594-c7ab9f56a53f,CONFIRM_DATA,ACK,178,1024,"unique file bytes acknowledged"
406.319,sender,afd52c65-5ce1-4c35-a594-c7ab9f56a53f,RTT_SAMPLE,ACK,178,0,"62.658100"
406.334,sender,afd52c65-5ce1-4c35-a594-c7ab9f56a53f,RECEIVE,ACK,148,36,""
406.341,sender,afd52c65-5ce1-4c35-a594-c7ab9f56a53f,ACKNOWLEDGED,ACK,148,0,""
406.347,sender,afd52c65-5ce1-4c35-a594-c7ab9f56a53f,CONFIRM_DATA,ACK,148,1024,"unique file bytes acknowledged"
406.355,sender,afd52c65-5ce1-4c35-a594-c7ab9f56a53f,RTT_SAMPLE,ACK,148,0,"78.364100"
406.378,sender,afd52c65-5ce1-4c35-a594-c7ab9f56a53f,RECEIVE,ACK,151,36,""
406.385,sender,afd52c65-5ce1-4c35-a594-c7ab9f56a53f,ACKNOWLEDGED,ACK,151,0,""
406.391,sender,afd52c65-5ce1-4c35-a594-c7ab9f56a53f,CONFIRM_DATA,ACK,151,1024,"unique file bytes acknowledged"
406.400,sender,afd52c65-5ce1-4c35-a594-c7ab9f56a53f,RTT_SAMPLE,ACK,151,0,"78.399600"
406.414,sender,afd52c65-5ce1-4c35-a594-c7ab9f56a53f,RECEIVE,ACK,161,36,""
406.421,sender,afd52c65-5ce1-4c35-a594-c7ab9f56a53f,ACKNOWLEDGED,ACK,161,0,""
406.427,sender,afd52c65-5ce1-4c35-a594-c7ab9f56a53f,CONFIRM_DATA,ACK,161,1024,"unique file bytes acknowledged"
406.435,sender,afd52c65-5ce1-4c35-a594-c7ab9f56a53f,RTT_SAMPLE,ACK,161,0,"78.315100"
406.459,sender,afd52c65-5ce1-4c35-a594-c7ab9f56a53f,RECEIVE,ACK,135,36,""
406.466,sender,afd52c65-5ce1-4c35-a594-c7ab9f56a53f,ACKNOWLEDGED,ACK,135,0,""
406.472,sender,afd52c65-5ce1-4c35-a594-c7ab9f56a53f,CONFIRM_DATA,ACK,135,1024,"unique file bytes acknowledged"
406.481,sender,afd52c65-5ce1-4c35-a594-c7ab9f56a53f,RTT_SAMPLE,ACK,135,0,"94.392000"
421.405,sender,afd52c65-5ce1-4c35-a594-c7ab9f56a53f,RECEIVE,ACK,156,36,""
421.419,sender,afd52c65-5ce1-4c35-a594-c7ab9f56a53f,ACKNOWLEDGED,ACK,156,0,""
421.422,sender,afd52c65-5ce1-4c35-a594-c7ab9f56a53f,CONFIRM_DATA,ACK,156,1024,"unique file bytes acknowledged"
421.441,sender,afd52c65-5ce1-4c35-a594-c7ab9f56a53f,RTT_SAMPLE,ACK,156,0,"93.334000"
421.449,sender,afd52c65-5ce1-4c35-a594-c7ab9f56a53f,RECEIVE,ACK,174,36,""
421.452,sender,afd52c65-5ce1-4c35-a594-c7ab9f56a53f,ACKNOWLEDGED,ACK,174,0,""
421.455,sender,afd52c65-5ce1-4c35-a594-c7ab9f56a53f,CONFIRM_DATA,ACK,174,1024,"unique file bytes acknowledged"
421.458,sender,afd52c65-5ce1-4c35-a594-c7ab9f56a53f,RTT_SAMPLE,ACK,174,0,"93.271000"
421.465,sender,afd52c65-5ce1-4c35-a594-c7ab9f56a53f,RECEIVE,ACK,182,36,""
421.467,sender,afd52c65-5ce1-4c35-a594-c7ab9f56a53f,ACKNOWLEDGED,ACK,182,0,""
421.470,sender,afd52c65-5ce1-4c35-a594-c7ab9f56a53f,CONFIRM_DATA,ACK,182,1024,"unique file bytes acknowledged"
421.474,sender,afd52c65-5ce1-4c35-a594-c7ab9f56a53f,RTT_SAMPLE,ACK,182,0,"77.799500"
421.480,sender,afd52c65-5ce1-4c35-a594-c7ab9f56a53f,RECEIVE,ACK,165,36,""
421.483,sender,afd52c65-5ce1-4c35-a594-c7ab9f56a53f,ACKNOWLEDGED,ACK,165,0,""
421.667,sender,afd52c65-5ce1-4c35-a594-c7ab9f56a53f,CONFIRM_DATA,ACK,165,1024,"unique file bytes acknowledged"
421.677,sender,afd52c65-5ce1-4c35-a594-c7ab9f56a53f,RTT_SAMPLE,ACK,165,0,"93.545700"
421.696,sender,afd52c65-5ce1-4c35-a594-c7ab9f56a53f,RECEIVE,ACK,155,36,""
421.700,sender,afd52c65-5ce1-4c35-a594-c7ab9f56a53f,ACKNOWLEDGED,ACK,155,0,""
421.702,sender,afd52c65-5ce1-4c35-a594-c7ab9f56a53f,CONFIRM_DATA,ACK,155,1024,"unique file bytes acknowledged"
421.705,sender,afd52c65-5ce1-4c35-a594-c7ab9f56a53f,RTT_SAMPLE,ACK,155,0,"93.603500"
421.711,sender,afd52c65-5ce1-4c35-a594-c7ab9f56a53f,RECEIVE,ACK,134,36,""
421.714,sender,afd52c65-5ce1-4c35-a594-c7ab9f56a53f,ACKNOWLEDGED,ACK,134,0,""
421.716,sender,afd52c65-5ce1-4c35-a594-c7ab9f56a53f,CONFIRM_DATA,ACK,134,1024,"unique file bytes acknowledged"
421.719,sender,afd52c65-5ce1-4c35-a594-c7ab9f56a53f,RTT_SAMPLE,ACK,134,0,"125.533100"
421.723,sender,afd52c65-5ce1-4c35-a594-c7ab9f56a53f,SEND,DATA,198,1060,""
421.728,sender,afd52c65-5ce1-4c35-a594-c7ab9f56a53f,SEND,DATA,199,1060,""
421.733,sender,afd52c65-5ce1-4c35-a594-c7ab9f56a53f,RECEIVE,ACK,136,36,""
421.736,sender,afd52c65-5ce1-4c35-a594-c7ab9f56a53f,ACKNOWLEDGED,ACK,136,0,""
421.738,sender,afd52c65-5ce1-4c35-a594-c7ab9f56a53f,CONFIRM_DATA,ACK,136,1024,"unique file bytes acknowledged"
421.741,sender,afd52c65-5ce1-4c35-a594-c7ab9f56a53f,RTT_SAMPLE,ACK,136,0,"109.508900"
421.744,sender,afd52c65-5ce1-4c35-a594-c7ab9f56a53f,SEND,DATA,200,1060,""
421.747,sender,afd52c65-5ce1-4c35-a594-c7ab9f56a53f,SEND,DATA,201,1060,""
421.752,sender,afd52c65-5ce1-4c35-a594-c7ab9f56a53f,RECEIVE,ACK,170,36,""
421.754,sender,afd52c65-5ce1-4c35-a594-c7ab9f56a53f,ACKNOWLEDGED,ACK,170,0,""
421.757,sender,afd52c65-5ce1-4c35-a594-c7ab9f56a53f,CONFIRM_DATA,ACK,170,1024,"unique file bytes acknowledged"
421.760,sender,afd52c65-5ce1-4c35-a594-c7ab9f56a53f,RTT_SAMPLE,ACK,170,0,"93.583700"
421.765,sender,afd52c65-5ce1-4c35-a594-c7ab9f56a53f,RECEIVE,ACK,147,36,""
421.767,sender,afd52c65-5ce1-4c35-a594-c7ab9f56a53f,ACKNOWLEDGED,ACK,147,0,""
421.770,sender,afd52c65-5ce1-4c35-a594-c7ab9f56a53f,CONFIRM_DATA,ACK,147,1024,"unique file bytes acknowledged"
421.773,sender,afd52c65-5ce1-4c35-a594-c7ab9f56a53f,RTT_SAMPLE,ACK,147,0,"93.835600"
421.778,sender,afd52c65-5ce1-4c35-a594-c7ab9f56a53f,RECEIVE,ACK,171,36,""
421.781,sender,afd52c65-5ce1-4c35-a594-c7ab9f56a53f,ACKNOWLEDGED,ACK,171,0,""
421.783,sender,afd52c65-5ce1-4c35-a594-c7ab9f56a53f,CONFIRM_DATA,ACK,171,1024,"unique file bytes acknowledged"
421.786,sender,afd52c65-5ce1-4c35-a594-c7ab9f56a53f,RTT_SAMPLE,ACK,171,0,"93.607200"
421.791,sender,afd52c65-5ce1-4c35-a594-c7ab9f56a53f,RECEIVE,ACK,157,36,""
421.794,sender,afd52c65-5ce1-4c35-a594-c7ab9f56a53f,ACKNOWLEDGED,ACK,157,0,""
421.796,sender,afd52c65-5ce1-4c35-a594-c7ab9f56a53f,CONFIRM_DATA,ACK,157,1024,"unique file bytes acknowledged"
421.799,sender,afd52c65-5ce1-4c35-a594-c7ab9f56a53f,RTT_SAMPLE,ACK,157,0,"93.691700"
421.804,sender,afd52c65-5ce1-4c35-a594-c7ab9f56a53f,RECEIVE,ACK,144,36,""
421.807,sender,afd52c65-5ce1-4c35-a594-c7ab9f56a53f,ACKNOWLEDGED,ACK,144,0,""
421.809,sender,afd52c65-5ce1-4c35-a594-c7ab9f56a53f,CONFIRM_DATA,ACK,144,1024,"unique file bytes acknowledged"
421.812,sender,afd52c65-5ce1-4c35-a594-c7ab9f56a53f,RTT_SAMPLE,ACK,144,0,"93.883300"
421.817,sender,afd52c65-5ce1-4c35-a594-c7ab9f56a53f,RECEIVE,ACK,185,36,""
421.820,sender,afd52c65-5ce1-4c35-a594-c7ab9f56a53f,ACKNOWLEDGED,ACK,185,0,""
421.822,sender,afd52c65-5ce1-4c35-a594-c7ab9f56a53f,CONFIRM_DATA,ACK,185,1024,"unique file bytes acknowledged"
421.825,sender,afd52c65-5ce1-4c35-a594-c7ab9f56a53f,RTT_SAMPLE,ACK,185,0,"78.140800"
421.830,sender,afd52c65-5ce1-4c35-a594-c7ab9f56a53f,RECEIVE,ACK,162,36,""
421.833,sender,afd52c65-5ce1-4c35-a594-c7ab9f56a53f,ACKNOWLEDGED,ACK,162,0,""
421.835,sender,afd52c65-5ce1-4c35-a594-c7ab9f56a53f,CONFIRM_DATA,ACK,162,1024,"unique file bytes acknowledged"
421.838,sender,afd52c65-5ce1-4c35-a594-c7ab9f56a53f,RTT_SAMPLE,ACK,162,0,"93.716500"
421.843,sender,afd52c65-5ce1-4c35-a594-c7ab9f56a53f,RECEIVE,ACK,143,36,""
421.846,sender,afd52c65-5ce1-4c35-a594-c7ab9f56a53f,ACKNOWLEDGED,ACK,143,0,""
421.848,sender,afd52c65-5ce1-4c35-a594-c7ab9f56a53f,CONFIRM_DATA,ACK,143,1024,"unique file bytes acknowledged"
421.851,sender,afd52c65-5ce1-4c35-a594-c7ab9f56a53f,RTT_SAMPLE,ACK,143,0,"93.925300"
421.856,sender,afd52c65-5ce1-4c35-a594-c7ab9f56a53f,RECEIVE,ACK,158,36,""
421.859,sender,afd52c65-5ce1-4c35-a594-c7ab9f56a53f,ACKNOWLEDGED,ACK,158,0,""
421.861,sender,afd52c65-5ce1-4c35-a594-c7ab9f56a53f,CONFIRM_DATA,ACK,158,1024,"unique file bytes acknowledged"
421.864,sender,afd52c65-5ce1-4c35-a594-c7ab9f56a53f,RTT_SAMPLE,ACK,158,0,"93.753900"
421.870,sender,afd52c65-5ce1-4c35-a594-c7ab9f56a53f,RECEIVE,ACK,181,36,""
421.872,sender,afd52c65-5ce1-4c35-a594-c7ab9f56a53f,ACKNOWLEDGED,ACK,181,0,""
421.874,sender,afd52c65-5ce1-4c35-a594-c7ab9f56a53f,CONFIRM_DATA,ACK,181,1024,"unique file bytes acknowledged"
421.878,sender,afd52c65-5ce1-4c35-a594-c7ab9f56a53f,RTT_SAMPLE,ACK,181,0,"78.206700"
421.883,sender,afd52c65-5ce1-4c35-a594-c7ab9f56a53f,RECEIVE,ACK,145,36,""
421.885,sender,afd52c65-5ce1-4c35-a594-c7ab9f56a53f,ACKNOWLEDGED,ACK,145,0,""
421.888,sender,afd52c65-5ce1-4c35-a594-c7ab9f56a53f,CONFIRM_DATA,ACK,145,1024,"unique file bytes acknowledged"
421.891,sender,afd52c65-5ce1-4c35-a594-c7ab9f56a53f,RTT_SAMPLE,ACK,145,0,"93.959100"
421.896,sender,afd52c65-5ce1-4c35-a594-c7ab9f56a53f,RECEIVE,ACK,140,36,""
421.898,sender,afd52c65-5ce1-4c35-a594-c7ab9f56a53f,ACKNOWLEDGED,ACK,140,0,""
421.901,sender,afd52c65-5ce1-4c35-a594-c7ab9f56a53f,CONFIRM_DATA,ACK,140,1024,"unique file bytes acknowledged"
421.904,sender,afd52c65-5ce1-4c35-a594-c7ab9f56a53f,RTT_SAMPLE,ACK,140,0,"93.986600"
421.909,sender,afd52c65-5ce1-4c35-a594-c7ab9f56a53f,RECEIVE,ACK,187,36,""
421.911,sender,afd52c65-5ce1-4c35-a594-c7ab9f56a53f,ACKNOWLEDGED,ACK,187,0,""
421.914,sender,afd52c65-5ce1-4c35-a594-c7ab9f56a53f,CONFIRM_DATA,ACK,187,1024,"unique file bytes acknowledged"
421.917,sender,afd52c65-5ce1-4c35-a594-c7ab9f56a53f,RTT_SAMPLE,ACK,187,0,"78.198900"
421.922,sender,afd52c65-5ce1-4c35-a594-c7ab9f56a53f,RECEIVE,ACK,153,36,""
421.924,sender,afd52c65-5ce1-4c35-a594-c7ab9f56a53f,ACKNOWLEDGED,ACK,153,0,""
421.927,sender,afd52c65-5ce1-4c35-a594-c7ab9f56a53f,CONFIRM_DATA,ACK,153,1024,"unique file bytes acknowledged"
421.930,sender,afd52c65-5ce1-4c35-a594-c7ab9f56a53f,RTT_SAMPLE,ACK,153,0,"93.833700"
421.935,sender,afd52c65-5ce1-4c35-a594-c7ab9f56a53f,RECEIVE,ACK,164,36,""
421.937,sender,afd52c65-5ce1-4c35-a594-c7ab9f56a53f,ACKNOWLEDGED,ACK,164,0,""
422.053,sender,afd52c65-5ce1-4c35-a594-c7ab9f56a53f,CONFIRM_DATA,ACK,164,1024,"unique file bytes acknowledged"
422.070,sender,afd52c65-5ce1-4c35-a594-c7ab9f56a53f,RTT_SAMPLE,ACK,164,0,"93.938900"
422.097,sender,afd52c65-5ce1-4c35-a594-c7ab9f56a53f,RECEIVE,ACK,138,36,""
422.101,sender,afd52c65-5ce1-4c35-a594-c7ab9f56a53f,ACKNOWLEDGED,ACK,138,0,""
422.104,sender,afd52c65-5ce1-4c35-a594-c7ab9f56a53f,CONFIRM_DATA,ACK,138,1024,"unique file bytes acknowledged"
422.107,sender,afd52c65-5ce1-4c35-a594-c7ab9f56a53f,RTT_SAMPLE,ACK,138,0,"94.224000"
422.111,sender,afd52c65-5ce1-4c35-a594-c7ab9f56a53f,SEND,DATA,202,1060,""
422.115,sender,afd52c65-5ce1-4c35-a594-c7ab9f56a53f,SEND,DATA,203,1060,""
422.118,sender,afd52c65-5ce1-4c35-a594-c7ab9f56a53f,SEND,DATA,204,1060,""
422.123,sender,afd52c65-5ce1-4c35-a594-c7ab9f56a53f,RECEIVE,ACK,183,36,""
422.126,sender,afd52c65-5ce1-4c35-a594-c7ab9f56a53f,ACKNOWLEDGED,ACK,183,0,""
422.129,sender,afd52c65-5ce1-4c35-a594-c7ab9f56a53f,CONFIRM_DATA,ACK,183,1024,"unique file bytes acknowledged"
422.132,sender,afd52c65-5ce1-4c35-a594-c7ab9f56a53f,RTT_SAMPLE,ACK,183,0,"78.454300"
422.137,sender,afd52c65-5ce1-4c35-a594-c7ab9f56a53f,RECEIVE,ACK,176,36,""
422.140,sender,afd52c65-5ce1-4c35-a594-c7ab9f56a53f,ACKNOWLEDGED,ACK,176,0,""
422.142,sender,afd52c65-5ce1-4c35-a594-c7ab9f56a53f,CONFIRM_DATA,ACK,176,1024,"unique file bytes acknowledged"
422.145,sender,afd52c65-5ce1-4c35-a594-c7ab9f56a53f,RTT_SAMPLE,ACK,176,0,"78.521700"
422.150,sender,afd52c65-5ce1-4c35-a594-c7ab9f56a53f,RECEIVE,ACK,169,36,""
422.176,sender,afd52c65-5ce1-4c35-a594-c7ab9f56a53f,ACKNOWLEDGED,ACK,169,0,""
422.179,sender,afd52c65-5ce1-4c35-a594-c7ab9f56a53f,CONFIRM_DATA,ACK,169,1024,"unique file bytes acknowledged"
422.182,sender,afd52c65-5ce1-4c35-a594-c7ab9f56a53f,RTT_SAMPLE,ACK,169,0,"94.009000"
422.188,sender,afd52c65-5ce1-4c35-a594-c7ab9f56a53f,RECEIVE,ACK,190,36,""
422.191,sender,afd52c65-5ce1-4c35-a594-c7ab9f56a53f,ACKNOWLEDGED,ACK,190,0,""
422.193,sender,afd52c65-5ce1-4c35-a594-c7ab9f56a53f,CONFIRM_DATA,ACK,190,1024,"unique file bytes acknowledged"
422.196,sender,afd52c65-5ce1-4c35-a594-c7ab9f56a53f,RTT_SAMPLE,ACK,190,0,"78.447400"
422.201,sender,afd52c65-5ce1-4c35-a594-c7ab9f56a53f,RECEIVE,ACK,141,36,""
422.204,sender,afd52c65-5ce1-4c35-a594-c7ab9f56a53f,ACKNOWLEDGED,ACK,141,0,""
422.206,sender,afd52c65-5ce1-4c35-a594-c7ab9f56a53f,CONFIRM_DATA,ACK,141,1024,"unique file bytes acknowledged"
422.209,sender,afd52c65-5ce1-4c35-a594-c7ab9f56a53f,RTT_SAMPLE,ACK,141,0,"94.289400"
422.212,sender,afd52c65-5ce1-4c35-a594-c7ab9f56a53f,SEND,DATA,205,1060,""
422.216,sender,afd52c65-5ce1-4c35-a594-c7ab9f56a53f,SEND,DATA,206,1060,""
422.218,sender,afd52c65-5ce1-4c35-a594-c7ab9f56a53f,SEND,DATA,207,1060,""
422.221,sender,afd52c65-5ce1-4c35-a594-c7ab9f56a53f,SEND,DATA,208,1060,""
422.224,sender,afd52c65-5ce1-4c35-a594-c7ab9f56a53f,SEND,DATA,209,1060,""
422.227,sender,afd52c65-5ce1-4c35-a594-c7ab9f56a53f,SEND,DATA,210,1060,""
422.230,sender,afd52c65-5ce1-4c35-a594-c7ab9f56a53f,SEND,DATA,211,1060,""
422.233,sender,afd52c65-5ce1-4c35-a594-c7ab9f56a53f,SEND,DATA,212,1060,""
422.238,sender,afd52c65-5ce1-4c35-a594-c7ab9f56a53f,RECEIVE,ACK,149,36,""
422.240,sender,afd52c65-5ce1-4c35-a594-c7ab9f56a53f,ACKNOWLEDGED,ACK,149,0,""
422.243,sender,afd52c65-5ce1-4c35-a594-c7ab9f56a53f,CONFIRM_DATA,ACK,149,1024,"unique file bytes acknowledged"
422.246,sender,afd52c65-5ce1-4c35-a594-c7ab9f56a53f,RTT_SAMPLE,ACK,149,0,"94.252800"
422.249,sender,afd52c65-5ce1-4c35-a594-c7ab9f56a53f,SEND,DATA,213,1060,""
422.254,sender,afd52c65-5ce1-4c35-a594-c7ab9f56a53f,RECEIVE,ACK,163,36,""
422.256,sender,afd52c65-5ce1-4c35-a594-c7ab9f56a53f,ACKNOWLEDGED,ACK,163,0,""
422.258,sender,afd52c65-5ce1-4c35-a594-c7ab9f56a53f,CONFIRM_DATA,ACK,163,1024,"unique file bytes acknowledged"
422.261,sender,afd52c65-5ce1-4c35-a594-c7ab9f56a53f,RTT_SAMPLE,ACK,163,0,"94.136800"
422.266,sender,afd52c65-5ce1-4c35-a594-c7ab9f56a53f,RECEIVE,ACK,179,36,""
422.269,sender,afd52c65-5ce1-4c35-a594-c7ab9f56a53f,ACKNOWLEDGED,ACK,179,0,""
422.271,sender,afd52c65-5ce1-4c35-a594-c7ab9f56a53f,CONFIRM_DATA,ACK,179,1024,"unique file bytes acknowledged"
422.274,sender,afd52c65-5ce1-4c35-a594-c7ab9f56a53f,RTT_SAMPLE,ACK,179,0,"78.610900"
422.280,sender,afd52c65-5ce1-4c35-a594-c7ab9f56a53f,RECEIVE,ACK,186,36,""
422.282,sender,afd52c65-5ce1-4c35-a594-c7ab9f56a53f,ACKNOWLEDGED,ACK,186,0,""
422.284,sender,afd52c65-5ce1-4c35-a594-c7ab9f56a53f,CONFIRM_DATA,ACK,186,1024,"unique file bytes acknowledged"
422.287,sender,afd52c65-5ce1-4c35-a594-c7ab9f56a53f,RTT_SAMPLE,ACK,186,0,"78.573600"
422.292,sender,afd52c65-5ce1-4c35-a594-c7ab9f56a53f,RECEIVE,ACK,168,36,""
422.295,sender,afd52c65-5ce1-4c35-a594-c7ab9f56a53f,ACKNOWLEDGED,ACK,168,0,""
422.297,sender,afd52c65-5ce1-4c35-a594-c7ab9f56a53f,CONFIRM_DATA,ACK,168,1024,"unique file bytes acknowledged"
422.300,sender,afd52c65-5ce1-4c35-a594-c7ab9f56a53f,RTT_SAMPLE,ACK,168,0,"94.129800"
437.092,sender,afd52c65-5ce1-4c35-a594-c7ab9f56a53f,EMIT,DATA,192,1060,""
437.155,sender,afd52c65-5ce1-4c35-a594-c7ab9f56a53f,EMIT,DATA,196,1060,""
437.165,sender,afd52c65-5ce1-4c35-a594-c7ab9f56a53f,RECEIVE,ACK,184,36,""
437.181,sender,afd52c65-5ce1-4c35-a594-c7ab9f56a53f,EMIT,DATA,194,1060,""
437.187,sender,afd52c65-5ce1-4c35-a594-c7ab9f56a53f,ACKNOWLEDGED,ACK,184,0,""
437.195,sender,afd52c65-5ce1-4c35-a594-c7ab9f56a53f,CONFIRM_DATA,ACK,184,1024,"unique file bytes acknowledged"
437.200,sender,afd52c65-5ce1-4c35-a594-c7ab9f56a53f,EMIT,DATA,193,1060,""
437.206,sender,afd52c65-5ce1-4c35-a594-c7ab9f56a53f,RTT_SAMPLE,ACK,184,0,"93.519700"
437.234,sender,afd52c65-5ce1-4c35-a594-c7ab9f56a53f,RECEIVE,ACK,150,36,""
437.243,sender,afd52c65-5ce1-4c35-a594-c7ab9f56a53f,ACKNOWLEDGED,ACK,150,0,""
437.248,sender,afd52c65-5ce1-4c35-a594-c7ab9f56a53f,CONFIRM_DATA,ACK,150,1024,"unique file bytes acknowledged"
437.254,sender,afd52c65-5ce1-4c35-a594-c7ab9f56a53f,RTT_SAMPLE,ACK,150,0,"109.257600"
437.261,sender,afd52c65-5ce1-4c35-a594-c7ab9f56a53f,SEND,DATA,214,1060,""
437.268,sender,afd52c65-5ce1-4c35-a594-c7ab9f56a53f,SEND,DATA,215,1060,""
437.286,sender,afd52c65-5ce1-4c35-a594-c7ab9f56a53f,RECEIVE,ACK,189,36,""
437.291,sender,afd52c65-5ce1-4c35-a594-c7ab9f56a53f,ACKNOWLEDGED,ACK,189,0,""
437.296,sender,afd52c65-5ce1-4c35-a594-c7ab9f56a53f,CONFIRM_DATA,ACK,189,1024,"unique file bytes acknowledged"
437.302,sender,afd52c65-5ce1-4c35-a594-c7ab9f56a53f,RTT_SAMPLE,ACK,189,0,"93.555900"
437.320,sender,afd52c65-5ce1-4c35-a594-c7ab9f56a53f,RECEIVE,ACK,159,36,""
437.324,sender,afd52c65-5ce1-4c35-a594-c7ab9f56a53f,ACKNOWLEDGED,ACK,159,0,""
437.328,sender,afd52c65-5ce1-4c35-a594-c7ab9f56a53f,CONFIRM_DATA,ACK,159,1024,"unique file bytes acknowledged"
437.335,sender,afd52c65-5ce1-4c35-a594-c7ab9f56a53f,RTT_SAMPLE,ACK,159,0,"109.220400"
437.356,sender,afd52c65-5ce1-4c35-a594-c7ab9f56a53f,RECEIVE,ACK,173,36,""
437.364,sender,afd52c65-5ce1-4c35-a594-c7ab9f56a53f,ACKNOWLEDGED,ACK,173,0,""
437.371,sender,afd52c65-5ce1-4c35-a594-c7ab9f56a53f,CONFIRM_DATA,ACK,173,1024,"unique file bytes acknowledged"
437.379,sender,afd52c65-5ce1-4c35-a594-c7ab9f56a53f,RTT_SAMPLE,ACK,173,0,"109.193900"
437.398,sender,afd52c65-5ce1-4c35-a594-c7ab9f56a53f,RECEIVE,ACK,177,36,""
437.407,sender,afd52c65-5ce1-4c35-a594-c7ab9f56a53f,ACKNOWLEDGED,ACK,177,0,""
437.414,sender,afd52c65-5ce1-4c35-a594-c7ab9f56a53f,CONFIRM_DATA,ACK,177,1024,"unique file bytes acknowledged"
437.422,sender,afd52c65-5ce1-4c35-a594-c7ab9f56a53f,RTT_SAMPLE,ACK,177,0,"93.794300"
437.440,sender,afd52c65-5ce1-4c35-a594-c7ab9f56a53f,RECEIVE,ACK,152,36,""
437.448,sender,afd52c65-5ce1-4c35-a594-c7ab9f56a53f,ACKNOWLEDGED,ACK,152,0,""
437.455,sender,afd52c65-5ce1-4c35-a594-c7ab9f56a53f,CONFIRM_DATA,ACK,152,1024,"unique file bytes acknowledged"
437.546,sender,afd52c65-5ce1-4c35-a594-c7ab9f56a53f,RTT_SAMPLE,ACK,152,0,"109.451200"
437.554,sender,afd52c65-5ce1-4c35-a594-c7ab9f56a53f,SEND,DATA,216,1060,""
437.560,sender,afd52c65-5ce1-4c35-a594-c7ab9f56a53f,SEND,DATA,217,1060,""
437.563,sender,afd52c65-5ce1-4c35-a594-c7ab9f56a53f,SEND,DATA,218,1060,""
437.567,sender,afd52c65-5ce1-4c35-a594-c7ab9f56a53f,SEND,DATA,219,1060,""
437.570,sender,afd52c65-5ce1-4c35-a594-c7ab9f56a53f,SEND,DATA,220,1060,""
437.573,sender,afd52c65-5ce1-4c35-a594-c7ab9f56a53f,SEND,DATA,221,1060,""
437.576,sender,afd52c65-5ce1-4c35-a594-c7ab9f56a53f,SEND,DATA,222,1060,""
437.579,sender,afd52c65-5ce1-4c35-a594-c7ab9f56a53f,SEND,DATA,223,1060,""
437.582,sender,afd52c65-5ce1-4c35-a594-c7ab9f56a53f,SEND,DATA,224,1060,""
437.585,sender,afd52c65-5ce1-4c35-a594-c7ab9f56a53f,SEND,DATA,225,1060,""
437.588,sender,afd52c65-5ce1-4c35-a594-c7ab9f56a53f,SEND,DATA,226,1060,""
437.590,sender,afd52c65-5ce1-4c35-a594-c7ab9f56a53f,SEND,DATA,227,1060,""
437.593,sender,afd52c65-5ce1-4c35-a594-c7ab9f56a53f,SEND,DATA,228,1060,""
437.596,sender,afd52c65-5ce1-4c35-a594-c7ab9f56a53f,SEND,DATA,229,1060,""
437.599,sender,afd52c65-5ce1-4c35-a594-c7ab9f56a53f,SEND,DATA,230,1060,""
437.623,sender,afd52c65-5ce1-4c35-a594-c7ab9f56a53f,RECEIVE,ACK,191,36,""
437.628,sender,afd52c65-5ce1-4c35-a594-c7ab9f56a53f,ACKNOWLEDGED,ACK,191,0,""
437.631,sender,afd52c65-5ce1-4c35-a594-c7ab9f56a53f,CONFIRM_DATA,ACK,191,1024,"unique file bytes acknowledged"
437.635,sender,afd52c65-5ce1-4c35-a594-c7ab9f56a53f,RTT_SAMPLE,ACK,191,0,"93.882900"
437.643,sender,afd52c65-5ce1-4c35-a594-c7ab9f56a53f,RECEIVE,ACK,167,36,""
437.646,sender,afd52c65-5ce1-4c35-a594-c7ab9f56a53f,ACKNOWLEDGED,ACK,167,0,""
437.648,sender,afd52c65-5ce1-4c35-a594-c7ab9f56a53f,CONFIRM_DATA,ACK,167,1024,"unique file bytes acknowledged"
437.651,sender,afd52c65-5ce1-4c35-a594-c7ab9f56a53f,RTT_SAMPLE,ACK,167,0,"109.483400"
437.655,sender,afd52c65-5ce1-4c35-a594-c7ab9f56a53f,SEND,DATA,231,1060,""
437.713,sender,afd52c65-5ce1-4c35-a594-c7ab9f56a53f,SEND,DATA,232,1060,""
437.717,sender,afd52c65-5ce1-4c35-a594-c7ab9f56a53f,SEND,DATA,233,1060,""
437.721,sender,afd52c65-5ce1-4c35-a594-c7ab9f56a53f,SEND,DATA,234,1060,""
437.724,sender,afd52c65-5ce1-4c35-a594-c7ab9f56a53f,SEND,DATA,235,1060,""
437.727,sender,afd52c65-5ce1-4c35-a594-c7ab9f56a53f,SEND,DATA,236,1060,""
437.739,sender,afd52c65-5ce1-4c35-a594-c7ab9f56a53f,SEND,DATA,237,1060,""
437.743,sender,afd52c65-5ce1-4c35-a594-c7ab9f56a53f,SEND,DATA,238,1060,""
437.749,sender,afd52c65-5ce1-4c35-a594-c7ab9f56a53f,RECEIVE,ACK,175,36,""
437.751,sender,afd52c65-5ce1-4c35-a594-c7ab9f56a53f,ACKNOWLEDGED,ACK,175,0,""
437.754,sender,afd52c65-5ce1-4c35-a594-c7ab9f56a53f,CONFIRM_DATA,ACK,175,1024,"unique file bytes acknowledged"
437.757,sender,afd52c65-5ce1-4c35-a594-c7ab9f56a53f,RTT_SAMPLE,ACK,175,0,"94.141900"
437.761,sender,afd52c65-5ce1-4c35-a594-c7ab9f56a53f,SEND,DATA,239,1060,""
437.764,sender,afd52c65-5ce1-4c35-a594-c7ab9f56a53f,SEND,DATA,240,1060,""
437.767,sender,afd52c65-5ce1-4c35-a594-c7ab9f56a53f,SEND,DATA,241,1060,""
437.770,sender,afd52c65-5ce1-4c35-a594-c7ab9f56a53f,SEND,DATA,242,1060,""
437.774,sender,afd52c65-5ce1-4c35-a594-c7ab9f56a53f,SEND,DATA,243,1060,""
452.392,sender,afd52c65-5ce1-4c35-a594-c7ab9f56a53f,RECEIVE,ACK,180,36,""
452.406,sender,afd52c65-5ce1-4c35-a594-c7ab9f56a53f,ACKNOWLEDGED,ACK,180,0,""
452.411,sender,afd52c65-5ce1-4c35-a594-c7ab9f56a53f,CONFIRM_DATA,ACK,180,1024,"unique file bytes acknowledged"
452.422,sender,afd52c65-5ce1-4c35-a594-c7ab9f56a53f,RTT_SAMPLE,ACK,180,0,"108.752100"
452.431,sender,afd52c65-5ce1-4c35-a594-c7ab9f56a53f,SEND,DATA,244,1060,""
452.436,sender,afd52c65-5ce1-4c35-a594-c7ab9f56a53f,EMIT,DATA,195,1060,""
452.461,sender,afd52c65-5ce1-4c35-a594-c7ab9f56a53f,EMIT,DATA,209,1060,""
452.472,sender,afd52c65-5ce1-4c35-a594-c7ab9f56a53f,SEND,DATA,245,1060,""
452.498,sender,afd52c65-5ce1-4c35-a594-c7ab9f56a53f,SEND,DATA,246,1060,""
452.507,sender,afd52c65-5ce1-4c35-a594-c7ab9f56a53f,SEND,DATA,247,1060,""
452.515,sender,afd52c65-5ce1-4c35-a594-c7ab9f56a53f,SEND,DATA,248,1060,""
452.523,sender,afd52c65-5ce1-4c35-a594-c7ab9f56a53f,SEND,DATA,249,1060,""
452.530,sender,afd52c65-5ce1-4c35-a594-c7ab9f56a53f,SEND,DATA,250,1060,""
452.538,sender,afd52c65-5ce1-4c35-a594-c7ab9f56a53f,SEND,DATA,251,1060,""
468.555,sender,afd52c65-5ce1-4c35-a594-c7ab9f56a53f,EMIT,DATA,203,1060,""
468.657,sender,afd52c65-5ce1-4c35-a594-c7ab9f56a53f,EMIT,DATA,204,1060,""
468.674,sender,afd52c65-5ce1-4c35-a594-c7ab9f56a53f,EMIT,DATA,197,1060,""
468.688,sender,afd52c65-5ce1-4c35-a594-c7ab9f56a53f,EMIT,DATA,210,1060,""
468.702,sender,afd52c65-5ce1-4c35-a594-c7ab9f56a53f,EMIT,DATA,200,1060,""
468.723,sender,afd52c65-5ce1-4c35-a594-c7ab9f56a53f,EMIT,DATA,205,1060,""
468.737,sender,afd52c65-5ce1-4c35-a594-c7ab9f56a53f,EMIT,DATA,207,1060,""
468.752,sender,afd52c65-5ce1-4c35-a594-c7ab9f56a53f,EMIT,DATA,206,1060,""
468.765,sender,afd52c65-5ce1-4c35-a594-c7ab9f56a53f,EMIT,DATA,220,1060,""
468.788,sender,afd52c65-5ce1-4c35-a594-c7ab9f56a53f,EMIT,DATA,215,1060,""
468.802,sender,afd52c65-5ce1-4c35-a594-c7ab9f56a53f,RECEIVE,ACK,188,36,""
468.824,sender,afd52c65-5ce1-4c35-a594-c7ab9f56a53f,EMIT,DATA,236,1060,""
468.829,sender,afd52c65-5ce1-4c35-a594-c7ab9f56a53f,ACKNOWLEDGED,ACK,188,0,""
468.838,sender,afd52c65-5ce1-4c35-a594-c7ab9f56a53f,EMIT,DATA,201,1060,""
468.842,sender,afd52c65-5ce1-4c35-a594-c7ab9f56a53f,CONFIRM_DATA,ACK,188,1024,"unique file bytes acknowledged"
468.857,sender,afd52c65-5ce1-4c35-a594-c7ab9f56a53f,EMIT,DATA,219,1060,""
468.867,sender,afd52c65-5ce1-4c35-a594-c7ab9f56a53f,RTT_SAMPLE,ACK,188,0,"125.136100"
468.876,sender,afd52c65-5ce1-4c35-a594-c7ab9f56a53f,EMIT,DATA,221,1060,""
468.889,sender,afd52c65-5ce1-4c35-a594-c7ab9f56a53f,SEND,DATA,252,1060,""
468.897,sender,afd52c65-5ce1-4c35-a594-c7ab9f56a53f,EMIT,DATA,199,1060,""
468.905,sender,afd52c65-5ce1-4c35-a594-c7ab9f56a53f,SEND,DATA,253,1060,""
468.918,sender,afd52c65-5ce1-4c35-a594-c7ab9f56a53f,SEND,DATA,254,1060,""
468.934,sender,afd52c65-5ce1-4c35-a594-c7ab9f56a53f,EMIT,DATA,226,1060,""
468.937,sender,afd52c65-5ce1-4c35-a594-c7ab9f56a53f,SEND,DATA,255,1060,""
468.947,sender,afd52c65-5ce1-4c35-a594-c7ab9f56a53f,EMIT,DATA,198,1060,""
468.962,sender,afd52c65-5ce1-4c35-a594-c7ab9f56a53f,EMIT,DATA,211,1060,""
468.967,sender,afd52c65-5ce1-4c35-a594-c7ab9f56a53f,RECEIVE,ACK,194,36,""
468.977,sender,afd52c65-5ce1-4c35-a594-c7ab9f56a53f,EMIT,DATA,202,1060,""
468.985,sender,afd52c65-5ce1-4c35-a594-c7ab9f56a53f,ACKNOWLEDGED,ACK,194,0,""
468.991,sender,afd52c65-5ce1-4c35-a594-c7ab9f56a53f,CONFIRM_DATA,ACK,194,1024,"unique file bytes acknowledged"
468.999,sender,afd52c65-5ce1-4c35-a594-c7ab9f56a53f,EMIT,DATA,208,1060,""
469.005,sender,afd52c65-5ce1-4c35-a594-c7ab9f56a53f,RTT_SAMPLE,ACK,194,0,"78.233000"
469.017,sender,afd52c65-5ce1-4c35-a594-c7ab9f56a53f,EMIT,DATA,231,1060,""
469.035,sender,afd52c65-5ce1-4c35-a594-c7ab9f56a53f,EMIT,DATA,238,1060,""
483.756,sender,afd52c65-5ce1-4c35-a594-c7ab9f56a53f,EMIT,DATA,212,1060,""
483.772,sender,afd52c65-5ce1-4c35-a594-c7ab9f56a53f,RECEIVE,ACK,196,36,""
483.789,sender,afd52c65-5ce1-4c35-a594-c7ab9f56a53f,ACKNOWLEDGED,ACK,196,0,""
483.795,sender,afd52c65-5ce1-4c35-a594-c7ab9f56a53f,CONFIRM_DATA,ACK,196,1024,"unique file bytes acknowledged"
483.804,sender,afd52c65-5ce1-4c35-a594-c7ab9f56a53f,RTT_SAMPLE,ACK,196,0,"92.976200"
483.826,sender,afd52c65-5ce1-4c35-a594-c7ab9f56a53f,EMIT,DATA,213,1060,""
483.889,sender,afd52c65-5ce1-4c35-a594-c7ab9f56a53f,RECEIVE,ACK,193,36,""
483.895,sender,afd52c65-5ce1-4c35-a594-c7ab9f56a53f,ACKNOWLEDGED,ACK,193,0,""
483.899,sender,afd52c65-5ce1-4c35-a594-c7ab9f56a53f,CONFIRM_DATA,ACK,193,1024,"unique file bytes acknowledged"
483.905,sender,afd52c65-5ce1-4c35-a594-c7ab9f56a53f,RTT_SAMPLE,ACK,193,0,"93.181400"
483.917,sender,afd52c65-5ce1-4c35-a594-c7ab9f56a53f,RECEIVE,ACK,192,36,""
483.923,sender,afd52c65-5ce1-4c35-a594-c7ab9f56a53f,ACKNOWLEDGED,ACK,192,0,""
483.927,sender,afd52c65-5ce1-4c35-a594-c7ab9f56a53f,CONFIRM_DATA,ACK,192,1024,"unique file bytes acknowledged"
483.932,sender,afd52c65-5ce1-4c35-a594-c7ab9f56a53f,EMIT,DATA,217,1060,""
483.944,sender,afd52c65-5ce1-4c35-a594-c7ab9f56a53f,RTT_SAMPLE,ACK,192,0,"93.267900"
483.950,sender,afd52c65-5ce1-4c35-a594-c7ab9f56a53f,SEND,DATA,256,1060,""
483.954,sender,afd52c65-5ce1-4c35-a594-c7ab9f56a53f,EMIT,DATA,222,1060,""
483.957,sender,afd52c65-5ce1-4c35-a594-c7ab9f56a53f,SEND,DATA,257,1060,""
483.963,sender,afd52c65-5ce1-4c35-a594-c7ab9f56a53f,SEND,DATA,258,1060,""
483.966,sender,afd52c65-5ce1-4c35-a594-c7ab9f56a53f,EMIT,DATA,239,1060,""
483.977,sender,afd52c65-5ce1-4c35-a594-c7ab9f56a53f,EMIT,DATA,243,1060,""
483.980,sender,afd52c65-5ce1-4c35-a594-c7ab9f56a53f,RECEIVE,ACK,209,36,""
483.991,sender,afd52c65-5ce1-4c35-a594-c7ab9f56a53f,EMIT,DATA,224,1060,""
483.994,sender,afd52c65-5ce1-4c35-a594-c7ab9f56a53f,ACKNOWLEDGED,ACK,209,0,""
484.003,sender,afd52c65-5ce1-4c35-a594-c7ab9f56a53f,EMIT,DATA,232,1060,""
484.006,sender,afd52c65-5ce1-4c35-a594-c7ab9f56a53f,CONFIRM_DATA,ACK,209,1024,"unique file bytes acknowledged"
484.015,sender,afd52c65-5ce1-4c35-a594-c7ab9f56a53f,EMIT,DATA,223,1060,""
484.020,sender,afd52c65-5ce1-4c35-a594-c7ab9f56a53f,RTT_SAMPLE,ACK,209,0,"61.791000"
484.029,sender,afd52c65-5ce1-4c35-a594-c7ab9f56a53f,EMIT,DATA,227,1060,""
484.038,sender,afd52c65-5ce1-4c35-a594-c7ab9f56a53f,EMIT,DATA,233,1060,""
484.051,sender,afd52c65-5ce1-4c35-a594-c7ab9f56a53f,EMIT,DATA,216,1060,""
484.059,sender,afd52c65-5ce1-4c35-a594-c7ab9f56a53f,EMIT,DATA,235,1060,""
484.067,sender,afd52c65-5ce1-4c35-a594-c7ab9f56a53f,EMIT,DATA,225,1060,""
484.075,sender,afd52c65-5ce1-4c35-a594-c7ab9f56a53f,EMIT,DATA,241,1060,""
484.082,sender,afd52c65-5ce1-4c35-a594-c7ab9f56a53f,EMIT,DATA,229,1060,""
484.095,sender,afd52c65-5ce1-4c35-a594-c7ab9f56a53f,EMIT,DATA,234,1060,""
484.103,sender,afd52c65-5ce1-4c35-a594-c7ab9f56a53f,EMIT,DATA,242,1060,""
484.111,sender,afd52c65-5ce1-4c35-a594-c7ab9f56a53f,EMIT,DATA,245,1060,""
499.877,sender,afd52c65-5ce1-4c35-a594-c7ab9f56a53f,RECEIVE,ACK,195,36,""
499.950,sender,afd52c65-5ce1-4c35-a594-c7ab9f56a53f,ACKNOWLEDGED,ACK,195,0,""
499.956,sender,afd52c65-5ce1-4c35-a594-c7ab9f56a53f,CONFIRM_DATA,ACK,195,1024,"unique file bytes acknowledged"
499.963,sender,afd52c65-5ce1-4c35-a594-c7ab9f56a53f,RTT_SAMPLE,ACK,195,0,"109.188600"
499.970,sender,afd52c65-5ce1-4c35-a594-c7ab9f56a53f,SEND,DATA,259,1060,""
499.982,sender,afd52c65-5ce1-4c35-a594-c7ab9f56a53f,SEND,DATA,260,1060,""
500.033,sender,afd52c65-5ce1-4c35-a594-c7ab9f56a53f,RECEIVE,ACK,208,36,""
500.045,sender,afd52c65-5ce1-4c35-a594-c7ab9f56a53f,ACKNOWLEDGED,ACK,208,0,""
500.054,sender,afd52c65-5ce1-4c35-a594-c7ab9f56a53f,CONFIRM_DATA,ACK,208,1024,"unique file bytes acknowledged"
500.065,sender,afd52c65-5ce1-4c35-a594-c7ab9f56a53f,RTT_SAMPLE,ACK,208,0,"77.841500"
500.091,sender,afd52c65-5ce1-4c35-a594-c7ab9f56a53f,RECEIVE,ACK,220,36,""
500.113,sender,afd52c65-5ce1-4c35-a594-c7ab9f56a53f,EMIT,DATA,250,1060,""
500.140,sender,afd52c65-5ce1-4c35-a594-c7ab9f56a53f,ACKNOWLEDGED,ACK,220,0,""
500.149,sender,afd52c65-5ce1-4c35-a594-c7ab9f56a53f,CONFIRM_DATA,ACK,220,1024,"unique file bytes acknowledged"
500.159,sender,afd52c65-5ce1-4c35-a594-c7ab9f56a53f,RTT_SAMPLE,ACK,220,0,"62.587800"
500.180,sender,afd52c65-5ce1-4c35-a594-c7ab9f56a53f,EMIT,DATA,228,1060,""
500.185,sender,afd52c65-5ce1-4c35-a594-c7ab9f56a53f,RECEIVE,ACK,226,36,""
500.196,sender,afd52c65-5ce1-4c35-a594-c7ab9f56a53f,EMIT,DATA,249,1060,""
500.199,sender,afd52c65-5ce1-4c35-a594-c7ab9f56a53f,ACKNOWLEDGED,ACK,226,0,""
500.208,sender,afd52c65-5ce1-4c35-a594-c7ab9f56a53f,EMIT,DATA,218,1060,""
500.212,sender,afd52c65-5ce1-4c35-a594-c7ab9f56a53f,CONFIRM_DATA,ACK,226,1024,"unique file bytes acknowledged"
500.221,sender,afd52c65-5ce1-4c35-a594-c7ab9f56a53f,EMIT,DATA,237,1060,""
500.226,sender,afd52c65-5ce1-4c35-a594-c7ab9f56a53f,RTT_SAMPLE,ACK,226,0,"62.634200"
500.235,sender,afd52c65-5ce1-4c35-a594-c7ab9f56a53f,EMIT,DATA,246,1060,""
500.243,sender,afd52c65-5ce1-4c35-a594-c7ab9f56a53f,EMIT,DATA,240,1060,""
500.251,sender,afd52c65-5ce1-4c35-a594-c7ab9f56a53f,EMIT,DATA,214,1060,""
500.253,sender,afd52c65-5ce1-4c35-a594-c7ab9f56a53f,RECEIVE,ACK,201,36,""
500.267,sender,afd52c65-5ce1-4c35-a594-c7ab9f56a53f,EMIT,DATA,230,1060,""
500.270,sender,afd52c65-5ce1-4c35-a594-c7ab9f56a53f,ACKNOWLEDGED,ACK,201,0,""
500.279,sender,afd52c65-5ce1-4c35-a594-c7ab9f56a53f,CONFIRM_DATA,ACK,201,1024,"unique file bytes acknowledged"
500.289,sender,afd52c65-5ce1-4c35-a594-c7ab9f56a53f,EMIT,DATA,252,1060,""
500.294,sender,afd52c65-5ce1-4c35-a594-c7ab9f56a53f,RTT_SAMPLE,ACK,201,0,"78.541500"
500.303,sender,afd52c65-5ce1-4c35-a594-c7ab9f56a53f,EMIT,DATA,244,1060,""
500.358,sender,afd52c65-5ce1-4c35-a594-c7ab9f56a53f,RECEIVE,ACK,199,36,""
500.383,sender,afd52c65-5ce1-4c35-a594-c7ab9f56a53f,ACKNOWLEDGED,ACK,199,0,""
500.393,sender,afd52c65-5ce1-4c35-a594-c7ab9f56a53f,CONFIRM_DATA,ACK,199,1024,"unique file bytes acknowledged"
500.404,sender,afd52c65-5ce1-4c35-a594-c7ab9f56a53f,RTT_SAMPLE,ACK,199,0,"78.673800"
500.441,sender,afd52c65-5ce1-4c35-a594-c7ab9f56a53f,RECEIVE,ACK,197,36,""
500.445,sender,afd52c65-5ce1-4c35-a594-c7ab9f56a53f,ACKNOWLEDGED,ACK,197,0,""
500.449,sender,afd52c65-5ce1-4c35-a594-c7ab9f56a53f,CONFIRM_DATA,ACK,197,1024,"unique file bytes acknowledged"
500.454,sender,afd52c65-5ce1-4c35-a594-c7ab9f56a53f,RTT_SAMPLE,ACK,197,0,"94.245100"
500.459,sender,afd52c65-5ce1-4c35-a594-c7ab9f56a53f,SEND,DATA,261,1060,""
500.470,sender,afd52c65-5ce1-4c35-a594-c7ab9f56a53f,RECEIVE,ACK,236,36,""
500.475,sender,afd52c65-5ce1-4c35-a594-c7ab9f56a53f,ACKNOWLEDGED,ACK,236,0,""
500.478,sender,afd52c65-5ce1-4c35-a594-c7ab9f56a53f,CONFIRM_DATA,ACK,236,1024,"unique file bytes acknowledged"
500.483,sender,afd52c65-5ce1-4c35-a594-c7ab9f56a53f,RTT_SAMPLE,ACK,236,0,"62.754800"
515.080,sender,afd52c65-5ce1-4c35-a594-c7ab9f56a53f,RECEIVE,ACK,210,36,""
515.098,sender,afd52c65-5ce1-4c35-a594-c7ab9f56a53f,EMIT,DATA,248,1060,""
515.135,sender,afd52c65-5ce1-4c35-a594-c7ab9f56a53f,ACKNOWLEDGED,ACK,210,0,""
515.139,sender,afd52c65-5ce1-4c35-a594-c7ab9f56a53f,CONFIRM_DATA,ACK,210,1024,"unique file bytes acknowledged"
515.144,sender,afd52c65-5ce1-4c35-a594-c7ab9f56a53f,RTT_SAMPLE,ACK,210,0,"92.915400"
515.148,sender,afd52c65-5ce1-4c35-a594-c7ab9f56a53f,EMIT,DATA,247,1060,""
515.152,sender,afd52c65-5ce1-4c35-a594-c7ab9f56a53f,RECEIVE,ACK,200,36,""
515.155,sender,afd52c65-5ce1-4c35-a594-c7ab9f56a53f,ACKNOWLEDGED,ACK,200,0,""
515.158,sender,afd52c65-5ce1-4c35-a594-c7ab9f56a53f,CONFIRM_DATA,ACK,200,1024,"unique file bytes acknowledged"
515.163,sender,afd52c65-5ce1-4c35-a594-c7ab9f56a53f,EMIT,DATA,251,1060,""
515.168,sender,afd52c65-5ce1-4c35-a594-c7ab9f56a53f,RTT_SAMPLE,ACK,200,0,"93.416700"
515.175,sender,afd52c65-5ce1-4c35-a594-c7ab9f56a53f,RECEIVE,ACK,202,36,""
515.178,sender,afd52c65-5ce1-4c35-a594-c7ab9f56a53f,EMIT,DATA,254,1060,""
515.181,sender,afd52c65-5ce1-4c35-a594-c7ab9f56a53f,ACKNOWLEDGED,ACK,202,0,""
515.184,sender,afd52c65-5ce1-4c35-a594-c7ab9f56a53f,CONFIRM_DATA,ACK,202,1024,"unique file bytes acknowledged"
515.187,sender,afd52c65-5ce1-4c35-a594-c7ab9f56a53f,RTT_SAMPLE,ACK,202,0,"93.075900"
515.190,sender,afd52c65-5ce1-4c35-a594-c7ab9f56a53f,EMIT,DATA,257,1060,""
515.194,sender,afd52c65-5ce1-4c35-a594-c7ab9f56a53f,RECEIVE,ACK,215,36,""
515.197,sender,afd52c65-5ce1-4c35-a594-c7ab9f56a53f,ACKNOWLEDGED,ACK,215,0,""
515.200,sender,afd52c65-5ce1-4c35-a594-c7ab9f56a53f,CONFIRM_DATA,ACK,215,1024,"unique file bytes acknowledged"
515.202,sender,afd52c65-5ce1-4c35-a594-c7ab9f56a53f,EMIT,DATA,253,1060,""
515.206,sender,afd52c65-5ce1-4c35-a594-c7ab9f56a53f,RTT_SAMPLE,ACK,215,0,"77.935500"
515.213,sender,afd52c65-5ce1-4c35-a594-c7ab9f56a53f,EMIT,DATA,255,1060,""
515.216,sender,afd52c65-5ce1-4c35-a594-c7ab9f56a53f,RECEIVE,ACK,221,36,""
515.219,sender,afd52c65-5ce1-4c35-a594-c7ab9f56a53f,ACKNOWLEDGED,ACK,221,0,""
515.221,sender,afd52c65-5ce1-4c35-a594-c7ab9f56a53f,CONFIRM_DATA,ACK,221,1024,"unique file bytes acknowledged"
515.236,sender,afd52c65-5ce1-4c35-a594-c7ab9f56a53f,EMIT,DATA,258,1060,""
515.240,sender,afd52c65-5ce1-4c35-a594-c7ab9f56a53f,RTT_SAMPLE,ACK,221,0,"77.663400"
515.244,sender,afd52c65-5ce1-4c35-a594-c7ab9f56a53f,EMIT,DATA,256,1060,""
515.252,sender,afd52c65-5ce1-4c35-a594-c7ab9f56a53f,RECEIVE,ACK,232,36,""
515.255,sender,afd52c65-5ce1-4c35-a594-c7ab9f56a53f,ACKNOWLEDGED,ACK,232,0,""
515.258,sender,afd52c65-5ce1-4c35-a594-c7ab9f56a53f,CONFIRM_DATA,ACK,232,1024,"unique file bytes acknowledged"
515.262,sender,afd52c65-5ce1-4c35-a594-c7ab9f56a53f,RTT_SAMPLE,ACK,232,0,"77.548000"
515.268,sender,afd52c65-5ce1-4c35-a594-c7ab9f56a53f,RECEIVE,ACK,223,36,""
515.271,sender,afd52c65-5ce1-4c35-a594-c7ab9f56a53f,ACKNOWLEDGED,ACK,223,0,""
515.273,sender,afd52c65-5ce1-4c35-a594-c7ab9f56a53f,CONFIRM_DATA,ACK,223,1024,"unique file bytes acknowledged"
515.277,sender,afd52c65-5ce1-4c35-a594-c7ab9f56a53f,RTT_SAMPLE,ACK,223,0,"77.697500"
515.292,sender,afd52c65-5ce1-4c35-a594-c7ab9f56a53f,RECEIVE,ACK,219,36,""
515.295,sender,afd52c65-5ce1-4c35-a594-c7ab9f56a53f,ACKNOWLEDGED,ACK,219,0,""
515.298,sender,afd52c65-5ce1-4c35-a594-c7ab9f56a53f,CONFIRM_DATA,ACK,219,1024,"unique file bytes acknowledged"
515.301,sender,afd52c65-5ce1-4c35-a594-c7ab9f56a53f,RTT_SAMPLE,ACK,219,0,"77.733800"
515.307,sender,afd52c65-5ce1-4c35-a594-c7ab9f56a53f,RECEIVE,ACK,241,36,""
515.310,sender,afd52c65-5ce1-4c35-a594-c7ab9f56a53f,ACKNOWLEDGED,ACK,241,0,""
515.313,sender,afd52c65-5ce1-4c35-a594-c7ab9f56a53f,CONFIRM_DATA,ACK,241,1024,"unique file bytes acknowledged"
515.316,sender,afd52c65-5ce1-4c35-a594-c7ab9f56a53f,RTT_SAMPLE,ACK,241,0,"77.548800"
515.322,sender,afd52c65-5ce1-4c35-a594-c7ab9f56a53f,RECEIVE,ACK,231,36,""
515.325,sender,afd52c65-5ce1-4c35-a594-c7ab9f56a53f,ACKNOWLEDGED,ACK,231,0,""
515.328,sender,afd52c65-5ce1-4c35-a594-c7ab9f56a53f,CONFIRM_DATA,ACK,231,1024,"unique file bytes acknowledged"
515.331,sender,afd52c65-5ce1-4c35-a594-c7ab9f56a53f,RTT_SAMPLE,ACK,231,0,"77.676000"
515.338,sender,afd52c65-5ce1-4c35-a594-c7ab9f56a53f,RECEIVE,ACK,224,36,""
515.340,sender,afd52c65-5ce1-4c35-a594-c7ab9f56a53f,ACKNOWLEDGED,ACK,224,0,""
515.343,sender,afd52c65-5ce1-4c35-a594-c7ab9f56a53f,CONFIRM_DATA,ACK,224,1024,"unique file bytes acknowledged"
515.384,sender,afd52c65-5ce1-4c35-a594-c7ab9f56a53f,RTT_SAMPLE,ACK,224,0,"77.801600"
515.391,sender,afd52c65-5ce1-4c35-a594-c7ab9f56a53f,RECEIVE,ACK,211,36,""
515.394,sender,afd52c65-5ce1-4c35-a594-c7ab9f56a53f,ACKNOWLEDGED,ACK,211,0,""
515.396,sender,afd52c65-5ce1-4c35-a594-c7ab9f56a53f,CONFIRM_DATA,ACK,211,1024,"unique file bytes acknowledged"
515.400,sender,afd52c65-5ce1-4c35-a594-c7ab9f56a53f,RTT_SAMPLE,ACK,211,0,"93.169400"
515.406,sender,afd52c65-5ce1-4c35-a594-c7ab9f56a53f,RECEIVE,ACK,225,36,""
515.409,sender,afd52c65-5ce1-4c35-a594-c7ab9f56a53f,ACKNOWLEDGED,ACK,225,0,""
515.411,sender,afd52c65-5ce1-4c35-a594-c7ab9f56a53f,CONFIRM_DATA,ACK,225,1024,"unique file bytes acknowledged"
515.415,sender,afd52c65-5ce1-4c35-a594-c7ab9f56a53f,RTT_SAMPLE,ACK,225,0,"77.829600"
515.432,sender,afd52c65-5ce1-4c35-a594-c7ab9f56a53f,RECEIVE,ACK,203,36,""
515.435,sender,afd52c65-5ce1-4c35-a594-c7ab9f56a53f,ACKNOWLEDGED,ACK,203,0,""
515.438,sender,afd52c65-5ce1-4c35-a594-c7ab9f56a53f,CONFIRM_DATA,ACK,203,1024,"unique file bytes acknowledged"
515.442,sender,afd52c65-5ce1-4c35-a594-c7ab9f56a53f,RTT_SAMPLE,ACK,203,0,"93.326000"
515.447,sender,afd52c65-5ce1-4c35-a594-c7ab9f56a53f,RECEIVE,ACK,205,36,""
515.450,sender,afd52c65-5ce1-4c35-a594-c7ab9f56a53f,ACKNOWLEDGED,ACK,205,0,""
515.453,sender,afd52c65-5ce1-4c35-a594-c7ab9f56a53f,CONFIRM_DATA,ACK,205,1024,"unique file bytes acknowledged"
515.456,sender,afd52c65-5ce1-4c35-a594-c7ab9f56a53f,RTT_SAMPLE,ACK,205,0,"93.243500"
515.463,sender,afd52c65-5ce1-4c35-a594-c7ab9f56a53f,RECEIVE,ACK,207,36,""
515.465,sender,afd52c65-5ce1-4c35-a594-c7ab9f56a53f,ACKNOWLEDGED,ACK,207,0,""
515.468,sender,afd52c65-5ce1-4c35-a594-c7ab9f56a53f,CONFIRM_DATA,ACK,207,1024,"unique file bytes acknowledged"
515.471,sender,afd52c65-5ce1-4c35-a594-c7ab9f56a53f,RTT_SAMPLE,ACK,207,0,"93.252500"
515.477,sender,afd52c65-5ce1-4c35-a594-c7ab9f56a53f,RECEIVE,ACK,206,36,""
515.480,sender,afd52c65-5ce1-4c35-a594-c7ab9f56a53f,ACKNOWLEDGED,ACK,206,0,""
515.483,sender,afd52c65-5ce1-4c35-a594-c7ab9f56a53f,CONFIRM_DATA,ACK,206,1024,"unique file bytes acknowledged"
515.486,sender,afd52c65-5ce1-4c35-a594-c7ab9f56a53f,RTT_SAMPLE,ACK,206,0,"93.270500"
515.497,sender,afd52c65-5ce1-4c35-a594-c7ab9f56a53f,RECEIVE,ACK,233,36,""
515.500,sender,afd52c65-5ce1-4c35-a594-c7ab9f56a53f,ACKNOWLEDGED,ACK,233,0,""
515.503,sender,afd52c65-5ce1-4c35-a594-c7ab9f56a53f,CONFIRM_DATA,ACK,233,1024,"unique file bytes acknowledged"
515.506,sender,afd52c65-5ce1-4c35-a594-c7ab9f56a53f,RTT_SAMPLE,ACK,233,0,"77.788500"
531.405,sender,afd52c65-5ce1-4c35-a594-c7ab9f56a53f,EMIT,DATA,261,1060,""
531.681,sender,afd52c65-5ce1-4c35-a594-c7ab9f56a53f,RECEIVE,ACK,245,36,""
531.690,sender,afd52c65-5ce1-4c35-a594-c7ab9f56a53f,ACKNOWLEDGED,ACK,245,0,""
531.693,sender,afd52c65-5ce1-4c35-a594-c7ab9f56a53f,CONFIRM_DATA,ACK,245,1024,"unique file bytes acknowledged"
531.697,sender,afd52c65-5ce1-4c35-a594-c7ab9f56a53f,RTT_SAMPLE,ACK,245,0,"79.257500"
531.715,sender,afd52c65-5ce1-4c35-a594-c7ab9f56a53f,RECEIVE,ACK,235,36,""
531.718,sender,afd52c65-5ce1-4c35-a594-c7ab9f56a53f,ACKNOWLEDGED,ACK,235,0,""
531.720,sender,afd52c65-5ce1-4c35-a594-c7ab9f56a53f,CONFIRM_DATA,ACK,235,1024,"unique file bytes acknowledged"
531.723,sender,afd52c65-5ce1-4c35-a594-c7ab9f56a53f,RTT_SAMPLE,ACK,235,0,"93.998600"
531.728,sender,afd52c65-5ce1-4c35-a594-c7ab9f56a53f,RECEIVE,ACK,198,36,""
531.730,sender,afd52c65-5ce1-4c35-a594-c7ab9f56a53f,ACKNOWLEDGED,ACK,198,0,""
531.733,sender,afd52c65-5ce1-4c35-a594-c7ab9f56a53f,CONFIRM_DATA,ACK,198,1024,"unique file bytes acknowledged"
531.735,sender,afd52c65-5ce1-4c35-a594-c7ab9f56a53f,RTT_SAMPLE,ACK,198,0,"110.011800"
531.739,sender,afd52c65-5ce1-4c35-a594-c7ab9f56a53f,SEND,DATA,262,1060,""
531.743,sender,afd52c65-5ce1-4c35-a594-c7ab9f56a53f,SEND,DATA,263,1060,""
531.746,sender,afd52c65-5ce1-4c35-a594-c7ab9f56a53f,SEND,DATA,264,1060,""
531.749,sender,afd52c65-5ce1-4c35-a594-c7ab9f56a53f,SEND,DATA,265,1060,""
531.751,sender,afd52c65-5ce1-4c35-a594-c7ab9f56a53f,SEND,DATA,266,1060,""
531.754,sender,afd52c65-5ce1-4c35-a594-c7ab9f56a53f,SEND,DATA,267,1060,""
531.758,sender,afd52c65-5ce1-4c35-a594-c7ab9f56a53f,RECEIVE,ACK,238,36,""
531.761,sender,afd52c65-5ce1-4c35-a594-c7ab9f56a53f,ACKNOWLEDGED,ACK,238,0,""
531.763,sender,afd52c65-5ce1-4c35-a594-c7ab9f56a53f,CONFIRM_DATA,ACK,238,1024,"unique file bytes acknowledged"
531.766,sender,afd52c65-5ce1-4c35-a594-c7ab9f56a53f,RTT_SAMPLE,ACK,238,0,"94.022300"
531.771,sender,afd52c65-5ce1-4c35-a594-c7ab9f56a53f,RECEIVE,ACK,204,36,""
531.773,sender,afd52c65-5ce1-4c35-a594-c7ab9f56a53f,ACKNOWLEDGED,ACK,204,0,""
531.775,sender,afd52c65-5ce1-4c35-a594-c7ab9f56a53f,CONFIRM_DATA,ACK,204,1024,"unique file bytes acknowledged"
531.778,sender,afd52c65-5ce1-4c35-a594-c7ab9f56a53f,RTT_SAMPLE,ACK,204,0,"109.660100"
531.781,sender,afd52c65-5ce1-4c35-a594-c7ab9f56a53f,SEND,DATA,268,1060,""
531.784,sender,afd52c65-5ce1-4c35-a594-c7ab9f56a53f,SEND,DATA,269,1060,""
531.787,sender,afd52c65-5ce1-4c35-a594-c7ab9f56a53f,SEND,DATA,270,1060,""
531.789,sender,afd52c65-5ce1-4c35-a594-c7ab9f56a53f,SEND,DATA,271,1060,""
531.792,sender,afd52c65-5ce1-4c35-a594-c7ab9f56a53f,SEND,DATA,272,1060,""
531.794,sender,afd52c65-5ce1-4c35-a594-c7ab9f56a53f,SEND,DATA,273,1060,""
531.797,sender,afd52c65-5ce1-4c35-a594-c7ab9f56a53f,SEND,DATA,274,1060,""
531.800,sender,afd52c65-5ce1-4c35-a594-c7ab9f56a53f,SEND,DATA,275,1060,""
531.804,sender,afd52c65-5ce1-4c35-a594-c7ab9f56a53f,RECEIVE,ACK,213,36,""
531.806,sender,afd52c65-5ce1-4c35-a594-c7ab9f56a53f,ACKNOWLEDGED,ACK,213,0,""
531.809,sender,afd52c65-5ce1-4c35-a594-c7ab9f56a53f,CONFIRM_DATA,ACK,213,1024,"unique file bytes acknowledged"
531.811,sender,afd52c65-5ce1-4c35-a594-c7ab9f56a53f,RTT_SAMPLE,ACK,213,0,"109.562000"
531.816,sender,afd52c65-5ce1-4c35-a594-c7ab9f56a53f,RECEIVE,ACK,243,36,""
531.818,sender,afd52c65-5ce1-4c35-a594-c7ab9f56a53f,ACKNOWLEDGED,ACK,243,0,""
531.820,sender,afd52c65-5ce1-4c35-a594-c7ab9f56a53f,CONFIRM_DATA,ACK,243,1024,"unique file bytes acknowledged"
531.823,sender,afd52c65-5ce1-4c35-a594-c7ab9f56a53f,RTT_SAMPLE,ACK,243,0,"94.048400"
531.828,sender,afd52c65-5ce1-4c35-a594-c7ab9f56a53f,RECEIVE,ACK,234,36,""
531.830,sender,afd52c65-5ce1-4c35-a594-c7ab9f56a53f,ACKNOWLEDGED,ACK,234,0,""
531.832,sender,afd52c65-5ce1-4c35-a594-c7ab9f56a53f,CONFIRM_DATA,ACK,234,1024,"unique file bytes acknowledged"
531.835,sender,afd52c65-5ce1-4c35-a594-c7ab9f56a53f,RTT_SAMPLE,ACK,234,0,"94.113800"
531.840,sender,afd52c65-5ce1-4c35-a594-c7ab9f56a53f,RECEIVE,ACK,228,36,""
531.842,sender,afd52c65-5ce1-4c35-a594-c7ab9f56a53f,ACKNOWLEDGED,ACK,228,0,""
531.844,sender,afd52c65-5ce1-4c35-a594-c7ab9f56a53f,CONFIRM_DATA,ACK,228,1024,"unique file bytes acknowledged"
531.847,sender,afd52c65-5ce1-4c35-a594-c7ab9f56a53f,RTT_SAMPLE,ACK,228,0,"94.253200"
531.851,sender,afd52c65-5ce1-4c35-a594-c7ab9f56a53f,RECEIVE,ACK,212,36,""
531.854,sender,afd52c65-5ce1-4c35-a594-c7ab9f56a53f,ACKNOWLEDGED,ACK,212,0,""
531.856,sender,afd52c65-5ce1-4c35-a594-c7ab9f56a53f,CONFIRM_DATA,ACK,212,1024,"unique file bytes acknowledged"
531.859,sender,afd52c65-5ce1-4c35-a594-c7ab9f56a53f,RTT_SAMPLE,ACK,212,0,"109.625500"
531.862,sender,afd52c65-5ce1-4c35-a594-c7ab9f56a53f,SEND,DATA,276,1060,""
531.864,sender,afd52c65-5ce1-4c35-a594-c7ab9f56a53f,SEND,DATA,277,1060,""
531.869,sender,afd52c65-5ce1-4c35-a594-c7ab9f56a53f,RECEIVE,ACK,222,36,""
531.874,sender,afd52c65-5ce1-4c35-a594-c7ab9f56a53f,ACKNOWLEDGED,ACK,222,0,""
531.876,sender,afd52c65-5ce1-4c35-a594-c7ab9f56a53f,CONFIRM_DATA,ACK,222,1024,"unique file bytes acknowledged"
531.879,sender,afd52c65-5ce1-4c35-a594-c7ab9f56a53f,RTT_SAMPLE,ACK,222,0,"94.303500"
531.884,sender,afd52c65-5ce1-4c35-a594-c7ab9f56a53f,RECEIVE,ACK,216,36,""
531.886,sender,afd52c65-5ce1-4c35-a594-c7ab9f56a53f,ACKNOWLEDGED,ACK,216,0,""
531.888,sender,afd52c65-5ce1-4c35-a594-c7ab9f56a53f,CONFIRM_DATA,ACK,216,1024,"unique file bytes acknowledged"
531.891,sender,afd52c65-5ce1-4c35-a594-c7ab9f56a53f,RTT_SAMPLE,ACK,216,0,"94.336600"
531.896,sender,afd52c65-5ce1-4c35-a594-c7ab9f56a53f,RECEIVE,ACK,239,36,""
531.927,sender,afd52c65-5ce1-4c35-a594-c7ab9f56a53f,ACKNOWLEDGED,ACK,239,0,""
531.930,sender,afd52c65-5ce1-4c35-a594-c7ab9f56a53f,CONFIRM_DATA,ACK,239,1024,"unique file bytes acknowledged"
531.932,sender,afd52c65-5ce1-4c35-a594-c7ab9f56a53f,RTT_SAMPLE,ACK,239,0,"94.171300"
531.937,sender,afd52c65-5ce1-4c35-a594-c7ab9f56a53f,RECEIVE,ACK,217,36,""
531.940,sender,afd52c65-5ce1-4c35-a594-c7ab9f56a53f,ACKNOWLEDGED,ACK,217,0,""
531.942,sender,afd52c65-5ce1-4c35-a594-c7ab9f56a53f,CONFIRM_DATA,ACK,217,1024,"unique file bytes acknowledged"
531.945,sender,afd52c65-5ce1-4c35-a594-c7ab9f56a53f,RTT_SAMPLE,ACK,217,0,"94.384600"
531.949,sender,afd52c65-5ce1-4c35-a594-c7ab9f56a53f,RECEIVE,ACK,229,36,""
531.952,sender,afd52c65-5ce1-4c35-a594-c7ab9f56a53f,ACKNOWLEDGED,ACK,229,0,""
531.954,sender,afd52c65-5ce1-4c35-a594-c7ab9f56a53f,CONFIRM_DATA,ACK,229,1024,"unique file bytes acknowledged"
531.957,sender,afd52c65-5ce1-4c35-a594-c7ab9f56a53f,RTT_SAMPLE,ACK,229,0,"94.360000"
547.173,sender,afd52c65-5ce1-4c35-a594-c7ab9f56a53f,EMIT,DATA,259,1060,""
547.210,sender,afd52c65-5ce1-4c35-a594-c7ab9f56a53f,EMIT,DATA,260,1060,""
547.295,sender,afd52c65-5ce1-4c35-a594-c7ab9f56a53f,RECEIVE,ACK,227,36,""
547.321,sender,afd52c65-5ce1-4c35-a594-c7ab9f56a53f,ACKNOWLEDGED,ACK,227,0,""
547.332,sender,afd52c65-5ce1-4c35-a594-c7ab9f56a53f,CONFIRM_DATA,ACK,227,1024,"unique file bytes acknowledged"
547.347,sender,afd52c65-5ce1-4c35-a594-c7ab9f56a53f,RTT_SAMPLE,ACK,227,0,"109.751600"
547.391,sender,afd52c65-5ce1-4c35-a594-c7ab9f56a53f,RECEIVE,ACK,237,36,""
547.400,sender,afd52c65-5ce1-4c35-a594-c7ab9f56a53f,ACKNOWLEDGED,ACK,237,0,""
547.407,sender,afd52c65-5ce1-4c35-a594-c7ab9f56a53f,CONFIRM_DATA,ACK,237,1024,"unique file bytes acknowledged"
547.416,sender,afd52c65-5ce1-4c35-a594-c7ab9f56a53f,RTT_SAMPLE,ACK,237,0,"109.674800"
547.435,sender,afd52c65-5ce1-4c35-a594-c7ab9f56a53f,RECEIVE,ACK,242,36,""
547.445,sender,afd52c65-5ce1-4c35-a594-c7ab9f56a53f,ACKNOWLEDGED,ACK,242,0,""
547.451,sender,afd52c65-5ce1-4c35-a594-c7ab9f56a53f,CONFIRM_DATA,ACK,242,1024,"unique file bytes acknowledged"
547.459,sender,afd52c65-5ce1-4c35-a594-c7ab9f56a53f,RTT_SAMPLE,ACK,242,0,"109.687900"
547.476,sender,afd52c65-5ce1-4c35-a594-c7ab9f56a53f,RECEIVE,ACK,218,36,""
547.497,sender,afd52c65-5ce1-4c35-a594-c7ab9f56a53f,ACKNOWLEDGED,ACK,218,0,""
547.503,sender,afd52c65-5ce1-4c35-a594-c7ab9f56a53f,CONFIRM_DATA,ACK,218,1024,"unique file bytes acknowledged"
547.511,sender,afd52c65-5ce1-4c35-a594-c7ab9f56a53f,RTT_SAMPLE,ACK,218,0,"109.946400"
547.537,sender,afd52c65-5ce1-4c35-a594-c7ab9f56a53f,RECEIVE,ACK,230,36,""
547.545,sender,afd52c65-5ce1-4c35-a594-c7ab9f56a53f,ACKNOWLEDGED,ACK,230,0,""
547.551,sender,afd52c65-5ce1-4c35-a594-c7ab9f56a53f,CONFIRM_DATA,ACK,230,1024,"unique file bytes acknowledged"
547.559,sender,afd52c65-5ce1-4c35-a594-c7ab9f56a53f,RTT_SAMPLE,ACK,230,0,"109.959000"
547.576,sender,afd52c65-5ce1-4c35-a594-c7ab9f56a53f,RECEIVE,ACK,249,36,""
547.585,sender,afd52c65-5ce1-4c35-a594-c7ab9f56a53f,ACKNOWLEDGED,ACK,249,0,""
547.591,sender,afd52c65-5ce1-4c35-a594-c7ab9f56a53f,CONFIRM_DATA,ACK,249,1024,"unique file bytes acknowledged"
547.599,sender,afd52c65-5ce1-4c35-a594-c7ab9f56a53f,RTT_SAMPLE,ACK,249,0,"95.075500"
547.616,sender,afd52c65-5ce1-4c35-a594-c7ab9f56a53f,RECEIVE,ACK,246,36,""
547.627,sender,afd52c65-5ce1-4c35-a594-c7ab9f56a53f,ACKNOWLEDGED,ACK,246,0,""
547.633,sender,afd52c65-5ce1-4c35-a594-c7ab9f56a53f,CONFIRM_DATA,ACK,246,1024,"unique file bytes acknowledged"
547.641,sender,afd52c65-5ce1-4c35-a594-c7ab9f56a53f,RTT_SAMPLE,ACK,246,0,"95.142700"
547.670,sender,afd52c65-5ce1-4c35-a594-c7ab9f56a53f,RECEIVE,ACK,240,36,""
547.678,sender,afd52c65-5ce1-4c35-a594-c7ab9f56a53f,ACKNOWLEDGED,ACK,240,0,""
547.685,sender,afd52c65-5ce1-4c35-a594-c7ab9f56a53f,CONFIRM_DATA,ACK,240,1024,"unique file bytes acknowledged"
547.692,sender,afd52c65-5ce1-4c35-a594-c7ab9f56a53f,RTT_SAMPLE,ACK,240,0,"109.927000"
547.721,sender,afd52c65-5ce1-4c35-a594-c7ab9f56a53f,RECEIVE,ACK,214,36,""
547.729,sender,afd52c65-5ce1-4c35-a594-c7ab9f56a53f,ACKNOWLEDGED,ACK,214,0,""
547.737,sender,afd52c65-5ce1-4c35-a594-c7ab9f56a53f,CONFIRM_DATA,ACK,214,1024,"unique file bytes acknowledged"
547.744,sender,afd52c65-5ce1-4c35-a594-c7ab9f56a53f,RTT_SAMPLE,ACK,214,0,"110.483000"
547.754,sender,afd52c65-5ce1-4c35-a594-c7ab9f56a53f,SEND,DATA,278,1060,""
547.764,sender,afd52c65-5ce1-4c35-a594-c7ab9f56a53f,SEND,DATA,279,1060,""
547.772,sender,afd52c65-5ce1-4c35-a594-c7ab9f56a53f,SEND,DATA,280,1060,""
547.784,sender,afd52c65-5ce1-4c35-a594-c7ab9f56a53f,SEND,DATA,281,1060,""
547.791,sender,afd52c65-5ce1-4c35-a594-c7ab9f56a53f,SEND,DATA,282,1060,""
547.799,sender,afd52c65-5ce1-4c35-a594-c7ab9f56a53f,SEND,DATA,283,1060,""
547.807,sender,afd52c65-5ce1-4c35-a594-c7ab9f56a53f,SEND,DATA,284,1060,""
547.814,sender,afd52c65-5ce1-4c35-a594-c7ab9f56a53f,SEND,DATA,285,1060,""
547.822,sender,afd52c65-5ce1-4c35-a594-c7ab9f56a53f,SEND,DATA,286,1060,""
547.832,sender,afd52c65-5ce1-4c35-a594-c7ab9f56a53f,SEND,DATA,287,1060,""
547.839,sender,afd52c65-5ce1-4c35-a594-c7ab9f56a53f,SEND,DATA,288,1060,""
547.848,sender,afd52c65-5ce1-4c35-a594-c7ab9f56a53f,SEND,DATA,289,1060,""
547.855,sender,afd52c65-5ce1-4c35-a594-c7ab9f56a53f,SEND,DATA,290,1060,""
547.863,sender,afd52c65-5ce1-4c35-a594-c7ab9f56a53f,SEND,DATA,291,1060,""
547.882,sender,afd52c65-5ce1-4c35-a594-c7ab9f56a53f,SEND,DATA,292,1060,""
547.890,sender,afd52c65-5ce1-4c35-a594-c7ab9f56a53f,SEND,DATA,293,1060,""
547.897,sender,afd52c65-5ce1-4c35-a594-c7ab9f56a53f,SEND,DATA,294,1060,""
547.908,sender,afd52c65-5ce1-4c35-a594-c7ab9f56a53f,SEND,DATA,295,1060,""
547.916,sender,afd52c65-5ce1-4c35-a594-c7ab9f56a53f,SEND,DATA,296,1060,""
547.923,sender,afd52c65-5ce1-4c35-a594-c7ab9f56a53f,SEND,DATA,297,1060,""
547.931,sender,afd52c65-5ce1-4c35-a594-c7ab9f56a53f,SEND,DATA,298,1060,""
547.939,sender,afd52c65-5ce1-4c35-a594-c7ab9f56a53f,SEND,DATA,299,1060,""
547.946,sender,afd52c65-5ce1-4c35-a594-c7ab9f56a53f,SEND,DATA,300,1060,""
547.954,sender,afd52c65-5ce1-4c35-a594-c7ab9f56a53f,SEND,DATA,301,1060,""
547.962,sender,afd52c65-5ce1-4c35-a594-c7ab9f56a53f,SEND,DATA,302,1060,""
547.969,sender,afd52c65-5ce1-4c35-a594-c7ab9f56a53f,SEND,DATA,303,1060,""
547.977,sender,afd52c65-5ce1-4c35-a594-c7ab9f56a53f,SEND,DATA,304,1060,""
547.995,sender,afd52c65-5ce1-4c35-a594-c7ab9f56a53f,SEND,DATA,305,1060,""
548.002,sender,afd52c65-5ce1-4c35-a594-c7ab9f56a53f,SEND,DATA,306,1060,""
548.010,sender,afd52c65-5ce1-4c35-a594-c7ab9f56a53f,SEND,DATA,307,1060,""
548.037,sender,afd52c65-5ce1-4c35-a594-c7ab9f56a53f,RECEIVE,ACK,255,36,""
548.045,sender,afd52c65-5ce1-4c35-a594-c7ab9f56a53f,ACKNOWLEDGED,ACK,255,0,""
548.051,sender,afd52c65-5ce1-4c35-a594-c7ab9f56a53f,CONFIRM_DATA,ACK,255,1024,"unique file bytes acknowledged"
548.059,sender,afd52c65-5ce1-4c35-a594-c7ab9f56a53f,RTT_SAMPLE,ACK,255,0,"79.123500"
548.129,sender,afd52c65-5ce1-4c35-a594-c7ab9f56a53f,RECEIVE,ACK,256,36,""
548.145,sender,afd52c65-5ce1-4c35-a594-c7ab9f56a53f,ACKNOWLEDGED,ACK,256,0,""
548.151,sender,afd52c65-5ce1-4c35-a594-c7ab9f56a53f,CONFIRM_DATA,ACK,256,1024,"unique file bytes acknowledged"
548.159,sender,afd52c65-5ce1-4c35-a594-c7ab9f56a53f,RTT_SAMPLE,ACK,256,0,"64.207200"
548.185,sender,afd52c65-5ce1-4c35-a594-c7ab9f56a53f,RECEIVE,ACK,252,36,""
548.188,sender,afd52c65-5ce1-4c35-a594-c7ab9f56a53f,ACKNOWLEDGED,ACK,252,0,""
548.191,sender,afd52c65-5ce1-4c35-a594-c7ab9f56a53f,CONFIRM_DATA,ACK,252,1024,"unique file bytes acknowledged"
548.195,sender,afd52c65-5ce1-4c35-a594-c7ab9f56a53f,RTT_SAMPLE,ACK,252,0,"79.306500"
563.738,sender,afd52c65-5ce1-4c35-a594-c7ab9f56a53f,EMIT,DATA,263,1060,""
563.807,sender,afd52c65-5ce1-4c35-a594-c7ab9f56a53f,EMIT,DATA,269,1060,""
563.833,sender,afd52c65-5ce1-4c35-a594-c7ab9f56a53f,EMIT,DATA,273,1060,""
563.973,sender,afd52c65-5ce1-4c35-a594-c7ab9f56a53f,RECEIVE,ACK,250,36,""
563.997,sender,afd52c65-5ce1-4c35-a594-c7ab9f56a53f,ACKNOWLEDGED,ACK,250,0,""
564.005,sender,afd52c65-5ce1-4c35-a594-c7ab9f56a53f,CONFIRM_DATA,ACK,250,1024,"unique file bytes acknowledged"
564.018,sender,afd52c65-5ce1-4c35-a594-c7ab9f56a53f,RTT_SAMPLE,ACK,250,0,"111.483800"
564.127,sender,afd52c65-5ce1-4c35-a594-c7ab9f56a53f,RECEIVE,ACK,254,36,""
564.135,sender,afd52c65-5ce1-4c35-a594-c7ab9f56a53f,ACKNOWLEDGED,ACK,254,0,""
564.141,sender,afd52c65-5ce1-4c35-a594-c7ab9f56a53f,CONFIRM_DATA,ACK,254,1024,"unique file bytes acknowledged"
564.149,sender,afd52c65-5ce1-4c35-a594-c7ab9f56a53f,RTT_SAMPLE,ACK,254,0,"95.230300"
564.166,sender,afd52c65-5ce1-4c35-a594-c7ab9f56a53f,RECEIVE,ACK,244,36,""
564.173,sender,afd52c65-5ce1-4c35-a594-c7ab9f56a53f,ACKNOWLEDGED,ACK,244,0,""
564.179,sender,afd52c65-5ce1-4c35-a594-c7ab9f56a53f,CONFIRM_DATA,ACK,244,1024,"unique file bytes acknowledged"
564.187,sender,afd52c65-5ce1-4c35-a594-c7ab9f56a53f,RTT_SAMPLE,ACK,244,0,"111.754200"
564.197,sender,afd52c65-5ce1-4c35-a594-c7ab9f56a53f,SEND,DATA,308,1060,""
564.207,sender,afd52c65-5ce1-4c35-a594-c7ab9f56a53f,SEND,DATA,309,1060,""
564.215,sender,afd52c65-5ce1-4c35-a594-c7ab9f56a53f,SEND,DATA,310,1060,""
564.227,sender,afd52c65-5ce1-4c35-a594-c7ab9f56a53f,RECEIVE,ACK,257,36,""
564.234,sender,afd52c65-5ce1-4c35-a594-c7ab9f56a53f,ACKNOWLEDGED,ACK,257,0,""
564.240,sender,afd52c65-5ce1-4c35-a594-c7ab9f56a53f,CONFIRM_DATA,ACK,257,1024,"unique file bytes acknowledged"
564.248,sender,afd52c65-5ce1-4c35-a594-c7ab9f56a53f,RTT_SAMPLE,ACK,257,0,"80.289700"
564.263,sender,afd52c65-5ce1-4c35-a594-c7ab9f56a53f,RECEIVE,ACK,253,36,""
564.269,sender,afd52c65-5ce1-4c35-a594-c7ab9f56a53f,ACKNOWLEDGED,ACK,253,0,""
564.275,sender,afd52c65-5ce1-4c35-a594-c7ab9f56a53f,CONFIRM_DATA,ACK,253,1024,"unique file bytes acknowledged"
564.283,sender,afd52c65-5ce1-4c35-a594-c7ab9f56a53f,RTT_SAMPLE,ACK,253,0,"95.377900"
564.297,sender,afd52c65-5ce1-4c35-a594-c7ab9f56a53f,RECEIVE,ACK,247,36,""
564.303,sender,afd52c65-5ce1-4c35-a594-c7ab9f56a53f,ACKNOWLEDGED,ACK,247,0,""
564.309,sender,afd52c65-5ce1-4c35-a594-c7ab9f56a53f,CONFIRM_DATA,ACK,247,1024,"unique file bytes acknowledged"
564.317,sender,afd52c65-5ce1-4c35-a594-c7ab9f56a53f,RTT_SAMPLE,ACK,247,0,"111.809000"
564.326,sender,afd52c65-5ce1-4c35-a594-c7ab9f56a53f,SEND,DATA,311,1060,""
564.338,sender,afd52c65-5ce1-4c35-a594-c7ab9f56a53f,RECEIVE,ACK,248,36,""
564.344,sender,afd52c65-5ce1-4c35-a594-c7ab9f56a53f,ACKNOWLEDGED,ACK,248,0,""
564.350,sender,afd52c65-5ce1-4c35-a594-c7ab9f56a53f,CONFIRM_DATA,ACK,248,1024,"unique file bytes acknowledged"
564.358,sender,afd52c65-5ce1-4c35-a594-c7ab9f56a53f,RTT_SAMPLE,ACK,248,0,"111.841500"
564.367,sender,afd52c65-5ce1-4c35-a594-c7ab9f56a53f,SEND,DATA,312,1060,""
564.374,sender,afd52c65-5ce1-4c35-a594-c7ab9f56a53f,SEND,DATA,313,1060,""
564.381,sender,afd52c65-5ce1-4c35-a594-c7ab9f56a53f,SEND,DATA,314,1060,""
564.859,sender,afd52c65-5ce1-4c35-a594-c7ab9f56a53f,RECEIVE,ACK,251,36,""
564.903,sender,afd52c65-5ce1-4c35-a594-c7ab9f56a53f,ACKNOWLEDGED,ACK,251,0,""
564.921,sender,afd52c65-5ce1-4c35-a594-c7ab9f56a53f,CONFIRM_DATA,ACK,251,1024,"unique file bytes acknowledged"
564.928,sender,afd52c65-5ce1-4c35-a594-c7ab9f56a53f,RTT_SAMPLE,ACK,251,0,"112.389300"
564.935,sender,afd52c65-5ce1-4c35-a594-c7ab9f56a53f,SEND,DATA,315,1060,""
564.940,sender,afd52c65-5ce1-4c35-a594-c7ab9f56a53f,SEND,DATA,316,1060,""
564.943,sender,afd52c65-5ce1-4c35-a594-c7ab9f56a53f,SEND,DATA,317,1060,""
564.947,sender,afd52c65-5ce1-4c35-a594-c7ab9f56a53f,SEND,DATA,318,1060,""
564.950,sender,afd52c65-5ce1-4c35-a594-c7ab9f56a53f,SEND,DATA,319,1060,""
564.954,sender,afd52c65-5ce1-4c35-a594-c7ab9f56a53f,SEND,DATA,320,1060,""
564.957,sender,afd52c65-5ce1-4c35-a594-c7ab9f56a53f,SEND,DATA,321,1060,""
564.967,sender,afd52c65-5ce1-4c35-a594-c7ab9f56a53f,RECEIVE,ACK,258,36,""
564.970,sender,afd52c65-5ce1-4c35-a594-c7ab9f56a53f,ACKNOWLEDGED,ACK,258,0,""
564.973,sender,afd52c65-5ce1-4c35-a594-c7ab9f56a53f,CONFIRM_DATA,ACK,258,1024,"unique file bytes acknowledged"
564.977,sender,afd52c65-5ce1-4c35-a594-c7ab9f56a53f,RTT_SAMPLE,ACK,258,0,"81.013300"
564.981,sender,afd52c65-5ce1-4c35-a594-c7ab9f56a53f,SEND,DATA,322,1060,""
579.552,sender,afd52c65-5ce1-4c35-a594-c7ab9f56a53f,EMIT,DATA,266,1060,""
579.589,sender,afd52c65-5ce1-4c35-a594-c7ab9f56a53f,EMIT,DATA,271,1060,""
579.600,sender,afd52c65-5ce1-4c35-a594-c7ab9f56a53f,EMIT,DATA,277,1060,""
579.610,sender,afd52c65-5ce1-4c35-a594-c7ab9f56a53f,EMIT,DATA,267,1060,""
579.619,sender,afd52c65-5ce1-4c35-a594-c7ab9f56a53f,EMIT,DATA,268,1060,""
579.627,sender,afd52c65-5ce1-4c35-a594-c7ab9f56a53f,EMIT,DATA,274,1060,""
579.636,sender,afd52c65-5ce1-4c35-a594-c7ab9f56a53f,EMIT,DATA,276,1060,""
579.644,sender,afd52c65-5ce1-4c35-a594-c7ab9f56a53f,EMIT,DATA,264,1060,""
579.652,sender,afd52c65-5ce1-4c35-a594-c7ab9f56a53f,EMIT,DATA,280,1060,""
579.663,sender,afd52c65-5ce1-4c35-a594-c7ab9f56a53f,EMIT,DATA,305,1060,""
579.671,sender,afd52c65-5ce1-4c35-a594-c7ab9f56a53f,EMIT,DATA,283,1060,""
579.679,sender,afd52c65-5ce1-4c35-a594-c7ab9f56a53f,EMIT,DATA,265,1060,""
579.687,sender,afd52c65-5ce1-4c35-a594-c7ab9f56a53f,EMIT,DATA,262,1060,""
580.052,sender,afd52c65-5ce1-4c35-a594-c7ab9f56a53f,RECEIVE,ACK,261,36,""
580.076,sender,afd52c65-5ce1-4c35-a594-c7ab9f56a53f,ACKNOWLEDGED,ACK,261,0,""
580.086,sender,afd52c65-5ce1-4c35-a594-c7ab9f56a53f,CONFIRM_DATA,ACK,261,1024,"unique file bytes acknowledged"
580.101,sender,afd52c65-5ce1-4c35-a594-c7ab9f56a53f,RTT_SAMPLE,ACK,261,0,"79.637200"
595.367,sender,afd52c65-5ce1-4c35-a594-c7ab9f56a53f,EMIT,DATA,279,1060,""
595.414,sender,afd52c65-5ce1-4c35-a594-c7ab9f56a53f,EMIT,DATA,288,1060,""
595.438,sender,afd52c65-5ce1-4c35-a594-c7ab9f56a53f,EMIT,DATA,301,1060,""
595.465,sender,afd52c65-5ce1-4c35-a594-c7ab9f56a53f,EMIT,DATA,270,1060,""
595.486,sender,afd52c65-5ce1-4c35-a594-c7ab9f56a53f,EMIT,DATA,272,1060,""
595.506,sender,afd52c65-5ce1-4c35-a594-c7ab9f56a53f,EMIT,DATA,275,1060,""
595.526,sender,afd52c65-5ce1-4c35-a594-c7ab9f56a53f,EMIT,DATA,281,1060,""
595.546,sender,afd52c65-5ce1-4c35-a594-c7ab9f56a53f,EMIT,DATA,303,1060,""
595.576,sender,afd52c65-5ce1-4c35-a594-c7ab9f56a53f,EMIT,DATA,278,1060,""
595.590,sender,afd52c65-5ce1-4c35-a594-c7ab9f56a53f,RECEIVE,ACK,259,36,""
595.602,sender,afd52c65-5ce1-4c35-a594-c7ab9f56a53f,EMIT,DATA,302,1060,""
595.610,sender,afd52c65-5ce1-4c35-a594-c7ab9f56a53f,ACKNOWLEDGED,ACK,259,0,""
595.613,sender,afd52c65-5ce1-4c35-a594-c7ab9f56a53f,CONFIRM_DATA,ACK,259,1024,"unique file bytes acknowledged"
595.617,sender,afd52c65-5ce1-4c35-a594-c7ab9f56a53f,RTT_SAMPLE,ACK,259,0,"95.645800"
595.623,sender,afd52c65-5ce1-4c35-a594-c7ab9f56a53f,EMIT,DATA,285,1060,""
595.630,sender,afd52c65-5ce1-4c35-a594-c7ab9f56a53f,SEND,DATA,323,1060,""
595.643,sender,afd52c65-5ce1-4c35-a594-c7ab9f56a53f,EMIT,DATA,291,1060,""
595.664,sender,afd52c65-5ce1-4c35-a594-c7ab9f56a53f,EMIT,DATA,299,1060,""
595.684,sender,afd52c65-5ce1-4c35-a594-c7ab9f56a53f,EMIT,DATA,290,1060,""
595.703,sender,afd52c65-5ce1-4c35-a594-c7ab9f56a53f,EMIT,DATA,300,1060,""
595.730,sender,afd52c65-5ce1-4c35-a594-c7ab9f56a53f,EMIT,DATA,292,1060,""
595.749,sender,afd52c65-5ce1-4c35-a594-c7ab9f56a53f,EMIT,DATA,294,1060,""
595.769,sender,afd52c65-5ce1-4c35-a594-c7ab9f56a53f,EMIT,DATA,295,1060,""
595.789,sender,afd52c65-5ce1-4c35-a594-c7ab9f56a53f,EMIT,DATA,316,1060,""
595.809,sender,afd52c65-5ce1-4c35-a594-c7ab9f56a53f,EMIT,DATA,312,1060,""
595.828,sender,afd52c65-5ce1-4c35-a594-c7ab9f56a53f,EMIT,DATA,298,1060,""
595.848,sender,afd52c65-5ce1-4c35-a594-c7ab9f56a53f,EMIT,DATA,317,1060,""
595.868,sender,afd52c65-5ce1-4c35-a594-c7ab9f56a53f,EMIT,DATA,314,1060,""
595.887,sender,afd52c65-5ce1-4c35-a594-c7ab9f56a53f,EMIT,DATA,284,1060,""
595.907,sender,afd52c65-5ce1-4c35-a594-c7ab9f56a53f,EMIT,DATA,304,1060,""
595.927,sender,afd52c65-5ce1-4c35-a594-c7ab9f56a53f,EMIT,DATA,306,1060,""
595.947,sender,afd52c65-5ce1-4c35-a594-c7ab9f56a53f,EMIT,DATA,310,1060,""
595.967,sender,afd52c65-5ce1-4c35-a594-c7ab9f56a53f,EMIT,DATA,311,1060,""
595.992,sender,afd52c65-5ce1-4c35-a594-c7ab9f56a53f,EMIT,DATA,282,1060,""
610.768,sender,afd52c65-5ce1-4c35-a594-c7ab9f56a53f,EMIT,DATA,287,1060,""
610.795,sender,afd52c65-5ce1-4c35-a594-c7ab9f56a53f,EMIT,DATA,289,1060,""
610.803,sender,afd52c65-5ce1-4c35-a594-c7ab9f56a53f,EMIT,DATA,315,1060,""
610.810,sender,afd52c65-5ce1-4c35-a594-c7ab9f56a53f,EMIT,DATA,320,1060,""
610.817,sender,afd52c65-5ce1-4c35-a594-c7ab9f56a53f,EMIT,DATA,322,1060,""
610.875,sender,afd52c65-5ce1-4c35-a594-c7ab9f56a53f,EMIT,DATA,286,1060,""
610.894,sender,afd52c65-5ce1-4c35-a594-c7ab9f56a53f,EMIT,DATA,293,1060,""
610.904,sender,afd52c65-5ce1-4c35-a594-c7ab9f56a53f,EMIT,DATA,296,1060,""
610.915,sender,afd52c65-5ce1-4c35-a594-c7ab9f56a53f,EMIT,DATA,297,1060,""
610.926,sender,afd52c65-5ce1-4c35-a594-c7ab9f56a53f,EMIT,DATA,307,1060,""
610.936,sender,afd52c65-5ce1-4c35-a594-c7ab9f56a53f,EMIT,DATA,313,1060,""
610.946,sender,afd52c65-5ce1-4c35-a594-c7ab9f56a53f,EMIT,DATA,318,1060,""
610.955,sender,afd52c65-5ce1-4c35-a594-c7ab9f56a53f,EMIT,DATA,308,1060,""
610.965,sender,afd52c65-5ce1-4c35-a594-c7ab9f56a53f,EMIT,DATA,319,1060,""
610.977,sender,afd52c65-5ce1-4c35-a594-c7ab9f56a53f,EMIT,DATA,309,1060,""
611.099,sender,afd52c65-5ce1-4c35-a594-c7ab9f56a53f,RECEIVE,ACK,260,36,""
611.109,sender,afd52c65-5ce1-4c35-a594-c7ab9f56a53f,ACKNOWLEDGED,ACK,260,0,""
611.112,sender,afd52c65-5ce1-4c35-a594-c7ab9f56a53f,CONFIRM_DATA,ACK,260,1024,"unique file bytes acknowledged"
611.117,sender,afd52c65-5ce1-4c35-a594-c7ab9f56a53f,RTT_SAMPLE,ACK,260,0,"111.132900"
611.123,sender,afd52c65-5ce1-4c35-a594-c7ab9f56a53f,SEND,DATA,324,1060,""
611.127,sender,afd52c65-5ce1-4c35-a594-c7ab9f56a53f,SEND,DATA,325,1060,""
611.138,sender,afd52c65-5ce1-4c35-a594-c7ab9f56a53f,RECEIVE,ACK,263,36,""
611.140,sender,afd52c65-5ce1-4c35-a594-c7ab9f56a53f,ACKNOWLEDGED,ACK,263,0,""
611.142,sender,afd52c65-5ce1-4c35-a594-c7ab9f56a53f,CONFIRM_DATA,ACK,263,1024,"unique file bytes acknowledged"
611.145,sender,afd52c65-5ce1-4c35-a594-c7ab9f56a53f,RTT_SAMPLE,ACK,263,0,"79.401600"
611.151,sender,afd52c65-5ce1-4c35-a594-c7ab9f56a53f,RECEIVE,ACK,269,36,""
611.153,sender,afd52c65-5ce1-4c35-a594-c7ab9f56a53f,ACKNOWLEDGED,ACK,269,0,""
611.155,sender,afd52c65-5ce1-4c35-a594-c7ab9f56a53f,CONFIRM_DATA,ACK,269,1024,"unique file bytes acknowledged"
611.158,sender,afd52c65-5ce1-4c35-a594-c7ab9f56a53f,RTT_SAMPLE,ACK,269,0,"79.373400"
611.163,sender,afd52c65-5ce1-4c35-a594-c7ab9f56a53f,RECEIVE,ACK,273,36,""
611.165,sender,afd52c65-5ce1-4c35-a594-c7ab9f56a53f,ACKNOWLEDGED,ACK,273,0,""
611.167,sender,afd52c65-5ce1-4c35-a594-c7ab9f56a53f,CONFIRM_DATA,ACK,273,1024,"unique file bytes acknowledged"
611.170,sender,afd52c65-5ce1-4c35-a594-c7ab9f56a53f,RTT_SAMPLE,ACK,273,0,"79.375200"
611.175,sender,afd52c65-5ce1-4c35-a594-c7ab9f56a53f,RECEIVE,ACK,274,36,""
611.177,sender,afd52c65-5ce1-4c35-a594-c7ab9f56a53f,ACKNOWLEDGED,ACK,274,0,""
611.180,sender,afd52c65-5ce1-4c35-a594-c7ab9f56a53f,CONFIRM_DATA,ACK,274,1024,"unique file bytes acknowledged"
611.182,sender,afd52c65-5ce1-4c35-a594-c7ab9f56a53f,RTT_SAMPLE,ACK,274,0,"79.384800"
611.187,sender,afd52c65-5ce1-4c35-a594-c7ab9f56a53f,RECEIVE,ACK,305,36,""
611.189,sender,afd52c65-5ce1-4c35-a594-c7ab9f56a53f,ACKNOWLEDGED,ACK,305,0,""
611.192,sender,afd52c65-5ce1-4c35-a594-c7ab9f56a53f,CONFIRM_DATA,ACK,305,1024,"unique file bytes acknowledged"
611.194,sender,afd52c65-5ce1-4c35-a594-c7ab9f56a53f,RTT_SAMPLE,ACK,305,0,"63.199300"
611.488,sender,afd52c65-5ce1-4c35-a594-c7ab9f56a53f,RECEIVE,ACK,280,36,""
611.511,sender,afd52c65-5ce1-4c35-a594-c7ab9f56a53f,ACKNOWLEDGED,ACK,280,0,""
611.521,sender,afd52c65-5ce1-4c35-a594-c7ab9f56a53f,CONFIRM_DATA,ACK,280,1024,"unique file bytes acknowledged"
611.531,sender,afd52c65-5ce1-4c35-a594-c7ab9f56a53f,RTT_SAMPLE,ACK,280,0,"63.757400"
611.550,sender,afd52c65-5ce1-4c35-a594-c7ab9f56a53f,RECEIVE,ACK,267,36,""
611.554,sender,afd52c65-5ce1-4c35-a594-c7ab9f56a53f,ACKNOWLEDGED,ACK,267,0,""
611.558,sender,afd52c65-5ce1-4c35-a594-c7ab9f56a53f,CONFIRM_DATA,ACK,267,1024,"unique file bytes acknowledged"
611.563,sender,afd52c65-5ce1-4c35-a594-c7ab9f56a53f,RTT_SAMPLE,ACK,267,0,"79.808600"
611.573,sender,afd52c65-5ce1-4c35-a594-c7ab9f56a53f,RECEIVE,ACK,264,36,""
611.577,sender,afd52c65-5ce1-4c35-a594-c7ab9f56a53f,ACKNOWLEDGED,ACK,264,0,""
611.580,sender,afd52c65-5ce1-4c35-a594-c7ab9f56a53f,CONFIRM_DATA,ACK,264,1024,"unique file bytes acknowledged"
611.585,sender,afd52c65-5ce1-4c35-a594-c7ab9f56a53f,RTT_SAMPLE,ACK,264,0,"79.838500"
627.215,sender,afd52c65-5ce1-4c35-a594-c7ab9f56a53f,EMIT,DATA,321,1060,""
627.249,sender,afd52c65-5ce1-4c35-a594-c7ab9f56a53f,EMIT,DATA,323,1060,""
627.264,sender,afd52c65-5ce1-4c35-a594-c7ab9f56a53f,RECEIVE,ACK,268,36,""
627.281,sender,afd52c65-5ce1-4c35-a594-c7ab9f56a53f,ACKNOWLEDGED,ACK,268,0,""
627.288,sender,afd52c65-5ce1-4c35-a594-c7ab9f56a53f,CONFIRM_DATA,ACK,268,1024,"unique file bytes acknowledged"
627.297,sender,afd52c65-5ce1-4c35-a594-c7ab9f56a53f,RTT_SAMPLE,ACK,268,0,"95.512900"
627.315,sender,afd52c65-5ce1-4c35-a594-c7ab9f56a53f,RECEIVE,ACK,262,36,""
627.320,sender,afd52c65-5ce1-4c35-a594-c7ab9f56a53f,ACKNOWLEDGED,ACK,262,0,""
627.325,sender,afd52c65-5ce1-4c35-a594-c7ab9f56a53f,CONFIRM_DATA,ACK,262,1024,"unique file bytes acknowledged"
627.331,sender,afd52c65-5ce1-4c35-a594-c7ab9f56a53f,RTT_SAMPLE,ACK,262,0,"95.591200"
627.339,sender,afd52c65-5ce1-4c35-a594-c7ab9f56a53f,SEND,DATA,326,1060,""
627.346,sender,afd52c65-5ce1-4c35-a594-c7ab9f56a53f,SEND,DATA,327,1060,""
627.352,sender,afd52c65-5ce1-4c35-a594-c7ab9f56a53f,SEND,DATA,328,1060,""
627.362,sender,afd52c65-5ce1-4c35-a594-c7ab9f56a53f,RECEIVE,ACK,271,36,""
627.367,sender,afd52c65-5ce1-4c35-a594-c7ab9f56a53f,ACKNOWLEDGED,ACK,271,0,""
627.372,sender,afd52c65-5ce1-4c35-a594-c7ab9f56a53f,CONFIRM_DATA,ACK,271,1024,"unique file bytes acknowledged"
627.379,sender,afd52c65-5ce1-4c35-a594-c7ab9f56a53f,RTT_SAMPLE,ACK,271,0,"95.588100"
627.390,sender,afd52c65-5ce1-4c35-a594-c7ab9f56a53f,RECEIVE,ACK,265,36,""
627.395,sender,afd52c65-5ce1-4c35-a594-c7ab9f56a53f,ACKNOWLEDGED,ACK,265,0,""
627.400,sender,afd52c65-5ce1-4c35-a594-c7ab9f56a53f,CONFIRM_DATA,ACK,265,1024,"unique file bytes acknowledged"
627.406,sender,afd52c65-5ce1-4c35-a594-c7ab9f56a53f,RTT_SAMPLE,ACK,265,0,"95.656300"
627.418,sender,afd52c65-5ce1-4c35-a594-c7ab9f56a53f,SEND,DATA,329,1060,""
627.440,sender,afd52c65-5ce1-4c35-a594-c7ab9f56a53f,RECEIVE,ACK,283,36,""
627.445,sender,afd52c65-5ce1-4c35-a594-c7ab9f56a53f,ACKNOWLEDGED,ACK,283,0,""
627.449,sender,afd52c65-5ce1-4c35-a594-c7ab9f56a53f,CONFIRM_DATA,ACK,283,1024,"unique file bytes acknowledged"
627.456,sender,afd52c65-5ce1-4c35-a594-c7ab9f56a53f,RTT_SAMPLE,ACK,283,0,"79.655700"
627.466,sender,afd52c65-5ce1-4c35-a594-c7ab9f56a53f,RECEIVE,ACK,291,36,""
627.471,sender,afd52c65-5ce1-4c35-a594-c7ab9f56a53f,ACKNOWLEDGED,ACK,291,0,""
627.476,sender,afd52c65-5ce1-4c35-a594-c7ab9f56a53f,CONFIRM_DATA,ACK,291,1024,"unique file bytes acknowledged"
627.482,sender,afd52c65-5ce1-4c35-a594-c7ab9f56a53f,RTT_SAMPLE,ACK,291,0,"79.618200"
627.493,sender,afd52c65-5ce1-4c35-a594-c7ab9f56a53f,RECEIVE,ACK,278,36,""
627.499,sender,afd52c65-5ce1-4c35-a594-c7ab9f56a53f,ACKNOWLEDGED,ACK,278,0,""
627.503,sender,afd52c65-5ce1-4c35-a594-c7ab9f56a53f,CONFIRM_DATA,ACK,278,1024,"unique file bytes acknowledged"
627.509,sender,afd52c65-5ce1-4c35-a594-c7ab9f56a53f,RTT_SAMPLE,ACK,278,0,"79.755300"
627.520,sender,afd52c65-5ce1-4c35-a594-c7ab9f56a53f,RECEIVE,ACK,302,36,""
627.525,sender,afd52c65-5ce1-4c35-a594-c7ab9f56a53f,ACKNOWLEDGED,ACK,302,0,""
627.530,sender,afd52c65-5ce1-4c35-a594-c7ab9f56a53f,CONFIRM_DATA,ACK,302,1024,"unique file bytes acknowledged"
627.536,sender,afd52c65-5ce1-4c35-a594-c7ab9f56a53f,RTT_SAMPLE,ACK,302,0,"79.573200"
627.547,sender,afd52c65-5ce1-4c35-a594-c7ab9f56a53f,RECEIVE,ACK,303,36,""
627.552,sender,afd52c65-5ce1-4c35-a594-c7ab9f56a53f,ACKNOWLEDGED,ACK,303,0,""
627.557,sender,afd52c65-5ce1-4c35-a594-c7ab9f56a53f,CONFIRM_DATA,ACK,303,1024,"unique file bytes acknowledged"
627.563,sender,afd52c65-5ce1-4c35-a594-c7ab9f56a53f,RTT_SAMPLE,ACK,303,0,"79.592500"
627.573,sender,afd52c65-5ce1-4c35-a594-c7ab9f56a53f,RECEIVE,ACK,272,36,""
627.579,sender,afd52c65-5ce1-4c35-a594-c7ab9f56a53f,ACKNOWLEDGED,ACK,272,0,""
627.584,sender,afd52c65-5ce1-4c35-a594-c7ab9f56a53f,CONFIRM_DATA,ACK,272,1024,"unique file bytes acknowledged"
627.592,sender,afd52c65-5ce1-4c35-a594-c7ab9f56a53f,RTT_SAMPLE,ACK,272,0,"95.799400"
627.603,sender,afd52c65-5ce1-4c35-a594-c7ab9f56a53f,RECEIVE,ACK,317,36,""
627.608,sender,afd52c65-5ce1-4c35-a594-c7ab9f56a53f,ACKNOWLEDGED,ACK,317,0,""
627.731,sender,afd52c65-5ce1-4c35-a594-c7ab9f56a53f,CONFIRM_DATA,ACK,317,1024,"unique file bytes acknowledged"
627.740,sender,afd52c65-5ce1-4c35-a594-c7ab9f56a53f,RTT_SAMPLE,ACK,317,0,"62.795000"
627.754,sender,afd52c65-5ce1-4c35-a594-c7ab9f56a53f,RECEIVE,ACK,310,36,""
627.759,sender,afd52c65-5ce1-4c35-a594-c7ab9f56a53f,ACKNOWLEDGED,ACK,310,0,""
627.764,sender,afd52c65-5ce1-4c35-a594-c7ab9f56a53f,CONFIRM_DATA,ACK,310,1024,"unique file bytes acknowledged"
627.771,sender,afd52c65-5ce1-4c35-a594-c7ab9f56a53f,RTT_SAMPLE,ACK,310,0,"63.555300"
627.781,sender,afd52c65-5ce1-4c35-a594-c7ab9f56a53f,RECEIVE,ACK,266,36,""
627.786,sender,afd52c65-5ce1-4c35-a594-c7ab9f56a53f,ACKNOWLEDGED,ACK,266,0,""
627.791,sender,afd52c65-5ce1-4c35-a594-c7ab9f56a53f,CONFIRM_DATA,ACK,266,1024,"unique file bytes acknowledged"
627.797,sender,afd52c65-5ce1-4c35-a594-c7ab9f56a53f,RTT_SAMPLE,ACK,266,0,"96.044700"
627.804,sender,afd52c65-5ce1-4c35-a594-c7ab9f56a53f,SEND,DATA,330,1060,""
627.810,sender,afd52c65-5ce1-4c35-a594-c7ab9f56a53f,SEND,DATA,331,1060,""
627.816,sender,afd52c65-5ce1-4c35-a594-c7ab9f56a53f,SEND,DATA,332,1060,""
627.822,sender,afd52c65-5ce1-4c35-a594-c7ab9f56a53f,SEND,DATA,333,1060,""
627.832,sender,afd52c65-5ce1-4c35-a594-c7ab9f56a53f,RECEIVE,ACK,314,36,""
627.837,sender,afd52c65-5ce1-4c35-a594-c7ab9f56a53f,ACKNOWLEDGED,ACK,314,0,""
627.842,sender,afd52c65-5ce1-4c35-a594-c7ab9f56a53f,CONFIRM_DATA,ACK,314,1024,"unique file bytes acknowledged"
627.849,sender,afd52c65-5ce1-4c35-a594-c7ab9f56a53f,RTT_SAMPLE,ACK,314,0,"63.467000"
627.859,sender,afd52c65-5ce1-4c35-a594-c7ab9f56a53f,RECEIVE,ACK,294,36,""
627.865,sender,afd52c65-5ce1-4c35-a594-c7ab9f56a53f,ACKNOWLEDGED,ACK,294,0,""
627.869,sender,afd52c65-5ce1-4c35-a594-c7ab9f56a53f,CONFIRM_DATA,ACK,294,1024,"unique file bytes acknowledged"
627.876,sender,afd52c65-5ce1-4c35-a594-c7ab9f56a53f,RTT_SAMPLE,ACK,294,0,"79.977200"
627.887,sender,afd52c65-5ce1-4c35-a594-c7ab9f56a53f,RECEIVE,ACK,276,36,""
627.892,sender,afd52c65-5ce1-4c35-a594-c7ab9f56a53f,ACKNOWLEDGED,ACK,276,0,""
627.897,sender,afd52c65-5ce1-4c35-a594-c7ab9f56a53f,CONFIRM_DATA,ACK,276,1024,"unique file bytes acknowledged"
627.903,sender,afd52c65-5ce1-4c35-a594-c7ab9f56a53f,RTT_SAMPLE,ACK,276,0,"96.039900"
642.276,sender,afd52c65-5ce1-4c35-a594-c7ab9f56a53f,EMIT,DATA,324,1060,""
642.351,sender,afd52c65-5ce1-4c35-a594-c7ab9f56a53f,RECEIVE,ACK,281,36,""
642.364,sender,afd52c65-5ce1-4c35-a594-c7ab9f56a53f,ACKNOWLEDGED,ACK,281,0,""
642.368,sender,afd52c65-5ce1-4c35-a594-c7ab9f56a53f,CONFIRM_DATA,ACK,281,1024,"unique file bytes acknowledged"
642.375,sender,afd52c65-5ce1-4c35-a594-c7ab9f56a53f,RTT_SAMPLE,ACK,281,0,"94.589100"
642.392,sender,afd52c65-5ce1-4c35-a594-c7ab9f56a53f,RECEIVE,ACK,279,36,""
642.395,sender,afd52c65-5ce1-4c35-a594-c7ab9f56a53f,ACKNOWLEDGED,ACK,279,0,""
642.398,sender,afd52c65-5ce1-4c35-a594-c7ab9f56a53f,CONFIRM_DATA,ACK,279,1024,"unique file bytes acknowledged"
642.403,sender,afd52c65-5ce1-4c35-a594-c7ab9f56a53f,RTT_SAMPLE,ACK,279,0,"94.638100"
642.413,sender,afd52c65-5ce1-4c35-a594-c7ab9f56a53f,RECEIVE,ACK,306,36,""
642.417,sender,afd52c65-5ce1-4c35-a594-c7ab9f56a53f,ACKNOWLEDGED,ACK,306,0,""
642.420,sender,afd52c65-5ce1-4c35-a594-c7ab9f56a53f,CONFIRM_DATA,ACK,306,1024,"unique file bytes acknowledged"
642.424,sender,afd52c65-5ce1-4c35-a594-c7ab9f56a53f,RTT_SAMPLE,ACK,306,0,"94.421200"
642.432,sender,afd52c65-5ce1-4c35-a594-c7ab9f56a53f,RECEIVE,ACK,277,36,""
642.435,sender,afd52c65-5ce1-4c35-a594-c7ab9f56a53f,ACKNOWLEDGED,ACK,277,0,""
642.438,sender,afd52c65-5ce1-4c35-a594-c7ab9f56a53f,CONFIRM_DATA,ACK,277,1024,"unique file bytes acknowledged"
642.442,sender,afd52c65-5ce1-4c35-a594-c7ab9f56a53f,RTT_SAMPLE,ACK,277,0,"110.576600"
642.449,sender,afd52c65-5ce1-4c35-a594-c7ab9f56a53f,RECEIVE,ACK,285,36,""
642.452,sender,afd52c65-5ce1-4c35-a594-c7ab9f56a53f,ACKNOWLEDGED,ACK,285,0,""
642.455,sender,afd52c65-5ce1-4c35-a594-c7ab9f56a53f,CONFIRM_DATA,ACK,285,1024,"unique file bytes acknowledged"
642.459,sender,afd52c65-5ce1-4c35-a594-c7ab9f56a53f,RTT_SAMPLE,ACK,285,0,"94.644400"
642.466,sender,afd52c65-5ce1-4c35-a594-c7ab9f56a53f,RECEIVE,ACK,284,36,""
642.470,sender,afd52c65-5ce1-4c35-a594-c7ab9f56a53f,ACKNOWLEDGED,ACK,284,0,""
642.472,sender,afd52c65-5ce1-4c35-a594-c7ab9f56a53f,CONFIRM_DATA,ACK,284,1024,"unique file bytes acknowledged"
642.476,sender,afd52c65-5ce1-4c35-a594-c7ab9f56a53f,RTT_SAMPLE,ACK,284,0,"94.669100"
642.483,sender,afd52c65-5ce1-4c35-a594-c7ab9f56a53f,RECEIVE,ACK,288,36,""
642.487,sender,afd52c65-5ce1-4c35-a594-c7ab9f56a53f,ACKNOWLEDGED,ACK,288,0,""
642.490,sender,afd52c65-5ce1-4c35-a594-c7ab9f56a53f,CONFIRM_DATA,ACK,288,1024,"unique file bytes acknowledged"
642.493,sender,afd52c65-5ce1-4c35-a594-c7ab9f56a53f,RTT_SAMPLE,ACK,288,0,"94.653600"
642.501,sender,afd52c65-5ce1-4c35-a594-c7ab9f56a53f,RECEIVE,ACK,275,36,""
642.504,sender,afd52c65-5ce1-4c35-a594-c7ab9f56a53f,ACKNOWLEDGED,ACK,275,0,""
642.507,sender,afd52c65-5ce1-4c35-a594-c7ab9f56a53f,CONFIRM_DATA,ACK,275,1024,"unique file bytes acknowledged"
642.511,sender,afd52c65-5ce1-4c35-a594-c7ab9f56a53f,RTT_SAMPLE,ACK,275,0,"110.710200"
642.518,sender,afd52c65-5ce1-4c35-a594-c7ab9f56a53f,RECEIVE,ACK,300,36,""
642.521,sender,afd52c65-5ce1-4c35-a594-c7ab9f56a53f,ACKNOWLEDGED,ACK,300,0,""
642.524,sender,afd52c65-5ce1-4c35-a594-c7ab9f56a53f,CONFIRM_DATA,ACK,300,1024,"unique file bytes acknowledged"
642.528,sender,afd52c65-5ce1-4c35-a594-c7ab9f56a53f,RTT_SAMPLE,ACK,300,0,"94.581200"
642.535,sender,afd52c65-5ce1-4c35-a594-c7ab9f56a53f,RECEIVE,ACK,301,36,""
642.538,sender,afd52c65-5ce1-4c35-a594-c7ab9f56a53f,ACKNOWLEDGED,ACK,301,0,""
642.541,sender,afd52c65-5ce1-4c35-a594-c7ab9f56a53f,CONFIRM_DATA,ACK,301,1024,"unique file bytes acknowledged"
642.545,sender,afd52c65-5ce1-4c35-a594-c7ab9f56a53f,RTT_SAMPLE,ACK,301,0,"94.590500"
642.552,sender,afd52c65-5ce1-4c35-a594-c7ab9f56a53f,RECEIVE,ACK,298,36,""
642.555,sender,afd52c65-5ce1-4c35-a594-c7ab9f56a53f,ACKNOWLEDGED,ACK,298,0,""
642.558,sender,afd52c65-5ce1-4c35-a594-c7ab9f56a53f,CONFIRM_DATA,ACK,298,1024,"unique file bytes acknowledged"
642.561,sender,afd52c65-5ce1-4c35-a594-c7ab9f56a53f,RTT_SAMPLE,ACK,298,0,"94.630100"
642.568,sender,afd52c65-5ce1-4c35-a594-c7ab9f56a53f,RECEIVE,ACK,318,36,""
642.571,sender,afd52c65-5ce1-4c35-a594-c7ab9f56a53f,ACKNOWLEDGED,ACK,318,0,""
642.574,sender,afd52c65-5ce1-4c35-a594-c7ab9f56a53f,CONFIRM_DATA,ACK,318,1024,"unique file bytes acknowledged"
642.578,sender,afd52c65-5ce1-4c35-a594-c7ab9f56a53f,RTT_SAMPLE,ACK,318,0,"77.630900"
642.585,sender,afd52c65-5ce1-4c35-a594-c7ab9f56a53f,RECEIVE,ACK,308,36,""
642.588,sender,afd52c65-5ce1-4c35-a594-c7ab9f56a53f,ACKNOWLEDGED,ACK,308,0,""
642.591,sender,afd52c65-5ce1-4c35-a594-c7ab9f56a53f,CONFIRM_DATA,ACK,308,1024,"unique file bytes acknowledged"
642.595,sender,afd52c65-5ce1-4c35-a594-c7ab9f56a53f,RTT_SAMPLE,ACK,308,0,"78.398100"
642.601,sender,afd52c65-5ce1-4c35-a594-c7ab9f56a53f,RECEIVE,ACK,270,36,""
642.604,sender,afd52c65-5ce1-4c35-a594-c7ab9f56a53f,ACKNOWLEDGED,ACK,270,0,""
642.607,sender,afd52c65-5ce1-4c35-a594-c7ab9f56a53f,CONFIRM_DATA,ACK,270,1024,"unique file bytes acknowledged"
642.611,sender,afd52c65-5ce1-4c35-a594-c7ab9f56a53f,RTT_SAMPLE,ACK,270,0,"110.823700"
642.616,sender,afd52c65-5ce1-4c35-a594-c7ab9f56a53f,SEND,DATA,334,1060,""
642.621,sender,afd52c65-5ce1-4c35-a594-c7ab9f56a53f,SEND,DATA,335,1060,""
642.625,sender,afd52c65-5ce1-4c35-a594-c7ab9f56a53f,SEND,DATA,336,1060,""
642.629,sender,afd52c65-5ce1-4c35-a594-c7ab9f56a53f,SEND,DATA,337,1060,""
642.633,sender,afd52c65-5ce1-4c35-a594-c7ab9f56a53f,SEND,DATA,338,1060,""
642.637,sender,afd52c65-5ce1-4c35-a594-c7ab9f56a53f,SEND,DATA,339,1060,""
642.640,sender,afd52c65-5ce1-4c35-a594-c7ab9f56a53f,SEND,DATA,340,1060,""
642.644,sender,afd52c65-5ce1-4c35-a594-c7ab9f56a53f,SEND,DATA,341,1060,""
642.648,sender,afd52c65-5ce1-4c35-a594-c7ab9f56a53f,SEND,DATA,342,1060,""
642.651,sender,afd52c65-5ce1-4c35-a594-c7ab9f56a53f,SEND,DATA,343,1060,""
642.655,sender,afd52c65-5ce1-4c35-a594-c7ab9f56a53f,SEND,DATA,344,1060,""
642.658,sender,afd52c65-5ce1-4c35-a594-c7ab9f56a53f,SEND,DATA,345,1060,""
642.710,sender,afd52c65-5ce1-4c35-a594-c7ab9f56a53f,RECEIVE,ACK,292,36,""
642.714,sender,afd52c65-5ce1-4c35-a594-c7ab9f56a53f,ACKNOWLEDGED,ACK,292,0,""
642.717,sender,afd52c65-5ce1-4c35-a594-c7ab9f56a53f,CONFIRM_DATA,ACK,292,1024,"unique file bytes acknowledged"
642.721,sender,afd52c65-5ce1-4c35-a594-c7ab9f56a53f,RTT_SAMPLE,ACK,292,0,"94.837700"
642.727,sender,afd52c65-5ce1-4c35-a594-c7ab9f56a53f,RECEIVE,ACK,322,36,""
642.731,sender,afd52c65-5ce1-4c35-a594-c7ab9f56a53f,ACKNOWLEDGED,ACK,322,0,""
642.734,sender,afd52c65-5ce1-4c35-a594-c7ab9f56a53f,CONFIRM_DATA,ACK,322,1024,"unique file bytes acknowledged"
642.738,sender,afd52c65-5ce1-4c35-a594-c7ab9f56a53f,RTT_SAMPLE,ACK,322,0,"77.756300"
642.746,sender,afd52c65-5ce1-4c35-a594-c7ab9f56a53f,RECEIVE,ACK,290,36,""
642.749,sender,afd52c65-5ce1-4c35-a594-c7ab9f56a53f,ACKNOWLEDGED,ACK,290,0,""
642.752,sender,afd52c65-5ce1-4c35-a594-c7ab9f56a53f,CONFIRM_DATA,ACK,290,1024,"unique file bytes acknowledged"
642.756,sender,afd52c65-5ce1-4c35-a594-c7ab9f56a53f,RTT_SAMPLE,ACK,290,0,"94.900300"
642.763,sender,afd52c65-5ce1-4c35-a594-c7ab9f56a53f,RECEIVE,ACK,295,36,""
642.766,sender,afd52c65-5ce1-4c35-a594-c7ab9f56a53f,ACKNOWLEDGED,ACK,295,0,""
642.769,sender,afd52c65-5ce1-4c35-a594-c7ab9f56a53f,CONFIRM_DATA,ACK,295,1024,"unique file bytes acknowledged"
642.773,sender,afd52c65-5ce1-4c35-a594-c7ab9f56a53f,RTT_SAMPLE,ACK,295,0,"94.864100"
642.779,sender,afd52c65-5ce1-4c35-a594-c7ab9f56a53f,RECEIVE,ACK,316,36,""
642.783,sender,afd52c65-5ce1-4c35-a594-c7ab9f56a53f,ACKNOWLEDGED,ACK,316,0,""
642.785,sender,afd52c65-5ce1-4c35-a594-c7ab9f56a53f,CONFIRM_DATA,ACK,316,1024,"unique file bytes acknowledged"
642.789,sender,afd52c65-5ce1-4c35-a594-c7ab9f56a53f,RTT_SAMPLE,ACK,316,0,"77.849100"
642.800,sender,afd52c65-5ce1-4c35-a594-c7ab9f56a53f,RECEIVE,ACK,315,36,""
642.803,sender,afd52c65-5ce1-4c35-a594-c7ab9f56a53f,ACKNOWLEDGED,ACK,315,0,""
642.806,sender,afd52c65-5ce1-4c35-a594-c7ab9f56a53f,CONFIRM_DATA,ACK,315,1024,"unique file bytes acknowledged"
642.810,sender,afd52c65-5ce1-4c35-a594-c7ab9f56a53f,RTT_SAMPLE,ACK,315,0,"77.874900"
642.817,sender,afd52c65-5ce1-4c35-a594-c7ab9f56a53f,RECEIVE,ACK,286,36,""
642.820,sender,afd52c65-5ce1-4c35-a594-c7ab9f56a53f,ACKNOWLEDGED,ACK,286,0,""
642.823,sender,afd52c65-5ce1-4c35-a594-c7ab9f56a53f,CONFIRM_DATA,ACK,286,1024,"unique file bytes acknowledged"
642.827,sender,afd52c65-5ce1-4c35-a594-c7ab9f56a53f,RTT_SAMPLE,ACK,286,0,"95.004900"
658.047,sender,afd52c65-5ce1-4c35-a594-c7ab9f56a53f,RECEIVE,ACK,299,36,""
658.061,sender,afd52c65-5ce1-4c35-a594-c7ab9f56a53f,ACKNOWLEDGED,ACK,299,0,""
658.064,sender,afd52c65-5ce1-4c35-a594-c7ab9f56a53f,CONFIRM_DATA,ACK,299,1024,"unique file bytes acknowledged"
658.074,sender,afd52c65-5ce1-4c35-a594-c7ab9f56a53f,RTT_SAMPLE,ACK,299,0,"110.129500"
658.099,sender,afd52c65-5ce1-4c35-a594-c7ab9f56a53f,RECEIVE,ACK,289,36,""
658.107,sender,afd52c65-5ce1-4c35-a594-c7ab9f56a53f,ACKNOWLEDGED,ACK,289,0,""
658.116,sender,afd52c65-5ce1-4c35-a594-c7ab9f56a53f,CONFIRM_DATA,ACK,289,1024,"unique file bytes acknowledged"
658.129,sender,afd52c65-5ce1-4c35-a594-c7ab9f56a53f,RTT_SAMPLE,ACK,289,0,"110.279600"
658.138,sender,afd52c65-5ce1-4c35-a594-c7ab9f56a53f,EMIT,DATA,332,1060,""
658.147,sender,afd52c65-5ce1-4c35-a594-c7ab9f56a53f,RECEIVE,ACK,312,36,""
658.155,sender,afd52c65-5ce1-4c35-a594-c7ab9f56a53f,ACKNOWLEDGED,ACK,312,0,""
658.162,sender,afd52c65-5ce1-4c35-a594-c7ab9f56a53f,CONFIRM_DATA,ACK,312,1024,"unique file bytes acknowledged"
658.169,sender,afd52c65-5ce1-4c35-a594-c7ab9f56a53f,EMIT,DATA,328,1060,""
658.175,sender,afd52c65-5ce1-4c35-a594-c7ab9f56a53f,RTT_SAMPLE,ACK,312,0,"93.802600"
658.185,sender,afd52c65-5ce1-4c35-a594-c7ab9f56a53f,EMIT,DATA,325,1060,""
658.198,sender,afd52c65-5ce1-4c35-a594-c7ab9f56a53f,RECEIVE,ACK,304,36,""
658.201,sender,afd52c65-5ce1-4c35-a594-c7ab9f56a53f,ACKNOWLEDGED,ACK,304,0,""
658.204,sender,afd52c65-5ce1-4c35-a594-c7ab9f56a53f,CONFIRM_DATA,ACK,304,1024,"unique file bytes acknowledged"
658.208,sender,afd52c65-5ce1-4c35-a594-c7ab9f56a53f,RTT_SAMPLE,ACK,304,0,"110.230000"
658.214,sender,afd52c65-5ce1-4c35-a594-c7ab9f56a53f,RECEIVE,ACK,311,36,""
658.216,sender,afd52c65-5ce1-4c35-a594-c7ab9f56a53f,ACKNOWLEDGED,ACK,311,0,""
658.219,sender,afd52c65-5ce1-4c35-a594-c7ab9f56a53f,CONFIRM_DATA,ACK,311,1024,"unique file bytes acknowledged"
658.223,sender,afd52c65-5ce1-4c35-a594-c7ab9f56a53f,RTT_SAMPLE,ACK,311,0,"93.896600"
658.229,sender,afd52c65-5ce1-4c35-a594-c7ab9f56a53f,RECEIVE,ACK,282,36,""
658.231,sender,afd52c65-5ce1-4c35-a594-c7ab9f56a53f,ACKNOWLEDGED,ACK,282,0,""
658.234,sender,afd52c65-5ce1-4c35-a594-c7ab9f56a53f,CONFIRM_DATA,ACK,282,1024,"unique file bytes acknowledged"
658.237,sender,afd52c65-5ce1-4c35-a594-c7ab9f56a53f,RTT_SAMPLE,ACK,282,0,"110.445800"
658.242,sender,afd52c65-5ce1-4c35-a594-c7ab9f56a53f,SEND,DATA,346,1060,""
658.247,sender,afd52c65-5ce1-4c35-a594-c7ab9f56a53f,SEND,DATA,347,1060,""
658.250,sender,afd52c65-5ce1-4c35-a594-c7ab9f56a53f,SEND,DATA,348,1060,""
658.253,sender,afd52c65-5ce1-4c35-a594-c7ab9f56a53f,SEND,DATA,349,1060,""
658.257,sender,afd52c65-5ce1-4c35-a594-c7ab9f56a53f,SEND,DATA,350,1060,""
658.262,sender,afd52c65-5ce1-4c35-a594-c7ab9f56a53f,RECEIVE,ACK,293,36,""
658.265,sender,afd52c65-5ce1-4c35-a594-c7ab9f56a53f,ACKNOWLEDGED,ACK,293,0,""
658.267,sender,afd52c65-5ce1-4c35-a594-c7ab9f56a53f,CONFIRM_DATA,ACK,293,1024,"unique file bytes acknowledged"
658.271,sender,afd52c65-5ce1-4c35-a594-c7ab9f56a53f,RTT_SAMPLE,ACK,293,0,"110.380700"
658.287,sender,afd52c65-5ce1-4c35-a594-c7ab9f56a53f,RECEIVE,ACK,309,36,""
658.290,sender,afd52c65-5ce1-4c35-a594-c7ab9f56a53f,ACKNOWLEDGED,ACK,309,0,""
658.292,sender,afd52c65-5ce1-4c35-a594-c7ab9f56a53f,CONFIRM_DATA,ACK,309,1024,"unique file bytes acknowledged"
658.295,sender,afd52c65-5ce1-4c35-a594-c7ab9f56a53f,RTT_SAMPLE,ACK,309,0,"94.088600"
658.301,sender,afd52c65-5ce1-4c35-a594-c7ab9f56a53f,RECEIVE,ACK,320,36,""
658.303,sender,afd52c65-5ce1-4c35-a594-c7ab9f56a53f,ACKNOWLEDGED,ACK,320,0,""
658.306,sender,afd52c65-5ce1-4c35-a594-c7ab9f56a53f,CONFIRM_DATA,ACK,320,1024,"unique file bytes acknowledged"
658.309,sender,afd52c65-5ce1-4c35-a594-c7ab9f56a53f,RTT_SAMPLE,ACK,320,0,"93.354900"
658.314,sender,afd52c65-5ce1-4c35-a594-c7ab9f56a53f,RECEIVE,ACK,313,36,""
658.320,sender,afd52c65-5ce1-4c35-a594-c7ab9f56a53f,ACKNOWLEDGED,ACK,313,0,""
658.323,sender,afd52c65-5ce1-4c35-a594-c7ab9f56a53f,CONFIRM_DATA,ACK,313,1024,"unique file bytes acknowledged"
658.326,sender,afd52c65-5ce1-4c35-a594-c7ab9f56a53f,RTT_SAMPLE,ACK,313,0,"93.952000"
658.331,sender,afd52c65-5ce1-4c35-a594-c7ab9f56a53f,RECEIVE,ACK,319,36,""
658.333,sender,afd52c65-5ce1-4c35-a594-c7ab9f56a53f,ACKNOWLEDGED,ACK,319,0,""
658.335,sender,afd52c65-5ce1-4c35-a594-c7ab9f56a53f,CONFIRM_DATA,ACK,319,1024,"unique file bytes acknowledged"
658.338,sender,afd52c65-5ce1-4c35-a594-c7ab9f56a53f,RTT_SAMPLE,ACK,319,0,"93.387700"
658.343,sender,afd52c65-5ce1-4c35-a594-c7ab9f56a53f,RECEIVE,ACK,287,36,""
658.346,sender,afd52c65-5ce1-4c35-a594-c7ab9f56a53f,ACKNOWLEDGED,ACK,287,0,""
658.348,sender,afd52c65-5ce1-4c35-a594-c7ab9f56a53f,CONFIRM_DATA,ACK,287,1024,"unique file bytes acknowledged"
658.351,sender,afd52c65-5ce1-4c35-a594-c7ab9f56a53f,RTT_SAMPLE,ACK,287,0,"110.519000"
658.354,sender,afd52c65-5ce1-4c35-a594-c7ab9f56a53f,SEND,DATA,351,1060,""
658.357,sender,afd52c65-5ce1-4c35-a594-c7ab9f56a53f,SEND,DATA,352,1060,""
658.360,sender,afd52c65-5ce1-4c35-a594-c7ab9f56a53f,SEND,DATA,353,1060,""
658.363,sender,afd52c65-5ce1-4c35-a594-c7ab9f56a53f,SEND,DATA,354,1060,""
658.366,sender,afd52c65-5ce1-4c35-a594-c7ab9f56a53f,SEND,DATA,355,1060,""
658.369,sender,afd52c65-5ce1-4c35-a594-c7ab9f56a53f,SEND,DATA,356,1060,""
658.372,sender,afd52c65-5ce1-4c35-a594-c7ab9f56a53f,SEND,DATA,357,1060,""
658.378,sender,afd52c65-5ce1-4c35-a594-c7ab9f56a53f,SEND,DATA,358,1060,""
658.381,sender,afd52c65-5ce1-4c35-a594-c7ab9f56a53f,SEND,DATA,359,1060,""
658.385,sender,afd52c65-5ce1-4c35-a594-c7ab9f56a53f,RECEIVE,ACK,307,36,""
658.388,sender,afd52c65-5ce1-4c35-a594-c7ab9f56a53f,ACKNOWLEDGED,ACK,307,0,""
658.390,sender,afd52c65-5ce1-4c35-a594-c7ab9f56a53f,CONFIRM_DATA,ACK,307,1024,"unique file bytes acknowledged"
658.413,sender,afd52c65-5ce1-4c35-a594-c7ab9f56a53f,RTT_SAMPLE,ACK,307,0,"110.403000"
658.418,sender,afd52c65-5ce1-4c35-a594-c7ab9f56a53f,RECEIVE,ACK,297,36,""
658.421,sender,afd52c65-5ce1-4c35-a594-c7ab9f56a53f,ACKNOWLEDGED,ACK,297,0,""
658.423,sender,afd52c65-5ce1-4c35-a594-c7ab9f56a53f,CONFIRM_DATA,ACK,297,1024,"unique file bytes acknowledged"
658.426,sender,afd52c65-5ce1-4c35-a594-c7ab9f56a53f,RTT_SAMPLE,ACK,297,0,"110.502000"
673.188,sender,afd52c65-5ce1-4c35-a594-c7ab9f56a53f,EMIT,DATA,333,1060,""
673.217,sender,afd52c65-5ce1-4c35-a594-c7ab9f56a53f,EMIT,DATA,339,1060,""
673.227,sender,afd52c65-5ce1-4c35-a594-c7ab9f56a53f,EMIT,DATA,335,1060,""
673.239,sender,afd52c65-5ce1-4c35-a594-c7ab9f56a53f,EMIT,DATA,330,1060,""
673.251,sender,afd52c65-5ce1-4c35-a594-c7ab9f56a53f,EMIT,DATA,329,1060,""
673.260,sender,afd52c65-5ce1-4c35-a594-c7ab9f56a53f,EMIT,DATA,331,1060,""
673.295,sender,afd52c65-5ce1-4c35-a594-c7ab9f56a53f,RECEIVE,ACK,296,36,""
673.310,sender,afd52c65-5ce1-4c35-a594-c7ab9f56a53f,ACKNOWLEDGED,ACK,296,0,""
673.315,sender,afd52c65-5ce1-4c35-a594-c7ab9f56a53f,CONFIRM_DATA,ACK,296,1024,"unique file bytes acknowledged"
673.329,sender,afd52c65-5ce1-4c35-a594-c7ab9f56a53f,RTT_SAMPLE,ACK,296,0,"125.410700"
673.350,sender,afd52c65-5ce1-4c35-a594-c7ab9f56a53f,SEND,DATA,360,1060,""
673.357,sender,afd52c65-5ce1-4c35-a594-c7ab9f56a53f,SEND,DATA,361,1060,""
673.362,sender,afd52c65-5ce1-4c35-a594-c7ab9f56a53f,SEND,DATA,362,1060,""
673.367,sender,afd52c65-5ce1-4c35-a594-c7ab9f56a53f,SEND,DATA,363,1060,""
673.371,sender,afd52c65-5ce1-4c35-a594-c7ab9f56a53f,SEND,DATA,364,1060,""
673.375,sender,afd52c65-5ce1-4c35-a594-c7ab9f56a53f,SEND,DATA,365,1060,""
673.380,sender,afd52c65-5ce1-4c35-a594-c7ab9f56a53f,SEND,DATA,366,1060,""
673.384,sender,afd52c65-5ce1-4c35-a594-c7ab9f56a53f,SEND,DATA,367,1060,""
673.389,sender,afd52c65-5ce1-4c35-a594-c7ab9f56a53f,SEND,DATA,368,1060,""
673.393,sender,afd52c65-5ce1-4c35-a594-c7ab9f56a53f,SEND,DATA,369,1060,""
673.397,sender,afd52c65-5ce1-4c35-a594-c7ab9f56a53f,SEND,DATA,370,1060,""
673.402,sender,afd52c65-5ce1-4c35-a594-c7ab9f56a53f,SEND,DATA,371,1060,""
673.406,sender,afd52c65-5ce1-4c35-a594-c7ab9f56a53f,SEND,DATA,372,1060,""
673.411,sender,afd52c65-5ce1-4c35-a594-c7ab9f56a53f,SEND,DATA,373,1060,""
673.415,sender,afd52c65-5ce1-4c35-a594-c7ab9f56a53f,SEND,DATA,374,1060,""
673.419,sender,afd52c65-5ce1-4c35-a594-c7ab9f56a53f,SEND,DATA,375,1060,""
673.424,sender,afd52c65-5ce1-4c35-a594-c7ab9f56a53f,SEND,DATA,376,1060,""
673.433,sender,afd52c65-5ce1-4c35-a594-c7ab9f56a53f,SEND,DATA,377,1060,""
673.436,sender,afd52c65-5ce1-4c35-a594-c7ab9f56a53f,SEND,DATA,378,1060,""
673.440,sender,afd52c65-5ce1-4c35-a594-c7ab9f56a53f,SEND,DATA,379,1060,""
673.444,sender,afd52c65-5ce1-4c35-a594-c7ab9f56a53f,SEND,DATA,380,1060,""
673.448,sender,afd52c65-5ce1-4c35-a594-c7ab9f56a53f,SEND,DATA,381,1060,""
673.452,sender,afd52c65-5ce1-4c35-a594-c7ab9f56a53f,SEND,DATA,382,1060,""
673.456,sender,afd52c65-5ce1-4c35-a594-c7ab9f56a53f,SEND,DATA,383,1060,""
673.459,sender,afd52c65-5ce1-4c35-a594-c7ab9f56a53f,SEND,DATA,384,1060,""
673.475,sender,afd52c65-5ce1-4c35-a594-c7ab9f56a53f,RECEIVE,ACK,324,36,""
673.480,sender,afd52c65-5ce1-4c35-a594-c7ab9f56a53f,ACKNOWLEDGED,ACK,324,0,""
673.483,sender,afd52c65-5ce1-4c35-a594-c7ab9f56a53f,CONFIRM_DATA,ACK,324,1024,"unique file bytes acknowledged"
673.487,sender,afd52c65-5ce1-4c35-a594-c7ab9f56a53f,RTT_SAMPLE,ACK,324,0,"62.363200"
673.520,sender,afd52c65-5ce1-4c35-a594-c7ab9f56a53f,RECEIVE,ACK,323,36,""
673.525,sender,afd52c65-5ce1-4c35-a594-c7ab9f56a53f,ACKNOWLEDGED,ACK,323,0,""
673.527,sender,afd52c65-5ce1-4c35-a594-c7ab9f56a53f,CONFIRM_DATA,ACK,323,1024,"unique file bytes acknowledged"
673.531,sender,afd52c65-5ce1-4c35-a594-c7ab9f56a53f,RTT_SAMPLE,ACK,323,0,"77.907500"
689.257,sender,afd52c65-5ce1-4c35-a594-c7ab9f56a53f,EMIT,DATA,326,1060,""
689.306,sender,afd52c65-5ce1-4c35-a594-c7ab9f56a53f,EMIT,DATA,334,1060,""
689.318,sender,afd52c65-5ce1-4c35-a594-c7ab9f56a53f,EMIT,DATA,327,1060,""
689.329,sender,afd52c65-5ce1-4c35-a594-c7ab9f56a53f,EMIT,DATA,337,1060,""
689.344,sender,afd52c65-5ce1-4c35-a594-c7ab9f56a53f,EMIT,DATA,343,1060,""
689.354,sender,afd52c65-5ce1-4c35-a594-c7ab9f56a53f,EMIT,DATA,336,1060,""
689.365,sender,afd52c65-5ce1-4c35-a594-c7ab9f56a53f,EMIT,DATA,344,1060,""
689.376,sender,afd52c65-5ce1-4c35-a594-c7ab9f56a53f,EMIT,DATA,349,1060,""
689.386,sender,afd52c65-5ce1-4c35-a594-c7ab9f56a53f,EMIT,DATA,346,1060,""
689.398,sender,afd52c65-5ce1-4c35-a594-c7ab9f56a53f,EMIT,DATA,348,1060,""
689.409,sender,afd52c65-5ce1-4c35-a594-c7ab9f56a53f,EMIT,DATA,340,1060,""
689.419,sender,afd52c65-5ce1-4c35-a594-c7ab9f56a53f,EMIT,DATA,341,1060,""
689.438,sender,afd52c65-5ce1-4c35-a594-c7ab9f56a53f,EMIT,DATA,345,1060,""
689.458,sender,afd52c65-5ce1-4c35-a594-c7ab9f56a53f,EMIT,DATA,355,1060,""
689.467,sender,afd52c65-5ce1-4c35-a594-c7ab9f56a53f,EMIT,DATA,358,1060,""
689.553,sender,afd52c65-5ce1-4c35-a594-c7ab9f56a53f,RECEIVE,ACK,321,36,""
689.568,sender,afd52c65-5ce1-4c35-a594-c7ab9f56a53f,ACKNOWLEDGED,ACK,321,0,""
689.584,sender,afd52c65-5ce1-4c35-a594-c7ab9f56a53f,CONFIRM_DATA,ACK,321,1024,"unique file bytes acknowledged"
689.591,sender,afd52c65-5ce1-4c35-a594-c7ab9f56a53f,RTT_SAMPLE,ACK,321,0,"124.632100"
689.602,sender,afd52c65-5ce1-4c35-a594-c7ab9f56a53f,SEND,DATA,385,1060,""
689.608,sender,afd52c65-5ce1-4c35-a594-c7ab9f56a53f,SEND,DATA,386,1060,""
689.612,sender,afd52c65-5ce1-4c35-a594-c7ab9f56a53f,SEND,DATA,387,1060,""
689.620,sender,afd52c65-5ce1-4c35-a594-c7ab9f56a53f,SEND,DATA,388,1060,""
705.465,sender,afd52c65-5ce1-4c35-a594-c7ab9f56a53f,EMIT,DATA,342,1060,""
705.490,sender,afd52c65-5ce1-4c35-a594-c7ab9f56a53f,EMIT,DATA,356,1060,""
705.498,sender,afd52c65-5ce1-4c35-a594-c7ab9f56a53f,EMIT,DATA,338,1060,""
705.506,sender,afd52c65-5ce1-4c35-a594-c7ab9f56a53f,EMIT,DATA,347,1060,""
705.513,sender,afd52c65-5ce1-4c35-a594-c7ab9f56a53f,EMIT,DATA,357,1060,""
705.520,sender,afd52c65-5ce1-4c35-a594-c7ab9f56a53f,EMIT,DATA,350,1060,""
705.528,sender,afd52c65-5ce1-4c35-a594-c7ab9f56a53f,EMIT,DATA,352,1060,""
705.536,sender,afd52c65-5ce1-4c35-a594-c7ab9f56a53f,EMIT,DATA,367,1060,""
705.543,sender,afd52c65-5ce1-4c35-a594-c7ab9f56a53f,EMIT,DATA,353,1060,""
705.552,sender,afd52c65-5ce1-4c35-a594-c7ab9f56a53f,EMIT,DATA,379,1060,""
705.560,sender,afd52c65-5ce1-4c35-a594-c7ab9f56a53f,EMIT,DATA,354,1060,""
705.572,sender,afd52c65-5ce1-4c35-a594-c7ab9f56a53f,EMIT,DATA,351,1060,""
705.582,sender,afd52c65-5ce1-4c35-a594-c7ab9f56a53f,EMIT,DATA,366,1060,""
705.591,sender,afd52c65-5ce1-4c35-a594-c7ab9f56a53f,EMIT,DATA,382,1060,""
705.632,sender,afd52c65-5ce1-4c35-a594-c7ab9f56a53f,RECEIVE,ACK,328,36,""
705.643,sender,afd52c65-5ce1-4c35-a594-c7ab9f56a53f,ACKNOWLEDGED,ACK,328,0,""
705.647,sender,afd52c65-5ce1-4c35-a594-c7ab9f56a53f,CONFIRM_DATA,ACK,328,1024,"unique file bytes acknowledged"
705.653,sender,afd52c65-5ce1-4c35-a594-c7ab9f56a53f,RTT_SAMPLE,ACK,328,0,"78.299700"
705.662,sender,afd52c65-5ce1-4c35-a594-c7ab9f56a53f,RECEIVE,ACK,332,36,""
705.665,sender,afd52c65-5ce1-4c35-a594-c7ab9f56a53f,ACKNOWLEDGED,ACK,332,0,""
705.668,sender,afd52c65-5ce1-4c35-a594-c7ab9f56a53f,CONFIRM_DATA,ACK,332,1024,"unique file bytes acknowledged"
705.671,sender,afd52c65-5ce1-4c35-a594-c7ab9f56a53f,RTT_SAMPLE,ACK,332,0,"77.854800"
705.678,sender,afd52c65-5ce1-4c35-a594-c7ab9f56a53f,RECEIVE,ACK,339,36,""
705.681,sender,afd52c65-5ce1-4c35-a594-c7ab9f56a53f,ACKNOWLEDGED,ACK,339,0,""
705.684,sender,afd52c65-5ce1-4c35-a594-c7ab9f56a53f,CONFIRM_DATA,ACK,339,1024,"unique file bytes acknowledged"
705.687,sender,afd52c65-5ce1-4c35-a594-c7ab9f56a53f,RTT_SAMPLE,ACK,339,0,"63.050100"
705.693,sender,afd52c65-5ce1-4c35-a594-c7ab9f56a53f,RECEIVE,ACK,333,36,""
705.696,sender,afd52c65-5ce1-4c35-a594-c7ab9f56a53f,ACKNOWLEDGED,ACK,333,0,""
705.699,sender,afd52c65-5ce1-4c35-a594-c7ab9f56a53f,CONFIRM_DATA,ACK,333,1024,"unique file bytes acknowledged"
705.703,sender,afd52c65-5ce1-4c35-a594-c7ab9f56a53f,RTT_SAMPLE,ACK,333,0,"77.880000"
721.385,sender,afd52c65-5ce1-4c35-a594-c7ab9f56a53f,EMIT,DATA,365,1060,""
721.462,sender,afd52c65-5ce1-4c35-a594-c7ab9f56a53f,EMIT,DATA,373,1060,""
721.473,sender,afd52c65-5ce1-4c35-a594-c7ab9f56a53f,EMIT,DATA,363,1060,""
721.483,sender,afd52c65-5ce1-4c35-a594-c7ab9f56a53f,EMIT,DATA,361,1060,""
721.499,sender,afd52c65-5ce1-4c35-a594-c7ab9f56a53f,EMIT,DATA,359,1060,""
721.507,sender,afd52c65-5ce1-4c35-a594-c7ab9f56a53f,EMIT,DATA,370,1060,""
721.514,sender,afd52c65-5ce1-4c35-a594-c7ab9f56a53f,EMIT,DATA,378,1060,""
721.521,sender,afd52c65-5ce1-4c35-a594-c7ab9f56a53f,EMIT,DATA,368,1060,""
721.528,sender,afd52c65-5ce1-4c35-a594-c7ab9f56a53f,EMIT,DATA,377,1060,""
721.536,sender,afd52c65-5ce1-4c35-a594-c7ab9f56a53f,EMIT,DATA,375,1060,""
721.553,sender,afd52c65-5ce1-4c35-a594-c7ab9f56a53f,EMIT,DATA,376,1060,""
721.561,sender,afd52c65-5ce1-4c35-a594-c7ab9f56a53f,EMIT,DATA,381,1060,""
721.568,sender,afd52c65-5ce1-4c35-a594-c7ab9f56a53f,EMIT,DATA,369,1060,""
721.576,sender,afd52c65-5ce1-4c35-a594-c7ab9f56a53f,EMIT,DATA,380,1060,""
721.583,sender,afd52c65-5ce1-4c35-a594-c7ab9f56a53f,RECEIVE,ACK,325,36,""
721.592,sender,afd52c65-5ce1-4c35-a594-c7ab9f56a53f,EMIT,DATA,386,1060,""
721.595,sender,afd52c65-5ce1-4c35-a594-c7ab9f56a53f,ACKNOWLEDGED,ACK,325,0,""
721.599,sender,afd52c65-5ce1-4c35-a594-c7ab9f56a53f,CONFIRM_DATA,ACK,325,1024,"unique file bytes acknowledged"
721.602,sender,afd52c65-5ce1-4c35-a594-c7ab9f56a53f,EMIT,DATA,362,1060,""
721.618,sender,afd52c65-5ce1-4c35-a594-c7ab9f56a53f,RTT_SAMPLE,ACK,325,0,"110.475100"
721.621,sender,afd52c65-5ce1-4c35-a594-c7ab9f56a53f,EMIT,DATA,384,1060,""
721.625,sender,afd52c65-5ce1-4c35-a594-c7ab9f56a53f,SEND,DATA,389,1060,""
721.629,sender,afd52c65-5ce1-4c35-a594-c7ab9f56a53f,EMIT,DATA,385,1060,""
721.637,sender,afd52c65-5ce1-4c35-a594-c7ab9f56a53f,RECEIVE,ACK,329,36,""
721.640,sender,afd52c65-5ce1-4c35-a594-c7ab9f56a53f,EMIT,DATA,387,1060,""
721.643,sender,afd52c65-5ce1-4c35-a594-c7ab9f56a53f,ACKNOWLEDGED,ACK,329,0,""
721.646,sender,afd52c65-5ce1-4c35-a594-c7ab9f56a53f,CONFIRM_DATA,ACK,329,1024,"unique file bytes acknowledged"
721.649,sender,afd52c65-5ce1-4c35-a594-c7ab9f56a53f,RTT_SAMPLE,ACK,329,0,"94.230600"
721.652,sender,afd52c65-5ce1-4c35-a594-c7ab9f56a53f,EMIT,DATA,364,1060,""
721.656,sender,afd52c65-5ce1-4c35-a594-c7ab9f56a53f,RECEIVE,ACK,327,36,""
721.658,sender,afd52c65-5ce1-4c35-a594-c7ab9f56a53f,ACKNOWLEDGED,ACK,327,0,""
721.661,sender,afd52c65-5ce1-4c35-a594-c7ab9f56a53f,CONFIRM_DATA,ACK,327,1024,"unique file bytes acknowledged"
721.664,sender,afd52c65-5ce1-4c35-a594-c7ab9f56a53f,EMIT,DATA,371,1060,""
721.667,sender,afd52c65-5ce1-4c35-a594-c7ab9f56a53f,RTT_SAMPLE,ACK,327,0,"94.317800"
721.672,sender,afd52c65-5ce1-4c35-a594-c7ab9f56a53f,EMIT,DATA,374,1060,""
721.674,sender,afd52c65-5ce1-4c35-a594-c7ab9f56a53f,RECEIVE,ACK,349,36,""
721.677,sender,afd52c65-5ce1-4c35-a594-c7ab9f56a53f,ACKNOWLEDGED,ACK,349,0,""
721.679,sender,afd52c65-5ce1-4c35-a594-c7ab9f56a53f,CONFIRM_DATA,ACK,349,1024,"unique file bytes acknowledged"
721.682,sender,afd52c65-5ce1-4c35-a594-c7ab9f56a53f,EMIT,DATA,372,1060,""
721.685,sender,afd52c65-5ce1-4c35-a594-c7ab9f56a53f,RTT_SAMPLE,ACK,349,0,"63.428400"
721.695,sender,afd52c65-5ce1-4c35-a594-c7ab9f56a53f,RECEIVE,ACK,335,36,""
721.697,sender,afd52c65-5ce1-4c35-a594-c7ab9f56a53f,ACKNOWLEDGED,ACK,335,0,""
721.699,sender,afd52c65-5ce1-4c35-a594-c7ab9f56a53f,CONFIRM_DATA,ACK,335,1024,"unique file bytes acknowledged"
721.702,sender,afd52c65-5ce1-4c35-a594-c7ab9f56a53f,RTT_SAMPLE,ACK,335,0,"79.080700"
721.707,sender,afd52c65-5ce1-4c35-a594-c7ab9f56a53f,RECEIVE,ACK,337,36,""
721.709,sender,afd52c65-5ce1-4c35-a594-c7ab9f56a53f,ACKNOWLEDGED,ACK,337,0,""
721.712,sender,afd52c65-5ce1-4c35-a594-c7ab9f56a53f,CONFIRM_DATA,ACK,337,1024,"unique file bytes acknowledged"
721.714,sender,afd52c65-5ce1-4c35-a594-c7ab9f56a53f,RTT_SAMPLE,ACK,337,0,"79.085000"
721.719,sender,afd52c65-5ce1-4c35-a594-c7ab9f56a53f,RECEIVE,ACK,330,36,""
721.722,sender,afd52c65-5ce1-4c35-a594-c7ab9f56a53f,ACKNOWLEDGED,ACK,330,0,""
721.724,sender,afd52c65-5ce1-4c35-a594-c7ab9f56a53f,CONFIRM_DATA,ACK,330,1024,"unique file bytes acknowledged"
721.726,sender,afd52c65-5ce1-4c35-a594-c7ab9f56a53f,RTT_SAMPLE,ACK,330,0,"93.922400"
721.734,sender,afd52c65-5ce1-4c35-a594-c7ab9f56a53f,RECEIVE,ACK,358,36,""
721.737,sender,afd52c65-5ce1-4c35-a594-c7ab9f56a53f,ACKNOWLEDGED,ACK,358,0,""
721.739,sender,afd52c65-5ce1-4c35-a594-c7ab9f56a53f,CONFIRM_DATA,ACK,358,1024,"unique file bytes acknowledged"
721.742,sender,afd52c65-5ce1-4c35-a594-c7ab9f56a53f,RTT_SAMPLE,ACK,358,0,"63.363600"
736.372,sender,afd52c65-5ce1-4c35-a594-c7ab9f56a53f,EMIT,DATA,360,1060,""
736.387,sender,afd52c65-5ce1-4c35-a594-c7ab9f56a53f,RECEIVE,ACK,336,36,""
736.397,sender,afd52c65-5ce1-4c35-a594-c7ab9f56a53f,EMIT,DATA,383,1060,""
736.401,sender,afd52c65-5ce1-4c35-a594-c7ab9f56a53f,ACKNOWLEDGED,ACK,336,0,""
736.405,sender,afd52c65-5ce1-4c35-a594-c7ab9f56a53f,CONFIRM_DATA,ACK,336,1024,"unique file bytes acknowledged"
736.409,sender,afd52c65-5ce1-4c35-a594-c7ab9f56a53f,EMIT,DATA,388,1060,""
736.414,sender,afd52c65-5ce1-4c35-a594-c7ab9f56a53f,RTT_SAMPLE,ACK,336,0,"93.783500"
736.423,sender,afd52c65-5ce1-4c35-a594-c7ab9f56a53f,RECEIVE,ACK,341,36,""
736.426,sender,afd52c65-5ce1-4c35-a594-c7ab9f56a53f,ACKNOWLEDGED,ACK,341,0,""
736.429,sender,afd52c65-5ce1-4c35-a594-c7ab9f56a53f,CONFIRM_DATA,ACK,341,1024,"unique file bytes acknowledged"
736.432,sender,afd52c65-5ce1-4c35-a594-c7ab9f56a53f,RTT_SAMPLE,ACK,341,0,"93.787900"
736.439,sender,afd52c65-5ce1-4c35-a594-c7ab9f56a53f,RECEIVE,ACK,345,36,""
736.441,sender,afd52c65-5ce1-4c35-a594-c7ab9f56a53f,ACKNOWLEDGED,ACK,345,0,""
736.444,sender,afd52c65-5ce1-4c35-a594-c7ab9f56a53f,CONFIRM_DATA,ACK,345,1024,"unique file bytes acknowledged"
736.447,sender,afd52c65-5ce1-4c35-a594-c7ab9f56a53f,RTT_SAMPLE,ACK,345,0,"93.788600"
736.458,sender,afd52c65-5ce1-4c35-a594-c7ab9f56a53f,RECEIVE,ACK,331,36,""
736.462,sender,afd52c65-5ce1-4c35-a594-c7ab9f56a53f,ACKNOWLEDGED,ACK,331,0,""
736.465,sender,afd52c65-5ce1-4c35-a594-c7ab9f56a53f,CONFIRM_DATA,ACK,331,1024,"unique file bytes acknowledged"
736.468,sender,afd52c65-5ce1-4c35-a594-c7ab9f56a53f,RTT_SAMPLE,ACK,331,0,"108.657800"
736.474,sender,afd52c65-5ce1-4c35-a594-c7ab9f56a53f,RECEIVE,ACK,348,36,""
736.477,sender,afd52c65-5ce1-4c35-a594-c7ab9f56a53f,ACKNOWLEDGED,ACK,348,0,""
736.479,sender,afd52c65-5ce1-4c35-a594-c7ab9f56a53f,CONFIRM_DATA,ACK,348,1024,"unique file bytes acknowledged"
736.482,sender,afd52c65-5ce1-4c35-a594-c7ab9f56a53f,RTT_SAMPLE,ACK,348,0,"78.231800"
736.491,sender,afd52c65-5ce1-4c35-a594-c7ab9f56a53f,RECEIVE,ACK,334,36,""
736.500,sender,afd52c65-5ce1-4c35-a594-c7ab9f56a53f,ACKNOWLEDGED,ACK,334,0,""
736.503,sender,afd52c65-5ce1-4c35-a594-c7ab9f56a53f,CONFIRM_DATA,ACK,334,1024,"unique file bytes acknowledged"
736.506,sender,afd52c65-5ce1-4c35-a594-c7ab9f56a53f,RTT_SAMPLE,ACK,334,0,"93.889800"
736.512,sender,afd52c65-5ce1-4c35-a594-c7ab9f56a53f,RECEIVE,ACK,344,36,""
736.515,sender,afd52c65-5ce1-4c35-a594-c7ab9f56a53f,ACKNOWLEDGED,ACK,344,0,""
736.518,sender,afd52c65-5ce1-4c35-a594-c7ab9f56a53f,CONFIRM_DATA,ACK,344,1024,"unique file bytes acknowledged"
736.521,sender,afd52c65-5ce1-4c35-a594-c7ab9f56a53f,RTT_SAMPLE,ACK,344,0,"93.866300"
736.528,sender,afd52c65-5ce1-4c35-a594-c7ab9f56a53f,RECEIVE,ACK,343,36,""
736.531,sender,afd52c65-5ce1-4c35-a594-c7ab9f56a53f,ACKNOWLEDGED,ACK,343,0,""
736.534,sender,afd52c65-5ce1-4c35-a594-c7ab9f56a53f,CONFIRM_DATA,ACK,343,1024,"unique file bytes acknowledged"
736.537,sender,afd52c65-5ce1-4c35-a594-c7ab9f56a53f,RTT_SAMPLE,ACK,343,0,"93.885500"
736.544,sender,afd52c65-5ce1-4c35-a594-c7ab9f56a53f,RECEIVE,ACK,326,36,""
736.547,sender,afd52c65-5ce1-4c35-a594-c7ab9f56a53f,ACKNOWLEDGED,ACK,326,0,""
736.550,sender,afd52c65-5ce1-4c35-a594-c7ab9f56a53f,CONFIRM_DATA,ACK,326,1024,"unique file bytes acknowledged"
736.557,sender,afd52c65-5ce1-4c35-a594-c7ab9f56a53f,RTT_SAMPLE,ACK,326,0,"109.214300"
736.561,sender,afd52c65-5ce1-4c35-a594-c7ab9f56a53f,SEND,DATA,390,1060,""
736.576,sender,afd52c65-5ce1-4c35-a594-c7ab9f56a53f,SEND,DATA,391,1060,""
736.579,sender,afd52c65-5ce1-4c35-a594-c7ab9f56a53f,SEND,DATA,392,1060,""
736.583,sender,afd52c65-5ce1-4c35-a594-c7ab9f56a53f,SEND,DATA,393,1060,""
736.615,sender,afd52c65-5ce1-4c35-a594-c7ab9f56a53f,SEND,DATA,394,1060,""
736.619,sender,afd52c65-5ce1-4c35-a594-c7ab9f56a53f,SEND,DATA,395,1060,""
736.622,sender,afd52c65-5ce1-4c35-a594-c7ab9f56a53f,SEND,DATA,396,1060,""
736.625,sender,afd52c65-5ce1-4c35-a594-c7ab9f56a53f,SEND,DATA,397,1060,""
736.628,sender,afd52c65-5ce1-4c35-a594-c7ab9f56a53f,SEND,DATA,398,1060,""
736.631,sender,afd52c65-5ce1-4c35-a594-c7ab9f56a53f,SEND,DATA,399,1060,""
736.635,sender,afd52c65-5ce1-4c35-a594-c7ab9f56a53f,SEND,DATA,400,1060,""
736.642,sender,afd52c65-5ce1-4c35-a594-c7ab9f56a53f,SEND,DATA,401,1060,""
736.648,sender,afd52c65-5ce1-4c35-a594-c7ab9f56a53f,RECEIVE,ACK,355,36,""
736.651,sender,afd52c65-5ce1-4c35-a594-c7ab9f56a53f,ACKNOWLEDGED,ACK,355,0,""
736.653,sender,afd52c65-5ce1-4c35-a594-c7ab9f56a53f,CONFIRM_DATA,ACK,355,1024,"unique file bytes acknowledged"
736.656,sender,afd52c65-5ce1-4c35-a594-c7ab9f56a53f,RTT_SAMPLE,ACK,355,0,"78.289700"
736.661,sender,afd52c65-5ce1-4c35-a594-c7ab9f56a53f,RECEIVE,ACK,340,36,""
736.664,sender,afd52c65-5ce1-4c35-a594-c7ab9f56a53f,ACKNOWLEDGED,ACK,340,0,""
736.666,sender,afd52c65-5ce1-4c35-a594-c7ab9f56a53f,CONFIRM_DATA,ACK,340,1024,"unique file bytes acknowledged"
736.669,sender,afd52c65-5ce1-4c35-a594-c7ab9f56a53f,RTT_SAMPLE,ACK,340,0,"94.028400"
736.674,sender,afd52c65-5ce1-4c35-a594-c7ab9f56a53f,RECEIVE,ACK,379,36,""
736.676,sender,afd52c65-5ce1-4c35-a594-c7ab9f56a53f,ACKNOWLEDGED,ACK,379,0,""
736.679,sender,afd52c65-5ce1-4c35-a594-c7ab9f56a53f,CONFIRM_DATA,ACK,379,1024,"unique file bytes acknowledged"
736.681,sender,afd52c65-5ce1-4c35-a594-c7ab9f56a53f,RTT_SAMPLE,ACK,379,0,"63.240700"
736.686,sender,afd52c65-5ce1-4c35-a594-c7ab9f56a53f,RECEIVE,ACK,346,36,""
736.689,sender,afd52c65-5ce1-4c35-a594-c7ab9f56a53f,ACKNOWLEDGED,ACK,346,0,""
736.691,sender,afd52c65-5ce1-4c35-a594-c7ab9f56a53f,CONFIRM_DATA,ACK,346,1024,"unique file bytes acknowledged"
736.694,sender,afd52c65-5ce1-4c35-a594-c7ab9f56a53f,RTT_SAMPLE,ACK,346,0,"78.452200"
736.699,sender,afd52c65-5ce1-4c35-a594-c7ab9f56a53f,RECEIVE,ACK,357,36,""
736.701,sender,afd52c65-5ce1-4c35-a594-c7ab9f56a53f,ACKNOWLEDGED,ACK,357,0,""
736.716,sender,afd52c65-5ce1-4c35-a594-c7ab9f56a53f,CONFIRM_DATA,ACK,357,1024,"unique file bytes acknowledged"
736.719,sender,afd52c65-5ce1-4c35-a594-c7ab9f56a53f,RTT_SAMPLE,ACK,357,0,"78.347000"
751.699,sender,afd52c65-5ce1-4c35-a594-c7ab9f56a53f,RECEIVE,ACK,353,36,""
751.715,sender,afd52c65-5ce1-4c35-a594-c7ab9f56a53f,ACKNOWLEDGED,ACK,353,0,""
751.720,sender,afd52c65-5ce1-4c35-a594-c7ab9f56a53f,CONFIRM_DATA,ACK,353,1024,"unique file bytes acknowledged"
751.728,sender,afd52c65-5ce1-4c35-a594-c7ab9f56a53f,RTT_SAMPLE,ACK,353,0,"93.364500"
751.738,sender,afd52c65-5ce1-4c35-a594-c7ab9f56a53f,RECEIVE,ACK,352,36,""
751.743,sender,afd52c65-5ce1-4c35-a594-c7ab9f56a53f,ACKNOWLEDGED,ACK,352,0,""
751.746,sender,afd52c65-5ce1-4c35-a594-c7ab9f56a53f,CONFIRM_DATA,ACK,352,1024,"unique file bytes acknowledged"
751.750,sender,afd52c65-5ce1-4c35-a594-c7ab9f56a53f,RTT_SAMPLE,ACK,352,0,"93.392000"
751.757,sender,afd52c65-5ce1-4c35-a594-c7ab9f56a53f,RECEIVE,ACK,351,36,""
751.760,sender,afd52c65-5ce1-4c35-a594-c7ab9f56a53f,ACKNOWLEDGED,ACK,351,0,""
751.763,sender,afd52c65-5ce1-4c35-a594-c7ab9f56a53f,CONFIRM_DATA,ACK,351,1024,"unique file bytes acknowledged"
751.767,sender,afd52c65-5ce1-4c35-a594-c7ab9f56a53f,RTT_SAMPLE,ACK,351,0,"93.411600"
751.774,sender,afd52c65-5ce1-4c35-a594-c7ab9f56a53f,RECEIVE,ACK,354,36,""
751.777,sender,afd52c65-5ce1-4c35-a594-c7ab9f56a53f,ACKNOWLEDGED,ACK,354,0,""
751.779,sender,afd52c65-5ce1-4c35-a594-c7ab9f56a53f,CONFIRM_DATA,ACK,354,1024,"unique file bytes acknowledged"
751.783,sender,afd52c65-5ce1-4c35-a594-c7ab9f56a53f,RTT_SAMPLE,ACK,354,0,"93.419600"
751.790,sender,afd52c65-5ce1-4c35-a594-c7ab9f56a53f,RECEIVE,ACK,347,36,""
751.793,sender,afd52c65-5ce1-4c35-a594-c7ab9f56a53f,ACKNOWLEDGED,ACK,347,0,""
751.795,sender,afd52c65-5ce1-4c35-a594-c7ab9f56a53f,CONFIRM_DATA,ACK,347,1024,"unique file bytes acknowledged"
751.799,sender,afd52c65-5ce1-4c35-a594-c7ab9f56a53f,RTT_SAMPLE,ACK,347,0,"93.551800"
751.805,sender,afd52c65-5ce1-4c35-a594-c7ab9f56a53f,RECEIVE,ACK,380,36,""
751.808,sender,afd52c65-5ce1-4c35-a594-c7ab9f56a53f,ACKNOWLEDGED,ACK,380,0,""
751.811,sender,afd52c65-5ce1-4c35-a594-c7ab9f56a53f,CONFIRM_DATA,ACK,380,1024,"unique file bytes acknowledged"
751.815,sender,afd52c65-5ce1-4c35-a594-c7ab9f56a53f,RTT_SAMPLE,ACK,380,0,"78.369900"
751.821,sender,afd52c65-5ce1-4c35-a594-c7ab9f56a53f,RECEIVE,ACK,384,36,""
751.824,sender,afd52c65-5ce1-4c35-a594-c7ab9f56a53f,ACKNOWLEDGED,ACK,384,0,""
751.827,sender,afd52c65-5ce1-4c35-a594-c7ab9f56a53f,CONFIRM_DATA,ACK,384,1024,"unique file bytes acknowledged"
751.831,sender,afd52c65-5ce1-4c35-a594-c7ab9f56a53f,RTT_SAMPLE,ACK,384,0,"78.370600"
751.839,sender,afd52c65-5ce1-4c35-a594-c7ab9f56a53f,RECEIVE,ACK,365,36,""
751.842,sender,afd52c65-5ce1-4c35-a594-c7ab9f56a53f,ACKNOWLEDGED,ACK,365,0,""
751.844,sender,afd52c65-5ce1-4c35-a594-c7ab9f56a53f,CONFIRM_DATA,ACK,365,1024,"unique file bytes acknowledged"
751.848,sender,afd52c65-5ce1-4c35-a594-c7ab9f56a53f,RTT_SAMPLE,ACK,365,0,"78.472000"
751.854,sender,afd52c65-5ce1-4c35-a594-c7ab9f56a53f,RECEIVE,ACK,386,36,""
751.857,sender,afd52c65-5ce1-4c35-a594-c7ab9f56a53f,ACKNOWLEDGED,ACK,386,0,""
751.860,sender,afd52c65-5ce1-4c35-a594-c7ab9f56a53f,CONFIRM_DATA,ACK,386,1024,"unique file bytes acknowledged"
751.864,sender,afd52c65-5ce1-4c35-a594-c7ab9f56a53f,RTT_SAMPLE,ACK,386,0,"62.255200"
751.873,sender,afd52c65-5ce1-4c35-a594-c7ab9f56a53f,RECEIVE,ACK,338,36,""
751.877,sender,afd52c65-5ce1-4c35-a594-c7ab9f56a53f,ACKNOWLEDGED,ACK,338,0,""
751.879,sender,afd52c65-5ce1-4c35-a594-c7ab9f56a53f,CONFIRM_DATA,ACK,338,1024,"unique file bytes acknowledged"
751.883,sender,afd52c65-5ce1-4c35-a594-c7ab9f56a53f,RTT_SAMPLE,ACK,338,0,"109.249700"
751.888,sender,afd52c65-5ce1-4c35-a594-c7ab9f56a53f,SEND,DATA,402,1060,""
751.898,sender,afd52c65-5ce1-4c35-a594-c7ab9f56a53f,SEND,DATA,403,1060,""
751.901,sender,afd52c65-5ce1-4c35-a594-c7ab9f56a53f,SEND,DATA,404,1060,""
751.905,sender,afd52c65-5ce1-4c35-a594-c7ab9f56a53f,SEND,DATA,405,1060,""
751.911,sender,afd52c65-5ce1-4c35-a594-c7ab9f56a53f,RECEIVE,ACK,373,36,""
751.914,sender,afd52c65-5ce1-4c35-a594-c7ab9f56a53f,ACKNOWLEDGED,ACK,373,0,""
751.916,sender,afd52c65-5ce1-4c35-a594-c7ab9f56a53f,CONFIRM_DATA,ACK,373,1024,"unique file bytes acknowledged"
751.920,sender,afd52c65-5ce1-4c35-a594-c7ab9f56a53f,RTT_SAMPLE,ACK,373,0,"78.509100"
751.927,sender,afd52c65-5ce1-4c35-a594-c7ab9f56a53f,RECEIVE,ACK,370,36,""
751.930,sender,afd52c65-5ce1-4c35-a594-c7ab9f56a53f,ACKNOWLEDGED,ACK,370,0,""
751.933,sender,afd52c65-5ce1-4c35-a594-c7ab9f56a53f,CONFIRM_DATA,ACK,370,1024,"unique file bytes acknowledged"
751.936,sender,afd52c65-5ce1-4c35-a594-c7ab9f56a53f,RTT_SAMPLE,ACK,370,0,"78.538300"
751.943,sender,afd52c65-5ce1-4c35-a594-c7ab9f56a53f,RECEIVE,ACK,350,36,""
751.946,sender,afd52c65-5ce1-4c35-a594-c7ab9f56a53f,ACKNOWLEDGED,ACK,350,0,""
751.948,sender,afd52c65-5ce1-4c35-a594-c7ab9f56a53f,CONFIRM_DATA,ACK,350,1024,"unique file bytes acknowledged"
751.952,sender,afd52c65-5ce1-4c35-a594-c7ab9f56a53f,RTT_SAMPLE,ACK,350,0,"93.695000"
767.597,sender,afd52c65-5ce1-4c35-a594-c7ab9f56a53f,EMIT,DATA,396,1060,""
767.979,sender,afd52c65-5ce1-4c35-a594-c7ab9f56a53f,EMIT,DATA,399,1060,""
768.055,sender,afd52c65-5ce1-4c35-a594-c7ab9f56a53f,EMIT,DATA,390,1060,""
768.068,sender,afd52c65-5ce1-4c35-a594-c7ab9f56a53f,RECEIVE,ACK,361,36,""
768.091,sender,afd52c65-5ce1-4c35-a594-c7ab9f56a53f,EMIT,DATA,392,1060,""
768.095,sender,afd52c65-5ce1-4c35-a594-c7ab9f56a53f,ACKNOWLEDGED,ACK,361,0,""
768.101,sender,afd52c65-5ce1-4c35-a594-c7ab9f56a53f,CONFIRM_DATA,ACK,361,1024,"unique file bytes acknowledged"
768.109,sender,afd52c65-5ce1-4c35-a594-c7ab9f56a53f,RTT_SAMPLE,ACK,361,0,"94.749500"
768.139,sender,afd52c65-5ce1-4c35-a594-c7ab9f56a53f,RECEIVE,ACK,376,36,""
768.144,sender,afd52c65-5ce1-4c35-a594-c7ab9f56a53f,ACKNOWLEDGED,ACK,376,0,""
768.148,sender,afd52c65-5ce1-4c35-a594-c7ab9f56a53f,CONFIRM_DATA,ACK,376,1024,"unique file bytes acknowledged"
768.219,sender,afd52c65-5ce1-4c35-a594-c7ab9f56a53f,RTT_SAMPLE,ACK,376,0,"94.792800"
768.234,sender,afd52c65-5ce1-4c35-a594-c7ab9f56a53f,RECEIVE,ACK,342,36,""
768.239,sender,afd52c65-5ce1-4c35-a594-c7ab9f56a53f,ACKNOWLEDGED,ACK,342,0,""
768.243,sender,afd52c65-5ce1-4c35-a594-c7ab9f56a53f,CONFIRM_DATA,ACK,342,1024,"unique file bytes acknowledged"
768.248,sender,afd52c65-5ce1-4c35-a594-c7ab9f56a53f,RTT_SAMPLE,ACK,342,0,"125.599500"
768.255,sender,afd52c65-5ce1-4c35-a594-c7ab9f56a53f,SEND,DATA,406,1060,""
768.261,sender,afd52c65-5ce1-4c35-a594-c7ab9f56a53f,SEND,DATA,407,1060,""
768.268,sender,afd52c65-5ce1-4c35-a594-c7ab9f56a53f,SEND,DATA,408,1060,""
768.282,sender,afd52c65-5ce1-4c35-a594-c7ab9f56a53f,SEND,DATA,409,1060,""
768.291,sender,afd52c65-5ce1-4c35-a594-c7ab9f56a53f,SEND,DATA,410,1060,""
768.299,sender,afd52c65-5ce1-4c35-a594-c7ab9f56a53f,SEND,DATA,411,1060,""
768.307,sender,afd52c65-5ce1-4c35-a594-c7ab9f56a53f,SEND,DATA,412,1060,""
768.315,sender,afd52c65-5ce1-4c35-a594-c7ab9f56a53f,SEND,DATA,413,1060,""
768.324,sender,afd52c65-5ce1-4c35-a594-c7ab9f56a53f,SEND,DATA,414,1060,""
768.381,sender,afd52c65-5ce1-4c35-a594-c7ab9f56a53f,SEND,DATA,415,1060,""
768.386,sender,afd52c65-5ce1-4c35-a594-c7ab9f56a53f,SEND,DATA,416,1060,""
768.390,sender,afd52c65-5ce1-4c35-a594-c7ab9f56a53f,SEND,DATA,417,1060,""
768.394,sender,afd52c65-5ce1-4c35-a594-c7ab9f56a53f,SEND,DATA,418,1060,""
768.399,sender,afd52c65-5ce1-4c35-a594-c7ab9f56a53f,SEND,DATA,419,1060,""
768.417,sender,afd52c65-5ce1-4c35-a594-c7ab9f56a53f,RECEIVE,ACK,371,36,""
768.421,sender,afd52c65-5ce1-4c35-a594-c7ab9f56a53f,ACKNOWLEDGED,ACK,371,0,""
768.425,sender,afd52c65-5ce1-4c35-a594-c7ab9f56a53f,CONFIRM_DATA,ACK,371,1024,"unique file bytes acknowledged"
768.431,sender,afd52c65-5ce1-4c35-a594-c7ab9f56a53f,RTT_SAMPLE,ACK,371,0,"95.027200"
768.442,sender,afd52c65-5ce1-4c35-a594-c7ab9f56a53f,RECEIVE,ACK,377,36,""
768.446,sender,afd52c65-5ce1-4c35-a594-c7ab9f56a53f,ACKNOWLEDGED,ACK,377,0,""
768.449,sender,afd52c65-5ce1-4c35-a594-c7ab9f56a53f,CONFIRM_DATA,ACK,377,1024,"unique file bytes acknowledged"
768.454,sender,afd52c65-5ce1-4c35-a594-c7ab9f56a53f,RTT_SAMPLE,ACK,377,0,"95.020100"
768.461,sender,afd52c65-5ce1-4c35-a594-c7ab9f56a53f,RECEIVE,ACK,367,36,""
768.465,sender,afd52c65-5ce1-4c35-a594-c7ab9f56a53f,ACKNOWLEDGED,ACK,367,0,""
768.468,sender,afd52c65-5ce1-4c35-a594-c7ab9f56a53f,CONFIRM_DATA,ACK,367,1024,"unique file bytes acknowledged"
768.472,sender,afd52c65-5ce1-4c35-a594-c7ab9f56a53f,RTT_SAMPLE,ACK,367,0,"95.086900"
768.479,sender,afd52c65-5ce1-4c35-a594-c7ab9f56a53f,RECEIVE,ACK,366,36,""
768.482,sender,afd52c65-5ce1-4c35-a594-c7ab9f56a53f,ACKNOWLEDGED,ACK,366,0,""
768.486,sender,afd52c65-5ce1-4c35-a594-c7ab9f56a53f,CONFIRM_DATA,ACK,366,1024,"unique file bytes acknowledged"
768.490,sender,afd52c65-5ce1-4c35-a594-c7ab9f56a53f,RTT_SAMPLE,ACK,366,0,"95.109200"
768.497,sender,afd52c65-5ce1-4c35-a594-c7ab9f56a53f,RECEIVE,ACK,382,36,""
768.501,sender,afd52c65-5ce1-4c35-a594-c7ab9f56a53f,ACKNOWLEDGED,ACK,382,0,""
768.504,sender,afd52c65-5ce1-4c35-a594-c7ab9f56a53f,CONFIRM_DATA,ACK,382,1024,"unique file bytes acknowledged"
768.508,sender,afd52c65-5ce1-4c35-a594-c7ab9f56a53f,RTT_SAMPLE,ACK,382,0,"95.055100"
768.515,sender,afd52c65-5ce1-4c35-a594-c7ab9f56a53f,RECEIVE,ACK,356,36,""
768.519,sender,afd52c65-5ce1-4c35-a594-c7ab9f56a53f,ACKNOWLEDGED,ACK,356,0,""
768.522,sender,afd52c65-5ce1-4c35-a594-c7ab9f56a53f,CONFIRM_DATA,ACK,356,1024,"unique file bytes acknowledged"
768.526,sender,afd52c65-5ce1-4c35-a594-c7ab9f56a53f,RTT_SAMPLE,ACK,356,0,"110.156700"
768.531,sender,afd52c65-5ce1-4c35-a594-c7ab9f56a53f,SEND,DATA,420,1060,""
768.535,sender,afd52c65-5ce1-4c35-a594-c7ab9f56a53f,SEND,DATA,421,1060,""
768.539,sender,afd52c65-5ce1-4c35-a594-c7ab9f56a53f,SEND,DATA,422,1060,""
768.546,sender,afd52c65-5ce1-4c35-a594-c7ab9f56a53f,RECEIVE,ACK,364,36,""
768.550,sender,afd52c65-5ce1-4c35-a594-c7ab9f56a53f,ACKNOWLEDGED,ACK,364,0,""
768.553,sender,afd52c65-5ce1-4c35-a594-c7ab9f56a53f,CONFIRM_DATA,ACK,364,1024,"unique file bytes acknowledged"
768.557,sender,afd52c65-5ce1-4c35-a594-c7ab9f56a53f,RTT_SAMPLE,ACK,364,0,"95.185200"
768.564,sender,afd52c65-5ce1-4c35-a594-c7ab9f56a53f,RECEIVE,ACK,372,36,""
768.568,sender,afd52c65-5ce1-4c35-a594-c7ab9f56a53f,ACKNOWLEDGED,ACK,372,0,""
768.571,sender,afd52c65-5ce1-4c35-a594-c7ab9f56a53f,CONFIRM_DATA,ACK,372,1024,"unique file bytes acknowledged"
768.575,sender,afd52c65-5ce1-4c35-a594-c7ab9f56a53f,RTT_SAMPLE,ACK,372,0,"95.167900"
768.582,sender,afd52c65-5ce1-4c35-a594-c7ab9f56a53f,RECEIVE,ACK,378,36,""
768.586,sender,afd52c65-5ce1-4c35-a594-c7ab9f56a53f,ACKNOWLEDGED,ACK,378,0,""
768.589,sender,afd52c65-5ce1-4c35-a594-c7ab9f56a53f,CONFIRM_DATA,ACK,378,1024,"unique file bytes acknowledged"
768.593,sender,afd52c65-5ce1-4c35-a594-c7ab9f56a53f,RTT_SAMPLE,ACK,378,0,"95.156100"
768.600,sender,afd52c65-5ce1-4c35-a594-c7ab9f56a53f,RECEIVE,ACK,387,36,""
768.604,sender,afd52c65-5ce1-4c35-a594-c7ab9f56a53f,ACKNOWLEDGED,ACK,387,0,""
768.607,sender,afd52c65-5ce1-4c35-a594-c7ab9f56a53f,CONFIRM_DATA,ACK,387,1024,"unique file bytes acknowledged"
768.611,sender,afd52c65-5ce1-4c35-a594-c7ab9f56a53f,RTT_SAMPLE,ACK,387,0,"78.998500"
768.618,sender,afd52c65-5ce1-4c35-a594-c7ab9f56a53f,RECEIVE,ACK,363,36,""
768.622,sender,afd52c65-5ce1-4c35-a594-c7ab9f56a53f,ACKNOWLEDGED,ACK,363,0,""
768.625,sender,afd52c65-5ce1-4c35-a594-c7ab9f56a53f,CONFIRM_DATA,ACK,363,1024,"unique file bytes acknowledged"
768.629,sender,afd52c65-5ce1-4c35-a594-c7ab9f56a53f,RTT_SAMPLE,ACK,363,0,"95.261500"
768.636,sender,afd52c65-5ce1-4c35-a594-c7ab9f56a53f,RECEIVE,ACK,381,36,""
768.639,sender,afd52c65-5ce1-4c35-a594-c7ab9f56a53f,ACKNOWLEDGED,ACK,381,0,""
768.643,sender,afd52c65-5ce1-4c35-a594-c7ab9f56a53f,CONFIRM_DATA,ACK,381,1024,"unique file bytes acknowledged"
768.647,sender,afd52c65-5ce1-4c35-a594-c7ab9f56a53f,RTT_SAMPLE,ACK,381,0,"95.197600"
768.654,sender,afd52c65-5ce1-4c35-a594-c7ab9f56a53f,RECEIVE,ACK,362,36,""
768.657,sender,afd52c65-5ce1-4c35-a594-c7ab9f56a53f,ACKNOWLEDGED,ACK,362,0,""
768.660,sender,afd52c65-5ce1-4c35-a594-c7ab9f56a53f,CONFIRM_DATA,ACK,362,1024,"unique file bytes acknowledged"
768.664,sender,afd52c65-5ce1-4c35-a594-c7ab9f56a53f,RTT_SAMPLE,ACK,362,0,"95.301700"
768.671,sender,afd52c65-5ce1-4c35-a594-c7ab9f56a53f,RECEIVE,ACK,385,36,""
768.675,sender,afd52c65-5ce1-4c35-a594-c7ab9f56a53f,ACKNOWLEDGED,ACK,385,0,""
768.678,sender,afd52c65-5ce1-4c35-a594-c7ab9f56a53f,CONFIRM_DATA,ACK,385,1024,"unique file bytes acknowledged"
768.682,sender,afd52c65-5ce1-4c35-a594-c7ab9f56a53f,RTT_SAMPLE,ACK,385,0,"79.079700"
768.692,sender,afd52c65-5ce1-4c35-a594-c7ab9f56a53f,RECEIVE,ACK,374,36,""
768.695,sender,afd52c65-5ce1-4c35-a594-c7ab9f56a53f,ACKNOWLEDGED,ACK,374,0,""
768.698,sender,afd52c65-5ce1-4c35-a594-c7ab9f56a53f,CONFIRM_DATA,ACK,374,1024,"unique file bytes acknowledged"
768.703,sender,afd52c65-5ce1-4c35-a594-c7ab9f56a53f,RTT_SAMPLE,ACK,374,0,"95.287000"
768.713,sender,afd52c65-5ce1-4c35-a594-c7ab9f56a53f,RECEIVE,ACK,359,36,""
768.717,sender,afd52c65-5ce1-4c35-a594-c7ab9f56a53f,ACKNOWLEDGED,ACK,359,0,""
768.720,sender,afd52c65-5ce1-4c35-a594-c7ab9f56a53f,CONFIRM_DATA,ACK,359,1024,"unique file bytes acknowledged"
768.724,sender,afd52c65-5ce1-4c35-a594-c7ab9f56a53f,RTT_SAMPLE,ACK,359,0,"110.342300"
768.728,sender,afd52c65-5ce1-4c35-a594-c7ab9f56a53f,SEND,DATA,423,1060,""
768.735,sender,afd52c65-5ce1-4c35-a594-c7ab9f56a53f,RECEIVE,ACK,360,36,""
768.738,sender,afd52c65-5ce1-4c35-a594-c7ab9f56a53f,ACKNOWLEDGED,ACK,360,0,""
768.741,sender,afd52c65-5ce1-4c35-a594-c7ab9f56a53f,CONFIRM_DATA,ACK,360,1024,"unique file bytes acknowledged"
768.746,sender,afd52c65-5ce1-4c35-a594-c7ab9f56a53f,RTT_SAMPLE,ACK,360,0,"95.395400"
768.750,sender,afd52c65-5ce1-4c35-a594-c7ab9f56a53f,SEND,DATA,424,1060,""
768.754,sender,afd52c65-5ce1-4c35-a594-c7ab9f56a53f,SEND,DATA,425,1060,""
768.758,sender,afd52c65-5ce1-4c35-a594-c7ab9f56a53f,SEND,DATA,426,1060,""
768.762,sender,afd52c65-5ce1-4c35-a594-c7ab9f56a53f,SEND,DATA,427,1060,""
768.766,sender,afd52c65-5ce1-4c35-a594-c7ab9f56a53f,SEND,DATA,428,1060,""
768.770,sender,afd52c65-5ce1-4c35-a594-c7ab9f56a53f,SEND,DATA,429,1060,""
768.808,sender,afd52c65-5ce1-4c35-a594-c7ab9f56a53f,SEND,DATA,430,1060,""
768.813,sender,afd52c65-5ce1-4c35-a594-c7ab9f56a53f,SEND,DATA,431,1060,""
768.820,sender,afd52c65-5ce1-4c35-a594-c7ab9f56a53f,RECEIVE,ACK,369,36,""
768.823,sender,afd52c65-5ce1-4c35-a594-c7ab9f56a53f,ACKNOWLEDGED,ACK,369,0,""
768.827,sender,afd52c65-5ce1-4c35-a594-c7ab9f56a53f,CONFIRM_DATA,ACK,369,1024,"unique file bytes acknowledged"
768.831,sender,afd52c65-5ce1-4c35-a594-c7ab9f56a53f,RTT_SAMPLE,ACK,369,0,"95.436600"
768.838,sender,afd52c65-5ce1-4c35-a594-c7ab9f56a53f,RECEIVE,ACK,375,36,""
768.841,sender,afd52c65-5ce1-4c35-a594-c7ab9f56a53f,ACKNOWLEDGED,ACK,375,0,""
768.844,sender,afd52c65-5ce1-4c35-a594-c7ab9f56a53f,CONFIRM_DATA,ACK,375,1024,"unique file bytes acknowledged"
768.849,sender,afd52c65-5ce1-4c35-a594-c7ab9f56a53f,RTT_SAMPLE,ACK,375,0,"95.428600"
783.436,sender,afd52c65-5ce1-4c35-a594-c7ab9f56a53f,EMIT,DATA,397,1060,""
783.467,sender,afd52c65-5ce1-4c35-a594-c7ab9f56a53f,RECEIVE,ACK,368,36,""
783.475,sender,afd52c65-5ce1-4c35-a594-c7ab9f56a53f,EMIT,DATA,393,1060,""
783.479,sender,afd52c65-5ce1-4c35-a594-c7ab9f56a53f,ACKNOWLEDGED,ACK,368,0,""
783.483,sender,afd52c65-5ce1-4c35-a594-c7ab9f56a53f,CONFIRM_DATA,ACK,368,1024,"unique file bytes acknowledged"
783.486,sender,afd52c65-5ce1-4c35-a594-c7ab9f56a53f,EMIT,DATA,394,1060,""
783.490,sender,afd52c65-5ce1-4c35-a594-c7ab9f56a53f,RTT_SAMPLE,ACK,368,0,"110.097300"
783.494,sender,afd52c65-5ce1-4c35-a594-c7ab9f56a53f,EMIT,DATA,395,1060,""
783.497,sender,afd52c65-5ce1-4c35-a594-c7ab9f56a53f,SEND,DATA,432,1060,""
783.502,sender,afd52c65-5ce1-4c35-a594-c7ab9f56a53f,SEND,DATA,433,1060,""
783.504,sender,afd52c65-5ce1-4c35-a594-c7ab9f56a53f,EMIT,DATA,398,1060,""
783.507,sender,afd52c65-5ce1-4c35-a594-c7ab9f56a53f,SEND,DATA,434,1060,""
783.511,sender,afd52c65-5ce1-4c35-a594-c7ab9f56a53f,SEND,DATA,435,1060,""
783.513,sender,afd52c65-5ce1-4c35-a594-c7ab9f56a53f,EMIT,DATA,389,1060,""
783.516,sender,afd52c65-5ce1-4c35-a594-c7ab9f56a53f,SEND,DATA,436,1060,""
783.519,sender,afd52c65-5ce1-4c35-a594-c7ab9f56a53f,SEND,DATA,437,1060,""
783.522,sender,afd52c65-5ce1-4c35-a594-c7ab9f56a53f,EMIT,DATA,400,1060,""
783.524,sender,afd52c65-5ce1-4c35-a594-c7ab9f56a53f,SEND,DATA,438,1060,""
783.528,sender,afd52c65-5ce1-4c35-a594-c7ab9f56a53f,SEND,DATA,439,1060,""
783.532,sender,afd52c65-5ce1-4c35-a594-c7ab9f56a53f,EMIT,DATA,401,1060,""
783.545,sender,afd52c65-5ce1-4c35-a594-c7ab9f56a53f,SEND,DATA,440,1060,""
783.548,sender,afd52c65-5ce1-4c35-a594-c7ab9f56a53f,SEND,DATA,441,1060,""
783.551,sender,afd52c65-5ce1-4c35-a594-c7ab9f56a53f,EMIT,DATA,404,1060,""
783.554,sender,afd52c65-5ce1-4c35-a594-c7ab9f56a53f,SEND,DATA,442,1060,""
783.558,sender,afd52c65-5ce1-4c35-a594-c7ab9f56a53f,SEND,DATA,443,1060,""
783.561,sender,afd52c65-5ce1-4c35-a594-c7ab9f56a53f,EMIT,DATA,391,1060,""
783.564,sender,afd52c65-5ce1-4c35-a594-c7ab9f56a53f,SEND,DATA,444,1060,""
783.568,sender,afd52c65-5ce1-4c35-a594-c7ab9f56a53f,SEND,DATA,445,1060,""
783.571,sender,afd52c65-5ce1-4c35-a594-c7ab9f56a53f,SEND,DATA,446,1060,""
783.583,sender,afd52c65-5ce1-4c35-a594-c7ab9f56a53f,RECEIVE,ACK,383,36,""
783.586,sender,afd52c65-5ce1-4c35-a594-c7ab9f56a53f,ACKNOWLEDGED,ACK,383,0,""
783.593,sender,afd52c65-5ce1-4c35-a594-c7ab9f56a53f,CONFIRM_DATA,ACK,383,1024,"unique file bytes acknowledged"
783.596,sender,afd52c65-5ce1-4c35-a594-c7ab9f56a53f,RTT_SAMPLE,ACK,383,0,"110.139800"
783.601,sender,afd52c65-5ce1-4c35-a594-c7ab9f56a53f,SEND,DATA,447,1060,""
783.604,sender,afd52c65-5ce1-4c35-a594-c7ab9f56a53f,SEND,DATA,448,1060,""
783.607,sender,afd52c65-5ce1-4c35-a594-c7ab9f56a53f,SEND,DATA,449,1060,""
783.610,sender,afd52c65-5ce1-4c35-a594-c7ab9f56a53f,SEND,DATA,450,1060,""
783.613,sender,afd52c65-5ce1-4c35-a594-c7ab9f56a53f,SEND,DATA,451,1060,""
783.619,sender,afd52c65-5ce1-4c35-a594-c7ab9f56a53f,RECEIVE,ACK,388,36,""
783.622,sender,afd52c65-5ce1-4c35-a594-c7ab9f56a53f,ACKNOWLEDGED,ACK,388,0,""
783.624,sender,afd52c65-5ce1-4c35-a594-c7ab9f56a53f,CONFIRM_DATA,ACK,388,1024,"unique file bytes acknowledged"
783.627,sender,afd52c65-5ce1-4c35-a594-c7ab9f56a53f,RTT_SAMPLE,ACK,388,0,"94.006400"
783.631,sender,afd52c65-5ce1-4c35-a594-c7ab9f56a53f,SEND,DATA,452,1060,""
799.168,sender,afd52c65-5ce1-4c35-a594-c7ab9f56a53f,EMIT,DATA,402,1060,""
799.239,sender,afd52c65-5ce1-4c35-a594-c7ab9f56a53f,EMIT,DATA,403,1060,""
799.252,sender,afd52c65-5ce1-4c35-a594-c7ab9f56a53f,EMIT,DATA,430,1060,""
799.261,sender,afd52c65-5ce1-4c35-a594-c7ab9f56a53f,EMIT,DATA,405,1060,""
799.274,sender,afd52c65-5ce1-4c35-a594-c7ab9f56a53f,EMIT,DATA,412,1060,""
799.282,sender,afd52c65-5ce1-4c35-a594-c7ab9f56a53f,EMIT,DATA,417,1060,""
799.289,sender,afd52c65-5ce1-4c35-a594-c7ab9f56a53f,EMIT,DATA,414,1060,""
799.297,sender,afd52c65-5ce1-4c35-a594-c7ab9f56a53f,EMIT,DATA,418,1060,""
799.390,sender,afd52c65-5ce1-4c35-a594-c7ab9f56a53f,RECEIVE,ACK,392,36,""
799.414,sender,afd52c65-5ce1-4c35-a594-c7ab9f56a53f,ACKNOWLEDGED,ACK,392,0,""
799.424,sender,afd52c65-5ce1-4c35-a594-c7ab9f56a53f,CONFIRM_DATA,ACK,392,1024,"unique file bytes acknowledged"
799.438,sender,afd52c65-5ce1-4c35-a594-c7ab9f56a53f,RTT_SAMPLE,ACK,392,0,"62.853700"
815.090,sender,afd52c65-5ce1-4c35-a594-c7ab9f56a53f,EMIT,DATA,423,1060,""
815.132,sender,afd52c65-5ce1-4c35-a594-c7ab9f56a53f,EMIT,DATA,421,1060,""
815.148,sender,afd52c65-5ce1-4c35-a594-c7ab9f56a53f,EMIT,DATA,419,1060,""
815.163,sender,afd52c65-5ce1-4c35-a594-c7ab9f56a53f,EMIT,DATA,407,1060,""
815.179,sender,afd52c65-5ce1-4c35-a594-c7ab9f56a53f,EMIT,DATA,426,1060,""
815.202,sender,afd52c65-5ce1-4c35-a594-c7ab9f56a53f,EMIT,DATA,408,1060,""
815.235,sender,afd52c65-5ce1-4c35-a594-c7ab9f56a53f,EMIT,DATA,433,1060,""
815.249,sender,afd52c65-5ce1-4c35-a594-c7ab9f56a53f,EMIT,DATA,448,1060,""
815.263,sender,afd52c65-5ce1-4c35-a594-c7ab9f56a53f,EMIT,DATA,406,1060,""
815.277,sender,afd52c65-5ce1-4c35-a594-c7ab9f56a53f,EMIT,DATA,411,1060,""
815.282,sender,afd52c65-5ce1-4c35-a594-c7ab9f56a53f,RECEIVE,ACK,399,36,""
815.291,sender,afd52c65-5ce1-4c35-a594-c7ab9f56a53f,EMIT,DATA,432,1060,""
815.296,sender,afd52c65-5ce1-4c35-a594-c7ab9f56a53f,ACKNOWLEDGED,ACK,399,0,""
815.299,sender,afd52c65-5ce1-4c35-a594-c7ab9f56a53f,CONFIRM_DATA,ACK,399,1024,"unique file bytes acknowledged"
815.304,sender,afd52c65-5ce1-4c35-a594-c7ab9f56a53f,RTT_SAMPLE,ACK,399,0,"78.671000"
815.307,sender,afd52c65-5ce1-4c35-a594-c7ab9f56a53f,EMIT,DATA,452,1060,""
815.333,sender,afd52c65-5ce1-4c35-a594-c7ab9f56a53f,EMIT,DATA,425,1060,""
815.347,sender,afd52c65-5ce1-4c35-a594-c7ab9f56a53f,EMIT,DATA,415,1060,""
815.360,sender,afd52c65-5ce1-4c35-a594-c7ab9f56a53f,EMIT,DATA,449,1060,""
815.375,sender,afd52c65-5ce1-4c35-a594-c7ab9f56a53f,EMIT,DATA,420,1060,""
815.390,sender,afd52c65-5ce1-4c35-a594-c7ab9f56a53f,EMIT,DATA,447,1060,""
815.406,sender,afd52c65-5ce1-4c35-a594-c7ab9f56a53f,EMIT,DATA,424,1060,""
815.420,sender,afd52c65-5ce1-4c35-a594-c7ab9f56a53f,EMIT,DATA,427,1060,""
815.434,sender,afd52c65-5ce1-4c35-a594-c7ab9f56a53f,EMIT,DATA,409,1060,""
815.447,sender,afd52c65-5ce1-4c35-a594-c7ab9f56a53f,EMIT,DATA,416,1060,""
815.489,sender,afd52c65-5ce1-4c35-a594-c7ab9f56a53f,EMIT,DATA,428,1060,""
815.494,sender,afd52c65-5ce1-4c35-a594-c7ab9f56a53f,RECEIVE,ACK,395,36,""
815.507,sender,afd52c65-5ce1-4c35-a594-c7ab9f56a53f,ACKNOWLEDGED,ACK,395,0,""
815.510,sender,afd52c65-5ce1-4c35-a594-c7ab9f56a53f,CONFIRM_DATA,ACK,395,1024,"unique file bytes acknowledged"
815.513,sender,afd52c65-5ce1-4c35-a594-c7ab9f56a53f,EMIT,DATA,429,1060,""
815.519,sender,afd52c65-5ce1-4c35-a594-c7ab9f56a53f,RTT_SAMPLE,ACK,395,0,"78.894600"
815.755,sender,afd52c65-5ce1-4c35-a594-c7ab9f56a53f,RECEIVE,ACK,396,36,""
815.771,sender,afd52c65-5ce1-4c35-a594-c7ab9f56a53f,ACKNOWLEDGED,ACK,396,0,""
815.777,sender,afd52c65-5ce1-4c35-a594-c7ab9f56a53f,CONFIRM_DATA,ACK,396,1024,"unique file bytes acknowledged"
815.785,sender,afd52c65-5ce1-4c35-a594-c7ab9f56a53f,RTT_SAMPLE,ACK,396,0,"79.160900"
815.805,sender,afd52c65-5ce1-4c35-a594-c7ab9f56a53f,RECEIVE,ACK,398,36,""
815.810,sender,afd52c65-5ce1-4c35-a594-c7ab9f56a53f,ACKNOWLEDGED,ACK,398,0,""
815.815,sender,afd52c65-5ce1-4c35-a594-c7ab9f56a53f,CONFIRM_DATA,ACK,398,1024,"unique file bytes acknowledged"
815.861,sender,afd52c65-5ce1-4c35-a594-c7ab9f56a53f,RTT_SAMPLE,ACK,398,0,"79.230900"
815.873,sender,afd52c65-5ce1-4c35-a594-c7ab9f56a53f,RECEIVE,ACK,404,36,""
815.878,sender,afd52c65-5ce1-4c35-a594-c7ab9f56a53f,ACKNOWLEDGED,ACK,404,0,""
815.882,sender,afd52c65-5ce1-4c35-a594-c7ab9f56a53f,CONFIRM_DATA,ACK,404,1024,"unique file bytes acknowledged"
815.888,sender,afd52c65-5ce1-4c35-a594-c7ab9f56a53f,RTT_SAMPLE,ACK,404,0,"63.985300"
815.898,sender,afd52c65-5ce1-4c35-a594-c7ab9f56a53f,RECEIVE,ACK,394,36,""
815.902,sender,afd52c65-5ce1-4c35-a594-c7ab9f56a53f,ACKNOWLEDGED,ACK,394,0,""
815.907,sender,afd52c65-5ce1-4c35-a594-c7ab9f56a53f,CONFIRM_DATA,ACK,394,1024,"unique file bytes acknowledged"
815.913,sender,afd52c65-5ce1-4c35-a594-c7ab9f56a53f,RTT_SAMPLE,ACK,394,0,"79.296200"
815.923,sender,afd52c65-5ce1-4c35-a594-c7ab9f56a53f,RECEIVE,ACK,393,36,""
815.927,sender,afd52c65-5ce1-4c35-a594-c7ab9f56a53f,ACKNOWLEDGED,ACK,393,0,""
815.932,sender,afd52c65-5ce1-4c35-a594-c7ab9f56a53f,CONFIRM_DATA,ACK,393,1024,"unique file bytes acknowledged"
815.937,sender,afd52c65-5ce1-4c35-a594-c7ab9f56a53f,RTT_SAMPLE,ACK,393,0,"79.353600"
831.252,sender,afd52c65-5ce1-4c35-a594-c7ab9f56a53f,EMIT,DATA,410,1060,""
831.294,sender,afd52c65-5ce1-4c35-a594-c7ab9f56a53f,EMIT,DATA,413,1060,""
831.304,sender,afd52c65-5ce1-4c35-a594-c7ab9f56a53f,EMIT,DATA,438,1060,""
831.313,sender,afd52c65-5ce1-4c35-a594-c7ab9f56a53f,EMIT,DATA,422,1060,""
831.323,sender,afd52c65-5ce1-4c35-a594-c7ab9f56a53f,EMIT,DATA,444,1060,""
831.331,sender,afd52c65-5ce1-4c35-a594-c7ab9f56a53f,RECEIVE,ACK,390,36,""
831.345,sender,afd52c65-5ce1-4c35-a594-c7ab9f56a53f,EMIT,DATA,431,1060,""
831.353,sender,afd52c65-5ce1-4c35-a594-c7ab9f56a53f,ACKNOWLEDGED,ACK,390,0,""
831.359,sender,afd52c65-5ce1-4c35-a594-c7ab9f56a53f,CONFIRM_DATA,ACK,390,1024,"unique file bytes acknowledged"
831.364,sender,afd52c65-5ce1-4c35-a594-c7ab9f56a53f,EMIT,DATA,435,1060,""
831.370,sender,afd52c65-5ce1-4c35-a594-c7ab9f56a53f,RTT_SAMPLE,ACK,390,0,"94.803100"
831.375,sender,afd52c65-5ce1-4c35-a594-c7ab9f56a53f,EMIT,DATA,436,1060,""
831.384,sender,afd52c65-5ce1-4c35-a594-c7ab9f56a53f,EMIT,DATA,439,1060,""
831.391,sender,afd52c65-5ce1-4c35-a594-c7ab9f56a53f,RECEIVE,ACK,397,36,""
831.396,sender,afd52c65-5ce1-4c35-a594-c7ab9f56a53f,EMIT,DATA,437,1060,""
831.399,sender,afd52c65-5ce1-4c35-a594-c7ab9f56a53f,ACKNOWLEDGED,ACK,397,0,""
831.404,sender,afd52c65-5ce1-4c35-a594-c7ab9f56a53f,CONFIRM_DATA,ACK,397,1024,"unique file bytes acknowledged"
831.408,sender,afd52c65-5ce1-4c35-a594-c7ab9f56a53f,EMIT,DATA,440,1060,""
831.413,sender,afd52c65-5ce1-4c35-a594-c7ab9f56a53f,RTT_SAMPLE,ACK,397,0,"94.783300"
831.417,sender,afd52c65-5ce1-4c35-a594-c7ab9f56a53f,EMIT,DATA,451,1060,""
831.438,sender,afd52c65-5ce1-4c35-a594-c7ab9f56a53f,EMIT,DATA,446,1060,""
831.442,sender,afd52c65-5ce1-4c35-a594-c7ab9f56a53f,RECEIVE,ACK,418,36,""
831.447,sender,afd52c65-5ce1-4c35-a594-c7ab9f56a53f,ACKNOWLEDGED,ACK,418,0,""
831.451,sender,afd52c65-5ce1-4c35-a594-c7ab9f56a53f,CONFIRM_DATA,ACK,418,1024,"unique file bytes acknowledged"
831.456,sender,afd52c65-5ce1-4c35-a594-c7ab9f56a53f,RTT_SAMPLE,ACK,418,0,"63.061400"
831.461,sender,afd52c65-5ce1-4c35-a594-c7ab9f56a53f,EMIT,DATA,441,1060,""
831.468,sender,afd52c65-5ce1-4c35-a594-c7ab9f56a53f,RECEIVE,ACK,389,36,""
831.473,sender,afd52c65-5ce1-4c35-a594-c7ab9f56a53f,EMIT,DATA,445,1060,""
831.477,sender,afd52c65-5ce1-4c35-a594-c7ab9f56a53f,ACKNOWLEDGED,ACK,389,0,""
831.481,sender,afd52c65-5ce1-4c35-a594-c7ab9f56a53f,CONFIRM_DATA,ACK,389,1024,"unique file bytes acknowledged"
831.485,sender,afd52c65-5ce1-4c35-a594-c7ab9f56a53f,EMIT,DATA,443,1060,""
831.489,sender,afd52c65-5ce1-4c35-a594-c7ab9f56a53f,RTT_SAMPLE,ACK,389,0,"109.859900"
831.494,sender,afd52c65-5ce1-4c35-a594-c7ab9f56a53f,EMIT,DATA,434,1060,""
831.497,sender,afd52c65-5ce1-4c35-a594-c7ab9f56a53f,SEND,DATA,453,1060,""
831.505,sender,afd52c65-5ce1-4c35-a594-c7ab9f56a53f,SEND,DATA,454,1060,""
831.516,sender,afd52c65-5ce1-4c35-a594-c7ab9f56a53f,RECEIVE,ACK,400,36,""
831.521,sender,afd52c65-5ce1-4c35-a594-c7ab9f56a53f,ACKNOWLEDGED,ACK,400,0,""
831.525,sender,afd52c65-5ce1-4c35-a594-c7ab9f56a53f,CONFIRM_DATA,ACK,400,1024,"unique file bytes acknowledged"
831.530,sender,afd52c65-5ce1-4c35-a594-c7ab9f56a53f,RTT_SAMPLE,ACK,400,0,"94.894400"
831.540,sender,afd52c65-5ce1-4c35-a594-c7ab9f56a53f,RECEIVE,ACK,391,36,""
831.545,sender,afd52c65-5ce1-4c35-a594-c7ab9f56a53f,ACKNOWLEDGED,ACK,391,0,""
831.549,sender,afd52c65-5ce1-4c35-a594-c7ab9f56a53f,CONFIRM_DATA,ACK,391,1024,"unique file bytes acknowledged"
831.554,sender,afd52c65-5ce1-4c35-a594-c7ab9f56a53f,RTT_SAMPLE,ACK,391,0,"94.977900"
831.559,sender,afd52c65-5ce1-4c35-a594-c7ab9f56a53f,SEND,DATA,455,1060,""
831.565,sender,afd52c65-5ce1-4c35-a594-c7ab9f56a53f,SEND,DATA,456,1060,""
831.569,sender,afd52c65-5ce1-4c35-a594-c7ab9f56a53f,SEND,DATA,457,1060,""
831.574,sender,afd52c65-5ce1-4c35-a594-c7ab9f56a53f,SEND,DATA,458,1060,""
831.579,sender,afd52c65-5ce1-4c35-a594-c7ab9f56a53f,SEND,DATA,459,1060,""
831.584,sender,afd52c65-5ce1-4c35-a594-c7ab9f56a53f,SEND,DATA,460,1060,""
831.589,sender,afd52c65-5ce1-4c35-a594-c7ab9f56a53f,SEND,DATA,461,1060,""
831.594,sender,afd52c65-5ce1-4c35-a594-c7ab9f56a53f,SEND,DATA,462,1060,""
831.682,sender,afd52c65-5ce1-4c35-a594-c7ab9f56a53f,SEND,DATA,463,1060,""
831.690,sender,afd52c65-5ce1-4c35-a594-c7ab9f56a53f,SEND,DATA,464,1060,""
831.709,sender,afd52c65-5ce1-4c35-a594-c7ab9f56a53f,RECEIVE,ACK,401,36,""
831.713,sender,afd52c65-5ce1-4c35-a594-c7ab9f56a53f,ACKNOWLEDGED,ACK,401,0,""
831.716,sender,afd52c65-5ce1-4c35-a594-c7ab9f56a53f,CONFIRM_DATA,ACK,401,1024,"unique file bytes acknowledged"
831.722,sender,afd52c65-5ce1-4c35-a594-c7ab9f56a53f,RTT_SAMPLE,ACK,401,0,"95.077200"
831.728,sender,afd52c65-5ce1-4c35-a594-c7ab9f56a53f,SEND,DATA,465,1060,""
846.968,sender,afd52c65-5ce1-4c35-a594-c7ab9f56a53f,EMIT,DATA,450,1060,""
846.995,sender,afd52c65-5ce1-4c35-a594-c7ab9f56a53f,EMIT,DATA,442,1060,""
847.018,sender,afd52c65-5ce1-4c35-a594-c7ab9f56a53f,RECEIVE,ACK,402,36,""
847.032,sender,afd52c65-5ce1-4c35-a594-c7ab9f56a53f,ACKNOWLEDGED,ACK,402,0,""
847.035,sender,afd52c65-5ce1-4c35-a594-c7ab9f56a53f,CONFIRM_DATA,ACK,402,1024,"unique file bytes acknowledged"
847.041,sender,afd52c65-5ce1-4c35-a594-c7ab9f56a53f,RTT_SAMPLE,ACK,402,0,"95.151600"
847.047,sender,afd52c65-5ce1-4c35-a594-c7ab9f56a53f,SEND,DATA,466,1060,""
847.078,sender,afd52c65-5ce1-4c35-a594-c7ab9f56a53f,RECEIVE,ACK,430,36,""
847.083,sender,afd52c65-5ce1-4c35-a594-c7ab9f56a53f,ACKNOWLEDGED,ACK,430,0,""
847.086,sender,afd52c65-5ce1-4c35-a594-c7ab9f56a53f,CONFIRM_DATA,ACK,430,1024,"unique file bytes acknowledged"
847.098,sender,afd52c65-5ce1-4c35-a594-c7ab9f56a53f,RTT_SAMPLE,ACK,430,0,"78.289500"
847.107,sender,afd52c65-5ce1-4c35-a594-c7ab9f56a53f,RECEIVE,ACK,417,36,""
847.119,sender,afd52c65-5ce1-4c35-a594-c7ab9f56a53f,ACKNOWLEDGED,ACK,417,0,""
847.122,sender,afd52c65-5ce1-4c35-a594-c7ab9f56a53f,CONFIRM_DATA,ACK,417,1024,"unique file bytes acknowledged"
847.125,sender,afd52c65-5ce1-4c35-a594-c7ab9f56a53f,RTT_SAMPLE,ACK,417,0,"78.734800"
847.132,sender,afd52c65-5ce1-4c35-a594-c7ab9f56a53f,RECEIVE,ACK,412,36,""
847.135,sender,afd52c65-5ce1-4c35-a594-c7ab9f56a53f,ACKNOWLEDGED,ACK,412,0,""
847.137,sender,afd52c65-5ce1-4c35-a594-c7ab9f56a53f,CONFIRM_DATA,ACK,412,1024,"unique file bytes acknowledged"
847.141,sender,afd52c65-5ce1-4c35-a594-c7ab9f56a53f,RTT_SAMPLE,ACK,412,0,"78.833200"
847.158,sender,afd52c65-5ce1-4c35-a594-c7ab9f56a53f,RECEIVE,ACK,408,36,""
847.166,sender,afd52c65-5ce1-4c35-a594-c7ab9f56a53f,ACKNOWLEDGED,ACK,408,0,""
847.175,sender,afd52c65-5ce1-4c35-a594-c7ab9f56a53f,CONFIRM_DATA,ACK,408,1024,"unique file bytes acknowledged"
847.179,sender,afd52c65-5ce1-4c35-a594-c7ab9f56a53f,RTT_SAMPLE,ACK,408,0,"78.910800"
847.185,sender,afd52c65-5ce1-4c35-a594-c7ab9f56a53f,RECEIVE,ACK,406,36,""
847.188,sender,afd52c65-5ce1-4c35-a594-c7ab9f56a53f,ACKNOWLEDGED,ACK,406,0,""
847.191,sender,afd52c65-5ce1-4c35-a594-c7ab9f56a53f,CONFIRM_DATA,ACK,406,1024,"unique file bytes acknowledged"
847.236,sender,afd52c65-5ce1-4c35-a594-c7ab9f56a53f,RTT_SAMPLE,ACK,406,0,"78.981200"
847.243,sender,afd52c65-5ce1-4c35-a594-c7ab9f56a53f,RECEIVE,ACK,432,36,""
847.245,sender,afd52c65-5ce1-4c35-a594-c7ab9f56a53f,ACKNOWLEDGED,ACK,432,0,""
847.261,sender,afd52c65-5ce1-4c35-a594-c7ab9f56a53f,CONFIRM_DATA,ACK,432,1024,"unique file bytes acknowledged"
847.264,sender,afd52c65-5ce1-4c35-a594-c7ab9f56a53f,RTT_SAMPLE,ACK,432,0,"63.767600"
863.064,sender,afd52c65-5ce1-4c35-a594-c7ab9f56a53f,EMIT,DATA,455,1060,""
863.085,sender,afd52c65-5ce1-4c35-a594-c7ab9f56a53f,EMIT,DATA,458,1060,""
863.095,sender,afd52c65-5ce1-4c35-a594-c7ab9f56a53f,EMIT,DATA,461,1060,""
863.108,sender,afd52c65-5ce1-4c35-a594-c7ab9f56a53f,EMIT,DATA,456,1060,""
863.118,sender,afd52c65-5ce1-4c35-a594-c7ab9f56a53f,EMIT,DATA,464,1060,""
863.167,sender,afd52c65-5ce1-4c35-a594-c7ab9f56a53f,RECEIVE,ACK,405,36,""
863.194,sender,afd52c65-5ce1-4c35-a594-c7ab9f56a53f,ACKNOWLEDGED,ACK,405,0,""
863.205,sender,afd52c65-5ce1-4c35-a594-c7ab9f56a53f,CONFIRM_DATA,ACK,405,1024,"unique file bytes acknowledged"
863.219,sender,afd52c65-5ce1-4c35-a594-c7ab9f56a53f,RTT_SAMPLE,ACK,405,0,"111.309900"
863.257,sender,afd52c65-5ce1-4c35-a594-c7ab9f56a53f,RECEIVE,ACK,414,36,""
863.267,sender,afd52c65-5ce1-4c35-a594-c7ab9f56a53f,ACKNOWLEDGED,ACK,414,0,""
863.274,sender,afd52c65-5ce1-4c35-a594-c7ab9f56a53f,CONFIRM_DATA,ACK,414,1024,"unique file bytes acknowledged"
863.283,sender,afd52c65-5ce1-4c35-a594-c7ab9f56a53f,RTT_SAMPLE,ACK,414,0,"94.958000"
863.303,sender,afd52c65-5ce1-4c35-a594-c7ab9f56a53f,RECEIVE,ACK,447,36,""
863.312,sender,afd52c65-5ce1-4c35-a594-c7ab9f56a53f,ACKNOWLEDGED,ACK,447,0,""
863.319,sender,afd52c65-5ce1-4c35-a594-c7ab9f56a53f,CONFIRM_DATA,ACK,447,1024,"unique file bytes acknowledged"
863.338,sender,afd52c65-5ce1-4c35-a594-c7ab9f56a53f,RTT_SAMPLE,ACK,447,0,"79.735600"
863.356,sender,afd52c65-5ce1-4c35-a594-c7ab9f56a53f,RECEIVE,ACK,424,36,""
863.365,sender,afd52c65-5ce1-4c35-a594-c7ab9f56a53f,ACKNOWLEDGED,ACK,424,0,""
863.371,sender,afd52c65-5ce1-4c35-a594-c7ab9f56a53f,CONFIRM_DATA,ACK,424,1024,"unique file bytes acknowledged"
863.380,sender,afd52c65-5ce1-4c35-a594-c7ab9f56a53f,RTT_SAMPLE,ACK,424,0,"94.628500"
863.398,sender,afd52c65-5ce1-4c35-a594-c7ab9f56a53f,RECEIVE,ACK,419,36,""
863.406,sender,afd52c65-5ce1-4c35-a594-c7ab9f56a53f,ACKNOWLEDGED,ACK,419,0,""
863.413,sender,afd52c65-5ce1-4c35-a594-c7ab9f56a53f,CONFIRM_DATA,ACK,419,1024,"unique file bytes acknowledged"
863.422,sender,afd52c65-5ce1-4c35-a594-c7ab9f56a53f,RTT_SAMPLE,ACK,419,0,"95.021800"
863.440,sender,afd52c65-5ce1-4c35-a594-c7ab9f56a53f,RECEIVE,ACK,426,36,""
863.448,sender,afd52c65-5ce1-4c35-a594-c7ab9f56a53f,ACKNOWLEDGED,ACK,426,0,""
863.455,sender,afd52c65-5ce1-4c35-a594-c7ab9f56a53f,CONFIRM_DATA,ACK,426,1024,"unique file bytes acknowledged"
863.464,sender,afd52c65-5ce1-4c35-a594-c7ab9f56a53f,RTT_SAMPLE,ACK,426,0,"94.704300"
863.482,sender,afd52c65-5ce1-4c35-a594-c7ab9f56a53f,RECEIVE,ACK,403,36,""
863.490,sender,afd52c65-5ce1-4c35-a594-c7ab9f56a53f,ACKNOWLEDGED,ACK,403,0,""
863.612,sender,afd52c65-5ce1-4c35-a594-c7ab9f56a53f,CONFIRM_DATA,ACK,403,1024,"unique file bytes acknowledged"
863.622,sender,afd52c65-5ce1-4c35-a594-c7ab9f56a53f,RTT_SAMPLE,ACK,403,0,"111.722500"
863.629,sender,afd52c65-5ce1-4c35-a594-c7ab9f56a53f,SEND,DATA,467,1060,""
863.633,sender,afd52c65-5ce1-4c35-a594-c7ab9f56a53f,SEND,DATA,468,1060,""
863.636,sender,afd52c65-5ce1-4c35-a594-c7ab9f56a53f,SEND,DATA,469,1060,""
863.639,sender,afd52c65-5ce1-4c35-a594-c7ab9f56a53f,SEND,DATA,470,1060,""
863.655,sender,afd52c65-5ce1-4c35-a594-c7ab9f56a53f,RECEIVE,ACK,407,36,""
863.658,sender,afd52c65-5ce1-4c35-a594-c7ab9f56a53f,ACKNOWLEDGED,ACK,407,0,""
863.660,sender,afd52c65-5ce1-4c35-a594-c7ab9f56a53f,CONFIRM_DATA,ACK,407,1024,"unique file bytes acknowledged"
863.663,sender,afd52c65-5ce1-4c35-a594-c7ab9f56a53f,RTT_SAMPLE,ACK,407,0,"95.401400"
863.666,sender,afd52c65-5ce1-4c35-a594-c7ab9f56a53f,SEND,DATA,471,1060,""
863.669,sender,afd52c65-5ce1-4c35-a594-c7ab9f56a53f,SEND,DATA,472,1060,""
863.674,sender,afd52c65-5ce1-4c35-a594-c7ab9f56a53f,RECEIVE,ACK,411,36,""
863.676,sender,afd52c65-5ce1-4c35-a594-c7ab9f56a53f,ACKNOWLEDGED,ACK,411,0,""
863.678,sender,afd52c65-5ce1-4c35-a594-c7ab9f56a53f,CONFIRM_DATA,ACK,411,1024,"unique file bytes acknowledged"
863.681,sender,afd52c65-5ce1-4c35-a594-c7ab9f56a53f,RTT_SAMPLE,ACK,411,0,"95.382300"
863.686,sender,afd52c65-5ce1-4c35-a594-c7ab9f56a53f,RECEIVE,ACK,409,36,""
863.689,sender,afd52c65-5ce1-4c35-a594-c7ab9f56a53f,ACKNOWLEDGED,ACK,409,0,""
863.691,sender,afd52c65-5ce1-4c35-a594-c7ab9f56a53f,CONFIRM_DATA,ACK,409,1024,"unique file bytes acknowledged"
863.693,sender,afd52c65-5ce1-4c35-a594-c7ab9f56a53f,RTT_SAMPLE,ACK,409,0,"95.410800"
863.696,sender,afd52c65-5ce1-4c35-a594-c7ab9f56a53f,SEND,DATA,473,1060,""
863.701,sender,afd52c65-5ce1-4c35-a594-c7ab9f56a53f,RECEIVE,ACK,433,36,""
863.703,sender,afd52c65-5ce1-4c35-a594-c7ab9f56a53f,ACKNOWLEDGED,ACK,433,0,""
863.705,sender,afd52c65-5ce1-4c35-a594-c7ab9f56a53f,CONFIRM_DATA,ACK,433,1024,"unique file bytes acknowledged"
863.708,sender,afd52c65-5ce1-4c35-a594-c7ab9f56a53f,RTT_SAMPLE,ACK,433,0,"80.205900"
863.713,sender,afd52c65-5ce1-4c35-a594-c7ab9f56a53f,RECEIVE,ACK,428,36,""
863.715,sender,afd52c65-5ce1-4c35-a594-c7ab9f56a53f,ACKNOWLEDGED,ACK,428,0,""
863.717,sender,afd52c65-5ce1-4c35-a594-c7ab9f56a53f,CONFIRM_DATA,ACK,428,1024,"unique file bytes acknowledged"
863.720,sender,afd52c65-5ce1-4c35-a594-c7ab9f56a53f,RTT_SAMPLE,ACK,428,0,"94.953600"
863.725,sender,afd52c65-5ce1-4c35-a594-c7ab9f56a53f,RECEIVE,ACK,435,36,""
863.727,sender,afd52c65-5ce1-4c35-a594-c7ab9f56a53f,ACKNOWLEDGED,ACK,435,0,""
863.729,sender,afd52c65-5ce1-4c35-a594-c7ab9f56a53f,CONFIRM_DATA,ACK,435,1024,"unique file bytes acknowledged"
863.732,sender,afd52c65-5ce1-4c35-a594-c7ab9f56a53f,RTT_SAMPLE,ACK,435,0,"80.220900"
863.737,sender,afd52c65-5ce1-4c35-a594-c7ab9f56a53f,RECEIVE,ACK,427,36,""
863.739,sender,afd52c65-5ce1-4c35-a594-c7ab9f56a53f,ACKNOWLEDGED,ACK,427,0,""
863.741,sender,afd52c65-5ce1-4c35-a594-c7ab9f56a53f,CONFIRM_DATA,ACK,427,1024,"unique file bytes acknowledged"
863.744,sender,afd52c65-5ce1-4c35-a594-c7ab9f56a53f,RTT_SAMPLE,ACK,427,0,"94.981800"
863.749,sender,afd52c65-5ce1-4c35-a594-c7ab9f56a53f,RECEIVE,ACK,452,36,""
863.751,sender,afd52c65-5ce1-4c35-a594-c7ab9f56a53f,ACKNOWLEDGED,ACK,452,0,""
863.753,sender,afd52c65-5ce1-4c35-a594-c7ab9f56a53f,CONFIRM_DATA,ACK,452,1024,"unique file bytes acknowledged"
863.756,sender,afd52c65-5ce1-4c35-a594-c7ab9f56a53f,RTT_SAMPLE,ACK,452,0,"80.124700"
863.762,sender,afd52c65-5ce1-4c35-a594-c7ab9f56a53f,RECEIVE,ACK,415,36,""
863.764,sender,afd52c65-5ce1-4c35-a594-c7ab9f56a53f,ACKNOWLEDGED,ACK,415,0,""
863.767,sender,afd52c65-5ce1-4c35-a594-c7ab9f56a53f,CONFIRM_DATA,ACK,415,1024,"unique file bytes acknowledged"
863.769,sender,afd52c65-5ce1-4c35-a594-c7ab9f56a53f,RTT_SAMPLE,ACK,415,0,"95.388400"
863.774,sender,afd52c65-5ce1-4c35-a594-c7ab9f56a53f,RECEIVE,ACK,449,36,""
863.776,sender,afd52c65-5ce1-4c35-a594-c7ab9f56a53f,ACKNOWLEDGED,ACK,449,0,""
863.778,sender,afd52c65-5ce1-4c35-a594-c7ab9f56a53f,CONFIRM_DATA,ACK,449,1024,"unique file bytes acknowledged"
863.781,sender,afd52c65-5ce1-4c35-a594-c7ab9f56a53f,RTT_SAMPLE,ACK,449,0,"80.173900"
863.792,sender,afd52c65-5ce1-4c35-a594-c7ab9f56a53f,RECEIVE,ACK,446,36,""
863.795,sender,afd52c65-5ce1-4c35-a594-c7ab9f56a53f,ACKNOWLEDGED,ACK,446,0,""
863.797,sender,afd52c65-5ce1-4c35-a594-c7ab9f56a53f,CONFIRM_DATA,ACK,446,1024,"unique file bytes acknowledged"
863.800,sender,afd52c65-5ce1-4c35-a594-c7ab9f56a53f,RTT_SAMPLE,ACK,446,0,"80.228600"
863.806,sender,afd52c65-5ce1-4c35-a594-c7ab9f56a53f,RECEIVE,ACK,422,36,""
863.808,sender,afd52c65-5ce1-4c35-a594-c7ab9f56a53f,ACKNOWLEDGED,ACK,422,0,""
863.810,sender,afd52c65-5ce1-4c35-a594-c7ab9f56a53f,CONFIRM_DATA,ACK,422,1024,"unique file bytes acknowledged"
863.813,sender,afd52c65-5ce1-4c35-a594-c7ab9f56a53f,RTT_SAMPLE,ACK,422,0,"95.273000"
863.818,sender,afd52c65-5ce1-4c35-a594-c7ab9f56a53f,RECEIVE,ACK,448,36,""
863.820,sender,afd52c65-5ce1-4c35-a594-c7ab9f56a53f,ACKNOWLEDGED,ACK,448,0,""
863.849,sender,afd52c65-5ce1-4c35-a594-c7ab9f56a53f,CONFIRM_DATA,ACK,448,1024,"unique file bytes acknowledged"
863.852,sender,afd52c65-5ce1-4c35-a594-c7ab9f56a53f,RTT_SAMPLE,ACK,448,0,"80.247800"
863.857,sender,afd52c65-5ce1-4c35-a594-c7ab9f56a53f,RECEIVE,ACK,416,36,""
863.859,sender,afd52c65-5ce1-4c35-a594-c7ab9f56a53f,ACKNOWLEDGED,ACK,416,0,""
863.861,sender,afd52c65-5ce1-4c35-a594-c7ab9f56a53f,CONFIRM_DATA,ACK,416,1024,"unique file bytes acknowledged"
863.864,sender,afd52c65-5ce1-4c35-a594-c7ab9f56a53f,RTT_SAMPLE,ACK,416,0,"95.478000"
879.041,sender,afd52c65-5ce1-4c35-a594-c7ab9f56a53f,EMIT,DATA,453,1060,""
879.078,sender,afd52c65-5ce1-4c35-a594-c7ab9f56a53f,EMIT,DATA,463,1060,""
879.089,sender,afd52c65-5ce1-4c35-a594-c7ab9f56a53f,EMIT,DATA,454,1060,""
879.109,sender,afd52c65-5ce1-4c35-a594-c7ab9f56a53f,EMIT,DATA,460,1060,""
879.119,sender,afd52c65-5ce1-4c35-a594-c7ab9f56a53f,EMIT,DATA,465,1060,""
879.131,sender,afd52c65-5ce1-4c35-a594-c7ab9f56a53f,EMIT,DATA,459,1060,""
879.258,sender,afd52c65-5ce1-4c35-a594-c7ab9f56a53f,RECEIVE,ACK,425,36,""
879.270,sender,afd52c65-5ce1-4c35-a594-c7ab9f56a53f,ACKNOWLEDGED,ACK,425,0,""
879.274,sender,afd52c65-5ce1-4c35-a594-c7ab9f56a53f,CONFIRM_DATA,ACK,425,1024,"unique file bytes acknowledged"
879.285,sender,afd52c65-5ce1-4c35-a594-c7ab9f56a53f,RTT_SAMPLE,ACK,425,0,"110.529000"
879.299,sender,afd52c65-5ce1-4c35-a594-c7ab9f56a53f,RECEIVE,ACK,439,36,""
879.303,sender,afd52c65-5ce1-4c35-a594-c7ab9f56a53f,ACKNOWLEDGED,ACK,439,0,""
879.306,sender,afd52c65-5ce1-4c35-a594-c7ab9f56a53f,CONFIRM_DATA,ACK,439,1024,"unique file bytes acknowledged"
879.310,sender,afd52c65-5ce1-4c35-a594-c7ab9f56a53f,RTT_SAMPLE,ACK,439,0,"95.781300"
879.317,sender,afd52c65-5ce1-4c35-a594-c7ab9f56a53f,RECEIVE,ACK,423,36,""
879.320,sender,afd52c65-5ce1-4c35-a594-c7ab9f56a53f,ACKNOWLEDGED,ACK,423,0,""
879.323,sender,afd52c65-5ce1-4c35-a594-c7ab9f56a53f,CONFIRM_DATA,ACK,423,1024,"unique file bytes acknowledged"
879.327,sender,afd52c65-5ce1-4c35-a594-c7ab9f56a53f,RTT_SAMPLE,ACK,423,0,"110.598000"
879.333,sender,afd52c65-5ce1-4c35-a594-c7ab9f56a53f,RECEIVE,ACK,421,36,""
879.337,sender,afd52c65-5ce1-4c35-a594-c7ab9f56a53f,ACKNOWLEDGED,ACK,421,0,""
879.339,sender,afd52c65-5ce1-4c35-a594-c7ab9f56a53f,CONFIRM_DATA,ACK,421,1024,"unique file bytes acknowledged"
879.343,sender,afd52c65-5ce1-4c35-a594-c7ab9f56a53f,RTT_SAMPLE,ACK,421,0,"110.807300"
879.350,sender,afd52c65-5ce1-4c35-a594-c7ab9f56a53f,RECEIVE,ACK,438,36,""
879.353,sender,afd52c65-5ce1-4c35-a594-c7ab9f56a53f,ACKNOWLEDGED,ACK,438,0,""
879.355,sender,afd52c65-5ce1-4c35-a594-c7ab9f56a53f,CONFIRM_DATA,ACK,438,1024,"unique file bytes acknowledged"
879.359,sender,afd52c65-5ce1-4c35-a594-c7ab9f56a53f,RTT_SAMPLE,ACK,438,0,"95.836400"
879.365,sender,afd52c65-5ce1-4c35-a594-c7ab9f56a53f,RECEIVE,ACK,429,36,""
879.368,sender,afd52c65-5ce1-4c35-a594-c7ab9f56a53f,ACKNOWLEDGED,ACK,429,0,""
879.371,sender,afd52c65-5ce1-4c35-a594-c7ab9f56a53f,CONFIRM_DATA,ACK,429,1024,"unique file bytes acknowledged"
879.375,sender,afd52c65-5ce1-4c35-a594-c7ab9f56a53f,RTT_SAMPLE,ACK,429,0,"110.604300"
879.381,sender,afd52c65-5ce1-4c35-a594-c7ab9f56a53f,RECEIVE,ACK,443,36,""
879.384,sender,afd52c65-5ce1-4c35-a594-c7ab9f56a53f,ACKNOWLEDGED,ACK,443,0,""
879.387,sender,afd52c65-5ce1-4c35-a594-c7ab9f56a53f,CONFIRM_DATA,ACK,443,1024,"unique file bytes acknowledged"
879.391,sender,afd52c65-5ce1-4c35-a594-c7ab9f56a53f,RTT_SAMPLE,ACK,443,0,"95.832400"
879.398,sender,afd52c65-5ce1-4c35-a594-c7ab9f56a53f,RECEIVE,ACK,420,36,""
879.401,sender,afd52c65-5ce1-4c35-a594-c7ab9f56a53f,ACKNOWLEDGED,ACK,420,0,""
879.404,sender,afd52c65-5ce1-4c35-a594-c7ab9f56a53f,CONFIRM_DATA,ACK,420,1024,"unique file bytes acknowledged"
879.407,sender,afd52c65-5ce1-4c35-a594-c7ab9f56a53f,RTT_SAMPLE,ACK,420,0,"110.875900"
879.414,sender,afd52c65-5ce1-4c35-a594-c7ab9f56a53f,RECEIVE,ACK,445,36,""
879.416,sender,afd52c65-5ce1-4c35-a594-c7ab9f56a53f,ACKNOWLEDGED,ACK,445,0,""
879.419,sender,afd52c65-5ce1-4c35-a594-c7ab9f56a53f,CONFIRM_DATA,ACK,445,1024,"unique file bytes acknowledged"
879.423,sender,afd52c65-5ce1-4c35-a594-c7ab9f56a53f,RTT_SAMPLE,ACK,445,0,"95.854800"
879.429,sender,afd52c65-5ce1-4c35-a594-c7ab9f56a53f,RECEIVE,ACK,410,36,""
879.432,sender,afd52c65-5ce1-4c35-a594-c7ab9f56a53f,ACKNOWLEDGED,ACK,410,0,""
879.435,sender,afd52c65-5ce1-4c35-a594-c7ab9f56a53f,CONFIRM_DATA,ACK,410,1024,"unique file bytes acknowledged"
879.439,sender,afd52c65-5ce1-4c35-a594-c7ab9f56a53f,RTT_SAMPLE,ACK,410,0,"111.147700"
879.443,sender,afd52c65-5ce1-4c35-a594-c7ab9f56a53f,SEND,DATA,474,1060,""
879.448,sender,afd52c65-5ce1-4c35-a594-c7ab9f56a53f,SEND,DATA,475,1060,""
879.452,sender,afd52c65-5ce1-4c35-a594-c7ab9f56a53f,SEND,DATA,476,1060,""
879.458,sender,afd52c65-5ce1-4c35-a594-c7ab9f56a53f,RECEIVE,ACK,431,36,""
879.461,sender,afd52c65-5ce1-4c35-a594-c7ab9f56a53f,ACKNOWLEDGED,ACK,431,0,""
879.464,sender,afd52c65-5ce1-4c35-a594-c7ab9f56a53f,CONFIRM_DATA,ACK,431,1024,"unique file bytes acknowledged"
879.467,sender,afd52c65-5ce1-4c35-a594-c7ab9f56a53f,RTT_SAMPLE,ACK,431,0,"110.654000"
879.473,sender,afd52c65-5ce1-4c35-a594-c7ab9f56a53f,RECEIVE,ACK,451,36,""
879.476,sender,afd52c65-5ce1-4c35-a594-c7ab9f56a53f,ACKNOWLEDGED,ACK,451,0,""
879.479,sender,afd52c65-5ce1-4c35-a594-c7ab9f56a53f,CONFIRM_DATA,ACK,451,1024,"unique file bytes acknowledged"
879.483,sender,afd52c65-5ce1-4c35-a594-c7ab9f56a53f,RTT_SAMPLE,ACK,451,0,"95.868900"
879.489,sender,afd52c65-5ce1-4c35-a594-c7ab9f56a53f,RECEIVE,ACK,437,36,""
879.492,sender,afd52c65-5ce1-4c35-a594-c7ab9f56a53f,ACKNOWLEDGED,ACK,437,0,""
879.495,sender,afd52c65-5ce1-4c35-a594-c7ab9f56a53f,CONFIRM_DATA,ACK,437,1024,"unique file bytes acknowledged"
879.498,sender,afd52c65-5ce1-4c35-a594-c7ab9f56a53f,RTT_SAMPLE,ACK,437,0,"95.978700"
879.504,sender,afd52c65-5ce1-4c35-a594-c7ab9f56a53f,RECEIVE,ACK,436,36,""
879.507,sender,afd52c65-5ce1-4c35-a594-c7ab9f56a53f,ACKNOWLEDGED,ACK,436,0,""
879.510,sender,afd52c65-5ce1-4c35-a594-c7ab9f56a53f,CONFIRM_DATA,ACK,436,1024,"unique file bytes acknowledged"
879.514,sender,afd52c65-5ce1-4c35-a594-c7ab9f56a53f,RTT_SAMPLE,ACK,436,0,"95.999400"
879.520,sender,afd52c65-5ce1-4c35-a594-c7ab9f56a53f,RECEIVE,ACK,440,36,""
879.523,sender,afd52c65-5ce1-4c35-a594-c7ab9f56a53f,ACKNOWLEDGED,ACK,440,0,""
879.525,sender,afd52c65-5ce1-4c35-a594-c7ab9f56a53f,CONFIRM_DATA,ACK,440,1024,"unique file bytes acknowledged"
879.529,sender,afd52c65-5ce1-4c35-a594-c7ab9f56a53f,RTT_SAMPLE,ACK,440,0,"95.985800"
879.535,sender,afd52c65-5ce1-4c35-a594-c7ab9f56a53f,RECEIVE,ACK,434,36,""
879.538,sender,afd52c65-5ce1-4c35-a594-c7ab9f56a53f,ACKNOWLEDGED,ACK,434,0,""
879.541,sender,afd52c65-5ce1-4c35-a594-c7ab9f56a53f,CONFIRM_DATA,ACK,434,1024,"unique file bytes acknowledged"
879.545,sender,afd52c65-5ce1-4c35-a594-c7ab9f56a53f,RTT_SAMPLE,ACK,434,0,"96.039000"
879.551,sender,afd52c65-5ce1-4c35-a594-c7ab9f56a53f,RECEIVE,ACK,413,36,""
879.554,sender,afd52c65-5ce1-4c35-a594-c7ab9f56a53f,ACKNOWLEDGED,ACK,413,0,""
879.556,sender,afd52c65-5ce1-4c35-a594-c7ab9f56a53f,CONFIRM_DATA,ACK,413,1024,"unique file bytes acknowledged"
879.560,sender,afd52c65-5ce1-4c35-a594-c7ab9f56a53f,RTT_SAMPLE,ACK,413,0,"111.244600"
879.564,sender,afd52c65-5ce1-4c35-a594-c7ab9f56a53f,SEND,DATA,477,1060,""
879.568,sender,afd52c65-5ce1-4c35-a594-c7ab9f56a53f,SEND,DATA,478,1060,""
879.571,sender,afd52c65-5ce1-4c35-a594-c7ab9f56a53f,SEND,DATA,479,1060,""
879.575,sender,afd52c65-5ce1-4c35-a594-c7ab9f56a53f,SEND,DATA,480,1060,""
879.578,sender,afd52c65-5ce1-4c35-a594-c7ab9f56a53f,SEND,DATA,481,1060,""
879.582,sender,afd52c65-5ce1-4c35-a594-c7ab9f56a53f,SEND,DATA,482,1060,""
879.585,sender,afd52c65-5ce1-4c35-a594-c7ab9f56a53f,SEND,DATA,483,1060,""
879.588,sender,afd52c65-5ce1-4c35-a594-c7ab9f56a53f,SEND,DATA,484,1060,""
879.592,sender,afd52c65-5ce1-4c35-a594-c7ab9f56a53f,SEND,DATA,485,1060,""
879.595,sender,afd52c65-5ce1-4c35-a594-c7ab9f56a53f,SEND,DATA,486,1060,""
879.738,sender,afd52c65-5ce1-4c35-a594-c7ab9f56a53f,SEND,DATA,487,1060,""
879.741,sender,afd52c65-5ce1-4c35-a594-c7ab9f56a53f,SEND,DATA,488,1060,""
879.744,sender,afd52c65-5ce1-4c35-a594-c7ab9f56a53f,SEND,DATA,489,1060,""
879.779,sender,afd52c65-5ce1-4c35-a594-c7ab9f56a53f,SEND,DATA,490,1060,""
879.783,sender,afd52c65-5ce1-4c35-a594-c7ab9f56a53f,SEND,DATA,491,1060,""
879.787,sender,afd52c65-5ce1-4c35-a594-c7ab9f56a53f,SEND,DATA,492,1060,""
879.790,sender,afd52c65-5ce1-4c35-a594-c7ab9f56a53f,SEND,DATA,493,1060,""
879.794,sender,afd52c65-5ce1-4c35-a594-c7ab9f56a53f,SEND,DATA,494,1060,""
879.797,sender,afd52c65-5ce1-4c35-a594-c7ab9f56a53f,SEND,DATA,495,1060,""
879.801,sender,afd52c65-5ce1-4c35-a594-c7ab9f56a53f,SEND,DATA,496,1060,""
879.804,sender,afd52c65-5ce1-4c35-a594-c7ab9f56a53f,SEND,DATA,497,1060,""
879.808,sender,afd52c65-5ce1-4c35-a594-c7ab9f56a53f,SEND,DATA,498,1060,""
879.811,sender,afd52c65-5ce1-4c35-a594-c7ab9f56a53f,SEND,DATA,499,1060,""
879.819,sender,afd52c65-5ce1-4c35-a594-c7ab9f56a53f,SEND,DATA,500,1060,""
879.822,sender,afd52c65-5ce1-4c35-a594-c7ab9f56a53f,SEND,DATA,501,1060,""
879.825,sender,afd52c65-5ce1-4c35-a594-c7ab9f56a53f,SEND,DATA,502,1060,""
879.829,sender,afd52c65-5ce1-4c35-a594-c7ab9f56a53f,SEND,DATA,503,1060,""
879.832,sender,afd52c65-5ce1-4c35-a594-c7ab9f56a53f,SEND,DATA,504,1060,""
894.310,sender,afd52c65-5ce1-4c35-a594-c7ab9f56a53f,EMIT,DATA,457,1060,""
894.331,sender,afd52c65-5ce1-4c35-a594-c7ab9f56a53f,EMIT,DATA,462,1060,""
894.339,sender,afd52c65-5ce1-4c35-a594-c7ab9f56a53f,EMIT,DATA,468,1060,""
894.347,sender,afd52c65-5ce1-4c35-a594-c7ab9f56a53f,EMIT,DATA,466,1060,""
894.355,sender,afd52c65-5ce1-4c35-a594-c7ab9f56a53f,EMIT,DATA,469,1060,""
894.631,sender,afd52c65-5ce1-4c35-a594-c7ab9f56a53f,RECEIVE,ACK,441,36,""
894.655,sender,afd52c65-5ce1-4c35-a594-c7ab9f56a53f,ACKNOWLEDGED,ACK,441,0,""
894.663,sender,afd52c65-5ce1-4c35-a594-c7ab9f56a53f,CONFIRM_DATA,ACK,441,1024,"unique file bytes acknowledged"
894.673,sender,afd52c65-5ce1-4c35-a594-c7ab9f56a53f,RTT_SAMPLE,ACK,441,0,"111.121400"
894.685,sender,afd52c65-5ce1-4c35-a594-c7ab9f56a53f,SEND,DATA,505,1060,""
894.705,sender,afd52c65-5ce1-4c35-a594-c7ab9f56a53f,RECEIVE,ACK,450,36,""
894.711,sender,afd52c65-5ce1-4c35-a594-c7ab9f56a53f,ACKNOWLEDGED,ACK,450,0,""
894.716,sender,afd52c65-5ce1-4c35-a594-c7ab9f56a53f,CONFIRM_DATA,ACK,450,1024,"unique file bytes acknowledged"
894.724,sender,afd52c65-5ce1-4c35-a594-c7ab9f56a53f,RTT_SAMPLE,ACK,450,0,"111.111700"
894.736,sender,afd52c65-5ce1-4c35-a594-c7ab9f56a53f,RECEIVE,ACK,444,36,""
894.741,sender,afd52c65-5ce1-4c35-a594-c7ab9f56a53f,ACKNOWLEDGED,ACK,444,0,""
894.746,sender,afd52c65-5ce1-4c35-a594-c7ab9f56a53f,CONFIRM_DATA,ACK,444,1024,"unique file bytes acknowledged"
894.753,sender,afd52c65-5ce1-4c35-a594-c7ab9f56a53f,RTT_SAMPLE,ACK,444,0,"111.190100"
894.764,sender,afd52c65-5ce1-4c35-a594-c7ab9f56a53f,RECEIVE,ACK,442,36,""
894.770,sender,afd52c65-5ce1-4c35-a594-c7ab9f56a53f,ACKNOWLEDGED,ACK,442,0,""
894.775,sender,afd52c65-5ce1-4c35-a594-c7ab9f56a53f,CONFIRM_DATA,ACK,442,1024,"unique file bytes acknowledged"
894.781,sender,afd52c65-5ce1-4c35-a594-c7ab9f56a53f,RTT_SAMPLE,ACK,442,0,"111.228600"
894.789,sender,afd52c65-5ce1-4c35-a594-c7ab9f56a53f,SEND,DATA,506,1060,""
894.795,sender,afd52c65-5ce1-4c35-a594-c7ab9f56a53f,SEND,DATA,507,1060,""
894.801,sender,afd52c65-5ce1-4c35-a594-c7ab9f56a53f,SEND,DATA,508,1060,""
894.807,sender,afd52c65-5ce1-4c35-a594-c7ab9f56a53f,SEND,DATA,509,1060,""
894.813,sender,afd52c65-5ce1-4c35-a594-c7ab9f56a53f,SEND,DATA,510,1060,""
894.819,sender,afd52c65-5ce1-4c35-a594-c7ab9f56a53f,SEND,DATA,511,1060,""
894.825,sender,afd52c65-5ce1-4c35-a594-c7ab9f56a53f,SEND,DATA,512,1060,""
894.831,sender,afd52c65-5ce1-4c35-a594-c7ab9f56a53f,SEND,DATA,513,1060,""
894.837,sender,afd52c65-5ce1-4c35-a594-c7ab9f56a53f,SEND,DATA,514,1060,""
894.843,sender,afd52c65-5ce1-4c35-a594-c7ab9f56a53f,SEND,DATA,515,1060,""
894.849,sender,afd52c65-5ce1-4c35-a594-c7ab9f56a53f,SEND,DATA,516,1060,""
894.865,sender,afd52c65-5ce1-4c35-a594-c7ab9f56a53f,RECEIVE,ACK,458,36,""
894.871,sender,afd52c65-5ce1-4c35-a594-c7ab9f56a53f,ACKNOWLEDGED,ACK,458,0,""
894.876,sender,afd52c65-5ce1-4c35-a594-c7ab9f56a53f,CONFIRM_DATA,ACK,458,1024,"unique file bytes acknowledged"
894.883,sender,afd52c65-5ce1-4c35-a594-c7ab9f56a53f,RTT_SAMPLE,ACK,458,0,"63.306400"
894.894,sender,afd52c65-5ce1-4c35-a594-c7ab9f56a53f,RECEIVE,ACK,461,36,""
894.900,sender,afd52c65-5ce1-4c35-a594-c7ab9f56a53f,ACKNOWLEDGED,ACK,461,0,""
894.907,sender,afd52c65-5ce1-4c35-a594-c7ab9f56a53f,CONFIRM_DATA,ACK,461,1024,"unique file bytes acknowledged"
894.914,sender,afd52c65-5ce1-4c35-a594-c7ab9f56a53f,RTT_SAMPLE,ACK,461,0,"63.323300"
910.401,sender,afd52c65-5ce1-4c35-a594-c7ab9f56a53f,RECEIVE,ACK,456,36,""
910.417,sender,afd52c65-5ce1-4c35-a594-c7ab9f56a53f,EMIT,DATA,472,1060,""
910.423,sender,afd52c65-5ce1-4c35-a594-c7ab9f56a53f,ACKNOWLEDGED,ACK,456,0,""
910.429,sender,afd52c65-5ce1-4c35-a594-c7ab9f56a53f,CONFIRM_DATA,ACK,456,1024,"unique file bytes acknowledged"
910.436,sender,afd52c65-5ce1-4c35-a594-c7ab9f56a53f,EMIT,DATA,473,1060,""
910.442,sender,afd52c65-5ce1-4c35-a594-c7ab9f56a53f,RTT_SAMPLE,ACK,456,0,"78.871900"
910.448,sender,afd52c65-5ce1-4c35-a594-c7ab9f56a53f,EMIT,DATA,470,1060,""
910.455,sender,afd52c65-5ce1-4c35-a594-c7ab9f56a53f,RECEIVE,ACK,455,36,""
910.460,sender,afd52c65-5ce1-4c35-a594-c7ab9f56a53f,EMIT,DATA,471,1060,""
910.463,sender,afd52c65-5ce1-4c35-a594-c7ab9f56a53f,ACKNOWLEDGED,ACK,455,0,""
910.467,sender,afd52c65-5ce1-4c35-a594-c7ab9f56a53f,CONFIRM_DATA,ACK,455,1024,"unique file bytes acknowledged"
910.472,sender,afd52c65-5ce1-4c35-a594-c7ab9f56a53f,EMIT,DATA,482,1060,""
910.476,sender,afd52c65-5ce1-4c35-a594-c7ab9f56a53f,RTT_SAMPLE,ACK,455,0,"78.912800"
910.481,sender,afd52c65-5ce1-4c35-a594-c7ab9f56a53f,EMIT,DATA,490,1060,""
910.490,sender,afd52c65-5ce1-4c35-a594-c7ab9f56a53f,EMIT,DATA,494,1060,""
910.498,sender,afd52c65-5ce1-4c35-a594-c7ab9f56a53f,EMIT,DATA,492,1060,""
910.507,sender,afd52c65-5ce1-4c35-a594-c7ab9f56a53f,EMIT,DATA,488,1060,""
910.516,sender,afd52c65-5ce1-4c35-a594-c7ab9f56a53f,EMIT,DATA,474,1060,""
910.524,sender,afd52c65-5ce1-4c35-a594-c7ab9f56a53f,EMIT,DATA,467,1060,""
910.533,sender,afd52c65-5ce1-4c35-a594-c7ab9f56a53f,EMIT,DATA,497,1060,""
925.874,sender,afd52c65-5ce1-4c35-a594-c7ab9f56a53f,RECEIVE,ACK,454,36,""
925.896,sender,afd52c65-5ce1-4c35-a594-c7ab9f56a53f,EMIT,DATA,481,1060,""
925.906,sender,afd52c65-5ce1-4c35-a594-c7ab9f56a53f,ACKNOWLEDGED,ACK,454,0,""
925.914,sender,afd52c65-5ce1-4c35-a594-c7ab9f56a53f,CONFIRM_DATA,ACK,454,1024,"unique file bytes acknowledged"
925.922,sender,afd52c65-5ce1-4c35-a594-c7ab9f56a53f,EMIT,DATA,501,1060,""
925.928,sender,afd52c65-5ce1-4c35-a594-c7ab9f56a53f,RTT_SAMPLE,ACK,454,0,"94.417400"
925.943,sender,afd52c65-5ce1-4c35-a594-c7ab9f56a53f,EMIT,DATA,487,1060,""
925.952,sender,afd52c65-5ce1-4c35-a594-c7ab9f56a53f,RECEIVE,ACK,465,36,""
925.964,sender,afd52c65-5ce1-4c35-a594-c7ab9f56a53f,ACKNOWLEDGED,ACK,465,0,""
925.971,sender,afd52c65-5ce1-4c35-a594-c7ab9f56a53f,CONFIRM_DATA,ACK,465,1024,"unique file bytes acknowledged"
925.978,sender,afd52c65-5ce1-4c35-a594-c7ab9f56a53f,EMIT,DATA,493,1060,""
925.988,sender,afd52c65-5ce1-4c35-a594-c7ab9f56a53f,RTT_SAMPLE,ACK,465,0,"94.248900"
926.004,sender,afd52c65-5ce1-4c35-a594-c7ab9f56a53f,EMIT,DATA,479,1060,""
926.013,sender,afd52c65-5ce1-4c35-a594-c7ab9f56a53f,RECEIVE,ACK,464,36,""
926.020,sender,afd52c65-5ce1-4c35-a594-c7ab9f56a53f,EMIT,DATA,502,1060,""
926.023,sender,afd52c65-5ce1-4c35-a594-c7ab9f56a53f,ACKNOWLEDGED,ACK,464,0,""
926.029,sender,afd52c65-5ce1-4c35-a594-c7ab9f56a53f,CONFIRM_DATA,ACK,464,1024,"unique file bytes acknowledged"
926.035,sender,afd52c65-5ce1-4c35-a594-c7ab9f56a53f,EMIT,DATA,483,1060,""
926.039,sender,afd52c65-5ce1-4c35-a594-c7ab9f56a53f,RTT_SAMPLE,ACK,464,0,"94.345100"
926.045,sender,afd52c65-5ce1-4c35-a594-c7ab9f56a53f,EMIT,DATA,498,1060,""
926.053,sender,afd52c65-5ce1-4c35-a594-c7ab9f56a53f,EMIT,DATA,486,1060,""
926.068,sender,afd52c65-5ce1-4c35-a594-c7ab9f56a53f,RECEIVE,ACK,459,36,""
926.074,sender,afd52c65-5ce1-4c35-a594-c7ab9f56a53f,EMIT,DATA,509,1060,""
926.077,sender,afd52c65-5ce1-4c35-a594-c7ab9f56a53f,ACKNOWLEDGED,ACK,459,0,""
926.083,sender,afd52c65-5ce1-4c35-a594-c7ab9f56a53f,EMIT,DATA,500,1060,""
926.086,sender,afd52c65-5ce1-4c35-a594-c7ab9f56a53f,CONFIRM_DATA,ACK,459,1024,"unique file bytes acknowledged"
926.186,sender,afd52c65-5ce1-4c35-a594-c7ab9f56a53f,RTT_SAMPLE,ACK,459,0,"94.603700"
926.206,sender,afd52c65-5ce1-4c35-a594-c7ab9f56a53f,RECEIVE,ACK,460,36,""
926.213,sender,afd52c65-5ce1-4c35-a594-c7ab9f56a53f,ACKNOWLEDGED,ACK,460,0,""
926.219,sender,afd52c65-5ce1-4c35-a594-c7ab9f56a53f,CONFIRM_DATA,ACK,460,1024,"unique file bytes acknowledged"
926.227,sender,afd52c65-5ce1-4c35-a594-c7ab9f56a53f,RTT_SAMPLE,ACK,460,0,"94.641000"
926.241,sender,afd52c65-5ce1-4c35-a594-c7ab9f56a53f,RECEIVE,ACK,462,36,""
926.247,sender,afd52c65-5ce1-4c35-a594-c7ab9f56a53f,ACKNOWLEDGED,ACK,462,0,""
926.253,sender,afd52c65-5ce1-4c35-a594-c7ab9f56a53f,CONFIRM_DATA,ACK,462,1024,"unique file bytes acknowledged"
926.271,sender,afd52c65-5ce1-4c35-a594-c7ab9f56a53f,RTT_SAMPLE,ACK,462,0,"94.676000"
926.284,sender,afd52c65-5ce1-4c35-a594-c7ab9f56a53f,EMIT,DATA,503,1060,""
926.292,sender,afd52c65-5ce1-4c35-a594-c7ab9f56a53f,RECEIVE,ACK,469,36,""
926.300,sender,afd52c65-5ce1-4c35-a594-c7ab9f56a53f,ACKNOWLEDGED,ACK,469,0,""
926.306,sender,afd52c65-5ce1-4c35-a594-c7ab9f56a53f,CONFIRM_DATA,ACK,469,1024,"unique file bytes acknowledged"
926.314,sender,afd52c65-5ce1-4c35-a594-c7ab9f56a53f,RTT_SAMPLE,ACK,469,0,"62.676400"
926.320,sender,afd52c65-5ce1-4c35-a594-c7ab9f56a53f,EMIT,DATA,476,1060,""
926.328,sender,afd52c65-5ce1-4c35-a594-c7ab9f56a53f,RECEIVE,ACK,453,36,""
926.335,sender,afd52c65-5ce1-4c35-a594-c7ab9f56a53f,EMIT,DATA,480,1060,""
926.338,sender,afd52c65-5ce1-4c35-a594-c7ab9f56a53f,ACKNOWLEDGED,ACK,453,0,""
926.344,sender,afd52c65-5ce1-4c35-a594-c7ab9f56a53f,EMIT,DATA,495,1060,""
926.346,sender,afd52c65-5ce1-4c35-a594-c7ab9f56a53f,CONFIRM_DATA,ACK,453,1024,"unique file bytes acknowledged"
926.352,sender,afd52c65-5ce1-4c35-a594-c7ab9f56a53f,EMIT,DATA,508,1060,""
926.357,sender,afd52c65-5ce1-4c35-a594-c7ab9f56a53f,RTT_SAMPLE,ACK,453,0,"94.857400"
926.363,sender,afd52c65-5ce1-4c35-a594-c7ab9f56a53f,EMIT,DATA,504,1060,""
926.366,sender,afd52c65-5ce1-4c35-a594-c7ab9f56a53f,SEND,DATA,517,1060,""
926.372,sender,afd52c65-5ce1-4c35-a594-c7ab9f56a53f,EMIT,DATA,516,1060,""
926.375,sender,afd52c65-5ce1-4c35-a594-c7ab9f56a53f,SEND,DATA,518,1060,""
926.382,sender,afd52c65-5ce1-4c35-a594-c7ab9f56a53f,EMIT,DATA,489,1060,""
926.384,sender,afd52c65-5ce1-4c35-a594-c7ab9f56a53f,SEND,DATA,519,1060,""
926.397,sender,afd52c65-5ce1-4c35-a594-c7ab9f56a53f,SEND,DATA,520,1060,""
926.409,sender,afd52c65-5ce1-4c35-a594-c7ab9f56a53f,RECEIVE,ACK,463,36,""
926.416,sender,afd52c65-5ce1-4c35-a594-c7ab9f56a53f,ACKNOWLEDGED,ACK,463,0,""
926.422,sender,afd52c65-5ce1-4c35-a594-c7ab9f56a53f,CONFIRM_DATA,ACK,463,1024,"unique file bytes acknowledged"
926.430,sender,afd52c65-5ce1-4c35-a594-c7ab9f56a53f,RTT_SAMPLE,ACK,463,0,"94.746300"
941.453,sender,afd52c65-5ce1-4c35-a594-c7ab9f56a53f,RECEIVE,ACK,457,36,""
941.487,sender,afd52c65-5ce1-4c35-a594-c7ab9f56a53f,ACKNOWLEDGED,ACK,457,0,""
941.497,sender,afd52c65-5ce1-4c35-a594-c7ab9f56a53f,CONFIRM_DATA,ACK,457,1024,"unique file bytes acknowledged"
941.512,sender,afd52c65-5ce1-4c35-a594-c7ab9f56a53f,RTT_SAMPLE,ACK,457,0,"109.937700"
941.523,sender,afd52c65-5ce1-4c35-a594-c7ab9f56a53f,EMIT,DATA,505,1060,""
941.543,sender,afd52c65-5ce1-4c35-a594-c7ab9f56a53f,SEND,DATA,521,1060,""
941.558,sender,afd52c65-5ce1-4c35-a594-c7ab9f56a53f,SEND,DATA,522,1060,""
941.569,sender,afd52c65-5ce1-4c35-a594-c7ab9f56a53f,SEND,DATA,523,1060,""
941.581,sender,afd52c65-5ce1-4c35-a594-c7ab9f56a53f,SEND,DATA,524,1060,""
941.584,sender,afd52c65-5ce1-4c35-a594-c7ab9f56a53f,EMIT,DATA,478,1060,""
941.590,sender,afd52c65-5ce1-4c35-a594-c7ab9f56a53f,SEND,DATA,525,1060,""
941.594,sender,afd52c65-5ce1-4c35-a594-c7ab9f56a53f,SEND,DATA,526,1060,""
941.598,sender,afd52c65-5ce1-4c35-a594-c7ab9f56a53f,SEND,DATA,527,1060,""
941.601,sender,afd52c65-5ce1-4c35-a594-c7ab9f56a53f,EMIT,DATA,484,1060,""
941.606,sender,afd52c65-5ce1-4c35-a594-c7ab9f56a53f,SEND,DATA,528,1060,""
941.610,sender,afd52c65-5ce1-4c35-a594-c7ab9f56a53f,SEND,DATA,529,1060,""
941.617,sender,afd52c65-5ce1-4c35-a594-c7ab9f56a53f,EMIT,DATA,491,1060,""
941.624,sender,afd52c65-5ce1-4c35-a594-c7ab9f56a53f,RECEIVE,ACK,468,36,""
941.628,sender,afd52c65-5ce1-4c35-a594-c7ab9f56a53f,ACKNOWLEDGED,ACK,468,0,""
941.632,sender,afd52c65-5ce1-4c35-a594-c7ab9f56a53f,EMIT,DATA,496,1060,""
941.636,sender,afd52c65-5ce1-4c35-a594-c7ab9f56a53f,CONFIRM_DATA,ACK,468,1024,"unique file bytes acknowledged"
941.640,sender,afd52c65-5ce1-4c35-a594-c7ab9f56a53f,RTT_SAMPLE,ACK,468,0,"78.006700"
941.646,sender,afd52c65-5ce1-4c35-a594-c7ab9f56a53f,EMIT,DATA,499,1060,""
941.650,sender,afd52c65-5ce1-4c35-a594-c7ab9f56a53f,RECEIVE,ACK,472,36,""
941.654,sender,afd52c65-5ce1-4c35-a594-c7ab9f56a53f,ACKNOWLEDGED,ACK,472,0,""
941.657,sender,afd52c65-5ce1-4c35-a594-c7ab9f56a53f,CONFIRM_DATA,ACK,472,1024,"unique file bytes acknowledged"
941.660,sender,afd52c65-5ce1-4c35-a594-c7ab9f56a53f,EMIT,DATA,511,1060,""
941.665,sender,afd52c65-5ce1-4c35-a594-c7ab9f56a53f,RTT_SAMPLE,ACK,472,0,"77.991300"
941.673,sender,afd52c65-5ce1-4c35-a594-c7ab9f56a53f,RECEIVE,ACK,497,36,""
941.677,sender,afd52c65-5ce1-4c35-a594-c7ab9f56a53f,EMIT,DATA,475,1060,""
941.681,sender,afd52c65-5ce1-4c35-a594-c7ab9f56a53f,ACKNOWLEDGED,ACK,497,0,""
941.684,sender,afd52c65-5ce1-4c35-a594-c7ab9f56a53f,CONFIRM_DATA,ACK,497,1024,"unique file bytes acknowledged"
941.688,sender,afd52c65-5ce1-4c35-a594-c7ab9f56a53f,RTT_SAMPLE,ACK,497,0,"61.883500"
941.691,sender,afd52c65-5ce1-4c35-a594-c7ab9f56a53f,EMIT,DATA,485,1060,""
941.696,sender,afd52c65-5ce1-4c35-a594-c7ab9f56a53f,RECEIVE,ACK,466,36,""
941.700,sender,afd52c65-5ce1-4c35-a594-c7ab9f56a53f,ACKNOWLEDGED,ACK,466,0,""
941.703,sender,afd52c65-5ce1-4c35-a594-c7ab9f56a53f,CONFIRM_DATA,ACK,466,1024,"unique file bytes acknowledged"
941.706,sender,afd52c65-5ce1-4c35-a594-c7ab9f56a53f,EMIT,DATA,477,1060,""
941.711,sender,afd52c65-5ce1-4c35-a594-c7ab9f56a53f,RTT_SAMPLE,ACK,466,0,"94.659200"
941.715,sender,afd52c65-5ce1-4c35-a594-c7ab9f56a53f,SEND,DATA,530,1060,""
941.720,sender,afd52c65-5ce1-4c35-a594-c7ab9f56a53f,EMIT,DATA,506,1060,""
941.724,sender,afd52c65-5ce1-4c35-a594-c7ab9f56a53f,RECEIVE,ACK,494,36,""
941.738,sender,afd52c65-5ce1-4c35-a594-c7ab9f56a53f,EMIT,DATA,515,1060,""
941.742,sender,afd52c65-5ce1-4c35-a594-c7ab9f56a53f,ACKNOWLEDGED,ACK,494,0,""
941.745,sender,afd52c65-5ce1-4c35-a594-c7ab9f56a53f,CONFIRM_DATA,ACK,494,1024,"unique file bytes acknowledged"
941.749,sender,afd52c65-5ce1-4c35-a594-c7ab9f56a53f,RTT_SAMPLE,ACK,494,0,"61.954500"
941.752,sender,afd52c65-5ce1-4c35-a594-c7ab9f56a53f,EMIT,DATA,510,1060,""
941.778,sender,afd52c65-5ce1-4c35-a594-c7ab9f56a53f,EMIT,DATA,514,1060,""
941.793,sender,afd52c65-5ce1-4c35-a594-c7ab9f56a53f,EMIT,DATA,512,1060,""
956.592,sender,afd52c65-5ce1-4c35-a594-c7ab9f56a53f,EMIT,DATA,513,1060,""
956.640,sender,afd52c65-5ce1-4c35-a594-c7ab9f56a53f,EMIT,DATA,507,1060,""
956.763,sender,afd52c65-5ce1-4c35-a594-c7ab9f56a53f,RECEIVE,ACK,488,36,""
956.777,sender,afd52c65-5ce1-4c35-a594-c7ab9f56a53f,ACKNOWLEDGED,ACK,488,0,""
956.780,sender,afd52c65-5ce1-4c35-a594-c7ab9f56a53f,CONFIRM_DATA,ACK,488,1024,"unique file bytes acknowledged"
956.786,sender,afd52c65-5ce1-4c35-a594-c7ab9f56a53f,RTT_SAMPLE,ACK,488,0,"77.043000"
956.795,sender,afd52c65-5ce1-4c35-a594-c7ab9f56a53f,RECEIVE,ACK,471,36,""
956.798,sender,afd52c65-5ce1-4c35-a594-c7ab9f56a53f,ACKNOWLEDGED,ACK,471,0,""
956.800,sender,afd52c65-5ce1-4c35-a594-c7ab9f56a53f,CONFIRM_DATA,ACK,471,1024,"unique file bytes acknowledged"
956.804,sender,afd52c65-5ce1-4c35-a594-c7ab9f56a53f,RTT_SAMPLE,ACK,471,0,"93.136600"
956.810,sender,afd52c65-5ce1-4c35-a594-c7ab9f56a53f,RECEIVE,ACK,473,36,""
956.812,sender,afd52c65-5ce1-4c35-a594-c7ab9f56a53f,ACKNOWLEDGED,ACK,473,0,""
956.815,sender,afd52c65-5ce1-4c35-a594-c7ab9f56a53f,CONFIRM_DATA,ACK,473,1024,"unique file bytes acknowledged"
956.818,sender,afd52c65-5ce1-4c35-a594-c7ab9f56a53f,RTT_SAMPLE,ACK,473,0,"93.121600"
956.824,sender,afd52c65-5ce1-4c35-a594-c7ab9f56a53f,RECEIVE,ACK,467,36,""
956.827,sender,afd52c65-5ce1-4c35-a594-c7ab9f56a53f,ACKNOWLEDGED,ACK,467,0,""
956.829,sender,afd52c65-5ce1-4c35-a594-c7ab9f56a53f,CONFIRM_DATA,ACK,467,1024,"unique file bytes acknowledged"
956.879,sender,afd52c65-5ce1-4c35-a594-c7ab9f56a53f,RTT_SAMPLE,ACK,467,0,"93.248900"
956.883,sender,afd52c65-5ce1-4c35-a594-c7ab9f56a53f,SEND,DATA,531,1060,""
956.887,sender,afd52c65-5ce1-4c35-a594-c7ab9f56a53f,SEND,DATA,532,1060,""
956.891,sender,afd52c65-5ce1-4c35-a594-c7ab9f56a53f,SEND,DATA,533,1060,""
956.896,sender,afd52c65-5ce1-4c35-a594-c7ab9f56a53f,RECEIVE,ACK,482,36,""
956.899,sender,afd52c65-5ce1-4c35-a594-c7ab9f56a53f,ACKNOWLEDGED,ACK,482,0,""
956.902,sender,afd52c65-5ce1-4c35-a594-c7ab9f56a53f,CONFIRM_DATA,ACK,482,1024,"unique file bytes acknowledged"
956.917,sender,afd52c65-5ce1-4c35-a594-c7ab9f56a53f,RTT_SAMPLE,ACK,482,0,"77.322900"
956.922,sender,afd52c65-5ce1-4c35-a594-c7ab9f56a53f,RECEIVE,ACK,474,36,""
956.925,sender,afd52c65-5ce1-4c35-a594-c7ab9f56a53f,ACKNOWLEDGED,ACK,474,0,""
956.928,sender,afd52c65-5ce1-4c35-a594-c7ab9f56a53f,CONFIRM_DATA,ACK,474,1024,"unique file bytes acknowledged"
956.931,sender,afd52c65-5ce1-4c35-a594-c7ab9f56a53f,RTT_SAMPLE,ACK,474,0,"77.487600"
956.937,sender,afd52c65-5ce1-4c35-a594-c7ab9f56a53f,RECEIVE,ACK,470,36,""
956.939,sender,afd52c65-5ce1-4c35-a594-c7ab9f56a53f,ACKNOWLEDGED,ACK,470,0,""
956.942,sender,afd52c65-5ce1-4c35-a594-c7ab9f56a53f,CONFIRM_DATA,ACK,470,1024,"unique file bytes acknowledged"
956.945,sender,afd52c65-5ce1-4c35-a594-c7ab9f56a53f,RTT_SAMPLE,ACK,470,0,"93.306300"
956.949,sender,afd52c65-5ce1-4c35-a594-c7ab9f56a53f,SEND,DATA,534,1060,""
956.952,sender,afd52c65-5ce1-4c35-a594-c7ab9f56a53f,SEND,DATA,535,1060,""
956.955,sender,afd52c65-5ce1-4c35-a594-c7ab9f56a53f,SEND,DATA,536,1060,""
956.958,sender,afd52c65-5ce1-4c35-a594-c7ab9f56a53f,SEND,DATA,537,1060,""
956.961,sender,afd52c65-5ce1-4c35-a594-c7ab9f56a53f,SEND,DATA,538,1060,""
956.966,sender,afd52c65-5ce1-4c35-a594-c7ab9f56a53f,RECEIVE,ACK,489,36,""
956.969,sender,afd52c65-5ce1-4c35-a594-c7ab9f56a53f,ACKNOWLEDGED,ACK,489,0,""
956.971,sender,afd52c65-5ce1-4c35-a594-c7ab9f56a53f,CONFIRM_DATA,ACK,489,1024,"unique file bytes acknowledged"
956.975,sender,afd52c65-5ce1-4c35-a594-c7ab9f56a53f,RTT_SAMPLE,ACK,489,0,"77.229800"
956.980,sender,afd52c65-5ce1-4c35-a594-c7ab9f56a53f,RECEIVE,ACK,490,36,""
956.983,sender,afd52c65-5ce1-4c35-a594-c7ab9f56a53f,ACKNOWLEDGED,ACK,490,0,""
956.986,sender,afd52c65-5ce1-4c35-a594-c7ab9f56a53f,CONFIRM_DATA,ACK,490,1024,"unique file bytes acknowledged"
956.989,sender,afd52c65-5ce1-4c35-a594-c7ab9f56a53f,RTT_SAMPLE,ACK,490,0,"77.209100"
956.995,sender,afd52c65-5ce1-4c35-a594-c7ab9f56a53f,RECEIVE,ACK,479,36,""
956.997,sender,afd52c65-5ce1-4c35-a594-c7ab9f56a53f,ACKNOWLEDGED,ACK,479,0,""
957.000,sender,afd52c65-5ce1-4c35-a594-c7ab9f56a53f,CONFIRM_DATA,ACK,479,1024,"unique file bytes acknowledged"
957.003,sender,afd52c65-5ce1-4c35-a594-c7ab9f56a53f,RTT_SAMPLE,ACK,479,0,"77.431400"
957.012,sender,afd52c65-5ce1-4c35-a594-c7ab9f56a53f,RECEIVE,ACK,486,36,""
957.015,sender,afd52c65-5ce1-4c35-a594-c7ab9f56a53f,ACKNOWLEDGED,ACK,486,0,""
957.017,sender,afd52c65-5ce1-4c35-a594-c7ab9f56a53f,CONFIRM_DATA,ACK,486,1024,"unique file bytes acknowledged"
957.020,sender,afd52c65-5ce1-4c35-a594-c7ab9f56a53f,RTT_SAMPLE,ACK,486,0,"77.424600"
957.025,sender,afd52c65-5ce1-4c35-a594-c7ab9f56a53f,RECEIVE,ACK,492,36,""
957.027,sender,afd52c65-5ce1-4c35-a594-c7ab9f56a53f,ACKNOWLEDGED,ACK,492,0,""
957.030,sender,afd52c65-5ce1-4c35-a594-c7ab9f56a53f,CONFIRM_DATA,ACK,492,1024,"unique file bytes acknowledged"
957.033,sender,afd52c65-5ce1-4c35-a594-c7ab9f56a53f,RTT_SAMPLE,ACK,492,0,"77.245400"
957.038,sender,afd52c65-5ce1-4c35-a594-c7ab9f56a53f,RECEIVE,ACK,483,36,""
957.052,sender,afd52c65-5ce1-4c35-a594-c7ab9f56a53f,ACKNOWLEDGED,ACK,483,0,""
957.054,sender,afd52c65-5ce1-4c35-a594-c7ab9f56a53f,CONFIRM_DATA,ACK,483,1024,"unique file bytes acknowledged"
957.057,sender,afd52c65-5ce1-4c35-a594-c7ab9f56a53f,RTT_SAMPLE,ACK,483,0,"77.471300"
972.520,sender,afd52c65-5ce1-4c35-a594-c7ab9f56a53f,EMIT,DATA,518,1060,""
972.560,sender,afd52c65-5ce1-4c35-a594-c7ab9f56a53f,EMIT,DATA,517,1060,""
972.572,sender,afd52c65-5ce1-4c35-a594-c7ab9f56a53f,EMIT,DATA,522,1060,""
972.582,sender,afd52c65-5ce1-4c35-a594-c7ab9f56a53f,EMIT,DATA,526,1060,""
972.677,sender,afd52c65-5ce1-4c35-a594-c7ab9f56a53f,RECEIVE,ACK,516,36,""
972.690,sender,afd52c65-5ce1-4c35-a594-c7ab9f56a53f,ACKNOWLEDGED,ACK,516,0,""
972.694,sender,afd52c65-5ce1-4c35-a594-c7ab9f56a53f,CONFIRM_DATA,ACK,516,1024,"unique file bytes acknowledged"
972.700,sender,afd52c65-5ce1-4c35-a594-c7ab9f56a53f,RTT_SAMPLE,ACK,516,0,"77.849900"
972.712,sender,afd52c65-5ce1-4c35-a594-c7ab9f56a53f,RECEIVE,ACK,502,36,""
972.716,sender,afd52c65-5ce1-4c35-a594-c7ab9f56a53f,ACKNOWLEDGED,ACK,502,0,""
972.719,sender,afd52c65-5ce1-4c35-a594-c7ab9f56a53f,CONFIRM_DATA,ACK,502,1024,"unique file bytes acknowledged"
972.723,sender,afd52c65-5ce1-4c35-a594-c7ab9f56a53f,RTT_SAMPLE,ACK,502,0,"92.896600"
972.738,sender,afd52c65-5ce1-4c35-a594-c7ab9f56a53f,RECEIVE,ACK,498,36,""
972.742,sender,afd52c65-5ce1-4c35-a594-c7ab9f56a53f,ACKNOWLEDGED,ACK,498,0,""
972.745,sender,afd52c65-5ce1-4c35-a594-c7ab9f56a53f,CONFIRM_DATA,ACK,498,1024,"unique file bytes acknowledged"
972.749,sender,afd52c65-5ce1-4c35-a594-c7ab9f56a53f,RTT_SAMPLE,ACK,498,0,"92.940500"
972.756,sender,afd52c65-5ce1-4c35-a594-c7ab9f56a53f,RECEIVE,ACK,487,36,""
972.759,sender,afd52c65-5ce1-4c35-a594-c7ab9f56a53f,ACKNOWLEDGED,ACK,487,0,""
972.762,sender,afd52c65-5ce1-4c35-a594-c7ab9f56a53f,CONFIRM_DATA,ACK,487,1024,"unique file bytes acknowledged"
972.766,sender,afd52c65-5ce1-4c35-a594-c7ab9f56a53f,RTT_SAMPLE,ACK,487,0,"93.028000"
972.774,sender,afd52c65-5ce1-4c35-a594-c7ab9f56a53f,RECEIVE,ACK,493,36,""
972.777,sender,afd52c65-5ce1-4c35-a594-c7ab9f56a53f,ACKNOWLEDGED,ACK,493,0,""
972.780,sender,afd52c65-5ce1-4c35-a594-c7ab9f56a53f,CONFIRM_DATA,ACK,493,1024,"unique file bytes acknowledged"
972.784,sender,afd52c65-5ce1-4c35-a594-c7ab9f56a53f,RTT_SAMPLE,ACK,493,0,"92.992900"
972.795,sender,afd52c65-5ce1-4c35-a594-c7ab9f56a53f,RECEIVE,ACK,508,36,""
972.798,sender,afd52c65-5ce1-4c35-a594-c7ab9f56a53f,ACKNOWLEDGED,ACK,508,0,""
972.801,sender,afd52c65-5ce1-4c35-a594-c7ab9f56a53f,CONFIRM_DATA,ACK,508,1024,"unique file bytes acknowledged"
972.805,sender,afd52c65-5ce1-4c35-a594-c7ab9f56a53f,RTT_SAMPLE,ACK,508,0,"78.003700"
972.811,sender,afd52c65-5ce1-4c35-a594-c7ab9f56a53f,RECEIVE,ACK,504,36,""
972.815,sender,afd52c65-5ce1-4c35-a594-c7ab9f56a53f,ACKNOWLEDGED,ACK,504,0,""
972.817,sender,afd52c65-5ce1-4c35-a594-c7ab9f56a53f,CONFIRM_DATA,ACK,504,1024,"unique file bytes acknowledged"
972.821,sender,afd52c65-5ce1-4c35-a594-c7ab9f56a53f,RTT_SAMPLE,ACK,504,0,"92.988400"
972.827,sender,afd52c65-5ce1-4c35-a594-c7ab9f56a53f,RECEIVE,ACK,476,36,""
972.830,sender,afd52c65-5ce1-4c35-a594-c7ab9f56a53f,ACKNOWLEDGED,ACK,476,0,""
972.833,sender,afd52c65-5ce1-4c35-a594-c7ab9f56a53f,CONFIRM_DATA,ACK,476,1024,"unique file bytes acknowledged"
972.837,sender,afd52c65-5ce1-4c35-a594-c7ab9f56a53f,RTT_SAMPLE,ACK,476,0,"93.384500"
972.843,sender,afd52c65-5ce1-4c35-a594-c7ab9f56a53f,RECEIVE,ACK,495,36,""
972.846,sender,afd52c65-5ce1-4c35-a594-c7ab9f56a53f,ACKNOWLEDGED,ACK,495,0,""
972.849,sender,afd52c65-5ce1-4c35-a594-c7ab9f56a53f,CONFIRM_DATA,ACK,495,1024,"unique file bytes acknowledged"
972.853,sender,afd52c65-5ce1-4c35-a594-c7ab9f56a53f,RTT_SAMPLE,ACK,495,0,"93.054600"
972.861,sender,afd52c65-5ce1-4c35-a594-c7ab9f56a53f,RECEIVE,ACK,509,36,""
972.864,sender,afd52c65-5ce1-4c35-a594-c7ab9f56a53f,ACKNOWLEDGED,ACK,509,0,""
972.867,sender,afd52c65-5ce1-4c35-a594-c7ab9f56a53f,CONFIRM_DATA,ACK,509,1024,"unique file bytes acknowledged"
972.871,sender,afd52c65-5ce1-4c35-a594-c7ab9f56a53f,RTT_SAMPLE,ACK,509,0,"78.063900"
972.881,sender,afd52c65-5ce1-4c35-a594-c7ab9f56a53f,RECEIVE,ACK,480,36,""
972.884,sender,afd52c65-5ce1-4c35-a594-c7ab9f56a53f,ACKNOWLEDGED,ACK,480,0,""
972.886,sender,afd52c65-5ce1-4c35-a594-c7ab9f56a53f,CONFIRM_DATA,ACK,480,1024,"unique file bytes acknowledged"
972.890,sender,afd52c65-5ce1-4c35-a594-c7ab9f56a53f,RTT_SAMPLE,ACK,480,0,"93.314800"
972.895,sender,afd52c65-5ce1-4c35-a594-c7ab9f56a53f,RECEIVE,ACK,478,36,""
972.942,sender,afd52c65-5ce1-4c35-a594-c7ab9f56a53f,ACKNOWLEDGED,ACK,478,0,""
972.945,sender,afd52c65-5ce1-4c35-a594-c7ab9f56a53f,CONFIRM_DATA,ACK,478,1024,"unique file bytes acknowledged"
972.948,sender,afd52c65-5ce1-4c35-a594-c7ab9f56a53f,RTT_SAMPLE,ACK,478,0,"93.380200"
972.955,sender,afd52c65-5ce1-4c35-a594-c7ab9f56a53f,RECEIVE,ACK,500,36,""
972.958,sender,afd52c65-5ce1-4c35-a594-c7ab9f56a53f,ACKNOWLEDGED,ACK,500,0,""
972.961,sender,afd52c65-5ce1-4c35-a594-c7ab9f56a53f,CONFIRM_DATA,ACK,500,1024,"unique file bytes acknowledged"
972.964,sender,afd52c65-5ce1-4c35-a594-c7ab9f56a53f,RTT_SAMPLE,ACK,500,0,"93.145400"
972.971,sender,afd52c65-5ce1-4c35-a594-c7ab9f56a53f,RECEIVE,ACK,501,36,""
972.974,sender,afd52c65-5ce1-4c35-a594-c7ab9f56a53f,ACKNOWLEDGED,ACK,501,0,""
972.976,sender,afd52c65-5ce1-4c35-a594-c7ab9f56a53f,CONFIRM_DATA,ACK,501,1024,"unique file bytes acknowledged"
972.980,sender,afd52c65-5ce1-4c35-a594-c7ab9f56a53f,RTT_SAMPLE,ACK,501,0,"93.157400"
972.986,sender,afd52c65-5ce1-4c35-a594-c7ab9f56a53f,RECEIVE,ACK,491,36,""
972.989,sender,afd52c65-5ce1-4c35-a594-c7ab9f56a53f,ACKNOWLEDGED,ACK,491,0,""
972.992,sender,afd52c65-5ce1-4c35-a594-c7ab9f56a53f,CONFIRM_DATA,ACK,491,1024,"unique file bytes acknowledged"
972.995,sender,afd52c65-5ce1-4c35-a594-c7ab9f56a53f,RTT_SAMPLE,ACK,491,0,"93.211300"
987.705,sender,afd52c65-5ce1-4c35-a594-c7ab9f56a53f,EMIT,DATA,525,1060,""
987.759,sender,afd52c65-5ce1-4c35-a594-c7ab9f56a53f,EMIT,DATA,519,1060,""
987.770,sender,afd52c65-5ce1-4c35-a594-c7ab9f56a53f,EMIT,DATA,520,1060,""
987.780,sender,afd52c65-5ce1-4c35-a594-c7ab9f56a53f,EMIT,DATA,524,1060,""
987.792,sender,afd52c65-5ce1-4c35-a594-c7ab9f56a53f,EMIT,DATA,528,1060,""
987.801,sender,afd52c65-5ce1-4c35-a594-c7ab9f56a53f,EMIT,DATA,529,1060,""
987.810,sender,afd52c65-5ce1-4c35-a594-c7ab9f56a53f,EMIT,DATA,523,1060,""
987.819,sender,afd52c65-5ce1-4c35-a594-c7ab9f56a53f,EMIT,DATA,533,1060,""
987.827,sender,afd52c65-5ce1-4c35-a594-c7ab9f56a53f,EMIT,DATA,527,1060,""
987.953,sender,afd52c65-5ce1-4c35-a594-c7ab9f56a53f,RECEIVE,ACK,510,36,""
987.977,sender,afd52c65-5ce1-4c35-a594-c7ab9f56a53f,ACKNOWLEDGED,ACK,510,0,""
987.987,sender,afd52c65-5ce1-4c35-a594-c7ab9f56a53f,CONFIRM_DATA,ACK,510,1024,"unique file bytes acknowledged"
988.000,sender,afd52c65-5ce1-4c35-a594-c7ab9f56a53f,RTT_SAMPLE,ACK,510,0,"93.183300"
988.017,sender,afd52c65-5ce1-4c35-a594-c7ab9f56a53f,RECEIVE,ACK,514,36,""
988.020,sender,afd52c65-5ce1-4c35-a594-c7ab9f56a53f,ACKNOWLEDGED,ACK,514,0,""
988.022,sender,afd52c65-5ce1-4c35-a594-c7ab9f56a53f,CONFIRM_DATA,ACK,514,1024,"unique file bytes acknowledged"
988.025,sender,afd52c65-5ce1-4c35-a594-c7ab9f56a53f,RTT_SAMPLE,ACK,514,0,"93.188400"
988.030,sender,afd52c65-5ce1-4c35-a594-c7ab9f56a53f,RECEIVE,ACK,481,36,""
988.033,sender,afd52c65-5ce1-4c35-a594-c7ab9f56a53f,ACKNOWLEDGED,ACK,481,0,""
988.036,sender,afd52c65-5ce1-4c35-a594-c7ab9f56a53f,CONFIRM_DATA,ACK,481,1024,"unique file bytes acknowledged"
988.039,sender,afd52c65-5ce1-4c35-a594-c7ab9f56a53f,RTT_SAMPLE,ACK,481,0,"108.460100"
988.044,sender,afd52c65-5ce1-4c35-a594-c7ab9f56a53f,RECEIVE,ACK,503,36,""
988.047,sender,afd52c65-5ce1-4c35-a594-c7ab9f56a53f,ACKNOWLEDGED,ACK,503,0,""
988.049,sender,afd52c65-5ce1-4c35-a594-c7ab9f56a53f,CONFIRM_DATA,ACK,503,1024,"unique file bytes acknowledged"
988.052,sender,afd52c65-5ce1-4c35-a594-c7ab9f56a53f,RTT_SAMPLE,ACK,503,0,"108.222800"
988.057,sender,afd52c65-5ce1-4c35-a594-c7ab9f56a53f,RECEIVE,ACK,512,36,""
988.060,sender,afd52c65-5ce1-4c35-a594-c7ab9f56a53f,ACKNOWLEDGED,ACK,512,0,""
988.062,sender,afd52c65-5ce1-4c35-a594-c7ab9f56a53f,CONFIRM_DATA,ACK,512,1024,"unique file bytes acknowledged"
988.065,sender,afd52c65-5ce1-4c35-a594-c7ab9f56a53f,RTT_SAMPLE,ACK,512,0,"93.240000"
988.070,sender,afd52c65-5ce1-4c35-a594-c7ab9f56a53f,RECEIVE,ACK,484,36,""
988.073,sender,afd52c65-5ce1-4c35-a594-c7ab9f56a53f,ACKNOWLEDGED,ACK,484,0,""
988.075,sender,afd52c65-5ce1-4c35-a594-c7ab9f56a53f,CONFIRM_DATA,ACK,484,1024,"unique file bytes acknowledged"
988.090,sender,afd52c65-5ce1-4c35-a594-c7ab9f56a53f,RTT_SAMPLE,ACK,484,0,"108.501100"
988.095,sender,afd52c65-5ce1-4c35-a594-c7ab9f56a53f,RECEIVE,ACK,511,36,""
988.097,sender,afd52c65-5ce1-4c35-a594-c7ab9f56a53f,ACKNOWLEDGED,ACK,511,0,""
988.100,sender,afd52c65-5ce1-4c35-a594-c7ab9f56a53f,CONFIRM_DATA,ACK,511,1024,"unique file bytes acknowledged"
988.103,sender,afd52c65-5ce1-4c35-a594-c7ab9f56a53f,RTT_SAMPLE,ACK,511,0,"93.283900"
988.108,sender,afd52c65-5ce1-4c35-a594-c7ab9f56a53f,RECEIVE,ACK,475,36,""
988.111,sender,afd52c65-5ce1-4c35-a594-c7ab9f56a53f,ACKNOWLEDGED,ACK,475,0,""
988.113,sender,afd52c65-5ce1-4c35-a594-c7ab9f56a53f,CONFIRM_DATA,ACK,475,1024,"unique file bytes acknowledged"
988.117,sender,afd52c65-5ce1-4c35-a594-c7ab9f56a53f,RTT_SAMPLE,ACK,475,0,"108.668200"
988.121,sender,afd52c65-5ce1-4c35-a594-c7ab9f56a53f,SEND,DATA,539,1060,""
988.125,sender,afd52c65-5ce1-4c35-a594-c7ab9f56a53f,SEND,DATA,540,1060,""
988.130,sender,afd52c65-5ce1-4c35-a594-c7ab9f56a53f,RECEIVE,ACK,496,36,""
988.132,sender,afd52c65-5ce1-4c35-a594-c7ab9f56a53f,ACKNOWLEDGED,ACK,496,0,""
988.135,sender,afd52c65-5ce1-4c35-a594-c7ab9f56a53f,CONFIRM_DATA,ACK,496,1024,"unique file bytes acknowledged"
988.138,sender,afd52c65-5ce1-4c35-a594-c7ab9f56a53f,RTT_SAMPLE,ACK,496,0,"108.336800"
988.143,sender,afd52c65-5ce1-4c35-a594-c7ab9f56a53f,RECEIVE,ACK,513,36,""
988.146,sender,afd52c65-5ce1-4c35-a594-c7ab9f56a53f,ACKNOWLEDGED,ACK,513,0,""
988.148,sender,afd52c65-5ce1-4c35-a594-c7ab9f56a53f,CONFIRM_DATA,ACK,513,1024,"unique file bytes acknowledged"
988.151,sender,afd52c65-5ce1-4c35-a594-c7ab9f56a53f,RTT_SAMPLE,ACK,513,0,"93.320000"
1002.859,sender,afd52c65-5ce1-4c35-a594-c7ab9f56a53f,EMIT,DATA,530,1060,""
1002.883,sender,afd52c65-5ce1-4c35-a594-c7ab9f56a53f,EMIT,DATA,521,1060,""
1002.892,sender,afd52c65-5ce1-4c35-a594-c7ab9f56a53f,EMIT,DATA,538,1060,""
1002.930,sender,afd52c65-5ce1-4c35-a594-c7ab9f56a53f,EMIT,DATA,532,1060,""
1002.940,sender,afd52c65-5ce1-4c35-a594-c7ab9f56a53f,EMIT,DATA,536,1060,""
1002.949,sender,afd52c65-5ce1-4c35-a594-c7ab9f56a53f,EMIT,DATA,537,1060,""
1002.959,sender,afd52c65-5ce1-4c35-a594-c7ab9f56a53f,EMIT,DATA,534,1060,""
1002.971,sender,afd52c65-5ce1-4c35-a594-c7ab9f56a53f,EMIT,DATA,535,1060,""
1003.067,sender,afd52c65-5ce1-4c35-a594-c7ab9f56a53f,RECEIVE,ACK,485,36,""
1003.082,sender,afd52c65-5ce1-4c35-a594-c7ab9f56a53f,ACKNOWLEDGED,ACK,485,0,""
1003.088,sender,afd52c65-5ce1-4c35-a594-c7ab9f56a53f,CONFIRM_DATA,ACK,485,1024,"unique file bytes acknowledged"
1003.095,sender,afd52c65-5ce1-4c35-a594-c7ab9f56a53f,RTT_SAMPLE,ACK,485,0,"123.501000"
1003.113,sender,afd52c65-5ce1-4c35-a594-c7ab9f56a53f,RECEIVE,ACK,515,36,""
1003.119,sender,afd52c65-5ce1-4c35-a594-c7ab9f56a53f,ACKNOWLEDGED,ACK,515,0,""
1003.123,sender,afd52c65-5ce1-4c35-a594-c7ab9f56a53f,CONFIRM_DATA,ACK,515,1024,"unique file bytes acknowledged"
1003.128,sender,afd52c65-5ce1-4c35-a594-c7ab9f56a53f,RTT_SAMPLE,ACK,515,0,"108.284000"
1003.138,sender,afd52c65-5ce1-4c35-a594-c7ab9f56a53f,RECEIVE,ACK,477,36,""
1003.143,sender,afd52c65-5ce1-4c35-a594-c7ab9f56a53f,ACKNOWLEDGED,ACK,477,0,""
1003.147,sender,afd52c65-5ce1-4c35-a594-c7ab9f56a53f,CONFIRM_DATA,ACK,477,1024,"unique file bytes acknowledged"
1003.152,sender,afd52c65-5ce1-4c35-a594-c7ab9f56a53f,RTT_SAMPLE,ACK,477,0,"123.587100"
1003.161,sender,afd52c65-5ce1-4c35-a594-c7ab9f56a53f,SEND,DATA,541,1060,""
1003.166,sender,afd52c65-5ce1-4c35-a594-c7ab9f56a53f,SEND,DATA,542,1060,""
1003.171,sender,afd52c65-5ce1-4c35-a594-c7ab9f56a53f,SEND,DATA,543,1060,""
1003.175,sender,afd52c65-5ce1-4c35-a594-c7ab9f56a53f,SEND,DATA,544,1060,""
1003.179,sender,afd52c65-5ce1-4c35-a594-c7ab9f56a53f,SEND,DATA,545,1060,""
1003.183,sender,afd52c65-5ce1-4c35-a594-c7ab9f56a53f,SEND,DATA,546,1060,""
1003.187,sender,afd52c65-5ce1-4c35-a594-c7ab9f56a53f,SEND,DATA,547,1060,""
1003.191,sender,afd52c65-5ce1-4c35-a594-c7ab9f56a53f,SEND,DATA,548,1060,""
1003.195,sender,afd52c65-5ce1-4c35-a594-c7ab9f56a53f,SEND,DATA,549,1060,""
1003.198,sender,afd52c65-5ce1-4c35-a594-c7ab9f56a53f,SEND,DATA,550,1060,""
1003.202,sender,afd52c65-5ce1-4c35-a594-c7ab9f56a53f,SEND,DATA,551,1060,""
1003.264,sender,afd52c65-5ce1-4c35-a594-c7ab9f56a53f,SEND,DATA,552,1060,""
1003.270,sender,afd52c65-5ce1-4c35-a594-c7ab9f56a53f,SEND,DATA,553,1060,""
1003.274,sender,afd52c65-5ce1-4c35-a594-c7ab9f56a53f,SEND,DATA,554,1060,""
1003.279,sender,afd52c65-5ce1-4c35-a594-c7ab9f56a53f,SEND,DATA,555,1060,""
1003.283,sender,afd52c65-5ce1-4c35-a594-c7ab9f56a53f,SEND,DATA,556,1060,""
1003.287,sender,afd52c65-5ce1-4c35-a594-c7ab9f56a53f,SEND,DATA,557,1060,""
1003.450,sender,afd52c65-5ce1-4c35-a594-c7ab9f56a53f,SEND,DATA,558,1060,""
1003.468,sender,afd52c65-5ce1-4c35-a594-c7ab9f56a53f,SEND,DATA,559,1060,""
1003.483,sender,afd52c65-5ce1-4c35-a594-c7ab9f56a53f,SEND,DATA,560,1060,""
1003.503,sender,afd52c65-5ce1-4c35-a594-c7ab9f56a53f,SEND,DATA,561,1060,""
1003.506,sender,afd52c65-5ce1-4c35-a594-c7ab9f56a53f,SEND,DATA,562,1060,""
1003.526,sender,afd52c65-5ce1-4c35-a594-c7ab9f56a53f,RECEIVE,ACK,505,36,""
1003.530,sender,afd52c65-5ce1-4c35-a594-c7ab9f56a53f,ACKNOWLEDGED,ACK,505,0,""
1003.532,sender,afd52c65-5ce1-4c35-a594-c7ab9f56a53f,CONFIRM_DATA,ACK,505,1024,"unique file bytes acknowledged"
1003.537,sender,afd52c65-5ce1-4c35-a594-c7ab9f56a53f,RTT_SAMPLE,ACK,505,0,"108.850900"
1003.550,sender,afd52c65-5ce1-4c35-a594-c7ab9f56a53f,RECEIVE,ACK,506,36,""
1003.553,sender,afd52c65-5ce1-4c35-a594-c7ab9f56a53f,ACKNOWLEDGED,ACK,506,0,""
1003.555,sender,afd52c65-5ce1-4c35-a594-c7ab9f56a53f,CONFIRM_DATA,ACK,506,1024,"unique file bytes acknowledged"
1003.558,sender,afd52c65-5ce1-4c35-a594-c7ab9f56a53f,RTT_SAMPLE,ACK,506,0,"108.769500"
1003.563,sender,afd52c65-5ce1-4c35-a594-c7ab9f56a53f,RECEIVE,ACK,499,36,""
1003.566,sender,afd52c65-5ce1-4c35-a594-c7ab9f56a53f,ACKNOWLEDGED,ACK,499,0,""
1003.568,sender,afd52c65-5ce1-4c35-a594-c7ab9f56a53f,CONFIRM_DATA,ACK,499,1024,"unique file bytes acknowledged"
1003.571,sender,afd52c65-5ce1-4c35-a594-c7ab9f56a53f,RTT_SAMPLE,ACK,499,0,"123.759300"
1003.574,sender,afd52c65-5ce1-4c35-a594-c7ab9f56a53f,SEND,DATA,563,1060,""
1003.584,sender,afd52c65-5ce1-4c35-a594-c7ab9f56a53f,SEND,DATA,564,1060,""
1003.586,sender,afd52c65-5ce1-4c35-a594-c7ab9f56a53f,SEND,DATA,565,1060,""
1003.589,sender,afd52c65-5ce1-4c35-a594-c7ab9f56a53f,SEND,DATA,566,1060,""
1003.592,sender,afd52c65-5ce1-4c35-a594-c7ab9f56a53f,SEND,DATA,567,1060,""
1003.595,sender,afd52c65-5ce1-4c35-a594-c7ab9f56a53f,SEND,DATA,568,1060,""
1003.598,sender,afd52c65-5ce1-4c35-a594-c7ab9f56a53f,SEND,DATA,569,1060,""
1003.601,sender,afd52c65-5ce1-4c35-a594-c7ab9f56a53f,SEND,DATA,570,1060,""
1003.605,sender,afd52c65-5ce1-4c35-a594-c7ab9f56a53f,RECEIVE,ACK,526,36,""
1003.607,sender,afd52c65-5ce1-4c35-a594-c7ab9f56a53f,ACKNOWLEDGED,ACK,526,0,""
1003.610,sender,afd52c65-5ce1-4c35-a594-c7ab9f56a53f,CONFIRM_DATA,ACK,526,1024,"unique file bytes acknowledged"
1003.613,sender,afd52c65-5ce1-4c35-a594-c7ab9f56a53f,RTT_SAMPLE,ACK,526,0,"62.018500"
1019.039,sender,afd52c65-5ce1-4c35-a594-c7ab9f56a53f,RECEIVE,ACK,507,36,""
1019.058,sender,afd52c65-5ce1-4c35-a594-c7ab9f56a53f,ACKNOWLEDGED,ACK,507,0,""
1019.064,sender,afd52c65-5ce1-4c35-a594-c7ab9f56a53f,CONFIRM_DATA,ACK,507,1024,"unique file bytes acknowledged"
1019.072,sender,afd52c65-5ce1-4c35-a594-c7ab9f56a53f,RTT_SAMPLE,ACK,507,0,"124.274400"
1019.082,sender,afd52c65-5ce1-4c35-a594-c7ab9f56a53f,SEND,DATA,571,1060,""
1019.091,sender,afd52c65-5ce1-4c35-a594-c7ab9f56a53f,SEND,DATA,572,1060,""
1019.096,sender,afd52c65-5ce1-4c35-a594-c7ab9f56a53f,SEND,DATA,573,1060,""
1019.111,sender,afd52c65-5ce1-4c35-a594-c7ab9f56a53f,SEND,DATA,574,1060,""
1019.116,sender,afd52c65-5ce1-4c35-a594-c7ab9f56a53f,SEND,DATA,575,1060,""
1019.121,sender,afd52c65-5ce1-4c35-a594-c7ab9f56a53f,SEND,DATA,576,1060,""
1019.126,sender,afd52c65-5ce1-4c35-a594-c7ab9f56a53f,SEND,DATA,577,1060,""
1019.131,sender,afd52c65-5ce1-4c35-a594-c7ab9f56a53f,SEND,DATA,578,1060,""
1019.136,sender,afd52c65-5ce1-4c35-a594-c7ab9f56a53f,SEND,DATA,579,1060,""
1019.141,sender,afd52c65-5ce1-4c35-a594-c7ab9f56a53f,SEND,DATA,580,1060,""
1019.158,sender,afd52c65-5ce1-4c35-a594-c7ab9f56a53f,RECEIVE,ACK,518,36,""
1019.163,sender,afd52c65-5ce1-4c35-a594-c7ab9f56a53f,ACKNOWLEDGED,ACK,518,0,""
1019.173,sender,afd52c65-5ce1-4c35-a594-c7ab9f56a53f,CONFIRM_DATA,ACK,518,1024,"unique file bytes acknowledged"
1019.178,sender,afd52c65-5ce1-4c35-a594-c7ab9f56a53f,RTT_SAMPLE,ACK,518,0,"92.802200"
1019.189,sender,afd52c65-5ce1-4c35-a594-c7ab9f56a53f,RECEIVE,ACK,522,36,""
1019.193,sender,afd52c65-5ce1-4c35-a594-c7ab9f56a53f,ACKNOWLEDGED,ACK,522,0,""
1019.197,sender,afd52c65-5ce1-4c35-a594-c7ab9f56a53f,CONFIRM_DATA,ACK,522,1024,"unique file bytes acknowledged"
1019.202,sender,afd52c65-5ce1-4c35-a594-c7ab9f56a53f,EMIT,DATA,531,1060,""
1019.217,sender,afd52c65-5ce1-4c35-a594-c7ab9f56a53f,RTT_SAMPLE,ACK,522,0,"77.644300"
1019.261,sender,afd52c65-5ce1-4c35-a594-c7ab9f56a53f,RECEIVE,ACK,517,36,""
1019.268,sender,afd52c65-5ce1-4c35-a594-c7ab9f56a53f,EMIT,DATA,539,1060,""
1019.277,sender,afd52c65-5ce1-4c35-a594-c7ab9f56a53f,ACKNOWLEDGED,ACK,517,0,""
1019.291,sender,afd52c65-5ce1-4c35-a594-c7ab9f56a53f,CONFIRM_DATA,ACK,517,1024,"unique file bytes acknowledged"
1019.296,sender,afd52c65-5ce1-4c35-a594-c7ab9f56a53f,RTT_SAMPLE,ACK,517,0,"92.930700"
1019.303,sender,afd52c65-5ce1-4c35-a594-c7ab9f56a53f,SEND,DATA,581,1060,""
1019.308,sender,afd52c65-5ce1-4c35-a594-c7ab9f56a53f,SEND,DATA,582,1060,""
1019.321,sender,afd52c65-5ce1-4c35-a594-c7ab9f56a53f,RECEIVE,ACK,524,36,""
1019.326,sender,afd52c65-5ce1-4c35-a594-c7ab9f56a53f,ACKNOWLEDGED,ACK,524,0,""
1019.330,sender,afd52c65-5ce1-4c35-a594-c7ab9f56a53f,CONFIRM_DATA,ACK,524,1024,"unique file bytes acknowledged"
1019.335,sender,afd52c65-5ce1-4c35-a594-c7ab9f56a53f,RTT_SAMPLE,ACK,524,0,"77.753600"
1034.986,sender,afd52c65-5ce1-4c35-a594-c7ab9f56a53f,EMIT,DATA,540,1060,""
1035.016,sender,afd52c65-5ce1-4c35-a594-c7ab9f56a53f,EMIT,DATA,559,1060,""
1035.026,sender,afd52c65-5ce1-4c35-a594-c7ab9f56a53f,EMIT,DATA,544,1060,""
1035.034,sender,afd52c65-5ce1-4c35-a594-c7ab9f56a53f,EMIT,DATA,568,1060,""
1035.044,sender,afd52c65-5ce1-4c35-a594-c7ab9f56a53f,EMIT,DATA,541,1060,""
1035.053,sender,afd52c65-5ce1-4c35-a594-c7ab9f56a53f,EMIT,DATA,563,1060,""
1035.062,sender,afd52c65-5ce1-4c35-a594-c7ab9f56a53f,EMIT,DATA,564,1060,""
1035.393,sender,afd52c65-5ce1-4c35-a594-c7ab9f56a53f,RECEIVE,ACK,523,36,""
1035.404,sender,afd52c65-5ce1-4c35-a594-c7ab9f56a53f,ACKNOWLEDGED,ACK,523,0,""
1035.408,sender,afd52c65-5ce1-4c35-a594-c7ab9f56a53f,CONFIRM_DATA,ACK,523,1024,"unique file bytes acknowledged"
1035.414,sender,afd52c65-5ce1-4c35-a594-c7ab9f56a53f,RTT_SAMPLE,ACK,523,0,"93.843000"
1035.428,sender,afd52c65-5ce1-4c35-a594-c7ab9f56a53f,RECEIVE,ACK,525,36,""
1035.432,sender,afd52c65-5ce1-4c35-a594-c7ab9f56a53f,ACKNOWLEDGED,ACK,525,0,""
1035.435,sender,afd52c65-5ce1-4c35-a594-c7ab9f56a53f,CONFIRM_DATA,ACK,525,1024,"unique file bytes acknowledged"
1035.439,sender,afd52c65-5ce1-4c35-a594-c7ab9f56a53f,RTT_SAMPLE,ACK,525,0,"93.853300"
1035.451,sender,afd52c65-5ce1-4c35-a594-c7ab9f56a53f,RECEIVE,ACK,520,36,""
1035.453,sender,afd52c65-5ce1-4c35-a594-c7ab9f56a53f,ACKNOWLEDGED,ACK,520,0,""
1035.456,sender,afd52c65-5ce1-4c35-a594-c7ab9f56a53f,CONFIRM_DATA,ACK,520,1024,"unique file bytes acknowledged"
1035.459,sender,afd52c65-5ce1-4c35-a594-c7ab9f56a53f,RTT_SAMPLE,ACK,520,0,"109.061700"
1035.465,sender,afd52c65-5ce1-4c35-a594-c7ab9f56a53f,RECEIVE,ACK,528,36,""
1035.468,sender,afd52c65-5ce1-4c35-a594-c7ab9f56a53f,ACKNOWLEDGED,ACK,528,0,""
1035.471,sender,afd52c65-5ce1-4c35-a594-c7ab9f56a53f,CONFIRM_DATA,ACK,528,1024,"unique file bytes acknowledged"
1035.474,sender,afd52c65-5ce1-4c35-a594-c7ab9f56a53f,RTT_SAMPLE,ACK,528,0,"93.871500"
1035.480,sender,afd52c65-5ce1-4c35-a594-c7ab9f56a53f,RECEIVE,ACK,533,36,""
1035.483,sender,afd52c65-5ce1-4c35-a594-c7ab9f56a53f,ACKNOWLEDGED,ACK,533,0,""
1035.485,sender,afd52c65-5ce1-4c35-a594-c7ab9f56a53f,CONFIRM_DATA,ACK,533,1024,"unique file bytes acknowledged"
1035.489,sender,afd52c65-5ce1-4c35-a594-c7ab9f56a53f,RTT_SAMPLE,ACK,533,0,"78.597500"
1035.495,sender,afd52c65-5ce1-4c35-a594-c7ab9f56a53f,RECEIVE,ACK,527,36,""
1035.497,sender,afd52c65-5ce1-4c35-a594-c7ab9f56a53f,ACKNOWLEDGED,ACK,527,0,""
1035.548,sender,afd52c65-5ce1-4c35-a594-c7ab9f56a53f,CONFIRM_DATA,ACK,527,1024,"unique file bytes acknowledged"
1035.552,sender,afd52c65-5ce1-4c35-a594-c7ab9f56a53f,RTT_SAMPLE,ACK,527,0,"93.953500"
1035.558,sender,afd52c65-5ce1-4c35-a594-c7ab9f56a53f,RECEIVE,ACK,519,36,""
1035.561,sender,afd52c65-5ce1-4c35-a594-c7ab9f56a53f,ACKNOWLEDGED,ACK,519,0,""
1035.563,sender,afd52c65-5ce1-4c35-a594-c7ab9f56a53f,CONFIRM_DATA,ACK,519,1024,"unique file bytes acknowledged"
1035.566,sender,afd52c65-5ce1-4c35-a594-c7ab9f56a53f,RTT_SAMPLE,ACK,519,0,"109.183100"
1035.570,sender,afd52c65-5ce1-4c35-a594-c7ab9f56a53f,SEND,DATA,583,1060,""
1035.575,sender,afd52c65-5ce1-4c35-a594-c7ab9f56a53f,SEND,DATA,584,1060,""
1035.580,sender,afd52c65-5ce1-4c35-a594-c7ab9f56a53f,RECEIVE,ACK,529,36,""
1035.583,sender,afd52c65-5ce1-4c35-a594-c7ab9f56a53f,ACKNOWLEDGED,ACK,529,0,""
1035.585,sender,afd52c65-5ce1-4c35-a594-c7ab9f56a53f,CONFIRM_DATA,ACK,529,1024,"unique file bytes acknowledged"
1035.589,sender,afd52c65-5ce1-4c35-a594-c7ab9f56a53f,RTT_SAMPLE,ACK,529,0,"93.978100"
1035.595,sender,afd52c65-5ce1-4c35-a594-c7ab9f56a53f,RECEIVE,ACK,537,36,""
1035.598,sender,afd52c65-5ce1-4c35-a594-c7ab9f56a53f,ACKNOWLEDGED,ACK,537,0,""
1035.600,sender,afd52c65-5ce1-4c35-a594-c7ab9f56a53f,CONFIRM_DATA,ACK,537,1024,"unique file bytes acknowledged"
1035.603,sender,afd52c65-5ce1-4c35-a594-c7ab9f56a53f,RTT_SAMPLE,ACK,537,0,"78.644500"
1035.608,sender,afd52c65-5ce1-4c35-a594-c7ab9f56a53f,RECEIVE,ACK,534,36,""
1035.611,sender,afd52c65-5ce1-4c35-a594-c7ab9f56a53f,ACKNOWLEDGED,ACK,534,0,""
1035.614,sender,afd52c65-5ce1-4c35-a594-c7ab9f56a53f,CONFIRM_DATA,ACK,534,1024,"unique file bytes acknowledged"
1035.617,sender,afd52c65-5ce1-4c35-a594-c7ab9f56a53f,RTT_SAMPLE,ACK,534,0,"78.667600"
1050.827,sender,afd52c65-5ce1-4c35-a594-c7ab9f56a53f,EMIT,DATA,560,1060,""
1050.858,sender,afd52c65-5ce1-4c35-a594-c7ab9f56a53f,EMIT,DATA,550,1060,""
1050.881,sender,afd52c65-5ce1-4c35-a594-c7ab9f56a53f,EMIT,DATA,552,1060,""
1050.885,sender,afd52c65-5ce1-4c35-a594-c7ab9f56a53f,RECEIVE,ACK,535,36,""
1050.897,sender,afd52c65-5ce1-4c35-a594-c7ab9f56a53f,EMIT,DATA,553,1060,""
1050.901,sender,afd52c65-5ce1-4c35-a594-c7ab9f56a53f,ACKNOWLEDGED,ACK,535,0,""
1050.905,sender,afd52c65-5ce1-4c35-a594-c7ab9f56a53f,CONFIRM_DATA,ACK,535,1024,"unique file bytes acknowledged"
1050.910,sender,afd52c65-5ce1-4c35-a594-c7ab9f56a53f,EMIT,DATA,549,1060,""
1050.915,sender,afd52c65-5ce1-4c35-a594-c7ab9f56a53f,RTT_SAMPLE,ACK,535,0,"93.957400"
1050.924,sender,afd52c65-5ce1-4c35-a594-c7ab9f56a53f,EMIT,DATA,545,1060,""
1050.935,sender,afd52c65-5ce1-4c35-a594-c7ab9f56a53f,EMIT,DATA,546,1060,""
1050.938,sender,afd52c65-5ce1-4c35-a594-c7ab9f56a53f,RECEIVE,ACK,538,36,""
1050.942,sender,afd52c65-5ce1-4c35-a594-c7ab9f56a53f,ACKNOWLEDGED,ACK,538,0,""
1050.945,sender,afd52c65-5ce1-4c35-a594-c7ab9f56a53f,CONFIRM_DATA,ACK,538,1024,"unique file bytes acknowledged"
1050.948,sender,afd52c65-5ce1-4c35-a594-c7ab9f56a53f,EMIT,DATA,547,1060,""
1050.953,sender,afd52c65-5ce1-4c35-a594-c7ab9f56a53f,RTT_SAMPLE,ACK,538,0,"93.987300"
1050.958,sender,afd52c65-5ce1-4c35-a594-c7ab9f56a53f,EMIT,DATA,556,1060,""
1050.962,sender,afd52c65-5ce1-4c35-a594-c7ab9f56a53f,RECEIVE,ACK,530,36,""
1050.966,sender,afd52c65-5ce1-4c35-a594-c7ab9f56a53f,ACKNOWLEDGED,ACK,530,0,""
1050.969,sender,afd52c65-5ce1-4c35-a594-c7ab9f56a53f,CONFIRM_DATA,ACK,530,1024,"unique file bytes acknowledged"
1050.972,sender,afd52c65-5ce1-4c35-a594-c7ab9f56a53f,EMIT,DATA,570,1060,""
1050.977,sender,afd52c65-5ce1-4c35-a594-c7ab9f56a53f,RTT_SAMPLE,ACK,530,0,"109.257600"
1050.983,sender,afd52c65-5ce1-4c35-a594-c7ab9f56a53f,EMIT,DATA,551,1060,""
1050.986,sender,afd52c65-5ce1-4c35-a594-c7ab9f56a53f,RECEIVE,ACK,532,36,""
1050.990,sender,afd52c65-5ce1-4c35-a594-c7ab9f56a53f,ACKNOWLEDGED,ACK,532,0,""
1050.996,sender,afd52c65-5ce1-4c35-a594-c7ab9f56a53f,CONFIRM_DATA,ACK,532,1024,"unique file bytes acknowledged"
1050.999,sender,afd52c65-5ce1-4c35-a594-c7ab9f56a53f,EMIT,DATA,557,1060,""
1051.003,sender,afd52c65-5ce1-4c35-a594-c7ab9f56a53f,RTT_SAMPLE,ACK,532,0,"94.111900"
1051.008,sender,afd52c65-5ce1-4c35-a594-c7ab9f56a53f,EMIT,DATA,575,1060,""
1051.011,sender,afd52c65-5ce1-4c35-a594-c7ab9f56a53f,RECEIVE,ACK,536,36,""
1051.015,sender,afd52c65-5ce1-4c35-a594-c7ab9f56a53f,ACKNOWLEDGED,ACK,536,0,""
1051.021,sender,afd52c65-5ce1-4c35-a594-c7ab9f56a53f,CONFIRM_DATA,ACK,536,1024,"unique file bytes acknowledged"
1051.024,sender,afd52c65-5ce1-4c35-a594-c7ab9f56a53f,EMIT,DATA,543,1060,""
1051.028,sender,afd52c65-5ce1-4c35-a594-c7ab9f56a53f,RTT_SAMPLE,ACK,536,0,"94.069000"
1051.033,sender,afd52c65-5ce1-4c35-a594-c7ab9f56a53f,EMIT,DATA,558,1060,""
1051.037,sender,afd52c65-5ce1-4c35-a594-c7ab9f56a53f,RECEIVE,ACK,539,36,""
1051.040,sender,afd52c65-5ce1-4c35-a594-c7ab9f56a53f,ACKNOWLEDGED,ACK,539,0,""
1051.047,sender,afd52c65-5ce1-4c35-a594-c7ab9f56a53f,CONFIRM_DATA,ACK,539,1024,"unique file bytes acknowledged"
1051.053,sender,afd52c65-5ce1-4c35-a594-c7ab9f56a53f,EMIT,DATA,562,1060,""
1051.068,sender,afd52c65-5ce1-4c35-a594-c7ab9f56a53f,RTT_SAMPLE,ACK,539,0,"62.932900"
1051.074,sender,afd52c65-5ce1-4c35-a594-c7ab9f56a53f,EMIT,DATA,579,1060,""
1051.083,sender,afd52c65-5ce1-4c35-a594-c7ab9f56a53f,EMIT,DATA,548,1060,""
1051.097,sender,afd52c65-5ce1-4c35-a594-c7ab9f56a53f,EMIT,DATA,554,1060,""
1051.106,sender,afd52c65-5ce1-4c35-a594-c7ab9f56a53f,EMIT,DATA,542,1060,""
1051.115,sender,afd52c65-5ce1-4c35-a594-c7ab9f56a53f,EMIT,DATA,565,1060,""
1051.124,sender,afd52c65-5ce1-4c35-a594-c7ab9f56a53f,EMIT,DATA,555,1060,""
1051.133,sender,afd52c65-5ce1-4c35-a594-c7ab9f56a53f,EMIT,DATA,561,1060,""
1051.142,sender,afd52c65-5ce1-4c35-a594-c7ab9f56a53f,EMIT,DATA,566,1060,""
1051.151,sender,afd52c65-5ce1-4c35-a594-c7ab9f56a53f,EMIT,DATA,574,1060,""
1051.165,sender,afd52c65-5ce1-4c35-a594-c7ab9f56a53f,EMIT,DATA,577,1060,""
1051.174,sender,afd52c65-5ce1-4c35-a594-c7ab9f56a53f,EMIT,DATA,567,1060,""
1065.932,sender,afd52c65-5ce1-4c35-a594-c7ab9f56a53f,EMIT,DATA,569,1060,""
1065.953,sender,afd52c65-5ce1-4c35-a594-c7ab9f56a53f,EMIT,DATA,572,1060,""
1065.961,sender,afd52c65-5ce1-4c35-a594-c7ab9f56a53f,EMIT,DATA,571,1060,""
1065.982,sender,afd52c65-5ce1-4c35-a594-c7ab9f56a53f,EMIT,DATA,576,1060,""
1065.992,sender,afd52c65-5ce1-4c35-a594-c7ab9f56a53f,EMIT,DATA,581,1060,""
1066.001,sender,afd52c65-5ce1-4c35-a594-c7ab9f56a53f,EMIT,DATA,578,1060,""
1066.011,sender,afd52c65-5ce1-4c35-a594-c7ab9f56a53f,EMIT,DATA,582,1060,""
1066.021,sender,afd52c65-5ce1-4c35-a594-c7ab9f56a53f,EMIT,DATA,573,1060,""
1066.200,sender,afd52c65-5ce1-4c35-a594-c7ab9f56a53f,RECEIVE,ACK,531,36,""
1066.226,sender,afd52c65-5ce1-4c35-a594-c7ab9f56a53f,ACKNOWLEDGED,ACK,531,0,""
1066.236,sender,afd52c65-5ce1-4c35-a594-c7ab9f56a53f,CONFIRM_DATA,ACK,531,1024,"unique file bytes acknowledged"
1066.250,sender,afd52c65-5ce1-4c35-a594-c7ab9f56a53f,RTT_SAMPLE,ACK,531,0,"109.362500"
1066.284,sender,afd52c65-5ce1-4c35-a594-c7ab9f56a53f,RECEIVE,ACK,521,36,""
1066.292,sender,afd52c65-5ce1-4c35-a594-c7ab9f56a53f,ACKNOWLEDGED,ACK,521,0,""
1066.299,sender,afd52c65-5ce1-4c35-a594-c7ab9f56a53f,CONFIRM_DATA,ACK,521,1024,"unique file bytes acknowledged"
1066.308,sender,afd52c65-5ce1-4c35-a594-c7ab9f56a53f,RTT_SAMPLE,ACK,521,0,"124.777700"
1066.319,sender,afd52c65-5ce1-4c35-a594-c7ab9f56a53f,SEND,DATA,585,1060,""
1066.330,sender,afd52c65-5ce1-4c35-a594-c7ab9f56a53f,SEND,DATA,586,1060,""
1066.332,sender,afd52c65-5ce1-4c35-a594-c7ab9f56a53f,SEND,DATA,587,1060,""
1066.335,sender,afd52c65-5ce1-4c35-a594-c7ab9f56a53f,SEND,DATA,588,1060,""
1066.337,sender,afd52c65-5ce1-4c35-a594-c7ab9f56a53f,SEND,DATA,589,1060,""
1066.339,sender,afd52c65-5ce1-4c35-a594-c7ab9f56a53f,SEND,DATA,590,1060,""
1066.341,sender,afd52c65-5ce1-4c35-a594-c7ab9f56a53f,SEND,DATA,591,1060,""
1066.344,sender,afd52c65-5ce1-4c35-a594-c7ab9f56a53f,SEND,DATA,592,1060,""
1066.346,sender,afd52c65-5ce1-4c35-a594-c7ab9f56a53f,SEND,DATA,593,1060,""
1066.349,sender,afd52c65-5ce1-4c35-a594-c7ab9f56a53f,SEND,DATA,594,1060,""
1066.351,sender,afd52c65-5ce1-4c35-a594-c7ab9f56a53f,SEND,DATA,595,1060,""
1066.353,sender,afd52c65-5ce1-4c35-a594-c7ab9f56a53f,SEND,DATA,596,1060,""
1066.421,sender,afd52c65-5ce1-4c35-a594-c7ab9f56a53f,SEND,DATA,597,1060,""
1066.424,sender,afd52c65-5ce1-4c35-a594-c7ab9f56a53f,SEND,DATA,598,1060,""
1066.426,sender,afd52c65-5ce1-4c35-a594-c7ab9f56a53f,SEND,DATA,599,1060,""
1066.429,sender,afd52c65-5ce1-4c35-a594-c7ab9f56a53f,SEND,DATA,600,1060,""
1066.431,sender,afd52c65-5ce1-4c35-a594-c7ab9f56a53f,SEND,DATA,601,1060,""
1066.433,sender,afd52c65-5ce1-4c35-a594-c7ab9f56a53f,SEND,DATA,602,1060,""
1066.436,sender,afd52c65-5ce1-4c35-a594-c7ab9f56a53f,SEND,DATA,603,1060,""
1066.441,sender,afd52c65-5ce1-4c35-a594-c7ab9f56a53f,RECEIVE,ACK,541,36,""
1066.443,sender,afd52c65-5ce1-4c35-a594-c7ab9f56a53f,ACKNOWLEDGED,ACK,541,0,""
1066.445,sender,afd52c65-5ce1-4c35-a594-c7ab9f56a53f,CONFIRM_DATA,ACK,541,1024,"unique file bytes acknowledged"
1066.448,sender,afd52c65-5ce1-4c35-a594-c7ab9f56a53f,RTT_SAMPLE,ACK,541,0,"63.285900"
1081.686,sender,afd52c65-5ce1-4c35-a594-c7ab9f56a53f,EMIT,DATA,580,1060,""
1081.746,sender,afd52c65-5ce1-4c35-a594-c7ab9f56a53f,EMIT,DATA,584,1060,""
1081.795,sender,afd52c65-5ce1-4c35-a594-c7ab9f56a53f,EMIT,DATA,583,1060,""
1081.846,sender,afd52c65-5ce1-4c35-a594-c7ab9f56a53f,RECEIVE,ACK,559,36,""
1081.856,sender,afd52c65-5ce1-4c35-a594-c7ab9f56a53f,ACKNOWLEDGED,ACK,559,0,""
1081.860,sender,afd52c65-5ce1-4c35-a594-c7ab9f56a53f,CONFIRM_DATA,ACK,559,1024,"unique file bytes acknowledged"
1081.877,sender,afd52c65-5ce1-4c35-a594-c7ab9f56a53f,RTT_SAMPLE,ACK,559,0,"78.396300"
1081.892,sender,afd52c65-5ce1-4c35-a594-c7ab9f56a53f,RECEIVE,ACK,563,36,""
1081.896,sender,afd52c65-5ce1-4c35-a594-c7ab9f56a53f,ACKNOWLEDGED,ACK,563,0,""
1081.898,sender,afd52c65-5ce1-4c35-a594-c7ab9f56a53f,CONFIRM_DATA,ACK,563,1024,"unique file bytes acknowledged"
1081.902,sender,afd52c65-5ce1-4c35-a594-c7ab9f56a53f,RTT_SAMPLE,ACK,563,0,"78.327400"
1081.909,sender,afd52c65-5ce1-4c35-a594-c7ab9f56a53f,RECEIVE,ACK,540,36,""
1081.912,sender,afd52c65-5ce1-4c35-a594-c7ab9f56a53f,ACKNOWLEDGED,ACK,540,0,""
1081.914,sender,afd52c65-5ce1-4c35-a594-c7ab9f56a53f,CONFIRM_DATA,ACK,540,1024,"unique file bytes acknowledged"
1081.918,sender,afd52c65-5ce1-4c35-a594-c7ab9f56a53f,RTT_SAMPLE,ACK,540,0,"93.793000"
1081.922,sender,afd52c65-5ce1-4c35-a594-c7ab9f56a53f,SEND,DATA,604,1060,""
1081.927,sender,afd52c65-5ce1-4c35-a594-c7ab9f56a53f,SEND,DATA,605,1060,""
1081.933,sender,afd52c65-5ce1-4c35-a594-c7ab9f56a53f,RECEIVE,ACK,546,36,""
1081.935,sender,afd52c65-5ce1-4c35-a594-c7ab9f56a53f,ACKNOWLEDGED,ACK,546,0,""
1081.950,sender,afd52c65-5ce1-4c35-a594-c7ab9f56a53f,CONFIRM_DATA,ACK,546,1024,"unique file bytes acknowledged"
1081.954,sender,afd52c65-5ce1-4c35-a594-c7ab9f56a53f,RTT_SAMPLE,ACK,546,0,"78.770300"
1081.960,sender,afd52c65-5ce1-4c35-a594-c7ab9f56a53f,RECEIVE,ACK,556,36,""
1081.963,sender,afd52c65-5ce1-4c35-a594-c7ab9f56a53f,ACKNOWLEDGED,ACK,556,0,""
1081.965,sender,afd52c65-5ce1-4c35-a594-c7ab9f56a53f,CONFIRM_DATA,ACK,556,1024,"unique file bytes acknowledged"
1081.969,sender,afd52c65-5ce1-4c35-a594-c7ab9f56a53f,RTT_SAMPLE,ACK,556,0,"78.685000"
1081.974,sender,afd52c65-5ce1-4c35-a594-c7ab9f56a53f,RECEIVE,ACK,554,36,""
1081.977,sender,afd52c65-5ce1-4c35-a594-c7ab9f56a53f,ACKNOWLEDGED,ACK,554,0,""
1081.980,sender,afd52c65-5ce1-4c35-a594-c7ab9f56a53f,CONFIRM_DATA,ACK,554,1024,"unique file bytes acknowledged"
1081.983,sender,afd52c65-5ce1-4c35-a594-c7ab9f56a53f,RTT_SAMPLE,ACK,554,0,"78.708300"
1081.989,sender,afd52c65-5ce1-4c35-a594-c7ab9f56a53f,RECEIVE,ACK,561,36,""
1081.992,sender,afd52c65-5ce1-4c35-a594-c7ab9f56a53f,ACKNOWLEDGED,ACK,561,0,""
1081.995,sender,afd52c65-5ce1-4c35-a594-c7ab9f56a53f,CONFIRM_DATA,ACK,561,1024,"unique file bytes acknowledged"
1081.998,sender,afd52c65-5ce1-4c35-a594-c7ab9f56a53f,RTT_SAMPLE,ACK,561,0,"78.494500"
1082.004,sender,afd52c65-5ce1-4c35-a594-c7ab9f56a53f,RECEIVE,ACK,544,36,""
1082.006,sender,afd52c65-5ce1-4c35-a594-c7ab9f56a53f,ACKNOWLEDGED,ACK,544,0,""
1082.012,sender,afd52c65-5ce1-4c35-a594-c7ab9f56a53f,CONFIRM_DATA,ACK,544,1024,"unique file bytes acknowledged"
1082.016,sender,afd52c65-5ce1-4c35-a594-c7ab9f56a53f,RTT_SAMPLE,ACK,544,0,"78.840400"
1082.021,sender,afd52c65-5ce1-4c35-a594-c7ab9f56a53f,RECEIVE,ACK,568,36,""
1082.023,sender,afd52c65-5ce1-4c35-a594-c7ab9f56a53f,ACKNOWLEDGED,ACK,568,0,""
1082.026,sender,afd52c65-5ce1-4c35-a594-c7ab9f56a53f,CONFIRM_DATA,ACK,568,1024,"unique file bytes acknowledged"
1082.029,sender,afd52c65-5ce1-4c35-a594-c7ab9f56a53f,RTT_SAMPLE,ACK,568,0,"78.433600"
1082.035,sender,afd52c65-5ce1-4c35-a594-c7ab9f56a53f,RECEIVE,ACK,550,36,""
1082.037,sender,afd52c65-5ce1-4c35-a594-c7ab9f56a53f,ACKNOWLEDGED,ACK,550,0,""
1082.040,sender,afd52c65-5ce1-4c35-a594-c7ab9f56a53f,CONFIRM_DATA,ACK,550,1024,"unique file bytes acknowledged"
1082.043,sender,afd52c65-5ce1-4c35-a594-c7ab9f56a53f,RTT_SAMPLE,ACK,550,0,"78.843900"
1082.048,sender,afd52c65-5ce1-4c35-a594-c7ab9f56a53f,RECEIVE,ACK,560,36,""
1082.051,sender,afd52c65-5ce1-4c35-a594-c7ab9f56a53f,ACKNOWLEDGED,ACK,560,0,""
1082.053,sender,afd52c65-5ce1-4c35-a594-c7ab9f56a53f,CONFIRM_DATA,ACK,560,1024,"unique file bytes acknowledged"
1082.062,sender,afd52c65-5ce1-4c35-a594-c7ab9f56a53f,RTT_SAMPLE,ACK,560,0,"78.579000"
1082.067,sender,afd52c65-5ce1-4c35-a594-c7ab9f56a53f,RECEIVE,ACK,565,36,""
1082.069,sender,afd52c65-5ce1-4c35-a594-c7ab9f56a53f,ACKNOWLEDGED,ACK,565,0,""
1082.072,sender,afd52c65-5ce1-4c35-a594-c7ab9f56a53f,CONFIRM_DATA,ACK,565,1024,"unique file bytes acknowledged"
1082.075,sender,afd52c65-5ce1-4c35-a594-c7ab9f56a53f,RTT_SAMPLE,ACK,565,0,"78.487900"
1097.161,sender,afd52c65-5ce1-4c35-a594-c7ab9f56a53f,EMIT,DATA,596,1060,""
1097.213,sender,afd52c65-5ce1-4c35-a594-c7ab9f56a53f,EMIT,DATA,594,1060,""
1097.224,sender,afd52c65-5ce1-4c35-a594-c7ab9f56a53f,EMIT,DATA,603,1060,""
1097.234,sender,afd52c65-5ce1-4c35-a594-c7ab9f56a53f,EMIT,DATA,588,1060,""
1097.244,sender,afd52c65-5ce1-4c35-a594-c7ab9f56a53f,EMIT,DATA,601,1060,""
1097.395,sender,afd52c65-5ce1-4c35-a594-c7ab9f56a53f,RECEIVE,ACK,567,36,""
1097.409,sender,afd52c65-5ce1-4c35-a594-c7ab9f56a53f,ACKNOWLEDGED,ACK,567,0,""
1097.414,sender,afd52c65-5ce1-4c35-a594-c7ab9f56a53f,CONFIRM_DATA,ACK,567,1024,"unique file bytes acknowledged"
1097.422,sender,afd52c65-5ce1-4c35-a594-c7ab9f56a53f,RTT_SAMPLE,ACK,567,0,"93.826900"
1097.440,sender,afd52c65-5ce1-4c35-a594-c7ab9f56a53f,RECEIVE,ACK,570,36,""
1097.445,sender,afd52c65-5ce1-4c35-a594-c7ab9f56a53f,ACKNOWLEDGED,ACK,570,0,""
1097.449,sender,afd52c65-5ce1-4c35-a594-c7ab9f56a53f,CONFIRM_DATA,ACK,570,1024,"unique file bytes acknowledged"
1097.454,sender,afd52c65-5ce1-4c35-a594-c7ab9f56a53f,RTT_SAMPLE,ACK,570,0,"93.852400"
1097.464,sender,afd52c65-5ce1-4c35-a594-c7ab9f56a53f,RECEIVE,ACK,564,36,""
1097.469,sender,afd52c65-5ce1-4c35-a594-c7ab9f56a53f,ACKNOWLEDGED,ACK,564,0,""
1097.473,sender,afd52c65-5ce1-4c35-a594-c7ab9f56a53f,CONFIRM_DATA,ACK,564,1024,"unique file bytes acknowledged"
1097.477,sender,afd52c65-5ce1-4c35-a594-c7ab9f56a53f,RTT_SAMPLE,ACK,564,0,"93.892700"
1097.500,sender,afd52c65-5ce1-4c35-a594-c7ab9f56a53f,RECEIVE,ACK,562,36,""
1097.505,sender,afd52c65-5ce1-4c35-a594-c7ab9f56a53f,ACKNOWLEDGED,ACK,562,0,""
1097.509,sender,afd52c65-5ce1-4c35-a594-c7ab9f56a53f,CONFIRM_DATA,ACK,562,1024,"unique file bytes acknowledged"
1097.514,sender,afd52c65-5ce1-4c35-a594-c7ab9f56a53f,RTT_SAMPLE,ACK,562,0,"94.007400"
1097.523,sender,afd52c65-5ce1-4c35-a594-c7ab9f56a53f,RECEIVE,ACK,548,36,""
1097.528,sender,afd52c65-5ce1-4c35-a594-c7ab9f56a53f,ACKNOWLEDGED,ACK,548,0,""
1097.532,sender,afd52c65-5ce1-4c35-a594-c7ab9f56a53f,CONFIRM_DATA,ACK,548,1024,"unique file bytes acknowledged"
1097.536,sender,afd52c65-5ce1-4c35-a594-c7ab9f56a53f,RTT_SAMPLE,ACK,548,0,"94.344900"
1097.546,sender,afd52c65-5ce1-4c35-a594-c7ab9f56a53f,RECEIVE,ACK,577,36,""
1097.550,sender,afd52c65-5ce1-4c35-a594-c7ab9f56a53f,ACKNOWLEDGED,ACK,577,0,""
1097.554,sender,afd52c65-5ce1-4c35-a594-c7ab9f56a53f,CONFIRM_DATA,ACK,577,1024,"unique file bytes acknowledged"
1097.558,sender,afd52c65-5ce1-4c35-a594-c7ab9f56a53f,RTT_SAMPLE,ACK,577,0,"78.431600"
1097.587,sender,afd52c65-5ce1-4c35-a594-c7ab9f56a53f,RECEIVE,ACK,553,36,""
1097.592,sender,afd52c65-5ce1-4c35-a594-c7ab9f56a53f,ACKNOWLEDGED,ACK,553,0,""
1097.653,sender,afd52c65-5ce1-4c35-a594-c7ab9f56a53f,CONFIRM_DATA,ACK,553,1024,"unique file bytes acknowledged"
1097.659,sender,afd52c65-5ce1-4c35-a594-c7ab9f56a53f,RTT_SAMPLE,ACK,553,0,"94.388200"
1097.669,sender,afd52c65-5ce1-4c35-a594-c7ab9f56a53f,RECEIVE,ACK,555,36,""
1097.673,sender,afd52c65-5ce1-4c35-a594-c7ab9f56a53f,ACKNOWLEDGED,ACK,555,0,""
1097.676,sender,afd52c65-5ce1-4c35-a594-c7ab9f56a53f,CONFIRM_DATA,ACK,555,1024,"unique file bytes acknowledged"
1097.680,sender,afd52c65-5ce1-4c35-a594-c7ab9f56a53f,RTT_SAMPLE,ACK,555,0,"94.401000"
1097.700,sender,afd52c65-5ce1-4c35-a594-c7ab9f56a53f,RECEIVE,ACK,574,36,""
1097.704,sender,afd52c65-5ce1-4c35-a594-c7ab9f56a53f,ACKNOWLEDGED,ACK,574,0,""
1097.707,sender,afd52c65-5ce1-4c35-a594-c7ab9f56a53f,CONFIRM_DATA,ACK,574,1024,"unique file bytes acknowledged"
1097.711,sender,afd52c65-5ce1-4c35-a594-c7ab9f56a53f,RTT_SAMPLE,ACK,574,0,"78.599300"
1097.854,sender,afd52c65-5ce1-4c35-a594-c7ab9f56a53f,RECEIVE,ACK,545,36,""
1097.862,sender,afd52c65-5ce1-4c35-a594-c7ab9f56a53f,ACKNOWLEDGED,ACK,545,0,""
1097.865,sender,afd52c65-5ce1-4c35-a594-c7ab9f56a53f,CONFIRM_DATA,ACK,545,1024,"unique file bytes acknowledged"
1097.869,sender,afd52c65-5ce1-4c35-a594-c7ab9f56a53f,RTT_SAMPLE,ACK,545,0,"94.689200"
1097.876,sender,afd52c65-5ce1-4c35-a594-c7ab9f56a53f,RECEIVE,ACK,551,36,""
1097.878,sender,afd52c65-5ce1-4c35-a594-c7ab9f56a53f,ACKNOWLEDGED,ACK,551,0,""
1097.880,sender,afd52c65-5ce1-4c35-a594-c7ab9f56a53f,CONFIRM_DATA,ACK,551,1024,"unique file bytes acknowledged"
1097.883,sender,afd52c65-5ce1-4c35-a594-c7ab9f56a53f,RTT_SAMPLE,ACK,551,0,"94.680000"
1097.887,sender,afd52c65-5ce1-4c35-a594-c7ab9f56a53f,RECEIVE,ACK,575,36,""
1097.889,sender,afd52c65-5ce1-4c35-a594-c7ab9f56a53f,ACKNOWLEDGED,ACK,575,0,""
1097.891,sender,afd52c65-5ce1-4c35-a594-c7ab9f56a53f,CONFIRM_DATA,ACK,575,1024,"unique file bytes acknowledged"
1097.894,sender,afd52c65-5ce1-4c35-a594-c7ab9f56a53f,RTT_SAMPLE,ACK,575,0,"78.777200"
1097.898,sender,afd52c65-5ce1-4c35-a594-c7ab9f56a53f,RECEIVE,ACK,573,36,""
1097.900,sender,afd52c65-5ce1-4c35-a594-c7ab9f56a53f,ACKNOWLEDGED,ACK,573,0,""
1097.902,sender,afd52c65-5ce1-4c35-a594-c7ab9f56a53f,CONFIRM_DATA,ACK,573,1024,"unique file bytes acknowledged"
1097.905,sender,afd52c65-5ce1-4c35-a594-c7ab9f56a53f,RTT_SAMPLE,ACK,573,0,"78.807900"
1097.909,sender,afd52c65-5ce1-4c35-a594-c7ab9f56a53f,RECEIVE,ACK,557,36,""
1097.911,sender,afd52c65-5ce1-4c35-a594-c7ab9f56a53f,ACKNOWLEDGED,ACK,557,0,""
1097.913,sender,afd52c65-5ce1-4c35-a594-c7ab9f56a53f,CONFIRM_DATA,ACK,557,1024,"unique file bytes acknowledged"
1097.915,sender,afd52c65-5ce1-4c35-a594-c7ab9f56a53f,RTT_SAMPLE,ACK,557,0,"94.627600"
1097.924,sender,afd52c65-5ce1-4c35-a594-c7ab9f56a53f,RECEIVE,ACK,542,36,""
1097.926,sender,afd52c65-5ce1-4c35-a594-c7ab9f56a53f,ACKNOWLEDGED,ACK,542,0,""
1097.928,sender,afd52c65-5ce1-4c35-a594-c7ab9f56a53f,CONFIRM_DATA,ACK,542,1024,"unique file bytes acknowledged"
1097.930,sender,afd52c65-5ce1-4c35-a594-c7ab9f56a53f,RTT_SAMPLE,ACK,542,0,"94.763800"
1097.933,sender,afd52c65-5ce1-4c35-a594-c7ab9f56a53f,SEND,DATA,606,1060,""
1112.113,sender,afd52c65-5ce1-4c35-a594-c7ab9f56a53f,EMIT,DATA,598,1060,""
1112.163,sender,afd52c65-5ce1-4c35-a594-c7ab9f56a53f,EMIT,DATA,600,1060,""
1112.184,sender,afd52c65-5ce1-4c35-a594-c7ab9f56a53f,EMIT,DATA,590,1060,""
1112.210,sender,afd52c65-5ce1-4c35-a594-c7ab9f56a53f,EMIT,DATA,602,1060,""
1112.229,sender,afd52c65-5ce1-4c35-a594-c7ab9f56a53f,EMIT,DATA,589,1060,""
1112.258,sender,afd52c65-5ce1-4c35-a594-c7ab9f56a53f,EMIT,DATA,593,1060,""
1112.275,sender,afd52c65-5ce1-4c35-a594-c7ab9f56a53f,EMIT,DATA,586,1060,""
1112.291,sender,afd52c65-5ce1-4c35-a594-c7ab9f56a53f,EMIT,DATA,587,1060,""
1112.309,sender,afd52c65-5ce1-4c35-a594-c7ab9f56a53f,EMIT,DATA,591,1060,""
1112.325,sender,afd52c65-5ce1-4c35-a594-c7ab9f56a53f,EMIT,DATA,592,1060,""
1112.334,sender,afd52c65-5ce1-4c35-a594-c7ab9f56a53f,RECEIVE,ACK,558,36,""
1112.359,sender,afd52c65-5ce1-4c35-a594-c7ab9f56a53f,EMIT,DATA,595,1060,""
1112.365,sender,afd52c65-5ce1-4c35-a594-c7ab9f56a53f,ACKNOWLEDGED,ACK,558,0,""
1112.375,sender,afd52c65-5ce1-4c35-a594-c7ab9f56a53f,CONFIRM_DATA,ACK,558,1024,"unique file bytes acknowledged"
1112.384,sender,afd52c65-5ce1-4c35-a594-c7ab9f56a53f,EMIT,DATA,605,1060,""
1112.394,sender,afd52c65-5ce1-4c35-a594-c7ab9f56a53f,RTT_SAMPLE,ACK,558,0,"108.948400"
1112.415,sender,afd52c65-5ce1-4c35-a594-c7ab9f56a53f,EMIT,DATA,585,1060,""
1112.439,sender,afd52c65-5ce1-4c35-a594-c7ab9f56a53f,RECEIVE,ACK,552,36,""
1112.446,sender,afd52c65-5ce1-4c35-a594-c7ab9f56a53f,ACKNOWLEDGED,ACK,552,0,""
1112.454,sender,afd52c65-5ce1-4c35-a594-c7ab9f56a53f,CONFIRM_DATA,ACK,552,1024,"unique file bytes acknowledged"
1112.463,sender,afd52c65-5ce1-4c35-a594-c7ab9f56a53f,RTT_SAMPLE,ACK,552,0,"109.196700"
1112.480,sender,afd52c65-5ce1-4c35-a594-c7ab9f56a53f,RECEIVE,ACK,572,36,""
1112.486,sender,afd52c65-5ce1-4c35-a594-c7ab9f56a53f,ACKNOWLEDGED,ACK,572,0,""
1112.491,sender,afd52c65-5ce1-4c35-a594-c7ab9f56a53f,CONFIRM_DATA,ACK,572,1024,"unique file bytes acknowledged"
1112.498,sender,afd52c65-5ce1-4c35-a594-c7ab9f56a53f,RTT_SAMPLE,ACK,572,0,"93.405500"
1112.510,sender,afd52c65-5ce1-4c35-a594-c7ab9f56a53f,RECEIVE,ACK,549,36,""
1112.515,sender,afd52c65-5ce1-4c35-a594-c7ab9f56a53f,ACKNOWLEDGED,ACK,549,0,""
1112.521,sender,afd52c65-5ce1-4c35-a594-c7ab9f56a53f,CONFIRM_DATA,ACK,549,1024,"unique file bytes acknowledged"
1112.527,sender,afd52c65-5ce1-4c35-a594-c7ab9f56a53f,RTT_SAMPLE,ACK,549,0,"109.331200"
1112.538,sender,afd52c65-5ce1-4c35-a594-c7ab9f56a53f,RECEIVE,ACK,543,36,""
1112.544,sender,afd52c65-5ce1-4c35-a594-c7ab9f56a53f,ACKNOWLEDGED,ACK,543,0,""
1112.549,sender,afd52c65-5ce1-4c35-a594-c7ab9f56a53f,CONFIRM_DATA,ACK,543,1024,"unique file bytes acknowledged"
1112.555,sender,afd52c65-5ce1-4c35-a594-c7ab9f56a53f,RTT_SAMPLE,ACK,543,0,"109.383200"
1112.563,sender,afd52c65-5ce1-4c35-a594-c7ab9f56a53f,SEND,DATA,607,1060,""
1112.573,sender,afd52c65-5ce1-4c35-a594-c7ab9f56a53f,SEND,DATA,608,1060,""
1112.579,sender,afd52c65-5ce1-4c35-a594-c7ab9f56a53f,SEND,DATA,609,1060,""
1112.585,sender,afd52c65-5ce1-4c35-a594-c7ab9f56a53f,SEND,DATA,610,1060,""
1112.595,sender,afd52c65-5ce1-4c35-a594-c7ab9f56a53f,RECEIVE,ACK,547,36,""
1112.612,sender,afd52c65-5ce1-4c35-a594-c7ab9f56a53f,ACKNOWLEDGED,ACK,547,0,""
1112.617,sender,afd52c65-5ce1-4c35-a594-c7ab9f56a53f,CONFIRM_DATA,ACK,547,1024,"unique file bytes acknowledged"
1112.624,sender,afd52c65-5ce1-4c35-a594-c7ab9f56a53f,RTT_SAMPLE,ACK,547,0,"109.436100"
1112.631,sender,afd52c65-5ce1-4c35-a594-c7ab9f56a53f,SEND,DATA,611,1060,""
1112.638,sender,afd52c65-5ce1-4c35-a594-c7ab9f56a53f,SEND,DATA,612,1060,""
1112.644,sender,afd52c65-5ce1-4c35-a594-c7ab9f56a53f,SEND,DATA,613,1060,""
1112.650,sender,afd52c65-5ce1-4c35-a594-c7ab9f56a53f,SEND,DATA,614,1060,""
1112.656,sender,afd52c65-5ce1-4c35-a594-c7ab9f56a53f,SEND,DATA,615,1060,""
1112.662,sender,afd52c65-5ce1-4c35-a594-c7ab9f56a53f,SEND,DATA,616,1060,""
1112.668,sender,afd52c65-5ce1-4c35-a594-c7ab9f56a53f,SEND,DATA,617,1060,""
1112.674,sender,afd52c65-5ce1-4c35-a594-c7ab9f56a53f,SEND,DATA,618,1060,""
1112.680,sender,afd52c65-5ce1-4c35-a594-c7ab9f56a53f,SEND,DATA,619,1060,""
1112.687,sender,afd52c65-5ce1-4c35-a594-c7ab9f56a53f,SEND,DATA,620,1060,""
1112.692,sender,afd52c65-5ce1-4c35-a594-c7ab9f56a53f,SEND,DATA,621,1060,""
1112.704,sender,afd52c65-5ce1-4c35-a594-c7ab9f56a53f,SEND,DATA,622,1060,""
1112.713,sender,afd52c65-5ce1-4c35-a594-c7ab9f56a53f,SEND,DATA,623,1060,""
1112.724,sender,afd52c65-5ce1-4c35-a594-c7ab9f56a53f,SEND,DATA,624,1060,""
1112.730,sender,afd52c65-5ce1-4c35-a594-c7ab9f56a53f,SEND,DATA,625,1060,""
1112.736,sender,afd52c65-5ce1-4c35-a594-c7ab9f56a53f,SEND,DATA,626,1060,""
1112.742,sender,afd52c65-5ce1-4c35-a594-c7ab9f56a53f,SEND,DATA,627,1060,""
1112.748,sender,afd52c65-5ce1-4c35-a594-c7ab9f56a53f,SEND,DATA,628,1060,""
1112.755,sender,afd52c65-5ce1-4c35-a594-c7ab9f56a53f,SEND,DATA,629,1060,""
1112.765,sender,afd52c65-5ce1-4c35-a594-c7ab9f56a53f,RECEIVE,ACK,579,36,""
1112.771,sender,afd52c65-5ce1-4c35-a594-c7ab9f56a53f,ACKNOWLEDGED,ACK,579,0,""
1112.834,sender,afd52c65-5ce1-4c35-a594-c7ab9f56a53f,CONFIRM_DATA,ACK,579,1024,"unique file bytes acknowledged"
1112.842,sender,afd52c65-5ce1-4c35-a594-c7ab9f56a53f,RTT_SAMPLE,ACK,579,0,"93.704300"
1112.855,sender,afd52c65-5ce1-4c35-a594-c7ab9f56a53f,RECEIVE,ACK,569,36,""
1112.860,sender,afd52c65-5ce1-4c35-a594-c7ab9f56a53f,ACKNOWLEDGED,ACK,569,0,""
1112.865,sender,afd52c65-5ce1-4c35-a594-c7ab9f56a53f,CONFIRM_DATA,ACK,569,1024,"unique file bytes acknowledged"
1112.872,sender,afd52c65-5ce1-4c35-a594-c7ab9f56a53f,RTT_SAMPLE,ACK,569,0,"109.272800"
1112.886,sender,afd52c65-5ce1-4c35-a594-c7ab9f56a53f,RECEIVE,ACK,566,36,""
1112.891,sender,afd52c65-5ce1-4c35-a594-c7ab9f56a53f,ACKNOWLEDGED,ACK,566,0,""
1112.896,sender,afd52c65-5ce1-4c35-a594-c7ab9f56a53f,CONFIRM_DATA,ACK,566,1024,"unique file bytes acknowledged"
1112.903,sender,afd52c65-5ce1-4c35-a594-c7ab9f56a53f,RTT_SAMPLE,ACK,566,0,"109.311900"
1112.910,sender,afd52c65-5ce1-4c35-a594-c7ab9f56a53f,SEND,DATA,630,1060,""
1112.916,sender,afd52c65-5ce1-4c35-a594-c7ab9f56a53f,SEND,DATA,631,1060,""
1112.922,sender,afd52c65-5ce1-4c35-a594-c7ab9f56a53f,SEND,DATA,632,1060,""
1112.929,sender,afd52c65-5ce1-4c35-a594-c7ab9f56a53f,SEND,DATA,633,1060,""
1112.935,sender,afd52c65-5ce1-4c35-a594-c7ab9f56a53f,SEND,DATA,634,1060,""
1112.945,sender,afd52c65-5ce1-4c35-a594-c7ab9f56a53f,RECEIVE,ACK,576,36,""
1112.951,sender,afd52c65-5ce1-4c35-a594-c7ab9f56a53f,ACKNOWLEDGED,ACK,576,0,""
1112.956,sender,afd52c65-5ce1-4c35-a594-c7ab9f56a53f,CONFIRM_DATA,ACK,576,1024,"unique file bytes acknowledged"
1112.971,sender,afd52c65-5ce1-4c35-a594-c7ab9f56a53f,RTT_SAMPLE,ACK,576,0,"93.848100"
1112.982,sender,afd52c65-5ce1-4c35-a594-c7ab9f56a53f,RECEIVE,ACK,578,36,""
1112.988,sender,afd52c65-5ce1-4c35-a594-c7ab9f56a53f,ACKNOWLEDGED,ACK,578,0,""
1112.993,sender,afd52c65-5ce1-4c35-a594-c7ab9f56a53f,CONFIRM_DATA,ACK,578,1024,"unique file bytes acknowledged"
1112.999,sender,afd52c65-5ce1-4c35-a594-c7ab9f56a53f,RTT_SAMPLE,ACK,578,0,"93.867000"
1113.011,sender,afd52c65-5ce1-4c35-a594-c7ab9f56a53f,RECEIVE,ACK,584,36,""
1113.016,sender,afd52c65-5ce1-4c35-a594-c7ab9f56a53f,ACKNOWLEDGED,ACK,584,0,""
1113.022,sender,afd52c65-5ce1-4c35-a594-c7ab9f56a53f,CONFIRM_DATA,ACK,584,1024,"unique file bytes acknowledged"
1113.028,sender,afd52c65-5ce1-4c35-a594-c7ab9f56a53f,RTT_SAMPLE,ACK,584,0,"77.452400"
1113.040,sender,afd52c65-5ce1-4c35-a594-c7ab9f56a53f,RECEIVE,ACK,571,36,""
1113.045,sender,afd52c65-5ce1-4c35-a594-c7ab9f56a53f,ACKNOWLEDGED,ACK,571,0,""
1113.051,sender,afd52c65-5ce1-4c35-a594-c7ab9f56a53f,CONFIRM_DATA,ACK,571,1024,"unique file bytes acknowledged"
1113.058,sender,afd52c65-5ce1-4c35-a594-c7ab9f56a53f,RTT_SAMPLE,ACK,571,0,"93.974500"
1113.065,sender,afd52c65-5ce1-4c35-a594-c7ab9f56a53f,SEND,DATA,635,1060,""
1113.071,sender,afd52c65-5ce1-4c35-a594-c7ab9f56a53f,SEND,DATA,636,1060,""
1113.077,sender,afd52c65-5ce1-4c35-a594-c7ab9f56a53f,SEND,DATA,637,1060,""
1113.083,sender,afd52c65-5ce1-4c35-a594-c7ab9f56a53f,SEND,DATA,638,1060,""
1113.093,sender,afd52c65-5ce1-4c35-a594-c7ab9f56a53f,SEND,DATA,639,1060,""
1113.099,sender,afd52c65-5ce1-4c35-a594-c7ab9f56a53f,SEND,DATA,640,1060,""
1113.109,sender,afd52c65-5ce1-4c35-a594-c7ab9f56a53f,SEND,DATA,641,1060,""
1113.115,sender,afd52c65-5ce1-4c35-a594-c7ab9f56a53f,SEND,DATA,642,1060,""
1113.121,sender,afd52c65-5ce1-4c35-a594-c7ab9f56a53f,SEND,DATA,643,1060,""
1113.131,sender,afd52c65-5ce1-4c35-a594-c7ab9f56a53f,RECEIVE,ACK,583,36,""
1113.136,sender,afd52c65-5ce1-4c35-a594-c7ab9f56a53f,ACKNOWLEDGED,ACK,583,0,""
1113.142,sender,afd52c65-5ce1-4c35-a594-c7ab9f56a53f,CONFIRM_DATA,ACK,583,1024,"unique file bytes acknowledged"
1113.148,sender,afd52c65-5ce1-4c35-a594-c7ab9f56a53f,RTT_SAMPLE,ACK,583,0,"77.576800"
1113.160,sender,afd52c65-5ce1-4c35-a594-c7ab9f56a53f,RECEIVE,ACK,582,36,""
1113.165,sender,afd52c65-5ce1-4c35-a594-c7ab9f56a53f,ACKNOWLEDGED,ACK,582,0,""
1113.170,sender,afd52c65-5ce1-4c35-a594-c7ab9f56a53f,CONFIRM_DATA,ACK,582,1024,"unique file bytes acknowledged"
1113.177,sender,afd52c65-5ce1-4c35-a594-c7ab9f56a53f,RTT_SAMPLE,ACK,582,0,"93.867300"
1113.188,sender,afd52c65-5ce1-4c35-a594-c7ab9f56a53f,RECEIVE,ACK,580,36,""
1113.193,sender,afd52c65-5ce1-4c35-a594-c7ab9f56a53f,ACKNOWLEDGED,ACK,580,0,""
1113.198,sender,afd52c65-5ce1-4c35-a594-c7ab9f56a53f,CONFIRM_DATA,ACK,580,1024,"unique file bytes acknowledged"
1113.216,sender,afd52c65-5ce1-4c35-a594-c7ab9f56a53f,RTT_SAMPLE,ACK,580,0,"94.073800"
1113.223,sender,afd52c65-5ce1-4c35-a594-c7ab9f56a53f,SEND,DATA,644,1060,""
1127.990,sender,afd52c65-5ce1-4c35-a594-c7ab9f56a53f,EMIT,DATA,597,1060,""
1128.019,sender,afd52c65-5ce1-4c35-a594-c7ab9f56a53f,EMIT,DATA,599,1060,""
1128.034,sender,afd52c65-5ce1-4c35-a594-c7ab9f56a53f,EMIT,DATA,604,1060,""
1128.236,sender,afd52c65-5ce1-4c35-a594-c7ab9f56a53f,RECEIVE,ACK,581,36,""
1128.253,sender,afd52c65-5ce1-4c35-a594-c7ab9f56a53f,ACKNOWLEDGED,ACK,581,0,""
1128.259,sender,afd52c65-5ce1-4c35-a594-c7ab9f56a53f,CONFIRM_DATA,ACK,581,1024,"unique file bytes acknowledged"
1128.268,sender,afd52c65-5ce1-4c35-a594-c7ab9f56a53f,RTT_SAMPLE,ACK,581,0,"108.962600"
1128.279,sender,afd52c65-5ce1-4c35-a594-c7ab9f56a53f,SEND,DATA,645,1060,""
1128.287,sender,afd52c65-5ce1-4c35-a594-c7ab9f56a53f,SEND,DATA,646,1060,""
1128.292,sender,afd52c65-5ce1-4c35-a594-c7ab9f56a53f,SEND,DATA,647,1060,""
1128.298,sender,afd52c65-5ce1-4c35-a594-c7ab9f56a53f,SEND,DATA,648,1060,""
1144.479,sender,afd52c65-5ce1-4c35-a594-c7ab9f56a53f,EMIT,DATA,606,1060,""
1144.505,sender,afd52c65-5ce1-4c35-a594-c7ab9f56a53f,EMIT,DATA,642,1060,""
1144.521,sender,afd52c65-5ce1-4c35-a594-c7ab9f56a53f,EMIT,DATA,639,1060,""
1144.532,sender,afd52c65-5ce1-4c35-a594-c7ab9f56a53f,EMIT,DATA,613,1060,""
1144.542,sender,afd52c65-5ce1-4c35-a594-c7ab9f56a53f,EMIT,DATA,628,1060,""
1144.551,sender,afd52c65-5ce1-4c35-a594-c7ab9f56a53f,EMIT,DATA,625,1060,""
1144.560,sender,afd52c65-5ce1-4c35-a594-c7ab9f56a53f,EMIT,DATA,644,1060,""
1144.569,sender,afd52c65-5ce1-4c35-a594-c7ab9f56a53f,EMIT,DATA,618,1060,""
1144.590,sender,afd52c65-5ce1-4c35-a594-c7ab9f56a53f,EMIT,DATA,641,1060,""
1144.599,sender,afd52c65-5ce1-4c35-a594-c7ab9f56a53f,EMIT,DATA,609,1060,""
1144.666,sender,afd52c65-5ce1-4c35-a594-c7ab9f56a53f,RECEIVE,ACK,603,36,""
1144.691,sender,afd52c65-5ce1-4c35-a594-c7ab9f56a53f,ACKNOWLEDGED,ACK,603,0,""
1144.700,sender,afd52c65-5ce1-4c35-a594-c7ab9f56a53f,CONFIRM_DATA,ACK,603,1024,"unique file bytes acknowledged"
1144.715,sender,afd52c65-5ce1-4c35-a594-c7ab9f56a53f,RTT_SAMPLE,ACK,603,0,"78.273800"
1144.747,sender,afd52c65-5ce1-4c35-a594-c7ab9f56a53f,RECEIVE,ACK,588,36,""
1144.760,sender,afd52c65-5ce1-4c35-a594-c7ab9f56a53f,ACKNOWLEDGED,ACK,588,0,""
1144.772,sender,afd52c65-5ce1-4c35-a594-c7ab9f56a53f,CONFIRM_DATA,ACK,588,1024,"unique file bytes acknowledged"
1144.795,sender,afd52c65-5ce1-4c35-a594-c7ab9f56a53f,RTT_SAMPLE,ACK,588,0,"78.452500"
1144.801,sender,afd52c65-5ce1-4c35-a594-c7ab9f56a53f,RECEIVE,ACK,594,36,""
1144.803,sender,afd52c65-5ce1-4c35-a594-c7ab9f56a53f,ACKNOWLEDGED,ACK,594,0,""
1144.806,sender,afd52c65-5ce1-4c35-a594-c7ab9f56a53f,CONFIRM_DATA,ACK,594,1024,"unique file bytes acknowledged"
1144.809,sender,afd52c65-5ce1-4c35-a594-c7ab9f56a53f,RTT_SAMPLE,ACK,594,0,"78.459800"
1144.814,sender,afd52c65-5ce1-4c35-a594-c7ab9f56a53f,RECEIVE,ACK,595,36,""
1144.817,sender,afd52c65-5ce1-4c35-a594-c7ab9f56a53f,ACKNOWLEDGED,ACK,595,0,""
1144.819,sender,afd52c65-5ce1-4c35-a594-c7ab9f56a53f,CONFIRM_DATA,ACK,595,1024,"unique file bytes acknowledged"
1144.822,sender,afd52c65-5ce1-4c35-a594-c7ab9f56a53f,RTT_SAMPLE,ACK,595,0,"78.470200"
1144.827,sender,afd52c65-5ce1-4c35-a594-c7ab9f56a53f,RECEIVE,ACK,596,36,""
1144.829,sender,afd52c65-5ce1-4c35-a594-c7ab9f56a53f,ACKNOWLEDGED,ACK,596,0,""
1144.832,sender,afd52c65-5ce1-4c35-a594-c7ab9f56a53f,CONFIRM_DATA,ACK,596,1024,"unique file bytes acknowledged"
1144.835,sender,afd52c65-5ce1-4c35-a594-c7ab9f56a53f,RTT_SAMPLE,ACK,596,0,"78.481000"
1144.840,sender,afd52c65-5ce1-4c35-a594-c7ab9f56a53f,RECEIVE,ACK,591,36,""
1144.842,sender,afd52c65-5ce1-4c35-a594-c7ab9f56a53f,ACKNOWLEDGED,ACK,591,0,""
1144.857,sender,afd52c65-5ce1-4c35-a594-c7ab9f56a53f,CONFIRM_DATA,ACK,591,1024,"unique file bytes acknowledged"
1144.893,sender,afd52c65-5ce1-4c35-a594-c7ab9f56a53f,RTT_SAMPLE,ACK,591,0,"78.550300"
1159.510,sender,afd52c65-5ce1-4c35-a594-c7ab9f56a53f,EMIT,DATA,627,1060,""
1159.538,sender,afd52c65-5ce1-4c35-a594-c7ab9f56a53f,EMIT,DATA,614,1060,""
1159.547,sender,afd52c65-5ce1-4c35-a594-c7ab9f56a53f,EMIT,DATA,619,1060,""
1159.555,sender,afd52c65-5ce1-4c35-a594-c7ab9f56a53f,EMIT,DATA,626,1060,""
1159.563,sender,afd52c65-5ce1-4c35-a594-c7ab9f56a53f,EMIT,DATA,610,1060,""
1159.570,sender,afd52c65-5ce1-4c35-a594-c7ab9f56a53f,EMIT,DATA,629,1060,""
1159.578,sender,afd52c65-5ce1-4c35-a594-c7ab9f56a53f,EMIT,DATA,617,1060,""
1159.591,sender,afd52c65-5ce1-4c35-a594-c7ab9f56a53f,EMIT,DATA,637,1060,""
1159.599,sender,afd52c65-5ce1-4c35-a594-c7ab9f56a53f,EMIT,DATA,631,1060,""
1159.607,sender,afd52c65-5ce1-4c35-a594-c7ab9f56a53f,EMIT,DATA,636,1060,""
1159.615,sender,afd52c65-5ce1-4c35-a594-c7ab9f56a53f,RECEIVE,ACK,592,36,""
1159.654,sender,afd52c65-5ce1-4c35-a594-c7ab9f56a53f,EMIT,DATA,632,1060,""
1159.657,sender,afd52c65-5ce1-4c35-a594-c7ab9f56a53f,ACKNOWLEDGED,ACK,592,0,""
1159.667,sender,afd52c65-5ce1-4c35-a594-c7ab9f56a53f,EMIT,DATA,615,1060,""
1159.670,sender,afd52c65-5ce1-4c35-a594-c7ab9f56a53f,CONFIRM_DATA,ACK,592,1024,"unique file bytes acknowledged"
1159.679,sender,afd52c65-5ce1-4c35-a594-c7ab9f56a53f,EMIT,DATA,622,1060,""
1159.686,sender,afd52c65-5ce1-4c35-a594-c7ab9f56a53f,RTT_SAMPLE,ACK,592,0,"93.335700"
1159.695,sender,afd52c65-5ce1-4c35-a594-c7ab9f56a53f,EMIT,DATA,616,1060,""
1159.703,sender,afd52c65-5ce1-4c35-a594-c7ab9f56a53f,EMIT,DATA,648,1060,""
1159.722,sender,afd52c65-5ce1-4c35-a594-c7ab9f56a53f,EMIT,DATA,623,1060,""
1159.727,sender,afd52c65-5ce1-4c35-a594-c7ab9f56a53f,RECEIVE,ACK,601,36,""
1159.733,sender,afd52c65-5ce1-4c35-a594-c7ab9f56a53f,EMIT,DATA,633,1060,""
1159.735,sender,afd52c65-5ce1-4c35-a594-c7ab9f56a53f,ACKNOWLEDGED,ACK,601,0,""
1159.740,sender,afd52c65-5ce1-4c35-a594-c7ab9f56a53f,CONFIRM_DATA,ACK,601,1024,"unique file bytes acknowledged"
1159.745,sender,afd52c65-5ce1-4c35-a594-c7ab9f56a53f,EMIT,DATA,608,1060,""
1159.760,sender,afd52c65-5ce1-4c35-a594-c7ab9f56a53f,RTT_SAMPLE,ACK,601,0,"93.314400"
1159.765,sender,afd52c65-5ce1-4c35-a594-c7ab9f56a53f,EMIT,DATA,611,1060,""
1159.772,sender,afd52c65-5ce1-4c35-a594-c7ab9f56a53f,RECEIVE,ACK,593,36,""
1159.777,sender,afd52c65-5ce1-4c35-a594-c7ab9f56a53f,EMIT,DATA,647,1060,""
1159.780,sender,afd52c65-5ce1-4c35-a594-c7ab9f56a53f,ACKNOWLEDGED,ACK,593,0,""
1159.785,sender,afd52c65-5ce1-4c35-a594-c7ab9f56a53f,CONFIRM_DATA,ACK,593,1024,"unique file bytes acknowledged"
1159.790,sender,afd52c65-5ce1-4c35-a594-c7ab9f56a53f,EMIT,DATA,635,1060,""
1159.794,sender,afd52c65-5ce1-4c35-a594-c7ab9f56a53f,RTT_SAMPLE,ACK,593,0,"93.443600"
1159.799,sender,afd52c65-5ce1-4c35-a594-c7ab9f56a53f,EMIT,DATA,638,1060,""
1159.806,sender,afd52c65-5ce1-4c35-a594-c7ab9f56a53f,RECEIVE,ACK,600,36,""
1159.811,sender,afd52c65-5ce1-4c35-a594-c7ab9f56a53f,EMIT,DATA,607,1060,""
1159.814,sender,afd52c65-5ce1-4c35-a594-c7ab9f56a53f,ACKNOWLEDGED,ACK,600,0,""
1159.818,sender,afd52c65-5ce1-4c35-a594-c7ab9f56a53f,CONFIRM_DATA,ACK,600,1024,"unique file bytes acknowledged"
1159.823,sender,afd52c65-5ce1-4c35-a594-c7ab9f56a53f,EMIT,DATA,612,1060,""
1159.827,sender,afd52c65-5ce1-4c35-a594-c7ab9f56a53f,RTT_SAMPLE,ACK,600,0,"93.394500"
1159.835,sender,afd52c65-5ce1-4c35-a594-c7ab9f56a53f,EMIT,DATA,624,1060,""
1159.840,sender,afd52c65-5ce1-4c35-a594-c7ab9f56a53f,RECEIVE,ACK,602,36,""
1159.845,sender,afd52c65-5ce1-4c35-a594-c7ab9f56a53f,ACKNOWLEDGED,ACK,602,0,""
1159.850,sender,afd52c65-5ce1-4c35-a594-c7ab9f56a53f,CONFIRM_DATA,ACK,602,1024,"unique file bytes acknowledged"
1159.856,sender,afd52c65-5ce1-4c35-a594-c7ab9f56a53f,RTT_SAMPLE,ACK,602,0,"93.421300"
1159.876,sender,afd52c65-5ce1-4c35-a594-c7ab9f56a53f,RECEIVE,ACK,586,36,""
1159.881,sender,afd52c65-5ce1-4c35-a594-c7ab9f56a53f,ACKNOWLEDGED,ACK,586,0,""
1159.886,sender,afd52c65-5ce1-4c35-a594-c7ab9f56a53f,CONFIRM_DATA,ACK,586,1024,"unique file bytes acknowledged"
1159.892,sender,afd52c65-5ce1-4c35-a594-c7ab9f56a53f,RTT_SAMPLE,ACK,586,0,"93.560800"
1159.902,sender,afd52c65-5ce1-4c35-a594-c7ab9f56a53f,RECEIVE,ACK,598,36,""
1159.907,sender,afd52c65-5ce1-4c35-a594-c7ab9f56a53f,ACKNOWLEDGED,ACK,598,0,""
1159.912,sender,afd52c65-5ce1-4c35-a594-c7ab9f56a53f,CONFIRM_DATA,ACK,598,1024,"unique file bytes acknowledged"
1159.917,sender,afd52c65-5ce1-4c35-a594-c7ab9f56a53f,RTT_SAMPLE,ACK,598,0,"93.492500"
1159.927,sender,afd52c65-5ce1-4c35-a594-c7ab9f56a53f,RECEIVE,ACK,605,36,""
1159.932,sender,afd52c65-5ce1-4c35-a594-c7ab9f56a53f,ACKNOWLEDGED,ACK,605,0,""
1159.937,sender,afd52c65-5ce1-4c35-a594-c7ab9f56a53f,CONFIRM_DATA,ACK,605,1024,"unique file bytes acknowledged"
1159.943,sender,afd52c65-5ce1-4c35-a594-c7ab9f56a53f,RTT_SAMPLE,ACK,605,0,"78.014800"
1159.957,sender,afd52c65-5ce1-4c35-a594-c7ab9f56a53f,RECEIVE,ACK,604,36,""
1159.962,sender,afd52c65-5ce1-4c35-a594-c7ab9f56a53f,ACKNOWLEDGED,ACK,604,0,""
1159.967,sender,afd52c65-5ce1-4c35-a594-c7ab9f56a53f,CONFIRM_DATA,ACK,604,1024,"unique file bytes acknowledged"
1159.973,sender,afd52c65-5ce1-4c35-a594-c7ab9f56a53f,RTT_SAMPLE,ACK,604,0,"78.049300"
1175.830,sender,afd52c65-5ce1-4c35-a594-c7ab9f56a53f,EMIT,DATA,634,1060,""
1175.928,sender,afd52c65-5ce1-4c35-a594-c7ab9f56a53f,EMIT,DATA,640,1060,""
1175.975,sender,afd52c65-5ce1-4c35-a594-c7ab9f56a53f,EMIT,DATA,630,1060,""
1176.020,sender,afd52c65-5ce1-4c35-a594-c7ab9f56a53f,EMIT,DATA,643,1060,""
1176.068,sender,afd52c65-5ce1-4c35-a594-c7ab9f56a53f,EMIT,DATA,620,1060,""
1176.112,sender,afd52c65-5ce1-4c35-a594-c7ab9f56a53f,EMIT,DATA,621,1060,""
1176.143,sender,afd52c65-5ce1-4c35-a594-c7ab9f56a53f,EMIT,DATA,645,1060,""
1176.150,sender,afd52c65-5ce1-4c35-a594-c7ab9f56a53f,RECEIVE,ACK,587,36,""
1176.190,sender,afd52c65-5ce1-4c35-a594-c7ab9f56a53f,ACKNOWLEDGED,ACK,587,0,""
1176.206,sender,afd52c65-5ce1-4c35-a594-c7ab9f56a53f,CONFIRM_DATA,ACK,587,1024,"unique file bytes acknowledged"
1176.235,sender,afd52c65-5ce1-4c35-a594-c7ab9f56a53f,RTT_SAMPLE,ACK,587,0,"109.889100"
1176.244,sender,afd52c65-5ce1-4c35-a594-c7ab9f56a53f,RECEIVE,ACK,585,36,""
1176.248,sender,afd52c65-5ce1-4c35-a594-c7ab9f56a53f,ACKNOWLEDGED,ACK,585,0,""
1176.253,sender,afd52c65-5ce1-4c35-a594-c7ab9f56a53f,CONFIRM_DATA,ACK,585,1024,"unique file bytes acknowledged"
1176.257,sender,afd52c65-5ce1-4c35-a594-c7ab9f56a53f,RTT_SAMPLE,ACK,585,0,"109.938600"
1176.262,sender,afd52c65-5ce1-4c35-a594-c7ab9f56a53f,SEND,DATA,649,1060,""
1176.267,sender,afd52c65-5ce1-4c35-a594-c7ab9f56a53f,SEND,DATA,650,1060,""
1176.271,sender,afd52c65-5ce1-4c35-a594-c7ab9f56a53f,SEND,DATA,651,1060,""
1176.275,sender,afd52c65-5ce1-4c35-a594-c7ab9f56a53f,SEND,DATA,652,1060,""
1176.281,sender,afd52c65-5ce1-4c35-a594-c7ab9f56a53f,RECEIVE,ACK,589,36,""
1176.285,sender,afd52c65-5ce1-4c35-a594-c7ab9f56a53f,ACKNOWLEDGED,ACK,589,0,""
1176.288,sender,afd52c65-5ce1-4c35-a594-c7ab9f56a53f,CONFIRM_DATA,ACK,589,1024,"unique file bytes acknowledged"
1176.292,sender,afd52c65-5ce1-4c35-a594-c7ab9f56a53f,RTT_SAMPLE,ACK,589,0,"109.954400"
1176.296,sender,afd52c65-5ce1-4c35-a594-c7ab9f56a53f,SEND,DATA,653,1060,""
1176.303,sender,afd52c65-5ce1-4c35-a594-c7ab9f56a53f,RECEIVE,ACK,590,36,""
1176.306,sender,afd52c65-5ce1-4c35-a594-c7ab9f56a53f,ACKNOWLEDGED,ACK,590,0,""
1176.309,sender,afd52c65-5ce1-4c35-a594-c7ab9f56a53f,CONFIRM_DATA,ACK,590,1024,"unique file bytes acknowledged"
1176.313,sender,afd52c65-5ce1-4c35-a594-c7ab9f56a53f,RTT_SAMPLE,ACK,590,0,"109.973600"
1176.317,sender,afd52c65-5ce1-4c35-a594-c7ab9f56a53f,SEND,DATA,654,1060,""
1176.321,sender,afd52c65-5ce1-4c35-a594-c7ab9f56a53f,SEND,DATA,655,1060,""
1176.325,sender,afd52c65-5ce1-4c35-a594-c7ab9f56a53f,SEND,DATA,656,1060,""
1176.329,sender,afd52c65-5ce1-4c35-a594-c7ab9f56a53f,SEND,DATA,657,1060,""
1176.333,sender,afd52c65-5ce1-4c35-a594-c7ab9f56a53f,SEND,DATA,658,1060,""
1176.336,sender,afd52c65-5ce1-4c35-a594-c7ab9f56a53f,SEND,DATA,659,1060,""
1176.340,sender,afd52c65-5ce1-4c35-a594-c7ab9f56a53f,SEND,DATA,660,1060,""
1176.346,sender,afd52c65-5ce1-4c35-a594-c7ab9f56a53f,RECEIVE,ACK,606,36,""
1176.350,sender,afd52c65-5ce1-4c35-a594-c7ab9f56a53f,ACKNOWLEDGED,ACK,606,0,""
1176.394,sender,afd52c65-5ce1-4c35-a594-c7ab9f56a53f,CONFIRM_DATA,ACK,606,1024,"unique file bytes acknowledged"
1176.399,sender,afd52c65-5ce1-4c35-a594-c7ab9f56a53f,RTT_SAMPLE,ACK,606,0,"78.465000"
1176.410,sender,afd52c65-5ce1-4c35-a594-c7ab9f56a53f,RECEIVE,ACK,628,36,""
1176.414,sender,afd52c65-5ce1-4c35-a594-c7ab9f56a53f,ACKNOWLEDGED,ACK,628,0,""
1176.417,sender,afd52c65-5ce1-4c35-a594-c7ab9f56a53f,CONFIRM_DATA,ACK,628,1024,"unique file bytes acknowledged"
1176.421,sender,afd52c65-5ce1-4c35-a594-c7ab9f56a53f,RTT_SAMPLE,ACK,628,0,"63.671900"
1176.429,sender,afd52c65-5ce1-4c35-a594-c7ab9f56a53f,RECEIVE,ACK,618,36,""
1176.432,sender,afd52c65-5ce1-4c35-a594-c7ab9f56a53f,ACKNOWLEDGED,ACK,618,0,""
1176.436,sender,afd52c65-5ce1-4c35-a594-c7ab9f56a53f,CONFIRM_DATA,ACK,618,1024,"unique file bytes acknowledged"
1176.440,sender,afd52c65-5ce1-4c35-a594-c7ab9f56a53f,RTT_SAMPLE,ACK,618,0,"63.765300"
1176.446,sender,afd52c65-5ce1-4c35-a594-c7ab9f56a53f,RECEIVE,ACK,599,36,""
1176.450,sender,afd52c65-5ce1-4c35-a594-c7ab9f56a53f,ACKNOWLEDGED,ACK,599,0,""
1176.453,sender,afd52c65-5ce1-4c35-a594-c7ab9f56a53f,CONFIRM_DATA,ACK,599,1024,"unique file bytes acknowledged"
1176.457,sender,afd52c65-5ce1-4c35-a594-c7ab9f56a53f,RTT_SAMPLE,ACK,599,0,"110.029400"
1176.464,sender,afd52c65-5ce1-4c35-a594-c7ab9f56a53f,RECEIVE,ACK,597,36,""
1176.467,sender,afd52c65-5ce1-4c35-a594-c7ab9f56a53f,ACKNOWLEDGED,ACK,597,0,""
1176.470,sender,afd52c65-5ce1-4c35-a594-c7ab9f56a53f,CONFIRM_DATA,ACK,597,1024,"unique file bytes acknowledged"
1176.474,sender,afd52c65-5ce1-4c35-a594-c7ab9f56a53f,RTT_SAMPLE,ACK,597,0,"110.052800"
1176.479,sender,afd52c65-5ce1-4c35-a594-c7ab9f56a53f,SEND,DATA,661,1060,""
1176.482,sender,afd52c65-5ce1-4c35-a594-c7ab9f56a53f,SEND,DATA,662,1060,""
1176.487,sender,afd52c65-5ce1-4c35-a594-c7ab9f56a53f,SEND,DATA,663,1060,""
1176.490,sender,afd52c65-5ce1-4c35-a594-c7ab9f56a53f,SEND,DATA,664,1060,""
1176.494,sender,afd52c65-5ce1-4c35-a594-c7ab9f56a53f,SEND,DATA,665,1060,""
1176.498,sender,afd52c65-5ce1-4c35-a594-c7ab9f56a53f,SEND,DATA,666,1060,""
1176.502,sender,afd52c65-5ce1-4c35-a594-c7ab9f56a53f,SEND,DATA,667,1060,""
1176.506,sender,afd52c65-5ce1-4c35-a594-c7ab9f56a53f,SEND,DATA,668,1060,""
1176.509,sender,afd52c65-5ce1-4c35-a594-c7ab9f56a53f,SEND,DATA,669,1060,""
1176.513,sender,afd52c65-5ce1-4c35-a594-c7ab9f56a53f,SEND,DATA,670,1060,""
1190.540,sender,afd52c65-5ce1-4c35-a594-c7ab9f56a53f,EMIT,DATA,646,1060,""
1190.695,sender,afd52c65-5ce1-4c35-a594-c7ab9f56a53f,RECEIVE,ACK,642,36,""
1190.719,sender,afd52c65-5ce1-4c35-a594-c7ab9f56a53f,ACKNOWLEDGED,ACK,642,0,""
1190.728,sender,afd52c65-5ce1-4c35-a594-c7ab9f56a53f,CONFIRM_DATA,ACK,642,1024,"unique file bytes acknowledged"
1190.754,sender,afd52c65-5ce1-4c35-a594-c7ab9f56a53f,RTT_SAMPLE,ACK,642,0,"77.634500"
1190.793,sender,afd52c65-5ce1-4c35-a594-c7ab9f56a53f,RECEIVE,ACK,644,36,""
1190.801,sender,afd52c65-5ce1-4c35-a594-c7ab9f56a53f,ACKNOWLEDGED,ACK,644,0,""
1190.808,sender,afd52c65-5ce1-4c35-a594-c7ab9f56a53f,CONFIRM_DATA,ACK,644,1024,"unique file bytes acknowledged"
1190.818,sender,afd52c65-5ce1-4c35-a594-c7ab9f56a53f,RTT_SAMPLE,ACK,644,0,"77.593000"
1190.835,sender,afd52c65-5ce1-4c35-a594-c7ab9f56a53f,RECEIVE,ACK,639,36,""
1190.842,sender,afd52c65-5ce1-4c35-a594-c7ab9f56a53f,ACKNOWLEDGED,ACK,639,0,""
1190.849,sender,afd52c65-5ce1-4c35-a594-c7ab9f56a53f,CONFIRM_DATA,ACK,639,1024,"unique file bytes acknowledged"
1190.858,sender,afd52c65-5ce1-4c35-a594-c7ab9f56a53f,RTT_SAMPLE,ACK,639,0,"77.764000"
1190.875,sender,afd52c65-5ce1-4c35-a594-c7ab9f56a53f,RECEIVE,ACK,629,36,""
1190.882,sender,afd52c65-5ce1-4c35-a594-c7ab9f56a53f,ACKNOWLEDGED,ACK,629,0,""
1190.889,sender,afd52c65-5ce1-4c35-a594-c7ab9f56a53f,CONFIRM_DATA,ACK,629,1024,"unique file bytes acknowledged"
1190.898,sender,afd52c65-5ce1-4c35-a594-c7ab9f56a53f,RTT_SAMPLE,ACK,629,0,"78.141400"
1190.913,sender,afd52c65-5ce1-4c35-a594-c7ab9f56a53f,RECEIVE,ACK,625,36,""
1190.918,sender,afd52c65-5ce1-4c35-a594-c7ab9f56a53f,ACKNOWLEDGED,ACK,625,0,""
1190.922,sender,afd52c65-5ce1-4c35-a594-c7ab9f56a53f,CONFIRM_DATA,ACK,625,1024,"unique file bytes acknowledged"
1190.927,sender,afd52c65-5ce1-4c35-a594-c7ab9f56a53f,RTT_SAMPLE,ACK,625,0,"78.196600"
1190.936,sender,afd52c65-5ce1-4c35-a594-c7ab9f56a53f,RECEIVE,ACK,619,36,""
1190.952,sender,afd52c65-5ce1-4c35-a594-c7ab9f56a53f,ACKNOWLEDGED,ACK,619,0,""
1190.956,sender,afd52c65-5ce1-4c35-a594-c7ab9f56a53f,CONFIRM_DATA,ACK,619,1024,"unique file bytes acknowledged"
1190.961,sender,afd52c65-5ce1-4c35-a594-c7ab9f56a53f,RTT_SAMPLE,ACK,619,0,"78.280400"
1190.970,sender,afd52c65-5ce1-4c35-a594-c7ab9f56a53f,RECEIVE,ACK,637,36,""
1190.974,sender,afd52c65-5ce1-4c35-a594-c7ab9f56a53f,ACKNOWLEDGED,ACK,637,0,""
1190.990,sender,afd52c65-5ce1-4c35-a594-c7ab9f56a53f,CONFIRM_DATA,ACK,637,1024,"unique file bytes acknowledged"
1190.995,sender,afd52c65-5ce1-4c35-a594-c7ab9f56a53f,RTT_SAMPLE,ACK,637,0,"77.917300"
1191.004,sender,afd52c65-5ce1-4c35-a594-c7ab9f56a53f,RECEIVE,ACK,611,36,""
1191.008,sender,afd52c65-5ce1-4c35-a594-c7ab9f56a53f,ACKNOWLEDGED,ACK,611,0,""
1191.012,sender,afd52c65-5ce1-4c35-a594-c7ab9f56a53f,CONFIRM_DATA,ACK,611,1024,"unique file bytes acknowledged"
1191.021,sender,afd52c65-5ce1-4c35-a594-c7ab9f56a53f,RTT_SAMPLE,ACK,611,0,"78.389000"
1191.030,sender,afd52c65-5ce1-4c35-a594-c7ab9f56a53f,RECEIVE,ACK,613,36,""
1191.034,sender,afd52c65-5ce1-4c35-a594-c7ab9f56a53f,ACKNOWLEDGED,ACK,613,0,""
1191.038,sender,afd52c65-5ce1-4c35-a594-c7ab9f56a53f,CONFIRM_DATA,ACK,613,1024,"unique file bytes acknowledged"
1191.044,sender,afd52c65-5ce1-4c35-a594-c7ab9f56a53f,RTT_SAMPLE,ACK,613,0,"78.399500"
1191.056,sender,afd52c65-5ce1-4c35-a594-c7ab9f56a53f,RECEIVE,ACK,609,36,""
1191.060,sender,afd52c65-5ce1-4c35-a594-c7ab9f56a53f,ACKNOWLEDGED,ACK,609,0,""
1191.064,sender,afd52c65-5ce1-4c35-a594-c7ab9f56a53f,CONFIRM_DATA,ACK,609,1024,"unique file bytes acknowledged"
1191.069,sender,afd52c65-5ce1-4c35-a594-c7ab9f56a53f,RTT_SAMPLE,ACK,609,0,"78.489900"
1191.079,sender,afd52c65-5ce1-4c35-a594-c7ab9f56a53f,RECEIVE,ACK,608,36,""
1191.083,sender,afd52c65-5ce1-4c35-a594-c7ab9f56a53f,ACKNOWLEDGED,ACK,608,0,""
1191.098,sender,afd52c65-5ce1-4c35-a594-c7ab9f56a53f,CONFIRM_DATA,ACK,608,1024,"unique file bytes acknowledged"
1191.103,sender,afd52c65-5ce1-4c35-a594-c7ab9f56a53f,RTT_SAMPLE,ACK,608,0,"78.530100"
1191.112,sender,afd52c65-5ce1-4c35-a594-c7ab9f56a53f,RECEIVE,ACK,607,36,""
1191.117,sender,afd52c65-5ce1-4c35-a594-c7ab9f56a53f,ACKNOWLEDGED,ACK,607,0,""
1191.123,sender,afd52c65-5ce1-4c35-a594-c7ab9f56a53f,CONFIRM_DATA,ACK,607,1024,"unique file bytes acknowledged"
1191.129,sender,afd52c65-5ce1-4c35-a594-c7ab9f56a53f,RTT_SAMPLE,ACK,607,0,"78.566000"
1191.135,sender,afd52c65-5ce1-4c35-a594-c7ab9f56a53f,SEND,DATA,671,1060,""
1191.143,sender,afd52c65-5ce1-4c35-a594-c7ab9f56a53f,SEND,DATA,672,1060,""
1191.148,sender,afd52c65-5ce1-4c35-a594-c7ab9f56a53f,SEND,DATA,673,1060,""
1191.157,sender,afd52c65-5ce1-4c35-a594-c7ab9f56a53f,RECEIVE,ACK,612,36,""
1191.161,sender,afd52c65-5ce1-4c35-a594-c7ab9f56a53f,ACKNOWLEDGED,ACK,612,0,""
1191.165,sender,afd52c65-5ce1-4c35-a594-c7ab9f56a53f,CONFIRM_DATA,ACK,612,1024,"unique file bytes acknowledged"
1191.171,sender,afd52c65-5ce1-4c35-a594-c7ab9f56a53f,RTT_SAMPLE,ACK,612,0,"78.532400"
1191.180,sender,afd52c65-5ce1-4c35-a594-c7ab9f56a53f,RECEIVE,ACK,627,36,""
1191.184,sender,afd52c65-5ce1-4c35-a594-c7ab9f56a53f,ACKNOWLEDGED,ACK,627,0,""
1191.188,sender,afd52c65-5ce1-4c35-a594-c7ab9f56a53f,CONFIRM_DATA,ACK,627,1024,"unique file bytes acknowledged"
1191.198,sender,afd52c65-5ce1-4c35-a594-c7ab9f56a53f,RTT_SAMPLE,ACK,627,0,"78.455400"
1191.210,sender,afd52c65-5ce1-4c35-a594-c7ab9f56a53f,RECEIVE,ACK,614,36,""
1191.214,sender,afd52c65-5ce1-4c35-a594-c7ab9f56a53f,ACKNOWLEDGED,ACK,614,0,""
1191.218,sender,afd52c65-5ce1-4c35-a594-c7ab9f56a53f,CONFIRM_DATA,ACK,614,1024,"unique file bytes acknowledged"
1191.223,sender,afd52c65-5ce1-4c35-a594-c7ab9f56a53f,RTT_SAMPLE,ACK,614,0,"78.572500"
1191.232,sender,afd52c65-5ce1-4c35-a594-c7ab9f56a53f,RECEIVE,ACK,648,36,""
1191.236,sender,afd52c65-5ce1-4c35-a594-c7ab9f56a53f,ACKNOWLEDGED,ACK,648,0,""
1191.297,sender,afd52c65-5ce1-4c35-a594-c7ab9f56a53f,CONFIRM_DATA,ACK,648,1024,"unique file bytes acknowledged"
1191.303,sender,afd52c65-5ce1-4c35-a594-c7ab9f56a53f,RTT_SAMPLE,ACK,648,0,"63.004600"
1205.573,sender,afd52c65-5ce1-4c35-a594-c7ab9f56a53f,EMIT,DATA,651,1060,""
1205.634,sender,afd52c65-5ce1-4c35-a594-c7ab9f56a53f,EMIT,DATA,652,1060,""
1205.645,sender,afd52c65-5ce1-4c35-a594-c7ab9f56a53f,RECEIVE,ACK,638,36,""
1205.658,sender,afd52c65-5ce1-4c35-a594-c7ab9f56a53f,EMIT,DATA,660,1060,""
1205.662,sender,afd52c65-5ce1-4c35-a594-c7ab9f56a53f,ACKNOWLEDGED,ACK,638,0,""
1205.665,sender,afd52c65-5ce1-4c35-a594-c7ab9f56a53f,CONFIRM_DATA,ACK,638,1024,"unique file bytes acknowledged"
1205.668,sender,afd52c65-5ce1-4c35-a594-c7ab9f56a53f,EMIT,DATA,667,1060,""
1205.673,sender,afd52c65-5ce1-4c35-a594-c7ab9f56a53f,RTT_SAMPLE,ACK,638,0,"92.585500"
1205.678,sender,afd52c65-5ce1-4c35-a594-c7ab9f56a53f,EMIT,DATA,668,1060,""
1205.681,sender,afd52c65-5ce1-4c35-a594-c7ab9f56a53f,RECEIVE,ACK,641,36,""
1205.684,sender,afd52c65-5ce1-4c35-a594-c7ab9f56a53f,ACKNOWLEDGED,ACK,641,0,""
1205.687,sender,afd52c65-5ce1-4c35-a594-c7ab9f56a53f,CONFIRM_DATA,ACK,641,1024,"unique file bytes acknowledged"
1205.690,sender,afd52c65-5ce1-4c35-a594-c7ab9f56a53f,RTT_SAMPLE,ACK,641,0,"92.581300"
1205.696,sender,afd52c65-5ce1-4c35-a594-c7ab9f56a53f,RECEIVE,ACK,622,36,""
1205.699,sender,afd52c65-5ce1-4c35-a594-c7ab9f56a53f,ACKNOWLEDGED,ACK,622,0,""
1205.702,sender,afd52c65-5ce1-4c35-a594-c7ab9f56a53f,CONFIRM_DATA,ACK,622,1024,"unique file bytes acknowledged"
1205.705,sender,afd52c65-5ce1-4c35-a594-c7ab9f56a53f,RTT_SAMPLE,ACK,622,0,"93.000500"
1205.711,sender,afd52c65-5ce1-4c35-a594-c7ab9f56a53f,RECEIVE,ACK,647,36,""
1205.713,sender,afd52c65-5ce1-4c35-a594-c7ab9f56a53f,ACKNOWLEDGED,ACK,647,0,""
1205.716,sender,afd52c65-5ce1-4c35-a594-c7ab9f56a53f,CONFIRM_DATA,ACK,647,1024,"unique file bytes acknowledged"
1205.719,sender,afd52c65-5ce1-4c35-a594-c7ab9f56a53f,RTT_SAMPLE,ACK,647,0,"77.426100"
1205.727,sender,afd52c65-5ce1-4c35-a594-c7ab9f56a53f,RECEIVE,ACK,616,36,""
1205.730,sender,afd52c65-5ce1-4c35-a594-c7ab9f56a53f,ACKNOWLEDGED,ACK,616,0,""
1205.732,sender,afd52c65-5ce1-4c35-a594-c7ab9f56a53f,CONFIRM_DATA,ACK,616,1024,"unique file bytes acknowledged"
1205.735,sender,afd52c65-5ce1-4c35-a594-c7ab9f56a53f,RTT_SAMPLE,ACK,616,0,"93.072800"
1205.740,sender,afd52c65-5ce1-4c35-a594-c7ab9f56a53f,RECEIVE,ACK,624,36,""
1205.743,sender,afd52c65-5ce1-4c35-a594-c7ab9f56a53f,ACKNOWLEDGED,ACK,624,0,""
1205.745,sender,afd52c65-5ce1-4c35-a594-c7ab9f56a53f,CONFIRM_DATA,ACK,624,1024,"unique file bytes acknowledged"
1205.748,sender,afd52c65-5ce1-4c35-a594-c7ab9f56a53f,RTT_SAMPLE,ACK,624,0,"93.024100"
1205.790,sender,afd52c65-5ce1-4c35-a594-c7ab9f56a53f,RECEIVE,ACK,632,36,""
1205.793,sender,afd52c65-5ce1-4c35-a594-c7ab9f56a53f,ACKNOWLEDGED,ACK,632,0,""
1205.796,sender,afd52c65-5ce1-4c35-a594-c7ab9f56a53f,CONFIRM_DATA,ACK,632,1024,"unique file bytes acknowledged"
1205.799,sender,afd52c65-5ce1-4c35-a594-c7ab9f56a53f,RTT_SAMPLE,ACK,632,0,"92.876700"
1205.805,sender,afd52c65-5ce1-4c35-a594-c7ab9f56a53f,RECEIVE,ACK,631,36,""
1205.808,sender,afd52c65-5ce1-4c35-a594-c7ab9f56a53f,ACKNOWLEDGED,ACK,631,0,""
1205.811,sender,afd52c65-5ce1-4c35-a594-c7ab9f56a53f,CONFIRM_DATA,ACK,631,1024,"unique file bytes acknowledged"
1205.815,sender,afd52c65-5ce1-4c35-a594-c7ab9f56a53f,RTT_SAMPLE,ACK,631,0,"92.898300"
1205.821,sender,afd52c65-5ce1-4c35-a594-c7ab9f56a53f,RECEIVE,ACK,626,36,""
1205.823,sender,afd52c65-5ce1-4c35-a594-c7ab9f56a53f,ACKNOWLEDGED,ACK,626,0,""
1205.826,sender,afd52c65-5ce1-4c35-a594-c7ab9f56a53f,CONFIRM_DATA,ACK,626,1024,"unique file bytes acknowledged"
1205.830,sender,afd52c65-5ce1-4c35-a594-c7ab9f56a53f,RTT_SAMPLE,ACK,626,0,"93.093200"
1205.840,sender,afd52c65-5ce1-4c35-a594-c7ab9f56a53f,RECEIVE,ACK,617,36,""
1205.843,sender,afd52c65-5ce1-4c35-a594-c7ab9f56a53f,ACKNOWLEDGED,ACK,617,0,""
1205.845,sender,afd52c65-5ce1-4c35-a594-c7ab9f56a53f,CONFIRM_DATA,ACK,617,1024,"unique file bytes acknowledged"
1205.848,sender,afd52c65-5ce1-4c35-a594-c7ab9f56a53f,RTT_SAMPLE,ACK,617,0,"93.179500"
1205.853,sender,afd52c65-5ce1-4c35-a594-c7ab9f56a53f,RECEIVE,ACK,643,36,""
1205.855,sender,afd52c65-5ce1-4c35-a594-c7ab9f56a53f,ACKNOWLEDGED,ACK,643,0,""
1205.857,sender,afd52c65-5ce1-4c35-a594-c7ab9f56a53f,CONFIRM_DATA,ACK,643,1024,"unique file bytes acknowledged"
1205.860,sender,afd52c65-5ce1-4c35-a594-c7ab9f56a53f,RTT_SAMPLE,ACK,643,0,"92.739000"
1205.865,sender,afd52c65-5ce1-4c35-a594-c7ab9f56a53f,RECEIVE,ACK,623,36,""
1205.867,sender,afd52c65-5ce1-4c35-a594-c7ab9f56a53f,ACKNOWLEDGED,ACK,623,0,""
1205.870,sender,afd52c65-5ce1-4c35-a594-c7ab9f56a53f,CONFIRM_DATA,ACK,623,1024,"unique file bytes acknowledged"
1205.872,sender,afd52c65-5ce1-4c35-a594-c7ab9f56a53f,RTT_SAMPLE,ACK,623,0,"93.159100"
1205.877,sender,afd52c65-5ce1-4c35-a594-c7ab9f56a53f,RECEIVE,ACK,635,36,""
1205.880,sender,afd52c65-5ce1-4c35-a594-c7ab9f56a53f,ACKNOWLEDGED,ACK,635,0,""
1205.882,sender,afd52c65-5ce1-4c35-a594-c7ab9f56a53f,CONFIRM_DATA,ACK,635,1024,"unique file bytes acknowledged"
1205.885,sender,afd52c65-5ce1-4c35-a594-c7ab9f56a53f,RTT_SAMPLE,ACK,635,0,"92.820500"
1205.890,sender,afd52c65-5ce1-4c35-a594-c7ab9f56a53f,RECEIVE,ACK,615,36,""
1205.892,sender,afd52c65-5ce1-4c35-a594-c7ab9f56a53f,ACKNOWLEDGED,ACK,615,0,""
1205.894,sender,afd52c65-5ce1-4c35-a594-c7ab9f56a53f,CONFIRM_DATA,ACK,615,1024,"unique file bytes acknowledged"
1205.897,sender,afd52c65-5ce1-4c35-a594-c7ab9f56a53f,RTT_SAMPLE,ACK,615,0,"93.241100"
1221.497,sender,afd52c65-5ce1-4c35-a594-c7ab9f56a53f,EMIT,DATA,653,1060,""
1221.529,sender,afd52c65-5ce1-4c35-a594-c7ab9f56a53f,EMIT,DATA,656,1060,""
1221.538,sender,afd52c65-5ce1-4c35-a594-c7ab9f56a53f,EMIT,DATA,650,1060,""
1221.547,sender,afd52c65-5ce1-4c35-a594-c7ab9f56a53f,EMIT,DATA,663,1060,""
1221.555,sender,afd52c65-5ce1-4c35-a594-c7ab9f56a53f,EMIT,DATA,659,1060,""
1221.564,sender,afd52c65-5ce1-4c35-a594-c7ab9f56a53f,EMIT,DATA,658,1060,""
1221.573,sender,afd52c65-5ce1-4c35-a594-c7ab9f56a53f,EMIT,DATA,664,1060,""
1221.582,sender,afd52c65-5ce1-4c35-a594-c7ab9f56a53f,EMIT,DATA,657,1060,""
1221.591,sender,afd52c65-5ce1-4c35-a594-c7ab9f56a53f,EMIT,DATA,654,1060,""
1221.600,sender,afd52c65-5ce1-4c35-a594-c7ab9f56a53f,EMIT,DATA,655,1060,""
1221.610,sender,afd52c65-5ce1-4c35-a594-c7ab9f56a53f,EMIT,DATA,661,1060,""
1221.620,sender,afd52c65-5ce1-4c35-a594-c7ab9f56a53f,EMIT,DATA,669,1060,""
1221.822,sender,afd52c65-5ce1-4c35-a594-c7ab9f56a53f,RECEIVE,ACK,610,36,""
1221.831,sender,afd52c65-5ce1-4c35-a594-c7ab9f56a53f,ACKNOWLEDGED,ACK,610,0,""
1221.834,sender,afd52c65-5ce1-4c35-a594-c7ab9f56a53f,CONFIRM_DATA,ACK,610,1024,"unique file bytes acknowledged"
1221.839,sender,afd52c65-5ce1-4c35-a594-c7ab9f56a53f,RTT_SAMPLE,ACK,610,0,"109.252500"
1221.844,sender,afd52c65-5ce1-4c35-a594-c7ab9f56a53f,SEND,DATA,674,1060,""
1221.848,sender,afd52c65-5ce1-4c35-a594-c7ab9f56a53f,SEND,DATA,675,1060,""
1221.851,sender,afd52c65-5ce1-4c35-a594-c7ab9f56a53f,SEND,DATA,676,1060,""
1221.854,sender,afd52c65-5ce1-4c35-a594-c7ab9f56a53f,SEND,DATA,677,1060,""
1221.856,sender,afd52c65-5ce1-4c35-a594-c7ab9f56a53f,SEND,DATA,678,1060,""
1221.859,sender,afd52c65-5ce1-4c35-a594-c7ab9f56a53f,SEND,DATA,679,1060,""
1221.862,sender,afd52c65-5ce1-4c35-a594-c7ab9f56a53f,SEND,DATA,680,1060,""
1221.864,sender,afd52c65-5ce1-4c35-a594-c7ab9f56a53f,SEND,DATA,681,1060,""
1221.867,sender,afd52c65-5ce1-4c35-a594-c7ab9f56a53f,SEND,DATA,682,1060,""
1221.870,sender,afd52c65-5ce1-4c35-a594-c7ab9f56a53f,SEND,DATA,683,1060,""
1221.883,sender,afd52c65-5ce1-4c35-a594-c7ab9f56a53f,RECEIVE,ACK,633,36,""
1221.886,sender,afd52c65-5ce1-4c35-a594-c7ab9f56a53f,ACKNOWLEDGED,ACK,633,0,""
1221.888,sender,afd52c65-5ce1-4c35-a594-c7ab9f56a53f,CONFIRM_DATA,ACK,633,1024,"unique file bytes acknowledged"
1221.892,sender,afd52c65-5ce1-4c35-a594-c7ab9f56a53f,RTT_SAMPLE,ACK,633,0,"108.962500"
1221.897,sender,afd52c65-5ce1-4c35-a594-c7ab9f56a53f,RECEIVE,ACK,620,36,""
1221.899,sender,afd52c65-5ce1-4c35-a594-c7ab9f56a53f,ACKNOWLEDGED,ACK,620,0,""
1221.902,sender,afd52c65-5ce1-4c35-a594-c7ab9f56a53f,CONFIRM_DATA,ACK,620,1024,"unique file bytes acknowledged"
1221.976,sender,afd52c65-5ce1-4c35-a594-c7ab9f56a53f,RTT_SAMPLE,ACK,620,0,"109.289600"
1221.979,sender,afd52c65-5ce1-4c35-a594-c7ab9f56a53f,SEND,DATA,684,1060,""
1221.984,sender,afd52c65-5ce1-4c35-a594-c7ab9f56a53f,RECEIVE,ACK,636,36,""
1221.986,sender,afd52c65-5ce1-4c35-a594-c7ab9f56a53f,ACKNOWLEDGED,ACK,636,0,""
1221.988,sender,afd52c65-5ce1-4c35-a594-c7ab9f56a53f,CONFIRM_DATA,ACK,636,1024,"unique file bytes acknowledged"
1221.991,sender,afd52c65-5ce1-4c35-a594-c7ab9f56a53f,RTT_SAMPLE,ACK,636,0,"108.919600"
1221.995,sender,afd52c65-5ce1-4c35-a594-c7ab9f56a53f,RECEIVE,ACK,634,36,""
1221.997,sender,afd52c65-5ce1-4c35-a594-c7ab9f56a53f,ACKNOWLEDGED,ACK,634,0,""
1221.999,sender,afd52c65-5ce1-4c35-a594-c7ab9f56a53f,CONFIRM_DATA,ACK,634,1024,"unique file bytes acknowledged"
1222.002,sender,afd52c65-5ce1-4c35-a594-c7ab9f56a53f,RTT_SAMPLE,ACK,634,0,"109.067000"
1222.006,sender,afd52c65-5ce1-4c35-a594-c7ab9f56a53f,RECEIVE,ACK,621,36,""
1222.008,sender,afd52c65-5ce1-4c35-a594-c7ab9f56a53f,ACKNOWLEDGED,ACK,621,0,""
1222.010,sender,afd52c65-5ce1-4c35-a594-c7ab9f56a53f,CONFIRM_DATA,ACK,621,1024,"unique file bytes acknowledged"
1222.013,sender,afd52c65-5ce1-4c35-a594-c7ab9f56a53f,RTT_SAMPLE,ACK,621,0,"109.320400"
1222.016,sender,afd52c65-5ce1-4c35-a594-c7ab9f56a53f,SEND,DATA,685,1060,""
1222.018,sender,afd52c65-5ce1-4c35-a594-c7ab9f56a53f,SEND,DATA,686,1060,""
1222.021,sender,afd52c65-5ce1-4c35-a594-c7ab9f56a53f,SEND,DATA,687,1060,""
1222.023,sender,afd52c65-5ce1-4c35-a594-c7ab9f56a53f,SEND,DATA,688,1060,""
1222.025,sender,afd52c65-5ce1-4c35-a594-c7ab9f56a53f,SEND,DATA,689,1060,""
1222.028,sender,afd52c65-5ce1-4c35-a594-c7ab9f56a53f,SEND,DATA,690,1060,""
1222.030,sender,afd52c65-5ce1-4c35-a594-c7ab9f56a53f,SEND,DATA,691,1060,""
1222.033,sender,afd52c65-5ce1-4c35-a594-c7ab9f56a53f,SEND,DATA,692,1060,""
1222.035,sender,afd52c65-5ce1-4c35-a594-c7ab9f56a53f,SEND,DATA,693,1060,""
1237.377,sender,afd52c65-5ce1-4c35-a594-c7ab9f56a53f,EMIT,DATA,662,1060,""
1237.407,sender,afd52c65-5ce1-4c35-a594-c7ab9f56a53f,EMIT,DATA,666,1060,""
1237.416,sender,afd52c65-5ce1-4c35-a594-c7ab9f56a53f,EMIT,DATA,670,1060,""
1237.425,sender,afd52c65-5ce1-4c35-a594-c7ab9f56a53f,EMIT,DATA,649,1060,""
1237.434,sender,afd52c65-5ce1-4c35-a594-c7ab9f56a53f,EMIT,DATA,665,1060,""
1237.442,sender,afd52c65-5ce1-4c35-a594-c7ab9f56a53f,EMIT,DATA,671,1060,""
1237.668,sender,afd52c65-5ce1-4c35-a594-c7ab9f56a53f,RECEIVE,ACK,645,36,""
1237.681,sender,afd52c65-5ce1-4c35-a594-c7ab9f56a53f,ACKNOWLEDGED,ACK,645,0,""
1237.684,sender,afd52c65-5ce1-4c35-a594-c7ab9f56a53f,CONFIRM_DATA,ACK,645,1024,"unique file bytes acknowledged"
1237.690,sender,afd52c65-5ce1-4c35-a594-c7ab9f56a53f,RTT_SAMPLE,ACK,645,0,"109.409600"
1237.951,sender,afd52c65-5ce1-4c35-a594-c7ab9f56a53f,RECEIVE,ACK,640,36,""
1237.960,sender,afd52c65-5ce1-4c35-a594-c7ab9f56a53f,ACKNOWLEDGED,ACK,640,0,""
1237.963,sender,afd52c65-5ce1-4c35-a594-c7ab9f56a53f,CONFIRM_DATA,ACK,640,1024,"unique file bytes acknowledged"
1237.968,sender,afd52c65-5ce1-4c35-a594-c7ab9f56a53f,RTT_SAMPLE,ACK,640,0,"124.867900"
1237.979,sender,afd52c65-5ce1-4c35-a594-c7ab9f56a53f,RECEIVE,ACK,630,36,""
1237.981,sender,afd52c65-5ce1-4c35-a594-c7ab9f56a53f,ACKNOWLEDGED,ACK,630,0,""
1237.984,sender,afd52c65-5ce1-4c35-a594-c7ab9f56a53f,CONFIRM_DATA,ACK,630,1024,"unique file bytes acknowledged"
1237.987,sender,afd52c65-5ce1-4c35-a594-c7ab9f56a53f,RTT_SAMPLE,ACK,630,0,"125.077200"
1237.991,sender,afd52c65-5ce1-4c35-a594-c7ab9f56a53f,SEND,DATA,694,1060,""
1237.996,sender,afd52c65-5ce1-4c35-a594-c7ab9f56a53f,SEND,DATA,695,1060,""
1237.999,sender,afd52c65-5ce1-4c35-a594-c7ab9f56a53f,SEND,DATA,696,1060,""
1238.002,sender,afd52c65-5ce1-4c35-a594-c7ab9f56a53f,SEND,DATA,697,1060,""
1238.005,sender,afd52c65-5ce1-4c35-a594-c7ab9f56a53f,SEND,DATA,698,1060,""
1238.007,sender,afd52c65-5ce1-4c35-a594-c7ab9f56a53f,SEND,DATA,699,1060,""
1238.014,sender,afd52c65-5ce1-4c35-a594-c7ab9f56a53f,SEND,DATA,700,1060,""
1238.016,sender,afd52c65-5ce1-4c35-a594-c7ab9f56a53f,SEND,DATA,701,1060,""
1238.019,sender,afd52c65-5ce1-4c35-a594-c7ab9f56a53f,SEND,DATA,702,1060,""
1238.021,sender,afd52c65-5ce1-4c35-a594-c7ab9f56a53f,SEND,DATA,703,1060,""
1238.024,sender,afd52c65-5ce1-4c35-a594-c7ab9f56a53f,SEND,DATA,704,1060,""
1238.026,sender,afd52c65-5ce1-4c35-a594-c7ab9f56a53f,SEND,DATA,705,1060,""
1238.029,sender,afd52c65-5ce1-4c35-a594-c7ab9f56a53f,SEND,DATA,706,1060,""
1238.031,sender,afd52c65-5ce1-4c35-a594-c7ab9f56a53f,SEND,DATA,707,1060,""
1238.034,sender,afd52c65-5ce1-4c35-a594-c7ab9f56a53f,SEND,DATA,708,1060,""
1238.036,sender,afd52c65-5ce1-4c35-a594-c7ab9f56a53f,SEND,DATA,709,1060,""
1238.041,sender,afd52c65-5ce1-4c35-a594-c7ab9f56a53f,RECEIVE,ACK,646,36,""
1238.043,sender,afd52c65-5ce1-4c35-a594-c7ab9f56a53f,ACKNOWLEDGED,ACK,646,0,""
1238.045,sender,afd52c65-5ce1-4c35-a594-c7ab9f56a53f,CONFIRM_DATA,ACK,646,1024,"unique file bytes acknowledged"
1238.048,sender,afd52c65-5ce1-4c35-a594-c7ab9f56a53f,RTT_SAMPLE,ACK,646,0,"109.760800"
1238.051,sender,afd52c65-5ce1-4c35-a594-c7ab9f56a53f,SEND,DATA,710,1060,""
1238.053,sender,afd52c65-5ce1-4c35-a594-c7ab9f56a53f,SEND,DATA,711,1060,""
1238.056,sender,afd52c65-5ce1-4c35-a594-c7ab9f56a53f,SEND,DATA,712,1060,""
1238.060,sender,afd52c65-5ce1-4c35-a594-c7ab9f56a53f,RECEIVE,ACK,668,36,""
1238.063,sender,afd52c65-5ce1-4c35-a594-c7ab9f56a53f,ACKNOWLEDGED,ACK,668,0,""
1238.065,sender,afd52c65-5ce1-4c35-a594-c7ab9f56a53f,CONFIRM_DATA,ACK,668,1024,"unique file bytes acknowledged"
1238.068,sender,afd52c65-5ce1-4c35-a594-c7ab9f56a53f,RTT_SAMPLE,ACK,668,0,"61.561600"
1252.653,sender,afd52c65-5ce1-4c35-a594-c7ab9f56a53f,EMIT,DATA,673,1060,""
1252.667,sender,afd52c65-5ce1-4c35-a594-c7ab9f56a53f,RECEIVE,ACK,667,36,""
1252.678,sender,afd52c65-5ce1-4c35-a594-c7ab9f56a53f,ACKNOWLEDGED,ACK,667,0,""
1252.682,sender,afd52c65-5ce1-4c35-a594-c7ab9f56a53f,EMIT,DATA,672,1060,""
1252.686,sender,afd52c65-5ce1-4c35-a594-c7ab9f56a53f,CONFIRM_DATA,ACK,667,1024,"unique file bytes acknowledged"
1252.691,sender,afd52c65-5ce1-4c35-a594-c7ab9f56a53f,RTT_SAMPLE,ACK,667,0,"76.187800"
1252.694,sender,afd52c65-5ce1-4c35-a594-c7ab9f56a53f,EMIT,DATA,686,1060,""
1252.700,sender,afd52c65-5ce1-4c35-a594-c7ab9f56a53f,RECEIVE,ACK,651,36,""
1252.703,sender,afd52c65-5ce1-4c35-a594-c7ab9f56a53f,ACKNOWLEDGED,ACK,651,0,""
1252.706,sender,afd52c65-5ce1-4c35-a594-c7ab9f56a53f,CONFIRM_DATA,ACK,651,1024,"unique file bytes acknowledged"
1252.709,sender,afd52c65-5ce1-4c35-a594-c7ab9f56a53f,EMIT,DATA,693,1060,""
1252.712,sender,afd52c65-5ce1-4c35-a594-c7ab9f56a53f,RTT_SAMPLE,ACK,651,0,"76.437800"
1252.719,sender,afd52c65-5ce1-4c35-a594-c7ab9f56a53f,RECEIVE,ACK,653,36,""
1252.722,sender,afd52c65-5ce1-4c35-a594-c7ab9f56a53f,ACKNOWLEDGED,ACK,653,0,""
1252.725,sender,afd52c65-5ce1-4c35-a594-c7ab9f56a53f,CONFIRM_DATA,ACK,653,1024,"unique file bytes acknowledged"
1252.728,sender,afd52c65-5ce1-4c35-a594-c7ab9f56a53f,RTT_SAMPLE,ACK,653,0,"76.431800"
1252.738,sender,afd52c65-5ce1-4c35-a594-c7ab9f56a53f,RECEIVE,ACK,663,36,""
1252.741,sender,afd52c65-5ce1-4c35-a594-c7ab9f56a53f,ACKNOWLEDGED,ACK,663,0,""
1252.744,sender,afd52c65-5ce1-4c35-a594-c7ab9f56a53f,CONFIRM_DATA,ACK,663,1024,"unique file bytes acknowledged"
1252.747,sender,afd52c65-5ce1-4c35-a594-c7ab9f56a53f,RTT_SAMPLE,ACK,663,0,"76.260300"
1252.753,sender,afd52c65-5ce1-4c35-a594-c7ab9f56a53f,RECEIVE,ACK,658,36,""
1252.756,sender,afd52c65-5ce1-4c35-a594-c7ab9f56a53f,ACKNOWLEDGED,ACK,658,0,""
1252.759,sender,afd52c65-5ce1-4c35-a594-c7ab9f56a53f,CONFIRM_DATA,ACK,658,1024,"unique file bytes acknowledged"
1252.762,sender,afd52c65-5ce1-4c35-a594-c7ab9f56a53f,RTT_SAMPLE,ACK,658,0,"76.429300"
1252.768,sender,afd52c65-5ce1-4c35-a594-c7ab9f56a53f,RECEIVE,ACK,652,36,""
1252.771,sender,afd52c65-5ce1-4c35-a594-c7ab9f56a53f,ACKNOWLEDGED,ACK,652,0,""
1252.774,sender,afd52c65-5ce1-4c35-a594-c7ab9f56a53f,CONFIRM_DATA,ACK,652,1024,"unique file bytes acknowledged"
1252.777,sender,afd52c65-5ce1-4c35-a594-c7ab9f56a53f,RTT_SAMPLE,ACK,652,0,"76.502000"
1269.012,sender,afd52c65-5ce1-4c35-a594-c7ab9f56a53f,RECEIVE,ACK,655,36,""
1269.095,sender,afd52c65-5ce1-4c35-a594-c7ab9f56a53f,ACKNOWLEDGED,ACK,655,0,""
1269.100,sender,afd52c65-5ce1-4c35-a594-c7ab9f56a53f,CONFIRM_DATA,ACK,655,1024,"unique file bytes acknowledged"
1269.107,sender,afd52c65-5ce1-4c35-a594-c7ab9f56a53f,RTT_SAMPLE,ACK,655,0,"92.783700"
1269.126,sender,afd52c65-5ce1-4c35-a594-c7ab9f56a53f,RECEIVE,ACK,660,36,""
1269.129,sender,afd52c65-5ce1-4c35-a594-c7ab9f56a53f,ACKNOWLEDGED,ACK,660,0,""
1269.132,sender,afd52c65-5ce1-4c35-a594-c7ab9f56a53f,CONFIRM_DATA,ACK,660,1024,"unique file bytes acknowledged"
1269.136,sender,afd52c65-5ce1-4c35-a594-c7ab9f56a53f,RTT_SAMPLE,ACK,660,0,"92.795300"
1269.153,sender,afd52c65-5ce1-4c35-a594-c7ab9f56a53f,EMIT,DATA,677,1060,""
1269.166,sender,afd52c65-5ce1-4c35-a594-c7ab9f56a53f,RECEIVE,ACK,657,36,""
1269.169,sender,afd52c65-5ce1-4c35-a594-c7ab9f56a53f,ACKNOWLEDGED,ACK,657,0,""
1269.172,sender,afd52c65-5ce1-4c35-a594-c7ab9f56a53f,CONFIRM_DATA,ACK,657,1024,"unique file bytes acknowledged"
1269.177,sender,afd52c65-5ce1-4c35-a594-c7ab9f56a53f,RTT_SAMPLE,ACK,657,0,"92.847200"
1269.185,sender,afd52c65-5ce1-4c35-a594-c7ab9f56a53f,RECEIVE,ACK,664,36,""
1269.188,sender,afd52c65-5ce1-4c35-a594-c7ab9f56a53f,ACKNOWLEDGED,ACK,664,0,""
1269.191,sender,afd52c65-5ce1-4c35-a594-c7ab9f56a53f,CONFIRM_DATA,ACK,664,1024,"unique file bytes acknowledged"
1269.195,sender,afd52c65-5ce1-4c35-a594-c7ab9f56a53f,RTT_SAMPLE,ACK,664,0,"92.703700"
1269.216,sender,afd52c65-5ce1-4c35-a594-c7ab9f56a53f,EMIT,DATA,674,1060,""
1269.243,sender,afd52c65-5ce1-4c35-a594-c7ab9f56a53f,EMIT,DATA,688,1060,""
1269.265,sender,afd52c65-5ce1-4c35-a594-c7ab9f56a53f,EMIT,DATA,680,1060,""
1269.289,sender,afd52c65-5ce1-4c35-a594-c7ab9f56a53f,EMIT,DATA,687,1060,""
1269.307,sender,afd52c65-5ce1-4c35-a594-c7ab9f56a53f,EMIT,DATA,692,1060,""
1269.326,sender,afd52c65-5ce1-4c35-a594-c7ab9f56a53f,EMIT,DATA,681,1060,""
1269.349,sender,afd52c65-5ce1-4c35-a594-c7ab9f56a53f,EMIT,DATA,685,1060,""
1269.365,sender,afd52c65-5ce1-4c35-a594-c7ab9f56a53f,EMIT,DATA,682,1060,""
1269.395,sender,afd52c65-5ce1-4c35-a594-c7ab9f56a53f,EMIT,DATA,678,1060,""
1269.427,sender,afd52c65-5ce1-4c35-a594-c7ab9f56a53f,EMIT,DATA,704,1060,""
1269.500,sender,afd52c65-5ce1-4c35-a594-c7ab9f56a53f,EMIT,DATA,710,1060,""
1269.509,sender,afd52c65-5ce1-4c35-a594-c7ab9f56a53f,RECEIVE,ACK,661,36,""
1269.513,sender,afd52c65-5ce1-4c35-a594-c7ab9f56a53f,ACKNOWLEDGED,ACK,661,0,""
1269.515,sender,afd52c65-5ce1-4c35-a594-c7ab9f56a53f,CONFIRM_DATA,ACK,661,1024,"unique file bytes acknowledged"
1269.519,sender,afd52c65-5ce1-4c35-a594-c7ab9f56a53f,RTT_SAMPLE,ACK,661,0,"93.039900"
1269.526,sender,afd52c65-5ce1-4c35-a594-c7ab9f56a53f,RECEIVE,ACK,649,36,""
1269.529,sender,afd52c65-5ce1-4c35-a594-c7ab9f56a53f,ACKNOWLEDGED,ACK,649,0,""
1269.532,sender,afd52c65-5ce1-4c35-a594-c7ab9f56a53f,CONFIRM_DATA,ACK,649,1024,"unique file bytes acknowledged"
1269.535,sender,afd52c65-5ce1-4c35-a594-c7ab9f56a53f,EMIT,DATA,683,1060,""
1269.545,sender,afd52c65-5ce1-4c35-a594-c7ab9f56a53f,RTT_SAMPLE,ACK,649,0,"93.272900"
1269.550,sender,afd52c65-5ce1-4c35-a594-c7ab9f56a53f,SEND,DATA,713,1060,""
1269.558,sender,afd52c65-5ce1-4c35-a594-c7ab9f56a53f,RECEIVE,ACK,656,36,""
1269.565,sender,afd52c65-5ce1-4c35-a594-c7ab9f56a53f,ACKNOWLEDGED,ACK,656,0,""
1269.567,sender,afd52c65-5ce1-4c35-a594-c7ab9f56a53f,CONFIRM_DATA,ACK,656,1024,"unique file bytes acknowledged"
1269.570,sender,afd52c65-5ce1-4c35-a594-c7ab9f56a53f,EMIT,DATA,690,1060,""
1269.580,sender,afd52c65-5ce1-4c35-a594-c7ab9f56a53f,RTT_SAMPLE,ACK,656,0,"93.244700"
1269.587,sender,afd52c65-5ce1-4c35-a594-c7ab9f56a53f,RECEIVE,ACK,659,36,""
1269.590,sender,afd52c65-5ce1-4c35-a594-c7ab9f56a53f,ACKNOWLEDGED,ACK,659,0,""
1269.592,sender,afd52c65-5ce1-4c35-a594-c7ab9f56a53f,CONFIRM_DATA,ACK,659,1024,"unique file bytes acknowledged"
1269.596,sender,afd52c65-5ce1-4c35-a594-c7ab9f56a53f,RTT_SAMPLE,ACK,659,0,"93.259100"
1269.602,sender,afd52c65-5ce1-4c35-a594-c7ab9f56a53f,RECEIVE,ACK,669,36,""
1269.606,sender,afd52c65-5ce1-4c35-a594-c7ab9f56a53f,ACKNOWLEDGED,ACK,669,0,""
1269.612,sender,afd52c65-5ce1-4c35-a594-c7ab9f56a53f,CONFIRM_DATA,ACK,669,1024,"unique file bytes acknowledged"
1269.615,sender,afd52c65-5ce1-4c35-a594-c7ab9f56a53f,EMIT,DATA,694,1060,""
1269.633,sender,afd52c65-5ce1-4c35-a594-c7ab9f56a53f,RTT_SAMPLE,ACK,669,0,"93.105600"
1269.683,sender,afd52c65-5ce1-4c35-a594-c7ab9f56a53f,EMIT,DATA,679,1060,""
1284.887,sender,afd52c65-5ce1-4c35-a594-c7ab9f56a53f,RECEIVE,ACK,654,36,""
1284.897,sender,afd52c65-5ce1-4c35-a594-c7ab9f56a53f,ACKNOWLEDGED,ACK,654,0,""
1284.901,sender,afd52c65-5ce1-4c35-a594-c7ab9f56a53f,CONFIRM_DATA,ACK,654,1024,"unique file bytes acknowledged"
1284.908,sender,afd52c65-5ce1-4c35-a594-c7ab9f56a53f,RTT_SAMPLE,ACK,654,0,"108.587600"
1284.913,sender,afd52c65-5ce1-4c35-a594-c7ab9f56a53f,EMIT,DATA,696,1060,""
1284.975,sender,afd52c65-5ce1-4c35-a594-c7ab9f56a53f,EMIT,DATA,689,1060,""
1284.987,sender,afd52c65-5ce1-4c35-a594-c7ab9f56a53f,RECEIVE,ACK,650,36,""
1284.991,sender,afd52c65-5ce1-4c35-a594-c7ab9f56a53f,ACKNOWLEDGED,ACK,650,0,""
1284.994,sender,afd52c65-5ce1-4c35-a594-c7ab9f56a53f,CONFIRM_DATA,ACK,650,1024,"unique file bytes acknowledged"
1284.998,sender,afd52c65-5ce1-4c35-a594-c7ab9f56a53f,RTT_SAMPLE,ACK,650,0,"108.729700"
1285.016,sender,afd52c65-5ce1-4c35-a594-c7ab9f56a53f,SEND,DATA,714,1060,""
1285.027,sender,afd52c65-5ce1-4c35-a594-c7ab9f56a53f,SEND,DATA,715,1060,""
1285.031,sender,afd52c65-5ce1-4c35-a594-c7ab9f56a53f,SEND,DATA,716,1060,""
1285.035,sender,afd52c65-5ce1-4c35-a594-c7ab9f56a53f,SEND,DATA,717,1060,""
1285.038,sender,afd52c65-5ce1-4c35-a594-c7ab9f56a53f,SEND,DATA,718,1060,""
1285.042,sender,afd52c65-5ce1-4c35-a594-c7ab9f56a53f,SEND,DATA,719,1060,""
1285.046,sender,afd52c65-5ce1-4c35-a594-c7ab9f56a53f,SEND,DATA,720,1060,""
1285.049,sender,afd52c65-5ce1-4c35-a594-c7ab9f56a53f,SEND,DATA,721,1060,""
1285.053,sender,afd52c65-5ce1-4c35-a594-c7ab9f56a53f,SEND,DATA,722,1060,""
1285.057,sender,afd52c65-5ce1-4c35-a594-c7ab9f56a53f,SEND,DATA,723,1060,""
1285.061,sender,afd52c65-5ce1-4c35-a594-c7ab9f56a53f,SEND,DATA,724,1060,""
1285.065,sender,afd52c65-5ce1-4c35-a594-c7ab9f56a53f,SEND,DATA,725,1060,""
1285.070,sender,afd52c65-5ce1-4c35-a594-c7ab9f56a53f,EMIT,DATA,684,1060,""
1285.116,sender,afd52c65-5ce1-4c35-a594-c7ab9f56a53f,EMIT,DATA,708,1060,""
1285.140,sender,afd52c65-5ce1-4c35-a594-c7ab9f56a53f,EMIT,DATA,675,1060,""
1285.149,sender,afd52c65-5ce1-4c35-a594-c7ab9f56a53f,RECEIVE,ACK,670,36,""
1285.165,sender,afd52c65-5ce1-4c35-a594-c7ab9f56a53f,ACKNOWLEDGED,ACK,670,0,""
1285.170,sender,afd52c65-5ce1-4c35-a594-c7ab9f56a53f,EMIT,DATA,676,1060,""
1285.176,sender,afd52c65-5ce1-4c35-a594-c7ab9f56a53f,CONFIRM_DATA,ACK,670,1024,"unique file bytes acknowledged"
1285.182,sender,afd52c65-5ce1-4c35-a594-c7ab9f56a53f,RTT_SAMPLE,ACK,670,0,"108.667000"
1285.341,sender,afd52c65-5ce1-4c35-a594-c7ab9f56a53f,RECEIVE,ACK,662,36,""
1285.353,sender,afd52c65-5ce1-4c35-a594-c7ab9f56a53f,EMIT,DATA,691,1060,""
1285.364,sender,afd52c65-5ce1-4c35-a594-c7ab9f56a53f,ACKNOWLEDGED,ACK,662,0,""
1285.370,sender,afd52c65-5ce1-4c35-a594-c7ab9f56a53f,CONFIRM_DATA,ACK,662,1024,"unique file bytes acknowledged"
1285.377,sender,afd52c65-5ce1-4c35-a594-c7ab9f56a53f,RTT_SAMPLE,ACK,662,0,"108.893000"
1285.384,sender,afd52c65-5ce1-4c35-a594-c7ab9f56a53f,SEND,DATA,726,1060,""
1285.391,sender,afd52c65-5ce1-4c35-a594-c7ab9f56a53f,SEND,DATA,727,1060,""
1285.396,sender,afd52c65-5ce1-4c35-a594-c7ab9f56a53f,SEND,DATA,728,1060,""
1285.415,sender,afd52c65-5ce1-4c35-a594-c7ab9f56a53f,EMIT,DATA,699,1060,""
1285.444,sender,afd52c65-5ce1-4c35-a594-c7ab9f56a53f,RECEIVE,ACK,665,36,""
1285.449,sender,afd52c65-5ce1-4c35-a594-c7ab9f56a53f,ACKNOWLEDGED,ACK,665,0,""
1285.452,sender,afd52c65-5ce1-4c35-a594-c7ab9f56a53f,CONFIRM_DATA,ACK,665,1024,"unique file bytes acknowledged"
1285.456,sender,afd52c65-5ce1-4c35-a594-c7ab9f56a53f,EMIT,DATA,702,1060,""
1285.462,sender,afd52c65-5ce1-4c35-a594-c7ab9f56a53f,RTT_SAMPLE,ACK,665,0,"108.961800"
1285.467,sender,afd52c65-5ce1-4c35-a594-c7ab9f56a53f,EMIT,DATA,703,1060,""
1285.471,sender,afd52c65-5ce1-4c35-a594-c7ab9f56a53f,SEND,DATA,729,1060,""
1285.541,sender,afd52c65-5ce1-4c35-a594-c7ab9f56a53f,EMIT,DATA,700,1060,""
1285.591,sender,afd52c65-5ce1-4c35-a594-c7ab9f56a53f,EMIT,DATA,707,1060,""
1285.609,sender,afd52c65-5ce1-4c35-a594-c7ab9f56a53f,EMIT,DATA,712,1060,""
1285.618,sender,afd52c65-5ce1-4c35-a594-c7ab9f56a53f,EMIT,DATA,697,1060,""
1285.627,sender,afd52c65-5ce1-4c35-a594-c7ab9f56a53f,EMIT,DATA,711,1060,""
1285.636,sender,afd52c65-5ce1-4c35-a594-c7ab9f56a53f,EMIT,DATA,701,1060,""
1285.645,sender,afd52c65-5ce1-4c35-a594-c7ab9f56a53f,EMIT,DATA,698,1060,""
1285.678,sender,afd52c65-5ce1-4c35-a594-c7ab9f56a53f,EMIT,DATA,705,1060,""
1300.708,sender,afd52c65-5ce1-4c35-a594-c7ab9f56a53f,EMIT,DATA,695,1060,""
1300.737,sender,afd52c65-5ce1-4c35-a594-c7ab9f56a53f,EMIT,DATA,706,1060,""
1300.749,sender,afd52c65-5ce1-4c35-a594-c7ab9f56a53f,EMIT,DATA,709,1060,""
1300.939,sender,afd52c65-5ce1-4c35-a594-c7ab9f56a53f,RECEIVE,ACK,666,36,""
1300.964,sender,afd52c65-5ce1-4c35-a594-c7ab9f56a53f,ACKNOWLEDGED,ACK,666,0,""
1300.974,sender,afd52c65-5ce1-4c35-a594-c7ab9f56a53f,CONFIRM_DATA,ACK,666,1024,"unique file bytes acknowledged"
1300.988,sender,afd52c65-5ce1-4c35-a594-c7ab9f56a53f,RTT_SAMPLE,ACK,666,0,"124.484800"
1301.017,sender,afd52c65-5ce1-4c35-a594-c7ab9f56a53f,SEND,DATA,730,1060,""
1301.028,sender,afd52c65-5ce1-4c35-a594-c7ab9f56a53f,SEND,DATA,731,1060,""
1301.038,sender,afd52c65-5ce1-4c35-a594-c7ab9f56a53f,SEND,DATA,732,1060,""
1301.041,sender,afd52c65-5ce1-4c35-a594-c7ab9f56a53f,SEND,DATA,733,1060,""
1301.045,sender,afd52c65-5ce1-4c35-a594-c7ab9f56a53f,SEND,DATA,734,1060,""
1301.057,sender,afd52c65-5ce1-4c35-a594-c7ab9f56a53f,RECEIVE,ACK,671,36,""
1301.060,sender,afd52c65-5ce1-4c35-a594-c7ab9f56a53f,ACKNOWLEDGED,ACK,671,0,""
1301.062,sender,afd52c65-5ce1-4c35-a594-c7ab9f56a53f,CONFIRM_DATA,ACK,671,1024,"unique file bytes acknowledged"
1301.066,sender,afd52c65-5ce1-4c35-a594-c7ab9f56a53f,RTT_SAMPLE,ACK,671,0,"109.930700"
1301.071,sender,afd52c65-5ce1-4c35-a594-c7ab9f56a53f,SEND,DATA,735,1060,""
1301.076,sender,afd52c65-5ce1-4c35-a594-c7ab9f56a53f,RECEIVE,ACK,686,36,""
1301.079,sender,afd52c65-5ce1-4c35-a594-c7ab9f56a53f,ACKNOWLEDGED,ACK,686,0,""
1301.082,sender,afd52c65-5ce1-4c35-a594-c7ab9f56a53f,CONFIRM_DATA,ACK,686,1024,"unique file bytes acknowledged"
1301.086,sender,afd52c65-5ce1-4c35-a594-c7ab9f56a53f,RTT_SAMPLE,ACK,686,0,"79.066800"
1301.092,sender,afd52c65-5ce1-4c35-a594-c7ab9f56a53f,RECEIVE,ACK,673,36,""
1301.095,sender,afd52c65-5ce1-4c35-a594-c7ab9f56a53f,ACKNOWLEDGED,ACK,673,0,""
1301.098,sender,afd52c65-5ce1-4c35-a594-c7ab9f56a53f,CONFIRM_DATA,ACK,673,1024,"unique file bytes acknowledged"
1301.101,sender,afd52c65-5ce1-4c35-a594-c7ab9f56a53f,RTT_SAMPLE,ACK,673,0,"109.952400"
1301.107,sender,afd52c65-5ce1-4c35-a594-c7ab9f56a53f,RECEIVE,ACK,672,36,""
1301.110,sender,afd52c65-5ce1-4c35-a594-c7ab9f56a53f,ACKNOWLEDGED,ACK,672,0,""
1301.113,sender,afd52c65-5ce1-4c35-a594-c7ab9f56a53f,CONFIRM_DATA,ACK,672,1024,"unique file bytes acknowledged"
1301.116,sender,afd52c65-5ce1-4c35-a594-c7ab9f56a53f,RTT_SAMPLE,ACK,672,0,"109.973100"
1301.121,sender,afd52c65-5ce1-4c35-a594-c7ab9f56a53f,SEND,DATA,736,1060,""
1301.124,sender,afd52c65-5ce1-4c35-a594-c7ab9f56a53f,SEND,DATA,737,1060,""
1301.130,sender,afd52c65-5ce1-4c35-a594-c7ab9f56a53f,RECEIVE,ACK,693,36,""
1301.133,sender,afd52c65-5ce1-4c35-a594-c7ab9f56a53f,ACKNOWLEDGED,ACK,693,0,""
1301.136,sender,afd52c65-5ce1-4c35-a594-c7ab9f56a53f,CONFIRM_DATA,ACK,693,1024,"unique file bytes acknowledged"
1301.139,sender,afd52c65-5ce1-4c35-a594-c7ab9f56a53f,RTT_SAMPLE,ACK,693,0,"79.103700"
1301.145,sender,afd52c65-5ce1-4c35-a594-c7ab9f56a53f,RECEIVE,ACK,710,36,""
1301.148,sender,afd52c65-5ce1-4c35-a594-c7ab9f56a53f,ACKNOWLEDGED,ACK,710,0,""
1301.151,sender,afd52c65-5ce1-4c35-a594-c7ab9f56a53f,CONFIRM_DATA,ACK,710,1024,"unique file bytes acknowledged"
1301.154,sender,afd52c65-5ce1-4c35-a594-c7ab9f56a53f,RTT_SAMPLE,ACK,710,0,"63.102800"
1316.144,sender,afd52c65-5ce1-4c35-a594-c7ab9f56a53f,RECEIVE,ACK,692,36,""
1316.157,sender,afd52c65-5ce1-4c35-a594-c7ab9f56a53f,EMIT,DATA,725,1060,""
1316.173,sender,afd52c65-5ce1-4c35-a594-c7ab9f56a53f,ACKNOWLEDGED,ACK,692,0,""
1316.177,sender,afd52c65-5ce1-4c35-a594-c7ab9f56a53f,CONFIRM_DATA,ACK,692,1024,"unique file bytes acknowledged"
1316.182,sender,afd52c65-5ce1-4c35-a594-c7ab9f56a53f,RTT_SAMPLE,ACK,692,0,"94.147800"
1316.190,sender,afd52c65-5ce1-4c35-a594-c7ab9f56a53f,EMIT,DATA,713,1060,""
1316.197,sender,afd52c65-5ce1-4c35-a594-c7ab9f56a53f,RECEIVE,ACK,674,36,""
1316.200,sender,afd52c65-5ce1-4c35-a594-c7ab9f56a53f,ACKNOWLEDGED,ACK,674,0,""
1316.203,sender,afd52c65-5ce1-4c35-a594-c7ab9f56a53f,CONFIRM_DATA,ACK,674,1024,"unique file bytes acknowledged"
1316.206,sender,afd52c65-5ce1-4c35-a594-c7ab9f56a53f,RTT_SAMPLE,ACK,674,0,"94.361300"
1316.209,sender,afd52c65-5ce1-4c35-a594-c7ab9f56a53f,EMIT,DATA,715,1060,""
1316.215,sender,afd52c65-5ce1-4c35-a594-c7ab9f56a53f,SEND,DATA,738,1060,""
1316.223,sender,afd52c65-5ce1-4c35-a594-c7ab9f56a53f,RECEIVE,ACK,704,36,""
1316.226,sender,afd52c65-5ce1-4c35-a594-c7ab9f56a53f,EMIT,DATA,718,1060,""
1316.231,sender,afd52c65-5ce1-4c35-a594-c7ab9f56a53f,ACKNOWLEDGED,ACK,704,0,""
1316.234,sender,afd52c65-5ce1-4c35-a594-c7ab9f56a53f,CONFIRM_DATA,ACK,704,1024,"unique file bytes acknowledged"
1316.238,sender,afd52c65-5ce1-4c35-a594-c7ab9f56a53f,RTT_SAMPLE,ACK,704,0,"78.213400"
1316.241,sender,afd52c65-5ce1-4c35-a594-c7ab9f56a53f,EMIT,DATA,728,1060,""
1316.246,sender,afd52c65-5ce1-4c35-a594-c7ab9f56a53f,RECEIVE,ACK,687,36,""
1316.249,sender,afd52c65-5ce1-4c35-a594-c7ab9f56a53f,ACKNOWLEDGED,ACK,687,0,""
1316.264,sender,afd52c65-5ce1-4c35-a594-c7ab9f56a53f,CONFIRM_DATA,ACK,687,1024,"unique file bytes acknowledged"
1316.267,sender,afd52c65-5ce1-4c35-a594-c7ab9f56a53f,RTT_SAMPLE,ACK,687,0,"94.245800"
1316.272,sender,afd52c65-5ce1-4c35-a594-c7ab9f56a53f,RECEIVE,ACK,694,36,""
1316.275,sender,afd52c65-5ce1-4c35-a594-c7ab9f56a53f,ACKNOWLEDGED,ACK,694,0,""
1316.277,sender,afd52c65-5ce1-4c35-a594-c7ab9f56a53f,CONFIRM_DATA,ACK,694,1024,"unique file bytes acknowledged"
1316.280,sender,afd52c65-5ce1-4c35-a594-c7ab9f56a53f,RTT_SAMPLE,ACK,694,0,"78.289200"
1316.286,sender,afd52c65-5ce1-4c35-a594-c7ab9f56a53f,RECEIVE,ACK,681,36,""
1316.288,sender,afd52c65-5ce1-4c35-a594-c7ab9f56a53f,ACKNOWLEDGED,ACK,681,0,""
1316.291,sender,afd52c65-5ce1-4c35-a594-c7ab9f56a53f,CONFIRM_DATA,ACK,681,1024,"unique file bytes acknowledged"
1316.294,sender,afd52c65-5ce1-4c35-a594-c7ab9f56a53f,RTT_SAMPLE,ACK,681,0,"94.428800"
1316.299,sender,afd52c65-5ce1-4c35-a594-c7ab9f56a53f,RECEIVE,ACK,685,36,""
1316.302,sender,afd52c65-5ce1-4c35-a594-c7ab9f56a53f,ACKNOWLEDGED,ACK,685,0,""
1316.304,sender,afd52c65-5ce1-4c35-a594-c7ab9f56a53f,CONFIRM_DATA,ACK,685,1024,"unique file bytes acknowledged"
1316.307,sender,afd52c65-5ce1-4c35-a594-c7ab9f56a53f,RTT_SAMPLE,ACK,685,0,"94.291100"
1316.312,sender,afd52c65-5ce1-4c35-a594-c7ab9f56a53f,RECEIVE,ACK,702,36,""
1316.315,sender,afd52c65-5ce1-4c35-a594-c7ab9f56a53f,ACKNOWLEDGED,ACK,702,0,""
1316.317,sender,afd52c65-5ce1-4c35-a594-c7ab9f56a53f,CONFIRM_DATA,ACK,702,1024,"unique file bytes acknowledged"
1316.321,sender,afd52c65-5ce1-4c35-a594-c7ab9f56a53f,RTT_SAMPLE,ACK,702,0,"78.301300"
1316.326,sender,afd52c65-5ce1-4c35-a594-c7ab9f56a53f,RECEIVE,ACK,696,36,""
1316.328,sender,afd52c65-5ce1-4c35-a594-c7ab9f56a53f,ACKNOWLEDGED,ACK,696,0,""
1316.331,sender,afd52c65-5ce1-4c35-a594-c7ab9f56a53f,CONFIRM_DATA,ACK,696,1024,"unique file bytes acknowledged"
1316.334,sender,afd52c65-5ce1-4c35-a594-c7ab9f56a53f,RTT_SAMPLE,ACK,696,0,"78.334500"
1316.340,sender,afd52c65-5ce1-4c35-a594-c7ab9f56a53f,RECEIVE,ACK,679,36,""
1316.342,sender,afd52c65-5ce1-4c35-a594-c7ab9f56a53f,ACKNOWLEDGED,ACK,679,0,""
1316.345,sender,afd52c65-5ce1-4c35-a594-c7ab9f56a53f,CONFIRM_DATA,ACK,679,1024,"unique file bytes acknowledged"
1316.348,sender,afd52c65-5ce1-4c35-a594-c7ab9f56a53f,RTT_SAMPLE,ACK,679,0,"94.488200"
1316.353,sender,afd52c65-5ce1-4c35-a594-c7ab9f56a53f,RECEIVE,ACK,708,36,""
1316.356,sender,afd52c65-5ce1-4c35-a594-c7ab9f56a53f,ACKNOWLEDGED,ACK,708,0,""
1316.358,sender,afd52c65-5ce1-4c35-a594-c7ab9f56a53f,CONFIRM_DATA,ACK,708,1024,"unique file bytes acknowledged"
1316.398,sender,afd52c65-5ce1-4c35-a594-c7ab9f56a53f,RTT_SAMPLE,ACK,708,0,"78.363500"
1316.404,sender,afd52c65-5ce1-4c35-a594-c7ab9f56a53f,RECEIVE,ACK,677,36,""
1316.406,sender,afd52c65-5ce1-4c35-a594-c7ab9f56a53f,ACKNOWLEDGED,ACK,677,0,""
1316.409,sender,afd52c65-5ce1-4c35-a594-c7ab9f56a53f,CONFIRM_DATA,ACK,677,1024,"unique file bytes acknowledged"
1316.412,sender,afd52c65-5ce1-4c35-a594-c7ab9f56a53f,RTT_SAMPLE,ACK,677,0,"94.557600"
1316.417,sender,afd52c65-5ce1-4c35-a594-c7ab9f56a53f,RECEIVE,ACK,688,36,""
1316.420,sender,afd52c65-5ce1-4c35-a594-c7ab9f56a53f,ACKNOWLEDGED,ACK,688,0,""
1316.422,sender,afd52c65-5ce1-4c35-a594-c7ab9f56a53f,CONFIRM_DATA,ACK,688,1024,"unique file bytes acknowledged"
1316.425,sender,afd52c65-5ce1-4c35-a594-c7ab9f56a53f,RTT_SAMPLE,ACK,688,0,"94.401400"
1316.430,sender,afd52c65-5ce1-4c35-a594-c7ab9f56a53f,RECEIVE,ACK,683,36,""
1316.432,sender,afd52c65-5ce1-4c35-a594-c7ab9f56a53f,ACKNOWLEDGED,ACK,683,0,""
1316.435,sender,afd52c65-5ce1-4c35-a594-c7ab9f56a53f,CONFIRM_DATA,ACK,683,1024,"unique file bytes acknowledged"
1316.438,sender,afd52c65-5ce1-4c35-a594-c7ab9f56a53f,RTT_SAMPLE,ACK,683,0,"94.567400"
1316.443,sender,afd52c65-5ce1-4c35-a594-c7ab9f56a53f,RECEIVE,ACK,698,36,""
1316.445,sender,afd52c65-5ce1-4c35-a594-c7ab9f56a53f,ACKNOWLEDGED,ACK,698,0,""
1316.451,sender,afd52c65-5ce1-4c35-a594-c7ab9f56a53f,CONFIRM_DATA,ACK,698,1024,"unique file bytes acknowledged"
1316.454,sender,afd52c65-5ce1-4c35-a594-c7ab9f56a53f,RTT_SAMPLE,ACK,698,0,"78.449100"
1316.459,sender,afd52c65-5ce1-4c35-a594-c7ab9f56a53f,RECEIVE,ACK,705,36,""
1316.461,sender,afd52c65-5ce1-4c35-a594-c7ab9f56a53f,ACKNOWLEDGED,ACK,705,0,""
1316.463,sender,afd52c65-5ce1-4c35-a594-c7ab9f56a53f,CONFIRM_DATA,ACK,705,1024,"unique file bytes acknowledged"
1316.466,sender,afd52c65-5ce1-4c35-a594-c7ab9f56a53f,RTT_SAMPLE,ACK,705,0,"78.439400"
1316.471,sender,afd52c65-5ce1-4c35-a594-c7ab9f56a53f,RECEIVE,ACK,697,36,""
1316.473,sender,afd52c65-5ce1-4c35-a594-c7ab9f56a53f,ACKNOWLEDGED,ACK,697,0,""
1316.475,sender,afd52c65-5ce1-4c35-a594-c7ab9f56a53f,CONFIRM_DATA,ACK,697,1024,"unique file bytes acknowledged"
1316.478,sender,afd52c65-5ce1-4c35-a594-c7ab9f56a53f,RTT_SAMPLE,ACK,697,0,"78.475500"
1332.043,sender,afd52c65-5ce1-4c35-a594-c7ab9f56a53f,EMIT,DATA,714,1060,""
1332.111,sender,afd52c65-5ce1-4c35-a594-c7ab9f56a53f,EMIT,DATA,716,1060,""
1332.121,sender,afd52c65-5ce1-4c35-a594-c7ab9f56a53f,EMIT,DATA,717,1060,""
1332.131,sender,afd52c65-5ce1-4c35-a594-c7ab9f56a53f,EMIT,DATA,719,1060,""
1332.141,sender,afd52c65-5ce1-4c35-a594-c7ab9f56a53f,EMIT,DATA,724,1060,""
1332.151,sender,afd52c65-5ce1-4c35-a594-c7ab9f56a53f,EMIT,DATA,721,1060,""
1332.160,sender,afd52c65-5ce1-4c35-a594-c7ab9f56a53f,EMIT,DATA,722,1060,""
1332.170,sender,afd52c65-5ce1-4c35-a594-c7ab9f56a53f,EMIT,DATA,733,1060,""
1332.179,sender,afd52c65-5ce1-4c35-a594-c7ab9f56a53f,EMIT,DATA,720,1060,""
1332.188,sender,afd52c65-5ce1-4c35-a594-c7ab9f56a53f,EMIT,DATA,729,1060,""
1332.224,sender,afd52c65-5ce1-4c35-a594-c7ab9f56a53f,EMIT,DATA,735,1060,""
1332.232,sender,afd52c65-5ce1-4c35-a594-c7ab9f56a53f,EMIT,DATA,731,1060,""
1332.239,sender,afd52c65-5ce1-4c35-a594-c7ab9f56a53f,EMIT,DATA,726,1060,""
1332.248,sender,afd52c65-5ce1-4c35-a594-c7ab9f56a53f,EMIT,DATA,727,1060,""
1332.266,sender,afd52c65-5ce1-4c35-a594-c7ab9f56a53f,EMIT,DATA,723,1060,""
1332.334,sender,afd52c65-5ce1-4c35-a594-c7ab9f56a53f,RECEIVE,ACK,691,36,""
1332.368,sender,afd52c65-5ce1-4c35-a594-c7ab9f56a53f,ACKNOWLEDGED,ACK,691,0,""
1332.384,sender,afd52c65-5ce1-4c35-a594-c7ab9f56a53f,CONFIRM_DATA,ACK,691,1024,"unique file bytes acknowledged"
1332.398,sender,afd52c65-5ce1-4c35-a594-c7ab9f56a53f,RTT_SAMPLE,ACK,691,0,"110.362100"
1332.434,sender,afd52c65-5ce1-4c35-a594-c7ab9f56a53f,RECEIVE,ACK,680,36,""
1332.444,sender,afd52c65-5ce1-4c35-a594-c7ab9f56a53f,ACKNOWLEDGED,ACK,680,0,""
1332.464,sender,afd52c65-5ce1-4c35-a594-c7ab9f56a53f,CONFIRM_DATA,ACK,680,1024,"unique file bytes acknowledged"
1332.474,sender,afd52c65-5ce1-4c35-a594-c7ab9f56a53f,RTT_SAMPLE,ACK,680,0,"110.610200"
1332.672,sender,afd52c65-5ce1-4c35-a594-c7ab9f56a53f,RECEIVE,ACK,690,36,""
1332.698,sender,afd52c65-5ce1-4c35-a594-c7ab9f56a53f,ACKNOWLEDGED,ACK,690,0,""
1332.708,sender,afd52c65-5ce1-4c35-a594-c7ab9f56a53f,CONFIRM_DATA,ACK,690,1024,"unique file bytes acknowledged"
1332.722,sender,afd52c65-5ce1-4c35-a594-c7ab9f56a53f,RTT_SAMPLE,ACK,690,0,"110.689200"
1332.743,sender,afd52c65-5ce1-4c35-a594-c7ab9f56a53f,RECEIVE,ACK,675,36,""
1332.751,sender,afd52c65-5ce1-4c35-a594-c7ab9f56a53f,ACKNOWLEDGED,ACK,675,0,""
1332.758,sender,afd52c65-5ce1-4c35-a594-c7ab9f56a53f,CONFIRM_DATA,ACK,675,1024,"unique file bytes acknowledged"
1332.768,sender,afd52c65-5ce1-4c35-a594-c7ab9f56a53f,RTT_SAMPLE,ACK,675,0,"110.917800"
1332.780,sender,afd52c65-5ce1-4c35-a594-c7ab9f56a53f,SEND,DATA,739,1060,""
1332.785,sender,afd52c65-5ce1-4c35-a594-c7ab9f56a53f,RECEIVE,ACK,699,36,""
1332.787,sender,afd52c65-5ce1-4c35-a594-c7ab9f56a53f,ACKNOWLEDGED,ACK,699,0,""
1332.789,sender,afd52c65-5ce1-4c35-a594-c7ab9f56a53f,CONFIRM_DATA,ACK,699,1024,"unique file bytes acknowledged"
1332.792,sender,afd52c65-5ce1-4c35-a594-c7ab9f56a53f,RTT_SAMPLE,ACK,699,0,"94.783900"
1332.796,sender,afd52c65-5ce1-4c35-a594-c7ab9f56a53f,RECEIVE,ACK,682,36,""
1332.798,sender,afd52c65-5ce1-4c35-a594-c7ab9f56a53f,ACKNOWLEDGED,ACK,682,0,""
1332.800,sender,afd52c65-5ce1-4c35-a594-c7ab9f56a53f,CONFIRM_DATA,ACK,682,1024,"unique file bytes acknowledged"
1332.803,sender,afd52c65-5ce1-4c35-a594-c7ab9f56a53f,RTT_SAMPLE,ACK,682,0,"110.935200"
1332.807,sender,afd52c65-5ce1-4c35-a594-c7ab9f56a53f,RECEIVE,ACK,689,36,""
1332.809,sender,afd52c65-5ce1-4c35-a594-c7ab9f56a53f,ACKNOWLEDGED,ACK,689,0,""
1332.811,sender,afd52c65-5ce1-4c35-a594-c7ab9f56a53f,CONFIRM_DATA,ACK,689,1024,"unique file bytes acknowledged"
1332.814,sender,afd52c65-5ce1-4c35-a594-c7ab9f56a53f,RTT_SAMPLE,ACK,689,0,"110.788100"
1332.818,sender,afd52c65-5ce1-4c35-a594-c7ab9f56a53f,RECEIVE,ACK,678,36,""
1332.820,sender,afd52c65-5ce1-4c35-a594-c7ab9f56a53f,ACKNOWLEDGED,ACK,678,0,""
1332.822,sender,afd52c65-5ce1-4c35-a594-c7ab9f56a53f,CONFIRM_DATA,ACK,678,1024,"unique file bytes acknowledged"
1332.824,sender,afd52c65-5ce1-4c35-a594-c7ab9f56a53f,RTT_SAMPLE,ACK,678,0,"110.967800"
1332.829,sender,afd52c65-5ce1-4c35-a594-c7ab9f56a53f,RECEIVE,ACK,700,36,""
1332.831,sender,afd52c65-5ce1-4c35-a594-c7ab9f56a53f,ACKNOWLEDGED,ACK,700,0,""
1332.833,sender,afd52c65-5ce1-4c35-a594-c7ab9f56a53f,CONFIRM_DATA,ACK,700,1024,"unique file bytes acknowledged"
1332.835,sender,afd52c65-5ce1-4c35-a594-c7ab9f56a53f,RTT_SAMPLE,ACK,700,0,"94.821400"
1332.840,sender,afd52c65-5ce1-4c35-a594-c7ab9f56a53f,RECEIVE,ACK,703,36,""
1332.842,sender,afd52c65-5ce1-4c35-a594-c7ab9f56a53f,ACKNOWLEDGED,ACK,703,0,""
1332.844,sender,afd52c65-5ce1-4c35-a594-c7ab9f56a53f,CONFIRM_DATA,ACK,703,1024,"unique file bytes acknowledged"
1332.847,sender,afd52c65-5ce1-4c35-a594-c7ab9f56a53f,RTT_SAMPLE,ACK,703,0,"94.825000"
1332.851,sender,afd52c65-5ce1-4c35-a594-c7ab9f56a53f,RECEIVE,ACK,676,36,""
1332.853,sender,afd52c65-5ce1-4c35-a594-c7ab9f56a53f,ACKNOWLEDGED,ACK,676,0,""
1332.855,sender,afd52c65-5ce1-4c35-a594-c7ab9f56a53f,CONFIRM_DATA,ACK,676,1024,"unique file bytes acknowledged"
1332.857,sender,afd52c65-5ce1-4c35-a594-c7ab9f56a53f,RTT_SAMPLE,ACK,676,0,"111.006000"
1332.860,sender,afd52c65-5ce1-4c35-a594-c7ab9f56a53f,SEND,DATA,740,1060,""
1332.863,sender,afd52c65-5ce1-4c35-a594-c7ab9f56a53f,SEND,DATA,741,1060,""
1332.865,sender,afd52c65-5ce1-4c35-a594-c7ab9f56a53f,SEND,DATA,742,1060,""
1332.868,sender,afd52c65-5ce1-4c35-a594-c7ab9f56a53f,SEND,DATA,743,1060,""
1332.870,sender,afd52c65-5ce1-4c35-a594-c7ab9f56a53f,SEND,DATA,744,1060,""
1332.873,sender,afd52c65-5ce1-4c35-a594-c7ab9f56a53f,SEND,DATA,745,1060,""
1332.875,sender,afd52c65-5ce1-4c35-a594-c7ab9f56a53f,SEND,DATA,746,1060,""
1332.878,sender,afd52c65-5ce1-4c35-a594-c7ab9f56a53f,SEND,DATA,747,1060,""
1332.881,sender,afd52c65-5ce1-4c35-a594-c7ab9f56a53f,RECEIVE,ACK,684,36,""
1332.884,sender,afd52c65-5ce1-4c35-a594-c7ab9f56a53f,ACKNOWLEDGED,ACK,684,0,""
1332.885,sender,afd52c65-5ce1-4c35-a594-c7ab9f56a53f,CONFIRM_DATA,ACK,684,1024,"unique file bytes acknowledged"
1332.912,sender,afd52c65-5ce1-4c35-a594-c7ab9f56a53f,RTT_SAMPLE,ACK,684,0,"110.932600"
1332.916,sender,afd52c65-5ce1-4c35-a594-c7ab9f56a53f,SEND,DATA,748,1060,""
1332.918,sender,afd52c65-5ce1-4c35-a594-c7ab9f56a53f,SEND,DATA,749,1060,""
1332.921,sender,afd52c65-5ce1-4c35-a594-c7ab9f56a53f,SEND,DATA,750,1060,""
1332.924,sender,afd52c65-5ce1-4c35-a594-c7ab9f56a53f,SEND,DATA,751,1060,""
1332.926,sender,afd52c65-5ce1-4c35-a594-c7ab9f56a53f,SEND,DATA,752,1060,""
1332.929,sender,afd52c65-5ce1-4c35-a594-c7ab9f56a53f,SEND,DATA,753,1060,""
1332.932,sender,afd52c65-5ce1-4c35-a594-c7ab9f56a53f,SEND,DATA,754,1060,""
1332.934,sender,afd52c65-5ce1-4c35-a594-c7ab9f56a53f,SEND,DATA,755,1060,""
1332.937,sender,afd52c65-5ce1-4c35-a594-c7ab9f56a53f,SEND,DATA,756,1060,""
1332.939,sender,afd52c65-5ce1-4c35-a594-c7ab9f56a53f,SEND,DATA,757,1060,""
1332.942,sender,afd52c65-5ce1-4c35-a594-c7ab9f56a53f,SEND,DATA,758,1060,""
1332.946,sender,afd52c65-5ce1-4c35-a594-c7ab9f56a53f,RECEIVE,ACK,707,36,""
1332.948,sender,afd52c65-5ce1-4c35-a594-c7ab9f56a53f,ACKNOWLEDGED,ACK,707,0,""
1332.950,sender,afd52c65-5ce1-4c35-a594-c7ab9f56a53f,CONFIRM_DATA,ACK,707,1024,"unique file bytes acknowledged"
1332.953,sender,afd52c65-5ce1-4c35-a594-c7ab9f56a53f,RTT_SAMPLE,ACK,707,0,"94.921100"
1332.957,sender,afd52c65-5ce1-4c35-a594-c7ab9f56a53f,RECEIVE,ACK,712,36,""
1332.959,sender,afd52c65-5ce1-4c35-a594-c7ab9f56a53f,ACKNOWLEDGED,ACK,712,0,""
1332.961,sender,afd52c65-5ce1-4c35-a594-c7ab9f56a53f,CONFIRM_DATA,ACK,712,1024,"unique file bytes acknowledged"
1332.964,sender,afd52c65-5ce1-4c35-a594-c7ab9f56a53f,RTT_SAMPLE,ACK,712,0,"94.907400"
1332.968,sender,afd52c65-5ce1-4c35-a594-c7ab9f56a53f,RECEIVE,ACK,711,36,""
1332.970,sender,afd52c65-5ce1-4c35-a594-c7ab9f56a53f,ACKNOWLEDGED,ACK,711,0,""
1332.972,sender,afd52c65-5ce1-4c35-a594-c7ab9f56a53f,CONFIRM_DATA,ACK,711,1024,"unique file bytes acknowledged"
1332.975,sender,afd52c65-5ce1-4c35-a594-c7ab9f56a53f,RTT_SAMPLE,ACK,711,0,"94.920900"
1332.979,sender,afd52c65-5ce1-4c35-a594-c7ab9f56a53f,RECEIVE,ACK,695,36,""
1332.981,sender,afd52c65-5ce1-4c35-a594-c7ab9f56a53f,ACKNOWLEDGED,ACK,695,0,""
1332.983,sender,afd52c65-5ce1-4c35-a594-c7ab9f56a53f,CONFIRM_DATA,ACK,695,1024,"unique file bytes acknowledged"
1332.985,sender,afd52c65-5ce1-4c35-a594-c7ab9f56a53f,RTT_SAMPLE,ACK,695,0,"94.988800"
1332.988,sender,afd52c65-5ce1-4c35-a594-c7ab9f56a53f,SEND,DATA,759,1060,""
1332.995,sender,afd52c65-5ce1-4c35-a594-c7ab9f56a53f,SEND,DATA,760,1060,""
1332.998,sender,afd52c65-5ce1-4c35-a594-c7ab9f56a53f,SEND,DATA,761,1060,""
1333.000,sender,afd52c65-5ce1-4c35-a594-c7ab9f56a53f,SEND,DATA,762,1060,""
1333.006,sender,afd52c65-5ce1-4c35-a594-c7ab9f56a53f,SEND,DATA,763,1060,""
1333.009,sender,afd52c65-5ce1-4c35-a594-c7ab9f56a53f,SEND,DATA,764,1060,""
1333.013,sender,afd52c65-5ce1-4c35-a594-c7ab9f56a53f,RECEIVE,ACK,701,36,""
1333.015,sender,afd52c65-5ce1-4c35-a594-c7ab9f56a53f,ACKNOWLEDGED,ACK,701,0,""
1333.017,sender,afd52c65-5ce1-4c35-a594-c7ab9f56a53f,CONFIRM_DATA,ACK,701,1024,"unique file bytes acknowledged"
1333.020,sender,afd52c65-5ce1-4c35-a594-c7ab9f56a53f,RTT_SAMPLE,ACK,701,0,"95.003100"
1333.023,sender,afd52c65-5ce1-4c35-a594-c7ab9f56a53f,SEND,DATA,765,1060,""
1333.025,sender,afd52c65-5ce1-4c35-a594-c7ab9f56a53f,SEND,DATA,766,1060,""
1333.028,sender,afd52c65-5ce1-4c35-a594-c7ab9f56a53f,SEND,DATA,767,1060,""
1333.030,sender,afd52c65-5ce1-4c35-a594-c7ab9f56a53f,SEND,DATA,768,1060,""
1333.033,sender,afd52c65-5ce1-4c35-a594-c7ab9f56a53f,SEND,DATA,769,1060,""
1347.343,sender,afd52c65-5ce1-4c35-a594-c7ab9f56a53f,EMIT,DATA,736,1060,""
1347.388,sender,afd52c65-5ce1-4c35-a594-c7ab9f56a53f,EMIT,DATA,734,1060,""
1347.399,sender,afd52c65-5ce1-4c35-a594-c7ab9f56a53f,EMIT,DATA,730,1060,""
1347.471,sender,afd52c65-5ce1-4c35-a594-c7ab9f56a53f,RECEIVE,ACK,728,36,""
1347.483,sender,afd52c65-5ce1-4c35-a594-c7ab9f56a53f,ACKNOWLEDGED,ACK,728,0,""
1347.487,sender,afd52c65-5ce1-4c35-a594-c7ab9f56a53f,CONFIRM_DATA,ACK,728,1024,"unique file bytes acknowledged"
1347.494,sender,afd52c65-5ce1-4c35-a594-c7ab9f56a53f,RTT_SAMPLE,ACK,728,0,"62.094900"
1347.503,sender,afd52c65-5ce1-4c35-a594-c7ab9f56a53f,RECEIVE,ACK,709,36,""
1347.507,sender,afd52c65-5ce1-4c35-a594-c7ab9f56a53f,ACKNOWLEDGED,ACK,709,0,""
1347.514,sender,afd52c65-5ce1-4c35-a594-c7ab9f56a53f,CONFIRM_DATA,ACK,709,1024,"unique file bytes acknowledged"
1347.518,sender,afd52c65-5ce1-4c35-a594-c7ab9f56a53f,RTT_SAMPLE,ACK,709,0,"109.480300"
1362.470,sender,afd52c65-5ce1-4c35-a594-c7ab9f56a53f,EMIT,DATA,732,1060,""
1362.529,sender,afd52c65-5ce1-4c35-a594-c7ab9f56a53f,EMIT,DATA,737,1060,""
1362.543,sender,afd52c65-5ce1-4c35-a594-c7ab9f56a53f,EMIT,DATA,739,1060,""
1362.555,sender,afd52c65-5ce1-4c35-a594-c7ab9f56a53f,EMIT,DATA,765,1060,""
1362.566,sender,afd52c65-5ce1-4c35-a594-c7ab9f56a53f,EMIT,DATA,750,1060,""
1362.579,sender,afd52c65-5ce1-4c35-a594-c7ab9f56a53f,EMIT,DATA,756,1060,""
1362.590,sender,afd52c65-5ce1-4c35-a594-c7ab9f56a53f,EMIT,DATA,738,1060,""
1362.665,sender,afd52c65-5ce1-4c35-a594-c7ab9f56a53f,RECEIVE,ACK,706,36,""
1362.695,sender,afd52c65-5ce1-4c35-a594-c7ab9f56a53f,ACKNOWLEDGED,ACK,706,0,""
1362.700,sender,afd52c65-5ce1-4c35-a594-c7ab9f56a53f,CONFIRM_DATA,ACK,706,1024,"unique file bytes acknowledged"
1362.708,sender,afd52c65-5ce1-4c35-a594-c7ab9f56a53f,RTT_SAMPLE,ACK,706,0,"124.676000"
1362.716,sender,afd52c65-5ce1-4c35-a594-c7ab9f56a53f,SEND,DATA,770,1060,""
1362.722,sender,afd52c65-5ce1-4c35-a594-c7ab9f56a53f,SEND,DATA,771,1060,""
1362.742,sender,afd52c65-5ce1-4c35-a594-c7ab9f56a53f,SEND,DATA,772,1060,""
1362.747,sender,afd52c65-5ce1-4c35-a594-c7ab9f56a53f,SEND,DATA,773,1060,""
1362.764,sender,afd52c65-5ce1-4c35-a594-c7ab9f56a53f,SEND,DATA,774,1060,""
1362.768,sender,afd52c65-5ce1-4c35-a594-c7ab9f56a53f,SEND,DATA,775,1060,""
1362.773,sender,afd52c65-5ce1-4c35-a594-c7ab9f56a53f,SEND,DATA,776,1060,""
1362.791,sender,afd52c65-5ce1-4c35-a594-c7ab9f56a53f,RECEIVE,ACK,725,36,""
1362.797,sender,afd52c65-5ce1-4c35-a594-c7ab9f56a53f,ACKNOWLEDGED,ACK,725,0,""
1362.801,sender,afd52c65-5ce1-4c35-a594-c7ab9f56a53f,CONFIRM_DATA,ACK,725,1024,"unique file bytes acknowledged"
1362.806,sender,afd52c65-5ce1-4c35-a594-c7ab9f56a53f,RTT_SAMPLE,ACK,725,0,"77.740100"
1362.818,sender,afd52c65-5ce1-4c35-a594-c7ab9f56a53f,RECEIVE,ACK,713,36,""
1362.823,sender,afd52c65-5ce1-4c35-a594-c7ab9f56a53f,ACKNOWLEDGED,ACK,713,0,""
1362.827,sender,afd52c65-5ce1-4c35-a594-c7ab9f56a53f,CONFIRM_DATA,ACK,713,1024,"unique file bytes acknowledged"
1362.832,sender,afd52c65-5ce1-4c35-a594-c7ab9f56a53f,RTT_SAMPLE,ACK,713,0,"93.281000"
1362.837,sender,afd52c65-5ce1-4c35-a594-c7ab9f56a53f,SEND,DATA,777,1060,""
1362.847,sender,afd52c65-5ce1-4c35-a594-c7ab9f56a53f,RECEIVE,ACK,715,36,""
1362.852,sender,afd52c65-5ce1-4c35-a594-c7ab9f56a53f,ACKNOWLEDGED,ACK,715,0,""
1362.856,sender,afd52c65-5ce1-4c35-a594-c7ab9f56a53f,CONFIRM_DATA,ACK,715,1024,"unique file bytes acknowledged"
1362.860,sender,afd52c65-5ce1-4c35-a594-c7ab9f56a53f,RTT_SAMPLE,ACK,715,0,"77.833400"
1362.871,sender,afd52c65-5ce1-4c35-a594-c7ab9f56a53f,RECEIVE,ACK,718,36,""
1362.876,sender,afd52c65-5ce1-4c35-a594-c7ab9f56a53f,ACKNOWLEDGED,ACK,718,0,""
1362.879,sender,afd52c65-5ce1-4c35-a594-c7ab9f56a53f,CONFIRM_DATA,ACK,718,1024,"unique file bytes acknowledged"
1362.884,sender,afd52c65-5ce1-4c35-a594-c7ab9f56a53f,RTT_SAMPLE,ACK,718,0,"77.845200"
1362.894,sender,afd52c65-5ce1-4c35-a594-c7ab9f56a53f,RECEIVE,ACK,721,36,""
1362.899,sender,afd52c65-5ce1-4c35-a594-c7ab9f56a53f,ACKNOWLEDGED,ACK,721,0,""
1362.903,sender,afd52c65-5ce1-4c35-a594-c7ab9f56a53f,CONFIRM_DATA,ACK,721,1024,"unique file bytes acknowledged"
1362.912,sender,afd52c65-5ce1-4c35-a594-c7ab9f56a53f,RTT_SAMPLE,ACK,721,0,"77.857300"
1362.920,sender,afd52c65-5ce1-4c35-a594-c7ab9f56a53f,RECEIVE,ACK,719,36,""
1362.924,sender,afd52c65-5ce1-4c35-a594-c7ab9f56a53f,ACKNOWLEDGED,ACK,719,0,""
1362.928,sender,afd52c65-5ce1-4c35-a594-c7ab9f56a53f,CONFIRM_DATA,ACK,719,1024,"unique file bytes acknowledged"
1362.931,sender,afd52c65-5ce1-4c35-a594-c7ab9f56a53f,RTT_SAMPLE,ACK,719,0,"77.889100"
1362.984,sender,afd52c65-5ce1-4c35-a594-c7ab9f56a53f,RECEIVE,ACK,716,36,""
1363.000,sender,afd52c65-5ce1-4c35-a594-c7ab9f56a53f,ACKNOWLEDGED,ACK,716,0,""
1363.003,sender,afd52c65-5ce1-4c35-a594-c7ab9f56a53f,CONFIRM_DATA,ACK,716,1024,"unique file bytes acknowledged"
1363.007,sender,afd52c65-5ce1-4c35-a594-c7ab9f56a53f,RTT_SAMPLE,ACK,716,0,"77.976100"
1378.569,sender,afd52c65-5ce1-4c35-a594-c7ab9f56a53f,EMIT,DATA,752,1060,""
1378.591,sender,afd52c65-5ce1-4c35-a594-c7ab9f56a53f,RECEIVE,ACK,722,36,""
1378.604,sender,afd52c65-5ce1-4c35-a594-c7ab9f56a53f,ACKNOWLEDGED,ACK,722,0,""
1378.608,sender,afd52c65-5ce1-4c35-a594-c7ab9f56a53f,CONFIRM_DATA,ACK,722,1024,"unique file bytes acknowledged"
1378.612,sender,afd52c65-5ce1-4c35-a594-c7ab9f56a53f,EMIT,DATA,760,1060,""
1378.619,sender,afd52c65-5ce1-4c35-a594-c7ab9f56a53f,RTT_SAMPLE,ACK,722,0,"93.558600"
1378.624,sender,afd52c65-5ce1-4c35-a594-c7ab9f56a53f,EMIT,DATA,748,1060,""
1378.629,sender,afd52c65-5ce1-4c35-a594-c7ab9f56a53f,RECEIVE,ACK,726,36,""
1378.632,sender,afd52c65-5ce1-4c35-a594-c7ab9f56a53f,ACKNOWLEDGED,ACK,726,0,""
1378.635,sender,afd52c65-5ce1-4c35-a594-c7ab9f56a53f,EMIT,DATA,740,1060,""
1378.639,sender,afd52c65-5ce1-4c35-a594-c7ab9f56a53f,CONFIRM_DATA,ACK,726,1024,"unique file bytes acknowledged"
1378.644,sender,afd52c65-5ce1-4c35-a594-c7ab9f56a53f,RTT_SAMPLE,ACK,726,0,"93.259500"
1378.650,sender,afd52c65-5ce1-4c35-a594-c7ab9f56a53f,EMIT,DATA,749,1060,""
1378.660,sender,afd52c65-5ce1-4c35-a594-c7ab9f56a53f,EMIT,DATA,747,1060,""
1378.670,sender,afd52c65-5ce1-4c35-a594-c7ab9f56a53f,EMIT,DATA,769,1060,""
1378.679,sender,afd52c65-5ce1-4c35-a594-c7ab9f56a53f,EMIT,DATA,764,1060,""
1378.690,sender,afd52c65-5ce1-4c35-a594-c7ab9f56a53f,EMIT,DATA,754,1060,""
1378.694,sender,afd52c65-5ce1-4c35-a594-c7ab9f56a53f,RECEIVE,ACK,714,36,""
1378.700,sender,afd52c65-5ce1-4c35-a594-c7ab9f56a53f,ACKNOWLEDGED,ACK,714,0,""
1378.703,sender,afd52c65-5ce1-4c35-a594-c7ab9f56a53f,CONFIRM_DATA,ACK,714,1024,"unique file bytes acknowledged"
1378.706,sender,afd52c65-5ce1-4c35-a594-c7ab9f56a53f,EMIT,DATA,762,1060,""
1378.710,sender,afd52c65-5ce1-4c35-a594-c7ab9f56a53f,RTT_SAMPLE,ACK,714,0,"93.690200"
1378.729,sender,afd52c65-5ce1-4c35-a594-c7ab9f56a53f,EMIT,DATA,766,1060,""
1378.732,sender,afd52c65-5ce1-4c35-a594-c7ab9f56a53f,SEND,DATA,778,1060,""
1378.739,sender,afd52c65-5ce1-4c35-a594-c7ab9f56a53f,SEND,DATA,779,1060,""
1378.742,sender,afd52c65-5ce1-4c35-a594-c7ab9f56a53f,EMIT,DATA,751,1060,""
1378.746,sender,afd52c65-5ce1-4c35-a594-c7ab9f56a53f,SEND,DATA,780,1060,""
1378.754,sender,afd52c65-5ce1-4c35-a594-c7ab9f56a53f,RECEIVE,ACK,733,36,""
1378.758,sender,afd52c65-5ce1-4c35-a594-c7ab9f56a53f,EMIT,DATA,759,1060,""
1378.762,sender,afd52c65-5ce1-4c35-a594-c7ab9f56a53f,ACKNOWLEDGED,ACK,733,0,""
1378.765,sender,afd52c65-5ce1-4c35-a594-c7ab9f56a53f,CONFIRM_DATA,ACK,733,1024,"unique file bytes acknowledged"
1378.769,sender,afd52c65-5ce1-4c35-a594-c7ab9f56a53f,RTT_SAMPLE,ACK,733,0,"77.727300"
1378.772,sender,afd52c65-5ce1-4c35-a594-c7ab9f56a53f,EMIT,DATA,761,1060,""
1378.776,sender,afd52c65-5ce1-4c35-a594-c7ab9f56a53f,RECEIVE,ACK,731,36,""
1378.780,sender,afd52c65-5ce1-4c35-a594-c7ab9f56a53f,ACKNOWLEDGED,ACK,731,0,""
1378.783,sender,afd52c65-5ce1-4c35-a594-c7ab9f56a53f,CONFIRM_DATA,ACK,731,1024,"unique file bytes acknowledged"
1378.786,sender,afd52c65-5ce1-4c35-a594-c7ab9f56a53f,EMIT,DATA,768,1060,""
1378.790,sender,afd52c65-5ce1-4c35-a594-c7ab9f56a53f,RTT_SAMPLE,ACK,731,0,"77.758600"
1378.796,sender,afd52c65-5ce1-4c35-a594-c7ab9f56a53f,EMIT,DATA,744,1060,""
1378.799,sender,afd52c65-5ce1-4c35-a594-c7ab9f56a53f,RECEIVE,ACK,723,36,""
1378.803,sender,afd52c65-5ce1-4c35-a594-c7ab9f56a53f,ACKNOWLEDGED,ACK,723,0,""
1378.806,sender,afd52c65-5ce1-4c35-a594-c7ab9f56a53f,CONFIRM_DATA,ACK,723,1024,"unique file bytes acknowledged"
1378.809,sender,afd52c65-5ce1-4c35-a594-c7ab9f56a53f,EMIT,DATA,742,1060,""
1378.813,sender,afd52c65-5ce1-4c35-a594-c7ab9f56a53f,RTT_SAMPLE,ACK,723,0,"93.752100"
1378.819,sender,afd52c65-5ce1-4c35-a594-c7ab9f56a53f,EMIT,DATA,743,1060,""
1378.822,sender,afd52c65-5ce1-4c35-a594-c7ab9f56a53f,RECEIVE,ACK,729,36,""
1378.826,sender,afd52c65-5ce1-4c35-a594-c7ab9f56a53f,ACKNOWLEDGED,ACK,729,0,""
1378.829,sender,afd52c65-5ce1-4c35-a594-c7ab9f56a53f,CONFIRM_DATA,ACK,729,1024,"unique file bytes acknowledged"
1378.842,sender,afd52c65-5ce1-4c35-a594-c7ab9f56a53f,EMIT,DATA,757,1060,""
1378.846,sender,afd52c65-5ce1-4c35-a594-c7ab9f56a53f,RTT_SAMPLE,ACK,729,0,"93.372200"
1378.852,sender,afd52c65-5ce1-4c35-a594-c7ab9f56a53f,EMIT,DATA,755,1060,""
1378.855,sender,afd52c65-5ce1-4c35-a594-c7ab9f56a53f,RECEIVE,ACK,736,36,""
1378.858,sender,afd52c65-5ce1-4c35-a594-c7ab9f56a53f,ACKNOWLEDGED,ACK,736,0,""
1378.861,sender,afd52c65-5ce1-4c35-a594-c7ab9f56a53f,CONFIRM_DATA,ACK,736,1024,"unique file bytes acknowledged"
1378.865,sender,afd52c65-5ce1-4c35-a594-c7ab9f56a53f,EMIT,DATA,763,1060,""
1378.869,sender,afd52c65-5ce1-4c35-a594-c7ab9f56a53f,RTT_SAMPLE,ACK,736,0,"77.744300"
1378.875,sender,afd52c65-5ce1-4c35-a594-c7ab9f56a53f,EMIT,DATA,746,1060,""
1378.879,sender,afd52c65-5ce1-4c35-a594-c7ab9f56a53f,RECEIVE,ACK,735,36,""
1378.882,sender,afd52c65-5ce1-4c35-a594-c7ab9f56a53f,ACKNOWLEDGED,ACK,735,0,""
1378.897,sender,afd52c65-5ce1-4c35-a594-c7ab9f56a53f,CONFIRM_DATA,ACK,735,1024,"unique file bytes acknowledged"
1378.900,sender,afd52c65-5ce1-4c35-a594-c7ab9f56a53f,EMIT,DATA,745,1060,""
1378.905,sender,afd52c65-5ce1-4c35-a594-c7ab9f56a53f,RTT_SAMPLE,ACK,735,0,"77.830300"
1378.912,sender,afd52c65-5ce1-4c35-a594-c7ab9f56a53f,RECEIVE,ACK,727,36,""
1378.915,sender,afd52c65-5ce1-4c35-a594-c7ab9f56a53f,ACKNOWLEDGED,ACK,727,0,""
1378.918,sender,afd52c65-5ce1-4c35-a594-c7ab9f56a53f,CONFIRM_DATA,ACK,727,1024,"unique file bytes acknowledged"
1378.921,sender,afd52c65-5ce1-4c35-a594-c7ab9f56a53f,RTT_SAMPLE,ACK,727,0,"93.530100"
1378.928,sender,afd52c65-5ce1-4c35-a594-c7ab9f56a53f,RECEIVE,ACK,724,36,""
1378.931,sender,afd52c65-5ce1-4c35-a594-c7ab9f56a53f,ACKNOWLEDGED,ACK,724,0,""
1378.934,sender,afd52c65-5ce1-4c35-a594-c7ab9f56a53f,CONFIRM_DATA,ACK,724,1024,"unique file bytes acknowledged"
1378.937,sender,afd52c65-5ce1-4c35-a594-c7ab9f56a53f,RTT_SAMPLE,ACK,724,0,"93.875500"
1393.628,sender,afd52c65-5ce1-4c35-a594-c7ab9f56a53f,RECEIVE,ACK,720,36,""
1393.642,sender,afd52c65-5ce1-4c35-a594-c7ab9f56a53f,ACKNOWLEDGED,ACK,720,0,""
1393.645,sender,afd52c65-5ce1-4c35-a594-c7ab9f56a53f,CONFIRM_DATA,ACK,720,1024,"unique file bytes acknowledged"
1393.650,sender,afd52c65-5ce1-4c35-a594-c7ab9f56a53f,RTT_SAMPLE,ACK,720,0,"108.603000"
1393.654,sender,afd52c65-5ce1-4c35-a594-c7ab9f56a53f,EMIT,DATA,741,1060,""
1393.664,sender,afd52c65-5ce1-4c35-a594-c7ab9f56a53f,RECEIVE,ACK,730,36,""
1393.670,sender,afd52c65-5ce1-4c35-a594-c7ab9f56a53f,ACKNOWLEDGED,ACK,730,0,""
1393.673,sender,afd52c65-5ce1-4c35-a594-c7ab9f56a53f,CONFIRM_DATA,ACK,730,1024,"unique file bytes acknowledged"
1393.676,sender,afd52c65-5ce1-4c35-a594-c7ab9f56a53f,RTT_SAMPLE,ACK,730,0,"92.659500"
1393.678,sender,afd52c65-5ce1-4c35-a594-c7ab9f56a53f,EMIT,DATA,753,1060,""
1393.682,sender,afd52c65-5ce1-4c35-a594-c7ab9f56a53f,RECEIVE,ACK,717,36,""
1393.684,sender,afd52c65-5ce1-4c35-a594-c7ab9f56a53f,ACKNOWLEDGED,ACK,717,0,""
1393.687,sender,afd52c65-5ce1-4c35-a594-c7ab9f56a53f,CONFIRM_DATA,ACK,717,1024,"unique file bytes acknowledged"
1393.689,sender,afd52c65-5ce1-4c35-a594-c7ab9f56a53f,EMIT,DATA,758,1060,""
1393.692,sender,afd52c65-5ce1-4c35-a594-c7ab9f56a53f,RTT_SAMPLE,ACK,717,0,"108.654700"
1393.696,sender,afd52c65-5ce1-4c35-a594-c7ab9f56a53f,SEND,DATA,781,1060,""
1393.699,sender,afd52c65-5ce1-4c35-a594-c7ab9f56a53f,EMIT,DATA,767,1060,""
1393.702,sender,afd52c65-5ce1-4c35-a594-c7ab9f56a53f,SEND,DATA,782,1060,""
1393.705,sender,afd52c65-5ce1-4c35-a594-c7ab9f56a53f,SEND,DATA,783,1060,""
1393.708,sender,afd52c65-5ce1-4c35-a594-c7ab9f56a53f,SEND,DATA,784,1060,""
1393.711,sender,afd52c65-5ce1-4c35-a594-c7ab9f56a53f,SEND,DATA,785,1060,""
1393.726,sender,afd52c65-5ce1-4c35-a594-c7ab9f56a53f,SEND,DATA,786,1060,""
1393.728,sender,afd52c65-5ce1-4c35-a594-c7ab9f56a53f,SEND,DATA,787,1060,""
1393.730,sender,afd52c65-5ce1-4c35-a594-c7ab9f56a53f,SEND,DATA,788,1060,""
1393.765,sender,afd52c65-5ce1-4c35-a594-c7ab9f56a53f,SEND,DATA,789,1060,""
1393.767,sender,afd52c65-5ce1-4c35-a594-c7ab9f56a53f,SEND,DATA,790,1060,""
1393.770,sender,afd52c65-5ce1-4c35-a594-c7ab9f56a53f,SEND,DATA,791,1060,""
1393.773,sender,afd52c65-5ce1-4c35-a594-c7ab9f56a53f,SEND,DATA,792,1060,""
1393.775,sender,afd52c65-5ce1-4c35-a594-c7ab9f56a53f,SEND,DATA,793,1060,""
1393.778,sender,afd52c65-5ce1-4c35-a594-c7ab9f56a53f,SEND,DATA,794,1060,""
1393.781,sender,afd52c65-5ce1-4c35-a594-c7ab9f56a53f,SEND,DATA,795,1060,""
1393.785,sender,afd52c65-5ce1-4c35-a594-c7ab9f56a53f,RECEIVE,ACK,734,36,""
1393.788,sender,afd52c65-5ce1-4c35-a594-c7ab9f56a53f,ACKNOWLEDGED,ACK,734,0,""
1393.790,sender,afd52c65-5ce1-4c35-a594-c7ab9f56a53f,CONFIRM_DATA,ACK,734,1024,"unique file bytes acknowledged"
1393.793,sender,afd52c65-5ce1-4c35-a594-c7ab9f56a53f,RTT_SAMPLE,ACK,734,0,"92.747700"
1409.073,sender,afd52c65-5ce1-4c35-a594-c7ab9f56a53f,EMIT,DATA,774,1060,""
1409.105,sender,afd52c65-5ce1-4c35-a594-c7ab9f56a53f,EMIT,DATA,770,1060,""
1409.119,sender,afd52c65-5ce1-4c35-a594-c7ab9f56a53f,EMIT,DATA,773,1060,""
1409.129,sender,afd52c65-5ce1-4c35-a594-c7ab9f56a53f,EMIT,DATA,775,1060,""
1409.137,sender,afd52c65-5ce1-4c35-a594-c7ab9f56a53f,EMIT,DATA,776,1060,""
1409.146,sender,afd52c65-5ce1-4c35-a594-c7ab9f56a53f,EMIT,DATA,777,1060,""
1409.157,sender,afd52c65-5ce1-4c35-a594-c7ab9f56a53f,EMIT,DATA,771,1060,""
1409.167,sender,afd52c65-5ce1-4c35-a594-c7ab9f56a53f,EMIT,DATA,772,1060,""
1409.194,sender,afd52c65-5ce1-4c35-a594-c7ab9f56a53f,EMIT,DATA,780,1060,""
1409.359,sender,afd52c65-5ce1-4c35-a594-c7ab9f56a53f,RECEIVE,ACK,732,36,""
1409.370,sender,afd52c65-5ce1-4c35-a594-c7ab9f56a53f,ACKNOWLEDGED,ACK,732,0,""
1409.374,sender,afd52c65-5ce1-4c35-a594-c7ab9f56a53f,CONFIRM_DATA,ACK,732,1024,"unique file bytes acknowledged"
1409.379,sender,afd52c65-5ce1-4c35-a594-c7ab9f56a53f,RTT_SAMPLE,ACK,732,0,"108.341200"
1409.399,sender,afd52c65-5ce1-4c35-a594-c7ab9f56a53f,SEND,DATA,796,1060,""
1409.404,sender,afd52c65-5ce1-4c35-a594-c7ab9f56a53f,SEND,DATA,797,1060,""
1409.407,sender,afd52c65-5ce1-4c35-a594-c7ab9f56a53f,SEND,DATA,798,1060,""
1409.410,sender,afd52c65-5ce1-4c35-a594-c7ab9f56a53f,SEND,DATA,799,1060,""
1409.413,sender,afd52c65-5ce1-4c35-a594-c7ab9f56a53f,SEND,DATA,800,1060,""
1409.424,sender,afd52c65-5ce1-4c35-a594-c7ab9f56a53f,RECEIVE,ACK,737,36,""
1409.427,sender,afd52c65-5ce1-4c35-a594-c7ab9f56a53f,ACKNOWLEDGED,ACK,737,0,""
1409.430,sender,afd52c65-5ce1-4c35-a594-c7ab9f56a53f,CONFIRM_DATA,ACK,737,1024,"unique file bytes acknowledged"
1409.433,sender,afd52c65-5ce1-4c35-a594-c7ab9f56a53f,RTT_SAMPLE,ACK,737,0,"108.308600"
1409.437,sender,afd52c65-5ce1-4c35-a594-c7ab9f56a53f,SEND,DATA,801,1060,""
1409.443,sender,afd52c65-5ce1-4c35-a594-c7ab9f56a53f,RECEIVE,ACK,765,36,""
1409.445,sender,afd52c65-5ce1-4c35-a594-c7ab9f56a53f,ACKNOWLEDGED,ACK,765,0,""
1409.448,sender,afd52c65-5ce1-4c35-a594-c7ab9f56a53f,CONFIRM_DATA,ACK,765,1024,"unique file bytes acknowledged"
1409.452,sender,afd52c65-5ce1-4c35-a594-c7ab9f56a53f,RTT_SAMPLE,ACK,765,0,"76.428300"
1409.458,sender,afd52c65-5ce1-4c35-a594-c7ab9f56a53f,RECEIVE,ACK,745,36,""
1409.461,sender,afd52c65-5ce1-4c35-a594-c7ab9f56a53f,ACKNOWLEDGED,ACK,745,0,""
1409.463,sender,afd52c65-5ce1-4c35-a594-c7ab9f56a53f,CONFIRM_DATA,ACK,745,1024,"unique file bytes acknowledged"
1409.466,sender,afd52c65-5ce1-4c35-a594-c7ab9f56a53f,RTT_SAMPLE,ACK,745,0,"76.593200"
1409.472,sender,afd52c65-5ce1-4c35-a594-c7ab9f56a53f,RECEIVE,ACK,738,36,""
1409.480,sender,afd52c65-5ce1-4c35-a594-c7ab9f56a53f,ACKNOWLEDGED,ACK,738,0,""
1409.482,sender,afd52c65-5ce1-4c35-a594-c7ab9f56a53f,CONFIRM_DATA,ACK,738,1024,"unique file bytes acknowledged"
1409.485,sender,afd52c65-5ce1-4c35-a594-c7ab9f56a53f,RTT_SAMPLE,ACK,738,0,"93.274000"
1409.488,sender,afd52c65-5ce1-4c35-a594-c7ab9f56a53f,SEND,DATA,802,1060,""
1409.493,sender,afd52c65-5ce1-4c35-a594-c7ab9f56a53f,RECEIVE,ACK,749,36,""
1409.495,sender,afd52c65-5ce1-4c35-a594-c7ab9f56a53f,ACKNOWLEDGED,ACK,749,0,""
1409.498,sender,afd52c65-5ce1-4c35-a594-c7ab9f56a53f,CONFIRM_DATA,ACK,749,1024,"unique file bytes acknowledged"
1409.501,sender,afd52c65-5ce1-4c35-a594-c7ab9f56a53f,RTT_SAMPLE,ACK,749,0,"76.581800"
1409.506,sender,afd52c65-5ce1-4c35-a594-c7ab9f56a53f,RECEIVE,ACK,748,36,""
1409.508,sender,afd52c65-5ce1-4c35-a594-c7ab9f56a53f,ACKNOWLEDGED,ACK,748,0,""
1409.510,sender,afd52c65-5ce1-4c35-a594-c7ab9f56a53f,CONFIRM_DATA,ACK,748,1024,"unique file bytes acknowledged"
1409.513,sender,afd52c65-5ce1-4c35-a594-c7ab9f56a53f,RTT_SAMPLE,ACK,748,0,"76.597200"
1409.518,sender,afd52c65-5ce1-4c35-a594-c7ab9f56a53f,RECEIVE,ACK,756,36,""
1409.521,sender,afd52c65-5ce1-4c35-a594-c7ab9f56a53f,ACKNOWLEDGED,ACK,756,0,""
1409.523,sender,afd52c65-5ce1-4c35-a594-c7ab9f56a53f,CONFIRM_DATA,ACK,756,1024,"unique file bytes acknowledged"
1409.526,sender,afd52c65-5ce1-4c35-a594-c7ab9f56a53f,RTT_SAMPLE,ACK,756,0,"76.588600"
1409.531,sender,afd52c65-5ce1-4c35-a594-c7ab9f56a53f,RECEIVE,ACK,743,36,""
1409.534,sender,afd52c65-5ce1-4c35-a594-c7ab9f56a53f,ACKNOWLEDGED,ACK,743,0,""
1409.536,sender,afd52c65-5ce1-4c35-a594-c7ab9f56a53f,CONFIRM_DATA,ACK,743,1024,"unique file bytes acknowledged"
1409.552,sender,afd52c65-5ce1-4c35-a594-c7ab9f56a53f,RTT_SAMPLE,ACK,743,0,"76.683000"
1409.557,sender,afd52c65-5ce1-4c35-a594-c7ab9f56a53f,RECEIVE,ACK,740,36,""
1409.560,sender,afd52c65-5ce1-4c35-a594-c7ab9f56a53f,ACKNOWLEDGED,ACK,740,0,""
1409.563,sender,afd52c65-5ce1-4c35-a594-c7ab9f56a53f,CONFIRM_DATA,ACK,740,1024,"unique file bytes acknowledged"
1409.566,sender,afd52c65-5ce1-4c35-a594-c7ab9f56a53f,RTT_SAMPLE,ACK,740,0,"76.705000"
1409.572,sender,afd52c65-5ce1-4c35-a594-c7ab9f56a53f,RECEIVE,ACK,769,36,""
1409.575,sender,afd52c65-5ce1-4c35-a594-c7ab9f56a53f,ACKNOWLEDGED,ACK,769,0,""
1409.577,sender,afd52c65-5ce1-4c35-a594-c7ab9f56a53f,CONFIRM_DATA,ACK,769,1024,"unique file bytes acknowledged"
1409.581,sender,afd52c65-5ce1-4c35-a594-c7ab9f56a53f,RTT_SAMPLE,ACK,769,0,"76.547300"
1409.590,sender,afd52c65-5ce1-4c35-a594-c7ab9f56a53f,RECEIVE,ACK,761,36,""
1409.600,sender,afd52c65-5ce1-4c35-a594-c7ab9f56a53f,ACKNOWLEDGED,ACK,761,0,""
1409.603,sender,afd52c65-5ce1-4c35-a594-c7ab9f56a53f,CONFIRM_DATA,ACK,761,1024,"unique file bytes acknowledged"
1409.606,sender,afd52c65-5ce1-4c35-a594-c7ab9f56a53f,RTT_SAMPLE,ACK,761,0,"76.607600"
1424.333,sender,afd52c65-5ce1-4c35-a594-c7ab9f56a53f,EMIT,DATA,789,1060,""
1424.382,sender,afd52c65-5ce1-4c35-a594-c7ab9f56a53f,EMIT,DATA,778,1060,""
1424.388,sender,afd52c65-5ce1-4c35-a594-c7ab9f56a53f,RECEIVE,ACK,739,36,""
1424.396,sender,afd52c65-5ce1-4c35-a594-c7ab9f56a53f,EMIT,DATA,794,1060,""
1424.399,sender,afd52c65-5ce1-4c35-a594-c7ab9f56a53f,ACKNOWLEDGED,ACK,739,0,""
1424.406,sender,afd52c65-5ce1-4c35-a594-c7ab9f56a53f,CONFIRM_DATA,ACK,739,1024,"unique file bytes acknowledged"
1424.409,sender,afd52c65-5ce1-4c35-a594-c7ab9f56a53f,EMIT,DATA,782,1060,""
1424.414,sender,afd52c65-5ce1-4c35-a594-c7ab9f56a53f,RTT_SAMPLE,ACK,739,0,"91.629400"
1424.419,sender,afd52c65-5ce1-4c35-a594-c7ab9f56a53f,SEND,DATA,803,1060,""
1424.422,sender,afd52c65-5ce1-4c35-a594-c7ab9f56a53f,EMIT,DATA,786,1060,""
1424.425,sender,afd52c65-5ce1-4c35-a594-c7ab9f56a53f,SEND,DATA,804,1060,""
1424.433,sender,afd52c65-5ce1-4c35-a594-c7ab9f56a53f,RECEIVE,ACK,763,36,""
1424.436,sender,afd52c65-5ce1-4c35-a594-c7ab9f56a53f,ACKNOWLEDGED,ACK,763,0,""
1424.438,sender,afd52c65-5ce1-4c35-a594-c7ab9f56a53f,CONFIRM_DATA,ACK,763,1024,"unique file bytes acknowledged"
1424.442,sender,afd52c65-5ce1-4c35-a594-c7ab9f56a53f,RTT_SAMPLE,ACK,763,0,"91.435300"
1424.449,sender,afd52c65-5ce1-4c35-a594-c7ab9f56a53f,RECEIVE,ACK,750,36,""
1424.451,sender,afd52c65-5ce1-4c35-a594-c7ab9f56a53f,ACKNOWLEDGED,ACK,750,0,""
1424.454,sender,afd52c65-5ce1-4c35-a594-c7ab9f56a53f,CONFIRM_DATA,ACK,750,1024,"unique file bytes acknowledged"
1424.457,sender,afd52c65-5ce1-4c35-a594-c7ab9f56a53f,RTT_SAMPLE,ACK,750,0,"91.535800"
1424.464,sender,afd52c65-5ce1-4c35-a594-c7ab9f56a53f,RECEIVE,ACK,754,36,""
1424.467,sender,afd52c65-5ce1-4c35-a594-c7ab9f56a53f,ACKNOWLEDGED,ACK,754,0,""
1424.470,sender,afd52c65-5ce1-4c35-a594-c7ab9f56a53f,CONFIRM_DATA,ACK,754,1024,"unique file bytes acknowledged"
1424.508,sender,afd52c65-5ce1-4c35-a594-c7ab9f56a53f,RTT_SAMPLE,ACK,754,0,"91.575400"
1424.515,sender,afd52c65-5ce1-4c35-a594-c7ab9f56a53f,RECEIVE,ACK,744,36,""
1424.517,sender,afd52c65-5ce1-4c35-a594-c7ab9f56a53f,ACKNOWLEDGED,ACK,744,0,""
1424.520,sender,afd52c65-5ce1-4c35-a594-c7ab9f56a53f,CONFIRM_DATA,ACK,744,1024,"unique file bytes acknowledged"
1424.523,sender,afd52c65-5ce1-4c35-a594-c7ab9f56a53f,RTT_SAMPLE,ACK,744,0,"91.651900"
1424.542,sender,afd52c65-5ce1-4c35-a594-c7ab9f56a53f,RECEIVE,ACK,759,36,""
1424.544,sender,afd52c65-5ce1-4c35-a594-c7ab9f56a53f,ACKNOWLEDGED,ACK,759,0,""
1424.547,sender,afd52c65-5ce1-4c35-a594-c7ab9f56a53f,CONFIRM_DATA,ACK,759,1024,"unique file bytes acknowledged"
1424.550,sender,afd52c65-5ce1-4c35-a594-c7ab9f56a53f,RTT_SAMPLE,ACK,759,0,"91.561200"
1424.555,sender,afd52c65-5ce1-4c35-a594-c7ab9f56a53f,RECEIVE,ACK,755,36,""
1424.558,sender,afd52c65-5ce1-4c35-a594-c7ab9f56a53f,ACKNOWLEDGED,ACK,755,0,""
1424.560,sender,afd52c65-5ce1-4c35-a594-c7ab9f56a53f,CONFIRM_DATA,ACK,755,1024,"unique file bytes acknowledged"
1424.563,sender,afd52c65-5ce1-4c35-a594-c7ab9f56a53f,RTT_SAMPLE,ACK,755,0,"91.628300"
1424.568,sender,afd52c65-5ce1-4c35-a594-c7ab9f56a53f,RECEIVE,ACK,746,36,""
1424.571,sender,afd52c65-5ce1-4c35-a594-c7ab9f56a53f,ACKNOWLEDGED,ACK,746,0,""
1424.573,sender,afd52c65-5ce1-4c35-a594-c7ab9f56a53f,CONFIRM_DATA,ACK,746,1024,"unique file bytes acknowledged"
1424.576,sender,afd52c65-5ce1-4c35-a594-c7ab9f56a53f,RTT_SAMPLE,ACK,746,0,"91.700400"
1424.581,sender,afd52c65-5ce1-4c35-a594-c7ab9f56a53f,RECEIVE,ACK,760,36,""
1424.584,sender,afd52c65-5ce1-4c35-a594-c7ab9f56a53f,ACKNOWLEDGED,ACK,760,0,""
1424.586,sender,afd52c65-5ce1-4c35-a594-c7ab9f56a53f,CONFIRM_DATA,ACK,760,1024,"unique file bytes acknowledged"
1424.589,sender,afd52c65-5ce1-4c35-a594-c7ab9f56a53f,RTT_SAMPLE,ACK,760,0,"91.593800"
1424.594,sender,afd52c65-5ce1-4c35-a594-c7ab9f56a53f,RECEIVE,ACK,742,36,""
1424.597,sender,afd52c65-5ce1-4c35-a594-c7ab9f56a53f,ACKNOWLEDGED,ACK,742,0,""
1424.599,sender,afd52c65-5ce1-4c35-a594-c7ab9f56a53f,CONFIRM_DATA,ACK,742,1024,"unique file bytes acknowledged"
1424.602,sender,afd52c65-5ce1-4c35-a594-c7ab9f56a53f,RTT_SAMPLE,ACK,742,0,"91.736400"
1424.607,sender,afd52c65-5ce1-4c35-a594-c7ab9f56a53f,RECEIVE,ACK,762,36,""
1424.610,sender,afd52c65-5ce1-4c35-a594-c7ab9f56a53f,ACKNOWLEDGED,ACK,762,0,""
1424.612,sender,afd52c65-5ce1-4c35-a594-c7ab9f56a53f,CONFIRM_DATA,ACK,762,1024,"unique file bytes acknowledged"
1424.615,sender,afd52c65-5ce1-4c35-a594-c7ab9f56a53f,RTT_SAMPLE,ACK,762,0,"91.614700"
1424.621,sender,afd52c65-5ce1-4c35-a594-c7ab9f56a53f,RECEIVE,ACK,766,36,""
1424.628,sender,afd52c65-5ce1-4c35-a594-c7ab9f56a53f,ACKNOWLEDGED,ACK,766,0,""
1424.630,sender,afd52c65-5ce1-4c35-a594-c7ab9f56a53f,CONFIRM_DATA,ACK,766,1024,"unique file bytes acknowledged"
1424.632,sender,afd52c65-5ce1-4c35-a594-c7ab9f56a53f,RTT_SAMPLE,ACK,766,0,"91.606900"
1424.636,sender,afd52c65-5ce1-4c35-a594-c7ab9f56a53f,RECEIVE,ACK,757,36,""
1424.639,sender,afd52c65-5ce1-4c35-a594-c7ab9f56a53f,ACKNOWLEDGED,ACK,757,0,""
1424.641,sender,afd52c65-5ce1-4c35-a594-c7ab9f56a53f,CONFIRM_DATA,ACK,757,1024,"unique file bytes acknowledged"
1424.643,sender,afd52c65-5ce1-4c35-a594-c7ab9f56a53f,RTT_SAMPLE,ACK,757,0,"91.703900"
1424.648,sender,afd52c65-5ce1-4c35-a594-c7ab9f56a53f,RECEIVE,ACK,751,36,""
1424.650,sender,afd52c65-5ce1-4c35-a594-c7ab9f56a53f,ACKNOWLEDGED,ACK,751,0,""
1424.652,sender,afd52c65-5ce1-4c35-a594-c7ab9f56a53f,CONFIRM_DATA,ACK,751,1024,"unique file bytes acknowledged"
1424.654,sender,afd52c65-5ce1-4c35-a594-c7ab9f56a53f,RTT_SAMPLE,ACK,751,0,"91.730600"
1440.002,sender,afd52c65-5ce1-4c35-a594-c7ab9f56a53f,EMIT,DATA,792,1060,""
1440.042,sender,afd52c65-5ce1-4c35-a594-c7ab9f56a53f,EMIT,DATA,779,1060,""
1440.065,sender,afd52c65-5ce1-4c35-a594-c7ab9f56a53f,EMIT,DATA,791,1060,""
1440.083,sender,afd52c65-5ce1-4c35-a594-c7ab9f56a53f,EMIT,DATA,790,1060,""
1440.100,sender,afd52c65-5ce1-4c35-a594-c7ab9f56a53f,EMIT,DATA,784,1060,""
1440.117,sender,afd52c65-5ce1-4c35-a594-c7ab9f56a53f,EMIT,DATA,799,1060,""
1440.133,sender,afd52c65-5ce1-4c35-a594-c7ab9f56a53f,EMIT,DATA,785,1060,""
1440.150,sender,afd52c65-5ce1-4c35-a594-c7ab9f56a53f,RECEIVE,ACK,764,36,""
1440.159,sender,afd52c65-5ce1-4c35-a594-c7ab9f56a53f,EMIT,DATA,787,1060,""
1440.165,sender,afd52c65-5ce1-4c35-a594-c7ab9f56a53f,ACKNOWLEDGED,ACK,764,0,""
1440.168,sender,afd52c65-5ce1-4c35-a594-c7ab9f56a53f,CONFIRM_DATA,ACK,764,1024,"unique file bytes acknowledged"
1440.172,sender,afd52c65-5ce1-4c35-a594-c7ab9f56a53f,RTT_SAMPLE,ACK,764,0,"107.162400"
1440.176,sender,afd52c65-5ce1-4c35-a594-c7ab9f56a53f,EMIT,DATA,802,1060,""
1440.184,sender,afd52c65-5ce1-4c35-a594-c7ab9f56a53f,RECEIVE,ACK,747,36,""
1440.186,sender,afd52c65-5ce1-4c35-a594-c7ab9f56a53f,ACKNOWLEDGED,ACK,747,0,""
1440.188,sender,afd52c65-5ce1-4c35-a594-c7ab9f56a53f,CONFIRM_DATA,ACK,747,1024,"unique file bytes acknowledged"
1440.191,sender,afd52c65-5ce1-4c35-a594-c7ab9f56a53f,RTT_SAMPLE,ACK,747,0,"107.312800"
1440.193,sender,afd52c65-5ce1-4c35-a594-c7ab9f56a53f,EMIT,DATA,781,1060,""
1440.199,sender,afd52c65-5ce1-4c35-a594-c7ab9f56a53f,RECEIVE,ACK,752,36,""
1440.201,sender,afd52c65-5ce1-4c35-a594-c7ab9f56a53f,ACKNOWLEDGED,ACK,752,0,""
1440.203,sender,afd52c65-5ce1-4c35-a594-c7ab9f56a53f,CONFIRM_DATA,ACK,752,1024,"unique file bytes acknowledged"
1440.206,sender,afd52c65-5ce1-4c35-a594-c7ab9f56a53f,RTT_SAMPLE,ACK,752,0,"107.279400"
1440.211,sender,afd52c65-5ce1-4c35-a594-c7ab9f56a53f,EMIT,DATA,788,1060,""
1440.216,sender,afd52c65-5ce1-4c35-a594-c7ab9f56a53f,RECEIVE,ACK,741,36,""
1440.219,sender,afd52c65-5ce1-4c35-a594-c7ab9f56a53f,ACKNOWLEDGED,ACK,741,0,""
1440.221,sender,afd52c65-5ce1-4c35-a594-c7ab9f56a53f,CONFIRM_DATA,ACK,741,1024,"unique file bytes acknowledged"
1440.223,sender,afd52c65-5ce1-4c35-a594-c7ab9f56a53f,RTT_SAMPLE,ACK,741,0,"107.360300"
1440.227,sender,afd52c65-5ce1-4c35-a594-c7ab9f56a53f,SEND,DATA,805,1060,""
1440.231,sender,afd52c65-5ce1-4c35-a594-c7ab9f56a53f,SEND,DATA,806,1060,""
1440.233,sender,afd52c65-5ce1-4c35-a594-c7ab9f56a53f,SEND,DATA,807,1060,""
1440.236,sender,afd52c65-5ce1-4c35-a594-c7ab9f56a53f,SEND,DATA,808,1060,""
1440.238,sender,afd52c65-5ce1-4c35-a594-c7ab9f56a53f,SEND,DATA,809,1060,""
1440.240,sender,afd52c65-5ce1-4c35-a594-c7ab9f56a53f,SEND,DATA,810,1060,""
1440.243,sender,afd52c65-5ce1-4c35-a594-c7ab9f56a53f,SEND,DATA,811,1060,""
1440.245,sender,afd52c65-5ce1-4c35-a594-c7ab9f56a53f,SEND,DATA,812,1060,""
1440.248,sender,afd52c65-5ce1-4c35-a594-c7ab9f56a53f,SEND,DATA,813,1060,""
1440.250,sender,afd52c65-5ce1-4c35-a594-c7ab9f56a53f,SEND,DATA,814,1060,""
1440.253,sender,afd52c65-5ce1-4c35-a594-c7ab9f56a53f,SEND,DATA,815,1060,""
1440.255,sender,afd52c65-5ce1-4c35-a594-c7ab9f56a53f,SEND,DATA,816,1060,""
1440.259,sender,afd52c65-5ce1-4c35-a594-c7ab9f56a53f,RECEIVE,ACK,768,36,""
1440.261,sender,afd52c65-5ce1-4c35-a594-c7ab9f56a53f,ACKNOWLEDGED,ACK,768,0,""
1440.263,sender,afd52c65-5ce1-4c35-a594-c7ab9f56a53f,CONFIRM_DATA,ACK,768,1024,"unique file bytes acknowledged"
1440.266,sender,afd52c65-5ce1-4c35-a594-c7ab9f56a53f,RTT_SAMPLE,ACK,768,0,"107.235500"
1440.271,sender,afd52c65-5ce1-4c35-a594-c7ab9f56a53f,RECEIVE,ACK,773,36,""
1440.273,sender,afd52c65-5ce1-4c35-a594-c7ab9f56a53f,ACKNOWLEDGED,ACK,773,0,""
1440.275,sender,afd52c65-5ce1-4c35-a594-c7ab9f56a53f,CONFIRM_DATA,ACK,773,1024,"unique file bytes acknowledged"
1440.278,sender,afd52c65-5ce1-4c35-a594-c7ab9f56a53f,RTT_SAMPLE,ACK,773,0,"77.530000"
1440.282,sender,afd52c65-5ce1-4c35-a594-c7ab9f56a53f,RECEIVE,ACK,753,36,""
1440.284,sender,afd52c65-5ce1-4c35-a594-c7ab9f56a53f,ACKNOWLEDGED,ACK,753,0,""
1440.286,sender,afd52c65-5ce1-4c35-a594-c7ab9f56a53f,CONFIRM_DATA,ACK,753,1024,"unique file bytes acknowledged"
1440.289,sender,afd52c65-5ce1-4c35-a594-c7ab9f56a53f,RTT_SAMPLE,ACK,753,0,"107.360000"
1440.292,sender,afd52c65-5ce1-4c35-a594-c7ab9f56a53f,SEND,DATA,817,1060,""
1440.295,sender,afd52c65-5ce1-4c35-a594-c7ab9f56a53f,SEND,DATA,818,1060,""
1440.297,sender,afd52c65-5ce1-4c35-a594-c7ab9f56a53f,SEND,DATA,819,1060,""
1440.332,sender,afd52c65-5ce1-4c35-a594-c7ab9f56a53f,SEND,DATA,820,1060,""
1440.335,sender,afd52c65-5ce1-4c35-a594-c7ab9f56a53f,SEND,DATA,821,1060,""
1440.339,sender,afd52c65-5ce1-4c35-a594-c7ab9f56a53f,RECEIVE,ACK,775,36,""
1440.341,sender,afd52c65-5ce1-4c35-a594-c7ab9f56a53f,ACKNOWLEDGED,ACK,775,0,""
1440.343,sender,afd52c65-5ce1-4c35-a594-c7ab9f56a53f,CONFIRM_DATA,ACK,775,1024,"unique file bytes acknowledged"
1440.346,sender,afd52c65-5ce1-4c35-a594-c7ab9f56a53f,RTT_SAMPLE,ACK,775,0,"77.577300"
1455.733,sender,afd52c65-5ce1-4c35-a594-c7ab9f56a53f,EMIT,DATA,796,1060,""
1455.763,sender,afd52c65-5ce1-4c35-a594-c7ab9f56a53f,EMIT,DATA,798,1060,""
1455.773,sender,afd52c65-5ce1-4c35-a594-c7ab9f56a53f,EMIT,DATA,783,1060,""
1455.784,sender,afd52c65-5ce1-4c35-a594-c7ab9f56a53f,EMIT,DATA,793,1060,""
1455.794,sender,afd52c65-5ce1-4c35-a594-c7ab9f56a53f,EMIT,DATA,795,1060,""
1455.803,sender,afd52c65-5ce1-4c35-a594-c7ab9f56a53f,EMIT,DATA,800,1060,""
1455.813,sender,afd52c65-5ce1-4c35-a594-c7ab9f56a53f,EMIT,DATA,801,1060,""
1455.823,sender,afd52c65-5ce1-4c35-a594-c7ab9f56a53f,EMIT,DATA,803,1060,""
1455.833,sender,afd52c65-5ce1-4c35-a594-c7ab9f56a53f,EMIT,DATA,797,1060,""
1456.208,sender,afd52c65-5ce1-4c35-a594-c7ab9f56a53f,RECEIVE,ACK,767,36,""
1456.232,sender,afd52c65-5ce1-4c35-a594-c7ab9f56a53f,ACKNOWLEDGED,ACK,767,0,""
1456.241,sender,afd52c65-5ce1-4c35-a594-c7ab9f56a53f,CONFIRM_DATA,ACK,767,1024,"unique file bytes acknowledged"
1456.254,sender,afd52c65-5ce1-4c35-a594-c7ab9f56a53f,RTT_SAMPLE,ACK,767,0,"123.221700"
1456.283,sender,afd52c65-5ce1-4c35-a594-c7ab9f56a53f,RECEIVE,ACK,758,36,""
1456.291,sender,afd52c65-5ce1-4c35-a594-c7ab9f56a53f,ACKNOWLEDGED,ACK,758,0,""
1456.298,sender,afd52c65-5ce1-4c35-a594-c7ab9f56a53f,CONFIRM_DATA,ACK,758,1024,"unique file bytes acknowledged"
1456.308,sender,afd52c65-5ce1-4c35-a594-c7ab9f56a53f,RTT_SAMPLE,ACK,758,0,"123.363500"
1456.319,sender,afd52c65-5ce1-4c35-a594-c7ab9f56a53f,SEND,DATA,822,1060,""
1456.329,sender,afd52c65-5ce1-4c35-a594-c7ab9f56a53f,SEND,DATA,823,1060,""
1456.338,sender,afd52c65-5ce1-4c35-a594-c7ab9f56a53f,SEND,DATA,824,1060,""
1456.346,sender,afd52c65-5ce1-4c35-a594-c7ab9f56a53f,SEND,DATA,825,1060,""
1456.354,sender,afd52c65-5ce1-4c35-a594-c7ab9f56a53f,SEND,DATA,826,1060,""
1456.362,sender,afd52c65-5ce1-4c35-a594-c7ab9f56a53f,SEND,DATA,827,1060,""
1456.371,sender,afd52c65-5ce1-4c35-a594-c7ab9f56a53f,SEND,DATA,828,1060,""
1456.379,sender,afd52c65-5ce1-4c35-a594-c7ab9f56a53f,SEND,DATA,829,1060,""
1456.387,sender,afd52c65-5ce1-4c35-a594-c7ab9f56a53f,SEND,DATA,830,1060,""
1456.395,sender,afd52c65-5ce1-4c35-a594-c7ab9f56a53f,SEND,DATA,831,1060,""
1456.403,sender,afd52c65-5ce1-4c35-a594-c7ab9f56a53f,SEND,DATA,832,1060,""
1456.411,sender,afd52c65-5ce1-4c35-a594-c7ab9f56a53f,SEND,DATA,833,1060,""
1456.425,sender,afd52c65-5ce1-4c35-a594-c7ab9f56a53f,RECEIVE,ACK,774,36,""
1456.433,sender,afd52c65-5ce1-4c35-a594-c7ab9f56a53f,ACKNOWLEDGED,ACK,774,0,""
1456.440,sender,afd52c65-5ce1-4c35-a594-c7ab9f56a53f,CONFIRM_DATA,ACK,774,1024,"unique file bytes acknowledged"
1456.449,sender,afd52c65-5ce1-4c35-a594-c7ab9f56a53f,RTT_SAMPLE,ACK,774,0,"93.683200"
1456.491,sender,afd52c65-5ce1-4c35-a594-c7ab9f56a53f,RECEIVE,ACK,777,36,""
1456.502,sender,afd52c65-5ce1-4c35-a594-c7ab9f56a53f,ACKNOWLEDGED,ACK,777,0,""
1456.508,sender,afd52c65-5ce1-4c35-a594-c7ab9f56a53f,CONFIRM_DATA,ACK,777,1024,"unique file bytes acknowledged"
1456.527,sender,afd52c65-5ce1-4c35-a594-c7ab9f56a53f,RTT_SAMPLE,ACK,777,0,"93.687900"
1456.547,sender,afd52c65-5ce1-4c35-a594-c7ab9f56a53f,RECEIVE,ACK,776,36,""
1456.555,sender,afd52c65-5ce1-4c35-a594-c7ab9f56a53f,ACKNOWLEDGED,ACK,776,0,""
1456.562,sender,afd52c65-5ce1-4c35-a594-c7ab9f56a53f,CONFIRM_DATA,ACK,776,1024,"unique file bytes acknowledged"
1456.571,sender,afd52c65-5ce1-4c35-a594-c7ab9f56a53f,RTT_SAMPLE,ACK,776,0,"93.795600"
1456.586,sender,afd52c65-5ce1-4c35-a594-c7ab9f56a53f,RECEIVE,ACK,770,36,""
1456.594,sender,afd52c65-5ce1-4c35-a594-c7ab9f56a53f,ACKNOWLEDGED,ACK,770,0,""
1456.600,sender,afd52c65-5ce1-4c35-a594-c7ab9f56a53f,CONFIRM_DATA,ACK,770,1024,"unique file bytes acknowledged"
1456.609,sender,afd52c65-5ce1-4c35-a594-c7ab9f56a53f,RTT_SAMPLE,ACK,770,0,"93.891600"
1456.619,sender,afd52c65-5ce1-4c35-a594-c7ab9f56a53f,SEND,DATA,834,1060,""
1456.633,sender,afd52c65-5ce1-4c35-a594-c7ab9f56a53f,RECEIVE,ACK,780,36,""
1456.641,sender,afd52c65-5ce1-4c35-a594-c7ab9f56a53f,ACKNOWLEDGED,ACK,780,0,""
1456.648,sender,afd52c65-5ce1-4c35-a594-c7ab9f56a53f,CONFIRM_DATA,ACK,780,1024,"unique file bytes acknowledged"
1456.657,sender,afd52c65-5ce1-4c35-a594-c7ab9f56a53f,RTT_SAMPLE,ACK,780,0,"77.912000"
1456.672,sender,afd52c65-5ce1-4c35-a594-c7ab9f56a53f,RECEIVE,ACK,771,36,""
1456.680,sender,afd52c65-5ce1-4c35-a594-c7ab9f56a53f,ACKNOWLEDGED,ACK,771,0,""
1456.686,sender,afd52c65-5ce1-4c35-a594-c7ab9f56a53f,CONFIRM_DATA,ACK,771,1024,"unique file bytes acknowledged"
1456.695,sender,afd52c65-5ce1-4c35-a594-c7ab9f56a53f,RTT_SAMPLE,ACK,771,0,"93.971100"
1456.705,sender,afd52c65-5ce1-4c35-a594-c7ab9f56a53f,SEND,DATA,835,1060,""
1456.718,sender,afd52c65-5ce1-4c35-a594-c7ab9f56a53f,RECEIVE,ACK,782,36,""
1456.726,sender,afd52c65-5ce1-4c35-a594-c7ab9f56a53f,ACKNOWLEDGED,ACK,782,0,""
1456.732,sender,afd52c65-5ce1-4c35-a594-c7ab9f56a53f,CONFIRM_DATA,ACK,782,1024,"unique file bytes acknowledged"
1456.741,sender,afd52c65-5ce1-4c35-a594-c7ab9f56a53f,RTT_SAMPLE,ACK,782,0,"63.038400"
1471.713,sender,afd52c65-5ce1-4c35-a594-c7ab9f56a53f,EMIT,DATA,821,1060,""
1471.764,sender,afd52c65-5ce1-4c35-a594-c7ab9f56a53f,RECEIVE,ACK,772,36,""
1471.780,sender,afd52c65-5ce1-4c35-a594-c7ab9f56a53f,EMIT,DATA,807,1060,""
1471.785,sender,afd52c65-5ce1-4c35-a594-c7ab9f56a53f,ACKNOWLEDGED,ACK,772,0,""
1471.791,sender,afd52c65-5ce1-4c35-a594-c7ab9f56a53f,CONFIRM_DATA,ACK,772,1024,"unique file bytes acknowledged"
1471.814,sender,afd52c65-5ce1-4c35-a594-c7ab9f56a53f,EMIT,DATA,810,1060,""
1471.823,sender,afd52c65-5ce1-4c35-a594-c7ab9f56a53f,RTT_SAMPLE,ACK,772,0,"109.072900"
1471.831,sender,afd52c65-5ce1-4c35-a594-c7ab9f56a53f,EMIT,DATA,812,1060,""
1471.841,sender,afd52c65-5ce1-4c35-a594-c7ab9f56a53f,SEND,DATA,836,1060,""
1471.848,sender,afd52c65-5ce1-4c35-a594-c7ab9f56a53f,EMIT,DATA,805,1060,""
1471.852,sender,afd52c65-5ce1-4c35-a594-c7ab9f56a53f,SEND,DATA,837,1060,""
1471.859,sender,afd52c65-5ce1-4c35-a594-c7ab9f56a53f,SEND,DATA,838,1060,""
1471.865,sender,afd52c65-5ce1-4c35-a594-c7ab9f56a53f,SEND,DATA,839,1060,""
1471.871,sender,afd52c65-5ce1-4c35-a594-c7ab9f56a53f,SEND,DATA,840,1060,""
1471.887,sender,afd52c65-5ce1-4c35-a594-c7ab9f56a53f,SEND,DATA,841,1060,""
1471.926,sender,afd52c65-5ce1-4c35-a594-c7ab9f56a53f,RECEIVE,ACK,794,36,""
1471.932,sender,afd52c65-5ce1-4c35-a594-c7ab9f56a53f,ACKNOWLEDGED,ACK,794,0,""
1471.936,sender,afd52c65-5ce1-4c35-a594-c7ab9f56a53f,CONFIRM_DATA,ACK,794,1024,"unique file bytes acknowledged"
1471.953,sender,afd52c65-5ce1-4c35-a594-c7ab9f56a53f,RTT_SAMPLE,ACK,794,0,"78.172400"
1471.969,sender,afd52c65-5ce1-4c35-a594-c7ab9f56a53f,RECEIVE,ACK,789,36,""
1471.975,sender,afd52c65-5ce1-4c35-a594-c7ab9f56a53f,ACKNOWLEDGED,ACK,789,0,""
1471.979,sender,afd52c65-5ce1-4c35-a594-c7ab9f56a53f,CONFIRM_DATA,ACK,789,1024,"unique file bytes acknowledged"
1471.984,sender,afd52c65-5ce1-4c35-a594-c7ab9f56a53f,RTT_SAMPLE,ACK,789,0,"78.218800"
1471.996,sender,afd52c65-5ce1-4c35-a594-c7ab9f56a53f,RECEIVE,ACK,788,36,""
1472.001,sender,afd52c65-5ce1-4c35-a594-c7ab9f56a53f,ACKNOWLEDGED,ACK,788,0,""
1472.006,sender,afd52c65-5ce1-4c35-a594-c7ab9f56a53f,CONFIRM_DATA,ACK,788,1024,"unique file bytes acknowledged"
1472.011,sender,afd52c65-5ce1-4c35-a594-c7ab9f56a53f,RTT_SAMPLE,ACK,788,0,"78.279500"
1472.022,sender,afd52c65-5ce1-4c35-a594-c7ab9f56a53f,RECEIVE,ACK,786,36,""
1472.027,sender,afd52c65-5ce1-4c35-a594-c7ab9f56a53f,ACKNOWLEDGED,ACK,786,0,""
1472.031,sender,afd52c65-5ce1-4c35-a594-c7ab9f56a53f,CONFIRM_DATA,ACK,786,1024,"unique file bytes acknowledged"
1472.036,sender,afd52c65-5ce1-4c35-a594-c7ab9f56a53f,RTT_SAMPLE,ACK,786,0,"78.309800"
1472.050,sender,afd52c65-5ce1-4c35-a594-c7ab9f56a53f,RECEIVE,ACK,778,36,""
1472.165,sender,afd52c65-5ce1-4c35-a594-c7ab9f56a53f,ACKNOWLEDGED,ACK,778,0,""
1472.176,sender,afd52c65-5ce1-4c35-a594-c7ab9f56a53f,CONFIRM_DATA,ACK,778,1024,"unique file bytes acknowledged"
1472.186,sender,afd52c65-5ce1-4c35-a594-c7ab9f56a53f,RTT_SAMPLE,ACK,778,0,"93.455500"
1472.206,sender,afd52c65-5ce1-4c35-a594-c7ab9f56a53f,SEND,DATA,842,1060,""
1472.230,sender,afd52c65-5ce1-4c35-a594-c7ab9f56a53f,RECEIVE,ACK,792,36,""
1472.239,sender,afd52c65-5ce1-4c35-a594-c7ab9f56a53f,ACKNOWLEDGED,ACK,792,0,""
1472.431,sender,afd52c65-5ce1-4c35-a594-c7ab9f56a53f,CONFIRM_DATA,ACK,792,1024,"unique file bytes acknowledged"
1472.437,sender,afd52c65-5ce1-4c35-a594-c7ab9f56a53f,RTT_SAMPLE,ACK,792,0,"78.662200"
1472.460,sender,afd52c65-5ce1-4c35-a594-c7ab9f56a53f,RECEIVE,ACK,779,36,""
1472.464,sender,afd52c65-5ce1-4c35-a594-c7ab9f56a53f,ACKNOWLEDGED,ACK,779,0,""
1472.466,sender,afd52c65-5ce1-4c35-a594-c7ab9f56a53f,CONFIRM_DATA,ACK,779,1024,"unique file bytes acknowledged"
1472.469,sender,afd52c65-5ce1-4c35-a594-c7ab9f56a53f,RTT_SAMPLE,ACK,779,0,"93.729900"
1472.473,sender,afd52c65-5ce1-4c35-a594-c7ab9f56a53f,SEND,DATA,843,1060,""
1472.477,sender,afd52c65-5ce1-4c35-a594-c7ab9f56a53f,SEND,DATA,844,1060,""
1472.483,sender,afd52c65-5ce1-4c35-a594-c7ab9f56a53f,RECEIVE,ACK,785,36,""
1472.485,sender,afd52c65-5ce1-4c35-a594-c7ab9f56a53f,ACKNOWLEDGED,ACK,785,0,""
1472.487,sender,afd52c65-5ce1-4c35-a594-c7ab9f56a53f,CONFIRM_DATA,ACK,785,1024,"unique file bytes acknowledged"
1472.490,sender,afd52c65-5ce1-4c35-a594-c7ab9f56a53f,RTT_SAMPLE,ACK,785,0,"78.779000"
1488.270,sender,afd52c65-5ce1-4c35-a594-c7ab9f56a53f,EMIT,DATA,816,1060,""
1488.301,sender,afd52c65-5ce1-4c35-a594-c7ab9f56a53f,EMIT,DATA,804,1060,""
1488.312,sender,afd52c65-5ce1-4c35-a594-c7ab9f56a53f,EMIT,DATA,811,1060,""
1488.323,sender,afd52c65-5ce1-4c35-a594-c7ab9f56a53f,EMIT,DATA,813,1060,""
1488.336,sender,afd52c65-5ce1-4c35-a594-c7ab9f56a53f,EMIT,DATA,818,1060,""
1488.349,sender,afd52c65-5ce1-4c35-a594-c7ab9f56a53f,EMIT,DATA,819,1060,""
1488.361,sender,afd52c65-5ce1-4c35-a594-c7ab9f56a53f,EMIT,DATA,820,1060,""
1488.373,sender,afd52c65-5ce1-4c35-a594-c7ab9f56a53f,EMIT,DATA,835,1060,""
1488.384,sender,afd52c65-5ce1-4c35-a594-c7ab9f56a53f,EMIT,DATA,815,1060,""
1488.400,sender,afd52c65-5ce1-4c35-a594-c7ab9f56a53f,EMIT,DATA,827,1060,""
1488.412,sender,afd52c65-5ce1-4c35-a594-c7ab9f56a53f,EMIT,DATA,808,1060,""
1488.421,sender,afd52c65-5ce1-4c35-a594-c7ab9f56a53f,RECEIVE,ACK,784,36,""
1488.434,sender,afd52c65-5ce1-4c35-a594-c7ab9f56a53f,EMIT,DATA,817,1060,""
1488.439,sender,afd52c65-5ce1-4c35-a594-c7ab9f56a53f,ACKNOWLEDGED,ACK,784,0,""
1488.444,sender,afd52c65-5ce1-4c35-a594-c7ab9f56a53f,CONFIRM_DATA,ACK,784,1024,"unique file bytes acknowledged"
1488.455,sender,afd52c65-5ce1-4c35-a594-c7ab9f56a53f,EMIT,DATA,809,1060,""
1488.460,sender,afd52c65-5ce1-4c35-a594-c7ab9f56a53f,RTT_SAMPLE,ACK,784,0,"94.746800"
1488.465,sender,afd52c65-5ce1-4c35-a594-c7ab9f56a53f,EMIT,DATA,806,1060,""
1488.470,sender,afd52c65-5ce1-4c35-a594-c7ab9f56a53f,RECEIVE,ACK,799,36,""
1488.473,sender,afd52c65-5ce1-4c35-a594-c7ab9f56a53f,ACKNOWLEDGED,ACK,799,0,""
1488.477,sender,afd52c65-5ce1-4c35-a594-c7ab9f56a53f,CONFIRM_DATA,ACK,799,1024,"unique file bytes acknowledged"
1488.481,sender,afd52c65-5ce1-4c35-a594-c7ab9f56a53f,RTT_SAMPLE,ACK,799,0,"79.070200"
1488.488,sender,afd52c65-5ce1-4c35-a594-c7ab9f56a53f,RECEIVE,ACK,802,36,""
1488.492,sender,afd52c65-5ce1-4c35-a594-c7ab9f56a53f,ACKNOWLEDGED,ACK,802,0,""
1488.495,sender,afd52c65-5ce1-4c35-a594-c7ab9f56a53f,CONFIRM_DATA,ACK,802,1024,"unique file bytes acknowledged"
1488.499,sender,afd52c65-5ce1-4c35-a594-c7ab9f56a53f,RTT_SAMPLE,ACK,802,0,"79.009800"
1488.505,sender,afd52c65-5ce1-4c35-a594-c7ab9f56a53f,RECEIVE,ACK,791,36,""
1488.509,sender,afd52c65-5ce1-4c35-a594-c7ab9f56a53f,ACKNOWLEDGED,ACK,791,0,""
1488.512,sender,afd52c65-5ce1-4c35-a594-c7ab9f56a53f,CONFIRM_DATA,ACK,791,1024,"unique file bytes acknowledged"
1488.516,sender,afd52c65-5ce1-4c35-a594-c7ab9f56a53f,RTT_SAMPLE,ACK,791,0,"94.744900"
1488.523,sender,afd52c65-5ce1-4c35-a594-c7ab9f56a53f,RECEIVE,ACK,787,36,""
1488.526,sender,afd52c65-5ce1-4c35-a594-c7ab9f56a53f,ACKNOWLEDGED,ACK,787,0,""
1488.529,sender,afd52c65-5ce1-4c35-a594-c7ab9f56a53f,CONFIRM_DATA,ACK,787,1024,"unique file bytes acknowledged"
1488.533,sender,afd52c65-5ce1-4c35-a594-c7ab9f56a53f,RTT_SAMPLE,ACK,787,0,"94.804600"
1488.540,sender,afd52c65-5ce1-4c35-a594-c7ab9f56a53f,RECEIVE,ACK,790,36,""
1488.544,sender,afd52c65-5ce1-4c35-a594-c7ab9f56a53f,ACKNOWLEDGED,ACK,790,0,""
1488.547,sender,afd52c65-5ce1-4c35-a594-c7ab9f56a53f,CONFIRM_DATA,ACK,790,1024,"unique file bytes acknowledged"
1488.551,sender,afd52c65-5ce1-4c35-a594-c7ab9f56a53f,RTT_SAMPLE,ACK,790,0,"94.782500"
1488.557,sender,afd52c65-5ce1-4c35-a594-c7ab9f56a53f,RECEIVE,ACK,795,36,""
1488.561,sender,afd52c65-5ce1-4c35-a594-c7ab9f56a53f,ACKNOWLEDGED,ACK,795,0,""
1488.564,sender,afd52c65-5ce1-4c35-a594-c7ab9f56a53f,CONFIRM_DATA,ACK,795,1024,"unique file bytes acknowledged"
1488.579,sender,afd52c65-5ce1-4c35-a594-c7ab9f56a53f,RTT_SAMPLE,ACK,795,0,"94.798000"
1488.585,sender,afd52c65-5ce1-4c35-a594-c7ab9f56a53f,RECEIVE,ACK,781,36,""
1488.587,sender,afd52c65-5ce1-4c35-a594-c7ab9f56a53f,ACKNOWLEDGED,ACK,781,0,""
1488.590,sender,afd52c65-5ce1-4c35-a594-c7ab9f56a53f,CONFIRM_DATA,ACK,781,1024,"unique file bytes acknowledged"
1488.593,sender,afd52c65-5ce1-4c35-a594-c7ab9f56a53f,RTT_SAMPLE,ACK,781,0,"94.896400"
1488.597,sender,afd52c65-5ce1-4c35-a594-c7ab9f56a53f,SEND,DATA,845,1060,""
1488.602,sender,afd52c65-5ce1-4c35-a594-c7ab9f56a53f,SEND,DATA,846,1060,""
1503.524,sender,afd52c65-5ce1-4c35-a594-c7ab9f56a53f,EMIT,DATA,814,1060,""
1503.560,sender,afd52c65-5ce1-4c35-a594-c7ab9f56a53f,EMIT,DATA,826,1060,""
1503.572,sender,afd52c65-5ce1-4c35-a594-c7ab9f56a53f,EMIT,DATA,828,1060,""
1503.583,sender,afd52c65-5ce1-4c35-a594-c7ab9f56a53f,EMIT,DATA,834,1060,""
1503.594,sender,afd52c65-5ce1-4c35-a594-c7ab9f56a53f,EMIT,DATA,829,1060,""
1503.598,sender,afd52c65-5ce1-4c35-a594-c7ab9f56a53f,RECEIVE,ACK,793,36,""
1503.617,sender,afd52c65-5ce1-4c35-a594-c7ab9f56a53f,EMIT,DATA,822,1060,""
1503.621,sender,afd52c65-5ce1-4c35-a594-c7ab9f56a53f,ACKNOWLEDGED,ACK,793,0,""
1503.624,sender,afd52c65-5ce1-4c35-a594-c7ab9f56a53f,CONFIRM_DATA,ACK,793,1024,"unique file bytes acknowledged"
1503.628,sender,afd52c65-5ce1-4c35-a594-c7ab9f56a53f,EMIT,DATA,823,1060,""
1503.638,sender,afd52c65-5ce1-4c35-a594-c7ab9f56a53f,RTT_SAMPLE,ACK,793,0,"109.853100"
1503.642,sender,afd52c65-5ce1-4c35-a594-c7ab9f56a53f,EMIT,DATA,832,1060,""
1503.647,sender,afd52c65-5ce1-4c35-a594-c7ab9f56a53f,RECEIVE,ACK,797,36,""
1503.650,sender,afd52c65-5ce1-4c35-a594-c7ab9f56a53f,ACKNOWLEDGED,ACK,797,0,""
1503.662,sender,afd52c65-5ce1-4c35-a594-c7ab9f56a53f,CONFIRM_DATA,ACK,797,1024,"unique file bytes acknowledged"
1503.665,sender,afd52c65-5ce1-4c35-a594-c7ab9f56a53f,EMIT,DATA,840,1060,""
1503.669,sender,afd52c65-5ce1-4c35-a594-c7ab9f56a53f,RTT_SAMPLE,ACK,797,0,"94.261800"
1503.675,sender,afd52c65-5ce1-4c35-a594-c7ab9f56a53f,EMIT,DATA,842,1060,""
1503.678,sender,afd52c65-5ce1-4c35-a594-c7ab9f56a53f,RECEIVE,ACK,812,36,""
1503.681,sender,afd52c65-5ce1-4c35-a594-c7ab9f56a53f,ACKNOWLEDGED,ACK,812,0,""
1503.684,sender,afd52c65-5ce1-4c35-a594-c7ab9f56a53f,CONFIRM_DATA,ACK,812,1024,"unique file bytes acknowledged"
1503.687,sender,afd52c65-5ce1-4c35-a594-c7ab9f56a53f,EMIT,DATA,825,1060,""
1503.690,sender,afd52c65-5ce1-4c35-a594-c7ab9f56a53f,RTT_SAMPLE,ACK,812,0,"63.441500"
1503.696,sender,afd52c65-5ce1-4c35-a594-c7ab9f56a53f,EMIT,DATA,831,1060,""
1503.699,sender,afd52c65-5ce1-4c35-a594-c7ab9f56a53f,RECEIVE,ACK,796,36,""
1503.702,sender,afd52c65-5ce1-4c35-a594-c7ab9f56a53f,ACKNOWLEDGED,ACK,796,0,""
1503.705,sender,afd52c65-5ce1-4c35-a594-c7ab9f56a53f,CONFIRM_DATA,ACK,796,1024,"unique file bytes acknowledged"
1503.708,sender,afd52c65-5ce1-4c35-a594-c7ab9f56a53f,EMIT,DATA,830,1060,""
1503.712,sender,afd52c65-5ce1-4c35-a594-c7ab9f56a53f,RTT_SAMPLE,ACK,796,0,"94.309100"
1503.728,sender,afd52c65-5ce1-4c35-a594-c7ab9f56a53f,EMIT,DATA,833,1060,""
1503.731,sender,afd52c65-5ce1-4c35-a594-c7ab9f56a53f,RECEIVE,ACK,800,36,""
1503.812,sender,afd52c65-5ce1-4c35-a594-c7ab9f56a53f,ACKNOWLEDGED,ACK,800,0,""
1503.816,sender,afd52c65-5ce1-4c35-a594-c7ab9f56a53f,CONFIRM_DATA,ACK,800,1024,"unique file bytes acknowledged"
1503.820,sender,afd52c65-5ce1-4c35-a594-c7ab9f56a53f,RTT_SAMPLE,ACK,800,0,"94.405600"
1503.827,sender,afd52c65-5ce1-4c35-a594-c7ab9f56a53f,RECEIVE,ACK,810,36,""
1503.830,sender,afd52c65-5ce1-4c35-a594-c7ab9f56a53f,ACKNOWLEDGED,ACK,810,0,""
1503.844,sender,afd52c65-5ce1-4c35-a594-c7ab9f56a53f,CONFIRM_DATA,ACK,810,1024,"unique file bytes acknowledged"
1503.847,sender,afd52c65-5ce1-4c35-a594-c7ab9f56a53f,RTT_SAMPLE,ACK,810,0,"63.606600"
1503.853,sender,afd52c65-5ce1-4c35-a594-c7ab9f56a53f,RECEIVE,ACK,798,36,""
1503.855,sender,afd52c65-5ce1-4c35-a594-c7ab9f56a53f,ACKNOWLEDGED,ACK,798,0,""
1503.858,sender,afd52c65-5ce1-4c35-a594-c7ab9f56a53f,CONFIRM_DATA,ACK,798,1024,"unique file bytes acknowledged"
1503.861,sender,afd52c65-5ce1-4c35-a594-c7ab9f56a53f,RTT_SAMPLE,ACK,798,0,"94.453500"
1519.677,sender,afd52c65-5ce1-4c35-a594-c7ab9f56a53f,EMIT,DATA,838,1060,""
1519.699,sender,afd52c65-5ce1-4c35-a594-c7ab9f56a53f,EMIT,DATA,841,1060,""
1519.708,sender,afd52c65-5ce1-4c35-a594-c7ab9f56a53f,EMIT,DATA,824,1060,""
1519.712,sender,afd52c65-5ce1-4c35-a594-c7ab9f56a53f,RECEIVE,ACK,801,36,""
1519.729,sender,afd52c65-5ce1-4c35-a594-c7ab9f56a53f,EMIT,DATA,844,1060,""
1519.732,sender,afd52c65-5ce1-4c35-a594-c7ab9f56a53f,ACKNOWLEDGED,ACK,801,0,""
1519.738,sender,afd52c65-5ce1-4c35-a594-c7ab9f56a53f,EMIT,DATA,839,1060,""
1519.741,sender,afd52c65-5ce1-4c35-a594-c7ab9f56a53f,CONFIRM_DATA,ACK,801,1024,"unique file bytes acknowledged"
1519.748,sender,afd52c65-5ce1-4c35-a594-c7ab9f56a53f,RTT_SAMPLE,ACK,801,0,"110.308900"
1519.753,sender,afd52c65-5ce1-4c35-a594-c7ab9f56a53f,EMIT,DATA,843,1060,""
1519.761,sender,afd52c65-5ce1-4c35-a594-c7ab9f56a53f,EMIT,DATA,836,1060,""
1519.764,sender,afd52c65-5ce1-4c35-a594-c7ab9f56a53f,RECEIVE,ACK,803,36,""
1519.769,sender,afd52c65-5ce1-4c35-a594-c7ab9f56a53f,ACKNOWLEDGED,ACK,803,0,""
1519.773,sender,afd52c65-5ce1-4c35-a594-c7ab9f56a53f,EMIT,DATA,837,1060,""
1519.777,sender,afd52c65-5ce1-4c35-a594-c7ab9f56a53f,CONFIRM_DATA,ACK,803,1024,"unique file bytes acknowledged"
1519.782,sender,afd52c65-5ce1-4c35-a594-c7ab9f56a53f,RTT_SAMPLE,ACK,803,0,"95.362300"
1519.808,sender,afd52c65-5ce1-4c35-a594-c7ab9f56a53f,RECEIVE,ACK,783,36,""
1519.814,sender,afd52c65-5ce1-4c35-a594-c7ab9f56a53f,ACKNOWLEDGED,ACK,783,0,""
1519.818,sender,afd52c65-5ce1-4c35-a594-c7ab9f56a53f,CONFIRM_DATA,ACK,783,1024,"unique file bytes acknowledged"
1519.823,sender,afd52c65-5ce1-4c35-a594-c7ab9f56a53f,RTT_SAMPLE,ACK,783,0,"126.116600"
1519.829,sender,afd52c65-5ce1-4c35-a594-c7ab9f56a53f,SEND,DATA,847,1060,""
1519.836,sender,afd52c65-5ce1-4c35-a594-c7ab9f56a53f,SEND,DATA,848,1060,""
1519.841,sender,afd52c65-5ce1-4c35-a594-c7ab9f56a53f,SEND,DATA,849,1060,""
1519.845,sender,afd52c65-5ce1-4c35-a594-c7ab9f56a53f,SEND,DATA,850,1060,""
1519.849,sender,afd52c65-5ce1-4c35-a594-c7ab9f56a53f,SEND,DATA,851,1060,""
1519.854,sender,afd52c65-5ce1-4c35-a594-c7ab9f56a53f,SEND,DATA,852,1060,""
1519.858,sender,afd52c65-5ce1-4c35-a594-c7ab9f56a53f,SEND,DATA,853,1060,""
1519.862,sender,afd52c65-5ce1-4c35-a594-c7ab9f56a53f,SEND,DATA,854,1060,""
1519.866,sender,afd52c65-5ce1-4c35-a594-c7ab9f56a53f,SEND,DATA,855,1060,""
1519.871,sender,afd52c65-5ce1-4c35-a594-c7ab9f56a53f,SEND,DATA,856,1060,""
1519.875,sender,afd52c65-5ce1-4c35-a594-c7ab9f56a53f,SEND,DATA,857,1060,""
1519.879,sender,afd52c65-5ce1-4c35-a594-c7ab9f56a53f,SEND,DATA,858,1060,""
1519.883,sender,afd52c65-5ce1-4c35-a594-c7ab9f56a53f,SEND,DATA,859,1060,""
1519.887,sender,afd52c65-5ce1-4c35-a594-c7ab9f56a53f,SEND,DATA,860,1060,""
1519.891,sender,afd52c65-5ce1-4c35-a594-c7ab9f56a53f,SEND,DATA,861,1060,""
1519.896,sender,afd52c65-5ce1-4c35-a594-c7ab9f56a53f,SEND,DATA,862,1060,""
1519.900,sender,afd52c65-5ce1-4c35-a594-c7ab9f56a53f,SEND,DATA,863,1060,""
1519.904,sender,afd52c65-5ce1-4c35-a594-c7ab9f56a53f,SEND,DATA,864,1060,""
1519.908,sender,afd52c65-5ce1-4c35-a594-c7ab9f56a53f,SEND,DATA,865,1060,""
1519.918,sender,afd52c65-5ce1-4c35-a594-c7ab9f56a53f,SEND,DATA,866,1060,""
1519.922,sender,afd52c65-5ce1-4c35-a594-c7ab9f56a53f,SEND,DATA,867,1060,""
1519.932,sender,afd52c65-5ce1-4c35-a594-c7ab9f56a53f,RECEIVE,ACK,807,36,""
1519.936,sender,afd52c65-5ce1-4c35-a594-c7ab9f56a53f,ACKNOWLEDGED,ACK,807,0,""
1519.939,sender,afd52c65-5ce1-4c35-a594-c7ab9f56a53f,CONFIRM_DATA,ACK,807,1024,"unique file bytes acknowledged"
1519.943,sender,afd52c65-5ce1-4c35-a594-c7ab9f56a53f,RTT_SAMPLE,ACK,807,0,"79.709200"
1519.952,sender,afd52c65-5ce1-4c35-a594-c7ab9f56a53f,RECEIVE,ACK,811,36,""
1519.955,sender,afd52c65-5ce1-4c35-a594-c7ab9f56a53f,ACKNOWLEDGED,ACK,811,0,""
1519.958,sender,afd52c65-5ce1-4c35-a594-c7ab9f56a53f,CONFIRM_DATA,ACK,811,1024,"unique file bytes acknowledged"
1519.962,sender,afd52c65-5ce1-4c35-a594-c7ab9f56a53f,RTT_SAMPLE,ACK,811,0,"79.719100"
1519.971,sender,afd52c65-5ce1-4c35-a594-c7ab9f56a53f,RECEIVE,ACK,821,36,""
1519.974,sender,afd52c65-5ce1-4c35-a594-c7ab9f56a53f,ACKNOWLEDGED,ACK,821,0,""
1519.978,sender,afd52c65-5ce1-4c35-a594-c7ab9f56a53f,CONFIRM_DATA,ACK,821,1024,"unique file bytes acknowledged"
1519.981,sender,afd52c65-5ce1-4c35-a594-c7ab9f56a53f,RTT_SAMPLE,ACK,821,0,"79.646300"
1519.989,sender,afd52c65-5ce1-4c35-a594-c7ab9f56a53f,RECEIVE,ACK,827,36,""
1519.993,sender,afd52c65-5ce1-4c35-a594-c7ab9f56a53f,ACKNOWLEDGED,ACK,827,0,""
1519.997,sender,afd52c65-5ce1-4c35-a594-c7ab9f56a53f,CONFIRM_DATA,ACK,827,1024,"unique file bytes acknowledged"
1520.000,sender,afd52c65-5ce1-4c35-a594-c7ab9f56a53f,RTT_SAMPLE,ACK,827,0,"63.638300"
1520.008,sender,afd52c65-5ce1-4c35-a594-c7ab9f56a53f,RECEIVE,ACK,809,36,""
1520.013,sender,afd52c65-5ce1-4c35-a594-c7ab9f56a53f,ACKNOWLEDGED,ACK,809,0,""
1520.030,sender,afd52c65-5ce1-4c35-a594-c7ab9f56a53f,CONFIRM_DATA,ACK,809,1024,"unique file bytes acknowledged"
1520.034,sender,afd52c65-5ce1-4c35-a594-c7ab9f56a53f,RTT_SAMPLE,ACK,809,0,"79.795300"
1520.042,sender,afd52c65-5ce1-4c35-a594-c7ab9f56a53f,RECEIVE,ACK,805,36,""
1520.046,sender,afd52c65-5ce1-4c35-a594-c7ab9f56a53f,ACKNOWLEDGED,ACK,805,0,""
1520.050,sender,afd52c65-5ce1-4c35-a594-c7ab9f56a53f,CONFIRM_DATA,ACK,805,1024,"unique file bytes acknowledged"
1520.053,sender,afd52c65-5ce1-4c35-a594-c7ab9f56a53f,RTT_SAMPLE,ACK,805,0,"79.826400"
1520.249,sender,afd52c65-5ce1-4c35-a594-c7ab9f56a53f,RECEIVE,ACK,815,36,""
1520.270,sender,afd52c65-5ce1-4c35-a594-c7ab9f56a53f,ACKNOWLEDGED,ACK,815,0,""
1520.273,sender,afd52c65-5ce1-4c35-a594-c7ab9f56a53f,CONFIRM_DATA,ACK,815,1024,"unique file bytes acknowledged"
1520.277,sender,afd52c65-5ce1-4c35-a594-c7ab9f56a53f,RTT_SAMPLE,ACK,815,0,"80.023000"
1520.286,sender,afd52c65-5ce1-4c35-a594-c7ab9f56a53f,RECEIVE,ACK,835,36,""
1520.289,sender,afd52c65-5ce1-4c35-a594-c7ab9f56a53f,ACKNOWLEDGED,ACK,835,0,""
1520.291,sender,afd52c65-5ce1-4c35-a594-c7ab9f56a53f,CONFIRM_DATA,ACK,835,1024,"unique file bytes acknowledged"
1520.294,sender,afd52c65-5ce1-4c35-a594-c7ab9f56a53f,RTT_SAMPLE,ACK,835,0,"63.588900"
1520.301,sender,afd52c65-5ce1-4c35-a594-c7ab9f56a53f,RECEIVE,ACK,804,36,""
1520.312,sender,afd52c65-5ce1-4c35-a594-c7ab9f56a53f,ACKNOWLEDGED,ACK,804,0,""
1520.314,sender,afd52c65-5ce1-4c35-a594-c7ab9f56a53f,CONFIRM_DATA,ACK,804,1024,"unique file bytes acknowledged"
1520.317,sender,afd52c65-5ce1-4c35-a594-c7ab9f56a53f,RTT_SAMPLE,ACK,804,0,"95.892600"
1520.321,sender,afd52c65-5ce1-4c35-a594-c7ab9f56a53f,SEND,DATA,868,1060,""
1520.326,sender,afd52c65-5ce1-4c35-a594-c7ab9f56a53f,SEND,DATA,869,1060,""
1535.125,sender,afd52c65-5ce1-4c35-a594-c7ab9f56a53f,EMIT,DATA,845,1060,""
1535.152,sender,afd52c65-5ce1-4c35-a594-c7ab9f56a53f,RECEIVE,ACK,816,36,""
1535.173,sender,afd52c65-5ce1-4c35-a594-c7ab9f56a53f,EMIT,DATA,846,1060,""
1535.177,sender,afd52c65-5ce1-4c35-a594-c7ab9f56a53f,ACKNOWLEDGED,ACK,816,0,""
1535.185,sender,afd52c65-5ce1-4c35-a594-c7ab9f56a53f,CONFIRM_DATA,ACK,816,1024,"unique file bytes acknowledged"
1535.197,sender,afd52c65-5ce1-4c35-a594-c7ab9f56a53f,RTT_SAMPLE,ACK,816,0,"94.937800"
1535.302,sender,afd52c65-5ce1-4c35-a594-c7ab9f56a53f,RECEIVE,ACK,820,36,""
1535.362,sender,afd52c65-5ce1-4c35-a594-c7ab9f56a53f,ACKNOWLEDGED,ACK,820,0,""
1535.366,sender,afd52c65-5ce1-4c35-a594-c7ab9f56a53f,CONFIRM_DATA,ACK,820,1024,"unique file bytes acknowledged"
1535.372,sender,afd52c65-5ce1-4c35-a594-c7ab9f56a53f,RTT_SAMPLE,ACK,820,0,"95.038600"
1535.390,sender,afd52c65-5ce1-4c35-a594-c7ab9f56a53f,RECEIVE,ACK,818,36,""
1535.393,sender,afd52c65-5ce1-4c35-a594-c7ab9f56a53f,ACKNOWLEDGED,ACK,818,0,""
1535.396,sender,afd52c65-5ce1-4c35-a594-c7ab9f56a53f,CONFIRM_DATA,ACK,818,1024,"unique file bytes acknowledged"
1535.400,sender,afd52c65-5ce1-4c35-a594-c7ab9f56a53f,RTT_SAMPLE,ACK,818,0,"95.104100"
1535.406,sender,afd52c65-5ce1-4c35-a594-c7ab9f56a53f,RECEIVE,ACK,842,36,""
1535.410,sender,afd52c65-5ce1-4c35-a594-c7ab9f56a53f,ACKNOWLEDGED,ACK,842,0,""
1535.412,sender,afd52c65-5ce1-4c35-a594-c7ab9f56a53f,CONFIRM_DATA,ACK,842,1024,"unique file bytes acknowledged"
1535.416,sender,afd52c65-5ce1-4c35-a594-c7ab9f56a53f,RTT_SAMPLE,ACK,842,0,"63.210000"
1535.423,sender,afd52c65-5ce1-4c35-a594-c7ab9f56a53f,RECEIVE,ACK,822,36,""
1535.426,sender,afd52c65-5ce1-4c35-a594-c7ab9f56a53f,ACKNOWLEDGED,ACK,822,0,""
1535.429,sender,afd52c65-5ce1-4c35-a594-c7ab9f56a53f,CONFIRM_DATA,ACK,822,1024,"unique file bytes acknowledged"
1535.433,sender,afd52c65-5ce1-4c35-a594-c7ab9f56a53f,RTT_SAMPLE,ACK,822,0,"79.114000"
1535.439,sender,afd52c65-5ce1-4c35-a594-c7ab9f56a53f,RECEIVE,ACK,831,36,""
1535.442,sender,afd52c65-5ce1-4c35-a594-c7ab9f56a53f,ACKNOWLEDGED,ACK,831,0,""
1535.445,sender,afd52c65-5ce1-4c35-a594-c7ab9f56a53f,CONFIRM_DATA,ACK,831,1024,"unique file bytes acknowledged"
1535.449,sender,afd52c65-5ce1-4c35-a594-c7ab9f56a53f,RTT_SAMPLE,ACK,831,0,"79.054000"
1535.455,sender,afd52c65-5ce1-4c35-a594-c7ab9f56a53f,RECEIVE,ACK,828,36,""
1535.458,sender,afd52c65-5ce1-4c35-a594-c7ab9f56a53f,ACKNOWLEDGED,ACK,828,0,""
1535.461,sender,afd52c65-5ce1-4c35-a594-c7ab9f56a53f,CONFIRM_DATA,ACK,828,1024,"unique file bytes acknowledged"
1535.464,sender,afd52c65-5ce1-4c35-a594-c7ab9f56a53f,RTT_SAMPLE,ACK,828,0,"79.094100"
1535.471,sender,afd52c65-5ce1-4c35-a594-c7ab9f56a53f,RECEIVE,ACK,832,36,""
1535.474,sender,afd52c65-5ce1-4c35-a594-c7ab9f56a53f,ACKNOWLEDGED,ACK,832,0,""
1535.477,sender,afd52c65-5ce1-4c35-a594-c7ab9f56a53f,CONFIRM_DATA,ACK,832,1024,"unique file bytes acknowledged"
1535.480,sender,afd52c65-5ce1-4c35-a594-c7ab9f56a53f,RTT_SAMPLE,ACK,832,0,"79.077600"
1550.469,sender,afd52c65-5ce1-4c35-a594-c7ab9f56a53f,EMIT,DATA,867,1060,""
1550.497,sender,afd52c65-5ce1-4c35-a594-c7ab9f56a53f,EMIT,DATA,868,1060,""
1550.517,sender,afd52c65-5ce1-4c35-a594-c7ab9f56a53f,EMIT,DATA,855,1060,""
1550.527,sender,afd52c65-5ce1-4c35-a594-c7ab9f56a53f,EMIT,DATA,866,1060,""
1550.614,sender,afd52c65-5ce1-4c35-a594-c7ab9f56a53f,RECEIVE,ACK,819,36,""
1550.630,sender,afd52c65-5ce1-4c35-a594-c7ab9f56a53f,ACKNOWLEDGED,ACK,819,0,""
1550.636,sender,afd52c65-5ce1-4c35-a594-c7ab9f56a53f,CONFIRM_DATA,ACK,819,1024,"unique file bytes acknowledged"
1550.644,sender,afd52c65-5ce1-4c35-a594-c7ab9f56a53f,RTT_SAMPLE,ACK,819,0,"110.343300"
1550.667,sender,afd52c65-5ce1-4c35-a594-c7ab9f56a53f,RECEIVE,ACK,814,36,""
1550.683,sender,afd52c65-5ce1-4c35-a594-c7ab9f56a53f,ACKNOWLEDGED,ACK,814,0,""
1550.688,sender,afd52c65-5ce1-4c35-a594-c7ab9f56a53f,CONFIRM_DATA,ACK,814,1024,"unique file bytes acknowledged"
1550.693,sender,afd52c65-5ce1-4c35-a594-c7ab9f56a53f,RTT_SAMPLE,ACK,814,0,"110.442100"
1550.705,sender,afd52c65-5ce1-4c35-a594-c7ab9f56a53f,RECEIVE,ACK,808,36,""
1550.711,sender,afd52c65-5ce1-4c35-a594-c7ab9f56a53f,ACKNOWLEDGED,ACK,808,0,""
1550.715,sender,afd52c65-5ce1-4c35-a594-c7ab9f56a53f,CONFIRM_DATA,ACK,808,1024,"unique file bytes acknowledged"
1550.720,sender,afd52c65-5ce1-4c35-a594-c7ab9f56a53f,RTT_SAMPLE,ACK,808,0,"110.484100"
1550.732,sender,afd52c65-5ce1-4c35-a594-c7ab9f56a53f,RECEIVE,ACK,823,36,""
1550.737,sender,afd52c65-5ce1-4c35-a594-c7ab9f56a53f,ACKNOWLEDGED,ACK,823,0,""
1550.741,sender,afd52c65-5ce1-4c35-a594-c7ab9f56a53f,CONFIRM_DATA,ACK,823,1024,"unique file bytes acknowledged"
1550.747,sender,afd52c65-5ce1-4c35-a594-c7ab9f56a53f,RTT_SAMPLE,ACK,823,0,"94.417100"
1550.758,sender,afd52c65-5ce1-4c35-a594-c7ab9f56a53f,RECEIVE,ACK,840,36,""
1550.763,sender,afd52c65-5ce1-4c35-a594-c7ab9f56a53f,ACKNOWLEDGED,ACK,840,0,""
1550.767,sender,afd52c65-5ce1-4c35-a594-c7ab9f56a53f,CONFIRM_DATA,ACK,840,1024,"unique file bytes acknowledged"
1550.772,sender,afd52c65-5ce1-4c35-a594-c7ab9f56a53f,RTT_SAMPLE,ACK,840,0,"78.901000"
1550.784,sender,afd52c65-5ce1-4c35-a594-c7ab9f56a53f,RECEIVE,ACK,817,36,""
1550.789,sender,afd52c65-5ce1-4c35-a594-c7ab9f56a53f,ACKNOWLEDGED,ACK,817,0,""
1550.793,sender,afd52c65-5ce1-4c35-a594-c7ab9f56a53f,CONFIRM_DATA,ACK,817,1024,"unique file bytes acknowledged"
1550.798,sender,afd52c65-5ce1-4c35-a594-c7ab9f56a53f,RTT_SAMPLE,ACK,817,0,"110.504800"
1550.809,sender,afd52c65-5ce1-4c35-a594-c7ab9f56a53f,RECEIVE,ACK,813,36,""
1550.814,sender,afd52c65-5ce1-4c35-a594-c7ab9f56a53f,ACKNOWLEDGED,ACK,813,0,""
1550.818,sender,afd52c65-5ce1-4c35-a594-c7ab9f56a53f,CONFIRM_DATA,ACK,813,1024,"unique file bytes acknowledged"
1550.823,sender,afd52c65-5ce1-4c35-a594-c7ab9f56a53f,RTT_SAMPLE,ACK,813,0,"110.574400"
1550.834,sender,afd52c65-5ce1-4c35-a594-c7ab9f56a53f,RECEIVE,ACK,806,36,""
1550.839,sender,afd52c65-5ce1-4c35-a594-c7ab9f56a53f,ACKNOWLEDGED,ACK,806,0,""
1550.843,sender,afd52c65-5ce1-4c35-a594-c7ab9f56a53f,CONFIRM_DATA,ACK,806,1024,"unique file bytes acknowledged"
1550.852,sender,afd52c65-5ce1-4c35-a594-c7ab9f56a53f,RTT_SAMPLE,ACK,806,0,"110.621300"
1550.857,sender,afd52c65-5ce1-4c35-a594-c7ab9f56a53f,SEND,DATA,870,1060,""
1550.862,sender,afd52c65-5ce1-4c35-a594-c7ab9f56a53f,SEND,DATA,871,1060,""
1550.867,sender,afd52c65-5ce1-4c35-a594-c7ab9f56a53f,SEND,DATA,872,1060,""
1550.871,sender,afd52c65-5ce1-4c35-a594-c7ab9f56a53f,SEND,DATA,873,1060,""
1550.874,sender,afd52c65-5ce1-4c35-a594-c7ab9f56a53f,SEND,DATA,874,1060,""
1550.878,sender,afd52c65-5ce1-4c35-a594-c7ab9f56a53f,SEND,DATA,875,1060,""
1550.882,sender,afd52c65-5ce1-4c35-a594-c7ab9f56a53f,SEND,DATA,876,1060,""
1550.886,sender,afd52c65-5ce1-4c35-a594-c7ab9f56a53f,SEND,DATA,877,1060,""
1550.890,sender,afd52c65-5ce1-4c35-a594-c7ab9f56a53f,SEND,DATA,878,1060,""
1550.894,sender,afd52c65-5ce1-4c35-a594-c7ab9f56a53f,SEND,DATA,879,1060,""
1550.898,sender,afd52c65-5ce1-4c35-a594-c7ab9f56a53f,SEND,DATA,880,1060,""
1550.902,sender,afd52c65-5ce1-4c35-a594-c7ab9f56a53f,SEND,DATA,881,1060,""
1550.906,sender,afd52c65-5ce1-4c35-a594-c7ab9f56a53f,SEND,DATA,882,1060,""
1550.910,sender,afd52c65-5ce1-4c35-a594-c7ab9f56a53f,SEND,DATA,883,1060,""
1550.913,sender,afd52c65-5ce1-4c35-a594-c7ab9f56a53f,SEND,DATA,884,1060,""
1550.917,sender,afd52c65-5ce1-4c35-a594-c7ab9f56a53f,SEND,DATA,885,1060,""
1550.921,sender,afd52c65-5ce1-4c35-a594-c7ab9f56a53f,SEND,DATA,886,1060,""
1550.925,sender,afd52c65-5ce1-4c35-a594-c7ab9f56a53f,SEND,DATA,887,1060,""
1550.934,sender,afd52c65-5ce1-4c35-a594-c7ab9f56a53f,RECEIVE,ACK,834,36,""
1550.938,sender,afd52c65-5ce1-4c35-a594-c7ab9f56a53f,ACKNOWLEDGED,ACK,834,0,""
1550.953,sender,afd52c65-5ce1-4c35-a594-c7ab9f56a53f,CONFIRM_DATA,ACK,834,1024,"unique file bytes acknowledged"
1550.956,sender,afd52c65-5ce1-4c35-a594-c7ab9f56a53f,RTT_SAMPLE,ACK,834,0,"94.337300"
1550.964,sender,afd52c65-5ce1-4c35-a594-c7ab9f56a53f,RECEIVE,ACK,833,36,""
1550.968,sender,afd52c65-5ce1-4c35-a594-c7ab9f56a53f,ACKNOWLEDGED,ACK,833,0,""
1550.971,sender,afd52c65-5ce1-4c35-a594-c7ab9f56a53f,CONFIRM_DATA,ACK,833,1024,"unique file bytes acknowledged"
1550.975,sender,afd52c65-5ce1-4c35-a594-c7ab9f56a53f,RTT_SAMPLE,ACK,833,0,"94.564600"
1550.983,sender,afd52c65-5ce1-4c35-a594-c7ab9f56a53f,RECEIVE,ACK,830,36,""
1550.987,sender,afd52c65-5ce1-4c35-a594-c7ab9f56a53f,ACKNOWLEDGED,ACK,830,0,""
1550.990,sender,afd52c65-5ce1-4c35-a594-c7ab9f56a53f,CONFIRM_DATA,ACK,830,1024,"unique file bytes acknowledged"
1550.994,sender,afd52c65-5ce1-4c35-a594-c7ab9f56a53f,RTT_SAMPLE,ACK,830,0,"94.607300"
1551.002,sender,afd52c65-5ce1-4c35-a594-c7ab9f56a53f,RECEIVE,ACK,841,36,""
1551.007,sender,afd52c65-5ce1-4c35-a594-c7ab9f56a53f,ACKNOWLEDGED,ACK,841,0,""
1551.073,sender,afd52c65-5ce1-4c35-a594-c7ab9f56a53f,CONFIRM_DATA,ACK,841,1024,"unique file bytes acknowledged"
1551.079,sender,afd52c65-5ce1-4c35-a594-c7ab9f56a53f,RTT_SAMPLE,ACK,841,0,"79.191800"
1551.090,sender,afd52c65-5ce1-4c35-a594-c7ab9f56a53f,RECEIVE,ACK,844,36,""
1551.094,sender,afd52c65-5ce1-4c35-a594-c7ab9f56a53f,ACKNOWLEDGED,ACK,844,0,""
1551.097,sender,afd52c65-5ce1-4c35-a594-c7ab9f56a53f,CONFIRM_DATA,ACK,844,1024,"unique file bytes acknowledged"
1551.101,sender,afd52c65-5ce1-4c35-a594-c7ab9f56a53f,RTT_SAMPLE,ACK,844,0,"78.623300"
1551.110,sender,afd52c65-5ce1-4c35-a594-c7ab9f56a53f,RECEIVE,ACK,843,36,""
1551.116,sender,afd52c65-5ce1-4c35-a594-c7ab9f56a53f,ACKNOWLEDGED,ACK,843,0,""
1551.119,sender,afd52c65-5ce1-4c35-a594-c7ab9f56a53f,CONFIRM_DATA,ACK,843,1024,"unique file bytes acknowledged"
1551.123,sender,afd52c65-5ce1-4c35-a594-c7ab9f56a53f,RTT_SAMPLE,ACK,843,0,"78.650000"
1551.133,sender,afd52c65-5ce1-4c35-a594-c7ab9f56a53f,RECEIVE,ACK,826,36,""
1551.137,sender,afd52c65-5ce1-4c35-a594-c7ab9f56a53f,ACKNOWLEDGED,ACK,826,0,""
1551.140,sender,afd52c65-5ce1-4c35-a594-c7ab9f56a53f,CONFIRM_DATA,ACK,826,1024,"unique file bytes acknowledged"
1551.145,sender,afd52c65-5ce1-4c35-a594-c7ab9f56a53f,RTT_SAMPLE,ACK,826,0,"94.790800"
1565.340,sender,afd52c65-5ce1-4c35-a594-c7ab9f56a53f,EMIT,DATA,847,1060,""
1565.361,sender,afd52c65-5ce1-4c35-a594-c7ab9f56a53f,RECEIVE,ACK,825,36,""
1565.376,sender,afd52c65-5ce1-4c35-a594-c7ab9f56a53f,EMIT,DATA,849,1060,""
1565.380,sender,afd52c65-5ce1-4c35-a594-c7ab9f56a53f,ACKNOWLEDGED,ACK,825,0,""
1565.386,sender,afd52c65-5ce1-4c35-a594-c7ab9f56a53f,EMIT,DATA,853,1060,""
1565.389,sender,afd52c65-5ce1-4c35-a594-c7ab9f56a53f,CONFIRM_DATA,ACK,825,1024,"unique file bytes acknowledged"
1565.395,sender,afd52c65-5ce1-4c35-a594-c7ab9f56a53f,EMIT,DATA,864,1060,""
1565.400,sender,afd52c65-5ce1-4c35-a594-c7ab9f56a53f,RTT_SAMPLE,ACK,825,0,"109.049900"
1565.406,sender,afd52c65-5ce1-4c35-a594-c7ab9f56a53f,EMIT,DATA,869,1060,""
1565.415,sender,afd52c65-5ce1-4c35-a594-c7ab9f56a53f,RECEIVE,ACK,836,36,""
1565.421,sender,afd52c65-5ce1-4c35-a594-c7ab9f56a53f,EMIT,DATA,852,1060,""
1565.423,sender,afd52c65-5ce1-4c35-a594-c7ab9f56a53f,ACKNOWLEDGED,ACK,836,0,""
1565.428,sender,afd52c65-5ce1-4c35-a594-c7ab9f56a53f,CONFIRM_DATA,ACK,836,1024,"unique file bytes acknowledged"
1565.433,sender,afd52c65-5ce1-4c35-a594-c7ab9f56a53f,EMIT,DATA,858,1060,""
1565.437,sender,afd52c65-5ce1-4c35-a594-c7ab9f56a53f,RTT_SAMPLE,ACK,836,0,"93.593600"
1565.442,sender,afd52c65-5ce1-4c35-a594-c7ab9f56a53f,EMIT,DATA,850,1060,""
1565.450,sender,afd52c65-5ce1-4c35-a594-c7ab9f56a53f,EMIT,DATA,865,1060,""
1565.453,sender,afd52c65-5ce1-4c35-a594-c7ab9f56a53f,RECEIVE,ACK,837,36,""
1565.458,sender,afd52c65-5ce1-4c35-a594-c7ab9f56a53f,ACKNOWLEDGED,ACK,837,0,""
1565.463,sender,afd52c65-5ce1-4c35-a594-c7ab9f56a53f,EMIT,DATA,860,1060,""
1565.465,sender,afd52c65-5ce1-4c35-a594-c7ab9f56a53f,CONFIRM_DATA,ACK,837,1024,"unique file bytes acknowledged"
1565.470,sender,afd52c65-5ce1-4c35-a594-c7ab9f56a53f,EMIT,DATA,861,1060,""
1565.474,sender,afd52c65-5ce1-4c35-a594-c7ab9f56a53f,RTT_SAMPLE,ACK,837,0,"93.619100"
1565.484,sender,afd52c65-5ce1-4c35-a594-c7ab9f56a53f,EMIT,DATA,856,1060,""
1565.491,sender,afd52c65-5ce1-4c35-a594-c7ab9f56a53f,RECEIVE,ACK,829,36,""
1565.496,sender,afd52c65-5ce1-4c35-a594-c7ab9f56a53f,EMIT,DATA,863,1060,""
1565.503,sender,afd52c65-5ce1-4c35-a594-c7ab9f56a53f,ACKNOWLEDGED,ACK,829,0,""
1565.507,sender,afd52c65-5ce1-4c35-a594-c7ab9f56a53f,EMIT,DATA,857,1060,""
1565.510,sender,afd52c65-5ce1-4c35-a594-c7ab9f56a53f,CONFIRM_DATA,ACK,829,1024,"unique file bytes acknowledged"
1565.515,sender,afd52c65-5ce1-4c35-a594-c7ab9f56a53f,EMIT,DATA,851,1060,""
1565.518,sender,afd52c65-5ce1-4c35-a594-c7ab9f56a53f,RTT_SAMPLE,ACK,829,0,"109.136800"
1565.524,sender,afd52c65-5ce1-4c35-a594-c7ab9f56a53f,EMIT,DATA,854,1060,""
1565.530,sender,afd52c65-5ce1-4c35-a594-c7ab9f56a53f,RECEIVE,ACK,824,36,""
1565.535,sender,afd52c65-5ce1-4c35-a594-c7ab9f56a53f,ACKNOWLEDGED,ACK,824,0,""
1565.540,sender,afd52c65-5ce1-4c35-a594-c7ab9f56a53f,CONFIRM_DATA,ACK,824,1024,"unique file bytes acknowledged"
1565.546,sender,afd52c65-5ce1-4c35-a594-c7ab9f56a53f,RTT_SAMPLE,ACK,824,0,"109.207600"
1565.553,sender,afd52c65-5ce1-4c35-a594-c7ab9f56a53f,SEND,DATA,888,1060,""
1565.560,sender,afd52c65-5ce1-4c35-a594-c7ab9f56a53f,SEND,DATA,889,1060,""
1565.566,sender,afd52c65-5ce1-4c35-a594-c7ab9f56a53f,SEND,DATA,890,1060,""
1565.571,sender,afd52c65-5ce1-4c35-a594-c7ab9f56a53f,SEND,DATA,891,1060,""
1565.577,sender,afd52c65-5ce1-4c35-a594-c7ab9f56a53f,SEND,DATA,892,1060,""
1565.582,sender,afd52c65-5ce1-4c35-a594-c7ab9f56a53f,SEND,DATA,893,1060,""
1565.588,sender,afd52c65-5ce1-4c35-a594-c7ab9f56a53f,SEND,DATA,894,1060,""
1565.593,sender,afd52c65-5ce1-4c35-a594-c7ab9f56a53f,SEND,DATA,895,1060,""
1565.599,sender,afd52c65-5ce1-4c35-a594-c7ab9f56a53f,SEND,DATA,896,1060,""
1565.604,sender,afd52c65-5ce1-4c35-a594-c7ab9f56a53f,SEND,DATA,897,1060,""
1565.610,sender,afd52c65-5ce1-4c35-a594-c7ab9f56a53f,SEND,DATA,898,1060,""
1565.615,sender,afd52c65-5ce1-4c35-a594-c7ab9f56a53f,SEND,DATA,899,1060,""
1565.621,sender,afd52c65-5ce1-4c35-a594-c7ab9f56a53f,SEND,DATA,900,1060,""
1565.626,sender,afd52c65-5ce1-4c35-a594-c7ab9f56a53f,SEND,DATA,901,1060,""
1565.635,sender,afd52c65-5ce1-4c35-a594-c7ab9f56a53f,RECEIVE,ACK,838,36,""
1565.640,sender,afd52c65-5ce1-4c35-a594-c7ab9f56a53f,ACKNOWLEDGED,ACK,838,0,""
1565.645,sender,afd52c65-5ce1-4c35-a594-c7ab9f56a53f,CONFIRM_DATA,ACK,838,1024,"unique file bytes acknowledged"
1565.651,sender,afd52c65-5ce1-4c35-a594-c7ab9f56a53f,RTT_SAMPLE,ACK,838,0,"93.791000"
1565.658,sender,afd52c65-5ce1-4c35-a594-c7ab9f56a53f,SEND,DATA,902,1060,""
1565.667,sender,afd52c65-5ce1-4c35-a594-c7ab9f56a53f,RECEIVE,ACK,839,36,""
1565.672,sender,afd52c65-5ce1-4c35-a594-c7ab9f56a53f,ACKNOWLEDGED,ACK,839,0,""
1565.677,sender,afd52c65-5ce1-4c35-a594-c7ab9f56a53f,CONFIRM_DATA,ACK,839,1024,"unique file bytes acknowledged"
1565.683,sender,afd52c65-5ce1-4c35-a594-c7ab9f56a53f,RTT_SAMPLE,ACK,839,0,"93.816600"
1565.689,sender,afd52c65-5ce1-4c35-a594-c7ab9f56a53f,SEND,DATA,903,1060,""
1565.695,sender,afd52c65-5ce1-4c35-a594-c7ab9f56a53f,SEND,DATA,904,1060,""
1565.700,sender,afd52c65-5ce1-4c35-a594-c7ab9f56a53f,SEND,DATA,905,1060,""
1565.707,sender,afd52c65-5ce1-4c35-a594-c7ab9f56a53f,SEND,DATA,906,1060,""
1565.712,sender,afd52c65-5ce1-4c35-a594-c7ab9f56a53f,SEND,DATA,907,1060,""
1565.717,sender,afd52c65-5ce1-4c35-a594-c7ab9f56a53f,SEND,DATA,908,1060,""
1581.782,sender,afd52c65-5ce1-4c35-a594-c7ab9f56a53f,EMIT,DATA,848,1060,""
1581.807,sender,afd52c65-5ce1-4c35-a594-c7ab9f56a53f,EMIT,DATA,859,1060,""
1581.816,sender,afd52c65-5ce1-4c35-a594-c7ab9f56a53f,EMIT,DATA,862,1060,""
1581.824,sender,afd52c65-5ce1-4c35-a594-c7ab9f56a53f,EMIT,DATA,884,1060,""
1581.831,sender,afd52c65-5ce1-4c35-a594-c7ab9f56a53f,EMIT,DATA,872,1060,""
1581.837,sender,afd52c65-5ce1-4c35-a594-c7ab9f56a53f,EMIT,DATA,875,1060,""
1581.857,sender,afd52c65-5ce1-4c35-a594-c7ab9f56a53f,EMIT,DATA,874,1060,""
1581.863,sender,afd52c65-5ce1-4c35-a594-c7ab9f56a53f,EMIT,DATA,882,1060,""
1581.871,sender,afd52c65-5ce1-4c35-a594-c7ab9f56a53f,EMIT,DATA,885,1060,""
1581.946,sender,afd52c65-5ce1-4c35-a594-c7ab9f56a53f,RECEIVE,ACK,845,36,""
1581.960,sender,afd52c65-5ce1-4c35-a594-c7ab9f56a53f,ACKNOWLEDGED,ACK,845,0,""
1581.963,sender,afd52c65-5ce1-4c35-a594-c7ab9f56a53f,CONFIRM_DATA,ACK,845,1024,"unique file bytes acknowledged"
1581.967,sender,afd52c65-5ce1-4c35-a594-c7ab9f56a53f,RTT_SAMPLE,ACK,845,0,"93.368500"
1581.973,sender,afd52c65-5ce1-4c35-a594-c7ab9f56a53f,SEND,DATA,909,1060,""
1581.982,sender,afd52c65-5ce1-4c35-a594-c7ab9f56a53f,RECEIVE,ACK,868,36,""
1581.985,sender,afd52c65-5ce1-4c35-a594-c7ab9f56a53f,ACKNOWLEDGED,ACK,868,0,""
1581.987,sender,afd52c65-5ce1-4c35-a594-c7ab9f56a53f,CONFIRM_DATA,ACK,868,1024,"unique file bytes acknowledged"
1581.989,sender,afd52c65-5ce1-4c35-a594-c7ab9f56a53f,RTT_SAMPLE,ACK,868,0,"61.668300"
1581.994,sender,afd52c65-5ce1-4c35-a594-c7ab9f56a53f,RECEIVE,ACK,867,36,""
1581.996,sender,afd52c65-5ce1-4c35-a594-c7ab9f56a53f,ACKNOWLEDGED,ACK,867,0,""
1582.039,sender,afd52c65-5ce1-4c35-a594-c7ab9f56a53f,CONFIRM_DATA,ACK,867,1024,"unique file bytes acknowledged"
1582.042,sender,afd52c65-5ce1-4c35-a594-c7ab9f56a53f,RTT_SAMPLE,ACK,867,0,"62.120500"
1582.054,sender,afd52c65-5ce1-4c35-a594-c7ab9f56a53f,RECEIVE,ACK,866,36,""
1582.065,sender,afd52c65-5ce1-4c35-a594-c7ab9f56a53f,ACKNOWLEDGED,ACK,866,0,""
1582.067,sender,afd52c65-5ce1-4c35-a594-c7ab9f56a53f,CONFIRM_DATA,ACK,866,1024,"unique file bytes acknowledged"
1582.070,sender,afd52c65-5ce1-4c35-a594-c7ab9f56a53f,RTT_SAMPLE,ACK,866,0,"62.151900"
1597.476,sender,afd52c65-5ce1-4c35-a594-c7ab9f56a53f,EMIT,DATA,887,1060,""
1597.532,sender,afd52c65-5ce1-4c35-a594-c7ab9f56a53f,EMIT,DATA,870,1060,""
1597.541,sender,afd52c65-5ce1-4c35-a594-c7ab9f56a53f,EMIT,DATA,880,1060,""
1597.548,sender,afd52c65-5ce1-4c35-a594-c7ab9f56a53f,EMIT,DATA,876,1060,""
1597.555,sender,afd52c65-5ce1-4c35-a594-c7ab9f56a53f,EMIT,DATA,877,1060,""
1597.562,sender,afd52c65-5ce1-4c35-a594-c7ab9f56a53f,EMIT,DATA,879,1060,""
1597.597,sender,afd52c65-5ce1-4c35-a594-c7ab9f56a53f,EMIT,DATA,886,1060,""
1597.605,sender,afd52c65-5ce1-4c35-a594-c7ab9f56a53f,EMIT,DATA,898,1060,""
1597.613,sender,afd52c65-5ce1-4c35-a594-c7ab9f56a53f,EMIT,DATA,891,1060,""
1597.628,sender,afd52c65-5ce1-4c35-a594-c7ab9f56a53f,EMIT,DATA,883,1060,""
1597.637,sender,afd52c65-5ce1-4c35-a594-c7ab9f56a53f,EMIT,DATA,893,1060,""
1597.646,sender,afd52c65-5ce1-4c35-a594-c7ab9f56a53f,EMIT,DATA,881,1060,""
1597.655,sender,afd52c65-5ce1-4c35-a594-c7ab9f56a53f,EMIT,DATA,895,1060,""
1597.662,sender,afd52c65-5ce1-4c35-a594-c7ab9f56a53f,EMIT,DATA,902,1060,""
1597.670,sender,afd52c65-5ce1-4c35-a594-c7ab9f56a53f,EMIT,DATA,888,1060,""
1597.680,sender,afd52c65-5ce1-4c35-a594-c7ab9f56a53f,EMIT,DATA,890,1060,""
1597.744,sender,afd52c65-5ce1-4c35-a594-c7ab9f56a53f,RECEIVE,ACK,846,36,""
1597.759,sender,afd52c65-5ce1-4c35-a594-c7ab9f56a53f,ACKNOWLEDGED,ACK,846,0,""
1597.764,sender,afd52c65-5ce1-4c35-a594-c7ab9f56a53f,CONFIRM_DATA,ACK,846,1024,"unique file bytes acknowledged"
1597.772,sender,afd52c65-5ce1-4c35-a594-c7ab9f56a53f,RTT_SAMPLE,ACK,846,0,"109.167100"
1597.781,sender,afd52c65-5ce1-4c35-a594-c7ab9f56a53f,SEND,DATA,910,1060,""
1597.804,sender,afd52c65-5ce1-4c35-a594-c7ab9f56a53f,RECEIVE,ACK,855,36,""
1597.808,sender,afd52c65-5ce1-4c35-a594-c7ab9f56a53f,ACKNOWLEDGED,ACK,855,0,""
1597.812,sender,afd52c65-5ce1-4c35-a594-c7ab9f56a53f,CONFIRM_DATA,ACK,855,1024,"unique file bytes acknowledged"
1597.816,sender,afd52c65-5ce1-4c35-a594-c7ab9f56a53f,RTT_SAMPLE,ACK,855,0,"77.949100"
1597.826,sender,afd52c65-5ce1-4c35-a594-c7ab9f56a53f,RECEIVE,ACK,858,36,""
1597.830,sender,afd52c65-5ce1-4c35-a594-c7ab9f56a53f,ACKNOWLEDGED,ACK,858,0,""
1597.833,sender,afd52c65-5ce1-4c35-a594-c7ab9f56a53f,CONFIRM_DATA,ACK,858,1024,"unique file bytes acknowledged"
1597.838,sender,afd52c65-5ce1-4c35-a594-c7ab9f56a53f,RTT_SAMPLE,ACK,858,0,"77.958000"
1597.846,sender,afd52c65-5ce1-4c35-a594-c7ab9f56a53f,RECEIVE,ACK,865,36,""
1597.852,sender,afd52c65-5ce1-4c35-a594-c7ab9f56a53f,ACKNOWLEDGED,ACK,865,0,""
1597.856,sender,afd52c65-5ce1-4c35-a594-c7ab9f56a53f,CONFIRM_DATA,ACK,865,1024,"unique file bytes acknowledged"
1597.861,sender,afd52c65-5ce1-4c35-a594-c7ab9f56a53f,RTT_SAMPLE,ACK,865,0,"77.952100"
1597.873,sender,afd52c65-5ce1-4c35-a594-c7ab9f56a53f,RECEIVE,ACK,860,36,""
1597.878,sender,afd52c65-5ce1-4c35-a594-c7ab9f56a53f,ACKNOWLEDGED,ACK,860,0,""
1597.882,sender,afd52c65-5ce1-4c35-a594-c7ab9f56a53f,CONFIRM_DATA,ACK,860,1024,"unique file bytes acknowledged"
1597.887,sender,afd52c65-5ce1-4c35-a594-c7ab9f56a53f,RTT_SAMPLE,ACK,860,0,"77.999100"
1597.899,sender,afd52c65-5ce1-4c35-a594-c7ab9f56a53f,RECEIVE,ACK,861,36,""
1597.904,sender,afd52c65-5ce1-4c35-a594-c7ab9f56a53f,ACKNOWLEDGED,ACK,861,0,""
1597.908,sender,afd52c65-5ce1-4c35-a594-c7ab9f56a53f,CONFIRM_DATA,ACK,861,1024,"unique file bytes acknowledged"
1597.913,sender,afd52c65-5ce1-4c35-a594-c7ab9f56a53f,RTT_SAMPLE,ACK,861,0,"78.020900"
1613.495,sender,afd52c65-5ce1-4c35-a594-c7ab9f56a53f,EMIT,DATA,878,1060,""
1613.527,sender,afd52c65-5ce1-4c35-a594-c7ab9f56a53f,EMIT,DATA,873,1060,""
1613.539,sender,afd52c65-5ce1-4c35-a594-c7ab9f56a53f,EMIT,DATA,899,1060,""
1613.560,sender,afd52c65-5ce1-4c35-a594-c7ab9f56a53f,RECEIVE,ACK,849,36,""
1613.578,sender,afd52c65-5ce1-4c35-a594-c7ab9f56a53f,EMIT,DATA,900,1060,""
1613.582,sender,afd52c65-5ce1-4c35-a594-c7ab9f56a53f,ACKNOWLEDGED,ACK,849,0,""
1613.589,sender,afd52c65-5ce1-4c35-a594-c7ab9f56a53f,CONFIRM_DATA,ACK,849,1024,"unique file bytes acknowledged"
1613.596,sender,afd52c65-5ce1-4c35-a594-c7ab9f56a53f,EMIT,DATA,901,1060,""
1613.603,sender,afd52c65-5ce1-4c35-a594-c7ab9f56a53f,RTT_SAMPLE,ACK,849,0,"93.754800"
1613.610,sender,afd52c65-5ce1-4c35-a594-c7ab9f56a53f,EMIT,DATA,871,1060,""
1613.627,sender,afd52c65-5ce1-4c35-a594-c7ab9f56a53f,EMIT,DATA,908,1060,""
1613.633,sender,afd52c65-5ce1-4c35-a594-c7ab9f56a53f,RECEIVE,ACK,853,36,""
1613.638,sender,afd52c65-5ce1-4c35-a594-c7ab9f56a53f,EMIT,DATA,894,1060,""
1613.642,sender,afd52c65-5ce1-4c35-a594-c7ab9f56a53f,ACKNOWLEDGED,ACK,853,0,""
1613.647,sender,afd52c65-5ce1-4c35-a594-c7ab9f56a53f,CONFIRM_DATA,ACK,853,1024,"unique file bytes acknowledged"
1613.651,sender,afd52c65-5ce1-4c35-a594-c7ab9f56a53f,EMIT,DATA,903,1060,""
1613.656,sender,afd52c65-5ce1-4c35-a594-c7ab9f56a53f,RTT_SAMPLE,ACK,853,0,"93.793600"
1613.663,sender,afd52c65-5ce1-4c35-a594-c7ab9f56a53f,EMIT,DATA,905,1060,""
1613.669,sender,afd52c65-5ce1-4c35-a594-c7ab9f56a53f,RECEIVE,ACK,869,36,""
1613.675,sender,afd52c65-5ce1-4c35-a594-c7ab9f56a53f,EMIT,DATA,889,1060,""
1613.679,sender,afd52c65-5ce1-4c35-a594-c7ab9f56a53f,ACKNOWLEDGED,ACK,869,0,""
1613.683,sender,afd52c65-5ce1-4c35-a594-c7ab9f56a53f,CONFIRM_DATA,ACK,869,1024,"unique file bytes acknowledged"
1613.688,sender,afd52c65-5ce1-4c35-a594-c7ab9f56a53f,EMIT,DATA,904,1060,""
1613.692,sender,afd52c65-5ce1-4c35-a594-c7ab9f56a53f,RTT_SAMPLE,ACK,869,0,"93.361800"
1613.698,sender,afd52c65-5ce1-4c35-a594-c7ab9f56a53f,EMIT,DATA,892,1060,""
1613.705,sender,afd52c65-5ce1-4c35-a594-c7ab9f56a53f,RECEIVE,ACK,854,36,""
1613.710,sender,afd52c65-5ce1-4c35-a594-c7ab9f56a53f,EMIT,DATA,896,1060,""
1613.713,sender,afd52c65-5ce1-4c35-a594-c7ab9f56a53f,ACKNOWLEDGED,ACK,854,0,""
1613.718,sender,afd52c65-5ce1-4c35-a594-c7ab9f56a53f,CONFIRM_DATA,ACK,854,1024,"unique file bytes acknowledged"
1613.722,sender,afd52c65-5ce1-4c35-a594-c7ab9f56a53f,EMIT,DATA,906,1060,""
1613.727,sender,afd52c65-5ce1-4c35-a594-c7ab9f56a53f,RTT_SAMPLE,ACK,854,0,"93.860000"
1613.732,sender,afd52c65-5ce1-4c35-a594-c7ab9f56a53f,EMIT,DATA,907,1060,""
1613.738,sender,afd52c65-5ce1-4c35-a594-c7ab9f56a53f,RECEIVE,ACK,851,36,""
1613.743,sender,afd52c65-5ce1-4c35-a594-c7ab9f56a53f,EMIT,DATA,909,1060,""
1613.747,sender,afd52c65-5ce1-4c35-a594-c7ab9f56a53f,ACKNOWLEDGED,ACK,851,0,""
1613.751,sender,afd52c65-5ce1-4c35-a594-c7ab9f56a53f,CONFIRM_DATA,ACK,851,1024,"unique file bytes acknowledged"
1613.756,sender,afd52c65-5ce1-4c35-a594-c7ab9f56a53f,EMIT,DATA,897,1060,""
1613.760,sender,afd52c65-5ce1-4c35-a594-c7ab9f56a53f,RTT_SAMPLE,ACK,851,0,"93.906500"
1613.772,sender,afd52c65-5ce1-4c35-a594-c7ab9f56a53f,RECEIVE,ACK,850,36,""
1613.777,sender,afd52c65-5ce1-4c35-a594-c7ab9f56a53f,ACKNOWLEDGED,ACK,850,0,""
1613.781,sender,afd52c65-5ce1-4c35-a594-c7ab9f56a53f,CONFIRM_DATA,ACK,850,1024,"unique file bytes acknowledged"
1613.786,sender,afd52c65-5ce1-4c35-a594-c7ab9f56a53f,RTT_SAMPLE,ACK,850,0,"93.940500"
1613.800,sender,afd52c65-5ce1-4c35-a594-c7ab9f56a53f,RECEIVE,ACK,857,36,""
1613.804,sender,afd52c65-5ce1-4c35-a594-c7ab9f56a53f,ACKNOWLEDGED,ACK,857,0,""
1613.808,sender,afd52c65-5ce1-4c35-a594-c7ab9f56a53f,CONFIRM_DATA,ACK,857,1024,"unique file bytes acknowledged"
1613.812,sender,afd52c65-5ce1-4c35-a594-c7ab9f56a53f,RTT_SAMPLE,ACK,857,0,"93.936900"
1613.822,sender,afd52c65-5ce1-4c35-a594-c7ab9f56a53f,RECEIVE,ACK,859,36,""
1613.826,sender,afd52c65-5ce1-4c35-a594-c7ab9f56a53f,ACKNOWLEDGED,ACK,859,0,""
1613.829,sender,afd52c65-5ce1-4c35-a594-c7ab9f56a53f,CONFIRM_DATA,ACK,859,1024,"unique file bytes acknowledged"
1613.834,sender,afd52c65-5ce1-4c35-a594-c7ab9f56a53f,RTT_SAMPLE,ACK,859,0,"93.950000"
1613.891,sender,afd52c65-5ce1-4c35-a594-c7ab9f56a53f,RECEIVE,ACK,884,36,""
1613.900,sender,afd52c65-5ce1-4c35-a594-c7ab9f56a53f,ACKNOWLEDGED,ACK,884,0,""
1613.903,sender,afd52c65-5ce1-4c35-a594-c7ab9f56a53f,CONFIRM_DATA,ACK,884,1024,"unique file bytes acknowledged"
1613.908,sender,afd52c65-5ce1-4c35-a594-c7ab9f56a53f,RTT_SAMPLE,ACK,884,0,"62.993400"
1613.916,sender,afd52c65-5ce1-4c35-a594-c7ab9f56a53f,RECEIVE,ACK,847,36,""
1613.920,sender,afd52c65-5ce1-4c35-a594-c7ab9f56a53f,ACKNOWLEDGED,ACK,847,0,""
1613.923,sender,afd52c65-5ce1-4c35-a594-c7ab9f56a53f,CONFIRM_DATA,ACK,847,1024,"unique file bytes acknowledged"
1613.927,sender,afd52c65-5ce1-4c35-a594-c7ab9f56a53f,RTT_SAMPLE,ACK,847,0,"94.098500"
1613.932,sender,afd52c65-5ce1-4c35-a594-c7ab9f56a53f,SEND,DATA,911,1060,""
1613.943,sender,afd52c65-5ce1-4c35-a594-c7ab9f56a53f,RECEIVE,ACK,852,36,""
1613.947,sender,afd52c65-5ce1-4c35-a594-c7ab9f56a53f,ACKNOWLEDGED,ACK,852,0,""
1613.950,sender,afd52c65-5ce1-4c35-a594-c7ab9f56a53f,CONFIRM_DATA,ACK,852,1024,"unique file bytes acknowledged"
1613.954,sender,afd52c65-5ce1-4c35-a594-c7ab9f56a53f,RTT_SAMPLE,ACK,852,0,"94.100000"
1629.286,sender,afd52c65-5ce1-4c35-a594-c7ab9f56a53f,EMIT,DATA,910,1060,""
1629.653,sender,afd52c65-5ce1-4c35-a594-c7ab9f56a53f,RECEIVE,ACK,864,36,""
1629.662,sender,afd52c65-5ce1-4c35-a594-c7ab9f56a53f,ACKNOWLEDGED,ACK,864,0,""
1629.664,sender,afd52c65-5ce1-4c35-a594-c7ab9f56a53f,CONFIRM_DATA,ACK,864,1024,"unique file bytes acknowledged"
1629.669,sender,afd52c65-5ce1-4c35-a594-c7ab9f56a53f,RTT_SAMPLE,ACK,864,0,"109.763200"
1629.691,sender,afd52c65-5ce1-4c35-a594-c7ab9f56a53f,RECEIVE,ACK,856,36,""
1629.693,sender,afd52c65-5ce1-4c35-a594-c7ab9f56a53f,ACKNOWLEDGED,ACK,856,0,""
1629.695,sender,afd52c65-5ce1-4c35-a594-c7ab9f56a53f,CONFIRM_DATA,ACK,856,1024,"unique file bytes acknowledged"
1629.698,sender,afd52c65-5ce1-4c35-a594-c7ab9f56a53f,RTT_SAMPLE,ACK,856,0,"109.827000"
1629.703,sender,afd52c65-5ce1-4c35-a594-c7ab9f56a53f,RECEIVE,ACK,863,36,""
1629.705,sender,afd52c65-5ce1-4c35-a594-c7ab9f56a53f,ACKNOWLEDGED,ACK,863,0,""
1629.707,sender,afd52c65-5ce1-4c35-a594-c7ab9f56a53f,CONFIRM_DATA,ACK,863,1024,"unique file bytes acknowledged"
1629.710,sender,afd52c65-5ce1-4c35-a594-c7ab9f56a53f,RTT_SAMPLE,ACK,863,0,"109.809400"
1629.714,sender,afd52c65-5ce1-4c35-a594-c7ab9f56a53f,RECEIVE,ACK,872,36,""
1629.716,sender,afd52c65-5ce1-4c35-a594-c7ab9f56a53f,ACKNOWLEDGED,ACK,872,0,""
1629.718,sender,afd52c65-5ce1-4c35-a594-c7ab9f56a53f,CONFIRM_DATA,ACK,872,1024,"unique file bytes acknowledged"
1629.721,sender,afd52c65-5ce1-4c35-a594-c7ab9f56a53f,RTT_SAMPLE,ACK,872,0,"78.853800"
1629.726,sender,afd52c65-5ce1-4c35-a594-c7ab9f56a53f,RECEIVE,ACK,882,36,""
1629.728,sender,afd52c65-5ce1-4c35-a594-c7ab9f56a53f,ACKNOWLEDGED,ACK,882,0,""
1629.734,sender,afd52c65-5ce1-4c35-a594-c7ab9f56a53f,CONFIRM_DATA,ACK,882,1024,"unique file bytes acknowledged"
1629.736,sender,afd52c65-5ce1-4c35-a594-c7ab9f56a53f,RTT_SAMPLE,ACK,882,0,"78.830200"
1629.741,sender,afd52c65-5ce1-4c35-a594-c7ab9f56a53f,RECEIVE,ACK,848,36,""
1629.743,sender,afd52c65-5ce1-4c35-a594-c7ab9f56a53f,ACKNOWLEDGED,ACK,848,0,""
1629.745,sender,afd52c65-5ce1-4c35-a594-c7ab9f56a53f,CONFIRM_DATA,ACK,848,1024,"unique file bytes acknowledged"
1629.748,sender,afd52c65-5ce1-4c35-a594-c7ab9f56a53f,RTT_SAMPLE,ACK,848,0,"109.911400"
1629.751,sender,afd52c65-5ce1-4c35-a594-c7ab9f56a53f,SEND,DATA,912,1060,""
1629.756,sender,afd52c65-5ce1-4c35-a594-c7ab9f56a53f,SEND,DATA,913,1060,""
1629.759,sender,afd52c65-5ce1-4c35-a594-c7ab9f56a53f,SEND,DATA,914,1060,""
1629.761,sender,afd52c65-5ce1-4c35-a594-c7ab9f56a53f,SEND,DATA,915,1060,""
1629.764,sender,afd52c65-5ce1-4c35-a594-c7ab9f56a53f,SEND,DATA,916,1060,""
1629.766,sender,afd52c65-5ce1-4c35-a594-c7ab9f56a53f,SEND,DATA,917,1060,""
1629.769,sender,afd52c65-5ce1-4c35-a594-c7ab9f56a53f,SEND,DATA,918,1060,""
1629.771,sender,afd52c65-5ce1-4c35-a594-c7ab9f56a53f,SEND,DATA,919,1060,""
1629.774,sender,afd52c65-5ce1-4c35-a594-c7ab9f56a53f,SEND,DATA,920,1060,""
1629.776,sender,afd52c65-5ce1-4c35-a594-c7ab9f56a53f,SEND,DATA,921,1060,""
1629.779,sender,afd52c65-5ce1-4c35-a594-c7ab9f56a53f,SEND,DATA,922,1060,""
1629.781,sender,afd52c65-5ce1-4c35-a594-c7ab9f56a53f,SEND,DATA,923,1060,""
1629.784,sender,afd52c65-5ce1-4c35-a594-c7ab9f56a53f,SEND,DATA,924,1060,""
1629.786,sender,afd52c65-5ce1-4c35-a594-c7ab9f56a53f,SEND,DATA,925,1060,""
1629.790,sender,afd52c65-5ce1-4c35-a594-c7ab9f56a53f,RECEIVE,ACK,874,36,""
1629.792,sender,afd52c65-5ce1-4c35-a594-c7ab9f56a53f,ACKNOWLEDGED,ACK,874,0,""
1629.798,sender,afd52c65-5ce1-4c35-a594-c7ab9f56a53f,CONFIRM_DATA,ACK,874,1024,"unique file bytes acknowledged"
1629.800,sender,afd52c65-5ce1-4c35-a594-c7ab9f56a53f,RTT_SAMPLE,ACK,874,0,"78.925700"
1629.805,sender,afd52c65-5ce1-4c35-a594-c7ab9f56a53f,RECEIVE,ACK,875,36,""
1629.807,sender,afd52c65-5ce1-4c35-a594-c7ab9f56a53f,ACKNOWLEDGED,ACK,875,0,""
1629.809,sender,afd52c65-5ce1-4c35-a594-c7ab9f56a53f,CONFIRM_DATA,ACK,875,1024,"unique file bytes acknowledged"
1629.812,sender,afd52c65-5ce1-4c35-a594-c7ab9f56a53f,RTT_SAMPLE,ACK,875,0,"78.932900"
1629.816,sender,afd52c65-5ce1-4c35-a594-c7ab9f56a53f,RECEIVE,ACK,898,36,""
1629.818,sender,afd52c65-5ce1-4c35-a594-c7ab9f56a53f,ACKNOWLEDGED,ACK,898,0,""
1629.821,sender,afd52c65-5ce1-4c35-a594-c7ab9f56a53f,CONFIRM_DATA,ACK,898,1024,"unique file bytes acknowledged"
1629.823,sender,afd52c65-5ce1-4c35-a594-c7ab9f56a53f,RTT_SAMPLE,ACK,898,0,"64.213400"
1629.833,sender,afd52c65-5ce1-4c35-a594-c7ab9f56a53f,RECEIVE,ACK,883,36,""
1629.835,sender,afd52c65-5ce1-4c35-a594-c7ab9f56a53f,ACKNOWLEDGED,ACK,883,0,""
1629.836,sender,afd52c65-5ce1-4c35-a594-c7ab9f56a53f,CONFIRM_DATA,ACK,883,1024,"unique file bytes acknowledged"
1629.839,sender,afd52c65-5ce1-4c35-a594-c7ab9f56a53f,RTT_SAMPLE,ACK,883,0,"78.928900"
1629.843,sender,afd52c65-5ce1-4c35-a594-c7ab9f56a53f,RECEIVE,ACK,902,36,""
1629.846,sender,afd52c65-5ce1-4c35-a594-c7ab9f56a53f,ACKNOWLEDGED,ACK,902,0,""
1629.848,sender,afd52c65-5ce1-4c35-a594-c7ab9f56a53f,CONFIRM_DATA,ACK,902,1024,"unique file bytes acknowledged"
1629.850,sender,afd52c65-5ce1-4c35-a594-c7ab9f56a53f,RTT_SAMPLE,ACK,902,0,"64.192000"
1629.854,sender,afd52c65-5ce1-4c35-a594-c7ab9f56a53f,RECEIVE,ACK,870,36,""
1629.857,sender,afd52c65-5ce1-4c35-a594-c7ab9f56a53f,ACKNOWLEDGED,ACK,870,0,""
1629.858,sender,afd52c65-5ce1-4c35-a594-c7ab9f56a53f,CONFIRM_DATA,ACK,870,1024,"unique file bytes acknowledged"
1629.861,sender,afd52c65-5ce1-4c35-a594-c7ab9f56a53f,RTT_SAMPLE,ACK,870,0,"79.003600"
1644.492,sender,afd52c65-5ce1-4c35-a594-c7ab9f56a53f,RECEIVE,ACK,885,36,""
1644.518,sender,afd52c65-5ce1-4c35-a594-c7ab9f56a53f,EMIT,DATA,911,1060,""
1644.543,sender,afd52c65-5ce1-4c35-a594-c7ab9f56a53f,ACKNOWLEDGED,ACK,885,0,""
1644.547,sender,afd52c65-5ce1-4c35-a594-c7ab9f56a53f,CONFIRM_DATA,ACK,885,1024,"unique file bytes acknowledged"
1644.557,sender,afd52c65-5ce1-4c35-a594-c7ab9f56a53f,RTT_SAMPLE,ACK,885,0,"93.637900"
1644.567,sender,afd52c65-5ce1-4c35-a594-c7ab9f56a53f,RECEIVE,ACK,862,36,""
1644.570,sender,afd52c65-5ce1-4c35-a594-c7ab9f56a53f,ACKNOWLEDGED,ACK,862,0,""
1644.573,sender,afd52c65-5ce1-4c35-a594-c7ab9f56a53f,CONFIRM_DATA,ACK,862,1024,"unique file bytes acknowledged"
1644.576,sender,afd52c65-5ce1-4c35-a594-c7ab9f56a53f,RTT_SAMPLE,ACK,862,0,"124.679800"
1644.581,sender,afd52c65-5ce1-4c35-a594-c7ab9f56a53f,SEND,DATA,926,1060,""
1644.588,sender,afd52c65-5ce1-4c35-a594-c7ab9f56a53f,SEND,DATA,927,1060,""
1644.591,sender,afd52c65-5ce1-4c35-a594-c7ab9f56a53f,SEND,DATA,928,1060,""
1644.594,sender,afd52c65-5ce1-4c35-a594-c7ab9f56a53f,SEND,DATA,929,1060,""
1644.598,sender,afd52c65-5ce1-4c35-a594-c7ab9f56a53f,SEND,DATA,930,1060,""
1644.601,sender,afd52c65-5ce1-4c35-a594-c7ab9f56a53f,SEND,DATA,931,1060,""
1644.617,sender,afd52c65-5ce1-4c35-a594-c7ab9f56a53f,SEND,DATA,932,1060,""
1644.621,sender,afd52c65-5ce1-4c35-a594-c7ab9f56a53f,SEND,DATA,933,1060,""
1644.624,sender,afd52c65-5ce1-4c35-a594-c7ab9f56a53f,SEND,DATA,934,1060,""
1644.631,sender,afd52c65-5ce1-4c35-a594-c7ab9f56a53f,RECEIVE,ACK,876,36,""
1644.635,sender,afd52c65-5ce1-4c35-a594-c7ab9f56a53f,ACKNOWLEDGED,ACK,876,0,""
1644.707,sender,afd52c65-5ce1-4c35-a594-c7ab9f56a53f,CONFIRM_DATA,ACK,876,1024,"unique file bytes acknowledged"
1644.712,sender,afd52c65-5ce1-4c35-a594-c7ab9f56a53f,RTT_SAMPLE,ACK,876,0,"93.828600"
1644.719,sender,afd52c65-5ce1-4c35-a594-c7ab9f56a53f,RECEIVE,ACK,893,36,""
1644.722,sender,afd52c65-5ce1-4c35-a594-c7ab9f56a53f,ACKNOWLEDGED,ACK,893,0,""
1644.725,sender,afd52c65-5ce1-4c35-a594-c7ab9f56a53f,CONFIRM_DATA,ACK,893,1024,"unique file bytes acknowledged"
1644.728,sender,afd52c65-5ce1-4c35-a594-c7ab9f56a53f,RTT_SAMPLE,ACK,893,0,"79.145400"
1644.737,sender,afd52c65-5ce1-4c35-a594-c7ab9f56a53f,RECEIVE,ACK,886,36,""
1644.741,sender,afd52c65-5ce1-4c35-a594-c7ab9f56a53f,ACKNOWLEDGED,ACK,886,0,""
1644.743,sender,afd52c65-5ce1-4c35-a594-c7ab9f56a53f,CONFIRM_DATA,ACK,886,1024,"unique file bytes acknowledged"
1644.746,sender,afd52c65-5ce1-4c35-a594-c7ab9f56a53f,RTT_SAMPLE,ACK,886,0,"93.824800"
1644.752,sender,afd52c65-5ce1-4c35-a594-c7ab9f56a53f,RECEIVE,ACK,880,36,""
1644.765,sender,afd52c65-5ce1-4c35-a594-c7ab9f56a53f,ACKNOWLEDGED,ACK,880,0,""
1644.767,sender,afd52c65-5ce1-4c35-a594-c7ab9f56a53f,CONFIRM_DATA,ACK,880,1024,"unique file bytes acknowledged"
1644.771,sender,afd52c65-5ce1-4c35-a594-c7ab9f56a53f,RTT_SAMPLE,ACK,880,0,"93.872200"
1644.777,sender,afd52c65-5ce1-4c35-a594-c7ab9f56a53f,RECEIVE,ACK,879,36,""
1644.780,sender,afd52c65-5ce1-4c35-a594-c7ab9f56a53f,ACKNOWLEDGED,ACK,879,0,""
1644.782,sender,afd52c65-5ce1-4c35-a594-c7ab9f56a53f,CONFIRM_DATA,ACK,879,1024,"unique file bytes acknowledged"
1644.785,sender,afd52c65-5ce1-4c35-a594-c7ab9f56a53f,RTT_SAMPLE,ACK,879,0,"93.890600"
1644.791,sender,afd52c65-5ce1-4c35-a594-c7ab9f56a53f,RECEIVE,ACK,888,36,""
1644.805,sender,afd52c65-5ce1-4c35-a594-c7ab9f56a53f,ACKNOWLEDGED,ACK,888,0,""
1644.808,sender,afd52c65-5ce1-4c35-a594-c7ab9f56a53f,CONFIRM_DATA,ACK,888,1024,"unique file bytes acknowledged"
1644.810,sender,afd52c65-5ce1-4c35-a594-c7ab9f56a53f,RTT_SAMPLE,ACK,888,0,"79.257600"
1644.816,sender,afd52c65-5ce1-4c35-a594-c7ab9f56a53f,RECEIVE,ACK,873,36,""
1644.818,sender,afd52c65-5ce1-4c35-a594-c7ab9f56a53f,ACKNOWLEDGED,ACK,873,0,""
1644.821,sender,afd52c65-5ce1-4c35-a594-c7ab9f56a53f,CONFIRM_DATA,ACK,873,1024,"unique file bytes acknowledged"
1644.824,sender,afd52c65-5ce1-4c35-a594-c7ab9f56a53f,RTT_SAMPLE,ACK,873,0,"93.952500"
1644.829,sender,afd52c65-5ce1-4c35-a594-c7ab9f56a53f,RECEIVE,ACK,877,36,""
1644.832,sender,afd52c65-5ce1-4c35-a594-c7ab9f56a53f,ACKNOWLEDGED,ACK,877,0,""
1644.834,sender,afd52c65-5ce1-4c35-a594-c7ab9f56a53f,CONFIRM_DATA,ACK,877,1024,"unique file bytes acknowledged"
1644.837,sender,afd52c65-5ce1-4c35-a594-c7ab9f56a53f,RTT_SAMPLE,ACK,877,0,"93.950200"
1644.846,sender,afd52c65-5ce1-4c35-a594-c7ab9f56a53f,RECEIVE,ACK,906,36,""
1644.848,sender,afd52c65-5ce1-4c35-a594-c7ab9f56a53f,ACKNOWLEDGED,ACK,906,0,""
1644.851,sender,afd52c65-5ce1-4c35-a594-c7ab9f56a53f,CONFIRM_DATA,ACK,906,1024,"unique file bytes acknowledged"
1644.854,sender,afd52c65-5ce1-4c35-a594-c7ab9f56a53f,RTT_SAMPLE,ACK,906,0,"79.147100"
1644.859,sender,afd52c65-5ce1-4c35-a594-c7ab9f56a53f,RECEIVE,ACK,900,36,""
1644.861,sender,afd52c65-5ce1-4c35-a594-c7ab9f56a53f,ACKNOWLEDGED,ACK,900,0,""
1644.864,sender,afd52c65-5ce1-4c35-a594-c7ab9f56a53f,CONFIRM_DATA,ACK,900,1024,"unique file bytes acknowledged"
1644.867,sender,afd52c65-5ce1-4c35-a594-c7ab9f56a53f,RTT_SAMPLE,ACK,900,0,"79.245900"
1644.872,sender,afd52c65-5ce1-4c35-a594-c7ab9f56a53f,RECEIVE,ACK,889,36,""
1644.874,sender,afd52c65-5ce1-4c35-a594-c7ab9f56a53f,ACKNOWLEDGED,ACK,889,0,""
1644.877,sender,afd52c65-5ce1-4c35-a594-c7ab9f56a53f,CONFIRM_DATA,ACK,889,1024,"unique file bytes acknowledged"
1644.880,sender,afd52c65-5ce1-4c35-a594-c7ab9f56a53f,RTT_SAMPLE,ACK,889,0,"79.319600"
1644.886,sender,afd52c65-5ce1-4c35-a594-c7ab9f56a53f,RECEIVE,ACK,907,36,""
1644.888,sender,afd52c65-5ce1-4c35-a594-c7ab9f56a53f,ACKNOWLEDGED,ACK,907,0,""
1644.890,sender,afd52c65-5ce1-4c35-a594-c7ab9f56a53f,CONFIRM_DATA,ACK,907,1024,"unique file bytes acknowledged"
1644.893,sender,afd52c65-5ce1-4c35-a594-c7ab9f56a53f,RTT_SAMPLE,ACK,907,0,"79.181300"
1644.898,sender,afd52c65-5ce1-4c35-a594-c7ab9f56a53f,RECEIVE,ACK,881,36,""
1644.901,sender,afd52c65-5ce1-4c35-a594-c7ab9f56a53f,ACKNOWLEDGED,ACK,881,0,""
1644.903,sender,afd52c65-5ce1-4c35-a594-c7ab9f56a53f,CONFIRM_DATA,ACK,881,1024,"unique file bytes acknowledged"
1644.906,sender,afd52c65-5ce1-4c35-a594-c7ab9f56a53f,RTT_SAMPLE,ACK,881,0,"94.003800"
1660.632,sender,afd52c65-5ce1-4c35-a594-c7ab9f56a53f,EMIT,DATA,912,1060,""
1660.691,sender,afd52c65-5ce1-4c35-a594-c7ab9f56a53f,EMIT,DATA,916,1060,""
1660.699,sender,afd52c65-5ce1-4c35-a594-c7ab9f56a53f,EMIT,DATA,920,1060,""
1660.706,sender,afd52c65-5ce1-4c35-a594-c7ab9f56a53f,EMIT,DATA,925,1060,""
1660.749,sender,afd52c65-5ce1-4c35-a594-c7ab9f56a53f,RECEIVE,ACK,905,36,""
1660.758,sender,afd52c65-5ce1-4c35-a594-c7ab9f56a53f,ACKNOWLEDGED,ACK,905,0,""
1660.762,sender,afd52c65-5ce1-4c35-a594-c7ab9f56a53f,CONFIRM_DATA,ACK,905,1024,"unique file bytes acknowledged"
1660.767,sender,afd52c65-5ce1-4c35-a594-c7ab9f56a53f,RTT_SAMPLE,ACK,905,0,"95.065200"
1660.778,sender,afd52c65-5ce1-4c35-a594-c7ab9f56a53f,RECEIVE,ACK,895,36,""
1660.781,sender,afd52c65-5ce1-4c35-a594-c7ab9f56a53f,ACKNOWLEDGED,ACK,895,0,""
1660.783,sender,afd52c65-5ce1-4c35-a594-c7ab9f56a53f,CONFIRM_DATA,ACK,895,1024,"unique file bytes acknowledged"
1660.786,sender,afd52c65-5ce1-4c35-a594-c7ab9f56a53f,RTT_SAMPLE,ACK,895,0,"95.192500"
1660.792,sender,afd52c65-5ce1-4c35-a594-c7ab9f56a53f,RECEIVE,ACK,890,36,""
1660.794,sender,afd52c65-5ce1-4c35-a594-c7ab9f56a53f,ACKNOWLEDGED,ACK,890,0,""
1660.796,sender,afd52c65-5ce1-4c35-a594-c7ab9f56a53f,CONFIRM_DATA,ACK,890,1024,"unique file bytes acknowledged"
1660.799,sender,afd52c65-5ce1-4c35-a594-c7ab9f56a53f,RTT_SAMPLE,ACK,890,0,"95.233100"
1660.804,sender,afd52c65-5ce1-4c35-a594-c7ab9f56a53f,RECEIVE,ACK,887,36,""
1660.807,sender,afd52c65-5ce1-4c35-a594-c7ab9f56a53f,ACKNOWLEDGED,ACK,887,0,""
1660.809,sender,afd52c65-5ce1-4c35-a594-c7ab9f56a53f,CONFIRM_DATA,ACK,887,1024,"unique file bytes acknowledged"
1660.812,sender,afd52c65-5ce1-4c35-a594-c7ab9f56a53f,RTT_SAMPLE,ACK,887,0,"109.886200"
1660.829,sender,afd52c65-5ce1-4c35-a594-c7ab9f56a53f,RECEIVE,ACK,871,36,""
1660.832,sender,afd52c65-5ce1-4c35-a594-c7ab9f56a53f,ACKNOWLEDGED,ACK,871,0,""
1660.834,sender,afd52c65-5ce1-4c35-a594-c7ab9f56a53f,CONFIRM_DATA,ACK,871,1024,"unique file bytes acknowledged"
1660.838,sender,afd52c65-5ce1-4c35-a594-c7ab9f56a53f,RTT_SAMPLE,ACK,871,0,"109.974700"
1660.841,sender,afd52c65-5ce1-4c35-a594-c7ab9f56a53f,SEND,DATA,935,1060,""
1660.846,sender,afd52c65-5ce1-4c35-a594-c7ab9f56a53f,SEND,DATA,936,1060,""
1660.849,sender,afd52c65-5ce1-4c35-a594-c7ab9f56a53f,SEND,DATA,937,1060,""
1660.852,sender,afd52c65-5ce1-4c35-a594-c7ab9f56a53f,SEND,DATA,938,1060,""
1660.855,sender,afd52c65-5ce1-4c35-a594-c7ab9f56a53f,SEND,DATA,939,1060,""
1660.857,sender,afd52c65-5ce1-4c35-a594-c7ab9f56a53f,SEND,DATA,940,1060,""
1660.860,sender,afd52c65-5ce1-4c35-a594-c7ab9f56a53f,SEND,DATA,941,1060,""
1660.865,sender,afd52c65-5ce1-4c35-a594-c7ab9f56a53f,RECEIVE,ACK,891,36,""
1660.879,sender,afd52c65-5ce1-4c35-a594-c7ab9f56a53f,ACKNOWLEDGED,ACK,891,0,""
1660.882,sender,afd52c65-5ce1-4c35-a594-c7ab9f56a53f,CONFIRM_DATA,ACK,891,1024,"unique file bytes acknowledged"
1660.885,sender,afd52c65-5ce1-4c35-a594-c7ab9f56a53f,RTT_SAMPLE,ACK,891,0,"95.313500"
1660.891,sender,afd52c65-5ce1-4c35-a594-c7ab9f56a53f,RECEIVE,ACK,904,36,""
1660.894,sender,afd52c65-5ce1-4c35-a594-c7ab9f56a53f,ACKNOWLEDGED,ACK,904,0,""
1660.896,sender,afd52c65-5ce1-4c35-a594-c7ab9f56a53f,CONFIRM_DATA,ACK,904,1024,"unique file bytes acknowledged"
1660.900,sender,afd52c65-5ce1-4c35-a594-c7ab9f56a53f,RTT_SAMPLE,ACK,904,0,"95.204700"
1660.905,sender,afd52c65-5ce1-4c35-a594-c7ab9f56a53f,RECEIVE,ACK,894,36,""
1660.908,sender,afd52c65-5ce1-4c35-a594-c7ab9f56a53f,ACKNOWLEDGED,ACK,894,0,""
1660.910,sender,afd52c65-5ce1-4c35-a594-c7ab9f56a53f,CONFIRM_DATA,ACK,894,1024,"unique file bytes acknowledged"
1660.914,sender,afd52c65-5ce1-4c35-a594-c7ab9f56a53f,RTT_SAMPLE,ACK,894,0,"95.325500"
1660.919,sender,afd52c65-5ce1-4c35-a594-c7ab9f56a53f,RECEIVE,ACK,908,36,""
1660.949,sender,afd52c65-5ce1-4c35-a594-c7ab9f56a53f,ACKNOWLEDGED,ACK,908,0,""
1660.952,sender,afd52c65-5ce1-4c35-a594-c7ab9f56a53f,CONFIRM_DATA,ACK,908,1024,"unique file bytes acknowledged"
1660.956,sender,afd52c65-5ce1-4c35-a594-c7ab9f56a53f,RTT_SAMPLE,ACK,908,0,"95.238500"
1660.962,sender,afd52c65-5ce1-4c35-a594-c7ab9f56a53f,RECEIVE,ACK,896,36,""
1660.965,sender,afd52c65-5ce1-4c35-a594-c7ab9f56a53f,ACKNOWLEDGED,ACK,896,0,""
1660.967,sender,afd52c65-5ce1-4c35-a594-c7ab9f56a53f,CONFIRM_DATA,ACK,896,1024,"unique file bytes acknowledged"
1660.971,sender,afd52c65-5ce1-4c35-a594-c7ab9f56a53f,RTT_SAMPLE,ACK,896,0,"95.371700"
1660.976,sender,afd52c65-5ce1-4c35-a594-c7ab9f56a53f,RECEIVE,ACK,897,36,""
1660.979,sender,afd52c65-5ce1-4c35-a594-c7ab9f56a53f,ACKNOWLEDGED,ACK,897,0,""
1660.981,sender,afd52c65-5ce1-4c35-a594-c7ab9f56a53f,CONFIRM_DATA,ACK,897,1024,"unique file bytes acknowledged"
1660.996,sender,afd52c65-5ce1-4c35-a594-c7ab9f56a53f,RTT_SAMPLE,ACK,897,0,"95.391800"
1661.001,sender,afd52c65-5ce1-4c35-a594-c7ab9f56a53f,RECEIVE,ACK,909,36,""
1661.004,sender,afd52c65-5ce1-4c35-a594-c7ab9f56a53f,ACKNOWLEDGED,ACK,909,0,""
1661.006,sender,afd52c65-5ce1-4c35-a594-c7ab9f56a53f,CONFIRM_DATA,ACK,909,1024,"unique file bytes acknowledged"
1661.009,sender,afd52c65-5ce1-4c35-a594-c7ab9f56a53f,RTT_SAMPLE,ACK,909,0,"79.035600"
1661.014,sender,afd52c65-5ce1-4c35-a594-c7ab9f56a53f,RECEIVE,ACK,901,36,""
1661.016,sender,afd52c65-5ce1-4c35-a594-c7ab9f56a53f,ACKNOWLEDGED,ACK,901,0,""
1661.018,sender,afd52c65-5ce1-4c35-a594-c7ab9f56a53f,CONFIRM_DATA,ACK,901,1024,"unique file bytes acknowledged"
1661.021,sender,afd52c65-5ce1-4c35-a594-c7ab9f56a53f,RTT_SAMPLE,ACK,901,0,"95.395000"
1661.026,sender,afd52c65-5ce1-4c35-a594-c7ab9f56a53f,RECEIVE,ACK,899,36,""
1661.028,sender,afd52c65-5ce1-4c35-a594-c7ab9f56a53f,ACKNOWLEDGED,ACK,899,0,""
1661.031,sender,afd52c65-5ce1-4c35-a594-c7ab9f56a53f,CONFIRM_DATA,ACK,899,1024,"unique file bytes acknowledged"
1661.033,sender,afd52c65-5ce1-4c35-a594-c7ab9f56a53f,RTT_SAMPLE,ACK,899,0,"95.418000"
1676.235,sender,afd52c65-5ce1-4c35-a594-c7ab9f56a53f,EMIT,DATA,922,1060,""
1676.262,sender,afd52c65-5ce1-4c35-a594-c7ab9f56a53f,EMIT,DATA,918,1060,""
1676.272,sender,afd52c65-5ce1-4c35-a594-c7ab9f56a53f,EMIT,DATA,924,1060,""
1676.281,sender,afd52c65-5ce1-4c35-a594-c7ab9f56a53f,EMIT,DATA,914,1060,""
1676.293,sender,afd52c65-5ce1-4c35-a594-c7ab9f56a53f,EMIT,DATA,923,1060,""
1676.302,sender,afd52c65-5ce1-4c35-a594-c7ab9f56a53f,EMIT,DATA,926,1060,""
1676.311,sender,afd52c65-5ce1-4c35-a594-c7ab9f56a53f,EMIT,DATA,932,1060,""
1676.321,sender,afd52c65-5ce1-4c35-a594-c7ab9f56a53f,EMIT,DATA,917,1060,""
1676.330,sender,afd52c65-5ce1-4c35-a594-c7ab9f56a53f,EMIT,DATA,919,1060,""
1676.339,sender,afd52c65-5ce1-4c35-a594-c7ab9f56a53f,EMIT,DATA,928,1060,""
1676.379,sender,afd52c65-5ce1-4c35-a594-c7ab9f56a53f,RECEIVE,ACK,878,36,""
1676.406,sender,afd52c65-5ce1-4c35-a594-c7ab9f56a53f,ACKNOWLEDGED,ACK,878,0,""
1676.417,sender,afd52c65-5ce1-4c35-a594-c7ab9f56a53f,CONFIRM_DATA,ACK,878,1024,"unique file bytes acknowledged"
1676.436,sender,afd52c65-5ce1-4c35-a594-c7ab9f56a53f,RTT_SAMPLE,ACK,878,0,"125.536900"
1676.450,sender,afd52c65-5ce1-4c35-a594-c7ab9f56a53f,SEND,DATA,942,1060,""
1676.468,sender,afd52c65-5ce1-4c35-a594-c7ab9f56a53f,SEND,DATA,943,1060,""
1676.478,sender,afd52c65-5ce1-4c35-a594-c7ab9f56a53f,SEND,DATA,944,1060,""
1676.488,sender,afd52c65-5ce1-4c35-a594-c7ab9f56a53f,SEND,DATA,945,1060,""
1676.498,sender,afd52c65-5ce1-4c35-a594-c7ab9f56a53f,SEND,DATA,946,1060,""
1676.508,sender,afd52c65-5ce1-4c35-a594-c7ab9f56a53f,SEND,DATA,947,1060,""
1676.518,sender,afd52c65-5ce1-4c35-a594-c7ab9f56a53f,SEND,DATA,948,1060,""
1676.527,sender,afd52c65-5ce1-4c35-a594-c7ab9f56a53f,SEND,DATA,949,1060,""
1676.537,sender,afd52c65-5ce1-4c35-a594-c7ab9f56a53f,SEND,DATA,950,1060,""
1676.547,sender,afd52c65-5ce1-4c35-a594-c7ab9f56a53f,SEND,DATA,951,1060,""
1676.556,sender,afd52c65-5ce1-4c35-a594-c7ab9f56a53f,SEND,DATA,952,1060,""
1676.566,sender,afd52c65-5ce1-4c35-a594-c7ab9f56a53f,SEND,DATA,953,1060,""
1676.575,sender,afd52c65-5ce1-4c35-a594-c7ab9f56a53f,SEND,DATA,954,1060,""
1676.584,sender,afd52c65-5ce1-4c35-a594-c7ab9f56a53f,SEND,DATA,955,1060,""
1676.619,sender,afd52c65-5ce1-4c35-a594-c7ab9f56a53f,RECEIVE,ACK,903,36,""
1676.629,sender,afd52c65-5ce1-4c35-a594-c7ab9f56a53f,ACKNOWLEDGED,ACK,903,0,""
1676.637,sender,afd52c65-5ce1-4c35-a594-c7ab9f56a53f,CONFIRM_DATA,ACK,903,1024,"unique file bytes acknowledged"
1676.647,sender,afd52c65-5ce1-4c35-a594-c7ab9f56a53f,RTT_SAMPLE,ACK,903,0,"110.956500"
1676.669,sender,afd52c65-5ce1-4c35-a594-c7ab9f56a53f,RECEIVE,ACK,892,36,""
1676.679,sender,afd52c65-5ce1-4c35-a594-c7ab9f56a53f,ACKNOWLEDGED,ACK,892,0,""
1676.687,sender,afd52c65-5ce1-4c35-a594-c7ab9f56a53f,CONFIRM_DATA,ACK,892,1024,"unique file bytes acknowledged"
1676.708,sender,afd52c65-5ce1-4c35-a594-c7ab9f56a53f,RTT_SAMPLE,ACK,892,0,"111.130200"
1676.718,sender,afd52c65-5ce1-4c35-a594-c7ab9f56a53f,SEND,DATA,956,1060,""
1676.728,sender,afd52c65-5ce1-4c35-a594-c7ab9f56a53f,SEND,DATA,957,1060,""
1676.750,sender,afd52c65-5ce1-4c35-a594-c7ab9f56a53f,SEND,DATA,958,1060,""
1676.760,sender,afd52c65-5ce1-4c35-a594-c7ab9f56a53f,SEND,DATA,959,1060,""
1676.769,sender,afd52c65-5ce1-4c35-a594-c7ab9f56a53f,SEND,DATA,960,1060,""
1676.778,sender,afd52c65-5ce1-4c35-a594-c7ab9f56a53f,SEND,DATA,961,1060,""
1676.787,sender,afd52c65-5ce1-4c35-a594-c7ab9f56a53f,SEND,DATA,962,1060,""
1676.798,sender,afd52c65-5ce1-4c35-a594-c7ab9f56a53f,SEND,DATA,963,1060,""
1676.807,sender,afd52c65-5ce1-4c35-a594-c7ab9f56a53f,SEND,DATA,964,1060,""
1676.816,sender,afd52c65-5ce1-4c35-a594-c7ab9f56a53f,SEND,DATA,965,1060,""
1676.825,sender,afd52c65-5ce1-4c35-a594-c7ab9f56a53f,SEND,DATA,966,1060,""
1676.834,sender,afd52c65-5ce1-4c35-a594-c7ab9f56a53f,SEND,DATA,967,1060,""
1676.843,sender,afd52c65-5ce1-4c35-a594-c7ab9f56a53f,SEND,DATA,968,1060,""
1676.852,sender,afd52c65-5ce1-4c35-a594-c7ab9f56a53f,SEND,DATA,969,1060,""
1676.862,sender,afd52c65-5ce1-4c35-a594-c7ab9f56a53f,SEND,DATA,970,1060,""
1676.871,sender,afd52c65-5ce1-4c35-a594-c7ab9f56a53f,SEND,DATA,971,1060,""
1676.880,sender,afd52c65-5ce1-4c35-a594-c7ab9f56a53f,SEND,DATA,972,1060,""
1676.890,sender,afd52c65-5ce1-4c35-a594-c7ab9f56a53f,SEND,DATA,973,1060,""
1676.911,sender,afd52c65-5ce1-4c35-a594-c7ab9f56a53f,RECEIVE,ACK,910,36,""
1676.921,sender,afd52c65-5ce1-4c35-a594-c7ab9f56a53f,ACKNOWLEDGED,ACK,910,0,""
1676.929,sender,afd52c65-5ce1-4c35-a594-c7ab9f56a53f,CONFIRM_DATA,ACK,910,1024,"unique file bytes acknowledged"
1676.939,sender,afd52c65-5ce1-4c35-a594-c7ab9f56a53f,RTT_SAMPLE,ACK,910,0,"79.156300"
1676.949,sender,afd52c65-5ce1-4c35-a594-c7ab9f56a53f,SEND,DATA,974,1060,""
1676.970,sender,afd52c65-5ce1-4c35-a594-c7ab9f56a53f,RECEIVE,ACK,911,36,""
1676.980,sender,afd52c65-5ce1-4c35-a594-c7ab9f56a53f,ACKNOWLEDGED,ACK,911,0,""
1676.988,sender,afd52c65-5ce1-4c35-a594-c7ab9f56a53f,CONFIRM_DATA,ACK,911,1024,"unique file bytes acknowledged"
1676.997,sender,afd52c65-5ce1-4c35-a594-c7ab9f56a53f,RTT_SAMPLE,ACK,911,0,"63.063500"
1677.007,sender,afd52c65-5ce1-4c35-a594-c7ab9f56a53f,SEND,DATA,975,1060,""
1692.468,sender,afd52c65-5ce1-4c35-a594-c7ab9f56a53f,EMIT,DATA,930,1060,""
1692.541,sender,afd52c65-5ce1-4c35-a594-c7ab9f56a53f,EMIT,DATA,934,1060,""
1692.555,sender,afd52c65-5ce1-4c35-a594-c7ab9f56a53f,EMIT,DATA,913,1060,""
1692.571,sender,afd52c65-5ce1-4c35-a594-c7ab9f56a53f,EMIT,DATA,915,1060,""
1692.609,sender,afd52c65-5ce1-4c35-a594-c7ab9f56a53f,EMIT,DATA,921,1060,""
1692.623,sender,afd52c65-5ce1-4c35-a594-c7ab9f56a53f,EMIT,DATA,931,1060,""
1692.637,sender,afd52c65-5ce1-4c35-a594-c7ab9f56a53f,EMIT,DATA,927,1060,""
1692.652,sender,afd52c65-5ce1-4c35-a594-c7ab9f56a53f,EMIT,DATA,933,1060,""
1692.665,sender,afd52c65-5ce1-4c35-a594-c7ab9f56a53f,EMIT,DATA,941,1060,""
1692.683,sender,afd52c65-5ce1-4c35-a594-c7ab9f56a53f,EMIT,DATA,929,1060,""
1708.254,sender,afd52c65-5ce1-4c35-a594-c7ab9f56a53f,EMIT,DATA,937,1060,""
1708.279,sender,afd52c65-5ce1-4c35-a594-c7ab9f56a53f,EMIT,DATA,940,1060,""
1708.286,sender,afd52c65-5ce1-4c35-a594-c7ab9f56a53f,EMIT,DATA,970,1060,""
1708.328,sender,afd52c65-5ce1-4c35-a594-c7ab9f56a53f,EMIT,DATA,972,1060,""
1708.335,sender,afd52c65-5ce1-4c35-a594-c7ab9f56a53f,EMIT,DATA,943,1060,""
1708.343,sender,afd52c65-5ce1-4c35-a594-c7ab9f56a53f,EMIT,DATA,936,1060,""
1708.350,sender,afd52c65-5ce1-4c35-a594-c7ab9f56a53f,EMIT,DATA,950,1060,""
1708.358,sender,afd52c65-5ce1-4c35-a594-c7ab9f56a53f,EMIT,DATA,968,1060,""
1708.367,sender,afd52c65-5ce1-4c35-a594-c7ab9f56a53f,EMIT,DATA,945,1060,""
1708.377,sender,afd52c65-5ce1-4c35-a594-c7ab9f56a53f,EMIT,DATA,939,1060,""
1708.387,sender,afd52c65-5ce1-4c35-a594-c7ab9f56a53f,EMIT,DATA,975,1060,""
1708.400,sender,afd52c65-5ce1-4c35-a594-c7ab9f56a53f,EMIT,DATA,948,1060,""
1708.408,sender,afd52c65-5ce1-4c35-a594-c7ab9f56a53f,EMIT,DATA,962,1060,""
1708.417,sender,afd52c65-5ce1-4c35-a594-c7ab9f56a53f,EMIT,DATA,938,1060,""
1708.666,sender,afd52c65-5ce1-4c35-a594-c7ab9f56a53f,RECEIVE,ACK,912,36,""
1708.684,sender,afd52c65-5ce1-4c35-a594-c7ab9f56a53f,ACKNOWLEDGED,ACK,912,0,""
1708.691,sender,afd52c65-5ce1-4c35-a594-c7ab9f56a53f,CONFIRM_DATA,ACK,912,1024,"unique file bytes acknowledged"
1708.701,sender,afd52c65-5ce1-4c35-a594-c7ab9f56a53f,RTT_SAMPLE,ACK,912,0,"78.946100"
1708.712,sender,afd52c65-5ce1-4c35-a594-c7ab9f56a53f,SEND,DATA,976,1060,""
1708.743,sender,afd52c65-5ce1-4c35-a594-c7ab9f56a53f,RECEIVE,ACK,925,36,""
1708.748,sender,afd52c65-5ce1-4c35-a594-c7ab9f56a53f,ACKNOWLEDGED,ACK,925,0,""
1708.754,sender,afd52c65-5ce1-4c35-a594-c7ab9f56a53f,CONFIRM_DATA,ACK,925,1024,"unique file bytes acknowledged"
1708.760,sender,afd52c65-5ce1-4c35-a594-c7ab9f56a53f,RTT_SAMPLE,ACK,925,0,"78.972700"
1708.772,sender,afd52c65-5ce1-4c35-a594-c7ab9f56a53f,RECEIVE,ACK,920,36,""
1708.777,sender,afd52c65-5ce1-4c35-a594-c7ab9f56a53f,ACKNOWLEDGED,ACK,920,0,""
1708.782,sender,afd52c65-5ce1-4c35-a594-c7ab9f56a53f,CONFIRM_DATA,ACK,920,1024,"unique file bytes acknowledged"
1708.790,sender,afd52c65-5ce1-4c35-a594-c7ab9f56a53f,RTT_SAMPLE,ACK,920,0,"79.013400"
1708.802,sender,afd52c65-5ce1-4c35-a594-c7ab9f56a53f,RECEIVE,ACK,924,36,""
1708.807,sender,afd52c65-5ce1-4c35-a594-c7ab9f56a53f,ACKNOWLEDGED,ACK,924,0,""
1708.812,sender,afd52c65-5ce1-4c35-a594-c7ab9f56a53f,CONFIRM_DATA,ACK,924,1024,"unique file bytes acknowledged"
1708.818,sender,afd52c65-5ce1-4c35-a594-c7ab9f56a53f,RTT_SAMPLE,ACK,924,0,"79.033000"
1708.831,sender,afd52c65-5ce1-4c35-a594-c7ab9f56a53f,RECEIVE,ACK,923,36,""
1708.836,sender,afd52c65-5ce1-4c35-a594-c7ab9f56a53f,ACKNOWLEDGED,ACK,923,0,""
1708.841,sender,afd52c65-5ce1-4c35-a594-c7ab9f56a53f,CONFIRM_DATA,ACK,923,1024,"unique file bytes acknowledged"
1708.847,sender,afd52c65-5ce1-4c35-a594-c7ab9f56a53f,RTT_SAMPLE,ACK,923,0,"79.065100"
1723.972,sender,afd52c65-5ce1-4c35-a594-c7ab9f56a53f,EMIT,DATA,942,1060,""
1724.003,sender,afd52c65-5ce1-4c35-a594-c7ab9f56a53f,EMIT,DATA,954,1060,""
1724.012,sender,afd52c65-5ce1-4c35-a594-c7ab9f56a53f,EMIT,DATA,935,1060,""
1724.020,sender,afd52c65-5ce1-4c35-a594-c7ab9f56a53f,EMIT,DATA,952,1060,""
1724.027,sender,afd52c65-5ce1-4c35-a594-c7ab9f56a53f,EMIT,DATA,971,1060,""
1724.033,sender,afd52c65-5ce1-4c35-a594-c7ab9f56a53f,EMIT,DATA,947,1060,""
1724.042,sender,afd52c65-5ce1-4c35-a594-c7ab9f56a53f,EMIT,DATA,958,1060,""
1724.049,sender,afd52c65-5ce1-4c35-a594-c7ab9f56a53f,EMIT,DATA,960,1060,""
1724.066,sender,afd52c65-5ce1-4c35-a594-c7ab9f56a53f,EMIT,DATA,973,1060,""
1724.076,sender,afd52c65-5ce1-4c35-a594-c7ab9f56a53f,EMIT,DATA,974,1060,""
1724.085,sender,afd52c65-5ce1-4c35-a594-c7ab9f56a53f,EMIT,DATA,963,1060,""
1724.093,sender,afd52c65-5ce1-4c35-a594-c7ab9f56a53f,EMIT,DATA,964,1060,""
1724.101,sender,afd52c65-5ce1-4c35-a594-c7ab9f56a53f,EMIT,DATA,946,1060,""
1724.120,sender,afd52c65-5ce1-4c35-a594-c7ab9f56a53f,EMIT,DATA,944,1060,""
1724.129,sender,afd52c65-5ce1-4c35-a594-c7ab9f56a53f,EMIT,DATA,949,1060,""
1724.137,sender,afd52c65-5ce1-4c35-a594-c7ab9f56a53f,EMIT,DATA,957,1060,""
1724.145,sender,afd52c65-5ce1-4c35-a594-c7ab9f56a53f,RECEIVE,ACK,932,36,""
1724.155,sender,afd52c65-5ce1-4c35-a594-c7ab9f56a53f,EMIT,DATA,961,1060,""
1724.158,sender,afd52c65-5ce1-4c35-a594-c7ab9f56a53f,ACKNOWLEDGED,ACK,932,0,""
1724.162,sender,afd52c65-5ce1-4c35-a594-c7ab9f56a53f,CONFIRM_DATA,ACK,932,1024,"unique file bytes acknowledged"
1724.165,sender,afd52c65-5ce1-4c35-a594-c7ab9f56a53f,EMIT,DATA,953,1060,""
1724.169,sender,afd52c65-5ce1-4c35-a594-c7ab9f56a53f,RTT_SAMPLE,ACK,932,0,"79.547800"
1724.178,sender,afd52c65-5ce1-4c35-a594-c7ab9f56a53f,EMIT,DATA,959,1060,""
1724.188,sender,afd52c65-5ce1-4c35-a594-c7ab9f56a53f,RECEIVE,ACK,916,36,""
1724.191,sender,afd52c65-5ce1-4c35-a594-c7ab9f56a53f,EMIT,DATA,965,1060,""
1724.194,sender,afd52c65-5ce1-4c35-a594-c7ab9f56a53f,ACKNOWLEDGED,ACK,916,0,""
1724.196,sender,afd52c65-5ce1-4c35-a594-c7ab9f56a53f,CONFIRM_DATA,ACK,916,1024,"unique file bytes acknowledged"
1724.200,sender,afd52c65-5ce1-4c35-a594-c7ab9f56a53f,RTT_SAMPLE,ACK,916,0,"94.435800"
1724.203,sender,afd52c65-5ce1-4c35-a594-c7ab9f56a53f,EMIT,DATA,967,1060,""
1724.207,sender,afd52c65-5ce1-4c35-a594-c7ab9f56a53f,RECEIVE,ACK,917,36,""
1724.210,sender,afd52c65-5ce1-4c35-a594-c7ab9f56a53f,ACKNOWLEDGED,ACK,917,0,""
1724.212,sender,afd52c65-5ce1-4c35-a594-c7ab9f56a53f,CONFIRM_DATA,ACK,917,1024,"unique file bytes acknowledged"
1724.215,sender,afd52c65-5ce1-4c35-a594-c7ab9f56a53f,EMIT,DATA,951,1060,""
1724.218,sender,afd52c65-5ce1-4c35-a594-c7ab9f56a53f,RTT_SAMPLE,ACK,917,0,"94.448900"
1724.225,sender,afd52c65-5ce1-4c35-a594-c7ab9f56a53f,EMIT,DATA,956,1060,""
1724.228,sender,afd52c65-5ce1-4c35-a594-c7ab9f56a53f,RECEIVE,ACK,926,36,""
1724.230,sender,afd52c65-5ce1-4c35-a594-c7ab9f56a53f,ACKNOWLEDGED,ACK,926,0,""
1724.233,sender,afd52c65-5ce1-4c35-a594-c7ab9f56a53f,CONFIRM_DATA,ACK,926,1024,"unique file bytes acknowledged"
1724.236,sender,afd52c65-5ce1-4c35-a594-c7ab9f56a53f,RTT_SAMPLE,ACK,926,0,"79.654800"
1724.242,sender,afd52c65-5ce1-4c35-a594-c7ab9f56a53f,RECEIVE,ACK,919,36,""
1724.245,sender,afd52c65-5ce1-4c35-a594-c7ab9f56a53f,ACKNOWLEDGED,ACK,919,0,""
1724.247,sender,afd52c65-5ce1-4c35-a594-c7ab9f56a53f,CONFIRM_DATA,ACK,919,1024,"unique file bytes acknowledged"
1724.250,sender,afd52c65-5ce1-4c35-a594-c7ab9f56a53f,RTT_SAMPLE,ACK,919,0,"94.478200"
1724.256,sender,afd52c65-5ce1-4c35-a594-c7ab9f56a53f,RECEIVE,ACK,918,36,""
1724.258,sender,afd52c65-5ce1-4c35-a594-c7ab9f56a53f,ACKNOWLEDGED,ACK,918,0,""
1724.261,sender,afd52c65-5ce1-4c35-a594-c7ab9f56a53f,CONFIRM_DATA,ACK,918,1024,"unique file bytes acknowledged"
1724.264,sender,afd52c65-5ce1-4c35-a594-c7ab9f56a53f,RTT_SAMPLE,ACK,918,0,"94.494700"
1724.269,sender,afd52c65-5ce1-4c35-a594-c7ab9f56a53f,RECEIVE,ACK,930,36,""
1724.272,sender,afd52c65-5ce1-4c35-a594-c7ab9f56a53f,ACKNOWLEDGED,ACK,930,0,""
1724.274,sender,afd52c65-5ce1-4c35-a594-c7ab9f56a53f,CONFIRM_DATA,ACK,930,1024,"unique file bytes acknowledged"
1724.277,sender,afd52c65-5ce1-4c35-a594-c7ab9f56a53f,RTT_SAMPLE,ACK,930,0,"79.679100"
1724.283,sender,afd52c65-5ce1-4c35-a594-c7ab9f56a53f,RECEIVE,ACK,922,36,""
1724.291,sender,afd52c65-5ce1-4c35-a594-c7ab9f56a53f,ACKNOWLEDGED,ACK,922,0,""
1724.294,sender,afd52c65-5ce1-4c35-a594-c7ab9f56a53f,CONFIRM_DATA,ACK,922,1024,"unique file bytes acknowledged"
1724.296,sender,afd52c65-5ce1-4c35-a594-c7ab9f56a53f,RTT_SAMPLE,ACK,922,0,"94.517300"
1724.301,sender,afd52c65-5ce1-4c35-a594-c7ab9f56a53f,RECEIVE,ACK,934,36,""
1724.304,sender,afd52c65-5ce1-4c35-a594-c7ab9f56a53f,ACKNOWLEDGED,ACK,934,0,""
1724.306,sender,afd52c65-5ce1-4c35-a594-c7ab9f56a53f,CONFIRM_DATA,ACK,934,1024,"unique file bytes acknowledged"
1724.309,sender,afd52c65-5ce1-4c35-a594-c7ab9f56a53f,RTT_SAMPLE,ACK,934,0,"79.684000"
1724.314,sender,afd52c65-5ce1-4c35-a594-c7ab9f56a53f,RECEIVE,ACK,929,36,""
1724.316,sender,afd52c65-5ce1-4c35-a594-c7ab9f56a53f,ACKNOWLEDGED,ACK,929,0,""
1724.318,sender,afd52c65-5ce1-4c35-a594-c7ab9f56a53f,CONFIRM_DATA,ACK,929,1024,"unique file bytes acknowledged"
1724.321,sender,afd52c65-5ce1-4c35-a594-c7ab9f56a53f,RTT_SAMPLE,ACK,929,0,"79.726400"
1724.326,sender,afd52c65-5ce1-4c35-a594-c7ab9f56a53f,RECEIVE,ACK,933,36,""
1724.330,sender,afd52c65-5ce1-4c35-a594-c7ab9f56a53f,ACKNOWLEDGED,ACK,933,0,""
1724.357,sender,afd52c65-5ce1-4c35-a594-c7ab9f56a53f,CONFIRM_DATA,ACK,933,1024,"unique file bytes acknowledged"
1724.360,sender,afd52c65-5ce1-4c35-a594-c7ab9f56a53f,RTT_SAMPLE,ACK,933,0,"79.738700"
1724.366,sender,afd52c65-5ce1-4c35-a594-c7ab9f56a53f,RECEIVE,ACK,931,36,""
1724.368,sender,afd52c65-5ce1-4c35-a594-c7ab9f56a53f,ACKNOWLEDGED,ACK,931,0,""
1724.370,sender,afd52c65-5ce1-4c35-a594-c7ab9f56a53f,CONFIRM_DATA,ACK,931,1024,"unique file bytes acknowledged"
1724.373,sender,afd52c65-5ce1-4c35-a594-c7ab9f56a53f,RTT_SAMPLE,ACK,931,0,"79.771500"
1724.378,sender,afd52c65-5ce1-4c35-a594-c7ab9f56a53f,RECEIVE,ACK,914,36,""
1724.381,sender,afd52c65-5ce1-4c35-a594-c7ab9f56a53f,ACKNOWLEDGED,ACK,914,0,""
1724.383,sender,afd52c65-5ce1-4c35-a594-c7ab9f56a53f,CONFIRM_DATA,ACK,914,1024,"unique file bytes acknowledged"
1724.386,sender,afd52c65-5ce1-4c35-a594-c7ab9f56a53f,RTT_SAMPLE,ACK,914,0,"94.626600"
1724.391,sender,afd52c65-5ce1-4c35-a594-c7ab9f56a53f,RECEIVE,ACK,941,36,""
1724.393,sender,afd52c65-5ce1-4c35-a594-c7ab9f56a53f,ACKNOWLEDGED,ACK,941,0,""
1724.395,sender,afd52c65-5ce1-4c35-a594-c7ab9f56a53f,CONFIRM_DATA,ACK,941,1024,"unique file bytes acknowledged"
1724.398,sender,afd52c65-5ce1-4c35-a594-c7ab9f56a53f,RTT_SAMPLE,ACK,941,0,"63.537400"
1739.990,sender,afd52c65-5ce1-4c35-a594-c7ab9f56a53f,RECEIVE,ACK,928,36,""
1740.016,sender,afd52c65-5ce1-4c35-a594-c7ab9f56a53f,EMIT,DATA,955,1060,""
1740.027,sender,afd52c65-5ce1-4c35-a594-c7ab9f56a53f,ACKNOWLEDGED,ACK,928,0,""
1740.037,sender,afd52c65-5ce1-4c35-a594-c7ab9f56a53f,CONFIRM_DATA,ACK,928,1024,"unique file bytes acknowledged"
1740.046,sender,afd52c65-5ce1-4c35-a594-c7ab9f56a53f,EMIT,DATA,966,1060,""
1740.054,sender,afd52c65-5ce1-4c35-a594-c7ab9f56a53f,RTT_SAMPLE,ACK,928,0,"95.455600"
1740.063,sender,afd52c65-5ce1-4c35-a594-c7ab9f56a53f,EMIT,DATA,969,1060,""
1740.086,sender,afd52c65-5ce1-4c35-a594-c7ab9f56a53f,RECEIVE,ACK,943,36,""
1740.094,sender,afd52c65-5ce1-4c35-a594-c7ab9f56a53f,ACKNOWLEDGED,ACK,943,0,""
1740.101,sender,afd52c65-5ce1-4c35-a594-c7ab9f56a53f,CONFIRM_DATA,ACK,943,1024,"unique file bytes acknowledged"
1740.110,sender,afd52c65-5ce1-4c35-a594-c7ab9f56a53f,RTT_SAMPLE,ACK,943,0,"63.641400"
1740.126,sender,afd52c65-5ce1-4c35-a594-c7ab9f56a53f,RECEIVE,ACK,939,36,""
1740.129,sender,afd52c65-5ce1-4c35-a594-c7ab9f56a53f,ACKNOWLEDGED,ACK,939,0,""
1740.131,sender,afd52c65-5ce1-4c35-a594-c7ab9f56a53f,CONFIRM_DATA,ACK,939,1024,"unique file bytes acknowledged"
1740.134,sender,afd52c65-5ce1-4c35-a594-c7ab9f56a53f,RTT_SAMPLE,ACK,939,0,"79.279000"
1740.139,sender,afd52c65-5ce1-4c35-a594-c7ab9f56a53f,RECEIVE,ACK,913,36,""
1740.142,sender,afd52c65-5ce1-4c35-a594-c7ab9f56a53f,ACKNOWLEDGED,ACK,913,0,""
1740.144,sender,afd52c65-5ce1-4c35-a594-c7ab9f56a53f,CONFIRM_DATA,ACK,913,1024,"unique file bytes acknowledged"
1740.148,sender,afd52c65-5ce1-4c35-a594-c7ab9f56a53f,RTT_SAMPLE,ACK,913,0,"110.391100"
1740.151,sender,afd52c65-5ce1-4c35-a594-c7ab9f56a53f,SEND,DATA,977,1060,""
1740.156,sender,afd52c65-5ce1-4c35-a594-c7ab9f56a53f,SEND,DATA,978,1060,""
1740.161,sender,afd52c65-5ce1-4c35-a594-c7ab9f56a53f,RECEIVE,ACK,936,36,""
1740.164,sender,afd52c65-5ce1-4c35-a594-c7ab9f56a53f,ACKNOWLEDGED,ACK,936,0,""
1740.166,sender,afd52c65-5ce1-4c35-a594-c7ab9f56a53f,CONFIRM_DATA,ACK,936,1024,"unique file bytes acknowledged"
1740.169,sender,afd52c65-5ce1-4c35-a594-c7ab9f56a53f,RTT_SAMPLE,ACK,936,0,"79.323000"
1740.175,sender,afd52c65-5ce1-4c35-a594-c7ab9f56a53f,RECEIVE,ACK,921,36,""
1740.177,sender,afd52c65-5ce1-4c35-a594-c7ab9f56a53f,ACKNOWLEDGED,ACK,921,0,""
1740.191,sender,afd52c65-5ce1-4c35-a594-c7ab9f56a53f,CONFIRM_DATA,ACK,921,1024,"unique file bytes acknowledged"
1740.195,sender,afd52c65-5ce1-4c35-a594-c7ab9f56a53f,RTT_SAMPLE,ACK,921,0,"110.417800"
1756.405,sender,afd52c65-5ce1-4c35-a594-c7ab9f56a53f,EMIT,DATA,976,1060,""
1756.580,sender,afd52c65-5ce1-4c35-a594-c7ab9f56a53f,RECEIVE,ACK,938,36,""
1756.615,sender,afd52c65-5ce1-4c35-a594-c7ab9f56a53f,ACKNOWLEDGED,ACK,938,0,""
1756.626,sender,afd52c65-5ce1-4c35-a594-c7ab9f56a53f,CONFIRM_DATA,ACK,938,1024,"unique file bytes acknowledged"
1756.641,sender,afd52c65-5ce1-4c35-a594-c7ab9f56a53f,RTT_SAMPLE,ACK,938,0,"95.784400"
1756.700,sender,afd52c65-5ce1-4c35-a594-c7ab9f56a53f,RECEIVE,ACK,940,36,""
1756.712,sender,afd52c65-5ce1-4c35-a594-c7ab9f56a53f,ACKNOWLEDGED,ACK,940,0,""
1756.721,sender,afd52c65-5ce1-4c35-a594-c7ab9f56a53f,CONFIRM_DATA,ACK,940,1024,"unique file bytes acknowledged"
1756.732,sender,afd52c65-5ce1-4c35-a594-c7ab9f56a53f,RTT_SAMPLE,ACK,940,0,"95.872200"
1756.789,sender,afd52c65-5ce1-4c35-a594-c7ab9f56a53f,RECEIVE,ACK,915,36,""
1756.803,sender,afd52c65-5ce1-4c35-a594-c7ab9f56a53f,ACKNOWLEDGED,ACK,915,0,""
1756.810,sender,afd52c65-5ce1-4c35-a594-c7ab9f56a53f,CONFIRM_DATA,ACK,915,1024,"unique file bytes acknowledged"
1756.821,sender,afd52c65-5ce1-4c35-a594-c7ab9f56a53f,RTT_SAMPLE,ACK,915,0,"127.057800"
1756.834,sender,afd52c65-5ce1-4c35-a594-c7ab9f56a53f,SEND,DATA,979,1060,""
1756.847,sender,afd52c65-5ce1-4c35-a594-c7ab9f56a53f,SEND,DATA,980,1060,""
1756.857,sender,afd52c65-5ce1-4c35-a594-c7ab9f56a53f,SEND,DATA,981,1060,""
1756.867,sender,afd52c65-5ce1-4c35-a594-c7ab9f56a53f,SEND,DATA,982,1060,""
1756.876,sender,afd52c65-5ce1-4c35-a594-c7ab9f56a53f,SEND,DATA,983,1060,""
1756.886,sender,afd52c65-5ce1-4c35-a594-c7ab9f56a53f,SEND,DATA,984,1060,""
1756.896,sender,afd52c65-5ce1-4c35-a594-c7ab9f56a53f,SEND,DATA,985,1060,""
1756.906,sender,afd52c65-5ce1-4c35-a594-c7ab9f56a53f,SEND,DATA,986,1060,""
1756.917,sender,afd52c65-5ce1-4c35-a594-c7ab9f56a53f,SEND,DATA,987,1060,""
1756.947,sender,afd52c65-5ce1-4c35-a594-c7ab9f56a53f,SEND,DATA,988,1060,""
1756.958,sender,afd52c65-5ce1-4c35-a594-c7ab9f56a53f,SEND,DATA,989,1060,""
1756.968,sender,afd52c65-5ce1-4c35-a594-c7ab9f56a53f,SEND,DATA,990,1060,""
1756.992,sender,afd52c65-5ce1-4c35-a594-c7ab9f56a53f,RECEIVE,ACK,927,36,""
1757.011,sender,afd52c65-5ce1-4c35-a594-c7ab9f56a53f,ACKNOWLEDGED,ACK,927,0,""
1757.018,sender,afd52c65-5ce1-4c35-a594-c7ab9f56a53f,CONFIRM_DATA,ACK,927,1024,"unique file bytes acknowledged"
1757.029,sender,afd52c65-5ce1-4c35-a594-c7ab9f56a53f,RTT_SAMPLE,ACK,927,0,"112.439000"
1757.039,sender,afd52c65-5ce1-4c35-a594-c7ab9f56a53f,SEND,DATA,991,1060,""
1757.049,sender,afd52c65-5ce1-4c35-a594-c7ab9f56a53f,SEND,DATA,992,1060,""
1757.070,sender,afd52c65-5ce1-4c35-a594-c7ab9f56a53f,SEND,DATA,993,1060,""
1757.079,sender,afd52c65-5ce1-4c35-a594-c7ab9f56a53f,SEND,DATA,994,1060,""
1757.255,sender,afd52c65-5ce1-4c35-a594-c7ab9f56a53f,SEND,DATA,995,1060,""
1757.264,sender,afd52c65-5ce1-4c35-a594-c7ab9f56a53f,SEND,DATA,996,1060,""
1757.268,sender,afd52c65-5ce1-4c35-a594-c7ab9f56a53f,SEND,DATA,997,1060,""
1757.272,sender,afd52c65-5ce1-4c35-a594-c7ab9f56a53f,SEND,DATA,998,1060,""
1757.296,sender,afd52c65-5ce1-4c35-a594-c7ab9f56a53f,RECEIVE,ACK,937,36,""
1757.300,sender,afd52c65-5ce1-4c35-a594-c7ab9f56a53f,ACKNOWLEDGED,ACK,937,0,""
1757.302,sender,afd52c65-5ce1-4c35-a594-c7ab9f56a53f,CONFIRM_DATA,ACK,937,1024,"unique file bytes acknowledged"
1757.307,sender,afd52c65-5ce1-4c35-a594-c7ab9f56a53f,RTT_SAMPLE,ACK,937,0,"96.456800"
1757.316,sender,afd52c65-5ce1-4c35-a594-c7ab9f56a53f,RECEIVE,ACK,945,36,""
1757.319,sender,afd52c65-5ce1-4c35-a594-c7ab9f56a53f,ACKNOWLEDGED,ACK,945,0,""
1757.322,sender,afd52c65-5ce1-4c35-a594-c7ab9f56a53f,CONFIRM_DATA,ACK,945,1024,"unique file bytes acknowledged"
1757.324,sender,afd52c65-5ce1-4c35-a594-c7ab9f56a53f,RTT_SAMPLE,ACK,945,0,"80.836600"
1757.330,sender,afd52c65-5ce1-4c35-a594-c7ab9f56a53f,RECEIVE,ACK,970,36,""
1757.333,sender,afd52c65-5ce1-4c35-a594-c7ab9f56a53f,ACKNOWLEDGED,ACK,970,0,""
1757.335,sender,afd52c65-5ce1-4c35-a594-c7ab9f56a53f,CONFIRM_DATA,ACK,970,1024,"unique file bytes acknowledged"
1757.338,sender,afd52c65-5ce1-4c35-a594-c7ab9f56a53f,RTT_SAMPLE,ACK,970,0,"80.476200"
1757.344,sender,afd52c65-5ce1-4c35-a594-c7ab9f56a53f,RECEIVE,ACK,968,36,""
1757.346,sender,afd52c65-5ce1-4c35-a594-c7ab9f56a53f,ACKNOWLEDGED,ACK,968,0,""
1757.353,sender,afd52c65-5ce1-4c35-a594-c7ab9f56a53f,CONFIRM_DATA,ACK,968,1024,"unique file bytes acknowledged"
1757.355,sender,afd52c65-5ce1-4c35-a594-c7ab9f56a53f,RTT_SAMPLE,ACK,968,0,"80.512100"
1757.400,sender,afd52c65-5ce1-4c35-a594-c7ab9f56a53f,RECEIVE,ACK,935,36,""
1757.403,sender,afd52c65-5ce1-4c35-a594-c7ab9f56a53f,ACKNOWLEDGED,ACK,935,0,""
1757.405,sender,afd52c65-5ce1-4c35-a594-c7ab9f56a53f,CONFIRM_DATA,ACK,935,1024,"unique file bytes acknowledged"
1757.408,sender,afd52c65-5ce1-4c35-a594-c7ab9f56a53f,RTT_SAMPLE,ACK,935,0,"96.566800"
1757.411,sender,afd52c65-5ce1-4c35-a594-c7ab9f56a53f,SEND,DATA,999,1060,""
1757.414,sender,afd52c65-5ce1-4c35-a594-c7ab9f56a53f,SEND,DATA,1000,1060,""
1757.420,sender,afd52c65-5ce1-4c35-a594-c7ab9f56a53f,SEND,DATA,1001,1060,""
1757.423,sender,afd52c65-5ce1-4c35-a594-c7ab9f56a53f,SEND,DATA,1002,1060,""
1757.425,sender,afd52c65-5ce1-4c35-a594-c7ab9f56a53f,SEND,DATA,1003,1060,""
1757.428,sender,afd52c65-5ce1-4c35-a594-c7ab9f56a53f,SEND,DATA,1004,1060,""
1757.431,sender,afd52c65-5ce1-4c35-a594-c7ab9f56a53f,SEND,DATA,1005,1060,""
1757.435,sender,afd52c65-5ce1-4c35-a594-c7ab9f56a53f,RECEIVE,ACK,950,36,""
1757.437,sender,afd52c65-5ce1-4c35-a594-c7ab9f56a53f,ACKNOWLEDGED,ACK,950,0,""
1757.439,sender,afd52c65-5ce1-4c35-a594-c7ab9f56a53f,CONFIRM_DATA,ACK,950,1024,"unique file bytes acknowledged"
1757.442,sender,afd52c65-5ce1-4c35-a594-c7ab9f56a53f,RTT_SAMPLE,ACK,950,0,"80.904800"
1757.446,sender,afd52c65-5ce1-4c35-a594-c7ab9f56a53f,RECEIVE,ACK,960,36,""
1757.449,sender,afd52c65-5ce1-4c35-a594-c7ab9f56a53f,ACKNOWLEDGED,ACK,960,0,""
1757.451,sender,afd52c65-5ce1-4c35-a594-c7ab9f56a53f,CONFIRM_DATA,ACK,960,1024,"unique file bytes acknowledged"
1757.453,sender,afd52c65-5ce1-4c35-a594-c7ab9f56a53f,RTT_SAMPLE,ACK,960,0,"80.684100"
1757.458,sender,afd52c65-5ce1-4c35-a594-c7ab9f56a53f,RECEIVE,ACK,949,36,""
1757.460,sender,afd52c65-5ce1-4c35-a594-c7ab9f56a53f,ACKNOWLEDGED,ACK,949,0,""
1757.462,sender,afd52c65-5ce1-4c35-a594-c7ab9f56a53f,CONFIRM_DATA,ACK,949,1024,"unique file bytes acknowledged"
1757.464,sender,afd52c65-5ce1-4c35-a594-c7ab9f56a53f,RTT_SAMPLE,ACK,949,0,"80.937200"
1757.469,sender,afd52c65-5ce1-4c35-a594-c7ab9f56a53f,RECEIVE,ACK,956,36,""
1757.471,sender,afd52c65-5ce1-4c35-a594-c7ab9f56a53f,ACKNOWLEDGED,ACK,956,0,""
1757.473,sender,afd52c65-5ce1-4c35-a594-c7ab9f56a53f,CONFIRM_DATA,ACK,956,1024,"unique file bytes acknowledged"
1757.476,sender,afd52c65-5ce1-4c35-a594-c7ab9f56a53f,RTT_SAMPLE,ACK,956,0,"80.757900"
1757.480,sender,afd52c65-5ce1-4c35-a594-c7ab9f56a53f,RECEIVE,ACK,962,36,""
1757.483,sender,afd52c65-5ce1-4c35-a594-c7ab9f56a53f,ACKNOWLEDGED,ACK,962,0,""
1757.485,sender,afd52c65-5ce1-4c35-a594-c7ab9f56a53f,CONFIRM_DATA,ACK,962,1024,"unique file bytes acknowledged"
1757.487,sender,afd52c65-5ce1-4c35-a594-c7ab9f56a53f,RTT_SAMPLE,ACK,962,0,"80.699700"
1757.492,sender,afd52c65-5ce1-4c35-a594-c7ab9f56a53f,RECEIVE,ACK,947,36,""
1757.494,sender,afd52c65-5ce1-4c35-a594-c7ab9f56a53f,ACKNOWLEDGED,ACK,947,0,""
1757.496,sender,afd52c65-5ce1-4c35-a594-c7ab9f56a53f,CONFIRM_DATA,ACK,947,1024,"unique file bytes acknowledged"
1757.498,sender,afd52c65-5ce1-4c35-a594-c7ab9f56a53f,RTT_SAMPLE,ACK,947,0,"80.990100"
1757.503,sender,afd52c65-5ce1-4c35-a594-c7ab9f56a53f,RECEIVE,ACK,958,36,""
1757.505,sender,afd52c65-5ce1-4c35-a594-c7ab9f56a53f,ACKNOWLEDGED,ACK,958,0,""
1757.507,sender,afd52c65-5ce1-4c35-a594-c7ab9f56a53f,CONFIRM_DATA,ACK,958,1024,"unique file bytes acknowledged"
1757.509,sender,afd52c65-5ce1-4c35-a594-c7ab9f56a53f,RTT_SAMPLE,ACK,958,0,"80.759000"
1757.514,sender,afd52c65-5ce1-4c35-a594-c7ab9f56a53f,RECEIVE,ACK,973,36,""
1757.516,sender,afd52c65-5ce1-4c35-a594-c7ab9f56a53f,ACKNOWLEDGED,ACK,973,0,""
1757.518,sender,afd52c65-5ce1-4c35-a594-c7ab9f56a53f,CONFIRM_DATA,ACK,973,1024,"unique file bytes acknowledged"
1757.521,sender,afd52c65-5ce1-4c35-a594-c7ab9f56a53f,RTT_SAMPLE,ACK,973,0,"80.630900"
1757.525,sender,afd52c65-5ce1-4c35-a594-c7ab9f56a53f,RECEIVE,ACK,963,36,""
1757.527,sender,afd52c65-5ce1-4c35-a594-c7ab9f56a53f,ACKNOWLEDGED,ACK,963,0,""
1757.529,sender,afd52c65-5ce1-4c35-a594-c7ab9f56a53f,CONFIRM_DATA,ACK,963,1024,"unique file bytes acknowledged"
1757.532,sender,afd52c65-5ce1-4c35-a594-c7ab9f56a53f,RTT_SAMPLE,ACK,963,0,"80.734400"
1757.536,sender,afd52c65-5ce1-4c35-a594-c7ab9f56a53f,RECEIVE,ACK,948,36,""
1757.538,sender,afd52c65-5ce1-4c35-a594-c7ab9f56a53f,ACKNOWLEDGED,ACK,948,0,""
1757.540,sender,afd52c65-5ce1-4c35-a594-c7ab9f56a53f,CONFIRM_DATA,ACK,948,1024,"unique file bytes acknowledged"
1757.543,sender,afd52c65-5ce1-4c35-a594-c7ab9f56a53f,RTT_SAMPLE,ACK,948,0,"81.025100"
1771.910,sender,afd52c65-5ce1-4c35-a594-c7ab9f56a53f,RECEIVE,ACK,972,36,""
1771.924,sender,afd52c65-5ce1-4c35-a594-c7ab9f56a53f,ACKNOWLEDGED,ACK,972,0,""
1771.927,sender,afd52c65-5ce1-4c35-a594-c7ab9f56a53f,CONFIRM_DATA,ACK,972,1024,"unique file bytes acknowledged"
1771.936,sender,afd52c65-5ce1-4c35-a594-c7ab9f56a53f,RTT_SAMPLE,ACK,972,0,"95.054600"
1771.944,sender,afd52c65-5ce1-4c35-a594-c7ab9f56a53f,RECEIVE,ACK,944,36,""
1771.947,sender,afd52c65-5ce1-4c35-a594-c7ab9f56a53f,ACKNOWLEDGED,ACK,944,0,""
1771.950,sender,afd52c65-5ce1-4c35-a594-c7ab9f56a53f,CONFIRM_DATA,ACK,944,1024,"unique file bytes acknowledged"
1771.953,sender,afd52c65-5ce1-4c35-a594-c7ab9f56a53f,RTT_SAMPLE,ACK,944,0,"95.475200"
1771.960,sender,afd52c65-5ce1-4c35-a594-c7ab9f56a53f,RECEIVE,ACK,975,36,""
1771.962,sender,afd52c65-5ce1-4c35-a594-c7ab9f56a53f,ACKNOWLEDGED,ACK,975,0,""
1771.965,sender,afd52c65-5ce1-4c35-a594-c7ab9f56a53f,CONFIRM_DATA,ACK,975,1024,"unique file bytes acknowledged"
1771.969,sender,afd52c65-5ce1-4c35-a594-c7ab9f56a53f,RTT_SAMPLE,ACK,975,0,"94.961100"
1771.978,sender,afd52c65-5ce1-4c35-a594-c7ab9f56a53f,RECEIVE,ACK,971,36,""
1771.981,sender,afd52c65-5ce1-4c35-a594-c7ab9f56a53f,ACKNOWLEDGED,ACK,971,0,""
1771.984,sender,afd52c65-5ce1-4c35-a594-c7ab9f56a53f,CONFIRM_DATA,ACK,971,1024,"unique file bytes acknowledged"
1771.988,sender,afd52c65-5ce1-4c35-a594-c7ab9f56a53f,RTT_SAMPLE,ACK,971,0,"95.116500"
1771.995,sender,afd52c65-5ce1-4c35-a594-c7ab9f56a53f,RECEIVE,ACK,957,36,""
1771.998,sender,afd52c65-5ce1-4c35-a594-c7ab9f56a53f,ACKNOWLEDGED,ACK,957,0,""
1772.001,sender,afd52c65-5ce1-4c35-a594-c7ab9f56a53f,CONFIRM_DATA,ACK,957,1024,"unique file bytes acknowledged"
1772.004,sender,afd52c65-5ce1-4c35-a594-c7ab9f56a53f,RTT_SAMPLE,ACK,957,0,"95.275900"
1772.012,sender,afd52c65-5ce1-4c35-a594-c7ab9f56a53f,RECEIVE,ACK,953,36,""
1772.015,sender,afd52c65-5ce1-4c35-a594-c7ab9f56a53f,ACKNOWLEDGED,ACK,953,0,""
1772.017,sender,afd52c65-5ce1-4c35-a594-c7ab9f56a53f,CONFIRM_DATA,ACK,953,1024,"unique file bytes acknowledged"
1772.021,sender,afd52c65-5ce1-4c35-a594-c7ab9f56a53f,RTT_SAMPLE,ACK,953,0,"95.455100"
1772.028,sender,afd52c65-5ce1-4c35-a594-c7ab9f56a53f,RECEIVE,ACK,959,36,""
1772.031,sender,afd52c65-5ce1-4c35-a594-c7ab9f56a53f,ACKNOWLEDGED,ACK,959,0,""
1772.034,sender,afd52c65-5ce1-4c35-a594-c7ab9f56a53f,CONFIRM_DATA,ACK,959,1024,"unique file bytes acknowledged"
1772.037,sender,afd52c65-5ce1-4c35-a594-c7ab9f56a53f,RTT_SAMPLE,ACK,959,0,"95.277700"
1772.044,sender,afd52c65-5ce1-4c35-a594-c7ab9f56a53f,RECEIVE,ACK,954,36,""
1772.047,sender,afd52c65-5ce1-4c35-a594-c7ab9f56a53f,ACKNOWLEDGED,ACK,954,0,""
1772.050,sender,afd52c65-5ce1-4c35-a594-c7ab9f56a53f,CONFIRM_DATA,ACK,954,1024,"unique file bytes acknowledged"
1772.054,sender,afd52c65-5ce1-4c35-a594-c7ab9f56a53f,RTT_SAMPLE,ACK,954,0,"95.478400"
1772.060,sender,afd52c65-5ce1-4c35-a594-c7ab9f56a53f,RECEIVE,ACK,974,36,""
1772.067,sender,afd52c65-5ce1-4c35-a594-c7ab9f56a53f,ACKNOWLEDGED,ACK,974,0,""
1772.069,sender,afd52c65-5ce1-4c35-a594-c7ab9f56a53f,CONFIRM_DATA,ACK,974,1024,"unique file bytes acknowledged"
1772.073,sender,afd52c65-5ce1-4c35-a594-c7ab9f56a53f,RTT_SAMPLE,ACK,974,0,"95.123700"
1772.078,sender,afd52c65-5ce1-4c35-a594-c7ab9f56a53f,RECEIVE,ACK,961,36,""
1772.081,sender,afd52c65-5ce1-4c35-a594-c7ab9f56a53f,ACKNOWLEDGED,ACK,961,0,""
1772.083,sender,afd52c65-5ce1-4c35-a594-c7ab9f56a53f,CONFIRM_DATA,ACK,961,1024,"unique file bytes acknowledged"
1772.086,sender,afd52c65-5ce1-4c35-a594-c7ab9f56a53f,RTT_SAMPLE,ACK,961,0,"95.308000"
1772.092,sender,afd52c65-5ce1-4c35-a594-c7ab9f56a53f,RECEIVE,ACK,942,36,""
1772.094,sender,afd52c65-5ce1-4c35-a594-c7ab9f56a53f,ACKNOWLEDGED,ACK,942,0,""
1772.126,sender,afd52c65-5ce1-4c35-a594-c7ab9f56a53f,CONFIRM_DATA,ACK,942,1024,"unique file bytes acknowledged"
1772.130,sender,afd52c65-5ce1-4c35-a594-c7ab9f56a53f,RTT_SAMPLE,ACK,942,0,"95.679700"
1772.134,sender,afd52c65-5ce1-4c35-a594-c7ab9f56a53f,SEND,DATA,1006,1060,""
1772.139,sender,afd52c65-5ce1-4c35-a594-c7ab9f56a53f,SEND,DATA,1007,1060,""
1772.143,sender,afd52c65-5ce1-4c35-a594-c7ab9f56a53f,SEND,DATA,1008,1060,""
1772.146,sender,afd52c65-5ce1-4c35-a594-c7ab9f56a53f,SEND,DATA,1009,1060,""
1772.151,sender,afd52c65-5ce1-4c35-a594-c7ab9f56a53f,RECEIVE,ACK,952,36,""
1772.157,sender,afd52c65-5ce1-4c35-a594-c7ab9f56a53f,ACKNOWLEDGED,ACK,952,0,""
1772.159,sender,afd52c65-5ce1-4c35-a594-c7ab9f56a53f,CONFIRM_DATA,ACK,952,1024,"unique file bytes acknowledged"
1772.162,sender,afd52c65-5ce1-4c35-a594-c7ab9f56a53f,RTT_SAMPLE,ACK,952,0,"95.605600"
1772.167,sender,afd52c65-5ce1-4c35-a594-c7ab9f56a53f,RECEIVE,ACK,967,36,""
1772.169,sender,afd52c65-5ce1-4c35-a594-c7ab9f56a53f,ACKNOWLEDGED,ACK,967,0,""
1772.171,sender,afd52c65-5ce1-4c35-a594-c7ab9f56a53f,CONFIRM_DATA,ACK,967,1024,"unique file bytes acknowledged"
1772.174,sender,afd52c65-5ce1-4c35-a594-c7ab9f56a53f,RTT_SAMPLE,ACK,967,0,"95.339500"
1772.178,sender,afd52c65-5ce1-4c35-a594-c7ab9f56a53f,RECEIVE,ACK,966,36,""
1772.180,sender,afd52c65-5ce1-4c35-a594-c7ab9f56a53f,ACKNOWLEDGED,ACK,966,0,""
1772.183,sender,afd52c65-5ce1-4c35-a594-c7ab9f56a53f,CONFIRM_DATA,ACK,966,1024,"unique file bytes acknowledged"
1772.185,sender,afd52c65-5ce1-4c35-a594-c7ab9f56a53f,RTT_SAMPLE,ACK,966,0,"95.360400"
1772.190,sender,afd52c65-5ce1-4c35-a594-c7ab9f56a53f,RECEIVE,ACK,951,36,""
1772.192,sender,afd52c65-5ce1-4c35-a594-c7ab9f56a53f,ACKNOWLEDGED,ACK,951,0,""
1772.194,sender,afd52c65-5ce1-4c35-a594-c7ab9f56a53f,CONFIRM_DATA,ACK,951,1024,"unique file bytes acknowledged"
1772.197,sender,afd52c65-5ce1-4c35-a594-c7ab9f56a53f,RTT_SAMPLE,ACK,951,0,"95.650200"
1772.214,sender,afd52c65-5ce1-4c35-a594-c7ab9f56a53f,RECEIVE,ACK,946,36,""
1772.217,sender,afd52c65-5ce1-4c35-a594-c7ab9f56a53f,ACKNOWLEDGED,ACK,946,0,""
1772.219,sender,afd52c65-5ce1-4c35-a594-c7ab9f56a53f,CONFIRM_DATA,ACK,946,1024,"unique file bytes acknowledged"
1772.222,sender,afd52c65-5ce1-4c35-a594-c7ab9f56a53f,RTT_SAMPLE,ACK,946,0,"95.724400"
1772.226,sender,afd52c65-5ce1-4c35-a594-c7ab9f56a53f,SEND,DATA,1010,1060,""
1772.229,sender,afd52c65-5ce1-4c35-a594-c7ab9f56a53f,SEND,DATA,1011,1060,""
1772.232,sender,afd52c65-5ce1-4c35-a594-c7ab9f56a53f,SEND,DATA,1012,1060,""
1772.235,sender,afd52c65-5ce1-4c35-a594-c7ab9f56a53f,SEND,DATA,1013,1060,""
1772.238,sender,afd52c65-5ce1-4c35-a594-c7ab9f56a53f,SEND,DATA,1014,1060,""
1772.241,sender,afd52c65-5ce1-4c35-a594-c7ab9f56a53f,SEND,DATA,1015,1060,""
1772.244,sender,afd52c65-5ce1-4c35-a594-c7ab9f56a53f,SEND,DATA,1016,1060,""
1772.251,sender,afd52c65-5ce1-4c35-a594-c7ab9f56a53f,SEND,DATA,1017,1060,""
1772.254,sender,afd52c65-5ce1-4c35-a594-c7ab9f56a53f,SEND,DATA,1018,1060,""
1772.259,sender,afd52c65-5ce1-4c35-a594-c7ab9f56a53f,RECEIVE,ACK,965,36,""
1772.262,sender,afd52c65-5ce1-4c35-a594-c7ab9f56a53f,ACKNOWLEDGED,ACK,965,0,""
1772.264,sender,afd52c65-5ce1-4c35-a594-c7ab9f56a53f,CONFIRM_DATA,ACK,965,1024,"unique file bytes acknowledged"
1772.268,sender,afd52c65-5ce1-4c35-a594-c7ab9f56a53f,RTT_SAMPLE,ACK,965,0,"95.451800"
1787.405,sender,afd52c65-5ce1-4c35-a594-c7ab9f56a53f,EMIT,DATA,987,1060,""
1787.435,sender,afd52c65-5ce1-4c35-a594-c7ab9f56a53f,RECEIVE,ACK,964,36,""
1787.450,sender,afd52c65-5ce1-4c35-a594-c7ab9f56a53f,EMIT,DATA,978,1060,""
1787.455,sender,afd52c65-5ce1-4c35-a594-c7ab9f56a53f,ACKNOWLEDGED,ACK,964,0,""
1787.461,sender,afd52c65-5ce1-4c35-a594-c7ab9f56a53f,CONFIRM_DATA,ACK,964,1024,"unique file bytes acknowledged"
1787.471,sender,afd52c65-5ce1-4c35-a594-c7ab9f56a53f,EMIT,DATA,999,1060,""
1787.477,sender,afd52c65-5ce1-4c35-a594-c7ab9f56a53f,RTT_SAMPLE,ACK,964,0,"110.664900"
1787.483,sender,afd52c65-5ce1-4c35-a594-c7ab9f56a53f,EMIT,DATA,994,1060,""
1787.712,sender,afd52c65-5ce1-4c35-a594-c7ab9f56a53f,RECEIVE,ACK,969,36,""
1787.721,sender,afd52c65-5ce1-4c35-a594-c7ab9f56a53f,ACKNOWLEDGED,ACK,969,0,""
1787.725,sender,afd52c65-5ce1-4c35-a594-c7ab9f56a53f,CONFIRM_DATA,ACK,969,1024,"unique file bytes acknowledged"
1787.731,sender,afd52c65-5ce1-4c35-a594-c7ab9f56a53f,RTT_SAMPLE,ACK,969,0,"110.876300"
1802.576,sender,afd52c65-5ce1-4c35-a594-c7ab9f56a53f,RECEIVE,ACK,976,36,""
1802.597,sender,afd52c65-5ce1-4c35-a594-c7ab9f56a53f,EMIT,DATA,977,1060,""
1802.608,sender,afd52c65-5ce1-4c35-a594-c7ab9f56a53f,ACKNOWLEDGED,ACK,976,0,""
1802.611,sender,afd52c65-5ce1-4c35-a594-c7ab9f56a53f,CONFIRM_DATA,ACK,976,1024,"unique file bytes acknowledged"
1802.616,sender,afd52c65-5ce1-4c35-a594-c7ab9f56a53f,RTT_SAMPLE,ACK,976,0,"93.902900"
1802.623,sender,afd52c65-5ce1-4c35-a594-c7ab9f56a53f,RECEIVE,ACK,955,36,""
1802.626,sender,afd52c65-5ce1-4c35-a594-c7ab9f56a53f,ACKNOWLEDGED,ACK,955,0,""
1802.628,sender,afd52c65-5ce1-4c35-a594-c7ab9f56a53f,CONFIRM_DATA,ACK,955,1024,"unique file bytes acknowledged"
1802.632,sender,afd52c65-5ce1-4c35-a594-c7ab9f56a53f,RTT_SAMPLE,ACK,955,0,"126.047000"
1802.636,sender,afd52c65-5ce1-4c35-a594-c7ab9f56a53f,SEND,DATA,1019,1060,""
1802.641,sender,afd52c65-5ce1-4c35-a594-c7ab9f56a53f,SEND,DATA,1020,1060,""
1802.645,sender,afd52c65-5ce1-4c35-a594-c7ab9f56a53f,SEND,DATA,1021,1060,""
1802.660,sender,afd52c65-5ce1-4c35-a594-c7ab9f56a53f,SEND,DATA,1022,1060,""
1802.663,sender,afd52c65-5ce1-4c35-a594-c7ab9f56a53f,SEND,DATA,1023,1060,""
1802.667,sender,afd52c65-5ce1-4c35-a594-c7ab9f56a53f,EMIT,DATA,1000,1060,""
1802.684,sender,afd52c65-5ce1-4c35-a594-c7ab9f56a53f,EMIT,DATA,980,1060,""
1802.693,sender,afd52c65-5ce1-4c35-a594-c7ab9f56a53f,EMIT,DATA,1003,1060,""
1802.701,sender,afd52c65-5ce1-4c35-a594-c7ab9f56a53f,EMIT,DATA,979,1060,""
1802.722,sender,afd52c65-5ce1-4c35-a594-c7ab9f56a53f,EMIT,DATA,1004,1060,""
1802.730,sender,afd52c65-5ce1-4c35-a594-c7ab9f56a53f,EMIT,DATA,986,1060,""
1802.739,sender,afd52c65-5ce1-4c35-a594-c7ab9f56a53f,EMIT,DATA,982,1060,""
1802.748,sender,afd52c65-5ce1-4c35-a594-c7ab9f56a53f,EMIT,DATA,993,1060,""
1802.757,sender,afd52c65-5ce1-4c35-a594-c7ab9f56a53f,EMIT,DATA,997,1060,""
1802.766,sender,afd52c65-5ce1-4c35-a594-c7ab9f56a53f,EMIT,DATA,1001,1060,""
1802.775,sender,afd52c65-5ce1-4c35-a594-c7ab9f56a53f,EMIT,DATA,1013,1060,""
1802.783,sender,afd52c65-5ce1-4c35-a594-c7ab9f56a53f,EMIT,DATA,996,1060,""
1802.792,sender,afd52c65-5ce1-4c35-a594-c7ab9f56a53f,EMIT,DATA,1006,1060,""
1802.802,sender,afd52c65-5ce1-4c35-a594-c7ab9f56a53f,EMIT,DATA,1009,1060,""
1802.811,sender,afd52c65-5ce1-4c35-a594-c7ab9f56a53f,EMIT,DATA,995,1060,""
1802.820,sender,afd52c65-5ce1-4c35-a594-c7ab9f56a53f,EMIT,DATA,1002,1060,""
1802.838,sender,afd52c65-5ce1-4c35-a594-c7ab9f56a53f,EMIT,DATA,981,1060,""
1802.846,sender,afd52c65-5ce1-4c35-a594-c7ab9f56a53f,EMIT,DATA,1018,1060,""
1802.854,sender,afd52c65-5ce1-4c35-a594-c7ab9f56a53f,EMIT,DATA,992,1060,""
1802.862,sender,afd52c65-5ce1-4c35-a594-c7ab9f56a53f,EMIT,DATA,998,1060,""
1802.870,sender,afd52c65-5ce1-4c35-a594-c7ab9f56a53f,EMIT,DATA,984,1060,""
1817.851,sender,afd52c65-5ce1-4c35-a594-c7ab9f56a53f,EMIT,DATA,983,1060,""
1817.903,sender,afd52c65-5ce1-4c35-a594-c7ab9f56a53f,EMIT,DATA,989,1060,""
1817.937,sender,afd52c65-5ce1-4c35-a594-c7ab9f56a53f,EMIT,DATA,990,1060,""
1818.143,sender,afd52c65-5ce1-4c35-a594-c7ab9f56a53f,RECEIVE,ACK,999,36,""
1818.153,sender,afd52c65-5ce1-4c35-a594-c7ab9f56a53f,EMIT,DATA,985,1060,""
1818.160,sender,afd52c65-5ce1-4c35-a594-c7ab9f56a53f,ACKNOWLEDGED,ACK,999,0,""
1818.164,sender,afd52c65-5ce1-4c35-a594-c7ab9f56a53f,CONFIRM_DATA,ACK,999,1024,"unique file bytes acknowledged"
1818.169,sender,afd52c65-5ce1-4c35-a594-c7ab9f56a53f,RTT_SAMPLE,ACK,999,0,"60.756100"
1818.172,sender,afd52c65-5ce1-4c35-a594-c7ab9f56a53f,EMIT,DATA,1015,1060,""
1818.182,sender,afd52c65-5ce1-4c35-a594-c7ab9f56a53f,EMIT,DATA,1005,1060,""
1818.202,sender,afd52c65-5ce1-4c35-a594-c7ab9f56a53f,EMIT,DATA,988,1060,""
1818.205,sender,afd52c65-5ce1-4c35-a594-c7ab9f56a53f,RECEIVE,ACK,987,36,""
1818.213,sender,afd52c65-5ce1-4c35-a594-c7ab9f56a53f,EMIT,DATA,1011,1060,""
1818.266,sender,afd52c65-5ce1-4c35-a594-c7ab9f56a53f,EMIT,DATA,1014,1060,""
1818.271,sender,afd52c65-5ce1-4c35-a594-c7ab9f56a53f,ACKNOWLEDGED,ACK,987,0,""
1818.282,sender,afd52c65-5ce1-4c35-a594-c7ab9f56a53f,EMIT,DATA,991,1060,""
1818.285,sender,afd52c65-5ce1-4c35-a594-c7ab9f56a53f,CONFIRM_DATA,ACK,987,1024,"unique file bytes acknowledged"
1818.293,sender,afd52c65-5ce1-4c35-a594-c7ab9f56a53f,EMIT,DATA,1007,1060,""
1818.298,sender,afd52c65-5ce1-4c35-a594-c7ab9f56a53f,RTT_SAMPLE,ACK,987,0,"61.376100"
1818.306,sender,afd52c65-5ce1-4c35-a594-c7ab9f56a53f,EMIT,DATA,1012,1060,""
1818.315,sender,afd52c65-5ce1-4c35-a594-c7ab9f56a53f,EMIT,DATA,1010,1060,""
1818.323,sender,afd52c65-5ce1-4c35-a594-c7ab9f56a53f,EMIT,DATA,1017,1060,""
1832.630,sender,afd52c65-5ce1-4c35-a594-c7ab9f56a53f,EMIT,DATA,1016,1060,""
1832.653,sender,afd52c65-5ce1-4c35-a594-c7ab9f56a53f,EMIT,DATA,1008,1060,""
1832.663,sender,afd52c65-5ce1-4c35-a594-c7ab9f56a53f,EMIT,DATA,1023,1060,""
1832.815,sender,afd52c65-5ce1-4c35-a594-c7ab9f56a53f,RECEIVE,ACK,994,36,""
1832.825,sender,afd52c65-5ce1-4c35-a594-c7ab9f56a53f,ACKNOWLEDGED,ACK,994,0,""
1832.828,sender,afd52c65-5ce1-4c35-a594-c7ab9f56a53f,CONFIRM_DATA,ACK,994,1024,"unique file bytes acknowledged"
1832.833,sender,afd52c65-5ce1-4c35-a594-c7ab9f56a53f,RTT_SAMPLE,ACK,994,0,"75.752300"
1832.844,sender,afd52c65-5ce1-4c35-a594-c7ab9f56a53f,RECEIVE,ACK,980,36,""
1832.847,sender,afd52c65-5ce1-4c35-a594-c7ab9f56a53f,ACKNOWLEDGED,ACK,980,0,""
1832.850,sender,afd52c65-5ce1-4c35-a594-c7ab9f56a53f,CONFIRM_DATA,ACK,980,1024,"unique file bytes acknowledged"
1832.853,sender,afd52c65-5ce1-4c35-a594-c7ab9f56a53f,RTT_SAMPLE,ACK,980,0,"76.006300"
1832.858,sender,afd52c65-5ce1-4c35-a594-c7ab9f56a53f,RECEIVE,ACK,997,36,""
1832.861,sender,afd52c65-5ce1-4c35-a594-c7ab9f56a53f,ACKNOWLEDGED,ACK,997,0,""
1832.863,sender,afd52c65-5ce1-4c35-a594-c7ab9f56a53f,CONFIRM_DATA,ACK,997,1024,"unique file bytes acknowledged"
1832.866,sender,afd52c65-5ce1-4c35-a594-c7ab9f56a53f,RTT_SAMPLE,ACK,997,0,"75.597600"
1832.872,sender,afd52c65-5ce1-4c35-a594-c7ab9f56a53f,RECEIVE,ACK,998,36,""
1832.874,sender,afd52c65-5ce1-4c35-a594-c7ab9f56a53f,ACKNOWLEDGED,ACK,998,0,""
1832.877,sender,afd52c65-5ce1-4c35-a594-c7ab9f56a53f,CONFIRM_DATA,ACK,998,1024,"unique file bytes acknowledged"
1832.880,sender,afd52c65-5ce1-4c35-a594-c7ab9f56a53f,RTT_SAMPLE,ACK,998,0,"75.607600"
1832.885,sender,afd52c65-5ce1-4c35-a594-c7ab9f56a53f,RECEIVE,ACK,1003,36,""
1832.887,sender,afd52c65-5ce1-4c35-a594-c7ab9f56a53f,ACKNOWLEDGED,ACK,1003,0,""
1832.890,sender,afd52c65-5ce1-4c35-a594-c7ab9f56a53f,CONFIRM_DATA,ACK,1003,1024,"unique file bytes acknowledged"
1832.893,sender,afd52c65-5ce1-4c35-a594-c7ab9f56a53f,RTT_SAMPLE,ACK,1003,0,"75.467000"
1848.448,sender,afd52c65-5ce1-4c35-a594-c7ab9f56a53f,EMIT,DATA,1022,1060,""
1848.959,sender,afd52c65-5ce1-4c35-a594-c7ab9f56a53f,RECEIVE,ACK,981,36,""
1848.967,sender,afd52c65-5ce1-4c35-a594-c7ab9f56a53f,ACKNOWLEDGED,ACK,981,0,""
1848.970,sender,afd52c65-5ce1-4c35-a594-c7ab9f56a53f,CONFIRM_DATA,ACK,981,1024,"unique file bytes acknowledged"
1848.975,sender,afd52c65-5ce1-4c35-a594-c7ab9f56a53f,RTT_SAMPLE,ACK,981,0,"92.116600"
1848.985,sender,afd52c65-5ce1-4c35-a594-c7ab9f56a53f,RECEIVE,ACK,1018,36,""
1848.987,sender,afd52c65-5ce1-4c35-a594-c7ab9f56a53f,ACKNOWLEDGED,ACK,1018,0,""
1848.989,sender,afd52c65-5ce1-4c35-a594-c7ab9f56a53f,CONFIRM_DATA,ACK,1018,1024,"unique file bytes acknowledged"
1848.992,sender,afd52c65-5ce1-4c35-a594-c7ab9f56a53f,RTT_SAMPLE,ACK,1018,0,"76.737200"
1848.996,sender,afd52c65-5ce1-4c35-a594-c7ab9f56a53f,RECEIVE,ACK,979,36,""
1848.999,sender,afd52c65-5ce1-4c35-a594-c7ab9f56a53f,ACKNOWLEDGED,ACK,979,0,""
1849.001,sender,afd52c65-5ce1-4c35-a594-c7ab9f56a53f,CONFIRM_DATA,ACK,979,1024,"unique file bytes acknowledged"
1849.003,sender,afd52c65-5ce1-4c35-a594-c7ab9f56a53f,RTT_SAMPLE,ACK,979,0,"92.169400"
1849.007,sender,afd52c65-5ce1-4c35-a594-c7ab9f56a53f,RECEIVE,ACK,1009,36,""
1849.010,sender,afd52c65-5ce1-4c35-a594-c7ab9f56a53f,ACKNOWLEDGED,ACK,1009,0,""
1849.012,sender,afd52c65-5ce1-4c35-a594-c7ab9f56a53f,CONFIRM_DATA,ACK,1009,1024,"unique file bytes acknowledged"
1849.014,sender,afd52c65-5ce1-4c35-a594-c7ab9f56a53f,RTT_SAMPLE,ACK,1009,0,"76.868300"
1849.019,sender,afd52c65-5ce1-4c35-a594-c7ab9f56a53f,RECEIVE,ACK,978,36,""
1849.021,sender,afd52c65-5ce1-4c35-a594-c7ab9f56a53f,ACKNOWLEDGED,ACK,978,0,""
1849.035,sender,afd52c65-5ce1-4c35-a594-c7ab9f56a53f,CONFIRM_DATA,ACK,978,1024,"unique file bytes acknowledged"
1849.038,sender,afd52c65-5ce1-4c35-a594-c7ab9f56a53f,RTT_SAMPLE,ACK,978,0,"108.881200"
1849.043,sender,afd52c65-5ce1-4c35-a594-c7ab9f56a53f,RECEIVE,ACK,1002,36,""
1849.045,sender,afd52c65-5ce1-4c35-a594-c7ab9f56a53f,ACKNOWLEDGED,ACK,1002,0,""
1849.047,sender,afd52c65-5ce1-4c35-a594-c7ab9f56a53f,CONFIRM_DATA,ACK,1002,1024,"unique file bytes acknowledged"
1849.050,sender,afd52c65-5ce1-4c35-a594-c7ab9f56a53f,RTT_SAMPLE,ACK,1002,0,"91.626500"
1849.054,sender,afd52c65-5ce1-4c35-a594-c7ab9f56a53f,RECEIVE,ACK,984,36,""
1849.057,sender,afd52c65-5ce1-4c35-a594-c7ab9f56a53f,ACKNOWLEDGED,ACK,984,0,""
1849.059,sender,afd52c65-5ce1-4c35-a594-c7ab9f56a53f,CONFIRM_DATA,ACK,984,1024,"unique file bytes acknowledged"
1849.062,sender,afd52c65-5ce1-4c35-a594-c7ab9f56a53f,RTT_SAMPLE,ACK,984,0,"92.175700"
1849.066,sender,afd52c65-5ce1-4c35-a594-c7ab9f56a53f,RECEIVE,ACK,1006,36,""
1849.068,sender,afd52c65-5ce1-4c35-a594-c7ab9f56a53f,ACKNOWLEDGED,ACK,1006,0,""
1849.070,sender,afd52c65-5ce1-4c35-a594-c7ab9f56a53f,CONFIRM_DATA,ACK,1006,1024,"unique file bytes acknowledged"
1849.073,sender,afd52c65-5ce1-4c35-a594-c7ab9f56a53f,RTT_SAMPLE,ACK,1006,0,"76.939200"
1849.078,sender,afd52c65-5ce1-4c35-a594-c7ab9f56a53f,RECEIVE,ACK,992,36,""
1849.080,sender,afd52c65-5ce1-4c35-a594-c7ab9f56a53f,ACKNOWLEDGED,ACK,992,0,""
1849.082,sender,afd52c65-5ce1-4c35-a594-c7ab9f56a53f,CONFIRM_DATA,ACK,992,1024,"unique file bytes acknowledged"
1849.084,sender,afd52c65-5ce1-4c35-a594-c7ab9f56a53f,RTT_SAMPLE,ACK,992,0,"92.035700"
1849.089,sender,afd52c65-5ce1-4c35-a594-c7ab9f56a53f,RECEIVE,ACK,1013,36,""
1849.091,sender,afd52c65-5ce1-4c35-a594-c7ab9f56a53f,ACKNOWLEDGED,ACK,1013,0,""
1849.093,sender,afd52c65-5ce1-4c35-a594-c7ab9f56a53f,CONFIRM_DATA,ACK,1013,1024,"unique file bytes acknowledged"
1849.096,sender,afd52c65-5ce1-4c35-a594-c7ab9f56a53f,RTT_SAMPLE,ACK,1013,0,"76.860300"
1849.100,sender,afd52c65-5ce1-4c35-a594-c7ab9f56a53f,RECEIVE,ACK,993,36,""
1849.106,sender,afd52c65-5ce1-4c35-a594-c7ab9f56a53f,ACKNOWLEDGED,ACK,993,0,""
1849.108,sender,afd52c65-5ce1-4c35-a594-c7ab9f56a53f,CONFIRM_DATA,ACK,993,1024,"unique file bytes acknowledged"
1849.111,sender,afd52c65-5ce1-4c35-a594-c7ab9f56a53f,RTT_SAMPLE,ACK,993,0,"92.040400"
1849.115,sender,afd52c65-5ce1-4c35-a594-c7ab9f56a53f,RECEIVE,ACK,1000,36,""
1849.117,sender,afd52c65-5ce1-4c35-a594-c7ab9f56a53f,ACKNOWLEDGED,ACK,1000,0,""
1849.122,sender,afd52c65-5ce1-4c35-a594-c7ab9f56a53f,CONFIRM_DATA,ACK,1000,1024,"unique file bytes acknowledged"
1849.125,sender,afd52c65-5ce1-4c35-a594-c7ab9f56a53f,RTT_SAMPLE,ACK,1000,0,"91.710500"
1849.129,sender,afd52c65-5ce1-4c35-a594-c7ab9f56a53f,RECEIVE,ACK,982,36,""
1849.131,sender,afd52c65-5ce1-4c35-a594-c7ab9f56a53f,ACKNOWLEDGED,ACK,982,0,""
1849.134,sender,afd52c65-5ce1-4c35-a594-c7ab9f56a53f,CONFIRM_DATA,ACK,982,1024,"unique file bytes acknowledged"
1849.136,sender,afd52c65-5ce1-4c35-a594-c7ab9f56a53f,RTT_SAMPLE,ACK,982,0,"92.269600"
1849.140,sender,afd52c65-5ce1-4c35-a594-c7ab9f56a53f,RECEIVE,ACK,1005,36,""
1849.143,sender,afd52c65-5ce1-4c35-a594-c7ab9f56a53f,ACKNOWLEDGED,ACK,1005,0,""
1849.145,sender,afd52c65-5ce1-4c35-a594-c7ab9f56a53f,CONFIRM_DATA,ACK,1005,1024,"unique file bytes acknowledged"
1849.147,sender,afd52c65-5ce1-4c35-a594-c7ab9f56a53f,RTT_SAMPLE,ACK,1005,0,"91.716500"
1849.152,sender,afd52c65-5ce1-4c35-a594-c7ab9f56a53f,RECEIVE,ACK,1001,36,""
1849.154,sender,afd52c65-5ce1-4c35-a594-c7ab9f56a53f,ACKNOWLEDGED,ACK,1001,0,""
1849.156,sender,afd52c65-5ce1-4c35-a594-c7ab9f56a53f,CONFIRM_DATA,ACK,1001,1024,"unique file bytes acknowledged"
1849.159,sender,afd52c65-5ce1-4c35-a594-c7ab9f56a53f,RTT_SAMPLE,ACK,1001,0,"91.738200"
1849.195,sender,afd52c65-5ce1-4c35-a594-c7ab9f56a53f,RECEIVE,ACK,996,36,""
1849.197,sender,afd52c65-5ce1-4c35-a594-c7ab9f56a53f,ACKNOWLEDGED,ACK,996,0,""
1849.199,sender,afd52c65-5ce1-4c35-a594-c7ab9f56a53f,CONFIRM_DATA,ACK,996,1024,"unique file bytes acknowledged"
1849.206,sender,afd52c65-5ce1-4c35-a594-c7ab9f56a53f,RTT_SAMPLE,ACK,996,0,"91.941300"
1849.210,sender,afd52c65-5ce1-4c35-a594-c7ab9f56a53f,RECEIVE,ACK,1010,36,""
1849.212,sender,afd52c65-5ce1-4c35-a594-c7ab9f56a53f,ACKNOWLEDGED,ACK,1010,0,""
1849.214,sender,afd52c65-5ce1-4c35-a594-c7ab9f56a53f,CONFIRM_DATA,ACK,1010,1024,"unique file bytes acknowledged"
1849.216,sender,afd52c65-5ce1-4c35-a594-c7ab9f56a53f,RTT_SAMPLE,ACK,1010,0,"76.990300"
1849.221,sender,afd52c65-5ce1-4c35-a594-c7ab9f56a53f,RECEIVE,ACK,986,36,""
1849.223,sender,afd52c65-5ce1-4c35-a594-c7ab9f56a53f,ACKNOWLEDGED,ACK,986,0,""
1849.225,sender,afd52c65-5ce1-4c35-a594-c7ab9f56a53f,CONFIRM_DATA,ACK,986,1024,"unique file bytes acknowledged"
1849.227,sender,afd52c65-5ce1-4c35-a594-c7ab9f56a53f,RTT_SAMPLE,ACK,986,0,"92.321500"
1849.231,sender,afd52c65-5ce1-4c35-a594-c7ab9f56a53f,RECEIVE,ACK,995,36,""
1849.233,sender,afd52c65-5ce1-4c35-a594-c7ab9f56a53f,ACKNOWLEDGED,ACK,995,0,""
1849.235,sender,afd52c65-5ce1-4c35-a594-c7ab9f56a53f,CONFIRM_DATA,ACK,995,1024,"unique file bytes acknowledged"
1849.238,sender,afd52c65-5ce1-4c35-a594-c7ab9f56a53f,RTT_SAMPLE,ACK,995,0,"91.982700"
1849.242,sender,afd52c65-5ce1-4c35-a594-c7ab9f56a53f,RECEIVE,ACK,989,36,""
1849.244,sender,afd52c65-5ce1-4c35-a594-c7ab9f56a53f,ACKNOWLEDGED,ACK,989,0,""
1849.246,sender,afd52c65-5ce1-4c35-a594-c7ab9f56a53f,CONFIRM_DATA,ACK,989,1024,"unique file bytes acknowledged"
1849.261,sender,afd52c65-5ce1-4c35-a594-c7ab9f56a53f,RTT_SAMPLE,ACK,989,0,"92.302600"
1849.266,sender,afd52c65-5ce1-4c35-a594-c7ab9f56a53f,RECEIVE,ACK,991,36,""
1849.268,sender,afd52c65-5ce1-4c35-a594-c7ab9f56a53f,ACKNOWLEDGED,ACK,991,0,""
1849.270,sender,afd52c65-5ce1-4c35-a594-c7ab9f56a53f,CONFIRM_DATA,ACK,991,1024,"unique file bytes acknowledged"
1849.273,sender,afd52c65-5ce1-4c35-a594-c7ab9f56a53f,RTT_SAMPLE,ACK,991,0,"92.234100"
1864.422,sender,afd52c65-5ce1-4c35-a594-c7ab9f56a53f,EMIT,DATA,1021,1060,""
1864.512,sender,afd52c65-5ce1-4c35-a594-c7ab9f56a53f,EMIT,DATA,1020,1060,""
1864.557,sender,afd52c65-5ce1-4c35-a594-c7ab9f56a53f,EMIT,DATA,1019,1060,""
1864.912,sender,afd52c65-5ce1-4c35-a594-c7ab9f56a53f,RECEIVE,ACK,977,36,""
1864.921,sender,afd52c65-5ce1-4c35-a594-c7ab9f56a53f,ACKNOWLEDGED,ACK,977,0,""
1864.925,sender,afd52c65-5ce1-4c35-a594-c7ab9f56a53f,CONFIRM_DATA,ACK,977,1024,"unique file bytes acknowledged"
1864.930,sender,afd52c65-5ce1-4c35-a594-c7ab9f56a53f,RTT_SAMPLE,ACK,977,0,"124.776700"
1864.941,sender,afd52c65-5ce1-4c35-a594-c7ab9f56a53f,RECEIVE,ACK,1011,36,""
1864.943,sender,afd52c65-5ce1-4c35-a594-c7ab9f56a53f,ACKNOWLEDGED,ACK,1011,0,""
1864.955,sender,afd52c65-5ce1-4c35-a594-c7ab9f56a53f,CONFIRM_DATA,ACK,1011,1024,"unique file bytes acknowledged"
1864.967,sender,afd52c65-5ce1-4c35-a594-c7ab9f56a53f,RTT_SAMPLE,ACK,1011,0,"92.736700"
1864.973,sender,afd52c65-5ce1-4c35-a594-c7ab9f56a53f,RECEIVE,ACK,1004,36,""
1864.976,sender,afd52c65-5ce1-4c35-a594-c7ab9f56a53f,ACKNOWLEDGED,ACK,1004,0,""
1864.978,sender,afd52c65-5ce1-4c35-a594-c7ab9f56a53f,CONFIRM_DATA,ACK,1004,1024,"unique file bytes acknowledged"
1864.981,sender,afd52c65-5ce1-4c35-a594-c7ab9f56a53f,RTT_SAMPLE,ACK,1004,0,"107.552600"
1864.987,sender,afd52c65-5ce1-4c35-a594-c7ab9f56a53f,RECEIVE,ACK,990,36,""
1864.989,sender,afd52c65-5ce1-4c35-a594-c7ab9f56a53f,ACKNOWLEDGED,ACK,990,0,""
1864.992,sender,afd52c65-5ce1-4c35-a594-c7ab9f56a53f,CONFIRM_DATA,ACK,990,1024,"unique file bytes acknowledged"
1864.995,sender,afd52c65-5ce1-4c35-a594-c7ab9f56a53f,RTT_SAMPLE,ACK,990,0,"108.026300"
1865.000,sender,afd52c65-5ce1-4c35-a594-c7ab9f56a53f,RECEIVE,ACK,988,36,""
1865.003,sender,afd52c65-5ce1-4c35-a594-c7ab9f56a53f,ACKNOWLEDGED,ACK,988,0,""
1865.005,sender,afd52c65-5ce1-4c35-a594-c7ab9f56a53f,CONFIRM_DATA,ACK,988,1024,"unique file bytes acknowledged"
1865.008,sender,afd52c65-5ce1-4c35-a594-c7ab9f56a53f,RTT_SAMPLE,ACK,988,0,"108.061300"
1865.013,sender,afd52c65-5ce1-4c35-a594-c7ab9f56a53f,RECEIVE,ACK,1012,36,""
1865.015,sender,afd52c65-5ce1-4c35-a594-c7ab9f56a53f,ACKNOWLEDGED,ACK,1012,0,""
1865.018,sender,afd52c65-5ce1-4c35-a594-c7ab9f56a53f,CONFIRM_DATA,ACK,1012,1024,"unique file bytes acknowledged"
1865.021,sender,afd52c65-5ce1-4c35-a594-c7ab9f56a53f,RTT_SAMPLE,ACK,1012,0,"92.788300"
1865.026,sender,afd52c65-5ce1-4c35-a594-c7ab9f56a53f,RECEIVE,ACK,1014,36,""
1865.028,sender,afd52c65-5ce1-4c35-a594-c7ab9f56a53f,ACKNOWLEDGED,ACK,1014,0,""
1865.031,sender,afd52c65-5ce1-4c35-a594-c7ab9f56a53f,CONFIRM_DATA,ACK,1014,1024,"unique file bytes acknowledged"
1865.034,sender,afd52c65-5ce1-4c35-a594-c7ab9f56a53f,RTT_SAMPLE,ACK,1014,0,"92.795200"
1865.039,sender,afd52c65-5ce1-4c35-a594-c7ab9f56a53f,RECEIVE,ACK,1008,36,""
1865.042,sender,afd52c65-5ce1-4c35-a594-c7ab9f56a53f,ACKNOWLEDGED,ACK,1008,0,""
1865.044,sender,afd52c65-5ce1-4c35-a594-c7ab9f56a53f,CONFIRM_DATA,ACK,1008,1024,"unique file bytes acknowledged"
1865.047,sender,afd52c65-5ce1-4c35-a594-c7ab9f56a53f,RTT_SAMPLE,ACK,1008,0,"92.903800"
1865.052,sender,afd52c65-5ce1-4c35-a594-c7ab9f56a53f,RECEIVE,ACK,985,36,""
1865.054,sender,afd52c65-5ce1-4c35-a594-c7ab9f56a53f,ACKNOWLEDGED,ACK,985,0,""
1865.057,sender,afd52c65-5ce1-4c35-a594-c7ab9f56a53f,CONFIRM_DATA,ACK,985,1024,"unique file bytes acknowledged"
1865.060,sender,afd52c65-5ce1-4c35-a594-c7ab9f56a53f,RTT_SAMPLE,ACK,985,0,"108.163900"
1865.065,sender,afd52c65-5ce1-4c35-a594-c7ab9f56a53f,RECEIVE,ACK,1007,36,""
1865.067,sender,afd52c65-5ce1-4c35-a594-c7ab9f56a53f,ACKNOWLEDGED,ACK,1007,0,""
1865.070,sender,afd52c65-5ce1-4c35-a594-c7ab9f56a53f,CONFIRM_DATA,ACK,1007,1024,"unique file bytes acknowledged"
1865.073,sender,afd52c65-5ce1-4c35-a594-c7ab9f56a53f,RTT_SAMPLE,ACK,1007,0,"92.932900"
1865.078,sender,afd52c65-5ce1-4c35-a594-c7ab9f56a53f,RECEIVE,ACK,983,36,""
1865.092,sender,afd52c65-5ce1-4c35-a594-c7ab9f56a53f,ACKNOWLEDGED,ACK,983,0,""
1865.094,sender,afd52c65-5ce1-4c35-a594-c7ab9f56a53f,CONFIRM_DATA,ACK,983,1024,"unique file bytes acknowledged"
1865.097,sender,afd52c65-5ce1-4c35-a594-c7ab9f56a53f,RTT_SAMPLE,ACK,983,0,"108.220500"
1879.667,sender,afd52c65-5ce1-4c35-a594-c7ab9f56a53f,RECEIVE,ACK,1023,36,""
1879.686,sender,afd52c65-5ce1-4c35-a594-c7ab9f56a53f,ACKNOWLEDGED,ACK,1023,0,""
1879.693,sender,afd52c65-5ce1-4c35-a594-c7ab9f56a53f,CONFIRM_DATA,ACK,1023,1024,"unique file bytes acknowledged"
1879.702,sender,afd52c65-5ce1-4c35-a594-c7ab9f56a53f,RTT_SAMPLE,ACK,1023,0,"77.036000"
1879.726,sender,afd52c65-5ce1-4c35-a594-c7ab9f56a53f,RECEIVE,ACK,1017,36,""
1879.731,sender,afd52c65-5ce1-4c35-a594-c7ab9f56a53f,ACKNOWLEDGED,ACK,1017,0,""
1879.736,sender,afd52c65-5ce1-4c35-a594-c7ab9f56a53f,CONFIRM_DATA,ACK,1017,1024,"unique file bytes acknowledged"
1879.743,sender,afd52c65-5ce1-4c35-a594-c7ab9f56a53f,RTT_SAMPLE,ACK,1017,0,"107.490000"
1879.754,sender,afd52c65-5ce1-4c35-a594-c7ab9f56a53f,RECEIVE,ACK,1015,36,""
1879.759,sender,afd52c65-5ce1-4c35-a594-c7ab9f56a53f,ACKNOWLEDGED,ACK,1015,0,""
1879.764,sender,afd52c65-5ce1-4c35-a594-c7ab9f56a53f,CONFIRM_DATA,ACK,1015,1024,"unique file bytes acknowledged"
1879.770,sender,afd52c65-5ce1-4c35-a594-c7ab9f56a53f,RTT_SAMPLE,ACK,1015,0,"107.527000"
1879.782,sender,afd52c65-5ce1-4c35-a594-c7ab9f56a53f,RECEIVE,ACK,1016,36,""
1879.787,sender,afd52c65-5ce1-4c35-a594-c7ab9f56a53f,ACKNOWLEDGED,ACK,1016,0,""
1879.792,sender,afd52c65-5ce1-4c35-a594-c7ab9f56a53f,CONFIRM_DATA,ACK,1016,1024,"unique file bytes acknowledged"
1879.798,sender,afd52c65-5ce1-4c35-a594-c7ab9f56a53f,RTT_SAMPLE,ACK,1016,0,"107.553000"
1910.688,sender,afd52c65-5ce1-4c35-a594-c7ab9f56a53f,RECEIVE,ACK,1022,36,""
1910.713,sender,afd52c65-5ce1-4c35-a594-c7ab9f56a53f,ACKNOWLEDGED,ACK,1022,0,""
1910.719,sender,afd52c65-5ce1-4c35-a594-c7ab9f56a53f,CONFIRM_DATA,ACK,1022,1024,"unique file bytes acknowledged"
1910.729,sender,afd52c65-5ce1-4c35-a594-c7ab9f56a53f,RTT_SAMPLE,ACK,1022,0,"108.065700"
1910.741,sender,afd52c65-5ce1-4c35-a594-c7ab9f56a53f,RECEIVE,ACK,1021,36,""
1910.805,sender,afd52c65-5ce1-4c35-a594-c7ab9f56a53f,ACKNOWLEDGED,ACK,1021,0,""
1910.810,sender,afd52c65-5ce1-4c35-a594-c7ab9f56a53f,CONFIRM_DATA,ACK,1021,1024,"unique file bytes acknowledged"
1910.817,sender,afd52c65-5ce1-4c35-a594-c7ab9f56a53f,RTT_SAMPLE,ACK,1021,0,"108.170900"
1926.986,sender,afd52c65-5ce1-4c35-a594-c7ab9f56a53f,RECEIVE,ACK,1020,36,""
1927.031,sender,afd52c65-5ce1-4c35-a594-c7ab9f56a53f,ACKNOWLEDGED,ACK,1020,0,""
1927.040,sender,afd52c65-5ce1-4c35-a594-c7ab9f56a53f,CONFIRM_DATA,ACK,1020,1024,"unique file bytes acknowledged"
1927.054,sender,afd52c65-5ce1-4c35-a594-c7ab9f56a53f,RTT_SAMPLE,ACK,1020,0,"124.407400"
1927.628,sender,afd52c65-5ce1-4c35-a594-c7ab9f56a53f,RECEIVE,ACK,1019,36,""
1927.654,sender,afd52c65-5ce1-4c35-a594-c7ab9f56a53f,ACKNOWLEDGED,ACK,1019,0,""
1927.663,sender,afd52c65-5ce1-4c35-a594-c7ab9f56a53f,CONFIRM_DATA,ACK,1019,1024,"unique file bytes acknowledged"
1927.672,sender,afd52c65-5ce1-4c35-a594-c7ab9f56a53f,RTT_SAMPLE,ACK,1019,0,"125.035000"
1931.760,sender,afd52c65-5ce1-4c35-a594-c7ab9f56a53f,SEND,FIN,-1,68,""
1972.942,sender,afd52c65-5ce1-4c35-a594-c7ab9f56a53f,EMIT,FIN,-1,68,""
2019.392,sender,afd52c65-5ce1-4c35-a594-c7ab9f56a53f,RECEIVE,DONE,-1,68,""
2019.412,sender,afd52c65-5ce1-4c35-a594-c7ab9f56a53f,ACKNOWLEDGED,DONE,-1,0,""
2023.862,sender,,STATE,UNKNOWN,-1,0,"COMPLETED"
