elapsed_ms,role,transfer_id,event,type,sequence,bytes,detail
56.454,receiver,19d2c58a-67c5-4119-a3e4-c821cdfe94f7,RECEIVE,START,-1,103,""
57.202,receiver,19d2c58a-67c5-4119-a3e4-c821cdfe94f7,START_ACCEPTED,START,-1,0,"negotiated chunk=1024"
57.214,receiver,19d2c58a-67c5-4119-a3e4-c821cdfe94f7,SEND,READY,-1,40,""
102.117,receiver,19d2c58a-67c5-4119-a3e4-c821cdfe94f7,EMIT,READY,-1,40,""
133.958,receiver,19d2c58a-67c5-4119-a3e4-c821cdfe94f7,RECEIVE,DATA,21,1060,""
133.972,receiver,19d2c58a-67c5-4119-a3e4-c821cdfe94f7,OUT_OF_ORDER,DATA,21,0,"arrived before missing sequence=0"
134.000,receiver,19d2c58a-67c5-4119-a3e4-c821cdfe94f7,ACCEPT_DATA,DATA,21,1024,"unique file bytes received"
134.003,receiver,19d2c58a-67c5-4119-a3e4-c821cdfe94f7,SEND,ACK,21,36,""
134.233,receiver,19d2c58a-67c5-4119-a3e4-c821cdfe94f7,RECEIVE,DATA,24,1060,""
134.243,receiver,19d2c58a-67c5-4119-a3e4-c821cdfe94f7,OUT_OF_ORDER,DATA,24,0,"arrived before missing sequence=0"
134.246,receiver,19d2c58a-67c5-4119-a3e4-c821cdfe94f7,ACCEPT_DATA,DATA,24,1024,"unique file bytes received"
134.249,receiver,19d2c58a-67c5-4119-a3e4-c821cdfe94f7,SEND,ACK,24,36,""
134.258,receiver,19d2c58a-67c5-4119-a3e4-c821cdfe94f7,RECEIVE,DATA,31,1060,""
134.261,receiver,19d2c58a-67c5-4119-a3e4-c821cdfe94f7,OUT_OF_ORDER,DATA,31,0,"arrived before missing sequence=0"
134.263,receiver,19d2c58a-67c5-4119-a3e4-c821cdfe94f7,ACCEPT_DATA,DATA,31,1024,"unique file bytes received"
134.265,receiver,19d2c58a-67c5-4119-a3e4-c821cdfe94f7,SEND,ACK,31,36,""
134.274,receiver,19d2c58a-67c5-4119-a3e4-c821cdfe94f7,RECEIVE,DATA,8,1060,""
134.277,receiver,19d2c58a-67c5-4119-a3e4-c821cdfe94f7,OUT_OF_ORDER,DATA,8,0,"arrived before missing sequence=0"
134.279,receiver,19d2c58a-67c5-4119-a3e4-c821cdfe94f7,ACCEPT_DATA,DATA,8,1024,"unique file bytes received"
134.281,receiver,19d2c58a-67c5-4119-a3e4-c821cdfe94f7,SEND,ACK,8,36,""
134.285,receiver,19d2c58a-67c5-4119-a3e4-c821cdfe94f7,RECEIVE,DATA,19,1060,""
134.288,receiver,19d2c58a-67c5-4119-a3e4-c821cdfe94f7,OUT_OF_ORDER,DATA,19,0,"arrived before missing sequence=0"
134.290,receiver,19d2c58a-67c5-4119-a3e4-c821cdfe94f7,ACCEPT_DATA,DATA,19,1024,"unique file bytes received"
134.292,receiver,19d2c58a-67c5-4119-a3e4-c821cdfe94f7,SEND,ACK,19,36,""
134.296,receiver,19d2c58a-67c5-4119-a3e4-c821cdfe94f7,RECEIVE,DATA,1,1060,""
134.299,receiver,19d2c58a-67c5-4119-a3e4-c821cdfe94f7,OUT_OF_ORDER,DATA,1,0,"arrived before missing sequence=0"
134.301,receiver,19d2c58a-67c5-4119-a3e4-c821cdfe94f7,ACCEPT_DATA,DATA,1,1024,"unique file bytes received"
134.303,receiver,19d2c58a-67c5-4119-a3e4-c821cdfe94f7,SEND,ACK,1,36,""
134.308,receiver,19d2c58a-67c5-4119-a3e4-c821cdfe94f7,RECEIVE,DATA,11,1060,""
134.310,receiver,19d2c58a-67c5-4119-a3e4-c821cdfe94f7,OUT_OF_ORDER,DATA,11,0,"arrived before missing sequence=0"
134.312,receiver,19d2c58a-67c5-4119-a3e4-c821cdfe94f7,ACCEPT_DATA,DATA,11,1024,"unique file bytes received"
134.314,receiver,19d2c58a-67c5-4119-a3e4-c821cdfe94f7,SEND,ACK,11,36,""
134.319,receiver,19d2c58a-67c5-4119-a3e4-c821cdfe94f7,RECEIVE,DATA,28,1060,""
134.321,receiver,19d2c58a-67c5-4119-a3e4-c821cdfe94f7,OUT_OF_ORDER,DATA,28,0,"arrived before missing sequence=0"
134.323,receiver,19d2c58a-67c5-4119-a3e4-c821cdfe94f7,ACCEPT_DATA,DATA,28,1024,"unique file bytes received"
134.325,receiver,19d2c58a-67c5-4119-a3e4-c821cdfe94f7,SEND,ACK,28,36,""
150.123,receiver,19d2c58a-67c5-4119-a3e4-c821cdfe94f7,RECEIVE,DATA,4,1060,""
150.137,receiver,19d2c58a-67c5-4119-a3e4-c821cdfe94f7,OUT_OF_ORDER,DATA,4,0,"arrived before missing sequence=0"
150.140,receiver,19d2c58a-67c5-4119-a3e4-c821cdfe94f7,ACCEPT_DATA,DATA,4,1024,"unique file bytes received"
150.143,receiver,19d2c58a-67c5-4119-a3e4-c821cdfe94f7,SEND,ACK,4,36,""
150.156,receiver,19d2c58a-67c5-4119-a3e4-c821cdfe94f7,RECEIVE,DATA,15,1060,""
150.159,receiver,19d2c58a-67c5-4119-a3e4-c821cdfe94f7,OUT_OF_ORDER,DATA,15,0,"arrived before missing sequence=0"
150.162,receiver,19d2c58a-67c5-4119-a3e4-c821cdfe94f7,ACCEPT_DATA,DATA,15,1024,"unique file bytes received"
150.177,receiver,19d2c58a-67c5-4119-a3e4-c821cdfe94f7,SEND,ACK,15,36,""
150.183,receiver,19d2c58a-67c5-4119-a3e4-c821cdfe94f7,RECEIVE,DATA,16,1060,""
150.186,receiver,19d2c58a-67c5-4119-a3e4-c821cdfe94f7,OUT_OF_ORDER,DATA,16,0,"arrived before missing sequence=0"
150.189,receiver,19d2c58a-67c5-4119-a3e4-c821cdfe94f7,ACCEPT_DATA,DATA,16,1024,"unique file bytes received"
150.191,receiver,19d2c58a-67c5-4119-a3e4-c821cdfe94f7,SEND,ACK,16,36,""
150.196,receiver,19d2c58a-67c5-4119-a3e4-c821cdfe94f7,RECEIVE,DATA,30,1060,""
150.199,receiver,19d2c58a-67c5-4119-a3e4-c821cdfe94f7,OUT_OF_ORDER,DATA,30,0,"arrived before missing sequence=0"
150.202,receiver,19d2c58a-67c5-4119-a3e4-c821cdfe94f7,ACCEPT_DATA,DATA,30,1024,"unique file bytes received"
150.204,receiver,19d2c58a-67c5-4119-a3e4-c821cdfe94f7,SEND,ACK,30,36,""
150.215,receiver,19d2c58a-67c5-4119-a3e4-c821cdfe94f7,RECEIVE,DATA,12,1060,""
150.217,receiver,19d2c58a-67c5-4119-a3e4-c821cdfe94f7,OUT_OF_ORDER,DATA,12,0,"arrived before missing sequence=0"
150.220,receiver,19d2c58a-67c5-4119-a3e4-c821cdfe94f7,ACCEPT_DATA,DATA,12,1024,"unique file bytes received"
150.222,receiver,19d2c58a-67c5-4119-a3e4-c821cdfe94f7,SEND,ACK,12,36,""
150.227,receiver,19d2c58a-67c5-4119-a3e4-c821cdfe94f7,RECEIVE,DATA,25,1060,""
150.230,receiver,19d2c58a-67c5-4119-a3e4-c821cdfe94f7,OUT_OF_ORDER,DATA,25,0,"arrived before missing sequence=0"
150.233,receiver,19d2c58a-67c5-4119-a3e4-c821cdfe94f7,ACCEPT_DATA,DATA,25,1024,"unique file bytes received"
150.235,receiver,19d2c58a-67c5-4119-a3e4-c821cdfe94f7,SEND,ACK,25,36,""
150.240,receiver,19d2c58a-67c5-4119-a3e4-c821cdfe94f7,RECEIVE,DATA,27,1060,""
150.243,receiver,19d2c58a-67c5-4119-a3e4-c821cdfe94f7,OUT_OF_ORDER,DATA,27,0,"arrived before missing sequence=0"
150.246,receiver,19d2c58a-67c5-4119-a3e4-c821cdfe94f7,ACCEPT_DATA,DATA,27,1024,"unique file bytes received"
150.248,receiver,19d2c58a-67c5-4119-a3e4-c821cdfe94f7,SEND,ACK,27,36,""
150.254,receiver,19d2c58a-67c5-4119-a3e4-c821cdfe94f7,RECEIVE,DATA,9,1060,""
150.257,receiver,19d2c58a-67c5-4119-a3e4-c821cdfe94f7,OUT_OF_ORDER,DATA,9,0,"arrived before missing sequence=0"
150.259,receiver,19d2c58a-67c5-4119-a3e4-c821cdfe94f7,ACCEPT_DATA,DATA,9,1024,"unique file bytes received"
150.262,receiver,19d2c58a-67c5-4119-a3e4-c821cdfe94f7,SEND,ACK,9,36,""
150.267,receiver,19d2c58a-67c5-4119-a3e4-c821cdfe94f7,RECEIVE,DATA,20,1060,""
150.270,receiver,19d2c58a-67c5-4119-a3e4-c821cdfe94f7,OUT_OF_ORDER,DATA,20,0,"arrived before missing sequence=0"
150.276,receiver,19d2c58a-67c5-4119-a3e4-c821cdfe94f7,ACCEPT_DATA,DATA,20,1024,"unique file bytes received"
150.279,receiver,19d2c58a-67c5-4119-a3e4-c821cdfe94f7,SEND,ACK,20,36,""
150.286,receiver,19d2c58a-67c5-4119-a3e4-c821cdfe94f7,RECEIVE,DATA,23,1060,""
150.289,receiver,19d2c58a-67c5-4119-a3e4-c821cdfe94f7,OUT_OF_ORDER,DATA,23,0,"arrived before missing sequence=0"
150.291,receiver,19d2c58a-67c5-4119-a3e4-c821cdfe94f7,ACCEPT_DATA,DATA,23,1024,"unique file bytes received"
150.294,receiver,19d2c58a-67c5-4119-a3e4-c821cdfe94f7,SEND,ACK,23,36,""
150.299,receiver,19d2c58a-67c5-4119-a3e4-c821cdfe94f7,RECEIVE,DATA,26,1060,""
150.301,receiver,19d2c58a-67c5-4119-a3e4-c821cdfe94f7,OUT_OF_ORDER,DATA,26,0,"arrived before missing sequence=0"
150.304,receiver,19d2c58a-67c5-4119-a3e4-c821cdfe94f7,ACCEPT_DATA,DATA,26,1024,"unique file bytes received"
150.306,receiver,19d2c58a-67c5-4119-a3e4-c821cdfe94f7,SEND,ACK,26,36,""
150.311,receiver,19d2c58a-67c5-4119-a3e4-c821cdfe94f7,RECEIVE,DATA,7,1060,""
150.314,receiver,19d2c58a-67c5-4119-a3e4-c821cdfe94f7,OUT_OF_ORDER,DATA,7,0,"arrived before missing sequence=0"
150.317,receiver,19d2c58a-67c5-4119-a3e4-c821cdfe94f7,ACCEPT_DATA,DATA,7,1024,"unique file bytes received"
150.319,receiver,19d2c58a-67c5-4119-a3e4-c821cdfe94f7,SEND,ACK,7,36,""
150.324,receiver,19d2c58a-67c5-4119-a3e4-c821cdfe94f7,RECEIVE,DATA,18,1060,""
150.327,receiver,19d2c58a-67c5-4119-a3e4-c821cdfe94f7,OUT_OF_ORDER,DATA,18,0,"arrived before missing sequence=0"
150.334,receiver,19d2c58a-67c5-4119-a3e4-c821cdfe94f7,ACCEPT_DATA,DATA,18,1024,"unique file bytes received"
150.336,receiver,19d2c58a-67c5-4119-a3e4-c821cdfe94f7,SEND,ACK,18,36,""
150.345,receiver,19d2c58a-67c5-4119-a3e4-c821cdfe94f7,RECEIVE,DATA,0,1060,""
150.348,receiver,19d2c58a-67c5-4119-a3e4-c821cdfe94f7,ACCEPT_DATA,DATA,0,1024,"unique file bytes received"
150.350,receiver,19d2c58a-67c5-4119-a3e4-c821cdfe94f7,SEND,ACK,0,36,""
150.354,receiver,19d2c58a-67c5-4119-a3e4-c821cdfe94f7,RECEIVE,DATA,13,1060,""
150.357,receiver,19d2c58a-67c5-4119-a3e4-c821cdfe94f7,OUT_OF_ORDER,DATA,13,0,"arrived before missing sequence=2"
150.359,receiver,19d2c58a-67c5-4119-a3e4-c821cdfe94f7,ACCEPT_DATA,DATA,13,1024,"unique file bytes received"
150.361,receiver,19d2c58a-67c5-4119-a3e4-c821cdfe94f7,SEND,ACK,13,36,""
150.365,receiver,19d2c58a-67c5-4119-a3e4-c821cdfe94f7,RECEIVE,DATA,10,1060,""
150.371,receiver,19d2c58a-67c5-4119-a3e4-c821cdfe94f7,OUT_OF_ORDER,DATA,10,0,"arrived before missing sequence=2"
150.381,receiver,19d2c58a-67c5-4119-a3e4-c821cdfe94f7,ACCEPT_DATA,DATA,10,1024,"unique file bytes received"
150.383,receiver,19d2c58a-67c5-4119-a3e4-c821cdfe94f7,SEND,ACK,10,36,""
150.390,receiver,19d2c58a-67c5-4119-a3e4-c821cdfe94f7,RECEIVE,DATA,5,1060,""
150.392,receiver,19d2c58a-67c5-4119-a3e4-c821cdfe94f7,OUT_OF_ORDER,DATA,5,0,"arrived before missing sequence=2"
150.394,receiver,19d2c58a-67c5-4119-a3e4-c821cdfe94f7,ACCEPT_DATA,DATA,5,1024,"unique file bytes received"
150.396,receiver,19d2c58a-67c5-4119-a3e4-c821cdfe94f7,SEND,ACK,5,36,""
150.401,receiver,19d2c58a-67c5-4119-a3e4-c821cdfe94f7,RECEIVE,DATA,3,1060,""
150.403,receiver,19d2c58a-67c5-4119-a3e4-c821cdfe94f7,OUT_OF_ORDER,DATA,3,0,"arrived before missing sequence=2"
150.405,receiver,19d2c58a-67c5-4119-a3e4-c821cdfe94f7,ACCEPT_DATA,DATA,3,1024,"unique file bytes received"
150.407,receiver,19d2c58a-67c5-4119-a3e4-c821cdfe94f7,SEND,ACK,3,36,""
150.412,receiver,19d2c58a-67c5-4119-a3e4-c821cdfe94f7,RECEIVE,DATA,14,1060,""
150.414,receiver,19d2c58a-67c5-4119-a3e4-c821cdfe94f7,OUT_OF_ORDER,DATA,14,0,"arrived before missing sequence=2"
150.416,receiver,19d2c58a-67c5-4119-a3e4-c821cdfe94f7,ACCEPT_DATA,DATA,14,1024,"unique file bytes received"
150.418,receiver,19d2c58a-67c5-4119-a3e4-c821cdfe94f7,SEND,ACK,14,36,""
150.423,receiver,19d2c58a-67c5-4119-a3e4-c821cdfe94f7,RECEIVE,DATA,17,1060,""
150.425,receiver,19d2c58a-67c5-4119-a3e4-c821cdfe94f7,OUT_OF_ORDER,DATA,17,0,"arrived before missing sequence=2"
150.427,receiver,19d2c58a-67c5-4119-a3e4-c821cdfe94f7,ACCEPT_DATA,DATA,17,1024,"unique file bytes received"
150.429,receiver,19d2c58a-67c5-4119-a3e4-c821cdfe94f7,SEND,ACK,17,36,""
150.433,receiver,19d2c58a-67c5-4119-a3e4-c821cdfe94f7,RECEIVE,DATA,22,1060,""
150.436,receiver,19d2c58a-67c5-4119-a3e4-c821cdfe94f7,OUT_OF_ORDER,DATA,22,0,"arrived before missing sequence=2"
150.438,receiver,19d2c58a-67c5-4119-a3e4-c821cdfe94f7,ACCEPT_DATA,DATA,22,1024,"unique file bytes received"
150.440,receiver,19d2c58a-67c5-4119-a3e4-c821cdfe94f7,SEND,ACK,22,36,""
166.001,receiver,19d2c58a-67c5-4119-a3e4-c821cdfe94f7,EMIT,ACK,21,36,""
166.026,receiver,19d2c58a-67c5-4119-a3e4-c821cdfe94f7,EMIT,ACK,8,36,""
166.037,receiver,19d2c58a-67c5-4119-a3e4-c821cdfe94f7,RECEIVE,DATA,6,1060,""
166.050,receiver,19d2c58a-67c5-4119-a3e4-c821cdfe94f7,OUT_OF_ORDER,DATA,6,0,"arrived before missing sequence=2"
166.053,receiver,19d2c58a-67c5-4119-a3e4-c821cdfe94f7,ACCEPT_DATA,DATA,6,1024,"unique file bytes received"
166.056,receiver,19d2c58a-67c5-4119-a3e4-c821cdfe94f7,SEND,ACK,6,36,""
166.103,receiver,19d2c58a-67c5-4119-a3e4-c821cdfe94f7,RECEIVE,DATA,29,1060,""
166.106,receiver,19d2c58a-67c5-4119-a3e4-c821cdfe94f7,OUT_OF_ORDER,DATA,29,0,"arrived before missing sequence=2"
166.109,receiver,19d2c58a-67c5-4119-a3e4-c821cdfe94f7,ACCEPT_DATA,DATA,29,1024,"unique file bytes received"
166.111,receiver,19d2c58a-67c5-4119-a3e4-c821cdfe94f7,SEND,ACK,29,36,""
166.117,receiver,19d2c58a-67c5-4119-a3e4-c821cdfe94f7,RECEIVE,DATA,2,1060,""
166.120,receiver,19d2c58a-67c5-4119-a3e4-c821cdfe94f7,ACCEPT_DATA,DATA,2,1024,"unique file bytes received"
166.122,receiver,19d2c58a-67c5-4119-a3e4-c821cdfe94f7,SEND,ACK,2,36,""
181.855,receiver,19d2c58a-67c5-4119-a3e4-c821cdfe94f7,EMIT,ACK,31,36,""
181.904,receiver,19d2c58a-67c5-4119-a3e4-c821cdfe94f7,EMIT,ACK,28,36,""
181.916,receiver,19d2c58a-67c5-4119-a3e4-c821cdfe94f7,EMIT,ACK,24,36,""
181.926,receiver,19d2c58a-67c5-4119-a3e4-c821cdfe94f7,EMIT,ACK,20,36,""
181.949,receiver,19d2c58a-67c5-4119-a3e4-c821cdfe94f7,EMIT,ACK,18,36,""
181.960,receiver,19d2c58a-67c5-4119-a3e4-c821cdfe94f7,EMIT,ACK,22,36,""
181.970,receiver,19d2c58a-67c5-4119-a3e4-c821cdfe94f7,EMIT,ACK,25,36,""
181.980,receiver,19d2c58a-67c5-4119-a3e4-c821cdfe94f7,EMIT,ACK,7,36,""
181.991,receiver,19d2c58a-67c5-4119-a3e4-c821cdfe94f7,EMIT,ACK,16,36,""
198.379,receiver,19d2c58a-67c5-4119-a3e4-c821cdfe94f7,EMIT,ACK,15,36,""
198.430,receiver,19d2c58a-67c5-4119-a3e4-c821cdfe94f7,EMIT,ACK,1,36,""
198.440,receiver,19d2c58a-67c5-4119-a3e4-c821cdfe94f7,EMIT,ACK,19,36,""
198.449,receiver,19d2c58a-67c5-4119-a3e4-c821cdfe94f7,EMIT,ACK,11,36,""
198.458,receiver,19d2c58a-67c5-4119-a3e4-c821cdfe94f7,EMIT,ACK,10,36,""
198.467,receiver,19d2c58a-67c5-4119-a3e4-c821cdfe94f7,EMIT,ACK,3,36,""
198.476,receiver,19d2c58a-67c5-4119-a3e4-c821cdfe94f7,EMIT,ACK,9,36,""
198.485,receiver,19d2c58a-67c5-4119-a3e4-c821cdfe94f7,EMIT,ACK,5,36,""
198.494,receiver,19d2c58a-67c5-4119-a3e4-c821cdfe94f7,EMIT,ACK,4,36,""
198.503,receiver,19d2c58a-67c5-4119-a3e4-c821cdfe94f7,EMIT,ACK,30,36,""
198.511,receiver,19d2c58a-67c5-4119-a3e4-c821cdfe94f7,EMIT,ACK,27,36,""
198.520,receiver,19d2c58a-67c5-4119-a3e4-c821cdfe94f7,EMIT,ACK,17,36,""
198.528,receiver,19d2c58a-67c5-4119-a3e4-c821cdfe94f7,EMIT,ACK,26,36,""
198.541,receiver,19d2c58a-67c5-4119-a3e4-c821cdfe94f7,EMIT,ACK,0,36,""
198.559,receiver,19d2c58a-67c5-4119-a3e4-c821cdfe94f7,EMIT,ACK,14,36,""
198.567,receiver,19d2c58a-67c5-4119-a3e4-c821cdfe94f7,EMIT,ACK,23,36,""
213.845,receiver,19d2c58a-67c5-4119-a3e4-c821cdfe94f7,EMIT,ACK,12,36,""
213.878,receiver,19d2c58a-67c5-4119-a3e4-c821cdfe94f7,EMIT,ACK,6,36,""
213.886,receiver,19d2c58a-67c5-4119-a3e4-c821cdfe94f7,EMIT,ACK,13,36,""
213.894,receiver,19d2c58a-67c5-4119-a3e4-c821cdfe94f7,EMIT,ACK,29,36,""
213.906,receiver,19d2c58a-67c5-4119-a3e4-c821cdfe94f7,EMIT,ACK,2,36,""
245.487,receiver,19d2c58a-67c5-4119-a3e4-c821cdfe94f7,RECEIVE,DATA,33,1060,""
245.514,receiver,19d2c58a-67c5-4119-a3e4-c821cdfe94f7,OUT_OF_ORDER,DATA,33,0,"arrived before missing sequence=32"
245.518,receiver,19d2c58a-67c5-4119-a3e4-c821cdfe94f7,ACCEPT_DATA,DATA,33,1024,"unique file bytes received"
245.522,receiver,19d2c58a-67c5-4119-a3e4-c821cdfe94f7,SEND,ACK,33,36,""
245.556,receiver,19d2c58a-67c5-4119-a3e4-c821cdfe94f7,RECEIVE,DATA,47,1060,""
245.560,receiver,19d2c58a-67c5-4119-a3e4-c821cdfe94f7,OUT_OF_ORDER,DATA,47,0,"arrived before missing sequence=32"
245.563,receiver,19d2c58a-67c5-4119-a3e4-c821cdfe94f7,ACCEPT_DATA,DATA,47,1024,"unique file bytes received"
245.565,receiver,19d2c58a-67c5-4119-a3e4-c821cdfe94f7,SEND,ACK,47,36,""
245.572,receiver,19d2c58a-67c5-4119-a3e4-c821cdfe94f7,RECEIVE,DATA,55,1060,""
245.575,receiver,19d2c58a-67c5-4119-a3e4-c821cdfe94f7,OUT_OF_ORDER,DATA,55,0,"arrived before missing sequence=32"
245.584,receiver,19d2c58a-67c5-4119-a3e4-c821cdfe94f7,ACCEPT_DATA,DATA,55,1024,"unique file bytes received"
245.587,receiver,19d2c58a-67c5-4119-a3e4-c821cdfe94f7,SEND,ACK,55,36,""
245.592,receiver,19d2c58a-67c5-4119-a3e4-c821cdfe94f7,RECEIVE,DATA,37,1060,""
245.595,receiver,19d2c58a-67c5-4119-a3e4-c821cdfe94f7,OUT_OF_ORDER,DATA,37,0,"arrived before missing sequence=32"
245.597,receiver,19d2c58a-67c5-4119-a3e4-c821cdfe94f7,ACCEPT_DATA,DATA,37,1024,"unique file bytes received"
245.600,receiver,19d2c58a-67c5-4119-a3e4-c821cdfe94f7,SEND,ACK,37,36,""
245.605,receiver,19d2c58a-67c5-4119-a3e4-c821cdfe94f7,RECEIVE,DATA,57,1060,""
245.608,receiver,19d2c58a-67c5-4119-a3e4-c821cdfe94f7,OUT_OF_ORDER,DATA,57,0,"arrived before missing sequence=32"
245.610,receiver,19d2c58a-67c5-4119-a3e4-c821cdfe94f7,ACCEPT_DATA,DATA,57,1024,"unique file bytes received"
245.613,receiver,19d2c58a-67c5-4119-a3e4-c821cdfe94f7,SEND,ACK,57,36,""
245.618,receiver,19d2c58a-67c5-4119-a3e4-c821cdfe94f7,RECEIVE,DATA,63,1060,""
245.802,receiver,19d2c58a-67c5-4119-a3e4-c821cdfe94f7,OUT_OF_ORDER,DATA,63,0,"arrived before missing sequence=32"
245.806,receiver,19d2c58a-67c5-4119-a3e4-c821cdfe94f7,ACCEPT_DATA,DATA,63,1024,"unique file bytes received"
245.808,receiver,19d2c58a-67c5-4119-a3e4-c821cdfe94f7,SEND,ACK,63,36,""
245.817,receiver,19d2c58a-67c5-4119-a3e4-c821cdfe94f7,RECEIVE,DATA,54,1060,""
245.819,receiver,19d2c58a-67c5-4119-a3e4-c821cdfe94f7,OUT_OF_ORDER,DATA,54,0,"arrived before missing sequence=32"
245.822,receiver,19d2c58a-67c5-4119-a3e4-c821cdfe94f7,ACCEPT_DATA,DATA,54,1024,"unique file bytes received"
245.824,receiver,19d2c58a-67c5-4119-a3e4-c821cdfe94f7,SEND,ACK,54,36,""
245.832,receiver,19d2c58a-67c5-4119-a3e4-c821cdfe94f7,RECEIVE,DATA,62,1060,""
245.836,receiver,19d2c58a-67c5-4119-a3e4-c821cdfe94f7,OUT_OF_ORDER,DATA,62,0,"arrived before missing sequence=32"
245.838,receiver,19d2c58a-67c5-4119-a3e4-c821cdfe94f7,ACCEPT_DATA,DATA,62,1024,"unique file bytes received"
245.841,receiver,19d2c58a-67c5-4119-a3e4-c821cdfe94f7,SEND,ACK,62,36,""
245.846,receiver,19d2c58a-67c5-4119-a3e4-c821cdfe94f7,RECEIVE,DATA,32,1060,""
245.849,receiver,19d2c58a-67c5-4119-a3e4-c821cdfe94f7,ACCEPT_DATA,DATA,32,1024,"unique file bytes received"
245.851,receiver,19d2c58a-67c5-4119-a3e4-c821cdfe94f7,SEND,ACK,32,36,""
245.856,receiver,19d2c58a-67c5-4119-a3e4-c821cdfe94f7,RECEIVE,DATA,42,1060,""
245.859,receiver,19d2c58a-67c5-4119-a3e4-c821cdfe94f7,OUT_OF_ORDER,DATA,42,0,"arrived before missing sequence=34"
245.862,receiver,19d2c58a-67c5-4119-a3e4-c821cdfe94f7,ACCEPT_DATA,DATA,42,1024,"unique file bytes received"
245.864,receiver,19d2c58a-67c5-4119-a3e4-c821cdfe94f7,SEND,ACK,42,36,""
260.899,receiver,19d2c58a-67c5-4119-a3e4-c821cdfe94f7,RECEIVE,DATA,49,1060,""
260.913,receiver,19d2c58a-67c5-4119-a3e4-c821cdfe94f7,OUT_OF_ORDER,DATA,49,0,"arrived before missing sequence=34"
260.917,receiver,19d2c58a-67c5-4119-a3e4-c821cdfe94f7,ACCEPT_DATA,DATA,49,1024,"unique file bytes received"
260.920,receiver,19d2c58a-67c5-4119-a3e4-c821cdfe94f7,SEND,ACK,49,36,""
260.935,receiver,19d2c58a-67c5-4119-a3e4-c821cdfe94f7,RECEIVE,DATA,51,1060,""
260.938,receiver,19d2c58a-67c5-4119-a3e4-c821cdfe94f7,OUT_OF_ORDER,DATA,51,0,"arrived before missing sequence=34"
260.940,receiver,19d2c58a-67c5-4119-a3e4-c821cdfe94f7,ACCEPT_DATA,DATA,51,1024,"unique file bytes received"
260.942,receiver,19d2c58a-67c5-4119-a3e4-c821cdfe94f7,SEND,ACK,51,36,""
260.948,receiver,19d2c58a-67c5-4119-a3e4-c821cdfe94f7,RECEIVE,DATA,61,1060,""
260.950,receiver,19d2c58a-67c5-4119-a3e4-c821cdfe94f7,OUT_OF_ORDER,DATA,61,0,"arrived before missing sequence=34"
260.953,receiver,19d2c58a-67c5-4119-a3e4-c821cdfe94f7,ACCEPT_DATA,DATA,61,1024,"unique file bytes received"
260.955,receiver,19d2c58a-67c5-4119-a3e4-c821cdfe94f7,SEND,ACK,61,36,""
260.960,receiver,19d2c58a-67c5-4119-a3e4-c821cdfe94f7,RECEIVE,DATA,40,1060,""
260.962,receiver,19d2c58a-67c5-4119-a3e4-c821cdfe94f7,OUT_OF_ORDER,DATA,40,0,"arrived before missing sequence=34"
260.964,receiver,19d2c58a-67c5-4119-a3e4-c821cdfe94f7,ACCEPT_DATA,DATA,40,1024,"unique file bytes received"
260.967,receiver,19d2c58a-67c5-4119-a3e4-c821cdfe94f7,SEND,ACK,40,36,""
260.972,receiver,19d2c58a-67c5-4119-a3e4-c821cdfe94f7,RECEIVE,DATA,58,1060,""
260.975,receiver,19d2c58a-67c5-4119-a3e4-c821cdfe94f7,OUT_OF_ORDER,DATA,58,0,"arrived before missing sequence=34"
260.977,receiver,19d2c58a-67c5-4119-a3e4-c821cdfe94f7,ACCEPT_DATA,DATA,58,1024,"unique file bytes received"
260.979,receiver,19d2c58a-67c5-4119-a3e4-c821cdfe94f7,SEND,ACK,58,36,""
260.984,receiver,19d2c58a-67c5-4119-a3e4-c821cdfe94f7,RECEIVE,DATA,39,1060,""
260.987,receiver,19d2c58a-67c5-4119-a3e4-c821cdfe94f7,OUT_OF_ORDER,DATA,39,0,"arrived before missing sequence=34"
260.989,receiver,19d2c58a-67c5-4119-a3e4-c821cdfe94f7,ACCEPT_DATA,DATA,39,1024,"unique file bytes received"
260.991,receiver,19d2c58a-67c5-4119-a3e4-c821cdfe94f7,SEND,ACK,39,36,""
260.997,receiver,19d2c58a-67c5-4119-a3e4-c821cdfe94f7,RECEIVE,DATA,56,1060,""
260.999,receiver,19d2c58a-67c5-4119-a3e4-c821cdfe94f7,OUT_OF_ORDER,DATA,56,0,"arrived before missing sequence=34"
261.002,receiver,19d2c58a-67c5-4119-a3e4-c821cdfe94f7,ACCEPT_DATA,DATA,56,1024,"unique file bytes received"
261.004,receiver,19d2c58a-67c5-4119-a3e4-c821cdfe94f7,SEND,ACK,56,36,""
261.009,receiver,19d2c58a-67c5-4119-a3e4-c821cdfe94f7,RECEIVE,DATA,59,1060,""
261.011,receiver,19d2c58a-67c5-4119-a3e4-c821cdfe94f7,OUT_OF_ORDER,DATA,59,0,"arrived before missing sequence=34"
261.013,receiver,19d2c58a-67c5-4119-a3e4-c821cdfe94f7,ACCEPT_DATA,DATA,59,1024,"unique file bytes received"
261.016,receiver,19d2c58a-67c5-4119-a3e4-c821cdfe94f7,SEND,ACK,59,36,""
261.020,receiver,19d2c58a-67c5-4119-a3e4-c821cdfe94f7,RECEIVE,DATA,52,1060,""
261.023,receiver,19d2c58a-67c5-4119-a3e4-c821cdfe94f7,OUT_OF_ORDER,DATA,52,0,"arrived before missing sequence=34"
261.025,receiver,19d2c58a-67c5-4119-a3e4-c821cdfe94f7,ACCEPT_DATA,DATA,52,1024,"unique file bytes received"
261.027,receiver,19d2c58a-67c5-4119-a3e4-c821cdfe94f7,SEND,ACK,52,36,""
261.032,receiver,19d2c58a-67c5-4119-a3e4-c821cdfe94f7,RECEIVE,DATA,43,1060,""
261.035,receiver,19d2c58a-67c5-4119-a3e4-c821cdfe94f7,OUT_OF_ORDER,DATA,43,0,"arrived before missing sequence=34"
261.037,receiver,19d2c58a-67c5-4119-a3e4-c821cdfe94f7,ACCEPT_DATA,DATA,43,1024,"unique file bytes received"
261.039,receiver,19d2c58a-67c5-4119-a3e4-c821cdfe94f7,SEND,ACK,43,36,""
261.044,receiver,19d2c58a-67c5-4119-a3e4-c821cdfe94f7,RECEIVE,DATA,46,1060,""
261.051,receiver,19d2c58a-67c5-4119-a3e4-c821cdfe94f7,OUT_OF_ORDER,DATA,46,0,"arrived before missing sequence=34"
261.054,receiver,19d2c58a-67c5-4119-a3e4-c821cdfe94f7,ACCEPT_DATA,DATA,46,1024,"unique file bytes received"
261.056,receiver,19d2c58a-67c5-4119-a3e4-c821cdfe94f7,SEND,ACK,46,36,""
261.061,receiver,19d2c58a-67c5-4119-a3e4-c821cdfe94f7,RECEIVE,DATA,48,1060,""
261.063,receiver,19d2c58a-67c5-4119-a3e4-c821cdfe94f7,OUT_OF_ORDER,DATA,48,0,"arrived before missing sequence=34"
261.065,receiver,19d2c58a-67c5-4119-a3e4-c821cdfe94f7,ACCEPT_DATA,DATA,48,1024,"unique file bytes received"
261.067,receiver,19d2c58a-67c5-4119-a3e4-c821cdfe94f7,SEND,ACK,48,36,""
261.072,receiver,19d2c58a-67c5-4119-a3e4-c821cdfe94f7,RECEIVE,DATA,50,1060,""
261.075,receiver,19d2c58a-67c5-4119-a3e4-c821cdfe94f7,OUT_OF_ORDER,DATA,50,0,"arrived before missing sequence=34"
261.077,receiver,19d2c58a-67c5-4119-a3e4-c821cdfe94f7,ACCEPT_DATA,DATA,50,1024,"unique file bytes received"
261.079,receiver,19d2c58a-67c5-4119-a3e4-c821cdfe94f7,SEND,ACK,50,36,""
261.084,receiver,19d2c58a-67c5-4119-a3e4-c821cdfe94f7,RECEIVE,DATA,60,1060,""
261.086,receiver,19d2c58a-67c5-4119-a3e4-c821cdfe94f7,OUT_OF_ORDER,DATA,60,0,"arrived before missing sequence=34"
261.088,receiver,19d2c58a-67c5-4119-a3e4-c821cdfe94f7,ACCEPT_DATA,DATA,60,1024,"unique file bytes received"
261.091,receiver,19d2c58a-67c5-4119-a3e4-c821cdfe94f7,SEND,ACK,60,36,""
261.096,receiver,19d2c58a-67c5-4119-a3e4-c821cdfe94f7,RECEIVE,DATA,35,1060,""
261.098,receiver,19d2c58a-67c5-4119-a3e4-c821cdfe94f7,OUT_OF_ORDER,DATA,35,0,"arrived before missing sequence=34"
261.101,receiver,19d2c58a-67c5-4119-a3e4-c821cdfe94f7,ACCEPT_DATA,DATA,35,1024,"unique file bytes received"
261.103,receiver,19d2c58a-67c5-4119-a3e4-c821cdfe94f7,SEND,ACK,35,36,""
261.107,receiver,19d2c58a-67c5-4119-a3e4-c821cdfe94f7,RECEIVE,DATA,41,1060,""
261.110,receiver,19d2c58a-67c5-4119-a3e4-c821cdfe94f7,OUT_OF_ORDER,DATA,41,0,"arrived before missing sequence=34"
261.112,receiver,19d2c58a-67c5-4119-a3e4-c821cdfe94f7,ACCEPT_DATA,DATA,41,1024,"unique file bytes received"
261.114,receiver,19d2c58a-67c5-4119-a3e4-c821cdfe94f7,SEND,ACK,41,36,""
261.119,receiver,19d2c58a-67c5-4119-a3e4-c821cdfe94f7,RECEIVE,DATA,45,1060,""
261.121,receiver,19d2c58a-67c5-4119-a3e4-c821cdfe94f7,OUT_OF_ORDER,DATA,45,0,"arrived before missing sequence=34"
261.124,receiver,19d2c58a-67c5-4119-a3e4-c821cdfe94f7,ACCEPT_DATA,DATA,45,1024,"unique file bytes received"
261.126,receiver,19d2c58a-67c5-4119-a3e4-c821cdfe94f7,SEND,ACK,45,36,""
261.131,receiver,19d2c58a-67c5-4119-a3e4-c821cdfe94f7,RECEIVE,DATA,53,1060,""
261.133,receiver,19d2c58a-67c5-4119-a3e4-c821cdfe94f7,OUT_OF_ORDER,DATA,53,0,"arrived before missing sequence=34"
261.190,receiver,19d2c58a-67c5-4119-a3e4-c821cdfe94f7,ACCEPT_DATA,DATA,53,1024,"unique file bytes received"
261.192,receiver,19d2c58a-67c5-4119-a3e4-c821cdfe94f7,SEND,ACK,53,36,""
261.198,receiver,19d2c58a-67c5-4119-a3e4-c821cdfe94f7,RECEIVE,DATA,44,1060,""
261.201,receiver,19d2c58a-67c5-4119-a3e4-c821cdfe94f7,OUT_OF_ORDER,DATA,44,0,"arrived before missing sequence=34"
261.203,receiver,19d2c58a-67c5-4119-a3e4-c821cdfe94f7,ACCEPT_DATA,DATA,44,1024,"unique file bytes received"
261.205,receiver,19d2c58a-67c5-4119-a3e4-c821cdfe94f7,SEND,ACK,44,36,""
276.734,receiver,19d2c58a-67c5-4119-a3e4-c821cdfe94f7,EMIT,ACK,54,36,""
276.820,receiver,19d2c58a-67c5-4119-a3e4-c821cdfe94f7,EMIT,ACK,42,36,""
276.861,receiver,19d2c58a-67c5-4119-a3e4-c821cdfe94f7,EMIT,ACK,55,36,""
276.963,receiver,19d2c58a-67c5-4119-a3e4-c821cdfe94f7,RECEIVE,DATA,34,1060,""
276.976,receiver,19d2c58a-67c5-4119-a3e4-c821cdfe94f7,ACCEPT_DATA,DATA,34,1024,"unique file bytes received"
276.979,receiver,19d2c58a-67c5-4119-a3e4-c821cdfe94f7,SEND,ACK,34,36,""
277.003,receiver,19d2c58a-67c5-4119-a3e4-c821cdfe94f7,RECEIVE,DATA,36,1060,""
277.006,receiver,19d2c58a-67c5-4119-a3e4-c821cdfe94f7,ACCEPT_DATA,DATA,36,1024,"unique file bytes received"
277.009,receiver,19d2c58a-67c5-4119-a3e4-c821cdfe94f7,SEND,ACK,36,36,""
277.014,receiver,19d2c58a-67c5-4119-a3e4-c821cdfe94f7,RECEIVE,DATA,38,1060,""
277.017,receiver,19d2c58a-67c5-4119-a3e4-c821cdfe94f7,ACCEPT_DATA,DATA,38,1024,"unique file bytes received"
277.019,receiver,19d2c58a-67c5-4119-a3e4-c821cdfe94f7,SEND,ACK,38,36,""
292.806,receiver,19d2c58a-67c5-4119-a3e4-c821cdfe94f7,EMIT,ACK,57,36,""
292.838,receiver,19d2c58a-67c5-4119-a3e4-c821cdfe94f7,EMIT,ACK,63,36,""
292.848,receiver,19d2c58a-67c5-4119-a3e4-c821cdfe94f7,EMIT,ACK,32,36,""
292.856,receiver,19d2c58a-67c5-4119-a3e4-c821cdfe94f7,EMIT,ACK,41,36,""
292.864,receiver,19d2c58a-67c5-4119-a3e4-c821cdfe94f7,EMIT,ACK,47,36,""
292.873,receiver,19d2c58a-67c5-4119-a3e4-c821cdfe94f7,EMIT,ACK,49,36,""
292.881,receiver,19d2c58a-67c5-4119-a3e4-c821cdfe94f7,EMIT,ACK,59,36,""
292.889,receiver,19d2c58a-67c5-4119-a3e4-c821cdfe94f7,EMIT,ACK,44,36,""
292.897,receiver,19d2c58a-67c5-4119-a3e4-c821cdfe94f7,EMIT,ACK,51,36,""
292.905,receiver,19d2c58a-67c5-4119-a3e4-c821cdfe94f7,EMIT,ACK,52,36,""
292.916,receiver,19d2c58a-67c5-4119-a3e4-c821cdfe94f7,EMIT,ACK,43,36,""
292.923,receiver,19d2c58a-67c5-4119-a3e4-c821cdfe94f7,EMIT,ACK,58,36,""
292.931,receiver,19d2c58a-67c5-4119-a3e4-c821cdfe94f7,EMIT,ACK,48,36,""
292.938,receiver,19d2c58a-67c5-4119-a3e4-c821cdfe94f7,EMIT,ACK,62,36,""
308.593,receiver,19d2c58a-67c5-4119-a3e4-c821cdfe94f7,EMIT,ACK,39,36,""
308.630,receiver,19d2c58a-67c5-4119-a3e4-c821cdfe94f7,EMIT,ACK,50,36,""
308.639,receiver,19d2c58a-67c5-4119-a3e4-c821cdfe94f7,EMIT,ACK,33,36,""
308.656,receiver,19d2c58a-67c5-4119-a3e4-c821cdfe94f7,EMIT,ACK,37,36,""
308.663,receiver,19d2c58a-67c5-4119-a3e4-c821cdfe94f7,EMIT,ACK,35,36,""
308.670,receiver,19d2c58a-67c5-4119-a3e4-c821cdfe94f7,EMIT,ACK,56,36,""
308.677,receiver,19d2c58a-67c5-4119-a3e4-c821cdfe94f7,EMIT,ACK,46,36,""
308.685,receiver,19d2c58a-67c5-4119-a3e4-c821cdfe94f7,EMIT,ACK,45,36,""
308.692,receiver,19d2c58a-67c5-4119-a3e4-c821cdfe94f7,EMIT,ACK,53,36,""
308.698,receiver,19d2c58a-67c5-4119-a3e4-c821cdfe94f7,EMIT,ACK,34,36,""
308.705,receiver,19d2c58a-67c5-4119-a3e4-c821cdfe94f7,EMIT,ACK,60,36,""
308.712,receiver,19d2c58a-67c5-4119-a3e4-c821cdfe94f7,EMIT,ACK,61,36,""
324.280,receiver,19d2c58a-67c5-4119-a3e4-c821cdfe94f7,EMIT,ACK,40,36,""
324.317,receiver,19d2c58a-67c5-4119-a3e4-c821cdfe94f7,EMIT,ACK,38,36,""
340.724,receiver,19d2c58a-67c5-4119-a3e4-c821cdfe94f7,EMIT,ACK,36,36,""
340.959,receiver,19d2c58a-67c5-4119-a3e4-c821cdfe94f7,RECEIVE,DATA,66,1060,""
340.970,receiver,19d2c58a-67c5-4119-a3e4-c821cdfe94f7,OUT_OF_ORDER,DATA,66,0,"arrived before missing sequence=64"
340.974,receiver,19d2c58a-67c5-4119-a3e4-c821cdfe94f7,ACCEPT_DATA,DATA,66,1024,"unique file bytes received"
340.977,receiver,19d2c58a-67c5-4119-a3e4-c821cdfe94f7,SEND,ACK,66,36,""
341.018,receiver,19d2c58a-67c5-4119-a3e4-c821cdfe94f7,RECEIVE,DATA,64,1060,""
341.037,receiver,19d2c58a-67c5-4119-a3e4-c821cdfe94f7,ACCEPT_DATA,DATA,64,1024,"unique file bytes received"
341.055,receiver,19d2c58a-67c5-4119-a3e4-c821cdfe94f7,SEND,ACK,64,36,""
356.234,receiver,19d2c58a-67c5-4119-a3e4-c821cdfe94f7,RECEIVE,DATA,67,1060,""
356.250,receiver,19d2c58a-67c5-4119-a3e4-c821cdfe94f7,OUT_OF_ORDER,DATA,67,0,"arrived before missing sequence=65"
356.254,receiver,19d2c58a-67c5-4119-a3e4-c821cdfe94f7,ACCEPT_DATA,DATA,67,1024,"unique file bytes received"
356.257,receiver,19d2c58a-67c5-4119-a3e4-c821cdfe94f7,SEND,ACK,67,36,""
372.664,receiver,19d2c58a-67c5-4119-a3e4-c821cdfe94f7,RECEIVE,DATA,65,1060,""
372.679,receiver,19d2c58a-67c5-4119-a3e4-c821cdfe94f7,ACCEPT_DATA,DATA,65,1024,"unique file bytes received"
372.683,receiver,19d2c58a-67c5-4119-a3e4-c821cdfe94f7,SEND,ACK,65,36,""
372.699,receiver,19d2c58a-67c5-4119-a3e4-c821cdfe94f7,RECEIVE,DATA,72,1060,""
372.702,receiver,19d2c58a-67c5-4119-a3e4-c821cdfe94f7,OUT_OF_ORDER,DATA,72,0,"arrived before missing sequence=68"
372.705,receiver,19d2c58a-67c5-4119-a3e4-c821cdfe94f7,ACCEPT_DATA,DATA,72,1024,"unique file bytes received"
372.707,receiver,19d2c58a-67c5-4119-a3e4-c821cdfe94f7,SEND,ACK,72,36,""
372.712,receiver,19d2c58a-67c5-4119-a3e4-c821cdfe94f7,RECEIVE,DATA,76,1060,""
372.715,receiver,19d2c58a-67c5-4119-a3e4-c821cdfe94f7,OUT_OF_ORDER,DATA,76,0,"arrived before missing sequence=68"
372.717,receiver,19d2c58a-67c5-4119-a3e4-c821cdfe94f7,ACCEPT_DATA,DATA,76,1024,"unique file bytes received"
372.719,receiver,19d2c58a-67c5-4119-a3e4-c821cdfe94f7,SEND,ACK,76,36,""
372.724,receiver,19d2c58a-67c5-4119-a3e4-c821cdfe94f7,RECEIVE,DATA,95,1060,""
372.727,receiver,19d2c58a-67c5-4119-a3e4-c821cdfe94f7,OUT_OF_ORDER,DATA,95,0,"arrived before missing sequence=68"
372.729,receiver,19d2c58a-67c5-4119-a3e4-c821cdfe94f7,ACCEPT_DATA,DATA,95,1024,"unique file bytes received"
372.731,receiver,19d2c58a-67c5-4119-a3e4-c821cdfe94f7,SEND,ACK,95,36,""
372.741,receiver,19d2c58a-67c5-4119-a3e4-c821cdfe94f7,RECEIVE,DATA,84,1060,""
372.744,receiver,19d2c58a-67c5-4119-a3e4-c821cdfe94f7,OUT_OF_ORDER,DATA,84,0,"arrived before missing sequence=68"
372.746,receiver,19d2c58a-67c5-4119-a3e4-c821cdfe94f7,ACCEPT_DATA,DATA,84,1024,"unique file bytes received"
372.748,receiver,19d2c58a-67c5-4119-a3e4-c821cdfe94f7,SEND,ACK,84,36,""
372.752,receiver,19d2c58a-67c5-4119-a3e4-c821cdfe94f7,RECEIVE,DATA,86,1060,""
372.755,receiver,19d2c58a-67c5-4119-a3e4-c821cdfe94f7,OUT_OF_ORDER,DATA,86,0,"arrived before missing sequence=68"
372.757,receiver,19d2c58a-67c5-4119-a3e4-c821cdfe94f7,ACCEPT_DATA,DATA,86,1024,"unique file bytes received"
372.759,receiver,19d2c58a-67c5-4119-a3e4-c821cdfe94f7,SEND,ACK,86,36,""
372.764,receiver,19d2c58a-67c5-4119-a3e4-c821cdfe94f7,RECEIVE,DATA,75,1060,""
372.771,receiver,19d2c58a-67c5-4119-a3e4-c821cdfe94f7,OUT_OF_ORDER,DATA,75,0,"arrived before missing sequence=68"
372.773,receiver,19d2c58a-67c5-4119-a3e4-c821cdfe94f7,ACCEPT_DATA,DATA,75,1024,"unique file bytes received"
372.775,receiver,19d2c58a-67c5-4119-a3e4-c821cdfe94f7,SEND,ACK,75,36,""
372.780,receiver,19d2c58a-67c5-4119-a3e4-c821cdfe94f7,RECEIVE,DATA,82,1060,""
372.782,receiver,19d2c58a-67c5-4119-a3e4-c821cdfe94f7,OUT_OF_ORDER,DATA,82,0,"arrived before missing sequence=68"
372.785,receiver,19d2c58a-67c5-4119-a3e4-c821cdfe94f7,ACCEPT_DATA,DATA,82,1024,"unique file bytes received"
372.787,receiver,19d2c58a-67c5-4119-a3e4-c821cdfe94f7,SEND,ACK,82,36,""
372.791,receiver,19d2c58a-67c5-4119-a3e4-c821cdfe94f7,RECEIVE,DATA,71,1060,""
372.794,receiver,19d2c58a-67c5-4119-a3e4-c821cdfe94f7,OUT_OF_ORDER,DATA,71,0,"arrived before missing sequence=68"
372.796,receiver,19d2c58a-67c5-4119-a3e4-c821cdfe94f7,ACCEPT_DATA,DATA,71,1024,"unique file bytes received"
372.798,receiver,19d2c58a-67c5-4119-a3e4-c821cdfe94f7,SEND,ACK,71,36,""
372.803,receiver,19d2c58a-67c5-4119-a3e4-c821cdfe94f7,RECEIVE,DATA,79,1060,""
372.806,receiver,19d2c58a-67c5-4119-a3e4-c821cdfe94f7,OUT_OF_ORDER,DATA,79,0,"arrived before missing sequence=68"
372.849,receiver,19d2c58a-67c5-4119-a3e4-c821cdfe94f7,ACCEPT_DATA,DATA,79,1024,"unique file bytes received"
372.852,receiver,19d2c58a-67c5-4119-a3e4-c821cdfe94f7,SEND,ACK,79,36,""
372.857,receiver,19d2c58a-67c5-4119-a3e4-c821cdfe94f7,RECEIVE,DATA,81,1060,""
372.860,receiver,19d2c58a-67c5-4119-a3e4-c821cdfe94f7,OUT_OF_ORDER,DATA,81,0,"arrived before missing sequence=68"
372.862,receiver,19d2c58a-67c5-4119-a3e4-c821cdfe94f7,ACCEPT_DATA,DATA,81,1024,"unique file bytes received"
372.865,receiver,19d2c58a-67c5-4119-a3e4-c821cdfe94f7,SEND,ACK,81,36,""
372.869,receiver,19d2c58a-67c5-4119-a3e4-c821cdfe94f7,RECEIVE,DATA,94,1060,""
372.872,receiver,19d2c58a-67c5-4119-a3e4-c821cdfe94f7,OUT_OF_ORDER,DATA,94,0,"arrived before missing sequence=68"
372.874,receiver,19d2c58a-67c5-4119-a3e4-c821cdfe94f7,ACCEPT_DATA,DATA,94,1024,"unique file bytes received"
372.876,receiver,19d2c58a-67c5-4119-a3e4-c821cdfe94f7,SEND,ACK,94,36,""
388.607,receiver,19d2c58a-67c5-4119-a3e4-c821cdfe94f7,EMIT,ACK,67,36,""
388.954,receiver,19d2c58a-67c5-4119-a3e4-c821cdfe94f7,EMIT,ACK,66,36,""
389.117,receiver,19d2c58a-67c5-4119-a3e4-c821cdfe94f7,EMIT,ACK,64,36,""
389.355,receiver,19d2c58a-67c5-4119-a3e4-c821cdfe94f7,RECEIVE,DATA,88,1060,""
389.367,receiver,19d2c58a-67c5-4119-a3e4-c821cdfe94f7,OUT_OF_ORDER,DATA,88,0,"arrived before missing sequence=68"
389.371,receiver,19d2c58a-67c5-4119-a3e4-c821cdfe94f7,ACCEPT_DATA,DATA,88,1024,"unique file bytes received"
389.374,receiver,19d2c58a-67c5-4119-a3e4-c821cdfe94f7,SEND,ACK,88,36,""
389.385,receiver,19d2c58a-67c5-4119-a3e4-c821cdfe94f7,RECEIVE,DATA,92,1060,""
389.388,receiver,19d2c58a-67c5-4119-a3e4-c821cdfe94f7,OUT_OF_ORDER,DATA,92,0,"arrived before missing sequence=68"
389.391,receiver,19d2c58a-67c5-4119-a3e4-c821cdfe94f7,ACCEPT_DATA,DATA,92,1024,"unique file bytes received"
389.393,receiver,19d2c58a-67c5-4119-a3e4-c821cdfe94f7,SEND,ACK,92,36,""
389.410,receiver,19d2c58a-67c5-4119-a3e4-c821cdfe94f7,RECEIVE,DATA,77,1060,""
389.413,receiver,19d2c58a-67c5-4119-a3e4-c821cdfe94f7,OUT_OF_ORDER,DATA,77,0,"arrived before missing sequence=68"
389.415,receiver,19d2c58a-67c5-4119-a3e4-c821cdfe94f7,ACCEPT_DATA,DATA,77,1024,"unique file bytes received"
389.418,receiver,19d2c58a-67c5-4119-a3e4-c821cdfe94f7,SEND,ACK,77,36,""
389.423,receiver,19d2c58a-67c5-4119-a3e4-c821cdfe94f7,RECEIVE,DATA,78,1060,""
389.425,receiver,19d2c58a-67c5-4119-a3e4-c821cdfe94f7,OUT_OF_ORDER,DATA,78,0,"arrived before missing sequence=68"
389.428,receiver,19d2c58a-67c5-4119-a3e4-c821cdfe94f7,ACCEPT_DATA,DATA,78,1024,"unique file bytes received"
389.430,receiver,19d2c58a-67c5-4119-a3e4-c821cdfe94f7,SEND,ACK,78,36,""
389.435,receiver,19d2c58a-67c5-4119-a3e4-c821cdfe94f7,RECEIVE,DATA,85,1060,""
389.438,receiver,19d2c58a-67c5-4119-a3e4-c821cdfe94f7,OUT_OF_ORDER,DATA,85,0,"arrived before missing sequence=68"
389.440,receiver,19d2c58a-67c5-4119-a3e4-c821cdfe94f7,ACCEPT_DATA,DATA,85,1024,"unique file bytes received"
389.443,receiver,19d2c58a-67c5-4119-a3e4-c821cdfe94f7,SEND,ACK,85,36,""
389.448,receiver,19d2c58a-67c5-4119-a3e4-c821cdfe94f7,RECEIVE,DATA,80,1060,""
389.450,receiver,19d2c58a-67c5-4119-a3e4-c821cdfe94f7,OUT_OF_ORDER,DATA,80,0,"arrived before missing sequence=68"
389.453,receiver,19d2c58a-67c5-4119-a3e4-c821cdfe94f7,ACCEPT_DATA,DATA,80,1024,"unique file bytes received"
389.455,receiver,19d2c58a-67c5-4119-a3e4-c821cdfe94f7,SEND,ACK,80,36,""
389.460,receiver,19d2c58a-67c5-4119-a3e4-c821cdfe94f7,RECEIVE,DATA,70,1060,""
389.463,receiver,19d2c58a-67c5-4119-a3e4-c821cdfe94f7,OUT_OF_ORDER,DATA,70,0,"arrived before missing sequence=68"
389.465,receiver,19d2c58a-67c5-4119-a3e4-c821cdfe94f7,ACCEPT_DATA,DATA,70,1024,"unique file bytes received"
389.467,receiver,19d2c58a-67c5-4119-a3e4-c821cdfe94f7,SEND,ACK,70,36,""
389.472,receiver,19d2c58a-67c5-4119-a3e4-c821cdfe94f7,RECEIVE,DATA,83,1060,""
389.475,receiver,19d2c58a-67c5-4119-a3e4-c821cdfe94f7,OUT_OF_ORDER,DATA,83,0,"arrived before missing sequence=68"
389.477,receiver,19d2c58a-67c5-4119-a3e4-c821cdfe94f7,ACCEPT_DATA,DATA,83,1024,"unique file bytes received"
389.480,receiver,19d2c58a-67c5-4119-a3e4-c821cdfe94f7,SEND,ACK,83,36,""
389.485,receiver,19d2c58a-67c5-4119-a3e4-c821cdfe94f7,RECEIVE,DATA,68,1060,""
389.487,receiver,19d2c58a-67c5-4119-a3e4-c821cdfe94f7,ACCEPT_DATA,DATA,68,1024,"unique file bytes received"
389.490,receiver,19d2c58a-67c5-4119-a3e4-c821cdfe94f7,SEND,ACK,68,36,""
389.498,receiver,19d2c58a-67c5-4119-a3e4-c821cdfe94f7,RECEIVE,DATA,73,1060,""
389.501,receiver,19d2c58a-67c5-4119-a3e4-c821cdfe94f7,OUT_OF_ORDER,DATA,73,0,"arrived before missing sequence=69"
389.503,receiver,19d2c58a-67c5-4119-a3e4-c821cdfe94f7,ACCEPT_DATA,DATA,73,1024,"unique file bytes received"
389.505,receiver,19d2c58a-67c5-4119-a3e4-c821cdfe94f7,SEND,ACK,73,36,""
389.511,receiver,19d2c58a-67c5-4119-a3e4-c821cdfe94f7,RECEIVE,DATA,89,1060,""
389.514,receiver,19d2c58a-67c5-4119-a3e4-c821cdfe94f7,OUT_OF_ORDER,DATA,89,0,"arrived before missing sequence=69"
389.516,receiver,19d2c58a-67c5-4119-a3e4-c821cdfe94f7,ACCEPT_DATA,DATA,89,1024,"unique file bytes received"
389.518,receiver,19d2c58a-67c5-4119-a3e4-c821cdfe94f7,SEND,ACK,89,36,""
389.523,receiver,19d2c58a-67c5-4119-a3e4-c821cdfe94f7,RECEIVE,DATA,69,1060,""
389.525,receiver,19d2c58a-67c5-4119-a3e4-c821cdfe94f7,ACCEPT_DATA,DATA,69,1024,"unique file bytes received"
389.527,receiver,19d2c58a-67c5-4119-a3e4-c821cdfe94f7,SEND,ACK,69,36,""
404.135,receiver,19d2c58a-67c5-4119-a3e4-c821cdfe94f7,EMIT,ACK,72,36,""
404.184,receiver,19d2c58a-67c5-4119-a3e4-c821cdfe94f7,RECEIVE,DATA,91,1060,""
404.199,receiver,19d2c58a-67c5-4119-a3e4-c821cdfe94f7,OUT_OF_ORDER,DATA,91,0,"arrived before missing sequence=74"
404.204,receiver,19d2c58a-67c5-4119-a3e4-c821cdfe94f7,ACCEPT_DATA,DATA,91,1024,"unique file bytes received"
404.207,receiver,19d2c58a-67c5-4119-a3e4-c821cdfe94f7,SEND,ACK,91,36,""
404.223,receiver,19d2c58a-67c5-4119-a3e4-c821cdfe94f7,EMIT,ACK,94,36,""
404.229,receiver,19d2c58a-67c5-4119-a3e4-c821cdfe94f7,RECEIVE,DATA,93,1060,""
404.232,receiver,19d2c58a-67c5-4119-a3e4-c821cdfe94f7,OUT_OF_ORDER,DATA,93,0,"arrived before missing sequence=74"
404.235,receiver,19d2c58a-67c5-4119-a3e4-c821cdfe94f7,ACCEPT_DATA,DATA,93,1024,"unique file bytes received"
404.238,receiver,19d2c58a-67c5-4119-a3e4-c821cdfe94f7,SEND,ACK,93,36,""
404.249,receiver,19d2c58a-67c5-4119-a3e4-c821cdfe94f7,RECEIVE,DATA,74,1060,""
404.252,receiver,19d2c58a-67c5-4119-a3e4-c821cdfe94f7,ACCEPT_DATA,DATA,74,1024,"unique file bytes received"
404.254,receiver,19d2c58a-67c5-4119-a3e4-c821cdfe94f7,SEND,ACK,74,36,""
404.260,receiver,19d2c58a-67c5-4119-a3e4-c821cdfe94f7,RECEIVE,DATA,87,1060,""
404.263,receiver,19d2c58a-67c5-4119-a3e4-c821cdfe94f7,ACCEPT_DATA,DATA,87,1024,"unique file bytes received"
404.266,receiver,19d2c58a-67c5-4119-a3e4-c821cdfe94f7,SEND,ACK,87,36,""
404.271,receiver,19d2c58a-67c5-4119-a3e4-c821cdfe94f7,RECEIVE,DATA,90,1060,""
404.274,receiver,19d2c58a-67c5-4119-a3e4-c821cdfe94f7,ACCEPT_DATA,DATA,90,1024,"unique file bytes received"
404.277,receiver,19d2c58a-67c5-4119-a3e4-c821cdfe94f7,SEND,ACK,90,36,""
420.011,receiver,19d2c58a-67c5-4119-a3e4-c821cdfe94f7,EMIT,ACK,71,36,""
420.035,receiver,19d2c58a-67c5-4119-a3e4-c821cdfe94f7,EMIT,ACK,75,36,""
420.043,receiver,19d2c58a-67c5-4119-a3e4-c821cdfe94f7,EMIT,ACK,86,36,""
420.050,receiver,19d2c58a-67c5-4119-a3e4-c821cdfe94f7,EMIT,ACK,76,36,""
420.057,receiver,19d2c58a-67c5-4119-a3e4-c821cdfe94f7,EMIT,ACK,82,36,""
420.063,receiver,19d2c58a-67c5-4119-a3e4-c821cdfe94f7,EMIT,ACK,81,36,""
420.070,receiver,19d2c58a-67c5-4119-a3e4-c821cdfe94f7,EMIT,ACK,83,36,""
420.077,receiver,19d2c58a-67c5-4119-a3e4-c821cdfe94f7,EMIT,ACK,65,36,""
420.084,receiver,19d2c58a-67c5-4119-a3e4-c821cdfe94f7,EMIT,ACK,84,36,""
420.406,receiver,19d2c58a-67c5-4119-a3e4-c821cdfe94f7,RECEIVE,DATA,96,1060,""
420.421,receiver,19d2c58a-67c5-4119-a3e4-c821cdfe94f7,ACCEPT_DATA,DATA,96,1024,"unique file bytes received"
420.425,receiver,19d2c58a-67c5-4119-a3e4-c821cdfe94f7,SEND,ACK,96,36,""
435.385,receiver,19d2c58a-67c5-4119-a3e4-c821cdfe94f7,EMIT,ACK,78,36,""
435.414,receiver,19d2c58a-67c5-4119-a3e4-c821cdfe94f7,EMIT,ACK,89,36,""
436.406,receiver,19d2c58a-67c5-4119-a3e4-c821cdfe94f7,EMIT,ACK,95,36,""
436.419,receiver,19d2c58a-67c5-4119-a3e4-c821cdfe94f7,EMIT,ACK,79,36,""
436.426,receiver,19d2c58a-67c5-4119-a3e4-c821cdfe94f7,EMIT,ACK,80,36,""
436.433,receiver,19d2c58a-67c5-4119-a3e4-c821cdfe94f7,EMIT,ACK,91,36,""
436.440,receiver,19d2c58a-67c5-4119-a3e4-c821cdfe94f7,EMIT,ACK,77,36,""
436.447,receiver,19d2c58a-67c5-4119-a3e4-c821cdfe94f7,EMIT,ACK,88,36,""
436.458,receiver,19d2c58a-67c5-4119-a3e4-c821cdfe94f7,EMIT,ACK,70,36,""
436.465,receiver,19d2c58a-67c5-4119-a3e4-c821cdfe94f7,EMIT,ACK,87,36,""
436.472,receiver,19d2c58a-67c5-4119-a3e4-c821cdfe94f7,EMIT,ACK,73,36,""
451.228,receiver,19d2c58a-67c5-4119-a3e4-c821cdfe94f7,RECEIVE,DATA,97,1060,""
451.243,receiver,19d2c58a-67c5-4119-a3e4-c821cdfe94f7,ACCEPT_DATA,DATA,97,1024,"unique file bytes received"
451.246,receiver,19d2c58a-67c5-4119-a3e4-c821cdfe94f7,SEND,ACK,97,36,""
451.260,receiver,19d2c58a-67c5-4119-a3e4-c821cdfe94f7,RECEIVE,DATA,98,1060,""
451.263,receiver,19d2c58a-67c5-4119-a3e4-c821cdfe94f7,ACCEPT_DATA,DATA,98,1024,"unique file bytes received"
451.266,receiver,19d2c58a-67c5-4119-a3e4-c821cdfe94f7,SEND,ACK,98,36,""
451.280,receiver,19d2c58a-67c5-4119-a3e4-c821cdfe94f7,EMIT,ACK,69,36,""
451.297,receiver,19d2c58a-67c5-4119-a3e4-c821cdfe94f7,EMIT,ACK,85,36,""
451.306,receiver,19d2c58a-67c5-4119-a3e4-c821cdfe94f7,EMIT,ACK,92,36,""
451.314,receiver,19d2c58a-67c5-4119-a3e4-c821cdfe94f7,EMIT,ACK,68,36,""
451.321,receiver,19d2c58a-67c5-4119-a3e4-c821cdfe94f7,EMIT,ACK,74,36,""
451.328,receiver,19d2c58a-67c5-4119-a3e4-c821cdfe94f7,EMIT,ACK,90,36,""
451.348,receiver,19d2c58a-67c5-4119-a3e4-c821cdfe94f7,EMIT,ACK,93,36,""
467.287,receiver,19d2c58a-67c5-4119-a3e4-c821cdfe94f7,EMIT,ACK,96,36,""
483.442,receiver,19d2c58a-67c5-4119-a3e4-c821cdfe94f7,RECEIVE,DATA,99,1060,""
483.455,receiver,19d2c58a-67c5-4119-a3e4-c821cdfe94f7,ACCEPT_DATA,DATA,99,1024,"unique file bytes received"
483.459,receiver,19d2c58a-67c5-4119-a3e4-c821cdfe94f7,SEND,ACK,99,36,""
483.474,receiver,19d2c58a-67c5-4119-a3e4-c821cdfe94f7,RECEIVE,DATA,126,1060,""
483.478,receiver,19d2c58a-67c5-4119-a3e4-c821cdfe94f7,OUT_OF_ORDER,DATA,126,0,"arrived before missing sequence=100"
483.481,receiver,19d2c58a-67c5-4119-a3e4-c821cdfe94f7,ACCEPT_DATA,DATA,126,1024,"unique file bytes received"
483.484,receiver,19d2c58a-67c5-4119-a3e4-c821cdfe94f7,SEND,ACK,126,36,""
483.489,receiver,19d2c58a-67c5-4119-a3e4-c821cdfe94f7,RECEIVE,DATA,127,1060,""
483.492,receiver,19d2c58a-67c5-4119-a3e4-c821cdfe94f7,OUT_OF_ORDER,DATA,127,0,"arrived before missing sequence=100"
483.495,receiver,19d2c58a-67c5-4119-a3e4-c821cdfe94f7,ACCEPT_DATA,DATA,127,1024,"unique file bytes received"
483.498,receiver,19d2c58a-67c5-4119-a3e4-c821cdfe94f7,SEND,ACK,127,36,""
483.503,receiver,19d2c58a-67c5-4119-a3e4-c821cdfe94f7,RECEIVE,DATA,105,1060,""
483.506,receiver,19d2c58a-67c5-4119-a3e4-c821cdfe94f7,OUT_OF_ORDER,DATA,105,0,"arrived before missing sequence=100"
483.508,receiver,19d2c58a-67c5-4119-a3e4-c821cdfe94f7,ACCEPT_DATA,DATA,105,1024,"unique file bytes received"
483.511,receiver,19d2c58a-67c5-4119-a3e4-c821cdfe94f7,SEND,ACK,105,36,""
483.516,receiver,19d2c58a-67c5-4119-a3e4-c821cdfe94f7,RECEIVE,DATA,121,1060,""
483.519,receiver,19d2c58a-67c5-4119-a3e4-c821cdfe94f7,OUT_OF_ORDER,DATA,121,0,"arrived before missing sequence=100"
483.527,receiver,19d2c58a-67c5-4119-a3e4-c821cdfe94f7,ACCEPT_DATA,DATA,121,1024,"unique file bytes received"
483.529,receiver,19d2c58a-67c5-4119-a3e4-c821cdfe94f7,SEND,ACK,121,36,""
483.534,receiver,19d2c58a-67c5-4119-a3e4-c821cdfe94f7,RECEIVE,DATA,111,1060,""
483.537,receiver,19d2c58a-67c5-4119-a3e4-c821cdfe94f7,OUT_OF_ORDER,DATA,111,0,"arrived before missing sequence=100"
483.539,receiver,19d2c58a-67c5-4119-a3e4-c821cdfe94f7,ACCEPT_DATA,DATA,111,1024,"unique file bytes received"
483.541,receiver,19d2c58a-67c5-4119-a3e4-c821cdfe94f7,SEND,ACK,111,36,""
483.545,receiver,19d2c58a-67c5-4119-a3e4-c821cdfe94f7,RECEIVE,DATA,113,1060,""
483.548,receiver,19d2c58a-67c5-4119-a3e4-c821cdfe94f7,OUT_OF_ORDER,DATA,113,0,"arrived before missing sequence=100"
483.550,receiver,19d2c58a-67c5-4119-a3e4-c821cdfe94f7,ACCEPT_DATA,DATA,113,1024,"unique file bytes received"
483.552,receiver,19d2c58a-67c5-4119-a3e4-c821cdfe94f7,SEND,ACK,113,36,""
483.557,receiver,19d2c58a-67c5-4119-a3e4-c821cdfe94f7,RECEIVE,DATA,112,1060,""
483.559,receiver,19d2c58a-67c5-4119-a3e4-c821cdfe94f7,OUT_OF_ORDER,DATA,112,0,"arrived before missing sequence=100"
483.561,receiver,19d2c58a-67c5-4119-a3e4-c821cdfe94f7,ACCEPT_DATA,DATA,112,1024,"unique file bytes received"
483.563,receiver,19d2c58a-67c5-4119-a3e4-c821cdfe94f7,SEND,ACK,112,36,""
499.226,receiver,19d2c58a-67c5-4119-a3e4-c821cdfe94f7,EMIT,ACK,98,36,""
499.259,receiver,19d2c58a-67c5-4119-a3e4-c821cdfe94f7,EMIT,ACK,97,36,""
499.363,receiver,19d2c58a-67c5-4119-a3e4-c821cdfe94f7,RECEIVE,DATA,107,1060,""
499.392,receiver,19d2c58a-67c5-4119-a3e4-c821cdfe94f7,OUT_OF_ORDER,DATA,107,0,"arrived before missing sequence=100"
499.402,receiver,19d2c58a-67c5-4119-a3e4-c821cdfe94f7,ACCEPT_DATA,DATA,107,1024,"unique file bytes received"
499.411,receiver,19d2c58a-67c5-4119-a3e4-c821cdfe94f7,SEND,ACK,107,36,""
499.442,receiver,19d2c58a-67c5-4119-a3e4-c821cdfe94f7,RECEIVE,DATA,104,1060,""
499.457,receiver,19d2c58a-67c5-4119-a3e4-c821cdfe94f7,OUT_OF_ORDER,DATA,104,0,"arrived before missing sequence=100"
499.465,receiver,19d2c58a-67c5-4119-a3e4-c821cdfe94f7,ACCEPT_DATA,DATA,104,1024,"unique file bytes received"
499.472,receiver,19d2c58a-67c5-4119-a3e4-c821cdfe94f7,SEND,ACK,104,36,""
499.489,receiver,19d2c58a-67c5-4119-a3e4-c821cdfe94f7,RECEIVE,DATA,115,1060,""
499.497,receiver,19d2c58a-67c5-4119-a3e4-c821cdfe94f7,OUT_OF_ORDER,DATA,115,0,"arrived before missing sequence=100"
499.503,receiver,19d2c58a-67c5-4119-a3e4-c821cdfe94f7,ACCEPT_DATA,DATA,115,1024,"unique file bytes received"
499.510,receiver,19d2c58a-67c5-4119-a3e4-c821cdfe94f7,SEND,ACK,115,36,""
499.525,receiver,19d2c58a-67c5-4119-a3e4-c821cdfe94f7,RECEIVE,DATA,116,1060,""
499.533,receiver,19d2c58a-67c5-4119-a3e4-c821cdfe94f7,OUT_OF_ORDER,DATA,116,0,"arrived before missing sequence=100"
499.540,receiver,19d2c58a-67c5-4119-a3e4-c821cdfe94f7,ACCEPT_DATA,DATA,116,1024,"unique file bytes received"
499.557,receiver,19d2c58a-67c5-4119-a3e4-c821cdfe94f7,SEND,ACK,116,36,""
499.562,receiver,19d2c58a-67c5-4119-a3e4-c821cdfe94f7,RECEIVE,DATA,119,1060,""
499.564,receiver,19d2c58a-67c5-4119-a3e4-c821cdfe94f7,OUT_OF_ORDER,DATA,119,0,"arrived before missing sequence=100"
499.566,receiver,19d2c58a-67c5-4119-a3e4-c821cdfe94f7,ACCEPT_DATA,DATA,119,1024,"unique file bytes received"
499.569,receiver,19d2c58a-67c5-4119-a3e4-c821cdfe94f7,SEND,ACK,119,36,""
499.573,receiver,19d2c58a-67c5-4119-a3e4-c821cdfe94f7,RECEIVE,DATA,122,1060,""
499.576,receiver,19d2c58a-67c5-4119-a3e4-c821cdfe94f7,OUT_OF_ORDER,DATA,122,0,"arrived before missing sequence=100"
499.578,receiver,19d2c58a-67c5-4119-a3e4-c821cdfe94f7,ACCEPT_DATA,DATA,122,1024,"unique file bytes received"
499.580,receiver,19d2c58a-67c5-4119-a3e4-c821cdfe94f7,SEND,ACK,122,36,""
499.585,receiver,19d2c58a-67c5-4119-a3e4-c821cdfe94f7,RECEIVE,DATA,114,1060,""
499.587,receiver,19d2c58a-67c5-4119-a3e4-c821cdfe94f7,OUT_OF_ORDER,DATA,114,0,"arrived before missing sequence=100"
499.590,receiver,19d2c58a-67c5-4119-a3e4-c821cdfe94f7,ACCEPT_DATA,DATA,114,1024,"unique file bytes received"
499.592,receiver,19d2c58a-67c5-4119-a3e4-c821cdfe94f7,SEND,ACK,114,36,""
499.596,receiver,19d2c58a-67c5-4119-a3e4-c821cdfe94f7,RECEIVE,DATA,108,1060,""
499.599,receiver,19d2c58a-67c5-4119-a3e4-c821cdfe94f7,OUT_OF_ORDER,DATA,108,0,"arrived before missing sequence=100"
499.601,receiver,19d2c58a-67c5-4119-a3e4-c821cdfe94f7,ACCEPT_DATA,DATA,108,1024,"unique file bytes received"
499.603,receiver,19d2c58a-67c5-4119-a3e4-c821cdfe94f7,SEND,ACK,108,36,""
499.608,receiver,19d2c58a-67c5-4119-a3e4-c821cdfe94f7,RECEIVE,DATA,110,1060,""
499.610,receiver,19d2c58a-67c5-4119-a3e4-c821cdfe94f7,OUT_OF_ORDER,DATA,110,0,"arrived before missing sequence=100"
499.613,receiver,19d2c58a-67c5-4119-a3e4-c821cdfe94f7,ACCEPT_DATA,DATA,110,1024,"unique file bytes received"
499.658,receiver,19d2c58a-67c5-4119-a3e4-c821cdfe94f7,SEND,ACK,110,36,""
499.664,receiver,19d2c58a-67c5-4119-a3e4-c821cdfe94f7,RECEIVE,DATA,106,1060,""
499.667,receiver,19d2c58a-67c5-4119-a3e4-c821cdfe94f7,OUT_OF_ORDER,DATA,106,0,"arrived before missing sequence=100"
499.669,receiver,19d2c58a-67c5-4119-a3e4-c821cdfe94f7,ACCEPT_DATA,DATA,106,1024,"unique file bytes received"
499.671,receiver,19d2c58a-67c5-4119-a3e4-c821cdfe94f7,SEND,ACK,106,36,""
499.677,receiver,19d2c58a-67c5-4119-a3e4-c821cdfe94f7,RECEIVE,DATA,128,1060,""
499.679,receiver,19d2c58a-67c5-4119-a3e4-c821cdfe94f7,OUT_OF_ORDER,DATA,128,0,"arrived before missing sequence=100"
499.682,receiver,19d2c58a-67c5-4119-a3e4-c821cdfe94f7,ACCEPT_DATA,DATA,128,1024,"unique file bytes received"
499.684,receiver,19d2c58a-67c5-4119-a3e4-c821cdfe94f7,SEND,ACK,128,36,""
499.689,receiver,19d2c58a-67c5-4119-a3e4-c821cdfe94f7,RECEIVE,DATA,124,1060,""
499.692,receiver,19d2c58a-67c5-4119-a3e4-c821cdfe94f7,OUT_OF_ORDER,DATA,124,0,"arrived before missing sequence=100"
499.695,receiver,19d2c58a-67c5-4119-a3e4-c821cdfe94f7,ACCEPT_DATA,DATA,124,1024,"unique file bytes received"
499.697,receiver,19d2c58a-67c5-4119-a3e4-c821cdfe94f7,SEND,ACK,124,36,""
499.702,receiver,19d2c58a-67c5-4119-a3e4-c821cdfe94f7,RECEIVE,DATA,102,1060,""
499.705,receiver,19d2c58a-67c5-4119-a3e4-c821cdfe94f7,OUT_OF_ORDER,DATA,102,0,"arrived before missing sequence=100"
499.707,receiver,19d2c58a-67c5-4119-a3e4-c821cdfe94f7,ACCEPT_DATA,DATA,102,1024,"unique file bytes received"
499.710,receiver,19d2c58a-67c5-4119-a3e4-c821cdfe94f7,SEND,ACK,102,36,""
499.715,receiver,19d2c58a-67c5-4119-a3e4-c821cdfe94f7,RECEIVE,DATA,117,1060,""
499.718,receiver,19d2c58a-67c5-4119-a3e4-c821cdfe94f7,OUT_OF_ORDER,DATA,117,0,"arrived before missing sequence=100"
499.720,receiver,19d2c58a-67c5-4119-a3e4-c821cdfe94f7,ACCEPT_DATA,DATA,117,1024,"unique file bytes received"
499.723,receiver,19d2c58a-67c5-4119-a3e4-c821cdfe94f7,SEND,ACK,117,36,""
499.727,receiver,19d2c58a-67c5-4119-a3e4-c821cdfe94f7,RECEIVE,DATA,118,1060,""
499.730,receiver,19d2c58a-67c5-4119-a3e4-c821cdfe94f7,OUT_OF_ORDER,DATA,118,0,"arrived before missing sequence=100"
499.733,receiver,19d2c58a-67c5-4119-a3e4-c821cdfe94f7,ACCEPT_DATA,DATA,118,1024,"unique file bytes received"
499.735,receiver,19d2c58a-67c5-4119-a3e4-c821cdfe94f7,SEND,ACK,118,36,""
499.740,receiver,19d2c58a-67c5-4119-a3e4-c821cdfe94f7,RECEIVE,DATA,125,1060,""
499.746,receiver,19d2c58a-67c5-4119-a3e4-c821cdfe94f7,OUT_OF_ORDER,DATA,125,0,"arrived before missing sequence=100"
499.748,receiver,19d2c58a-67c5-4119-a3e4-c821cdfe94f7,ACCEPT_DATA,DATA,125,1024,"unique file bytes received"
499.750,receiver,19d2c58a-67c5-4119-a3e4-c821cdfe94f7,SEND,ACK,125,36,""
499.754,receiver,19d2c58a-67c5-4119-a3e4-c821cdfe94f7,RECEIVE,DATA,101,1060,""
499.757,receiver,19d2c58a-67c5-4119-a3e4-c821cdfe94f7,OUT_OF_ORDER,DATA,101,0,"arrived before missing sequence=100"
499.759,receiver,19d2c58a-67c5-4119-a3e4-c821cdfe94f7,ACCEPT_DATA,DATA,101,1024,"unique file bytes received"
499.761,receiver,19d2c58a-67c5-4119-a3e4-c821cdfe94f7,SEND,ACK,101,36,""
515.193,receiver,19d2c58a-67c5-4119-a3e4-c821cdfe94f7,EMIT,ACK,113,36,""
515.227,receiver,19d2c58a-67c5-4119-a3e4-c821cdfe94f7,RECEIVE,DATA,109,1060,""
515.241,receiver,19d2c58a-67c5-4119-a3e4-c821cdfe94f7,EMIT,ACK,99,36,""
515.247,receiver,19d2c58a-67c5-4119-a3e4-c821cdfe94f7,OUT_OF_ORDER,DATA,109,0,"arrived before missing sequence=100"
515.252,receiver,19d2c58a-67c5-4119-a3e4-c821cdfe94f7,ACCEPT_DATA,DATA,109,1024,"unique file bytes received"
515.256,receiver,19d2c58a-67c5-4119-a3e4-c821cdfe94f7,SEND,ACK,109,36,""
515.308,receiver,19d2c58a-67c5-4119-a3e4-c821cdfe94f7,RECEIVE,DATA,120,1060,""
515.314,receiver,19d2c58a-67c5-4119-a3e4-c821cdfe94f7,OUT_OF_ORDER,DATA,120,0,"arrived before missing sequence=100"
515.317,receiver,19d2c58a-67c5-4119-a3e4-c821cdfe94f7,ACCEPT_DATA,DATA,120,1024,"unique file bytes received"
515.321,receiver,19d2c58a-67c5-4119-a3e4-c821cdfe94f7,SEND,ACK,120,36,""
515.343,receiver,19d2c58a-67c5-4119-a3e4-c821cdfe94f7,RECEIVE,DATA,123,1060,""
515.347,receiver,19d2c58a-67c5-4119-a3e4-c821cdfe94f7,OUT_OF_ORDER,DATA,123,0,"arrived before missing sequence=100"
515.350,receiver,19d2c58a-67c5-4119-a3e4-c821cdfe94f7,ACCEPT_DATA,DATA,123,1024,"unique file bytes received"
515.353,receiver,19d2c58a-67c5-4119-a3e4-c821cdfe94f7,SEND,ACK,123,36,""
515.361,receiver,19d2c58a-67c5-4119-a3e4-c821cdfe94f7,RECEIVE,DATA,100,1060,""
515.365,receiver,19d2c58a-67c5-4119-a3e4-c821cdfe94f7,ACCEPT_DATA,DATA,100,1024,"unique file bytes received"
515.368,receiver,19d2c58a-67c5-4119-a3e4-c821cdfe94f7,SEND,ACK,100,36,""
515.375,receiver,19d2c58a-67c5-4119-a3e4-c821cdfe94f7,RECEIVE,DATA,103,1060,""
515.379,receiver,19d2c58a-67c5-4119-a3e4-c821cdfe94f7,ACCEPT_DATA,DATA,103,1024,"unique file bytes received"
515.382,receiver,19d2c58a-67c5-4119-a3e4-c821cdfe94f7,SEND,ACK,103,36,""
531.087,receiver,19d2c58a-67c5-4119-a3e4-c821cdfe94f7,EMIT,ACK,112,36,""
531.112,receiver,19d2c58a-67c5-4119-a3e4-c821cdfe94f7,EMIT,ACK,121,36,""
531.132,receiver,19d2c58a-67c5-4119-a3e4-c821cdfe94f7,EMIT,ACK,105,36,""
531.140,receiver,19d2c58a-67c5-4119-a3e4-c821cdfe94f7,EMIT,ACK,111,36,""
531.147,receiver,19d2c58a-67c5-4119-a3e4-c821cdfe94f7,EMIT,ACK,117,36,""
531.154,receiver,19d2c58a-67c5-4119-a3e4-c821cdfe94f7,EMIT,ACK,102,36,""
531.161,receiver,19d2c58a-67c5-4119-a3e4-c821cdfe94f7,EMIT,ACK,126,36,""
546.473,receiver,19d2c58a-67c5-4119-a3e4-c821cdfe94f7,EMIT,ACK,127,36,""
546.521,receiver,19d2c58a-67c5-4119-a3e4-c821cdfe94f7,EMIT,ACK,128,36,""
546.546,receiver,19d2c58a-67c5-4119-a3e4-c821cdfe94f7,EMIT,ACK,115,36,""
546.567,receiver,19d2c58a-67c5-4119-a3e4-c821cdfe94f7,EMIT,ACK,125,36,""
546.588,receiver,19d2c58a-67c5-4119-a3e4-c821cdfe94f7,EMIT,ACK,116,36,""
546.608,receiver,19d2c58a-67c5-4119-a3e4-c821cdfe94f7,EMIT,ACK,101,36,""
546.644,receiver,19d2c58a-67c5-4119-a3e4-c821cdfe94f7,EMIT,ACK,107,36,""
546.651,receiver,19d2c58a-67c5-4119-a3e4-c821cdfe94f7,RECEIVE,DATA,129,1060,""
546.675,receiver,19d2c58a-67c5-4119-a3e4-c821cdfe94f7,ACCEPT_DATA,DATA,129,1024,"unique file bytes received"
546.679,receiver,19d2c58a-67c5-4119-a3e4-c821cdfe94f7,EMIT,ACK,106,36,""
546.686,receiver,19d2c58a-67c5-4119-a3e4-c821cdfe94f7,SEND,ACK,129,36,""
546.699,receiver,19d2c58a-67c5-4119-a3e4-c821cdfe94f7,EMIT,ACK,122,36,""
546.875,receiver,19d2c58a-67c5-4119-a3e4-c821cdfe94f7,EMIT,ACK,108,36,""
546.890,receiver,19d2c58a-67c5-4119-a3e4-c821cdfe94f7,EMIT,ACK,110,36,""
546.897,receiver,19d2c58a-67c5-4119-a3e4-c821cdfe94f7,EMIT,ACK,120,36,""
546.904,receiver,19d2c58a-67c5-4119-a3e4-c821cdfe94f7,EMIT,ACK,114,36,""
546.910,receiver,19d2c58a-67c5-4119-a3e4-c821cdfe94f7,EMIT,ACK,123,36,""
546.916,receiver,19d2c58a-67c5-4119-a3e4-c821cdfe94f7,EMIT,ACK,124,36,""
561.543,receiver,19d2c58a-67c5-4119-a3e4-c821cdfe94f7,EMIT,ACK,100,36,""
561.562,receiver,19d2c58a-67c5-4119-a3e4-c821cdfe94f7,EMIT,ACK,109,36,""
561.581,receiver,19d2c58a-67c5-4119-a3e4-c821cdfe94f7,EMIT,ACK,119,36,""
561.588,receiver,19d2c58a-67c5-4119-a3e4-c821cdfe94f7,EMIT,ACK,118,36,""
561.594,receiver,19d2c58a-67c5-4119-a3e4-c821cdfe94f7,EMIT,ACK,104,36,""
561.882,receiver,19d2c58a-67c5-4119-a3e4-c821cdfe94f7,RECEIVE,DATA,130,1060,""
561.893,receiver,19d2c58a-67c5-4119-a3e4-c821cdfe94f7,ACCEPT_DATA,DATA,130,1024,"unique file bytes received"
561.896,receiver,19d2c58a-67c5-4119-a3e4-c821cdfe94f7,SEND,ACK,130,36,""
561.907,receiver,19d2c58a-67c5-4119-a3e4-c821cdfe94f7,RECEIVE,DATA,131,1060,""
561.910,receiver,19d2c58a-67c5-4119-a3e4-c821cdfe94f7,ACCEPT_DATA,DATA,131,1024,"unique file bytes received"
561.912,receiver,19d2c58a-67c5-4119-a3e4-c821cdfe94f7,SEND,ACK,131,36,""
577.362,receiver,19d2c58a-67c5-4119-a3e4-c821cdfe94f7,EMIT,ACK,103,36,""
577.398,receiver,19d2c58a-67c5-4119-a3e4-c821cdfe94f7,EMIT,ACK,129,36,""
592.576,receiver,19d2c58a-67c5-4119-a3e4-c821cdfe94f7,EMIT,ACK,130,36,""
608.349,receiver,19d2c58a-67c5-4119-a3e4-c821cdfe94f7,EMIT,ACK,131,36,""
608.497,receiver,19d2c58a-67c5-4119-a3e4-c821cdfe94f7,RECEIVE,DATA,133,1060,""
608.510,receiver,19d2c58a-67c5-4119-a3e4-c821cdfe94f7,OUT_OF_ORDER,DATA,133,0,"arrived before missing sequence=132"
608.545,receiver,19d2c58a-67c5-4119-a3e4-c821cdfe94f7,ACCEPT_DATA,DATA,133,1024,"unique file bytes received"
608.549,receiver,19d2c58a-67c5-4119-a3e4-c821cdfe94f7,SEND,ACK,133,36,""
608.570,receiver,19d2c58a-67c5-4119-a3e4-c821cdfe94f7,RECEIVE,DATA,132,1060,""
608.575,receiver,19d2c58a-67c5-4119-a3e4-c821cdfe94f7,ACCEPT_DATA,DATA,132,1024,"unique file bytes received"
608.577,receiver,19d2c58a-67c5-4119-a3e4-c821cdfe94f7,SEND,ACK,132,36,""
608.583,receiver,19d2c58a-67c5-4119-a3e4-c821cdfe94f7,RECEIVE,DATA,157,1060,""
608.590,receiver,19d2c58a-67c5-4119-a3e4-c821cdfe94f7,OUT_OF_ORDER,DATA,157,0,"arrived before missing sequence=134"
608.592,receiver,19d2c58a-67c5-4119-a3e4-c821cdfe94f7,ACCEPT_DATA,DATA,157,1024,"unique file bytes received"
608.594,receiver,19d2c58a-67c5-4119-a3e4-c821cdfe94f7,SEND,ACK,157,36,""
608.599,receiver,19d2c58a-67c5-4119-a3e4-c821cdfe94f7,RECEIVE,DATA,148,1060,""
608.601,receiver,19d2c58a-67c5-4119-a3e4-c821cdfe94f7,OUT_OF_ORDER,DATA,148,0,"arrived before missing sequence=134"
608.604,receiver,19d2c58a-67c5-4119-a3e4-c821cdfe94f7,ACCEPT_DATA,DATA,148,1024,"unique file bytes received"
608.606,receiver,19d2c58a-67c5-4119-a3e4-c821cdfe94f7,SEND,ACK,148,36,""
608.611,receiver,19d2c58a-67c5-4119-a3e4-c821cdfe94f7,RECEIVE,DATA,159,1060,""
608.613,receiver,19d2c58a-67c5-4119-a3e4-c821cdfe94f7,OUT_OF_ORDER,DATA,159,0,"arrived before missing sequence=134"
608.615,receiver,19d2c58a-67c5-4119-a3e4-c821cdfe94f7,ACCEPT_DATA,DATA,159,1024,"unique file bytes received"
608.617,receiver,19d2c58a-67c5-4119-a3e4-c821cdfe94f7,SEND,ACK,159,36,""
608.621,receiver,19d2c58a-67c5-4119-a3e4-c821cdfe94f7,RECEIVE,DATA,158,1060,""
608.624,receiver,19d2c58a-67c5-4119-a3e4-c821cdfe94f7,OUT_OF_ORDER,DATA,158,0,"arrived before missing sequence=134"
608.626,receiver,19d2c58a-67c5-4119-a3e4-c821cdfe94f7,ACCEPT_DATA,DATA,158,1024,"unique file bytes received"
608.628,receiver,19d2c58a-67c5-4119-a3e4-c821cdfe94f7,SEND,ACK,158,36,""
623.833,receiver,19d2c58a-67c5-4119-a3e4-c821cdfe94f7,RECEIVE,DATA,142,1060,""
623.848,receiver,19d2c58a-67c5-4119-a3e4-c821cdfe94f7,OUT_OF_ORDER,DATA,142,0,"arrived before missing sequence=134"
623.852,receiver,19d2c58a-67c5-4119-a3e4-c821cdfe94f7,ACCEPT_DATA,DATA,142,1024,"unique file bytes received"
623.855,receiver,19d2c58a-67c5-4119-a3e4-c821cdfe94f7,SEND,ACK,142,36,""
623.869,receiver,19d2c58a-67c5-4119-a3e4-c821cdfe94f7,RECEIVE,DATA,145,1060,""
623.872,receiver,19d2c58a-67c5-4119-a3e4-c821cdfe94f7,OUT_OF_ORDER,DATA,145,0,"arrived before missing sequence=134"
623.875,receiver,19d2c58a-67c5-4119-a3e4-c821cdfe94f7,ACCEPT_DATA,DATA,145,1024,"unique file bytes received"
623.877,receiver,19d2c58a-67c5-4119-a3e4-c821cdfe94f7,SEND,ACK,145,36,""
623.883,receiver,19d2c58a-67c5-4119-a3e4-c821cdfe94f7,RECEIVE,DATA,153,1060,""
623.885,receiver,19d2c58a-67c5-4119-a3e4-c821cdfe94f7,OUT_OF_ORDER,DATA,153,0,"arrived before missing sequence=134"
623.888,receiver,19d2c58a-67c5-4119-a3e4-c821cdfe94f7,ACCEPT_DATA,DATA,153,1024,"unique file bytes received"
623.890,receiver,19d2c58a-67c5-4119-a3e4-c821cdfe94f7,SEND,ACK,153,36,""
623.895,receiver,19d2c58a-67c5-4119-a3e4-c821cdfe94f7,RECEIVE,DATA,134,1060,""
623.898,receiver,19d2c58a-67c5-4119-a3e4-c821cdfe94f7,ACCEPT_DATA,DATA,134,1024,"unique file bytes received"
623.900,receiver,19d2c58a-67c5-4119-a3e4-c821cdfe94f7,SEND,ACK,134,36,""
623.905,receiver,19d2c58a-67c5-4119-a3e4-c821cdfe94f7,RECEIVE,DATA,160,1060,""
623.908,receiver,19d2c58a-67c5-4119-a3e4-c821cdfe94f7,OUT_OF_ORDER,DATA,160,0,"arrived before missing sequence=135"
623.910,receiver,19d2c58a-67c5-4119-a3e4-c821cdfe94f7,ACCEPT_DATA,DATA,160,1024,"unique file bytes received"
623.913,receiver,19d2c58a-67c5-4119-a3e4-c821cdfe94f7,SEND,ACK,160,36,""
623.918,receiver,19d2c58a-67c5-4119-a3e4-c821cdfe94f7,RECEIVE,DATA,146,1060,""
623.921,receiver,19d2c58a-67c5-4119-a3e4-c821cdfe94f7,OUT_OF_ORDER,DATA,146,0,"arrived before missing sequence=135"
623.923,receiver,19d2c58a-67c5-4119-a3e4-c821cdfe94f7,ACCEPT_DATA,DATA,146,1024,"unique file bytes received"
623.929,receiver,19d2c58a-67c5-4119-a3e4-c821cdfe94f7,SEND,ACK,146,36,""
623.938,receiver,19d2c58a-67c5-4119-a3e4-c821cdfe94f7,RECEIVE,DATA,140,1060,""
623.941,receiver,19d2c58a-67c5-4119-a3e4-c821cdfe94f7,OUT_OF_ORDER,DATA,140,0,"arrived before missing sequence=135"
623.943,receiver,19d2c58a-67c5-4119-a3e4-c821cdfe94f7,ACCEPT_DATA,DATA,140,1024,"unique file bytes received"
623.945,receiver,19d2c58a-67c5-4119-a3e4-c821cdfe94f7,SEND,ACK,140,36,""
623.958,receiver,19d2c58a-67c5-4119-a3e4-c821cdfe94f7,RECEIVE,DATA,161,1060,""
623.960,receiver,19d2c58a-67c5-4119-a3e4-c821cdfe94f7,OUT_OF_ORDER,DATA,161,0,"arrived before missing sequence=135"
623.962,receiver,19d2c58a-67c5-4119-a3e4-c821cdfe94f7,ACCEPT_DATA,DATA,161,1024,"unique file bytes received"
623.964,receiver,19d2c58a-67c5-4119-a3e4-c821cdfe94f7,SEND,ACK,161,36,""
623.969,receiver,19d2c58a-67c5-4119-a3e4-c821cdfe94f7,RECEIVE,DATA,143,1060,""
623.971,receiver,19d2c58a-67c5-4119-a3e4-c821cdfe94f7,OUT_OF_ORDER,DATA,143,0,"arrived before missing sequence=135"
623.973,receiver,19d2c58a-67c5-4119-a3e4-c821cdfe94f7,ACCEPT_DATA,DATA,143,1024,"unique file bytes received"
623.975,receiver,19d2c58a-67c5-4119-a3e4-c821cdfe94f7,SEND,ACK,143,36,""
623.980,receiver,19d2c58a-67c5-4119-a3e4-c821cdfe94f7,RECEIVE,DATA,156,1060,""
623.982,receiver,19d2c58a-67c5-4119-a3e4-c821cdfe94f7,OUT_OF_ORDER,DATA,156,0,"arrived before missing sequence=135"
623.984,receiver,19d2c58a-67c5-4119-a3e4-c821cdfe94f7,ACCEPT_DATA,DATA,156,1024,"unique file bytes received"
623.987,receiver,19d2c58a-67c5-4119-a3e4-c821cdfe94f7,SEND,ACK,156,36,""
623.991,receiver,19d2c58a-67c5-4119-a3e4-c821cdfe94f7,RECEIVE,DATA,144,1060,""
623.993,receiver,19d2c58a-67c5-4119-a3e4-c821cdfe94f7,OUT_OF_ORDER,DATA,144,0,"arrived before missing sequence=135"
623.995,receiver,19d2c58a-67c5-4119-a3e4-c821cdfe94f7,ACCEPT_DATA,DATA,144,1024,"unique file bytes received"
623.997,receiver,19d2c58a-67c5-4119-a3e4-c821cdfe94f7,SEND,ACK,144,36,""
624.001,receiver,19d2c58a-67c5-4119-a3e4-c821cdfe94f7,RECEIVE,DATA,150,1060,""
624.004,receiver,19d2c58a-67c5-4119-a3e4-c821cdfe94f7,OUT_OF_ORDER,DATA,150,0,"arrived before missing sequence=135"
624.006,receiver,19d2c58a-67c5-4119-a3e4-c821cdfe94f7,ACCEPT_DATA,DATA,150,1024,"unique file bytes received"
624.008,receiver,19d2c58a-67c5-4119-a3e4-c821cdfe94f7,SEND,ACK,150,36,""
624.012,receiver,19d2c58a-67c5-4119-a3e4-c821cdfe94f7,RECEIVE,DATA,152,1060,""
624.014,receiver,19d2c58a-67c5-4119-a3e4-c821cdfe94f7,OUT_OF_ORDER,DATA,152,0,"arrived before missing sequence=135"
624.016,receiver,19d2c58a-67c5-4119-a3e4-c821cdfe94f7,ACCEPT_DATA,DATA,152,1024,"unique file bytes received"
624.018,receiver,19d2c58a-67c5-4119-a3e4-c821cdfe94f7,SEND,ACK,152,36,""
624.023,receiver,19d2c58a-67c5-4119-a3e4-c821cdfe94f7,RECEIVE,DATA,137,1060,""
624.025,receiver,19d2c58a-67c5-4119-a3e4-c821cdfe94f7,OUT_OF_ORDER,DATA,137,0,"arrived before missing sequence=135"
624.027,receiver,19d2c58a-67c5-4119-a3e4-c821cdfe94f7,ACCEPT_DATA,DATA,137,1024,"unique file bytes received"
624.029,receiver,19d2c58a-67c5-4119-a3e4-c821cdfe94f7,SEND,ACK,137,36,""
624.034,receiver,19d2c58a-67c5-4119-a3e4-c821cdfe94f7,RECEIVE,DATA,149,1060,""
624.036,receiver,19d2c58a-67c5-4119-a3e4-c821cdfe94f7,OUT_OF_ORDER,DATA,149,0,"arrived before missing sequence=135"
624.038,receiver,19d2c58a-67c5-4119-a3e4-c821cdfe94f7,ACCEPT_DATA,DATA,149,1024,"unique file bytes received"
624.040,receiver,19d2c58a-67c5-4119-a3e4-c821cdfe94f7,SEND,ACK,149,36,""
624.044,receiver,19d2c58a-67c5-4119-a3e4-c821cdfe94f7,RECEIVE,DATA,151,1060,""
624.047,receiver,19d2c58a-67c5-4119-a3e4-c821cdfe94f7,OUT_OF_ORDER,DATA,151,0,"arrived before missing sequence=135"
624.049,receiver,19d2c58a-67c5-4119-a3e4-c821cdfe94f7,ACCEPT_DATA,DATA,151,1024,"unique file bytes received"
624.051,receiver,19d2c58a-67c5-4119-a3e4-c821cdfe94f7,SEND,ACK,151,36,""
624.055,receiver,19d2c58a-67c5-4119-a3e4-c821cdfe94f7,RECEIVE,DATA,139,1060,""
624.057,receiver,19d2c58a-67c5-4119-a3e4-c821cdfe94f7,OUT_OF_ORDER,DATA,139,0,"arrived before missing sequence=135"
624.086,receiver,19d2c58a-67c5-4119-a3e4-c821cdfe94f7,ACCEPT_DATA,DATA,139,1024,"unique file bytes received"
624.088,receiver,19d2c58a-67c5-4119-a3e4-c821cdfe94f7,SEND,ACK,139,36,""
624.092,receiver,19d2c58a-67c5-4119-a3e4-c821cdfe94f7,RECEIVE,DATA,138,1060,""
624.095,receiver,19d2c58a-67c5-4119-a3e4-c821cdfe94f7,OUT_OF_ORDER,DATA,138,0,"arrived before missing sequence=135"
624.097,receiver,19d2c58a-67c5-4119-a3e4-c821cdfe94f7,ACCEPT_DATA,DATA,138,1024,"unique file bytes received"
624.099,receiver,19d2c58a-67c5-4119-a3e4-c821cdfe94f7,SEND,ACK,138,36,""
624.103,receiver,19d2c58a-67c5-4119-a3e4-c821cdfe94f7,RECEIVE,DATA,136,1060,""
624.105,receiver,19d2c58a-67c5-4119-a3e4-c821cdfe94f7,OUT_OF_ORDER,DATA,136,0,"arrived before missing sequence=135"
624.107,receiver,19d2c58a-67c5-4119-a3e4-c821cdfe94f7,ACCEPT_DATA,DATA,136,1024,"unique file bytes received"
624.109,receiver,19d2c58a-67c5-4119-a3e4-c821cdfe94f7,SEND,ACK,136,36,""
624.113,receiver,19d2c58a-67c5-4119-a3e4-c821cdfe94f7,RECEIVE,DATA,147,1060,""
624.115,receiver,19d2c58a-67c5-4119-a3e4-c821cdfe94f7,OUT_OF_ORDER,DATA,147,0,"arrived before missing sequence=135"
624.117,receiver,19d2c58a-67c5-4119-a3e4-c821cdfe94f7,ACCEPT_DATA,DATA,147,1024,"unique file bytes received"
624.119,receiver,19d2c58a-67c5-4119-a3e4-c821cdfe94f7,SEND,ACK,147,36,""
624.123,receiver,19d2c58a-67c5-4119-a3e4-c821cdfe94f7,RECEIVE,DATA,154,1060,""
624.125,receiver,19d2c58a-67c5-4119-a3e4-c821cdfe94f7,OUT_OF_ORDER,DATA,154,0,"arrived before missing sequence=135"
624.127,receiver,19d2c58a-67c5-4119-a3e4-c821cdfe94f7,ACCEPT_DATA,DATA,154,1024,"unique file bytes received"
624.128,receiver,19d2c58a-67c5-4119-a3e4-c821cdfe94f7,SEND,ACK,154,36,""
640.058,receiver,19d2c58a-67c5-4119-a3e4-c821cdfe94f7,EMIT,ACK,132,36,""
640.394,receiver,19d2c58a-67c5-4119-a3e4-c821cdfe94f7,RECEIVE,DATA,141,1060,""
640.404,receiver,19d2c58a-67c5-4119-a3e4-c821cdfe94f7,OUT_OF_ORDER,DATA,141,0,"arrived before missing sequence=135"
640.407,receiver,19d2c58a-67c5-4119-a3e4-c821cdfe94f7,ACCEPT_DATA,DATA,141,1024,"unique file bytes received"
640.410,receiver,19d2c58a-67c5-4119-a3e4-c821cdfe94f7,SEND,ACK,141,36,""
640.420,receiver,19d2c58a-67c5-4119-a3e4-c821cdfe94f7,RECEIVE,DATA,135,1060,""
640.424,receiver,19d2c58a-67c5-4119-a3e4-c821cdfe94f7,ACCEPT_DATA,DATA,135,1024,"unique file bytes received"
640.426,receiver,19d2c58a-67c5-4119-a3e4-c821cdfe94f7,SEND,ACK,135,36,""
640.430,receiver,19d2c58a-67c5-4119-a3e4-c821cdfe94f7,RECEIVE,DATA,155,1060,""
640.433,receiver,19d2c58a-67c5-4119-a3e4-c821cdfe94f7,ACCEPT_DATA,DATA,155,1024,"unique file bytes received"
640.435,receiver,19d2c58a-67c5-4119-a3e4-c821cdfe94f7,SEND,ACK,155,36,""
640.439,receiver,19d2c58a-67c5-4119-a3e4-c821cdfe94f7,RECEIVE,DATA,162,1060,""
640.441,receiver,19d2c58a-67c5-4119-a3e4-c821cdfe94f7,ACCEPT_DATA,DATA,162,1024,"unique file bytes received"
640.443,receiver,19d2c58a-67c5-4119-a3e4-c821cdfe94f7,SEND,ACK,162,36,""
655.364,receiver,19d2c58a-67c5-4119-a3e4-c821cdfe94f7,EMIT,ACK,148,36,""
655.451,receiver,19d2c58a-67c5-4119-a3e4-c821cdfe94f7,EMIT,ACK,159,36,""
655.459,receiver,19d2c58a-67c5-4119-a3e4-c821cdfe94f7,EMIT,ACK,133,36,""
655.465,receiver,19d2c58a-67c5-4119-a3e4-c821cdfe94f7,EMIT,ACK,138,36,""
655.499,receiver,19d2c58a-67c5-4119-a3e4-c821cdfe94f7,EMIT,ACK,157,36,""
655.506,receiver,19d2c58a-67c5-4119-a3e4-c821cdfe94f7,EMIT,ACK,143,36,""
655.512,receiver,19d2c58a-67c5-4119-a3e4-c821cdfe94f7,EMIT,ACK,136,36,""
655.520,receiver,19d2c58a-67c5-4119-a3e4-c821cdfe94f7,EMIT,ACK,153,36,""
655.539,receiver,19d2c58a-67c5-4119-a3e4-c821cdfe94f7,EMIT,ACK,152,36,""
655.546,receiver,19d2c58a-67c5-4119-a3e4-c821cdfe94f7,EMIT,ACK,160,36,""
655.552,receiver,19d2c58a-67c5-4119-a3e4-c821cdfe94f7,EMIT,ACK,151,36,""
655.560,receiver,19d2c58a-67c5-4119-a3e4-c821cdfe94f7,EMIT,ACK,158,36,""
655.950,receiver,19d2c58a-67c5-4119-a3e4-c821cdfe94f7,RECEIVE,DATA,163,1060,""
655.988,receiver,19d2c58a-67c5-4119-a3e4-c821cdfe94f7,ACCEPT_DATA,DATA,163,1024,"unique file bytes received"
656.007,receiver,19d2c58a-67c5-4119-a3e4-c821cdfe94f7,SEND,ACK,163,36,""
670.379,receiver,19d2c58a-67c5-4119-a3e4-c821cdfe94f7,EMIT,ACK,142,36,""
670.402,receiver,19d2c58a-67c5-4119-a3e4-c821cdfe94f7,EMIT,ACK,134,36,""
670.409,receiver,19d2c58a-67c5-4119-a3e4-c821cdfe94f7,EMIT,ACK,161,36,""
670.415,receiver,19d2c58a-67c5-4119-a3e4-c821cdfe94f7,EMIT,ACK,146,36,""
670.421,receiver,19d2c58a-67c5-4119-a3e4-c821cdfe94f7,EMIT,ACK,150,36,""
670.427,receiver,19d2c58a-67c5-4119-a3e4-c821cdfe94f7,EMIT,ACK,140,36,""
670.433,receiver,19d2c58a-67c5-4119-a3e4-c821cdfe94f7,EMIT,ACK,137,36,""
670.439,receiver,19d2c58a-67c5-4119-a3e4-c821cdfe94f7,EMIT,ACK,149,36,""
670.445,receiver,19d2c58a-67c5-4119-a3e4-c821cdfe94f7,EMIT,ACK,154,36,""
670.451,receiver,19d2c58a-67c5-4119-a3e4-c821cdfe94f7,EMIT,ACK,145,36,""
670.457,receiver,19d2c58a-67c5-4119-a3e4-c821cdfe94f7,EMIT,ACK,162,36,""
670.463,receiver,19d2c58a-67c5-4119-a3e4-c821cdfe94f7,EMIT,ACK,144,36,""
686.369,receiver,19d2c58a-67c5-4119-a3e4-c821cdfe94f7,EMIT,ACK,147,36,""
686.412,receiver,19d2c58a-67c5-4119-a3e4-c821cdfe94f7,EMIT,ACK,156,36,""
686.421,receiver,19d2c58a-67c5-4119-a3e4-c821cdfe94f7,EMIT,ACK,139,36,""
686.429,receiver,19d2c58a-67c5-4119-a3e4-c821cdfe94f7,EMIT,ACK,141,36,""
686.439,receiver,19d2c58a-67c5-4119-a3e4-c821cdfe94f7,EMIT,ACK,135,36,""
686.447,receiver,19d2c58a-67c5-4119-a3e4-c821cdfe94f7,EMIT,ACK,155,36,""
686.601,receiver,19d2c58a-67c5-4119-a3e4-c821cdfe94f7,RECEIVE,DATA,164,1060,""
686.629,receiver,19d2c58a-67c5-4119-a3e4-c821cdfe94f7,ACCEPT_DATA,DATA,164,1024,"unique file bytes received"
686.639,receiver,19d2c58a-67c5-4119-a3e4-c821cdfe94f7,SEND,ACK,164,36,""
701.570,receiver,19d2c58a-67c5-4119-a3e4-c821cdfe94f7,RECEIVE,DATA,166,1060,""
701.613,receiver,19d2c58a-67c5-4119-a3e4-c821cdfe94f7,OUT_OF_ORDER,DATA,166,0,"arrived before missing sequence=165"
701.617,receiver,19d2c58a-67c5-4119-a3e4-c821cdfe94f7,ACCEPT_DATA,DATA,166,1024,"unique file bytes received"
701.620,receiver,19d2c58a-67c5-4119-a3e4-c821cdfe94f7,SEND,ACK,166,36,""
716.810,receiver,19d2c58a-67c5-4119-a3e4-c821cdfe94f7,EMIT,ACK,163,36,""
716.858,receiver,19d2c58a-67c5-4119-a3e4-c821cdfe94f7,RECEIVE,DATA,165,1060,""
716.866,receiver,19d2c58a-67c5-4119-a3e4-c821cdfe94f7,ACCEPT_DATA,DATA,165,1024,"unique file bytes received"
716.869,receiver,19d2c58a-67c5-4119-a3e4-c821cdfe94f7,SEND,ACK,165,36,""
716.883,receiver,19d2c58a-67c5-4119-a3e4-c821cdfe94f7,RECEIVE,DATA,178,1060,""
716.886,receiver,19d2c58a-67c5-4119-a3e4-c821cdfe94f7,OUT_OF_ORDER,DATA,178,0,"arrived before missing sequence=167"
716.889,receiver,19d2c58a-67c5-4119-a3e4-c821cdfe94f7,ACCEPT_DATA,DATA,178,1024,"unique file bytes received"
716.892,receiver,19d2c58a-67c5-4119-a3e4-c821cdfe94f7,SEND,ACK,178,36,""
716.901,receiver,19d2c58a-67c5-4119-a3e4-c821cdfe94f7,RECEIVE,DATA,180,1060,""
716.904,receiver,19d2c58a-67c5-4119-a3e4-c821cdfe94f7,OUT_OF_ORDER,DATA,180,0,"arrived before missing sequence=167"
716.907,receiver,19d2c58a-67c5-4119-a3e4-c821cdfe94f7,ACCEPT_DATA,DATA,180,1024,"unique file bytes received"
716.909,receiver,19d2c58a-67c5-4119-a3e4-c821cdfe94f7,SEND,ACK,180,36,""
716.915,receiver,19d2c58a-67c5-4119-a3e4-c821cdfe94f7,RECEIVE,DATA,184,1060,""
716.918,receiver,19d2c58a-67c5-4119-a3e4-c821cdfe94f7,OUT_OF_ORDER,DATA,184,0,"arrived before missing sequence=167"
716.921,receiver,19d2c58a-67c5-4119-a3e4-c821cdfe94f7,ACCEPT_DATA,DATA,184,1024,"unique file bytes received"
716.923,receiver,19d2c58a-67c5-4119-a3e4-c821cdfe94f7,SEND,ACK,184,36,""
716.929,receiver,19d2c58a-67c5-4119-a3e4-c821cdfe94f7,RECEIVE,DATA,181,1060,""
716.932,receiver,19d2c58a-67c5-4119-a3e4-c821cdfe94f7,OUT_OF_ORDER,DATA,181,0,"arrived before missing sequence=167"
716.935,receiver,19d2c58a-67c5-4119-a3e4-c821cdfe94f7,ACCEPT_DATA,DATA,181,1024,"unique file bytes received"
716.937,receiver,19d2c58a-67c5-4119-a3e4-c821cdfe94f7,SEND,ACK,181,36,""
716.943,receiver,19d2c58a-67c5-4119-a3e4-c821cdfe94f7,RECEIVE,DATA,186,1060,""
716.946,receiver,19d2c58a-67c5-4119-a3e4-c821cdfe94f7,OUT_OF_ORDER,DATA,186,0,"arrived before missing sequence=167"
716.948,receiver,19d2c58a-67c5-4119-a3e4-c821cdfe94f7,ACCEPT_DATA,DATA,186,1024,"unique file bytes received"
716.984,receiver,19d2c58a-67c5-4119-a3e4-c821cdfe94f7,SEND,ACK,186,36,""
732.297,receiver,19d2c58a-67c5-4119-a3e4-c821cdfe94f7,EMIT,ACK,164,36,""
732.318,receiver,19d2c58a-67c5-4119-a3e4-c821cdfe94f7,RECEIVE,DATA,176,1060,""
732.345,receiver,19d2c58a-67c5-4119-a3e4-c821cdfe94f7,OUT_OF_ORDER,DATA,176,0,"arrived before missing sequence=167"
732.358,receiver,19d2c58a-67c5-4119-a3e4-c821cdfe94f7,ACCEPT_DATA,DATA,176,1024,"unique file bytes received"
732.365,receiver,19d2c58a-67c5-4119-a3e4-c821cdfe94f7,SEND,ACK,176,36,""
732.392,receiver,19d2c58a-67c5-4119-a3e4-c821cdfe94f7,RECEIVE,DATA,187,1060,""
732.399,receiver,19d2c58a-67c5-4119-a3e4-c821cdfe94f7,OUT_OF_ORDER,DATA,187,0,"arrived before missing sequence=167"
732.405,receiver,19d2c58a-67c5-4119-a3e4-c821cdfe94f7,ACCEPT_DATA,DATA,187,1024,"unique file bytes received"
732.437,receiver,19d2c58a-67c5-4119-a3e4-c821cdfe94f7,SEND,ACK,187,36,""
732.462,receiver,19d2c58a-67c5-4119-a3e4-c821cdfe94f7,RECEIVE,DATA,191,1060,""
732.469,receiver,19d2c58a-67c5-4119-a3e4-c821cdfe94f7,OUT_OF_ORDER,DATA,191,0,"arrived before missing sequence=167"
732.475,receiver,19d2c58a-67c5-4119-a3e4-c821cdfe94f7,ACCEPT_DATA,DATA,191,1024,"unique file bytes received"
732.481,receiver,19d2c58a-67c5-4119-a3e4-c821cdfe94f7,SEND,ACK,191,36,""
732.493,receiver,19d2c58a-67c5-4119-a3e4-c821cdfe94f7,RECEIVE,DATA,194,1060,""
732.500,receiver,19d2c58a-67c5-4119-a3e4-c821cdfe94f7,OUT_OF_ORDER,DATA,194,0,"arrived before missing sequence=167"
732.506,receiver,19d2c58a-67c5-4119-a3e4-c821cdfe94f7,ACCEPT_DATA,DATA,194,1024,"unique file bytes received"
732.512,receiver,19d2c58a-67c5-4119-a3e4-c821cdfe94f7,SEND,ACK,194,36,""
732.536,receiver,19d2c58a-67c5-4119-a3e4-c821cdfe94f7,RECEIVE,DATA,170,1060,""
732.543,receiver,19d2c58a-67c5-4119-a3e4-c821cdfe94f7,OUT_OF_ORDER,DATA,170,0,"arrived before missing sequence=167"
732.549,receiver,19d2c58a-67c5-4119-a3e4-c821cdfe94f7,ACCEPT_DATA,DATA,170,1024,"unique file bytes received"
732.555,receiver,19d2c58a-67c5-4119-a3e4-c821cdfe94f7,SEND,ACK,170,36,""
732.567,receiver,19d2c58a-67c5-4119-a3e4-c821cdfe94f7,RECEIVE,DATA,182,1060,""
732.574,receiver,19d2c58a-67c5-4119-a3e4-c821cdfe94f7,OUT_OF_ORDER,DATA,182,0,"arrived before missing sequence=167"
732.587,receiver,19d2c58a-67c5-4119-a3e4-c821cdfe94f7,ACCEPT_DATA,DATA,182,1024,"unique file bytes received"
732.594,receiver,19d2c58a-67c5-4119-a3e4-c821cdfe94f7,SEND,ACK,182,36,""
732.607,receiver,19d2c58a-67c5-4119-a3e4-c821cdfe94f7,RECEIVE,DATA,179,1060,""
732.615,receiver,19d2c58a-67c5-4119-a3e4-c821cdfe94f7,OUT_OF_ORDER,DATA,179,0,"arrived before missing sequence=167"
732.621,receiver,19d2c58a-67c5-4119-a3e4-c821cdfe94f7,ACCEPT_DATA,DATA,179,1024,"unique file bytes received"
732.628,receiver,19d2c58a-67c5-4119-a3e4-c821cdfe94f7,SEND,ACK,179,36,""
732.643,receiver,19d2c58a-67c5-4119-a3e4-c821cdfe94f7,RECEIVE,DATA,171,1060,""
732.651,receiver,19d2c58a-67c5-4119-a3e4-c821cdfe94f7,OUT_OF_ORDER,DATA,171,0,"arrived before missing sequence=167"
732.658,receiver,19d2c58a-67c5-4119-a3e4-c821cdfe94f7,ACCEPT_DATA,DATA,171,1024,"unique file bytes received"
732.664,receiver,19d2c58a-67c5-4119-a3e4-c821cdfe94f7,SEND,ACK,171,36,""
732.678,receiver,19d2c58a-67c5-4119-a3e4-c821cdfe94f7,RECEIVE,DATA,167,1060,""
732.686,receiver,19d2c58a-67c5-4119-a3e4-c821cdfe94f7,ACCEPT_DATA,DATA,167,1024,"unique file bytes received"
732.693,receiver,19d2c58a-67c5-4119-a3e4-c821cdfe94f7,SEND,ACK,167,36,""
732.706,receiver,19d2c58a-67c5-4119-a3e4-c821cdfe94f7,RECEIVE,DATA,175,1060,""
732.714,receiver,19d2c58a-67c5-4119-a3e4-c821cdfe94f7,OUT_OF_ORDER,DATA,175,0,"arrived before missing sequence=168"
732.720,receiver,19d2c58a-67c5-4119-a3e4-c821cdfe94f7,ACCEPT_DATA,DATA,175,1024,"unique file bytes received"
732.735,receiver,19d2c58a-67c5-4119-a3e4-c821cdfe94f7,SEND,ACK,175,36,""
732.748,receiver,19d2c58a-67c5-4119-a3e4-c821cdfe94f7,RECEIVE,DATA,185,1060,""
732.755,receiver,19d2c58a-67c5-4119-a3e4-c821cdfe94f7,OUT_OF_ORDER,DATA,185,0,"arrived before missing sequence=168"
732.761,receiver,19d2c58a-67c5-4119-a3e4-c821cdfe94f7,ACCEPT_DATA,DATA,185,1024,"unique file bytes received"
732.767,receiver,19d2c58a-67c5-4119-a3e4-c821cdfe94f7,SEND,ACK,185,36,""
732.780,receiver,19d2c58a-67c5-4119-a3e4-c821cdfe94f7,RECEIVE,DATA,169,1060,""
732.788,receiver,19d2c58a-67c5-4119-a3e4-c821cdfe94f7,OUT_OF_ORDER,DATA,169,0,"arrived before missing sequence=168"
732.794,receiver,19d2c58a-67c5-4119-a3e4-c821cdfe94f7,ACCEPT_DATA,DATA,169,1024,"unique file bytes received"
732.800,receiver,19d2c58a-67c5-4119-a3e4-c821cdfe94f7,SEND,ACK,169,36,""
732.812,receiver,19d2c58a-67c5-4119-a3e4-c821cdfe94f7,RECEIVE,DATA,189,1060,""
732.819,receiver,19d2c58a-67c5-4119-a3e4-c821cdfe94f7,OUT_OF_ORDER,DATA,189,0,"arrived before missing sequence=168"
732.825,receiver,19d2c58a-67c5-4119-a3e4-c821cdfe94f7,ACCEPT_DATA,DATA,189,1024,"unique file bytes received"
732.832,receiver,19d2c58a-67c5-4119-a3e4-c821cdfe94f7,SEND,ACK,189,36,""
732.846,receiver,19d2c58a-67c5-4119-a3e4-c821cdfe94f7,RECEIVE,DATA,193,1060,""
732.853,receiver,19d2c58a-67c5-4119-a3e4-c821cdfe94f7,OUT_OF_ORDER,DATA,193,0,"arrived before missing sequence=168"
732.859,receiver,19d2c58a-67c5-4119-a3e4-c821cdfe94f7,ACCEPT_DATA,DATA,193,1024,"unique file bytes received"
732.865,receiver,19d2c58a-67c5-4119-a3e4-c821cdfe94f7,SEND,ACK,193,36,""
732.877,receiver,19d2c58a-67c5-4119-a3e4-c821cdfe94f7,RECEIVE,DATA,177,1060,""
732.885,receiver,19d2c58a-67c5-4119-a3e4-c821cdfe94f7,OUT_OF_ORDER,DATA,177,0,"arrived before missing sequence=168"
732.891,receiver,19d2c58a-67c5-4119-a3e4-c821cdfe94f7,ACCEPT_DATA,DATA,177,1024,"unique file bytes received"
732.897,receiver,19d2c58a-67c5-4119-a3e4-c821cdfe94f7,SEND,ACK,177,36,""
732.909,receiver,19d2c58a-67c5-4119-a3e4-c821cdfe94f7,RECEIVE,DATA,183,1060,""
732.917,receiver,19d2c58a-67c5-4119-a3e4-c821cdfe94f7,OUT_OF_ORDER,DATA,183,0,"arrived before missing sequence=168"
732.922,receiver,19d2c58a-67c5-4119-a3e4-c821cdfe94f7,ACCEPT_DATA,DATA,183,1024,"unique file bytes received"
732.928,receiver,19d2c58a-67c5-4119-a3e4-c821cdfe94f7,SEND,ACK,183,36,""
732.941,receiver,19d2c58a-67c5-4119-a3e4-c821cdfe94f7,RECEIVE,DATA,172,1060,""
732.948,receiver,19d2c58a-67c5-4119-a3e4-c821cdfe94f7,OUT_OF_ORDER,DATA,172,0,"arrived before missing sequence=168"
732.954,receiver,19d2c58a-67c5-4119-a3e4-c821cdfe94f7,ACCEPT_DATA,DATA,172,1024,"unique file bytes received"
732.960,receiver,19d2c58a-67c5-4119-a3e4-c821cdfe94f7,SEND,ACK,172,36,""
732.972,receiver,19d2c58a-67c5-4119-a3e4-c821cdfe94f7,RECEIVE,DATA,168,1060,""
732.979,receiver,19d2c58a-67c5-4119-a3e4-c821cdfe94f7,ACCEPT_DATA,DATA,168,1024,"unique file bytes received"
732.985,receiver,19d2c58a-67c5-4119-a3e4-c821cdfe94f7,SEND,ACK,168,36,""
732.998,receiver,19d2c58a-67c5-4119-a3e4-c821cdfe94f7,RECEIVE,DATA,190,1060,""
733.006,receiver,19d2c58a-67c5-4119-a3e4-c821cdfe94f7,OUT_OF_ORDER,DATA,190,0,"arrived before missing sequence=173"
733.020,receiver,19d2c58a-67c5-4119-a3e4-c821cdfe94f7,ACCEPT_DATA,DATA,190,1024,"unique file bytes received"
733.026,receiver,19d2c58a-67c5-4119-a3e4-c821cdfe94f7,SEND,ACK,190,36,""
733.038,receiver,19d2c58a-67c5-4119-a3e4-c821cdfe94f7,RECEIVE,DATA,192,1060,""
733.045,receiver,19d2c58a-67c5-4119-a3e4-c821cdfe94f7,OUT_OF_ORDER,DATA,192,0,"arrived before missing sequence=173"
733.051,receiver,19d2c58a-67c5-4119-a3e4-c821cdfe94f7,ACCEPT_DATA,DATA,192,1024,"unique file bytes received"
733.068,receiver,19d2c58a-67c5-4119-a3e4-c821cdfe94f7,SEND,ACK,192,36,""
733.080,receiver,19d2c58a-67c5-4119-a3e4-c821cdfe94f7,RECEIVE,DATA,173,1060,""
733.087,receiver,19d2c58a-67c5-4119-a3e4-c821cdfe94f7,ACCEPT_DATA,DATA,173,1024,"unique file bytes received"
733.093,receiver,19d2c58a-67c5-4119-a3e4-c821cdfe94f7,SEND,ACK,173,36,""
747.864,receiver,19d2c58a-67c5-4119-a3e4-c821cdfe94f7,EMIT,ACK,178,36,""
747.892,receiver,19d2c58a-67c5-4119-a3e4-c821cdfe94f7,RECEIVE,DATA,174,1060,""
747.908,receiver,19d2c58a-67c5-4119-a3e4-c821cdfe94f7,EMIT,ACK,166,36,""
747.912,receiver,19d2c58a-67c5-4119-a3e4-c821cdfe94f7,ACCEPT_DATA,DATA,174,1024,"unique file bytes received"
747.977,receiver,19d2c58a-67c5-4119-a3e4-c821cdfe94f7,SEND,ACK,174,36,""
747.992,receiver,19d2c58a-67c5-4119-a3e4-c821cdfe94f7,RECEIVE,DATA,188,1060,""
747.996,receiver,19d2c58a-67c5-4119-a3e4-c821cdfe94f7,ACCEPT_DATA,DATA,188,1024,"unique file bytes received"
748.008,receiver,19d2c58a-67c5-4119-a3e4-c821cdfe94f7,SEND,ACK,188,36,""
763.470,receiver,19d2c58a-67c5-4119-a3e4-c821cdfe94f7,EMIT,ACK,181,36,""
763.505,receiver,19d2c58a-67c5-4119-a3e4-c821cdfe94f7,EMIT,ACK,186,36,""
763.513,receiver,19d2c58a-67c5-4119-a3e4-c821cdfe94f7,EMIT,ACK,180,36,""
763.521,receiver,19d2c58a-67c5-4119-a3e4-c821cdfe94f7,EMIT,ACK,169,36,""
763.528,receiver,19d2c58a-67c5-4119-a3e4-c821cdfe94f7,EMIT,ACK,165,36,""
763.540,receiver,19d2c58a-67c5-4119-a3e4-c821cdfe94f7,EMIT,ACK,170,36,""
763.547,receiver,19d2c58a-67c5-4119-a3e4-c821cdfe94f7,EMIT,ACK,177,36,""
763.555,receiver,19d2c58a-67c5-4119-a3e4-c821cdfe94f7,EMIT,ACK,184,36,""
763.561,receiver,19d2c58a-67c5-4119-a3e4-c821cdfe94f7,EMIT,ACK,187,36,""
763.573,receiver,19d2c58a-67c5-4119-a3e4-c821cdfe94f7,EMIT,ACK,179,36,""
779.285,receiver,19d2c58a-67c5-4119-a3e4-c821cdfe94f7,EMIT,ACK,171,36,""
779.321,receiver,19d2c58a-67c5-4119-a3e4-c821cdfe94f7,EMIT,ACK,194,36,""
779.331,receiver,19d2c58a-67c5-4119-a3e4-c821cdfe94f7,EMIT,ACK,175,36,""
779.340,receiver,19d2c58a-67c5-4119-a3e4-c821cdfe94f7,EMIT,ACK,192,36,""
779.349,receiver,19d2c58a-67c5-4119-a3e4-c821cdfe94f7,EMIT,ACK,185,36,""
779.357,receiver,19d2c58a-67c5-4119-a3e4-c821cdfe94f7,EMIT,ACK,172,36,""
779.366,receiver,19d2c58a-67c5-4119-a3e4-c821cdfe94f7,EMIT,ACK,188,36,""
779.376,receiver,19d2c58a-67c5-4119-a3e4-c821cdfe94f7,EMIT,ACK,167,36,""
779.384,receiver,19d2c58a-67c5-4119-a3e4-c821cdfe94f7,EMIT,ACK,189,36,""
779.392,receiver,19d2c58a-67c5-4119-a3e4-c821cdfe94f7,EMIT,ACK,183,36,""
779.400,receiver,19d2c58a-67c5-4119-a3e4-c821cdfe94f7,EMIT,ACK,191,36,""
779.409,receiver,19d2c58a-67c5-4119-a3e4-c821cdfe94f7,EMIT,ACK,168,36,""
779.416,receiver,19d2c58a-67c5-4119-a3e4-c821cdfe94f7,EMIT,ACK,190,36,""
779.479,receiver,19d2c58a-67c5-4119-a3e4-c821cdfe94f7,RECEIVE,DATA,195,1060,""
779.492,receiver,19d2c58a-67c5-4119-a3e4-c821cdfe94f7,ACCEPT_DATA,DATA,195,1024,"unique file bytes received"
779.496,receiver,19d2c58a-67c5-4119-a3e4-c821cdfe94f7,SEND,ACK,195,36,""
779.510,receiver,19d2c58a-67c5-4119-a3e4-c821cdfe94f7,RECEIVE,DATA,196,1060,""
779.513,receiver,19d2c58a-67c5-4119-a3e4-c821cdfe94f7,ACCEPT_DATA,DATA,196,1024,"unique file bytes received"
779.516,receiver,19d2c58a-67c5-4119-a3e4-c821cdfe94f7,SEND,ACK,196,36,""
795.464,receiver,19d2c58a-67c5-4119-a3e4-c821cdfe94f7,EMIT,ACK,182,36,""
795.495,receiver,19d2c58a-67c5-4119-a3e4-c821cdfe94f7,EMIT,ACK,193,36,""
795.509,receiver,19d2c58a-67c5-4119-a3e4-c821cdfe94f7,EMIT,ACK,176,36,""
795.519,receiver,19d2c58a-67c5-4119-a3e4-c821cdfe94f7,EMIT,ACK,173,36,""
795.780,receiver,19d2c58a-67c5-4119-a3e4-c821cdfe94f7,RECEIVE,DATA,198,1060,""
795.791,receiver,19d2c58a-67c5-4119-a3e4-c821cdfe94f7,OUT_OF_ORDER,DATA,198,0,"arrived before missing sequence=197"
795.794,receiver,19d2c58a-67c5-4119-a3e4-c821cdfe94f7,ACCEPT_DATA,DATA,198,1024,"unique file bytes received"
795.797,receiver,19d2c58a-67c5-4119-a3e4-c821cdfe94f7,SEND,ACK,198,36,""
811.357,receiver,19d2c58a-67c5-4119-a3e4-c821cdfe94f7,RECEIVE,DATA,202,1060,""
811.371,receiver,19d2c58a-67c5-4119-a3e4-c821cdfe94f7,OUT_OF_ORDER,DATA,202,0,"arrived before missing sequence=197"
811.375,receiver,19d2c58a-67c5-4119-a3e4-c821cdfe94f7,EMIT,ACK,174,36,""
811.386,receiver,19d2c58a-67c5-4119-a3e4-c821cdfe94f7,ACCEPT_DATA,DATA,202,1024,"unique file bytes received"
811.389,receiver,19d2c58a-67c5-4119-a3e4-c821cdfe94f7,SEND,ACK,202,36,""
827.289,receiver,19d2c58a-67c5-4119-a3e4-c821cdfe94f7,RECEIVE,DATA,197,1060,""
827.304,receiver,19d2c58a-67c5-4119-a3e4-c821cdfe94f7,ACCEPT_DATA,DATA,197,1024,"unique file bytes received"
827.308,receiver,19d2c58a-67c5-4119-a3e4-c821cdfe94f7,SEND,ACK,197,36,""
827.351,receiver,19d2c58a-67c5-4119-a3e4-c821cdfe94f7,RECEIVE,DATA,201,1060,""
827.354,receiver,19d2c58a-67c5-4119-a3e4-c821cdfe94f7,OUT_OF_ORDER,DATA,201,0,"arrived before missing sequence=199"
827.357,receiver,19d2c58a-67c5-4119-a3e4-c821cdfe94f7,ACCEPT_DATA,DATA,201,1024,"unique file bytes received"
827.360,receiver,19d2c58a-67c5-4119-a3e4-c821cdfe94f7,SEND,ACK,201,36,""
827.371,receiver,19d2c58a-67c5-4119-a3e4-c821cdfe94f7,RECEIVE,DATA,199,1060,""
827.374,receiver,19d2c58a-67c5-4119-a3e4-c821cdfe94f7,ACCEPT_DATA,DATA,199,1024,"unique file bytes received"
827.377,receiver,19d2c58a-67c5-4119-a3e4-c821cdfe94f7,SEND,ACK,199,36,""
827.382,receiver,19d2c58a-67c5-4119-a3e4-c821cdfe94f7,RECEIVE,DATA,204,1060,""
827.385,receiver,19d2c58a-67c5-4119-a3e4-c821cdfe94f7,OUT_OF_ORDER,DATA,204,0,"arrived before missing sequence=200"
827.388,receiver,19d2c58a-67c5-4119-a3e4-c821cdfe94f7,ACCEPT_DATA,DATA,204,1024,"unique file bytes received"
827.390,receiver,19d2c58a-67c5-4119-a3e4-c821cdfe94f7,SEND,ACK,204,36,""
827.395,receiver,19d2c58a-67c5-4119-a3e4-c821cdfe94f7,RECEIVE,DATA,203,1060,""
827.398,receiver,19d2c58a-67c5-4119-a3e4-c821cdfe94f7,OUT_OF_ORDER,DATA,203,0,"arrived before missing sequence=200"
827.401,receiver,19d2c58a-67c5-4119-a3e4-c821cdfe94f7,ACCEPT_DATA,DATA,203,1024,"unique file bytes received"
827.407,receiver,19d2c58a-67c5-4119-a3e4-c821cdfe94f7,SEND,ACK,203,36,""
827.411,receiver,19d2c58a-67c5-4119-a3e4-c821cdfe94f7,RECEIVE,DATA,200,1060,""
827.414,receiver,19d2c58a-67c5-4119-a3e4-c821cdfe94f7,ACCEPT_DATA,DATA,200,1024,"unique file bytes received"
827.417,receiver,19d2c58a-67c5-4119-a3e4-c821cdfe94f7,SEND,ACK,200,36,""
827.570,receiver,19d2c58a-67c5-4119-a3e4-c821cdfe94f7,EMIT,ACK,196,36,""
827.587,receiver,19d2c58a-67c5-4119-a3e4-c821cdfe94f7,EMIT,ACK,195,36,""
842.594,receiver,19d2c58a-67c5-4119-a3e4-c821cdfe94f7,EMIT,ACK,198,36,""
842.789,receiver,19d2c58a-67c5-4119-a3e4-c821cdfe94f7,RECEIVE,DATA,205,1060,""
842.818,receiver,19d2c58a-67c5-4119-a3e4-c821cdfe94f7,ACCEPT_DATA,DATA,205,1024,"unique file bytes received"
842.828,receiver,19d2c58a-67c5-4119-a3e4-c821cdfe94f7,SEND,ACK,205,36,""
842.861,receiver,19d2c58a-67c5-4119-a3e4-c821cdfe94f7,RECEIVE,DATA,224,1060,""
842.864,receiver,19d2c58a-67c5-4119-a3e4-c821cdfe94f7,OUT_OF_ORDER,DATA,224,0,"arrived before missing sequence=206"
842.867,receiver,19d2c58a-67c5-4119-a3e4-c821cdfe94f7,ACCEPT_DATA,DATA,224,1024,"unique file bytes received"
842.870,receiver,19d2c58a-67c5-4119-a3e4-c821cdfe94f7,SEND,ACK,224,36,""
842.875,receiver,19d2c58a-67c5-4119-a3e4-c821cdfe94f7,RECEIVE,DATA,208,1060,""
842.878,receiver,19d2c58a-67c5-4119-a3e4-c821cdfe94f7,OUT_OF_ORDER,DATA,208,0,"arrived before missing sequence=206"
842.881,receiver,19d2c58a-67c5-4119-a3e4-c821cdfe94f7,ACCEPT_DATA,DATA,208,1024,"unique file bytes received"
842.883,receiver,19d2c58a-67c5-4119-a3e4-c821cdfe94f7,SEND,ACK,208,36,""
842.889,receiver,19d2c58a-67c5-4119-a3e4-c821cdfe94f7,RECEIVE,DATA,222,1060,""
842.892,receiver,19d2c58a-67c5-4119-a3e4-c821cdfe94f7,OUT_OF_ORDER,DATA,222,0,"arrived before missing sequence=206"
842.894,receiver,19d2c58a-67c5-4119-a3e4-c821cdfe94f7,ACCEPT_DATA,DATA,222,1024,"unique file bytes received"
842.897,receiver,19d2c58a-67c5-4119-a3e4-c821cdfe94f7,SEND,ACK,222,36,""
842.902,receiver,19d2c58a-67c5-4119-a3e4-c821cdfe94f7,RECEIVE,DATA,226,1060,""
842.905,receiver,19d2c58a-67c5-4119-a3e4-c821cdfe94f7,OUT_OF_ORDER,DATA,226,0,"arrived before missing sequence=206"
842.912,receiver,19d2c58a-67c5-4119-a3e4-c821cdfe94f7,ACCEPT_DATA,DATA,226,1024,"unique file bytes received"
842.914,receiver,19d2c58a-67c5-4119-a3e4-c821cdfe94f7,SEND,ACK,226,36,""
858.004,receiver,19d2c58a-67c5-4119-a3e4-c821cdfe94f7,EMIT,ACK,202,36,""
858.031,receiver,19d2c58a-67c5-4119-a3e4-c821cdfe94f7,EMIT,ACK,204,36,""
858.042,receiver,19d2c58a-67c5-4119-a3e4-c821cdfe94f7,EMIT,ACK,197,36,""
858.254,receiver,19d2c58a-67c5-4119-a3e4-c821cdfe94f7,RECEIVE,DATA,223,1060,""
858.286,receiver,19d2c58a-67c5-4119-a3e4-c821cdfe94f7,OUT_OF_ORDER,DATA,223,0,"arrived before missing sequence=206"
858.297,receiver,19d2c58a-67c5-4119-a3e4-c821cdfe94f7,ACCEPT_DATA,DATA,223,1024,"unique file bytes received"
858.353,receiver,19d2c58a-67c5-4119-a3e4-c821cdfe94f7,SEND,ACK,223,36,""
858.366,receiver,19d2c58a-67c5-4119-a3e4-c821cdfe94f7,RECEIVE,DATA,207,1060,""
858.369,receiver,19d2c58a-67c5-4119-a3e4-c821cdfe94f7,OUT_OF_ORDER,DATA,207,0,"arrived before missing sequence=206"
858.372,receiver,19d2c58a-67c5-4119-a3e4-c821cdfe94f7,ACCEPT_DATA,DATA,207,1024,"unique file bytes received"
858.374,receiver,19d2c58a-67c5-4119-a3e4-c821cdfe94f7,SEND,ACK,207,36,""
858.379,receiver,19d2c58a-67c5-4119-a3e4-c821cdfe94f7,RECEIVE,DATA,217,1060,""
858.382,receiver,19d2c58a-67c5-4119-a3e4-c821cdfe94f7,OUT_OF_ORDER,DATA,217,0,"arrived before missing sequence=206"
858.384,receiver,19d2c58a-67c5-4119-a3e4-c821cdfe94f7,ACCEPT_DATA,DATA,217,1024,"unique file bytes received"
858.386,receiver,19d2c58a-67c5-4119-a3e4-c821cdfe94f7,SEND,ACK,217,36,""
858.391,receiver,19d2c58a-67c5-4119-a3e4-c821cdfe94f7,RECEIVE,DATA,220,1060,""
858.394,receiver,19d2c58a-67c5-4119-a3e4-c821cdfe94f7,OUT_OF_ORDER,DATA,220,0,"arrived before missing sequence=206"
858.396,receiver,19d2c58a-67c5-4119-a3e4-c821cdfe94f7,ACCEPT_DATA,DATA,220,1024,"unique file bytes received"
858.398,receiver,19d2c58a-67c5-4119-a3e4-c821cdfe94f7,SEND,ACK,220,36,""
858.406,receiver,19d2c58a-67c5-4119-a3e4-c821cdfe94f7,RECEIVE,DATA,212,1060,""
858.409,receiver,19d2c58a-67c5-4119-a3e4-c821cdfe94f7,OUT_OF_ORDER,DATA,212,0,"arrived before missing sequence=206"
858.411,receiver,19d2c58a-67c5-4119-a3e4-c821cdfe94f7,ACCEPT_DATA,DATA,212,1024,"unique file bytes received"
858.413,receiver,19d2c58a-67c5-4119-a3e4-c821cdfe94f7,SEND,ACK,212,36,""
858.418,receiver,19d2c58a-67c5-4119-a3e4-c821cdfe94f7,RECEIVE,DATA,221,1060,""
858.420,receiver,19d2c58a-67c5-4119-a3e4-c821cdfe94f7,OUT_OF_ORDER,DATA,221,0,"arrived before missing sequence=206"
858.422,receiver,19d2c58a-67c5-4119-a3e4-c821cdfe94f7,ACCEPT_DATA,DATA,221,1024,"unique file bytes received"
858.424,receiver,19d2c58a-67c5-4119-a3e4-c821cdfe94f7,SEND,ACK,221,36,""
858.429,receiver,19d2c58a-67c5-4119-a3e4-c821cdfe94f7,RECEIVE,DATA,227,1060,""
858.431,receiver,19d2c58a-67c5-4119-a3e4-c821cdfe94f7,OUT_OF_ORDER,DATA,227,0,"arrived before missing sequence=206"
858.434,receiver,19d2c58a-67c5-4119-a3e4-c821cdfe94f7,ACCEPT_DATA,DATA,227,1024,"unique file bytes received"
858.436,receiver,19d2c58a-67c5-4119-a3e4-c821cdfe94f7,SEND,ACK,227,36,""
858.440,receiver,19d2c58a-67c5-4119-a3e4-c821cdfe94f7,RECEIVE,DATA,213,1060,""
858.442,receiver,19d2c58a-67c5-4119-a3e4-c821cdfe94f7,OUT_OF_ORDER,DATA,213,0,"arrived before missing sequence=206"
858.444,receiver,19d2c58a-67c5-4119-a3e4-c821cdfe94f7,ACCEPT_DATA,DATA,213,1024,"unique file bytes received"
858.447,receiver,19d2c58a-67c5-4119-a3e4-c821cdfe94f7,SEND,ACK,213,36,""
858.455,receiver,19d2c58a-67c5-4119-a3e4-c821cdfe94f7,RECEIVE,DATA,225,1060,""
858.458,receiver,19d2c58a-67c5-4119-a3e4-c821cdfe94f7,OUT_OF_ORDER,DATA,225,0,"arrived before missing sequence=206"
858.460,receiver,19d2c58a-67c5-4119-a3e4-c821cdfe94f7,ACCEPT_DATA,DATA,225,1024,"unique file bytes received"
858.462,receiver,19d2c58a-67c5-4119-a3e4-c821cdfe94f7,SEND,ACK,225,36,""
858.470,receiver,19d2c58a-67c5-4119-a3e4-c821cdfe94f7,RECEIVE,DATA,209,1060,""
858.472,receiver,19d2c58a-67c5-4119-a3e4-c821cdfe94f7,OUT_OF_ORDER,DATA,209,0,"arrived before missing sequence=206"
858.474,receiver,19d2c58a-67c5-4119-a3e4-c821cdfe94f7,ACCEPT_DATA,DATA,209,1024,"unique file bytes received"
858.476,receiver,19d2c58a-67c5-4119-a3e4-c821cdfe94f7,SEND,ACK,209,36,""
858.481,receiver,19d2c58a-67c5-4119-a3e4-c821cdfe94f7,RECEIVE,DATA,215,1060,""
858.483,receiver,19d2c58a-67c5-4119-a3e4-c821cdfe94f7,OUT_OF_ORDER,DATA,215,0,"arrived before missing sequence=206"
858.485,receiver,19d2c58a-67c5-4119-a3e4-c821cdfe94f7,ACCEPT_DATA,DATA,215,1024,"unique file bytes received"
858.487,receiver,19d2c58a-67c5-4119-a3e4-c821cdfe94f7,SEND,ACK,215,36,""
858.492,receiver,19d2c58a-67c5-4119-a3e4-c821cdfe94f7,RECEIVE,DATA,216,1060,""
858.494,receiver,19d2c58a-67c5-4119-a3e4-c821cdfe94f7,OUT_OF_ORDER,DATA,216,0,"arrived before missing sequence=206"
858.496,receiver,19d2c58a-67c5-4119-a3e4-c821cdfe94f7,ACCEPT_DATA,DATA,216,1024,"unique file bytes received"
858.498,receiver,19d2c58a-67c5-4119-a3e4-c821cdfe94f7,SEND,ACK,216,36,""
858.502,receiver,19d2c58a-67c5-4119-a3e4-c821cdfe94f7,RECEIVE,DATA,218,1060,""
858.505,receiver,19d2c58a-67c5-4119-a3e4-c821cdfe94f7,OUT_OF_ORDER,DATA,218,0,"arrived before missing sequence=206"
858.507,receiver,19d2c58a-67c5-4119-a3e4-c821cdfe94f7,ACCEPT_DATA,DATA,218,1024,"unique file bytes received"
858.509,receiver,19d2c58a-67c5-4119-a3e4-c821cdfe94f7,SEND,ACK,218,36,""
858.513,receiver,19d2c58a-67c5-4119-a3e4-c821cdfe94f7,RECEIVE,DATA,211,1060,""
858.516,receiver,19d2c58a-67c5-4119-a3e4-c821cdfe94f7,OUT_OF_ORDER,DATA,211,0,"arrived before missing sequence=206"
858.518,receiver,19d2c58a-67c5-4119-a3e4-c821cdfe94f7,ACCEPT_DATA,DATA,211,1024,"unique file bytes received"
858.520,receiver,19d2c58a-67c5-4119-a3e4-c821cdfe94f7,SEND,ACK,211,36,""
858.524,receiver,19d2c58a-67c5-4119-a3e4-c821cdfe94f7,RECEIVE,DATA,210,1060,""
858.527,receiver,19d2c58a-67c5-4119-a3e4-c821cdfe94f7,OUT_OF_ORDER,DATA,210,0,"arrived before missing sequence=206"
858.529,receiver,19d2c58a-67c5-4119-a3e4-c821cdfe94f7,ACCEPT_DATA,DATA,210,1024,"unique file bytes received"
858.531,receiver,19d2c58a-67c5-4119-a3e4-c821cdfe94f7,SEND,ACK,210,36,""
873.280,receiver,19d2c58a-67c5-4119-a3e4-c821cdfe94f7,EMIT,ACK,200,36,""
873.307,receiver,19d2c58a-67c5-4119-a3e4-c821cdfe94f7,EMIT,ACK,203,36,""
873.319,receiver,19d2c58a-67c5-4119-a3e4-c821cdfe94f7,EMIT,ACK,208,36,""
873.328,receiver,19d2c58a-67c5-4119-a3e4-c821cdfe94f7,EMIT,ACK,222,36,""
873.337,receiver,19d2c58a-67c5-4119-a3e4-c821cdfe94f7,EMIT,ACK,199,36,""
873.365,receiver,19d2c58a-67c5-4119-a3e4-c821cdfe94f7,RECEIVE,DATA,206,1060,""
873.381,receiver,19d2c58a-67c5-4119-a3e4-c821cdfe94f7,ACCEPT_DATA,DATA,206,1024,"unique file bytes received"
873.385,receiver,19d2c58a-67c5-4119-a3e4-c821cdfe94f7,SEND,ACK,206,36,""
873.406,receiver,19d2c58a-67c5-4119-a3e4-c821cdfe94f7,RECEIVE,DATA,214,1060,""
873.410,receiver,19d2c58a-67c5-4119-a3e4-c821cdfe94f7,ACCEPT_DATA,DATA,214,1024,"unique file bytes received"
873.413,receiver,19d2c58a-67c5-4119-a3e4-c821cdfe94f7,SEND,ACK,214,36,""
873.419,receiver,19d2c58a-67c5-4119-a3e4-c821cdfe94f7,RECEIVE,DATA,219,1060,""
873.423,receiver,19d2c58a-67c5-4119-a3e4-c821cdfe94f7,ACCEPT_DATA,DATA,219,1024,"unique file bytes received"
873.425,receiver,19d2c58a-67c5-4119-a3e4-c821cdfe94f7,SEND,ACK,219,36,""
873.432,receiver,19d2c58a-67c5-4119-a3e4-c821cdfe94f7,RECEIVE,DATA,228,1060,""
873.435,receiver,19d2c58a-67c5-4119-a3e4-c821cdfe94f7,ACCEPT_DATA,DATA,228,1024,"unique file bytes received"
873.438,receiver,19d2c58a-67c5-4119-a3e4-c821cdfe94f7,SEND,ACK,228,36,""
888.585,receiver,19d2c58a-67c5-4119-a3e4-c821cdfe94f7,EMIT,ACK,201,36,""
888.604,receiver,19d2c58a-67c5-4119-a3e4-c821cdfe94f7,EMIT,ACK,205,36,""
888.613,receiver,19d2c58a-67c5-4119-a3e4-c821cdfe94f7,EMIT,ACK,224,36,""
888.638,receiver,19d2c58a-67c5-4119-a3e4-c821cdfe94f7,EMIT,ACK,223,36,""
888.669,receiver,19d2c58a-67c5-4119-a3e4-c821cdfe94f7,EMIT,ACK,220,36,""
888.678,receiver,19d2c58a-67c5-4119-a3e4-c821cdfe94f7,EMIT,ACK,212,36,""
888.685,receiver,19d2c58a-67c5-4119-a3e4-c821cdfe94f7,EMIT,ACK,211,36,""
888.705,receiver,19d2c58a-67c5-4119-a3e4-c821cdfe94f7,EMIT,ACK,210,36,""
888.712,receiver,19d2c58a-67c5-4119-a3e4-c821cdfe94f7,EMIT,ACK,218,36,""
888.729,receiver,19d2c58a-67c5-4119-a3e4-c821cdfe94f7,RECEIVE,DATA,229,1060,""
888.741,receiver,19d2c58a-67c5-4119-a3e4-c821cdfe94f7,ACCEPT_DATA,DATA,229,1024,"unique file bytes received"
888.745,receiver,19d2c58a-67c5-4119-a3e4-c821cdfe94f7,SEND,ACK,229,36,""
904.627,receiver,19d2c58a-67c5-4119-a3e4-c821cdfe94f7,EMIT,ACK,207,36,""
904.639,receiver,19d2c58a-67c5-4119-a3e4-c821cdfe94f7,RECEIVE,DATA,230,1060,""
904.648,receiver,19d2c58a-67c5-4119-a3e4-c821cdfe94f7,EMIT,ACK,221,36,""
904.651,receiver,19d2c58a-67c5-4119-a3e4-c821cdfe94f7,ACCEPT_DATA,DATA,230,1024,"unique file bytes received"
904.655,receiver,19d2c58a-67c5-4119-a3e4-c821cdfe94f7,SEND,ACK,230,36,""
904.703,receiver,19d2c58a-67c5-4119-a3e4-c821cdfe94f7,RECEIVE,DATA,232,1060,""
904.707,receiver,19d2c58a-67c5-4119-a3e4-c821cdfe94f7,OUT_OF_ORDER,DATA,232,0,"arrived before missing sequence=231"
904.716,receiver,19d2c58a-67c5-4119-a3e4-c821cdfe94f7,ACCEPT_DATA,DATA,232,1024,"unique file bytes received"
904.724,receiver,19d2c58a-67c5-4119-a3e4-c821cdfe94f7,SEND,ACK,232,36,""
904.762,receiver,19d2c58a-67c5-4119-a3e4-c821cdfe94f7,RECEIVE,DATA,231,1060,""
904.772,receiver,19d2c58a-67c5-4119-a3e4-c821cdfe94f7,ACCEPT_DATA,DATA,231,1024,"unique file bytes received"
904.780,receiver,19d2c58a-67c5-4119-a3e4-c821cdfe94f7,SEND,ACK,231,36,""
904.894,receiver,19d2c58a-67c5-4119-a3e4-c821cdfe94f7,EMIT,ACK,215,36,""
904.934,receiver,19d2c58a-67c5-4119-a3e4-c821cdfe94f7,EMIT,ACK,226,36,""
904.944,receiver,19d2c58a-67c5-4119-a3e4-c821cdfe94f7,EMIT,ACK,227,36,""
904.950,receiver,19d2c58a-67c5-4119-a3e4-c821cdfe94f7,EMIT,ACK,216,36,""
904.957,receiver,19d2c58a-67c5-4119-a3e4-c821cdfe94f7,EMIT,ACK,225,36,""
904.963,receiver,19d2c58a-67c5-4119-a3e4-c821cdfe94f7,EMIT,ACK,213,36,""
904.969,receiver,19d2c58a-67c5-4119-a3e4-c821cdfe94f7,EMIT,ACK,209,36,""
920.131,receiver,19d2c58a-67c5-4119-a3e4-c821cdfe94f7,EMIT,ACK,214,36,""
920.171,receiver,19d2c58a-67c5-4119-a3e4-c821cdfe94f7,EMIT,ACK,217,36,""
920.192,receiver,19d2c58a-67c5-4119-a3e4-c821cdfe94f7,EMIT,ACK,228,36,""
920.200,receiver,19d2c58a-67c5-4119-a3e4-c821cdfe94f7,EMIT,ACK,219,36,""
920.333,receiver,19d2c58a-67c5-4119-a3e4-c821cdfe94f7,RECEIVE,DATA,233,1060,""
920.346,receiver,19d2c58a-67c5-4119-a3e4-c821cdfe94f7,ACCEPT_DATA,DATA,233,1024,"unique file bytes received"
920.350,receiver,19d2c58a-67c5-4119-a3e4-c821cdfe94f7,SEND,ACK,233,36,""
935.534,receiver,19d2c58a-67c5-4119-a3e4-c821cdfe94f7,EMIT,ACK,206,36,""
935.562,receiver,19d2c58a-67c5-4119-a3e4-c821cdfe94f7,EMIT,ACK,229,36,""
935.575,receiver,19d2c58a-67c5-4119-a3e4-c821cdfe94f7,EMIT,ACK,232,36,""
935.963,receiver,19d2c58a-67c5-4119-a3e4-c821cdfe94f7,RECEIVE,DATA,237,1060,""
935.986,receiver,19d2c58a-67c5-4119-a3e4-c821cdfe94f7,OUT_OF_ORDER,DATA,237,0,"arrived before missing sequence=234"
935.989,receiver,19d2c58a-67c5-4119-a3e4-c821cdfe94f7,ACCEPT_DATA,DATA,237,1024,"unique file bytes received"
935.991,receiver,19d2c58a-67c5-4119-a3e4-c821cdfe94f7,SEND,ACK,237,36,""
936.002,receiver,19d2c58a-67c5-4119-a3e4-c821cdfe94f7,RECEIVE,DATA,234,1060,""
936.005,receiver,19d2c58a-67c5-4119-a3e4-c821cdfe94f7,ACCEPT_DATA,DATA,234,1024,"unique file bytes received"
936.007,receiver,19d2c58a-67c5-4119-a3e4-c821cdfe94f7,SEND,ACK,234,36,""
936.011,receiver,19d2c58a-67c5-4119-a3e4-c821cdfe94f7,RECEIVE,DATA,236,1060,""
936.013,receiver,19d2c58a-67c5-4119-a3e4-c821cdfe94f7,OUT_OF_ORDER,DATA,236,0,"arrived before missing sequence=235"
936.015,receiver,19d2c58a-67c5-4119-a3e4-c821cdfe94f7,ACCEPT_DATA,DATA,236,1024,"unique file bytes received"
936.017,receiver,19d2c58a-67c5-4119-a3e4-c821cdfe94f7,SEND,ACK,236,36,""
936.021,receiver,19d2c58a-67c5-4119-a3e4-c821cdfe94f7,RECEIVE,DATA,235,1060,""
936.024,receiver,19d2c58a-67c5-4119-a3e4-c821cdfe94f7,ACCEPT_DATA,DATA,235,1024,"unique file bytes received"
936.025,receiver,19d2c58a-67c5-4119-a3e4-c821cdfe94f7,SEND,ACK,235,36,""
951.679,receiver,19d2c58a-67c5-4119-a3e4-c821cdfe94f7,EMIT,ACK,231,36,""
967.292,receiver,19d2c58a-67c5-4119-a3e4-c821cdfe94f7,EMIT,ACK,230,36,""
967.327,receiver,19d2c58a-67c5-4119-a3e4-c821cdfe94f7,EMIT,ACK,237,36,""
967.336,receiver,19d2c58a-67c5-4119-a3e4-c821cdfe94f7,EMIT,ACK,235,36,""
967.370,receiver,19d2c58a-67c5-4119-a3e4-c821cdfe94f7,RECEIVE,DATA,243,1060,""
967.383,receiver,19d2c58a-67c5-4119-a3e4-c821cdfe94f7,OUT_OF_ORDER,DATA,243,0,"arrived before missing sequence=238"
967.388,receiver,19d2c58a-67c5-4119-a3e4-c821cdfe94f7,ACCEPT_DATA,DATA,243,1024,"unique file bytes received"
967.391,receiver,19d2c58a-67c5-4119-a3e4-c821cdfe94f7,SEND,ACK,243,36,""
967.414,receiver,19d2c58a-67c5-4119-a3e4-c821cdfe94f7,RECEIVE,DATA,248,1060,""
967.417,receiver,19d2c58a-67c5-4119-a3e4-c821cdfe94f7,OUT_OF_ORDER,DATA,248,0,"arrived before missing sequence=238"
967.420,receiver,19d2c58a-67c5-4119-a3e4-c821cdfe94f7,ACCEPT_DATA,DATA,248,1024,"unique file bytes received"
967.423,receiver,19d2c58a-67c5-4119-a3e4-c821cdfe94f7,SEND,ACK,248,36,""
967.510,receiver,19d2c58a-67c5-4119-a3e4-c821cdfe94f7,RECEIVE,DATA,254,1060,""
967.516,receiver,19d2c58a-67c5-4119-a3e4-c821cdfe94f7,OUT_OF_ORDER,DATA,254,0,"arrived before missing sequence=238"
967.519,receiver,19d2c58a-67c5-4119-a3e4-c821cdfe94f7,ACCEPT_DATA,DATA,254,1024,"unique file bytes received"
967.521,receiver,19d2c58a-67c5-4119-a3e4-c821cdfe94f7,SEND,ACK,254,36,""
967.528,receiver,19d2c58a-67c5-4119-a3e4-c821cdfe94f7,RECEIVE,DATA,246,1060,""
967.531,receiver,19d2c58a-67c5-4119-a3e4-c821cdfe94f7,OUT_OF_ORDER,DATA,246,0,"arrived before missing sequence=238"
967.534,receiver,19d2c58a-67c5-4119-a3e4-c821cdfe94f7,ACCEPT_DATA,DATA,246,1024,"unique file bytes received"
967.536,receiver,19d2c58a-67c5-4119-a3e4-c821cdfe94f7,SEND,ACK,246,36,""
967.541,receiver,19d2c58a-67c5-4119-a3e4-c821cdfe94f7,RECEIVE,DATA,251,1060,""
967.544,receiver,19d2c58a-67c5-4119-a3e4-c821cdfe94f7,OUT_OF_ORDER,DATA,251,0,"arrived before missing sequence=238"
967.546,receiver,19d2c58a-67c5-4119-a3e4-c821cdfe94f7,ACCEPT_DATA,DATA,251,1024,"unique file bytes received"
967.548,receiver,19d2c58a-67c5-4119-a3e4-c821cdfe94f7,SEND,ACK,251,36,""
967.553,receiver,19d2c58a-67c5-4119-a3e4-c821cdfe94f7,RECEIVE,DATA,252,1060,""
967.556,receiver,19d2c58a-67c5-4119-a3e4-c821cdfe94f7,OUT_OF_ORDER,DATA,252,0,"arrived before missing sequence=238"
967.558,receiver,19d2c58a-67c5-4119-a3e4-c821cdfe94f7,ACCEPT_DATA,DATA,252,1024,"unique file bytes received"
967.561,receiver,19d2c58a-67c5-4119-a3e4-c821cdfe94f7,SEND,ACK,252,36,""
967.566,receiver,19d2c58a-67c5-4119-a3e4-c821cdfe94f7,RECEIVE,DATA,238,1060,""
967.568,receiver,19d2c58a-67c5-4119-a3e4-c821cdfe94f7,ACCEPT_DATA,DATA,238,1024,"unique file bytes received"
967.570,receiver,19d2c58a-67c5-4119-a3e4-c821cdfe94f7,SEND,ACK,238,36,""
967.584,receiver,19d2c58a-67c5-4119-a3e4-c821cdfe94f7,RECEIVE,DATA,245,1060,""
967.592,receiver,19d2c58a-67c5-4119-a3e4-c821cdfe94f7,OUT_OF_ORDER,DATA,245,0,"arrived before missing sequence=239"
967.599,receiver,19d2c58a-67c5-4119-a3e4-c821cdfe94f7,ACCEPT_DATA,DATA,245,1024,"unique file bytes received"
967.606,receiver,19d2c58a-67c5-4119-a3e4-c821cdfe94f7,SEND,ACK,245,36,""
967.620,receiver,19d2c58a-67c5-4119-a3e4-c821cdfe94f7,RECEIVE,DATA,239,1060,""
967.630,receiver,19d2c58a-67c5-4119-a3e4-c821cdfe94f7,ACCEPT_DATA,DATA,239,1024,"unique file bytes received"
967.653,receiver,19d2c58a-67c5-4119-a3e4-c821cdfe94f7,SEND,ACK,239,36,""
967.657,receiver,19d2c58a-67c5-4119-a3e4-c821cdfe94f7,RECEIVE,DATA,250,1060,""
967.660,receiver,19d2c58a-67c5-4119-a3e4-c821cdfe94f7,OUT_OF_ORDER,DATA,250,0,"arrived before missing sequence=240"
967.662,receiver,19d2c58a-67c5-4119-a3e4-c821cdfe94f7,ACCEPT_DATA,DATA,250,1024,"unique file bytes received"
967.664,receiver,19d2c58a-67c5-4119-a3e4-c821cdfe94f7,SEND,ACK,250,36,""
967.669,receiver,19d2c58a-67c5-4119-a3e4-c821cdfe94f7,RECEIVE,DATA,242,1060,""
967.671,receiver,19d2c58a-67c5-4119-a3e4-c821cdfe94f7,OUT_OF_ORDER,DATA,242,0,"arrived before missing sequence=240"
967.673,receiver,19d2c58a-67c5-4119-a3e4-c821cdfe94f7,ACCEPT_DATA,DATA,242,1024,"unique file bytes received"
967.675,receiver,19d2c58a-67c5-4119-a3e4-c821cdfe94f7,SEND,ACK,242,36,""
967.680,receiver,19d2c58a-67c5-4119-a3e4-c821cdfe94f7,RECEIVE,DATA,261,1060,""
967.683,receiver,19d2c58a-67c5-4119-a3e4-c821cdfe94f7,OUT_OF_ORDER,DATA,261,0,"arrived before missing sequence=240"
967.685,receiver,19d2c58a-67c5-4119-a3e4-c821cdfe94f7,ACCEPT_DATA,DATA,261,1024,"unique file bytes received"
967.688,receiver,19d2c58a-67c5-4119-a3e4-c821cdfe94f7,SEND,ACK,261,36,""
982.880,receiver,19d2c58a-67c5-4119-a3e4-c821cdfe94f7,EMIT,ACK,233,36,""
982.906,receiver,19d2c58a-67c5-4119-a3e4-c821cdfe94f7,EMIT,ACK,234,36,""
982.985,receiver,19d2c58a-67c5-4119-a3e4-c821cdfe94f7,RECEIVE,DATA,256,1060,""
983.008,receiver,19d2c58a-67c5-4119-a3e4-c821cdfe94f7,OUT_OF_ORDER,DATA,256,0,"arrived before missing sequence=240"
983.058,receiver,19d2c58a-67c5-4119-a3e4-c821cdfe94f7,ACCEPT_DATA,DATA,256,1024,"unique file bytes received"
983.062,receiver,19d2c58a-67c5-4119-a3e4-c821cdfe94f7,SEND,ACK,256,36,""
983.081,receiver,19d2c58a-67c5-4119-a3e4-c821cdfe94f7,RECEIVE,DATA,241,1060,""
983.085,receiver,19d2c58a-67c5-4119-a3e4-c821cdfe94f7,OUT_OF_ORDER,DATA,241,0,"arrived before missing sequence=240"
983.089,receiver,19d2c58a-67c5-4119-a3e4-c821cdfe94f7,ACCEPT_DATA,DATA,241,1024,"unique file bytes received"
983.092,receiver,19d2c58a-67c5-4119-a3e4-c821cdfe94f7,SEND,ACK,241,36,""
983.099,receiver,19d2c58a-67c5-4119-a3e4-c821cdfe94f7,RECEIVE,DATA,247,1060,""
983.102,receiver,19d2c58a-67c5-4119-a3e4-c821cdfe94f7,OUT_OF_ORDER,DATA,247,0,"arrived before missing sequence=240"
983.105,receiver,19d2c58a-67c5-4119-a3e4-c821cdfe94f7,ACCEPT_DATA,DATA,247,1024,"unique file bytes received"
983.108,receiver,19d2c58a-67c5-4119-a3e4-c821cdfe94f7,SEND,ACK,247,36,""
983.115,receiver,19d2c58a-67c5-4119-a3e4-c821cdfe94f7,RECEIVE,DATA,258,1060,""
983.118,receiver,19d2c58a-67c5-4119-a3e4-c821cdfe94f7,OUT_OF_ORDER,DATA,258,0,"arrived before missing sequence=240"
983.121,receiver,19d2c58a-67c5-4119-a3e4-c821cdfe94f7,ACCEPT_DATA,DATA,258,1024,"unique file bytes received"
983.124,receiver,19d2c58a-67c5-4119-a3e4-c821cdfe94f7,SEND,ACK,258,36,""
983.130,receiver,19d2c58a-67c5-4119-a3e4-c821cdfe94f7,RECEIVE,DATA,255,1060,""
983.134,receiver,19d2c58a-67c5-4119-a3e4-c821cdfe94f7,OUT_OF_ORDER,DATA,255,0,"arrived before missing sequence=240"
983.137,receiver,19d2c58a-67c5-4119-a3e4-c821cdfe94f7,ACCEPT_DATA,DATA,255,1024,"unique file bytes received"
983.140,receiver,19d2c58a-67c5-4119-a3e4-c821cdfe94f7,SEND,ACK,255,36,""
983.146,receiver,19d2c58a-67c5-4119-a3e4-c821cdfe94f7,RECEIVE,DATA,249,1060,""
983.149,receiver,19d2c58a-67c5-4119-a3e4-c821cdfe94f7,OUT_OF_ORDER,DATA,249,0,"arrived before missing sequence=240"
983.153,receiver,19d2c58a-67c5-4119-a3e4-c821cdfe94f7,ACCEPT_DATA,DATA,249,1024,"unique file bytes received"
983.156,receiver,19d2c58a-67c5-4119-a3e4-c821cdfe94f7,SEND,ACK,249,36,""
983.166,receiver,19d2c58a-67c5-4119-a3e4-c821cdfe94f7,RECEIVE,DATA,240,1060,""
983.170,receiver,19d2c58a-67c5-4119-a3e4-c821cdfe94f7,ACCEPT_DATA,DATA,240,1024,"unique file bytes received"
983.173,receiver,19d2c58a-67c5-4119-a3e4-c821cdfe94f7,SEND,ACK,240,36,""
983.179,receiver,19d2c58a-67c5-4119-a3e4-c821cdfe94f7,RECEIVE,DATA,253,1060,""
983.186,receiver,19d2c58a-67c5-4119-a3e4-c821cdfe94f7,OUT_OF_ORDER,DATA,253,0,"arrived before missing sequence=244"
983.189,receiver,19d2c58a-67c5-4119-a3e4-c821cdfe94f7,ACCEPT_DATA,DATA,253,1024,"unique file bytes received"
983.192,receiver,19d2c58a-67c5-4119-a3e4-c821cdfe94f7,SEND,ACK,253,36,""
983.198,receiver,19d2c58a-67c5-4119-a3e4-c821cdfe94f7,RECEIVE,DATA,259,1060,""
983.201,receiver,19d2c58a-67c5-4119-a3e4-c821cdfe94f7,OUT_OF_ORDER,DATA,259,0,"arrived before missing sequence=244"
983.204,receiver,19d2c58a-67c5-4119-a3e4-c821cdfe94f7,ACCEPT_DATA,DATA,259,1024,"unique file bytes received"
983.207,receiver,19d2c58a-67c5-4119-a3e4-c821cdfe94f7,SEND,ACK,259,36,""
983.213,receiver,19d2c58a-67c5-4119-a3e4-c821cdfe94f7,RECEIVE,DATA,244,1060,""
983.217,receiver,19d2c58a-67c5-4119-a3e4-c821cdfe94f7,ACCEPT_DATA,DATA,244,1024,"unique file bytes received"
983.220,receiver,19d2c58a-67c5-4119-a3e4-c821cdfe94f7,SEND,ACK,244,36,""
983.226,receiver,19d2c58a-67c5-4119-a3e4-c821cdfe94f7,RECEIVE,DATA,260,1060,""
983.230,receiver,19d2c58a-67c5-4119-a3e4-c821cdfe94f7,OUT_OF_ORDER,DATA,260,0,"arrived before missing sequence=257"
983.233,receiver,19d2c58a-67c5-4119-a3e4-c821cdfe94f7,ACCEPT_DATA,DATA,260,1024,"unique file bytes received"
983.235,receiver,19d2c58a-67c5-4119-a3e4-c821cdfe94f7,SEND,ACK,260,36,""
999.182,receiver,19d2c58a-67c5-4119-a3e4-c821cdfe94f7,EMIT,ACK,236,36,""
999.205,receiver,19d2c58a-67c5-4119-a3e4-c821cdfe94f7,EMIT,ACK,261,36,""
999.226,receiver,19d2c58a-67c5-4119-a3e4-c821cdfe94f7,RECEIVE,DATA,257,1060,""
999.255,receiver,19d2c58a-67c5-4119-a3e4-c821cdfe94f7,ACCEPT_DATA,DATA,257,1024,"unique file bytes received"
999.266,receiver,19d2c58a-67c5-4119-a3e4-c821cdfe94f7,SEND,ACK,257,36,""
999.299,receiver,19d2c58a-67c5-4119-a3e4-c821cdfe94f7,RECEIVE,DATA,263,1060,""
999.309,receiver,19d2c58a-67c5-4119-a3e4-c821cdfe94f7,OUT_OF_ORDER,DATA,263,0,"arrived before missing sequence=262"
999.320,receiver,19d2c58a-67c5-4119-a3e4-c821cdfe94f7,ACCEPT_DATA,DATA,263,1024,"unique file bytes received"
999.328,receiver,19d2c58a-67c5-4119-a3e4-c821cdfe94f7,SEND,ACK,263,36,""
1014.627,receiver,19d2c58a-67c5-4119-a3e4-c821cdfe94f7,RECEIVE,DATA,264,1060,""
1014.691,receiver,19d2c58a-67c5-4119-a3e4-c821cdfe94f7,EMIT,ACK,242,36,""
1014.717,receiver,19d2c58a-67c5-4119-a3e4-c821cdfe94f7,OUT_OF_ORDER,DATA,264,0,"arrived before missing sequence=262"
1014.740,receiver,19d2c58a-67c5-4119-a3e4-c821cdfe94f7,ACCEPT_DATA,DATA,264,1024,"unique file bytes received"
1014.750,receiver,19d2c58a-67c5-4119-a3e4-c821cdfe94f7,EMIT,ACK,252,36,""
1014.755,receiver,19d2c58a-67c5-4119-a3e4-c821cdfe94f7,SEND,ACK,264,36,""
1014.763,receiver,19d2c58a-67c5-4119-a3e4-c821cdfe94f7,EMIT,ACK,245,36,""
1014.772,receiver,19d2c58a-67c5-4119-a3e4-c821cdfe94f7,EMIT,ACK,251,36,""
1014.808,receiver,19d2c58a-67c5-4119-a3e4-c821cdfe94f7,RECEIVE,DATA,266,1060,""
1014.819,receiver,19d2c58a-67c5-4119-a3e4-c821cdfe94f7,OUT_OF_ORDER,DATA,266,0,"arrived before missing sequence=262"
1014.825,receiver,19d2c58a-67c5-4119-a3e4-c821cdfe94f7,EMIT,ACK,246,36,""
1014.831,receiver,19d2c58a-67c5-4119-a3e4-c821cdfe94f7,ACCEPT_DATA,DATA,266,1024,"unique file bytes received"
1014.833,receiver,19d2c58a-67c5-4119-a3e4-c821cdfe94f7,SEND,ACK,266,36,""
1014.837,receiver,19d2c58a-67c5-4119-a3e4-c821cdfe94f7,EMIT,ACK,249,36,""
1014.841,receiver,19d2c58a-67c5-4119-a3e4-c821cdfe94f7,RECEIVE,DATA,262,1060,""
1014.844,receiver,19d2c58a-67c5-4119-a3e4-c821cdfe94f7,ACCEPT_DATA,DATA,262,1024,"unique file bytes received"
1014.847,receiver,19d2c58a-67c5-4119-a3e4-c821cdfe94f7,EMIT,ACK,239,36,""
1014.850,receiver,19d2c58a-67c5-4119-a3e4-c821cdfe94f7,SEND,ACK,262,36,""
1014.856,receiver,19d2c58a-67c5-4119-a3e4-c821cdfe94f7,EMIT,ACK,240,36,""
1014.864,receiver,19d2c58a-67c5-4119-a3e4-c821cdfe94f7,EMIT,ACK,254,36,""
1014.872,receiver,19d2c58a-67c5-4119-a3e4-c821cdfe94f7,EMIT,ACK,243,36,""
1014.880,receiver,19d2c58a-67c5-4119-a3e4-c821cdfe94f7,EMIT,ACK,247,36,""
1014.888,receiver,19d2c58a-67c5-4119-a3e4-c821cdfe94f7,EMIT,ACK,238,36,""
1014.896,receiver,19d2c58a-67c5-4119-a3e4-c821cdfe94f7,EMIT,ACK,250,36,""
1014.904,receiver,19d2c58a-67c5-4119-a3e4-c821cdfe94f7,EMIT,ACK,255,36,""
1029.957,receiver,19d2c58a-67c5-4119-a3e4-c821cdfe94f7,EMIT,ACK,253,36,""
1030.011,receiver,19d2c58a-67c5-4119-a3e4-c821cdfe94f7,EMIT,ACK,258,36,""
1030.043,receiver,19d2c58a-67c5-4119-a3e4-c821cdfe94f7,RECEIVE,DATA,267,1060,""
1030.052,receiver,19d2c58a-67c5-4119-a3e4-c821cdfe94f7,EMIT,ACK,248,36,""
1030.057,receiver,19d2c58a-67c5-4119-a3e4-c821cdfe94f7,OUT_OF_ORDER,DATA,267,0,"arrived before missing sequence=265"
1030.061,receiver,19d2c58a-67c5-4119-a3e4-c821cdfe94f7,EMIT,ACK,256,36,""
1030.063,receiver,19d2c58a-67c5-4119-a3e4-c821cdfe94f7,ACCEPT_DATA,DATA,267,1024,"unique file bytes received"
1030.067,receiver,19d2c58a-67c5-4119-a3e4-c821cdfe94f7,SEND,ACK,267,36,""
1030.070,receiver,19d2c58a-67c5-4119-a3e4-c821cdfe94f7,EMIT,ACK,241,36,""
1030.077,receiver,19d2c58a-67c5-4119-a3e4-c821cdfe94f7,EMIT,ACK,244,36,""
1030.083,receiver,19d2c58a-67c5-4119-a3e4-c821cdfe94f7,RECEIVE,DATA,269,1060,""
1030.087,receiver,19d2c58a-67c5-4119-a3e4-c821cdfe94f7,OUT_OF_ORDER,DATA,269,0,"arrived before missing sequence=265"
1030.089,receiver,19d2c58a-67c5-4119-a3e4-c821cdfe94f7,EMIT,ACK,260,36,""
1030.092,receiver,19d2c58a-67c5-4119-a3e4-c821cdfe94f7,ACCEPT_DATA,DATA,269,1024,"unique file bytes received"
1030.095,receiver,19d2c58a-67c5-4119-a3e4-c821cdfe94f7,SEND,ACK,269,36,""
1030.097,receiver,19d2c58a-67c5-4119-a3e4-c821cdfe94f7,EMIT,ACK,259,36,""
1044.837,receiver,19d2c58a-67c5-4119-a3e4-c821cdfe94f7,EMIT,ACK,257,36,""
1045.216,receiver,19d2c58a-67c5-4119-a3e4-c821cdfe94f7,RECEIVE,DATA,265,1060,""
1045.296,receiver,19d2c58a-67c5-4119-a3e4-c821cdfe94f7,ACCEPT_DATA,DATA,265,1024,"unique file bytes received"
1045.300,receiver,19d2c58a-67c5-4119-a3e4-c821cdfe94f7,SEND,ACK,265,36,""
1045.315,receiver,19d2c58a-67c5-4119-a3e4-c821cdfe94f7,RECEIVE,DATA,268,1060,""
1045.317,receiver,19d2c58a-67c5-4119-a3e4-c821cdfe94f7,ACCEPT_DATA,DATA,268,1024,"unique file bytes received"
1045.319,receiver,19d2c58a-67c5-4119-a3e4-c821cdfe94f7,SEND,ACK,268,36,""
1045.324,receiver,19d2c58a-67c5-4119-a3e4-c821cdfe94f7,RECEIVE,DATA,271,1060,""
1045.326,receiver,19d2c58a-67c5-4119-a3e4-c821cdfe94f7,OUT_OF_ORDER,DATA,271,0,"arrived before missing sequence=270"
1045.328,receiver,19d2c58a-67c5-4119-a3e4-c821cdfe94f7,ACCEPT_DATA,DATA,271,1024,"unique file bytes received"
1045.330,receiver,19d2c58a-67c5-4119-a3e4-c821cdfe94f7,SEND,ACK,271,36,""
1060.044,receiver,19d2c58a-67c5-4119-a3e4-c821cdfe94f7,RECEIVE,DATA,281,1060,""
1060.056,receiver,19d2c58a-67c5-4119-a3e4-c821cdfe94f7,OUT_OF_ORDER,DATA,281,0,"arrived before missing sequence=270"
1060.059,receiver,19d2c58a-67c5-4119-a3e4-c821cdfe94f7,ACCEPT_DATA,DATA,281,1024,"unique file bytes received"
1060.061,receiver,19d2c58a-67c5-4119-a3e4-c821cdfe94f7,SEND,ACK,281,36,""
1060.064,receiver,19d2c58a-67c5-4119-a3e4-c821cdfe94f7,EMIT,ACK,263,36,""
1060.080,receiver,19d2c58a-67c5-4119-a3e4-c821cdfe94f7,RECEIVE,DATA,282,1060,""
1060.083,receiver,19d2c58a-67c5-4119-a3e4-c821cdfe94f7,OUT_OF_ORDER,DATA,282,0,"arrived before missing sequence=270"
1060.085,receiver,19d2c58a-67c5-4119-a3e4-c821cdfe94f7,ACCEPT_DATA,DATA,282,1024,"unique file bytes received"
1060.087,receiver,19d2c58a-67c5-4119-a3e4-c821cdfe94f7,SEND,ACK,282,36,""
1060.092,receiver,19d2c58a-67c5-4119-a3e4-c821cdfe94f7,RECEIVE,DATA,286,1060,""
1060.094,receiver,19d2c58a-67c5-4119-a3e4-c821cdfe94f7,OUT_OF_ORDER,DATA,286,0,"arrived before missing sequence=270"
1060.096,receiver,19d2c58a-67c5-4119-a3e4-c821cdfe94f7,ACCEPT_DATA,DATA,286,1024,"unique file bytes received"
1060.098,receiver,19d2c58a-67c5-4119-a3e4-c821cdfe94f7,SEND,ACK,286,36,""
1060.103,receiver,19d2c58a-67c5-4119-a3e4-c821cdfe94f7,RECEIVE,DATA,272,1060,""
1060.105,receiver,19d2c58a-67c5-4119-a3e4-c821cdfe94f7,OUT_OF_ORDER,DATA,272,0,"arrived before missing sequence=270"
1060.107,receiver,19d2c58a-67c5-4119-a3e4-c821cdfe94f7,ACCEPT_DATA,DATA,272,1024,"unique file bytes received"
1060.109,receiver,19d2c58a-67c5-4119-a3e4-c821cdfe94f7,SEND,ACK,272,36,""
1060.113,receiver,19d2c58a-67c5-4119-a3e4-c821cdfe94f7,RECEIVE,DATA,275,1060,""
1060.115,receiver,19d2c58a-67c5-4119-a3e4-c821cdfe94f7,OUT_OF_ORDER,DATA,275,0,"arrived before missing sequence=270"
1060.117,receiver,19d2c58a-67c5-4119-a3e4-c821cdfe94f7,ACCEPT_DATA,DATA,275,1024,"unique file bytes received"
1060.119,receiver,19d2c58a-67c5-4119-a3e4-c821cdfe94f7,SEND,ACK,275,36,""
1060.126,receiver,19d2c58a-67c5-4119-a3e4-c821cdfe94f7,EMIT,ACK,264,36,""
1060.133,receiver,19d2c58a-67c5-4119-a3e4-c821cdfe94f7,RECEIVE,DATA,284,1060,""
1060.135,receiver,19d2c58a-67c5-4119-a3e4-c821cdfe94f7,OUT_OF_ORDER,DATA,284,0,"arrived before missing sequence=270"
1060.137,receiver,19d2c58a-67c5-4119-a3e4-c821cdfe94f7,ACCEPT_DATA,DATA,284,1024,"unique file bytes received"
1060.139,receiver,19d2c58a-67c5-4119-a3e4-c821cdfe94f7,SEND,ACK,284,36,""
1060.145,receiver,19d2c58a-67c5-4119-a3e4-c821cdfe94f7,EMIT,ACK,266,36,""
1060.160,receiver,19d2c58a-67c5-4119-a3e4-c821cdfe94f7,EMIT,ACK,267,36,""
1076.624,receiver,19d2c58a-67c5-4119-a3e4-c821cdfe94f7,RECEIVE,DATA,280,1060,""
1076.643,receiver,19d2c58a-67c5-4119-a3e4-c821cdfe94f7,OUT_OF_ORDER,DATA,280,0,"arrived before missing sequence=270"
1076.646,receiver,19d2c58a-67c5-4119-a3e4-c821cdfe94f7,ACCEPT_DATA,DATA,280,1024,"unique file bytes received"
1076.648,receiver,19d2c58a-67c5-4119-a3e4-c821cdfe94f7,SEND,ACK,280,36,""
1076.663,receiver,19d2c58a-67c5-4119-a3e4-c821cdfe94f7,RECEIVE,DATA,270,1060,""
1076.666,receiver,19d2c58a-67c5-4119-a3e4-c821cdfe94f7,ACCEPT_DATA,DATA,270,1024,"unique file bytes received"
1076.668,receiver,19d2c58a-67c5-4119-a3e4-c821cdfe94f7,SEND,ACK,270,36,""
1076.673,receiver,19d2c58a-67c5-4119-a3e4-c821cdfe94f7,RECEIVE,DATA,276,1060,""
1076.675,receiver,19d2c58a-67c5-4119-a3e4-c821cdfe94f7,OUT_OF_ORDER,DATA,276,0,"arrived before missing sequence=273"
1076.677,receiver,19d2c58a-67c5-4119-a3e4-c821cdfe94f7,ACCEPT_DATA,DATA,276,1024,"unique file bytes received"
1076.679,receiver,19d2c58a-67c5-4119-a3e4-c821cdfe94f7,SEND,ACK,276,36,""
1076.689,receiver,19d2c58a-67c5-4119-a3e4-c821cdfe94f7,RECEIVE,DATA,273,1060,""
1076.692,receiver,19d2c58a-67c5-4119-a3e4-c821cdfe94f7,ACCEPT_DATA,DATA,273,1024,"unique file bytes received"
1076.694,receiver,19d2c58a-67c5-4119-a3e4-c821cdfe94f7,SEND,ACK,273,36,""
1076.699,receiver,19d2c58a-67c5-4119-a3e4-c821cdfe94f7,RECEIVE,DATA,287,1060,""
1076.701,receiver,19d2c58a-67c5-4119-a3e4-c821cdfe94f7,OUT_OF_ORDER,DATA,287,0,"arrived before missing sequence=274"
1076.703,receiver,19d2c58a-67c5-4119-a3e4-c821cdfe94f7,ACCEPT_DATA,DATA,287,1024,"unique file bytes received"
1076.705,receiver,19d2c58a-67c5-4119-a3e4-c821cdfe94f7,SEND,ACK,287,36,""
1076.710,receiver,19d2c58a-67c5-4119-a3e4-c821cdfe94f7,RECEIVE,DATA,277,1060,""
1076.713,receiver,19d2c58a-67c5-4119-a3e4-c821cdfe94f7,OUT_OF_ORDER,DATA,277,0,"arrived before missing sequence=274"
1076.715,receiver,19d2c58a-67c5-4119-a3e4-c821cdfe94f7,ACCEPT_DATA,DATA,277,1024,"unique file bytes received"
1076.717,receiver,19d2c58a-67c5-4119-a3e4-c821cdfe94f7,EMIT,ACK,262,36,""
1076.725,receiver,19d2c58a-67c5-4119-a3e4-c821cdfe94f7,SEND,ACK,277,36,""
1076.730,receiver,19d2c58a-67c5-4119-a3e4-c821cdfe94f7,RECEIVE,DATA,285,1060,""
1076.742,receiver,19d2c58a-67c5-4119-a3e4-c821cdfe94f7,OUT_OF_ORDER,DATA,285,0,"arrived before missing sequence=274"
1076.744,receiver,19d2c58a-67c5-4119-a3e4-c821cdfe94f7,ACCEPT_DATA,DATA,285,1024,"unique file bytes received"
1076.747,receiver,19d2c58a-67c5-4119-a3e4-c821cdfe94f7,SEND,ACK,285,36,""
1076.752,receiver,19d2c58a-67c5-4119-a3e4-c821cdfe94f7,RECEIVE,DATA,279,1060,""
1076.754,receiver,19d2c58a-67c5-4119-a3e4-c821cdfe94f7,OUT_OF_ORDER,DATA,279,0,"arrived before missing sequence=274"
1076.757,receiver,19d2c58a-67c5-4119-a3e4-c821cdfe94f7,ACCEPT_DATA,DATA,279,1024,"unique file bytes received"
1076.759,receiver,19d2c58a-67c5-4119-a3e4-c821cdfe94f7,SEND,ACK,279,36,""
1076.764,receiver,19d2c58a-67c5-4119-a3e4-c821cdfe94f7,RECEIVE,DATA,283,1060,""
1076.766,receiver,19d2c58a-67c5-4119-a3e4-c821cdfe94f7,OUT_OF_ORDER,DATA,283,0,"arrived before missing sequence=274"
1076.769,receiver,19d2c58a-67c5-4119-a3e4-c821cdfe94f7,ACCEPT_DATA,DATA,283,1024,"unique file bytes received"
1076.771,receiver,19d2c58a-67c5-4119-a3e4-c821cdfe94f7,SEND,ACK,283,36,""
1076.776,receiver,19d2c58a-67c5-4119-a3e4-c821cdfe94f7,RECEIVE,DATA,274,1060,""
1076.779,receiver,19d2c58a-67c5-4119-a3e4-c821cdfe94f7,ACCEPT_DATA,DATA,274,1024,"unique file bytes received"
1076.781,receiver,19d2c58a-67c5-4119-a3e4-c821cdfe94f7,SEND,ACK,274,36,""
1076.790,receiver,19d2c58a-67c5-4119-a3e4-c821cdfe94f7,RECEIVE,DATA,278,1060,""
1076.793,receiver,19d2c58a-67c5-4119-a3e4-c821cdfe94f7,ACCEPT_DATA,DATA,278,1024,"unique file bytes received"
1076.795,receiver,19d2c58a-67c5-4119-a3e4-c821cdfe94f7,SEND,ACK,278,36,""
1092.354,receiver,19d2c58a-67c5-4119-a3e4-c821cdfe94f7,EMIT,ACK,269,36,""
1092.395,receiver,19d2c58a-67c5-4119-a3e4-c821cdfe94f7,EMIT,ACK,271,36,""
1092.410,receiver,19d2c58a-67c5-4119-a3e4-c821cdfe94f7,EMIT,ACK,265,36,""
1092.423,receiver,19d2c58a-67c5-4119-a3e4-c821cdfe94f7,EMIT,ACK,272,36,""
1092.435,receiver,19d2c58a-67c5-4119-a3e4-c821cdfe94f7,EMIT,ACK,282,36,""
1092.447,receiver,19d2c58a-67c5-4119-a3e4-c821cdfe94f7,EMIT,ACK,284,36,""
1092.459,receiver,19d2c58a-67c5-4119-a3e4-c821cdfe94f7,EMIT,ACK,268,36,""
1092.849,receiver,19d2c58a-67c5-4119-a3e4-c821cdfe94f7,RECEIVE,DATA,288,1060,""
1092.872,receiver,19d2c58a-67c5-4119-a3e4-c821cdfe94f7,ACCEPT_DATA,DATA,288,1024,"unique file bytes received"
1092.878,receiver,19d2c58a-67c5-4119-a3e4-c821cdfe94f7,SEND,ACK,288,36,""
1092.902,receiver,19d2c58a-67c5-4119-a3e4-c821cdfe94f7,RECEIVE,DATA,290,1060,""
1092.908,receiver,19d2c58a-67c5-4119-a3e4-c821cdfe94f7,OUT_OF_ORDER,DATA,290,0,"arrived before missing sequence=289"
1092.956,receiver,19d2c58a-67c5-4119-a3e4-c821cdfe94f7,ACCEPT_DATA,DATA,290,1024,"unique file bytes received"
1092.962,receiver,19d2c58a-67c5-4119-a3e4-c821cdfe94f7,SEND,ACK,290,36,""
1092.975,receiver,19d2c58a-67c5-4119-a3e4-c821cdfe94f7,RECEIVE,DATA,291,1060,""
1092.981,receiver,19d2c58a-67c5-4119-a3e4-c821cdfe94f7,OUT_OF_ORDER,DATA,291,0,"arrived before missing sequence=289"
1092.985,receiver,19d2c58a-67c5-4119-a3e4-c821cdfe94f7,ACCEPT_DATA,DATA,291,1024,"unique file bytes received"
1092.989,receiver,19d2c58a-67c5-4119-a3e4-c821cdfe94f7,SEND,ACK,291,36,""
1093.000,receiver,19d2c58a-67c5-4119-a3e4-c821cdfe94f7,RECEIVE,DATA,289,1060,""
1093.009,receiver,19d2c58a-67c5-4119-a3e4-c821cdfe94f7,ACCEPT_DATA,DATA,289,1024,"unique file bytes received"
1093.012,receiver,19d2c58a-67c5-4119-a3e4-c821cdfe94f7,SEND,ACK,289,36,""
1093.021,receiver,19d2c58a-67c5-4119-a3e4-c821cdfe94f7,RECEIVE,DATA,293,1060,""
1093.025,receiver,19d2c58a-67c5-4119-a3e4-c821cdfe94f7,OUT_OF_ORDER,DATA,293,0,"arrived before missing sequence=292"
1093.028,receiver,19d2c58a-67c5-4119-a3e4-c821cdfe94f7,ACCEPT_DATA,DATA,293,1024,"unique file bytes received"
1093.031,receiver,19d2c58a-67c5-4119-a3e4-c821cdfe94f7,SEND,ACK,293,36,""
1107.644,receiver,19d2c58a-67c5-4119-a3e4-c821cdfe94f7,EMIT,ACK,281,36,""
1107.665,receiver,19d2c58a-67c5-4119-a3e4-c821cdfe94f7,EMIT,ACK,275,36,""
1108.174,receiver,19d2c58a-67c5-4119-a3e4-c821cdfe94f7,RECEIVE,DATA,292,1060,""
1108.187,receiver,19d2c58a-67c5-4119-a3e4-c821cdfe94f7,ACCEPT_DATA,DATA,292,1024,"unique file bytes received"
1108.191,receiver,19d2c58a-67c5-4119-a3e4-c821cdfe94f7,SEND,ACK,292,36,""
1122.826,receiver,19d2c58a-67c5-4119-a3e4-c821cdfe94f7,EMIT,ACK,287,36,""
1122.864,receiver,19d2c58a-67c5-4119-a3e4-c821cdfe94f7,EMIT,ACK,283,36,""
1122.874,receiver,19d2c58a-67c5-4119-a3e4-c821cdfe94f7,EMIT,ACK,270,36,""
1122.883,receiver,19d2c58a-67c5-4119-a3e4-c821cdfe94f7,EMIT,ACK,286,36,""
1122.893,receiver,19d2c58a-67c5-4119-a3e4-c821cdfe94f7,EMIT,ACK,273,36,""
1122.903,receiver,19d2c58a-67c5-4119-a3e4-c821cdfe94f7,EMIT,ACK,279,36,""
1122.910,receiver,19d2c58a-67c5-4119-a3e4-c821cdfe94f7,EMIT,ACK,280,36,""
1122.918,receiver,19d2c58a-67c5-4119-a3e4-c821cdfe94f7,EMIT,ACK,290,36,""
1122.926,receiver,19d2c58a-67c5-4119-a3e4-c821cdfe94f7,EMIT,ACK,285,36,""
1122.934,receiver,19d2c58a-67c5-4119-a3e4-c821cdfe94f7,EMIT,ACK,276,36,""
1123.121,receiver,19d2c58a-67c5-4119-a3e4-c821cdfe94f7,RECEIVE,DATA,295,1060,""
1123.149,receiver,19d2c58a-67c5-4119-a3e4-c821cdfe94f7,OUT_OF_ORDER,DATA,295,0,"arrived before missing sequence=294"
1123.159,receiver,19d2c58a-67c5-4119-a3e4-c821cdfe94f7,ACCEPT_DATA,DATA,295,1024,"unique file bytes received"
1123.170,receiver,19d2c58a-67c5-4119-a3e4-c821cdfe94f7,SEND,ACK,295,36,""
1123.185,receiver,19d2c58a-67c5-4119-a3e4-c821cdfe94f7,RECEIVE,DATA,294,1060,""
1123.188,receiver,19d2c58a-67c5-4119-a3e4-c821cdfe94f7,ACCEPT_DATA,DATA,294,1024,"unique file bytes received"
1123.190,receiver,19d2c58a-67c5-4119-a3e4-c821cdfe94f7,SEND,ACK,294,36,""
1123.194,receiver,19d2c58a-67c5-4119-a3e4-c821cdfe94f7,RECEIVE,DATA,296,1060,""
1123.197,receiver,19d2c58a-67c5-4119-a3e4-c821cdfe94f7,ACCEPT_DATA,DATA,296,1024,"unique file bytes received"
1123.199,receiver,19d2c58a-67c5-4119-a3e4-c821cdfe94f7,SEND,ACK,296,36,""
1123.203,receiver,19d2c58a-67c5-4119-a3e4-c821cdfe94f7,RECEIVE,DATA,300,1060,""
1123.206,receiver,19d2c58a-67c5-4119-a3e4-c821cdfe94f7,OUT_OF_ORDER,DATA,300,0,"arrived before missing sequence=297"
1123.208,receiver,19d2c58a-67c5-4119-a3e4-c821cdfe94f7,ACCEPT_DATA,DATA,300,1024,"unique file bytes received"
1123.210,receiver,19d2c58a-67c5-4119-a3e4-c821cdfe94f7,SEND,ACK,300,36,""
1137.748,receiver,19d2c58a-67c5-4119-a3e4-c821cdfe94f7,EMIT,ACK,274,36,""
1137.787,receiver,19d2c58a-67c5-4119-a3e4-c821cdfe94f7,EMIT,ACK,291,36,""
1137.795,receiver,19d2c58a-67c5-4119-a3e4-c821cdfe94f7,EMIT,ACK,277,36,""
1137.801,receiver,19d2c58a-67c5-4119-a3e4-c821cdfe94f7,EMIT,ACK,278,36,""
1137.809,receiver,19d2c58a-67c5-4119-a3e4-c821cdfe94f7,EMIT,ACK,293,36,""
1137.997,receiver,19d2c58a-67c5-4119-a3e4-c821cdfe94f7,RECEIVE,DATA,298,1060,""
1138.010,receiver,19d2c58a-67c5-4119-a3e4-c821cdfe94f7,OUT_OF_ORDER,DATA,298,0,"arrived before missing sequence=297"
1138.013,receiver,19d2c58a-67c5-4119-a3e4-c821cdfe94f7,ACCEPT_DATA,DATA,298,1024,"unique file bytes received"
1138.015,receiver,19d2c58a-67c5-4119-a3e4-c821cdfe94f7,SEND,ACK,298,36,""
1138.029,receiver,19d2c58a-67c5-4119-a3e4-c821cdfe94f7,RECEIVE,DATA,299,1060,""
1138.031,receiver,19d2c58a-67c5-4119-a3e4-c821cdfe94f7,OUT_OF_ORDER,DATA,299,0,"arrived before missing sequence=297"
1138.033,receiver,19d2c58a-67c5-4119-a3e4-c821cdfe94f7,ACCEPT_DATA,DATA,299,1024,"unique file bytes received"
1138.035,receiver,19d2c58a-67c5-4119-a3e4-c821cdfe94f7,SEND,ACK,299,36,""
1153.083,receiver,19d2c58a-67c5-4119-a3e4-c821cdfe94f7,EMIT,ACK,288,36,""
1153.116,receiver,19d2c58a-67c5-4119-a3e4-c821cdfe94f7,EMIT,ACK,289,36,""
1153.125,receiver,19d2c58a-67c5-4119-a3e4-c821cdfe94f7,EMIT,ACK,292,36,""
1153.169,receiver,19d2c58a-67c5-4119-a3e4-c821cdfe94f7,RECEIVE,DATA,297,1060,""
1153.187,receiver,19d2c58a-67c5-4119-a3e4-c821cdfe94f7,ACCEPT_DATA,DATA,297,1024,"unique file bytes received"
1153.193,receiver,19d2c58a-67c5-4119-a3e4-c821cdfe94f7,SEND,ACK,297,36,""
1153.215,receiver,19d2c58a-67c5-4119-a3e4-c821cdfe94f7,RECEIVE,DATA,301,1060,""
1153.221,receiver,19d2c58a-67c5-4119-a3e4-c821cdfe94f7,ACCEPT_DATA,DATA,301,1024,"unique file bytes received"
1153.225,receiver,19d2c58a-67c5-4119-a3e4-c821cdfe94f7,SEND,ACK,301,36,""
1168.203,receiver,19d2c58a-67c5-4119-a3e4-c821cdfe94f7,EMIT,ACK,295,36,""
1168.232,receiver,19d2c58a-67c5-4119-a3e4-c821cdfe94f7,EMIT,ACK,300,36,""
1168.270,receiver,19d2c58a-67c5-4119-a3e4-c821cdfe94f7,EMIT,ACK,296,36,""
1168.279,receiver,19d2c58a-67c5-4119-a3e4-c821cdfe94f7,EMIT,ACK,294,36,""
1168.305,receiver,19d2c58a-67c5-4119-a3e4-c821cdfe94f7,RECEIVE,DATA,303,1060,""
1168.323,receiver,19d2c58a-67c5-4119-a3e4-c821cdfe94f7,OUT_OF_ORDER,DATA,303,0,"arrived before missing sequence=302"
1168.327,receiver,19d2c58a-67c5-4119-a3e4-c821cdfe94f7,ACCEPT_DATA,DATA,303,1024,"unique file bytes received"
1168.330,receiver,19d2c58a-67c5-4119-a3e4-c821cdfe94f7,SEND,ACK,303,36,""
1168.346,receiver,19d2c58a-67c5-4119-a3e4-c821cdfe94f7,RECEIVE,DATA,304,1060,""
1168.349,receiver,19d2c58a-67c5-4119-a3e4-c821cdfe94f7,OUT_OF_ORDER,DATA,304,0,"arrived before missing sequence=302"
1168.352,receiver,19d2c58a-67c5-4119-a3e4-c821cdfe94f7,ACCEPT_DATA,DATA,304,1024,"unique file bytes received"
1168.354,receiver,19d2c58a-67c5-4119-a3e4-c821cdfe94f7,SEND,ACK,304,36,""
1168.370,receiver,19d2c58a-67c5-4119-a3e4-c821cdfe94f7,RECEIVE,DATA,314,1060,""
1168.378,receiver,19d2c58a-67c5-4119-a3e4-c821cdfe94f7,OUT_OF_ORDER,DATA,314,0,"arrived before missing sequence=302"
1168.385,receiver,19d2c58a-67c5-4119-a3e4-c821cdfe94f7,ACCEPT_DATA,DATA,314,1024,"unique file bytes received"
1168.392,receiver,19d2c58a-67c5-4119-a3e4-c821cdfe94f7,SEND,ACK,314,36,""
1168.412,receiver,19d2c58a-67c5-4119-a3e4-c821cdfe94f7,RECEIVE,DATA,302,1060,""
1168.415,receiver,19d2c58a-67c5-4119-a3e4-c821cdfe94f7,ACCEPT_DATA,DATA,302,1024,"unique file bytes received"
1168.418,receiver,19d2c58a-67c5-4119-a3e4-c821cdfe94f7,SEND,ACK,302,36,""
1168.424,receiver,19d2c58a-67c5-4119-a3e4-c821cdfe94f7,RECEIVE,DATA,308,1060,""
1168.427,receiver,19d2c58a-67c5-4119-a3e4-c821cdfe94f7,OUT_OF_ORDER,DATA,308,0,"arrived before missing sequence=305"
1168.429,receiver,19d2c58a-67c5-4119-a3e4-c821cdfe94f7,ACCEPT_DATA,DATA,308,1024,"unique file bytes received"
1168.432,receiver,19d2c58a-67c5-4119-a3e4-c821cdfe94f7,SEND,ACK,308,36,""
1168.437,receiver,19d2c58a-67c5-4119-a3e4-c821cdfe94f7,RECEIVE,DATA,310,1060,""
1168.440,receiver,19d2c58a-67c5-4119-a3e4-c821cdfe94f7,OUT_OF_ORDER,DATA,310,0,"arrived before missing sequence=305"
1168.443,receiver,19d2c58a-67c5-4119-a3e4-c821cdfe94f7,ACCEPT_DATA,DATA,310,1024,"unique file bytes received"
1168.446,receiver,19d2c58a-67c5-4119-a3e4-c821cdfe94f7,SEND,ACK,310,36,""
1168.451,receiver,19d2c58a-67c5-4119-a3e4-c821cdfe94f7,RECEIVE,DATA,317,1060,""
1168.494,receiver,19d2c58a-67c5-4119-a3e4-c821cdfe94f7,OUT_OF_ORDER,DATA,317,0,"arrived before missing sequence=305"
1168.497,receiver,19d2c58a-67c5-4119-a3e4-c821cdfe94f7,ACCEPT_DATA,DATA,317,1024,"unique file bytes received"
1168.499,receiver,19d2c58a-67c5-4119-a3e4-c821cdfe94f7,SEND,ACK,317,36,""
1168.505,receiver,19d2c58a-67c5-4119-a3e4-c821cdfe94f7,RECEIVE,DATA,319,1060,""
1168.508,receiver,19d2c58a-67c5-4119-a3e4-c821cdfe94f7,OUT_OF_ORDER,DATA,319,0,"arrived before missing sequence=305"
1168.510,receiver,19d2c58a-67c5-4119-a3e4-c821cdfe94f7,ACCEPT_DATA,DATA,319,1024,"unique file bytes received"
1168.513,receiver,19d2c58a-67c5-4119-a3e4-c821cdfe94f7,SEND,ACK,319,36,""
1184.757,receiver,19d2c58a-67c5-4119-a3e4-c821cdfe94f7,EMIT,ACK,299,36,""
1184.810,receiver,19d2c58a-67c5-4119-a3e4-c821cdfe94f7,EMIT,ACK,301,36,""
1184.969,receiver,19d2c58a-67c5-4119-a3e4-c821cdfe94f7,RECEIVE,DATA,307,1060,""
1184.983,receiver,19d2c58a-67c5-4119-a3e4-c821cdfe94f7,OUT_OF_ORDER,DATA,307,0,"arrived before missing sequence=305"
1184.987,receiver,19d2c58a-67c5-4119-a3e4-c821cdfe94f7,ACCEPT_DATA,DATA,307,1024,"unique file bytes received"
1184.991,receiver,19d2c58a-67c5-4119-a3e4-c821cdfe94f7,SEND,ACK,307,36,""
1185.010,receiver,19d2c58a-67c5-4119-a3e4-c821cdfe94f7,RECEIVE,DATA,305,1060,""
1185.013,receiver,19d2c58a-67c5-4119-a3e4-c821cdfe94f7,ACCEPT_DATA,DATA,305,1024,"unique file bytes received"
1185.016,receiver,19d2c58a-67c5-4119-a3e4-c821cdfe94f7,SEND,ACK,305,36,""
1185.022,receiver,19d2c58a-67c5-4119-a3e4-c821cdfe94f7,RECEIVE,DATA,312,1060,""
1185.025,receiver,19d2c58a-67c5-4119-a3e4-c821cdfe94f7,OUT_OF_ORDER,DATA,312,0,"arrived before missing sequence=306"
1185.028,receiver,19d2c58a-67c5-4119-a3e4-c821cdfe94f7,ACCEPT_DATA,DATA,312,1024,"unique file bytes received"
1185.031,receiver,19d2c58a-67c5-4119-a3e4-c821cdfe94f7,SEND,ACK,312,36,""
1185.037,receiver,19d2c58a-67c5-4119-a3e4-c821cdfe94f7,RECEIVE,DATA,315,1060,""
1185.040,receiver,19d2c58a-67c5-4119-a3e4-c821cdfe94f7,OUT_OF_ORDER,DATA,315,0,"arrived before missing sequence=306"
1185.048,receiver,19d2c58a-67c5-4119-a3e4-c821cdfe94f7,ACCEPT_DATA,DATA,315,1024,"unique file bytes received"
1185.050,receiver,19d2c58a-67c5-4119-a3e4-c821cdfe94f7,SEND,ACK,315,36,""
1185.061,receiver,19d2c58a-67c5-4119-a3e4-c821cdfe94f7,RECEIVE,DATA,318,1060,""
1185.063,receiver,19d2c58a-67c5-4119-a3e4-c821cdfe94f7,OUT_OF_ORDER,DATA,318,0,"arrived before missing sequence=306"
1185.066,receiver,19d2c58a-67c5-4119-a3e4-c821cdfe94f7,ACCEPT_DATA,DATA,318,1024,"unique file bytes received"
1185.068,receiver,19d2c58a-67c5-4119-a3e4-c821cdfe94f7,SEND,ACK,318,36,""
1185.074,receiver,19d2c58a-67c5-4119-a3e4-c821cdfe94f7,RECEIVE,DATA,306,1060,""
1185.076,receiver,19d2c58a-67c5-4119-a3e4-c821cdfe94f7,ACCEPT_DATA,DATA,306,1024,"unique file bytes received"
1185.079,receiver,19d2c58a-67c5-4119-a3e4-c821cdfe94f7,SEND,ACK,306,36,""
1185.084,receiver,19d2c58a-67c5-4119-a3e4-c821cdfe94f7,RECEIVE,DATA,313,1060,""
1185.087,receiver,19d2c58a-67c5-4119-a3e4-c821cdfe94f7,OUT_OF_ORDER,DATA,313,0,"arrived before missing sequence=309"
1185.089,receiver,19d2c58a-67c5-4119-a3e4-c821cdfe94f7,ACCEPT_DATA,DATA,313,1024,"unique file bytes received"
1185.091,receiver,19d2c58a-67c5-4119-a3e4-c821cdfe94f7,SEND,ACK,313,36,""
1185.097,receiver,19d2c58a-67c5-4119-a3e4-c821cdfe94f7,RECEIVE,DATA,321,1060,""
1185.099,receiver,19d2c58a-67c5-4119-a3e4-c821cdfe94f7,OUT_OF_ORDER,DATA,321,0,"arrived before missing sequence=309"
1185.102,receiver,19d2c58a-67c5-4119-a3e4-c821cdfe94f7,ACCEPT_DATA,DATA,321,1024,"unique file bytes received"
1185.104,receiver,19d2c58a-67c5-4119-a3e4-c821cdfe94f7,SEND,ACK,321,36,""
1185.109,receiver,19d2c58a-67c5-4119-a3e4-c821cdfe94f7,RECEIVE,DATA,325,1060,""
1185.112,receiver,19d2c58a-67c5-4119-a3e4-c821cdfe94f7,OUT_OF_ORDER,DATA,325,0,"arrived before missing sequence=309"
1185.115,receiver,19d2c58a-67c5-4119-a3e4-c821cdfe94f7,ACCEPT_DATA,DATA,325,1024,"unique file bytes received"
1185.117,receiver,19d2c58a-67c5-4119-a3e4-c821cdfe94f7,SEND,ACK,325,36,""
1200.280,receiver,19d2c58a-67c5-4119-a3e4-c821cdfe94f7,RECEIVE,DATA,316,1060,""
1200.293,receiver,19d2c58a-67c5-4119-a3e4-c821cdfe94f7,OUT_OF_ORDER,DATA,316,0,"arrived before missing sequence=309"
1200.301,receiver,19d2c58a-67c5-4119-a3e4-c821cdfe94f7,ACCEPT_DATA,DATA,316,1024,"unique file bytes received"
1200.304,receiver,19d2c58a-67c5-4119-a3e4-c821cdfe94f7,SEND,ACK,316,36,""
1200.318,receiver,19d2c58a-67c5-4119-a3e4-c821cdfe94f7,RECEIVE,DATA,309,1060,""
1200.322,receiver,19d2c58a-67c5-4119-a3e4-c821cdfe94f7,ACCEPT_DATA,DATA,309,1024,"unique file bytes received"
1200.324,receiver,19d2c58a-67c5-4119-a3e4-c821cdfe94f7,SEND,ACK,309,36,""
1200.330,receiver,19d2c58a-67c5-4119-a3e4-c821cdfe94f7,RECEIVE,DATA,311,1060,""
1200.333,receiver,19d2c58a-67c5-4119-a3e4-c821cdfe94f7,ACCEPT_DATA,DATA,311,1024,"unique file bytes received"
1200.336,receiver,19d2c58a-67c5-4119-a3e4-c821cdfe94f7,SEND,ACK,311,36,""
1200.341,receiver,19d2c58a-67c5-4119-a3e4-c821cdfe94f7,RECEIVE,DATA,324,1060,""
1200.344,receiver,19d2c58a-67c5-4119-a3e4-c821cdfe94f7,OUT_OF_ORDER,DATA,324,0,"arrived before missing sequence=320"
1200.346,receiver,19d2c58a-67c5-4119-a3e4-c821cdfe94f7,ACCEPT_DATA,DATA,324,1024,"unique file bytes received"
1200.349,receiver,19d2c58a-67c5-4119-a3e4-c821cdfe94f7,SEND,ACK,324,36,""
1200.359,receiver,19d2c58a-67c5-4119-a3e4-c821cdfe94f7,RECEIVE,DATA,323,1060,""
1200.362,receiver,19d2c58a-67c5-4119-a3e4-c821cdfe94f7,OUT_OF_ORDER,DATA,323,0,"arrived before missing sequence=320"
1200.364,receiver,19d2c58a-67c5-4119-a3e4-c821cdfe94f7,ACCEPT_DATA,DATA,323,1024,"unique file bytes received"
1200.366,receiver,19d2c58a-67c5-4119-a3e4-c821cdfe94f7,SEND,ACK,323,36,""
1200.372,receiver,19d2c58a-67c5-4119-a3e4-c821cdfe94f7,RECEIVE,DATA,322,1060,""
1200.375,receiver,19d2c58a-67c5-4119-a3e4-c821cdfe94f7,OUT_OF_ORDER,DATA,322,0,"arrived before missing sequence=320"
1200.377,receiver,19d2c58a-67c5-4119-a3e4-c821cdfe94f7,ACCEPT_DATA,DATA,322,1024,"unique file bytes received"
1200.380,receiver,19d2c58a-67c5-4119-a3e4-c821cdfe94f7,SEND,ACK,322,36,""
1200.436,receiver,19d2c58a-67c5-4119-a3e4-c821cdfe94f7,EMIT,ACK,298,36,""
1200.456,receiver,19d2c58a-67c5-4119-a3e4-c821cdfe94f7,EMIT,ACK,297,36,""
1200.465,receiver,19d2c58a-67c5-4119-a3e4-c821cdfe94f7,EMIT,ACK,310,36,""
1200.474,receiver,19d2c58a-67c5-4119-a3e4-c821cdfe94f7,EMIT,ACK,304,36,""
1216.321,receiver,19d2c58a-67c5-4119-a3e4-c821cdfe94f7,EMIT,ACK,317,36,""
1216.369,receiver,19d2c58a-67c5-4119-a3e4-c821cdfe94f7,EMIT,ACK,319,36,""
1216.378,receiver,19d2c58a-67c5-4119-a3e4-c821cdfe94f7,EMIT,ACK,308,36,""
1216.387,receiver,19d2c58a-67c5-4119-a3e4-c821cdfe94f7,EMIT,ACK,314,36,""
1216.395,receiver,19d2c58a-67c5-4119-a3e4-c821cdfe94f7,EMIT,ACK,303,36,""
1216.412,receiver,19d2c58a-67c5-4119-a3e4-c821cdfe94f7,EMIT,ACK,302,36,""
1216.421,receiver,19d2c58a-67c5-4119-a3e4-c821cdfe94f7,EMIT,ACK,313,36,""
1216.429,receiver,19d2c58a-67c5-4119-a3e4-c821cdfe94f7,EMIT,ACK,325,36,""
1216.437,receiver,19d2c58a-67c5-4119-a3e4-c821cdfe94f7,EMIT,ACK,321,36,""
1216.445,receiver,19d2c58a-67c5-4119-a3e4-c821cdfe94f7,EMIT,ACK,306,36,""
1216.641,receiver,19d2c58a-67c5-4119-a3e4-c821cdfe94f7,RECEIVE,DATA,328,1060,""
1216.655,receiver,19d2c58a-67c5-4119-a3e4-c821cdfe94f7,OUT_OF_ORDER,DATA,328,0,"arrived before missing sequence=320"
1216.659,receiver,19d2c58a-67c5-4119-a3e4-c821cdfe94f7,ACCEPT_DATA,DATA,328,1024,"unique file bytes received"
1216.662,receiver,19d2c58a-67c5-4119-a3e4-c821cdfe94f7,SEND,ACK,328,36,""
1216.677,receiver,19d2c58a-67c5-4119-a3e4-c821cdfe94f7,RECEIVE,DATA,320,1060,""
1216.681,receiver,19d2c58a-67c5-4119-a3e4-c821cdfe94f7,ACCEPT_DATA,DATA,320,1024,"unique file bytes received"
1216.683,receiver,19d2c58a-67c5-4119-a3e4-c821cdfe94f7,SEND,ACK,320,36,""
1216.689,receiver,19d2c58a-67c5-4119-a3e4-c821cdfe94f7,RECEIVE,DATA,327,1060,""
1216.692,receiver,19d2c58a-67c5-4119-a3e4-c821cdfe94f7,OUT_OF_ORDER,DATA,327,0,"arrived before missing sequence=326"
1216.695,receiver,19d2c58a-67c5-4119-a3e4-c821cdfe94f7,ACCEPT_DATA,DATA,327,1024,"unique file bytes received"
1216.733,receiver,19d2c58a-67c5-4119-a3e4-c821cdfe94f7,SEND,ACK,327,36,""
1216.739,receiver,19d2c58a-67c5-4119-a3e4-c821cdfe94f7,RECEIVE,DATA,326,1060,""
1216.741,receiver,19d2c58a-67c5-4119-a3e4-c821cdfe94f7,ACCEPT_DATA,DATA,326,1024,"unique file bytes received"
1216.744,receiver,19d2c58a-67c5-4119-a3e4-c821cdfe94f7,SEND,ACK,326,36,""
1233.026,receiver,19d2c58a-67c5-4119-a3e4-c821cdfe94f7,EMIT,ACK,305,36,""
1233.065,receiver,19d2c58a-67c5-4119-a3e4-c821cdfe94f7,EMIT,ACK,307,36,""
1233.084,receiver,19d2c58a-67c5-4119-a3e4-c821cdfe94f7,EMIT,ACK,309,36,""
1233.101,receiver,19d2c58a-67c5-4119-a3e4-c821cdfe94f7,EMIT,ACK,318,36,""
1233.118,receiver,19d2c58a-67c5-4119-a3e4-c821cdfe94f7,EMIT,ACK,312,36,""
1233.150,receiver,19d2c58a-67c5-4119-a3e4-c821cdfe94f7,EMIT,ACK,315,36,""
1248.376,receiver,19d2c58a-67c5-4119-a3e4-c821cdfe94f7,EMIT,ACK,316,36,""
1248.432,receiver,19d2c58a-67c5-4119-a3e4-c821cdfe94f7,EMIT,ACK,322,36,""
1248.444,receiver,19d2c58a-67c5-4119-a3e4-c821cdfe94f7,EMIT,ACK,311,36,""
1248.455,receiver,19d2c58a-67c5-4119-a3e4-c821cdfe94f7,EMIT,ACK,320,36,""
1248.465,receiver,19d2c58a-67c5-4119-a3e4-c821cdfe94f7,EMIT,ACK,326,36,""
1248.486,receiver,19d2c58a-67c5-4119-a3e4-c821cdfe94f7,EMIT,ACK,324,36,""
1248.493,receiver,19d2c58a-67c5-4119-a3e4-c821cdfe94f7,EMIT,ACK,328,36,""
1248.501,receiver,19d2c58a-67c5-4119-a3e4-c821cdfe94f7,EMIT,ACK,323,36,""
1248.552,receiver,19d2c58a-67c5-4119-a3e4-c821cdfe94f7,RECEIVE,DATA,332,1060,""
1248.579,receiver,19d2c58a-67c5-4119-a3e4-c821cdfe94f7,OUT_OF_ORDER,DATA,332,0,"arrived before missing sequence=329"
1248.586,receiver,19d2c58a-67c5-4119-a3e4-c821cdfe94f7,ACCEPT_DATA,DATA,332,1024,"unique file bytes received"
1248.604,receiver,19d2c58a-67c5-4119-a3e4-c821cdfe94f7,SEND,ACK,332,36,""
1248.624,receiver,19d2c58a-67c5-4119-a3e4-c821cdfe94f7,RECEIVE,DATA,333,1060,""
1248.627,receiver,19d2c58a-67c5-4119-a3e4-c821cdfe94f7,OUT_OF_ORDER,DATA,333,0,"arrived before missing sequence=329"
1248.630,receiver,19d2c58a-67c5-4119-a3e4-c821cdfe94f7,ACCEPT_DATA,DATA,333,1024,"unique file bytes received"
1248.633,receiver,19d2c58a-67c5-4119-a3e4-c821cdfe94f7,SEND,ACK,333,36,""
1248.640,receiver,19d2c58a-67c5-4119-a3e4-c821cdfe94f7,RECEIVE,DATA,329,1060,""
1248.643,receiver,19d2c58a-67c5-4119-a3e4-c821cdfe94f7,ACCEPT_DATA,DATA,329,1024,"unique file bytes received"
1248.646,receiver,19d2c58a-67c5-4119-a3e4-c821cdfe94f7,SEND,ACK,329,36,""
1248.652,receiver,19d2c58a-67c5-4119-a3e4-c821cdfe94f7,RECEIVE,DATA,330,1060,""
1248.656,receiver,19d2c58a-67c5-4119-a3e4-c821cdfe94f7,ACCEPT_DATA,DATA,330,1024,"unique file bytes received"
1248.658,receiver,19d2c58a-67c5-4119-a3e4-c821cdfe94f7,SEND,ACK,330,36,""
1248.675,receiver,19d2c58a-67c5-4119-a3e4-c821cdfe94f7,RECEIVE,DATA,334,1060,""
1248.678,receiver,19d2c58a-67c5-4119-a3e4-c821cdfe94f7,OUT_OF_ORDER,DATA,334,0,"arrived before missing sequence=331"
1248.681,receiver,19d2c58a-67c5-4119-a3e4-c821cdfe94f7,ACCEPT_DATA,DATA,334,1024,"unique file bytes received"
1248.683,receiver,19d2c58a-67c5-4119-a3e4-c821cdfe94f7,SEND,ACK,334,36,""
1264.145,receiver,19d2c58a-67c5-4119-a3e4-c821cdfe94f7,EMIT,ACK,327,36,""
1264.473,receiver,19d2c58a-67c5-4119-a3e4-c821cdfe94f7,RECEIVE,DATA,331,1060,""
1264.505,receiver,19d2c58a-67c5-4119-a3e4-c821cdfe94f7,ACCEPT_DATA,DATA,331,1024,"unique file bytes received"
1264.511,receiver,19d2c58a-67c5-4119-a3e4-c821cdfe94f7,SEND,ACK,331,36,""
1264.532,receiver,19d2c58a-67c5-4119-a3e4-c821cdfe94f7,RECEIVE,DATA,335,1060,""
1264.538,receiver,19d2c58a-67c5-4119-a3e4-c821cdfe94f7,ACCEPT_DATA,DATA,335,1024,"unique file bytes received"
1264.542,receiver,19d2c58a-67c5-4119-a3e4-c821cdfe94f7,SEND,ACK,335,36,""
1264.554,receiver,19d2c58a-67c5-4119-a3e4-c821cdfe94f7,RECEIVE,DATA,336,1060,""
1264.559,receiver,19d2c58a-67c5-4119-a3e4-c821cdfe94f7,ACCEPT_DATA,DATA,336,1024,"unique file bytes received"
1264.563,receiver,19d2c58a-67c5-4119-a3e4-c821cdfe94f7,SEND,ACK,336,36,""
1264.574,receiver,19d2c58a-67c5-4119-a3e4-c821cdfe94f7,RECEIVE,DATA,340,1060,""
1264.579,receiver,19d2c58a-67c5-4119-a3e4-c821cdfe94f7,OUT_OF_ORDER,DATA,340,0,"arrived before missing sequence=337"
1264.583,receiver,19d2c58a-67c5-4119-a3e4-c821cdfe94f7,ACCEPT_DATA,DATA,340,1024,"unique file bytes received"
1264.587,receiver,19d2c58a-67c5-4119-a3e4-c821cdfe94f7,SEND,ACK,340,36,""
1279.849,receiver,19d2c58a-67c5-4119-a3e4-c821cdfe94f7,EMIT,ACK,332,36,""
1279.875,receiver,19d2c58a-67c5-4119-a3e4-c821cdfe94f7,RECEIVE,DATA,338,1060,""
1279.891,receiver,19d2c58a-67c5-4119-a3e4-c821cdfe94f7,OUT_OF_ORDER,DATA,338,0,"arrived before missing sequence=337"
1279.895,receiver,19d2c58a-67c5-4119-a3e4-c821cdfe94f7,ACCEPT_DATA,DATA,338,1024,"unique file bytes received"
1279.898,receiver,19d2c58a-67c5-4119-a3e4-c821cdfe94f7,SEND,ACK,338,36,""
1279.933,receiver,19d2c58a-67c5-4119-a3e4-c821cdfe94f7,RECEIVE,DATA,342,1060,""
1279.942,receiver,19d2c58a-67c5-4119-a3e4-c821cdfe94f7,OUT_OF_ORDER,DATA,342,0,"arrived before missing sequence=337"
1279.950,receiver,19d2c58a-67c5-4119-a3e4-c821cdfe94f7,ACCEPT_DATA,DATA,342,1024,"unique file bytes received"
1279.957,receiver,19d2c58a-67c5-4119-a3e4-c821cdfe94f7,SEND,ACK,342,36,""
1279.979,receiver,19d2c58a-67c5-4119-a3e4-c821cdfe94f7,RECEIVE,DATA,341,1060,""
1279.987,receiver,19d2c58a-67c5-4119-a3e4-c821cdfe94f7,OUT_OF_ORDER,DATA,341,0,"arrived before missing sequence=337"
1279.993,receiver,19d2c58a-67c5-4119-a3e4-c821cdfe94f7,ACCEPT_DATA,DATA,341,1024,"unique file bytes received"
1279.995,receiver,19d2c58a-67c5-4119-a3e4-c821cdfe94f7,SEND,ACK,341,36,""
1280.001,receiver,19d2c58a-67c5-4119-a3e4-c821cdfe94f7,RECEIVE,DATA,337,1060,""
1280.004,receiver,19d2c58a-67c5-4119-a3e4-c821cdfe94f7,ACCEPT_DATA,DATA,337,1024,"unique file bytes received"
1280.006,receiver,19d2c58a-67c5-4119-a3e4-c821cdfe94f7,SEND,ACK,337,36,""
1280.011,receiver,19d2c58a-67c5-4119-a3e4-c821cdfe94f7,RECEIVE,DATA,354,1060,""
1280.014,receiver,19d2c58a-67c5-4119-a3e4-c821cdfe94f7,OUT_OF_ORDER,DATA,354,0,"arrived before missing sequence=339"
1280.017,receiver,19d2c58a-67c5-4119-a3e4-c821cdfe94f7,ACCEPT_DATA,DATA,354,1024,"unique file bytes received"
1280.019,receiver,19d2c58a-67c5-4119-a3e4-c821cdfe94f7,SEND,ACK,354,36,""
1280.024,receiver,19d2c58a-67c5-4119-a3e4-c821cdfe94f7,RECEIVE,DATA,348,1060,""
1280.027,receiver,19d2c58a-67c5-4119-a3e4-c821cdfe94f7,OUT_OF_ORDER,DATA,348,0,"arrived before missing sequence=339"
1280.030,receiver,19d2c58a-67c5-4119-a3e4-c821cdfe94f7,ACCEPT_DATA,DATA,348,1024,"unique file bytes received"
1280.032,receiver,19d2c58a-67c5-4119-a3e4-c821cdfe94f7,SEND,ACK,348,36,""
1280.037,receiver,19d2c58a-67c5-4119-a3e4-c821cdfe94f7,RECEIVE,DATA,345,1060,""
1280.040,receiver,19d2c58a-67c5-4119-a3e4-c821cdfe94f7,OUT_OF_ORDER,DATA,345,0,"arrived before missing sequence=339"
1280.043,receiver,19d2c58a-67c5-4119-a3e4-c821cdfe94f7,ACCEPT_DATA,DATA,345,1024,"unique file bytes received"
1280.045,receiver,19d2c58a-67c5-4119-a3e4-c821cdfe94f7,SEND,ACK,345,36,""
1295.054,receiver,19d2c58a-67c5-4119-a3e4-c821cdfe94f7,EMIT,ACK,334,36,""
1295.109,receiver,19d2c58a-67c5-4119-a3e4-c821cdfe94f7,EMIT,ACK,329,36,""
1295.135,receiver,19d2c58a-67c5-4119-a3e4-c821cdfe94f7,EMIT,ACK,333,36,""
1295.544,receiver,19d2c58a-67c5-4119-a3e4-c821cdfe94f7,RECEIVE,DATA,358,1060,""
1295.554,receiver,19d2c58a-67c5-4119-a3e4-c821cdfe94f7,OUT_OF_ORDER,DATA,358,0,"arrived before missing sequence=339"
1295.570,receiver,19d2c58a-67c5-4119-a3e4-c821cdfe94f7,ACCEPT_DATA,DATA,358,1024,"unique file bytes received"
1295.572,receiver,19d2c58a-67c5-4119-a3e4-c821cdfe94f7,SEND,ACK,358,36,""
1295.585,receiver,19d2c58a-67c5-4119-a3e4-c821cdfe94f7,RECEIVE,DATA,346,1060,""
1295.588,receiver,19d2c58a-67c5-4119-a3e4-c821cdfe94f7,OUT_OF_ORDER,DATA,346,0,"arrived before missing sequence=339"
1295.590,receiver,19d2c58a-67c5-4119-a3e4-c821cdfe94f7,ACCEPT_DATA,DATA,346,1024,"unique file bytes received"
1295.592,receiver,19d2c58a-67c5-4119-a3e4-c821cdfe94f7,SEND,ACK,346,36,""
1295.597,receiver,19d2c58a-67c5-4119-a3e4-c821cdfe94f7,RECEIVE,DATA,339,1060,""
1295.599,receiver,19d2c58a-67c5-4119-a3e4-c821cdfe94f7,ACCEPT_DATA,DATA,339,1024,"unique file bytes received"
1295.654,receiver,19d2c58a-67c5-4119-a3e4-c821cdfe94f7,SEND,ACK,339,36,""
1295.661,receiver,19d2c58a-67c5-4119-a3e4-c821cdfe94f7,RECEIVE,DATA,352,1060,""
1295.664,receiver,19d2c58a-67c5-4119-a3e4-c821cdfe94f7,OUT_OF_ORDER,DATA,352,0,"arrived before missing sequence=343"
1295.666,receiver,19d2c58a-67c5-4119-a3e4-c821cdfe94f7,ACCEPT_DATA,DATA,352,1024,"unique file bytes received"
1295.668,receiver,19d2c58a-67c5-4119-a3e4-c821cdfe94f7,SEND,ACK,352,36,""
1295.673,receiver,19d2c58a-67c5-4119-a3e4-c821cdfe94f7,RECEIVE,DATA,350,1060,""
1295.675,receiver,19d2c58a-67c5-4119-a3e4-c821cdfe94f7,OUT_OF_ORDER,DATA,350,0,"arrived before missing sequence=343"
1295.677,receiver,19d2c58a-67c5-4119-a3e4-c821cdfe94f7,ACCEPT_DATA,DATA,350,1024,"unique file bytes received"
1295.679,receiver,19d2c58a-67c5-4119-a3e4-c821cdfe94f7,SEND,ACK,350,36,""
1295.684,receiver,19d2c58a-67c5-4119-a3e4-c821cdfe94f7,RECEIVE,DATA,353,1060,""
1295.686,receiver,19d2c58a-67c5-4119-a3e4-c821cdfe94f7,OUT_OF_ORDER,DATA,353,0,"arrived before missing sequence=343"
1295.688,receiver,19d2c58a-67c5-4119-a3e4-c821cdfe94f7,ACCEPT_DATA,DATA,353,1024,"unique file bytes received"
1295.690,receiver,19d2c58a-67c5-4119-a3e4-c821cdfe94f7,SEND,ACK,353,36,""
1295.695,receiver,19d2c58a-67c5-4119-a3e4-c821cdfe94f7,RECEIVE,DATA,355,1060,""
1295.697,receiver,19d2c58a-67c5-4119-a3e4-c821cdfe94f7,OUT_OF_ORDER,DATA,355,0,"arrived before missing sequence=343"
1295.699,receiver,19d2c58a-67c5-4119-a3e4-c821cdfe94f7,ACCEPT_DATA,DATA,355,1024,"unique file bytes received"
1295.706,receiver,19d2c58a-67c5-4119-a3e4-c821cdfe94f7,SEND,ACK,355,36,""
1295.710,receiver,19d2c58a-67c5-4119-a3e4-c821cdfe94f7,RECEIVE,DATA,347,1060,""
1295.713,receiver,19d2c58a-67c5-4119-a3e4-c821cdfe94f7,OUT_OF_ORDER,DATA,347,0,"arrived before missing sequence=343"
1295.715,receiver,19d2c58a-67c5-4119-a3e4-c821cdfe94f7,ACCEPT_DATA,DATA,347,1024,"unique file bytes received"
1295.717,receiver,19d2c58a-67c5-4119-a3e4-c821cdfe94f7,SEND,ACK,347,36,""
1295.721,receiver,19d2c58a-67c5-4119-a3e4-c821cdfe94f7,RECEIVE,DATA,343,1060,""
1295.724,receiver,19d2c58a-67c5-4119-a3e4-c821cdfe94f7,ACCEPT_DATA,DATA,343,1024,"unique file bytes received"
1295.726,receiver,19d2c58a-67c5-4119-a3e4-c821cdfe94f7,SEND,ACK,343,36,""
1295.731,receiver,19d2c58a-67c5-4119-a3e4-c821cdfe94f7,RECEIVE,DATA,356,1060,""
1295.733,receiver,19d2c58a-67c5-4119-a3e4-c821cdfe94f7,OUT_OF_ORDER,DATA,356,0,"arrived before missing sequence=344"
1295.735,receiver,19d2c58a-67c5-4119-a3e4-c821cdfe94f7,ACCEPT_DATA,DATA,356,1024,"unique file bytes received"
1295.737,receiver,19d2c58a-67c5-4119-a3e4-c821cdfe94f7,SEND,ACK,356,36,""
1310.872,receiver,19d2c58a-67c5-4119-a3e4-c821cdfe94f7,EMIT,ACK,330,36,""
1310.930,receiver,19d2c58a-67c5-4119-a3e4-c821cdfe94f7,RECEIVE,DATA,357,1060,""
1310.972,receiver,19d2c58a-67c5-4119-a3e4-c821cdfe94f7,EMIT,ACK,336,36,""
1310.990,receiver,19d2c58a-67c5-4119-a3e4-c821cdfe94f7,OUT_OF_ORDER,DATA,357,0,"arrived before missing sequence=344"
1311.019,receiver,19d2c58a-67c5-4119-a3e4-c821cdfe94f7,ACCEPT_DATA,DATA,357,1024,"unique file bytes received"
1311.022,receiver,19d2c58a-67c5-4119-a3e4-c821cdfe94f7,EMIT,ACK,335,36,""
1311.026,receiver,19d2c58a-67c5-4119-a3e4-c821cdfe94f7,SEND,ACK,357,36,""
1311.031,receiver,19d2c58a-67c5-4119-a3e4-c821cdfe94f7,EMIT,ACK,340,36,""
1311.049,receiver,19d2c58a-67c5-4119-a3e4-c821cdfe94f7,RECEIVE,DATA,349,1060,""
1311.052,receiver,19d2c58a-67c5-4119-a3e4-c821cdfe94f7,EMIT,ACK,348,36,""
1311.055,receiver,19d2c58a-67c5-4119-a3e4-c821cdfe94f7,OUT_OF_ORDER,DATA,349,0,"arrived before missing sequence=344"
1311.058,receiver,19d2c58a-67c5-4119-a3e4-c821cdfe94f7,ACCEPT_DATA,DATA,349,1024,"unique file bytes received"
1311.060,receiver,19d2c58a-67c5-4119-a3e4-c821cdfe94f7,EMIT,ACK,331,36,""
1311.063,receiver,19d2c58a-67c5-4119-a3e4-c821cdfe94f7,SEND,ACK,349,36,""
1311.068,receiver,19d2c58a-67c5-4119-a3e4-c821cdfe94f7,EMIT,ACK,341,36,""
1311.071,receiver,19d2c58a-67c5-4119-a3e4-c821cdfe94f7,RECEIVE,DATA,351,1060,""
1311.073,receiver,19d2c58a-67c5-4119-a3e4-c821cdfe94f7,OUT_OF_ORDER,DATA,351,0,"arrived before missing sequence=344"
1311.076,receiver,19d2c58a-67c5-4119-a3e4-c821cdfe94f7,ACCEPT_DATA,DATA,351,1024,"unique file bytes received"
1311.078,receiver,19d2c58a-67c5-4119-a3e4-c821cdfe94f7,SEND,ACK,351,36,""
1311.324,receiver,19d2c58a-67c5-4119-a3e4-c821cdfe94f7,RECEIVE,DATA,344,1060,""
1311.333,receiver,19d2c58a-67c5-4119-a3e4-c821cdfe94f7,ACCEPT_DATA,DATA,344,1024,"unique file bytes received"
1311.337,receiver,19d2c58a-67c5-4119-a3e4-c821cdfe94f7,SEND,ACK,344,36,""
1311.351,receiver,19d2c58a-67c5-4119-a3e4-c821cdfe94f7,RECEIVE,DATA,359,1060,""
1311.354,receiver,19d2c58a-67c5-4119-a3e4-c821cdfe94f7,ACCEPT_DATA,DATA,359,1024,"unique file bytes received"
1311.357,receiver,19d2c58a-67c5-4119-a3e4-c821cdfe94f7,SEND,ACK,359,36,""
1311.362,receiver,19d2c58a-67c5-4119-a3e4-c821cdfe94f7,RECEIVE,DATA,360,1060,""
1311.365,receiver,19d2c58a-67c5-4119-a3e4-c821cdfe94f7,ACCEPT_DATA,DATA,360,1024,"unique file bytes received"
1311.367,receiver,19d2c58a-67c5-4119-a3e4-c821cdfe94f7,SEND,ACK,360,36,""
1325.894,receiver,19d2c58a-67c5-4119-a3e4-c821cdfe94f7,EMIT,ACK,338,36,""
1325.918,receiver,19d2c58a-67c5-4119-a3e4-c821cdfe94f7,EMIT,ACK,354,36,""
1325.929,receiver,19d2c58a-67c5-4119-a3e4-c821cdfe94f7,EMIT,ACK,342,36,""
1325.936,receiver,19d2c58a-67c5-4119-a3e4-c821cdfe94f7,EMIT,ACK,337,36,""
1342.291,receiver,19d2c58a-67c5-4119-a3e4-c821cdfe94f7,EMIT,ACK,345,36,""
1342.336,receiver,19d2c58a-67c5-4119-a3e4-c821cdfe94f7,RECEIVE,DATA,361,1060,""
1342.351,receiver,19d2c58a-67c5-4119-a3e4-c821cdfe94f7,ACCEPT_DATA,DATA,361,1024,"unique file bytes received"
1342.356,receiver,19d2c58a-67c5-4119-a3e4-c821cdfe94f7,SEND,ACK,361,36,""
1342.373,receiver,19d2c58a-67c5-4119-a3e4-c821cdfe94f7,RECEIVE,DATA,365,1060,""
1342.377,receiver,19d2c58a-67c5-4119-a3e4-c821cdfe94f7,OUT_OF_ORDER,DATA,365,0,"arrived before missing sequence=362"
1342.380,receiver,19d2c58a-67c5-4119-a3e4-c821cdfe94f7,ACCEPT_DATA,DATA,365,1024,"unique file bytes received"
1342.382,receiver,19d2c58a-67c5-4119-a3e4-c821cdfe94f7,SEND,ACK,365,36,""
1342.385,receiver,19d2c58a-67c5-4119-a3e4-c821cdfe94f7,EMIT,ACK,352,36,""
1342.680,receiver,19d2c58a-67c5-4119-a3e4-c821cdfe94f7,EMIT,ACK,343,36,""
1342.722,receiver,19d2c58a-67c5-4119-a3e4-c821cdfe94f7,EMIT,ACK,358,36,""
1342.734,receiver,19d2c58a-67c5-4119-a3e4-c821cdfe94f7,EMIT,ACK,355,36,""
1342.742,receiver,19d2c58a-67c5-4119-a3e4-c821cdfe94f7,EMIT,ACK,346,36,""
1342.767,receiver,19d2c58a-67c5-4119-a3e4-c821cdfe94f7,EMIT,ACK,356,36,""
1342.824,receiver,19d2c58a-67c5-4119-a3e4-c821cdfe94f7,EMIT,ACK,353,36,""
1342.832,receiver,19d2c58a-67c5-4119-a3e4-c821cdfe94f7,EMIT,ACK,349,36,""
1342.840,receiver,19d2c58a-67c5-4119-a3e4-c821cdfe94f7,EMIT,ACK,347,36,""
1342.850,receiver,19d2c58a-67c5-4119-a3e4-c821cdfe94f7,EMIT,ACK,350,36,""
1357.050,receiver,19d2c58a-67c5-4119-a3e4-c821cdfe94f7,EMIT,ACK,344,36,""
1357.074,receiver,19d2c58a-67c5-4119-a3e4-c821cdfe94f7,EMIT,ACK,351,36,""
1357.110,receiver,19d2c58a-67c5-4119-a3e4-c821cdfe94f7,EMIT,ACK,339,36,""
1357.118,receiver,19d2c58a-67c5-4119-a3e4-c821cdfe94f7,EMIT,ACK,359,36,""
1357.126,receiver,19d2c58a-67c5-4119-a3e4-c821cdfe94f7,EMIT,ACK,357,36,""
1357.250,receiver,19d2c58a-67c5-4119-a3e4-c821cdfe94f7,RECEIVE,DATA,368,1060,""
1357.268,receiver,19d2c58a-67c5-4119-a3e4-c821cdfe94f7,OUT_OF_ORDER,DATA,368,0,"arrived before missing sequence=362"
1357.274,receiver,19d2c58a-67c5-4119-a3e4-c821cdfe94f7,ACCEPT_DATA,DATA,368,1024,"unique file bytes received"
1357.279,receiver,19d2c58a-67c5-4119-a3e4-c821cdfe94f7,SEND,ACK,368,36,""
1357.305,receiver,19d2c58a-67c5-4119-a3e4-c821cdfe94f7,RECEIVE,DATA,366,1060,""
1357.311,receiver,19d2c58a-67c5-4119-a3e4-c821cdfe94f7,OUT_OF_ORDER,DATA,366,0,"arrived before missing sequence=362"
1357.315,receiver,19d2c58a-67c5-4119-a3e4-c821cdfe94f7,ACCEPT_DATA,DATA,366,1024,"unique file bytes received"
1357.319,receiver,19d2c58a-67c5-4119-a3e4-c821cdfe94f7,SEND,ACK,366,36,""
1357.331,receiver,19d2c58a-67c5-4119-a3e4-c821cdfe94f7,RECEIVE,DATA,364,1060,""
1357.337,receiver,19d2c58a-67c5-4119-a3e4-c821cdfe94f7,OUT_OF_ORDER,DATA,364,0,"arrived before missing sequence=362"
1357.408,receiver,19d2c58a-67c5-4119-a3e4-c821cdfe94f7,ACCEPT_DATA,DATA,364,1024,"unique file bytes received"
1357.416,receiver,19d2c58a-67c5-4119-a3e4-c821cdfe94f7,SEND,ACK,364,36,""
1357.450,receiver,19d2c58a-67c5-4119-a3e4-c821cdfe94f7,RECEIVE,DATA,367,1060,""
1357.454,receiver,19d2c58a-67c5-4119-a3e4-c821cdfe94f7,OUT_OF_ORDER,DATA,367,0,"arrived before missing sequence=362"
1357.457,receiver,19d2c58a-67c5-4119-a3e4-c821cdfe94f7,ACCEPT_DATA,DATA,367,1024,"unique file bytes received"
1357.459,receiver,19d2c58a-67c5-4119-a3e4-c821cdfe94f7,SEND,ACK,367,36,""
1357.465,receiver,19d2c58a-67c5-4119-a3e4-c821cdfe94f7,RECEIVE,DATA,369,1060,""
1357.468,receiver,19d2c58a-67c5-4119-a3e4-c821cdfe94f7,OUT_OF_ORDER,DATA,369,0,"arrived before missing sequence=362"
1357.470,receiver,19d2c58a-67c5-4119-a3e4-c821cdfe94f7,ACCEPT_DATA,DATA,369,1024,"unique file bytes received"
1357.473,receiver,19d2c58a-67c5-4119-a3e4-c821cdfe94f7,SEND,ACK,369,36,""
1372.123,receiver,19d2c58a-67c5-4119-a3e4-c821cdfe94f7,RECEIVE,DATA,362,1060,""
1372.137,receiver,19d2c58a-67c5-4119-a3e4-c821cdfe94f7,ACCEPT_DATA,DATA,362,1024,"unique file bytes received"
1372.140,receiver,19d2c58a-67c5-4119-a3e4-c821cdfe94f7,SEND,ACK,362,36,""
1372.154,receiver,19d2c58a-67c5-4119-a3e4-c821cdfe94f7,RECEIVE,DATA,363,1060,""
1372.158,receiver,19d2c58a-67c5-4119-a3e4-c821cdfe94f7,ACCEPT_DATA,DATA,363,1024,"unique file bytes received"
1372.160,receiver,19d2c58a-67c5-4119-a3e4-c821cdfe94f7,SEND,ACK,363,36,""
1372.166,receiver,19d2c58a-67c5-4119-a3e4-c821cdfe94f7,RECEIVE,DATA,370,1060,""
1372.169,receiver,19d2c58a-67c5-4119-a3e4-c821cdfe94f7,ACCEPT_DATA,DATA,370,1024,"unique file bytes received"
1372.171,receiver,19d2c58a-67c5-4119-a3e4-c821cdfe94f7,SEND,ACK,370,36,""
1372.428,receiver,19d2c58a-67c5-4119-a3e4-c821cdfe94f7,EMIT,ACK,360,36,""
1372.447,receiver,19d2c58a-67c5-4119-a3e4-c821cdfe94f7,EMIT,ACK,365,36,""
1387.581,receiver,19d2c58a-67c5-4119-a3e4-c821cdfe94f7,RECEIVE,DATA,391,1060,""
1387.597,receiver,19d2c58a-67c5-4119-a3e4-c821cdfe94f7,OUT_OF_ORDER,DATA,391,0,"arrived before missing sequence=371"
1387.602,receiver,19d2c58a-67c5-4119-a3e4-c821cdfe94f7,ACCEPT_DATA,DATA,391,1024,"unique file bytes received"
1387.605,receiver,19d2c58a-67c5-4119-a3e4-c821cdfe94f7,SEND,ACK,391,36,""
1387.622,receiver,19d2c58a-67c5-4119-a3e4-c821cdfe94f7,RECEIVE,DATA,388,1060,""
1387.629,receiver,19d2c58a-67c5-4119-a3e4-c821cdfe94f7,OUT_OF_ORDER,DATA,388,0,"arrived before missing sequence=371"
1387.632,receiver,19d2c58a-67c5-4119-a3e4-c821cdfe94f7,ACCEPT_DATA,DATA,388,1024,"unique file bytes received"
1387.634,receiver,19d2c58a-67c5-4119-a3e4-c821cdfe94f7,SEND,ACK,388,36,""
1387.640,receiver,19d2c58a-67c5-4119-a3e4-c821cdfe94f7,RECEIVE,DATA,379,1060,""
1387.643,receiver,19d2c58a-67c5-4119-a3e4-c821cdfe94f7,OUT_OF_ORDER,DATA,379,0,"arrived before missing sequence=371"
1387.645,receiver,19d2c58a-67c5-4119-a3e4-c821cdfe94f7,ACCEPT_DATA,DATA,379,1024,"unique file bytes received"
1387.648,receiver,19d2c58a-67c5-4119-a3e4-c821cdfe94f7,SEND,ACK,379,36,""
1387.653,receiver,19d2c58a-67c5-4119-a3e4-c821cdfe94f7,RECEIVE,DATA,385,1060,""
1387.656,receiver,19d2c58a-67c5-4119-a3e4-c821cdfe94f7,OUT_OF_ORDER,DATA,385,0,"arrived before missing sequence=371"
1387.658,receiver,19d2c58a-67c5-4119-a3e4-c821cdfe94f7,ACCEPT_DATA,DATA,385,1024,"unique file bytes received"
1387.660,receiver,19d2c58a-67c5-4119-a3e4-c821cdfe94f7,SEND,ACK,385,36,""
1387.666,receiver,19d2c58a-67c5-4119-a3e4-c821cdfe94f7,RECEIVE,DATA,372,1060,""
1387.668,receiver,19d2c58a-67c5-4119-a3e4-c821cdfe94f7,OUT_OF_ORDER,DATA,372,0,"arrived before missing sequence=371"
1387.671,receiver,19d2c58a-67c5-4119-a3e4-c821cdfe94f7,ACCEPT_DATA,DATA,372,1024,"unique file bytes received"
1387.673,receiver,19d2c58a-67c5-4119-a3e4-c821cdfe94f7,SEND,ACK,372,36,""
1387.678,receiver,19d2c58a-67c5-4119-a3e4-c821cdfe94f7,RECEIVE,DATA,382,1060,""
1387.681,receiver,19d2c58a-67c5-4119-a3e4-c821cdfe94f7,OUT_OF_ORDER,DATA,382,0,"arrived before missing sequence=371"
1387.693,receiver,19d2c58a-67c5-4119-a3e4-c821cdfe94f7,ACCEPT_DATA,DATA,382,1024,"unique file bytes received"
1387.696,receiver,19d2c58a-67c5-4119-a3e4-c821cdfe94f7,SEND,ACK,382,36,""
1387.707,receiver,19d2c58a-67c5-4119-a3e4-c821cdfe94f7,EMIT,ACK,361,36,""
1387.731,receiver,19d2c58a-67c5-4119-a3e4-c821cdfe94f7,EMIT,ACK,366,36,""
1403.522,receiver,19d2c58a-67c5-4119-a3e4-c821cdfe94f7,EMIT,ACK,364,36,""
1403.545,receiver,19d2c58a-67c5-4119-a3e4-c821cdfe94f7,EMIT,ACK,367,36,""
1403.553,receiver,19d2c58a-67c5-4119-a3e4-c821cdfe94f7,EMIT,ACK,368,36,""
1403.559,receiver,19d2c58a-67c5-4119-a3e4-c821cdfe94f7,EMIT,ACK,363,36,""
1403.823,receiver,19d2c58a-67c5-4119-a3e4-c821cdfe94f7,RECEIVE,DATA,375,1060,""
1403.848,receiver,19d2c58a-67c5-4119-a3e4-c821cdfe94f7,OUT_OF_ORDER,DATA,375,0,"arrived before missing sequence=371"
1403.853,receiver,19d2c58a-67c5-4119-a3e4-c821cdfe94f7,ACCEPT_DATA,DATA,375,1024,"unique file bytes received"
1403.856,receiver,19d2c58a-67c5-4119-a3e4-c821cdfe94f7,SEND,ACK,375,36,""
1403.874,receiver,19d2c58a-67c5-4119-a3e4-c821cdfe94f7,RECEIVE,DATA,378,1060,""
1403.878,receiver,19d2c58a-67c5-4119-a3e4-c821cdfe94f7,OUT_OF_ORDER,DATA,378,0,"arrived before missing sequence=371"
1403.881,receiver,19d2c58a-67c5-4119-a3e4-c821cdfe94f7,ACCEPT_DATA,DATA,378,1024,"unique file bytes received"
1403.883,receiver,19d2c58a-67c5-4119-a3e4-c821cdfe94f7,SEND,ACK,378,36,""
1403.890,receiver,19d2c58a-67c5-4119-a3e4-c821cdfe94f7,RECEIVE,DATA,374,1060,""
1403.893,receiver,19d2c58a-67c5-4119-a3e4-c821cdfe94f7,OUT_OF_ORDER,DATA,374,0,"arrived before missing sequence=371"
1403.896,receiver,19d2c58a-67c5-4119-a3e4-c821cdfe94f7,ACCEPT_DATA,DATA,374,1024,"unique file bytes received"
1403.899,receiver,19d2c58a-67c5-4119-a3e4-c821cdfe94f7,SEND,ACK,374,36,""
1403.909,receiver,19d2c58a-67c5-4119-a3e4-c821cdfe94f7,RECEIVE,DATA,381,1060,""
1403.912,receiver,19d2c58a-67c5-4119-a3e4-c821cdfe94f7,OUT_OF_ORDER,DATA,381,0,"arrived before missing sequence=371"
1403.915,receiver,19d2c58a-67c5-4119-a3e4-c821cdfe94f7,ACCEPT_DATA,DATA,381,1024,"unique file bytes received"
1403.918,receiver,19d2c58a-67c5-4119-a3e4-c821cdfe94f7,SEND,ACK,381,36,""
1403.923,receiver,19d2c58a-67c5-4119-a3e4-c821cdfe94f7,RECEIVE,DATA,389,1060,""
1403.926,receiver,19d2c58a-67c5-4119-a3e4-c821cdfe94f7,OUT_OF_ORDER,DATA,389,0,"arrived before missing sequence=371"
1403.929,receiver,19d2c58a-67c5-4119-a3e4-c821cdfe94f7,ACCEPT_DATA,DATA,389,1024,"unique file bytes received"
1403.932,receiver,19d2c58a-67c5-4119-a3e4-c821cdfe94f7,SEND,ACK,389,36,""
1403.938,receiver,19d2c58a-67c5-4119-a3e4-c821cdfe94f7,RECEIVE,DATA,377,1060,""
1403.941,receiver,19d2c58a-67c5-4119-a3e4-c821cdfe94f7,OUT_OF_ORDER,DATA,377,0,"arrived before missing sequence=371"
1403.944,receiver,19d2c58a-67c5-4119-a3e4-c821cdfe94f7,ACCEPT_DATA,DATA,377,1024,"unique file bytes received"
1403.947,receiver,19d2c58a-67c5-4119-a3e4-c821cdfe94f7,SEND,ACK,377,36,""
1403.953,receiver,19d2c58a-67c5-4119-a3e4-c821cdfe94f7,RECEIVE,DATA,373,1060,""
1403.956,receiver,19d2c58a-67c5-4119-a3e4-c821cdfe94f7,OUT_OF_ORDER,DATA,373,0,"arrived before missing sequence=371"
1403.962,receiver,19d2c58a-67c5-4119-a3e4-c821cdfe94f7,ACCEPT_DATA,DATA,373,1024,"unique file bytes received"
1403.965,receiver,19d2c58a-67c5-4119-a3e4-c821cdfe94f7,SEND,ACK,373,36,""
1403.971,receiver,19d2c58a-67c5-4119-a3e4-c821cdfe94f7,RECEIVE,DATA,376,1060,""
1403.974,receiver,19d2c58a-67c5-4119-a3e4-c821cdfe94f7,OUT_OF_ORDER,DATA,376,0,"arrived before missing sequence=371"
1403.976,receiver,19d2c58a-67c5-4119-a3e4-c821cdfe94f7,ACCEPT_DATA,DATA,376,1024,"unique file bytes received"
1403.979,receiver,19d2c58a-67c5-4119-a3e4-c821cdfe94f7,SEND,ACK,376,36,""
1403.985,receiver,19d2c58a-67c5-4119-a3e4-c821cdfe94f7,RECEIVE,DATA,384,1060,""
1403.987,receiver,19d2c58a-67c5-4119-a3e4-c821cdfe94f7,OUT_OF_ORDER,DATA,384,0,"arrived before missing sequence=371"
1403.990,receiver,19d2c58a-67c5-4119-a3e4-c821cdfe94f7,ACCEPT_DATA,DATA,384,1024,"unique file bytes received"
1403.993,receiver,19d2c58a-67c5-4119-a3e4-c821cdfe94f7,SEND,ACK,384,36,""
1404.026,receiver,19d2c58a-67c5-4119-a3e4-c821cdfe94f7,RECEIVE,DATA,371,1060,""
1404.030,receiver,19d2c58a-67c5-4119-a3e4-c821cdfe94f7,ACCEPT_DATA,DATA,371,1024,"unique file bytes received"
1404.033,receiver,19d2c58a-67c5-4119-a3e4-c821cdfe94f7,SEND,ACK,371,36,""
1404.039,receiver,19d2c58a-67c5-4119-a3e4-c821cdfe94f7,RECEIVE,DATA,380,1060,""
1404.042,receiver,19d2c58a-67c5-4119-a3e4-c821cdfe94f7,ACCEPT_DATA,DATA,380,1024,"unique file bytes received"
1404.044,receiver,19d2c58a-67c5-4119-a3e4-c821cdfe94f7,SEND,ACK,380,36,""
1404.050,receiver,19d2c58a-67c5-4119-a3e4-c821cdfe94f7,RECEIVE,DATA,386,1060,""
1404.053,receiver,19d2c58a-67c5-4119-a3e4-c821cdfe94f7,OUT_OF_ORDER,DATA,386,0,"arrived before missing sequence=383"
1404.055,receiver,19d2c58a-67c5-4119-a3e4-c821cdfe94f7,ACCEPT_DATA,DATA,386,1024,"unique file bytes received"
1404.058,receiver,19d2c58a-67c5-4119-a3e4-c821cdfe94f7,SEND,ACK,386,36,""
1419.445,receiver,19d2c58a-67c5-4119-a3e4-c821cdfe94f7,EMIT,ACK,370,36,""
1419.498,receiver,19d2c58a-67c5-4119-a3e4-c821cdfe94f7,EMIT,ACK,369,36,""
1419.508,receiver,19d2c58a-67c5-4119-a3e4-c821cdfe94f7,EMIT,ACK,362,36,""
1419.707,receiver,19d2c58a-67c5-4119-a3e4-c821cdfe94f7,RECEIVE,DATA,387,1060,""
1419.725,receiver,19d2c58a-67c5-4119-a3e4-c821cdfe94f7,OUT_OF_ORDER,DATA,387,0,"arrived before missing sequence=383"
1419.730,receiver,19d2c58a-67c5-4119-a3e4-c821cdfe94f7,ACCEPT_DATA,DATA,387,1024,"unique file bytes received"
1419.734,receiver,19d2c58a-67c5-4119-a3e4-c821cdfe94f7,SEND,ACK,387,36,""
1419.750,receiver,19d2c58a-67c5-4119-a3e4-c821cdfe94f7,RECEIVE,DATA,383,1060,""
1419.754,receiver,19d2c58a-67c5-4119-a3e4-c821cdfe94f7,ACCEPT_DATA,DATA,383,1024,"unique file bytes received"
1419.757,receiver,19d2c58a-67c5-4119-a3e4-c821cdfe94f7,SEND,ACK,383,36,""
1419.763,receiver,19d2c58a-67c5-4119-a3e4-c821cdfe94f7,RECEIVE,DATA,390,1060,""
1419.767,receiver,19d2c58a-67c5-4119-a3e4-c821cdfe94f7,ACCEPT_DATA,DATA,390,1024,"unique file bytes received"
1419.770,receiver,19d2c58a-67c5-4119-a3e4-c821cdfe94f7,SEND,ACK,390,36,""
1419.776,receiver,19d2c58a-67c5-4119-a3e4-c821cdfe94f7,RECEIVE,DATA,392,1060,""
1419.780,receiver,19d2c58a-67c5-4119-a3e4-c821cdfe94f7,ACCEPT_DATA,DATA,392,1024,"unique file bytes received"
1419.783,receiver,19d2c58a-67c5-4119-a3e4-c821cdfe94f7,SEND,ACK,392,36,""
1435.472,receiver,19d2c58a-67c5-4119-a3e4-c821cdfe94f7,EMIT,ACK,388,36,""
1435.488,receiver,19d2c58a-67c5-4119-a3e4-c821cdfe94f7,RECEIVE,DATA,393,1060,""
1435.498,receiver,19d2c58a-67c5-4119-a3e4-c821cdfe94f7,EMIT,ACK,382,36,""
1435.502,receiver,19d2c58a-67c5-4119-a3e4-c821cdfe94f7,ACCEPT_DATA,DATA,393,1024,"unique file bytes received"
1435.506,receiver,19d2c58a-67c5-4119-a3e4-c821cdfe94f7,SEND,ACK,393,36,""
1435.510,receiver,19d2c58a-67c5-4119-a3e4-c821cdfe94f7,EMIT,ACK,374,36,""
1435.519,receiver,19d2c58a-67c5-4119-a3e4-c821cdfe94f7,EMIT,ACK,381,36,""
1435.528,receiver,19d2c58a-67c5-4119-a3e4-c821cdfe94f7,EMIT,ACK,372,36,""
1435.546,receiver,19d2c58a-67c5-4119-a3e4-c821cdfe94f7,EMIT,ACK,377,36,""
1435.555,receiver,19d2c58a-67c5-4119-a3e4-c821cdfe94f7,EMIT,ACK,379,36,""
1435.564,receiver,19d2c58a-67c5-4119-a3e4-c821cdfe94f7,EMIT,ACK,386,36,""
1450.472,receiver,19d2c58a-67c5-4119-a3e4-c821cdfe94f7,EMIT,ACK,376,36,""
1450.501,receiver,19d2c58a-67c5-4119-a3e4-c821cdfe94f7,EMIT,ACK,391,36,""
1450.510,receiver,19d2c58a-67c5-4119-a3e4-c821cdfe94f7,EMIT,ACK,385,36,""
1450.546,receiver,19d2c58a-67c5-4119-a3e4-c821cdfe94f7,EMIT,ACK,384,36,""
1450.555,receiver,19d2c58a-67c5-4119-a3e4-c821cdfe94f7,EMIT,ACK,380,36,""
1450.564,receiver,19d2c58a-67c5-4119-a3e4-c821cdfe94f7,RECEIVE,DATA,394,1060,""
1450.572,receiver,19d2c58a-67c5-4119-a3e4-c821cdfe94f7,EMIT,ACK,373,36,""
1450.576,receiver,19d2c58a-67c5-4119-a3e4-c821cdfe94f7,ACCEPT_DATA,DATA,394,1024,"unique file bytes received"
1450.580,receiver,19d2c58a-67c5-4119-a3e4-c821cdfe94f7,SEND,ACK,394,36,""
1450.583,receiver,19d2c58a-67c5-4119-a3e4-c821cdfe94f7,EMIT,ACK,378,36,""
1450.591,receiver,19d2c58a-67c5-4119-a3e4-c821cdfe94f7,EMIT,ACK,375,36,""
1450.604,receiver,19d2c58a-67c5-4119-a3e4-c821cdfe94f7,RECEIVE,DATA,395,1060,""
1450.607,receiver,19d2c58a-67c5-4119-a3e4-c821cdfe94f7,ACCEPT_DATA,DATA,395,1024,"unique file bytes received"
1450.610,receiver,19d2c58a-67c5-4119-a3e4-c821cdfe94f7,SEND,ACK,395,36,""
1450.615,receiver,19d2c58a-67c5-4119-a3e4-c821cdfe94f7,RECEIVE,DATA,397,1060,""
1450.618,receiver,19d2c58a-67c5-4119-a3e4-c821cdfe94f7,OUT_OF_ORDER,DATA,397,0,"arrived before missing sequence=396"
1450.621,receiver,19d2c58a-67c5-4119-a3e4-c821cdfe94f7,ACCEPT_DATA,DATA,397,1024,"unique file bytes received"
1450.623,receiver,19d2c58a-67c5-4119-a3e4-c821cdfe94f7,SEND,ACK,397,36,""
1450.628,receiver,19d2c58a-67c5-4119-a3e4-c821cdfe94f7,RECEIVE,DATA,396,1060,""
1450.631,receiver,19d2c58a-67c5-4119-a3e4-c821cdfe94f7,ACCEPT_DATA,DATA,396,1024,"unique file bytes received"
1450.633,receiver,19d2c58a-67c5-4119-a3e4-c821cdfe94f7,SEND,ACK,396,36,""
1465.471,receiver,19d2c58a-67c5-4119-a3e4-c821cdfe94f7,EMIT,ACK,371,36,""
1465.494,receiver,19d2c58a-67c5-4119-a3e4-c821cdfe94f7,RECEIVE,DATA,398,1060,""
1465.507,receiver,19d2c58a-67c5-4119-a3e4-c821cdfe94f7,EMIT,ACK,389,36,""
1465.512,receiver,19d2c58a-67c5-4119-a3e4-c821cdfe94f7,ACCEPT_DATA,DATA,398,1024,"unique file bytes received"
1465.517,receiver,19d2c58a-67c5-4119-a3e4-c821cdfe94f7,SEND,ACK,398,36,""
1465.521,receiver,19d2c58a-67c5-4119-a3e4-c821cdfe94f7,EMIT,ACK,383,36,""
1465.530,receiver,19d2c58a-67c5-4119-a3e4-c821cdfe94f7,EMIT,ACK,387,36,""
1465.536,receiver,19d2c58a-67c5-4119-a3e4-c821cdfe94f7,RECEIVE,DATA,399,1060,""
1465.540,receiver,19d2c58a-67c5-4119-a3e4-c821cdfe94f7,ACCEPT_DATA,DATA,399,1024,"unique file bytes received"
1465.543,receiver,19d2c58a-67c5-4119-a3e4-c821cdfe94f7,EMIT,ACK,392,36,""
1465.547,receiver,19d2c58a-67c5-4119-a3e4-c821cdfe94f7,SEND,ACK,399,36,""
1481.303,receiver,19d2c58a-67c5-4119-a3e4-c821cdfe94f7,EMIT,ACK,393,36,""
1481.327,receiver,19d2c58a-67c5-4119-a3e4-c821cdfe94f7,EMIT,ACK,390,36,""
1481.336,receiver,19d2c58a-67c5-4119-a3e4-c821cdfe94f7,EMIT,ACK,394,36,""
1481.343,receiver,19d2c58a-67c5-4119-a3e4-c821cdfe94f7,EMIT,ACK,396,36,""
1481.610,receiver,19d2c58a-67c5-4119-a3e4-c821cdfe94f7,RECEIVE,DATA,400,1060,""
1481.621,receiver,19d2c58a-67c5-4119-a3e4-c821cdfe94f7,ACCEPT_DATA,DATA,400,1024,"unique file bytes received"
1481.625,receiver,19d2c58a-67c5-4119-a3e4-c821cdfe94f7,SEND,ACK,400,36,""
1481.643,receiver,19d2c58a-67c5-4119-a3e4-c821cdfe94f7,RECEIVE,DATA,402,1060,""
1481.647,receiver,19d2c58a-67c5-4119-a3e4-c821cdfe94f7,OUT_OF_ORDER,DATA,402,0,"arrived before missing sequence=401"
1481.649,receiver,19d2c58a-67c5-4119-a3e4-c821cdfe94f7,ACCEPT_DATA,DATA,402,1024,"unique file bytes received"
1481.652,receiver,19d2c58a-67c5-4119-a3e4-c821cdfe94f7,SEND,ACK,402,36,""
1481.670,receiver,19d2c58a-67c5-4119-a3e4-c821cdfe94f7,RECEIVE,DATA,401,1060,""
1481.672,receiver,19d2c58a-67c5-4119-a3e4-c821cdfe94f7,ACCEPT_DATA,DATA,401,1024,"unique file bytes received"
1481.674,receiver,19d2c58a-67c5-4119-a3e4-c821cdfe94f7,SEND,ACK,401,36,""
1496.426,receiver,19d2c58a-67c5-4119-a3e4-c821cdfe94f7,EMIT,ACK,395,36,""
1496.460,receiver,19d2c58a-67c5-4119-a3e4-c821cdfe94f7,EMIT,ACK,397,36,""
1496.482,receiver,19d2c58a-67c5-4119-a3e4-c821cdfe94f7,EMIT,ACK,399,36,""
1496.492,receiver,19d2c58a-67c5-4119-a3e4-c821cdfe94f7,EMIT,ACK,398,36,""
1496.620,receiver,19d2c58a-67c5-4119-a3e4-c821cdfe94f7,RECEIVE,DATA,405,1060,""
1496.651,receiver,19d2c58a-67c5-4119-a3e4-c821cdfe94f7,OUT_OF_ORDER,DATA,405,0,"arrived before missing sequence=403"
1496.669,receiver,19d2c58a-67c5-4119-a3e4-c821cdfe94f7,ACCEPT_DATA,DATA,405,1024,"unique file bytes received"
1496.674,receiver,19d2c58a-67c5-4119-a3e4-c821cdfe94f7,SEND,ACK,405,36,""
1496.697,receiver,19d2c58a-67c5-4119-a3e4-c821cdfe94f7,RECEIVE,DATA,403,1060,""
1496.703,receiver,19d2c58a-67c5-4119-a3e4-c821cdfe94f7,ACCEPT_DATA,DATA,403,1024,"unique file bytes received"
1496.708,receiver,19d2c58a-67c5-4119-a3e4-c821cdfe94f7,SEND,ACK,403,36,""
1496.720,receiver,19d2c58a-67c5-4119-a3e4-c821cdfe94f7,RECEIVE,DATA,415,1060,""
1496.726,receiver,19d2c58a-67c5-4119-a3e4-c821cdfe94f7,OUT_OF_ORDER,DATA,415,0,"arrived before missing sequence=404"
1496.776,receiver,19d2c58a-67c5-4119-a3e4-c821cdfe94f7,ACCEPT_DATA,DATA,415,1024,"unique file bytes received"
1496.781,receiver,19d2c58a-67c5-4119-a3e4-c821cdfe94f7,SEND,ACK,415,36,""
1496.794,receiver,19d2c58a-67c5-4119-a3e4-c821cdfe94f7,RECEIVE,DATA,410,1060,""
1496.799,receiver,19d2c58a-67c5-4119-a3e4-c821cdfe94f7,OUT_OF_ORDER,DATA,410,0,"arrived before missing sequence=404"
1496.803,receiver,19d2c58a-67c5-4119-a3e4-c821cdfe94f7,ACCEPT_DATA,DATA,410,1024,"unique file bytes received"
1496.807,receiver,19d2c58a-67c5-4119-a3e4-c821cdfe94f7,SEND,ACK,410,36,""
1496.830,receiver,19d2c58a-67c5-4119-a3e4-c821cdfe94f7,RECEIVE,DATA,421,1060,""
1496.836,receiver,19d2c58a-67c5-4119-a3e4-c821cdfe94f7,OUT_OF_ORDER,DATA,421,0,"arrived before missing sequence=404"
1496.840,receiver,19d2c58a-67c5-4119-a3e4-c821cdfe94f7,ACCEPT_DATA,DATA,421,1024,"unique file bytes received"
1496.844,receiver,19d2c58a-67c5-4119-a3e4-c821cdfe94f7,SEND,ACK,421,36,""
1496.856,receiver,19d2c58a-67c5-4119-a3e4-c821cdfe94f7,RECEIVE,DATA,411,1060,""
1496.861,receiver,19d2c58a-67c5-4119-a3e4-c821cdfe94f7,OUT_OF_ORDER,DATA,411,0,"arrived before missing sequence=404"
1496.866,receiver,19d2c58a-67c5-4119-a3e4-c821cdfe94f7,ACCEPT_DATA,DATA,411,1024,"unique file bytes received"
1496.870,receiver,19d2c58a-67c5-4119-a3e4-c821cdfe94f7,SEND,ACK,411,36,""
1496.913,receiver,19d2c58a-67c5-4119-a3e4-c821cdfe94f7,RECEIVE,DATA,404,1060,""
1496.925,receiver,19d2c58a-67c5-4119-a3e4-c821cdfe94f7,ACCEPT_DATA,DATA,404,1024,"unique file bytes received"
1496.934,receiver,19d2c58a-67c5-4119-a3e4-c821cdfe94f7,SEND,ACK,404,36,""
1512.119,receiver,19d2c58a-67c5-4119-a3e4-c821cdfe94f7,RECEIVE,DATA,412,1060,""
1512.129,receiver,19d2c58a-67c5-4119-a3e4-c821cdfe94f7,OUT_OF_ORDER,DATA,412,0,"arrived before missing sequence=406"
1512.133,receiver,19d2c58a-67c5-4119-a3e4-c821cdfe94f7,ACCEPT_DATA,DATA,412,1024,"unique file bytes received"
1512.135,receiver,19d2c58a-67c5-4119-a3e4-c821cdfe94f7,SEND,ACK,412,36,""
1512.148,receiver,19d2c58a-67c5-4119-a3e4-c821cdfe94f7,RECEIVE,DATA,406,1060,""
1512.151,receiver,19d2c58a-67c5-4119-a3e4-c821cdfe94f7,ACCEPT_DATA,DATA,406,1024,"unique file bytes received"
1512.153,receiver,19d2c58a-67c5-4119-a3e4-c821cdfe94f7,SEND,ACK,406,36,""
1512.157,receiver,19d2c58a-67c5-4119-a3e4-c821cdfe94f7,RECEIVE,DATA,408,1060,""
1512.160,receiver,19d2c58a-67c5-4119-a3e4-c821cdfe94f7,OUT_OF_ORDER,DATA,408,0,"arrived before missing sequence=407"
1512.162,receiver,19d2c58a-67c5-4119-a3e4-c821cdfe94f7,ACCEPT_DATA,DATA,408,1024,"unique file bytes received"
1512.164,receiver,19d2c58a-67c5-4119-a3e4-c821cdfe94f7,SEND,ACK,408,36,""
1512.168,receiver,19d2c58a-67c5-4119-a3e4-c821cdfe94f7,RECEIVE,DATA,409,1060,""
1512.171,receiver,19d2c58a-67c5-4119-a3e4-c821cdfe94f7,OUT_OF_ORDER,DATA,409,0,"arrived before missing sequence=407"
1512.173,receiver,19d2c58a-67c5-4119-a3e4-c821cdfe94f7,ACCEPT_DATA,DATA,409,1024,"unique file bytes received"
1512.175,receiver,19d2c58a-67c5-4119-a3e4-c821cdfe94f7,SEND,ACK,409,36,""
1512.179,receiver,19d2c58a-67c5-4119-a3e4-c821cdfe94f7,RECEIVE,DATA,414,1060,""
1512.182,receiver,19d2c58a-67c5-4119-a3e4-c821cdfe94f7,OUT_OF_ORDER,DATA,414,0,"arrived before missing sequence=407"
1512.184,receiver,19d2c58a-67c5-4119-a3e4-c821cdfe94f7,ACCEPT_DATA,DATA,414,1024,"unique file bytes received"
1512.186,receiver,19d2c58a-67c5-4119-a3e4-c821cdfe94f7,SEND,ACK,414,36,""
1512.190,receiver,19d2c58a-67c5-4119-a3e4-c821cdfe94f7,RECEIVE,DATA,419,1060,""
1512.192,receiver,19d2c58a-67c5-4119-a3e4-c821cdfe94f7,OUT_OF_ORDER,DATA,419,0,"arrived before missing sequence=407"
1512.194,receiver,19d2c58a-67c5-4119-a3e4-c821cdfe94f7,ACCEPT_DATA,DATA,419,1024,"unique file bytes received"
1512.196,receiver,19d2c58a-67c5-4119-a3e4-c821cdfe94f7,SEND,ACK,419,36,""
1512.200,receiver,19d2c58a-67c5-4119-a3e4-c821cdfe94f7,RECEIVE,DATA,418,1060,""
1512.203,receiver,19d2c58a-67c5-4119-a3e4-c821cdfe94f7,OUT_OF_ORDER,DATA,418,0,"arrived before missing sequence=407"
1512.205,receiver,19d2c58a-67c5-4119-a3e4-c821cdfe94f7,ACCEPT_DATA,DATA,418,1024,"unique file bytes received"
1512.207,receiver,19d2c58a-67c5-4119-a3e4-c821cdfe94f7,SEND,ACK,418,36,""
1512.211,receiver,19d2c58a-67c5-4119-a3e4-c821cdfe94f7,RECEIVE,DATA,424,1060,""
1512.213,receiver,19d2c58a-67c5-4119-a3e4-c821cdfe94f7,OUT_OF_ORDER,DATA,424,0,"arrived before missing sequence=407"
1512.215,receiver,19d2c58a-67c5-4119-a3e4-c821cdfe94f7,ACCEPT_DATA,DATA,424,1024,"unique file bytes received"
1512.217,receiver,19d2c58a-67c5-4119-a3e4-c821cdfe94f7,SEND,ACK,424,36,""
1512.221,receiver,19d2c58a-67c5-4119-a3e4-c821cdfe94f7,RECEIVE,DATA,413,1060,""
1512.224,receiver,19d2c58a-67c5-4119-a3e4-c821cdfe94f7,OUT_OF_ORDER,DATA,413,0,"arrived before missing sequence=407"
1512.226,receiver,19d2c58a-67c5-4119-a3e4-c821cdfe94f7,ACCEPT_DATA,DATA,413,1024,"unique file bytes received"
1512.228,receiver,19d2c58a-67c5-4119-a3e4-c821cdfe94f7,SEND,ACK,413,36,""
1512.232,receiver,19d2c58a-67c5-4119-a3e4-c821cdfe94f7,RECEIVE,DATA,407,1060,""
1512.234,receiver,19d2c58a-67c5-4119-a3e4-c821cdfe94f7,ACCEPT_DATA,DATA,407,1024,"unique file bytes received"
1512.236,receiver,19d2c58a-67c5-4119-a3e4-c821cdfe94f7,SEND,ACK,407,36,""
1527.632,receiver,19d2c58a-67c5-4119-a3e4-c821cdfe94f7,EMIT,ACK,402,36,""
1527.659,receiver,19d2c58a-67c5-4119-a3e4-c821cdfe94f7,EMIT,ACK,401,36,""
1527.666,receiver,19d2c58a-67c5-4119-a3e4-c821cdfe94f7,EMIT,ACK,400,36,""
1527.674,receiver,19d2c58a-67c5-4119-a3e4-c821cdfe94f7,EMIT,ACK,411,36,""
1528.176,receiver,19d2c58a-67c5-4119-a3e4-c821cdfe94f7,RECEIVE,DATA,417,1060,""
1528.186,receiver,19d2c58a-67c5-4119-a3e4-c821cdfe94f7,OUT_OF_ORDER,DATA,417,0,"arrived before missing sequence=416"
1528.190,receiver,19d2c58a-67c5-4119-a3e4-c821cdfe94f7,ACCEPT_DATA,DATA,417,1024,"unique file bytes received"
1528.193,receiver,19d2c58a-67c5-4119-a3e4-c821cdfe94f7,SEND,ACK,417,36,""
1528.203,receiver,19d2c58a-67c5-4119-a3e4-c821cdfe94f7,RECEIVE,DATA,416,1060,""
1528.205,receiver,19d2c58a-67c5-4119-a3e4-c821cdfe94f7,ACCEPT_DATA,DATA,416,1024,"unique file bytes received"
1528.207,receiver,19d2c58a-67c5-4119-a3e4-c821cdfe94f7,SEND,ACK,416,36,""
1528.212,receiver,19d2c58a-67c5-4119-a3e4-c821cdfe94f7,RECEIVE,DATA,420,1060,""
1528.214,receiver,19d2c58a-67c5-4119-a3e4-c821cdfe94f7,ACCEPT_DATA,DATA,420,1024,"unique file bytes received"
1528.216,receiver,19d2c58a-67c5-4119-a3e4-c821cdfe94f7,SEND,ACK,420,36,""
1528.220,receiver,19d2c58a-67c5-4119-a3e4-c821cdfe94f7,RECEIVE,DATA,422,1060,""
1528.223,receiver,19d2c58a-67c5-4119-a3e4-c821cdfe94f7,ACCEPT_DATA,DATA,422,1024,"unique file bytes received"
1528.225,receiver,19d2c58a-67c5-4119-a3e4-c821cdfe94f7,SEND,ACK,422,36,""
1528.229,receiver,19d2c58a-67c5-4119-a3e4-c821cdfe94f7,RECEIVE,DATA,425,1060,""
1528.231,receiver,19d2c58a-67c5-4119-a3e4-c821cdfe94f7,OUT_OF_ORDER,DATA,425,0,"arrived before missing sequence=423"
1528.233,receiver,19d2c58a-67c5-4119-a3e4-c821cdfe94f7,ACCEPT_DATA,DATA,425,1024,"unique file bytes received"
1528.235,receiver,19d2c58a-67c5-4119-a3e4-c821cdfe94f7,SEND,ACK,425,36,""
1528.239,receiver,19d2c58a-67c5-4119-a3e4-c821cdfe94f7,RECEIVE,DATA,429,1060,""
1528.242,receiver,19d2c58a-67c5-4119-a3e4-c821cdfe94f7,OUT_OF_ORDER,DATA,429,0,"arrived before missing sequence=423"
1528.244,receiver,19d2c58a-67c5-4119-a3e4-c821cdfe94f7,ACCEPT_DATA,DATA,429,1024,"unique file bytes received"
1528.246,receiver,19d2c58a-67c5-4119-a3e4-c821cdfe94f7,SEND,ACK,429,36,""
1528.250,receiver,19d2c58a-67c5-4119-a3e4-c821cdfe94f7,RECEIVE,DATA,427,1060,""
1528.252,receiver,19d2c58a-67c5-4119-a3e4-c821cdfe94f7,OUT_OF_ORDER,DATA,427,0,"arrived before missing sequence=423"
1528.254,receiver,19d2c58a-67c5-4119-a3e4-c821cdfe94f7,ACCEPT_DATA,DATA,427,1024,"unique file bytes received"
1528.256,receiver,19d2c58a-67c5-4119-a3e4-c821cdfe94f7,SEND,ACK,427,36,""
1528.261,receiver,19d2c58a-67c5-4119-a3e4-c821cdfe94f7,RECEIVE,DATA,426,1060,""
1528.263,receiver,19d2c58a-67c5-4119-a3e4-c821cdfe94f7,OUT_OF_ORDER,DATA,426,0,"arrived before missing sequence=423"
1528.265,receiver,19d2c58a-67c5-4119-a3e4-c821cdfe94f7,ACCEPT_DATA,DATA,426,1024,"unique file bytes received"
1528.294,receiver,19d2c58a-67c5-4119-a3e4-c821cdfe94f7,SEND,ACK,426,36,""
1528.299,receiver,19d2c58a-67c5-4119-a3e4-c821cdfe94f7,RECEIVE,DATA,428,1060,""
1528.303,receiver,19d2c58a-67c5-4119-a3e4-c821cdfe94f7,OUT_OF_ORDER,DATA,428,0,"arrived before missing sequence=423"
1528.305,receiver,19d2c58a-67c5-4119-a3e4-c821cdfe94f7,ACCEPT_DATA,DATA,428,1024,"unique file bytes received"
1528.307,receiver,19d2c58a-67c5-4119-a3e4-c821cdfe94f7,SEND,ACK,428,36,""
1528.311,receiver,19d2c58a-67c5-4119-a3e4-c821cdfe94f7,RECEIVE,DATA,423,1060,""
1528.313,receiver,19d2c58a-67c5-4119-a3e4-c821cdfe94f7,ACCEPT_DATA,DATA,423,1024,"unique file bytes received"
1528.315,receiver,19d2c58a-67c5-4119-a3e4-c821cdfe94f7,SEND,ACK,423,36,""
1542.844,receiver,19d2c58a-67c5-4119-a3e4-c821cdfe94f7,EMIT,ACK,421,36,""
1542.864,receiver,19d2c58a-67c5-4119-a3e4-c821cdfe94f7,EMIT,ACK,404,36,""
1542.874,receiver,19d2c58a-67c5-4119-a3e4-c821cdfe94f7,EMIT,ACK,403,36,""
1542.883,receiver,19d2c58a-67c5-4119-a3e4-c821cdfe94f7,EMIT,ACK,415,36,""
1542.892,receiver,19d2c58a-67c5-4119-a3e4-c821cdfe94f7,EMIT,ACK,406,36,""
1542.901,receiver,19d2c58a-67c5-4119-a3e4-c821cdfe94f7,EMIT,ACK,405,36,""
1542.922,receiver,19d2c58a-67c5-4119-a3e4-c821cdfe94f7,EMIT,ACK,408,36,""
1542.930,receiver,19d2c58a-67c5-4119-a3e4-c821cdfe94f7,EMIT,ACK,424,36,""
1542.938,receiver,19d2c58a-67c5-4119-a3e4-c821cdfe94f7,EMIT,ACK,410,36,""
1543.001,receiver,19d2c58a-67c5-4119-a3e4-c821cdfe94f7,RECEIVE,DATA,430,1060,""
1543.018,receiver,19d2c58a-67c5-4119-a3e4-c821cdfe94f7,ACCEPT_DATA,DATA,430,1024,"unique file bytes received"
1543.022,receiver,19d2c58a-67c5-4119-a3e4-c821cdfe94f7,SEND,ACK,430,36,""
1543.044,receiver,19d2c58a-67c5-4119-a3e4-c821cdfe94f7,RECEIVE,DATA,431,1060,""
1543.048,receiver,19d2c58a-67c5-4119-a3e4-c821cdfe94f7,ACCEPT_DATA,DATA,431,1024,"unique file bytes received"
1543.050,receiver,19d2c58a-67c5-4119-a3e4-c821cdfe94f7,SEND,ACK,431,36,""
1558.122,receiver,19d2c58a-67c5-4119-a3e4-c821cdfe94f7,EMIT,ACK,409,36,""
1558.150,receiver,19d2c58a-67c5-4119-a3e4-c821cdfe94f7,EMIT,ACK,414,36,""
1558.159,receiver,19d2c58a-67c5-4119-a3e4-c821cdfe94f7,EMIT,ACK,419,36,""
1558.169,receiver,19d2c58a-67c5-4119-a3e4-c821cdfe94f7,EMIT,ACK,418,36,""
1558.178,receiver,19d2c58a-67c5-4119-a3e4-c821cdfe94f7,EMIT,ACK,427,36,""
1558.196,receiver,19d2c58a-67c5-4119-a3e4-c821cdfe94f7,RECEIVE,DATA,432,1060,""
1558.205,receiver,19d2c58a-67c5-4119-a3e4-c821cdfe94f7,EMIT,ACK,416,36,""
1558.208,receiver,19d2c58a-67c5-4119-a3e4-c821cdfe94f7,ACCEPT_DATA,DATA,432,1024,"unique file bytes received"
1558.212,receiver,19d2c58a-67c5-4119-a3e4-c821cdfe94f7,SEND,ACK,432,36,""
1558.215,receiver,19d2c58a-67c5-4119-a3e4-c821cdfe94f7,EMIT,ACK,422,36,""
1558.227,receiver,19d2c58a-67c5-4119-a3e4-c821cdfe94f7,RECEIVE,DATA,433,1060,""
1558.230,receiver,19d2c58a-67c5-4119-a3e4-c821cdfe94f7,ACCEPT_DATA,DATA,433,1024,"unique file bytes received"
1558.233,receiver,19d2c58a-67c5-4119-a3e4-c821cdfe94f7,SEND,ACK,433,36,""
1573.294,receiver,19d2c58a-67c5-4119-a3e4-c821cdfe94f7,RECEIVE,DATA,438,1060,""
1573.312,receiver,19d2c58a-67c5-4119-a3e4-c821cdfe94f7,OUT_OF_ORDER,DATA,438,0,"arrived before missing sequence=434"
1573.316,receiver,19d2c58a-67c5-4119-a3e4-c821cdfe94f7,ACCEPT_DATA,DATA,438,1024,"unique file bytes received"
1573.320,receiver,19d2c58a-67c5-4119-a3e4-c821cdfe94f7,SEND,ACK,438,36,""
1573.334,receiver,19d2c58a-67c5-4119-a3e4-c821cdfe94f7,RECEIVE,DATA,434,1060,""
1573.337,receiver,19d2c58a-67c5-4119-a3e4-c821cdfe94f7,ACCEPT_DATA,DATA,434,1024,"unique file bytes received"
1573.340,receiver,19d2c58a-67c5-4119-a3e4-c821cdfe94f7,SEND,ACK,434,36,""
1573.349,receiver,19d2c58a-67c5-4119-a3e4-c821cdfe94f7,EMIT,ACK,413,36,""
1573.370,receiver,19d2c58a-67c5-4119-a3e4-c821cdfe94f7,EMIT,ACK,428,36,""
1573.379,receiver,19d2c58a-67c5-4119-a3e4-c821cdfe94f7,EMIT,ACK,417,36,""
1573.388,receiver,19d2c58a-67c5-4119-a3e4-c821cdfe94f7,EMIT,ACK,407,36,""
1573.397,receiver,19d2c58a-67c5-4119-a3e4-c821cdfe94f7,EMIT,ACK,426,36,""
1573.405,receiver,19d2c58a-67c5-4119-a3e4-c821cdfe94f7,EMIT,ACK,412,36,""
1573.413,receiver,19d2c58a-67c5-4119-a3e4-c821cdfe94f7,EMIT,ACK,425,36,""
1573.422,receiver,19d2c58a-67c5-4119-a3e4-c821cdfe94f7,EMIT,ACK,430,36,""
1573.433,receiver,19d2c58a-67c5-4119-a3e4-c821cdfe94f7,EMIT,ACK,420,36,""
1573.441,receiver,19d2c58a-67c5-4119-a3e4-c821cdfe94f7,EMIT,ACK,429,36,""
1589.376,receiver,19d2c58a-67c5-4119-a3e4-c821cdfe94f7,EMIT,ACK,423,36,""
1589.407,receiver,19d2c58a-67c5-4119-a3e4-c821cdfe94f7,EMIT,ACK,431,36,""
1589.436,receiver,19d2c58a-67c5-4119-a3e4-c821cdfe94f7,EMIT,ACK,432,36,""
1589.508,receiver,19d2c58a-67c5-4119-a3e4-c821cdfe94f7,RECEIVE,DATA,437,1060,""
1589.523,receiver,19d2c58a-67c5-4119-a3e4-c821cdfe94f7,OUT_OF_ORDER,DATA,437,0,"arrived before missing sequence=435"
1589.527,receiver,19d2c58a-67c5-4119-a3e4-c821cdfe94f7,ACCEPT_DATA,DATA,437,1024,"unique file bytes received"
1589.531,receiver,19d2c58a-67c5-4119-a3e4-c821cdfe94f7,SEND,ACK,437,36,""
1589.548,receiver,19d2c58a-67c5-4119-a3e4-c821cdfe94f7,RECEIVE,DATA,436,1060,""
1589.552,receiver,19d2c58a-67c5-4119-a3e4-c821cdfe94f7,OUT_OF_ORDER,DATA,436,0,"arrived before missing sequence=435"
1589.555,receiver,19d2c58a-67c5-4119-a3e4-c821cdfe94f7,ACCEPT_DATA,DATA,436,1024,"unique file bytes received"
1589.558,receiver,19d2c58a-67c5-4119-a3e4-c821cdfe94f7,SEND,ACK,436,36,""
1589.565,receiver,19d2c58a-67c5-4119-a3e4-c821cdfe94f7,RECEIVE,DATA,435,1060,""
1589.568,receiver,19d2c58a-67c5-4119-a3e4-c821cdfe94f7,ACCEPT_DATA,DATA,435,1024,"unique file bytes received"
1589.571,receiver,19d2c58a-67c5-4119-a3e4-c821cdfe94f7,SEND,ACK,435,36,""
1605.213,receiver,19d2c58a-67c5-4119-a3e4-c821cdfe94f7,RECEIVE,DATA,446,1060,""
1605.230,receiver,19d2c58a-67c5-4119-a3e4-c821cdfe94f7,OUT_OF_ORDER,DATA,446,0,"arrived before missing sequence=439"
1605.234,receiver,19d2c58a-67c5-4119-a3e4-c821cdfe94f7,ACCEPT_DATA,DATA,446,1024,"unique file bytes received"
1605.237,receiver,19d2c58a-67c5-4119-a3e4-c821cdfe94f7,SEND,ACK,446,36,""
1605.288,receiver,19d2c58a-67c5-4119-a3e4-c821cdfe94f7,RECEIVE,DATA,444,1060,""
1605.298,receiver,19d2c58a-67c5-4119-a3e4-c821cdfe94f7,OUT_OF_ORDER,DATA,444,0,"arrived before missing sequence=439"
1605.301,receiver,19d2c58a-67c5-4119-a3e4-c821cdfe94f7,ACCEPT_DATA,DATA,444,1024,"unique file bytes received"
1605.304,receiver,19d2c58a-67c5-4119-a3e4-c821cdfe94f7,SEND,ACK,444,36,""
1605.315,receiver,19d2c58a-67c5-4119-a3e4-c821cdfe94f7,RECEIVE,DATA,447,1060,""
1605.318,receiver,19d2c58a-67c5-4119-a3e4-c821cdfe94f7,OUT_OF_ORDER,DATA,447,0,"arrived before missing sequence=439"
1605.320,receiver,19d2c58a-67c5-4119-a3e4-c821cdfe94f7,ACCEPT_DATA,DATA,447,1024,"unique file bytes received"
1605.323,receiver,19d2c58a-67c5-4119-a3e4-c821cdfe94f7,SEND,ACK,447,36,""
1620.757,receiver,19d2c58a-67c5-4119-a3e4-c821cdfe94f7,RECEIVE,DATA,439,1060,""
1620.774,receiver,19d2c58a-67c5-4119-a3e4-c821cdfe94f7,ACCEPT_DATA,DATA,439,1024,"unique file bytes received"
1620.778,receiver,19d2c58a-67c5-4119-a3e4-c821cdfe94f7,SEND,ACK,439,36,""
1620.802,receiver,19d2c58a-67c5-4119-a3e4-c821cdfe94f7,RECEIVE,DATA,448,1060,""
1620.806,receiver,19d2c58a-67c5-4119-a3e4-c821cdfe94f7,OUT_OF_ORDER,DATA,448,0,"arrived before missing sequence=440"
1620.809,receiver,19d2c58a-67c5-4119-a3e4-c821cdfe94f7,ACCEPT_DATA,DATA,448,1024,"unique file bytes received"
1620.812,receiver,19d2c58a-67c5-4119-a3e4-c821cdfe94f7,SEND,ACK,448,36,""
1620.818,receiver,19d2c58a-67c5-4119-a3e4-c821cdfe94f7,RECEIVE,DATA,454,1060,""
1620.821,receiver,19d2c58a-67c5-4119-a3e4-c821cdfe94f7,OUT_OF_ORDER,DATA,454,0,"arrived before missing sequence=440"
1620.824,receiver,19d2c58a-67c5-4119-a3e4-c821cdfe94f7,ACCEPT_DATA,DATA,454,1024,"unique file bytes received"
1620.827,receiver,19d2c58a-67c5-4119-a3e4-c821cdfe94f7,SEND,ACK,454,36,""
1620.833,receiver,19d2c58a-67c5-4119-a3e4-c821cdfe94f7,RECEIVE,DATA,440,1060,""
1620.836,receiver,19d2c58a-67c5-4119-a3e4-c821cdfe94f7,ACCEPT_DATA,DATA,440,1024,"unique file bytes received"
1620.839,receiver,19d2c58a-67c5-4119-a3e4-c821cdfe94f7,SEND,ACK,440,36,""
1620.906,receiver,19d2c58a-67c5-4119-a3e4-c821cdfe94f7,RECEIVE,DATA,453,1060,""
1620.911,receiver,19d2c58a-67c5-4119-a3e4-c821cdfe94f7,EMIT,ACK,433,36,""
1620.933,receiver,19d2c58a-67c5-4119-a3e4-c821cdfe94f7,OUT_OF_ORDER,DATA,453,0,"arrived before missing sequence=441"
1620.936,receiver,19d2c58a-67c5-4119-a3e4-c821cdfe94f7,ACCEPT_DATA,DATA,453,1024,"unique file bytes received"
1620.939,receiver,19d2c58a-67c5-4119-a3e4-c821cdfe94f7,SEND,ACK,453,36,""
1620.946,receiver,19d2c58a-67c5-4119-a3e4-c821cdfe94f7,RECEIVE,DATA,452,1060,""
1620.949,receiver,19d2c58a-67c5-4119-a3e4-c821cdfe94f7,EMIT,ACK,438,36,""
1620.953,receiver,19d2c58a-67c5-4119-a3e4-c821cdfe94f7,OUT_OF_ORDER,DATA,452,0,"arrived before missing sequence=441"
1620.956,receiver,19d2c58a-67c5-4119-a3e4-c821cdfe94f7,ACCEPT_DATA,DATA,452,1024,"unique file bytes received"
1620.959,receiver,19d2c58a-67c5-4119-a3e4-c821cdfe94f7,SEND,ACK,452,36,""
1620.967,receiver,19d2c58a-67c5-4119-a3e4-c821cdfe94f7,EMIT,ACK,434,36,""
1620.971,receiver,19d2c58a-67c5-4119-a3e4-c821cdfe94f7,RECEIVE,DATA,449,1060,""
1620.974,receiver,19d2c58a-67c5-4119-a3e4-c821cdfe94f7,OUT_OF_ORDER,DATA,449,0,"arrived before missing sequence=441"
1620.977,receiver,19d2c58a-67c5-4119-a3e4-c821cdfe94f7,ACCEPT_DATA,DATA,449,1024,"unique file bytes received"
1620.980,receiver,19d2c58a-67c5-4119-a3e4-c821cdfe94f7,SEND,ACK,449,36,""
1620.986,receiver,19d2c58a-67c5-4119-a3e4-c821cdfe94f7,RECEIVE,DATA,451,1060,""
1620.989,receiver,19d2c58a-67c5-4119-a3e4-c821cdfe94f7,OUT_OF_ORDER,DATA,451,0,"arrived before missing sequence=441"
1620.992,receiver,19d2c58a-67c5-4119-a3e4-c821cdfe94f7,ACCEPT_DATA,DATA,451,1024,"unique file bytes received"
1620.995,receiver,19d2c58a-67c5-4119-a3e4-c821cdfe94f7,SEND,ACK,451,36,""
1621.000,receiver,19d2c58a-67c5-4119-a3e4-c821cdfe94f7,RECEIVE,DATA,450,1060,""
1621.004,receiver,19d2c58a-67c5-4119-a3e4-c821cdfe94f7,OUT_OF_ORDER,DATA,450,0,"arrived before missing sequence=441"
1621.006,receiver,19d2c58a-67c5-4119-a3e4-c821cdfe94f7,ACCEPT_DATA,DATA,450,1024,"unique file bytes received"
1621.009,receiver,19d2c58a-67c5-4119-a3e4-c821cdfe94f7,SEND,ACK,450,36,""
1621.015,receiver,19d2c58a-67c5-4119-a3e4-c821cdfe94f7,RECEIVE,DATA,441,1060,""
1621.018,receiver,19d2c58a-67c5-4119-a3e4-c821cdfe94f7,ACCEPT_DATA,DATA,441,1024,"unique file bytes received"
1621.021,receiver,19d2c58a-67c5-4119-a3e4-c821cdfe94f7,SEND,ACK,441,36,""
1621.027,receiver,19d2c58a-67c5-4119-a3e4-c821cdfe94f7,RECEIVE,DATA,442,1060,""
1621.030,receiver,19d2c58a-67c5-4119-a3e4-c821cdfe94f7,ACCEPT_DATA,DATA,442,1024,"unique file bytes received"
1621.033,receiver,19d2c58a-67c5-4119-a3e4-c821cdfe94f7,SEND,ACK,442,36,""
1621.039,receiver,19d2c58a-67c5-4119-a3e4-c821cdfe94f7,RECEIVE,DATA,461,1060,""
1621.042,receiver,19d2c58a-67c5-4119-a3e4-c821cdfe94f7,OUT_OF_ORDER,DATA,461,0,"arrived before missing sequence=443"
1621.045,receiver,19d2c58a-67c5-4119-a3e4-c821cdfe94f7,ACCEPT_DATA,DATA,461,1024,"unique file bytes received"
1621.047,receiver,19d2c58a-67c5-4119-a3e4-c821cdfe94f7,SEND,ACK,461,36,""
1621.053,receiver,19d2c58a-67c5-4119-a3e4-c821cdfe94f7,RECEIVE,DATA,455,1060,""
1621.056,receiver,19d2c58a-67c5-4119-a3e4-c821cdfe94f7,OUT_OF_ORDER,DATA,455,0,"arrived before missing sequence=443"
1621.059,receiver,19d2c58a-67c5-4119-a3e4-c821cdfe94f7,ACCEPT_DATA,DATA,455,1024,"unique file bytes received"
1621.062,receiver,19d2c58a-67c5-4119-a3e4-c821cdfe94f7,SEND,ACK,455,36,""
1636.320,receiver,19d2c58a-67c5-4119-a3e4-c821cdfe94f7,EMIT,ACK,435,36,""
1636.356,receiver,19d2c58a-67c5-4119-a3e4-c821cdfe94f7,EMIT,ACK,436,36,""
1636.364,receiver,19d2c58a-67c5-4119-a3e4-c821cdfe94f7,EMIT,ACK,437,36,""
1636.691,receiver,19d2c58a-67c5-4119-a3e4-c821cdfe94f7,RECEIVE,DATA,464,1060,""
1636.702,receiver,19d2c58a-67c5-4119-a3e4-c821cdfe94f7,OUT_OF_ORDER,DATA,464,0,"arrived before missing sequence=443"
1636.705,receiver,19d2c58a-67c5-4119-a3e4-c821cdfe94f7,ACCEPT_DATA,DATA,464,1024,"unique file bytes received"
1636.708,receiver,19d2c58a-67c5-4119-a3e4-c821cdfe94f7,SEND,ACK,464,36,""
1636.723,receiver,19d2c58a-67c5-4119-a3e4-c821cdfe94f7,RECEIVE,DATA,443,1060,""
1636.726,receiver,19d2c58a-67c5-4119-a3e4-c821cdfe94f7,ACCEPT_DATA,DATA,443,1024,"unique file bytes received"
1636.728,receiver,19d2c58a-67c5-4119-a3e4-c821cdfe94f7,SEND,ACK,443,36,""
1636.733,receiver,19d2c58a-67c5-4119-a3e4-c821cdfe94f7,RECEIVE,DATA,445,1060,""
1636.736,receiver,19d2c58a-67c5-4119-a3e4-c821cdfe94f7,ACCEPT_DATA,DATA,445,1024,"unique file bytes received"
1636.738,receiver,19d2c58a-67c5-4119-a3e4-c821cdfe94f7,SEND,ACK,445,36,""
1636.742,receiver,19d2c58a-67c5-4119-a3e4-c821cdfe94f7,RECEIVE,DATA,462,1060,""
1636.744,receiver,19d2c58a-67c5-4119-a3e4-c821cdfe94f7,OUT_OF_ORDER,DATA,462,0,"arrived before missing sequence=456"
1636.747,receiver,19d2c58a-67c5-4119-a3e4-c821cdfe94f7,ACCEPT_DATA,DATA,462,1024,"unique file bytes received"
1636.749,receiver,19d2c58a-67c5-4119-a3e4-c821cdfe94f7,SEND,ACK,462,36,""
1636.753,receiver,19d2c58a-67c5-4119-a3e4-c821cdfe94f7,RECEIVE,DATA,459,1060,""
1636.755,receiver,19d2c58a-67c5-4119-a3e4-c821cdfe94f7,OUT_OF_ORDER,DATA,459,0,"arrived before missing sequence=456"
1636.758,receiver,19d2c58a-67c5-4119-a3e4-c821cdfe94f7,ACCEPT_DATA,DATA,459,1024,"unique file bytes received"
1636.760,receiver,19d2c58a-67c5-4119-a3e4-c821cdfe94f7,SEND,ACK,459,36,""
1636.764,receiver,19d2c58a-67c5-4119-a3e4-c821cdfe94f7,RECEIVE,DATA,456,1060,""
1636.766,receiver,19d2c58a-67c5-4119-a3e4-c821cdfe94f7,ACCEPT_DATA,DATA,456,1024,"unique file bytes received"
1636.768,receiver,19d2c58a-67c5-4119-a3e4-c821cdfe94f7,SEND,ACK,456,36,""
1636.773,receiver,19d2c58a-67c5-4119-a3e4-c821cdfe94f7,RECEIVE,DATA,460,1060,""
1636.775,receiver,19d2c58a-67c5-4119-a3e4-c821cdfe94f7,OUT_OF_ORDER,DATA,460,0,"arrived before missing sequence=457"
1636.777,receiver,19d2c58a-67c5-4119-a3e4-c821cdfe94f7,ACCEPT_DATA,DATA,460,1024,"unique file bytes received"
1636.779,receiver,19d2c58a-67c5-4119-a3e4-c821cdfe94f7,SEND,ACK,460,36,""
1636.783,receiver,19d2c58a-67c5-4119-a3e4-c821cdfe94f7,RECEIVE,DATA,463,1060,""
1636.785,receiver,19d2c58a-67c5-4119-a3e4-c821cdfe94f7,OUT_OF_ORDER,DATA,463,0,"arrived before missing sequence=457"
1636.787,receiver,19d2c58a-67c5-4119-a3e4-c821cdfe94f7,ACCEPT_DATA,DATA,463,1024,"unique file bytes received"
1636.789,receiver,19d2c58a-67c5-4119-a3e4-c821cdfe94f7,SEND,ACK,463,36,""
1636.794,receiver,19d2c58a-67c5-4119-a3e4-c821cdfe94f7,RECEIVE,DATA,457,1060,""
1636.796,receiver,19d2c58a-67c5-4119-a3e4-c821cdfe94f7,ACCEPT_DATA,DATA,457,1024,"unique file bytes received"
1636.798,receiver,19d2c58a-67c5-4119-a3e4-c821cdfe94f7,SEND,ACK,457,36,""
1652.302,receiver,19d2c58a-67c5-4119-a3e4-c821cdfe94f7,RECEIVE,DATA,458,1060,""
1652.319,receiver,19d2c58a-67c5-4119-a3e4-c821cdfe94f7,ACCEPT_DATA,DATA,458,1024,"unique file bytes received"
1652.323,receiver,19d2c58a-67c5-4119-a3e4-c821cdfe94f7,SEND,ACK,458,36,""
1652.346,receiver,19d2c58a-67c5-4119-a3e4-c821cdfe94f7,RECEIVE,DATA,465,1060,""
1652.349,receiver,19d2c58a-67c5-4119-a3e4-c821cdfe94f7,ACCEPT_DATA,DATA,465,1024,"unique file bytes received"
1652.352,receiver,19d2c58a-67c5-4119-a3e4-c821cdfe94f7,SEND,ACK,465,36,""
1652.358,receiver,19d2c58a-67c5-4119-a3e4-c821cdfe94f7,RECEIVE,DATA,466,1060,""
1652.362,receiver,19d2c58a-67c5-4119-a3e4-c821cdfe94f7,ACCEPT_DATA,DATA,466,1024,"unique file bytes received"
1652.365,receiver,19d2c58a-67c5-4119-a3e4-c821cdfe94f7,SEND,ACK,466,36,""
1652.367,receiver,19d2c58a-67c5-4119-a3e4-c821cdfe94f7,EMIT,ACK,446,36,""
1652.387,receiver,19d2c58a-67c5-4119-a3e4-c821cdfe94f7,EMIT,ACK,447,36,""
1652.396,receiver,19d2c58a-67c5-4119-a3e4-c821cdfe94f7,EMIT,ACK,444,36,""
1652.405,receiver,19d2c58a-67c5-4119-a3e4-c821cdfe94f7,EMIT,ACK,455,36,""
1652.423,receiver,19d2c58a-67c5-4119-a3e4-c821cdfe94f7,EMIT,ACK,449,36,""
1652.431,receiver,19d2c58a-67c5-4119-a3e4-c821cdfe94f7,EMIT,ACK,453,36,""
1668.543,receiver,19d2c58a-67c5-4119-a3e4-c821cdfe94f7,RECEIVE,DATA,469,1060,""
1668.555,receiver,19d2c58a-67c5-4119-a3e4-c821cdfe94f7,EMIT,ACK,454,36,""
1668.568,receiver,19d2c58a-67c5-4119-a3e4-c821cdfe94f7,OUT_OF_ORDER,DATA,469,0,"arrived before missing sequence=467"
1668.619,receiver,19d2c58a-67c5-4119-a3e4-c821cdfe94f7,ACCEPT_DATA,DATA,469,1024,"unique file bytes received"
1668.623,receiver,19d2c58a-67c5-4119-a3e4-c821cdfe94f7,SEND,ACK,469,36,""
1668.630,receiver,19d2c58a-67c5-4119-a3e4-c821cdfe94f7,EMIT,ACK,439,36,""
1668.677,receiver,19d2c58a-67c5-4119-a3e4-c821cdfe94f7,EMIT,ACK,452,36,""
1668.688,receiver,19d2c58a-67c5-4119-a3e4-c821cdfe94f7,EMIT,ACK,441,36,""
1668.698,receiver,19d2c58a-67c5-4119-a3e4-c821cdfe94f7,EMIT,ACK,442,36,""
1668.705,receiver,19d2c58a-67c5-4119-a3e4-c821cdfe94f7,EMIT,ACK,451,36,""
1668.712,receiver,19d2c58a-67c5-4119-a3e4-c821cdfe94f7,EMIT,ACK,461,36,""
1668.719,receiver,19d2c58a-67c5-4119-a3e4-c821cdfe94f7,EMIT,ACK,440,36,""
1668.726,receiver,19d2c58a-67c5-4119-a3e4-c821cdfe94f7,EMIT,ACK,456,36,""
1668.733,receiver,19d2c58a-67c5-4119-a3e4-c821cdfe94f7,EMIT,ACK,450,36,""
1684.831,receiver,19d2c58a-67c5-4119-a3e4-c821cdfe94f7,RECEIVE,DATA,470,1060,""
1684.865,receiver,19d2c58a-67c5-4119-a3e4-c821cdfe94f7,EMIT,ACK,448,36,""
1684.876,receiver,19d2c58a-67c5-4119-a3e4-c821cdfe94f7,OUT_OF_ORDER,DATA,470,0,"arrived before missing sequence=467"
1684.887,receiver,19d2c58a-67c5-4119-a3e4-c821cdfe94f7,EMIT,ACK,457,36,""
1684.891,receiver,19d2c58a-67c5-4119-a3e4-c821cdfe94f7,ACCEPT_DATA,DATA,470,1024,"unique file bytes received"
1684.900,receiver,19d2c58a-67c5-4119-a3e4-c821cdfe94f7,EMIT,ACK,459,36,""
1684.903,receiver,19d2c58a-67c5-4119-a3e4-c821cdfe94f7,SEND,ACK,470,36,""
1684.911,receiver,19d2c58a-67c5-4119-a3e4-c821cdfe94f7,EMIT,ACK,445,36,""
1684.938,receiver,19d2c58a-67c5-4119-a3e4-c821cdfe94f7,EMIT,ACK,463,36,""
1684.947,receiver,19d2c58a-67c5-4119-a3e4-c821cdfe94f7,EMIT,ACK,443,36,""
1684.955,receiver,19d2c58a-67c5-4119-a3e4-c821cdfe94f7,RECEIVE,DATA,467,1060,""
1684.964,receiver,19d2c58a-67c5-4119-a3e4-c821cdfe94f7,EMIT,ACK,464,36,""
1684.968,receiver,19d2c58a-67c5-4119-a3e4-c821cdfe94f7,ACCEPT_DATA,DATA,467,1024,"unique file bytes received"
1684.976,receiver,19d2c58a-67c5-4119-a3e4-c821cdfe94f7,EMIT,ACK,462,36,""
1684.979,receiver,19d2c58a-67c5-4119-a3e4-c821cdfe94f7,SEND,ACK,467,36,""
1700.461,receiver,19d2c58a-67c5-4119-a3e4-c821cdfe94f7,EMIT,ACK,460,36,""
1700.543,receiver,19d2c58a-67c5-4119-a3e4-c821cdfe94f7,EMIT,ACK,466,36,""
1700.552,receiver,19d2c58a-67c5-4119-a3e4-c821cdfe94f7,EMIT,ACK,458,36,""
1700.561,receiver,19d2c58a-67c5-4119-a3e4-c821cdfe94f7,EMIT,ACK,465,36,""
1700.570,receiver,19d2c58a-67c5-4119-a3e4-c821cdfe94f7,EMIT,ACK,469,36,""
1700.870,receiver,19d2c58a-67c5-4119-a3e4-c821cdfe94f7,RECEIVE,DATA,468,1060,""
1700.890,receiver,19d2c58a-67c5-4119-a3e4-c821cdfe94f7,ACCEPT_DATA,DATA,468,1024,"unique file bytes received"
1700.894,receiver,19d2c58a-67c5-4119-a3e4-c821cdfe94f7,SEND,ACK,468,36,""
1700.911,receiver,19d2c58a-67c5-4119-a3e4-c821cdfe94f7,RECEIVE,DATA,471,1060,""
1700.915,receiver,19d2c58a-67c5-4119-a3e4-c821cdfe94f7,ACCEPT_DATA,DATA,471,1024,"unique file bytes received"
1700.918,receiver,19d2c58a-67c5-4119-a3e4-c821cdfe94f7,SEND,ACK,471,36,""
1700.924,receiver,19d2c58a-67c5-4119-a3e4-c821cdfe94f7,RECEIVE,DATA,474,1060,""
1700.927,receiver,19d2c58a-67c5-4119-a3e4-c821cdfe94f7,OUT_OF_ORDER,DATA,474,0,"arrived before missing sequence=472"
1700.930,receiver,19d2c58a-67c5-4119-a3e4-c821cdfe94f7,ACCEPT_DATA,DATA,474,1024,"unique file bytes received"
1700.932,receiver,19d2c58a-67c5-4119-a3e4-c821cdfe94f7,SEND,ACK,474,36,""
1716.368,receiver,19d2c58a-67c5-4119-a3e4-c821cdfe94f7,EMIT,ACK,470,36,""
1716.452,receiver,19d2c58a-67c5-4119-a3e4-c821cdfe94f7,RECEIVE,DATA,472,1060,""
1716.466,receiver,19d2c58a-67c5-4119-a3e4-c821cdfe94f7,ACCEPT_DATA,DATA,472,1024,"unique file bytes received"
1716.471,receiver,19d2c58a-67c5-4119-a3e4-c821cdfe94f7,SEND,ACK,472,36,""
1716.492,receiver,19d2c58a-67c5-4119-a3e4-c821cdfe94f7,RECEIVE,DATA,473,1060,""
1716.496,receiver,19d2c58a-67c5-4119-a3e4-c821cdfe94f7,ACCEPT_DATA,DATA,473,1024,"unique file bytes received"
1716.499,receiver,19d2c58a-67c5-4119-a3e4-c821cdfe94f7,SEND,ACK,473,36,""
1716.505,receiver,19d2c58a-67c5-4119-a3e4-c821cdfe94f7,RECEIVE,DATA,479,1060,""
1716.509,receiver,19d2c58a-67c5-4119-a3e4-c821cdfe94f7,OUT_OF_ORDER,DATA,479,0,"arrived before missing sequence=475"
1716.512,receiver,19d2c58a-67c5-4119-a3e4-c821cdfe94f7,ACCEPT_DATA,DATA,479,1024,"unique file bytes received"
1716.515,receiver,19d2c58a-67c5-4119-a3e4-c821cdfe94f7,SEND,ACK,479,36,""
1732.247,receiver,19d2c58a-67c5-4119-a3e4-c821cdfe94f7,RECEIVE,DATA,477,1060,""
1732.272,receiver,19d2c58a-67c5-4119-a3e4-c821cdfe94f7,OUT_OF_ORDER,DATA,477,0,"arrived before missing sequence=475"
1732.276,receiver,19d2c58a-67c5-4119-a3e4-c821cdfe94f7,ACCEPT_DATA,DATA,477,1024,"unique file bytes received"
1732.280,receiver,19d2c58a-67c5-4119-a3e4-c821cdfe94f7,SEND,ACK,477,36,""
1732.298,receiver,19d2c58a-67c5-4119-a3e4-c821cdfe94f7,RECEIVE,DATA,481,1060,""
1732.301,receiver,19d2c58a-67c5-4119-a3e4-c821cdfe94f7,OUT_OF_ORDER,DATA,481,0,"arrived before missing sequence=475"
1732.304,receiver,19d2c58a-67c5-4119-a3e4-c821cdfe94f7,ACCEPT_DATA,DATA,481,1024,"unique file bytes received"
1732.307,receiver,19d2c58a-67c5-4119-a3e4-c821cdfe94f7,SEND,ACK,481,36,""
1732.312,receiver,19d2c58a-67c5-4119-a3e4-c821cdfe94f7,RECEIVE,DATA,485,1060,""
1732.315,receiver,19d2c58a-67c5-4119-a3e4-c821cdfe94f7,OUT_OF_ORDER,DATA,485,0,"arrived before missing sequence=475"
1732.318,receiver,19d2c58a-67c5-4119-a3e4-c821cdfe94f7,ACCEPT_DATA,DATA,485,1024,"unique file bytes received"
1732.320,receiver,19d2c58a-67c5-4119-a3e4-c821cdfe94f7,SEND,ACK,485,36,""
1732.326,receiver,19d2c58a-67c5-4119-a3e4-c821cdfe94f7,RECEIVE,DATA,476,1060,""
1732.329,receiver,19d2c58a-67c5-4119-a3e4-c821cdfe94f7,OUT_OF_ORDER,DATA,476,0,"arrived before missing sequence=475"
1732.335,receiver,19d2c58a-67c5-4119-a3e4-c821cdfe94f7,ACCEPT_DATA,DATA,476,1024,"unique file bytes received"
1732.337,receiver,19d2c58a-67c5-4119-a3e4-c821cdfe94f7,SEND,ACK,476,36,""
1732.342,receiver,19d2c58a-67c5-4119-a3e4-c821cdfe94f7,RECEIVE,DATA,482,1060,""
1732.345,receiver,19d2c58a-67c5-4119-a3e4-c821cdfe94f7,OUT_OF_ORDER,DATA,482,0,"arrived before missing sequence=475"
1732.348,receiver,19d2c58a-67c5-4119-a3e4-c821cdfe94f7,ACCEPT_DATA,DATA,482,1024,"unique file bytes received"
1732.350,receiver,19d2c58a-67c5-4119-a3e4-c821cdfe94f7,SEND,ACK,482,36,""
1732.355,receiver,19d2c58a-67c5-4119-a3e4-c821cdfe94f7,RECEIVE,DATA,478,1060,""
1732.358,receiver,19d2c58a-67c5-4119-a3e4-c821cdfe94f7,OUT_OF_ORDER,DATA,478,0,"arrived before missing sequence=475"
1732.361,receiver,19d2c58a-67c5-4119-a3e4-c821cdfe94f7,ACCEPT_DATA,DATA,478,1024,"unique file bytes received"
1732.363,receiver,19d2c58a-67c5-4119-a3e4-c821cdfe94f7,SEND,ACK,478,36,""
1732.368,receiver,19d2c58a-67c5-4119-a3e4-c821cdfe94f7,RECEIVE,DATA,489,1060,""
1732.371,receiver,19d2c58a-67c5-4119-a3e4-c821cdfe94f7,OUT_OF_ORDER,DATA,489,0,"arrived before missing sequence=475"
1732.374,receiver,19d2c58a-67c5-4119-a3e4-c821cdfe94f7,ACCEPT_DATA,DATA,489,1024,"unique file bytes received"
1732.376,receiver,19d2c58a-67c5-4119-a3e4-c821cdfe94f7,SEND,ACK,489,36,""
1732.381,receiver,19d2c58a-67c5-4119-a3e4-c821cdfe94f7,RECEIVE,DATA,488,1060,""
1732.384,receiver,19d2c58a-67c5-4119-a3e4-c821cdfe94f7,OUT_OF_ORDER,DATA,488,0,"arrived before missing sequence=475"
1732.387,receiver,19d2c58a-67c5-4119-a3e4-c821cdfe94f7,ACCEPT_DATA,DATA,488,1024,"unique file bytes received"
1732.389,receiver,19d2c58a-67c5-4119-a3e4-c821cdfe94f7,SEND,ACK,488,36,""
1732.394,receiver,19d2c58a-67c5-4119-a3e4-c821cdfe94f7,RECEIVE,DATA,480,1060,""
1732.397,receiver,19d2c58a-67c5-4119-a3e4-c821cdfe94f7,OUT_OF_ORDER,DATA,480,0,"arrived before missing sequence=475"
1732.400,receiver,19d2c58a-67c5-4119-a3e4-c821cdfe94f7,ACCEPT_DATA,DATA,480,1024,"unique file bytes received"
1732.402,receiver,19d2c58a-67c5-4119-a3e4-c821cdfe94f7,SEND,ACK,480,36,""
1732.407,receiver,19d2c58a-67c5-4119-a3e4-c821cdfe94f7,RECEIVE,DATA,497,1060,""
1732.410,receiver,19d2c58a-67c5-4119-a3e4-c821cdfe94f7,OUT_OF_ORDER,DATA,497,0,"arrived before missing sequence=475"
1732.412,receiver,19d2c58a-67c5-4119-a3e4-c821cdfe94f7,ACCEPT_DATA,DATA,497,1024,"unique file bytes received"
1732.415,receiver,19d2c58a-67c5-4119-a3e4-c821cdfe94f7,SEND,ACK,497,36,""
1732.469,receiver,19d2c58a-67c5-4119-a3e4-c821cdfe94f7,RECEIVE,DATA,487,1060,""
1732.472,receiver,19d2c58a-67c5-4119-a3e4-c821cdfe94f7,OUT_OF_ORDER,DATA,487,0,"arrived before missing sequence=475"
1732.475,receiver,19d2c58a-67c5-4119-a3e4-c821cdfe94f7,ACCEPT_DATA,DATA,487,1024,"unique file bytes received"
1732.477,receiver,19d2c58a-67c5-4119-a3e4-c821cdfe94f7,SEND,ACK,487,36,""
1732.482,receiver,19d2c58a-67c5-4119-a3e4-c821cdfe94f7,RECEIVE,DATA,486,1060,""
1732.484,receiver,19d2c58a-67c5-4119-a3e4-c821cdfe94f7,OUT_OF_ORDER,DATA,486,0,"arrived before missing sequence=475"
1732.487,receiver,19d2c58a-67c5-4119-a3e4-c821cdfe94f7,ACCEPT_DATA,DATA,486,1024,"unique file bytes received"
1732.489,receiver,19d2c58a-67c5-4119-a3e4-c821cdfe94f7,SEND,ACK,486,36,""
1747.229,receiver,19d2c58a-67c5-4119-a3e4-c821cdfe94f7,RECEIVE,DATA,498,1060,""
1747.244,receiver,19d2c58a-67c5-4119-a3e4-c821cdfe94f7,OUT_OF_ORDER,DATA,498,0,"arrived before missing sequence=475"
1747.248,receiver,19d2c58a-67c5-4119-a3e4-c821cdfe94f7,ACCEPT_DATA,DATA,498,1024,"unique file bytes received"
1747.250,receiver,19d2c58a-67c5-4119-a3e4-c821cdfe94f7,SEND,ACK,498,36,""
1747.264,receiver,19d2c58a-67c5-4119-a3e4-c821cdfe94f7,RECEIVE,DATA,483,1060,""
1747.266,receiver,19d2c58a-67c5-4119-a3e4-c821cdfe94f7,OUT_OF_ORDER,DATA,483,0,"arrived before missing sequence=475"
1747.269,receiver,19d2c58a-67c5-4119-a3e4-c821cdfe94f7,ACCEPT_DATA,DATA,483,1024,"unique file bytes received"
1747.271,receiver,19d2c58a-67c5-4119-a3e4-c821cdfe94f7,SEND,ACK,483,36,""
1747.277,receiver,19d2c58a-67c5-4119-a3e4-c821cdfe94f7,RECEIVE,DATA,484,1060,""
1747.279,receiver,19d2c58a-67c5-4119-a3e4-c821cdfe94f7,OUT_OF_ORDER,DATA,484,0,"arrived before missing sequence=475"
1747.288,receiver,19d2c58a-67c5-4119-a3e4-c821cdfe94f7,ACCEPT_DATA,DATA,484,1024,"unique file bytes received"
1747.291,receiver,19d2c58a-67c5-4119-a3e4-c821cdfe94f7,SEND,ACK,484,36,""
1747.297,receiver,19d2c58a-67c5-4119-a3e4-c821cdfe94f7,RECEIVE,DATA,491,1060,""
1747.300,receiver,19d2c58a-67c5-4119-a3e4-c821cdfe94f7,OUT_OF_ORDER,DATA,491,0,"arrived before missing sequence=475"
1747.303,receiver,19d2c58a-67c5-4119-a3e4-c821cdfe94f7,ACCEPT_DATA,DATA,491,1024,"unique file bytes received"
1747.305,receiver,19d2c58a-67c5-4119-a3e4-c821cdfe94f7,SEND,ACK,491,36,""
1747.311,receiver,19d2c58a-67c5-4119-a3e4-c821cdfe94f7,RECEIVE,DATA,493,1060,""
1747.314,receiver,19d2c58a-67c5-4119-a3e4-c821cdfe94f7,OUT_OF_ORDER,DATA,493,0,"arrived before missing sequence=475"
1747.317,receiver,19d2c58a-67c5-4119-a3e4-c821cdfe94f7,EMIT,ACK,468,36,""
1747.327,receiver,19d2c58a-67c5-4119-a3e4-c821cdfe94f7,ACCEPT_DATA,DATA,493,1024,"unique file bytes received"
1747.330,receiver,19d2c58a-67c5-4119-a3e4-c821cdfe94f7,SEND,ACK,493,36,""
1747.336,receiver,19d2c58a-67c5-4119-a3e4-c821cdfe94f7,RECEIVE,DATA,475,1060,""
1747.339,receiver,19d2c58a-67c5-4119-a3e4-c821cdfe94f7,EMIT,ACK,474,36,""
1747.343,receiver,19d2c58a-67c5-4119-a3e4-c821cdfe94f7,ACCEPT_DATA,DATA,475,1024,"unique file bytes received"
1747.346,receiver,19d2c58a-67c5-4119-a3e4-c821cdfe94f7,SEND,ACK,475,36,""
1747.349,receiver,19d2c58a-67c5-4119-a3e4-c821cdfe94f7,EMIT,ACK,467,36,""
1747.353,receiver,19d2c58a-67c5-4119-a3e4-c821cdfe94f7,RECEIVE,DATA,495,1060,""
1747.356,receiver,19d2c58a-67c5-4119-a3e4-c821cdfe94f7,OUT_OF_ORDER,DATA,495,0,"arrived before missing sequence=490"
1747.359,receiver,19d2c58a-67c5-4119-a3e4-c821cdfe94f7,EMIT,ACK,471,36,""
1747.374,receiver,19d2c58a-67c5-4119-a3e4-c821cdfe94f7,ACCEPT_DATA,DATA,495,1024,"unique file bytes received"
1747.377,receiver,19d2c58a-67c5-4119-a3e4-c821cdfe94f7,SEND,ACK,495,36,""
1747.379,receiver,19d2c58a-67c5-4119-a3e4-c821cdfe94f7,EMIT,ACK,479,36,""
1747.382,receiver,19d2c58a-67c5-4119-a3e4-c821cdfe94f7,RECEIVE,DATA,490,1060,""
1747.385,receiver,19d2c58a-67c5-4119-a3e4-c821cdfe94f7,ACCEPT_DATA,DATA,490,1024,"unique file bytes received"
1747.387,receiver,19d2c58a-67c5-4119-a3e4-c821cdfe94f7,SEND,ACK,490,36,""
1747.392,receiver,19d2c58a-67c5-4119-a3e4-c821cdfe94f7,RECEIVE,DATA,492,1060,""
1747.395,receiver,19d2c58a-67c5-4119-a3e4-c821cdfe94f7,ACCEPT_DATA,DATA,492,1024,"unique file bytes received"
1747.397,receiver,19d2c58a-67c5-4119-a3e4-c821cdfe94f7,SEND,ACK,492,36,""
1747.402,receiver,19d2c58a-67c5-4119-a3e4-c821cdfe94f7,RECEIVE,DATA,496,1060,""
1747.405,receiver,19d2c58a-67c5-4119-a3e4-c821cdfe94f7,OUT_OF_ORDER,DATA,496,0,"arrived before missing sequence=494"
1747.407,receiver,19d2c58a-67c5-4119-a3e4-c821cdfe94f7,ACCEPT_DATA,DATA,496,1024,"unique file bytes received"
1747.410,receiver,19d2c58a-67c5-4119-a3e4-c821cdfe94f7,SEND,ACK,496,36,""
1763.111,receiver,19d2c58a-67c5-4119-a3e4-c821cdfe94f7,RECEIVE,DATA,494,1060,""
1763.124,receiver,19d2c58a-67c5-4119-a3e4-c821cdfe94f7,EMIT,ACK,473,36,""
1763.134,receiver,19d2c58a-67c5-4119-a3e4-c821cdfe94f7,ACCEPT_DATA,DATA,494,1024,"unique file bytes received"
1763.138,receiver,19d2c58a-67c5-4119-a3e4-c821cdfe94f7,SEND,ACK,494,36,""
1763.144,receiver,19d2c58a-67c5-4119-a3e4-c821cdfe94f7,EMIT,ACK,472,36,""
1763.155,receiver,19d2c58a-67c5-4119-a3e4-c821cdfe94f7,EMIT,ACK,482,36,""
1763.164,receiver,19d2c58a-67c5-4119-a3e4-c821cdfe94f7,EMIT,ACK,497,36,""
1763.172,receiver,19d2c58a-67c5-4119-a3e4-c821cdfe94f7,EMIT,ACK,487,36,""
1763.180,receiver,19d2c58a-67c5-4119-a3e4-c821cdfe94f7,EMIT,ACK,488,36,""
1778.535,receiver,19d2c58a-67c5-4119-a3e4-c821cdfe94f7,EMIT,ACK,489,36,""
1778.560,receiver,19d2c58a-67c5-4119-a3e4-c821cdfe94f7,EMIT,ACK,481,36,""
1778.568,receiver,19d2c58a-67c5-4119-a3e4-c821cdfe94f7,EMIT,ACK,480,36,""
1778.574,receiver,19d2c58a-67c5-4119-a3e4-c821cdfe94f7,EMIT,ACK,485,36,""
1778.580,receiver,19d2c58a-67c5-4119-a3e4-c821cdfe94f7,EMIT,ACK,498,36,""
1778.587,receiver,19d2c58a-67c5-4119-a3e4-c821cdfe94f7,EMIT,ACK,491,36,""
1778.593,receiver,19d2c58a-67c5-4119-a3e4-c821cdfe94f7,EMIT,ACK,476,36,""
1778.600,receiver,19d2c58a-67c5-4119-a3e4-c821cdfe94f7,EMIT,ACK,496,36,""
1794.367,receiver,19d2c58a-67c5-4119-a3e4-c821cdfe94f7,EMIT,ACK,477,36,""
1794.427,receiver,19d2c58a-67c5-4119-a3e4-c821cdfe94f7,EMIT,ACK,483,36,""
1794.451,receiver,19d2c58a-67c5-4119-a3e4-c821cdfe94f7,EMIT,ACK,484,36,""
1794.473,receiver,19d2c58a-67c5-4119-a3e4-c821cdfe94f7,EMIT,ACK,478,36,""
1794.495,receiver,19d2c58a-67c5-4119-a3e4-c821cdfe94f7,EMIT,ACK,486,36,""
1794.518,receiver,19d2c58a-67c5-4119-a3e4-c821cdfe94f7,EMIT,ACK,493,36,""
1794.543,receiver,19d2c58a-67c5-4119-a3e4-c821cdfe94f7,EMIT,ACK,492,36,""
1794.567,receiver,19d2c58a-67c5-4119-a3e4-c821cdfe94f7,EMIT,ACK,495,36,""
1794.592,receiver,19d2c58a-67c5-4119-a3e4-c821cdfe94f7,EMIT,ACK,490,36,""
1794.691,receiver,19d2c58a-67c5-4119-a3e4-c821cdfe94f7,RECEIVE,DATA,500,1060,""
1794.704,receiver,19d2c58a-67c5-4119-a3e4-c821cdfe94f7,OUT_OF_ORDER,DATA,500,0,"arrived before missing sequence=499"
1794.708,receiver,19d2c58a-67c5-4119-a3e4-c821cdfe94f7,ACCEPT_DATA,DATA,500,1024,"unique file bytes received"
1794.711,receiver,19d2c58a-67c5-4119-a3e4-c821cdfe94f7,SEND,ACK,500,36,""
1794.725,receiver,19d2c58a-67c5-4119-a3e4-c821cdfe94f7,RECEIVE,DATA,501,1060,""
1794.728,receiver,19d2c58a-67c5-4119-a3e4-c821cdfe94f7,OUT_OF_ORDER,DATA,501,0,"arrived before missing sequence=499"
1794.731,receiver,19d2c58a-67c5-4119-a3e4-c821cdfe94f7,ACCEPT_DATA,DATA,501,1024,"unique file bytes received"
1794.733,receiver,19d2c58a-67c5-4119-a3e4-c821cdfe94f7,SEND,ACK,501,36,""
1794.743,receiver,19d2c58a-67c5-4119-a3e4-c821cdfe94f7,RECEIVE,DATA,499,1060,""
1794.746,receiver,19d2c58a-67c5-4119-a3e4-c821cdfe94f7,ACCEPT_DATA,DATA,499,1024,"unique file bytes received"
1794.749,receiver,19d2c58a-67c5-4119-a3e4-c821cdfe94f7,SEND,ACK,499,36,""
1794.755,receiver,19d2c58a-67c5-4119-a3e4-c821cdfe94f7,RECEIVE,DATA,503,1060,""
1794.758,receiver,19d2c58a-67c5-4119-a3e4-c821cdfe94f7,OUT_OF_ORDER,DATA,503,0,"arrived before missing sequence=502"
1794.761,receiver,19d2c58a-67c5-4119-a3e4-c821cdfe94f7,ACCEPT_DATA,DATA,503,1024,"unique file bytes received"
1794.763,receiver,19d2c58a-67c5-4119-a3e4-c821cdfe94f7,SEND,ACK,503,36,""
1794.769,receiver,19d2c58a-67c5-4119-a3e4-c821cdfe94f7,RECEIVE,DATA,504,1060,""
1794.808,receiver,19d2c58a-67c5-4119-a3e4-c821cdfe94f7,OUT_OF_ORDER,DATA,504,0,"arrived before missing sequence=502"
1794.812,receiver,19d2c58a-67c5-4119-a3e4-c821cdfe94f7,ACCEPT_DATA,DATA,504,1024,"unique file bytes received"
1794.814,receiver,19d2c58a-67c5-4119-a3e4-c821cdfe94f7,SEND,ACK,504,36,""
1810.681,receiver,19d2c58a-67c5-4119-a3e4-c821cdfe94f7,EMIT,ACK,475,36,""
1810.737,receiver,19d2c58a-67c5-4119-a3e4-c821cdfe94f7,RECEIVE,DATA,502,1060,""
1810.769,receiver,19d2c58a-67c5-4119-a3e4-c821cdfe94f7,ACCEPT_DATA,DATA,502,1024,"unique file bytes received"
1810.772,receiver,19d2c58a-67c5-4119-a3e4-c821cdfe94f7,SEND,ACK,502,36,""
1810.785,receiver,19d2c58a-67c5-4119-a3e4-c821cdfe94f7,RECEIVE,DATA,506,1060,""
1810.788,receiver,19d2c58a-67c5-4119-a3e4-c821cdfe94f7,OUT_OF_ORDER,DATA,506,0,"arrived before missing sequence=505"
1810.790,receiver,19d2c58a-67c5-4119-a3e4-c821cdfe94f7,ACCEPT_DATA,DATA,506,1024,"unique file bytes received"
1810.793,receiver,19d2c58a-67c5-4119-a3e4-c821cdfe94f7,SEND,ACK,506,36,""
1826.537,receiver,19d2c58a-67c5-4119-a3e4-c821cdfe94f7,RECEIVE,DATA,505,1060,""
1826.580,receiver,19d2c58a-67c5-4119-a3e4-c821cdfe94f7,ACCEPT_DATA,DATA,505,1024,"unique file bytes received"
1826.590,receiver,19d2c58a-67c5-4119-a3e4-c821cdfe94f7,SEND,ACK,505,36,""
1826.818,receiver,19d2c58a-67c5-4119-a3e4-c821cdfe94f7,EMIT,ACK,494,36,""
1826.837,receiver,19d2c58a-67c5-4119-a3e4-c821cdfe94f7,EMIT,ACK,501,36,""
1826.845,receiver,19d2c58a-67c5-4119-a3e4-c821cdfe94f7,EMIT,ACK,503,36,""
1826.851,receiver,19d2c58a-67c5-4119-a3e4-c821cdfe94f7,EMIT,ACK,499,36,""
1826.857,receiver,19d2c58a-67c5-4119-a3e4-c821cdfe94f7,EMIT,ACK,500,36,""
1842.650,receiver,19d2c58a-67c5-4119-a3e4-c821cdfe94f7,RECEIVE,DATA,517,1060,""
1842.671,receiver,19d2c58a-67c5-4119-a3e4-c821cdfe94f7,OUT_OF_ORDER,DATA,517,0,"arrived before missing sequence=507"
1842.676,receiver,19d2c58a-67c5-4119-a3e4-c821cdfe94f7,ACCEPT_DATA,DATA,517,1024,"unique file bytes received"
1842.679,receiver,19d2c58a-67c5-4119-a3e4-c821cdfe94f7,SEND,ACK,517,36,""
1842.689,receiver,19d2c58a-67c5-4119-a3e4-c821cdfe94f7,EMIT,ACK,504,36,""
1842.702,receiver,19d2c58a-67c5-4119-a3e4-c821cdfe94f7,RECEIVE,DATA,518,1060,""
1842.706,receiver,19d2c58a-67c5-4119-a3e4-c821cdfe94f7,OUT_OF_ORDER,DATA,518,0,"arrived before missing sequence=507"
1842.709,receiver,19d2c58a-67c5-4119-a3e4-c821cdfe94f7,ACCEPT_DATA,DATA,518,1024,"unique file bytes received"
1842.711,receiver,19d2c58a-67c5-4119-a3e4-c821cdfe94f7,SEND,ACK,518,36,""
1842.714,receiver,19d2c58a-67c5-4119-a3e4-c821cdfe94f7,EMIT,ACK,506,36,""
1842.718,receiver,19d2c58a-67c5-4119-a3e4-c821cdfe94f7,RECEIVE,DATA,508,1060,""
1842.721,receiver,19d2c58a-67c5-4119-a3e4-c821cdfe94f7,OUT_OF_ORDER,DATA,508,0,"arrived before missing sequence=507"
1842.728,receiver,19d2c58a-67c5-4119-a3e4-c821cdfe94f7,ACCEPT_DATA,DATA,508,1024,"unique file bytes received"
1842.731,receiver,19d2c58a-67c5-4119-a3e4-c821cdfe94f7,SEND,ACK,508,36,""
1842.735,receiver,19d2c58a-67c5-4119-a3e4-c821cdfe94f7,RECEIVE,DATA,519,1060,""
1842.738,receiver,19d2c58a-67c5-4119-a3e4-c821cdfe94f7,OUT_OF_ORDER,DATA,519,0,"arrived before missing sequence=507"
1842.741,receiver,19d2c58a-67c5-4119-a3e4-c821cdfe94f7,ACCEPT_DATA,DATA,519,1024,"unique file bytes received"
1842.743,receiver,19d2c58a-67c5-4119-a3e4-c821cdfe94f7,SEND,ACK,519,36,""
1857.965,receiver,19d2c58a-67c5-4119-a3e4-c821cdfe94f7,EMIT,ACK,502,36,""
1857.996,receiver,19d2c58a-67c5-4119-a3e4-c821cdfe94f7,RECEIVE,DATA,514,1060,""
1858.008,receiver,19d2c58a-67c5-4119-a3e4-c821cdfe94f7,OUT_OF_ORDER,DATA,514,0,"arrived before missing sequence=507"
1858.012,receiver,19d2c58a-67c5-4119-a3e4-c821cdfe94f7,ACCEPT_DATA,DATA,514,1024,"unique file bytes received"
1858.015,receiver,19d2c58a-67c5-4119-a3e4-c821cdfe94f7,SEND,ACK,514,36,""
1858.028,receiver,19d2c58a-67c5-4119-a3e4-c821cdfe94f7,RECEIVE,DATA,516,1060,""
1858.031,receiver,19d2c58a-67c5-4119-a3e4-c821cdfe94f7,OUT_OF_ORDER,DATA,516,0,"arrived before missing sequence=507"
1858.033,receiver,19d2c58a-67c5-4119-a3e4-c821cdfe94f7,ACCEPT_DATA,DATA,516,1024,"unique file bytes received"
1858.036,receiver,19d2c58a-67c5-4119-a3e4-c821cdfe94f7,SEND,ACK,516,36,""
1858.052,receiver,19d2c58a-67c5-4119-a3e4-c821cdfe94f7,RECEIVE,DATA,515,1060,""
1858.066,receiver,19d2c58a-67c5-4119-a3e4-c821cdfe94f7,OUT_OF_ORDER,DATA,515,0,"arrived before missing sequence=507"
1858.079,receiver,19d2c58a-67c5-4119-a3e4-c821cdfe94f7,ACCEPT_DATA,DATA,515,1024,"unique file bytes received"
1858.090,receiver,19d2c58a-67c5-4119-a3e4-c821cdfe94f7,SEND,ACK,515,36,""
1858.116,receiver,19d2c58a-67c5-4119-a3e4-c821cdfe94f7,RECEIVE,DATA,524,1060,""
1858.130,receiver,19d2c58a-67c5-4119-a3e4-c821cdfe94f7,OUT_OF_ORDER,DATA,524,0,"arrived before missing sequence=507"
1858.133,receiver,19d2c58a-67c5-4119-a3e4-c821cdfe94f7,ACCEPT_DATA,DATA,524,1024,"unique file bytes received"
1858.135,receiver,19d2c58a-67c5-4119-a3e4-c821cdfe94f7,SEND,ACK,524,36,""
1858.140,receiver,19d2c58a-67c5-4119-a3e4-c821cdfe94f7,RECEIVE,DATA,507,1060,""
1858.142,receiver,19d2c58a-67c5-4119-a3e4-c821cdfe94f7,ACCEPT_DATA,DATA,507,1024,"unique file bytes received"
1858.144,receiver,19d2c58a-67c5-4119-a3e4-c821cdfe94f7,SEND,ACK,507,36,""
1858.149,receiver,19d2c58a-67c5-4119-a3e4-c821cdfe94f7,RECEIVE,DATA,520,1060,""
1858.151,receiver,19d2c58a-67c5-4119-a3e4-c821cdfe94f7,OUT_OF_ORDER,DATA,520,0,"arrived before missing sequence=509"
1858.153,receiver,19d2c58a-67c5-4119-a3e4-c821cdfe94f7,ACCEPT_DATA,DATA,520,1024,"unique file bytes received"
1858.155,receiver,19d2c58a-67c5-4119-a3e4-c821cdfe94f7,SEND,ACK,520,36,""
1858.161,receiver,19d2c58a-67c5-4119-a3e4-c821cdfe94f7,RECEIVE,DATA,510,1060,""
1858.163,receiver,19d2c58a-67c5-4119-a3e4-c821cdfe94f7,OUT_OF_ORDER,DATA,510,0,"arrived before missing sequence=509"
1858.165,receiver,19d2c58a-67c5-4119-a3e4-c821cdfe94f7,ACCEPT_DATA,DATA,510,1024,"unique file bytes received"
1858.167,receiver,19d2c58a-67c5-4119-a3e4-c821cdfe94f7,SEND,ACK,510,36,""
1858.172,receiver,19d2c58a-67c5-4119-a3e4-c821cdfe94f7,RECEIVE,DATA,525,1060,""
1858.174,receiver,19d2c58a-67c5-4119-a3e4-c821cdfe94f7,OUT_OF_ORDER,DATA,525,0,"arrived before missing sequence=509"
1858.176,receiver,19d2c58a-67c5-4119-a3e4-c821cdfe94f7,ACCEPT_DATA,DATA,525,1024,"unique file bytes received"
1858.178,receiver,19d2c58a-67c5-4119-a3e4-c821cdfe94f7,SEND,ACK,525,36,""
1858.182,receiver,19d2c58a-67c5-4119-a3e4-c821cdfe94f7,RECEIVE,DATA,527,1060,""
1858.185,receiver,19d2c58a-67c5-4119-a3e4-c821cdfe94f7,OUT_OF_ORDER,DATA,527,0,"arrived before missing sequence=509"
1858.187,receiver,19d2c58a-67c5-4119-a3e4-c821cdfe94f7,ACCEPT_DATA,DATA,527,1024,"unique file bytes received"
1858.189,receiver,19d2c58a-67c5-4119-a3e4-c821cdfe94f7,SEND,ACK,527,36,""
1858.194,receiver,19d2c58a-67c5-4119-a3e4-c821cdfe94f7,RECEIVE,DATA,509,1060,""
1858.197,receiver,19d2c58a-67c5-4119-a3e4-c821cdfe94f7,ACCEPT_DATA,DATA,509,1024,"unique file bytes received"
1858.199,receiver,19d2c58a-67c5-4119-a3e4-c821cdfe94f7,SEND,ACK,509,36,""
1858.203,receiver,19d2c58a-67c5-4119-a3e4-c821cdfe94f7,RECEIVE,DATA,513,1060,""
1858.205,receiver,19d2c58a-67c5-4119-a3e4-c821cdfe94f7,OUT_OF_ORDER,DATA,513,0,"arrived before missing sequence=511"
1858.208,receiver,19d2c58a-67c5-4119-a3e4-c821cdfe94f7,ACCEPT_DATA,DATA,513,1024,"unique file bytes received"
1858.209,receiver,19d2c58a-67c5-4119-a3e4-c821cdfe94f7,SEND,ACK,513,36,""
1858.213,receiver,19d2c58a-67c5-4119-a3e4-c821cdfe94f7,RECEIVE,DATA,521,1060,""
1858.216,receiver,19d2c58a-67c5-4119-a3e4-c821cdfe94f7,OUT_OF_ORDER,DATA,521,0,"arrived before missing sequence=511"
1858.218,receiver,19d2c58a-67c5-4119-a3e4-c821cdfe94f7,ACCEPT_DATA,DATA,521,1024,"unique file bytes received"
1858.220,receiver,19d2c58a-67c5-4119-a3e4-c821cdfe94f7,SEND,ACK,521,36,""
1858.224,receiver,19d2c58a-67c5-4119-a3e4-c821cdfe94f7,RECEIVE,DATA,532,1060,""
1858.228,receiver,19d2c58a-67c5-4119-a3e4-c821cdfe94f7,OUT_OF_ORDER,DATA,532,0,"arrived before missing sequence=511"
1858.230,receiver,19d2c58a-67c5-4119-a3e4-c821cdfe94f7,ACCEPT_DATA,DATA,532,1024,"unique file bytes received"
1858.232,receiver,19d2c58a-67c5-4119-a3e4-c821cdfe94f7,SEND,ACK,532,36,""
1858.263,receiver,19d2c58a-67c5-4119-a3e4-c821cdfe94f7,RECEIVE,DATA,523,1060,""
1858.266,receiver,19d2c58a-67c5-4119-a3e4-c821cdfe94f7,OUT_OF_ORDER,DATA,523,0,"arrived before missing sequence=511"
1858.268,receiver,19d2c58a-67c5-4119-a3e4-c821cdfe94f7,ACCEPT_DATA,DATA,523,1024,"unique file bytes received"
1858.270,receiver,19d2c58a-67c5-4119-a3e4-c821cdfe94f7,SEND,ACK,523,36,""
1858.275,receiver,19d2c58a-67c5-4119-a3e4-c821cdfe94f7,RECEIVE,DATA,522,1060,""
1858.277,receiver,19d2c58a-67c5-4119-a3e4-c821cdfe94f7,OUT_OF_ORDER,DATA,522,0,"arrived before missing sequence=511"
1858.279,receiver,19d2c58a-67c5-4119-a3e4-c821cdfe94f7,ACCEPT_DATA,DATA,522,1024,"unique file bytes received"
1858.281,receiver,19d2c58a-67c5-4119-a3e4-c821cdfe94f7,SEND,ACK,522,36,""
1872.862,receiver,19d2c58a-67c5-4119-a3e4-c821cdfe94f7,RECEIVE,DATA,511,1060,""
1872.877,receiver,19d2c58a-67c5-4119-a3e4-c821cdfe94f7,ACCEPT_DATA,DATA,511,1024,"unique file bytes received"
1872.881,receiver,19d2c58a-67c5-4119-a3e4-c821cdfe94f7,SEND,ACK,511,36,""
1872.896,receiver,19d2c58a-67c5-4119-a3e4-c821cdfe94f7,RECEIVE,DATA,512,1060,""
1872.900,receiver,19d2c58a-67c5-4119-a3e4-c821cdfe94f7,ACCEPT_DATA,DATA,512,1024,"unique file bytes received"
1872.902,receiver,19d2c58a-67c5-4119-a3e4-c821cdfe94f7,SEND,ACK,512,36,""
1872.908,receiver,19d2c58a-67c5-4119-a3e4-c821cdfe94f7,RECEIVE,DATA,528,1060,""
1872.911,receiver,19d2c58a-67c5-4119-a3e4-c821cdfe94f7,OUT_OF_ORDER,DATA,528,0,"arrived before missing sequence=526"
1872.914,receiver,19d2c58a-67c5-4119-a3e4-c821cdfe94f7,ACCEPT_DATA,DATA,528,1024,"unique file bytes received"
1872.916,receiver,19d2c58a-67c5-4119-a3e4-c821cdfe94f7,SEND,ACK,528,36,""
1872.922,receiver,19d2c58a-67c5-4119-a3e4-c821cdfe94f7,RECEIVE,DATA,530,1060,""
1872.925,receiver,19d2c58a-67c5-4119-a3e4-c821cdfe94f7,OUT_OF_ORDER,DATA,530,0,"arrived before missing sequence=526"
1872.927,receiver,19d2c58a-67c5-4119-a3e4-c821cdfe94f7,ACCEPT_DATA,DATA,530,1024,"unique file bytes received"
1872.930,receiver,19d2c58a-67c5-4119-a3e4-c821cdfe94f7,SEND,ACK,530,36,""
1872.935,receiver,19d2c58a-67c5-4119-a3e4-c821cdfe94f7,RECEIVE,DATA,533,1060,""
1872.941,receiver,19d2c58a-67c5-4119-a3e4-c821cdfe94f7,OUT_OF_ORDER,DATA,533,0,"arrived before missing sequence=526"
1872.943,receiver,19d2c58a-67c5-4119-a3e4-c821cdfe94f7,ACCEPT_DATA,DATA,533,1024,"unique file bytes received"
1872.946,receiver,19d2c58a-67c5-4119-a3e4-c821cdfe94f7,SEND,ACK,533,36,""
1872.952,receiver,19d2c58a-67c5-4119-a3e4-c821cdfe94f7,EMIT,ACK,518,36,""
1872.994,receiver,19d2c58a-67c5-4119-a3e4-c821cdfe94f7,RECEIVE,DATA,526,1060,""
1873.005,receiver,19d2c58a-67c5-4119-a3e4-c821cdfe94f7,ACCEPT_DATA,DATA,526,1024,"unique file bytes received"
1873.007,receiver,19d2c58a-67c5-4119-a3e4-c821cdfe94f7,SEND,ACK,526,36,""
1873.049,receiver,19d2c58a-67c5-4119-a3e4-c821cdfe94f7,EMIT,ACK,505,36,""
1887.969,receiver,19d2c58a-67c5-4119-a3e4-c821cdfe94f7,EMIT,ACK,508,36,""
1887.998,receiver,19d2c58a-67c5-4119-a3e4-c821cdfe94f7,EMIT,ACK,519,36,""
1888.007,receiver,19d2c58a-67c5-4119-a3e4-c821cdfe94f7,EMIT,ACK,517,36,""
1888.225,receiver,19d2c58a-67c5-4119-a3e4-c821cdfe94f7,RECEIVE,DATA,529,1060,""
1888.235,receiver,19d2c58a-67c5-4119-a3e4-c821cdfe94f7,ACCEPT_DATA,DATA,529,1024,"unique file bytes received"
1888.238,receiver,19d2c58a-67c5-4119-a3e4-c821cdfe94f7,SEND,ACK,529,36,""
1888.250,receiver,19d2c58a-67c5-4119-a3e4-c821cdfe94f7,RECEIVE,DATA,531,1060,""
1888.253,receiver,19d2c58a-67c5-4119-a3e4-c821cdfe94f7,ACCEPT_DATA,DATA,531,1024,"unique file bytes received"
1888.255,receiver,19d2c58a-67c5-4119-a3e4-c821cdfe94f7,SEND,ACK,531,36,""
1903.310,receiver,19d2c58a-67c5-4119-a3e4-c821cdfe94f7,EMIT,ACK,516,36,""
1903.357,receiver,19d2c58a-67c5-4119-a3e4-c821cdfe94f7,EMIT,ACK,513,36,""
1903.367,receiver,19d2c58a-67c5-4119-a3e4-c821cdfe94f7,EMIT,ACK,532,36,""
1903.375,receiver,19d2c58a-67c5-4119-a3e4-c821cdfe94f7,EMIT,ACK,507,36,""
1903.382,receiver,19d2c58a-67c5-4119-a3e4-c821cdfe94f7,EMIT,ACK,523,36,""
1903.388,receiver,19d2c58a-67c5-4119-a3e4-c821cdfe94f7,EMIT,ACK,528,36,""
1903.395,receiver,19d2c58a-67c5-4119-a3e4-c821cdfe94f7,EMIT,ACK,514,36,""
1903.402,receiver,19d2c58a-67c5-4119-a3e4-c821cdfe94f7,EMIT,ACK,521,36,""
1903.408,receiver,19d2c58a-67c5-4119-a3e4-c821cdfe94f7,EMIT,ACK,510,36,""
1903.415,receiver,19d2c58a-67c5-4119-a3e4-c821cdfe94f7,EMIT,ACK,520,36,""
1903.421,receiver,19d2c58a-67c5-4119-a3e4-c821cdfe94f7,EMIT,ACK,527,36,""
1903.427,receiver,19d2c58a-67c5-4119-a3e4-c821cdfe94f7,EMIT,ACK,515,36,""
1903.433,receiver,19d2c58a-67c5-4119-a3e4-c821cdfe94f7,EMIT,ACK,522,36,""
1903.440,receiver,19d2c58a-67c5-4119-a3e4-c821cdfe94f7,EMIT,ACK,524,36,""
1903.976,receiver,19d2c58a-67c5-4119-a3e4-c821cdfe94f7,RECEIVE,DATA,535,1060,""
1903.988,receiver,19d2c58a-67c5-4119-a3e4-c821cdfe94f7,OUT_OF_ORDER,DATA,535,0,"arrived before missing sequence=534"
1903.992,receiver,19d2c58a-67c5-4119-a3e4-c821cdfe94f7,ACCEPT_DATA,DATA,535,1024,"unique file bytes received"
1903.995,receiver,19d2c58a-67c5-4119-a3e4-c821cdfe94f7,SEND,ACK,535,36,""
1904.102,receiver,19d2c58a-67c5-4119-a3e4-c821cdfe94f7,RECEIVE,DATA,536,1060,""
1904.132,receiver,19d2c58a-67c5-4119-a3e4-c821cdfe94f7,OUT_OF_ORDER,DATA,536,0,"arrived before missing sequence=534"
1904.143,receiver,19d2c58a-67c5-4119-a3e4-c821cdfe94f7,ACCEPT_DATA,DATA,536,1024,"unique file bytes received"
1904.152,receiver,19d2c58a-67c5-4119-a3e4-c821cdfe94f7,SEND,ACK,536,36,""
1904.185,receiver,19d2c58a-67c5-4119-a3e4-c821cdfe94f7,RECEIVE,DATA,534,1060,""
1904.188,receiver,19d2c58a-67c5-4119-a3e4-c821cdfe94f7,ACCEPT_DATA,DATA,534,1024,"unique file bytes received"
1904.191,receiver,19d2c58a-67c5-4119-a3e4-c821cdfe94f7,SEND,ACK,534,36,""
1919.139,receiver,19d2c58a-67c5-4119-a3e4-c821cdfe94f7,EMIT,ACK,511,36,""
1919.199,receiver,19d2c58a-67c5-4119-a3e4-c821cdfe94f7,EMIT,ACK,525,36,""
1919.209,receiver,19d2c58a-67c5-4119-a3e4-c821cdfe94f7,EMIT,ACK,509,36,""
1919.217,receiver,19d2c58a-67c5-4119-a3e4-c821cdfe94f7,EMIT,ACK,526,36,""
1919.224,receiver,19d2c58a-67c5-4119-a3e4-c821cdfe94f7,EMIT,ACK,512,36,""
1919.232,receiver,19d2c58a-67c5-4119-a3e4-c821cdfe94f7,EMIT,ACK,530,36,""
1919.409,receiver,19d2c58a-67c5-4119-a3e4-c821cdfe94f7,RECEIVE,DATA,537,1060,""
1919.420,receiver,19d2c58a-67c5-4119-a3e4-c821cdfe94f7,ACCEPT_DATA,DATA,537,1024,"unique file bytes received"
1919.423,receiver,19d2c58a-67c5-4119-a3e4-c821cdfe94f7,SEND,ACK,537,36,""
1919.434,receiver,19d2c58a-67c5-4119-a3e4-c821cdfe94f7,RECEIVE,DATA,538,1060,""
1919.437,receiver,19d2c58a-67c5-4119-a3e4-c821cdfe94f7,ACCEPT_DATA,DATA,538,1024,"unique file bytes received"
1919.440,receiver,19d2c58a-67c5-4119-a3e4-c821cdfe94f7,SEND,ACK,538,36,""
1935.174,receiver,19d2c58a-67c5-4119-a3e4-c821cdfe94f7,EMIT,ACK,533,36,""
1935.288,receiver,19d2c58a-67c5-4119-a3e4-c821cdfe94f7,EMIT,ACK,529,36,""
1935.314,receiver,19d2c58a-67c5-4119-a3e4-c821cdfe94f7,EMIT,ACK,531,36,""
1950.431,receiver,19d2c58a-67c5-4119-a3e4-c821cdfe94f7,RECEIVE,DATA,553,1060,""
1950.450,receiver,19d2c58a-67c5-4119-a3e4-c821cdfe94f7,OUT_OF_ORDER,DATA,553,0,"arrived before missing sequence=539"
1950.454,receiver,19d2c58a-67c5-4119-a3e4-c821cdfe94f7,ACCEPT_DATA,DATA,553,1024,"unique file bytes received"
1950.458,receiver,19d2c58a-67c5-4119-a3e4-c821cdfe94f7,SEND,ACK,553,36,""
1950.474,receiver,19d2c58a-67c5-4119-a3e4-c821cdfe94f7,RECEIVE,DATA,541,1060,""
1950.477,receiver,19d2c58a-67c5-4119-a3e4-c821cdfe94f7,OUT_OF_ORDER,DATA,541,0,"arrived before missing sequence=539"
1950.480,receiver,19d2c58a-67c5-4119-a3e4-c821cdfe94f7,ACCEPT_DATA,DATA,541,1024,"unique file bytes received"
1950.483,receiver,19d2c58a-67c5-4119-a3e4-c821cdfe94f7,SEND,ACK,541,36,""
1950.490,receiver,19d2c58a-67c5-4119-a3e4-c821cdfe94f7,RECEIVE,DATA,539,1060,""
1950.494,receiver,19d2c58a-67c5-4119-a3e4-c821cdfe94f7,ACCEPT_DATA,DATA,539,1024,"unique file bytes received"
1950.497,receiver,19d2c58a-67c5-4119-a3e4-c821cdfe94f7,SEND,ACK,539,36,""
1950.504,receiver,19d2c58a-67c5-4119-a3e4-c821cdfe94f7,RECEIVE,DATA,555,1060,""
1950.508,receiver,19d2c58a-67c5-4119-a3e4-c821cdfe94f7,OUT_OF_ORDER,DATA,555,0,"arrived before missing sequence=540"
1950.542,receiver,19d2c58a-67c5-4119-a3e4-c821cdfe94f7,ACCEPT_DATA,DATA,555,1024,"unique file bytes received"
1950.545,receiver,19d2c58a-67c5-4119-a3e4-c821cdfe94f7,SEND,ACK,555,36,""
1950.567,receiver,19d2c58a-67c5-4119-a3e4-c821cdfe94f7,RECEIVE,DATA,540,1060,""
1950.571,receiver,19d2c58a-67c5-4119-a3e4-c821cdfe94f7,ACCEPT_DATA,DATA,540,1024,"unique file bytes received"
1950.573,receiver,19d2c58a-67c5-4119-a3e4-c821cdfe94f7,SEND,ACK,540,36,""
1950.576,receiver,19d2c58a-67c5-4119-a3e4-c821cdfe94f7,EMIT,ACK,535,36,""
1950.585,receiver,19d2c58a-67c5-4119-a3e4-c821cdfe94f7,RECEIVE,DATA,559,1060,""
1950.588,receiver,19d2c58a-67c5-4119-a3e4-c821cdfe94f7,OUT_OF_ORDER,DATA,559,0,"arrived before missing sequence=542"
1950.591,receiver,19d2c58a-67c5-4119-a3e4-c821cdfe94f7,ACCEPT_DATA,DATA,559,1024,"unique file bytes received"
1950.594,receiver,19d2c58a-67c5-4119-a3e4-c821cdfe94f7,EMIT,ACK,538,36,""
1950.597,receiver,19d2c58a-67c5-4119-a3e4-c821cdfe94f7,SEND,ACK,559,36,""
1950.604,receiver,19d2c58a-67c5-4119-a3e4-c821cdfe94f7,RECEIVE,DATA,550,1060,""
1950.609,receiver,19d2c58a-67c5-4119-a3e4-c821cdfe94f7,OUT_OF_ORDER,DATA,550,0,"arrived before missing sequence=542"
1950.621,receiver,19d2c58a-67c5-4119-a3e4-c821cdfe94f7,ACCEPT_DATA,DATA,550,1024,"unique file bytes received"
1950.624,receiver,19d2c58a-67c5-4119-a3e4-c821cdfe94f7,SEND,ACK,550,36,""
1950.630,receiver,19d2c58a-67c5-4119-a3e4-c821cdfe94f7,RECEIVE,DATA,542,1060,""
1950.633,receiver,19d2c58a-67c5-4119-a3e4-c821cdfe94f7,ACCEPT_DATA,DATA,542,1024,"unique file bytes received"
1950.636,receiver,19d2c58a-67c5-4119-a3e4-c821cdfe94f7,SEND,ACK,542,36,""
1950.642,receiver,19d2c58a-67c5-4119-a3e4-c821cdfe94f7,RECEIVE,DATA,545,1060,""
1950.645,receiver,19d2c58a-67c5-4119-a3e4-c821cdfe94f7,OUT_OF_ORDER,DATA,545,0,"arrived before missing sequence=543"
1950.648,receiver,19d2c58a-67c5-4119-a3e4-c821cdfe94f7,ACCEPT_DATA,DATA,545,1024,"unique file bytes received"
1950.651,receiver,19d2c58a-67c5-4119-a3e4-c821cdfe94f7,SEND,ACK,545,36,""
1966.150,receiver,19d2c58a-67c5-4119-a3e4-c821cdfe94f7,EMIT,ACK,534,36,""
1966.161,receiver,19d2c58a-67c5-4119-a3e4-c821cdfe94f7,RECEIVE,DATA,549,1060,""
1966.176,receiver,19d2c58a-67c5-4119-a3e4-c821cdfe94f7,OUT_OF_ORDER,DATA,549,0,"arrived before missing sequence=543"
1966.180,receiver,19d2c58a-67c5-4119-a3e4-c821cdfe94f7,EMIT,ACK,536,36,""
1966.184,receiver,19d2c58a-67c5-4119-a3e4-c821cdfe94f7,ACCEPT_DATA,DATA,549,1024,"unique file bytes received"
1966.187,receiver,19d2c58a-67c5-4119-a3e4-c821cdfe94f7,SEND,ACK,549,36,""
1966.191,receiver,19d2c58a-67c5-4119-a3e4-c821cdfe94f7,EMIT,ACK,537,36,""
1966.201,receiver,19d2c58a-67c5-4119-a3e4-c821cdfe94f7,RECEIVE,DATA,551,1060,""
1966.204,receiver,19d2c58a-67c5-4119-a3e4-c821cdfe94f7,OUT_OF_ORDER,DATA,551,0,"arrived before missing sequence=543"
1966.207,receiver,19d2c58a-67c5-4119-a3e4-c821cdfe94f7,ACCEPT_DATA,DATA,551,1024,"unique file bytes received"
1966.210,receiver,19d2c58a-67c5-4119-a3e4-c821cdfe94f7,SEND,ACK,551,36,""
1966.216,receiver,19d2c58a-67c5-4119-a3e4-c821cdfe94f7,RECEIVE,DATA,558,1060,""
1966.219,receiver,19d2c58a-67c5-4119-a3e4-c821cdfe94f7,OUT_OF_ORDER,DATA,558,0,"arrived before missing sequence=543"
1966.222,receiver,19d2c58a-67c5-4119-a3e4-c821cdfe94f7,ACCEPT_DATA,DATA,558,1024,"unique file bytes received"
1966.224,receiver,19d2c58a-67c5-4119-a3e4-c821cdfe94f7,SEND,ACK,558,36,""
1966.230,receiver,19d2c58a-67c5-4119-a3e4-c821cdfe94f7,RECEIVE,DATA,543,1060,""
1966.233,receiver,19d2c58a-67c5-4119-a3e4-c821cdfe94f7,ACCEPT_DATA,DATA,543,1024,"unique file bytes received"
1966.236,receiver,19d2c58a-67c5-4119-a3e4-c821cdfe94f7,SEND,ACK,543,36,""
1966.245,receiver,19d2c58a-67c5-4119-a3e4-c821cdfe94f7,RECEIVE,DATA,548,1060,""
1966.248,receiver,19d2c58a-67c5-4119-a3e4-c821cdfe94f7,OUT_OF_ORDER,DATA,548,0,"arrived before missing sequence=544"
1966.251,receiver,19d2c58a-67c5-4119-a3e4-c821cdfe94f7,ACCEPT_DATA,DATA,548,1024,"unique file bytes received"
1966.253,receiver,19d2c58a-67c5-4119-a3e4-c821cdfe94f7,SEND,ACK,548,36,""
1966.258,receiver,19d2c58a-67c5-4119-a3e4-c821cdfe94f7,RECEIVE,DATA,557,1060,""
1966.261,receiver,19d2c58a-67c5-4119-a3e4-c821cdfe94f7,OUT_OF_ORDER,DATA,557,0,"arrived before missing sequence=544"
1966.264,receiver,19d2c58a-67c5-4119-a3e4-c821cdfe94f7,ACCEPT_DATA,DATA,557,1024,"unique file bytes received"
1966.266,receiver,19d2c58a-67c5-4119-a3e4-c821cdfe94f7,SEND,ACK,557,36,""
1966.272,receiver,19d2c58a-67c5-4119-a3e4-c821cdfe94f7,RECEIVE,DATA,560,1060,""
1966.274,receiver,19d2c58a-67c5-4119-a3e4-c821cdfe94f7,OUT_OF_ORDER,DATA,560,0,"arrived before missing sequence=544"
1966.277,receiver,19d2c58a-67c5-4119-a3e4-c821cdfe94f7,ACCEPT_DATA,DATA,560,1024,"unique file bytes received"
1966.279,receiver,19d2c58a-67c5-4119-a3e4-c821cdfe94f7,SEND,ACK,560,36,""
1966.285,receiver,19d2c58a-67c5-4119-a3e4-c821cdfe94f7,RECEIVE,DATA,547,1060,""
1966.287,receiver,19d2c58a-67c5-4119-a3e4-c821cdfe94f7,OUT_OF_ORDER,DATA,547,0,"arrived before missing sequence=544"
1966.300,receiver,19d2c58a-67c5-4119-a3e4-c821cdfe94f7,ACCEPT_DATA,DATA,547,1024,"unique file bytes received"
1966.303,receiver,19d2c58a-67c5-4119-a3e4-c821cdfe94f7,SEND,ACK,547,36,""
1966.308,receiver,19d2c58a-67c5-4119-a3e4-c821cdfe94f7,RECEIVE,DATA,563,1060,""
1966.311,receiver,19d2c58a-67c5-4119-a3e4-c821cdfe94f7,OUT_OF_ORDER,DATA,563,0,"arrived before missing sequence=544"
1966.314,receiver,19d2c58a-67c5-4119-a3e4-c821cdfe94f7,ACCEPT_DATA,DATA,563,1024,"unique file bytes received"
1966.317,receiver,19d2c58a-67c5-4119-a3e4-c821cdfe94f7,SEND,ACK,563,36,""
1981.148,receiver,19d2c58a-67c5-4119-a3e4-c821cdfe94f7,EMIT,ACK,545,36,""
1981.267,receiver,19d2c58a-67c5-4119-a3e4-c821cdfe94f7,RECEIVE,DATA,556,1060,""
1981.282,receiver,19d2c58a-67c5-4119-a3e4-c821cdfe94f7,OUT_OF_ORDER,DATA,556,0,"arrived before missing sequence=544"
1981.286,receiver,19d2c58a-67c5-4119-a3e4-c821cdfe94f7,ACCEPT_DATA,DATA,556,1024,"unique file bytes received"
1981.289,receiver,19d2c58a-67c5-4119-a3e4-c821cdfe94f7,SEND,ACK,556,36,""
1981.304,receiver,19d2c58a-67c5-4119-a3e4-c821cdfe94f7,RECEIVE,DATA,552,1060,""
1981.307,receiver,19d2c58a-67c5-4119-a3e4-c821cdfe94f7,OUT_OF_ORDER,DATA,552,0,"arrived before missing sequence=544"
1981.310,receiver,19d2c58a-67c5-4119-a3e4-c821cdfe94f7,ACCEPT_DATA,DATA,552,1024,"unique file bytes received"
1981.313,receiver,19d2c58a-67c5-4119-a3e4-c821cdfe94f7,SEND,ACK,552,36,""
1981.319,receiver,19d2c58a-67c5-4119-a3e4-c821cdfe94f7,RECEIVE,DATA,554,1060,""
1981.322,receiver,19d2c58a-67c5-4119-a3e4-c821cdfe94f7,OUT_OF_ORDER,DATA,554,0,"arrived before missing sequence=544"
1981.324,receiver,19d2c58a-67c5-4119-a3e4-c821cdfe94f7,ACCEPT_DATA,DATA,554,1024,"unique file bytes received"
1981.327,receiver,19d2c58a-67c5-4119-a3e4-c821cdfe94f7,SEND,ACK,554,36,""
1981.369,receiver,19d2c58a-67c5-4119-a3e4-c821cdfe94f7,RECEIVE,DATA,562,1060,""
1981.373,receiver,19d2c58a-67c5-4119-a3e4-c821cdfe94f7,OUT_OF_ORDER,DATA,562,0,"arrived before missing sequence=544"
1981.376,receiver,19d2c58a-67c5-4119-a3e4-c821cdfe94f7,ACCEPT_DATA,DATA,562,1024,"unique file bytes received"
1981.379,receiver,19d2c58a-67c5-4119-a3e4-c821cdfe94f7,SEND,ACK,562,36,""
1981.389,receiver,19d2c58a-67c5-4119-a3e4-c821cdfe94f7,RECEIVE,DATA,544,1060,""
1981.392,receiver,19d2c58a-67c5-4119-a3e4-c821cdfe94f7,ACCEPT_DATA,DATA,544,1024,"unique file bytes received"
1981.395,receiver,19d2c58a-67c5-4119-a3e4-c821cdfe94f7,SEND,ACK,544,36,""
1981.405,receiver,19d2c58a-67c5-4119-a3e4-c821cdfe94f7,RECEIVE,DATA,546,1060,""
1981.408,receiver,19d2c58a-67c5-4119-a3e4-c821cdfe94f7,ACCEPT_DATA,DATA,546,1024,"unique file bytes received"
1981.410,receiver,19d2c58a-67c5-4119-a3e4-c821cdfe94f7,SEND,ACK,546,36,""
1981.416,receiver,19d2c58a-67c5-4119-a3e4-c821cdfe94f7,RECEIVE,DATA,561,1060,""
1981.419,receiver,19d2c58a-67c5-4119-a3e4-c821cdfe94f7,ACCEPT_DATA,DATA,561,1024,"unique file bytes received"
1981.422,receiver,19d2c58a-67c5-4119-a3e4-c821cdfe94f7,SEND,ACK,561,36,""
1996.066,receiver,19d2c58a-67c5-4119-a3e4-c821cdfe94f7,EMIT,ACK,559,36,""
1996.091,receiver,19d2c58a-67c5-4119-a3e4-c821cdfe94f7,EMIT,ACK,550,36,""
1996.098,receiver,19d2c58a-67c5-4119-a3e4-c821cdfe94f7,EMIT,ACK,540,36,""
1996.132,receiver,19d2c58a-67c5-4119-a3e4-c821cdfe94f7,EMIT,ACK,542,36,""
1996.139,receiver,19d2c58a-67c5-4119-a3e4-c821cdfe94f7,EMIT,ACK,563,36,""
1996.147,receiver,19d2c58a-67c5-4119-a3e4-c821cdfe94f7,EMIT,ACK,541,36,""
1996.399,receiver,19d2c58a-67c5-4119-a3e4-c821cdfe94f7,RECEIVE,DATA,564,1060,""
1996.411,receiver,19d2c58a-67c5-4119-a3e4-c821cdfe94f7,ACCEPT_DATA,DATA,564,1024,"unique file bytes received"
1996.415,receiver,19d2c58a-67c5-4119-a3e4-c821cdfe94f7,SEND,ACK,564,36,""
1996.428,receiver,19d2c58a-67c5-4119-a3e4-c821cdfe94f7,RECEIVE,DATA,565,1060,""
1996.431,receiver,19d2c58a-67c5-4119-a3e4-c821cdfe94f7,ACCEPT_DATA,DATA,565,1024,"unique file bytes received"
1996.434,receiver,19d2c58a-67c5-4119-a3e4-c821cdfe94f7,SEND,ACK,565,36,""
1996.439,receiver,19d2c58a-67c5-4119-a3e4-c821cdfe94f7,RECEIVE,DATA,566,1060,""
1996.442,receiver,19d2c58a-67c5-4119-a3e4-c821cdfe94f7,ACCEPT_DATA,DATA,566,1024,"unique file bytes received"
1996.444,receiver,19d2c58a-67c5-4119-a3e4-c821cdfe94f7,SEND,ACK,566,36,""
2011.582,receiver,19d2c58a-67c5-4119-a3e4-c821cdfe94f7,EMIT,ACK,543,36,""
2011.612,receiver,19d2c58a-67c5-4119-a3e4-c821cdfe94f7,EMIT,ACK,553,36,""
2011.626,receiver,19d2c58a-67c5-4119-a3e4-c821cdfe94f7,EMIT,ACK,539,36,""
2011.639,receiver,19d2c58a-67c5-4119-a3e4-c821cdfe94f7,EMIT,ACK,555,36,""
2011.657,receiver,19d2c58a-67c5-4119-a3e4-c821cdfe94f7,RECEIVE,DATA,569,1060,""
2011.669,receiver,19d2c58a-67c5-4119-a3e4-c821cdfe94f7,EMIT,ACK,560,36,""
2011.676,receiver,19d2c58a-67c5-4119-a3e4-c821cdfe94f7,OUT_OF_ORDER,DATA,569,0,"arrived before missing sequence=567"
2011.681,receiver,19d2c58a-67c5-4119-a3e4-c821cdfe94f7,ACCEPT_DATA,DATA,569,1024,"unique file bytes received"
2011.684,receiver,19d2c58a-67c5-4119-a3e4-c821cdfe94f7,EMIT,ACK,549,36,""
2011.689,receiver,19d2c58a-67c5-4119-a3e4-c821cdfe94f7,SEND,ACK,569,36,""
2011.697,receiver,19d2c58a-67c5-4119-a3e4-c821cdfe94f7,EMIT,ACK,547,36,""
2011.712,receiver,19d2c58a-67c5-4119-a3e4-c821cdfe94f7,RECEIVE,DATA,570,1060,""
2011.716,receiver,19d2c58a-67c5-4119-a3e4-c821cdfe94f7,EMIT,ACK,558,36,""
2011.720,receiver,19d2c58a-67c5-4119-a3e4-c821cdfe94f7,OUT_OF_ORDER,DATA,570,0,"arrived before missing sequence=567"
2011.726,receiver,19d2c58a-67c5-4119-a3e4-c821cdfe94f7,ACCEPT_DATA,DATA,570,1024,"unique file bytes received"
2011.729,receiver,19d2c58a-67c5-4119-a3e4-c821cdfe94f7,SEND,ACK,570,36,""
2011.732,receiver,19d2c58a-67c5-4119-a3e4-c821cdfe94f7,EMIT,ACK,557,36,""
2011.737,receiver,19d2c58a-67c5-4119-a3e4-c821cdfe94f7,RECEIVE,DATA,567,1060,""
2011.740,receiver,19d2c58a-67c5-4119-a3e4-c821cdfe94f7,ACCEPT_DATA,DATA,567,1024,"unique file bytes received"
2011.743,receiver,19d2c58a-67c5-4119-a3e4-c821cdfe94f7,SEND,ACK,567,36,""
2011.746,receiver,19d2c58a-67c5-4119-a3e4-c821cdfe94f7,EMIT,ACK,551,36,""
2011.758,receiver,19d2c58a-67c5-4119-a3e4-c821cdfe94f7,EMIT,ACK,548,36,""
2011.770,receiver,19d2c58a-67c5-4119-a3e4-c821cdfe94f7,EMIT,ACK,561,36,""
2027.571,receiver,19d2c58a-67c5-4119-a3e4-c821cdfe94f7,EMIT,ACK,554,36,""
2027.633,receiver,19d2c58a-67c5-4119-a3e4-c821cdfe94f7,EMIT,ACK,556,36,""
2027.645,receiver,19d2c58a-67c5-4119-a3e4-c821cdfe94f7,RECEIVE,DATA,568,1060,""
2027.667,receiver,19d2c58a-67c5-4119-a3e4-c821cdfe94f7,EMIT,ACK,552,36,""
2027.676,receiver,19d2c58a-67c5-4119-a3e4-c821cdfe94f7,ACCEPT_DATA,DATA,568,1024,"unique file bytes received"
2027.685,receiver,19d2c58a-67c5-4119-a3e4-c821cdfe94f7,SEND,ACK,568,36,""
2027.695,receiver,19d2c58a-67c5-4119-a3e4-c821cdfe94f7,EMIT,ACK,546,36,""
2027.717,receiver,19d2c58a-67c5-4119-a3e4-c821cdfe94f7,EMIT,ACK,562,36,""
2042.377,receiver,19d2c58a-67c5-4119-a3e4-c821cdfe94f7,EMIT,ACK,544,36,""
2042.432,receiver,19d2c58a-67c5-4119-a3e4-c821cdfe94f7,EMIT,ACK,565,36,""
2042.440,receiver,19d2c58a-67c5-4119-a3e4-c821cdfe94f7,EMIT,ACK,570,36,""
2042.448,receiver,19d2c58a-67c5-4119-a3e4-c821cdfe94f7,EMIT,ACK,567,36,""
2058.680,receiver,19d2c58a-67c5-4119-a3e4-c821cdfe94f7,EMIT,ACK,566,36,""
2058.767,receiver,19d2c58a-67c5-4119-a3e4-c821cdfe94f7,EMIT,ACK,564,36,""
2058.774,receiver,19d2c58a-67c5-4119-a3e4-c821cdfe94f7,RECEIVE,DATA,575,1060,""
2058.782,receiver,19d2c58a-67c5-4119-a3e4-c821cdfe94f7,EMIT,ACK,569,36,""
2058.785,receiver,19d2c58a-67c5-4119-a3e4-c821cdfe94f7,OUT_OF_ORDER,DATA,575,0,"arrived before missing sequence=571"
2058.817,receiver,19d2c58a-67c5-4119-a3e4-c821cdfe94f7,ACCEPT_DATA,DATA,575,1024,"unique file bytes received"
2058.825,receiver,19d2c58a-67c5-4119-a3e4-c821cdfe94f7,EMIT,ACK,568,36,""
2058.828,receiver,19d2c58a-67c5-4119-a3e4-c821cdfe94f7,SEND,ACK,575,36,""
2058.860,receiver,19d2c58a-67c5-4119-a3e4-c821cdfe94f7,RECEIVE,DATA,574,1060,""
2058.864,receiver,19d2c58a-67c5-4119-a3e4-c821cdfe94f7,OUT_OF_ORDER,DATA,574,0,"arrived before missing sequence=571"
2058.866,receiver,19d2c58a-67c5-4119-a3e4-c821cdfe94f7,ACCEPT_DATA,DATA,574,1024,"unique file bytes received"
2058.868,receiver,19d2c58a-67c5-4119-a3e4-c821cdfe94f7,SEND,ACK,574,36,""
2058.874,receiver,19d2c58a-67c5-4119-a3e4-c821cdfe94f7,RECEIVE,DATA,573,1060,""
2058.876,receiver,19d2c58a-67c5-4119-a3e4-c821cdfe94f7,OUT_OF_ORDER,DATA,573,0,"arrived before missing sequence=571"
2058.879,receiver,19d2c58a-67c5-4119-a3e4-c821cdfe94f7,ACCEPT_DATA,DATA,573,1024,"unique file bytes received"
2058.881,receiver,19d2c58a-67c5-4119-a3e4-c821cdfe94f7,SEND,ACK,573,36,""
2058.886,receiver,19d2c58a-67c5-4119-a3e4-c821cdfe94f7,RECEIVE,DATA,571,1060,""
2058.888,receiver,19d2c58a-67c5-4119-a3e4-c821cdfe94f7,ACCEPT_DATA,DATA,571,1024,"unique file bytes received"
2058.891,receiver,19d2c58a-67c5-4119-a3e4-c821cdfe94f7,SEND,ACK,571,36,""
2074.385,receiver,19d2c58a-67c5-4119-a3e4-c821cdfe94f7,RECEIVE,DATA,572,1060,""
2074.396,receiver,19d2c58a-67c5-4119-a3e4-c821cdfe94f7,ACCEPT_DATA,DATA,572,1024,"unique file bytes received"
2074.399,receiver,19d2c58a-67c5-4119-a3e4-c821cdfe94f7,SEND,ACK,572,36,""
2074.411,receiver,19d2c58a-67c5-4119-a3e4-c821cdfe94f7,RECEIVE,DATA,587,1060,""
2074.414,receiver,19d2c58a-67c5-4119-a3e4-c821cdfe94f7,OUT_OF_ORDER,DATA,587,0,"arrived before missing sequence=576"
2074.417,receiver,19d2c58a-67c5-4119-a3e4-c821cdfe94f7,ACCEPT_DATA,DATA,587,1024,"unique file bytes received"
2074.419,receiver,19d2c58a-67c5-4119-a3e4-c821cdfe94f7,SEND,ACK,587,36,""
2074.424,receiver,19d2c58a-67c5-4119-a3e4-c821cdfe94f7,RECEIVE,DATA,592,1060,""
2074.426,receiver,19d2c58a-67c5-4119-a3e4-c821cdfe94f7,OUT_OF_ORDER,DATA,592,0,"arrived before missing sequence=576"
2074.428,receiver,19d2c58a-67c5-4119-a3e4-c821cdfe94f7,ACCEPT_DATA,DATA,592,1024,"unique file bytes received"
2074.432,receiver,19d2c58a-67c5-4119-a3e4-c821cdfe94f7,SEND,ACK,592,36,""
2074.436,receiver,19d2c58a-67c5-4119-a3e4-c821cdfe94f7,RECEIVE,DATA,576,1060,""
2074.438,receiver,19d2c58a-67c5-4119-a3e4-c821cdfe94f7,ACCEPT_DATA,DATA,576,1024,"unique file bytes received"
2074.440,receiver,19d2c58a-67c5-4119-a3e4-c821cdfe94f7,SEND,ACK,576,36,""
2074.445,receiver,19d2c58a-67c5-4119-a3e4-c821cdfe94f7,RECEIVE,DATA,589,1060,""
2074.447,receiver,19d2c58a-67c5-4119-a3e4-c821cdfe94f7,OUT_OF_ORDER,DATA,589,0,"arrived before missing sequence=577"
2074.449,receiver,19d2c58a-67c5-4119-a3e4-c821cdfe94f7,ACCEPT_DATA,DATA,589,1024,"unique file bytes received"
2074.451,receiver,19d2c58a-67c5-4119-a3e4-c821cdfe94f7,SEND,ACK,589,36,""
2074.455,receiver,19d2c58a-67c5-4119-a3e4-c821cdfe94f7,RECEIVE,DATA,588,1060,""
2074.458,receiver,19d2c58a-67c5-4119-a3e4-c821cdfe94f7,OUT_OF_ORDER,DATA,588,0,"arrived before missing sequence=577"
2074.460,receiver,19d2c58a-67c5-4119-a3e4-c821cdfe94f7,ACCEPT_DATA,DATA,588,1024,"unique file bytes received"
2074.462,receiver,19d2c58a-67c5-4119-a3e4-c821cdfe94f7,SEND,ACK,588,36,""
2074.466,receiver,19d2c58a-67c5-4119-a3e4-c821cdfe94f7,RECEIVE,DATA,577,1060,""
2074.472,receiver,19d2c58a-67c5-4119-a3e4-c821cdfe94f7,ACCEPT_DATA,DATA,577,1024,"unique file bytes received"
2074.474,receiver,19d2c58a-67c5-4119-a3e4-c821cdfe94f7,SEND,ACK,577,36,""
2089.637,receiver,19d2c58a-67c5-4119-a3e4-c821cdfe94f7,EMIT,ACK,571,36,""
2089.675,receiver,19d2c58a-67c5-4119-a3e4-c821cdfe94f7,EMIT,ACK,575,36,""
2089.760,receiver,19d2c58a-67c5-4119-a3e4-c821cdfe94f7,RECEIVE,DATA,581,1060,""
2089.807,receiver,19d2c58a-67c5-4119-a3e4-c821cdfe94f7,OUT_OF_ORDER,DATA,581,0,"arrived before missing sequence=578"
2089.811,receiver,19d2c58a-67c5-4119-a3e4-c821cdfe94f7,ACCEPT_DATA,DATA,581,1024,"unique file bytes received"
2089.814,receiver,19d2c58a-67c5-4119-a3e4-c821cdfe94f7,SEND,ACK,581,36,""
2089.826,receiver,19d2c58a-67c5-4119-a3e4-c821cdfe94f7,RECEIVE,DATA,590,1060,""
2089.829,receiver,19d2c58a-67c5-4119-a3e4-c821cdfe94f7,OUT_OF_ORDER,DATA,590,0,"arrived before missing sequence=578"
2089.831,receiver,19d2c58a-67c5-4119-a3e4-c821cdfe94f7,ACCEPT_DATA,DATA,590,1024,"unique file bytes received"
2089.833,receiver,19d2c58a-67c5-4119-a3e4-c821cdfe94f7,SEND,ACK,590,36,""
2089.838,receiver,19d2c58a-67c5-4119-a3e4-c821cdfe94f7,RECEIVE,DATA,585,1060,""
2089.841,receiver,19d2c58a-67c5-4119-a3e4-c821cdfe94f7,OUT_OF_ORDER,DATA,585,0,"arrived before missing sequence=578"
2089.843,receiver,19d2c58a-67c5-4119-a3e4-c821cdfe94f7,ACCEPT_DATA,DATA,585,1024,"unique file bytes received"
2089.845,receiver,19d2c58a-67c5-4119-a3e4-c821cdfe94f7,SEND,ACK,585,36,""
2089.850,receiver,19d2c58a-67c5-4119-a3e4-c821cdfe94f7,RECEIVE,DATA,594,1060,""
2089.852,receiver,19d2c58a-67c5-4119-a3e4-c821cdfe94f7,OUT_OF_ORDER,DATA,594,0,"arrived before missing sequence=578"
2089.867,receiver,19d2c58a-67c5-4119-a3e4-c821cdfe94f7,ACCEPT_DATA,DATA,594,1024,"unique file bytes received"
2089.869,receiver,19d2c58a-67c5-4119-a3e4-c821cdfe94f7,SEND,ACK,594,36,""
2089.873,receiver,19d2c58a-67c5-4119-a3e4-c821cdfe94f7,RECEIVE,DATA,580,1060,""
2089.875,receiver,19d2c58a-67c5-4119-a3e4-c821cdfe94f7,OUT_OF_ORDER,DATA,580,0,"arrived before missing sequence=578"
2089.877,receiver,19d2c58a-67c5-4119-a3e4-c821cdfe94f7,ACCEPT_DATA,DATA,580,1024,"unique file bytes received"
2089.880,receiver,19d2c58a-67c5-4119-a3e4-c821cdfe94f7,SEND,ACK,580,36,""
2089.884,receiver,19d2c58a-67c5-4119-a3e4-c821cdfe94f7,RECEIVE,DATA,584,1060,""
2089.886,receiver,19d2c58a-67c5-4119-a3e4-c821cdfe94f7,OUT_OF_ORDER,DATA,584,0,"arrived before missing sequence=578"
2089.888,receiver,19d2c58a-67c5-4119-a3e4-c821cdfe94f7,ACCEPT_DATA,DATA,584,1024,"unique file bytes received"
2089.890,receiver,19d2c58a-67c5-4119-a3e4-c821cdfe94f7,SEND,ACK,584,36,""
2089.894,receiver,19d2c58a-67c5-4119-a3e4-c821cdfe94f7,RECEIVE,DATA,593,1060,""
2089.897,receiver,19d2c58a-67c5-4119-a3e4-c821cdfe94f7,OUT_OF_ORDER,DATA,593,0,"arrived before missing sequence=578"
2089.899,receiver,19d2c58a-67c5-4119-a3e4-c821cdfe94f7,ACCEPT_DATA,DATA,593,1024,"unique file bytes received"
2089.901,receiver,19d2c58a-67c5-4119-a3e4-c821cdfe94f7,SEND,ACK,593,36,""
2089.905,receiver,19d2c58a-67c5-4119-a3e4-c821cdfe94f7,RECEIVE,DATA,582,1060,""
2089.908,receiver,19d2c58a-67c5-4119-a3e4-c821cdfe94f7,OUT_OF_ORDER,DATA,582,0,"arrived before missing sequence=578"
2089.910,receiver,19d2c58a-67c5-4119-a3e4-c821cdfe94f7,ACCEPT_DATA,DATA,582,1024,"unique file bytes received"
2089.912,receiver,19d2c58a-67c5-4119-a3e4-c821cdfe94f7,SEND,ACK,582,36,""
2089.916,receiver,19d2c58a-67c5-4119-a3e4-c821cdfe94f7,RECEIVE,DATA,578,1060,""
2089.918,receiver,19d2c58a-67c5-4119-a3e4-c821cdfe94f7,ACCEPT_DATA,DATA,578,1024,"unique file bytes received"
2089.920,receiver,19d2c58a-67c5-4119-a3e4-c821cdfe94f7,SEND,ACK,578,36,""
2089.925,receiver,19d2c58a-67c5-4119-a3e4-c821cdfe94f7,RECEIVE,DATA,598,1060,""
2089.927,receiver,19d2c58a-67c5-4119-a3e4-c821cdfe94f7,OUT_OF_ORDER,DATA,598,0,"arrived before missing sequence=579"
2089.929,receiver,19d2c58a-67c5-4119-a3e4-c821cdfe94f7,ACCEPT_DATA,DATA,598,1024,"unique file bytes received"
2089.931,receiver,19d2c58a-67c5-4119-a3e4-c821cdfe94f7,SEND,ACK,598,36,""
2089.935,receiver,19d2c58a-67c5-4119-a3e4-c821cdfe94f7,RECEIVE,DATA,579,1060,""
2089.938,receiver,19d2c58a-67c5-4119-a3e4-c821cdfe94f7,ACCEPT_DATA,DATA,579,1024,"unique file bytes received"
2089.940,receiver,19d2c58a-67c5-4119-a3e4-c821cdfe94f7,SEND,ACK,579,36,""
2089.944,receiver,19d2c58a-67c5-4119-a3e4-c821cdfe94f7,RECEIVE,DATA,586,1060,""
2089.946,receiver,19d2c58a-67c5-4119-a3e4-c821cdfe94f7,OUT_OF_ORDER,DATA,586,0,"arrived before missing sequence=583"
2089.948,receiver,19d2c58a-67c5-4119-a3e4-c821cdfe94f7,ACCEPT_DATA,DATA,586,1024,"unique file bytes received"
2089.951,receiver,19d2c58a-67c5-4119-a3e4-c821cdfe94f7,SEND,ACK,586,36,""
2089.955,receiver,19d2c58a-67c5-4119-a3e4-c821cdfe94f7,RECEIVE,DATA,583,1060,""
2089.957,receiver,19d2c58a-67c5-4119-a3e4-c821cdfe94f7,ACCEPT_DATA,DATA,583,1024,"unique file bytes received"
2089.959,receiver,19d2c58a-67c5-4119-a3e4-c821cdfe94f7,SEND,ACK,583,36,""
2105.459,receiver,19d2c58a-67c5-4119-a3e4-c821cdfe94f7,EMIT,ACK,573,36,""
2105.482,receiver,19d2c58a-67c5-4119-a3e4-c821cdfe94f7,EMIT,ACK,588,36,""
2105.490,receiver,19d2c58a-67c5-4119-a3e4-c821cdfe94f7,EMIT,ACK,574,36,""
2105.731,receiver,19d2c58a-67c5-4119-a3e4-c821cdfe94f7,RECEIVE,DATA,595,1060,""
2105.743,receiver,19d2c58a-67c5-4119-a3e4-c821cdfe94f7,OUT_OF_ORDER,DATA,595,0,"arrived before missing sequence=591"
2105.747,receiver,19d2c58a-67c5-4119-a3e4-c821cdfe94f7,ACCEPT_DATA,DATA,595,1024,"unique file bytes received"
2105.756,receiver,19d2c58a-67c5-4119-a3e4-c821cdfe94f7,SEND,ACK,595,36,""
2106.060,receiver,19d2c58a-67c5-4119-a3e4-c821cdfe94f7,RECEIVE,DATA,596,1060,""
2106.086,receiver,19d2c58a-67c5-4119-a3e4-c821cdfe94f7,OUT_OF_ORDER,DATA,596,0,"arrived before missing sequence=591"
2106.092,receiver,19d2c58a-67c5-4119-a3e4-c821cdfe94f7,ACCEPT_DATA,DATA,596,1024,"unique file bytes received"
2106.097,receiver,19d2c58a-67c5-4119-a3e4-c821cdfe94f7,SEND,ACK,596,36,""
2106.115,receiver,19d2c58a-67c5-4119-a3e4-c821cdfe94f7,RECEIVE,DATA,591,1060,""
2106.120,receiver,19d2c58a-67c5-4119-a3e4-c821cdfe94f7,ACCEPT_DATA,DATA,591,1024,"unique file bytes received"
2106.124,receiver,19d2c58a-67c5-4119-a3e4-c821cdfe94f7,SEND,ACK,591,36,""
2106.133,receiver,19d2c58a-67c5-4119-a3e4-c821cdfe94f7,RECEIVE,DATA,597,1060,""
2106.138,receiver,19d2c58a-67c5-4119-a3e4-c821cdfe94f7,ACCEPT_DATA,DATA,597,1024,"unique file bytes received"
2106.142,receiver,19d2c58a-67c5-4119-a3e4-c821cdfe94f7,SEND,ACK,597,36,""
2106.150,receiver,19d2c58a-67c5-4119-a3e4-c821cdfe94f7,RECEIVE,DATA,602,1060,""
2106.154,receiver,19d2c58a-67c5-4119-a3e4-c821cdfe94f7,OUT_OF_ORDER,DATA,602,0,"arrived before missing sequence=599"
2106.158,receiver,19d2c58a-67c5-4119-a3e4-c821cdfe94f7,ACCEPT_DATA,DATA,602,1024,"unique file bytes received"
2106.162,receiver,19d2c58a-67c5-4119-a3e4-c821cdfe94f7,SEND,ACK,602,36,""
2106.176,receiver,19d2c58a-67c5-4119-a3e4-c821cdfe94f7,RECEIVE,DATA,600,1060,""
2106.180,receiver,19d2c58a-67c5-4119-a3e4-c821cdfe94f7,OUT_OF_ORDER,DATA,600,0,"arrived before missing sequence=599"
2106.184,receiver,19d2c58a-67c5-4119-a3e4-c821cdfe94f7,ACCEPT_DATA,DATA,600,1024,"unique file bytes received"
2106.205,receiver,19d2c58a-67c5-4119-a3e4-c821cdfe94f7,SEND,ACK,600,36,""
2106.216,receiver,19d2c58a-67c5-4119-a3e4-c821cdfe94f7,RECEIVE,DATA,599,1060,""
2106.221,receiver,19d2c58a-67c5-4119-a3e4-c821cdfe94f7,ACCEPT_DATA,DATA,599,1024,"unique file bytes received"
2106.225,receiver,19d2c58a-67c5-4119-a3e4-c821cdfe94f7,SEND,ACK,599,36,""
2106.236,receiver,19d2c58a-67c5-4119-a3e4-c821cdfe94f7,RECEIVE,DATA,601,1060,""
2106.241,receiver,19d2c58a-67c5-4119-a3e4-c821cdfe94f7,ACCEPT_DATA,DATA,601,1024,"unique file bytes received"
2106.245,receiver,19d2c58a-67c5-4119-a3e4-c821cdfe94f7,SEND,ACK,601,36,""
2121.466,receiver,19d2c58a-67c5-4119-a3e4-c821cdfe94f7,EMIT,ACK,589,36,""
2121.508,receiver,19d2c58a-67c5-4119-a3e4-c821cdfe94f7,EMIT,ACK,592,36,""
2121.517,receiver,19d2c58a-67c5-4119-a3e4-c821cdfe94f7,EMIT,ACK,576,36,""
2121.525,receiver,19d2c58a-67c5-4119-a3e4-c821cdfe94f7,EMIT,ACK,587,36,""
2121.533,receiver,19d2c58a-67c5-4119-a3e4-c821cdfe94f7,EMIT,ACK,579,36,""
2121.541,receiver,19d2c58a-67c5-4119-a3e4-c821cdfe94f7,EMIT,ACK,572,36,""
2121.549,receiver,19d2c58a-67c5-4119-a3e4-c821cdfe94f7,EMIT,ACK,598,36,""
2121.556,receiver,19d2c58a-67c5-4119-a3e4-c821cdfe94f7,EMIT,ACK,582,36,""
2121.564,receiver,19d2c58a-67c5-4119-a3e4-c821cdfe94f7,EMIT,ACK,577,36,""
2136.383,receiver,19d2c58a-67c5-4119-a3e4-c821cdfe94f7,EMIT,ACK,584,36,""
2136.431,receiver,19d2c58a-67c5-4119-a3e4-c821cdfe94f7,EMIT,ACK,593,36,""
2136.440,receiver,19d2c58a-67c5-4119-a3e4-c821cdfe94f7,EMIT,ACK,581,36,""
2136.451,receiver,19d2c58a-67c5-4119-a3e4-c821cdfe94f7,EMIT,ACK,590,36,""
2136.459,receiver,19d2c58a-67c5-4119-a3e4-c821cdfe94f7,EMIT,ACK,583,36,""
2136.468,receiver,19d2c58a-67c5-4119-a3e4-c821cdfe94f7,EMIT,ACK,580,36,""
2136.476,receiver,19d2c58a-67c5-4119-a3e4-c821cdfe94f7,EMIT,ACK,601,36,""
2136.485,receiver,19d2c58a-67c5-4119-a3e4-c821cdfe94f7,EMIT,ACK,594,36,""
2136.766,receiver,19d2c58a-67c5-4119-a3e4-c821cdfe94f7,RECEIVE,DATA,603,1060,""
2136.790,receiver,19d2c58a-67c5-4119-a3e4-c821cdfe94f7,ACCEPT_DATA,DATA,603,1024,"unique file bytes received"
2136.793,receiver,19d2c58a-67c5-4119-a3e4-c821cdfe94f7,SEND,ACK,603,36,""
2152.463,receiver,19d2c58a-67c5-4119-a3e4-c821cdfe94f7,EMIT,ACK,595,36,""
2152.504,receiver,19d2c58a-67c5-4119-a3e4-c821cdfe94f7,EMIT,ACK,578,36,""
2152.513,receiver,19d2c58a-67c5-4119-a3e4-c821cdfe94f7,EMIT,ACK,586,36,""
2152.521,receiver,19d2c58a-67c5-4119-a3e4-c821cdfe94f7,EMIT,ACK,585,36,""
2152.529,receiver,19d2c58a-67c5-4119-a3e4-c821cdfe94f7,EMIT,ACK,596,36,""
2152.536,receiver,19d2c58a-67c5-4119-a3e4-c821cdfe94f7,EMIT,ACK,602,36,""
2152.544,receiver,19d2c58a-67c5-4119-a3e4-c821cdfe94f7,EMIT,ACK,591,36,""
2152.557,receiver,19d2c58a-67c5-4119-a3e4-c821cdfe94f7,EMIT,ACK,597,36,""
2152.564,receiver,19d2c58a-67c5-4119-a3e4-c821cdfe94f7,EMIT,ACK,599,36,""
2167.740,receiver,19d2c58a-67c5-4119-a3e4-c821cdfe94f7,EMIT,ACK,600,36,""
2167.875,receiver,19d2c58a-67c5-4119-a3e4-c821cdfe94f7,RECEIVE,DATA,604,1060,""
2167.888,receiver,19d2c58a-67c5-4119-a3e4-c821cdfe94f7,ACCEPT_DATA,DATA,604,1024,"unique file bytes received"
2167.891,receiver,19d2c58a-67c5-4119-a3e4-c821cdfe94f7,SEND,ACK,604,36,""
2167.907,receiver,19d2c58a-67c5-4119-a3e4-c821cdfe94f7,RECEIVE,DATA,606,1060,""
2167.911,receiver,19d2c58a-67c5-4119-a3e4-c821cdfe94f7,OUT_OF_ORDER,DATA,606,0,"arrived before missing sequence=605"
2167.914,receiver,19d2c58a-67c5-4119-a3e4-c821cdfe94f7,ACCEPT_DATA,DATA,606,1024,"unique file bytes received"
2167.916,receiver,19d2c58a-67c5-4119-a3e4-c821cdfe94f7,SEND,ACK,606,36,""
2167.922,receiver,19d2c58a-67c5-4119-a3e4-c821cdfe94f7,RECEIVE,DATA,607,1060,""
2167.925,receiver,19d2c58a-67c5-4119-a3e4-c821cdfe94f7,OUT_OF_ORDER,DATA,607,0,"arrived before missing sequence=605"
2167.927,receiver,19d2c58a-67c5-4119-a3e4-c821cdfe94f7,ACCEPT_DATA,DATA,607,1024,"unique file bytes received"
2167.930,receiver,19d2c58a-67c5-4119-a3e4-c821cdfe94f7,SEND,ACK,607,36,""
2167.935,receiver,19d2c58a-67c5-4119-a3e4-c821cdfe94f7,RECEIVE,DATA,608,1060,""
2167.938,receiver,19d2c58a-67c5-4119-a3e4-c821cdfe94f7,OUT_OF_ORDER,DATA,608,0,"arrived before missing sequence=605"
2167.945,receiver,19d2c58a-67c5-4119-a3e4-c821cdfe94f7,ACCEPT_DATA,DATA,608,1024,"unique file bytes received"
2167.947,receiver,19d2c58a-67c5-4119-a3e4-c821cdfe94f7,SEND,ACK,608,36,""
2167.952,receiver,19d2c58a-67c5-4119-a3e4-c821cdfe94f7,RECEIVE,DATA,609,1060,""
2167.954,receiver,19d2c58a-67c5-4119-a3e4-c821cdfe94f7,OUT_OF_ORDER,DATA,609,0,"arrived before missing sequence=605"
2167.956,receiver,19d2c58a-67c5-4119-a3e4-c821cdfe94f7,ACCEPT_DATA,DATA,609,1024,"unique file bytes received"
2167.958,receiver,19d2c58a-67c5-4119-a3e4-c821cdfe94f7,SEND,ACK,609,36,""
2167.962,receiver,19d2c58a-67c5-4119-a3e4-c821cdfe94f7,RECEIVE,DATA,605,1060,""
2167.965,receiver,19d2c58a-67c5-4119-a3e4-c821cdfe94f7,ACCEPT_DATA,DATA,605,1024,"unique file bytes received"
2167.967,receiver,19d2c58a-67c5-4119-a3e4-c821cdfe94f7,SEND,ACK,605,36,""
2183.256,receiver,19d2c58a-67c5-4119-a3e4-c821cdfe94f7,RECEIVE,DATA,615,1060,""
2183.275,receiver,19d2c58a-67c5-4119-a3e4-c821cdfe94f7,OUT_OF_ORDER,DATA,615,0,"arrived before missing sequence=610"
2183.280,receiver,19d2c58a-67c5-4119-a3e4-c821cdfe94f7,ACCEPT_DATA,DATA,615,1024,"unique file bytes received"
2183.283,receiver,19d2c58a-67c5-4119-a3e4-c821cdfe94f7,SEND,ACK,615,36,""
2183.287,receiver,19d2c58a-67c5-4119-a3e4-c821cdfe94f7,EMIT,ACK,603,36,""
2183.297,receiver,19d2c58a-67c5-4119-a3e4-c821cdfe94f7,RECEIVE,DATA,618,1060,""
2183.300,receiver,19d2c58a-67c5-4119-a3e4-c821cdfe94f7,OUT_OF_ORDER,DATA,618,0,"arrived before missing sequence=610"
2183.302,receiver,19d2c58a-67c5-4119-a3e4-c821cdfe94f7,ACCEPT_DATA,DATA,618,1024,"unique file bytes received"
2183.305,receiver,19d2c58a-67c5-4119-a3e4-c821cdfe94f7,SEND,ACK,618,36,""
2199.119,receiver,19d2c58a-67c5-4119-a3e4-c821cdfe94f7,RECEIVE,DATA,625,1060,""
2199.133,receiver,19d2c58a-67c5-4119-a3e4-c821cdfe94f7,OUT_OF_ORDER,DATA,625,0,"arrived before missing sequence=610"
2199.137,receiver,19d2c58a-67c5-4119-a3e4-c821cdfe94f7,ACCEPT_DATA,DATA,625,1024,"unique file bytes received"
2199.141,receiver,19d2c58a-67c5-4119-a3e4-c821cdfe94f7,SEND,ACK,625,36,""
2199.155,receiver,19d2c58a-67c5-4119-a3e4-c821cdfe94f7,RECEIVE,DATA,621,1060,""
2199.161,receiver,19d2c58a-67c5-4119-a3e4-c821cdfe94f7,OUT_OF_ORDER,DATA,621,0,"arrived before missing sequence=610"
2199.164,receiver,19d2c58a-67c5-4119-a3e4-c821cdfe94f7,ACCEPT_DATA,DATA,621,1024,"unique file bytes received"
2199.167,receiver,19d2c58a-67c5-4119-a3e4-c821cdfe94f7,SEND,ACK,621,36,""
2199.174,receiver,19d2c58a-67c5-4119-a3e4-c821cdfe94f7,RECEIVE,DATA,611,1060,""
2199.177,receiver,19d2c58a-67c5-4119-a3e4-c821cdfe94f7,OUT_OF_ORDER,DATA,611,0,"arrived before missing sequence=610"
2199.180,receiver,19d2c58a-67c5-4119-a3e4-c821cdfe94f7,ACCEPT_DATA,DATA,611,1024,"unique file bytes received"
2199.183,receiver,19d2c58a-67c5-4119-a3e4-c821cdfe94f7,SEND,ACK,611,36,""
2199.189,receiver,19d2c58a-67c5-4119-a3e4-c821cdfe94f7,RECEIVE,DATA,619,1060,""
2199.196,receiver,19d2c58a-67c5-4119-a3e4-c821cdfe94f7,OUT_OF_ORDER,DATA,619,0,"arrived before missing sequence=610"
2199.198,receiver,19d2c58a-67c5-4119-a3e4-c821cdfe94f7,ACCEPT_DATA,DATA,619,1024,"unique file bytes received"
2199.200,receiver,19d2c58a-67c5-4119-a3e4-c821cdfe94f7,SEND,ACK,619,36,""
2199.206,receiver,19d2c58a-67c5-4119-a3e4-c821cdfe94f7,RECEIVE,DATA,610,1060,""
2199.209,receiver,19d2c58a-67c5-4119-a3e4-c821cdfe94f7,ACCEPT_DATA,DATA,610,1024,"unique file bytes received"
2199.212,receiver,19d2c58a-67c5-4119-a3e4-c821cdfe94f7,SEND,ACK,610,36,""
2199.218,receiver,19d2c58a-67c5-4119-a3e4-c821cdfe94f7,RECEIVE,DATA,617,1060,""
2199.221,receiver,19d2c58a-67c5-4119-a3e4-c821cdfe94f7,OUT_OF_ORDER,DATA,617,0,"arrived before missing sequence=612"
2199.223,receiver,19d2c58a-67c5-4119-a3e4-c821cdfe94f7,ACCEPT_DATA,DATA,617,1024,"unique file bytes received"
2199.226,receiver,19d2c58a-67c5-4119-a3e4-c821cdfe94f7,SEND,ACK,617,36,""
2199.231,receiver,19d2c58a-67c5-4119-a3e4-c821cdfe94f7,RECEIVE,DATA,620,1060,""
2199.234,receiver,19d2c58a-67c5-4119-a3e4-c821cdfe94f7,OUT_OF_ORDER,DATA,620,0,"arrived before missing sequence=612"
2199.237,receiver,19d2c58a-67c5-4119-a3e4-c821cdfe94f7,ACCEPT_DATA,DATA,620,1024,"unique file bytes received"
2199.239,receiver,19d2c58a-67c5-4119-a3e4-c821cdfe94f7,SEND,ACK,620,36,""
2199.245,receiver,19d2c58a-67c5-4119-a3e4-c821cdfe94f7,RECEIVE,DATA,626,1060,""
2199.251,receiver,19d2c58a-67c5-4119-a3e4-c821cdfe94f7,OUT_OF_ORDER,DATA,626,0,"arrived before missing sequence=612"
2199.254,receiver,19d2c58a-67c5-4119-a3e4-c821cdfe94f7,ACCEPT_DATA,DATA,626,1024,"unique file bytes received"
2199.256,receiver,19d2c58a-67c5-4119-a3e4-c821cdfe94f7,SEND,ACK,626,36,""
2199.261,receiver,19d2c58a-67c5-4119-a3e4-c821cdfe94f7,RECEIVE,DATA,630,1060,""
2199.264,receiver,19d2c58a-67c5-4119-a3e4-c821cdfe94f7,OUT_OF_ORDER,DATA,630,0,"arrived before missing sequence=612"
2199.267,receiver,19d2c58a-67c5-4119-a3e4-c821cdfe94f7,ACCEPT_DATA,DATA,630,1024,"unique file bytes received"
2199.269,receiver,19d2c58a-67c5-4119-a3e4-c821cdfe94f7,SEND,ACK,630,36,""
2199.275,receiver,19d2c58a-67c5-4119-a3e4-c821cdfe94f7,RECEIVE,DATA,614,1060,""
2199.278,receiver,19d2c58a-67c5-4119-a3e4-c821cdfe94f7,OUT_OF_ORDER,DATA,614,0,"arrived before missing sequence=612"
2199.280,receiver,19d2c58a-67c5-4119-a3e4-c821cdfe94f7,ACCEPT_DATA,DATA,614,1024,"unique file bytes received"
2199.283,receiver,19d2c58a-67c5-4119-a3e4-c821cdfe94f7,SEND,ACK,614,36,""
2199.318,receiver,19d2c58a-67c5-4119-a3e4-c821cdfe94f7,EMIT,ACK,604,36,""
2199.329,receiver,19d2c58a-67c5-4119-a3e4-c821cdfe94f7,RECEIVE,DATA,631,1060,""
2199.332,receiver,19d2c58a-67c5-4119-a3e4-c821cdfe94f7,OUT_OF_ORDER,DATA,631,0,"arrived before missing sequence=612"
2199.334,receiver,19d2c58a-67c5-4119-a3e4-c821cdfe94f7,ACCEPT_DATA,DATA,631,1024,"unique file bytes received"
2199.337,receiver,19d2c58a-67c5-4119-a3e4-c821cdfe94f7,SEND,ACK,631,36,""
2199.340,receiver,19d2c58a-67c5-4119-a3e4-c821cdfe94f7,EMIT,ACK,606,36,""
2199.343,receiver,19d2c58a-67c5-4119-a3e4-c821cdfe94f7,RECEIVE,DATA,612,1060,""
2199.347,receiver,19d2c58a-67c5-4119-a3e4-c821cdfe94f7,ACCEPT_DATA,DATA,612,1024,"unique file bytes received"
2199.349,receiver,19d2c58a-67c5-4119-a3e4-c821cdfe94f7,SEND,ACK,612,36,""
2199.354,receiver,19d2c58a-67c5-4119-a3e4-c821cdfe94f7,RECEIVE,DATA,613,1060,""
2199.357,receiver,19d2c58a-67c5-4119-a3e4-c821cdfe94f7,ACCEPT_DATA,DATA,613,1024,"unique file bytes received"
2199.360,receiver,19d2c58a-67c5-4119-a3e4-c821cdfe94f7,SEND,ACK,613,36,""
2199.365,receiver,19d2c58a-67c5-4119-a3e4-c821cdfe94f7,RECEIVE,DATA,629,1060,""
2199.368,receiver,19d2c58a-67c5-4119-a3e4-c821cdfe94f7,OUT_OF_ORDER,DATA,629,0,"arrived before missing sequence=616"
2199.370,receiver,19d2c58a-67c5-4119-a3e4-c821cdfe94f7,ACCEPT_DATA,DATA,629,1024,"unique file bytes received"
2199.373,receiver,19d2c58a-67c5-4119-a3e4-c821cdfe94f7,SEND,ACK,629,36,""
2199.378,receiver,19d2c58a-67c5-4119-a3e4-c821cdfe94f7,RECEIVE,DATA,623,1060,""
2199.381,receiver,19d2c58a-67c5-4119-a3e4-c821cdfe94f7,OUT_OF_ORDER,DATA,623,0,"arrived before missing sequence=616"
2199.383,receiver,19d2c58a-67c5-4119-a3e4-c821cdfe94f7,ACCEPT_DATA,DATA,623,1024,"unique file bytes received"
2199.386,receiver,19d2c58a-67c5-4119-a3e4-c821cdfe94f7,SEND,ACK,623,36,""
2215.003,receiver,19d2c58a-67c5-4119-a3e4-c821cdfe94f7,RECEIVE,DATA,624,1060,""
2215.030,receiver,19d2c58a-67c5-4119-a3e4-c821cdfe94f7,EMIT,ACK,608,36,""
2215.050,receiver,19d2c58a-67c5-4119-a3e4-c821cdfe94f7,OUT_OF_ORDER,DATA,624,0,"arrived before missing sequence=616"
2215.055,receiver,19d2c58a-67c5-4119-a3e4-c821cdfe94f7,ACCEPT_DATA,DATA,624,1024,"unique file bytes received"
2215.059,receiver,19d2c58a-67c5-4119-a3e4-c821cdfe94f7,SEND,ACK,624,36,""
2215.072,receiver,19d2c58a-67c5-4119-a3e4-c821cdfe94f7,EMIT,ACK,618,36,""
2215.082,receiver,19d2c58a-67c5-4119-a3e4-c821cdfe94f7,RECEIVE,DATA,628,1060,""
2215.095,receiver,19d2c58a-67c5-4119-a3e4-c821cdfe94f7,OUT_OF_ORDER,DATA,628,0,"arrived before missing sequence=616"
2215.099,receiver,19d2c58a-67c5-4119-a3e4-c821cdfe94f7,ACCEPT_DATA,DATA,628,1024,"unique file bytes received"
2215.102,receiver,19d2c58a-67c5-4119-a3e4-c821cdfe94f7,SEND,ACK,628,36,""
2215.105,receiver,19d2c58a-67c5-4119-a3e4-c821cdfe94f7,EMIT,ACK,615,36,""
2215.112,receiver,19d2c58a-67c5-4119-a3e4-c821cdfe94f7,RECEIVE,DATA,616,1060,""
2215.116,receiver,19d2c58a-67c5-4119-a3e4-c821cdfe94f7,ACCEPT_DATA,DATA,616,1024,"unique file bytes received"
2215.119,receiver,19d2c58a-67c5-4119-a3e4-c821cdfe94f7,SEND,ACK,616,36,""
2215.126,receiver,19d2c58a-67c5-4119-a3e4-c821cdfe94f7,RECEIVE,DATA,622,1060,""
2215.129,receiver,19d2c58a-67c5-4119-a3e4-c821cdfe94f7,EMIT,ACK,607,36,""
2215.136,receiver,19d2c58a-67c5-4119-a3e4-c821cdfe94f7,ACCEPT_DATA,DATA,622,1024,"unique file bytes received"
2215.139,receiver,19d2c58a-67c5-4119-a3e4-c821cdfe94f7,SEND,ACK,622,36,""
2215.146,receiver,19d2c58a-67c5-4119-a3e4-c821cdfe94f7,RECEIVE,DATA,634,1060,""
2215.149,receiver,19d2c58a-67c5-4119-a3e4-c821cdfe94f7,EMIT,ACK,605,36,""
2215.156,receiver,19d2c58a-67c5-4119-a3e4-c821cdfe94f7,OUT_OF_ORDER,DATA,634,0,"arrived before missing sequence=627"
2215.165,receiver,19d2c58a-67c5-4119-a3e4-c821cdfe94f7,ACCEPT_DATA,DATA,634,1024,"unique file bytes received"
2215.167,receiver,19d2c58a-67c5-4119-a3e4-c821cdfe94f7,SEND,ACK,634,36,""
2215.174,receiver,19d2c58a-67c5-4119-a3e4-c821cdfe94f7,RECEIVE,DATA,627,1060,""
2215.177,receiver,19d2c58a-67c5-4119-a3e4-c821cdfe94f7,ACCEPT_DATA,DATA,627,1024,"unique file bytes received"
2215.180,receiver,19d2c58a-67c5-4119-a3e4-c821cdfe94f7,SEND,ACK,627,36,""
2215.186,receiver,19d2c58a-67c5-4119-a3e4-c821cdfe94f7,RECEIVE,DATA,632,1060,""
2215.189,receiver,19d2c58a-67c5-4119-a3e4-c821cdfe94f7,ACCEPT_DATA,DATA,632,1024,"unique file bytes received"
2215.192,receiver,19d2c58a-67c5-4119-a3e4-c821cdfe94f7,SEND,ACK,632,36,""
2230.011,receiver,19d2c58a-67c5-4119-a3e4-c821cdfe94f7,EMIT,ACK,609,36,""
2230.056,receiver,19d2c58a-67c5-4119-a3e4-c821cdfe94f7,EMIT,ACK,613,36,""
2230.064,receiver,19d2c58a-67c5-4119-a3e4-c821cdfe94f7,EMIT,ACK,611,36,""
2230.072,receiver,19d2c58a-67c5-4119-a3e4-c821cdfe94f7,EMIT,ACK,617,36,""
2230.160,receiver,19d2c58a-67c5-4119-a3e4-c821cdfe94f7,RECEIVE,DATA,633,1060,""
2230.171,receiver,19d2c58a-67c5-4119-a3e4-c821cdfe94f7,ACCEPT_DATA,DATA,633,1024,"unique file bytes received"
2230.175,receiver,19d2c58a-67c5-4119-a3e4-c821cdfe94f7,SEND,ACK,633,36,""
2246.035,receiver,19d2c58a-67c5-4119-a3e4-c821cdfe94f7,EMIT,ACK,621,36,""
2246.094,receiver,19d2c58a-67c5-4119-a3e4-c821cdfe94f7,EMIT,ACK,630,36,""
2246.105,receiver,19d2c58a-67c5-4119-a3e4-c821cdfe94f7,EMIT,ACK,610,36,""
2246.116,receiver,19d2c58a-67c5-4119-a3e4-c821cdfe94f7,EMIT,ACK,623,36,""
2246.126,receiver,19d2c58a-67c5-4119-a3e4-c821cdfe94f7,RECEIVE,DATA,635,1060,""
2246.149,receiver,19d2c58a-67c5-4119-a3e4-c821cdfe94f7,EMIT,ACK,625,36,""
2246.155,receiver,19d2c58a-67c5-4119-a3e4-c821cdfe94f7,ACCEPT_DATA,DATA,635,1024,"unique file bytes received"
2246.166,receiver,19d2c58a-67c5-4119-a3e4-c821cdfe94f7,EMIT,ACK,612,36,""
2246.170,receiver,19d2c58a-67c5-4119-a3e4-c821cdfe94f7,SEND,ACK,635,36,""
2246.176,receiver,19d2c58a-67c5-4119-a3e4-c821cdfe94f7,EMIT,ACK,616,36,""
2246.187,receiver,19d2c58a-67c5-4119-a3e4-c821cdfe94f7,EMIT,ACK,629,36,""
2246.192,receiver,19d2c58a-67c5-4119-a3e4-c821cdfe94f7,RECEIVE,DATA,636,1060,""
2246.196,receiver,19d2c58a-67c5-4119-a3e4-c821cdfe94f7,ACCEPT_DATA,DATA,636,1024,"unique file bytes received"
2246.199,receiver,19d2c58a-67c5-4119-a3e4-c821cdfe94f7,EMIT,ACK,614,36,""
2246.202,receiver,19d2c58a-67c5-4119-a3e4-c821cdfe94f7,SEND,ACK,636,36,""
2246.208,receiver,19d2c58a-67c5-4119-a3e4-c821cdfe94f7,EMIT,ACK,626,36,""
2246.212,receiver,19d2c58a-67c5-4119-a3e4-c821cdfe94f7,RECEIVE,DATA,637,1060,""
2246.216,receiver,19d2c58a-67c5-4119-a3e4-c821cdfe94f7,ACCEPT_DATA,DATA,637,1024,"unique file bytes received"
2246.219,receiver,19d2c58a-67c5-4119-a3e4-c821cdfe94f7,SEND,ACK,637,36,""
2246.225,receiver,19d2c58a-67c5-4119-a3e4-c821cdfe94f7,RECEIVE,DATA,639,1060,""
2246.229,receiver,19d2c58a-67c5-4119-a3e4-c821cdfe94f7,OUT_OF_ORDER,DATA,639,0,"arrived before missing sequence=638"
2246.233,receiver,19d2c58a-67c5-4119-a3e4-c821cdfe94f7,ACCEPT_DATA,DATA,639,1024,"unique file bytes received"
2246.236,receiver,19d2c58a-67c5-4119-a3e4-c821cdfe94f7,SEND,ACK,639,36,""
2262.148,receiver,19d2c58a-67c5-4119-a3e4-c821cdfe94f7,EMIT,ACK,631,36,""
2262.182,receiver,19d2c58a-67c5-4119-a3e4-c821cdfe94f7,EMIT,ACK,627,36,""
2262.189,receiver,19d2c58a-67c5-4119-a3e4-c821cdfe94f7,EMIT,ACK,620,36,""
2262.196,receiver,19d2c58a-67c5-4119-a3e4-c821cdfe94f7,EMIT,ACK,619,36,""
2262.203,receiver,19d2c58a-67c5-4119-a3e4-c821cdfe94f7,EMIT,ACK,632,36,""
2262.209,receiver,19d2c58a-67c5-4119-a3e4-c821cdfe94f7,EMIT,ACK,622,36,""
2262.215,receiver,19d2c58a-67c5-4119-a3e4-c821cdfe94f7,EMIT,ACK,628,36,""
2262.222,receiver,19d2c58a-67c5-4119-a3e4-c821cdfe94f7,EMIT,ACK,634,36,""
2262.229,receiver,19d2c58a-67c5-4119-a3e4-c821cdfe94f7,EMIT,ACK,624,36,""
2262.546,receiver,19d2c58a-67c5-4119-a3e4-c821cdfe94f7,RECEIVE,DATA,638,1060,""
2262.556,receiver,19d2c58a-67c5-4119-a3e4-c821cdfe94f7,ACCEPT_DATA,DATA,638,1024,"unique file bytes received"
2262.560,receiver,19d2c58a-67c5-4119-a3e4-c821cdfe94f7,SEND,ACK,638,36,""
2262.572,receiver,19d2c58a-67c5-4119-a3e4-c821cdfe94f7,RECEIVE,DATA,641,1060,""
2262.575,receiver,19d2c58a-67c5-4119-a3e4-c821cdfe94f7,OUT_OF_ORDER,DATA,641,0,"arrived before missing sequence=640"
2262.578,receiver,19d2c58a-67c5-4119-a3e4-c821cdfe94f7,ACCEPT_DATA,DATA,641,1024,"unique file bytes received"
2262.601,receiver,19d2c58a-67c5-4119-a3e4-c821cdfe94f7,SEND,ACK,641,36,""
2277.099,receiver,19d2c58a-67c5-4119-a3e4-c821cdfe94f7,RECEIVE,DATA,640,1060,""
2277.136,receiver,19d2c58a-67c5-4119-a3e4-c821cdfe94f7,ACCEPT_DATA,DATA,640,1024,"unique file bytes received"
2277.146,receiver,19d2c58a-67c5-4119-a3e4-c821cdfe94f7,SEND,ACK,640,36,""
2277.292,receiver,19d2c58a-67c5-4119-a3e4-c821cdfe94f7,EMIT,ACK,633,36,""
2277.296,receiver,19d2c58a-67c5-4119-a3e4-c821cdfe94f7,RECEIVE,DATA,645,1060,""
2277.306,receiver,19d2c58a-67c5-4119-a3e4-c821cdfe94f7,OUT_OF_ORDER,DATA,645,0,"arrived before missing sequence=642"
2277.313,receiver,19d2c58a-67c5-4119-a3e4-c821cdfe94f7,ACCEPT_DATA,DATA,645,1024,"unique file bytes received"
2277.319,receiver,19d2c58a-67c5-4119-a3e4-c821cdfe94f7,SEND,ACK,645,36,""
2277.325,receiver,19d2c58a-67c5-4119-a3e4-c821cdfe94f7,EMIT,ACK,635,36,""
2277.358,receiver,19d2c58a-67c5-4119-a3e4-c821cdfe94f7,EMIT,ACK,639,36,""
2277.383,receiver,19d2c58a-67c5-4119-a3e4-c821cdfe94f7,RECEIVE,DATA,643,1060,""
2277.394,receiver,19d2c58a-67c5-4119-a3e4-c821cdfe94f7,OUT_OF_ORDER,DATA,643,0,"arrived before missing sequence=642"
2277.402,receiver,19d2c58a-67c5-4119-a3e4-c821cdfe94f7,ACCEPT_DATA,DATA,643,1024,"unique file bytes received"
2277.405,receiver,19d2c58a-67c5-4119-a3e4-c821cdfe94f7,SEND,ACK,643,36,""
2277.409,receiver,19d2c58a-67c5-4119-a3e4-c821cdfe94f7,EMIT,ACK,637,36,""
2277.418,receiver,19d2c58a-67c5-4119-a3e4-c821cdfe94f7,RECEIVE,DATA,647,1060,""
2277.421,receiver,19d2c58a-67c5-4119-a3e4-c821cdfe94f7,OUT_OF_ORDER,DATA,647,0,"arrived before missing sequence=642"
2277.424,receiver,19d2c58a-67c5-4119-a3e4-c821cdfe94f7,ACCEPT_DATA,DATA,647,1024,"unique file bytes received"
2277.427,receiver,19d2c58a-67c5-4119-a3e4-c821cdfe94f7,SEND,ACK,647,36,""
2277.433,receiver,19d2c58a-67c5-4119-a3e4-c821cdfe94f7,RECEIVE,DATA,644,1060,""
2277.435,receiver,19d2c58a-67c5-4119-a3e4-c821cdfe94f7,OUT_OF_ORDER,DATA,644,0,"arrived before missing sequence=642"
2277.438,receiver,19d2c58a-67c5-4119-a3e4-c821cdfe94f7,ACCEPT_DATA,DATA,644,1024,"unique file bytes received"
2277.440,receiver,19d2c58a-67c5-4119-a3e4-c821cdfe94f7,SEND,ACK,644,36,""
2277.446,receiver,19d2c58a-67c5-4119-a3e4-c821cdfe94f7,RECEIVE,DATA,649,1060,""
2277.449,receiver,19d2c58a-67c5-4119-a3e4-c821cdfe94f7,OUT_OF_ORDER,DATA,649,0,"arrived before missing sequence=642"
2277.451,receiver,19d2c58a-67c5-4119-a3e4-c821cdfe94f7,ACCEPT_DATA,DATA,649,1024,"unique file bytes received"
2277.454,receiver,19d2c58a-67c5-4119-a3e4-c821cdfe94f7,SEND,ACK,649,36,""
2292.492,receiver,19d2c58a-67c5-4119-a3e4-c821cdfe94f7,EMIT,ACK,636,36,""
2292.686,receiver,19d2c58a-67c5-4119-a3e4-c821cdfe94f7,RECEIVE,DATA,650,1060,""
2292.696,receiver,19d2c58a-67c5-4119-a3e4-c821cdfe94f7,OUT_OF_ORDER,DATA,650,0,"arrived before missing sequence=642"
2292.699,receiver,19d2c58a-67c5-4119-a3e4-c821cdfe94f7,ACCEPT_DATA,DATA,650,1024,"unique file bytes received"
2292.702,receiver,19d2c58a-67c5-4119-a3e4-c821cdfe94f7,SEND,ACK,650,36,""
2292.714,receiver,19d2c58a-67c5-4119-a3e4-c821cdfe94f7,RECEIVE,DATA,642,1060,""
2292.717,receiver,19d2c58a-67c5-4119-a3e4-c821cdfe94f7,ACCEPT_DATA,DATA,642,1024,"unique file bytes received"
2292.719,receiver,19d2c58a-67c5-4119-a3e4-c821cdfe94f7,SEND,ACK,642,36,""
2292.723,receiver,19d2c58a-67c5-4119-a3e4-c821cdfe94f7,RECEIVE,DATA,646,1060,""
2292.726,receiver,19d2c58a-67c5-4119-a3e4-c821cdfe94f7,ACCEPT_DATA,DATA,646,1024,"unique file bytes received"
2292.728,receiver,19d2c58a-67c5-4119-a3e4-c821cdfe94f7,SEND,ACK,646,36,""
2292.739,receiver,19d2c58a-67c5-4119-a3e4-c821cdfe94f7,RECEIVE,DATA,656,1060,""
2292.741,receiver,19d2c58a-67c5-4119-a3e4-c821cdfe94f7,OUT_OF_ORDER,DATA,656,0,"arrived before missing sequence=648"
2292.744,receiver,19d2c58a-67c5-4119-a3e4-c821cdfe94f7,ACCEPT_DATA,DATA,656,1024,"unique file bytes received"
2292.746,receiver,19d2c58a-67c5-4119-a3e4-c821cdfe94f7,SEND,ACK,656,36,""
2292.751,receiver,19d2c58a-67c5-4119-a3e4-c821cdfe94f7,RECEIVE,DATA,657,1060,""
2292.753,receiver,19d2c58a-67c5-4119-a3e4-c821cdfe94f7,OUT_OF_ORDER,DATA,657,0,"arrived before missing sequence=648"
2292.758,receiver,19d2c58a-67c5-4119-a3e4-c821cdfe94f7,ACCEPT_DATA,DATA,657,1024,"unique file bytes received"
2292.761,receiver,19d2c58a-67c5-4119-a3e4-c821cdfe94f7,SEND,ACK,657,36,""
2292.765,receiver,19d2c58a-67c5-4119-a3e4-c821cdfe94f7,RECEIVE,DATA,659,1060,""
2292.768,receiver,19d2c58a-67c5-4119-a3e4-c821cdfe94f7,OUT_OF_ORDER,DATA,659,0,"arrived before missing sequence=648"
2292.770,receiver,19d2c58a-67c5-4119-a3e4-c821cdfe94f7,ACCEPT_DATA,DATA,659,1024,"unique file bytes received"
2292.772,receiver,19d2c58a-67c5-4119-a3e4-c821cdfe94f7,SEND,ACK,659,36,""
2292.777,receiver,19d2c58a-67c5-4119-a3e4-c821cdfe94f7,RECEIVE,DATA,661,1060,""
2292.779,receiver,19d2c58a-67c5-4119-a3e4-c821cdfe94f7,OUT_OF_ORDER,DATA,661,0,"arrived before missing sequence=648"
2292.781,receiver,19d2c58a-67c5-4119-a3e4-c821cdfe94f7,ACCEPT_DATA,DATA,661,1024,"unique file bytes received"
2292.783,receiver,19d2c58a-67c5-4119-a3e4-c821cdfe94f7,SEND,ACK,661,36,""
2307.999,receiver,19d2c58a-67c5-4119-a3e4-c821cdfe94f7,EMIT,ACK,638,36,""
2308.036,receiver,19d2c58a-67c5-4119-a3e4-c821cdfe94f7,EMIT,ACK,641,36,""
2308.042,receiver,19d2c58a-67c5-4119-a3e4-c821cdfe94f7,RECEIVE,DATA,651,1060,""
2308.060,receiver,19d2c58a-67c5-4119-a3e4-c821cdfe94f7,EMIT,ACK,640,36,""
2308.064,receiver,19d2c58a-67c5-4119-a3e4-c821cdfe94f7,OUT_OF_ORDER,DATA,651,0,"arrived before missing sequence=648"
2308.068,receiver,19d2c58a-67c5-4119-a3e4-c821cdfe94f7,ACCEPT_DATA,DATA,651,1024,"unique file bytes received"
2308.071,receiver,19d2c58a-67c5-4119-a3e4-c821cdfe94f7,SEND,ACK,651,36,""
2308.075,receiver,19d2c58a-67c5-4119-a3e4-c821cdfe94f7,EMIT,ACK,649,36,""
2308.085,receiver,19d2c58a-67c5-4119-a3e4-c821cdfe94f7,RECEIVE,DATA,652,1060,""
2308.088,receiver,19d2c58a-67c5-4119-a3e4-c821cdfe94f7,OUT_OF_ORDER,DATA,652,0,"arrived before missing sequence=648"
2308.091,receiver,19d2c58a-67c5-4119-a3e4-c821cdfe94f7,ACCEPT_DATA,DATA,652,1024,"unique file bytes received"
2308.094,receiver,19d2c58a-67c5-4119-a3e4-c821cdfe94f7,SEND,ACK,652,36,""
2308.100,receiver,19d2c58a-67c5-4119-a3e4-c821cdfe94f7,RECEIVE,DATA,648,1060,""
2308.103,receiver,19d2c58a-67c5-4119-a3e4-c821cdfe94f7,ACCEPT_DATA,DATA,648,1024,"unique file bytes received"
2308.106,receiver,19d2c58a-67c5-4119-a3e4-c821cdfe94f7,SEND,ACK,648,36,""
2308.111,receiver,19d2c58a-67c5-4119-a3e4-c821cdfe94f7,RECEIVE,DATA,658,1060,""
2308.114,receiver,19d2c58a-67c5-4119-a3e4-c821cdfe94f7,OUT_OF_ORDER,DATA,658,0,"arrived before missing sequence=653"
2308.117,receiver,19d2c58a-67c5-4119-a3e4-c821cdfe94f7,ACCEPT_DATA,DATA,658,1024,"unique file bytes received"
2308.120,receiver,19d2c58a-67c5-4119-a3e4-c821cdfe94f7,SEND,ACK,658,36,""
2308.125,receiver,19d2c58a-67c5-4119-a3e4-c821cdfe94f7,RECEIVE,DATA,660,1060,""
2308.128,receiver,19d2c58a-67c5-4119-a3e4-c821cdfe94f7,OUT_OF_ORDER,DATA,660,0,"arrived before missing sequence=653"
2308.131,receiver,19d2c58a-67c5-4119-a3e4-c821cdfe94f7,ACCEPT_DATA,DATA,660,1024,"unique file bytes received"
2308.133,receiver,19d2c58a-67c5-4119-a3e4-c821cdfe94f7,SEND,ACK,660,36,""
2308.139,receiver,19d2c58a-67c5-4119-a3e4-c821cdfe94f7,RECEIVE,DATA,664,1060,""
2308.142,receiver,19d2c58a-67c5-4119-a3e4-c821cdfe94f7,OUT_OF_ORDER,DATA,664,0,"arrived before missing sequence=653"
2308.145,receiver,19d2c58a-67c5-4119-a3e4-c821cdfe94f7,ACCEPT_DATA,DATA,664,1024,"unique file bytes received"
2308.147,receiver,19d2c58a-67c5-4119-a3e4-c821cdfe94f7,SEND,ACK,664,36,""
2308.153,receiver,19d2c58a-67c5-4119-a3e4-c821cdfe94f7,RECEIVE,DATA,662,1060,""
2308.156,receiver,19d2c58a-67c5-4119-a3e4-c821cdfe94f7,OUT_OF_ORDER,DATA,662,0,"arrived before missing sequence=653"
2308.159,receiver,19d2c58a-67c5-4119-a3e4-c821cdfe94f7,ACCEPT_DATA,DATA,662,1024,"unique file bytes received"
2308.161,receiver,19d2c58a-67c5-4119-a3e4-c821cdfe94f7,SEND,ACK,662,36,""
2308.166,receiver,19d2c58a-67c5-4119-a3e4-c821cdfe94f7,RECEIVE,DATA,654,1060,""
2308.169,receiver,19d2c58a-67c5-4119-a3e4-c821cdfe94f7,OUT_OF_ORDER,DATA,654,0,"arrived before missing sequence=653"
2308.266,receiver,19d2c58a-67c5-4119-a3e4-c821cdfe94f7,ACCEPT_DATA,DATA,654,1024,"unique file bytes received"
2308.269,receiver,19d2c58a-67c5-4119-a3e4-c821cdfe94f7,SEND,ACK,654,36,""
2308.276,receiver,19d2c58a-67c5-4119-a3e4-c821cdfe94f7,RECEIVE,DATA,667,1060,""
2308.279,receiver,19d2c58a-67c5-4119-a3e4-c821cdfe94f7,OUT_OF_ORDER,DATA,667,0,"arrived before missing sequence=653"
2308.282,receiver,19d2c58a-67c5-4119-a3e4-c821cdfe94f7,ACCEPT_DATA,DATA,667,1024,"unique file bytes received"
2308.285,receiver,19d2c58a-67c5-4119-a3e4-c821cdfe94f7,SEND,ACK,667,36,""
2308.290,receiver,19d2c58a-67c5-4119-a3e4-c821cdfe94f7,RECEIVE,DATA,653,1060,""
2308.293,receiver,19d2c58a-67c5-4119-a3e4-c821cdfe94f7,ACCEPT_DATA,DATA,653,1024,"unique file bytes received"
2308.296,receiver,19d2c58a-67c5-4119-a3e4-c821cdfe94f7,SEND,ACK,653,36,""
2308.301,receiver,19d2c58a-67c5-4119-a3e4-c821cdfe94f7,RECEIVE,DATA,663,1060,""
2308.304,receiver,19d2c58a-67c5-4119-a3e4-c821cdfe94f7,OUT_OF_ORDER,DATA,663,0,"arrived before missing sequence=655"
2308.307,receiver,19d2c58a-67c5-4119-a3e4-c821cdfe94f7,ACCEPT_DATA,DATA,663,1024,"unique file bytes received"
2308.309,receiver,19d2c58a-67c5-4119-a3e4-c821cdfe94f7,SEND,ACK,663,36,""
2324.113,receiver,19d2c58a-67c5-4119-a3e4-c821cdfe94f7,EMIT,ACK,646,36,""
2324.186,receiver,19d2c58a-67c5-4119-a3e4-c821cdfe94f7,RECEIVE,DATA,665,1060,""
2324.197,receiver,19d2c58a-67c5-4119-a3e4-c821cdfe94f7,EMIT,ACK,643,36,""
2324.201,receiver,19d2c58a-67c5-4119-a3e4-c821cdfe94f7,OUT_OF_ORDER,DATA,665,0,"arrived before missing sequence=655"
2324.206,receiver,19d2c58a-67c5-4119-a3e4-c821cdfe94f7,EMIT,ACK,642,36,""
2324.209,receiver,19d2c58a-67c5-4119-a3e4-c821cdfe94f7,ACCEPT_DATA,DATA,665,1024,"unique file bytes received"
2324.213,receiver,19d2c58a-67c5-4119-a3e4-c821cdfe94f7,SEND,ACK,665,36,""
2324.228,receiver,19d2c58a-67c5-4119-a3e4-c821cdfe94f7,RECEIVE,DATA,655,1060,""
2324.232,receiver,19d2c58a-67c5-4119-a3e4-c821cdfe94f7,ACCEPT_DATA,DATA,655,1024,"unique file bytes received"
2324.240,receiver,19d2c58a-67c5-4119-a3e4-c821cdfe94f7,SEND,ACK,655,36,""
2340.170,receiver,19d2c58a-67c5-4119-a3e4-c821cdfe94f7,EMIT,ACK,644,36,""
2340.194,receiver,19d2c58a-67c5-4119-a3e4-c821cdfe94f7,EMIT,ACK,647,36,""
2340.202,receiver,19d2c58a-67c5-4119-a3e4-c821cdfe94f7,EMIT,ACK,645,36,""
2340.208,receiver,19d2c58a-67c5-4119-a3e4-c821cdfe94f7,EMIT,ACK,660,36,""
2340.221,receiver,19d2c58a-67c5-4119-a3e4-c821cdfe94f7,EMIT,ACK,654,36,""
2340.228,receiver,19d2c58a-67c5-4119-a3e4-c821cdfe94f7,EMIT,ACK,650,36,""
2340.234,receiver,19d2c58a-67c5-4119-a3e4-c821cdfe94f7,EMIT,ACK,662,36,""
2340.241,receiver,19d2c58a-67c5-4119-a3e4-c821cdfe94f7,EMIT,ACK,659,36,""
2340.247,receiver,19d2c58a-67c5-4119-a3e4-c821cdfe94f7,EMIT,ACK,664,36,""
2340.257,receiver,19d2c58a-67c5-4119-a3e4-c821cdfe94f7,EMIT,ACK,663,36,""
2340.266,receiver,19d2c58a-67c5-4119-a3e4-c821cdfe94f7,EMIT,ACK,656,36,""
2340.378,receiver,19d2c58a-67c5-4119-a3e4-c821cdfe94f7,RECEIVE,DATA,666,1060,""
2340.393,receiver,19d2c58a-67c5-4119-a3e4-c821cdfe94f7,ACCEPT_DATA,DATA,666,1024,"unique file bytes received"
2340.397,receiver,19d2c58a-67c5-4119-a3e4-c821cdfe94f7,SEND,ACK,666,36,""
2340.412,receiver,19d2c58a-67c5-4119-a3e4-c821cdfe94f7,RECEIVE,DATA,668,1060,""
2340.416,receiver,19d2c58a-67c5-4119-a3e4-c821cdfe94f7,ACCEPT_DATA,DATA,668,1024,"unique file bytes received"
2340.419,receiver,19d2c58a-67c5-4119-a3e4-c821cdfe94f7,SEND,ACK,668,36,""
2340.426,receiver,19d2c58a-67c5-4119-a3e4-c821cdfe94f7,RECEIVE,DATA,669,1060,""
2340.429,receiver,19d2c58a-67c5-4119-a3e4-c821cdfe94f7,ACCEPT_DATA,DATA,669,1024,"unique file bytes received"
2340.432,receiver,19d2c58a-67c5-4119-a3e4-c821cdfe94f7,SEND,ACK,669,36,""
2340.438,receiver,19d2c58a-67c5-4119-a3e4-c821cdfe94f7,RECEIVE,DATA,673,1060,""
2340.442,receiver,19d2c58a-67c5-4119-a3e4-c821cdfe94f7,OUT_OF_ORDER,DATA,673,0,"arrived before missing sequence=670"
2340.445,receiver,19d2c58a-67c5-4119-a3e4-c821cdfe94f7,ACCEPT_DATA,DATA,673,1024,"unique file bytes received"
2340.448,receiver,19d2c58a-67c5-4119-a3e4-c821cdfe94f7,SEND,ACK,673,36,""
2356.022,receiver,19d2c58a-67c5-4119-a3e4-c821cdfe94f7,EMIT,ACK,661,36,""
2356.184,receiver,19d2c58a-67c5-4119-a3e4-c821cdfe94f7,EMIT,ACK,667,36,""
2356.210,receiver,19d2c58a-67c5-4119-a3e4-c821cdfe94f7,EMIT,ACK,657,36,""
2356.220,receiver,19d2c58a-67c5-4119-a3e4-c821cdfe94f7,EMIT,ACK,652,36,""
2356.229,receiver,19d2c58a-67c5-4119-a3e4-c821cdfe94f7,EMIT,ACK,653,36,""
2356.239,receiver,19d2c58a-67c5-4119-a3e4-c821cdfe94f7,EMIT,ACK,651,36,""
2356.261,receiver,19d2c58a-67c5-4119-a3e4-c821cdfe94f7,EMIT,ACK,658,36,""
2356.273,receiver,19d2c58a-67c5-4119-a3e4-c821cdfe94f7,EMIT,ACK,648,36,""
2356.289,receiver,19d2c58a-67c5-4119-a3e4-c821cdfe94f7,RECEIVE,DATA,672,1060,""
2356.319,receiver,19d2c58a-67c5-4119-a3e4-c821cdfe94f7,OUT_OF_ORDER,DATA,672,0,"arrived before missing sequence=670"
2356.332,receiver,19d2c58a-67c5-4119-a3e4-c821cdfe94f7,ACCEPT_DATA,DATA,672,1024,"unique file bytes received"
2356.341,receiver,19d2c58a-67c5-4119-a3e4-c821cdfe94f7,SEND,ACK,672,36,""
2356.373,receiver,19d2c58a-67c5-4119-a3e4-c821cdfe94f7,RECEIVE,DATA,670,1060,""
2356.382,receiver,19d2c58a-67c5-4119-a3e4-c821cdfe94f7,ACCEPT_DATA,DATA,670,1024,"unique file bytes received"
2356.389,receiver,19d2c58a-67c5-4119-a3e4-c821cdfe94f7,SEND,ACK,670,36,""
2356.394,receiver,19d2c58a-67c5-4119-a3e4-c821cdfe94f7,RECEIVE,DATA,671,1060,""
2356.398,receiver,19d2c58a-67c5-4119-a3e4-c821cdfe94f7,ACCEPT_DATA,DATA,671,1024,"unique file bytes received"
2356.400,receiver,19d2c58a-67c5-4119-a3e4-c821cdfe94f7,SEND,ACK,671,36,""
2371.951,receiver,19d2c58a-67c5-4119-a3e4-c821cdfe94f7,RECEIVE,DATA,674,1060,""
2371.963,receiver,19d2c58a-67c5-4119-a3e4-c821cdfe94f7,EMIT,ACK,655,36,""
2371.972,receiver,19d2c58a-67c5-4119-a3e4-c821cdfe94f7,ACCEPT_DATA,DATA,674,1024,"unique file bytes received"
2371.976,receiver,19d2c58a-67c5-4119-a3e4-c821cdfe94f7,SEND,ACK,674,36,""
2372.010,receiver,19d2c58a-67c5-4119-a3e4-c821cdfe94f7,EMIT,ACK,673,36,""
2372.018,receiver,19d2c58a-67c5-4119-a3e4-c821cdfe94f7,RECEIVE,DATA,675,1060,""
2372.021,receiver,19d2c58a-67c5-4119-a3e4-c821cdfe94f7,ACCEPT_DATA,DATA,675,1024,"unique file bytes received"
2372.024,receiver,19d2c58a-67c5-4119-a3e4-c821cdfe94f7,SEND,ACK,675,36,""
2388.089,receiver,19d2c58a-67c5-4119-a3e4-c821cdfe94f7,EMIT,ACK,668,36,""
2388.124,receiver,19d2c58a-67c5-4119-a3e4-c821cdfe94f7,EMIT,ACK,665,36,""
2388.134,receiver,19d2c58a-67c5-4119-a3e4-c821cdfe94f7,EMIT,ACK,672,36,""
2388.142,receiver,19d2c58a-67c5-4119-a3e4-c821cdfe94f7,EMIT,ACK,666,36,""
2388.456,receiver,19d2c58a-67c5-4119-a3e4-c821cdfe94f7,RECEIVE,DATA,676,1060,""
2388.501,receiver,19d2c58a-67c5-4119-a3e4-c821cdfe94f7,ACCEPT_DATA,DATA,676,1024,"unique file bytes received"
2388.511,receiver,19d2c58a-67c5-4119-a3e4-c821cdfe94f7,SEND,ACK,676,36,""
2388.524,receiver,19d2c58a-67c5-4119-a3e4-c821cdfe94f7,RECEIVE,DATA,677,1060,""
2388.527,receiver,19d2c58a-67c5-4119-a3e4-c821cdfe94f7,ACCEPT_DATA,DATA,677,1024,"unique file bytes received"
2388.529,receiver,19d2c58a-67c5-4119-a3e4-c821cdfe94f7,SEND,ACK,677,36,""
2388.533,receiver,19d2c58a-67c5-4119-a3e4-c821cdfe94f7,RECEIVE,DATA,679,1060,""
2388.536,receiver,19d2c58a-67c5-4119-a3e4-c821cdfe94f7,OUT_OF_ORDER,DATA,679,0,"arrived before missing sequence=678"
2388.542,receiver,19d2c58a-67c5-4119-a3e4-c821cdfe94f7,ACCEPT_DATA,DATA,679,1024,"unique file bytes received"
2388.544,receiver,19d2c58a-67c5-4119-a3e4-c821cdfe94f7,SEND,ACK,679,36,""
2388.548,receiver,19d2c58a-67c5-4119-a3e4-c821cdfe94f7,RECEIVE,DATA,678,1060,""
2388.550,receiver,19d2c58a-67c5-4119-a3e4-c821cdfe94f7,ACCEPT_DATA,DATA,678,1024,"unique file bytes received"
2388.552,receiver,19d2c58a-67c5-4119-a3e4-c821cdfe94f7,SEND,ACK,678,36,""
2388.556,receiver,19d2c58a-67c5-4119-a3e4-c821cdfe94f7,RECEIVE,DATA,684,1060,""
2388.559,receiver,19d2c58a-67c5-4119-a3e4-c821cdfe94f7,OUT_OF_ORDER,DATA,684,0,"arrived before missing sequence=680"
2388.561,receiver,19d2c58a-67c5-4119-a3e4-c821cdfe94f7,ACCEPT_DATA,DATA,684,1024,"unique file bytes received"
2388.563,receiver,19d2c58a-67c5-4119-a3e4-c821cdfe94f7,SEND,ACK,684,36,""
2388.567,receiver,19d2c58a-67c5-4119-a3e4-c821cdfe94f7,RECEIVE,DATA,683,1060,""
2388.593,receiver,19d2c58a-67c5-4119-a3e4-c821cdfe94f7,OUT_OF_ORDER,DATA,683,0,"arrived before missing sequence=680"
2388.596,receiver,19d2c58a-67c5-4119-a3e4-c821cdfe94f7,ACCEPT_DATA,DATA,683,1024,"unique file bytes received"
2388.598,receiver,19d2c58a-67c5-4119-a3e4-c821cdfe94f7,SEND,ACK,683,36,""
2388.602,receiver,19d2c58a-67c5-4119-a3e4-c821cdfe94f7,RECEIVE,DATA,682,1060,""
2388.604,receiver,19d2c58a-67c5-4119-a3e4-c821cdfe94f7,OUT_OF_ORDER,DATA,682,0,"arrived before missing sequence=680"
2388.606,receiver,19d2c58a-67c5-4119-a3e4-c821cdfe94f7,ACCEPT_DATA,DATA,682,1024,"unique file bytes received"
2388.608,receiver,19d2c58a-67c5-4119-a3e4-c821cdfe94f7,SEND,ACK,682,36,""
2388.612,receiver,19d2c58a-67c5-4119-a3e4-c821cdfe94f7,RECEIVE,DATA,685,1060,""
2388.614,receiver,19d2c58a-67c5-4119-a3e4-c821cdfe94f7,OUT_OF_ORDER,DATA,685,0,"arrived before missing sequence=680"
2388.620,receiver,19d2c58a-67c5-4119-a3e4-c821cdfe94f7,ACCEPT_DATA,DATA,685,1024,"unique file bytes received"
2388.622,receiver,19d2c58a-67c5-4119-a3e4-c821cdfe94f7,SEND,ACK,685,36,""
2402.991,receiver,19d2c58a-67c5-4119-a3e4-c821cdfe94f7,EMIT,ACK,669,36,""
2403.011,receiver,19d2c58a-67c5-4119-a3e4-c821cdfe94f7,EMIT,ACK,671,36,""
2403.020,receiver,19d2c58a-67c5-4119-a3e4-c821cdfe94f7,EMIT,ACK,670,36,""
2403.141,receiver,19d2c58a-67c5-4119-a3e4-c821cdfe94f7,RECEIVE,DATA,681,1060,""
2403.168,receiver,19d2c58a-67c5-4119-a3e4-c821cdfe94f7,OUT_OF_ORDER,DATA,681,0,"arrived before missing sequence=680"
2403.172,receiver,19d2c58a-67c5-4119-a3e4-c821cdfe94f7,ACCEPT_DATA,DATA,681,1024,"unique file bytes received"
2403.175,receiver,19d2c58a-67c5-4119-a3e4-c821cdfe94f7,SEND,ACK,681,36,""
2403.188,receiver,19d2c58a-67c5-4119-a3e4-c821cdfe94f7,RECEIVE,DATA,691,1060,""
2403.191,receiver,19d2c58a-67c5-4119-a3e4-c821cdfe94f7,OUT_OF_ORDER,DATA,691,0,"arrived before missing sequence=680"
2403.193,receiver,19d2c58a-67c5-4119-a3e4-c821cdfe94f7,ACCEPT_DATA,DATA,691,1024,"unique file bytes received"
2403.196,receiver,19d2c58a-67c5-4119-a3e4-c821cdfe94f7,SEND,ACK,691,36,""
2403.200,receiver,19d2c58a-67c5-4119-a3e4-c821cdfe94f7,RECEIVE,DATA,688,1060,""
2403.203,receiver,19d2c58a-67c5-4119-a3e4-c821cdfe94f7,OUT_OF_ORDER,DATA,688,0,"arrived before missing sequence=680"
2403.205,receiver,19d2c58a-67c5-4119-a3e4-c821cdfe94f7,ACCEPT_DATA,DATA,688,1024,"unique file bytes received"
2403.208,receiver,19d2c58a-67c5-4119-a3e4-c821cdfe94f7,SEND,ACK,688,36,""
2418.295,receiver,19d2c58a-67c5-4119-a3e4-c821cdfe94f7,EMIT,ACK,674,36,""
2418.556,receiver,19d2c58a-67c5-4119-a3e4-c821cdfe94f7,RECEIVE,DATA,680,1060,""
2418.603,receiver,19d2c58a-67c5-4119-a3e4-c821cdfe94f7,ACCEPT_DATA,DATA,680,1024,"unique file bytes received"
2418.606,receiver,19d2c58a-67c5-4119-a3e4-c821cdfe94f7,SEND,ACK,680,36,""
2418.618,receiver,19d2c58a-67c5-4119-a3e4-c821cdfe94f7,RECEIVE,DATA,686,1060,""
2418.620,receiver,19d2c58a-67c5-4119-a3e4-c821cdfe94f7,ACCEPT_DATA,DATA,686,1024,"unique file bytes received"
2418.622,receiver,19d2c58a-67c5-4119-a3e4-c821cdfe94f7,SEND,ACK,686,36,""
2418.627,receiver,19d2c58a-67c5-4119-a3e4-c821cdfe94f7,RECEIVE,DATA,690,1060,""
2418.630,receiver,19d2c58a-67c5-4119-a3e4-c821cdfe94f7,OUT_OF_ORDER,DATA,690,0,"arrived before missing sequence=687"
2418.632,receiver,19d2c58a-67c5-4119-a3e4-c821cdfe94f7,ACCEPT_DATA,DATA,690,1024,"unique file bytes received"
2418.634,receiver,19d2c58a-67c5-4119-a3e4-c821cdfe94f7,SEND,ACK,690,36,""
2418.639,receiver,19d2c58a-67c5-4119-a3e4-c821cdfe94f7,RECEIVE,DATA,693,1060,""
2418.641,receiver,19d2c58a-67c5-4119-a3e4-c821cdfe94f7,OUT_OF_ORDER,DATA,693,0,"arrived before missing sequence=687"
2418.643,receiver,19d2c58a-67c5-4119-a3e4-c821cdfe94f7,ACCEPT_DATA,DATA,693,1024,"unique file bytes received"
2418.645,receiver,19d2c58a-67c5-4119-a3e4-c821cdfe94f7,SEND,ACK,693,36,""
2418.649,receiver,19d2c58a-67c5-4119-a3e4-c821cdfe94f7,RECEIVE,DATA,695,1060,""
2418.651,receiver,19d2c58a-67c5-4119-a3e4-c821cdfe94f7,OUT_OF_ORDER,DATA,695,0,"arrived before missing sequence=687"
2418.653,receiver,19d2c58a-67c5-4119-a3e4-c821cdfe94f7,ACCEPT_DATA,DATA,695,1024,"unique file bytes received"
2418.655,receiver,19d2c58a-67c5-4119-a3e4-c821cdfe94f7,SEND,ACK,695,36,""
2418.660,receiver,19d2c58a-67c5-4119-a3e4-c821cdfe94f7,RECEIVE,DATA,692,1060,""
2418.662,receiver,19d2c58a-67c5-4119-a3e4-c821cdfe94f7,OUT_OF_ORDER,DATA,692,0,"arrived before missing sequence=687"
2418.664,receiver,19d2c58a-67c5-4119-a3e4-c821cdfe94f7,ACCEPT_DATA,DATA,692,1024,"unique file bytes received"
2418.666,receiver,19d2c58a-67c5-4119-a3e4-c821cdfe94f7,SEND,ACK,692,36,""
2418.670,receiver,19d2c58a-67c5-4119-a3e4-c821cdfe94f7,RECEIVE,DATA,687,1060,""
2418.673,receiver,19d2c58a-67c5-4119-a3e4-c821cdfe94f7,ACCEPT_DATA,DATA,687,1024,"unique file bytes received"
2418.786,receiver,19d2c58a-67c5-4119-a3e4-c821cdfe94f7,SEND,ACK,687,36,""
2418.797,receiver,19d2c58a-67c5-4119-a3e4-c821cdfe94f7,RECEIVE,DATA,696,1060,""
2418.800,receiver,19d2c58a-67c5-4119-a3e4-c821cdfe94f7,OUT_OF_ORDER,DATA,696,0,"arrived before missing sequence=689"
2418.802,receiver,19d2c58a-67c5-4119-a3e4-c821cdfe94f7,ACCEPT_DATA,DATA,696,1024,"unique file bytes received"
2418.804,receiver,19d2c58a-67c5-4119-a3e4-c821cdfe94f7,SEND,ACK,696,36,""
2418.809,receiver,19d2c58a-67c5-4119-a3e4-c821cdfe94f7,RECEIVE,DATA,697,1060,""
2418.811,receiver,19d2c58a-67c5-4119-a3e4-c821cdfe94f7,OUT_OF_ORDER,DATA,697,0,"arrived before missing sequence=689"
2418.813,receiver,19d2c58a-67c5-4119-a3e4-c821cdfe94f7,ACCEPT_DATA,DATA,697,1024,"unique file bytes received"
2418.815,receiver,19d2c58a-67c5-4119-a3e4-c821cdfe94f7,SEND,ACK,697,36,""
2433.262,receiver,19d2c58a-67c5-4119-a3e4-c821cdfe94f7,RECEIVE,DATA,689,1060,""
2433.302,receiver,19d2c58a-67c5-4119-a3e4-c821cdfe94f7,ACCEPT_DATA,DATA,689,1024,"unique file bytes received"
2433.305,receiver,19d2c58a-67c5-4119-a3e4-c821cdfe94f7,SEND,ACK,689,36,""
2433.317,receiver,19d2c58a-67c5-4119-a3e4-c821cdfe94f7,RECEIVE,DATA,694,1060,""
2433.320,receiver,19d2c58a-67c5-4119-a3e4-c821cdfe94f7,ACCEPT_DATA,DATA,694,1024,"unique file bytes received"
2433.323,receiver,19d2c58a-67c5-4119-a3e4-c821cdfe94f7,SEND,ACK,694,36,""
2433.328,receiver,19d2c58a-67c5-4119-a3e4-c821cdfe94f7,RECEIVE,DATA,699,1060,""
2433.331,receiver,19d2c58a-67c5-4119-a3e4-c821cdfe94f7,OUT_OF_ORDER,DATA,699,0,"arrived before missing sequence=698"
2433.333,receiver,19d2c58a-67c5-4119-a3e4-c821cdfe94f7,ACCEPT_DATA,DATA,699,1024,"unique file bytes received"
2433.336,receiver,19d2c58a-67c5-4119-a3e4-c821cdfe94f7,SEND,ACK,699,36,""
2433.340,receiver,19d2c58a-67c5-4119-a3e4-c821cdfe94f7,RECEIVE,DATA,698,1060,""
2433.348,receiver,19d2c58a-67c5-4119-a3e4-c821cdfe94f7,ACCEPT_DATA,DATA,698,1024,"unique file bytes received"
2433.350,receiver,19d2c58a-67c5-4119-a3e4-c821cdfe94f7,SEND,ACK,698,36,""
2433.381,receiver,19d2c58a-67c5-4119-a3e4-c821cdfe94f7,EMIT,ACK,675,36,""
2433.482,receiver,19d2c58a-67c5-4119-a3e4-c821cdfe94f7,EMIT,ACK,679,36,""
2433.494,receiver,19d2c58a-67c5-4119-a3e4-c821cdfe94f7,EMIT,ACK,677,36,""
2433.502,receiver,19d2c58a-67c5-4119-a3e4-c821cdfe94f7,EMIT,ACK,684,36,""
2433.510,receiver,19d2c58a-67c5-4119-a3e4-c821cdfe94f7,EMIT,ACK,676,36,""
2433.518,receiver,19d2c58a-67c5-4119-a3e4-c821cdfe94f7,EMIT,ACK,685,36,""
2433.525,receiver,19d2c58a-67c5-4119-a3e4-c821cdfe94f7,EMIT,ACK,682,36,""
2449.299,receiver,19d2c58a-67c5-4119-a3e4-c821cdfe94f7,EMIT,ACK,683,36,""
2449.344,receiver,19d2c58a-67c5-4119-a3e4-c821cdfe94f7,EMIT,ACK,678,36,""
2449.355,receiver,19d2c58a-67c5-4119-a3e4-c821cdfe94f7,EMIT,ACK,688,36,""
2449.365,receiver,19d2c58a-67c5-4119-a3e4-c821cdfe94f7,EMIT,ACK,681,36,""
2449.375,receiver,19d2c58a-67c5-4119-a3e4-c821cdfe94f7,EMIT,ACK,691,36,""
2449.384,receiver,19d2c58a-67c5-4119-a3e4-c821cdfe94f7,EMIT,ACK,696,36,""
2449.512,receiver,19d2c58a-67c5-4119-a3e4-c821cdfe94f7,RECEIVE,DATA,700,1060,""
2449.538,receiver,19d2c58a-67c5-4119-a3e4-c821cdfe94f7,ACCEPT_DATA,DATA,700,1024,"unique file bytes received"
2449.544,receiver,19d2c58a-67c5-4119-a3e4-c821cdfe94f7,SEND,ACK,700,36,""
2449.568,receiver,19d2c58a-67c5-4119-a3e4-c821cdfe94f7,RECEIVE,DATA,702,1060,""
2449.656,receiver,19d2c58a-67c5-4119-a3e4-c821cdfe94f7,OUT_OF_ORDER,DATA,702,0,"arrived before missing sequence=701"
2449.660,receiver,19d2c58a-67c5-4119-a3e4-c821cdfe94f7,ACCEPT_DATA,DATA,702,1024,"unique file bytes received"
2449.664,receiver,19d2c58a-67c5-4119-a3e4-c821cdfe94f7,SEND,ACK,702,36,""
2449.674,receiver,19d2c58a-67c5-4119-a3e4-c821cdfe94f7,RECEIVE,DATA,701,1060,""
2449.678,receiver,19d2c58a-67c5-4119-a3e4-c821cdfe94f7,ACCEPT_DATA,DATA,701,1024,"unique file bytes received"
2449.681,receiver,19d2c58a-67c5-4119-a3e4-c821cdfe94f7,SEND,ACK,701,36,""
2449.689,receiver,19d2c58a-67c5-4119-a3e4-c821cdfe94f7,RECEIVE,DATA,705,1060,""
2449.693,receiver,19d2c58a-67c5-4119-a3e4-c821cdfe94f7,OUT_OF_ORDER,DATA,705,0,"arrived before missing sequence=703"
2449.704,receiver,19d2c58a-67c5-4119-a3e4-c821cdfe94f7,ACCEPT_DATA,DATA,705,1024,"unique file bytes received"
2449.707,receiver,19d2c58a-67c5-4119-a3e4-c821cdfe94f7,SEND,ACK,705,36,""
2449.714,receiver,19d2c58a-67c5-4119-a3e4-c821cdfe94f7,RECEIVE,DATA,704,1060,""
2449.718,receiver,19d2c58a-67c5-4119-a3e4-c821cdfe94f7,OUT_OF_ORDER,DATA,704,0,"arrived before missing sequence=703"
2449.722,receiver,19d2c58a-67c5-4119-a3e4-c821cdfe94f7,ACCEPT_DATA,DATA,704,1024,"unique file bytes received"
2449.725,receiver,19d2c58a-67c5-4119-a3e4-c821cdfe94f7,SEND,ACK,704,36,""
2464.624,receiver,19d2c58a-67c5-4119-a3e4-c821cdfe94f7,EMIT,ACK,695,36,""
2464.651,receiver,19d2c58a-67c5-4119-a3e4-c821cdfe94f7,EMIT,ACK,697,36,""
2464.661,receiver,19d2c58a-67c5-4119-a3e4-c821cdfe94f7,EMIT,ACK,680,36,""
2464.670,receiver,19d2c58a-67c5-4119-a3e4-c821cdfe94f7,EMIT,ACK,693,36,""
2464.678,receiver,19d2c58a-67c5-4119-a3e4-c821cdfe94f7,EMIT,ACK,687,36,""
2464.687,receiver,19d2c58a-67c5-4119-a3e4-c821cdfe94f7,EMIT,ACK,686,36,""
2464.708,receiver,19d2c58a-67c5-4119-a3e4-c821cdfe94f7,EMIT,ACK,692,36,""
2464.716,receiver,19d2c58a-67c5-4119-a3e4-c821cdfe94f7,EMIT,ACK,694,36,""
2464.724,receiver,19d2c58a-67c5-4119-a3e4-c821cdfe94f7,EMIT,ACK,690,36,""
2464.849,receiver,19d2c58a-67c5-4119-a3e4-c821cdfe94f7,RECEIVE,DATA,703,1060,""
2464.863,receiver,19d2c58a-67c5-4119-a3e4-c821cdfe94f7,ACCEPT_DATA,DATA,703,1024,"unique file bytes received"
2464.867,receiver,19d2c58a-67c5-4119-a3e4-c821cdfe94f7,SEND,ACK,703,36,""
2479.758,receiver,19d2c58a-67c5-4119-a3e4-c821cdfe94f7,EMIT,ACK,698,36,""
2479.794,receiver,19d2c58a-67c5-4119-a3e4-c821cdfe94f7,EMIT,ACK,704,36,""
2479.991,receiver,19d2c58a-67c5-4119-a3e4-c821cdfe94f7,RECEIVE,DATA,707,1060,""
2480.002,receiver,19d2c58a-67c5-4119-a3e4-c821cdfe94f7,OUT_OF_ORDER,DATA,707,0,"arrived before missing sequence=706"
2480.005,receiver,19d2c58a-67c5-4119-a3e4-c821cdfe94f7,ACCEPT_DATA,DATA,707,1024,"unique file bytes received"
2480.007,receiver,19d2c58a-67c5-4119-a3e4-c821cdfe94f7,SEND,ACK,707,36,""
2480.020,receiver,19d2c58a-67c5-4119-a3e4-c821cdfe94f7,RECEIVE,DATA,706,1060,""
2480.023,receiver,19d2c58a-67c5-4119-a3e4-c821cdfe94f7,ACCEPT_DATA,DATA,706,1024,"unique file bytes received"
2480.025,receiver,19d2c58a-67c5-4119-a3e4-c821cdfe94f7,SEND,ACK,706,36,""
2496.182,receiver,19d2c58a-67c5-4119-a3e4-c821cdfe94f7,RECEIVE,DATA,708,1060,""
2496.225,receiver,19d2c58a-67c5-4119-a3e4-c821cdfe94f7,EMIT,ACK,699,36,""
2496.243,receiver,19d2c58a-67c5-4119-a3e4-c821cdfe94f7,ACCEPT_DATA,DATA,708,1024,"unique file bytes received"
2496.266,receiver,19d2c58a-67c5-4119-a3e4-c821cdfe94f7,EMIT,ACK,702,36,""
2496.271,receiver,19d2c58a-67c5-4119-a3e4-c821cdfe94f7,SEND,ACK,708,36,""
2496.288,receiver,19d2c58a-67c5-4119-a3e4-c821cdfe94f7,EMIT,ACK,689,36,""
2496.299,receiver,19d2c58a-67c5-4119-a3e4-c821cdfe94f7,EMIT,ACK,705,36,""
2496.309,receiver,19d2c58a-67c5-4119-a3e4-c821cdfe94f7,EMIT,ACK,700,36,""
2496.316,receiver,19d2c58a-67c5-4119-a3e4-c821cdfe94f7,RECEIVE,DATA,709,1060,""
2496.325,receiver,19d2c58a-67c5-4119-a3e4-c821cdfe94f7,ACCEPT_DATA,DATA,709,1024,"unique file bytes received"
2496.331,receiver,19d2c58a-67c5-4119-a3e4-c821cdfe94f7,SEND,ACK,709,36,""
2496.359,receiver,19d2c58a-67c5-4119-a3e4-c821cdfe94f7,RECEIVE,DATA,710,1060,""
2496.366,receiver,19d2c58a-67c5-4119-a3e4-c821cdfe94f7,ACCEPT_DATA,DATA,710,1024,"unique file bytes received"
2496.372,receiver,19d2c58a-67c5-4119-a3e4-c821cdfe94f7,SEND,ACK,710,36,""
2496.387,receiver,19d2c58a-67c5-4119-a3e4-c821cdfe94f7,RECEIVE,DATA,718,1060,""
2496.395,receiver,19d2c58a-67c5-4119-a3e4-c821cdfe94f7,OUT_OF_ORDER,DATA,718,0,"arrived before missing sequence=711"
2496.417,receiver,19d2c58a-67c5-4119-a3e4-c821cdfe94f7,ACCEPT_DATA,DATA,718,1024,"unique file bytes received"
2496.423,receiver,19d2c58a-67c5-4119-a3e4-c821cdfe94f7,SEND,ACK,718,36,""
2496.445,receiver,19d2c58a-67c5-4119-a3e4-c821cdfe94f7,RECEIVE,DATA,712,1060,""
2496.456,receiver,19d2c58a-67c5-4119-a3e4-c821cdfe94f7,OUT_OF_ORDER,DATA,712,0,"arrived before missing sequence=711"
2496.467,receiver,19d2c58a-67c5-4119-a3e4-c821cdfe94f7,ACCEPT_DATA,DATA,712,1024,"unique file bytes received"
2496.476,receiver,19d2c58a-67c5-4119-a3e4-c821cdfe94f7,SEND,ACK,712,36,""
2511.088,receiver,19d2c58a-67c5-4119-a3e4-c821cdfe94f7,EMIT,ACK,701,36,""
2511.110,receiver,19d2c58a-67c5-4119-a3e4-c821cdfe94f7,EMIT,ACK,703,36,""
2511.282,receiver,19d2c58a-67c5-4119-a3e4-c821cdfe94f7,RECEIVE,DATA,711,1060,""
2511.322,receiver,19d2c58a-67c5-4119-a3e4-c821cdfe94f7,ACCEPT_DATA,DATA,711,1024,"unique file bytes received"
2511.333,receiver,19d2c58a-67c5-4119-a3e4-c821cdfe94f7,SEND,ACK,711,36,""
2511.368,receiver,19d2c58a-67c5-4119-a3e4-c821cdfe94f7,RECEIVE,DATA,717,1060,""
2511.373,receiver,19d2c58a-67c5-4119-a3e4-c821cdfe94f7,OUT_OF_ORDER,DATA,717,0,"arrived before missing sequence=713"
2511.377,receiver,19d2c58a-67c5-4119-a3e4-c821cdfe94f7,ACCEPT_DATA,DATA,717,1024,"unique file bytes received"
2511.380,receiver,19d2c58a-67c5-4119-a3e4-c821cdfe94f7,SEND,ACK,717,36,""
2511.388,receiver,19d2c58a-67c5-4119-a3e4-c821cdfe94f7,RECEIVE,DATA,714,1060,""
2511.392,receiver,19d2c58a-67c5-4119-a3e4-c821cdfe94f7,OUT_OF_ORDER,DATA,714,0,"arrived before missing sequence=713"
2511.395,receiver,19d2c58a-67c5-4119-a3e4-c821cdfe94f7,ACCEPT_DATA,DATA,714,1024,"unique file bytes received"
2511.403,receiver,19d2c58a-67c5-4119-a3e4-c821cdfe94f7,SEND,ACK,714,36,""
2511.410,receiver,19d2c58a-67c5-4119-a3e4-c821cdfe94f7,RECEIVE,DATA,715,1060,""
2511.414,receiver,19d2c58a-67c5-4119-a3e4-c821cdfe94f7,OUT_OF_ORDER,DATA,715,0,"arrived before missing sequence=713"
2511.418,receiver,19d2c58a-67c5-4119-a3e4-c821cdfe94f7,ACCEPT_DATA,DATA,715,1024,"unique file bytes received"
2511.421,receiver,19d2c58a-67c5-4119-a3e4-c821cdfe94f7,SEND,ACK,715,36,""
2511.428,receiver,19d2c58a-67c5-4119-a3e4-c821cdfe94f7,RECEIVE,DATA,716,1060,""
2511.432,receiver,19d2c58a-67c5-4119-a3e4-c821cdfe94f7,OUT_OF_ORDER,DATA,716,0,"arrived before missing sequence=713"
2511.435,receiver,19d2c58a-67c5-4119-a3e4-c821cdfe94f7,ACCEPT_DATA,DATA,716,1024,"unique file bytes received"
2511.439,receiver,19d2c58a-67c5-4119-a3e4-c821cdfe94f7,SEND,ACK,716,36,""
2527.118,receiver,19d2c58a-67c5-4119-a3e4-c821cdfe94f7,EMIT,ACK,707,36,""
2527.132,receiver,19d2c58a-67c5-4119-a3e4-c821cdfe94f7,RECEIVE,DATA,719,1060,""
2527.157,receiver,19d2c58a-67c5-4119-a3e4-c821cdfe94f7,EMIT,ACK,706,36,""
2527.163,receiver,19d2c58a-67c5-4119-a3e4-c821cdfe94f7,OUT_OF_ORDER,DATA,719,0,"arrived before missing sequence=713"
2527.169,receiver,19d2c58a-67c5-4119-a3e4-c821cdfe94f7,ACCEPT_DATA,DATA,719,1024,"unique file bytes received"
2527.173,receiver,19d2c58a-67c5-4119-a3e4-c821cdfe94f7,SEND,ACK,719,36,""
2527.193,receiver,19d2c58a-67c5-4119-a3e4-c821cdfe94f7,RECEIVE,DATA,713,1060,""
2527.201,receiver,19d2c58a-67c5-4119-a3e4-c821cdfe94f7,ACCEPT_DATA,DATA,713,1024,"unique file bytes received"
2527.205,receiver,19d2c58a-67c5-4119-a3e4-c821cdfe94f7,SEND,ACK,713,36,""
2527.212,receiver,19d2c58a-67c5-4119-a3e4-c821cdfe94f7,RECEIVE,DATA,720,1060,""
2527.216,receiver,19d2c58a-67c5-4119-a3e4-c821cdfe94f7,ACCEPT_DATA,DATA,720,1024,"unique file bytes received"
2527.220,receiver,19d2c58a-67c5-4119-a3e4-c821cdfe94f7,SEND,ACK,720,36,""
2527.227,receiver,19d2c58a-67c5-4119-a3e4-c821cdfe94f7,RECEIVE,DATA,729,1060,""
2527.231,receiver,19d2c58a-67c5-4119-a3e4-c821cdfe94f7,OUT_OF_ORDER,DATA,729,0,"arrived before missing sequence=721"
2527.278,receiver,19d2c58a-67c5-4119-a3e4-c821cdfe94f7,ACCEPT_DATA,DATA,729,1024,"unique file bytes received"
2527.283,receiver,19d2c58a-67c5-4119-a3e4-c821cdfe94f7,SEND,ACK,729,36,""
2527.292,receiver,19d2c58a-67c5-4119-a3e4-c821cdfe94f7,RECEIVE,DATA,732,1060,""
2527.296,receiver,19d2c58a-67c5-4119-a3e4-c821cdfe94f7,OUT_OF_ORDER,DATA,732,0,"arrived before missing sequence=721"
2527.299,receiver,19d2c58a-67c5-4119-a3e4-c821cdfe94f7,ACCEPT_DATA,DATA,732,1024,"unique file bytes received"
2527.303,receiver,19d2c58a-67c5-4119-a3e4-c821cdfe94f7,SEND,ACK,732,36,""
2542.194,receiver,19d2c58a-67c5-4119-a3e4-c821cdfe94f7,RECEIVE,DATA,730,1060,""
2542.215,receiver,19d2c58a-67c5-4119-a3e4-c821cdfe94f7,OUT_OF_ORDER,DATA,730,0,"arrived before missing sequence=721"
2542.218,receiver,19d2c58a-67c5-4119-a3e4-c821cdfe94f7,ACCEPT_DATA,DATA,730,1024,"unique file bytes received"
2542.221,receiver,19d2c58a-67c5-4119-a3e4-c821cdfe94f7,SEND,ACK,730,36,""
2542.318,receiver,19d2c58a-67c5-4119-a3e4-c821cdfe94f7,RECEIVE,DATA,723,1060,""
2542.325,receiver,19d2c58a-67c5-4119-a3e4-c821cdfe94f7,OUT_OF_ORDER,DATA,723,0,"arrived before missing sequence=721"
2542.328,receiver,19d2c58a-67c5-4119-a3e4-c821cdfe94f7,ACCEPT_DATA,DATA,723,1024,"unique file bytes received"
2542.331,receiver,19d2c58a-67c5-4119-a3e4-c821cdfe94f7,SEND,ACK,723,36,""
2542.341,receiver,19d2c58a-67c5-4119-a3e4-c821cdfe94f7,RECEIVE,DATA,728,1060,""
2542.344,receiver,19d2c58a-67c5-4119-a3e4-c821cdfe94f7,OUT_OF_ORDER,DATA,728,0,"arrived before missing sequence=721"
2542.347,receiver,19d2c58a-67c5-4119-a3e4-c821cdfe94f7,ACCEPT_DATA,DATA,728,1024,"unique file bytes received"
2542.350,receiver,19d2c58a-67c5-4119-a3e4-c821cdfe94f7,SEND,ACK,728,36,""
2542.356,receiver,19d2c58a-67c5-4119-a3e4-c821cdfe94f7,RECEIVE,DATA,731,1060,""
2542.360,receiver,19d2c58a-67c5-4119-a3e4-c821cdfe94f7,OUT_OF_ORDER,DATA,731,0,"arrived before missing sequence=721"
2542.362,receiver,19d2c58a-67c5-4119-a3e4-c821cdfe94f7,ACCEPT_DATA,DATA,731,1024,"unique file bytes received"
2542.365,receiver,19d2c58a-67c5-4119-a3e4-c821cdfe94f7,SEND,ACK,731,36,""
2542.372,receiver,19d2c58a-67c5-4119-a3e4-c821cdfe94f7,RECEIVE,DATA,721,1060,""
2542.375,receiver,19d2c58a-67c5-4119-a3e4-c821cdfe94f7,ACCEPT_DATA,DATA,721,1024,"unique file bytes received"
2542.378,receiver,19d2c58a-67c5-4119-a3e4-c821cdfe94f7,SEND,ACK,721,36,""
2542.385,receiver,19d2c58a-67c5-4119-a3e4-c821cdfe94f7,RECEIVE,DATA,725,1060,""
2542.388,receiver,19d2c58a-67c5-4119-a3e4-c821cdfe94f7,OUT_OF_ORDER,DATA,725,0,"arrived before missing sequence=722"
2542.391,receiver,19d2c58a-67c5-4119-a3e4-c821cdfe94f7,ACCEPT_DATA,DATA,725,1024,"unique file bytes received"
2542.394,receiver,19d2c58a-67c5-4119-a3e4-c821cdfe94f7,SEND,ACK,725,36,""
2542.400,receiver,19d2c58a-67c5-4119-a3e4-c821cdfe94f7,RECEIVE,DATA,733,1060,""
2542.403,receiver,19d2c58a-67c5-4119-a3e4-c821cdfe94f7,OUT_OF_ORDER,DATA,733,0,"arrived before missing sequence=722"
2542.406,receiver,19d2c58a-67c5-4119-a3e4-c821cdfe94f7,ACCEPT_DATA,DATA,733,1024,"unique file bytes received"
2542.409,receiver,19d2c58a-67c5-4119-a3e4-c821cdfe94f7,SEND,ACK,733,36,""
2542.415,receiver,19d2c58a-67c5-4119-a3e4-c821cdfe94f7,RECEIVE,DATA,724,1060,""
2542.418,receiver,19d2c58a-67c5-4119-a3e4-c821cdfe94f7,OUT_OF_ORDER,DATA,724,0,"arrived before missing sequence=722"
2542.421,receiver,19d2c58a-67c5-4119-a3e4-c821cdfe94f7,ACCEPT_DATA,DATA,724,1024,"unique file bytes received"
2542.423,receiver,19d2c58a-67c5-4119-a3e4-c821cdfe94f7,SEND,ACK,724,36,""
2542.436,receiver,19d2c58a-67c5-4119-a3e4-c821cdfe94f7,RECEIVE,DATA,722,1060,""
2542.439,receiver,19d2c58a-67c5-4119-a3e4-c821cdfe94f7,ACCEPT_DATA,DATA,722,1024,"unique file bytes received"
2542.445,receiver,19d2c58a-67c5-4119-a3e4-c821cdfe94f7,SEND,ACK,722,36,""
2542.450,receiver,19d2c58a-67c5-4119-a3e4-c821cdfe94f7,RECEIVE,DATA,726,1060,""
2542.452,receiver,19d2c58a-67c5-4119-a3e4-c821cdfe94f7,ACCEPT_DATA,DATA,726,1024,"unique file bytes received"
2542.455,receiver,19d2c58a-67c5-4119-a3e4-c821cdfe94f7,SEND,ACK,726,36,""
2542.488,receiver,19d2c58a-67c5-4119-a3e4-c821cdfe94f7,EMIT,ACK,710,36,""
2542.509,receiver,19d2c58a-67c5-4119-a3e4-c821cdfe94f7,EMIT,ACK,711,36,""
2542.519,receiver,19d2c58a-67c5-4119-a3e4-c821cdfe94f7,EMIT,ACK,716,36,""
2542.529,receiver,19d2c58a-67c5-4119-a3e4-c821cdfe94f7,EMIT,ACK,708,36,""
2542.538,receiver,19d2c58a-67c5-4119-a3e4-c821cdfe94f7,EMIT,ACK,709,36,""
2558.503,receiver,19d2c58a-67c5-4119-a3e4-c821cdfe94f7,EMIT,ACK,718,36,""
2558.518,receiver,19d2c58a-67c5-4119-a3e4-c821cdfe94f7,RECEIVE,DATA,727,1060,""
2558.529,receiver,19d2c58a-67c5-4119-a3e4-c821cdfe94f7,EMIT,ACK,712,36,""
2558.533,receiver,19d2c58a-67c5-4119-a3e4-c821cdfe94f7,ACCEPT_DATA,DATA,727,1024,"unique file bytes received"
2558.537,receiver,19d2c58a-67c5-4119-a3e4-c821cdfe94f7,SEND,ACK,727,36,""
2558.541,receiver,19d2c58a-67c5-4119-a3e4-c821cdfe94f7,EMIT,ACK,715,36,""
2558.553,receiver,19d2c58a-67c5-4119-a3e4-c821cdfe94f7,EMIT,ACK,714,36,""
2558.556,receiver,19d2c58a-67c5-4119-a3e4-c821cdfe94f7,RECEIVE,DATA,737,1060,""
2558.564,receiver,19d2c58a-67c5-4119-a3e4-c821cdfe94f7,OUT_OF_ORDER,DATA,737,0,"arrived before missing sequence=734"
2558.567,receiver,19d2c58a-67c5-4119-a3e4-c821cdfe94f7,ACCEPT_DATA,DATA,737,1024,"unique file bytes received"
2558.570,receiver,19d2c58a-67c5-4119-a3e4-c821cdfe94f7,SEND,ACK,737,36,""
2558.577,receiver,19d2c58a-67c5-4119-a3e4-c821cdfe94f7,RECEIVE,DATA,734,1060,""
2558.580,receiver,19d2c58a-67c5-4119-a3e4-c821cdfe94f7,ACCEPT_DATA,DATA,734,1024,"unique file bytes received"
2558.583,receiver,19d2c58a-67c5-4119-a3e4-c821cdfe94f7,SEND,ACK,734,36,""
2558.588,receiver,19d2c58a-67c5-4119-a3e4-c821cdfe94f7,RECEIVE,DATA,736,1060,""
2558.591,receiver,19d2c58a-67c5-4119-a3e4-c821cdfe94f7,OUT_OF_ORDER,DATA,736,0,"arrived before missing sequence=735"
2558.594,receiver,19d2c58a-67c5-4119-a3e4-c821cdfe94f7,ACCEPT_DATA,DATA,736,1024,"unique file bytes received"
2558.597,receiver,19d2c58a-67c5-4119-a3e4-c821cdfe94f7,SEND,ACK,736,36,""
2558.602,receiver,19d2c58a-67c5-4119-a3e4-c821cdfe94f7,RECEIVE,DATA,735,1060,""
2558.605,receiver,19d2c58a-67c5-4119-a3e4-c821cdfe94f7,ACCEPT_DATA,DATA,735,1024,"unique file bytes received"
2558.608,receiver,19d2c58a-67c5-4119-a3e4-c821cdfe94f7,SEND,ACK,735,36,""
2573.817,receiver,19d2c58a-67c5-4119-a3e4-c821cdfe94f7,EMIT,ACK,719,36,""
2573.841,receiver,19d2c58a-67c5-4119-a3e4-c821cdfe94f7,EMIT,ACK,717,36,""
2573.849,receiver,19d2c58a-67c5-4119-a3e4-c821cdfe94f7,EMIT,ACK,729,36,""
2573.856,receiver,19d2c58a-67c5-4119-a3e4-c821cdfe94f7,EMIT,ACK,713,36,""
2573.862,receiver,19d2c58a-67c5-4119-a3e4-c821cdfe94f7,EMIT,ACK,732,36,""
2573.870,receiver,19d2c58a-67c5-4119-a3e4-c821cdfe94f7,EMIT,ACK,720,36,""
2573.877,receiver,19d2c58a-67c5-4119-a3e4-c821cdfe94f7,EMIT,ACK,724,36,""
2573.886,receiver,19d2c58a-67c5-4119-a3e4-c821cdfe94f7,EMIT,ACK,722,36,""
2573.894,receiver,19d2c58a-67c5-4119-a3e4-c821cdfe94f7,EMIT,ACK,731,36,""
2573.984,receiver,19d2c58a-67c5-4119-a3e4-c821cdfe94f7,RECEIVE,DATA,738,1060,""
2573.996,receiver,19d2c58a-67c5-4119-a3e4-c821cdfe94f7,ACCEPT_DATA,DATA,738,1024,"unique file bytes received"
2574.000,receiver,19d2c58a-67c5-4119-a3e4-c821cdfe94f7,SEND,ACK,738,36,""
2589.821,receiver,19d2c58a-67c5-4119-a3e4-c821cdfe94f7,EMIT,ACK,726,36,""
2589.882,receiver,19d2c58a-67c5-4119-a3e4-c821cdfe94f7,EMIT,ACK,733,36,""
2589.910,receiver,19d2c58a-67c5-4119-a3e4-c821cdfe94f7,EMIT,ACK,721,36,""
2589.931,receiver,19d2c58a-67c5-4119-a3e4-c821cdfe94f7,EMIT,ACK,735,36,""
2589.943,receiver,19d2c58a-67c5-4119-a3e4-c821cdfe94f7,EMIT,ACK,725,36,""
2590.301,receiver,19d2c58a-67c5-4119-a3e4-c821cdfe94f7,RECEIVE,DATA,739,1060,""
2590.313,receiver,19d2c58a-67c5-4119-a3e4-c821cdfe94f7,ACCEPT_DATA,DATA,739,1024,"unique file bytes received"
2590.316,receiver,19d2c58a-67c5-4119-a3e4-c821cdfe94f7,SEND,ACK,739,36,""
2590.330,receiver,19d2c58a-67c5-4119-a3e4-c821cdfe94f7,RECEIVE,DATA,742,1060,""
2590.333,receiver,19d2c58a-67c5-4119-a3e4-c821cdfe94f7,OUT_OF_ORDER,DATA,742,0,"arrived before missing sequence=740"
2590.363,receiver,19d2c58a-67c5-4119-a3e4-c821cdfe94f7,ACCEPT_DATA,DATA,742,1024,"unique file bytes received"
2590.366,receiver,19d2c58a-67c5-4119-a3e4-c821cdfe94f7,SEND,ACK,742,36,""
2590.375,receiver,19d2c58a-67c5-4119-a3e4-c821cdfe94f7,RECEIVE,DATA,740,1060,""
2590.377,receiver,19d2c58a-67c5-4119-a3e4-c821cdfe94f7,ACCEPT_DATA,DATA,740,1024,"unique file bytes received"
2590.379,receiver,19d2c58a-67c5-4119-a3e4-c821cdfe94f7,SEND,ACK,740,36,""
2590.384,receiver,19d2c58a-67c5-4119-a3e4-c821cdfe94f7,RECEIVE,DATA,743,1060,""
2590.386,receiver,19d2c58a-67c5-4119-a3e4-c821cdfe94f7,OUT_OF_ORDER,DATA,743,0,"arrived before missing sequence=741"
2590.388,receiver,19d2c58a-67c5-4119-a3e4-c821cdfe94f7,ACCEPT_DATA,DATA,743,1024,"unique file bytes received"
2590.390,receiver,19d2c58a-67c5-4119-a3e4-c821cdfe94f7,SEND,ACK,743,36,""
2605.899,receiver,19d2c58a-67c5-4119-a3e4-c821cdfe94f7,EMIT,ACK,730,36,""
2605.921,receiver,19d2c58a-67c5-4119-a3e4-c821cdfe94f7,EMIT,ACK,723,36,""
2605.940,receiver,19d2c58a-67c5-4119-a3e4-c821cdfe94f7,EMIT,ACK,728,36,""
2605.946,receiver,19d2c58a-67c5-4119-a3e4-c821cdfe94f7,EMIT,ACK,727,36,""
2605.954,receiver,19d2c58a-67c5-4119-a3e4-c821cdfe94f7,EMIT,ACK,734,36,""
2605.960,receiver,19d2c58a-67c5-4119-a3e4-c821cdfe94f7,EMIT,ACK,737,36,""
2605.968,receiver,19d2c58a-67c5-4119-a3e4-c821cdfe94f7,EMIT,ACK,738,36,""
2605.975,receiver,19d2c58a-67c5-4119-a3e4-c821cdfe94f7,EMIT,ACK,736,36,""
2605.978,receiver,19d2c58a-67c5-4119-a3e4-c821cdfe94f7,RECEIVE,DATA,741,1060,""
2605.989,receiver,19d2c58a-67c5-4119-a3e4-c821cdfe94f7,ACCEPT_DATA,DATA,741,1024,"unique file bytes received"
2605.992,receiver,19d2c58a-67c5-4119-a3e4-c821cdfe94f7,SEND,ACK,741,36,""
2606.214,receiver,19d2c58a-67c5-4119-a3e4-c821cdfe94f7,RECEIVE,DATA,744,1060,""
2606.228,receiver,19d2c58a-67c5-4119-a3e4-c821cdfe94f7,ACCEPT_DATA,DATA,744,1024,"unique file bytes received"
2606.234,receiver,19d2c58a-67c5-4119-a3e4-c821cdfe94f7,SEND,ACK,744,36,""
2606.257,receiver,19d2c58a-67c5-4119-a3e4-c821cdfe94f7,RECEIVE,DATA,750,1060,""
2606.263,receiver,19d2c58a-67c5-4119-a3e4-c821cdfe94f7,OUT_OF_ORDER,DATA,750,0,"arrived before missing sequence=745"
2606.267,receiver,19d2c58a-67c5-4119-a3e4-c821cdfe94f7,ACCEPT_DATA,DATA,750,1024,"unique file bytes received"
2606.271,receiver,19d2c58a-67c5-4119-a3e4-c821cdfe94f7,SEND,ACK,750,36,""
2606.282,receiver,19d2c58a-67c5-4119-a3e4-c821cdfe94f7,RECEIVE,DATA,751,1060,""
2606.287,receiver,19d2c58a-67c5-4119-a3e4-c821cdfe94f7,OUT_OF_ORDER,DATA,751,0,"arrived before missing sequence=745"
2606.291,receiver,19d2c58a-67c5-4119-a3e4-c821cdfe94f7,ACCEPT_DATA,DATA,751,1024,"unique file bytes received"
2606.295,receiver,19d2c58a-67c5-4119-a3e4-c821cdfe94f7,SEND,ACK,751,36,""
2621.866,receiver,19d2c58a-67c5-4119-a3e4-c821cdfe94f7,EMIT,ACK,740,36,""
2621.922,receiver,19d2c58a-67c5-4119-a3e4-c821cdfe94f7,EMIT,ACK,742,36,""
2622.139,receiver,19d2c58a-67c5-4119-a3e4-c821cdfe94f7,RECEIVE,DATA,746,1060,""
2622.151,receiver,19d2c58a-67c5-4119-a3e4-c821cdfe94f7,OUT_OF_ORDER,DATA,746,0,"arrived before missing sequence=745"
2622.155,receiver,19d2c58a-67c5-4119-a3e4-c821cdfe94f7,ACCEPT_DATA,DATA,746,1024,"unique file bytes received"
2622.163,receiver,19d2c58a-67c5-4119-a3e4-c821cdfe94f7,SEND,ACK,746,36,""
2622.407,receiver,19d2c58a-67c5-4119-a3e4-c821cdfe94f7,RECEIVE,DATA,747,1060,""
2622.416,receiver,19d2c58a-67c5-4119-a3e4-c821cdfe94f7,OUT_OF_ORDER,DATA,747,0,"arrived before missing sequence=745"
2622.419,receiver,19d2c58a-67c5-4119-a3e4-c821cdfe94f7,ACCEPT_DATA,DATA,747,1024,"unique file bytes received"
2622.422,receiver,19d2c58a-67c5-4119-a3e4-c821cdfe94f7,SEND,ACK,747,36,""
2622.432,receiver,19d2c58a-67c5-4119-a3e4-c821cdfe94f7,RECEIVE,DATA,748,1060,""
2622.434,receiver,19d2c58a-67c5-4119-a3e4-c821cdfe94f7,OUT_OF_ORDER,DATA,748,0,"arrived before missing sequence=745"
2622.436,receiver,19d2c58a-67c5-4119-a3e4-c821cdfe94f7,ACCEPT_DATA,DATA,748,1024,"unique file bytes received"
2622.439,receiver,19d2c58a-67c5-4119-a3e4-c821cdfe94f7,SEND,ACK,748,36,""
2622.443,receiver,19d2c58a-67c5-4119-a3e4-c821cdfe94f7,RECEIVE,DATA,749,1060,""
2622.445,receiver,19d2c58a-67c5-4119-a3e4-c821cdfe94f7,OUT_OF_ORDER,DATA,749,0,"arrived before missing sequence=745"
2622.448,receiver,19d2c58a-67c5-4119-a3e4-c821cdfe94f7,ACCEPT_DATA,DATA,749,1024,"unique file bytes received"
2622.450,receiver,19d2c58a-67c5-4119-a3e4-c821cdfe94f7,SEND,ACK,749,36,""
2622.460,receiver,19d2c58a-67c5-4119-a3e4-c821cdfe94f7,RECEIVE,DATA,753,1060,""
2622.462,receiver,19d2c58a-67c5-4119-a3e4-c821cdfe94f7,OUT_OF_ORDER,DATA,753,0,"arrived before missing sequence=745"
2622.464,receiver,19d2c58a-67c5-4119-a3e4-c821cdfe94f7,ACCEPT_DATA,DATA,753,1024,"unique file bytes received"
2622.466,receiver,19d2c58a-67c5-4119-a3e4-c821cdfe94f7,SEND,ACK,753,36,""
2622.471,receiver,19d2c58a-67c5-4119-a3e4-c821cdfe94f7,RECEIVE,DATA,745,1060,""
2622.473,receiver,19d2c58a-67c5-4119-a3e4-c821cdfe94f7,ACCEPT_DATA,DATA,745,1024,"unique file bytes received"
2622.475,receiver,19d2c58a-67c5-4119-a3e4-c821cdfe94f7,SEND,ACK,745,36,""
2622.480,receiver,19d2c58a-67c5-4119-a3e4-c821cdfe94f7,RECEIVE,DATA,752,1060,""
2622.482,receiver,19d2c58a-67c5-4119-a3e4-c821cdfe94f7,ACCEPT_DATA,DATA,752,1024,"unique file bytes received"
2622.484,receiver,19d2c58a-67c5-4119-a3e4-c821cdfe94f7,SEND,ACK,752,36,""
2637.056,receiver,19d2c58a-67c5-4119-a3e4-c821cdfe94f7,EMIT,ACK,743,36,""
2637.080,receiver,19d2c58a-67c5-4119-a3e4-c821cdfe94f7,RECEIVE,DATA,754,1060,""
2637.095,receiver,19d2c58a-67c5-4119-a3e4-c821cdfe94f7,EMIT,ACK,750,36,""
2637.101,receiver,19d2c58a-67c5-4119-a3e4-c821cdfe94f7,ACCEPT_DATA,DATA,754,1024,"unique file bytes received"
2637.108,receiver,19d2c58a-67c5-4119-a3e4-c821cdfe94f7,EMIT,ACK,739,36,""
2637.116,receiver,19d2c58a-67c5-4119-a3e4-c821cdfe94f7,SEND,ACK,754,36,""
2637.148,receiver,19d2c58a-67c5-4119-a3e4-c821cdfe94f7,RECEIVE,DATA,758,1060,""
2637.155,receiver,19d2c58a-67c5-4119-a3e4-c821cdfe94f7,OUT_OF_ORDER,DATA,758,0,"arrived before missing sequence=755"
2637.160,receiver,19d2c58a-67c5-4119-a3e4-c821cdfe94f7,ACCEPT_DATA,DATA,758,1024,"unique file bytes received"
2637.165,receiver,19d2c58a-67c5-4119-a3e4-c821cdfe94f7,SEND,ACK,758,36,""
2637.183,receiver,19d2c58a-67c5-4119-a3e4-c821cdfe94f7,RECEIVE,DATA,766,1060,""
2637.189,receiver,19d2c58a-67c5-4119-a3e4-c821cdfe94f7,OUT_OF_ORDER,DATA,766,0,"arrived before missing sequence=755"
2637.194,receiver,19d2c58a-67c5-4119-a3e4-c821cdfe94f7,ACCEPT_DATA,DATA,766,1024,"unique file bytes received"
2637.199,receiver,19d2c58a-67c5-4119-a3e4-c821cdfe94f7,SEND,ACK,766,36,""
2637.211,receiver,19d2c58a-67c5-4119-a3e4-c821cdfe94f7,RECEIVE,DATA,767,1060,""
2637.217,receiver,19d2c58a-67c5-4119-a3e4-c821cdfe94f7,OUT_OF_ORDER,DATA,767,0,"arrived before missing sequence=755"
2637.221,receiver,19d2c58a-67c5-4119-a3e4-c821cdfe94f7,ACCEPT_DATA,DATA,767,1024,"unique file bytes received"
2637.226,receiver,19d2c58a-67c5-4119-a3e4-c821cdfe94f7,SEND,ACK,767,36,""
2637.238,receiver,19d2c58a-67c5-4119-a3e4-c821cdfe94f7,RECEIVE,DATA,761,1060,""
2637.244,receiver,19d2c58a-67c5-4119-a3e4-c821cdfe94f7,OUT_OF_ORDER,DATA,761,0,"arrived before missing sequence=755"
2637.248,receiver,19d2c58a-67c5-4119-a3e4-c821cdfe94f7,ACCEPT_DATA,DATA,761,1024,"unique file bytes received"
2637.252,receiver,19d2c58a-67c5-4119-a3e4-c821cdfe94f7,SEND,ACK,761,36,""
2637.264,receiver,19d2c58a-67c5-4119-a3e4-c821cdfe94f7,RECEIVE,DATA,755,1060,""
2637.270,receiver,19d2c58a-67c5-4119-a3e4-c821cdfe94f7,ACCEPT_DATA,DATA,755,1024,"unique file bytes received"
2637.275,receiver,19d2c58a-67c5-4119-a3e4-c821cdfe94f7,SEND,ACK,755,36,""
2652.934,receiver,19d2c58a-67c5-4119-a3e4-c821cdfe94f7,EMIT,ACK,744,36,""
2652.963,receiver,19d2c58a-67c5-4119-a3e4-c821cdfe94f7,EMIT,ACK,745,36,""
2652.979,receiver,19d2c58a-67c5-4119-a3e4-c821cdfe94f7,EMIT,ACK,751,36,""
2652.983,receiver,19d2c58a-67c5-4119-a3e4-c821cdfe94f7,RECEIVE,DATA,770,1060,""
2652.991,receiver,19d2c58a-67c5-4119-a3e4-c821cdfe94f7,EMIT,ACK,752,36,""
2653.024,receiver,19d2c58a-67c5-4119-a3e4-c821cdfe94f7,OUT_OF_ORDER,DATA,770,0,"arrived before missing sequence=756"
2653.029,receiver,19d2c58a-67c5-4119-a3e4-c821cdfe94f7,ACCEPT_DATA,DATA,770,1024,"unique file bytes received"
2653.060,receiver,19d2c58a-67c5-4119-a3e4-c821cdfe94f7,SEND,ACK,770,36,""
2653.076,receiver,19d2c58a-67c5-4119-a3e4-c821cdfe94f7,RECEIVE,DATA,768,1060,""
2653.079,receiver,19d2c58a-67c5-4119-a3e4-c821cdfe94f7,OUT_OF_ORDER,DATA,768,0,"arrived before missing sequence=756"
2653.082,receiver,19d2c58a-67c5-4119-a3e4-c821cdfe94f7,ACCEPT_DATA,DATA,768,1024,"unique file bytes received"
2653.084,receiver,19d2c58a-67c5-4119-a3e4-c821cdfe94f7,SEND,ACK,768,36,""
2653.090,receiver,19d2c58a-67c5-4119-a3e4-c821cdfe94f7,RECEIVE,DATA,765,1060,""
2653.093,receiver,19d2c58a-67c5-4119-a3e4-c821cdfe94f7,OUT_OF_ORDER,DATA,765,0,"arrived before missing sequence=756"
2653.096,receiver,19d2c58a-67c5-4119-a3e4-c821cdfe94f7,ACCEPT_DATA,DATA,765,1024,"unique file bytes received"
2653.098,receiver,19d2c58a-67c5-4119-a3e4-c821cdfe94f7,SEND,ACK,765,36,""
2653.105,receiver,19d2c58a-67c5-4119-a3e4-c821cdfe94f7,RECEIVE,DATA,769,1060,""
2653.108,receiver,19d2c58a-67c5-4119-a3e4-c821cdfe94f7,OUT_OF_ORDER,DATA,769,0,"arrived before missing sequence=756"
2653.111,receiver,19d2c58a-67c5-4119-a3e4-c821cdfe94f7,ACCEPT_DATA,DATA,769,1024,"unique file bytes received"
2653.113,receiver,19d2c58a-67c5-4119-a3e4-c821cdfe94f7,SEND,ACK,769,36,""
2653.118,receiver,19d2c58a-67c5-4119-a3e4-c821cdfe94f7,RECEIVE,DATA,760,1060,""
2653.127,receiver,19d2c58a-67c5-4119-a3e4-c821cdfe94f7,OUT_OF_ORDER,DATA,760,0,"arrived before missing sequence=756"
2653.129,receiver,19d2c58a-67c5-4119-a3e4-c821cdfe94f7,ACCEPT_DATA,DATA,760,1024,"unique file bytes received"
2653.131,receiver,19d2c58a-67c5-4119-a3e4-c821cdfe94f7,SEND,ACK,760,36,""
2653.135,receiver,19d2c58a-67c5-4119-a3e4-c821cdfe94f7,RECEIVE,DATA,763,1060,""
2653.138,receiver,19d2c58a-67c5-4119-a3e4-c821cdfe94f7,OUT_OF_ORDER,DATA,763,0,"arrived before missing sequence=756"
2653.140,receiver,19d2c58a-67c5-4119-a3e4-c821cdfe94f7,ACCEPT_DATA,DATA,763,1024,"unique file bytes received"
2653.142,receiver,19d2c58a-67c5-4119-a3e4-c821cdfe94f7,SEND,ACK,763,36,""
2653.147,receiver,19d2c58a-67c5-4119-a3e4-c821cdfe94f7,RECEIVE,DATA,759,1060,""
2653.150,receiver,19d2c58a-67c5-4119-a3e4-c821cdfe94f7,OUT_OF_ORDER,DATA,759,0,"arrived before missing sequence=756"
2653.160,receiver,19d2c58a-67c5-4119-a3e4-c821cdfe94f7,ACCEPT_DATA,DATA,759,1024,"unique file bytes received"
2653.162,receiver,19d2c58a-67c5-4119-a3e4-c821cdfe94f7,SEND,ACK,759,36,""
2668.868,receiver,19d2c58a-67c5-4119-a3e4-c821cdfe94f7,RECEIVE,DATA,756,1060,""
2668.876,receiver,19d2c58a-67c5-4119-a3e4-c821cdfe94f7,EMIT,ACK,741,36,""
2668.879,receiver,19d2c58a-67c5-4119-a3e4-c821cdfe94f7,ACCEPT_DATA,DATA,756,1024,"unique file bytes received"
2668.883,receiver,19d2c58a-67c5-4119-a3e4-c821cdfe94f7,SEND,ACK,756,36,""
2668.885,receiver,19d2c58a-67c5-4119-a3e4-c821cdfe94f7,EMIT,ACK,748,36,""
2668.893,receiver,19d2c58a-67c5-4119-a3e4-c821cdfe94f7,EMIT,ACK,746,36,""
2668.896,receiver,19d2c58a-67c5-4119-a3e4-c821cdfe94f7,RECEIVE,DATA,757,1060,""
2668.899,receiver,19d2c58a-67c5-4119-a3e4-c821cdfe94f7,ACCEPT_DATA,DATA,757,1024,"unique file bytes received"
2668.902,receiver,19d2c58a-67c5-4119-a3e4-c821cdfe94f7,EMIT,ACK,758,36,""
2668.904,receiver,19d2c58a-67c5-4119-a3e4-c821cdfe94f7,SEND,ACK,757,36,""
2668.908,receiver,19d2c58a-67c5-4119-a3e4-c821cdfe94f7,EMIT,ACK,747,36,""
2668.911,receiver,19d2c58a-67c5-4119-a3e4-c821cdfe94f7,RECEIVE,DATA,762,1060,""
2668.913,receiver,19d2c58a-67c5-4119-a3e4-c821cdfe94f7,ACCEPT_DATA,DATA,762,1024,"unique file bytes received"
2668.916,receiver,19d2c58a-67c5-4119-a3e4-c821cdfe94f7,EMIT,ACK,749,36,""
2668.918,receiver,19d2c58a-67c5-4119-a3e4-c821cdfe94f7,SEND,ACK,762,36,""
2668.923,receiver,19d2c58a-67c5-4119-a3e4-c821cdfe94f7,EMIT,ACK,766,36,""
2668.925,receiver,19d2c58a-67c5-4119-a3e4-c821cdfe94f7,RECEIVE,DATA,764,1060,""
2668.928,receiver,19d2c58a-67c5-4119-a3e4-c821cdfe94f7,ACCEPT_DATA,DATA,764,1024,"unique file bytes received"
2668.930,receiver,19d2c58a-67c5-4119-a3e4-c821cdfe94f7,SEND,ACK,764,36,""
2684.589,receiver,19d2c58a-67c5-4119-a3e4-c821cdfe94f7,RECEIVE,DATA,772,1060,""
2684.615,receiver,19d2c58a-67c5-4119-a3e4-c821cdfe94f7,OUT_OF_ORDER,DATA,772,0,"arrived before missing sequence=771"
2684.619,receiver,19d2c58a-67c5-4119-a3e4-c821cdfe94f7,ACCEPT_DATA,DATA,772,1024,"unique file bytes received"
2684.622,receiver,19d2c58a-67c5-4119-a3e4-c821cdfe94f7,SEND,ACK,772,36,""
2684.628,receiver,19d2c58a-67c5-4119-a3e4-c821cdfe94f7,EMIT,ACK,767,36,""
2684.646,receiver,19d2c58a-67c5-4119-a3e4-c821cdfe94f7,EMIT,ACK,753,36,""
2684.666,receiver,19d2c58a-67c5-4119-a3e4-c821cdfe94f7,EMIT,ACK,761,36,""
2684.673,receiver,19d2c58a-67c5-4119-a3e4-c821cdfe94f7,EMIT,ACK,759,36,""
2684.680,receiver,19d2c58a-67c5-4119-a3e4-c821cdfe94f7,EMIT,ACK,754,36,""
2684.687,receiver,19d2c58a-67c5-4119-a3e4-c821cdfe94f7,EMIT,ACK,770,36,""
2684.694,receiver,19d2c58a-67c5-4119-a3e4-c821cdfe94f7,EMIT,ACK,755,36,""
2700.448,receiver,19d2c58a-67c5-4119-a3e4-c821cdfe94f7,EMIT,ACK,760,36,""
2700.503,receiver,19d2c58a-67c5-4119-a3e4-c821cdfe94f7,EMIT,ACK,765,36,""
2700.513,receiver,19d2c58a-67c5-4119-a3e4-c821cdfe94f7,EMIT,ACK,763,36,""
2700.521,receiver,19d2c58a-67c5-4119-a3e4-c821cdfe94f7,EMIT,ACK,764,36,""
2700.607,receiver,19d2c58a-67c5-4119-a3e4-c821cdfe94f7,RECEIVE,DATA,771,1060,""
2700.623,receiver,19d2c58a-67c5-4119-a3e4-c821cdfe94f7,ACCEPT_DATA,DATA,771,1024,"unique file bytes received"
2700.627,receiver,19d2c58a-67c5-4119-a3e4-c821cdfe94f7,SEND,ACK,771,36,""
2700.644,receiver,19d2c58a-67c5-4119-a3e4-c821cdfe94f7,RECEIVE,DATA,774,1060,""
2700.647,receiver,19d2c58a-67c5-4119-a3e4-c821cdfe94f7,OUT_OF_ORDER,DATA,774,0,"arrived before missing sequence=773"
2700.650,receiver,19d2c58a-67c5-4119-a3e4-c821cdfe94f7,ACCEPT_DATA,DATA,774,1024,"unique file bytes received"
2700.653,receiver,19d2c58a-67c5-4119-a3e4-c821cdfe94f7,SEND,ACK,774,36,""
2716.152,receiver,19d2c58a-67c5-4119-a3e4-c821cdfe94f7,EMIT,ACK,769,36,""
2716.177,receiver,19d2c58a-67c5-4119-a3e4-c821cdfe94f7,EMIT,ACK,757,36,""
2716.187,receiver,19d2c58a-67c5-4119-a3e4-c821cdfe94f7,EMIT,ACK,768,36,""
2716.200,receiver,19d2c58a-67c5-4119-a3e4-c821cdfe94f7,EMIT,ACK,762,36,""
2716.208,receiver,19d2c58a-67c5-4119-a3e4-c821cdfe94f7,RECEIVE,DATA,773,1060,""
2716.230,receiver,19d2c58a-67c5-4119-a3e4-c821cdfe94f7,EMIT,ACK,756,36,""
2716.236,receiver,19d2c58a-67c5-4119-a3e4-c821cdfe94f7,ACCEPT_DATA,DATA,773,1024,"unique file bytes received"
2716.246,receiver,19d2c58a-67c5-4119-a3e4-c821cdfe94f7,SEND,ACK,773,36,""
2716.288,receiver,19d2c58a-67c5-4119-a3e4-c821cdfe94f7,RECEIVE,DATA,777,1060,""
2716.297,receiver,19d2c58a-67c5-4119-a3e4-c821cdfe94f7,OUT_OF_ORDER,DATA,777,0,"arrived before missing sequence=775"
2716.305,receiver,19d2c58a-67c5-4119-a3e4-c821cdfe94f7,ACCEPT_DATA,DATA,777,1024,"unique file bytes received"
2716.313,receiver,19d2c58a-67c5-4119-a3e4-c821cdfe94f7,SEND,ACK,777,36,""
2716.328,receiver,19d2c58a-67c5-4119-a3e4-c821cdfe94f7,RECEIVE,DATA,781,1060,""
2716.338,receiver,19d2c58a-67c5-4119-a3e4-c821cdfe94f7,OUT_OF_ORDER,DATA,781,0,"arrived before missing sequence=775"
2716.346,receiver,19d2c58a-67c5-4119-a3e4-c821cdfe94f7,ACCEPT_DATA,DATA,781,1024,"unique file bytes received"
2716.349,receiver,19d2c58a-67c5-4119-a3e4-c821cdfe94f7,SEND,ACK,781,36,""
2716.355,receiver,19d2c58a-67c5-4119-a3e4-c821cdfe94f7,RECEIVE,DATA,776,1060,""
2716.358,receiver,19d2c58a-67c5-4119-a3e4-c821cdfe94f7,OUT_OF_ORDER,DATA,776,0,"arrived before missing sequence=775"
2716.365,receiver,19d2c58a-67c5-4119-a3e4-c821cdfe94f7,ACCEPT_DATA,DATA,776,1024,"unique file bytes received"
2716.368,receiver,19d2c58a-67c5-4119-a3e4-c821cdfe94f7,SEND,ACK,776,36,""
2716.373,receiver,19d2c58a-67c5-4119-a3e4-c821cdfe94f7,RECEIVE,DATA,775,1060,""
2716.376,receiver,19d2c58a-67c5-4119-a3e4-c821cdfe94f7,ACCEPT_DATA,DATA,775,1024,"unique file bytes received"
2716.379,receiver,19d2c58a-67c5-4119-a3e4-c821cdfe94f7,SEND,ACK,775,36,""
2716.385,receiver,19d2c58a-67c5-4119-a3e4-c821cdfe94f7,RECEIVE,DATA,783,1060,""
2716.392,receiver,19d2c58a-67c5-4119-a3e4-c821cdfe94f7,OUT_OF_ORDER,DATA,783,0,"arrived before missing sequence=778"
2716.395,receiver,19d2c58a-67c5-4119-a3e4-c821cdfe94f7,ACCEPT_DATA,DATA,783,1024,"unique file bytes received"
2716.427,receiver,19d2c58a-67c5-4119-a3e4-c821cdfe94f7,SEND,ACK,783,36,""
2716.433,receiver,19d2c58a-67c5-4119-a3e4-c821cdfe94f7,RECEIVE,DATA,780,1060,""
2716.436,receiver,19d2c58a-67c5-4119-a3e4-c821cdfe94f7,OUT_OF_ORDER,DATA,780,0,"arrived before missing sequence=778"
2716.438,receiver,19d2c58a-67c5-4119-a3e4-c821cdfe94f7,ACCEPT_DATA,DATA,780,1024,"unique file bytes received"
2716.441,receiver,19d2c58a-67c5-4119-a3e4-c821cdfe94f7,SEND,ACK,780,36,""
2732.126,receiver,19d2c58a-67c5-4119-a3e4-c821cdfe94f7,RECEIVE,DATA,779,1060,""
2732.142,receiver,19d2c58a-67c5-4119-a3e4-c821cdfe94f7,OUT_OF_ORDER,DATA,779,0,"arrived before missing sequence=778"
2732.145,receiver,19d2c58a-67c5-4119-a3e4-c821cdfe94f7,ACCEPT_DATA,DATA,779,1024,"unique file bytes received"
2732.148,receiver,19d2c58a-67c5-4119-a3e4-c821cdfe94f7,SEND,ACK,779,36,""
2732.170,receiver,19d2c58a-67c5-4119-a3e4-c821cdfe94f7,RECEIVE,DATA,786,1060,""
2732.173,receiver,19d2c58a-67c5-4119-a3e4-c821cdfe94f7,OUT_OF_ORDER,DATA,786,0,"arrived before missing sequence=778"
2732.176,receiver,19d2c58a-67c5-4119-a3e4-c821cdfe94f7,ACCEPT_DATA,DATA,786,1024,"unique file bytes received"
2732.179,receiver,19d2c58a-67c5-4119-a3e4-c821cdfe94f7,SEND,ACK,786,36,""
2732.184,receiver,19d2c58a-67c5-4119-a3e4-c821cdfe94f7,RECEIVE,DATA,778,1060,""
2732.187,receiver,19d2c58a-67c5-4119-a3e4-c821cdfe94f7,ACCEPT_DATA,DATA,778,1024,"unique file bytes received"
2732.190,receiver,19d2c58a-67c5-4119-a3e4-c821cdfe94f7,SEND,ACK,778,36,""
2732.196,receiver,19d2c58a-67c5-4119-a3e4-c821cdfe94f7,RECEIVE,DATA,782,1060,""
2732.198,receiver,19d2c58a-67c5-4119-a3e4-c821cdfe94f7,ACCEPT_DATA,DATA,782,1024,"unique file bytes received"
2732.201,receiver,19d2c58a-67c5-4119-a3e4-c821cdfe94f7,SEND,ACK,782,36,""
2732.204,receiver,19d2c58a-67c5-4119-a3e4-c821cdfe94f7,EMIT,ACK,772,36,""
2732.220,receiver,19d2c58a-67c5-4119-a3e4-c821cdfe94f7,RECEIVE,DATA,784,1060,""
2732.223,receiver,19d2c58a-67c5-4119-a3e4-c821cdfe94f7,ACCEPT_DATA,DATA,784,1024,"unique file bytes received"
2732.226,receiver,19d2c58a-67c5-4119-a3e4-c821cdfe94f7,SEND,ACK,784,36,""
2732.232,receiver,19d2c58a-67c5-4119-a3e4-c821cdfe94f7,RECEIVE,DATA,787,1060,""
2732.235,receiver,19d2c58a-67c5-4119-a3e4-c821cdfe94f7,OUT_OF_ORDER,DATA,787,0,"arrived before missing sequence=785"
2732.237,receiver,19d2c58a-67c5-4119-a3e4-c821cdfe94f7,ACCEPT_DATA,DATA,787,1024,"unique file bytes received"
2732.240,receiver,19d2c58a-67c5-4119-a3e4-c821cdfe94f7,SEND,ACK,787,36,""
2732.245,receiver,19d2c58a-67c5-4119-a3e4-c821cdfe94f7,RECEIVE,DATA,785,1060,""
2732.248,receiver,19d2c58a-67c5-4119-a3e4-c821cdfe94f7,ACCEPT_DATA,DATA,785,1024,"unique file bytes received"
2732.251,receiver,19d2c58a-67c5-4119-a3e4-c821cdfe94f7,SEND,ACK,785,36,""
2748.171,receiver,19d2c58a-67c5-4119-a3e4-c821cdfe94f7,EMIT,ACK,774,36,""
2748.206,receiver,19d2c58a-67c5-4119-a3e4-c821cdfe94f7,RECEIVE,DATA,802,1060,""
2748.219,receiver,19d2c58a-67c5-4119-a3e4-c821cdfe94f7,EMIT,ACK,775,36,""
2748.223,receiver,19d2c58a-67c5-4119-a3e4-c821cdfe94f7,OUT_OF_ORDER,DATA,802,0,"arrived before missing sequence=788"
2748.228,receiver,19d2c58a-67c5-4119-a3e4-c821cdfe94f7,ACCEPT_DATA,DATA,802,1024,"unique file bytes received"
2748.231,receiver,19d2c58a-67c5-4119-a3e4-c821cdfe94f7,SEND,ACK,802,36,""
2748.235,receiver,19d2c58a-67c5-4119-a3e4-c821cdfe94f7,EMIT,ACK,771,36,""
2748.247,receiver,19d2c58a-67c5-4119-a3e4-c821cdfe94f7,EMIT,ACK,777,36,""
2748.251,receiver,19d2c58a-67c5-4119-a3e4-c821cdfe94f7,RECEIVE,DATA,796,1060,""
2748.255,receiver,19d2c58a-67c5-4119-a3e4-c821cdfe94f7,OUT_OF_ORDER,DATA,796,0,"arrived before missing sequence=788"
2748.262,receiver,19d2c58a-67c5-4119-a3e4-c821cdfe94f7,EMIT,ACK,773,36,""
2748.265,receiver,19d2c58a-67c5-4119-a3e4-c821cdfe94f7,ACCEPT_DATA,DATA,796,1024,"unique file bytes received"
2748.268,receiver,19d2c58a-67c5-4119-a3e4-c821cdfe94f7,SEND,ACK,796,36,""
2748.271,receiver,19d2c58a-67c5-4119-a3e4-c821cdfe94f7,EMIT,ACK,781,36,""
2748.275,receiver,19d2c58a-67c5-4119-a3e4-c821cdfe94f7,RECEIVE,DATA,797,1060,""
2748.279,receiver,19d2c58a-67c5-4119-a3e4-c821cdfe94f7,OUT_OF_ORDER,DATA,797,0,"arrived before missing sequence=788"
2748.282,receiver,19d2c58a-67c5-4119-a3e4-c821cdfe94f7,ACCEPT_DATA,DATA,797,1024,"unique file bytes received"
2748.284,receiver,19d2c58a-67c5-4119-a3e4-c821cdfe94f7,SEND,ACK,797,36,""
2764.366,receiver,19d2c58a-67c5-4119-a3e4-c821cdfe94f7,EMIT,ACK,780,36,""
2764.406,receiver,19d2c58a-67c5-4119-a3e4-c821cdfe94f7,EMIT,ACK,776,36,""
2764.419,receiver,19d2c58a-67c5-4119-a3e4-c821cdfe94f7,EMIT,ACK,778,36,""
2764.430,receiver,19d2c58a-67c5-4119-a3e4-c821cdfe94f7,EMIT,ACK,787,36,""
2764.441,receiver,19d2c58a-67c5-4119-a3e4-c821cdfe94f7,EMIT,ACK,783,36,""
2764.679,receiver,19d2c58a-67c5-4119-a3e4-c821cdfe94f7,RECEIVE,DATA,790,1060,""
2764.693,receiver,19d2c58a-67c5-4119-a3e4-c821cdfe94f7,OUT_OF_ORDER,DATA,790,0,"arrived before missing sequence=788"
2764.698,receiver,19d2c58a-67c5-4119-a3e4-c821cdfe94f7,ACCEPT_DATA,DATA,790,1024,"unique file bytes received"
2764.701,receiver,19d2c58a-67c5-4119-a3e4-c821cdfe94f7,SEND,ACK,790,36,""
2764.719,receiver,19d2c58a-67c5-4119-a3e4-c821cdfe94f7,RECEIVE,DATA,788,1060,""
2764.723,receiver,19d2c58a-67c5-4119-a3e4-c821cdfe94f7,ACCEPT_DATA,DATA,788,1024,"unique file bytes received"
2764.726,receiver,19d2c58a-67c5-4119-a3e4-c821cdfe94f7,SEND,ACK,788,36,""
2764.732,receiver,19d2c58a-67c5-4119-a3e4-c821cdfe94f7,RECEIVE,DATA,792,1060,""
2764.735,receiver,19d2c58a-67c5-4119-a3e4-c821cdfe94f7,OUT_OF_ORDER,DATA,792,0,"arrived before missing sequence=789"
2764.738,receiver,19d2c58a-67c5-4119-a3e4-c821cdfe94f7,ACCEPT_DATA,DATA,792,1024,"unique file bytes received"
2764.741,receiver,19d2c58a-67c5-4119-a3e4-c821cdfe94f7,SEND,ACK,792,36,""
2764.747,receiver,19d2c58a-67c5-4119-a3e4-c821cdfe94f7,RECEIVE,DATA,801,1060,""
2764.750,receiver,19d2c58a-67c5-4119-a3e4-c821cdfe94f7,OUT_OF_ORDER,DATA,801,0,"arrived before missing sequence=789"
2764.753,receiver,19d2c58a-67c5-4119-a3e4-c821cdfe94f7,ACCEPT_DATA,DATA,801,1024,"unique file bytes received"
2764.756,receiver,19d2c58a-67c5-4119-a3e4-c821cdfe94f7,SEND,ACK,801,36,""
2764.764,receiver,19d2c58a-67c5-4119-a3e4-c821cdfe94f7,RECEIVE,DATA,789,1060,""
2764.767,receiver,19d2c58a-67c5-4119-a3e4-c821cdfe94f7,ACCEPT_DATA,DATA,789,1024,"unique file bytes received"
2764.770,receiver,19d2c58a-67c5-4119-a3e4-c821cdfe94f7,SEND,ACK,789,36,""
2764.776,receiver,19d2c58a-67c5-4119-a3e4-c821cdfe94f7,RECEIVE,DATA,791,1060,""
2764.779,receiver,19d2c58a-67c5-4119-a3e4-c821cdfe94f7,ACCEPT_DATA,DATA,791,1024,"unique file bytes received"
2764.782,receiver,19d2c58a-67c5-4119-a3e4-c821cdfe94f7,SEND,ACK,791,36,""
2764.788,receiver,19d2c58a-67c5-4119-a3e4-c821cdfe94f7,RECEIVE,DATA,798,1060,""
2764.794,receiver,19d2c58a-67c5-4119-a3e4-c821cdfe94f7,OUT_OF_ORDER,DATA,798,0,"arrived before missing sequence=793"
2764.797,receiver,19d2c58a-67c5-4119-a3e4-c821cdfe94f7,ACCEPT_DATA,DATA,798,1024,"unique file bytes received"
2764.800,receiver,19d2c58a-67c5-4119-a3e4-c821cdfe94f7,SEND,ACK,798,36,""
2764.806,receiver,19d2c58a-67c5-4119-a3e4-c821cdfe94f7,RECEIVE,DATA,794,1060,""
2764.809,receiver,19d2c58a-67c5-4119-a3e4-c821cdfe94f7,OUT_OF_ORDER,DATA,794,0,"arrived before missing sequence=793"
2764.811,receiver,19d2c58a-67c5-4119-a3e4-c821cdfe94f7,ACCEPT_DATA,DATA,794,1024,"unique file bytes received"
2764.814,receiver,19d2c58a-67c5-4119-a3e4-c821cdfe94f7,SEND,ACK,794,36,""
2764.820,receiver,19d2c58a-67c5-4119-a3e4-c821cdfe94f7,RECEIVE,DATA,795,1060,""
2764.823,receiver,19d2c58a-67c5-4119-a3e4-c821cdfe94f7,OUT_OF_ORDER,DATA,795,0,"arrived before missing sequence=793"
2764.826,receiver,19d2c58a-67c5-4119-a3e4-c821cdfe94f7,ACCEPT_DATA,DATA,795,1024,"unique file bytes received"
2764.829,receiver,19d2c58a-67c5-4119-a3e4-c821cdfe94f7,SEND,ACK,795,36,""
2764.835,receiver,19d2c58a-67c5-4119-a3e4-c821cdfe94f7,RECEIVE,DATA,793,1060,""
2764.838,receiver,19d2c58a-67c5-4119-a3e4-c821cdfe94f7,ACCEPT_DATA,DATA,793,1024,"unique file bytes received"
2764.841,receiver,19d2c58a-67c5-4119-a3e4-c821cdfe94f7,SEND,ACK,793,36,""
2764.882,receiver,19d2c58a-67c5-4119-a3e4-c821cdfe94f7,RECEIVE,DATA,799,1060,""
2764.886,receiver,19d2c58a-67c5-4119-a3e4-c821cdfe94f7,ACCEPT_DATA,DATA,799,1024,"unique file bytes received"
2764.889,receiver,19d2c58a-67c5-4119-a3e4-c821cdfe94f7,SEND,ACK,799,36,""
2779.747,receiver,19d2c58a-67c5-4119-a3e4-c821cdfe94f7,EMIT,ACK,785,36,""
2779.780,receiver,19d2c58a-67c5-4119-a3e4-c821cdfe94f7,EMIT,ACK,784,36,""
2779.788,receiver,19d2c58a-67c5-4119-a3e4-c821cdfe94f7,EMIT,ACK,797,36,""
2779.795,receiver,19d2c58a-67c5-4119-a3e4-c821cdfe94f7,EMIT,ACK,796,36,""
2779.802,receiver,19d2c58a-67c5-4119-a3e4-c821cdfe94f7,EMIT,ACK,779,36,""
2780.134,receiver,19d2c58a-67c5-4119-a3e4-c821cdfe94f7,RECEIVE,DATA,800,1060,""
2780.145,receiver,19d2c58a-67c5-4119-a3e4-c821cdfe94f7,ACCEPT_DATA,DATA,800,1024,"unique file bytes received"
2780.148,receiver,19d2c58a-67c5-4119-a3e4-c821cdfe94f7,SEND,ACK,800,36,""
2780.160,receiver,19d2c58a-67c5-4119-a3e4-c821cdfe94f7,RECEIVE,DATA,806,1060,""
2780.163,receiver,19d2c58a-67c5-4119-a3e4-c821cdfe94f7,OUT_OF_ORDER,DATA,806,0,"arrived before missing sequence=803"
2780.166,receiver,19d2c58a-67c5-4119-a3e4-c821cdfe94f7,ACCEPT_DATA,DATA,806,1024,"unique file bytes received"
2780.168,receiver,19d2c58a-67c5-4119-a3e4-c821cdfe94f7,SEND,ACK,806,36,""
2780.173,receiver,19d2c58a-67c5-4119-a3e4-c821cdfe94f7,RECEIVE,DATA,804,1060,""
2780.175,receiver,19d2c58a-67c5-4119-a3e4-c821cdfe94f7,OUT_OF_ORDER,DATA,804,0,"arrived before missing sequence=803"
2780.177,receiver,19d2c58a-67c5-4119-a3e4-c821cdfe94f7,ACCEPT_DATA,DATA,804,1024,"unique file bytes received"
2780.179,receiver,19d2c58a-67c5-4119-a3e4-c821cdfe94f7,SEND,ACK,804,36,""
2795.146,receiver,19d2c58a-67c5-4119-a3e4-c821cdfe94f7,EMIT,ACK,782,36,""
2795.175,receiver,19d2c58a-67c5-4119-a3e4-c821cdfe94f7,EMIT,ACK,786,36,""
2795.183,receiver,19d2c58a-67c5-4119-a3e4-c821cdfe94f7,EMIT,ACK,802,36,""
2795.190,receiver,19d2c58a-67c5-4119-a3e4-c821cdfe94f7,EMIT,ACK,799,36,""
2795.201,receiver,19d2c58a-67c5-4119-a3e4-c821cdfe94f7,EMIT,ACK,789,36,""
2795.208,receiver,19d2c58a-67c5-4119-a3e4-c821cdfe94f7,EMIT,ACK,795,36,""
2795.349,receiver,19d2c58a-67c5-4119-a3e4-c821cdfe94f7,RECEIVE,DATA,803,1060,""
2795.361,receiver,19d2c58a-67c5-4119-a3e4-c821cdfe94f7,ACCEPT_DATA,DATA,803,1024,"unique file bytes received"
2795.364,receiver,19d2c58a-67c5-4119-a3e4-c821cdfe94f7,SEND,ACK,803,36,""
2795.375,receiver,19d2c58a-67c5-4119-a3e4-c821cdfe94f7,RECEIVE,DATA,808,1060,""
2795.378,receiver,19d2c58a-67c5-4119-a3e4-c821cdfe94f7,OUT_OF_ORDER,DATA,808,0,"arrived before missing sequence=805"
2795.381,receiver,19d2c58a-67c5-4119-a3e4-c821cdfe94f7,ACCEPT_DATA,DATA,808,1024,"unique file bytes received"
2795.384,receiver,19d2c58a-67c5-4119-a3e4-c821cdfe94f7,SEND,ACK,808,36,""
2795.389,receiver,19d2c58a-67c5-4119-a3e4-c821cdfe94f7,RECEIVE,DATA,807,1060,""
2795.392,receiver,19d2c58a-67c5-4119-a3e4-c821cdfe94f7,OUT_OF_ORDER,DATA,807,0,"arrived before missing sequence=805"
2795.395,receiver,19d2c58a-67c5-4119-a3e4-c821cdfe94f7,ACCEPT_DATA,DATA,807,1024,"unique file bytes received"
2795.397,receiver,19d2c58a-67c5-4119-a3e4-c821cdfe94f7,SEND,ACK,807,36,""
2795.402,receiver,19d2c58a-67c5-4119-a3e4-c821cdfe94f7,RECEIVE,DATA,809,1060,""
2795.405,receiver,19d2c58a-67c5-4119-a3e4-c821cdfe94f7,OUT_OF_ORDER,DATA,809,0,"arrived before missing sequence=805"
2795.407,receiver,19d2c58a-67c5-4119-a3e4-c821cdfe94f7,ACCEPT_DATA,DATA,809,1024,"unique file bytes received"
2795.410,receiver,19d2c58a-67c5-4119-a3e4-c821cdfe94f7,SEND,ACK,809,36,""
2810.748,receiver,19d2c58a-67c5-4119-a3e4-c821cdfe94f7,EMIT,ACK,790,36,""
2810.781,receiver,19d2c58a-67c5-4119-a3e4-c821cdfe94f7,EMIT,ACK,793,36,""
2810.794,receiver,19d2c58a-67c5-4119-a3e4-c821cdfe94f7,EMIT,ACK,788,36,""
2810.804,receiver,19d2c58a-67c5-4119-a3e4-c821cdfe94f7,EMIT,ACK,792,36,""
2810.813,receiver,19d2c58a-67c5-4119-a3e4-c821cdfe94f7,EMIT,ACK,801,36,""
2810.820,receiver,19d2c58a-67c5-4119-a3e4-c821cdfe94f7,EMIT,ACK,798,36,""
2810.827,receiver,19d2c58a-67c5-4119-a3e4-c821cdfe94f7,EMIT,ACK,794,36,""
2810.950,receiver,19d2c58a-67c5-4119-a3e4-c821cdfe94f7,RECEIVE,DATA,805,1060,""
2810.962,receiver,19d2c58a-67c5-4119-a3e4-c821cdfe94f7,ACCEPT_DATA,DATA,805,1024,"unique file bytes received"
2810.966,receiver,19d2c58a-67c5-4119-a3e4-c821cdfe94f7,SEND,ACK,805,36,""
2810.980,receiver,19d2c58a-67c5-4119-a3e4-c821cdfe94f7,RECEIVE,DATA,810,1060,""
2810.984,receiver,19d2c58a-67c5-4119-a3e4-c821cdfe94f7,ACCEPT_DATA,DATA,810,1024,"unique file bytes received"
2810.986,receiver,19d2c58a-67c5-4119-a3e4-c821cdfe94f7,SEND,ACK,810,36,""
2810.996,receiver,19d2c58a-67c5-4119-a3e4-c821cdfe94f7,RECEIVE,DATA,813,1060,""
2811.002,receiver,19d2c58a-67c5-4119-a3e4-c821cdfe94f7,OUT_OF_ORDER,DATA,813,0,"arrived before missing sequence=811"
2811.005,receiver,19d2c58a-67c5-4119-a3e4-c821cdfe94f7,ACCEPT_DATA,DATA,813,1024,"unique file bytes received"
2811.007,receiver,19d2c58a-67c5-4119-a3e4-c821cdfe94f7,SEND,ACK,813,36,""
2811.012,receiver,19d2c58a-67c5-4119-a3e4-c821cdfe94f7,RECEIVE,DATA,811,1060,""
2811.014,receiver,19d2c58a-67c5-4119-a3e4-c821cdfe94f7,ACCEPT_DATA,DATA,811,1024,"unique file bytes received"
2811.017,receiver,19d2c58a-67c5-4119-a3e4-c821cdfe94f7,SEND,ACK,811,36,""
2811.021,receiver,19d2c58a-67c5-4119-a3e4-c821cdfe94f7,RECEIVE,DATA,812,1060,""
2811.024,receiver,19d2c58a-67c5-4119-a3e4-c821cdfe94f7,ACCEPT_DATA,DATA,812,1024,"unique file bytes received"
2811.026,receiver,19d2c58a-67c5-4119-a3e4-c821cdfe94f7,SEND,ACK,812,36,""
2826.213,receiver,19d2c58a-67c5-4119-a3e4-c821cdfe94f7,EMIT,ACK,791,36,""
2826.254,receiver,19d2c58a-67c5-4119-a3e4-c821cdfe94f7,EMIT,ACK,800,36,""
2826.266,receiver,19d2c58a-67c5-4119-a3e4-c821cdfe94f7,EMIT,ACK,806,36,""
2826.357,receiver,19d2c58a-67c5-4119-a3e4-c821cdfe94f7,RECEIVE,DATA,818,1060,""
2826.370,receiver,19d2c58a-67c5-4119-a3e4-c821cdfe94f7,OUT_OF_ORDER,DATA,818,0,"arrived before missing sequence=814"
2826.374,receiver,19d2c58a-67c5-4119-a3e4-c821cdfe94f7,ACCEPT_DATA,DATA,818,1024,"unique file bytes received"
2826.377,receiver,19d2c58a-67c5-4119-a3e4-c821cdfe94f7,SEND,ACK,818,36,""
2826.391,receiver,19d2c58a-67c5-4119-a3e4-c821cdfe94f7,RECEIVE,DATA,816,1060,""
2826.395,receiver,19d2c58a-67c5-4119-a3e4-c821cdfe94f7,OUT_OF_ORDER,DATA,816,0,"arrived before missing sequence=814"
2826.398,receiver,19d2c58a-67c5-4119-a3e4-c821cdfe94f7,ACCEPT_DATA,DATA,816,1024,"unique file bytes received"
2826.400,receiver,19d2c58a-67c5-4119-a3e4-c821cdfe94f7,SEND,ACK,816,36,""
2826.406,receiver,19d2c58a-67c5-4119-a3e4-c821cdfe94f7,RECEIVE,DATA,819,1060,""
2826.409,receiver,19d2c58a-67c5-4119-a3e4-c821cdfe94f7,OUT_OF_ORDER,DATA,819,0,"arrived before missing sequence=814"
2826.411,receiver,19d2c58a-67c5-4119-a3e4-c821cdfe94f7,ACCEPT_DATA,DATA,819,1024,"unique file bytes received"
2826.414,receiver,19d2c58a-67c5-4119-a3e4-c821cdfe94f7,SEND,ACK,819,36,""
2842.485,receiver,19d2c58a-67c5-4119-a3e4-c821cdfe94f7,EMIT,ACK,804,36,""
2842.548,receiver,19d2c58a-67c5-4119-a3e4-c821cdfe94f7,EMIT,ACK,808,36,""
2842.565,receiver,19d2c58a-67c5-4119-a3e4-c821cdfe94f7,EMIT,ACK,810,36,""
2842.570,receiver,19d2c58a-67c5-4119-a3e4-c821cdfe94f7,RECEIVE,DATA,815,1060,""
2842.580,receiver,19d2c58a-67c5-4119-a3e4-c821cdfe94f7,EMIT,ACK,807,36,""
2842.585,receiver,19d2c58a-67c5-4119-a3e4-c821cdfe94f7,OUT_OF_ORDER,DATA,815,0,"arrived before missing sequence=814"
2842.589,receiver,19d2c58a-67c5-4119-a3e4-c821cdfe94f7,ACCEPT_DATA,DATA,815,1024,"unique file bytes received"
2842.592,receiver,19d2c58a-67c5-4119-a3e4-c821cdfe94f7,SEND,ACK,815,36,""
2842.595,receiver,19d2c58a-67c5-4119-a3e4-c821cdfe94f7,EMIT,ACK,813,36,""
2842.605,receiver,19d2c58a-67c5-4119-a3e4-c821cdfe94f7,RECEIVE,DATA,821,1060,""
2842.608,receiver,19d2c58a-67c5-4119-a3e4-c821cdfe94f7,OUT_OF_ORDER,DATA,821,0,"arrived before missing sequence=814"
2842.611,receiver,19d2c58a-67c5-4119-a3e4-c821cdfe94f7,ACCEPT_DATA,DATA,821,1024,"unique file bytes received"
2842.614,receiver,19d2c58a-67c5-4119-a3e4-c821cdfe94f7,EMIT,ACK,803,36,""
2842.619,receiver,19d2c58a-67c5-4119-a3e4-c821cdfe94f7,SEND,ACK,821,36,""
2842.624,receiver,19d2c58a-67c5-4119-a3e4-c821cdfe94f7,RECEIVE,DATA,817,1060,""
2842.656,receiver,19d2c58a-67c5-4119-a3e4-c821cdfe94f7,OUT_OF_ORDER,DATA,817,0,"arrived before missing sequence=814"
2842.658,receiver,19d2c58a-67c5-4119-a3e4-c821cdfe94f7,ACCEPT_DATA,DATA,817,1024,"unique file bytes received"
2842.660,receiver,19d2c58a-67c5-4119-a3e4-c821cdfe94f7,SEND,ACK,817,36,""
2842.666,receiver,19d2c58a-67c5-4119-a3e4-c821cdfe94f7,RECEIVE,DATA,814,1060,""
2842.669,receiver,19d2c58a-67c5-4119-a3e4-c821cdfe94f7,ACCEPT_DATA,DATA,814,1024,"unique file bytes received"
2842.671,receiver,19d2c58a-67c5-4119-a3e4-c821cdfe94f7,SEND,ACK,814,36,""
2858.500,receiver,19d2c58a-67c5-4119-a3e4-c821cdfe94f7,EMIT,ACK,811,36,""
2858.531,receiver,19d2c58a-67c5-4119-a3e4-c821cdfe94f7,EMIT,ACK,809,36,""
2858.540,receiver,19d2c58a-67c5-4119-a3e4-c821cdfe94f7,EMIT,ACK,805,36,""
2858.549,receiver,19d2c58a-67c5-4119-a3e4-c821cdfe94f7,EMIT,ACK,816,36,""
2858.584,receiver,19d2c58a-67c5-4119-a3e4-c821cdfe94f7,EMIT,ACK,812,36,""
2858.700,receiver,19d2c58a-67c5-4119-a3e4-c821cdfe94f7,RECEIVE,DATA,831,1060,""
2858.721,receiver,19d2c58a-67c5-4119-a3e4-c821cdfe94f7,OUT_OF_ORDER,DATA,831,0,"arrived before missing sequence=820"
2858.730,receiver,19d2c58a-67c5-4119-a3e4-c821cdfe94f7,ACCEPT_DATA,DATA,831,1024,"unique file bytes received"
2858.741,receiver,19d2c58a-67c5-4119-a3e4-c821cdfe94f7,SEND,ACK,831,36,""
2858.763,receiver,19d2c58a-67c5-4119-a3e4-c821cdfe94f7,RECEIVE,DATA,820,1060,""
2858.769,receiver,19d2c58a-67c5-4119-a3e4-c821cdfe94f7,ACCEPT_DATA,DATA,820,1024,"unique file bytes received"
2858.773,receiver,19d2c58a-67c5-4119-a3e4-c821cdfe94f7,SEND,ACK,820,36,""
2858.784,receiver,19d2c58a-67c5-4119-a3e4-c821cdfe94f7,RECEIVE,DATA,823,1060,""
2858.790,receiver,19d2c58a-67c5-4119-a3e4-c821cdfe94f7,OUT_OF_ORDER,DATA,823,0,"arrived before missing sequence=822"
2858.799,receiver,19d2c58a-67c5-4119-a3e4-c821cdfe94f7,ACCEPT_DATA,DATA,823,1024,"unique file bytes received"
2858.803,receiver,19d2c58a-67c5-4119-a3e4-c821cdfe94f7,SEND,ACK,823,36,""
2858.813,receiver,19d2c58a-67c5-4119-a3e4-c821cdfe94f7,RECEIVE,DATA,829,1060,""
2858.818,receiver,19d2c58a-67c5-4119-a3e4-c821cdfe94f7,OUT_OF_ORDER,DATA,829,0,"arrived before missing sequence=822"
2858.822,receiver,19d2c58a-67c5-4119-a3e4-c821cdfe94f7,ACCEPT_DATA,DATA,829,1024,"unique file bytes received"
2858.826,receiver,19d2c58a-67c5-4119-a3e4-c821cdfe94f7,SEND,ACK,829,36,""
2873.739,receiver,19d2c58a-67c5-4119-a3e4-c821cdfe94f7,EMIT,ACK,818,36,""
2873.760,receiver,19d2c58a-67c5-4119-a3e4-c821cdfe94f7,RECEIVE,DATA,822,1060,""
2873.800,receiver,19d2c58a-67c5-4119-a3e4-c821cdfe94f7,ACCEPT_DATA,DATA,822,1024,"unique file bytes received"
2873.807,receiver,19d2c58a-67c5-4119-a3e4-c821cdfe94f7,SEND,ACK,822,36,""
2873.972,receiver,19d2c58a-67c5-4119-a3e4-c821cdfe94f7,RECEIVE,DATA,830,1060,""
2873.985,receiver,19d2c58a-67c5-4119-a3e4-c821cdfe94f7,OUT_OF_ORDER,DATA,830,0,"arrived before missing sequence=824"
2873.989,receiver,19d2c58a-67c5-4119-a3e4-c821cdfe94f7,ACCEPT_DATA,DATA,830,1024,"unique file bytes received"
2873.992,receiver,19d2c58a-67c5-4119-a3e4-c821cdfe94f7,SEND,ACK,830,36,""
2874.011,receiver,19d2c58a-67c5-4119-a3e4-c821cdfe94f7,RECEIVE,DATA,832,1060,""
2874.015,receiver,19d2c58a-67c5-4119-a3e4-c821cdfe94f7,OUT_OF_ORDER,DATA,832,0,"arrived before missing sequence=824"
2874.018,receiver,19d2c58a-67c5-4119-a3e4-c821cdfe94f7,ACCEPT_DATA,DATA,832,1024,"unique file bytes received"
2874.021,receiver,19d2c58a-67c5-4119-a3e4-c821cdfe94f7,SEND,ACK,832,36,""
2874.027,receiver,19d2c58a-67c5-4119-a3e4-c821cdfe94f7,RECEIVE,DATA,825,1060,""
2874.031,receiver,19d2c58a-67c5-4119-a3e4-c821cdfe94f7,OUT_OF_ORDER,DATA,825,0,"arrived before missing sequence=824"
2874.033,receiver,19d2c58a-67c5-4119-a3e4-c821cdfe94f7,ACCEPT_DATA,DATA,825,1024,"unique file bytes received"
2874.036,receiver,19d2c58a-67c5-4119-a3e4-c821cdfe94f7,SEND,ACK,825,36,""
2874.042,receiver,19d2c58a-67c5-4119-a3e4-c821cdfe94f7,RECEIVE,DATA,826,1060,""
2874.045,receiver,19d2c58a-67c5-4119-a3e4-c821cdfe94f7,OUT_OF_ORDER,DATA,826,0,"arrived before missing sequence=824"
2874.048,receiver,19d2c58a-67c5-4119-a3e4-c821cdfe94f7,ACCEPT_DATA,DATA,826,1024,"unique file bytes received"
2874.051,receiver,19d2c58a-67c5-4119-a3e4-c821cdfe94f7,SEND,ACK,826,36,""
2874.057,receiver,19d2c58a-67c5-4119-a3e4-c821cdfe94f7,RECEIVE,DATA,827,1060,""
2874.060,receiver,19d2c58a-67c5-4119-a3e4-c821cdfe94f7,OUT_OF_ORDER,DATA,827,0,"arrived before missing sequence=824"
2874.063,receiver,19d2c58a-67c5-4119-a3e4-c821cdfe94f7,ACCEPT_DATA,DATA,827,1024,"unique file bytes received"
2874.066,receiver,19d2c58a-67c5-4119-a3e4-c821cdfe94f7,SEND,ACK,827,36,""
2874.072,receiver,19d2c58a-67c5-4119-a3e4-c821cdfe94f7,RECEIVE,DATA,828,1060,""
2874.075,receiver,19d2c58a-67c5-4119-a3e4-c821cdfe94f7,OUT_OF_ORDER,DATA,828,0,"arrived before missing sequence=824"
2874.077,receiver,19d2c58a-67c5-4119-a3e4-c821cdfe94f7,ACCEPT_DATA,DATA,828,1024,"unique file bytes received"
2874.080,receiver,19d2c58a-67c5-4119-a3e4-c821cdfe94f7,SEND,ACK,828,36,""
2874.091,receiver,19d2c58a-67c5-4119-a3e4-c821cdfe94f7,RECEIVE,DATA,834,1060,""
2874.094,receiver,19d2c58a-67c5-4119-a3e4-c821cdfe94f7,OUT_OF_ORDER,DATA,834,0,"arrived before missing sequence=824"
2874.096,receiver,19d2c58a-67c5-4119-a3e4-c821cdfe94f7,ACCEPT_DATA,DATA,834,1024,"unique file bytes received"
2874.099,receiver,19d2c58a-67c5-4119-a3e4-c821cdfe94f7,SEND,ACK,834,36,""
2874.105,receiver,19d2c58a-67c5-4119-a3e4-c821cdfe94f7,RECEIVE,DATA,824,1060,""
2874.108,receiver,19d2c58a-67c5-4119-a3e4-c821cdfe94f7,ACCEPT_DATA,DATA,824,1024,"unique file bytes received"
2874.111,receiver,19d2c58a-67c5-4119-a3e4-c821cdfe94f7,SEND,ACK,824,36,""
2874.117,receiver,19d2c58a-67c5-4119-a3e4-c821cdfe94f7,RECEIVE,DATA,833,1060,""
2874.120,receiver,19d2c58a-67c5-4119-a3e4-c821cdfe94f7,ACCEPT_DATA,DATA,833,1024,"unique file bytes received"
2874.123,receiver,19d2c58a-67c5-4119-a3e4-c821cdfe94f7,SEND,ACK,833,36,""
2889.538,receiver,19d2c58a-67c5-4119-a3e4-c821cdfe94f7,RECEIVE,DATA,835,1060,""
2889.551,receiver,19d2c58a-67c5-4119-a3e4-c821cdfe94f7,ACCEPT_DATA,DATA,835,1024,"unique file bytes received"
2889.577,receiver,19d2c58a-67c5-4119-a3e4-c821cdfe94f7,SEND,ACK,835,36,""
2889.596,receiver,19d2c58a-67c5-4119-a3e4-c821cdfe94f7,RECEIVE,DATA,845,1060,""
2889.600,receiver,19d2c58a-67c5-4119-a3e4-c821cdfe94f7,OUT_OF_ORDER,DATA,845,0,"arrived before missing sequence=836"
2889.603,receiver,19d2c58a-67c5-4119-a3e4-c821cdfe94f7,ACCEPT_DATA,DATA,845,1024,"unique file bytes received"
2889.606,receiver,19d2c58a-67c5-4119-a3e4-c821cdfe94f7,SEND,ACK,845,36,""
2889.613,receiver,19d2c58a-67c5-4119-a3e4-c821cdfe94f7,RECEIVE,DATA,844,1060,""
2889.616,receiver,19d2c58a-67c5-4119-a3e4-c821cdfe94f7,OUT_OF_ORDER,DATA,844,0,"arrived before missing sequence=836"
2889.618,receiver,19d2c58a-67c5-4119-a3e4-c821cdfe94f7,ACCEPT_DATA,DATA,844,1024,"unique file bytes received"
2889.621,receiver,19d2c58a-67c5-4119-a3e4-c821cdfe94f7,SEND,ACK,844,36,""
2889.626,receiver,19d2c58a-67c5-4119-a3e4-c821cdfe94f7,EMIT,ACK,817,36,""
2889.632,receiver,19d2c58a-67c5-4119-a3e4-c821cdfe94f7,RECEIVE,DATA,836,1060,""
2889.635,receiver,19d2c58a-67c5-4119-a3e4-c821cdfe94f7,ACCEPT_DATA,DATA,836,1024,"unique file bytes received"
2889.638,receiver,19d2c58a-67c5-4119-a3e4-c821cdfe94f7,SEND,ACK,836,36,""
2889.641,receiver,19d2c58a-67c5-4119-a3e4-c821cdfe94f7,EMIT,ACK,819,36,""
2889.651,receiver,19d2c58a-67c5-4119-a3e4-c821cdfe94f7,EMIT,ACK,815,36,""
2889.659,receiver,19d2c58a-67c5-4119-a3e4-c821cdfe94f7,EMIT,ACK,814,36,""
2905.203,receiver,19d2c58a-67c5-4119-a3e4-c821cdfe94f7,EMIT,ACK,821,36,""
2905.239,receiver,19d2c58a-67c5-4119-a3e4-c821cdfe94f7,EMIT,ACK,825,36,""
2905.248,receiver,19d2c58a-67c5-4119-a3e4-c821cdfe94f7,EMIT,ACK,833,36,""
2905.257,receiver,19d2c58a-67c5-4119-a3e4-c821cdfe94f7,EMIT,ACK,823,36,""
2905.265,receiver,19d2c58a-67c5-4119-a3e4-c821cdfe94f7,EMIT,ACK,822,36,""
2905.273,receiver,19d2c58a-67c5-4119-a3e4-c821cdfe94f7,EMIT,ACK,829,36,""
2905.284,receiver,19d2c58a-67c5-4119-a3e4-c821cdfe94f7,EMIT,ACK,830,36,""
2905.535,receiver,19d2c58a-67c5-4119-a3e4-c821cdfe94f7,RECEIVE,DATA,841,1060,""
2905.577,receiver,19d2c58a-67c5-4119-a3e4-c821cdfe94f7,OUT_OF_ORDER,DATA,841,0,"arrived before missing sequence=837"
2905.634,receiver,19d2c58a-67c5-4119-a3e4-c821cdfe94f7,ACCEPT_DATA,DATA,841,1024,"unique file bytes received"
2905.637,receiver,19d2c58a-67c5-4119-a3e4-c821cdfe94f7,SEND,ACK,841,36,""
2905.652,receiver,19d2c58a-67c5-4119-a3e4-c821cdfe94f7,RECEIVE,DATA,843,1060,""
2905.655,receiver,19d2c58a-67c5-4119-a3e4-c821cdfe94f7,OUT_OF_ORDER,DATA,843,0,"arrived before missing sequence=837"
2905.657,receiver,19d2c58a-67c5-4119-a3e4-c821cdfe94f7,ACCEPT_DATA,DATA,843,1024,"unique file bytes received"
2905.659,receiver,19d2c58a-67c5-4119-a3e4-c821cdfe94f7,SEND,ACK,843,36,""
2905.664,receiver,19d2c58a-67c5-4119-a3e4-c821cdfe94f7,RECEIVE,DATA,839,1060,""
2905.666,receiver,19d2c58a-67c5-4119-a3e4-c821cdfe94f7,OUT_OF_ORDER,DATA,839,0,"arrived before missing sequence=837"
2905.668,receiver,19d2c58a-67c5-4119-a3e4-c821cdfe94f7,ACCEPT_DATA,DATA,839,1024,"unique file bytes received"
2905.670,receiver,19d2c58a-67c5-4119-a3e4-c821cdfe94f7,SEND,ACK,839,36,""
2905.675,receiver,19d2c58a-67c5-4119-a3e4-c821cdfe94f7,RECEIVE,DATA,837,1060,""
2905.679,receiver,19d2c58a-67c5-4119-a3e4-c821cdfe94f7,ACCEPT_DATA,DATA,837,1024,"unique file bytes received"
2905.681,receiver,19d2c58a-67c5-4119-a3e4-c821cdfe94f7,SEND,ACK,837,36,""
2905.685,receiver,19d2c58a-67c5-4119-a3e4-c821cdfe94f7,RECEIVE,DATA,840,1060,""
2905.687,receiver,19d2c58a-67c5-4119-a3e4-c821cdfe94f7,OUT_OF_ORDER,DATA,840,0,"arrived before missing sequence=838"
2905.689,receiver,19d2c58a-67c5-4119-a3e4-c821cdfe94f7,ACCEPT_DATA,DATA,840,1024,"unique file bytes received"
2905.691,receiver,19d2c58a-67c5-4119-a3e4-c821cdfe94f7,SEND,ACK,840,36,""
2905.696,receiver,19d2c58a-67c5-4119-a3e4-c821cdfe94f7,RECEIVE,DATA,838,1060,""
2905.698,receiver,19d2c58a-67c5-4119-a3e4-c821cdfe94f7,ACCEPT_DATA,DATA,838,1024,"unique file bytes received"
2905.700,receiver,19d2c58a-67c5-4119-a3e4-c821cdfe94f7,SEND,ACK,838,36,""
2905.704,receiver,19d2c58a-67c5-4119-a3e4-c821cdfe94f7,RECEIVE,DATA,842,1060,""
2905.707,receiver,19d2c58a-67c5-4119-a3e4-c821cdfe94f7,ACCEPT_DATA,DATA,842,1024,"unique file bytes received"
2905.709,receiver,19d2c58a-67c5-4119-a3e4-c821cdfe94f7,SEND,ACK,842,36,""
2920.887,receiver,19d2c58a-67c5-4119-a3e4-c821cdfe94f7,EMIT,ACK,820,36,""
2920.916,receiver,19d2c58a-67c5-4119-a3e4-c821cdfe94f7,EMIT,ACK,827,36,""
2920.925,receiver,19d2c58a-67c5-4119-a3e4-c821cdfe94f7,EMIT,ACK,831,36,""
2920.934,receiver,19d2c58a-67c5-4119-a3e4-c821cdfe94f7,EMIT,ACK,828,36,""
2920.945,receiver,19d2c58a-67c5-4119-a3e4-c821cdfe94f7,EMIT,ACK,832,36,""
2920.952,receiver,19d2c58a-67c5-4119-a3e4-c821cdfe94f7,EMIT,ACK,826,36,""
2920.959,receiver,19d2c58a-67c5-4119-a3e4-c821cdfe94f7,EMIT,ACK,834,36,""
2920.972,receiver,19d2c58a-67c5-4119-a3e4-c821cdfe94f7,EMIT,ACK,835,36,""
2920.980,receiver,19d2c58a-67c5-4119-a3e4-c821cdfe94f7,EMIT,ACK,844,36,""
2921.240,receiver,19d2c58a-67c5-4119-a3e4-c821cdfe94f7,RECEIVE,DATA,851,1060,""
2921.268,receiver,19d2c58a-67c5-4119-a3e4-c821cdfe94f7,OUT_OF_ORDER,DATA,851,0,"arrived before missing sequence=846"
2921.273,receiver,19d2c58a-67c5-4119-a3e4-c821cdfe94f7,ACCEPT_DATA,DATA,851,1024,"unique file bytes received"
2921.276,receiver,19d2c58a-67c5-4119-a3e4-c821cdfe94f7,SEND,ACK,851,36,""
2921.298,receiver,19d2c58a-67c5-4119-a3e4-c821cdfe94f7,RECEIVE,DATA,850,1060,""
2921.301,receiver,19d2c58a-67c5-4119-a3e4-c821cdfe94f7,OUT_OF_ORDER,DATA,850,0,"arrived before missing sequence=846"
2921.304,receiver,19d2c58a-67c5-4119-a3e4-c821cdfe94f7,ACCEPT_DATA,DATA,850,1024,"unique file bytes received"
2921.306,receiver,19d2c58a-67c5-4119-a3e4-c821cdfe94f7,SEND,ACK,850,36,""
2921.312,receiver,19d2c58a-67c5-4119-a3e4-c821cdfe94f7,RECEIVE,DATA,848,1060,""
2921.315,receiver,19d2c58a-67c5-4119-a3e4-c821cdfe94f7,OUT_OF_ORDER,DATA,848,0,"arrived before missing sequence=846"
2921.317,receiver,19d2c58a-67c5-4119-a3e4-c821cdfe94f7,ACCEPT_DATA,DATA,848,1024,"unique file bytes received"
2921.320,receiver,19d2c58a-67c5-4119-a3e4-c821cdfe94f7,SEND,ACK,848,36,""
2936.580,receiver,19d2c58a-67c5-4119-a3e4-c821cdfe94f7,RECEIVE,DATA,849,1060,""
2936.596,receiver,19d2c58a-67c5-4119-a3e4-c821cdfe94f7,OUT_OF_ORDER,DATA,849,0,"arrived before missing sequence=846"
2936.599,receiver,19d2c58a-67c5-4119-a3e4-c821cdfe94f7,ACCEPT_DATA,DATA,849,1024,"unique file bytes received"
2936.602,receiver,19d2c58a-67c5-4119-a3e4-c821cdfe94f7,SEND,ACK,849,36,""
2936.616,receiver,19d2c58a-67c5-4119-a3e4-c821cdfe94f7,RECEIVE,DATA,847,1060,""
2936.619,receiver,19d2c58a-67c5-4119-a3e4-c821cdfe94f7,OUT_OF_ORDER,DATA,847,0,"arrived before missing sequence=846"
2936.622,receiver,19d2c58a-67c5-4119-a3e4-c821cdfe94f7,ACCEPT_DATA,DATA,847,1024,"unique file bytes received"
2936.624,receiver,19d2c58a-67c5-4119-a3e4-c821cdfe94f7,SEND,ACK,847,36,""
2936.629,receiver,19d2c58a-67c5-4119-a3e4-c821cdfe94f7,RECEIVE,DATA,846,1060,""
2936.636,receiver,19d2c58a-67c5-4119-a3e4-c821cdfe94f7,ACCEPT_DATA,DATA,846,1024,"unique file bytes received"
2936.638,receiver,19d2c58a-67c5-4119-a3e4-c821cdfe94f7,SEND,ACK,846,36,""
2936.766,receiver,19d2c58a-67c5-4119-a3e4-c821cdfe94f7,EMIT,ACK,824,36,""
2936.830,receiver,19d2c58a-67c5-4119-a3e4-c821cdfe94f7,EMIT,ACK,845,36,""
2936.843,receiver,19d2c58a-67c5-4119-a3e4-c821cdfe94f7,EMIT,ACK,838,36,""
2936.851,receiver,19d2c58a-67c5-4119-a3e4-c821cdfe94f7,EMIT,ACK,836,36,""
2952.575,receiver,19d2c58a-67c5-4119-a3e4-c821cdfe94f7,EMIT,ACK,843,36,""
2952.593,receiver,19d2c58a-67c5-4119-a3e4-c821cdfe94f7,EMIT,ACK,837,36,""
2952.600,receiver,19d2c58a-67c5-4119-a3e4-c821cdfe94f7,EMIT,ACK,840,36,""
2952.603,receiver,19d2c58a-67c5-4119-a3e4-c821cdfe94f7,RECEIVE,DATA,855,1060,""
2952.611,receiver,19d2c58a-67c5-4119-a3e4-c821cdfe94f7,EMIT,ACK,841,36,""
2952.614,receiver,19d2c58a-67c5-4119-a3e4-c821cdfe94f7,OUT_OF_ORDER,DATA,855,0,"arrived before missing sequence=852"
2952.617,receiver,19d2c58a-67c5-4119-a3e4-c821cdfe94f7,ACCEPT_DATA,DATA,855,1024,"unique file bytes received"
2952.619,receiver,19d2c58a-67c5-4119-a3e4-c821cdfe94f7,EMIT,ACK,839,36,""
2952.622,receiver,19d2c58a-67c5-4119-a3e4-c821cdfe94f7,SEND,ACK,855,36,""
2952.630,receiver,19d2c58a-67c5-4119-a3e4-c821cdfe94f7,EMIT,ACK,842,36,""
2952.649,receiver,19d2c58a-67c5-4119-a3e4-c821cdfe94f7,RECEIVE,DATA,852,1060,""
2952.658,receiver,19d2c58a-67c5-4119-a3e4-c821cdfe94f7,ACCEPT_DATA,DATA,852,1024,"unique file bytes received"
2952.665,receiver,19d2c58a-67c5-4119-a3e4-c821cdfe94f7,SEND,ACK,852,36,""
2968.703,receiver,19d2c58a-67c5-4119-a3e4-c821cdfe94f7,EMIT,ACK,850,36,""
2968.734,receiver,19d2c58a-67c5-4119-a3e4-c821cdfe94f7,RECEIVE,DATA,853,1060,""
2968.768,receiver,19d2c58a-67c5-4119-a3e4-c821cdfe94f7,EMIT,ACK,851,36,""
2968.775,receiver,19d2c58a-67c5-4119-a3e4-c821cdfe94f7,ACCEPT_DATA,DATA,853,1024,"unique file bytes received"
2968.786,receiver,19d2c58a-67c5-4119-a3e4-c821cdfe94f7,EMIT,ACK,849,36,""
2968.789,receiver,19d2c58a-67c5-4119-a3e4-c821cdfe94f7,SEND,ACK,853,36,""
2968.803,receiver,19d2c58a-67c5-4119-a3e4-c821cdfe94f7,RECEIVE,DATA,854,1060,""
2968.806,receiver,19d2c58a-67c5-4119-a3e4-c821cdfe94f7,ACCEPT_DATA,DATA,854,1024,"unique file bytes received"
2968.808,receiver,19d2c58a-67c5-4119-a3e4-c821cdfe94f7,SEND,ACK,854,36,""
2968.813,receiver,19d2c58a-67c5-4119-a3e4-c821cdfe94f7,RECEIVE,DATA,864,1060,""
2968.816,receiver,19d2c58a-67c5-4119-a3e4-c821cdfe94f7,OUT_OF_ORDER,DATA,864,0,"arrived before missing sequence=856"
2968.819,receiver,19d2c58a-67c5-4119-a3e4-c821cdfe94f7,ACCEPT_DATA,DATA,864,1024,"unique file bytes received"
2968.821,receiver,19d2c58a-67c5-4119-a3e4-c821cdfe94f7,SEND,ACK,864,36,""
2968.830,receiver,19d2c58a-67c5-4119-a3e4-c821cdfe94f7,RECEIVE,DATA,862,1060,""
2968.838,receiver,19d2c58a-67c5-4119-a3e4-c821cdfe94f7,OUT_OF_ORDER,DATA,862,0,"arrived before missing sequence=856"
2968.841,receiver,19d2c58a-67c5-4119-a3e4-c821cdfe94f7,ACCEPT_DATA,DATA,862,1024,"unique file bytes received"
2968.843,receiver,19d2c58a-67c5-4119-a3e4-c821cdfe94f7,SEND,ACK,862,36,""
2968.848,receiver,19d2c58a-67c5-4119-a3e4-c821cdfe94f7,RECEIVE,DATA,866,1060,""
2968.851,receiver,19d2c58a-67c5-4119-a3e4-c821cdfe94f7,OUT_OF_ORDER,DATA,866,0,"arrived before missing sequence=856"
2968.889,receiver,19d2c58a-67c5-4119-a3e4-c821cdfe94f7,ACCEPT_DATA,DATA,866,1024,"unique file bytes received"
2968.892,receiver,19d2c58a-67c5-4119-a3e4-c821cdfe94f7,SEND,ACK,866,36,""
2968.901,receiver,19d2c58a-67c5-4119-a3e4-c821cdfe94f7,RECEIVE,DATA,863,1060,""
2968.904,receiver,19d2c58a-67c5-4119-a3e4-c821cdfe94f7,OUT_OF_ORDER,DATA,863,0,"arrived before missing sequence=856"
2968.906,receiver,19d2c58a-67c5-4119-a3e4-c821cdfe94f7,ACCEPT_DATA,DATA,863,1024,"unique file bytes received"
2968.909,receiver,19d2c58a-67c5-4119-a3e4-c821cdfe94f7,SEND,ACK,863,36,""
2984.712,receiver,19d2c58a-67c5-4119-a3e4-c821cdfe94f7,EMIT,ACK,848,36,""
2984.746,receiver,19d2c58a-67c5-4119-a3e4-c821cdfe94f7,EMIT,ACK,847,36,""
2984.769,receiver,19d2c58a-67c5-4119-a3e4-c821cdfe94f7,RECEIVE,DATA,868,1060,""
2984.806,receiver,19d2c58a-67c5-4119-a3e4-c821cdfe94f7,OUT_OF_ORDER,DATA,868,0,"arrived before missing sequence=856"
2984.816,receiver,19d2c58a-67c5-4119-a3e4-c821cdfe94f7,ACCEPT_DATA,DATA,868,1024,"unique file bytes received"
2984.824,receiver,19d2c58a-67c5-4119-a3e4-c821cdfe94f7,SEND,ACK,868,36,""
2984.847,receiver,19d2c58a-67c5-4119-a3e4-c821cdfe94f7,RECEIVE,DATA,861,1060,""
2984.851,receiver,19d2c58a-67c5-4119-a3e4-c821cdfe94f7,OUT_OF_ORDER,DATA,861,0,"arrived before missing sequence=856"
2984.853,receiver,19d2c58a-67c5-4119-a3e4-c821cdfe94f7,ACCEPT_DATA,DATA,861,1024,"unique file bytes received"
2984.856,receiver,19d2c58a-67c5-4119-a3e4-c821cdfe94f7,SEND,ACK,861,36,""
2984.862,receiver,19d2c58a-67c5-4119-a3e4-c821cdfe94f7,RECEIVE,DATA,865,1060,""
2984.865,receiver,19d2c58a-67c5-4119-a3e4-c821cdfe94f7,OUT_OF_ORDER,DATA,865,0,"arrived before missing sequence=856"
2984.868,receiver,19d2c58a-67c5-4119-a3e4-c821cdfe94f7,ACCEPT_DATA,DATA,865,1024,"unique file bytes received"
2984.870,receiver,19d2c58a-67c5-4119-a3e4-c821cdfe94f7,SEND,ACK,865,36,""
2984.876,receiver,19d2c58a-67c5-4119-a3e4-c821cdfe94f7,RECEIVE,DATA,871,1060,""
2984.879,receiver,19d2c58a-67c5-4119-a3e4-c821cdfe94f7,OUT_OF_ORDER,DATA,871,0,"arrived before missing sequence=856"
2984.881,receiver,19d2c58a-67c5-4119-a3e4-c821cdfe94f7,ACCEPT_DATA,DATA,871,1024,"unique file bytes received"
2984.884,receiver,19d2c58a-67c5-4119-a3e4-c821cdfe94f7,SEND,ACK,871,36,""
2984.890,receiver,19d2c58a-67c5-4119-a3e4-c821cdfe94f7,RECEIVE,DATA,872,1060,""
2984.893,receiver,19d2c58a-67c5-4119-a3e4-c821cdfe94f7,OUT_OF_ORDER,DATA,872,0,"arrived before missing sequence=856"
2984.896,receiver,19d2c58a-67c5-4119-a3e4-c821cdfe94f7,ACCEPT_DATA,DATA,872,1024,"unique file bytes received"
2984.898,receiver,19d2c58a-67c5-4119-a3e4-c821cdfe94f7,SEND,ACK,872,36,""
2984.904,receiver,19d2c58a-67c5-4119-a3e4-c821cdfe94f7,RECEIVE,DATA,867,1060,""
2984.907,receiver,19d2c58a-67c5-4119-a3e4-c821cdfe94f7,OUT_OF_ORDER,DATA,867,0,"arrived before missing sequence=856"
2984.909,receiver,19d2c58a-67c5-4119-a3e4-c821cdfe94f7,ACCEPT_DATA,DATA,867,1024,"unique file bytes received"
2984.912,receiver,19d2c58a-67c5-4119-a3e4-c821cdfe94f7,SEND,ACK,867,36,""
2984.921,receiver,19d2c58a-67c5-4119-a3e4-c821cdfe94f7,RECEIVE,DATA,874,1060,""
2984.924,receiver,19d2c58a-67c5-4119-a3e4-c821cdfe94f7,OUT_OF_ORDER,DATA,874,0,"arrived before missing sequence=856"
2984.926,receiver,19d2c58a-67c5-4119-a3e4-c821cdfe94f7,ACCEPT_DATA,DATA,874,1024,"unique file bytes received"
2984.928,receiver,19d2c58a-67c5-4119-a3e4-c821cdfe94f7,SEND,ACK,874,36,""
2984.933,receiver,19d2c58a-67c5-4119-a3e4-c821cdfe94f7,RECEIVE,DATA,858,1060,""
2984.936,receiver,19d2c58a-67c5-4119-a3e4-c821cdfe94f7,OUT_OF_ORDER,DATA,858,0,"arrived before missing sequence=856"
2984.938,receiver,19d2c58a-67c5-4119-a3e4-c821cdfe94f7,ACCEPT_DATA,DATA,858,1024,"unique file bytes received"
2984.941,receiver,19d2c58a-67c5-4119-a3e4-c821cdfe94f7,SEND,ACK,858,36,""
2984.946,receiver,19d2c58a-67c5-4119-a3e4-c821cdfe94f7,RECEIVE,DATA,856,1060,""
2984.948,receiver,19d2c58a-67c5-4119-a3e4-c821cdfe94f7,ACCEPT_DATA,DATA,856,1024,"unique file bytes received"
2984.951,receiver,19d2c58a-67c5-4119-a3e4-c821cdfe94f7,SEND,ACK,856,36,""
2984.956,receiver,19d2c58a-67c5-4119-a3e4-c821cdfe94f7,RECEIVE,DATA,857,1060,""
2984.959,receiver,19d2c58a-67c5-4119-a3e4-c821cdfe94f7,ACCEPT_DATA,DATA,857,1024,"unique file bytes received"
2984.961,receiver,19d2c58a-67c5-4119-a3e4-c821cdfe94f7,SEND,ACK,857,36,""
2984.966,receiver,19d2c58a-67c5-4119-a3e4-c821cdfe94f7,RECEIVE,DATA,860,1060,""
2984.969,receiver,19d2c58a-67c5-4119-a3e4-c821cdfe94f7,OUT_OF_ORDER,DATA,860,0,"arrived before missing sequence=859"
2984.971,receiver,19d2c58a-67c5-4119-a3e4-c821cdfe94f7,ACCEPT_DATA,DATA,860,1024,"unique file bytes received"
2984.973,receiver,19d2c58a-67c5-4119-a3e4-c821cdfe94f7,SEND,ACK,860,36,""
3000.577,receiver,19d2c58a-67c5-4119-a3e4-c821cdfe94f7,EMIT,ACK,846,36,""
3000.604,receiver,19d2c58a-67c5-4119-a3e4-c821cdfe94f7,EMIT,ACK,852,36,""
3000.614,receiver,19d2c58a-67c5-4119-a3e4-c821cdfe94f7,EMIT,ACK,855,36,""
3000.623,receiver,19d2c58a-67c5-4119-a3e4-c821cdfe94f7,EMIT,ACK,864,36,""
3000.632,receiver,19d2c58a-67c5-4119-a3e4-c821cdfe94f7,EMIT,ACK,866,36,""
3000.676,receiver,19d2c58a-67c5-4119-a3e4-c821cdfe94f7,RECEIVE,DATA,859,1060,""
3000.703,receiver,19d2c58a-67c5-4119-a3e4-c821cdfe94f7,ACCEPT_DATA,DATA,859,1024,"unique file bytes received"
3000.707,receiver,19d2c58a-67c5-4119-a3e4-c821cdfe94f7,SEND,ACK,859,36,""
3000.723,receiver,19d2c58a-67c5-4119-a3e4-c821cdfe94f7,RECEIVE,DATA,876,1060,""
3000.727,receiver,19d2c58a-67c5-4119-a3e4-c821cdfe94f7,OUT_OF_ORDER,DATA,876,0,"arrived before missing sequence=869"
3000.730,receiver,19d2c58a-67c5-4119-a3e4-c821cdfe94f7,ACCEPT_DATA,DATA,876,1024,"unique file bytes received"
3000.733,receiver,19d2c58a-67c5-4119-a3e4-c821cdfe94f7,SEND,ACK,876,36,""
3000.739,receiver,19d2c58a-67c5-4119-a3e4-c821cdfe94f7,RECEIVE,DATA,877,1060,""
3000.743,receiver,19d2c58a-67c5-4119-a3e4-c821cdfe94f7,OUT_OF_ORDER,DATA,877,0,"arrived before missing sequence=869"
3000.746,receiver,19d2c58a-67c5-4119-a3e4-c821cdfe94f7,ACCEPT_DATA,DATA,877,1024,"unique file bytes received"
3000.753,receiver,19d2c58a-67c5-4119-a3e4-c821cdfe94f7,SEND,ACK,877,36,""
3000.763,receiver,19d2c58a-67c5-4119-a3e4-c821cdfe94f7,RECEIVE,DATA,869,1060,""
3000.766,receiver,19d2c58a-67c5-4119-a3e4-c821cdfe94f7,ACCEPT_DATA,DATA,869,1024,"unique file bytes received"
3000.768,receiver,19d2c58a-67c5-4119-a3e4-c821cdfe94f7,SEND,ACK,869,36,""
3000.773,receiver,19d2c58a-67c5-4119-a3e4-c821cdfe94f7,RECEIVE,DATA,873,1060,""
3000.777,receiver,19d2c58a-67c5-4119-a3e4-c821cdfe94f7,OUT_OF_ORDER,DATA,873,0,"arrived before missing sequence=870"
3000.779,receiver,19d2c58a-67c5-4119-a3e4-c821cdfe94f7,ACCEPT_DATA,DATA,873,1024,"unique file bytes received"
3000.782,receiver,19d2c58a-67c5-4119-a3e4-c821cdfe94f7,SEND,ACK,873,36,""
3000.787,receiver,19d2c58a-67c5-4119-a3e4-c821cdfe94f7,RECEIVE,DATA,875,1060,""
3000.790,receiver,19d2c58a-67c5-4119-a3e4-c821cdfe94f7,OUT_OF_ORDER,DATA,875,0,"arrived before missing sequence=870"
3000.793,receiver,19d2c58a-67c5-4119-a3e4-c821cdfe94f7,ACCEPT_DATA,DATA,875,1024,"unique file bytes received"
3000.800,receiver,19d2c58a-67c5-4119-a3e4-c821cdfe94f7,SEND,ACK,875,36,""
3016.666,receiver,19d2c58a-67c5-4119-a3e4-c821cdfe94f7,EMIT,ACK,854,36,""
3016.682,receiver,19d2c58a-67c5-4119-a3e4-c821cdfe94f7,EMIT,ACK,853,36,""
3016.689,receiver,19d2c58a-67c5-4119-a3e4-c821cdfe94f7,EMIT,ACK,862,36,""
3016.699,receiver,19d2c58a-67c5-4119-a3e4-c821cdfe94f7,EMIT,ACK,863,36,""
3016.707,receiver,19d2c58a-67c5-4119-a3e4-c821cdfe94f7,EMIT,ACK,857,36,""
3016.714,receiver,19d2c58a-67c5-4119-a3e4-c821cdfe94f7,EMIT,ACK,861,36,""
3016.722,receiver,19d2c58a-67c5-4119-a3e4-c821cdfe94f7,EMIT,ACK,860,36,""
3016.811,receiver,19d2c58a-67c5-4119-a3e4-c821cdfe94f7,RECEIVE,DATA,870,1060,""
3016.827,receiver,19d2c58a-67c5-4119-a3e4-c821cdfe94f7,ACCEPT_DATA,DATA,870,1024,"unique file bytes received"
3016.833,receiver,19d2c58a-67c5-4119-a3e4-c821cdfe94f7,SEND,ACK,870,36,""
3032.576,receiver,19d2c58a-67c5-4119-a3e4-c821cdfe94f7,EMIT,ACK,868,36,""
3032.623,receiver,19d2c58a-67c5-4119-a3e4-c821cdfe94f7,EMIT,ACK,856,36,""
3032.633,receiver,19d2c58a-67c5-4119-a3e4-c821cdfe94f7,EMIT,ACK,858,36,""
3032.693,receiver,19d2c58a-67c5-4119-a3e4-c821cdfe94f7,RECEIVE,DATA,880,1060,""
3032.702,receiver,19d2c58a-67c5-4119-a3e4-c821cdfe94f7,EMIT,ACK,876,36,""
3032.707,receiver,19d2c58a-67c5-4119-a3e4-c821cdfe94f7,OUT_OF_ORDER,DATA,880,0,"arrived before missing sequence=878"
3032.711,receiver,19d2c58a-67c5-4119-a3e4-c821cdfe94f7,EMIT,ACK,867,36,""
3032.714,receiver,19d2c58a-67c5-4119-a3e4-c821cdfe94f7,ACCEPT_DATA,DATA,880,1024,"unique file bytes received"
3032.718,receiver,19d2c58a-67c5-4119-a3e4-c821cdfe94f7,SEND,ACK,880,36,""
3032.720,receiver,19d2c58a-67c5-4119-a3e4-c821cdfe94f7,EMIT,ACK,874,36,""
3032.739,receiver,19d2c58a-67c5-4119-a3e4-c821cdfe94f7,EMIT,ACK,865,36,""
3048.042,receiver,19d2c58a-67c5-4119-a3e4-c821cdfe94f7,EMIT,ACK,871,36,""
3048.089,receiver,19d2c58a-67c5-4119-a3e4-c821cdfe94f7,EMIT,ACK,859,36,""
3048.095,receiver,19d2c58a-67c5-4119-a3e4-c821cdfe94f7,RECEIVE,DATA,884,1060,""
3048.124,receiver,19d2c58a-67c5-4119-a3e4-c821cdfe94f7,EMIT,ACK,872,36,""
3048.129,receiver,19d2c58a-67c5-4119-a3e4-c821cdfe94f7,OUT_OF_ORDER,DATA,884,0,"arrived before missing sequence=878"
3048.138,receiver,19d2c58a-67c5-4119-a3e4-c821cdfe94f7,EMIT,ACK,875,36,""
3048.141,receiver,19d2c58a-67c5-4119-a3e4-c821cdfe94f7,ACCEPT_DATA,DATA,884,1024,"unique file bytes received"
3048.148,receiver,19d2c58a-67c5-4119-a3e4-c821cdfe94f7,SEND,ACK,884,36,""
3048.154,receiver,19d2c58a-67c5-4119-a3e4-c821cdfe94f7,EMIT,ACK,873,36,""
3048.164,receiver,19d2c58a-67c5-4119-a3e4-c821cdfe94f7,EMIT,ACK,877,36,""
3048.181,receiver,19d2c58a-67c5-4119-a3e4-c821cdfe94f7,RECEIVE,DATA,882,1060,""
3048.189,receiver,19d2c58a-67c5-4119-a3e4-c821cdfe94f7,OUT_OF_ORDER,DATA,882,0,"arrived before missing sequence=878"
3048.195,receiver,19d2c58a-67c5-4119-a3e4-c821cdfe94f7,ACCEPT_DATA,DATA,882,1024,"unique file bytes received"
3048.200,receiver,19d2c58a-67c5-4119-a3e4-c821cdfe94f7,SEND,ACK,882,36,""
3048.213,receiver,19d2c58a-67c5-4119-a3e4-c821cdfe94f7,RECEIVE,DATA,881,1060,""
3048.219,receiver,19d2c58a-67c5-4119-a3e4-c821cdfe94f7,OUT_OF_ORDER,DATA,881,0,"arrived before missing sequence=878"
3048.225,receiver,19d2c58a-67c5-4119-a3e4-c821cdfe94f7,ACCEPT_DATA,DATA,881,1024,"unique file bytes received"
3048.230,receiver,19d2c58a-67c5-4119-a3e4-c821cdfe94f7,SEND,ACK,881,36,""
3048.242,receiver,19d2c58a-67c5-4119-a3e4-c821cdfe94f7,RECEIVE,DATA,879,1060,""
3048.253,receiver,19d2c58a-67c5-4119-a3e4-c821cdfe94f7,OUT_OF_ORDER,DATA,879,0,"arrived before missing sequence=878"
3048.258,receiver,19d2c58a-67c5-4119-a3e4-c821cdfe94f7,ACCEPT_DATA,DATA,879,1024,"unique file bytes received"
3048.264,receiver,19d2c58a-67c5-4119-a3e4-c821cdfe94f7,SEND,ACK,879,36,""
3048.275,receiver,19d2c58a-67c5-4119-a3e4-c821cdfe94f7,RECEIVE,DATA,883,1060,""
3048.282,receiver,19d2c58a-67c5-4119-a3e4-c821cdfe94f7,OUT_OF_ORDER,DATA,883,0,"arrived before missing sequence=878"
3048.287,receiver,19d2c58a-67c5-4119-a3e4-c821cdfe94f7,ACCEPT_DATA,DATA,883,1024,"unique file bytes received"
3048.292,receiver,19d2c58a-67c5-4119-a3e4-c821cdfe94f7,SEND,ACK,883,36,""
3048.303,receiver,19d2c58a-67c5-4119-a3e4-c821cdfe94f7,RECEIVE,DATA,878,1060,""
3048.310,receiver,19d2c58a-67c5-4119-a3e4-c821cdfe94f7,ACCEPT_DATA,DATA,878,1024,"unique file bytes received"
3048.316,receiver,19d2c58a-67c5-4119-a3e4-c821cdfe94f7,SEND,ACK,878,36,""
3064.221,receiver,19d2c58a-67c5-4119-a3e4-c821cdfe94f7,EMIT,ACK,869,36,""
3064.268,receiver,19d2c58a-67c5-4119-a3e4-c821cdfe94f7,RECEIVE,DATA,885,1060,""
3064.281,receiver,19d2c58a-67c5-4119-a3e4-c821cdfe94f7,EMIT,ACK,870,36,""
3064.287,receiver,19d2c58a-67c5-4119-a3e4-c821cdfe94f7,ACCEPT_DATA,DATA,885,1024,"unique file bytes received"
3064.313,receiver,19d2c58a-67c5-4119-a3e4-c821cdfe94f7,SEND,ACK,885,36,""
3064.339,receiver,19d2c58a-67c5-4119-a3e4-c821cdfe94f7,RECEIVE,DATA,886,1060,""
3064.343,receiver,19d2c58a-67c5-4119-a3e4-c821cdfe94f7,ACCEPT_DATA,DATA,886,1024,"unique file bytes received"
3064.346,receiver,19d2c58a-67c5-4119-a3e4-c821cdfe94f7,SEND,ACK,886,36,""
3064.352,receiver,19d2c58a-67c5-4119-a3e4-c821cdfe94f7,RECEIVE,DATA,890,1060,""
3064.355,receiver,19d2c58a-67c5-4119-a3e4-c821cdfe94f7,OUT_OF_ORDER,DATA,890,0,"arrived before missing sequence=887"
3064.358,receiver,19d2c58a-67c5-4119-a3e4-c821cdfe94f7,ACCEPT_DATA,DATA,890,1024,"unique file bytes received"
3064.361,receiver,19d2c58a-67c5-4119-a3e4-c821cdfe94f7,SEND,ACK,890,36,""
3064.367,receiver,19d2c58a-67c5-4119-a3e4-c821cdfe94f7,RECEIVE,DATA,887,1060,""
3064.370,receiver,19d2c58a-67c5-4119-a3e4-c821cdfe94f7,ACCEPT_DATA,DATA,887,1024,"unique file bytes received"
3064.372,receiver,19d2c58a-67c5-4119-a3e4-c821cdfe94f7,SEND,ACK,887,36,""
3080.193,receiver,19d2c58a-67c5-4119-a3e4-c821cdfe94f7,RECEIVE,DATA,888,1060,""
3080.215,receiver,19d2c58a-67c5-4119-a3e4-c821cdfe94f7,ACCEPT_DATA,DATA,888,1024,"unique file bytes received"
3080.222,receiver,19d2c58a-67c5-4119-a3e4-c821cdfe94f7,SEND,ACK,888,36,""
3080.413,receiver,19d2c58a-67c5-4119-a3e4-c821cdfe94f7,EMIT,ACK,880,36,""
3080.457,receiver,19d2c58a-67c5-4119-a3e4-c821cdfe94f7,RECEIVE,DATA,889,1060,""
3080.468,receiver,19d2c58a-67c5-4119-a3e4-c821cdfe94f7,EMIT,ACK,879,36,""
3080.481,receiver,19d2c58a-67c5-4119-a3e4-c821cdfe94f7,ACCEPT_DATA,DATA,889,1024,"unique file bytes received"
3080.487,receiver,19d2c58a-67c5-4119-a3e4-c821cdfe94f7,SEND,ACK,889,36,""
3080.500,receiver,19d2c58a-67c5-4119-a3e4-c821cdfe94f7,RECEIVE,DATA,896,1060,""
3080.504,receiver,19d2c58a-67c5-4119-a3e4-c821cdfe94f7,OUT_OF_ORDER,DATA,896,0,"arrived before missing sequence=891"
3080.507,receiver,19d2c58a-67c5-4119-a3e4-c821cdfe94f7,ACCEPT_DATA,DATA,896,1024,"unique file bytes received"
3080.510,receiver,19d2c58a-67c5-4119-a3e4-c821cdfe94f7,SEND,ACK,896,36,""
3080.532,receiver,19d2c58a-67c5-4119-a3e4-c821cdfe94f7,RECEIVE,DATA,899,1060,""
3080.538,receiver,19d2c58a-67c5-4119-a3e4-c821cdfe94f7,OUT_OF_ORDER,DATA,899,0,"arrived before missing sequence=891"
3080.540,receiver,19d2c58a-67c5-4119-a3e4-c821cdfe94f7,ACCEPT_DATA,DATA,899,1024,"unique file bytes received"
3080.544,receiver,19d2c58a-67c5-4119-a3e4-c821cdfe94f7,SEND,ACK,899,36,""
3080.554,receiver,19d2c58a-67c5-4119-a3e4-c821cdfe94f7,RECEIVE,DATA,898,1060,""
3080.560,receiver,19d2c58a-67c5-4119-a3e4-c821cdfe94f7,OUT_OF_ORDER,DATA,898,0,"arrived before missing sequence=891"
3080.564,receiver,19d2c58a-67c5-4119-a3e4-c821cdfe94f7,ACCEPT_DATA,DATA,898,1024,"unique file bytes received"
3080.567,receiver,19d2c58a-67c5-4119-a3e4-c821cdfe94f7,SEND,ACK,898,36,""
3080.581,receiver,19d2c58a-67c5-4119-a3e4-c821cdfe94f7,RECEIVE,DATA,891,1060,""
3080.585,receiver,19d2c58a-67c5-4119-a3e4-c821cdfe94f7,ACCEPT_DATA,DATA,891,1024,"unique file bytes received"
3080.590,receiver,19d2c58a-67c5-4119-a3e4-c821cdfe94f7,SEND,ACK,891,36,""
3095.376,receiver,19d2c58a-67c5-4119-a3e4-c821cdfe94f7,EMIT,ACK,883,36,""
3095.405,receiver,19d2c58a-67c5-4119-a3e4-c821cdfe94f7,EMIT,ACK,881,36,""
3095.444,receiver,19d2c58a-67c5-4119-a3e4-c821cdfe94f7,EMIT,ACK,884,36,""
3095.453,receiver,19d2c58a-67c5-4119-a3e4-c821cdfe94f7,EMIT,ACK,878,36,""
3095.461,receiver,19d2c58a-67c5-4119-a3e4-c821cdfe94f7,EMIT,ACK,890,36,""
3095.572,receiver,19d2c58a-67c5-4119-a3e4-c821cdfe94f7,RECEIVE,DATA,892,1060,""
3095.592,receiver,19d2c58a-67c5-4119-a3e4-c821cdfe94f7,ACCEPT_DATA,DATA,892,1024,"unique file bytes received"
3095.596,receiver,19d2c58a-67c5-4119-a3e4-c821cdfe94f7,SEND,ACK,892,36,""
3095.611,receiver,19d2c58a-67c5-4119-a3e4-c821cdfe94f7,RECEIVE,DATA,893,1060,""
3095.614,receiver,19d2c58a-67c5-4119-a3e4-c821cdfe94f7,ACCEPT_DATA,DATA,893,1024,"unique file bytes received"
3095.617,receiver,19d2c58a-67c5-4119-a3e4-c821cdfe94f7,SEND,ACK,893,36,""
3095.624,receiver,19d2c58a-67c5-4119-a3e4-c821cdfe94f7,RECEIVE,DATA,894,1060,""
3095.627,receiver,19d2c58a-67c5-4119-a3e4-c821cdfe94f7,ACCEPT_DATA,DATA,894,1024,"unique file bytes received"
3095.630,receiver,19d2c58a-67c5-4119-a3e4-c821cdfe94f7,SEND,ACK,894,36,""
3095.636,receiver,19d2c58a-67c5-4119-a3e4-c821cdfe94f7,RECEIVE,DATA,895,1060,""
3095.639,receiver,19d2c58a-67c5-4119-a3e4-c821cdfe94f7,ACCEPT_DATA,DATA,895,1024,"unique file bytes received"
3095.642,receiver,19d2c58a-67c5-4119-a3e4-c821cdfe94f7,SEND,ACK,895,36,""
3095.667,receiver,19d2c58a-67c5-4119-a3e4-c821cdfe94f7,RECEIVE,DATA,906,1060,""
3095.673,receiver,19d2c58a-67c5-4119-a3e4-c821cdfe94f7,OUT_OF_ORDER,DATA,906,0,"arrived before missing sequence=897"
3095.678,receiver,19d2c58a-67c5-4119-a3e4-c821cdfe94f7,ACCEPT_DATA,DATA,906,1024,"unique file bytes received"
3095.680,receiver,19d2c58a-67c5-4119-a3e4-c821cdfe94f7,SEND,ACK,906,36,""
3110.838,receiver,19d2c58a-67c5-4119-a3e4-c821cdfe94f7,EMIT,ACK,882,36,""
3110.868,receiver,19d2c58a-67c5-4119-a3e4-c821cdfe94f7,EMIT,ACK,887,36,""
3110.884,receiver,19d2c58a-67c5-4119-a3e4-c821cdfe94f7,EMIT,ACK,886,36,""
3110.893,receiver,19d2c58a-67c5-4119-a3e4-c821cdfe94f7,EMIT,ACK,888,36,""
3110.969,receiver,19d2c58a-67c5-4119-a3e4-c821cdfe94f7,RECEIVE,DATA,900,1060,""
3110.977,receiver,19d2c58a-67c5-4119-a3e4-c821cdfe94f7,OUT_OF_ORDER,DATA,900,0,"arrived before missing sequence=897"
3110.981,receiver,19d2c58a-67c5-4119-a3e4-c821cdfe94f7,ACCEPT_DATA,DATA,900,1024,"unique file bytes received"
3110.984,receiver,19d2c58a-67c5-4119-a3e4-c821cdfe94f7,SEND,ACK,900,36,""
3111.028,receiver,19d2c58a-67c5-4119-a3e4-c821cdfe94f7,RECEIVE,DATA,897,1060,""
3111.032,receiver,19d2c58a-67c5-4119-a3e4-c821cdfe94f7,ACCEPT_DATA,DATA,897,1024,"unique file bytes received"
3111.035,receiver,19d2c58a-67c5-4119-a3e4-c821cdfe94f7,SEND,ACK,897,36,""
3111.042,receiver,19d2c58a-67c5-4119-a3e4-c821cdfe94f7,RECEIVE,DATA,909,1060,""
3111.046,receiver,19d2c58a-67c5-4119-a3e4-c821cdfe94f7,OUT_OF_ORDER,DATA,909,0,"arrived before missing sequence=901"
3111.048,receiver,19d2c58a-67c5-4119-a3e4-c821cdfe94f7,ACCEPT_DATA,DATA,909,1024,"unique file bytes received"
3111.051,receiver,19d2c58a-67c5-4119-a3e4-c821cdfe94f7,SEND,ACK,909,36,""
3111.057,receiver,19d2c58a-67c5-4119-a3e4-c821cdfe94f7,RECEIVE,DATA,908,1060,""
3111.061,receiver,19d2c58a-67c5-4119-a3e4-c821cdfe94f7,OUT_OF_ORDER,DATA,908,0,"arrived before missing sequence=901"
3111.064,receiver,19d2c58a-67c5-4119-a3e4-c821cdfe94f7,ACCEPT_DATA,DATA,908,1024,"unique file bytes received"
3111.066,receiver,19d2c58a-67c5-4119-a3e4-c821cdfe94f7,SEND,ACK,908,36,""
3111.073,receiver,19d2c58a-67c5-4119-a3e4-c821cdfe94f7,RECEIVE,DATA,907,1060,""
3111.080,receiver,19d2c58a-67c5-4119-a3e4-c821cdfe94f7,OUT_OF_ORDER,DATA,907,0,"arrived before missing sequence=901"
3111.083,receiver,19d2c58a-67c5-4119-a3e4-c821cdfe94f7,ACCEPT_DATA,DATA,907,1024,"unique file bytes received"
3111.086,receiver,19d2c58a-67c5-4119-a3e4-c821cdfe94f7,SEND,ACK,907,36,""
3111.092,receiver,19d2c58a-67c5-4119-a3e4-c821cdfe94f7,RECEIVE,DATA,905,1060,""
3111.095,receiver,19d2c58a-67c5-4119-a3e4-c821cdfe94f7,OUT_OF_ORDER,DATA,905,0,"arrived before missing sequence=901"
3111.098,receiver,19d2c58a-67c5-4119-a3e4-c821cdfe94f7,ACCEPT_DATA,DATA,905,1024,"unique file bytes received"
3111.100,receiver,19d2c58a-67c5-4119-a3e4-c821cdfe94f7,SEND,ACK,905,36,""
3111.108,receiver,19d2c58a-67c5-4119-a3e4-c821cdfe94f7,RECEIVE,DATA,902,1060,""
3111.111,receiver,19d2c58a-67c5-4119-a3e4-c821cdfe94f7,OUT_OF_ORDER,DATA,902,0,"arrived before missing sequence=901"
3111.114,receiver,19d2c58a-67c5-4119-a3e4-c821cdfe94f7,ACCEPT_DATA,DATA,902,1024,"unique file bytes received"
3111.125,receiver,19d2c58a-67c5-4119-a3e4-c821cdfe94f7,SEND,ACK,902,36,""
3111.131,receiver,19d2c58a-67c5-4119-a3e4-c821cdfe94f7,RECEIVE,DATA,904,1060,""
3111.134,receiver,19d2c58a-67c5-4119-a3e4-c821cdfe94f7,OUT_OF_ORDER,DATA,904,0,"arrived before missing sequence=901"
3111.136,receiver,19d2c58a-67c5-4119-a3e4-c821cdfe94f7,ACCEPT_DATA,DATA,904,1024,"unique file bytes received"
3111.139,receiver,19d2c58a-67c5-4119-a3e4-c821cdfe94f7,SEND,ACK,904,36,""
3126.803,receiver,19d2c58a-67c5-4119-a3e4-c821cdfe94f7,EMIT,ACK,899,36,""
3126.831,receiver,19d2c58a-67c5-4119-a3e4-c821cdfe94f7,EMIT,ACK,885,36,""
3126.839,receiver,19d2c58a-67c5-4119-a3e4-c821cdfe94f7,EMIT,ACK,898,36,""
3126.873,receiver,19d2c58a-67c5-4119-a3e4-c821cdfe94f7,EMIT,ACK,894,36,""
3126.883,receiver,19d2c58a-67c5-4119-a3e4-c821cdfe94f7,EMIT,ACK,892,36,""
3126.893,receiver,19d2c58a-67c5-4119-a3e4-c821cdfe94f7,EMIT,ACK,889,36,""
3126.900,receiver,19d2c58a-67c5-4119-a3e4-c821cdfe94f7,EMIT,ACK,896,36,""
3126.911,receiver,19d2c58a-67c5-4119-a3e4-c821cdfe94f7,EMIT,ACK,891,36,""
3127.244,receiver,19d2c58a-67c5-4119-a3e4-c821cdfe94f7,RECEIVE,DATA,901,1060,""
3127.256,receiver,19d2c58a-67c5-4119-a3e4-c821cdfe94f7,ACCEPT_DATA,DATA,901,1024,"unique file bytes received"
3127.259,receiver,19d2c58a-67c5-4119-a3e4-c821cdfe94f7,SEND,ACK,901,36,""
3127.271,receiver,19d2c58a-67c5-4119-a3e4-c821cdfe94f7,RECEIVE,DATA,903,1060,""
3127.274,receiver,19d2c58a-67c5-4119-a3e4-c821cdfe94f7,ACCEPT_DATA,DATA,903,1024,"unique file bytes received"
3127.277,receiver,19d2c58a-67c5-4119-a3e4-c821cdfe94f7,SEND,ACK,903,36,""
3127.281,receiver,19d2c58a-67c5-4119-a3e4-c821cdfe94f7,RECEIVE,DATA,912,1060,""
3127.284,receiver,19d2c58a-67c5-4119-a3e4-c821cdfe94f7,OUT_OF_ORDER,DATA,912,0,"arrived before missing sequence=910"
3127.286,receiver,19d2c58a-67c5-4119-a3e4-c821cdfe94f7,ACCEPT_DATA,DATA,912,1024,"unique file bytes received"
3127.289,receiver,19d2c58a-67c5-4119-a3e4-c821cdfe94f7,SEND,ACK,912,36,""
3142.448,receiver,19d2c58a-67c5-4119-a3e4-c821cdfe94f7,EMIT,ACK,895,36,""
3142.478,receiver,19d2c58a-67c5-4119-a3e4-c821cdfe94f7,EMIT,ACK,906,36,""
3142.488,receiver,19d2c58a-67c5-4119-a3e4-c821cdfe94f7,EMIT,ACK,908,36,""
3142.723,receiver,19d2c58a-67c5-4119-a3e4-c821cdfe94f7,RECEIVE,DATA,914,1060,""
3142.757,receiver,19d2c58a-67c5-4119-a3e4-c821cdfe94f7,OUT_OF_ORDER,DATA,914,0,"arrived before missing sequence=910"
3142.767,receiver,19d2c58a-67c5-4119-a3e4-c821cdfe94f7,ACCEPT_DATA,DATA,914,1024,"unique file bytes received"
3142.770,receiver,19d2c58a-67c5-4119-a3e4-c821cdfe94f7,SEND,ACK,914,36,""
3142.783,receiver,19d2c58a-67c5-4119-a3e4-c821cdfe94f7,RECEIVE,DATA,915,1060,""
3142.786,receiver,19d2c58a-67c5-4119-a3e4-c821cdfe94f7,OUT_OF_ORDER,DATA,915,0,"arrived before missing sequence=910"
3142.788,receiver,19d2c58a-67c5-4119-a3e4-c821cdfe94f7,ACCEPT_DATA,DATA,915,1024,"unique file bytes received"
3142.790,receiver,19d2c58a-67c5-4119-a3e4-c821cdfe94f7,SEND,ACK,915,36,""
3142.795,receiver,19d2c58a-67c5-4119-a3e4-c821cdfe94f7,RECEIVE,DATA,916,1060,""
3142.798,receiver,19d2c58a-67c5-4119-a3e4-c821cdfe94f7,OUT_OF_ORDER,DATA,916,0,"arrived before missing sequence=910"
3142.800,receiver,19d2c58a-67c5-4119-a3e4-c821cdfe94f7,ACCEPT_DATA,DATA,916,1024,"unique file bytes received"
3142.802,receiver,19d2c58a-67c5-4119-a3e4-c821cdfe94f7,SEND,ACK,916,36,""
3142.807,receiver,19d2c58a-67c5-4119-a3e4-c821cdfe94f7,RECEIVE,DATA,911,1060,""
3142.809,receiver,19d2c58a-67c5-4119-a3e4-c821cdfe94f7,OUT_OF_ORDER,DATA,911,0,"arrived before missing sequence=910"
3142.812,receiver,19d2c58a-67c5-4119-a3e4-c821cdfe94f7,ACCEPT_DATA,DATA,911,1024,"unique file bytes received"
3142.814,receiver,19d2c58a-67c5-4119-a3e4-c821cdfe94f7,SEND,ACK,911,36,""
3142.818,receiver,19d2c58a-67c5-4119-a3e4-c821cdfe94f7,RECEIVE,DATA,913,1060,""
3142.821,receiver,19d2c58a-67c5-4119-a3e4-c821cdfe94f7,OUT_OF_ORDER,DATA,913,0,"arrived before missing sequence=910"
3142.823,receiver,19d2c58a-67c5-4119-a3e4-c821cdfe94f7,ACCEPT_DATA,DATA,913,1024,"unique file bytes received"
3142.826,receiver,19d2c58a-67c5-4119-a3e4-c821cdfe94f7,SEND,ACK,913,36,""
3157.875,receiver,19d2c58a-67c5-4119-a3e4-c821cdfe94f7,EMIT,ACK,907,36,""
3157.897,receiver,19d2c58a-67c5-4119-a3e4-c821cdfe94f7,EMIT,ACK,893,36,""
3157.905,receiver,19d2c58a-67c5-4119-a3e4-c821cdfe94f7,EMIT,ACK,900,36,""
3157.912,receiver,19d2c58a-67c5-4119-a3e4-c821cdfe94f7,EMIT,ACK,909,36,""
3157.919,receiver,19d2c58a-67c5-4119-a3e4-c821cdfe94f7,EMIT,ACK,904,36,""
3157.926,receiver,19d2c58a-67c5-4119-a3e4-c821cdfe94f7,EMIT,ACK,902,36,""
3157.933,receiver,19d2c58a-67c5-4119-a3e4-c821cdfe94f7,EMIT,ACK,897,36,""
3158.054,receiver,19d2c58a-67c5-4119-a3e4-c821cdfe94f7,RECEIVE,DATA,910,1060,""
3158.068,receiver,19d2c58a-67c5-4119-a3e4-c821cdfe94f7,ACCEPT_DATA,DATA,910,1024,"unique file bytes received"
3158.072,receiver,19d2c58a-67c5-4119-a3e4-c821cdfe94f7,SEND,ACK,910,36,""
3173.158,receiver,19d2c58a-67c5-4119-a3e4-c821cdfe94f7,EMIT,ACK,901,36,""
3173.224,receiver,19d2c58a-67c5-4119-a3e4-c821cdfe94f7,EMIT,ACK,905,36,""
3173.234,receiver,19d2c58a-67c5-4119-a3e4-c821cdfe94f7,EMIT,ACK,903,36,""
3173.255,receiver,19d2c58a-67c5-4119-a3e4-c821cdfe94f7,EMIT,ACK,912,36,""
3173.264,receiver,19d2c58a-67c5-4119-a3e4-c821cdfe94f7,EMIT,ACK,911,36,""
3173.275,receiver,19d2c58a-67c5-4119-a3e4-c821cdfe94f7,EMIT,ACK,914,36,""
3173.287,receiver,19d2c58a-67c5-4119-a3e4-c821cdfe94f7,RECEIVE,DATA,923,1060,""
3173.312,receiver,19d2c58a-67c5-4119-a3e4-c821cdfe94f7,OUT_OF_ORDER,DATA,923,0,"arrived before missing sequence=917"
3173.317,receiver,19d2c58a-67c5-4119-a3e4-c821cdfe94f7,ACCEPT_DATA,DATA,923,1024,"unique file bytes received"
3173.320,receiver,19d2c58a-67c5-4119-a3e4-c821cdfe94f7,SEND,ACK,923,36,""
3173.336,receiver,19d2c58a-67c5-4119-a3e4-c821cdfe94f7,RECEIVE,DATA,917,1060,""
3173.340,receiver,19d2c58a-67c5-4119-a3e4-c821cdfe94f7,ACCEPT_DATA,DATA,917,1024,"unique file bytes received"
3173.343,receiver,19d2c58a-67c5-4119-a3e4-c821cdfe94f7,SEND,ACK,917,36,""
3173.349,receiver,19d2c58a-67c5-4119-a3e4-c821cdfe94f7,RECEIVE,DATA,919,1060,""
3173.352,receiver,19d2c58a-67c5-4119-a3e4-c821cdfe94f7,OUT_OF_ORDER,DATA,919,0,"arrived before missing sequence=918"
3173.355,receiver,19d2c58a-67c5-4119-a3e4-c821cdfe94f7,ACCEPT_DATA,DATA,919,1024,"unique file bytes received"
3173.358,receiver,19d2c58a-67c5-4119-a3e4-c821cdfe94f7,SEND,ACK,919,36,""
3173.364,receiver,19d2c58a-67c5-4119-a3e4-c821cdfe94f7,RECEIVE,DATA,924,1060,""
3173.367,receiver,19d2c58a-67c5-4119-a3e4-c821cdfe94f7,OUT_OF_ORDER,DATA,924,0,"arrived before missing sequence=918"
3173.370,receiver,19d2c58a-67c5-4119-a3e4-c821cdfe94f7,ACCEPT_DATA,DATA,924,1024,"unique file bytes received"
3173.373,receiver,19d2c58a-67c5-4119-a3e4-c821cdfe94f7,SEND,ACK,924,36,""
3173.378,receiver,19d2c58a-67c5-4119-a3e4-c821cdfe94f7,RECEIVE,DATA,918,1060,""
3173.384,receiver,19d2c58a-67c5-4119-a3e4-c821cdfe94f7,ACCEPT_DATA,DATA,918,1024,"unique file bytes received"
3173.387,receiver,19d2c58a-67c5-4119-a3e4-c821cdfe94f7,SEND,ACK,918,36,""
3173.393,receiver,19d2c58a-67c5-4119-a3e4-c821cdfe94f7,RECEIVE,DATA,921,1060,""
3173.396,receiver,19d2c58a-67c5-4119-a3e4-c821cdfe94f7,OUT_OF_ORDER,DATA,921,0,"arrived before missing sequence=920"
3173.399,receiver,19d2c58a-67c5-4119-a3e4-c821cdfe94f7,ACCEPT_DATA,DATA,921,1024,"unique file bytes received"
3173.402,receiver,19d2c58a-67c5-4119-a3e4-c821cdfe94f7,SEND,ACK,921,36,""
3173.407,receiver,19d2c58a-67c5-4119-a3e4-c821cdfe94f7,RECEIVE,DATA,920,1060,""
3173.411,receiver,19d2c58a-67c5-4119-a3e4-c821cdfe94f7,ACCEPT_DATA,DATA,920,1024,"unique file bytes received"
3173.414,receiver,19d2c58a-67c5-4119-a3e4-c821cdfe94f7,SEND,ACK,920,36,""
3188.794,receiver,19d2c58a-67c5-4119-a3e4-c821cdfe94f7,EMIT,ACK,915,36,""
3188.818,receiver,19d2c58a-67c5-4119-a3e4-c821cdfe94f7,EMIT,ACK,913,36,""
3188.828,receiver,19d2c58a-67c5-4119-a3e4-c821cdfe94f7,EMIT,ACK,910,36,""
3188.837,receiver,19d2c58a-67c5-4119-a3e4-c821cdfe94f7,EMIT,ACK,916,36,""
3188.987,receiver,19d2c58a-67c5-4119-a3e4-c821cdfe94f7,RECEIVE,DATA,922,1060,""
3189.001,receiver,19d2c58a-67c5-4119-a3e4-c821cdfe94f7,ACCEPT_DATA,DATA,922,1024,"unique file bytes received"
3189.005,receiver,19d2c58a-67c5-4119-a3e4-c821cdfe94f7,SEND,ACK,922,36,""
3189.024,receiver,19d2c58a-67c5-4119-a3e4-c821cdfe94f7,RECEIVE,DATA,931,1060,""
3189.028,receiver,19d2c58a-67c5-4119-a3e4-c821cdfe94f7,OUT_OF_ORDER,DATA,931,0,"arrived before missing sequence=925"
3189.031,receiver,19d2c58a-67c5-4119-a3e4-c821cdfe94f7,ACCEPT_DATA,DATA,931,1024,"unique file bytes received"
3189.033,receiver,19d2c58a-67c5-4119-a3e4-c821cdfe94f7,SEND,ACK,931,36,""
3204.550,receiver,19d2c58a-67c5-4119-a3e4-c821cdfe94f7,EMIT,ACK,921,36,""
3204.573,receiver,19d2c58a-67c5-4119-a3e4-c821cdfe94f7,RECEIVE,DATA,928,1060,""
3204.585,receiver,19d2c58a-67c5-4119-a3e4-c821cdfe94f7,OUT_OF_ORDER,DATA,928,0,"arrived before missing sequence=925"
3204.589,receiver,19d2c58a-67c5-4119-a3e4-c821cdfe94f7,ACCEPT_DATA,DATA,928,1024,"unique file bytes received"
3204.592,receiver,19d2c58a-67c5-4119-a3e4-c821cdfe94f7,SEND,ACK,928,36,""
3204.606,receiver,19d2c58a-67c5-4119-a3e4-c821cdfe94f7,RECEIVE,DATA,930,1060,""
3204.609,receiver,19d2c58a-67c5-4119-a3e4-c821cdfe94f7,OUT_OF_ORDER,DATA,930,0,"arrived before missing sequence=925"
3204.612,receiver,19d2c58a-67c5-4119-a3e4-c821cdfe94f7,ACCEPT_DATA,DATA,930,1024,"unique file bytes received"
3204.614,receiver,19d2c58a-67c5-4119-a3e4-c821cdfe94f7,SEND,ACK,930,36,""
3204.620,receiver,19d2c58a-67c5-4119-a3e4-c821cdfe94f7,RECEIVE,DATA,927,1060,""
3204.623,receiver,19d2c58a-67c5-4119-a3e4-c821cdfe94f7,OUT_OF_ORDER,DATA,927,0,"arrived before missing sequence=925"
3204.626,receiver,19d2c58a-67c5-4119-a3e4-c821cdfe94f7,ACCEPT_DATA,DATA,927,1024,"unique file bytes received"
3204.632,receiver,19d2c58a-67c5-4119-a3e4-c821cdfe94f7,SEND,ACK,927,36,""
3204.638,receiver,19d2c58a-67c5-4119-a3e4-c821cdfe94f7,RECEIVE,DATA,932,1060,""
3204.641,receiver,19d2c58a-67c5-4119-a3e4-c821cdfe94f7,OUT_OF_ORDER,DATA,932,0,"arrived before missing sequence=925"
3204.644,receiver,19d2c58a-67c5-4119-a3e4-c821cdfe94f7,ACCEPT_DATA,DATA,932,1024,"unique file bytes received"
3204.646,receiver,19d2c58a-67c5-4119-a3e4-c821cdfe94f7,SEND,ACK,932,36,""
3204.652,receiver,19d2c58a-67c5-4119-a3e4-c821cdfe94f7,RECEIVE,DATA,926,1060,""
3204.655,receiver,19d2c58a-67c5-4119-a3e4-c821cdfe94f7,OUT_OF_ORDER,DATA,926,0,"arrived before missing sequence=925"
3204.658,receiver,19d2c58a-67c5-4119-a3e4-c821cdfe94f7,ACCEPT_DATA,DATA,926,1024,"unique file bytes received"
3204.660,receiver,19d2c58a-67c5-4119-a3e4-c821cdfe94f7,SEND,ACK,926,36,""
3204.666,receiver,19d2c58a-67c5-4119-a3e4-c821cdfe94f7,RECEIVE,DATA,938,1060,""
3204.669,receiver,19d2c58a-67c5-4119-a3e4-c821cdfe94f7,OUT_OF_ORDER,DATA,938,0,"arrived before missing sequence=925"
3204.672,receiver,19d2c58a-67c5-4119-a3e4-c821cdfe94f7,ACCEPT_DATA,DATA,938,1024,"unique file bytes received"
3204.675,receiver,19d2c58a-67c5-4119-a3e4-c821cdfe94f7,SEND,ACK,938,36,""
3204.690,receiver,19d2c58a-67c5-4119-a3e4-c821cdfe94f7,RECEIVE,DATA,941,1060,""
3204.693,receiver,19d2c58a-67c5-4119-a3e4-c821cdfe94f7,OUT_OF_ORDER,DATA,941,0,"arrived before missing sequence=925"
3204.696,receiver,19d2c58a-67c5-4119-a3e4-c821cdfe94f7,ACCEPT_DATA,DATA,941,1024,"unique file bytes received"
3204.699,receiver,19d2c58a-67c5-4119-a3e4-c821cdfe94f7,SEND,ACK,941,36,""
3204.704,receiver,19d2c58a-67c5-4119-a3e4-c821cdfe94f7,RECEIVE,DATA,937,1060,""
3204.708,receiver,19d2c58a-67c5-4119-a3e4-c821cdfe94f7,OUT_OF_ORDER,DATA,937,0,"arrived before missing sequence=925"
3204.710,receiver,19d2c58a-67c5-4119-a3e4-c821cdfe94f7,ACCEPT_DATA,DATA,937,1024,"unique file bytes received"
3204.713,receiver,19d2c58a-67c5-4119-a3e4-c821cdfe94f7,SEND,ACK,937,36,""
3204.719,receiver,19d2c58a-67c5-4119-a3e4-c821cdfe94f7,RECEIVE,DATA,925,1060,""
3204.722,receiver,19d2c58a-67c5-4119-a3e4-c821cdfe94f7,ACCEPT_DATA,DATA,925,1024,"unique file bytes received"
3204.725,receiver,19d2c58a-67c5-4119-a3e4-c821cdfe94f7,SEND,ACK,925,36,""
3204.731,receiver,19d2c58a-67c5-4119-a3e4-c821cdfe94f7,RECEIVE,DATA,939,1060,""
3204.734,receiver,19d2c58a-67c5-4119-a3e4-c821cdfe94f7,OUT_OF_ORDER,DATA,939,0,"arrived before missing sequence=929"
3204.737,receiver,19d2c58a-67c5-4119-a3e4-c821cdfe94f7,ACCEPT_DATA,DATA,939,1024,"unique file bytes received"
3204.740,receiver,19d2c58a-67c5-4119-a3e4-c821cdfe94f7,SEND,ACK,939,36,""
3220.501,receiver,19d2c58a-67c5-4119-a3e4-c821cdfe94f7,EMIT,ACK,920,36,""
3220.527,receiver,19d2c58a-67c5-4119-a3e4-c821cdfe94f7,EMIT,ACK,924,36,""
3220.564,receiver,19d2c58a-67c5-4119-a3e4-c821cdfe94f7,EMIT,ACK,923,36,""
3220.572,receiver,19d2c58a-67c5-4119-a3e4-c821cdfe94f7,EMIT,ACK,917,36,""
3220.580,receiver,19d2c58a-67c5-4119-a3e4-c821cdfe94f7,EMIT,ACK,931,36,""
3220.589,receiver,19d2c58a-67c5-4119-a3e4-c821cdfe94f7,EMIT,ACK,918,36,""
3220.596,receiver,19d2c58a-67c5-4119-a3e4-c821cdfe94f7,RECEIVE,DATA,936,1060,""
3220.624,receiver,19d2c58a-67c5-4119-a3e4-c821cdfe94f7,OUT_OF_ORDER,DATA,936,0,"arrived before missing sequence=929"
3220.634,receiver,19d2c58a-67c5-4119-a3e4-c821cdfe94f7,ACCEPT_DATA,DATA,936,1024,"unique file bytes received"
3220.716,receiver,19d2c58a-67c5-4119-a3e4-c821cdfe94f7,SEND,ACK,936,36,""
3220.751,receiver,19d2c58a-67c5-4119-a3e4-c821cdfe94f7,RECEIVE,DATA,929,1060,""
3220.759,receiver,19d2c58a-67c5-4119-a3e4-c821cdfe94f7,ACCEPT_DATA,DATA,929,1024,"unique file bytes received"
3220.764,receiver,19d2c58a-67c5-4119-a3e4-c821cdfe94f7,SEND,ACK,929,36,""
3220.777,receiver,19d2c58a-67c5-4119-a3e4-c821cdfe94f7,RECEIVE,DATA,935,1060,""
3220.783,receiver,19d2c58a-67c5-4119-a3e4-c821cdfe94f7,OUT_OF_ORDER,DATA,935,0,"arrived before missing sequence=933"
3220.789,receiver,19d2c58a-67c5-4119-a3e4-c821cdfe94f7,ACCEPT_DATA,DATA,935,1024,"unique file bytes received"
3220.795,receiver,19d2c58a-67c5-4119-a3e4-c821cdfe94f7,SEND,ACK,935,36,""
3220.818,receiver,19d2c58a-67c5-4119-a3e4-c821cdfe94f7,RECEIVE,DATA,934,1060,""
3220.824,receiver,19d2c58a-67c5-4119-a3e4-c821cdfe94f7,OUT_OF_ORDER,DATA,934,0,"arrived before missing sequence=933"
3220.829,receiver,19d2c58a-67c5-4119-a3e4-c821cdfe94f7,ACCEPT_DATA,DATA,934,1024,"unique file bytes received"
3220.835,receiver,19d2c58a-67c5-4119-a3e4-c821cdfe94f7,SEND,ACK,934,36,""
3220.845,receiver,19d2c58a-67c5-4119-a3e4-c821cdfe94f7,RECEIVE,DATA,948,1060,""
3220.852,receiver,19d2c58a-67c5-4119-a3e4-c821cdfe94f7,OUT_OF_ORDER,DATA,948,0,"arrived before missing sequence=933"
3220.857,receiver,19d2c58a-67c5-4119-a3e4-c821cdfe94f7,ACCEPT_DATA,DATA,948,1024,"unique file bytes received"
3220.863,receiver,19d2c58a-67c5-4119-a3e4-c821cdfe94f7,SEND,ACK,948,36,""
3220.877,receiver,19d2c58a-67c5-4119-a3e4-c821cdfe94f7,RECEIVE,DATA,947,1060,""
3220.883,receiver,19d2c58a-67c5-4119-a3e4-c821cdfe94f7,OUT_OF_ORDER,DATA,947,0,"arrived before missing sequence=933"
3220.888,receiver,19d2c58a-67c5-4119-a3e4-c821cdfe94f7,ACCEPT_DATA,DATA,947,1024,"unique file bytes received"
3220.894,receiver,19d2c58a-67c5-4119-a3e4-c821cdfe94f7,SEND,ACK,947,36,""
3220.905,receiver,19d2c58a-67c5-4119-a3e4-c821cdfe94f7,RECEIVE,DATA,940,1060,""
3220.911,receiver,19d2c58a-67c5-4119-a3e4-c821cdfe94f7,OUT_OF_ORDER,DATA,940,0,"arrived before missing sequence=933"
3220.917,receiver,19d2c58a-67c5-4119-a3e4-c821cdfe94f7,ACCEPT_DATA,DATA,940,1024,"unique file bytes received"
3220.922,receiver,19d2c58a-67c5-4119-a3e4-c821cdfe94f7,SEND,ACK,940,36,""
3235.799,receiver,19d2c58a-67c5-4119-a3e4-c821cdfe94f7,EMIT,ACK,919,36,""
3235.828,receiver,19d2c58a-67c5-4119-a3e4-c821cdfe94f7,EMIT,ACK,922,36,""
3235.865,receiver,19d2c58a-67c5-4119-a3e4-c821cdfe94f7,EMIT,ACK,927,36,""
3235.874,receiver,19d2c58a-67c5-4119-a3e4-c821cdfe94f7,EMIT,ACK,938,36,""
3235.883,receiver,19d2c58a-67c5-4119-a3e4-c821cdfe94f7,EMIT,ACK,932,36,""
3235.893,receiver,19d2c58a-67c5-4119-a3e4-c821cdfe94f7,EMIT,ACK,939,36,""
3236.012,receiver,19d2c58a-67c5-4119-a3e4-c821cdfe94f7,RECEIVE,DATA,933,1060,""
3236.054,receiver,19d2c58a-67c5-4119-a3e4-c821cdfe94f7,ACCEPT_DATA,DATA,933,1024,"unique file bytes received"
3236.071,receiver,19d2c58a-67c5-4119-a3e4-c821cdfe94f7,SEND,ACK,933,36,""
3236.082,receiver,19d2c58a-67c5-4119-a3e4-c821cdfe94f7,RECEIVE,DATA,944,1060,""
3236.086,receiver,19d2c58a-67c5-4119-a3e4-c821cdfe94f7,OUT_OF_ORDER,DATA,944,0,"arrived before missing sequence=942"
3236.089,receiver,19d2c58a-67c5-4119-a3e4-c821cdfe94f7,ACCEPT_DATA,DATA,944,1024,"unique file bytes received"
3236.091,receiver,19d2c58a-67c5-4119-a3e4-c821cdfe94f7,SEND,ACK,944,36,""
3236.096,receiver,19d2c58a-67c5-4119-a3e4-c821cdfe94f7,RECEIVE,DATA,945,1060,""
3236.098,receiver,19d2c58a-67c5-4119-a3e4-c821cdfe94f7,OUT_OF_ORDER,DATA,945,0,"arrived before missing sequence=942"
3236.100,receiver,19d2c58a-67c5-4119-a3e4-c821cdfe94f7,ACCEPT_DATA,DATA,945,1024,"unique file bytes received"
3236.103,receiver,19d2c58a-67c5-4119-a3e4-c821cdfe94f7,SEND,ACK,945,36,""
3236.107,receiver,19d2c58a-67c5-4119-a3e4-c821cdfe94f7,RECEIVE,DATA,946,1060,""
3236.110,receiver,19d2c58a-67c5-4119-a3e4-c821cdfe94f7,OUT_OF_ORDER,DATA,946,0,"arrived before missing sequence=942"
3236.112,receiver,19d2c58a-67c5-4119-a3e4-c821cdfe94f7,ACCEPT_DATA,DATA,946,1024,"unique file bytes received"
3236.114,receiver,19d2c58a-67c5-4119-a3e4-c821cdfe94f7,SEND,ACK,946,36,""
3236.118,receiver,19d2c58a-67c5-4119-a3e4-c821cdfe94f7,RECEIVE,DATA,943,1060,""
3236.121,receiver,19d2c58a-67c5-4119-a3e4-c821cdfe94f7,OUT_OF_ORDER,DATA,943,0,"arrived before missing sequence=942"
3236.123,receiver,19d2c58a-67c5-4119-a3e4-c821cdfe94f7,ACCEPT_DATA,DATA,943,1024,"unique file bytes received"
3236.125,receiver,19d2c58a-67c5-4119-a3e4-c821cdfe94f7,SEND,ACK,943,36,""
3251.294,receiver,19d2c58a-67c5-4119-a3e4-c821cdfe94f7,RECEIVE,DATA,942,1060,""
3251.305,receiver,19d2c58a-67c5-4119-a3e4-c821cdfe94f7,ACCEPT_DATA,DATA,942,1024,"unique file bytes received"
3251.308,receiver,19d2c58a-67c5-4119-a3e4-c821cdfe94f7,SEND,ACK,942,36,""
3251.514,receiver,19d2c58a-67c5-4119-a3e4-c821cdfe94f7,EMIT,ACK,937,36,""
3251.531,receiver,19d2c58a-67c5-4119-a3e4-c821cdfe94f7,EMIT,ACK,930,36,""
3251.540,receiver,19d2c58a-67c5-4119-a3e4-c821cdfe94f7,EMIT,ACK,929,36,""
3251.548,receiver,19d2c58a-67c5-4119-a3e4-c821cdfe94f7,EMIT,ACK,941,36,""
3251.563,receiver,19d2c58a-67c5-4119-a3e4-c821cdfe94f7,EMIT,ACK,936,36,""
3251.570,receiver,19d2c58a-67c5-4119-a3e4-c821cdfe94f7,EMIT,ACK,935,36,""
3267.319,receiver,19d2c58a-67c5-4119-a3e4-c821cdfe94f7,EMIT,ACK,928,36,""
3267.354,receiver,19d2c58a-67c5-4119-a3e4-c821cdfe94f7,EMIT,ACK,947,36,""
3267.363,receiver,19d2c58a-67c5-4119-a3e4-c821cdfe94f7,EMIT,ACK,926,36,""
3267.374,receiver,19d2c58a-67c5-4119-a3e4-c821cdfe94f7,EMIT,ACK,925,36,""
3267.383,receiver,19d2c58a-67c5-4119-a3e4-c821cdfe94f7,EMIT,ACK,934,36,""
3267.390,receiver,19d2c58a-67c5-4119-a3e4-c821cdfe94f7,EMIT,ACK,946,36,""
3267.404,receiver,19d2c58a-67c5-4119-a3e4-c821cdfe94f7,EMIT,ACK,940,36,""
3267.425,receiver,19d2c58a-67c5-4119-a3e4-c821cdfe94f7,RECEIVE,DATA,950,1060,""
3267.438,receiver,19d2c58a-67c5-4119-a3e4-c821cdfe94f7,OUT_OF_ORDER,DATA,950,0,"arrived before missing sequence=949"
3267.442,receiver,19d2c58a-67c5-4119-a3e4-c821cdfe94f7,ACCEPT_DATA,DATA,950,1024,"unique file bytes received"
3267.445,receiver,19d2c58a-67c5-4119-a3e4-c821cdfe94f7,SEND,ACK,950,36,""
3267.459,receiver,19d2c58a-67c5-4119-a3e4-c821cdfe94f7,RECEIVE,DATA,949,1060,""
3267.462,receiver,19d2c58a-67c5-4119-a3e4-c821cdfe94f7,ACCEPT_DATA,DATA,949,1024,"unique file bytes received"
3267.465,receiver,19d2c58a-67c5-4119-a3e4-c821cdfe94f7,SEND,ACK,949,36,""
3267.470,receiver,19d2c58a-67c5-4119-a3e4-c821cdfe94f7,RECEIVE,DATA,953,1060,""
3267.473,receiver,19d2c58a-67c5-4119-a3e4-c821cdfe94f7,OUT_OF_ORDER,DATA,953,0,"arrived before missing sequence=951"
3267.476,receiver,19d2c58a-67c5-4119-a3e4-c821cdfe94f7,ACCEPT_DATA,DATA,953,1024,"unique file bytes received"
3267.479,receiver,19d2c58a-67c5-4119-a3e4-c821cdfe94f7,SEND,ACK,953,36,""
3267.485,receiver,19d2c58a-67c5-4119-a3e4-c821cdfe94f7,RECEIVE,DATA,955,1060,""
3267.494,receiver,19d2c58a-67c5-4119-a3e4-c821cdfe94f7,OUT_OF_ORDER,DATA,955,0,"arrived before missing sequence=951"
3267.496,receiver,19d2c58a-67c5-4119-a3e4-c821cdfe94f7,ACCEPT_DATA,DATA,955,1024,"unique file bytes received"
3267.499,receiver,19d2c58a-67c5-4119-a3e4-c821cdfe94f7,SEND,ACK,955,36,""
3267.505,receiver,19d2c58a-67c5-4119-a3e4-c821cdfe94f7,RECEIVE,DATA,956,1060,""
3267.507,receiver,19d2c58a-67c5-4119-a3e4-c821cdfe94f7,OUT_OF_ORDER,DATA,956,0,"arrived before missing sequence=951"
3267.514,receiver,19d2c58a-67c5-4119-a3e4-c821cdfe94f7,ACCEPT_DATA,DATA,956,1024,"unique file bytes received"
3267.516,receiver,19d2c58a-67c5-4119-a3e4-c821cdfe94f7,SEND,ACK,956,36,""
3283.464,receiver,19d2c58a-67c5-4119-a3e4-c821cdfe94f7,EMIT,ACK,948,36,""
3283.495,receiver,19d2c58a-67c5-4119-a3e4-c821cdfe94f7,EMIT,ACK,933,36,""
3283.512,receiver,19d2c58a-67c5-4119-a3e4-c821cdfe94f7,EMIT,ACK,943,36,""
3283.539,receiver,19d2c58a-67c5-4119-a3e4-c821cdfe94f7,EMIT,ACK,945,36,""
3283.554,receiver,19d2c58a-67c5-4119-a3e4-c821cdfe94f7,EMIT,ACK,944,36,""
3283.559,receiver,19d2c58a-67c5-4119-a3e4-c821cdfe94f7,RECEIVE,DATA,951,1060,""
3283.570,receiver,19d2c58a-67c5-4119-a3e4-c821cdfe94f7,ACCEPT_DATA,DATA,951,1024,"unique file bytes received"
3283.609,receiver,19d2c58a-67c5-4119-a3e4-c821cdfe94f7,SEND,ACK,951,36,""
3283.632,receiver,19d2c58a-67c5-4119-a3e4-c821cdfe94f7,RECEIVE,DATA,954,1060,""
3283.635,receiver,19d2c58a-67c5-4119-a3e4-c821cdfe94f7,OUT_OF_ORDER,DATA,954,0,"arrived before missing sequence=952"
3283.638,receiver,19d2c58a-67c5-4119-a3e4-c821cdfe94f7,ACCEPT_DATA,DATA,954,1024,"unique file bytes received"
3283.640,receiver,19d2c58a-67c5-4119-a3e4-c821cdfe94f7,SEND,ACK,954,36,""
3283.645,receiver,19d2c58a-67c5-4119-a3e4-c821cdfe94f7,RECEIVE,DATA,952,1060,""
3283.648,receiver,19d2c58a-67c5-4119-a3e4-c821cdfe94f7,ACCEPT_DATA,DATA,952,1024,"unique file bytes received"
3283.650,receiver,19d2c58a-67c5-4119-a3e4-c821cdfe94f7,SEND,ACK,952,36,""
3299.469,receiver,19d2c58a-67c5-4119-a3e4-c821cdfe94f7,EMIT,ACK,942,36,""
3299.512,receiver,19d2c58a-67c5-4119-a3e4-c821cdfe94f7,RECEIVE,DATA,962,1060,""
3299.522,receiver,19d2c58a-67c5-4119-a3e4-c821cdfe94f7,EMIT,ACK,955,36,""
3299.528,receiver,19d2c58a-67c5-4119-a3e4-c821cdfe94f7,OUT_OF_ORDER,DATA,962,0,"arrived before missing sequence=957"
3299.532,receiver,19d2c58a-67c5-4119-a3e4-c821cdfe94f7,ACCEPT_DATA,DATA,962,1024,"unique file bytes received"
3299.535,receiver,19d2c58a-67c5-4119-a3e4-c821cdfe94f7,SEND,ACK,962,36,""
3299.551,receiver,19d2c58a-67c5-4119-a3e4-c821cdfe94f7,RECEIVE,DATA,963,1060,""
3299.555,receiver,19d2c58a-67c5-4119-a3e4-c821cdfe94f7,OUT_OF_ORDER,DATA,963,0,"arrived before missing sequence=957"
3299.562,receiver,19d2c58a-67c5-4119-a3e4-c821cdfe94f7,ACCEPT_DATA,DATA,963,1024,"unique file bytes received"
3299.565,receiver,19d2c58a-67c5-4119-a3e4-c821cdfe94f7,SEND,ACK,963,36,""
3314.603,receiver,19d2c58a-67c5-4119-a3e4-c821cdfe94f7,RECEIVE,DATA,960,1060,""
3314.616,receiver,19d2c58a-67c5-4119-a3e4-c821cdfe94f7,OUT_OF_ORDER,DATA,960,0,"arrived before missing sequence=957"
3314.621,receiver,19d2c58a-67c5-4119-a3e4-c821cdfe94f7,ACCEPT_DATA,DATA,960,1024,"unique file bytes received"
3314.624,receiver,19d2c58a-67c5-4119-a3e4-c821cdfe94f7,SEND,ACK,960,36,""
3314.640,receiver,19d2c58a-67c5-4119-a3e4-c821cdfe94f7,RECEIVE,DATA,964,1060,""
3314.644,receiver,19d2c58a-67c5-4119-a3e4-c821cdfe94f7,OUT_OF_ORDER,DATA,964,0,"arrived before missing sequence=957"
3314.647,receiver,19d2c58a-67c5-4119-a3e4-c821cdfe94f7,ACCEPT_DATA,DATA,964,1024,"unique file bytes received"
3314.649,receiver,19d2c58a-67c5-4119-a3e4-c821cdfe94f7,SEND,ACK,964,36,""
3314.655,receiver,19d2c58a-67c5-4119-a3e4-c821cdfe94f7,RECEIVE,DATA,957,1060,""
3314.659,receiver,19d2c58a-67c5-4119-a3e4-c821cdfe94f7,ACCEPT_DATA,DATA,957,1024,"unique file bytes received"
3314.671,receiver,19d2c58a-67c5-4119-a3e4-c821cdfe94f7,SEND,ACK,957,36,""
3314.677,receiver,19d2c58a-67c5-4119-a3e4-c821cdfe94f7,RECEIVE,DATA,959,1060,""
3314.680,receiver,19d2c58a-67c5-4119-a3e4-c821cdfe94f7,OUT_OF_ORDER,DATA,959,0,"arrived before missing sequence=958"
3314.683,receiver,19d2c58a-67c5-4119-a3e4-c821cdfe94f7,ACCEPT_DATA,DATA,959,1024,"unique file bytes received"
3314.686,receiver,19d2c58a-67c5-4119-a3e4-c821cdfe94f7,SEND,ACK,959,36,""
3314.689,receiver,19d2c58a-67c5-4119-a3e4-c821cdfe94f7,EMIT,ACK,950,36,""
3314.699,receiver,19d2c58a-67c5-4119-a3e4-c821cdfe94f7,RECEIVE,DATA,958,1060,""
3314.702,receiver,19d2c58a-67c5-4119-a3e4-c821cdfe94f7,ACCEPT_DATA,DATA,958,1024,"unique file bytes received"
3314.705,receiver,19d2c58a-67c5-4119-a3e4-c821cdfe94f7,SEND,ACK,958,36,""
3314.710,receiver,19d2c58a-67c5-4119-a3e4-c821cdfe94f7,EMIT,ACK,953,36,""
3314.714,receiver,19d2c58a-67c5-4119-a3e4-c821cdfe94f7,RECEIVE,DATA,969,1060,""
3314.717,receiver,19d2c58a-67c5-4119-a3e4-c821cdfe94f7,OUT_OF_ORDER,DATA,969,0,"arrived before missing sequence=961"
3314.720,receiver,19d2c58a-67c5-4119-a3e4-c821cdfe94f7,ACCEPT_DATA,DATA,969,1024,"unique file bytes received"
3314.723,receiver,19d2c58a-67c5-4119-a3e4-c821cdfe94f7,EMIT,ACK,956,36,""
3314.726,receiver,19d2c58a-67c5-4119-a3e4-c821cdfe94f7,SEND,ACK,969,36,""
3314.732,receiver,19d2c58a-67c5-4119-a3e4-c821cdfe94f7,EMIT,ACK,952,36,""
3314.736,receiver,19d2c58a-67c5-4119-a3e4-c821cdfe94f7,RECEIVE,DATA,970,1060,""
3314.739,receiver,19d2c58a-67c5-4119-a3e4-c821cdfe94f7,OUT_OF_ORDER,DATA,970,0,"arrived before missing sequence=961"
3314.742,receiver,19d2c58a-67c5-4119-a3e4-c821cdfe94f7,ACCEPT_DATA,DATA,970,1024,"unique file bytes received"
3314.746,receiver,19d2c58a-67c5-4119-a3e4-c821cdfe94f7,EMIT,ACK,949,36,""
3314.749,receiver,19d2c58a-67c5-4119-a3e4-c821cdfe94f7,SEND,ACK,970,36,""
3330.435,receiver,19d2c58a-67c5-4119-a3e4-c821cdfe94f7,EMIT,ACK,963,36,""
3330.457,receiver,19d2c58a-67c5-4119-a3e4-c821cdfe94f7,RECEIVE,DATA,961,1060,""
3330.471,receiver,19d2c58a-67c5-4119-a3e4-c821cdfe94f7,ACCEPT_DATA,DATA,961,1024,"unique file bytes received"
3330.474,receiver,19d2c58a-67c5-4119-a3e4-c821cdfe94f7,SEND,ACK,961,36,""
3330.490,receiver,19d2c58a-67c5-4119-a3e4-c821cdfe94f7,EMIT,ACK,954,36,""
3330.583,receiver,19d2c58a-67c5-4119-a3e4-c821cdfe94f7,RECEIVE,DATA,966,1060,""
3330.592,receiver,19d2c58a-67c5-4119-a3e4-c821cdfe94f7,OUT_OF_ORDER,DATA,966,0,"arrived before missing sequence=965"
3330.598,receiver,19d2c58a-67c5-4119-a3e4-c821cdfe94f7,ACCEPT_DATA,DATA,966,1024,"unique file bytes received"
3330.603,receiver,19d2c58a-67c5-4119-a3e4-c821cdfe94f7,SEND,ACK,966,36,""
3330.629,receiver,19d2c58a-67c5-4119-a3e4-c821cdfe94f7,RECEIVE,DATA,967,1060,""
3330.635,receiver,19d2c58a-67c5-4119-a3e4-c821cdfe94f7,OUT_OF_ORDER,DATA,967,0,"arrived before missing sequence=965"
3330.640,receiver,19d2c58a-67c5-4119-a3e4-c821cdfe94f7,ACCEPT_DATA,DATA,967,1024,"unique file bytes received"
3330.645,receiver,19d2c58a-67c5-4119-a3e4-c821cdfe94f7,SEND,ACK,967,36,""
3330.735,receiver,19d2c58a-67c5-4119-a3e4-c821cdfe94f7,RECEIVE,DATA,968,1060,""
3330.747,receiver,19d2c58a-67c5-4119-a3e4-c821cdfe94f7,OUT_OF_ORDER,DATA,968,0,"arrived before missing sequence=965"
3330.751,receiver,19d2c58a-67c5-4119-a3e4-c821cdfe94f7,ACCEPT_DATA,DATA,968,1024,"unique file bytes received"
3330.754,receiver,19d2c58a-67c5-4119-a3e4-c821cdfe94f7,SEND,ACK,968,36,""
3330.766,receiver,19d2c58a-67c5-4119-a3e4-c821cdfe94f7,RECEIVE,DATA,973,1060,""
3330.769,receiver,19d2c58a-67c5-4119-a3e4-c821cdfe94f7,OUT_OF_ORDER,DATA,973,0,"arrived before missing sequence=965"
3330.772,receiver,19d2c58a-67c5-4119-a3e4-c821cdfe94f7,ACCEPT_DATA,DATA,973,1024,"unique file bytes received"
3330.775,receiver,19d2c58a-67c5-4119-a3e4-c821cdfe94f7,SEND,ACK,973,36,""
3330.780,receiver,19d2c58a-67c5-4119-a3e4-c821cdfe94f7,RECEIVE,DATA,972,1060,""
3330.783,receiver,19d2c58a-67c5-4119-a3e4-c821cdfe94f7,OUT_OF_ORDER,DATA,972,0,"arrived before missing sequence=965"
3330.786,receiver,19d2c58a-67c5-4119-a3e4-c821cdfe94f7,ACCEPT_DATA,DATA,972,1024,"unique file bytes received"
3330.788,receiver,19d2c58a-67c5-4119-a3e4-c821cdfe94f7,SEND,ACK,972,36,""
3331.019,receiver,19d2c58a-67c5-4119-a3e4-c821cdfe94f7,RECEIVE,DATA,971,1060,""
3331.037,receiver,19d2c58a-67c5-4119-a3e4-c821cdfe94f7,OUT_OF_ORDER,DATA,971,0,"arrived before missing sequence=965"
3331.045,receiver,19d2c58a-67c5-4119-a3e4-c821cdfe94f7,ACCEPT_DATA,DATA,971,1024,"unique file bytes received"
3331.053,receiver,19d2c58a-67c5-4119-a3e4-c821cdfe94f7,SEND,ACK,971,36,""
3345.785,receiver,19d2c58a-67c5-4119-a3e4-c821cdfe94f7,EMIT,ACK,951,36,""
3345.876,receiver,19d2c58a-67c5-4119-a3e4-c821cdfe94f7,EMIT,ACK,962,36,""
3345.907,receiver,19d2c58a-67c5-4119-a3e4-c821cdfe94f7,EMIT,ACK,960,36,""
3345.914,receiver,19d2c58a-67c5-4119-a3e4-c821cdfe94f7,EMIT,ACK,959,36,""
3346.073,receiver,19d2c58a-67c5-4119-a3e4-c821cdfe94f7,RECEIVE,DATA,965,1060,""
3346.098,receiver,19d2c58a-67c5-4119-a3e4-c821cdfe94f7,ACCEPT_DATA,DATA,965,1024,"unique file bytes received"
3346.102,receiver,19d2c58a-67c5-4119-a3e4-c821cdfe94f7,SEND,ACK,965,36,""
3346.117,receiver,19d2c58a-67c5-4119-a3e4-c821cdfe94f7,RECEIVE,DATA,979,1060,""
3346.121,receiver,19d2c58a-67c5-4119-a3e4-c821cdfe94f7,OUT_OF_ORDER,DATA,979,0,"arrived before missing sequence=974"
3346.124,receiver,19d2c58a-67c5-4119-a3e4-c821cdfe94f7,ACCEPT_DATA,DATA,979,1024,"unique file bytes received"
3346.127,receiver,19d2c58a-67c5-4119-a3e4-c821cdfe94f7,SEND,ACK,979,36,""
3346.253,receiver,19d2c58a-67c5-4119-a3e4-c821cdfe94f7,RECEIVE,DATA,975,1060,""
3346.256,receiver,19d2c58a-67c5-4119-a3e4-c821cdfe94f7,OUT_OF_ORDER,DATA,975,0,"arrived before missing sequence=974"
3346.258,receiver,19d2c58a-67c5-4119-a3e4-c821cdfe94f7,ACCEPT_DATA,DATA,975,1024,"unique file bytes received"
3346.261,receiver,19d2c58a-67c5-4119-a3e4-c821cdfe94f7,SEND,ACK,975,36,""
3346.265,receiver,19d2c58a-67c5-4119-a3e4-c821cdfe94f7,RECEIVE,DATA,977,1060,""
3346.267,receiver,19d2c58a-67c5-4119-a3e4-c821cdfe94f7,OUT_OF_ORDER,DATA,977,0,"arrived before missing sequence=974"
3346.282,receiver,19d2c58a-67c5-4119-a3e4-c821cdfe94f7,ACCEPT_DATA,DATA,977,1024,"unique file bytes received"
3346.284,receiver,19d2c58a-67c5-4119-a3e4-c821cdfe94f7,SEND,ACK,977,36,""
3346.289,receiver,19d2c58a-67c5-4119-a3e4-c821cdfe94f7,RECEIVE,DATA,978,1060,""
3346.292,receiver,19d2c58a-67c5-4119-a3e4-c821cdfe94f7,OUT_OF_ORDER,DATA,978,0,"arrived before missing sequence=974"
3346.294,receiver,19d2c58a-67c5-4119-a3e4-c821cdfe94f7,ACCEPT_DATA,DATA,978,1024,"unique file bytes received"
3346.296,receiver,19d2c58a-67c5-4119-a3e4-c821cdfe94f7,SEND,ACK,978,36,""
3346.301,receiver,19d2c58a-67c5-4119-a3e4-c821cdfe94f7,RECEIVE,DATA,981,1060,""
3346.304,receiver,19d2c58a-67c5-4119-a3e4-c821cdfe94f7,OUT_OF_ORDER,DATA,981,0,"arrived before missing sequence=974"
3346.306,receiver,19d2c58a-67c5-4119-a3e4-c821cdfe94f7,ACCEPT_DATA,DATA,981,1024,"unique file bytes received"
3346.309,receiver,19d2c58a-67c5-4119-a3e4-c821cdfe94f7,SEND,ACK,981,36,""
3346.313,receiver,19d2c58a-67c5-4119-a3e4-c821cdfe94f7,RECEIVE,DATA,976,1060,""
3346.316,receiver,19d2c58a-67c5-4119-a3e4-c821cdfe94f7,OUT_OF_ORDER,DATA,976,0,"arrived before missing sequence=974"
3346.318,receiver,19d2c58a-67c5-4119-a3e4-c821cdfe94f7,ACCEPT_DATA,DATA,976,1024,"unique file bytes received"
3346.320,receiver,19d2c58a-67c5-4119-a3e4-c821cdfe94f7,SEND,ACK,976,36,""
3346.325,receiver,19d2c58a-67c5-4119-a3e4-c821cdfe94f7,RECEIVE,DATA,974,1060,""
3346.329,receiver,19d2c58a-67c5-4119-a3e4-c821cdfe94f7,ACCEPT_DATA,DATA,974,1024,"unique file bytes received"
3346.334,receiver,19d2c58a-67c5-4119-a3e4-c821cdfe94f7,SEND,ACK,974,36,""
3360.924,receiver,19d2c58a-67c5-4119-a3e4-c821cdfe94f7,EMIT,ACK,964,36,""
3360.946,receiver,19d2c58a-67c5-4119-a3e4-c821cdfe94f7,EMIT,ACK,957,36,""
3360.961,receiver,19d2c58a-67c5-4119-a3e4-c821cdfe94f7,EMIT,ACK,958,36,""
3360.971,receiver,19d2c58a-67c5-4119-a3e4-c821cdfe94f7,EMIT,ACK,969,36,""
3360.980,receiver,19d2c58a-67c5-4119-a3e4-c821cdfe94f7,EMIT,ACK,970,36,""
3360.989,receiver,19d2c58a-67c5-4119-a3e4-c821cdfe94f7,EMIT,ACK,973,36,""
3361.166,receiver,19d2c58a-67c5-4119-a3e4-c821cdfe94f7,RECEIVE,DATA,980,1060,""
3361.180,receiver,19d2c58a-67c5-4119-a3e4-c821cdfe94f7,ACCEPT_DATA,DATA,980,1024,"unique file bytes received"
3361.184,receiver,19d2c58a-67c5-4119-a3e4-c821cdfe94f7,SEND,ACK,980,36,""
3361.205,receiver,19d2c58a-67c5-4119-a3e4-c821cdfe94f7,RECEIVE,DATA,982,1060,""
3361.209,receiver,19d2c58a-67c5-4119-a3e4-c821cdfe94f7,ACCEPT_DATA,DATA,982,1024,"unique file bytes received"
3361.212,receiver,19d2c58a-67c5-4119-a3e4-c821cdfe94f7,SEND,ACK,982,36,""
3376.065,receiver,19d2c58a-67c5-4119-a3e4-c821cdfe94f7,EMIT,ACK,966,36,""
3376.090,receiver,19d2c58a-67c5-4119-a3e4-c821cdfe94f7,EMIT,ACK,968,36,""
3376.098,receiver,19d2c58a-67c5-4119-a3e4-c821cdfe94f7,EMIT,ACK,961,36,""
3376.104,receiver,19d2c58a-67c5-4119-a3e4-c821cdfe94f7,EMIT,ACK,975,36,""
3376.115,receiver,19d2c58a-67c5-4119-a3e4-c821cdfe94f7,EMIT,ACK,976,36,""
3376.122,receiver,19d2c58a-67c5-4119-a3e4-c821cdfe94f7,EMIT,ACK,967,36,""
3376.234,receiver,19d2c58a-67c5-4119-a3e4-c821cdfe94f7,RECEIVE,DATA,986,1060,""
3376.247,receiver,19d2c58a-67c5-4119-a3e4-c821cdfe94f7,OUT_OF_ORDER,DATA,986,0,"arrived before missing sequence=983"
3376.250,receiver,19d2c58a-67c5-4119-a3e4-c821cdfe94f7,ACCEPT_DATA,DATA,986,1024,"unique file bytes received"
3376.252,receiver,19d2c58a-67c5-4119-a3e4-c821cdfe94f7,SEND,ACK,986,36,""
3391.527,receiver,19d2c58a-67c5-4119-a3e4-c821cdfe94f7,EMIT,ACK,981,36,""
3391.558,receiver,19d2c58a-67c5-4119-a3e4-c821cdfe94f7,EMIT,ACK,971,36,""
3391.572,receiver,19d2c58a-67c5-4119-a3e4-c821cdfe94f7,RECEIVE,DATA,983,1060,""
3391.585,receiver,19d2c58a-67c5-4119-a3e4-c821cdfe94f7,EMIT,ACK,965,36,""
3391.591,receiver,19d2c58a-67c5-4119-a3e4-c821cdfe94f7,ACCEPT_DATA,DATA,983,1024,"unique file bytes received"
3391.602,receiver,19d2c58a-67c5-4119-a3e4-c821cdfe94f7,EMIT,ACK,977,36,""
3391.607,receiver,19d2c58a-67c5-4119-a3e4-c821cdfe94f7,SEND,ACK,983,36,""
3391.616,receiver,19d2c58a-67c5-4119-a3e4-c821cdfe94f7,EMIT,ACK,972,36,""
3391.629,receiver,19d2c58a-67c5-4119-a3e4-c821cdfe94f7,EMIT,ACK,974,36,""
3391.634,receiver,19d2c58a-67c5-4119-a3e4-c821cdfe94f7,RECEIVE,DATA,988,1060,""
3391.639,receiver,19d2c58a-67c5-4119-a3e4-c821cdfe94f7,OUT_OF_ORDER,DATA,988,0,"arrived before missing sequence=984"
3391.644,receiver,19d2c58a-67c5-4119-a3e4-c821cdfe94f7,EMIT,ACK,978,36,""
3391.648,receiver,19d2c58a-67c5-4119-a3e4-c821cdfe94f7,ACCEPT_DATA,DATA,988,1024,"unique file bytes received"
3391.653,receiver,19d2c58a-67c5-4119-a3e4-c821cdfe94f7,SEND,ACK,988,36,""
3391.668,receiver,19d2c58a-67c5-4119-a3e4-c821cdfe94f7,RECEIVE,DATA,985,1060,""
3391.673,receiver,19d2c58a-67c5-4119-a3e4-c821cdfe94f7,OUT_OF_ORDER,DATA,985,0,"arrived before missing sequence=984"
3391.678,receiver,19d2c58a-67c5-4119-a3e4-c821cdfe94f7,ACCEPT_DATA,DATA,985,1024,"unique file bytes received"
3391.682,receiver,19d2c58a-67c5-4119-a3e4-c821cdfe94f7,SEND,ACK,985,36,""
3391.690,receiver,19d2c58a-67c5-4119-a3e4-c821cdfe94f7,RECEIVE,DATA,990,1060,""
3391.695,receiver,19d2c58a-67c5-4119-a3e4-c821cdfe94f7,OUT_OF_ORDER,DATA,990,0,"arrived before missing sequence=984"
3391.699,receiver,19d2c58a-67c5-4119-a3e4-c821cdfe94f7,ACCEPT_DATA,DATA,990,1024,"unique file bytes received"
3391.703,receiver,19d2c58a-67c5-4119-a3e4-c821cdfe94f7,SEND,ACK,990,36,""
3391.710,receiver,19d2c58a-67c5-4119-a3e4-c821cdfe94f7,RECEIVE,DATA,984,1060,""
3391.715,receiver,19d2c58a-67c5-4119-a3e4-c821cdfe94f7,ACCEPT_DATA,DATA,984,1024,"unique file bytes received"
3391.719,receiver,19d2c58a-67c5-4119-a3e4-c821cdfe94f7,SEND,ACK,984,36,""
3391.727,receiver,19d2c58a-67c5-4119-a3e4-c821cdfe94f7,RECEIVE,DATA,987,1060,""
3391.731,receiver,19d2c58a-67c5-4119-a3e4-c821cdfe94f7,ACCEPT_DATA,DATA,987,1024,"unique file bytes received"
3391.735,receiver,19d2c58a-67c5-4119-a3e4-c821cdfe94f7,SEND,ACK,987,36,""
3407.491,receiver,19d2c58a-67c5-4119-a3e4-c821cdfe94f7,EMIT,ACK,979,36,""
3407.517,receiver,19d2c58a-67c5-4119-a3e4-c821cdfe94f7,EMIT,ACK,982,36,""
3407.744,receiver,19d2c58a-67c5-4119-a3e4-c821cdfe94f7,RECEIVE,DATA,989,1060,""
3407.756,receiver,19d2c58a-67c5-4119-a3e4-c821cdfe94f7,ACCEPT_DATA,DATA,989,1024,"unique file bytes received"
3407.759,receiver,19d2c58a-67c5-4119-a3e4-c821cdfe94f7,SEND,ACK,989,36,""
3407.774,receiver,19d2c58a-67c5-4119-a3e4-c821cdfe94f7,RECEIVE,DATA,992,1060,""
3407.778,receiver,19d2c58a-67c5-4119-a3e4-c821cdfe94f7,OUT_OF_ORDER,DATA,992,0,"arrived before missing sequence=991"
3407.780,receiver,19d2c58a-67c5-4119-a3e4-c821cdfe94f7,ACCEPT_DATA,DATA,992,1024,"unique file bytes received"
3407.783,receiver,19d2c58a-67c5-4119-a3e4-c821cdfe94f7,SEND,ACK,992,36,""
3407.788,receiver,19d2c58a-67c5-4119-a3e4-c821cdfe94f7,RECEIVE,DATA,991,1060,""
3407.791,receiver,19d2c58a-67c5-4119-a3e4-c821cdfe94f7,ACCEPT_DATA,DATA,991,1024,"unique file bytes received"
3407.794,receiver,19d2c58a-67c5-4119-a3e4-c821cdfe94f7,SEND,ACK,991,36,""
3407.803,receiver,19d2c58a-67c5-4119-a3e4-c821cdfe94f7,RECEIVE,DATA,996,1060,""
3407.806,receiver,19d2c58a-67c5-4119-a3e4-c821cdfe94f7,OUT_OF_ORDER,DATA,996,0,"arrived before missing sequence=993"
3407.808,receiver,19d2c58a-67c5-4119-a3e4-c821cdfe94f7,ACCEPT_DATA,DATA,996,1024,"unique file bytes received"
3407.811,receiver,19d2c58a-67c5-4119-a3e4-c821cdfe94f7,SEND,ACK,996,36,""
3423.126,receiver,19d2c58a-67c5-4119-a3e4-c821cdfe94f7,EMIT,ACK,986,36,""
3423.149,receiver,19d2c58a-67c5-4119-a3e4-c821cdfe94f7,EMIT,ACK,980,36,""
3423.156,receiver,19d2c58a-67c5-4119-a3e4-c821cdfe94f7,EMIT,ACK,990,36,""
3423.306,receiver,19d2c58a-67c5-4119-a3e4-c821cdfe94f7,RECEIVE,DATA,998,1060,""
3423.506,receiver,19d2c58a-67c5-4119-a3e4-c821cdfe94f7,OUT_OF_ORDER,DATA,998,0,"arrived before missing sequence=993"
3423.520,receiver,19d2c58a-67c5-4119-a3e4-c821cdfe94f7,ACCEPT_DATA,DATA,998,1024,"unique file bytes received"
3423.527,receiver,19d2c58a-67c5-4119-a3e4-c821cdfe94f7,SEND,ACK,998,36,""
3423.562,receiver,19d2c58a-67c5-4119-a3e4-c821cdfe94f7,RECEIVE,DATA,1000,1060,""
3423.569,receiver,19d2c58a-67c5-4119-a3e4-c821cdfe94f7,OUT_OF_ORDER,DATA,1000,0,"arrived before missing sequence=993"
3423.576,receiver,19d2c58a-67c5-4119-a3e4-c821cdfe94f7,ACCEPT_DATA,DATA,1000,1024,"unique file bytes received"
3423.582,receiver,19d2c58a-67c5-4119-a3e4-c821cdfe94f7,SEND,ACK,1000,36,""
3423.595,receiver,19d2c58a-67c5-4119-a3e4-c821cdfe94f7,RECEIVE,DATA,1002,1060,""
3423.602,receiver,19d2c58a-67c5-4119-a3e4-c821cdfe94f7,OUT_OF_ORDER,DATA,1002,0,"arrived before missing sequence=993"
3423.608,receiver,19d2c58a-67c5-4119-a3e4-c821cdfe94f7,ACCEPT_DATA,DATA,1002,1024,"unique file bytes received"
3423.614,receiver,19d2c58a-67c5-4119-a3e4-c821cdfe94f7,SEND,ACK,1002,36,""
3423.633,receiver,19d2c58a-67c5-4119-a3e4-c821cdfe94f7,RECEIVE,DATA,994,1060,""
3423.640,receiver,19d2c58a-67c5-4119-a3e4-c821cdfe94f7,OUT_OF_ORDER,DATA,994,0,"arrived before missing sequence=993"
3423.646,receiver,19d2c58a-67c5-4119-a3e4-c821cdfe94f7,ACCEPT_DATA,DATA,994,1024,"unique file bytes received"
3423.652,receiver,19d2c58a-67c5-4119-a3e4-c821cdfe94f7,SEND,ACK,994,36,""
3423.665,receiver,19d2c58a-67c5-4119-a3e4-c821cdfe94f7,RECEIVE,DATA,1006,1060,""
3423.672,receiver,19d2c58a-67c5-4119-a3e4-c821cdfe94f7,OUT_OF_ORDER,DATA,1006,0,"arrived before missing sequence=993"
3423.678,receiver,19d2c58a-67c5-4119-a3e4-c821cdfe94f7,ACCEPT_DATA,DATA,1006,1024,"unique file bytes received"
3423.684,receiver,19d2c58a-67c5-4119-a3e4-c821cdfe94f7,SEND,ACK,1006,36,""
3423.703,receiver,19d2c58a-67c5-4119-a3e4-c821cdfe94f7,RECEIVE,DATA,993,1060,""
3423.710,receiver,19d2c58a-67c5-4119-a3e4-c821cdfe94f7,ACCEPT_DATA,DATA,993,1024,"unique file bytes received"
3423.717,receiver,19d2c58a-67c5-4119-a3e4-c821cdfe94f7,SEND,ACK,993,36,""
3438.233,receiver,19d2c58a-67c5-4119-a3e4-c821cdfe94f7,EMIT,ACK,983,36,""
3438.256,receiver,19d2c58a-67c5-4119-a3e4-c821cdfe94f7,RECEIVE,DATA,995,1060,""
3438.264,receiver,19d2c58a-67c5-4119-a3e4-c821cdfe94f7,EMIT,ACK,987,36,""
3438.268,receiver,19d2c58a-67c5-4119-a3e4-c821cdfe94f7,ACCEPT_DATA,DATA,995,1024,"unique file bytes received"
3438.271,receiver,19d2c58a-67c5-4119-a3e4-c821cdfe94f7,SEND,ACK,995,36,""
3438.274,receiver,19d2c58a-67c5-4119-a3e4-c821cdfe94f7,EMIT,ACK,988,36,""
3438.312,receiver,19d2c58a-67c5-4119-a3e4-c821cdfe94f7,EMIT,ACK,984,36,""
3438.314,receiver,19d2c58a-67c5-4119-a3e4-c821cdfe94f7,RECEIVE,DATA,1009,1060,""
3438.317,receiver,19d2c58a-67c5-4119-a3e4-c821cdfe94f7,OUT_OF_ORDER,DATA,1009,0,"arrived before missing sequence=997"
3438.320,receiver,19d2c58a-67c5-4119-a3e4-c821cdfe94f7,ACCEPT_DATA,DATA,1009,1024,"unique file bytes received"
3438.323,receiver,19d2c58a-67c5-4119-a3e4-c821cdfe94f7,EMIT,ACK,991,36,""
3438.326,receiver,19d2c58a-67c5-4119-a3e4-c821cdfe94f7,SEND,ACK,1009,36,""
3438.332,receiver,19d2c58a-67c5-4119-a3e4-c821cdfe94f7,RECEIVE,DATA,1007,1060,""
3438.335,receiver,19d2c58a-67c5-4119-a3e4-c821cdfe94f7,OUT_OF_ORDER,DATA,1007,0,"arrived before missing sequence=997"
3438.338,receiver,19d2c58a-67c5-4119-a3e4-c821cdfe94f7,ACCEPT_DATA,DATA,1007,1024,"unique file bytes received"
3438.340,receiver,19d2c58a-67c5-4119-a3e4-c821cdfe94f7,SEND,ACK,1007,36,""
3438.349,receiver,19d2c58a-67c5-4119-a3e4-c821cdfe94f7,RECEIVE,DATA,997,1060,""
3438.352,receiver,19d2c58a-67c5-4119-a3e4-c821cdfe94f7,ACCEPT_DATA,DATA,997,1024,"unique file bytes received"
3438.354,receiver,19d2c58a-67c5-4119-a3e4-c821cdfe94f7,SEND,ACK,997,36,""
3438.360,receiver,19d2c58a-67c5-4119-a3e4-c821cdfe94f7,RECEIVE,DATA,1004,1060,""
3438.363,receiver,19d2c58a-67c5-4119-a3e4-c821cdfe94f7,OUT_OF_ORDER,DATA,1004,0,"arrived before missing sequence=999"
3438.366,receiver,19d2c58a-67c5-4119-a3e4-c821cdfe94f7,ACCEPT_DATA,DATA,1004,1024,"unique file bytes received"
3438.368,receiver,19d2c58a-67c5-4119-a3e4-c821cdfe94f7,SEND,ACK,1004,36,""
3438.374,receiver,19d2c58a-67c5-4119-a3e4-c821cdfe94f7,RECEIVE,DATA,1005,1060,""
3438.377,receiver,19d2c58a-67c5-4119-a3e4-c821cdfe94f7,OUT_OF_ORDER,DATA,1005,0,"arrived before missing sequence=999"
3438.379,receiver,19d2c58a-67c5-4119-a3e4-c821cdfe94f7,ACCEPT_DATA,DATA,1005,1024,"unique file bytes received"
3438.382,receiver,19d2c58a-67c5-4119-a3e4-c821cdfe94f7,SEND,ACK,1005,36,""
3438.387,receiver,19d2c58a-67c5-4119-a3e4-c821cdfe94f7,RECEIVE,DATA,1010,1060,""
3438.390,receiver,19d2c58a-67c5-4119-a3e4-c821cdfe94f7,OUT_OF_ORDER,DATA,1010,0,"arrived before missing sequence=999"
3438.393,receiver,19d2c58a-67c5-4119-a3e4-c821cdfe94f7,ACCEPT_DATA,DATA,1010,1024,"unique file bytes received"
3438.395,receiver,19d2c58a-67c5-4119-a3e4-c821cdfe94f7,SEND,ACK,1010,36,""
3453.687,receiver,19d2c58a-67c5-4119-a3e4-c821cdfe94f7,EMIT,ACK,996,36,""
3453.718,receiver,19d2c58a-67c5-4119-a3e4-c821cdfe94f7,EMIT,ACK,985,36,""
3453.726,receiver,19d2c58a-67c5-4119-a3e4-c821cdfe94f7,EMIT,ACK,992,36,""
3453.734,receiver,19d2c58a-67c5-4119-a3e4-c821cdfe94f7,EMIT,ACK,1000,36,""
3453.742,receiver,19d2c58a-67c5-4119-a3e4-c821cdfe94f7,EMIT,ACK,989,36,""
3453.936,receiver,19d2c58a-67c5-4119-a3e4-c821cdfe94f7,RECEIVE,DATA,1003,1060,""
3453.969,receiver,19d2c58a-67c5-4119-a3e4-c821cdfe94f7,OUT_OF_ORDER,DATA,1003,0,"arrived before missing sequence=999"
3453.976,receiver,19d2c58a-67c5-4119-a3e4-c821cdfe94f7,ACCEPT_DATA,DATA,1003,1024,"unique file bytes received"
3453.982,receiver,19d2c58a-67c5-4119-a3e4-c821cdfe94f7,SEND,ACK,1003,36,""
3454.007,receiver,19d2c58a-67c5-4119-a3e4-c821cdfe94f7,RECEIVE,DATA,999,1060,""
3454.014,receiver,19d2c58a-67c5-4119-a3e4-c821cdfe94f7,ACCEPT_DATA,DATA,999,1024,"unique file bytes received"
3454.019,receiver,19d2c58a-67c5-4119-a3e4-c821cdfe94f7,SEND,ACK,999,36,""
3454.033,receiver,19d2c58a-67c5-4119-a3e4-c821cdfe94f7,RECEIVE,DATA,1008,1060,""
3454.039,receiver,19d2c58a-67c5-4119-a3e4-c821cdfe94f7,OUT_OF_ORDER,DATA,1008,0,"arrived before missing sequence=1001"
3454.044,receiver,19d2c58a-67c5-4119-a3e4-c821cdfe94f7,ACCEPT_DATA,DATA,1008,1024,"unique file bytes received"
3454.049,receiver,19d2c58a-67c5-4119-a3e4-c821cdfe94f7,SEND,ACK,1008,36,""
3454.062,receiver,19d2c58a-67c5-4119-a3e4-c821cdfe94f7,RECEIVE,DATA,1001,1060,""
3454.068,receiver,19d2c58a-67c5-4119-a3e4-c821cdfe94f7,ACCEPT_DATA,DATA,1001,1024,"unique file bytes received"
3454.073,receiver,19d2c58a-67c5-4119-a3e4-c821cdfe94f7,SEND,ACK,1001,36,""
3468.634,receiver,19d2c58a-67c5-4119-a3e4-c821cdfe94f7,EMIT,ACK,1006,36,""
3468.691,receiver,19d2c58a-67c5-4119-a3e4-c821cdfe94f7,EMIT,ACK,998,36,""
3468.700,receiver,19d2c58a-67c5-4119-a3e4-c821cdfe94f7,EMIT,ACK,993,36,""
3468.733,receiver,19d2c58a-67c5-4119-a3e4-c821cdfe94f7,RECEIVE,DATA,1011,1060,""
3468.747,receiver,19d2c58a-67c5-4119-a3e4-c821cdfe94f7,ACCEPT_DATA,DATA,1011,1024,"unique file bytes received"
3468.751,receiver,19d2c58a-67c5-4119-a3e4-c821cdfe94f7,SEND,ACK,1011,36,""
3468.767,receiver,19d2c58a-67c5-4119-a3e4-c821cdfe94f7,RECEIVE,DATA,1013,1060,""
3468.771,receiver,19d2c58a-67c5-4119-a3e4-c821cdfe94f7,OUT_OF_ORDER,DATA,1013,0,"arrived before missing sequence=1012"
3468.774,receiver,19d2c58a-67c5-4119-a3e4-c821cdfe94f7,ACCEPT_DATA,DATA,1013,1024,"unique file bytes received"
3468.776,receiver,19d2c58a-67c5-4119-a3e4-c821cdfe94f7,SEND,ACK,1013,36,""
3468.782,receiver,19d2c58a-67c5-4119-a3e4-c821cdfe94f7,RECEIVE,DATA,1014,1060,""
3468.785,receiver,19d2c58a-67c5-4119-a3e4-c821cdfe94f7,OUT_OF_ORDER,DATA,1014,0,"arrived before missing sequence=1012"
3468.788,receiver,19d2c58a-67c5-4119-a3e4-c821cdfe94f7,ACCEPT_DATA,DATA,1014,1024,"unique file bytes received"
3468.790,receiver,19d2c58a-67c5-4119-a3e4-c821cdfe94f7,SEND,ACK,1014,36,""
3468.795,receiver,19d2c58a-67c5-4119-a3e4-c821cdfe94f7,RECEIVE,DATA,1012,1060,""
3468.798,receiver,19d2c58a-67c5-4119-a3e4-c821cdfe94f7,ACCEPT_DATA,DATA,1012,1024,"unique file bytes received"
3468.958,receiver,19d2c58a-67c5-4119-a3e4-c821cdfe94f7,SEND,ACK,1012,36,""
3484.567,receiver,19d2c58a-67c5-4119-a3e4-c821cdfe94f7,EMIT,ACK,994,36,""
3484.585,receiver,19d2c58a-67c5-4119-a3e4-c821cdfe94f7,EMIT,ACK,1007,36,""
3484.593,receiver,19d2c58a-67c5-4119-a3e4-c821cdfe94f7,EMIT,ACK,995,36,""
3484.599,receiver,19d2c58a-67c5-4119-a3e4-c821cdfe94f7,EMIT,ACK,1010,36,""
3484.606,receiver,19d2c58a-67c5-4119-a3e4-c821cdfe94f7,EMIT,ACK,1002,36,""
3484.613,receiver,19d2c58a-67c5-4119-a3e4-c821cdfe94f7,EMIT,ACK,997,36,""
3484.621,receiver,19d2c58a-67c5-4119-a3e4-c821cdfe94f7,EMIT,ACK,1009,36,""
3484.628,receiver,19d2c58a-67c5-4119-a3e4-c821cdfe94f7,EMIT,ACK,1005,36,""
3484.662,receiver,19d2c58a-67c5-4119-a3e4-c821cdfe94f7,EMIT,ACK,1008,36,""
3484.669,receiver,19d2c58a-67c5-4119-a3e4-c821cdfe94f7,EMIT,ACK,1004,36,""
3484.826,receiver,19d2c58a-67c5-4119-a3e4-c821cdfe94f7,RECEIVE,DATA,1015,1060,""
3484.836,receiver,19d2c58a-67c5-4119-a3e4-c821cdfe94f7,ACCEPT_DATA,DATA,1015,1024,"unique file bytes received"
3484.840,receiver,19d2c58a-67c5-4119-a3e4-c821cdfe94f7,SEND,ACK,1015,36,""
3499.590,receiver,19d2c58a-67c5-4119-a3e4-c821cdfe94f7,EMIT,ACK,1003,36,""
3499.617,receiver,19d2c58a-67c5-4119-a3e4-c821cdfe94f7,EMIT,ACK,1012,36,""
3499.625,receiver,19d2c58a-67c5-4119-a3e4-c821cdfe94f7,EMIT,ACK,1001,36,""
3499.643,receiver,19d2c58a-67c5-4119-a3e4-c821cdfe94f7,RECEIVE,DATA,1020,1060,""
3499.649,receiver,19d2c58a-67c5-4119-a3e4-c821cdfe94f7,OUT_OF_ORDER,DATA,1020,0,"arrived before missing sequence=1016"
3499.652,receiver,19d2c58a-67c5-4119-a3e4-c821cdfe94f7,ACCEPT_DATA,DATA,1020,1024,"unique file bytes received"
3499.654,receiver,19d2c58a-67c5-4119-a3e4-c821cdfe94f7,SEND,ACK,1020,36,""
3499.743,receiver,19d2c58a-67c5-4119-a3e4-c821cdfe94f7,RECEIVE,DATA,1016,1060,""
3499.748,receiver,19d2c58a-67c5-4119-a3e4-c821cdfe94f7,ACCEPT_DATA,DATA,1016,1024,"unique file bytes received"
3499.751,receiver,19d2c58a-67c5-4119-a3e4-c821cdfe94f7,SEND,ACK,1016,36,""
3499.776,receiver,19d2c58a-67c5-4119-a3e4-c821cdfe94f7,RECEIVE,DATA,1017,1060,""
3499.779,receiver,19d2c58a-67c5-4119-a3e4-c821cdfe94f7,ACCEPT_DATA,DATA,1017,1024,"unique file bytes received"
3499.781,receiver,19d2c58a-67c5-4119-a3e4-c821cdfe94f7,SEND,ACK,1017,36,""
3499.796,receiver,19d2c58a-67c5-4119-a3e4-c821cdfe94f7,RECEIVE,DATA,1019,1060,""
3499.799,receiver,19d2c58a-67c5-4119-a3e4-c821cdfe94f7,OUT_OF_ORDER,DATA,1019,0,"arrived before missing sequence=1018"
3499.801,receiver,19d2c58a-67c5-4119-a3e4-c821cdfe94f7,ACCEPT_DATA,DATA,1019,1024,"unique file bytes received"
3499.804,receiver,19d2c58a-67c5-4119-a3e4-c821cdfe94f7,SEND,ACK,1019,36,""
3499.818,receiver,19d2c58a-67c5-4119-a3e4-c821cdfe94f7,RECEIVE,DATA,1023,1060,""
3499.821,receiver,19d2c58a-67c5-4119-a3e4-c821cdfe94f7,OUT_OF_ORDER,DATA,1023,0,"arrived before missing sequence=1018"
3499.823,receiver,19d2c58a-67c5-4119-a3e4-c821cdfe94f7,ACCEPT_DATA,DATA,1023,1024,"unique file bytes received"
3499.825,receiver,19d2c58a-67c5-4119-a3e4-c821cdfe94f7,SEND,ACK,1023,36,""
3499.840,receiver,19d2c58a-67c5-4119-a3e4-c821cdfe94f7,RECEIVE,DATA,1018,1060,""
3499.842,receiver,19d2c58a-67c5-4119-a3e4-c821cdfe94f7,ACCEPT_DATA,DATA,1018,1024,"unique file bytes received"
3499.845,receiver,19d2c58a-67c5-4119-a3e4-c821cdfe94f7,SEND,ACK,1018,36,""
3499.858,receiver,19d2c58a-67c5-4119-a3e4-c821cdfe94f7,RECEIVE,DATA,1021,1060,""
3499.861,receiver,19d2c58a-67c5-4119-a3e4-c821cdfe94f7,ACCEPT_DATA,DATA,1021,1024,"unique file bytes received"
3499.863,receiver,19d2c58a-67c5-4119-a3e4-c821cdfe94f7,SEND,ACK,1021,36,""
3515.621,receiver,19d2c58a-67c5-4119-a3e4-c821cdfe94f7,EMIT,ACK,999,36,""
3515.667,receiver,19d2c58a-67c5-4119-a3e4-c821cdfe94f7,EMIT,ACK,1011,36,""
3515.691,receiver,19d2c58a-67c5-4119-a3e4-c821cdfe94f7,EMIT,ACK,1014,36,""
3515.975,receiver,19d2c58a-67c5-4119-a3e4-c821cdfe94f7,RECEIVE,DATA,1022,1060,""
3515.991,receiver,19d2c58a-67c5-4119-a3e4-c821cdfe94f7,ACCEPT_DATA,DATA,1022,1024,"unique file bytes received"
3515.996,receiver,19d2c58a-67c5-4119-a3e4-c821cdfe94f7,SEND,ACK,1022,36,""
3531.664,receiver,19d2c58a-67c5-4119-a3e4-c821cdfe94f7,EMIT,ACK,1013,36,""
3531.705,receiver,19d2c58a-67c5-4119-a3e4-c821cdfe94f7,EMIT,ACK,1021,36,""
3531.714,receiver,19d2c58a-67c5-4119-a3e4-c821cdfe94f7,EMIT,ACK,1015,36,""
3547.761,receiver,19d2c58a-67c5-4119-a3e4-c821cdfe94f7,EMIT,ACK,1023,36,""
3547.791,receiver,19d2c58a-67c5-4119-a3e4-c821cdfe94f7,EMIT,ACK,1020,36,""
3547.799,receiver,19d2c58a-67c5-4119-a3e4-c821cdfe94f7,EMIT,ACK,1017,36,""
3547.807,receiver,19d2c58a-67c5-4119-a3e4-c821cdfe94f7,EMIT,ACK,1016,36,""
3547.814,receiver,19d2c58a-67c5-4119-a3e4-c821cdfe94f7,EMIT,ACK,1019,36,""
3547.821,receiver,19d2c58a-67c5-4119-a3e4-c821cdfe94f7,EMIT,ACK,1022,36,""
3547.839,receiver,19d2c58a-67c5-4119-a3e4-c821cdfe94f7,EMIT,ACK,1018,36,""
3595.666,receiver,19d2c58a-67c5-4119-a3e4-c821cdfe94f7,RECEIVE,FIN,-1,68,""
3601.836,receiver,,STATE,UNKNOWN,-1,0,"VERIFIED"
3601.845,receiver,19d2c58a-67c5-4119-a3e4-c821cdfe94f7,FILE_VERIFIED,FIN,-1,1048576,"SHA-256=ffec217fb7dfda249f567414fae7a5fdc8b9984c2cadcaf76a6a69154e18c1d2"
3602.443,receiver,19d2c58a-67c5-4119-a3e4-c821cdfe94f7,SEND,DONE,-1,68,""
3642.869,receiver,19d2c58a-67c5-4119-a3e4-c821cdfe94f7,EMIT,DONE,-1,68,""
