elapsed_ms,role,transfer_id,event,type,sequence,bytes,detail
68.717,receiver,af416b39-8b0b-4383-b8fd-ab44d75320e5,RECEIVE,START,-1,103,""
69.237,receiver,af416b39-8b0b-4383-b8fd-ab44d75320e5,START_ACCEPTED,START,-1,0,"negotiated chunk=1024"
69.249,receiver,af416b39-8b0b-4383-b8fd-ab44d75320e5,SEND,READY,-1,40,""
113.930,receiver,af416b39-8b0b-4383-b8fd-ab44d75320e5,EMIT,READY,-1,40,""
145.487,receiver,af416b39-8b0b-4383-b8fd-ab44d75320e5,RECEIVE,DATA,7,1060,""
145.506,receiver,af416b39-8b0b-4383-b8fd-ab44d75320e5,OUT_OF_ORDER,DATA,7,0,"arrived before missing sequence=0"
145.510,receiver,af416b39-8b0b-4383-b8fd-ab44d75320e5,ACCEPT_DATA,DATA,7,1024,"unique file bytes received"
145.513,receiver,af416b39-8b0b-4383-b8fd-ab44d75320e5,SEND,ACK,7,36,""
145.549,receiver,af416b39-8b0b-4383-b8fd-ab44d75320e5,RECEIVE,DATA,8,1060,""
145.552,receiver,af416b39-8b0b-4383-b8fd-ab44d75320e5,OUT_OF_ORDER,DATA,8,0,"arrived before missing sequence=0"
145.555,receiver,af416b39-8b0b-4383-b8fd-ab44d75320e5,ACCEPT_DATA,DATA,8,1024,"unique file bytes received"
145.558,receiver,af416b39-8b0b-4383-b8fd-ab44d75320e5,SEND,ACK,8,36,""
145.569,receiver,af416b39-8b0b-4383-b8fd-ab44d75320e5,RECEIVE,DATA,30,1060,""
145.573,receiver,af416b39-8b0b-4383-b8fd-ab44d75320e5,OUT_OF_ORDER,DATA,30,0,"arrived before missing sequence=0"
145.576,receiver,af416b39-8b0b-4383-b8fd-ab44d75320e5,ACCEPT_DATA,DATA,30,1024,"unique file bytes received"
145.578,receiver,af416b39-8b0b-4383-b8fd-ab44d75320e5,SEND,ACK,30,36,""
145.584,receiver,af416b39-8b0b-4383-b8fd-ab44d75320e5,RECEIVE,DATA,19,1060,""
145.587,receiver,af416b39-8b0b-4383-b8fd-ab44d75320e5,OUT_OF_ORDER,DATA,19,0,"arrived before missing sequence=0"
145.590,receiver,af416b39-8b0b-4383-b8fd-ab44d75320e5,ACCEPT_DATA,DATA,19,1024,"unique file bytes received"
145.592,receiver,af416b39-8b0b-4383-b8fd-ab44d75320e5,SEND,ACK,19,36,""
145.598,receiver,af416b39-8b0b-4383-b8fd-ab44d75320e5,RECEIVE,DATA,4,1060,""
145.601,receiver,af416b39-8b0b-4383-b8fd-ab44d75320e5,OUT_OF_ORDER,DATA,4,0,"arrived before missing sequence=0"
145.603,receiver,af416b39-8b0b-4383-b8fd-ab44d75320e5,ACCEPT_DATA,DATA,4,1024,"unique file bytes received"
145.606,receiver,af416b39-8b0b-4383-b8fd-ab44d75320e5,SEND,ACK,4,36,""
145.611,receiver,af416b39-8b0b-4383-b8fd-ab44d75320e5,RECEIVE,DATA,9,1060,""
145.614,receiver,af416b39-8b0b-4383-b8fd-ab44d75320e5,OUT_OF_ORDER,DATA,9,0,"arrived before missing sequence=0"
145.617,receiver,af416b39-8b0b-4383-b8fd-ab44d75320e5,ACCEPT_DATA,DATA,9,1024,"unique file bytes received"
145.619,receiver,af416b39-8b0b-4383-b8fd-ab44d75320e5,SEND,ACK,9,36,""
145.625,receiver,af416b39-8b0b-4383-b8fd-ab44d75320e5,RECEIVE,DATA,28,1060,""
145.628,receiver,af416b39-8b0b-4383-b8fd-ab44d75320e5,OUT_OF_ORDER,DATA,28,0,"arrived before missing sequence=0"
145.630,receiver,af416b39-8b0b-4383-b8fd-ab44d75320e5,ACCEPT_DATA,DATA,28,1024,"unique file bytes received"
145.633,receiver,af416b39-8b0b-4383-b8fd-ab44d75320e5,SEND,ACK,28,36,""
145.638,receiver,af416b39-8b0b-4383-b8fd-ab44d75320e5,RECEIVE,DATA,5,1060,""
145.641,receiver,af416b39-8b0b-4383-b8fd-ab44d75320e5,OUT_OF_ORDER,DATA,5,0,"arrived before missing sequence=0"
145.644,receiver,af416b39-8b0b-4383-b8fd-ab44d75320e5,ACCEPT_DATA,DATA,5,1024,"unique file bytes received"
145.646,receiver,af416b39-8b0b-4383-b8fd-ab44d75320e5,SEND,ACK,5,36,""
145.654,receiver,af416b39-8b0b-4383-b8fd-ab44d75320e5,RECEIVE,DATA,16,1060,""
145.656,receiver,af416b39-8b0b-4383-b8fd-ab44d75320e5,OUT_OF_ORDER,DATA,16,0,"arrived before missing sequence=0"
145.659,receiver,af416b39-8b0b-4383-b8fd-ab44d75320e5,ACCEPT_DATA,DATA,16,1024,"unique file bytes received"
145.661,receiver,af416b39-8b0b-4383-b8fd-ab44d75320e5,SEND,ACK,16,36,""
161.186,receiver,af416b39-8b0b-4383-b8fd-ab44d75320e5,RECEIVE,DATA,10,1060,""
161.203,receiver,af416b39-8b0b-4383-b8fd-ab44d75320e5,OUT_OF_ORDER,DATA,10,0,"arrived before missing sequence=0"
161.207,receiver,af416b39-8b0b-4383-b8fd-ab44d75320e5,ACCEPT_DATA,DATA,10,1024,"unique file bytes received"
161.210,receiver,af416b39-8b0b-4383-b8fd-ab44d75320e5,SEND,ACK,10,36,""
161.226,receiver,af416b39-8b0b-4383-b8fd-ab44d75320e5,RECEIVE,DATA,26,1060,""
161.229,receiver,af416b39-8b0b-4383-b8fd-ab44d75320e5,OUT_OF_ORDER,DATA,26,0,"arrived before missing sequence=0"
161.232,receiver,af416b39-8b0b-4383-b8fd-ab44d75320e5,ACCEPT_DATA,DATA,26,1024,"unique file bytes received"
161.234,receiver,af416b39-8b0b-4383-b8fd-ab44d75320e5,SEND,ACK,26,36,""
161.241,receiver,af416b39-8b0b-4383-b8fd-ab44d75320e5,RECEIVE,DATA,15,1060,""
161.244,receiver,af416b39-8b0b-4383-b8fd-ab44d75320e5,OUT_OF_ORDER,DATA,15,0,"arrived before missing sequence=0"
161.246,receiver,af416b39-8b0b-4383-b8fd-ab44d75320e5,ACCEPT_DATA,DATA,15,1024,"unique file bytes received"
161.249,receiver,af416b39-8b0b-4383-b8fd-ab44d75320e5,SEND,ACK,15,36,""
161.260,receiver,af416b39-8b0b-4383-b8fd-ab44d75320e5,RECEIVE,DATA,13,1060,""
161.263,receiver,af416b39-8b0b-4383-b8fd-ab44d75320e5,OUT_OF_ORDER,DATA,13,0,"arrived before missing sequence=0"
161.265,receiver,af416b39-8b0b-4383-b8fd-ab44d75320e5,ACCEPT_DATA,DATA,13,1024,"unique file bytes received"
161.268,receiver,af416b39-8b0b-4383-b8fd-ab44d75320e5,SEND,ACK,13,36,""
161.274,receiver,af416b39-8b0b-4383-b8fd-ab44d75320e5,RECEIVE,DATA,14,1060,""
161.276,receiver,af416b39-8b0b-4383-b8fd-ab44d75320e5,OUT_OF_ORDER,DATA,14,0,"arrived before missing sequence=0"
161.279,receiver,af416b39-8b0b-4383-b8fd-ab44d75320e5,ACCEPT_DATA,DATA,14,1024,"unique file bytes received"
161.281,receiver,af416b39-8b0b-4383-b8fd-ab44d75320e5,SEND,ACK,14,36,""
161.287,receiver,af416b39-8b0b-4383-b8fd-ab44d75320e5,RECEIVE,DATA,22,1060,""
161.290,receiver,af416b39-8b0b-4383-b8fd-ab44d75320e5,OUT_OF_ORDER,DATA,22,0,"arrived before missing sequence=0"
161.292,receiver,af416b39-8b0b-4383-b8fd-ab44d75320e5,ACCEPT_DATA,DATA,22,1024,"unique file bytes received"
161.295,receiver,af416b39-8b0b-4383-b8fd-ab44d75320e5,SEND,ACK,22,36,""
161.300,receiver,af416b39-8b0b-4383-b8fd-ab44d75320e5,RECEIVE,DATA,11,1060,""
161.303,receiver,af416b39-8b0b-4383-b8fd-ab44d75320e5,OUT_OF_ORDER,DATA,11,0,"arrived before missing sequence=0"
161.305,receiver,af416b39-8b0b-4383-b8fd-ab44d75320e5,ACCEPT_DATA,DATA,11,1024,"unique file bytes received"
161.308,receiver,af416b39-8b0b-4383-b8fd-ab44d75320e5,SEND,ACK,11,36,""
161.313,receiver,af416b39-8b0b-4383-b8fd-ab44d75320e5,RECEIVE,DATA,0,1060,""
161.316,receiver,af416b39-8b0b-4383-b8fd-ab44d75320e5,ACCEPT_DATA,DATA,0,1024,"unique file bytes received"
161.319,receiver,af416b39-8b0b-4383-b8fd-ab44d75320e5,SEND,ACK,0,36,""
161.327,receiver,af416b39-8b0b-4383-b8fd-ab44d75320e5,RECEIVE,DATA,12,1060,""
161.330,receiver,af416b39-8b0b-4383-b8fd-ab44d75320e5,OUT_OF_ORDER,DATA,12,0,"arrived before missing sequence=1"
161.332,receiver,af416b39-8b0b-4383-b8fd-ab44d75320e5,ACCEPT_DATA,DATA,12,1024,"unique file bytes received"
161.335,receiver,af416b39-8b0b-4383-b8fd-ab44d75320e5,SEND,ACK,12,36,""
161.340,receiver,af416b39-8b0b-4383-b8fd-ab44d75320e5,RECEIVE,DATA,29,1060,""
161.343,receiver,af416b39-8b0b-4383-b8fd-ab44d75320e5,OUT_OF_ORDER,DATA,29,0,"arrived before missing sequence=1"
161.346,receiver,af416b39-8b0b-4383-b8fd-ab44d75320e5,ACCEPT_DATA,DATA,29,1024,"unique file bytes received"
161.348,receiver,af416b39-8b0b-4383-b8fd-ab44d75320e5,SEND,ACK,29,36,""
161.353,receiver,af416b39-8b0b-4383-b8fd-ab44d75320e5,RECEIVE,DATA,27,1060,""
161.356,receiver,af416b39-8b0b-4383-b8fd-ab44d75320e5,OUT_OF_ORDER,DATA,27,0,"arrived before missing sequence=1"
161.359,receiver,af416b39-8b0b-4383-b8fd-ab44d75320e5,ACCEPT_DATA,DATA,27,1024,"unique file bytes received"
161.361,receiver,af416b39-8b0b-4383-b8fd-ab44d75320e5,SEND,ACK,27,36,""
161.367,receiver,af416b39-8b0b-4383-b8fd-ab44d75320e5,RECEIVE,DATA,20,1060,""
161.369,receiver,af416b39-8b0b-4383-b8fd-ab44d75320e5,OUT_OF_ORDER,DATA,20,0,"arrived before missing sequence=1"
161.372,receiver,af416b39-8b0b-4383-b8fd-ab44d75320e5,ACCEPT_DATA,DATA,20,1024,"unique file bytes received"
161.375,receiver,af416b39-8b0b-4383-b8fd-ab44d75320e5,SEND,ACK,20,36,""
161.380,receiver,af416b39-8b0b-4383-b8fd-ab44d75320e5,RECEIVE,DATA,23,1060,""
161.388,receiver,af416b39-8b0b-4383-b8fd-ab44d75320e5,OUT_OF_ORDER,DATA,23,0,"arrived before missing sequence=1"
161.390,receiver,af416b39-8b0b-4383-b8fd-ab44d75320e5,ACCEPT_DATA,DATA,23,1024,"unique file bytes received"
161.393,receiver,af416b39-8b0b-4383-b8fd-ab44d75320e5,SEND,ACK,23,36,""
161.399,receiver,af416b39-8b0b-4383-b8fd-ab44d75320e5,RECEIVE,DATA,24,1060,""
161.402,receiver,af416b39-8b0b-4383-b8fd-ab44d75320e5,OUT_OF_ORDER,DATA,24,0,"arrived before missing sequence=1"
161.404,receiver,af416b39-8b0b-4383-b8fd-ab44d75320e5,ACCEPT_DATA,DATA,24,1024,"unique file bytes received"
161.407,receiver,af416b39-8b0b-4383-b8fd-ab44d75320e5,SEND,ACK,24,36,""
161.412,receiver,af416b39-8b0b-4383-b8fd-ab44d75320e5,RECEIVE,DATA,2,1060,""
161.415,receiver,af416b39-8b0b-4383-b8fd-ab44d75320e5,OUT_OF_ORDER,DATA,2,0,"arrived before missing sequence=1"
161.418,receiver,af416b39-8b0b-4383-b8fd-ab44d75320e5,ACCEPT_DATA,DATA,2,1024,"unique file bytes received"
161.420,receiver,af416b39-8b0b-4383-b8fd-ab44d75320e5,SEND,ACK,2,36,""
161.429,receiver,af416b39-8b0b-4383-b8fd-ab44d75320e5,RECEIVE,DATA,31,1060,""
161.432,receiver,af416b39-8b0b-4383-b8fd-ab44d75320e5,OUT_OF_ORDER,DATA,31,0,"arrived before missing sequence=1"
161.435,receiver,af416b39-8b0b-4383-b8fd-ab44d75320e5,ACCEPT_DATA,DATA,31,1024,"unique file bytes received"
161.437,receiver,af416b39-8b0b-4383-b8fd-ab44d75320e5,SEND,ACK,31,36,""
161.443,receiver,af416b39-8b0b-4383-b8fd-ab44d75320e5,RECEIVE,DATA,17,1060,""
161.446,receiver,af416b39-8b0b-4383-b8fd-ab44d75320e5,OUT_OF_ORDER,DATA,17,0,"arrived before missing sequence=1"
161.448,receiver,af416b39-8b0b-4383-b8fd-ab44d75320e5,ACCEPT_DATA,DATA,17,1024,"unique file bytes received"
161.451,receiver,af416b39-8b0b-4383-b8fd-ab44d75320e5,SEND,ACK,17,36,""
161.459,receiver,af416b39-8b0b-4383-b8fd-ab44d75320e5,RECEIVE,DATA,3,1060,""
161.462,receiver,af416b39-8b0b-4383-b8fd-ab44d75320e5,OUT_OF_ORDER,DATA,3,0,"arrived before missing sequence=1"
161.465,receiver,af416b39-8b0b-4383-b8fd-ab44d75320e5,ACCEPT_DATA,DATA,3,1024,"unique file bytes received"
161.467,receiver,af416b39-8b0b-4383-b8fd-ab44d75320e5,SEND,ACK,3,36,""
161.472,receiver,af416b39-8b0b-4383-b8fd-ab44d75320e5,RECEIVE,DATA,21,1060,""
161.475,receiver,af416b39-8b0b-4383-b8fd-ab44d75320e5,OUT_OF_ORDER,DATA,21,0,"arrived before missing sequence=1"
161.478,receiver,af416b39-8b0b-4383-b8fd-ab44d75320e5,ACCEPT_DATA,DATA,21,1024,"unique file bytes received"
161.480,receiver,af416b39-8b0b-4383-b8fd-ab44d75320e5,SEND,ACK,21,36,""
161.485,receiver,af416b39-8b0b-4383-b8fd-ab44d75320e5,RECEIVE,DATA,6,1060,""
161.488,receiver,af416b39-8b0b-4383-b8fd-ab44d75320e5,OUT_OF_ORDER,DATA,6,0,"arrived before missing sequence=1"
161.490,receiver,af416b39-8b0b-4383-b8fd-ab44d75320e5,ACCEPT_DATA,DATA,6,1024,"unique file bytes received"
161.493,receiver,af416b39-8b0b-4383-b8fd-ab44d75320e5,SEND,ACK,6,36,""
161.498,receiver,af416b39-8b0b-4383-b8fd-ab44d75320e5,RECEIVE,DATA,25,1060,""
161.501,receiver,af416b39-8b0b-4383-b8fd-ab44d75320e5,OUT_OF_ORDER,DATA,25,0,"arrived before missing sequence=1"
161.504,receiver,af416b39-8b0b-4383-b8fd-ab44d75320e5,ACCEPT_DATA,DATA,25,1024,"unique file bytes received"
161.506,receiver,af416b39-8b0b-4383-b8fd-ab44d75320e5,SEND,ACK,25,36,""
161.511,receiver,af416b39-8b0b-4383-b8fd-ab44d75320e5,RECEIVE,DATA,18,1060,""
161.514,receiver,af416b39-8b0b-4383-b8fd-ab44d75320e5,OUT_OF_ORDER,DATA,18,0,"arrived before missing sequence=1"
161.516,receiver,af416b39-8b0b-4383-b8fd-ab44d75320e5,ACCEPT_DATA,DATA,18,1024,"unique file bytes received"
161.519,receiver,af416b39-8b0b-4383-b8fd-ab44d75320e5,SEND,ACK,18,36,""
176.405,receiver,af416b39-8b0b-4383-b8fd-ab44d75320e5,RECEIVE,DATA,1,1060,""
176.438,receiver,af416b39-8b0b-4383-b8fd-ab44d75320e5,ACCEPT_DATA,DATA,1,1024,"unique file bytes received"
176.448,receiver,af416b39-8b0b-4383-b8fd-ab44d75320e5,SEND,ACK,1,36,""
192.290,receiver,af416b39-8b0b-4383-b8fd-ab44d75320e5,EMIT,ACK,28,36,""
192.323,receiver,af416b39-8b0b-4383-b8fd-ab44d75320e5,EMIT,ACK,8,36,""
192.333,receiver,af416b39-8b0b-4383-b8fd-ab44d75320e5,EMIT,ACK,9,36,""
192.343,receiver,af416b39-8b0b-4383-b8fd-ab44d75320e5,EMIT,ACK,5,36,""
192.352,receiver,af416b39-8b0b-4383-b8fd-ab44d75320e5,EMIT,ACK,30,36,""
192.360,receiver,af416b39-8b0b-4383-b8fd-ab44d75320e5,EMIT,ACK,16,36,""
192.368,receiver,af416b39-8b0b-4383-b8fd-ab44d75320e5,EMIT,ACK,26,36,""
192.376,receiver,af416b39-8b0b-4383-b8fd-ab44d75320e5,EMIT,ACK,20,36,""
192.384,receiver,af416b39-8b0b-4383-b8fd-ab44d75320e5,EMIT,ACK,15,36,""
192.403,receiver,af416b39-8b0b-4383-b8fd-ab44d75320e5,EMIT,ACK,7,36,""
192.411,receiver,af416b39-8b0b-4383-b8fd-ab44d75320e5,EMIT,ACK,3,36,""
192.420,receiver,af416b39-8b0b-4383-b8fd-ab44d75320e5,EMIT,ACK,13,36,""
208.579,receiver,af416b39-8b0b-4383-b8fd-ab44d75320e5,EMIT,ACK,12,36,""
208.614,receiver,af416b39-8b0b-4383-b8fd-ab44d75320e5,EMIT,ACK,19,36,""
208.628,receiver,af416b39-8b0b-4383-b8fd-ab44d75320e5,EMIT,ACK,4,36,""
208.639,receiver,af416b39-8b0b-4383-b8fd-ab44d75320e5,EMIT,ACK,18,36,""
208.648,receiver,af416b39-8b0b-4383-b8fd-ab44d75320e5,EMIT,ACK,27,36,""
208.657,receiver,af416b39-8b0b-4383-b8fd-ab44d75320e5,EMIT,ACK,25,36,""
208.667,receiver,af416b39-8b0b-4383-b8fd-ab44d75320e5,EMIT,ACK,29,36,""
208.676,receiver,af416b39-8b0b-4383-b8fd-ab44d75320e5,EMIT,ACK,10,36,""
208.695,receiver,af416b39-8b0b-4383-b8fd-ab44d75320e5,EMIT,ACK,14,36,""
208.704,receiver,af416b39-8b0b-4383-b8fd-ab44d75320e5,EMIT,ACK,21,36,""
208.712,receiver,af416b39-8b0b-4383-b8fd-ab44d75320e5,EMIT,ACK,2,36,""
208.721,receiver,af416b39-8b0b-4383-b8fd-ab44d75320e5,EMIT,ACK,11,36,""
208.730,receiver,af416b39-8b0b-4383-b8fd-ab44d75320e5,EMIT,ACK,0,36,""
208.738,receiver,af416b39-8b0b-4383-b8fd-ab44d75320e5,EMIT,ACK,22,36,""
208.751,receiver,af416b39-8b0b-4383-b8fd-ab44d75320e5,EMIT,ACK,23,36,""
208.759,receiver,af416b39-8b0b-4383-b8fd-ab44d75320e5,EMIT,ACK,6,36,""
208.768,receiver,af416b39-8b0b-4383-b8fd-ab44d75320e5,EMIT,ACK,24,36,""
223.883,receiver,af416b39-8b0b-4383-b8fd-ab44d75320e5,EMIT,ACK,17,36,""
223.923,receiver,af416b39-8b0b-4383-b8fd-ab44d75320e5,EMIT,ACK,31,36,""
223.937,receiver,af416b39-8b0b-4383-b8fd-ab44d75320e5,EMIT,ACK,1,36,""
254.975,receiver,af416b39-8b0b-4383-b8fd-ab44d75320e5,RECEIVE,DATA,39,1060,""
254.995,receiver,af416b39-8b0b-4383-b8fd-ab44d75320e5,OUT_OF_ORDER,DATA,39,0,"arrived before missing sequence=32"
254.999,receiver,af416b39-8b0b-4383-b8fd-ab44d75320e5,ACCEPT_DATA,DATA,39,1024,"unique file bytes received"
255.002,receiver,af416b39-8b0b-4383-b8fd-ab44d75320e5,SEND,ACK,39,36,""
255.022,receiver,af416b39-8b0b-4383-b8fd-ab44d75320e5,RECEIVE,DATA,62,1060,""
255.025,receiver,af416b39-8b0b-4383-b8fd-ab44d75320e5,OUT_OF_ORDER,DATA,62,0,"arrived before missing sequence=32"
255.028,receiver,af416b39-8b0b-4383-b8fd-ab44d75320e5,ACCEPT_DATA,DATA,62,1024,"unique file bytes received"
255.031,receiver,af416b39-8b0b-4383-b8fd-ab44d75320e5,SEND,ACK,62,36,""
255.037,receiver,af416b39-8b0b-4383-b8fd-ab44d75320e5,RECEIVE,DATA,44,1060,""
255.040,receiver,af416b39-8b0b-4383-b8fd-ab44d75320e5,OUT_OF_ORDER,DATA,44,0,"arrived before missing sequence=32"
255.042,receiver,af416b39-8b0b-4383-b8fd-ab44d75320e5,ACCEPT_DATA,DATA,44,1024,"unique file bytes received"
255.045,receiver,af416b39-8b0b-4383-b8fd-ab44d75320e5,SEND,ACK,44,36,""
255.050,receiver,af416b39-8b0b-4383-b8fd-ab44d75320e5,RECEIVE,DATA,50,1060,""
255.053,receiver,af416b39-8b0b-4383-b8fd-ab44d75320e5,OUT_OF_ORDER,DATA,50,0,"arrived before missing sequence=32"
255.056,receiver,af416b39-8b0b-4383-b8fd-ab44d75320e5,ACCEPT_DATA,DATA,50,1024,"unique file bytes received"
255.058,receiver,af416b39-8b0b-4383-b8fd-ab44d75320e5,SEND,ACK,50,36,""
255.064,receiver,af416b39-8b0b-4383-b8fd-ab44d75320e5,RECEIVE,DATA,32,1060,""
255.067,receiver,af416b39-8b0b-4383-b8fd-ab44d75320e5,ACCEPT_DATA,DATA,32,1024,"unique file bytes received"
255.069,receiver,af416b39-8b0b-4383-b8fd-ab44d75320e5,SEND,ACK,32,36,""
255.075,receiver,af416b39-8b0b-4383-b8fd-ab44d75320e5,RECEIVE,DATA,34,1060,""
255.078,receiver,af416b39-8b0b-4383-b8fd-ab44d75320e5,OUT_OF_ORDER,DATA,34,0,"arrived before missing sequence=33"
255.201,receiver,af416b39-8b0b-4383-b8fd-ab44d75320e5,ACCEPT_DATA,DATA,34,1024,"unique file bytes received"
255.205,receiver,af416b39-8b0b-4383-b8fd-ab44d75320e5,SEND,ACK,34,36,""
255.213,receiver,af416b39-8b0b-4383-b8fd-ab44d75320e5,RECEIVE,DATA,41,1060,""
255.217,receiver,af416b39-8b0b-4383-b8fd-ab44d75320e5,OUT_OF_ORDER,DATA,41,0,"arrived before missing sequence=33"
255.219,receiver,af416b39-8b0b-4383-b8fd-ab44d75320e5,ACCEPT_DATA,DATA,41,1024,"unique file bytes received"
255.222,receiver,af416b39-8b0b-4383-b8fd-ab44d75320e5,SEND,ACK,41,36,""
255.227,receiver,af416b39-8b0b-4383-b8fd-ab44d75320e5,RECEIVE,DATA,54,1060,""
255.230,receiver,af416b39-8b0b-4383-b8fd-ab44d75320e5,OUT_OF_ORDER,DATA,54,0,"arrived before missing sequence=33"
255.233,receiver,af416b39-8b0b-4383-b8fd-ab44d75320e5,ACCEPT_DATA,DATA,54,1024,"unique file bytes received"
255.235,receiver,af416b39-8b0b-4383-b8fd-ab44d75320e5,SEND,ACK,54,36,""
255.240,receiver,af416b39-8b0b-4383-b8fd-ab44d75320e5,RECEIVE,DATA,56,1060,""
255.243,receiver,af416b39-8b0b-4383-b8fd-ab44d75320e5,OUT_OF_ORDER,DATA,56,0,"arrived before missing sequence=33"
255.246,receiver,af416b39-8b0b-4383-b8fd-ab44d75320e5,ACCEPT_DATA,DATA,56,1024,"unique file bytes received"
255.248,receiver,af416b39-8b0b-4383-b8fd-ab44d75320e5,SEND,ACK,56,36,""
255.253,receiver,af416b39-8b0b-4383-b8fd-ab44d75320e5,RECEIVE,DATA,52,1060,""
255.256,receiver,af416b39-8b0b-4383-b8fd-ab44d75320e5,OUT_OF_ORDER,DATA,52,0,"arrived before missing sequence=33"
255.259,receiver,af416b39-8b0b-4383-b8fd-ab44d75320e5,ACCEPT_DATA,DATA,52,1024,"unique file bytes received"
255.261,receiver,af416b39-8b0b-4383-b8fd-ab44d75320e5,SEND,ACK,52,36,""
255.266,receiver,af416b39-8b0b-4383-b8fd-ab44d75320e5,RECEIVE,DATA,63,1060,""
255.269,receiver,af416b39-8b0b-4383-b8fd-ab44d75320e5,OUT_OF_ORDER,DATA,63,0,"arrived before missing sequence=33"
255.275,receiver,af416b39-8b0b-4383-b8fd-ab44d75320e5,ACCEPT_DATA,DATA,63,1024,"unique file bytes received"
255.277,receiver,af416b39-8b0b-4383-b8fd-ab44d75320e5,SEND,ACK,63,36,""
270.495,receiver,af416b39-8b0b-4383-b8fd-ab44d75320e5,RECEIVE,DATA,35,1060,""
270.511,receiver,af416b39-8b0b-4383-b8fd-ab44d75320e5,OUT_OF_ORDER,DATA,35,0,"arrived before missing sequence=33"
270.515,receiver,af416b39-8b0b-4383-b8fd-ab44d75320e5,ACCEPT_DATA,DATA,35,1024,"unique file bytes received"
270.518,receiver,af416b39-8b0b-4383-b8fd-ab44d75320e5,SEND,ACK,35,36,""
270.534,receiver,af416b39-8b0b-4383-b8fd-ab44d75320e5,RECEIVE,DATA,58,1060,""
270.537,receiver,af416b39-8b0b-4383-b8fd-ab44d75320e5,OUT_OF_ORDER,DATA,58,0,"arrived before missing sequence=33"
270.539,receiver,af416b39-8b0b-4383-b8fd-ab44d75320e5,ACCEPT_DATA,DATA,58,1024,"unique file bytes received"
270.542,receiver,af416b39-8b0b-4383-b8fd-ab44d75320e5,SEND,ACK,58,36,""
270.548,receiver,af416b39-8b0b-4383-b8fd-ab44d75320e5,RECEIVE,DATA,43,1060,""
270.551,receiver,af416b39-8b0b-4383-b8fd-ab44d75320e5,OUT_OF_ORDER,DATA,43,0,"arrived before missing sequence=33"
270.553,receiver,af416b39-8b0b-4383-b8fd-ab44d75320e5,ACCEPT_DATA,DATA,43,1024,"unique file bytes received"
270.555,receiver,af416b39-8b0b-4383-b8fd-ab44d75320e5,SEND,ACK,43,36,""
270.561,receiver,af416b39-8b0b-4383-b8fd-ab44d75320e5,RECEIVE,DATA,38,1060,""
270.564,receiver,af416b39-8b0b-4383-b8fd-ab44d75320e5,OUT_OF_ORDER,DATA,38,0,"arrived before missing sequence=33"
270.566,receiver,af416b39-8b0b-4383-b8fd-ab44d75320e5,ACCEPT_DATA,DATA,38,1024,"unique file bytes received"
270.569,receiver,af416b39-8b0b-4383-b8fd-ab44d75320e5,SEND,ACK,38,36,""
270.574,receiver,af416b39-8b0b-4383-b8fd-ab44d75320e5,RECEIVE,DATA,59,1060,""
270.577,receiver,af416b39-8b0b-4383-b8fd-ab44d75320e5,OUT_OF_ORDER,DATA,59,0,"arrived before missing sequence=33"
270.579,receiver,af416b39-8b0b-4383-b8fd-ab44d75320e5,ACCEPT_DATA,DATA,59,1024,"unique file bytes received"
270.582,receiver,af416b39-8b0b-4383-b8fd-ab44d75320e5,SEND,ACK,59,36,""
270.588,receiver,af416b39-8b0b-4383-b8fd-ab44d75320e5,RECEIVE,DATA,57,1060,""
270.591,receiver,af416b39-8b0b-4383-b8fd-ab44d75320e5,OUT_OF_ORDER,DATA,57,0,"arrived before missing sequence=33"
270.593,receiver,af416b39-8b0b-4383-b8fd-ab44d75320e5,ACCEPT_DATA,DATA,57,1024,"unique file bytes received"
270.596,receiver,af416b39-8b0b-4383-b8fd-ab44d75320e5,SEND,ACK,57,36,""
270.601,receiver,af416b39-8b0b-4383-b8fd-ab44d75320e5,RECEIVE,DATA,60,1060,""
270.604,receiver,af416b39-8b0b-4383-b8fd-ab44d75320e5,OUT_OF_ORDER,DATA,60,0,"arrived before missing sequence=33"
270.606,receiver,af416b39-8b0b-4383-b8fd-ab44d75320e5,ACCEPT_DATA,DATA,60,1024,"unique file bytes received"
270.608,receiver,af416b39-8b0b-4383-b8fd-ab44d75320e5,SEND,ACK,60,36,""
270.614,receiver,af416b39-8b0b-4383-b8fd-ab44d75320e5,RECEIVE,DATA,36,1060,""
270.617,receiver,af416b39-8b0b-4383-b8fd-ab44d75320e5,OUT_OF_ORDER,DATA,36,0,"arrived before missing sequence=33"
270.619,receiver,af416b39-8b0b-4383-b8fd-ab44d75320e5,ACCEPT_DATA,DATA,36,1024,"unique file bytes received"
270.626,receiver,af416b39-8b0b-4383-b8fd-ab44d75320e5,SEND,ACK,36,36,""
270.631,receiver,af416b39-8b0b-4383-b8fd-ab44d75320e5,RECEIVE,DATA,37,1060,""
270.634,receiver,af416b39-8b0b-4383-b8fd-ab44d75320e5,OUT_OF_ORDER,DATA,37,0,"arrived before missing sequence=33"
270.636,receiver,af416b39-8b0b-4383-b8fd-ab44d75320e5,ACCEPT_DATA,DATA,37,1024,"unique file bytes received"
270.639,receiver,af416b39-8b0b-4383-b8fd-ab44d75320e5,SEND,ACK,37,36,""
270.644,receiver,af416b39-8b0b-4383-b8fd-ab44d75320e5,RECEIVE,DATA,48,1060,""
270.647,receiver,af416b39-8b0b-4383-b8fd-ab44d75320e5,OUT_OF_ORDER,DATA,48,0,"arrived before missing sequence=33"
270.649,receiver,af416b39-8b0b-4383-b8fd-ab44d75320e5,ACCEPT_DATA,DATA,48,1024,"unique file bytes received"
270.652,receiver,af416b39-8b0b-4383-b8fd-ab44d75320e5,SEND,ACK,48,36,""
270.657,receiver,af416b39-8b0b-4383-b8fd-ab44d75320e5,RECEIVE,DATA,51,1060,""
270.660,receiver,af416b39-8b0b-4383-b8fd-ab44d75320e5,OUT_OF_ORDER,DATA,51,0,"arrived before missing sequence=33"
270.668,receiver,af416b39-8b0b-4383-b8fd-ab44d75320e5,ACCEPT_DATA,DATA,51,1024,"unique file bytes received"
270.670,receiver,af416b39-8b0b-4383-b8fd-ab44d75320e5,SEND,ACK,51,36,""
270.676,receiver,af416b39-8b0b-4383-b8fd-ab44d75320e5,RECEIVE,DATA,47,1060,""
270.679,receiver,af416b39-8b0b-4383-b8fd-ab44d75320e5,OUT_OF_ORDER,DATA,47,0,"arrived before missing sequence=33"
270.681,receiver,af416b39-8b0b-4383-b8fd-ab44d75320e5,ACCEPT_DATA,DATA,47,1024,"unique file bytes received"
270.683,receiver,af416b39-8b0b-4383-b8fd-ab44d75320e5,SEND,ACK,47,36,""
270.688,receiver,af416b39-8b0b-4383-b8fd-ab44d75320e5,RECEIVE,DATA,49,1060,""
270.691,receiver,af416b39-8b0b-4383-b8fd-ab44d75320e5,OUT_OF_ORDER,DATA,49,0,"arrived before missing sequence=33"
270.694,receiver,af416b39-8b0b-4383-b8fd-ab44d75320e5,ACCEPT_DATA,DATA,49,1024,"unique file bytes received"
270.696,receiver,af416b39-8b0b-4383-b8fd-ab44d75320e5,SEND,ACK,49,36,""
270.701,receiver,af416b39-8b0b-4383-b8fd-ab44d75320e5,RECEIVE,DATA,33,1060,""
270.704,receiver,af416b39-8b0b-4383-b8fd-ab44d75320e5,ACCEPT_DATA,DATA,33,1024,"unique file bytes received"
270.707,receiver,af416b39-8b0b-4383-b8fd-ab44d75320e5,SEND,ACK,33,36,""
270.712,receiver,af416b39-8b0b-4383-b8fd-ab44d75320e5,RECEIVE,DATA,40,1060,""
270.715,receiver,af416b39-8b0b-4383-b8fd-ab44d75320e5,ACCEPT_DATA,DATA,40,1024,"unique file bytes received"
270.717,receiver,af416b39-8b0b-4383-b8fd-ab44d75320e5,SEND,ACK,40,36,""
270.722,receiver,af416b39-8b0b-4383-b8fd-ab44d75320e5,RECEIVE,DATA,46,1060,""
270.725,receiver,af416b39-8b0b-4383-b8fd-ab44d75320e5,OUT_OF_ORDER,DATA,46,0,"arrived before missing sequence=42"
270.728,receiver,af416b39-8b0b-4383-b8fd-ab44d75320e5,ACCEPT_DATA,DATA,46,1024,"unique file bytes received"
270.730,receiver,af416b39-8b0b-4383-b8fd-ab44d75320e5,SEND,ACK,46,36,""
270.735,receiver,af416b39-8b0b-4383-b8fd-ab44d75320e5,RECEIVE,DATA,42,1060,""
270.738,receiver,af416b39-8b0b-4383-b8fd-ab44d75320e5,ACCEPT_DATA,DATA,42,1024,"unique file bytes received"
270.740,receiver,af416b39-8b0b-4383-b8fd-ab44d75320e5,SEND,ACK,42,36,""
270.745,receiver,af416b39-8b0b-4383-b8fd-ab44d75320e5,RECEIVE,DATA,53,1060,""
270.809,receiver,af416b39-8b0b-4383-b8fd-ab44d75320e5,OUT_OF_ORDER,DATA,53,0,"arrived before missing sequence=45"
270.812,receiver,af416b39-8b0b-4383-b8fd-ab44d75320e5,ACCEPT_DATA,DATA,53,1024,"unique file bytes received"
270.814,receiver,af416b39-8b0b-4383-b8fd-ab44d75320e5,SEND,ACK,53,36,""
270.853,receiver,af416b39-8b0b-4383-b8fd-ab44d75320e5,RECEIVE,DATA,61,1060,""
270.855,receiver,af416b39-8b0b-4383-b8fd-ab44d75320e5,OUT_OF_ORDER,DATA,61,0,"arrived before missing sequence=45"
270.858,receiver,af416b39-8b0b-4383-b8fd-ab44d75320e5,ACCEPT_DATA,DATA,61,1024,"unique file bytes received"
270.860,receiver,af416b39-8b0b-4383-b8fd-ab44d75320e5,SEND,ACK,61,36,""
286.438,receiver,af416b39-8b0b-4383-b8fd-ab44d75320e5,EMIT,ACK,44,36,""
286.449,receiver,af416b39-8b0b-4383-b8fd-ab44d75320e5,RECEIVE,DATA,45,1060,""
286.462,receiver,af416b39-8b0b-4383-b8fd-ab44d75320e5,EMIT,ACK,56,36,""
286.466,receiver,af416b39-8b0b-4383-b8fd-ab44d75320e5,ACCEPT_DATA,DATA,45,1024,"unique file bytes received"
286.470,receiver,af416b39-8b0b-4383-b8fd-ab44d75320e5,SEND,ACK,45,36,""
286.473,receiver,af416b39-8b0b-4383-b8fd-ab44d75320e5,EMIT,ACK,32,36,""
286.482,receiver,af416b39-8b0b-4383-b8fd-ab44d75320e5,EMIT,ACK,52,36,""
286.485,receiver,af416b39-8b0b-4383-b8fd-ab44d75320e5,RECEIVE,DATA,55,1060,""
286.488,receiver,af416b39-8b0b-4383-b8fd-ab44d75320e5,ACCEPT_DATA,DATA,55,1024,"unique file bytes received"
286.491,receiver,af416b39-8b0b-4383-b8fd-ab44d75320e5,SEND,ACK,55,36,""
301.674,receiver,af416b39-8b0b-4383-b8fd-ab44d75320e5,EMIT,ACK,34,36,""
301.702,receiver,af416b39-8b0b-4383-b8fd-ab44d75320e5,EMIT,ACK,54,36,""
301.712,receiver,af416b39-8b0b-4383-b8fd-ab44d75320e5,EMIT,ACK,50,36,""
301.719,receiver,af416b39-8b0b-4383-b8fd-ab44d75320e5,EMIT,ACK,39,36,""
301.727,receiver,af416b39-8b0b-4383-b8fd-ab44d75320e5,EMIT,ACK,41,36,""
301.735,receiver,af416b39-8b0b-4383-b8fd-ab44d75320e5,EMIT,ACK,63,36,""
301.743,receiver,af416b39-8b0b-4383-b8fd-ab44d75320e5,EMIT,ACK,38,36,""
301.751,receiver,af416b39-8b0b-4383-b8fd-ab44d75320e5,EMIT,ACK,51,36,""
317.112,receiver,af416b39-8b0b-4383-b8fd-ab44d75320e5,EMIT,ACK,61,36,""
317.171,receiver,af416b39-8b0b-4383-b8fd-ab44d75320e5,EMIT,ACK,60,36,""
317.191,receiver,af416b39-8b0b-4383-b8fd-ab44d75320e5,EMIT,ACK,40,36,""
317.198,receiver,af416b39-8b0b-4383-b8fd-ab44d75320e5,EMIT,ACK,36,36,""
317.206,receiver,af416b39-8b0b-4383-b8fd-ab44d75320e5,EMIT,ACK,62,36,""
317.214,receiver,af416b39-8b0b-4383-b8fd-ab44d75320e5,EMIT,ACK,58,36,""
317.221,receiver,af416b39-8b0b-4383-b8fd-ab44d75320e5,EMIT,ACK,35,36,""
317.228,receiver,af416b39-8b0b-4383-b8fd-ab44d75320e5,EMIT,ACK,42,36,""
317.236,receiver,af416b39-8b0b-4383-b8fd-ab44d75320e5,EMIT,ACK,46,36,""
317.243,receiver,af416b39-8b0b-4383-b8fd-ab44d75320e5,EMIT,ACK,48,36,""
317.251,receiver,af416b39-8b0b-4383-b8fd-ab44d75320e5,EMIT,ACK,59,36,""
317.258,receiver,af416b39-8b0b-4383-b8fd-ab44d75320e5,EMIT,ACK,53,36,""
317.265,receiver,af416b39-8b0b-4383-b8fd-ab44d75320e5,EMIT,ACK,37,36,""
317.273,receiver,af416b39-8b0b-4383-b8fd-ab44d75320e5,EMIT,ACK,33,36,""
331.962,receiver,af416b39-8b0b-4383-b8fd-ab44d75320e5,EMIT,ACK,45,36,""
331.991,receiver,af416b39-8b0b-4383-b8fd-ab44d75320e5,EMIT,ACK,43,36,""
331.999,receiver,af416b39-8b0b-4383-b8fd-ab44d75320e5,EMIT,ACK,49,36,""
332.007,receiver,af416b39-8b0b-4383-b8fd-ab44d75320e5,EMIT,ACK,57,36,""
332.014,receiver,af416b39-8b0b-4383-b8fd-ab44d75320e5,EMIT,ACK,47,36,""
332.022,receiver,af416b39-8b0b-4383-b8fd-ab44d75320e5,EMIT,ACK,55,36,""
332.071,receiver,af416b39-8b0b-4383-b8fd-ab44d75320e5,RECEIVE,DATA,64,1060,""
332.102,receiver,af416b39-8b0b-4383-b8fd-ab44d75320e5,ACCEPT_DATA,DATA,64,1024,"unique file bytes received"
332.107,receiver,af416b39-8b0b-4383-b8fd-ab44d75320e5,SEND,ACK,64,36,""
348.024,receiver,af416b39-8b0b-4383-b8fd-ab44d75320e5,RECEIVE,DATA,65,1060,""
348.044,receiver,af416b39-8b0b-4383-b8fd-ab44d75320e5,ACCEPT_DATA,DATA,65,1024,"unique file bytes received"
348.048,receiver,af416b39-8b0b-4383-b8fd-ab44d75320e5,SEND,ACK,65,36,""
348.069,receiver,af416b39-8b0b-4383-b8fd-ab44d75320e5,RECEIVE,DATA,67,1060,""
348.073,receiver,af416b39-8b0b-4383-b8fd-ab44d75320e5,OUT_OF_ORDER,DATA,67,0,"arrived before missing sequence=66"
348.076,receiver,af416b39-8b0b-4383-b8fd-ab44d75320e5,ACCEPT_DATA,DATA,67,1024,"unique file bytes received"
348.078,receiver,af416b39-8b0b-4383-b8fd-ab44d75320e5,SEND,ACK,67,36,""
364.355,receiver,af416b39-8b0b-4383-b8fd-ab44d75320e5,RECEIVE,DATA,72,1060,""
364.372,receiver,af416b39-8b0b-4383-b8fd-ab44d75320e5,OUT_OF_ORDER,DATA,72,0,"arrived before missing sequence=66"
364.378,receiver,af416b39-8b0b-4383-b8fd-ab44d75320e5,ACCEPT_DATA,DATA,72,1024,"unique file bytes received"
364.381,receiver,af416b39-8b0b-4383-b8fd-ab44d75320e5,SEND,ACK,72,36,""
364.397,receiver,af416b39-8b0b-4383-b8fd-ab44d75320e5,RECEIVE,DATA,73,1060,""
364.400,receiver,af416b39-8b0b-4383-b8fd-ab44d75320e5,OUT_OF_ORDER,DATA,73,0,"arrived before missing sequence=66"
364.403,receiver,af416b39-8b0b-4383-b8fd-ab44d75320e5,ACCEPT_DATA,DATA,73,1024,"unique file bytes received"
364.406,receiver,af416b39-8b0b-4383-b8fd-ab44d75320e5,SEND,ACK,73,36,""
364.412,receiver,af416b39-8b0b-4383-b8fd-ab44d75320e5,RECEIVE,DATA,66,1060,""
364.415,receiver,af416b39-8b0b-4383-b8fd-ab44d75320e5,ACCEPT_DATA,DATA,66,1024,"unique file bytes received"
364.417,receiver,af416b39-8b0b-4383-b8fd-ab44d75320e5,SEND,ACK,66,36,""
364.435,receiver,af416b39-8b0b-4383-b8fd-ab44d75320e5,RECEIVE,DATA,69,1060,""
364.438,receiver,af416b39-8b0b-4383-b8fd-ab44d75320e5,OUT_OF_ORDER,DATA,69,0,"arrived before missing sequence=68"
364.441,receiver,af416b39-8b0b-4383-b8fd-ab44d75320e5,ACCEPT_DATA,DATA,69,1024,"unique file bytes received"
364.443,receiver,af416b39-8b0b-4383-b8fd-ab44d75320e5,SEND,ACK,69,36,""
364.448,receiver,af416b39-8b0b-4383-b8fd-ab44d75320e5,RECEIVE,DATA,74,1060,""
364.451,receiver,af416b39-8b0b-4383-b8fd-ab44d75320e5,OUT_OF_ORDER,DATA,74,0,"arrived before missing sequence=68"
364.454,receiver,af416b39-8b0b-4383-b8fd-ab44d75320e5,ACCEPT_DATA,DATA,74,1024,"unique file bytes received"
364.457,receiver,af416b39-8b0b-4383-b8fd-ab44d75320e5,SEND,ACK,74,36,""
364.462,receiver,af416b39-8b0b-4383-b8fd-ab44d75320e5,RECEIVE,DATA,70,1060,""
364.465,receiver,af416b39-8b0b-4383-b8fd-ab44d75320e5,OUT_OF_ORDER,DATA,70,0,"arrived before missing sequence=68"
364.467,receiver,af416b39-8b0b-4383-b8fd-ab44d75320e5,ACCEPT_DATA,DATA,70,1024,"unique file bytes received"
364.469,receiver,af416b39-8b0b-4383-b8fd-ab44d75320e5,SEND,ACK,70,36,""
364.475,receiver,af416b39-8b0b-4383-b8fd-ab44d75320e5,RECEIVE,DATA,71,1060,""
364.478,receiver,af416b39-8b0b-4383-b8fd-ab44d75320e5,OUT_OF_ORDER,DATA,71,0,"arrived before missing sequence=68"
364.480,receiver,af416b39-8b0b-4383-b8fd-ab44d75320e5,ACCEPT_DATA,DATA,71,1024,"unique file bytes received"
364.483,receiver,af416b39-8b0b-4383-b8fd-ab44d75320e5,SEND,ACK,71,36,""
364.491,receiver,af416b39-8b0b-4383-b8fd-ab44d75320e5,RECEIVE,DATA,88,1060,""
364.494,receiver,af416b39-8b0b-4383-b8fd-ab44d75320e5,OUT_OF_ORDER,DATA,88,0,"arrived before missing sequence=68"
364.497,receiver,af416b39-8b0b-4383-b8fd-ab44d75320e5,ACCEPT_DATA,DATA,88,1024,"unique file bytes received"
364.500,receiver,af416b39-8b0b-4383-b8fd-ab44d75320e5,SEND,ACK,88,36,""
364.505,receiver,af416b39-8b0b-4383-b8fd-ab44d75320e5,RECEIVE,DATA,94,1060,""
364.508,receiver,af416b39-8b0b-4383-b8fd-ab44d75320e5,OUT_OF_ORDER,DATA,94,0,"arrived before missing sequence=68"
364.510,receiver,af416b39-8b0b-4383-b8fd-ab44d75320e5,ACCEPT_DATA,DATA,94,1024,"unique file bytes received"
364.513,receiver,af416b39-8b0b-4383-b8fd-ab44d75320e5,SEND,ACK,94,36,""
364.518,receiver,af416b39-8b0b-4383-b8fd-ab44d75320e5,RECEIVE,DATA,68,1060,""
364.521,receiver,af416b39-8b0b-4383-b8fd-ab44d75320e5,ACCEPT_DATA,DATA,68,1024,"unique file bytes received"
364.524,receiver,af416b39-8b0b-4383-b8fd-ab44d75320e5,SEND,ACK,68,36,""
364.529,receiver,af416b39-8b0b-4383-b8fd-ab44d75320e5,RECEIVE,DATA,79,1060,""
364.532,receiver,af416b39-8b0b-4383-b8fd-ab44d75320e5,OUT_OF_ORDER,DATA,79,0,"arrived before missing sequence=75"
364.534,receiver,af416b39-8b0b-4383-b8fd-ab44d75320e5,ACCEPT_DATA,DATA,79,1024,"unique file bytes received"
364.566,receiver,af416b39-8b0b-4383-b8fd-ab44d75320e5,SEND,ACK,79,36,""
364.572,receiver,af416b39-8b0b-4383-b8fd-ab44d75320e5,RECEIVE,DATA,83,1060,""
364.574,receiver,af416b39-8b0b-4383-b8fd-ab44d75320e5,OUT_OF_ORDER,DATA,83,0,"arrived before missing sequence=75"
364.577,receiver,af416b39-8b0b-4383-b8fd-ab44d75320e5,ACCEPT_DATA,DATA,83,1024,"unique file bytes received"
364.580,receiver,af416b39-8b0b-4383-b8fd-ab44d75320e5,SEND,ACK,83,36,""
364.585,receiver,af416b39-8b0b-4383-b8fd-ab44d75320e5,RECEIVE,DATA,90,1060,""
364.588,receiver,af416b39-8b0b-4383-b8fd-ab44d75320e5,OUT_OF_ORDER,DATA,90,0,"arrived before missing sequence=75"
364.590,receiver,af416b39-8b0b-4383-b8fd-ab44d75320e5,ACCEPT_DATA,DATA,90,1024,"unique file bytes received"
364.593,receiver,af416b39-8b0b-4383-b8fd-ab44d75320e5,SEND,ACK,90,36,""
364.598,receiver,af416b39-8b0b-4383-b8fd-ab44d75320e5,RECEIVE,DATA,95,1060,""
364.601,receiver,af416b39-8b0b-4383-b8fd-ab44d75320e5,OUT_OF_ORDER,DATA,95,0,"arrived before missing sequence=75"
364.603,receiver,af416b39-8b0b-4383-b8fd-ab44d75320e5,ACCEPT_DATA,DATA,95,1024,"unique file bytes received"
364.606,receiver,af416b39-8b0b-4383-b8fd-ab44d75320e5,SEND,ACK,95,36,""
380.530,receiver,af416b39-8b0b-4383-b8fd-ab44d75320e5,EMIT,ACK,67,36,""
380.555,receiver,af416b39-8b0b-4383-b8fd-ab44d75320e5,RECEIVE,DATA,91,1060,""
380.568,receiver,af416b39-8b0b-4383-b8fd-ab44d75320e5,OUT_OF_ORDER,DATA,91,0,"arrived before missing sequence=75"
380.573,receiver,af416b39-8b0b-4383-b8fd-ab44d75320e5,EMIT,ACK,64,36,""
380.579,receiver,af416b39-8b0b-4383-b8fd-ab44d75320e5,ACCEPT_DATA,DATA,91,1024,"unique file bytes received"
380.582,receiver,af416b39-8b0b-4383-b8fd-ab44d75320e5,SEND,ACK,91,36,""
380.661,receiver,af416b39-8b0b-4383-b8fd-ab44d75320e5,RECEIVE,DATA,76,1060,""
380.683,receiver,af416b39-8b0b-4383-b8fd-ab44d75320e5,OUT_OF_ORDER,DATA,76,0,"arrived before missing sequence=75"
380.709,receiver,af416b39-8b0b-4383-b8fd-ab44d75320e5,ACCEPT_DATA,DATA,76,1024,"unique file bytes received"
380.721,receiver,af416b39-8b0b-4383-b8fd-ab44d75320e5,SEND,ACK,76,36,""
380.745,receiver,af416b39-8b0b-4383-b8fd-ab44d75320e5,RECEIVE,DATA,78,1060,""
380.750,receiver,af416b39-8b0b-4383-b8fd-ab44d75320e5,OUT_OF_ORDER,DATA,78,0,"arrived before missing sequence=75"
380.753,receiver,af416b39-8b0b-4383-b8fd-ab44d75320e5,ACCEPT_DATA,DATA,78,1024,"unique file bytes received"
380.756,receiver,af416b39-8b0b-4383-b8fd-ab44d75320e5,SEND,ACK,78,36,""
380.763,receiver,af416b39-8b0b-4383-b8fd-ab44d75320e5,RECEIVE,DATA,92,1060,""
380.767,receiver,af416b39-8b0b-4383-b8fd-ab44d75320e5,OUT_OF_ORDER,DATA,92,0,"arrived before missing sequence=75"
380.770,receiver,af416b39-8b0b-4383-b8fd-ab44d75320e5,ACCEPT_DATA,DATA,92,1024,"unique file bytes received"
380.772,receiver,af416b39-8b0b-4383-b8fd-ab44d75320e5,SEND,ACK,92,36,""
380.783,receiver,af416b39-8b0b-4383-b8fd-ab44d75320e5,RECEIVE,DATA,81,1060,""
380.786,receiver,af416b39-8b0b-4383-b8fd-ab44d75320e5,OUT_OF_ORDER,DATA,81,0,"arrived before missing sequence=75"
380.788,receiver,af416b39-8b0b-4383-b8fd-ab44d75320e5,ACCEPT_DATA,DATA,81,1024,"unique file bytes received"
380.791,receiver,af416b39-8b0b-4383-b8fd-ab44d75320e5,SEND,ACK,81,36,""
380.797,receiver,af416b39-8b0b-4383-b8fd-ab44d75320e5,RECEIVE,DATA,89,1060,""
380.800,receiver,af416b39-8b0b-4383-b8fd-ab44d75320e5,OUT_OF_ORDER,DATA,89,0,"arrived before missing sequence=75"
380.802,receiver,af416b39-8b0b-4383-b8fd-ab44d75320e5,ACCEPT_DATA,DATA,89,1024,"unique file bytes received"
380.805,receiver,af416b39-8b0b-4383-b8fd-ab44d75320e5,SEND,ACK,89,36,""
380.811,receiver,af416b39-8b0b-4383-b8fd-ab44d75320e5,RECEIVE,DATA,86,1060,""
380.813,receiver,af416b39-8b0b-4383-b8fd-ab44d75320e5,OUT_OF_ORDER,DATA,86,0,"arrived before missing sequence=75"
380.816,receiver,af416b39-8b0b-4383-b8fd-ab44d75320e5,ACCEPT_DATA,DATA,86,1024,"unique file bytes received"
380.818,receiver,af416b39-8b0b-4383-b8fd-ab44d75320e5,SEND,ACK,86,36,""
380.824,receiver,af416b39-8b0b-4383-b8fd-ab44d75320e5,RECEIVE,DATA,93,1060,""
380.827,receiver,af416b39-8b0b-4383-b8fd-ab44d75320e5,OUT_OF_ORDER,DATA,93,0,"arrived before missing sequence=75"
380.829,receiver,af416b39-8b0b-4383-b8fd-ab44d75320e5,ACCEPT_DATA,DATA,93,1024,"unique file bytes received"
380.832,receiver,af416b39-8b0b-4383-b8fd-ab44d75320e5,SEND,ACK,93,36,""
380.837,receiver,af416b39-8b0b-4383-b8fd-ab44d75320e5,RECEIVE,DATA,80,1060,""
380.841,receiver,af416b39-8b0b-4383-b8fd-ab44d75320e5,OUT_OF_ORDER,DATA,80,0,"arrived before missing sequence=75"
380.843,receiver,af416b39-8b0b-4383-b8fd-ab44d75320e5,ACCEPT_DATA,DATA,80,1024,"unique file bytes received"
380.846,receiver,af416b39-8b0b-4383-b8fd-ab44d75320e5,SEND,ACK,80,36,""
380.852,receiver,af416b39-8b0b-4383-b8fd-ab44d75320e5,RECEIVE,DATA,77,1060,""
380.855,receiver,af416b39-8b0b-4383-b8fd-ab44d75320e5,OUT_OF_ORDER,DATA,77,0,"arrived before missing sequence=75"
380.857,receiver,af416b39-8b0b-4383-b8fd-ab44d75320e5,ACCEPT_DATA,DATA,77,1024,"unique file bytes received"
380.860,receiver,af416b39-8b0b-4383-b8fd-ab44d75320e5,SEND,ACK,77,36,""
380.865,receiver,af416b39-8b0b-4383-b8fd-ab44d75320e5,RECEIVE,DATA,85,1060,""
380.868,receiver,af416b39-8b0b-4383-b8fd-ab44d75320e5,OUT_OF_ORDER,DATA,85,0,"arrived before missing sequence=75"
380.871,receiver,af416b39-8b0b-4383-b8fd-ab44d75320e5,ACCEPT_DATA,DATA,85,1024,"unique file bytes received"
380.873,receiver,af416b39-8b0b-4383-b8fd-ab44d75320e5,SEND,ACK,85,36,""
380.878,receiver,af416b39-8b0b-4383-b8fd-ab44d75320e5,RECEIVE,DATA,87,1060,""
380.881,receiver,af416b39-8b0b-4383-b8fd-ab44d75320e5,OUT_OF_ORDER,DATA,87,0,"arrived before missing sequence=75"
380.884,receiver,af416b39-8b0b-4383-b8fd-ab44d75320e5,ACCEPT_DATA,DATA,87,1024,"unique file bytes received"
380.886,receiver,af416b39-8b0b-4383-b8fd-ab44d75320e5,SEND,ACK,87,36,""
396.122,receiver,af416b39-8b0b-4383-b8fd-ab44d75320e5,EMIT,ACK,74,36,""
396.162,receiver,af416b39-8b0b-4383-b8fd-ab44d75320e5,EMIT,ACK,65,36,""
396.178,receiver,af416b39-8b0b-4383-b8fd-ab44d75320e5,EMIT,ACK,71,36,""
396.193,receiver,af416b39-8b0b-4383-b8fd-ab44d75320e5,EMIT,ACK,88,36,""
396.208,receiver,af416b39-8b0b-4383-b8fd-ab44d75320e5,EMIT,ACK,90,36,""
396.222,receiver,af416b39-8b0b-4383-b8fd-ab44d75320e5,EMIT,ACK,68,36,""
396.292,receiver,af416b39-8b0b-4383-b8fd-ab44d75320e5,RECEIVE,DATA,75,1060,""
396.310,receiver,af416b39-8b0b-4383-b8fd-ab44d75320e5,ACCEPT_DATA,DATA,75,1024,"unique file bytes received"
396.326,receiver,af416b39-8b0b-4383-b8fd-ab44d75320e5,SEND,ACK,75,36,""
396.347,receiver,af416b39-8b0b-4383-b8fd-ab44d75320e5,RECEIVE,DATA,82,1060,""
396.353,receiver,af416b39-8b0b-4383-b8fd-ab44d75320e5,ACCEPT_DATA,DATA,82,1024,"unique file bytes received"
396.358,receiver,af416b39-8b0b-4383-b8fd-ab44d75320e5,SEND,ACK,82,36,""
396.367,receiver,af416b39-8b0b-4383-b8fd-ab44d75320e5,RECEIVE,DATA,84,1060,""
396.372,receiver,af416b39-8b0b-4383-b8fd-ab44d75320e5,ACCEPT_DATA,DATA,84,1024,"unique file bytes received"
396.376,receiver,af416b39-8b0b-4383-b8fd-ab44d75320e5,SEND,ACK,84,36,""
412.068,receiver,af416b39-8b0b-4383-b8fd-ab44d75320e5,EMIT,ACK,72,36,""
412.104,receiver,af416b39-8b0b-4383-b8fd-ab44d75320e5,EMIT,ACK,83,36,""
412.112,receiver,af416b39-8b0b-4383-b8fd-ab44d75320e5,RECEIVE,DATA,96,1060,""
412.143,receiver,af416b39-8b0b-4383-b8fd-ab44d75320e5,EMIT,ACK,69,36,""
412.151,receiver,af416b39-8b0b-4383-b8fd-ab44d75320e5,ACCEPT_DATA,DATA,96,1024,"unique file bytes received"
412.161,receiver,af416b39-8b0b-4383-b8fd-ab44d75320e5,EMIT,ACK,78,36,""
412.167,receiver,af416b39-8b0b-4383-b8fd-ab44d75320e5,SEND,ACK,96,36,""
412.176,receiver,af416b39-8b0b-4383-b8fd-ab44d75320e5,EMIT,ACK,81,36,""
412.199,receiver,af416b39-8b0b-4383-b8fd-ab44d75320e5,EMIT,ACK,73,36,""
412.212,receiver,af416b39-8b0b-4383-b8fd-ab44d75320e5,EMIT,ACK,66,36,""
412.225,receiver,af416b39-8b0b-4383-b8fd-ab44d75320e5,EMIT,ACK,70,36,""
412.239,receiver,af416b39-8b0b-4383-b8fd-ab44d75320e5,EMIT,ACK,77,36,""
412.264,receiver,af416b39-8b0b-4383-b8fd-ab44d75320e5,EMIT,ACK,85,36,""
412.277,receiver,af416b39-8b0b-4383-b8fd-ab44d75320e5,EMIT,ACK,95,36,""
412.784,receiver,af416b39-8b0b-4383-b8fd-ab44d75320e5,EMIT,ACK,79,36,""
427.594,receiver,af416b39-8b0b-4383-b8fd-ab44d75320e5,EMIT,ACK,94,36,""
427.625,receiver,af416b39-8b0b-4383-b8fd-ab44d75320e5,EMIT,ACK,91,36,""
427.636,receiver,af416b39-8b0b-4383-b8fd-ab44d75320e5,EMIT,ACK,92,36,""
427.644,receiver,af416b39-8b0b-4383-b8fd-ab44d75320e5,EMIT,ACK,93,36,""
427.652,receiver,af416b39-8b0b-4383-b8fd-ab44d75320e5,RECEIVE,DATA,97,1060,""
427.817,receiver,af416b39-8b0b-4383-b8fd-ab44d75320e5,EMIT,ACK,87,36,""
427.821,receiver,af416b39-8b0b-4383-b8fd-ab44d75320e5,ACCEPT_DATA,DATA,97,1024,"unique file bytes received"
427.830,receiver,af416b39-8b0b-4383-b8fd-ab44d75320e5,SEND,ACK,97,36,""
427.836,receiver,af416b39-8b0b-4383-b8fd-ab44d75320e5,EMIT,ACK,86,36,""
427.847,receiver,af416b39-8b0b-4383-b8fd-ab44d75320e5,EMIT,ACK,76,36,""
427.855,receiver,af416b39-8b0b-4383-b8fd-ab44d75320e5,EMIT,ACK,80,36,""
427.863,receiver,af416b39-8b0b-4383-b8fd-ab44d75320e5,EMIT,ACK,89,36,""
442.909,receiver,af416b39-8b0b-4383-b8fd-ab44d75320e5,EMIT,ACK,82,36,""
442.942,receiver,af416b39-8b0b-4383-b8fd-ab44d75320e5,RECEIVE,DATA,101,1060,""
442.967,receiver,af416b39-8b0b-4383-b8fd-ab44d75320e5,OUT_OF_ORDER,DATA,101,0,"arrived before missing sequence=98"
442.973,receiver,af416b39-8b0b-4383-b8fd-ab44d75320e5,ACCEPT_DATA,DATA,101,1024,"unique file bytes received"
442.978,receiver,af416b39-8b0b-4383-b8fd-ab44d75320e5,SEND,ACK,101,36,""
442.990,receiver,af416b39-8b0b-4383-b8fd-ab44d75320e5,EMIT,ACK,84,36,""
443.001,receiver,af416b39-8b0b-4383-b8fd-ab44d75320e5,RECEIVE,DATA,106,1060,""
443.006,receiver,af416b39-8b0b-4383-b8fd-ab44d75320e5,OUT_OF_ORDER,DATA,106,0,"arrived before missing sequence=98"
443.011,receiver,af416b39-8b0b-4383-b8fd-ab44d75320e5,EMIT,ACK,75,36,""
443.017,receiver,af416b39-8b0b-4383-b8fd-ab44d75320e5,ACCEPT_DATA,DATA,106,1024,"unique file bytes received"
443.019,receiver,af416b39-8b0b-4383-b8fd-ab44d75320e5,SEND,ACK,106,36,""
443.026,receiver,af416b39-8b0b-4383-b8fd-ab44d75320e5,RECEIVE,DATA,98,1060,""
443.029,receiver,af416b39-8b0b-4383-b8fd-ab44d75320e5,ACCEPT_DATA,DATA,98,1024,"unique file bytes received"
443.032,receiver,af416b39-8b0b-4383-b8fd-ab44d75320e5,SEND,ACK,98,36,""
458.859,receiver,af416b39-8b0b-4383-b8fd-ab44d75320e5,EMIT,ACK,97,36,""
458.885,receiver,af416b39-8b0b-4383-b8fd-ab44d75320e5,RECEIVE,DATA,99,1060,""
458.906,receiver,af416b39-8b0b-4383-b8fd-ab44d75320e5,ACCEPT_DATA,DATA,99,1024,"unique file bytes received"
458.912,receiver,af416b39-8b0b-4383-b8fd-ab44d75320e5,SEND,ACK,99,36,""
458.940,receiver,af416b39-8b0b-4383-b8fd-ab44d75320e5,RECEIVE,DATA,102,1060,""
458.944,receiver,af416b39-8b0b-4383-b8fd-ab44d75320e5,OUT_OF_ORDER,DATA,102,0,"arrived before missing sequence=100"
458.948,receiver,af416b39-8b0b-4383-b8fd-ab44d75320e5,ACCEPT_DATA,DATA,102,1024,"unique file bytes received"
458.951,receiver,af416b39-8b0b-4383-b8fd-ab44d75320e5,SEND,ACK,102,36,""
458.959,receiver,af416b39-8b0b-4383-b8fd-ab44d75320e5,RECEIVE,DATA,103,1060,""
458.963,receiver,af416b39-8b0b-4383-b8fd-ab44d75320e5,OUT_OF_ORDER,DATA,103,0,"arrived before missing sequence=100"
458.966,receiver,af416b39-8b0b-4383-b8fd-ab44d75320e5,ACCEPT_DATA,DATA,103,1024,"unique file bytes received"
458.969,receiver,af416b39-8b0b-4383-b8fd-ab44d75320e5,SEND,ACK,103,36,""
458.976,receiver,af416b39-8b0b-4383-b8fd-ab44d75320e5,RECEIVE,DATA,104,1060,""
458.980,receiver,af416b39-8b0b-4383-b8fd-ab44d75320e5,OUT_OF_ORDER,DATA,104,0,"arrived before missing sequence=100"
458.983,receiver,af416b39-8b0b-4383-b8fd-ab44d75320e5,ACCEPT_DATA,DATA,104,1024,"unique file bytes received"
458.986,receiver,af416b39-8b0b-4383-b8fd-ab44d75320e5,SEND,ACK,104,36,""
458.992,receiver,af416b39-8b0b-4383-b8fd-ab44d75320e5,RECEIVE,DATA,100,1060,""
458.996,receiver,af416b39-8b0b-4383-b8fd-ab44d75320e5,ACCEPT_DATA,DATA,100,1024,"unique file bytes received"
458.999,receiver,af416b39-8b0b-4383-b8fd-ab44d75320e5,SEND,ACK,100,36,""
459.005,receiver,af416b39-8b0b-4383-b8fd-ab44d75320e5,RECEIVE,DATA,105,1060,""
459.009,receiver,af416b39-8b0b-4383-b8fd-ab44d75320e5,ACCEPT_DATA,DATA,105,1024,"unique file bytes received"
459.012,receiver,af416b39-8b0b-4383-b8fd-ab44d75320e5,SEND,ACK,105,36,""
474.733,receiver,af416b39-8b0b-4383-b8fd-ab44d75320e5,EMIT,ACK,96,36,""
474.777,receiver,af416b39-8b0b-4383-b8fd-ab44d75320e5,EMIT,ACK,106,36,""
475.020,receiver,af416b39-8b0b-4383-b8fd-ab44d75320e5,RECEIVE,DATA,107,1060,""
475.051,receiver,af416b39-8b0b-4383-b8fd-ab44d75320e5,ACCEPT_DATA,DATA,107,1024,"unique file bytes received"
475.060,receiver,af416b39-8b0b-4383-b8fd-ab44d75320e5,SEND,ACK,107,36,""
475.087,receiver,af416b39-8b0b-4383-b8fd-ab44d75320e5,RECEIVE,DATA,110,1060,""
475.094,receiver,af416b39-8b0b-4383-b8fd-ab44d75320e5,OUT_OF_ORDER,DATA,110,0,"arrived before missing sequence=108"
475.101,receiver,af416b39-8b0b-4383-b8fd-ab44d75320e5,ACCEPT_DATA,DATA,110,1024,"unique file bytes received"
475.107,receiver,af416b39-8b0b-4383-b8fd-ab44d75320e5,SEND,ACK,110,36,""
475.119,receiver,af416b39-8b0b-4383-b8fd-ab44d75320e5,RECEIVE,DATA,126,1060,""
475.126,receiver,af416b39-8b0b-4383-b8fd-ab44d75320e5,OUT_OF_ORDER,DATA,126,0,"arrived before missing sequence=108"
475.132,receiver,af416b39-8b0b-4383-b8fd-ab44d75320e5,ACCEPT_DATA,DATA,126,1024,"unique file bytes received"
475.138,receiver,af416b39-8b0b-4383-b8fd-ab44d75320e5,SEND,ACK,126,36,""
475.150,receiver,af416b39-8b0b-4383-b8fd-ab44d75320e5,RECEIVE,DATA,109,1060,""
475.156,receiver,af416b39-8b0b-4383-b8fd-ab44d75320e5,OUT_OF_ORDER,DATA,109,0,"arrived before missing sequence=108"
475.162,receiver,af416b39-8b0b-4383-b8fd-ab44d75320e5,ACCEPT_DATA,DATA,109,1024,"unique file bytes received"
475.168,receiver,af416b39-8b0b-4383-b8fd-ab44d75320e5,SEND,ACK,109,36,""
475.179,receiver,af416b39-8b0b-4383-b8fd-ab44d75320e5,RECEIVE,DATA,123,1060,""
475.186,receiver,af416b39-8b0b-4383-b8fd-ab44d75320e5,OUT_OF_ORDER,DATA,123,0,"arrived before missing sequence=108"
475.191,receiver,af416b39-8b0b-4383-b8fd-ab44d75320e5,ACCEPT_DATA,DATA,123,1024,"unique file bytes received"
475.197,receiver,af416b39-8b0b-4383-b8fd-ab44d75320e5,SEND,ACK,123,36,""
475.214,receiver,af416b39-8b0b-4383-b8fd-ab44d75320e5,RECEIVE,DATA,108,1060,""
475.222,receiver,af416b39-8b0b-4383-b8fd-ab44d75320e5,ACCEPT_DATA,DATA,108,1024,"unique file bytes received"
475.227,receiver,af416b39-8b0b-4383-b8fd-ab44d75320e5,SEND,ACK,108,36,""
475.239,receiver,af416b39-8b0b-4383-b8fd-ab44d75320e5,RECEIVE,DATA,127,1060,""
475.246,receiver,af416b39-8b0b-4383-b8fd-ab44d75320e5,OUT_OF_ORDER,DATA,127,0,"arrived before missing sequence=111"
475.251,receiver,af416b39-8b0b-4383-b8fd-ab44d75320e5,ACCEPT_DATA,DATA,127,1024,"unique file bytes received"
475.257,receiver,af416b39-8b0b-4383-b8fd-ab44d75320e5,SEND,ACK,127,36,""
475.268,receiver,af416b39-8b0b-4383-b8fd-ab44d75320e5,RECEIVE,DATA,113,1060,""
475.275,receiver,af416b39-8b0b-4383-b8fd-ab44d75320e5,OUT_OF_ORDER,DATA,113,0,"arrived before missing sequence=111"
475.280,receiver,af416b39-8b0b-4383-b8fd-ab44d75320e5,ACCEPT_DATA,DATA,113,1024,"unique file bytes received"
475.286,receiver,af416b39-8b0b-4383-b8fd-ab44d75320e5,SEND,ACK,113,36,""
490.601,receiver,af416b39-8b0b-4383-b8fd-ab44d75320e5,EMIT,ACK,98,36,""
490.665,receiver,af416b39-8b0b-4383-b8fd-ab44d75320e5,EMIT,ACK,100,36,""
490.818,receiver,af416b39-8b0b-4383-b8fd-ab44d75320e5,RECEIVE,DATA,125,1060,""
490.837,receiver,af416b39-8b0b-4383-b8fd-ab44d75320e5,OUT_OF_ORDER,DATA,125,0,"arrived before missing sequence=111"
490.844,receiver,af416b39-8b0b-4383-b8fd-ab44d75320e5,ACCEPT_DATA,DATA,125,1024,"unique file bytes received"
490.849,receiver,af416b39-8b0b-4383-b8fd-ab44d75320e5,SEND,ACK,125,36,""
490.887,receiver,af416b39-8b0b-4383-b8fd-ab44d75320e5,RECEIVE,DATA,117,1060,""
490.894,receiver,af416b39-8b0b-4383-b8fd-ab44d75320e5,OUT_OF_ORDER,DATA,117,0,"arrived before missing sequence=111"
490.898,receiver,af416b39-8b0b-4383-b8fd-ab44d75320e5,ACCEPT_DATA,DATA,117,1024,"unique file bytes received"
490.903,receiver,af416b39-8b0b-4383-b8fd-ab44d75320e5,SEND,ACK,117,36,""
490.912,receiver,af416b39-8b0b-4383-b8fd-ab44d75320e5,RECEIVE,DATA,122,1060,""
490.959,receiver,af416b39-8b0b-4383-b8fd-ab44d75320e5,OUT_OF_ORDER,DATA,122,0,"arrived before missing sequence=111"
490.963,receiver,af416b39-8b0b-4383-b8fd-ab44d75320e5,ACCEPT_DATA,DATA,122,1024,"unique file bytes received"
490.967,receiver,af416b39-8b0b-4383-b8fd-ab44d75320e5,SEND,ACK,122,36,""
490.977,receiver,af416b39-8b0b-4383-b8fd-ab44d75320e5,RECEIVE,DATA,119,1060,""
490.982,receiver,af416b39-8b0b-4383-b8fd-ab44d75320e5,OUT_OF_ORDER,DATA,119,0,"arrived before missing sequence=111"
490.986,receiver,af416b39-8b0b-4383-b8fd-ab44d75320e5,ACCEPT_DATA,DATA,119,1024,"unique file bytes received"
490.990,receiver,af416b39-8b0b-4383-b8fd-ab44d75320e5,SEND,ACK,119,36,""
490.999,receiver,af416b39-8b0b-4383-b8fd-ab44d75320e5,RECEIVE,DATA,116,1060,""
491.014,receiver,af416b39-8b0b-4383-b8fd-ab44d75320e5,OUT_OF_ORDER,DATA,116,0,"arrived before missing sequence=111"
491.019,receiver,af416b39-8b0b-4383-b8fd-ab44d75320e5,ACCEPT_DATA,DATA,116,1024,"unique file bytes received"
491.023,receiver,af416b39-8b0b-4383-b8fd-ab44d75320e5,SEND,ACK,116,36,""
491.032,receiver,af416b39-8b0b-4383-b8fd-ab44d75320e5,RECEIVE,DATA,118,1060,""
491.037,receiver,af416b39-8b0b-4383-b8fd-ab44d75320e5,OUT_OF_ORDER,DATA,118,0,"arrived before missing sequence=111"
491.041,receiver,af416b39-8b0b-4383-b8fd-ab44d75320e5,ACCEPT_DATA,DATA,118,1024,"unique file bytes received"
491.045,receiver,af416b39-8b0b-4383-b8fd-ab44d75320e5,SEND,ACK,118,36,""
491.054,receiver,af416b39-8b0b-4383-b8fd-ab44d75320e5,RECEIVE,DATA,112,1060,""
491.059,receiver,af416b39-8b0b-4383-b8fd-ab44d75320e5,OUT_OF_ORDER,DATA,112,0,"arrived before missing sequence=111"
491.063,receiver,af416b39-8b0b-4383-b8fd-ab44d75320e5,ACCEPT_DATA,DATA,112,1024,"unique file bytes received"
491.067,receiver,af416b39-8b0b-4383-b8fd-ab44d75320e5,SEND,ACK,112,36,""
491.088,receiver,af416b39-8b0b-4383-b8fd-ab44d75320e5,RECEIVE,DATA,121,1060,""
491.093,receiver,af416b39-8b0b-4383-b8fd-ab44d75320e5,OUT_OF_ORDER,DATA,121,0,"arrived before missing sequence=111"
491.097,receiver,af416b39-8b0b-4383-b8fd-ab44d75320e5,ACCEPT_DATA,DATA,121,1024,"unique file bytes received"
491.102,receiver,af416b39-8b0b-4383-b8fd-ab44d75320e5,SEND,ACK,121,36,""
491.110,receiver,af416b39-8b0b-4383-b8fd-ab44d75320e5,RECEIVE,DATA,111,1060,""
491.115,receiver,af416b39-8b0b-4383-b8fd-ab44d75320e5,ACCEPT_DATA,DATA,111,1024,"unique file bytes received"
491.119,receiver,af416b39-8b0b-4383-b8fd-ab44d75320e5,SEND,ACK,111,36,""
491.128,receiver,af416b39-8b0b-4383-b8fd-ab44d75320e5,RECEIVE,DATA,115,1060,""
491.133,receiver,af416b39-8b0b-4383-b8fd-ab44d75320e5,OUT_OF_ORDER,DATA,115,0,"arrived before missing sequence=114"
491.137,receiver,af416b39-8b0b-4383-b8fd-ab44d75320e5,ACCEPT_DATA,DATA,115,1024,"unique file bytes received"
491.141,receiver,af416b39-8b0b-4383-b8fd-ab44d75320e5,SEND,ACK,115,36,""
506.357,receiver,af416b39-8b0b-4383-b8fd-ab44d75320e5,EMIT,ACK,103,36,""
506.419,receiver,af416b39-8b0b-4383-b8fd-ab44d75320e5,EMIT,ACK,101,36,""
506.430,receiver,af416b39-8b0b-4383-b8fd-ab44d75320e5,EMIT,ACK,102,36,""
506.439,receiver,af416b39-8b0b-4383-b8fd-ab44d75320e5,EMIT,ACK,105,36,""
506.451,receiver,af416b39-8b0b-4383-b8fd-ab44d75320e5,RECEIVE,DATA,120,1060,""
506.461,receiver,af416b39-8b0b-4383-b8fd-ab44d75320e5,EMIT,ACK,99,36,""
506.465,receiver,af416b39-8b0b-4383-b8fd-ab44d75320e5,OUT_OF_ORDER,DATA,120,0,"arrived before missing sequence=114"
506.469,receiver,af416b39-8b0b-4383-b8fd-ab44d75320e5,ACCEPT_DATA,DATA,120,1024,"unique file bytes received"
506.473,receiver,af416b39-8b0b-4383-b8fd-ab44d75320e5,EMIT,ACK,109,36,""
506.476,receiver,af416b39-8b0b-4383-b8fd-ab44d75320e5,SEND,ACK,120,36,""
506.496,receiver,af416b39-8b0b-4383-b8fd-ab44d75320e5,RECEIVE,DATA,124,1060,""
506.500,receiver,af416b39-8b0b-4383-b8fd-ab44d75320e5,OUT_OF_ORDER,DATA,124,0,"arrived before missing sequence=114"
506.503,receiver,af416b39-8b0b-4383-b8fd-ab44d75320e5,ACCEPT_DATA,DATA,124,1024,"unique file bytes received"
506.505,receiver,af416b39-8b0b-4383-b8fd-ab44d75320e5,SEND,ACK,124,36,""
506.512,receiver,af416b39-8b0b-4383-b8fd-ab44d75320e5,RECEIVE,DATA,114,1060,""
506.515,receiver,af416b39-8b0b-4383-b8fd-ab44d75320e5,ACCEPT_DATA,DATA,114,1024,"unique file bytes received"
506.517,receiver,af416b39-8b0b-4383-b8fd-ab44d75320e5,SEND,ACK,114,36,""
506.523,receiver,af416b39-8b0b-4383-b8fd-ab44d75320e5,RECEIVE,DATA,129,1060,""
506.526,receiver,af416b39-8b0b-4383-b8fd-ab44d75320e5,OUT_OF_ORDER,DATA,129,0,"arrived before missing sequence=128"
506.529,receiver,af416b39-8b0b-4383-b8fd-ab44d75320e5,ACCEPT_DATA,DATA,129,1024,"unique file bytes received"
506.541,receiver,af416b39-8b0b-4383-b8fd-ab44d75320e5,SEND,ACK,129,36,""
521.485,receiver,af416b39-8b0b-4383-b8fd-ab44d75320e5,EMIT,ACK,107,36,""
521.516,receiver,af416b39-8b0b-4383-b8fd-ab44d75320e5,EMIT,ACK,104,36,""
521.526,receiver,af416b39-8b0b-4383-b8fd-ab44d75320e5,EMIT,ACK,126,36,""
521.535,receiver,af416b39-8b0b-4383-b8fd-ab44d75320e5,EMIT,ACK,108,36,""
521.543,receiver,af416b39-8b0b-4383-b8fd-ab44d75320e5,RECEIVE,DATA,128,1060,""
521.553,receiver,af416b39-8b0b-4383-b8fd-ab44d75320e5,EMIT,ACK,110,36,""
521.557,receiver,af416b39-8b0b-4383-b8fd-ab44d75320e5,ACCEPT_DATA,DATA,128,1024,"unique file bytes received"
521.561,receiver,af416b39-8b0b-4383-b8fd-ab44d75320e5,SEND,ACK,128,36,""
521.564,receiver,af416b39-8b0b-4383-b8fd-ab44d75320e5,EMIT,ACK,123,36,""
521.573,receiver,af416b39-8b0b-4383-b8fd-ab44d75320e5,EMIT,ACK,122,36,""
521.581,receiver,af416b39-8b0b-4383-b8fd-ab44d75320e5,EMIT,ACK,116,36,""
521.590,receiver,af416b39-8b0b-4383-b8fd-ab44d75320e5,EMIT,ACK,127,36,""
521.608,receiver,af416b39-8b0b-4383-b8fd-ab44d75320e5,EMIT,ACK,125,36,""
521.616,receiver,af416b39-8b0b-4383-b8fd-ab44d75320e5,EMIT,ACK,113,36,""
521.842,receiver,af416b39-8b0b-4383-b8fd-ab44d75320e5,RECEIVE,DATA,130,1060,""
521.853,receiver,af416b39-8b0b-4383-b8fd-ab44d75320e5,ACCEPT_DATA,DATA,130,1024,"unique file bytes received"
521.857,receiver,af416b39-8b0b-4383-b8fd-ab44d75320e5,SEND,ACK,130,36,""
536.976,receiver,af416b39-8b0b-4383-b8fd-ab44d75320e5,RECEIVE,DATA,133,1060,""
536.997,receiver,af416b39-8b0b-4383-b8fd-ab44d75320e5,OUT_OF_ORDER,DATA,133,0,"arrived before missing sequence=131"
537.001,receiver,af416b39-8b0b-4383-b8fd-ab44d75320e5,ACCEPT_DATA,DATA,133,1024,"unique file bytes received"
537.004,receiver,af416b39-8b0b-4383-b8fd-ab44d75320e5,SEND,ACK,133,36,""
537.020,receiver,af416b39-8b0b-4383-b8fd-ab44d75320e5,EMIT,ACK,117,36,""
537.039,receiver,af416b39-8b0b-4383-b8fd-ab44d75320e5,EMIT,ACK,118,36,""
537.048,receiver,af416b39-8b0b-4383-b8fd-ab44d75320e5,EMIT,ACK,111,36,""
537.057,receiver,af416b39-8b0b-4383-b8fd-ab44d75320e5,EMIT,ACK,112,36,""
537.071,receiver,af416b39-8b0b-4383-b8fd-ab44d75320e5,EMIT,ACK,119,36,""
537.079,receiver,af416b39-8b0b-4383-b8fd-ab44d75320e5,EMIT,ACK,121,36,""
551.825,receiver,af416b39-8b0b-4383-b8fd-ab44d75320e5,RECEIVE,DATA,132,1060,""
551.843,receiver,af416b39-8b0b-4383-b8fd-ab44d75320e5,OUT_OF_ORDER,DATA,132,0,"arrived before missing sequence=131"
551.856,receiver,af416b39-8b0b-4383-b8fd-ab44d75320e5,ACCEPT_DATA,DATA,132,1024,"unique file bytes received"
551.860,receiver,af416b39-8b0b-4383-b8fd-ab44d75320e5,SEND,ACK,132,36,""
551.878,receiver,af416b39-8b0b-4383-b8fd-ab44d75320e5,RECEIVE,DATA,135,1060,""
551.882,receiver,af416b39-8b0b-4383-b8fd-ab44d75320e5,OUT_OF_ORDER,DATA,135,0,"arrived before missing sequence=131"
551.885,receiver,af416b39-8b0b-4383-b8fd-ab44d75320e5,ACCEPT_DATA,DATA,135,1024,"unique file bytes received"
551.888,receiver,af416b39-8b0b-4383-b8fd-ab44d75320e5,SEND,ACK,135,36,""
551.900,receiver,af416b39-8b0b-4383-b8fd-ab44d75320e5,RECEIVE,DATA,138,1060,""
551.904,receiver,af416b39-8b0b-4383-b8fd-ab44d75320e5,OUT_OF_ORDER,DATA,138,0,"arrived before missing sequence=131"
551.907,receiver,af416b39-8b0b-4383-b8fd-ab44d75320e5,ACCEPT_DATA,DATA,138,1024,"unique file bytes received"
551.910,receiver,af416b39-8b0b-4383-b8fd-ab44d75320e5,SEND,ACK,138,36,""
551.914,receiver,af416b39-8b0b-4383-b8fd-ab44d75320e5,EMIT,ACK,115,36,""
551.925,receiver,af416b39-8b0b-4383-b8fd-ab44d75320e5,RECEIVE,DATA,131,1060,""
551.977,receiver,af416b39-8b0b-4383-b8fd-ab44d75320e5,ACCEPT_DATA,DATA,131,1024,"unique file bytes received"
551.980,receiver,af416b39-8b0b-4383-b8fd-ab44d75320e5,SEND,ACK,131,36,""
552.079,receiver,af416b39-8b0b-4383-b8fd-ab44d75320e5,EMIT,ACK,129,36,""
567.215,receiver,af416b39-8b0b-4383-b8fd-ab44d75320e5,RECEIVE,DATA,134,1060,""
567.229,receiver,af416b39-8b0b-4383-b8fd-ab44d75320e5,ACCEPT_DATA,DATA,134,1024,"unique file bytes received"
567.234,receiver,af416b39-8b0b-4383-b8fd-ab44d75320e5,SEND,ACK,134,36,""
567.255,receiver,af416b39-8b0b-4383-b8fd-ab44d75320e5,RECEIVE,DATA,137,1060,""
567.259,receiver,af416b39-8b0b-4383-b8fd-ab44d75320e5,OUT_OF_ORDER,DATA,137,0,"arrived before missing sequence=136"
567.262,receiver,af416b39-8b0b-4383-b8fd-ab44d75320e5,ACCEPT_DATA,DATA,137,1024,"unique file bytes received"
567.265,receiver,af416b39-8b0b-4383-b8fd-ab44d75320e5,SEND,ACK,137,36,""
567.311,receiver,af416b39-8b0b-4383-b8fd-ab44d75320e5,EMIT,ACK,124,36,""
567.342,receiver,af416b39-8b0b-4383-b8fd-ab44d75320e5,EMIT,ACK,114,36,""
567.370,receiver,af416b39-8b0b-4383-b8fd-ab44d75320e5,EMIT,ACK,120,36,""
567.379,receiver,af416b39-8b0b-4383-b8fd-ab44d75320e5,RECEIVE,DATA,144,1060,""
567.383,receiver,af416b39-8b0b-4383-b8fd-ab44d75320e5,EMIT,ACK,128,36,""
567.387,receiver,af416b39-8b0b-4383-b8fd-ab44d75320e5,OUT_OF_ORDER,DATA,144,0,"arrived before missing sequence=136"
567.391,receiver,af416b39-8b0b-4383-b8fd-ab44d75320e5,ACCEPT_DATA,DATA,144,1024,"unique file bytes received"
567.395,receiver,af416b39-8b0b-4383-b8fd-ab44d75320e5,EMIT,ACK,130,36,""
567.399,receiver,af416b39-8b0b-4383-b8fd-ab44d75320e5,SEND,ACK,144,36,""
567.459,receiver,af416b39-8b0b-4383-b8fd-ab44d75320e5,RECEIVE,DATA,142,1060,""
567.472,receiver,af416b39-8b0b-4383-b8fd-ab44d75320e5,OUT_OF_ORDER,DATA,142,0,"arrived before missing sequence=136"
567.476,receiver,af416b39-8b0b-4383-b8fd-ab44d75320e5,ACCEPT_DATA,DATA,142,1024,"unique file bytes received"
567.480,receiver,af416b39-8b0b-4383-b8fd-ab44d75320e5,SEND,ACK,142,36,""
567.494,receiver,af416b39-8b0b-4383-b8fd-ab44d75320e5,RECEIVE,DATA,136,1060,""
567.501,receiver,af416b39-8b0b-4383-b8fd-ab44d75320e5,ACCEPT_DATA,DATA,136,1024,"unique file bytes received"
567.508,receiver,af416b39-8b0b-4383-b8fd-ab44d75320e5,SEND,ACK,136,36,""
567.514,receiver,af416b39-8b0b-4383-b8fd-ab44d75320e5,RECEIVE,DATA,141,1060,""
567.517,receiver,af416b39-8b0b-4383-b8fd-ab44d75320e5,OUT_OF_ORDER,DATA,141,0,"arrived before missing sequence=139"
567.520,receiver,af416b39-8b0b-4383-b8fd-ab44d75320e5,ACCEPT_DATA,DATA,141,1024,"unique file bytes received"
567.523,receiver,af416b39-8b0b-4383-b8fd-ab44d75320e5,SEND,ACK,141,36,""
582.684,receiver,af416b39-8b0b-4383-b8fd-ab44d75320e5,EMIT,ACK,132,36,""
582.806,receiver,af416b39-8b0b-4383-b8fd-ab44d75320e5,RECEIVE,DATA,139,1060,""
582.822,receiver,af416b39-8b0b-4383-b8fd-ab44d75320e5,ACCEPT_DATA,DATA,139,1024,"unique file bytes received"
582.828,receiver,af416b39-8b0b-4383-b8fd-ab44d75320e5,SEND,ACK,139,36,""
582.854,receiver,af416b39-8b0b-4383-b8fd-ab44d75320e5,RECEIVE,DATA,140,1060,""
582.860,receiver,af416b39-8b0b-4383-b8fd-ab44d75320e5,ACCEPT_DATA,DATA,140,1024,"unique file bytes received"
582.864,receiver,af416b39-8b0b-4383-b8fd-ab44d75320e5,SEND,ACK,140,36,""
582.876,receiver,af416b39-8b0b-4383-b8fd-ab44d75320e5,RECEIVE,DATA,145,1060,""
582.881,receiver,af416b39-8b0b-4383-b8fd-ab44d75320e5,OUT_OF_ORDER,DATA,145,0,"arrived before missing sequence=143"
582.897,receiver,af416b39-8b0b-4383-b8fd-ab44d75320e5,ACCEPT_DATA,DATA,145,1024,"unique file bytes received"
582.901,receiver,af416b39-8b0b-4383-b8fd-ab44d75320e5,SEND,ACK,145,36,""
598.731,receiver,af416b39-8b0b-4383-b8fd-ab44d75320e5,EMIT,ACK,133,36,""
598.753,receiver,af416b39-8b0b-4383-b8fd-ab44d75320e5,RECEIVE,DATA,143,1060,""
598.766,receiver,af416b39-8b0b-4383-b8fd-ab44d75320e5,EMIT,ACK,131,36,""
598.771,receiver,af416b39-8b0b-4383-b8fd-ab44d75320e5,ACCEPT_DATA,DATA,143,1024,"unique file bytes received"
598.777,receiver,af416b39-8b0b-4383-b8fd-ab44d75320e5,SEND,ACK,143,36,""
598.782,receiver,af416b39-8b0b-4383-b8fd-ab44d75320e5,EMIT,ACK,135,36,""
598.809,receiver,af416b39-8b0b-4383-b8fd-ab44d75320e5,RECEIVE,DATA,156,1060,""
598.814,receiver,af416b39-8b0b-4383-b8fd-ab44d75320e5,OUT_OF_ORDER,DATA,156,0,"arrived before missing sequence=146"
598.819,receiver,af416b39-8b0b-4383-b8fd-ab44d75320e5,ACCEPT_DATA,DATA,156,1024,"unique file bytes received"
598.823,receiver,af416b39-8b0b-4383-b8fd-ab44d75320e5,SEND,ACK,156,36,""
598.831,receiver,af416b39-8b0b-4383-b8fd-ab44d75320e5,RECEIVE,DATA,154,1060,""
598.900,receiver,af416b39-8b0b-4383-b8fd-ab44d75320e5,OUT_OF_ORDER,DATA,154,0,"arrived before missing sequence=146"
598.905,receiver,af416b39-8b0b-4383-b8fd-ab44d75320e5,ACCEPT_DATA,DATA,154,1024,"unique file bytes received"
598.909,receiver,af416b39-8b0b-4383-b8fd-ab44d75320e5,SEND,ACK,154,36,""
598.919,receiver,af416b39-8b0b-4383-b8fd-ab44d75320e5,RECEIVE,DATA,161,1060,""
598.924,receiver,af416b39-8b0b-4383-b8fd-ab44d75320e5,OUT_OF_ORDER,DATA,161,0,"arrived before missing sequence=146"
598.928,receiver,af416b39-8b0b-4383-b8fd-ab44d75320e5,ACCEPT_DATA,DATA,161,1024,"unique file bytes received"
598.931,receiver,af416b39-8b0b-4383-b8fd-ab44d75320e5,SEND,ACK,161,36,""
598.944,receiver,af416b39-8b0b-4383-b8fd-ab44d75320e5,RECEIVE,DATA,150,1060,""
598.948,receiver,af416b39-8b0b-4383-b8fd-ab44d75320e5,OUT_OF_ORDER,DATA,150,0,"arrived before missing sequence=146"
598.952,receiver,af416b39-8b0b-4383-b8fd-ab44d75320e5,ACCEPT_DATA,DATA,150,1024,"unique file bytes received"
598.955,receiver,af416b39-8b0b-4383-b8fd-ab44d75320e5,SEND,ACK,150,36,""
598.963,receiver,af416b39-8b0b-4383-b8fd-ab44d75320e5,RECEIVE,DATA,148,1060,""
598.967,receiver,af416b39-8b0b-4383-b8fd-ab44d75320e5,OUT_OF_ORDER,DATA,148,0,"arrived before missing sequence=146"
598.970,receiver,af416b39-8b0b-4383-b8fd-ab44d75320e5,ACCEPT_DATA,DATA,148,1024,"unique file bytes received"
598.974,receiver,af416b39-8b0b-4383-b8fd-ab44d75320e5,SEND,ACK,148,36,""
598.981,receiver,af416b39-8b0b-4383-b8fd-ab44d75320e5,RECEIVE,DATA,152,1060,""
598.986,receiver,af416b39-8b0b-4383-b8fd-ab44d75320e5,OUT_OF_ORDER,DATA,152,0,"arrived before missing sequence=146"
598.989,receiver,af416b39-8b0b-4383-b8fd-ab44d75320e5,ACCEPT_DATA,DATA,152,1024,"unique file bytes received"
598.993,receiver,af416b39-8b0b-4383-b8fd-ab44d75320e5,SEND,ACK,152,36,""
599.001,receiver,af416b39-8b0b-4383-b8fd-ab44d75320e5,RECEIVE,DATA,155,1060,""
599.005,receiver,af416b39-8b0b-4383-b8fd-ab44d75320e5,OUT_OF_ORDER,DATA,155,0,"arrived before missing sequence=146"
599.008,receiver,af416b39-8b0b-4383-b8fd-ab44d75320e5,ACCEPT_DATA,DATA,155,1024,"unique file bytes received"
599.012,receiver,af416b39-8b0b-4383-b8fd-ab44d75320e5,SEND,ACK,155,36,""
614.411,receiver,af416b39-8b0b-4383-b8fd-ab44d75320e5,EMIT,ACK,136,36,""
614.434,receiver,af416b39-8b0b-4383-b8fd-ab44d75320e5,RECEIVE,DATA,146,1060,""
614.444,receiver,af416b39-8b0b-4383-b8fd-ab44d75320e5,EMIT,ACK,138,36,""
614.448,receiver,af416b39-8b0b-4383-b8fd-ab44d75320e5,ACCEPT_DATA,DATA,146,1024,"unique file bytes received"
614.452,receiver,af416b39-8b0b-4383-b8fd-ab44d75320e5,SEND,ACK,146,36,""
614.455,receiver,af416b39-8b0b-4383-b8fd-ab44d75320e5,EMIT,ACK,141,36,""
614.466,receiver,af416b39-8b0b-4383-b8fd-ab44d75320e5,EMIT,ACK,134,36,""
614.469,receiver,af416b39-8b0b-4383-b8fd-ab44d75320e5,RECEIVE,DATA,159,1060,""
614.472,receiver,af416b39-8b0b-4383-b8fd-ab44d75320e5,OUT_OF_ORDER,DATA,159,0,"arrived before missing sequence=147"
614.475,receiver,af416b39-8b0b-4383-b8fd-ab44d75320e5,ACCEPT_DATA,DATA,159,1024,"unique file bytes received"
614.478,receiver,af416b39-8b0b-4383-b8fd-ab44d75320e5,EMIT,ACK,137,36,""
614.481,receiver,af416b39-8b0b-4383-b8fd-ab44d75320e5,SEND,ACK,159,36,""
614.488,receiver,af416b39-8b0b-4383-b8fd-ab44d75320e5,RECEIVE,DATA,147,1060,""
614.491,receiver,af416b39-8b0b-4383-b8fd-ab44d75320e5,EMIT,ACK,144,36,""
614.494,receiver,af416b39-8b0b-4383-b8fd-ab44d75320e5,ACCEPT_DATA,DATA,147,1024,"unique file bytes received"
614.496,receiver,af416b39-8b0b-4383-b8fd-ab44d75320e5,SEND,ACK,147,36,""
614.500,receiver,af416b39-8b0b-4383-b8fd-ab44d75320e5,EMIT,ACK,142,36,""
614.653,receiver,af416b39-8b0b-4383-b8fd-ab44d75320e5,RECEIVE,DATA,153,1060,""
614.664,receiver,af416b39-8b0b-4383-b8fd-ab44d75320e5,OUT_OF_ORDER,DATA,153,0,"arrived before missing sequence=149"
614.668,receiver,af416b39-8b0b-4383-b8fd-ab44d75320e5,ACCEPT_DATA,DATA,153,1024,"unique file bytes received"
614.671,receiver,af416b39-8b0b-4383-b8fd-ab44d75320e5,SEND,ACK,153,36,""
614.694,receiver,af416b39-8b0b-4383-b8fd-ab44d75320e5,RECEIVE,DATA,149,1060,""
614.697,receiver,af416b39-8b0b-4383-b8fd-ab44d75320e5,ACCEPT_DATA,DATA,149,1024,"unique file bytes received"
614.700,receiver,af416b39-8b0b-4383-b8fd-ab44d75320e5,SEND,ACK,149,36,""
614.706,receiver,af416b39-8b0b-4383-b8fd-ab44d75320e5,RECEIVE,DATA,151,1060,""
614.709,receiver,af416b39-8b0b-4383-b8fd-ab44d75320e5,ACCEPT_DATA,DATA,151,1024,"unique file bytes received"
614.711,receiver,af416b39-8b0b-4383-b8fd-ab44d75320e5,SEND,ACK,151,36,""
614.717,receiver,af416b39-8b0b-4383-b8fd-ab44d75320e5,RECEIVE,DATA,158,1060,""
614.719,receiver,af416b39-8b0b-4383-b8fd-ab44d75320e5,OUT_OF_ORDER,DATA,158,0,"arrived before missing sequence=157"
614.722,receiver,af416b39-8b0b-4383-b8fd-ab44d75320e5,ACCEPT_DATA,DATA,158,1024,"unique file bytes received"
614.725,receiver,af416b39-8b0b-4383-b8fd-ab44d75320e5,SEND,ACK,158,36,""
614.730,receiver,af416b39-8b0b-4383-b8fd-ab44d75320e5,RECEIVE,DATA,160,1060,""
614.733,receiver,af416b39-8b0b-4383-b8fd-ab44d75320e5,OUT_OF_ORDER,DATA,160,0,"arrived before missing sequence=157"
614.735,receiver,af416b39-8b0b-4383-b8fd-ab44d75320e5,ACCEPT_DATA,DATA,160,1024,"unique file bytes received"
614.738,receiver,af416b39-8b0b-4383-b8fd-ab44d75320e5,SEND,ACK,160,36,""
614.743,receiver,af416b39-8b0b-4383-b8fd-ab44d75320e5,RECEIVE,DATA,157,1060,""
614.746,receiver,af416b39-8b0b-4383-b8fd-ab44d75320e5,ACCEPT_DATA,DATA,157,1024,"unique file bytes received"
614.748,receiver,af416b39-8b0b-4383-b8fd-ab44d75320e5,SEND,ACK,157,36,""
629.734,receiver,af416b39-8b0b-4383-b8fd-ab44d75320e5,EMIT,ACK,154,36,""
629.791,receiver,af416b39-8b0b-4383-b8fd-ab44d75320e5,EMIT,ACK,139,36,""
629.925,receiver,af416b39-8b0b-4383-b8fd-ab44d75320e5,RECEIVE,DATA,162,1060,""
629.942,receiver,af416b39-8b0b-4383-b8fd-ab44d75320e5,ACCEPT_DATA,DATA,162,1024,"unique file bytes received"
629.946,receiver,af416b39-8b0b-4383-b8fd-ab44d75320e5,SEND,ACK,162,36,""
630.173,receiver,af416b39-8b0b-4383-b8fd-ab44d75320e5,RECEIVE,DATA,163,1060,""
630.197,receiver,af416b39-8b0b-4383-b8fd-ab44d75320e5,ACCEPT_DATA,DATA,163,1024,"unique file bytes received"
630.205,receiver,af416b39-8b0b-4383-b8fd-ab44d75320e5,SEND,ACK,163,36,""
645.087,receiver,af416b39-8b0b-4383-b8fd-ab44d75320e5,EMIT,ACK,140,36,""
645.139,receiver,af416b39-8b0b-4383-b8fd-ab44d75320e5,EMIT,ACK,148,36,""
645.156,receiver,af416b39-8b0b-4383-b8fd-ab44d75320e5,EMIT,ACK,145,36,""
645.193,receiver,af416b39-8b0b-4383-b8fd-ab44d75320e5,EMIT,ACK,150,36,""
645.262,receiver,af416b39-8b0b-4383-b8fd-ab44d75320e5,RECEIVE,DATA,164,1060,""
645.275,receiver,af416b39-8b0b-4383-b8fd-ab44d75320e5,ACCEPT_DATA,DATA,164,1024,"unique file bytes received"
645.278,receiver,af416b39-8b0b-4383-b8fd-ab44d75320e5,SEND,ACK,164,36,""
645.281,receiver,af416b39-8b0b-4383-b8fd-ab44d75320e5,EMIT,ACK,152,36,""
645.292,receiver,af416b39-8b0b-4383-b8fd-ab44d75320e5,EMIT,ACK,143,36,""
645.295,receiver,af416b39-8b0b-4383-b8fd-ab44d75320e5,RECEIVE,DATA,165,1060,""
645.298,receiver,af416b39-8b0b-4383-b8fd-ab44d75320e5,ACCEPT_DATA,DATA,165,1024,"unique file bytes received"
645.301,receiver,af416b39-8b0b-4383-b8fd-ab44d75320e5,SEND,ACK,165,36,""
645.304,receiver,af416b39-8b0b-4383-b8fd-ab44d75320e5,EMIT,ACK,155,36,""
645.312,receiver,af416b39-8b0b-4383-b8fd-ab44d75320e5,EMIT,ACK,151,36,""
645.320,receiver,af416b39-8b0b-4383-b8fd-ab44d75320e5,EMIT,ACK,159,36,""
645.328,receiver,af416b39-8b0b-4383-b8fd-ab44d75320e5,EMIT,ACK,160,36,""
645.336,receiver,af416b39-8b0b-4383-b8fd-ab44d75320e5,EMIT,ACK,161,36,""
645.343,receiver,af416b39-8b0b-4383-b8fd-ab44d75320e5,EMIT,ACK,156,36,""
660.080,receiver,af416b39-8b0b-4383-b8fd-ab44d75320e5,EMIT,ACK,146,36,""
660.112,receiver,af416b39-8b0b-4383-b8fd-ab44d75320e5,EMIT,ACK,162,36,""
660.120,receiver,af416b39-8b0b-4383-b8fd-ab44d75320e5,RECEIVE,DATA,169,1060,""
660.145,receiver,af416b39-8b0b-4383-b8fd-ab44d75320e5,OUT_OF_ORDER,DATA,169,0,"arrived before missing sequence=166"
660.154,receiver,af416b39-8b0b-4383-b8fd-ab44d75320e5,ACCEPT_DATA,DATA,169,1024,"unique file bytes received"
660.161,receiver,af416b39-8b0b-4383-b8fd-ab44d75320e5,SEND,ACK,169,36,""
660.188,receiver,af416b39-8b0b-4383-b8fd-ab44d75320e5,RECEIVE,DATA,166,1060,""
660.196,receiver,af416b39-8b0b-4383-b8fd-ab44d75320e5,ACCEPT_DATA,DATA,166,1024,"unique file bytes received"
660.202,receiver,af416b39-8b0b-4383-b8fd-ab44d75320e5,SEND,ACK,166,36,""
660.214,receiver,af416b39-8b0b-4383-b8fd-ab44d75320e5,RECEIVE,DATA,167,1060,""
660.221,receiver,af416b39-8b0b-4383-b8fd-ab44d75320e5,ACCEPT_DATA,DATA,167,1024,"unique file bytes received"
660.327,receiver,af416b39-8b0b-4383-b8fd-ab44d75320e5,SEND,ACK,167,36,""
660.373,receiver,af416b39-8b0b-4383-b8fd-ab44d75320e5,RECEIVE,DATA,170,1060,""
660.384,receiver,af416b39-8b0b-4383-b8fd-ab44d75320e5,OUT_OF_ORDER,DATA,170,0,"arrived before missing sequence=168"
660.391,receiver,af416b39-8b0b-4383-b8fd-ab44d75320e5,ACCEPT_DATA,DATA,170,1024,"unique file bytes received"
660.397,receiver,af416b39-8b0b-4383-b8fd-ab44d75320e5,SEND,ACK,170,36,""
660.411,receiver,af416b39-8b0b-4383-b8fd-ab44d75320e5,RECEIVE,DATA,168,1060,""
660.418,receiver,af416b39-8b0b-4383-b8fd-ab44d75320e5,ACCEPT_DATA,DATA,168,1024,"unique file bytes received"
660.424,receiver,af416b39-8b0b-4383-b8fd-ab44d75320e5,SEND,ACK,168,36,""
675.522,receiver,af416b39-8b0b-4383-b8fd-ab44d75320e5,EMIT,ACK,157,36,""
675.566,receiver,af416b39-8b0b-4383-b8fd-ab44d75320e5,EMIT,ACK,163,36,""
675.582,receiver,af416b39-8b0b-4383-b8fd-ab44d75320e5,EMIT,ACK,153,36,""
675.598,receiver,af416b39-8b0b-4383-b8fd-ab44d75320e5,RECEIVE,DATA,171,1060,""
675.607,receiver,af416b39-8b0b-4383-b8fd-ab44d75320e5,EMIT,ACK,149,36,""
675.613,receiver,af416b39-8b0b-4383-b8fd-ab44d75320e5,ACCEPT_DATA,DATA,171,1024,"unique file bytes received"
675.617,receiver,af416b39-8b0b-4383-b8fd-ab44d75320e5,SEND,ACK,171,36,""
675.632,receiver,af416b39-8b0b-4383-b8fd-ab44d75320e5,EMIT,ACK,158,36,""
675.648,receiver,af416b39-8b0b-4383-b8fd-ab44d75320e5,EMIT,ACK,147,36,""
675.663,receiver,af416b39-8b0b-4383-b8fd-ab44d75320e5,EMIT,ACK,165,36,""
691.268,receiver,af416b39-8b0b-4383-b8fd-ab44d75320e5,EMIT,ACK,164,36,""
691.314,receiver,af416b39-8b0b-4383-b8fd-ab44d75320e5,RECEIVE,DATA,175,1060,""
691.326,receiver,af416b39-8b0b-4383-b8fd-ab44d75320e5,EMIT,ACK,170,36,""
691.330,receiver,af416b39-8b0b-4383-b8fd-ab44d75320e5,OUT_OF_ORDER,DATA,175,0,"arrived before missing sequence=172"
691.334,receiver,af416b39-8b0b-4383-b8fd-ab44d75320e5,ACCEPT_DATA,DATA,175,1024,"unique file bytes received"
691.337,receiver,af416b39-8b0b-4383-b8fd-ab44d75320e5,SEND,ACK,175,36,""
691.359,receiver,af416b39-8b0b-4383-b8fd-ab44d75320e5,RECEIVE,DATA,174,1060,""
691.362,receiver,af416b39-8b0b-4383-b8fd-ab44d75320e5,OUT_OF_ORDER,DATA,174,0,"arrived before missing sequence=172"
691.365,receiver,af416b39-8b0b-4383-b8fd-ab44d75320e5,ACCEPT_DATA,DATA,174,1024,"unique file bytes received"
691.368,receiver,af416b39-8b0b-4383-b8fd-ab44d75320e5,SEND,ACK,174,36,""
691.374,receiver,af416b39-8b0b-4383-b8fd-ab44d75320e5,RECEIVE,DATA,177,1060,""
691.377,receiver,af416b39-8b0b-4383-b8fd-ab44d75320e5,OUT_OF_ORDER,DATA,177,0,"arrived before missing sequence=172"
691.380,receiver,af416b39-8b0b-4383-b8fd-ab44d75320e5,ACCEPT_DATA,DATA,177,1024,"unique file bytes received"
691.382,receiver,af416b39-8b0b-4383-b8fd-ab44d75320e5,SEND,ACK,177,36,""
691.388,receiver,af416b39-8b0b-4383-b8fd-ab44d75320e5,RECEIVE,DATA,173,1060,""
691.391,receiver,af416b39-8b0b-4383-b8fd-ab44d75320e5,OUT_OF_ORDER,DATA,173,0,"arrived before missing sequence=172"
691.399,receiver,af416b39-8b0b-4383-b8fd-ab44d75320e5,ACCEPT_DATA,DATA,173,1024,"unique file bytes received"
691.402,receiver,af416b39-8b0b-4383-b8fd-ab44d75320e5,SEND,ACK,173,36,""
706.673,receiver,af416b39-8b0b-4383-b8fd-ab44d75320e5,EMIT,ACK,167,36,""
706.704,receiver,af416b39-8b0b-4383-b8fd-ab44d75320e5,EMIT,ACK,168,36,""
706.990,receiver,af416b39-8b0b-4383-b8fd-ab44d75320e5,RECEIVE,DATA,176,1060,""
707.005,receiver,af416b39-8b0b-4383-b8fd-ab44d75320e5,OUT_OF_ORDER,DATA,176,0,"arrived before missing sequence=172"
707.009,receiver,af416b39-8b0b-4383-b8fd-ab44d75320e5,ACCEPT_DATA,DATA,176,1024,"unique file bytes received"
707.012,receiver,af416b39-8b0b-4383-b8fd-ab44d75320e5,SEND,ACK,176,36,""
707.031,receiver,af416b39-8b0b-4383-b8fd-ab44d75320e5,RECEIVE,DATA,172,1060,""
707.035,receiver,af416b39-8b0b-4383-b8fd-ab44d75320e5,ACCEPT_DATA,DATA,172,1024,"unique file bytes received"
707.037,receiver,af416b39-8b0b-4383-b8fd-ab44d75320e5,SEND,ACK,172,36,""
707.043,receiver,af416b39-8b0b-4383-b8fd-ab44d75320e5,RECEIVE,DATA,178,1060,""
707.046,receiver,af416b39-8b0b-4383-b8fd-ab44d75320e5,ACCEPT_DATA,DATA,178,1024,"unique file bytes received"
707.049,receiver,af416b39-8b0b-4383-b8fd-ab44d75320e5,SEND,ACK,178,36,""
707.055,receiver,af416b39-8b0b-4383-b8fd-ab44d75320e5,RECEIVE,DATA,189,1060,""
707.058,receiver,af416b39-8b0b-4383-b8fd-ab44d75320e5,OUT_OF_ORDER,DATA,189,0,"arrived before missing sequence=179"
707.064,receiver,af416b39-8b0b-4383-b8fd-ab44d75320e5,ACCEPT_DATA,DATA,189,1024,"unique file bytes received"
707.067,receiver,af416b39-8b0b-4383-b8fd-ab44d75320e5,SEND,ACK,189,36,""
707.072,receiver,af416b39-8b0b-4383-b8fd-ab44d75320e5,RECEIVE,DATA,180,1060,""
707.075,receiver,af416b39-8b0b-4383-b8fd-ab44d75320e5,OUT_OF_ORDER,DATA,180,0,"arrived before missing sequence=179"
707.077,receiver,af416b39-8b0b-4383-b8fd-ab44d75320e5,ACCEPT_DATA,DATA,180,1024,"unique file bytes received"
707.080,receiver,af416b39-8b0b-4383-b8fd-ab44d75320e5,SEND,ACK,180,36,""
707.085,receiver,af416b39-8b0b-4383-b8fd-ab44d75320e5,RECEIVE,DATA,182,1060,""
707.088,receiver,af416b39-8b0b-4383-b8fd-ab44d75320e5,OUT_OF_ORDER,DATA,182,0,"arrived before missing sequence=179"
707.090,receiver,af416b39-8b0b-4383-b8fd-ab44d75320e5,ACCEPT_DATA,DATA,182,1024,"unique file bytes received"
707.093,receiver,af416b39-8b0b-4383-b8fd-ab44d75320e5,SEND,ACK,182,36,""
707.098,receiver,af416b39-8b0b-4383-b8fd-ab44d75320e5,RECEIVE,DATA,190,1060,""
707.101,receiver,af416b39-8b0b-4383-b8fd-ab44d75320e5,OUT_OF_ORDER,DATA,190,0,"arrived before missing sequence=179"
707.103,receiver,af416b39-8b0b-4383-b8fd-ab44d75320e5,ACCEPT_DATA,DATA,190,1024,"unique file bytes received"
707.106,receiver,af416b39-8b0b-4383-b8fd-ab44d75320e5,SEND,ACK,190,36,""
722.753,receiver,af416b39-8b0b-4383-b8fd-ab44d75320e5,EMIT,ACK,169,36,""
722.785,receiver,af416b39-8b0b-4383-b8fd-ab44d75320e5,EMIT,ACK,166,36,""
722.796,receiver,af416b39-8b0b-4383-b8fd-ab44d75320e5,EMIT,ACK,171,36,""
722.864,receiver,af416b39-8b0b-4383-b8fd-ab44d75320e5,RECEIVE,DATA,184,1060,""
722.881,receiver,af416b39-8b0b-4383-b8fd-ab44d75320e5,OUT_OF_ORDER,DATA,184,0,"arrived before missing sequence=179"
722.886,receiver,af416b39-8b0b-4383-b8fd-ab44d75320e5,ACCEPT_DATA,DATA,184,1024,"unique file bytes received"
722.890,receiver,af416b39-8b0b-4383-b8fd-ab44d75320e5,SEND,ACK,184,36,""
722.908,receiver,af416b39-8b0b-4383-b8fd-ab44d75320e5,RECEIVE,DATA,187,1060,""
722.912,receiver,af416b39-8b0b-4383-b8fd-ab44d75320e5,OUT_OF_ORDER,DATA,187,0,"arrived before missing sequence=179"
722.916,receiver,af416b39-8b0b-4383-b8fd-ab44d75320e5,ACCEPT_DATA,DATA,187,1024,"unique file bytes received"
722.919,receiver,af416b39-8b0b-4383-b8fd-ab44d75320e5,SEND,ACK,187,36,""
722.927,receiver,af416b39-8b0b-4383-b8fd-ab44d75320e5,RECEIVE,DATA,183,1060,""
722.931,receiver,af416b39-8b0b-4383-b8fd-ab44d75320e5,OUT_OF_ORDER,DATA,183,0,"arrived before missing sequence=179"
722.934,receiver,af416b39-8b0b-4383-b8fd-ab44d75320e5,ACCEPT_DATA,DATA,183,1024,"unique file bytes received"
722.937,receiver,af416b39-8b0b-4383-b8fd-ab44d75320e5,SEND,ACK,183,36,""
722.944,receiver,af416b39-8b0b-4383-b8fd-ab44d75320e5,RECEIVE,DATA,188,1060,""
722.948,receiver,af416b39-8b0b-4383-b8fd-ab44d75320e5,OUT_OF_ORDER,DATA,188,0,"arrived before missing sequence=179"
722.951,receiver,af416b39-8b0b-4383-b8fd-ab44d75320e5,ACCEPT_DATA,DATA,188,1024,"unique file bytes received"
722.954,receiver,af416b39-8b0b-4383-b8fd-ab44d75320e5,SEND,ACK,188,36,""
722.961,receiver,af416b39-8b0b-4383-b8fd-ab44d75320e5,RECEIVE,DATA,192,1060,""
722.964,receiver,af416b39-8b0b-4383-b8fd-ab44d75320e5,OUT_OF_ORDER,DATA,192,0,"arrived before missing sequence=179"
722.968,receiver,af416b39-8b0b-4383-b8fd-ab44d75320e5,ACCEPT_DATA,DATA,192,1024,"unique file bytes received"
722.971,receiver,af416b39-8b0b-4383-b8fd-ab44d75320e5,SEND,ACK,192,36,""
722.977,receiver,af416b39-8b0b-4383-b8fd-ab44d75320e5,RECEIVE,DATA,191,1060,""
722.981,receiver,af416b39-8b0b-4383-b8fd-ab44d75320e5,OUT_OF_ORDER,DATA,191,0,"arrived before missing sequence=179"
722.984,receiver,af416b39-8b0b-4383-b8fd-ab44d75320e5,ACCEPT_DATA,DATA,191,1024,"unique file bytes received"
722.987,receiver,af416b39-8b0b-4383-b8fd-ab44d75320e5,SEND,ACK,191,36,""
722.994,receiver,af416b39-8b0b-4383-b8fd-ab44d75320e5,RECEIVE,DATA,193,1060,""
722.998,receiver,af416b39-8b0b-4383-b8fd-ab44d75320e5,OUT_OF_ORDER,DATA,193,0,"arrived before missing sequence=179"
723.001,receiver,af416b39-8b0b-4383-b8fd-ab44d75320e5,ACCEPT_DATA,DATA,193,1024,"unique file bytes received"
723.004,receiver,af416b39-8b0b-4383-b8fd-ab44d75320e5,SEND,ACK,193,36,""
723.011,receiver,af416b39-8b0b-4383-b8fd-ab44d75320e5,RECEIVE,DATA,196,1060,""
723.015,receiver,af416b39-8b0b-4383-b8fd-ab44d75320e5,OUT_OF_ORDER,DATA,196,0,"arrived before missing sequence=179"
723.018,receiver,af416b39-8b0b-4383-b8fd-ab44d75320e5,ACCEPT_DATA,DATA,196,1024,"unique file bytes received"
723.021,receiver,af416b39-8b0b-4383-b8fd-ab44d75320e5,SEND,ACK,196,36,""
723.028,receiver,af416b39-8b0b-4383-b8fd-ab44d75320e5,RECEIVE,DATA,185,1060,""
723.031,receiver,af416b39-8b0b-4383-b8fd-ab44d75320e5,OUT_OF_ORDER,DATA,185,0,"arrived before missing sequence=179"
723.035,receiver,af416b39-8b0b-4383-b8fd-ab44d75320e5,ACCEPT_DATA,DATA,185,1024,"unique file bytes received"
723.038,receiver,af416b39-8b0b-4383-b8fd-ab44d75320e5,SEND,ACK,185,36,""
723.045,receiver,af416b39-8b0b-4383-b8fd-ab44d75320e5,RECEIVE,DATA,179,1060,""
723.048,receiver,af416b39-8b0b-4383-b8fd-ab44d75320e5,ACCEPT_DATA,DATA,179,1024,"unique file bytes received"
723.052,receiver,af416b39-8b0b-4383-b8fd-ab44d75320e5,SEND,ACK,179,36,""
723.058,receiver,af416b39-8b0b-4383-b8fd-ab44d75320e5,RECEIVE,DATA,194,1060,""
723.062,receiver,af416b39-8b0b-4383-b8fd-ab44d75320e5,OUT_OF_ORDER,DATA,194,0,"arrived before missing sequence=181"
723.065,receiver,af416b39-8b0b-4383-b8fd-ab44d75320e5,ACCEPT_DATA,DATA,194,1024,"unique file bytes received"
723.068,receiver,af416b39-8b0b-4383-b8fd-ab44d75320e5,SEND,ACK,194,36,""
738.728,receiver,af416b39-8b0b-4383-b8fd-ab44d75320e5,EMIT,ACK,177,36,""
738.791,receiver,af416b39-8b0b-4383-b8fd-ab44d75320e5,EMIT,ACK,174,36,""
738.809,receiver,af416b39-8b0b-4383-b8fd-ab44d75320e5,EMIT,ACK,175,36,""
738.834,receiver,af416b39-8b0b-4383-b8fd-ab44d75320e5,EMIT,ACK,173,36,""
738.849,receiver,af416b39-8b0b-4383-b8fd-ab44d75320e5,EMIT,ACK,172,36,""
738.930,receiver,af416b39-8b0b-4383-b8fd-ab44d75320e5,RECEIVE,DATA,181,1060,""
738.949,receiver,af416b39-8b0b-4383-b8fd-ab44d75320e5,ACCEPT_DATA,DATA,181,1024,"unique file bytes received"
738.954,receiver,af416b39-8b0b-4383-b8fd-ab44d75320e5,SEND,ACK,181,36,""
738.975,receiver,af416b39-8b0b-4383-b8fd-ab44d75320e5,RECEIVE,DATA,186,1060,""
738.980,receiver,af416b39-8b0b-4383-b8fd-ab44d75320e5,ACCEPT_DATA,DATA,186,1024,"unique file bytes received"
738.983,receiver,af416b39-8b0b-4383-b8fd-ab44d75320e5,SEND,ACK,186,36,""
738.990,receiver,af416b39-8b0b-4383-b8fd-ab44d75320e5,RECEIVE,DATA,195,1060,""
738.993,receiver,af416b39-8b0b-4383-b8fd-ab44d75320e5,ACCEPT_DATA,DATA,195,1024,"unique file bytes received"
738.996,receiver,af416b39-8b0b-4383-b8fd-ab44d75320e5,SEND,ACK,195,36,""
739.003,receiver,af416b39-8b0b-4383-b8fd-ab44d75320e5,RECEIVE,DATA,197,1060,""
739.007,receiver,af416b39-8b0b-4383-b8fd-ab44d75320e5,ACCEPT_DATA,DATA,197,1024,"unique file bytes received"
739.156,receiver,af416b39-8b0b-4383-b8fd-ab44d75320e5,SEND,ACK,197,36,""
754.361,receiver,af416b39-8b0b-4383-b8fd-ab44d75320e5,EMIT,ACK,176,36,""
754.404,receiver,af416b39-8b0b-4383-b8fd-ab44d75320e5,EMIT,ACK,192,36,""
754.413,receiver,af416b39-8b0b-4383-b8fd-ab44d75320e5,EMIT,ACK,180,36,""
754.421,receiver,af416b39-8b0b-4383-b8fd-ab44d75320e5,EMIT,ACK,182,36,""
754.430,receiver,af416b39-8b0b-4383-b8fd-ab44d75320e5,EMIT,ACK,190,36,""
754.438,receiver,af416b39-8b0b-4383-b8fd-ab44d75320e5,EMIT,ACK,189,36,""
754.447,receiver,af416b39-8b0b-4383-b8fd-ab44d75320e5,EMIT,ACK,185,36,""
754.658,receiver,af416b39-8b0b-4383-b8fd-ab44d75320e5,RECEIVE,DATA,199,1060,""
754.670,receiver,af416b39-8b0b-4383-b8fd-ab44d75320e5,OUT_OF_ORDER,DATA,199,0,"arrived before missing sequence=198"
754.674,receiver,af416b39-8b0b-4383-b8fd-ab44d75320e5,ACCEPT_DATA,DATA,199,1024,"unique file bytes received"
754.677,receiver,af416b39-8b0b-4383-b8fd-ab44d75320e5,SEND,ACK,199,36,""
754.691,receiver,af416b39-8b0b-4383-b8fd-ab44d75320e5,RECEIVE,DATA,200,1060,""
754.695,receiver,af416b39-8b0b-4383-b8fd-ab44d75320e5,OUT_OF_ORDER,DATA,200,0,"arrived before missing sequence=198"
754.697,receiver,af416b39-8b0b-4383-b8fd-ab44d75320e5,ACCEPT_DATA,DATA,200,1024,"unique file bytes received"
754.703,receiver,af416b39-8b0b-4383-b8fd-ab44d75320e5,SEND,ACK,200,36,""
769.902,receiver,af416b39-8b0b-4383-b8fd-ab44d75320e5,EMIT,ACK,179,36,""
769.930,receiver,af416b39-8b0b-4383-b8fd-ab44d75320e5,EMIT,ACK,178,36,""
769.943,receiver,af416b39-8b0b-4383-b8fd-ab44d75320e5,EMIT,ACK,191,36,""
769.952,receiver,af416b39-8b0b-4383-b8fd-ab44d75320e5,EMIT,ACK,184,36,""
769.961,receiver,af416b39-8b0b-4383-b8fd-ab44d75320e5,EMIT,ACK,183,36,""
769.969,receiver,af416b39-8b0b-4383-b8fd-ab44d75320e5,EMIT,ACK,187,36,""
769.972,receiver,af416b39-8b0b-4383-b8fd-ab44d75320e5,RECEIVE,DATA,202,1060,""
769.982,receiver,af416b39-8b0b-4383-b8fd-ab44d75320e5,EMIT,ACK,188,36,""
769.991,receiver,af416b39-8b0b-4383-b8fd-ab44d75320e5,OUT_OF_ORDER,DATA,202,0,"arrived before missing sequence=198"
769.996,receiver,af416b39-8b0b-4383-b8fd-ab44d75320e5,ACCEPT_DATA,DATA,202,1024,"unique file bytes received"
769.999,receiver,af416b39-8b0b-4383-b8fd-ab44d75320e5,SEND,ACK,202,36,""
770.014,receiver,af416b39-8b0b-4383-b8fd-ab44d75320e5,RECEIVE,DATA,206,1060,""
770.017,receiver,af416b39-8b0b-4383-b8fd-ab44d75320e5,OUT_OF_ORDER,DATA,206,0,"arrived before missing sequence=198"
770.020,receiver,af416b39-8b0b-4383-b8fd-ab44d75320e5,ACCEPT_DATA,DATA,206,1024,"unique file bytes received"
770.023,receiver,af416b39-8b0b-4383-b8fd-ab44d75320e5,SEND,ACK,206,36,""
784.913,receiver,af416b39-8b0b-4383-b8fd-ab44d75320e5,EMIT,ACK,194,36,""
784.942,receiver,af416b39-8b0b-4383-b8fd-ab44d75320e5,EMIT,ACK,193,36,""
784.952,receiver,af416b39-8b0b-4383-b8fd-ab44d75320e5,EMIT,ACK,196,36,""
784.990,receiver,af416b39-8b0b-4383-b8fd-ab44d75320e5,EMIT,ACK,195,36,""
784.998,receiver,af416b39-8b0b-4383-b8fd-ab44d75320e5,EMIT,ACK,181,36,""
785.002,receiver,af416b39-8b0b-4383-b8fd-ab44d75320e5,RECEIVE,DATA,198,1060,""
785.017,receiver,af416b39-8b0b-4383-b8fd-ab44d75320e5,EMIT,ACK,186,36,""
785.021,receiver,af416b39-8b0b-4383-b8fd-ab44d75320e5,ACCEPT_DATA,DATA,198,1024,"unique file bytes received"
785.025,receiver,af416b39-8b0b-4383-b8fd-ab44d75320e5,SEND,ACK,198,36,""
785.087,receiver,af416b39-8b0b-4383-b8fd-ab44d75320e5,RECEIVE,DATA,201,1060,""
785.100,receiver,af416b39-8b0b-4383-b8fd-ab44d75320e5,ACCEPT_DATA,DATA,201,1024,"unique file bytes received"
785.103,receiver,af416b39-8b0b-4383-b8fd-ab44d75320e5,SEND,ACK,201,36,""
785.126,receiver,af416b39-8b0b-4383-b8fd-ab44d75320e5,RECEIVE,DATA,204,1060,""
785.130,receiver,af416b39-8b0b-4383-b8fd-ab44d75320e5,OUT_OF_ORDER,DATA,204,0,"arrived before missing sequence=203"
785.133,receiver,af416b39-8b0b-4383-b8fd-ab44d75320e5,ACCEPT_DATA,DATA,204,1024,"unique file bytes received"
785.136,receiver,af416b39-8b0b-4383-b8fd-ab44d75320e5,SEND,ACK,204,36,""
785.142,receiver,af416b39-8b0b-4383-b8fd-ab44d75320e5,RECEIVE,DATA,203,1060,""
785.146,receiver,af416b39-8b0b-4383-b8fd-ab44d75320e5,ACCEPT_DATA,DATA,203,1024,"unique file bytes received"
785.148,receiver,af416b39-8b0b-4383-b8fd-ab44d75320e5,SEND,ACK,203,36,""
800.904,receiver,af416b39-8b0b-4383-b8fd-ab44d75320e5,EMIT,ACK,197,36,""
800.934,receiver,af416b39-8b0b-4383-b8fd-ab44d75320e5,EMIT,ACK,202,36,""
800.946,receiver,af416b39-8b0b-4383-b8fd-ab44d75320e5,EMIT,ACK,200,36,""
801.015,receiver,af416b39-8b0b-4383-b8fd-ab44d75320e5,RECEIVE,DATA,205,1060,""
801.063,receiver,af416b39-8b0b-4383-b8fd-ab44d75320e5,ACCEPT_DATA,DATA,205,1024,"unique file bytes received"
801.075,receiver,af416b39-8b0b-4383-b8fd-ab44d75320e5,SEND,ACK,205,36,""
801.115,receiver,af416b39-8b0b-4383-b8fd-ab44d75320e5,RECEIVE,DATA,207,1060,""
801.126,receiver,af416b39-8b0b-4383-b8fd-ab44d75320e5,ACCEPT_DATA,DATA,207,1024,"unique file bytes received"
801.135,receiver,af416b39-8b0b-4383-b8fd-ab44d75320e5,SEND,ACK,207,36,""
801.156,receiver,af416b39-8b0b-4383-b8fd-ab44d75320e5,RECEIVE,DATA,209,1060,""
801.166,receiver,af416b39-8b0b-4383-b8fd-ab44d75320e5,OUT_OF_ORDER,DATA,209,0,"arrived before missing sequence=208"
801.174,receiver,af416b39-8b0b-4383-b8fd-ab44d75320e5,ACCEPT_DATA,DATA,209,1024,"unique file bytes received"
801.182,receiver,af416b39-8b0b-4383-b8fd-ab44d75320e5,SEND,ACK,209,36,""
801.201,receiver,af416b39-8b0b-4383-b8fd-ab44d75320e5,RECEIVE,DATA,212,1060,""
801.211,receiver,af416b39-8b0b-4383-b8fd-ab44d75320e5,OUT_OF_ORDER,DATA,212,0,"arrived before missing sequence=208"
801.219,receiver,af416b39-8b0b-4383-b8fd-ab44d75320e5,ACCEPT_DATA,DATA,212,1024,"unique file bytes received"
801.226,receiver,af416b39-8b0b-4383-b8fd-ab44d75320e5,SEND,ACK,212,36,""
816.502,receiver,af416b39-8b0b-4383-b8fd-ab44d75320e5,EMIT,ACK,199,36,""
816.531,receiver,af416b39-8b0b-4383-b8fd-ab44d75320e5,EMIT,ACK,201,36,""
816.544,receiver,af416b39-8b0b-4383-b8fd-ab44d75320e5,EMIT,ACK,206,36,""
816.558,receiver,af416b39-8b0b-4383-b8fd-ab44d75320e5,EMIT,ACK,198,36,""
816.689,receiver,af416b39-8b0b-4383-b8fd-ab44d75320e5,RECEIVE,DATA,208,1060,""
816.706,receiver,af416b39-8b0b-4383-b8fd-ab44d75320e5,ACCEPT_DATA,DATA,208,1024,"unique file bytes received"
816.712,receiver,af416b39-8b0b-4383-b8fd-ab44d75320e5,SEND,ACK,208,36,""
816.731,receiver,af416b39-8b0b-4383-b8fd-ab44d75320e5,RECEIVE,DATA,210,1060,""
816.735,receiver,af416b39-8b0b-4383-b8fd-ab44d75320e5,ACCEPT_DATA,DATA,210,1024,"unique file bytes received"
816.739,receiver,af416b39-8b0b-4383-b8fd-ab44d75320e5,SEND,ACK,210,36,""
816.747,receiver,af416b39-8b0b-4383-b8fd-ab44d75320e5,RECEIVE,DATA,219,1060,""
816.751,receiver,af416b39-8b0b-4383-b8fd-ab44d75320e5,OUT_OF_ORDER,DATA,219,0,"arrived before missing sequence=211"
816.755,receiver,af416b39-8b0b-4383-b8fd-ab44d75320e5,ACCEPT_DATA,DATA,219,1024,"unique file bytes received"
816.759,receiver,af416b39-8b0b-4383-b8fd-ab44d75320e5,SEND,ACK,219,36,""
816.766,receiver,af416b39-8b0b-4383-b8fd-ab44d75320e5,RECEIVE,DATA,211,1060,""
816.770,receiver,af416b39-8b0b-4383-b8fd-ab44d75320e5,ACCEPT_DATA,DATA,211,1024,"unique file bytes received"
816.774,receiver,af416b39-8b0b-4383-b8fd-ab44d75320e5,SEND,ACK,211,36,""
816.786,receiver,af416b39-8b0b-4383-b8fd-ab44d75320e5,RECEIVE,DATA,220,1060,""
816.790,receiver,af416b39-8b0b-4383-b8fd-ab44d75320e5,OUT_OF_ORDER,DATA,220,0,"arrived before missing sequence=213"
816.793,receiver,af416b39-8b0b-4383-b8fd-ab44d75320e5,ACCEPT_DATA,DATA,220,1024,"unique file bytes received"
816.797,receiver,af416b39-8b0b-4383-b8fd-ab44d75320e5,SEND,ACK,220,36,""
816.804,receiver,af416b39-8b0b-4383-b8fd-ab44d75320e5,RECEIVE,DATA,222,1060,""
816.807,receiver,af416b39-8b0b-4383-b8fd-ab44d75320e5,OUT_OF_ORDER,DATA,222,0,"arrived before missing sequence=213"
816.811,receiver,af416b39-8b0b-4383-b8fd-ab44d75320e5,ACCEPT_DATA,DATA,222,1024,"unique file bytes received"
816.814,receiver,af416b39-8b0b-4383-b8fd-ab44d75320e5,SEND,ACK,222,36,""
816.821,receiver,af416b39-8b0b-4383-b8fd-ab44d75320e5,RECEIVE,DATA,227,1060,""
816.825,receiver,af416b39-8b0b-4383-b8fd-ab44d75320e5,OUT_OF_ORDER,DATA,227,0,"arrived before missing sequence=213"
816.868,receiver,af416b39-8b0b-4383-b8fd-ab44d75320e5,ACCEPT_DATA,DATA,227,1024,"unique file bytes received"
816.872,receiver,af416b39-8b0b-4383-b8fd-ab44d75320e5,SEND,ACK,227,36,""
816.878,receiver,af416b39-8b0b-4383-b8fd-ab44d75320e5,RECEIVE,DATA,226,1060,""
816.882,receiver,af416b39-8b0b-4383-b8fd-ab44d75320e5,OUT_OF_ORDER,DATA,226,0,"arrived before missing sequence=213"
816.890,receiver,af416b39-8b0b-4383-b8fd-ab44d75320e5,ACCEPT_DATA,DATA,226,1024,"unique file bytes received"
816.893,receiver,af416b39-8b0b-4383-b8fd-ab44d75320e5,SEND,ACK,226,36,""
832.361,receiver,af416b39-8b0b-4383-b8fd-ab44d75320e5,EMIT,ACK,204,36,""
832.406,receiver,af416b39-8b0b-4383-b8fd-ab44d75320e5,EMIT,ACK,203,36,""
832.422,receiver,af416b39-8b0b-4383-b8fd-ab44d75320e5,RECEIVE,DATA,224,1060,""
832.436,receiver,af416b39-8b0b-4383-b8fd-ab44d75320e5,OUT_OF_ORDER,DATA,224,0,"arrived before missing sequence=213"
832.441,receiver,af416b39-8b0b-4383-b8fd-ab44d75320e5,ACCEPT_DATA,DATA,224,1024,"unique file bytes received"
832.444,receiver,af416b39-8b0b-4383-b8fd-ab44d75320e5,SEND,ACK,224,36,""
832.461,receiver,af416b39-8b0b-4383-b8fd-ab44d75320e5,RECEIVE,DATA,228,1060,""
832.465,receiver,af416b39-8b0b-4383-b8fd-ab44d75320e5,OUT_OF_ORDER,DATA,228,0,"arrived before missing sequence=213"
832.468,receiver,af416b39-8b0b-4383-b8fd-ab44d75320e5,ACCEPT_DATA,DATA,228,1024,"unique file bytes received"
832.471,receiver,af416b39-8b0b-4383-b8fd-ab44d75320e5,SEND,ACK,228,36,""
832.477,receiver,af416b39-8b0b-4383-b8fd-ab44d75320e5,RECEIVE,DATA,213,1060,""
832.481,receiver,af416b39-8b0b-4383-b8fd-ab44d75320e5,ACCEPT_DATA,DATA,213,1024,"unique file bytes received"
832.484,receiver,af416b39-8b0b-4383-b8fd-ab44d75320e5,SEND,ACK,213,36,""
832.490,receiver,af416b39-8b0b-4383-b8fd-ab44d75320e5,RECEIVE,DATA,221,1060,""
833.005,receiver,af416b39-8b0b-4383-b8fd-ab44d75320e5,OUT_OF_ORDER,DATA,221,0,"arrived before missing sequence=214"
833.035,receiver,af416b39-8b0b-4383-b8fd-ab44d75320e5,ACCEPT_DATA,DATA,221,1024,"unique file bytes received"
833.039,receiver,af416b39-8b0b-4383-b8fd-ab44d75320e5,SEND,ACK,221,36,""
833.062,receiver,af416b39-8b0b-4383-b8fd-ab44d75320e5,RECEIVE,DATA,214,1060,""
833.068,receiver,af416b39-8b0b-4383-b8fd-ab44d75320e5,ACCEPT_DATA,DATA,214,1024,"unique file bytes received"
833.071,receiver,af416b39-8b0b-4383-b8fd-ab44d75320e5,SEND,ACK,214,36,""
833.079,receiver,af416b39-8b0b-4383-b8fd-ab44d75320e5,RECEIVE,DATA,215,1060,""
833.082,receiver,af416b39-8b0b-4383-b8fd-ab44d75320e5,ACCEPT_DATA,DATA,215,1024,"unique file bytes received"
833.085,receiver,af416b39-8b0b-4383-b8fd-ab44d75320e5,SEND,ACK,215,36,""
833.092,receiver,af416b39-8b0b-4383-b8fd-ab44d75320e5,RECEIVE,DATA,216,1060,""
833.096,receiver,af416b39-8b0b-4383-b8fd-ab44d75320e5,ACCEPT_DATA,DATA,216,1024,"unique file bytes received"
833.099,receiver,af416b39-8b0b-4383-b8fd-ab44d75320e5,SEND,ACK,216,36,""
833.105,receiver,af416b39-8b0b-4383-b8fd-ab44d75320e5,RECEIVE,DATA,225,1060,""
833.108,receiver,af416b39-8b0b-4383-b8fd-ab44d75320e5,OUT_OF_ORDER,DATA,225,0,"arrived before missing sequence=217"
833.111,receiver,af416b39-8b0b-4383-b8fd-ab44d75320e5,ACCEPT_DATA,DATA,225,1024,"unique file bytes received"
833.114,receiver,af416b39-8b0b-4383-b8fd-ab44d75320e5,SEND,ACK,225,36,""
833.120,receiver,af416b39-8b0b-4383-b8fd-ab44d75320e5,RECEIVE,DATA,217,1060,""
833.123,receiver,af416b39-8b0b-4383-b8fd-ab44d75320e5,ACCEPT_DATA,DATA,217,1024,"unique file bytes received"
833.126,receiver,af416b39-8b0b-4383-b8fd-ab44d75320e5,SEND,ACK,217,36,""
833.133,receiver,af416b39-8b0b-4383-b8fd-ab44d75320e5,RECEIVE,DATA,218,1060,""
833.136,receiver,af416b39-8b0b-4383-b8fd-ab44d75320e5,ACCEPT_DATA,DATA,218,1024,"unique file bytes received"
833.139,receiver,af416b39-8b0b-4383-b8fd-ab44d75320e5,SEND,ACK,218,36,""
833.144,receiver,af416b39-8b0b-4383-b8fd-ab44d75320e5,RECEIVE,DATA,223,1060,""
833.148,receiver,af416b39-8b0b-4383-b8fd-ab44d75320e5,ACCEPT_DATA,DATA,223,1024,"unique file bytes received"
833.154,receiver,af416b39-8b0b-4383-b8fd-ab44d75320e5,SEND,ACK,223,36,""
847.853,receiver,af416b39-8b0b-4383-b8fd-ab44d75320e5,EMIT,ACK,209,36,""
847.881,receiver,af416b39-8b0b-4383-b8fd-ab44d75320e5,RECEIVE,DATA,229,1060,""
847.896,receiver,af416b39-8b0b-4383-b8fd-ab44d75320e5,EMIT,ACK,212,36,""
847.902,receiver,af416b39-8b0b-4383-b8fd-ab44d75320e5,ACCEPT_DATA,DATA,229,1024,"unique file bytes received"
847.908,receiver,af416b39-8b0b-4383-b8fd-ab44d75320e5,SEND,ACK,229,36,""
847.914,receiver,af416b39-8b0b-4383-b8fd-ab44d75320e5,EMIT,ACK,219,36,""
847.929,receiver,af416b39-8b0b-4383-b8fd-ab44d75320e5,EMIT,ACK,207,36,""
847.936,receiver,af416b39-8b0b-4383-b8fd-ab44d75320e5,RECEIVE,DATA,230,1060,""
847.945,receiver,af416b39-8b0b-4383-b8fd-ab44d75320e5,EMIT,ACK,226,36,""
847.950,receiver,af416b39-8b0b-4383-b8fd-ab44d75320e5,ACCEPT_DATA,DATA,230,1024,"unique file bytes received"
847.954,receiver,af416b39-8b0b-4383-b8fd-ab44d75320e5,SEND,ACK,230,36,""
847.964,receiver,af416b39-8b0b-4383-b8fd-ab44d75320e5,RECEIVE,DATA,232,1060,""
847.969,receiver,af416b39-8b0b-4383-b8fd-ab44d75320e5,OUT_OF_ORDER,DATA,232,0,"arrived before missing sequence=231"
847.974,receiver,af416b39-8b0b-4383-b8fd-ab44d75320e5,ACCEPT_DATA,DATA,232,1024,"unique file bytes received"
847.986,receiver,af416b39-8b0b-4383-b8fd-ab44d75320e5,SEND,ACK,232,36,""
863.739,receiver,af416b39-8b0b-4383-b8fd-ab44d75320e5,EMIT,ACK,205,36,""
863.773,receiver,af416b39-8b0b-4383-b8fd-ab44d75320e5,EMIT,ACK,208,36,""
863.785,receiver,af416b39-8b0b-4383-b8fd-ab44d75320e5,RECEIVE,DATA,233,1060,""
863.799,receiver,af416b39-8b0b-4383-b8fd-ab44d75320e5,EMIT,ACK,227,36,""
863.805,receiver,af416b39-8b0b-4383-b8fd-ab44d75320e5,OUT_OF_ORDER,DATA,233,0,"arrived before missing sequence=231"
863.811,receiver,af416b39-8b0b-4383-b8fd-ab44d75320e5,EMIT,ACK,211,36,""
863.814,receiver,af416b39-8b0b-4383-b8fd-ab44d75320e5,ACCEPT_DATA,DATA,233,1024,"unique file bytes received"
863.819,receiver,af416b39-8b0b-4383-b8fd-ab44d75320e5,SEND,ACK,233,36,""
863.823,receiver,af416b39-8b0b-4383-b8fd-ab44d75320e5,EMIT,ACK,222,36,""
863.832,receiver,af416b39-8b0b-4383-b8fd-ab44d75320e5,EMIT,ACK,220,36,""
863.841,receiver,af416b39-8b0b-4383-b8fd-ab44d75320e5,RECEIVE,DATA,234,1060,""
863.845,receiver,af416b39-8b0b-4383-b8fd-ab44d75320e5,EMIT,ACK,218,36,""
863.848,receiver,af416b39-8b0b-4383-b8fd-ab44d75320e5,OUT_OF_ORDER,DATA,234,0,"arrived before missing sequence=231"
863.852,receiver,af416b39-8b0b-4383-b8fd-ab44d75320e5,ACCEPT_DATA,DATA,234,1024,"unique file bytes received"
863.856,receiver,af416b39-8b0b-4383-b8fd-ab44d75320e5,EMIT,ACK,223,36,""
863.860,receiver,af416b39-8b0b-4383-b8fd-ab44d75320e5,SEND,ACK,234,36,""
863.869,receiver,af416b39-8b0b-4383-b8fd-ab44d75320e5,RECEIVE,DATA,231,1060,""
863.874,receiver,af416b39-8b0b-4383-b8fd-ab44d75320e5,ACCEPT_DATA,DATA,231,1024,"unique file bytes received"
863.882,receiver,af416b39-8b0b-4383-b8fd-ab44d75320e5,SEND,ACK,231,36,""
879.105,receiver,af416b39-8b0b-4383-b8fd-ab44d75320e5,EMIT,ACK,210,36,""
879.143,receiver,af416b39-8b0b-4383-b8fd-ab44d75320e5,EMIT,ACK,225,36,""
879.155,receiver,af416b39-8b0b-4383-b8fd-ab44d75320e5,EMIT,ACK,216,36,""
879.164,receiver,af416b39-8b0b-4383-b8fd-ab44d75320e5,EMIT,ACK,214,36,""
879.172,receiver,af416b39-8b0b-4383-b8fd-ab44d75320e5,EMIT,ACK,215,36,""
879.178,receiver,af416b39-8b0b-4383-b8fd-ab44d75320e5,RECEIVE,DATA,236,1060,""
879.205,receiver,af416b39-8b0b-4383-b8fd-ab44d75320e5,EMIT,ACK,217,36,""
879.210,receiver,af416b39-8b0b-4383-b8fd-ab44d75320e5,OUT_OF_ORDER,DATA,236,0,"arrived before missing sequence=235"
879.217,receiver,af416b39-8b0b-4383-b8fd-ab44d75320e5,EMIT,ACK,213,36,""
879.221,receiver,af416b39-8b0b-4383-b8fd-ab44d75320e5,ACCEPT_DATA,DATA,236,1024,"unique file bytes received"
879.226,receiver,af416b39-8b0b-4383-b8fd-ab44d75320e5,EMIT,ACK,228,36,""
879.229,receiver,af416b39-8b0b-4383-b8fd-ab44d75320e5,SEND,ACK,236,36,""
879.525,receiver,af416b39-8b0b-4383-b8fd-ab44d75320e5,RECEIVE,DATA,235,1060,""
879.537,receiver,af416b39-8b0b-4383-b8fd-ab44d75320e5,ACCEPT_DATA,DATA,235,1024,"unique file bytes received"
879.586,receiver,af416b39-8b0b-4383-b8fd-ab44d75320e5,SEND,ACK,235,36,""
894.710,receiver,af416b39-8b0b-4383-b8fd-ab44d75320e5,EMIT,ACK,224,36,""
894.749,receiver,af416b39-8b0b-4383-b8fd-ab44d75320e5,EMIT,ACK,221,36,""
894.763,receiver,af416b39-8b0b-4383-b8fd-ab44d75320e5,EMIT,ACK,232,36,""
894.816,receiver,af416b39-8b0b-4383-b8fd-ab44d75320e5,RECEIVE,DATA,238,1060,""
894.839,receiver,af416b39-8b0b-4383-b8fd-ab44d75320e5,OUT_OF_ORDER,DATA,238,0,"arrived before missing sequence=237"
894.846,receiver,af416b39-8b0b-4383-b8fd-ab44d75320e5,ACCEPT_DATA,DATA,238,1024,"unique file bytes received"
894.853,receiver,af416b39-8b0b-4383-b8fd-ab44d75320e5,SEND,ACK,238,36,""
910.159,receiver,af416b39-8b0b-4383-b8fd-ab44d75320e5,EMIT,ACK,229,36,""
910.195,receiver,af416b39-8b0b-4383-b8fd-ab44d75320e5,EMIT,ACK,230,36,""
910.200,receiver,af416b39-8b0b-4383-b8fd-ab44d75320e5,RECEIVE,DATA,240,1060,""
910.210,receiver,af416b39-8b0b-4383-b8fd-ab44d75320e5,EMIT,ACK,231,36,""
910.214,receiver,af416b39-8b0b-4383-b8fd-ab44d75320e5,OUT_OF_ORDER,DATA,240,0,"arrived before missing sequence=237"
910.219,receiver,af416b39-8b0b-4383-b8fd-ab44d75320e5,ACCEPT_DATA,DATA,240,1024,"unique file bytes received"
910.222,receiver,af416b39-8b0b-4383-b8fd-ab44d75320e5,SEND,ACK,240,36,""
910.226,receiver,af416b39-8b0b-4383-b8fd-ab44d75320e5,EMIT,ACK,234,36,""
910.236,receiver,af416b39-8b0b-4383-b8fd-ab44d75320e5,EMIT,ACK,235,36,""
910.240,receiver,af416b39-8b0b-4383-b8fd-ab44d75320e5,RECEIVE,DATA,239,1060,""
910.243,receiver,af416b39-8b0b-4383-b8fd-ab44d75320e5,OUT_OF_ORDER,DATA,239,0,"arrived before missing sequence=237"
910.246,receiver,af416b39-8b0b-4383-b8fd-ab44d75320e5,ACCEPT_DATA,DATA,239,1024,"unique file bytes received"
910.249,receiver,af416b39-8b0b-4383-b8fd-ab44d75320e5,SEND,ACK,239,36,""
910.255,receiver,af416b39-8b0b-4383-b8fd-ab44d75320e5,RECEIVE,DATA,241,1060,""
910.259,receiver,af416b39-8b0b-4383-b8fd-ab44d75320e5,OUT_OF_ORDER,DATA,241,0,"arrived before missing sequence=237"
910.261,receiver,af416b39-8b0b-4383-b8fd-ab44d75320e5,ACCEPT_DATA,DATA,241,1024,"unique file bytes received"
910.264,receiver,af416b39-8b0b-4383-b8fd-ab44d75320e5,SEND,ACK,241,36,""
910.270,receiver,af416b39-8b0b-4383-b8fd-ab44d75320e5,RECEIVE,DATA,237,1060,""
910.273,receiver,af416b39-8b0b-4383-b8fd-ab44d75320e5,ACCEPT_DATA,DATA,237,1024,"unique file bytes received"
910.276,receiver,af416b39-8b0b-4383-b8fd-ab44d75320e5,SEND,ACK,237,36,""
910.281,receiver,af416b39-8b0b-4383-b8fd-ab44d75320e5,RECEIVE,DATA,243,1060,""
910.284,receiver,af416b39-8b0b-4383-b8fd-ab44d75320e5,OUT_OF_ORDER,DATA,243,0,"arrived before missing sequence=242"
910.287,receiver,af416b39-8b0b-4383-b8fd-ab44d75320e5,ACCEPT_DATA,DATA,243,1024,"unique file bytes received"
910.290,receiver,af416b39-8b0b-4383-b8fd-ab44d75320e5,SEND,ACK,243,36,""
910.295,receiver,af416b39-8b0b-4383-b8fd-ab44d75320e5,RECEIVE,DATA,247,1060,""
910.298,receiver,af416b39-8b0b-4383-b8fd-ab44d75320e5,OUT_OF_ORDER,DATA,247,0,"arrived before missing sequence=242"
910.301,receiver,af416b39-8b0b-4383-b8fd-ab44d75320e5,ACCEPT_DATA,DATA,247,1024,"unique file bytes received"
910.303,receiver,af416b39-8b0b-4383-b8fd-ab44d75320e5,SEND,ACK,247,36,""
910.321,receiver,af416b39-8b0b-4383-b8fd-ab44d75320e5,RECEIVE,DATA,245,1060,""
910.324,receiver,af416b39-8b0b-4383-b8fd-ab44d75320e5,OUT_OF_ORDER,DATA,245,0,"arrived before missing sequence=242"
910.327,receiver,af416b39-8b0b-4383-b8fd-ab44d75320e5,ACCEPT_DATA,DATA,245,1024,"unique file bytes received"
910.329,receiver,af416b39-8b0b-4383-b8fd-ab44d75320e5,SEND,ACK,245,36,""
926.163,receiver,af416b39-8b0b-4383-b8fd-ab44d75320e5,EMIT,ACK,233,36,""
926.206,receiver,af416b39-8b0b-4383-b8fd-ab44d75320e5,EMIT,ACK,236,36,""
926.319,receiver,af416b39-8b0b-4383-b8fd-ab44d75320e5,RECEIVE,DATA,246,1060,""
926.333,receiver,af416b39-8b0b-4383-b8fd-ab44d75320e5,OUT_OF_ORDER,DATA,246,0,"arrived before missing sequence=242"
926.338,receiver,af416b39-8b0b-4383-b8fd-ab44d75320e5,ACCEPT_DATA,DATA,246,1024,"unique file bytes received"
926.342,receiver,af416b39-8b0b-4383-b8fd-ab44d75320e5,SEND,ACK,246,36,""
926.358,receiver,af416b39-8b0b-4383-b8fd-ab44d75320e5,RECEIVE,DATA,250,1060,""
926.362,receiver,af416b39-8b0b-4383-b8fd-ab44d75320e5,OUT_OF_ORDER,DATA,250,0,"arrived before missing sequence=242"
926.365,receiver,af416b39-8b0b-4383-b8fd-ab44d75320e5,ACCEPT_DATA,DATA,250,1024,"unique file bytes received"
926.367,receiver,af416b39-8b0b-4383-b8fd-ab44d75320e5,SEND,ACK,250,36,""
926.385,receiver,af416b39-8b0b-4383-b8fd-ab44d75320e5,RECEIVE,DATA,244,1060,""
926.393,receiver,af416b39-8b0b-4383-b8fd-ab44d75320e5,OUT_OF_ORDER,DATA,244,0,"arrived before missing sequence=242"
926.395,receiver,af416b39-8b0b-4383-b8fd-ab44d75320e5,ACCEPT_DATA,DATA,244,1024,"unique file bytes received"
926.398,receiver,af416b39-8b0b-4383-b8fd-ab44d75320e5,SEND,ACK,244,36,""
926.403,receiver,af416b39-8b0b-4383-b8fd-ab44d75320e5,RECEIVE,DATA,242,1060,""
926.406,receiver,af416b39-8b0b-4383-b8fd-ab44d75320e5,ACCEPT_DATA,DATA,242,1024,"unique file bytes received"
926.408,receiver,af416b39-8b0b-4383-b8fd-ab44d75320e5,SEND,ACK,242,36,""
926.414,receiver,af416b39-8b0b-4383-b8fd-ab44d75320e5,RECEIVE,DATA,251,1060,""
926.417,receiver,af416b39-8b0b-4383-b8fd-ab44d75320e5,OUT_OF_ORDER,DATA,251,0,"arrived before missing sequence=248"
926.419,receiver,af416b39-8b0b-4383-b8fd-ab44d75320e5,ACCEPT_DATA,DATA,251,1024,"unique file bytes received"
926.422,receiver,af416b39-8b0b-4383-b8fd-ab44d75320e5,SEND,ACK,251,36,""
926.427,receiver,af416b39-8b0b-4383-b8fd-ab44d75320e5,RECEIVE,DATA,248,1060,""
926.430,receiver,af416b39-8b0b-4383-b8fd-ab44d75320e5,ACCEPT_DATA,DATA,248,1024,"unique file bytes received"
926.433,receiver,af416b39-8b0b-4383-b8fd-ab44d75320e5,SEND,ACK,248,36,""
926.438,receiver,af416b39-8b0b-4383-b8fd-ab44d75320e5,RECEIVE,DATA,252,1060,""
926.441,receiver,af416b39-8b0b-4383-b8fd-ab44d75320e5,OUT_OF_ORDER,DATA,252,0,"arrived before missing sequence=249"
926.443,receiver,af416b39-8b0b-4383-b8fd-ab44d75320e5,ACCEPT_DATA,DATA,252,1024,"unique file bytes received"
926.446,receiver,af416b39-8b0b-4383-b8fd-ab44d75320e5,SEND,ACK,252,36,""
926.451,receiver,af416b39-8b0b-4383-b8fd-ab44d75320e5,RECEIVE,DATA,255,1060,""
926.453,receiver,af416b39-8b0b-4383-b8fd-ab44d75320e5,OUT_OF_ORDER,DATA,255,0,"arrived before missing sequence=249"
926.456,receiver,af416b39-8b0b-4383-b8fd-ab44d75320e5,ACCEPT_DATA,DATA,255,1024,"unique file bytes received"
926.458,receiver,af416b39-8b0b-4383-b8fd-ab44d75320e5,SEND,ACK,255,36,""
926.463,receiver,af416b39-8b0b-4383-b8fd-ab44d75320e5,RECEIVE,DATA,259,1060,""
926.466,receiver,af416b39-8b0b-4383-b8fd-ab44d75320e5,OUT_OF_ORDER,DATA,259,0,"arrived before missing sequence=249"
926.469,receiver,af416b39-8b0b-4383-b8fd-ab44d75320e5,ACCEPT_DATA,DATA,259,1024,"unique file bytes received"
926.471,receiver,af416b39-8b0b-4383-b8fd-ab44d75320e5,SEND,ACK,259,36,""
941.491,receiver,af416b39-8b0b-4383-b8fd-ab44d75320e5,EMIT,ACK,238,36,""
941.770,receiver,af416b39-8b0b-4383-b8fd-ab44d75320e5,RECEIVE,DATA,256,1060,""
941.782,receiver,af416b39-8b0b-4383-b8fd-ab44d75320e5,OUT_OF_ORDER,DATA,256,0,"arrived before missing sequence=249"
941.785,receiver,af416b39-8b0b-4383-b8fd-ab44d75320e5,ACCEPT_DATA,DATA,256,1024,"unique file bytes received"
941.789,receiver,af416b39-8b0b-4383-b8fd-ab44d75320e5,SEND,ACK,256,36,""
941.804,receiver,af416b39-8b0b-4383-b8fd-ab44d75320e5,RECEIVE,DATA,249,1060,""
941.807,receiver,af416b39-8b0b-4383-b8fd-ab44d75320e5,ACCEPT_DATA,DATA,249,1024,"unique file bytes received"
941.810,receiver,af416b39-8b0b-4383-b8fd-ab44d75320e5,SEND,ACK,249,36,""
941.815,receiver,af416b39-8b0b-4383-b8fd-ab44d75320e5,RECEIVE,DATA,260,1060,""
941.818,receiver,af416b39-8b0b-4383-b8fd-ab44d75320e5,OUT_OF_ORDER,DATA,260,0,"arrived before missing sequence=253"
941.820,receiver,af416b39-8b0b-4383-b8fd-ab44d75320e5,ACCEPT_DATA,DATA,260,1024,"unique file bytes received"
941.823,receiver,af416b39-8b0b-4383-b8fd-ab44d75320e5,SEND,ACK,260,36,""
941.828,receiver,af416b39-8b0b-4383-b8fd-ab44d75320e5,RECEIVE,DATA,253,1060,""
941.830,receiver,af416b39-8b0b-4383-b8fd-ab44d75320e5,ACCEPT_DATA,DATA,253,1024,"unique file bytes received"
941.857,receiver,af416b39-8b0b-4383-b8fd-ab44d75320e5,SEND,ACK,253,36,""
941.863,receiver,af416b39-8b0b-4383-b8fd-ab44d75320e5,RECEIVE,DATA,254,1060,""
941.865,receiver,af416b39-8b0b-4383-b8fd-ab44d75320e5,ACCEPT_DATA,DATA,254,1024,"unique file bytes received"
941.868,receiver,af416b39-8b0b-4383-b8fd-ab44d75320e5,SEND,ACK,254,36,""
941.876,receiver,af416b39-8b0b-4383-b8fd-ab44d75320e5,RECEIVE,DATA,258,1060,""
941.879,receiver,af416b39-8b0b-4383-b8fd-ab44d75320e5,OUT_OF_ORDER,DATA,258,0,"arrived before missing sequence=257"
941.882,receiver,af416b39-8b0b-4383-b8fd-ab44d75320e5,ACCEPT_DATA,DATA,258,1024,"unique file bytes received"
941.884,receiver,af416b39-8b0b-4383-b8fd-ab44d75320e5,SEND,ACK,258,36,""
941.889,receiver,af416b39-8b0b-4383-b8fd-ab44d75320e5,RECEIVE,DATA,261,1060,""
941.892,receiver,af416b39-8b0b-4383-b8fd-ab44d75320e5,OUT_OF_ORDER,DATA,261,0,"arrived before missing sequence=257"
941.894,receiver,af416b39-8b0b-4383-b8fd-ab44d75320e5,ACCEPT_DATA,DATA,261,1024,"unique file bytes received"
941.897,receiver,af416b39-8b0b-4383-b8fd-ab44d75320e5,SEND,ACK,261,36,""
957.650,receiver,af416b39-8b0b-4383-b8fd-ab44d75320e5,EMIT,ACK,239,36,""
957.800,receiver,af416b39-8b0b-4383-b8fd-ab44d75320e5,EMIT,ACK,243,36,""
957.826,receiver,af416b39-8b0b-4383-b8fd-ab44d75320e5,EMIT,ACK,247,36,""
957.849,receiver,af416b39-8b0b-4383-b8fd-ab44d75320e5,EMIT,ACK,251,36,""
957.871,receiver,af416b39-8b0b-4383-b8fd-ab44d75320e5,EMIT,ACK,240,36,""
957.893,receiver,af416b39-8b0b-4383-b8fd-ab44d75320e5,EMIT,ACK,246,36,""
957.915,receiver,af416b39-8b0b-4383-b8fd-ab44d75320e5,EMIT,ACK,245,36,""
957.942,receiver,af416b39-8b0b-4383-b8fd-ab44d75320e5,EMIT,ACK,242,36,""
957.964,receiver,af416b39-8b0b-4383-b8fd-ab44d75320e5,EMIT,ACK,241,36,""
957.997,receiver,af416b39-8b0b-4383-b8fd-ab44d75320e5,EMIT,ACK,250,36,""
958.017,receiver,af416b39-8b0b-4383-b8fd-ab44d75320e5,EMIT,ACK,252,36,""
958.033,receiver,af416b39-8b0b-4383-b8fd-ab44d75320e5,RECEIVE,DATA,257,1060,""
958.046,receiver,af416b39-8b0b-4383-b8fd-ab44d75320e5,ACCEPT_DATA,DATA,257,1024,"unique file bytes received"
958.049,receiver,af416b39-8b0b-4383-b8fd-ab44d75320e5,SEND,ACK,257,36,""
958.064,receiver,af416b39-8b0b-4383-b8fd-ab44d75320e5,RECEIVE,DATA,262,1060,""
958.068,receiver,af416b39-8b0b-4383-b8fd-ab44d75320e5,ACCEPT_DATA,DATA,262,1024,"unique file bytes received"
958.070,receiver,af416b39-8b0b-4383-b8fd-ab44d75320e5,SEND,ACK,262,36,""
958.076,receiver,af416b39-8b0b-4383-b8fd-ab44d75320e5,RECEIVE,DATA,264,1060,""
958.079,receiver,af416b39-8b0b-4383-b8fd-ab44d75320e5,OUT_OF_ORDER,DATA,264,0,"arrived before missing sequence=263"
958.082,receiver,af416b39-8b0b-4383-b8fd-ab44d75320e5,ACCEPT_DATA,DATA,264,1024,"unique file bytes received"
958.084,receiver,af416b39-8b0b-4383-b8fd-ab44d75320e5,SEND,ACK,264,36,""
958.089,receiver,af416b39-8b0b-4383-b8fd-ab44d75320e5,RECEIVE,DATA,263,1060,""
958.092,receiver,af416b39-8b0b-4383-b8fd-ab44d75320e5,ACCEPT_DATA,DATA,263,1024,"unique file bytes received"
958.094,receiver,af416b39-8b0b-4383-b8fd-ab44d75320e5,SEND,ACK,263,36,""
958.100,receiver,af416b39-8b0b-4383-b8fd-ab44d75320e5,RECEIVE,DATA,266,1060,""
958.102,receiver,af416b39-8b0b-4383-b8fd-ab44d75320e5,OUT_OF_ORDER,DATA,266,0,"arrived before missing sequence=265"
958.105,receiver,af416b39-8b0b-4383-b8fd-ab44d75320e5,ACCEPT_DATA,DATA,266,1024,"unique file bytes received"
958.107,receiver,af416b39-8b0b-4383-b8fd-ab44d75320e5,SEND,ACK,266,36,""
973.503,receiver,af416b39-8b0b-4383-b8fd-ab44d75320e5,EMIT,ACK,237,36,""
973.562,receiver,af416b39-8b0b-4383-b8fd-ab44d75320e5,EMIT,ACK,244,36,""
973.590,receiver,af416b39-8b0b-4383-b8fd-ab44d75320e5,EMIT,ACK,259,36,""
973.618,receiver,af416b39-8b0b-4383-b8fd-ab44d75320e5,EMIT,ACK,255,36,""
973.626,receiver,af416b39-8b0b-4383-b8fd-ab44d75320e5,EMIT,ACK,248,36,""
973.633,receiver,af416b39-8b0b-4383-b8fd-ab44d75320e5,EMIT,ACK,258,36,""
973.738,receiver,af416b39-8b0b-4383-b8fd-ab44d75320e5,RECEIVE,DATA,267,1060,""
973.751,receiver,af416b39-8b0b-4383-b8fd-ab44d75320e5,OUT_OF_ORDER,DATA,267,0,"arrived before missing sequence=265"
973.754,receiver,af416b39-8b0b-4383-b8fd-ab44d75320e5,ACCEPT_DATA,DATA,267,1024,"unique file bytes received"
973.758,receiver,af416b39-8b0b-4383-b8fd-ab44d75320e5,SEND,ACK,267,36,""
973.772,receiver,af416b39-8b0b-4383-b8fd-ab44d75320e5,RECEIVE,DATA,265,1060,""
973.775,receiver,af416b39-8b0b-4383-b8fd-ab44d75320e5,ACCEPT_DATA,DATA,265,1024,"unique file bytes received"
973.778,receiver,af416b39-8b0b-4383-b8fd-ab44d75320e5,SEND,ACK,265,36,""
973.783,receiver,af416b39-8b0b-4383-b8fd-ab44d75320e5,RECEIVE,DATA,268,1060,""
973.786,receiver,af416b39-8b0b-4383-b8fd-ab44d75320e5,ACCEPT_DATA,DATA,268,1024,"unique file bytes received"
973.788,receiver,af416b39-8b0b-4383-b8fd-ab44d75320e5,SEND,ACK,268,36,""
989.323,receiver,af416b39-8b0b-4383-b8fd-ab44d75320e5,EMIT,ACK,260,36,""
989.352,receiver,af416b39-8b0b-4383-b8fd-ab44d75320e5,EMIT,ACK,261,36,""
989.361,receiver,af416b39-8b0b-4383-b8fd-ab44d75320e5,EMIT,ACK,256,36,""
989.369,receiver,af416b39-8b0b-4383-b8fd-ab44d75320e5,EMIT,ACK,249,36,""
989.377,receiver,af416b39-8b0b-4383-b8fd-ab44d75320e5,EMIT,ACK,263,36,""
989.384,receiver,af416b39-8b0b-4383-b8fd-ab44d75320e5,EMIT,ACK,266,36,""
1004.366,receiver,af416b39-8b0b-4383-b8fd-ab44d75320e5,EMIT,ACK,253,36,""
1004.426,receiver,af416b39-8b0b-4383-b8fd-ab44d75320e5,EMIT,ACK,254,36,""
1004.482,receiver,af416b39-8b0b-4383-b8fd-ab44d75320e5,EMIT,ACK,257,36,""
1004.512,receiver,af416b39-8b0b-4383-b8fd-ab44d75320e5,RECEIVE,DATA,280,1060,""
1004.526,receiver,af416b39-8b0b-4383-b8fd-ab44d75320e5,OUT_OF_ORDER,DATA,280,0,"arrived before missing sequence=269"
1004.530,receiver,af416b39-8b0b-4383-b8fd-ab44d75320e5,ACCEPT_DATA,DATA,280,1024,"unique file bytes received"
1004.533,receiver,af416b39-8b0b-4383-b8fd-ab44d75320e5,SEND,ACK,280,36,""
1019.762,receiver,af416b39-8b0b-4383-b8fd-ab44d75320e5,EMIT,ACK,267,36,""
1019.793,receiver,af416b39-8b0b-4383-b8fd-ab44d75320e5,EMIT,ACK,262,36,""
1019.803,receiver,af416b39-8b0b-4383-b8fd-ab44d75320e5,EMIT,ACK,264,36,""
1019.873,receiver,af416b39-8b0b-4383-b8fd-ab44d75320e5,RECEIVE,DATA,270,1060,""
1019.903,receiver,af416b39-8b0b-4383-b8fd-ab44d75320e5,OUT_OF_ORDER,DATA,270,0,"arrived before missing sequence=269"
1019.912,receiver,af416b39-8b0b-4383-b8fd-ab44d75320e5,ACCEPT_DATA,DATA,270,1024,"unique file bytes received"
1019.915,receiver,af416b39-8b0b-4383-b8fd-ab44d75320e5,SEND,ACK,270,36,""
1019.929,receiver,af416b39-8b0b-4383-b8fd-ab44d75320e5,RECEIVE,DATA,276,1060,""
1019.932,receiver,af416b39-8b0b-4383-b8fd-ab44d75320e5,OUT_OF_ORDER,DATA,276,0,"arrived before missing sequence=269"
1019.935,receiver,af416b39-8b0b-4383-b8fd-ab44d75320e5,ACCEPT_DATA,DATA,276,1024,"unique file bytes received"
1019.937,receiver,af416b39-8b0b-4383-b8fd-ab44d75320e5,SEND,ACK,276,36,""
1019.942,receiver,af416b39-8b0b-4383-b8fd-ab44d75320e5,RECEIVE,DATA,277,1060,""
1019.945,receiver,af416b39-8b0b-4383-b8fd-ab44d75320e5,OUT_OF_ORDER,DATA,277,0,"arrived before missing sequence=269"
1019.947,receiver,af416b39-8b0b-4383-b8fd-ab44d75320e5,ACCEPT_DATA,DATA,277,1024,"unique file bytes received"
1019.950,receiver,af416b39-8b0b-4383-b8fd-ab44d75320e5,SEND,ACK,277,36,""
1019.955,receiver,af416b39-8b0b-4383-b8fd-ab44d75320e5,RECEIVE,DATA,279,1060,""
1019.957,receiver,af416b39-8b0b-4383-b8fd-ab44d75320e5,OUT_OF_ORDER,DATA,279,0,"arrived before missing sequence=269"
1019.960,receiver,af416b39-8b0b-4383-b8fd-ab44d75320e5,ACCEPT_DATA,DATA,279,1024,"unique file bytes received"
1019.991,receiver,af416b39-8b0b-4383-b8fd-ab44d75320e5,SEND,ACK,279,36,""
1020.013,receiver,af416b39-8b0b-4383-b8fd-ab44d75320e5,RECEIVE,DATA,275,1060,""
1020.018,receiver,af416b39-8b0b-4383-b8fd-ab44d75320e5,OUT_OF_ORDER,DATA,275,0,"arrived before missing sequence=269"
1020.021,receiver,af416b39-8b0b-4383-b8fd-ab44d75320e5,ACCEPT_DATA,DATA,275,1024,"unique file bytes received"
1020.024,receiver,af416b39-8b0b-4383-b8fd-ab44d75320e5,SEND,ACK,275,36,""
1020.030,receiver,af416b39-8b0b-4383-b8fd-ab44d75320e5,RECEIVE,DATA,274,1060,""
1020.033,receiver,af416b39-8b0b-4383-b8fd-ab44d75320e5,OUT_OF_ORDER,DATA,274,0,"arrived before missing sequence=269"
1020.061,receiver,af416b39-8b0b-4383-b8fd-ab44d75320e5,ACCEPT_DATA,DATA,274,1024,"unique file bytes received"
1020.064,receiver,af416b39-8b0b-4383-b8fd-ab44d75320e5,SEND,ACK,274,36,""
1020.069,receiver,af416b39-8b0b-4383-b8fd-ab44d75320e5,RECEIVE,DATA,269,1060,""
1020.072,receiver,af416b39-8b0b-4383-b8fd-ab44d75320e5,ACCEPT_DATA,DATA,269,1024,"unique file bytes received"
1020.075,receiver,af416b39-8b0b-4383-b8fd-ab44d75320e5,SEND,ACK,269,36,""
1020.080,receiver,af416b39-8b0b-4383-b8fd-ab44d75320e5,RECEIVE,DATA,271,1060,""
1020.083,receiver,af416b39-8b0b-4383-b8fd-ab44d75320e5,ACCEPT_DATA,DATA,271,1024,"unique file bytes received"
1020.086,receiver,af416b39-8b0b-4383-b8fd-ab44d75320e5,SEND,ACK,271,36,""
1020.091,receiver,af416b39-8b0b-4383-b8fd-ab44d75320e5,RECEIVE,DATA,278,1060,""
1020.093,receiver,af416b39-8b0b-4383-b8fd-ab44d75320e5,OUT_OF_ORDER,DATA,278,0,"arrived before missing sequence=272"
1020.096,receiver,af416b39-8b0b-4383-b8fd-ab44d75320e5,ACCEPT_DATA,DATA,278,1024,"unique file bytes received"
1020.098,receiver,af416b39-8b0b-4383-b8fd-ab44d75320e5,SEND,ACK,278,36,""
1020.103,receiver,af416b39-8b0b-4383-b8fd-ab44d75320e5,RECEIVE,DATA,284,1060,""
1020.106,receiver,af416b39-8b0b-4383-b8fd-ab44d75320e5,OUT_OF_ORDER,DATA,284,0,"arrived before missing sequence=272"
1020.108,receiver,af416b39-8b0b-4383-b8fd-ab44d75320e5,ACCEPT_DATA,DATA,284,1024,"unique file bytes received"
1020.111,receiver,af416b39-8b0b-4383-b8fd-ab44d75320e5,SEND,ACK,284,36,""
1020.116,receiver,af416b39-8b0b-4383-b8fd-ab44d75320e5,RECEIVE,DATA,273,1060,""
1020.119,receiver,af416b39-8b0b-4383-b8fd-ab44d75320e5,OUT_OF_ORDER,DATA,273,0,"arrived before missing sequence=272"
1020.121,receiver,af416b39-8b0b-4383-b8fd-ab44d75320e5,ACCEPT_DATA,DATA,273,1024,"unique file bytes received"
1020.124,receiver,af416b39-8b0b-4383-b8fd-ab44d75320e5,SEND,ACK,273,36,""
1020.129,receiver,af416b39-8b0b-4383-b8fd-ab44d75320e5,RECEIVE,DATA,272,1060,""
1020.131,receiver,af416b39-8b0b-4383-b8fd-ab44d75320e5,ACCEPT_DATA,DATA,272,1024,"unique file bytes received"
1020.134,receiver,af416b39-8b0b-4383-b8fd-ab44d75320e5,SEND,ACK,272,36,""
1035.034,receiver,af416b39-8b0b-4383-b8fd-ab44d75320e5,EMIT,ACK,265,36,""
1035.067,receiver,af416b39-8b0b-4383-b8fd-ab44d75320e5,EMIT,ACK,268,36,""
1035.119,receiver,af416b39-8b0b-4383-b8fd-ab44d75320e5,RECEIVE,DATA,282,1060,""
1035.126,receiver,af416b39-8b0b-4383-b8fd-ab44d75320e5,OUT_OF_ORDER,DATA,282,0,"arrived before missing sequence=281"
1035.130,receiver,af416b39-8b0b-4383-b8fd-ab44d75320e5,ACCEPT_DATA,DATA,282,1024,"unique file bytes received"
1035.133,receiver,af416b39-8b0b-4383-b8fd-ab44d75320e5,SEND,ACK,282,36,""
1035.180,receiver,af416b39-8b0b-4383-b8fd-ab44d75320e5,RECEIVE,DATA,285,1060,""
1035.187,receiver,af416b39-8b0b-4383-b8fd-ab44d75320e5,OUT_OF_ORDER,DATA,285,0,"arrived before missing sequence=281"
1035.190,receiver,af416b39-8b0b-4383-b8fd-ab44d75320e5,ACCEPT_DATA,DATA,285,1024,"unique file bytes received"
1035.193,receiver,af416b39-8b0b-4383-b8fd-ab44d75320e5,SEND,ACK,285,36,""
1035.203,receiver,af416b39-8b0b-4383-b8fd-ab44d75320e5,RECEIVE,DATA,290,1060,""
1035.207,receiver,af416b39-8b0b-4383-b8fd-ab44d75320e5,OUT_OF_ORDER,DATA,290,0,"arrived before missing sequence=281"
1035.210,receiver,af416b39-8b0b-4383-b8fd-ab44d75320e5,ACCEPT_DATA,DATA,290,1024,"unique file bytes received"
1035.213,receiver,af416b39-8b0b-4383-b8fd-ab44d75320e5,SEND,ACK,290,36,""
1035.255,receiver,af416b39-8b0b-4383-b8fd-ab44d75320e5,RECEIVE,DATA,281,1060,""
1035.263,receiver,af416b39-8b0b-4383-b8fd-ab44d75320e5,ACCEPT_DATA,DATA,281,1024,"unique file bytes received"
1035.266,receiver,af416b39-8b0b-4383-b8fd-ab44d75320e5,SEND,ACK,281,36,""
1050.346,receiver,af416b39-8b0b-4383-b8fd-ab44d75320e5,EMIT,ACK,276,36,""
1050.373,receiver,af416b39-8b0b-4383-b8fd-ab44d75320e5,EMIT,ACK,280,36,""
1050.454,receiver,af416b39-8b0b-4383-b8fd-ab44d75320e5,RECEIVE,DATA,283,1060,""
1050.466,receiver,af416b39-8b0b-4383-b8fd-ab44d75320e5,ACCEPT_DATA,DATA,283,1024,"unique file bytes received"
1050.470,receiver,af416b39-8b0b-4383-b8fd-ab44d75320e5,SEND,ACK,283,36,""
1050.485,receiver,af416b39-8b0b-4383-b8fd-ab44d75320e5,RECEIVE,DATA,292,1060,""
1050.488,receiver,af416b39-8b0b-4383-b8fd-ab44d75320e5,OUT_OF_ORDER,DATA,292,0,"arrived before missing sequence=286"
1050.491,receiver,af416b39-8b0b-4383-b8fd-ab44d75320e5,ACCEPT_DATA,DATA,292,1024,"unique file bytes received"
1050.493,receiver,af416b39-8b0b-4383-b8fd-ab44d75320e5,SEND,ACK,292,36,""
1050.498,receiver,af416b39-8b0b-4383-b8fd-ab44d75320e5,RECEIVE,DATA,291,1060,""
1050.508,receiver,af416b39-8b0b-4383-b8fd-ab44d75320e5,OUT_OF_ORDER,DATA,291,0,"arrived before missing sequence=286"
1050.510,receiver,af416b39-8b0b-4383-b8fd-ab44d75320e5,ACCEPT_DATA,DATA,291,1024,"unique file bytes received"
1050.513,receiver,af416b39-8b0b-4383-b8fd-ab44d75320e5,SEND,ACK,291,36,""
1050.518,receiver,af416b39-8b0b-4383-b8fd-ab44d75320e5,RECEIVE,DATA,286,1060,""
1050.521,receiver,af416b39-8b0b-4383-b8fd-ab44d75320e5,ACCEPT_DATA,DATA,286,1024,"unique file bytes received"
1050.523,receiver,af416b39-8b0b-4383-b8fd-ab44d75320e5,SEND,ACK,286,36,""
1050.528,receiver,af416b39-8b0b-4383-b8fd-ab44d75320e5,RECEIVE,DATA,288,1060,""
1050.531,receiver,af416b39-8b0b-4383-b8fd-ab44d75320e5,OUT_OF_ORDER,DATA,288,0,"arrived before missing sequence=287"
1050.533,receiver,af416b39-8b0b-4383-b8fd-ab44d75320e5,ACCEPT_DATA,DATA,288,1024,"unique file bytes received"
1050.535,receiver,af416b39-8b0b-4383-b8fd-ab44d75320e5,SEND,ACK,288,36,""
1050.543,receiver,af416b39-8b0b-4383-b8fd-ab44d75320e5,RECEIVE,DATA,287,1060,""
1050.546,receiver,af416b39-8b0b-4383-b8fd-ab44d75320e5,ACCEPT_DATA,DATA,287,1024,"unique file bytes received"
1050.548,receiver,af416b39-8b0b-4383-b8fd-ab44d75320e5,SEND,ACK,287,36,""
1050.553,receiver,af416b39-8b0b-4383-b8fd-ab44d75320e5,RECEIVE,DATA,289,1060,""
1050.556,receiver,af416b39-8b0b-4383-b8fd-ab44d75320e5,ACCEPT_DATA,DATA,289,1024,"unique file bytes received"
1050.558,receiver,af416b39-8b0b-4383-b8fd-ab44d75320e5,SEND,ACK,289,36,""
1066.804,receiver,af416b39-8b0b-4383-b8fd-ab44d75320e5,EMIT,ACK,278,36,""
1066.845,receiver,af416b39-8b0b-4383-b8fd-ab44d75320e5,EMIT,ACK,273,36,""
1066.856,receiver,af416b39-8b0b-4383-b8fd-ab44d75320e5,EMIT,ACK,269,36,""
1066.865,receiver,af416b39-8b0b-4383-b8fd-ab44d75320e5,EMIT,ACK,279,36,""
1066.877,receiver,af416b39-8b0b-4383-b8fd-ab44d75320e5,EMIT,ACK,275,36,""
1066.885,receiver,af416b39-8b0b-4383-b8fd-ab44d75320e5,EMIT,ACK,284,36,""
1066.894,receiver,af416b39-8b0b-4383-b8fd-ab44d75320e5,EMIT,ACK,285,36,""
1066.904,receiver,af416b39-8b0b-4383-b8fd-ab44d75320e5,EMIT,ACK,281,36,""
1066.914,receiver,af416b39-8b0b-4383-b8fd-ab44d75320e5,EMIT,ACK,272,36,""
1066.933,receiver,af416b39-8b0b-4383-b8fd-ab44d75320e5,EMIT,ACK,282,36,""
1066.937,receiver,af416b39-8b0b-4383-b8fd-ab44d75320e5,RECEIVE,DATA,293,1060,""
1066.951,receiver,af416b39-8b0b-4383-b8fd-ab44d75320e5,EMIT,ACK,277,36,""
1066.956,receiver,af416b39-8b0b-4383-b8fd-ab44d75320e5,ACCEPT_DATA,DATA,293,1024,"unique file bytes received"
1066.962,receiver,af416b39-8b0b-4383-b8fd-ab44d75320e5,EMIT,ACK,270,36,""
1066.965,receiver,af416b39-8b0b-4383-b8fd-ab44d75320e5,SEND,ACK,293,36,""
1066.971,receiver,af416b39-8b0b-4383-b8fd-ab44d75320e5,EMIT,ACK,271,36,""
1066.998,receiver,af416b39-8b0b-4383-b8fd-ab44d75320e5,RECEIVE,DATA,295,1060,""
1067.004,receiver,af416b39-8b0b-4383-b8fd-ab44d75320e5,OUT_OF_ORDER,DATA,295,0,"arrived before missing sequence=294"
1067.009,receiver,af416b39-8b0b-4383-b8fd-ab44d75320e5,ACCEPT_DATA,DATA,295,1024,"unique file bytes received"
1067.014,receiver,af416b39-8b0b-4383-b8fd-ab44d75320e5,SEND,ACK,295,36,""
1067.031,receiver,af416b39-8b0b-4383-b8fd-ab44d75320e5,RECEIVE,DATA,294,1060,""
1067.036,receiver,af416b39-8b0b-4383-b8fd-ab44d75320e5,ACCEPT_DATA,DATA,294,1024,"unique file bytes received"
1067.040,receiver,af416b39-8b0b-4383-b8fd-ab44d75320e5,SEND,ACK,294,36,""
1067.050,receiver,af416b39-8b0b-4383-b8fd-ab44d75320e5,RECEIVE,DATA,296,1060,""
1067.055,receiver,af416b39-8b0b-4383-b8fd-ab44d75320e5,ACCEPT_DATA,DATA,296,1024,"unique file bytes received"
1067.098,receiver,af416b39-8b0b-4383-b8fd-ab44d75320e5,SEND,ACK,296,36,""
1082.404,receiver,af416b39-8b0b-4383-b8fd-ab44d75320e5,EMIT,ACK,274,36,""
1082.439,receiver,af416b39-8b0b-4383-b8fd-ab44d75320e5,RECEIVE,DATA,300,1060,""
1082.474,receiver,af416b39-8b0b-4383-b8fd-ab44d75320e5,EMIT,ACK,288,36,""
1082.487,receiver,af416b39-8b0b-4383-b8fd-ab44d75320e5,OUT_OF_ORDER,DATA,300,0,"arrived before missing sequence=297"
1082.493,receiver,af416b39-8b0b-4383-b8fd-ab44d75320e5,ACCEPT_DATA,DATA,300,1024,"unique file bytes received"
1082.496,receiver,af416b39-8b0b-4383-b8fd-ab44d75320e5,SEND,ACK,300,36,""
1082.512,receiver,af416b39-8b0b-4383-b8fd-ab44d75320e5,EMIT,ACK,290,36,""
1082.778,receiver,af416b39-8b0b-4383-b8fd-ab44d75320e5,EMIT,ACK,287,36,""
1082.804,receiver,af416b39-8b0b-4383-b8fd-ab44d75320e5,EMIT,ACK,289,36,""
1082.824,receiver,af416b39-8b0b-4383-b8fd-ab44d75320e5,EMIT,ACK,291,36,""
1082.847,receiver,af416b39-8b0b-4383-b8fd-ab44d75320e5,RECEIVE,DATA,297,1060,""
1082.857,receiver,af416b39-8b0b-4383-b8fd-ab44d75320e5,ACCEPT_DATA,DATA,297,1024,"unique file bytes received"
1082.861,receiver,af416b39-8b0b-4383-b8fd-ab44d75320e5,SEND,ACK,297,36,""
1082.873,receiver,af416b39-8b0b-4383-b8fd-ab44d75320e5,RECEIVE,DATA,298,1060,""
1082.876,receiver,af416b39-8b0b-4383-b8fd-ab44d75320e5,ACCEPT_DATA,DATA,298,1024,"unique file bytes received"
1082.878,receiver,af416b39-8b0b-4383-b8fd-ab44d75320e5,SEND,ACK,298,36,""
1082.884,receiver,af416b39-8b0b-4383-b8fd-ab44d75320e5,RECEIVE,DATA,299,1060,""
1082.886,receiver,af416b39-8b0b-4383-b8fd-ab44d75320e5,ACCEPT_DATA,DATA,299,1024,"unique file bytes received"
1082.889,receiver,af416b39-8b0b-4383-b8fd-ab44d75320e5,SEND,ACK,299,36,""
1097.418,receiver,af416b39-8b0b-4383-b8fd-ab44d75320e5,RECEIVE,DATA,302,1060,""
1097.433,receiver,af416b39-8b0b-4383-b8fd-ab44d75320e5,OUT_OF_ORDER,DATA,302,0,"arrived before missing sequence=301"
1097.437,receiver,af416b39-8b0b-4383-b8fd-ab44d75320e5,ACCEPT_DATA,DATA,302,1024,"unique file bytes received"
1097.440,receiver,af416b39-8b0b-4383-b8fd-ab44d75320e5,SEND,ACK,302,36,""
1097.457,receiver,af416b39-8b0b-4383-b8fd-ab44d75320e5,RECEIVE,DATA,304,1060,""
1097.460,receiver,af416b39-8b0b-4383-b8fd-ab44d75320e5,OUT_OF_ORDER,DATA,304,0,"arrived before missing sequence=301"
1097.462,receiver,af416b39-8b0b-4383-b8fd-ab44d75320e5,ACCEPT_DATA,DATA,304,1024,"unique file bytes received"
1097.465,receiver,af416b39-8b0b-4383-b8fd-ab44d75320e5,SEND,ACK,304,36,""
1097.512,receiver,af416b39-8b0b-4383-b8fd-ab44d75320e5,EMIT,ACK,283,36,""
1097.530,receiver,af416b39-8b0b-4383-b8fd-ab44d75320e5,EMIT,ACK,292,36,""
1113.271,receiver,af416b39-8b0b-4383-b8fd-ab44d75320e5,EMIT,ACK,286,36,""
1113.308,receiver,af416b39-8b0b-4383-b8fd-ab44d75320e5,EMIT,ACK,295,36,""
1113.328,receiver,af416b39-8b0b-4383-b8fd-ab44d75320e5,EMIT,ACK,293,36,""
1113.410,receiver,af416b39-8b0b-4383-b8fd-ab44d75320e5,RECEIVE,DATA,305,1060,""
1113.429,receiver,af416b39-8b0b-4383-b8fd-ab44d75320e5,OUT_OF_ORDER,DATA,305,0,"arrived before missing sequence=301"
1113.436,receiver,af416b39-8b0b-4383-b8fd-ab44d75320e5,ACCEPT_DATA,DATA,305,1024,"unique file bytes received"
1113.441,receiver,af416b39-8b0b-4383-b8fd-ab44d75320e5,SEND,ACK,305,36,""
1113.468,receiver,af416b39-8b0b-4383-b8fd-ab44d75320e5,RECEIVE,DATA,301,1060,""
1113.474,receiver,af416b39-8b0b-4383-b8fd-ab44d75320e5,ACCEPT_DATA,DATA,301,1024,"unique file bytes received"
1113.479,receiver,af416b39-8b0b-4383-b8fd-ab44d75320e5,SEND,ACK,301,36,""
1113.490,receiver,af416b39-8b0b-4383-b8fd-ab44d75320e5,RECEIVE,DATA,307,1060,""
1113.496,receiver,af416b39-8b0b-4383-b8fd-ab44d75320e5,OUT_OF_ORDER,DATA,307,0,"arrived before missing sequence=303"
1113.500,receiver,af416b39-8b0b-4383-b8fd-ab44d75320e5,ACCEPT_DATA,DATA,307,1024,"unique file bytes received"
1113.504,receiver,af416b39-8b0b-4383-b8fd-ab44d75320e5,SEND,ACK,307,36,""
1113.515,receiver,af416b39-8b0b-4383-b8fd-ab44d75320e5,RECEIVE,DATA,311,1060,""
1113.520,receiver,af416b39-8b0b-4383-b8fd-ab44d75320e5,OUT_OF_ORDER,DATA,311,0,"arrived before missing sequence=303"
1113.524,receiver,af416b39-8b0b-4383-b8fd-ab44d75320e5,ACCEPT_DATA,DATA,311,1024,"unique file bytes received"
1113.528,receiver,af416b39-8b0b-4383-b8fd-ab44d75320e5,SEND,ACK,311,36,""
1113.551,receiver,af416b39-8b0b-4383-b8fd-ab44d75320e5,RECEIVE,DATA,314,1060,""
1113.556,receiver,af416b39-8b0b-4383-b8fd-ab44d75320e5,OUT_OF_ORDER,DATA,314,0,"arrived before missing sequence=303"
1113.559,receiver,af416b39-8b0b-4383-b8fd-ab44d75320e5,ACCEPT_DATA,DATA,314,1024,"unique file bytes received"
1113.563,receiver,af416b39-8b0b-4383-b8fd-ab44d75320e5,SEND,ACK,314,36,""
1113.572,receiver,af416b39-8b0b-4383-b8fd-ab44d75320e5,RECEIVE,DATA,306,1060,""
1113.577,receiver,af416b39-8b0b-4383-b8fd-ab44d75320e5,OUT_OF_ORDER,DATA,306,0,"arrived before missing sequence=303"
1113.585,receiver,af416b39-8b0b-4383-b8fd-ab44d75320e5,ACCEPT_DATA,DATA,306,1024,"unique file bytes received"
1113.588,receiver,af416b39-8b0b-4383-b8fd-ab44d75320e5,SEND,ACK,306,36,""
1129.187,receiver,af416b39-8b0b-4383-b8fd-ab44d75320e5,EMIT,ACK,294,36,""
1129.237,receiver,af416b39-8b0b-4383-b8fd-ab44d75320e5,EMIT,ACK,296,36,""
1129.254,receiver,af416b39-8b0b-4383-b8fd-ab44d75320e5,EMIT,ACK,297,36,""
1129.270,receiver,af416b39-8b0b-4383-b8fd-ab44d75320e5,EMIT,ACK,298,36,""
1129.295,receiver,af416b39-8b0b-4383-b8fd-ab44d75320e5,RECEIVE,DATA,310,1060,""
1129.537,receiver,af416b39-8b0b-4383-b8fd-ab44d75320e5,OUT_OF_ORDER,DATA,310,0,"arrived before missing sequence=303"
1129.553,receiver,af416b39-8b0b-4383-b8fd-ab44d75320e5,ACCEPT_DATA,DATA,310,1024,"unique file bytes received"
1129.560,receiver,af416b39-8b0b-4383-b8fd-ab44d75320e5,SEND,ACK,310,36,""
1129.601,receiver,af416b39-8b0b-4383-b8fd-ab44d75320e5,RECEIVE,DATA,303,1060,""
1129.609,receiver,af416b39-8b0b-4383-b8fd-ab44d75320e5,ACCEPT_DATA,DATA,303,1024,"unique file bytes received"
1129.614,receiver,af416b39-8b0b-4383-b8fd-ab44d75320e5,SEND,ACK,303,36,""
1129.626,receiver,af416b39-8b0b-4383-b8fd-ab44d75320e5,RECEIVE,DATA,313,1060,""
1129.632,receiver,af416b39-8b0b-4383-b8fd-ab44d75320e5,OUT_OF_ORDER,DATA,313,0,"arrived before missing sequence=308"
1129.637,receiver,af416b39-8b0b-4383-b8fd-ab44d75320e5,ACCEPT_DATA,DATA,313,1024,"unique file bytes received"
1129.641,receiver,af416b39-8b0b-4383-b8fd-ab44d75320e5,SEND,ACK,313,36,""
1129.652,receiver,af416b39-8b0b-4383-b8fd-ab44d75320e5,RECEIVE,DATA,317,1060,""
1129.658,receiver,af416b39-8b0b-4383-b8fd-ab44d75320e5,OUT_OF_ORDER,DATA,317,0,"arrived before missing sequence=308"
1129.663,receiver,af416b39-8b0b-4383-b8fd-ab44d75320e5,ACCEPT_DATA,DATA,317,1024,"unique file bytes received"
1129.668,receiver,af416b39-8b0b-4383-b8fd-ab44d75320e5,SEND,ACK,317,36,""
1129.678,receiver,af416b39-8b0b-4383-b8fd-ab44d75320e5,RECEIVE,DATA,312,1060,""
1129.683,receiver,af416b39-8b0b-4383-b8fd-ab44d75320e5,OUT_OF_ORDER,DATA,312,0,"arrived before missing sequence=308"
1129.688,receiver,af416b39-8b0b-4383-b8fd-ab44d75320e5,ACCEPT_DATA,DATA,312,1024,"unique file bytes received"
1129.693,receiver,af416b39-8b0b-4383-b8fd-ab44d75320e5,SEND,ACK,312,36,""
1129.703,receiver,af416b39-8b0b-4383-b8fd-ab44d75320e5,RECEIVE,DATA,308,1060,""
1129.710,receiver,af416b39-8b0b-4383-b8fd-ab44d75320e5,ACCEPT_DATA,DATA,308,1024,"unique file bytes received"
1129.715,receiver,af416b39-8b0b-4383-b8fd-ab44d75320e5,SEND,ACK,308,36,""
1144.368,receiver,af416b39-8b0b-4383-b8fd-ab44d75320e5,EMIT,ACK,300,36,""
1144.394,receiver,af416b39-8b0b-4383-b8fd-ab44d75320e5,RECEIVE,DATA,309,1060,""
1144.408,receiver,af416b39-8b0b-4383-b8fd-ab44d75320e5,ACCEPT_DATA,DATA,309,1024,"unique file bytes received"
1144.413,receiver,af416b39-8b0b-4383-b8fd-ab44d75320e5,SEND,ACK,309,36,""
1144.417,receiver,af416b39-8b0b-4383-b8fd-ab44d75320e5,EMIT,ACK,299,36,""
1144.446,receiver,af416b39-8b0b-4383-b8fd-ab44d75320e5,RECEIVE,DATA,316,1060,""
1144.454,receiver,af416b39-8b0b-4383-b8fd-ab44d75320e5,EMIT,ACK,301,36,""
1144.463,receiver,af416b39-8b0b-4383-b8fd-ab44d75320e5,OUT_OF_ORDER,DATA,316,0,"arrived before missing sequence=315"
1144.525,receiver,af416b39-8b0b-4383-b8fd-ab44d75320e5,ACCEPT_DATA,DATA,316,1024,"unique file bytes received"
1144.529,receiver,af416b39-8b0b-4383-b8fd-ab44d75320e5,SEND,ACK,316,36,""
1144.537,receiver,af416b39-8b0b-4383-b8fd-ab44d75320e5,RECEIVE,DATA,320,1060,""
1144.540,receiver,af416b39-8b0b-4383-b8fd-ab44d75320e5,OUT_OF_ORDER,DATA,320,0,"arrived before missing sequence=315"
1144.543,receiver,af416b39-8b0b-4383-b8fd-ab44d75320e5,ACCEPT_DATA,DATA,320,1024,"unique file bytes received"
1144.546,receiver,af416b39-8b0b-4383-b8fd-ab44d75320e5,SEND,ACK,320,36,""
1144.552,receiver,af416b39-8b0b-4383-b8fd-ab44d75320e5,RECEIVE,DATA,315,1060,""
1144.559,receiver,af416b39-8b0b-4383-b8fd-ab44d75320e5,ACCEPT_DATA,DATA,315,1024,"unique file bytes received"
1144.562,receiver,af416b39-8b0b-4383-b8fd-ab44d75320e5,SEND,ACK,315,36,""
1144.652,receiver,af416b39-8b0b-4383-b8fd-ab44d75320e5,EMIT,ACK,314,36,""
1159.785,receiver,af416b39-8b0b-4383-b8fd-ab44d75320e5,EMIT,ACK,302,36,""
1159.823,receiver,af416b39-8b0b-4383-b8fd-ab44d75320e5,EMIT,ACK,305,36,""
1159.833,receiver,af416b39-8b0b-4383-b8fd-ab44d75320e5,EMIT,ACK,304,36,""
1159.842,receiver,af416b39-8b0b-4383-b8fd-ab44d75320e5,EMIT,ACK,306,36,""
1159.851,receiver,af416b39-8b0b-4383-b8fd-ab44d75320e5,EMIT,ACK,307,36,""
1159.859,receiver,af416b39-8b0b-4383-b8fd-ab44d75320e5,EMIT,ACK,317,36,""
1160.035,receiver,af416b39-8b0b-4383-b8fd-ab44d75320e5,RECEIVE,DATA,319,1060,""
1160.047,receiver,af416b39-8b0b-4383-b8fd-ab44d75320e5,OUT_OF_ORDER,DATA,319,0,"arrived before missing sequence=318"
1160.051,receiver,af416b39-8b0b-4383-b8fd-ab44d75320e5,ACCEPT_DATA,DATA,319,1024,"unique file bytes received"
1160.054,receiver,af416b39-8b0b-4383-b8fd-ab44d75320e5,SEND,ACK,319,36,""
1160.068,receiver,af416b39-8b0b-4383-b8fd-ab44d75320e5,RECEIVE,DATA,323,1060,""
1160.071,receiver,af416b39-8b0b-4383-b8fd-ab44d75320e5,OUT_OF_ORDER,DATA,323,0,"arrived before missing sequence=318"
1160.074,receiver,af416b39-8b0b-4383-b8fd-ab44d75320e5,ACCEPT_DATA,DATA,323,1024,"unique file bytes received"
1160.076,receiver,af416b39-8b0b-4383-b8fd-ab44d75320e5,SEND,ACK,323,36,""
1160.081,receiver,af416b39-8b0b-4383-b8fd-ab44d75320e5,RECEIVE,DATA,321,1060,""
1160.084,receiver,af416b39-8b0b-4383-b8fd-ab44d75320e5,OUT_OF_ORDER,DATA,321,0,"arrived before missing sequence=318"
1160.086,receiver,af416b39-8b0b-4383-b8fd-ab44d75320e5,ACCEPT_DATA,DATA,321,1024,"unique file bytes received"
1160.089,receiver,af416b39-8b0b-4383-b8fd-ab44d75320e5,SEND,ACK,321,36,""
1160.094,receiver,af416b39-8b0b-4383-b8fd-ab44d75320e5,RECEIVE,DATA,322,1060,""
1160.096,receiver,af416b39-8b0b-4383-b8fd-ab44d75320e5,OUT_OF_ORDER,DATA,322,0,"arrived before missing sequence=318"
1160.099,receiver,af416b39-8b0b-4383-b8fd-ab44d75320e5,ACCEPT_DATA,DATA,322,1024,"unique file bytes received"
1160.101,receiver,af416b39-8b0b-4383-b8fd-ab44d75320e5,SEND,ACK,322,36,""
1160.106,receiver,af416b39-8b0b-4383-b8fd-ab44d75320e5,RECEIVE,DATA,327,1060,""
1160.108,receiver,af416b39-8b0b-4383-b8fd-ab44d75320e5,OUT_OF_ORDER,DATA,327,0,"arrived before missing sequence=318"
1160.111,receiver,af416b39-8b0b-4383-b8fd-ab44d75320e5,ACCEPT_DATA,DATA,327,1024,"unique file bytes received"
1160.113,receiver,af416b39-8b0b-4383-b8fd-ab44d75320e5,SEND,ACK,327,36,""
1160.118,receiver,af416b39-8b0b-4383-b8fd-ab44d75320e5,RECEIVE,DATA,326,1060,""
1160.120,receiver,af416b39-8b0b-4383-b8fd-ab44d75320e5,OUT_OF_ORDER,DATA,326,0,"arrived before missing sequence=318"
1160.123,receiver,af416b39-8b0b-4383-b8fd-ab44d75320e5,ACCEPT_DATA,DATA,326,1024,"unique file bytes received"
1160.125,receiver,af416b39-8b0b-4383-b8fd-ab44d75320e5,SEND,ACK,326,36,""
1160.130,receiver,af416b39-8b0b-4383-b8fd-ab44d75320e5,RECEIVE,DATA,324,1060,""
1160.133,receiver,af416b39-8b0b-4383-b8fd-ab44d75320e5,OUT_OF_ORDER,DATA,324,0,"arrived before missing sequence=318"
1160.135,receiver,af416b39-8b0b-4383-b8fd-ab44d75320e5,ACCEPT_DATA,DATA,324,1024,"unique file bytes received"
1160.137,receiver,af416b39-8b0b-4383-b8fd-ab44d75320e5,SEND,ACK,324,36,""
1175.810,receiver,af416b39-8b0b-4383-b8fd-ab44d75320e5,EMIT,ACK,313,36,""
1175.855,receiver,af416b39-8b0b-4383-b8fd-ab44d75320e5,EMIT,ACK,311,36,""
1175.866,receiver,af416b39-8b0b-4383-b8fd-ab44d75320e5,EMIT,ACK,303,36,""
1175.877,receiver,af416b39-8b0b-4383-b8fd-ab44d75320e5,EMIT,ACK,308,36,""
1175.886,receiver,af416b39-8b0b-4383-b8fd-ab44d75320e5,EMIT,ACK,320,36,""
1175.898,receiver,af416b39-8b0b-4383-b8fd-ab44d75320e5,EMIT,ACK,310,36,""
1176.099,receiver,af416b39-8b0b-4383-b8fd-ab44d75320e5,RECEIVE,DATA,318,1060,""
1176.111,receiver,af416b39-8b0b-4383-b8fd-ab44d75320e5,ACCEPT_DATA,DATA,318,1024,"unique file bytes received"
1176.114,receiver,af416b39-8b0b-4383-b8fd-ab44d75320e5,SEND,ACK,318,36,""
1176.128,receiver,af416b39-8b0b-4383-b8fd-ab44d75320e5,RECEIVE,DATA,325,1060,""
1176.132,receiver,af416b39-8b0b-4383-b8fd-ab44d75320e5,ACCEPT_DATA,DATA,325,1024,"unique file bytes received"
1176.134,receiver,af416b39-8b0b-4383-b8fd-ab44d75320e5,SEND,ACK,325,36,""
1176.139,receiver,af416b39-8b0b-4383-b8fd-ab44d75320e5,RECEIVE,DATA,330,1060,""
1176.142,receiver,af416b39-8b0b-4383-b8fd-ab44d75320e5,OUT_OF_ORDER,DATA,330,0,"arrived before missing sequence=328"
1176.144,receiver,af416b39-8b0b-4383-b8fd-ab44d75320e5,ACCEPT_DATA,DATA,330,1024,"unique file bytes received"
1176.147,receiver,af416b39-8b0b-4383-b8fd-ab44d75320e5,SEND,ACK,330,36,""
1176.152,receiver,af416b39-8b0b-4383-b8fd-ab44d75320e5,RECEIVE,DATA,329,1060,""
1176.154,receiver,af416b39-8b0b-4383-b8fd-ab44d75320e5,OUT_OF_ORDER,DATA,329,0,"arrived before missing sequence=328"
1176.157,receiver,af416b39-8b0b-4383-b8fd-ab44d75320e5,ACCEPT_DATA,DATA,329,1024,"unique file bytes received"
1176.159,receiver,af416b39-8b0b-4383-b8fd-ab44d75320e5,SEND,ACK,329,36,""
1176.164,receiver,af416b39-8b0b-4383-b8fd-ab44d75320e5,RECEIVE,DATA,328,1060,""
1176.167,receiver,af416b39-8b0b-4383-b8fd-ab44d75320e5,ACCEPT_DATA,DATA,328,1024,"unique file bytes received"
1176.169,receiver,af416b39-8b0b-4383-b8fd-ab44d75320e5,SEND,ACK,328,36,""
1190.922,receiver,af416b39-8b0b-4383-b8fd-ab44d75320e5,EMIT,ACK,312,36,""
1190.955,receiver,af416b39-8b0b-4383-b8fd-ab44d75320e5,EMIT,ACK,315,36,""
1190.965,receiver,af416b39-8b0b-4383-b8fd-ab44d75320e5,EMIT,ACK,323,36,""
1190.973,receiver,af416b39-8b0b-4383-b8fd-ab44d75320e5,EMIT,ACK,309,36,""
1190.981,receiver,af416b39-8b0b-4383-b8fd-ab44d75320e5,EMIT,ACK,319,36,""
1190.996,receiver,af416b39-8b0b-4383-b8fd-ab44d75320e5,EMIT,ACK,326,36,""
1191.100,receiver,af416b39-8b0b-4383-b8fd-ab44d75320e5,RECEIVE,DATA,332,1060,""
1191.114,receiver,af416b39-8b0b-4383-b8fd-ab44d75320e5,OUT_OF_ORDER,DATA,332,0,"arrived before missing sequence=331"
1191.130,receiver,af416b39-8b0b-4383-b8fd-ab44d75320e5,ACCEPT_DATA,DATA,332,1024,"unique file bytes received"
1191.134,receiver,af416b39-8b0b-4383-b8fd-ab44d75320e5,SEND,ACK,332,36,""
1206.906,receiver,af416b39-8b0b-4383-b8fd-ab44d75320e5,EMIT,ACK,321,36,""
1206.968,receiver,af416b39-8b0b-4383-b8fd-ab44d75320e5,EMIT,ACK,316,36,""
1207.052,receiver,af416b39-8b0b-4383-b8fd-ab44d75320e5,RECEIVE,DATA,331,1060,""
1207.080,receiver,af416b39-8b0b-4383-b8fd-ab44d75320e5,ACCEPT_DATA,DATA,331,1024,"unique file bytes received"
1207.088,receiver,af416b39-8b0b-4383-b8fd-ab44d75320e5,SEND,ACK,331,36,""
1207.102,receiver,af416b39-8b0b-4383-b8fd-ab44d75320e5,RECEIVE,DATA,333,1060,""
1207.105,receiver,af416b39-8b0b-4383-b8fd-ab44d75320e5,ACCEPT_DATA,DATA,333,1024,"unique file bytes received"
1207.108,receiver,af416b39-8b0b-4383-b8fd-ab44d75320e5,SEND,ACK,333,36,""
1207.114,receiver,af416b39-8b0b-4383-b8fd-ab44d75320e5,RECEIVE,DATA,334,1060,""
1207.117,receiver,af416b39-8b0b-4383-b8fd-ab44d75320e5,ACCEPT_DATA,DATA,334,1024,"unique file bytes received"
1207.120,receiver,af416b39-8b0b-4383-b8fd-ab44d75320e5,SEND,ACK,334,36,""
1222.650,receiver,af416b39-8b0b-4383-b8fd-ab44d75320e5,EMIT,ACK,322,36,""
1222.681,receiver,af416b39-8b0b-4383-b8fd-ab44d75320e5,EMIT,ACK,327,36,""
1222.690,receiver,af416b39-8b0b-4383-b8fd-ab44d75320e5,EMIT,ACK,318,36,""
1222.727,receiver,af416b39-8b0b-4383-b8fd-ab44d75320e5,EMIT,ACK,324,36,""
1222.748,receiver,af416b39-8b0b-4383-b8fd-ab44d75320e5,EMIT,ACK,328,36,""
1222.787,receiver,af416b39-8b0b-4383-b8fd-ab44d75320e5,EMIT,ACK,329,36,""
1222.798,receiver,af416b39-8b0b-4383-b8fd-ab44d75320e5,EMIT,ACK,325,36,""
1222.808,receiver,af416b39-8b0b-4383-b8fd-ab44d75320e5,EMIT,ACK,330,36,""
1222.861,receiver,af416b39-8b0b-4383-b8fd-ab44d75320e5,RECEIVE,DATA,335,1060,""
1222.883,receiver,af416b39-8b0b-4383-b8fd-ab44d75320e5,ACCEPT_DATA,DATA,335,1024,"unique file bytes received"
1222.886,receiver,af416b39-8b0b-4383-b8fd-ab44d75320e5,SEND,ACK,335,36,""
1222.901,receiver,af416b39-8b0b-4383-b8fd-ab44d75320e5,RECEIVE,DATA,337,1060,""
1222.904,receiver,af416b39-8b0b-4383-b8fd-ab44d75320e5,OUT_OF_ORDER,DATA,337,0,"arrived before missing sequence=336"
1222.907,receiver,af416b39-8b0b-4383-b8fd-ab44d75320e5,ACCEPT_DATA,DATA,337,1024,"unique file bytes received"
1222.910,receiver,af416b39-8b0b-4383-b8fd-ab44d75320e5,SEND,ACK,337,36,""
1222.916,receiver,af416b39-8b0b-4383-b8fd-ab44d75320e5,RECEIVE,DATA,336,1060,""
1222.919,receiver,af416b39-8b0b-4383-b8fd-ab44d75320e5,ACCEPT_DATA,DATA,336,1024,"unique file bytes received"
1222.922,receiver,af416b39-8b0b-4383-b8fd-ab44d75320e5,SEND,ACK,336,36,""
1222.927,receiver,af416b39-8b0b-4383-b8fd-ab44d75320e5,RECEIVE,DATA,345,1060,""
1222.930,receiver,af416b39-8b0b-4383-b8fd-ab44d75320e5,OUT_OF_ORDER,DATA,345,0,"arrived before missing sequence=338"
1222.933,receiver,af416b39-8b0b-4383-b8fd-ab44d75320e5,ACCEPT_DATA,DATA,345,1024,"unique file bytes received"
1222.936,receiver,af416b39-8b0b-4383-b8fd-ab44d75320e5,SEND,ACK,345,36,""
1222.941,receiver,af416b39-8b0b-4383-b8fd-ab44d75320e5,RECEIVE,DATA,347,1060,""
1222.944,receiver,af416b39-8b0b-4383-b8fd-ab44d75320e5,OUT_OF_ORDER,DATA,347,0,"arrived before missing sequence=338"
1222.946,receiver,af416b39-8b0b-4383-b8fd-ab44d75320e5,ACCEPT_DATA,DATA,347,1024,"unique file bytes received"
1222.949,receiver,af416b39-8b0b-4383-b8fd-ab44d75320e5,SEND,ACK,347,36,""
1222.955,receiver,af416b39-8b0b-4383-b8fd-ab44d75320e5,RECEIVE,DATA,338,1060,""
1222.958,receiver,af416b39-8b0b-4383-b8fd-ab44d75320e5,ACCEPT_DATA,DATA,338,1024,"unique file bytes received"
1222.960,receiver,af416b39-8b0b-4383-b8fd-ab44d75320e5,SEND,ACK,338,36,""
1222.966,receiver,af416b39-8b0b-4383-b8fd-ab44d75320e5,RECEIVE,DATA,344,1060,""
1222.969,receiver,af416b39-8b0b-4383-b8fd-ab44d75320e5,OUT_OF_ORDER,DATA,344,0,"arrived before missing sequence=339"
1222.971,receiver,af416b39-8b0b-4383-b8fd-ab44d75320e5,ACCEPT_DATA,DATA,344,1024,"unique file bytes received"
1222.974,receiver,af416b39-8b0b-4383-b8fd-ab44d75320e5,SEND,ACK,344,36,""
1238.076,receiver,af416b39-8b0b-4383-b8fd-ab44d75320e5,EMIT,ACK,332,36,""
1238.144,receiver,af416b39-8b0b-4383-b8fd-ab44d75320e5,RECEIVE,DATA,339,1060,""
1238.173,receiver,af416b39-8b0b-4383-b8fd-ab44d75320e5,ACCEPT_DATA,DATA,339,1024,"unique file bytes received"
1238.183,receiver,af416b39-8b0b-4383-b8fd-ab44d75320e5,SEND,ACK,339,36,""
1238.216,receiver,af416b39-8b0b-4383-b8fd-ab44d75320e5,RECEIVE,DATA,340,1060,""
1238.225,receiver,af416b39-8b0b-4383-b8fd-ab44d75320e5,ACCEPT_DATA,DATA,340,1024,"unique file bytes received"
1238.232,receiver,af416b39-8b0b-4383-b8fd-ab44d75320e5,SEND,ACK,340,36,""
1238.247,receiver,af416b39-8b0b-4383-b8fd-ab44d75320e5,RECEIVE,DATA,343,1060,""
1238.255,receiver,af416b39-8b0b-4383-b8fd-ab44d75320e5,OUT_OF_ORDER,DATA,343,0,"arrived before missing sequence=341"
1238.263,receiver,af416b39-8b0b-4383-b8fd-ab44d75320e5,ACCEPT_DATA,DATA,343,1024,"unique file bytes received"
1238.269,receiver,af416b39-8b0b-4383-b8fd-ab44d75320e5,SEND,ACK,343,36,""
1238.283,receiver,af416b39-8b0b-4383-b8fd-ab44d75320e5,RECEIVE,DATA,341,1060,""
1238.290,receiver,af416b39-8b0b-4383-b8fd-ab44d75320e5,ACCEPT_DATA,DATA,341,1024,"unique file bytes received"
1238.297,receiver,af416b39-8b0b-4383-b8fd-ab44d75320e5,SEND,ACK,341,36,""
1238.310,receiver,af416b39-8b0b-4383-b8fd-ab44d75320e5,RECEIVE,DATA,342,1060,""
1238.318,receiver,af416b39-8b0b-4383-b8fd-ab44d75320e5,ACCEPT_DATA,DATA,342,1024,"unique file bytes received"
1238.325,receiver,af416b39-8b0b-4383-b8fd-ab44d75320e5,SEND,ACK,342,36,""
1238.338,receiver,af416b39-8b0b-4383-b8fd-ab44d75320e5,RECEIVE,DATA,346,1060,""
1238.345,receiver,af416b39-8b0b-4383-b8fd-ab44d75320e5,ACCEPT_DATA,DATA,346,1024,"unique file bytes received"
1238.352,receiver,af416b39-8b0b-4383-b8fd-ab44d75320e5,SEND,ACK,346,36,""
1253.454,receiver,af416b39-8b0b-4383-b8fd-ab44d75320e5,RECEIVE,DATA,348,1060,""
1253.491,receiver,af416b39-8b0b-4383-b8fd-ab44d75320e5,ACCEPT_DATA,DATA,348,1024,"unique file bytes received"
1253.510,receiver,af416b39-8b0b-4383-b8fd-ab44d75320e5,SEND,ACK,348,36,""
1253.555,receiver,af416b39-8b0b-4383-b8fd-ab44d75320e5,EMIT,ACK,331,36,""
1253.582,receiver,af416b39-8b0b-4383-b8fd-ab44d75320e5,RECEIVE,DATA,356,1060,""
1253.595,receiver,af416b39-8b0b-4383-b8fd-ab44d75320e5,OUT_OF_ORDER,DATA,356,0,"arrived before missing sequence=349"
1253.604,receiver,af416b39-8b0b-4383-b8fd-ab44d75320e5,EMIT,ACK,333,36,""
1253.613,receiver,af416b39-8b0b-4383-b8fd-ab44d75320e5,ACCEPT_DATA,DATA,356,1024,"unique file bytes received"
1253.621,receiver,af416b39-8b0b-4383-b8fd-ab44d75320e5,SEND,ACK,356,36,""
1253.629,receiver,af416b39-8b0b-4383-b8fd-ab44d75320e5,EMIT,ACK,335,36,""
1253.649,receiver,af416b39-8b0b-4383-b8fd-ab44d75320e5,RECEIVE,DATA,353,1060,""
1253.660,receiver,af416b39-8b0b-4383-b8fd-ab44d75320e5,OUT_OF_ORDER,DATA,353,0,"arrived before missing sequence=349"
1253.678,receiver,af416b39-8b0b-4383-b8fd-ab44d75320e5,ACCEPT_DATA,DATA,353,1024,"unique file bytes received"
1253.686,receiver,af416b39-8b0b-4383-b8fd-ab44d75320e5,SEND,ACK,353,36,""
1269.256,receiver,af416b39-8b0b-4383-b8fd-ab44d75320e5,RECEIVE,DATA,357,1060,""
1269.275,receiver,af416b39-8b0b-4383-b8fd-ab44d75320e5,OUT_OF_ORDER,DATA,357,0,"arrived before missing sequence=349"
1269.279,receiver,af416b39-8b0b-4383-b8fd-ab44d75320e5,ACCEPT_DATA,DATA,357,1024,"unique file bytes received"
1269.282,receiver,af416b39-8b0b-4383-b8fd-ab44d75320e5,SEND,ACK,357,36,""
1269.292,receiver,af416b39-8b0b-4383-b8fd-ab44d75320e5,EMIT,ACK,334,36,""
1269.302,receiver,af416b39-8b0b-4383-b8fd-ab44d75320e5,RECEIVE,DATA,359,1060,""
1269.305,receiver,af416b39-8b0b-4383-b8fd-ab44d75320e5,OUT_OF_ORDER,DATA,359,0,"arrived before missing sequence=349"
1269.308,receiver,af416b39-8b0b-4383-b8fd-ab44d75320e5,ACCEPT_DATA,DATA,359,1024,"unique file bytes received"
1269.310,receiver,af416b39-8b0b-4383-b8fd-ab44d75320e5,EMIT,ACK,336,36,""
1269.314,receiver,af416b39-8b0b-4383-b8fd-ab44d75320e5,SEND,ACK,359,36,""
1269.328,receiver,af416b39-8b0b-4383-b8fd-ab44d75320e5,EMIT,ACK,347,36,""
1269.331,receiver,af416b39-8b0b-4383-b8fd-ab44d75320e5,RECEIVE,DATA,349,1060,""
1269.334,receiver,af416b39-8b0b-4383-b8fd-ab44d75320e5,ACCEPT_DATA,DATA,349,1024,"unique file bytes received"
1269.337,receiver,af416b39-8b0b-4383-b8fd-ab44d75320e5,EMIT,ACK,338,36,""
1269.340,receiver,af416b39-8b0b-4383-b8fd-ab44d75320e5,SEND,ACK,349,36,""
1269.345,receiver,af416b39-8b0b-4383-b8fd-ab44d75320e5,EMIT,ACK,339,36,""
1269.347,receiver,af416b39-8b0b-4383-b8fd-ab44d75320e5,RECEIVE,DATA,362,1060,""
1269.350,receiver,af416b39-8b0b-4383-b8fd-ab44d75320e5,OUT_OF_ORDER,DATA,362,0,"arrived before missing sequence=350"
1269.353,receiver,af416b39-8b0b-4383-b8fd-ab44d75320e5,ACCEPT_DATA,DATA,362,1024,"unique file bytes received"
1269.356,receiver,af416b39-8b0b-4383-b8fd-ab44d75320e5,EMIT,ACK,345,36,""
1269.359,receiver,af416b39-8b0b-4383-b8fd-ab44d75320e5,SEND,ACK,362,36,""
1269.364,receiver,af416b39-8b0b-4383-b8fd-ab44d75320e5,EMIT,ACK,337,36,""
1269.366,receiver,af416b39-8b0b-4383-b8fd-ab44d75320e5,RECEIVE,DATA,354,1060,""
1269.381,receiver,af416b39-8b0b-4383-b8fd-ab44d75320e5,OUT_OF_ORDER,DATA,354,0,"arrived before missing sequence=350"
1269.383,receiver,af416b39-8b0b-4383-b8fd-ab44d75320e5,ACCEPT_DATA,DATA,354,1024,"unique file bytes received"
1269.385,receiver,af416b39-8b0b-4383-b8fd-ab44d75320e5,SEND,ACK,354,36,""
1269.390,receiver,af416b39-8b0b-4383-b8fd-ab44d75320e5,RECEIVE,DATA,352,1060,""
1269.393,receiver,af416b39-8b0b-4383-b8fd-ab44d75320e5,OUT_OF_ORDER,DATA,352,0,"arrived before missing sequence=350"
1269.450,receiver,af416b39-8b0b-4383-b8fd-ab44d75320e5,ACCEPT_DATA,DATA,352,1024,"unique file bytes received"
1269.453,receiver,af416b39-8b0b-4383-b8fd-ab44d75320e5,SEND,ACK,352,36,""
1269.462,receiver,af416b39-8b0b-4383-b8fd-ab44d75320e5,RECEIVE,DATA,350,1060,""
1269.465,receiver,af416b39-8b0b-4383-b8fd-ab44d75320e5,ACCEPT_DATA,DATA,350,1024,"unique file bytes received"
1269.467,receiver,af416b39-8b0b-4383-b8fd-ab44d75320e5,SEND,ACK,350,36,""
1269.472,receiver,af416b39-8b0b-4383-b8fd-ab44d75320e5,RECEIVE,DATA,358,1060,""
1269.475,receiver,af416b39-8b0b-4383-b8fd-ab44d75320e5,OUT_OF_ORDER,DATA,358,0,"arrived before missing sequence=351"
1269.477,receiver,af416b39-8b0b-4383-b8fd-ab44d75320e5,ACCEPT_DATA,DATA,358,1024,"unique file bytes received"
1269.479,receiver,af416b39-8b0b-4383-b8fd-ab44d75320e5,SEND,ACK,358,36,""
1269.484,receiver,af416b39-8b0b-4383-b8fd-ab44d75320e5,RECEIVE,DATA,360,1060,""
1269.487,receiver,af416b39-8b0b-4383-b8fd-ab44d75320e5,OUT_OF_ORDER,DATA,360,0,"arrived before missing sequence=351"
1269.489,receiver,af416b39-8b0b-4383-b8fd-ab44d75320e5,ACCEPT_DATA,DATA,360,1024,"unique file bytes received"
1269.491,receiver,af416b39-8b0b-4383-b8fd-ab44d75320e5,SEND,ACK,360,36,""
1284.223,receiver,af416b39-8b0b-4383-b8fd-ab44d75320e5,EMIT,ACK,344,36,""
1284.241,receiver,af416b39-8b0b-4383-b8fd-ab44d75320e5,EMIT,ACK,341,36,""
1284.249,receiver,af416b39-8b0b-4383-b8fd-ab44d75320e5,EMIT,ACK,342,36,""
1284.256,receiver,af416b39-8b0b-4383-b8fd-ab44d75320e5,EMIT,ACK,346,36,""
1284.264,receiver,af416b39-8b0b-4383-b8fd-ab44d75320e5,EMIT,ACK,343,36,""
1284.285,receiver,af416b39-8b0b-4383-b8fd-ab44d75320e5,EMIT,ACK,340,36,""
1284.438,receiver,af416b39-8b0b-4383-b8fd-ab44d75320e5,RECEIVE,DATA,355,1060,""
1284.449,receiver,af416b39-8b0b-4383-b8fd-ab44d75320e5,OUT_OF_ORDER,DATA,355,0,"arrived before missing sequence=351"
1284.452,receiver,af416b39-8b0b-4383-b8fd-ab44d75320e5,ACCEPT_DATA,DATA,355,1024,"unique file bytes received"
1284.455,receiver,af416b39-8b0b-4383-b8fd-ab44d75320e5,SEND,ACK,355,36,""
1284.472,receiver,af416b39-8b0b-4383-b8fd-ab44d75320e5,RECEIVE,DATA,351,1060,""
1284.475,receiver,af416b39-8b0b-4383-b8fd-ab44d75320e5,ACCEPT_DATA,DATA,351,1024,"unique file bytes received"
1284.477,receiver,af416b39-8b0b-4383-b8fd-ab44d75320e5,SEND,ACK,351,36,""
1284.483,receiver,af416b39-8b0b-4383-b8fd-ab44d75320e5,RECEIVE,DATA,361,1060,""
1284.485,receiver,af416b39-8b0b-4383-b8fd-ab44d75320e5,ACCEPT_DATA,DATA,361,1024,"unique file bytes received"
1284.488,receiver,af416b39-8b0b-4383-b8fd-ab44d75320e5,SEND,ACK,361,36,""
1299.558,receiver,af416b39-8b0b-4383-b8fd-ab44d75320e5,EMIT,ACK,348,36,""
1299.590,receiver,af416b39-8b0b-4383-b8fd-ab44d75320e5,EMIT,ACK,352,36,""
1299.600,receiver,af416b39-8b0b-4383-b8fd-ab44d75320e5,EMIT,ACK,349,36,""
1299.608,receiver,af416b39-8b0b-4383-b8fd-ab44d75320e5,EMIT,ACK,362,36,""
1299.616,receiver,af416b39-8b0b-4383-b8fd-ab44d75320e5,EMIT,ACK,353,36,""
1299.623,receiver,af416b39-8b0b-4383-b8fd-ab44d75320e5,EMIT,ACK,350,36,""
1299.719,receiver,af416b39-8b0b-4383-b8fd-ab44d75320e5,RECEIVE,DATA,365,1060,""
1299.731,receiver,af416b39-8b0b-4383-b8fd-ab44d75320e5,OUT_OF_ORDER,DATA,365,0,"arrived before missing sequence=363"
1299.734,receiver,af416b39-8b0b-4383-b8fd-ab44d75320e5,ACCEPT_DATA,DATA,365,1024,"unique file bytes received"
1299.737,receiver,af416b39-8b0b-4383-b8fd-ab44d75320e5,SEND,ACK,365,36,""
1299.750,receiver,af416b39-8b0b-4383-b8fd-ab44d75320e5,RECEIVE,DATA,363,1060,""
1299.753,receiver,af416b39-8b0b-4383-b8fd-ab44d75320e5,ACCEPT_DATA,DATA,363,1024,"unique file bytes received"
1299.755,receiver,af416b39-8b0b-4383-b8fd-ab44d75320e5,SEND,ACK,363,36,""
1299.760,receiver,af416b39-8b0b-4383-b8fd-ab44d75320e5,RECEIVE,DATA,364,1060,""
1299.763,receiver,af416b39-8b0b-4383-b8fd-ab44d75320e5,ACCEPT_DATA,DATA,364,1024,"unique file bytes received"
1299.766,receiver,af416b39-8b0b-4383-b8fd-ab44d75320e5,SEND,ACK,364,36,""
1314.573,receiver,af416b39-8b0b-4383-b8fd-ab44d75320e5,EMIT,ACK,356,36,""
1314.630,receiver,af416b39-8b0b-4383-b8fd-ab44d75320e5,EMIT,ACK,357,36,""
1314.657,receiver,af416b39-8b0b-4383-b8fd-ab44d75320e5,EMIT,ACK,358,36,""
1314.665,receiver,af416b39-8b0b-4383-b8fd-ab44d75320e5,RECEIVE,DATA,366,1060,""
1314.677,receiver,af416b39-8b0b-4383-b8fd-ab44d75320e5,ACCEPT_DATA,DATA,366,1024,"unique file bytes received"
1314.680,receiver,af416b39-8b0b-4383-b8fd-ab44d75320e5,SEND,ACK,366,36,""
1314.684,receiver,af416b39-8b0b-4383-b8fd-ab44d75320e5,EMIT,ACK,360,36,""
1314.710,receiver,af416b39-8b0b-4383-b8fd-ab44d75320e5,RECEIVE,DATA,367,1060,""
1314.713,receiver,af416b39-8b0b-4383-b8fd-ab44d75320e5,ACCEPT_DATA,DATA,367,1024,"unique file bytes received"
1314.716,receiver,af416b39-8b0b-4383-b8fd-ab44d75320e5,SEND,ACK,367,36,""
1314.722,receiver,af416b39-8b0b-4383-b8fd-ab44d75320e5,EMIT,ACK,355,36,""
1314.750,receiver,af416b39-8b0b-4383-b8fd-ab44d75320e5,RECEIVE,DATA,369,1060,""
1314.753,receiver,af416b39-8b0b-4383-b8fd-ab44d75320e5,OUT_OF_ORDER,DATA,369,0,"arrived before missing sequence=368"
1314.756,receiver,af416b39-8b0b-4383-b8fd-ab44d75320e5,EMIT,ACK,354,36,""
1314.758,receiver,af416b39-8b0b-4383-b8fd-ab44d75320e5,ACCEPT_DATA,DATA,369,1024,"unique file bytes received"
1314.761,receiver,af416b39-8b0b-4383-b8fd-ab44d75320e5,SEND,ACK,369,36,""
1314.763,receiver,af416b39-8b0b-4383-b8fd-ab44d75320e5,EMIT,ACK,359,36,""
1314.767,receiver,af416b39-8b0b-4383-b8fd-ab44d75320e5,RECEIVE,DATA,372,1060,""
1314.769,receiver,af416b39-8b0b-4383-b8fd-ab44d75320e5,OUT_OF_ORDER,DATA,372,0,"arrived before missing sequence=368"
1314.772,receiver,af416b39-8b0b-4383-b8fd-ab44d75320e5,ACCEPT_DATA,DATA,372,1024,"unique file bytes received"
1314.774,receiver,af416b39-8b0b-4383-b8fd-ab44d75320e5,SEND,ACK,372,36,""
1314.779,receiver,af416b39-8b0b-4383-b8fd-ab44d75320e5,RECEIVE,DATA,376,1060,""
1314.782,receiver,af416b39-8b0b-4383-b8fd-ab44d75320e5,OUT_OF_ORDER,DATA,376,0,"arrived before missing sequence=368"
1314.784,receiver,af416b39-8b0b-4383-b8fd-ab44d75320e5,ACCEPT_DATA,DATA,376,1024,"unique file bytes received"
1314.798,receiver,af416b39-8b0b-4383-b8fd-ab44d75320e5,SEND,ACK,376,36,""
1314.803,receiver,af416b39-8b0b-4383-b8fd-ab44d75320e5,RECEIVE,DATA,374,1060,""
1314.806,receiver,af416b39-8b0b-4383-b8fd-ab44d75320e5,OUT_OF_ORDER,DATA,374,0,"arrived before missing sequence=368"
1314.809,receiver,af416b39-8b0b-4383-b8fd-ab44d75320e5,ACCEPT_DATA,DATA,374,1024,"unique file bytes received"
1314.811,receiver,af416b39-8b0b-4383-b8fd-ab44d75320e5,SEND,ACK,374,36,""
1314.816,receiver,af416b39-8b0b-4383-b8fd-ab44d75320e5,RECEIVE,DATA,371,1060,""
1314.819,receiver,af416b39-8b0b-4383-b8fd-ab44d75320e5,OUT_OF_ORDER,DATA,371,0,"arrived before missing sequence=368"
1314.821,receiver,af416b39-8b0b-4383-b8fd-ab44d75320e5,ACCEPT_DATA,DATA,371,1024,"unique file bytes received"
1314.824,receiver,af416b39-8b0b-4383-b8fd-ab44d75320e5,SEND,ACK,371,36,""
1314.829,receiver,af416b39-8b0b-4383-b8fd-ab44d75320e5,RECEIVE,DATA,379,1060,""
1314.831,receiver,af416b39-8b0b-4383-b8fd-ab44d75320e5,OUT_OF_ORDER,DATA,379,0,"arrived before missing sequence=368"
1314.834,receiver,af416b39-8b0b-4383-b8fd-ab44d75320e5,ACCEPT_DATA,DATA,379,1024,"unique file bytes received"
1314.836,receiver,af416b39-8b0b-4383-b8fd-ab44d75320e5,SEND,ACK,379,36,""
1330.114,receiver,af416b39-8b0b-4383-b8fd-ab44d75320e5,EMIT,ACK,351,36,""
1330.156,receiver,af416b39-8b0b-4383-b8fd-ab44d75320e5,RECEIVE,DATA,368,1060,""
1330.176,receiver,af416b39-8b0b-4383-b8fd-ab44d75320e5,ACCEPT_DATA,DATA,368,1024,"unique file bytes received"
1330.182,receiver,af416b39-8b0b-4383-b8fd-ab44d75320e5,SEND,ACK,368,36,""
1330.204,receiver,af416b39-8b0b-4383-b8fd-ab44d75320e5,RECEIVE,DATA,378,1060,""
1330.210,receiver,af416b39-8b0b-4383-b8fd-ab44d75320e5,OUT_OF_ORDER,DATA,378,0,"arrived before missing sequence=370"
1330.215,receiver,af416b39-8b0b-4383-b8fd-ab44d75320e5,ACCEPT_DATA,DATA,378,1024,"unique file bytes received"
1330.220,receiver,af416b39-8b0b-4383-b8fd-ab44d75320e5,SEND,ACK,378,36,""
1330.229,receiver,af416b39-8b0b-4383-b8fd-ab44d75320e5,RECEIVE,DATA,370,1060,""
1330.235,receiver,af416b39-8b0b-4383-b8fd-ab44d75320e5,ACCEPT_DATA,DATA,370,1024,"unique file bytes received"
1330.474,receiver,af416b39-8b0b-4383-b8fd-ab44d75320e5,SEND,ACK,370,36,""
1330.491,receiver,af416b39-8b0b-4383-b8fd-ab44d75320e5,RECEIVE,DATA,381,1060,""
1330.498,receiver,af416b39-8b0b-4383-b8fd-ab44d75320e5,OUT_OF_ORDER,DATA,381,0,"arrived before missing sequence=373"
1330.503,receiver,af416b39-8b0b-4383-b8fd-ab44d75320e5,ACCEPT_DATA,DATA,381,1024,"unique file bytes received"
1330.508,receiver,af416b39-8b0b-4383-b8fd-ab44d75320e5,SEND,ACK,381,36,""
1346.116,receiver,af416b39-8b0b-4383-b8fd-ab44d75320e5,EMIT,ACK,361,36,""
1346.144,receiver,af416b39-8b0b-4383-b8fd-ab44d75320e5,RECEIVE,DATA,382,1060,""
1346.166,receiver,af416b39-8b0b-4383-b8fd-ab44d75320e5,EMIT,ACK,363,36,""
1346.178,receiver,af416b39-8b0b-4383-b8fd-ab44d75320e5,OUT_OF_ORDER,DATA,382,0,"arrived before missing sequence=373"
1346.188,receiver,af416b39-8b0b-4383-b8fd-ab44d75320e5,EMIT,ACK,367,36,""
1346.191,receiver,af416b39-8b0b-4383-b8fd-ab44d75320e5,ACCEPT_DATA,DATA,382,1024,"unique file bytes received"
1346.199,receiver,af416b39-8b0b-4383-b8fd-ab44d75320e5,EMIT,ACK,376,36,""
1346.202,receiver,af416b39-8b0b-4383-b8fd-ab44d75320e5,SEND,ACK,382,36,""
1346.209,receiver,af416b39-8b0b-4383-b8fd-ab44d75320e5,EMIT,ACK,365,36,""
1346.218,receiver,af416b39-8b0b-4383-b8fd-ab44d75320e5,EMIT,ACK,364,36,""
1346.227,receiver,af416b39-8b0b-4383-b8fd-ab44d75320e5,EMIT,ACK,374,36,""
1346.231,receiver,af416b39-8b0b-4383-b8fd-ab44d75320e5,RECEIVE,DATA,375,1060,""
1346.239,receiver,af416b39-8b0b-4383-b8fd-ab44d75320e5,OUT_OF_ORDER,DATA,375,0,"arrived before missing sequence=373"
1346.247,receiver,af416b39-8b0b-4383-b8fd-ab44d75320e5,ACCEPT_DATA,DATA,375,1024,"unique file bytes received"
1346.254,receiver,af416b39-8b0b-4383-b8fd-ab44d75320e5,SEND,ACK,375,36,""
1346.267,receiver,af416b39-8b0b-4383-b8fd-ab44d75320e5,RECEIVE,DATA,373,1060,""
1346.274,receiver,af416b39-8b0b-4383-b8fd-ab44d75320e5,ACCEPT_DATA,DATA,373,1024,"unique file bytes received"
1346.281,receiver,af416b39-8b0b-4383-b8fd-ab44d75320e5,SEND,ACK,373,36,""
1346.300,receiver,af416b39-8b0b-4383-b8fd-ab44d75320e5,RECEIVE,DATA,377,1060,""
1346.307,receiver,af416b39-8b0b-4383-b8fd-ab44d75320e5,ACCEPT_DATA,DATA,377,1024,"unique file bytes received"
1346.313,receiver,af416b39-8b0b-4383-b8fd-ab44d75320e5,SEND,ACK,377,36,""
1346.325,receiver,af416b39-8b0b-4383-b8fd-ab44d75320e5,RECEIVE,DATA,380,1060,""
1346.332,receiver,af416b39-8b0b-4383-b8fd-ab44d75320e5,ACCEPT_DATA,DATA,380,1024,"unique file bytes received"
1346.338,receiver,af416b39-8b0b-4383-b8fd-ab44d75320e5,SEND,ACK,380,36,""
1361.550,receiver,af416b39-8b0b-4383-b8fd-ab44d75320e5,EMIT,ACK,371,36,""
1361.581,receiver,af416b39-8b0b-4383-b8fd-ab44d75320e5,EMIT,ACK,369,36,""
1361.589,receiver,af416b39-8b0b-4383-b8fd-ab44d75320e5,EMIT,ACK,378,36,""
1361.597,receiver,af416b39-8b0b-4383-b8fd-ab44d75320e5,EMIT,ACK,366,36,""
1361.680,receiver,af416b39-8b0b-4383-b8fd-ab44d75320e5,RECEIVE,DATA,392,1060,""
1361.710,receiver,af416b39-8b0b-4383-b8fd-ab44d75320e5,OUT_OF_ORDER,DATA,392,0,"arrived before missing sequence=383"
1361.729,receiver,af416b39-8b0b-4383-b8fd-ab44d75320e5,ACCEPT_DATA,DATA,392,1024,"unique file bytes received"
1361.737,receiver,af416b39-8b0b-4383-b8fd-ab44d75320e5,SEND,ACK,392,36,""
1361.767,receiver,af416b39-8b0b-4383-b8fd-ab44d75320e5,RECEIVE,DATA,390,1060,""
1361.778,receiver,af416b39-8b0b-4383-b8fd-ab44d75320e5,OUT_OF_ORDER,DATA,390,0,"arrived before missing sequence=383"
1361.784,receiver,af416b39-8b0b-4383-b8fd-ab44d75320e5,ACCEPT_DATA,DATA,390,1024,"unique file bytes received"
1361.790,receiver,af416b39-8b0b-4383-b8fd-ab44d75320e5,SEND,ACK,390,36,""
1377.463,receiver,af416b39-8b0b-4383-b8fd-ab44d75320e5,EMIT,ACK,372,36,""
1377.492,receiver,af416b39-8b0b-4383-b8fd-ab44d75320e5,EMIT,ACK,381,36,""
1377.500,receiver,af416b39-8b0b-4383-b8fd-ab44d75320e5,EMIT,ACK,379,36,""
1377.507,receiver,af416b39-8b0b-4383-b8fd-ab44d75320e5,EMIT,ACK,370,36,""
1377.515,receiver,af416b39-8b0b-4383-b8fd-ab44d75320e5,EMIT,ACK,368,36,""
1377.522,receiver,af416b39-8b0b-4383-b8fd-ab44d75320e5,EMIT,ACK,382,36,""
1377.693,receiver,af416b39-8b0b-4383-b8fd-ab44d75320e5,RECEIVE,DATA,391,1060,""
1377.708,receiver,af416b39-8b0b-4383-b8fd-ab44d75320e5,OUT_OF_ORDER,DATA,391,0,"arrived before missing sequence=383"
1377.712,receiver,af416b39-8b0b-4383-b8fd-ab44d75320e5,ACCEPT_DATA,DATA,391,1024,"unique file bytes received"
1377.715,receiver,af416b39-8b0b-4383-b8fd-ab44d75320e5,SEND,ACK,391,36,""
1377.730,receiver,af416b39-8b0b-4383-b8fd-ab44d75320e5,RECEIVE,DATA,387,1060,""
1377.732,receiver,af416b39-8b0b-4383-b8fd-ab44d75320e5,OUT_OF_ORDER,DATA,387,0,"arrived before missing sequence=383"
1377.735,receiver,af416b39-8b0b-4383-b8fd-ab44d75320e5,ACCEPT_DATA,DATA,387,1024,"unique file bytes received"
1377.737,receiver,af416b39-8b0b-4383-b8fd-ab44d75320e5,SEND,ACK,387,36,""
1377.742,receiver,af416b39-8b0b-4383-b8fd-ab44d75320e5,RECEIVE,DATA,385,1060,""
1377.745,receiver,af416b39-8b0b-4383-b8fd-ab44d75320e5,OUT_OF_ORDER,DATA,385,0,"arrived before missing sequence=383"
1377.748,receiver,af416b39-8b0b-4383-b8fd-ab44d75320e5,ACCEPT_DATA,DATA,385,1024,"unique file bytes received"
1377.750,receiver,af416b39-8b0b-4383-b8fd-ab44d75320e5,SEND,ACK,385,36,""
1377.755,receiver,af416b39-8b0b-4383-b8fd-ab44d75320e5,RECEIVE,DATA,384,1060,""
1377.758,receiver,af416b39-8b0b-4383-b8fd-ab44d75320e5,OUT_OF_ORDER,DATA,384,0,"arrived before missing sequence=383"
1377.760,receiver,af416b39-8b0b-4383-b8fd-ab44d75320e5,ACCEPT_DATA,DATA,384,1024,"unique file bytes received"
1377.762,receiver,af416b39-8b0b-4383-b8fd-ab44d75320e5,SEND,ACK,384,36,""
1377.767,receiver,af416b39-8b0b-4383-b8fd-ab44d75320e5,RECEIVE,DATA,388,1060,""
1377.770,receiver,af416b39-8b0b-4383-b8fd-ab44d75320e5,OUT_OF_ORDER,DATA,388,0,"arrived before missing sequence=383"
1377.772,receiver,af416b39-8b0b-4383-b8fd-ab44d75320e5,ACCEPT_DATA,DATA,388,1024,"unique file bytes received"
1377.775,receiver,af416b39-8b0b-4383-b8fd-ab44d75320e5,SEND,ACK,388,36,""
1377.779,receiver,af416b39-8b0b-4383-b8fd-ab44d75320e5,RECEIVE,DATA,389,1060,""
1377.782,receiver,af416b39-8b0b-4383-b8fd-ab44d75320e5,OUT_OF_ORDER,DATA,389,0,"arrived before missing sequence=383"
1377.784,receiver,af416b39-8b0b-4383-b8fd-ab44d75320e5,ACCEPT_DATA,DATA,389,1024,"unique file bytes received"
1377.786,receiver,af416b39-8b0b-4383-b8fd-ab44d75320e5,SEND,ACK,389,36,""
1393.548,receiver,af416b39-8b0b-4383-b8fd-ab44d75320e5,EMIT,ACK,373,36,""
1393.583,receiver,af416b39-8b0b-4383-b8fd-ab44d75320e5,EMIT,ACK,375,36,""
1393.594,receiver,af416b39-8b0b-4383-b8fd-ab44d75320e5,EMIT,ACK,377,36,""
1393.661,receiver,af416b39-8b0b-4383-b8fd-ab44d75320e5,RECEIVE,DATA,395,1060,""
1393.682,receiver,af416b39-8b0b-4383-b8fd-ab44d75320e5,OUT_OF_ORDER,DATA,395,0,"arrived before missing sequence=383"
1393.686,receiver,af416b39-8b0b-4383-b8fd-ab44d75320e5,ACCEPT_DATA,DATA,395,1024,"unique file bytes received"
1393.689,receiver,af416b39-8b0b-4383-b8fd-ab44d75320e5,SEND,ACK,395,36,""
1393.703,receiver,af416b39-8b0b-4383-b8fd-ab44d75320e5,RECEIVE,DATA,386,1060,""
1393.706,receiver,af416b39-8b0b-4383-b8fd-ab44d75320e5,OUT_OF_ORDER,DATA,386,0,"arrived before missing sequence=383"
1393.708,receiver,af416b39-8b0b-4383-b8fd-ab44d75320e5,ACCEPT_DATA,DATA,386,1024,"unique file bytes received"
1393.711,receiver,af416b39-8b0b-4383-b8fd-ab44d75320e5,SEND,ACK,386,36,""
1393.716,receiver,af416b39-8b0b-4383-b8fd-ab44d75320e5,RECEIVE,DATA,383,1060,""
1393.719,receiver,af416b39-8b0b-4383-b8fd-ab44d75320e5,ACCEPT_DATA,DATA,383,1024,"unique file bytes received"
1393.722,receiver,af416b39-8b0b-4383-b8fd-ab44d75320e5,SEND,ACK,383,36,""
1393.739,receiver,af416b39-8b0b-4383-b8fd-ab44d75320e5,RECEIVE,DATA,393,1060,""
1393.742,receiver,af416b39-8b0b-4383-b8fd-ab44d75320e5,ACCEPT_DATA,DATA,393,1024,"unique file bytes received"
1393.744,receiver,af416b39-8b0b-4383-b8fd-ab44d75320e5,SEND,ACK,393,36,""
1393.749,receiver,af416b39-8b0b-4383-b8fd-ab44d75320e5,RECEIVE,DATA,396,1060,""
1393.752,receiver,af416b39-8b0b-4383-b8fd-ab44d75320e5,OUT_OF_ORDER,DATA,396,0,"arrived before missing sequence=394"
1393.818,receiver,af416b39-8b0b-4383-b8fd-ab44d75320e5,ACCEPT_DATA,DATA,396,1024,"unique file bytes received"
1393.821,receiver,af416b39-8b0b-4383-b8fd-ab44d75320e5,SEND,ACK,396,36,""
1393.827,receiver,af416b39-8b0b-4383-b8fd-ab44d75320e5,RECEIVE,DATA,397,1060,""
1393.830,receiver,af416b39-8b0b-4383-b8fd-ab44d75320e5,OUT_OF_ORDER,DATA,397,0,"arrived before missing sequence=394"
1393.833,receiver,af416b39-8b0b-4383-b8fd-ab44d75320e5,ACCEPT_DATA,DATA,397,1024,"unique file bytes received"
1393.835,receiver,af416b39-8b0b-4383-b8fd-ab44d75320e5,SEND,ACK,397,36,""
1393.840,receiver,af416b39-8b0b-4383-b8fd-ab44d75320e5,RECEIVE,DATA,394,1060,""
1393.843,receiver,af416b39-8b0b-4383-b8fd-ab44d75320e5,ACCEPT_DATA,DATA,394,1024,"unique file bytes received"
1393.845,receiver,af416b39-8b0b-4383-b8fd-ab44d75320e5,SEND,ACK,394,36,""
1409.636,receiver,af416b39-8b0b-4383-b8fd-ab44d75320e5,EMIT,ACK,380,36,""
1409.665,receiver,af416b39-8b0b-4383-b8fd-ab44d75320e5,RECEIVE,DATA,402,1060,""
1409.677,receiver,af416b39-8b0b-4383-b8fd-ab44d75320e5,EMIT,ACK,390,36,""
1409.681,receiver,af416b39-8b0b-4383-b8fd-ab44d75320e5,OUT_OF_ORDER,DATA,402,0,"arrived before missing sequence=398"
1409.689,receiver,af416b39-8b0b-4383-b8fd-ab44d75320e5,ACCEPT_DATA,DATA,402,1024,"unique file bytes received"
1409.691,receiver,af416b39-8b0b-4383-b8fd-ab44d75320e5,SEND,ACK,402,36,""
1409.694,receiver,af416b39-8b0b-4383-b8fd-ab44d75320e5,EMIT,ACK,387,36,""
1409.704,receiver,af416b39-8b0b-4383-b8fd-ab44d75320e5,EMIT,ACK,389,36,""
1409.707,receiver,af416b39-8b0b-4383-b8fd-ab44d75320e5,RECEIVE,DATA,404,1060,""
1409.711,receiver,af416b39-8b0b-4383-b8fd-ab44d75320e5,OUT_OF_ORDER,DATA,404,0,"arrived before missing sequence=398"
1409.713,receiver,af416b39-8b0b-4383-b8fd-ab44d75320e5,EMIT,ACK,391,36,""
1409.716,receiver,af416b39-8b0b-4383-b8fd-ab44d75320e5,ACCEPT_DATA,DATA,404,1024,"unique file bytes received"
1409.718,receiver,af416b39-8b0b-4383-b8fd-ab44d75320e5,SEND,ACK,404,36,""
1409.725,receiver,af416b39-8b0b-4383-b8fd-ab44d75320e5,RECEIVE,DATA,398,1060,""
1409.736,receiver,af416b39-8b0b-4383-b8fd-ab44d75320e5,ACCEPT_DATA,DATA,398,1024,"unique file bytes received"
1409.739,receiver,af416b39-8b0b-4383-b8fd-ab44d75320e5,SEND,ACK,398,36,""
1409.744,receiver,af416b39-8b0b-4383-b8fd-ab44d75320e5,RECEIVE,DATA,399,1060,""
1409.747,receiver,af416b39-8b0b-4383-b8fd-ab44d75320e5,ACCEPT_DATA,DATA,399,1024,"unique file bytes received"
1409.749,receiver,af416b39-8b0b-4383-b8fd-ab44d75320e5,SEND,ACK,399,36,""
1409.754,receiver,af416b39-8b0b-4383-b8fd-ab44d75320e5,RECEIVE,DATA,400,1060,""
1409.757,receiver,af416b39-8b0b-4383-b8fd-ab44d75320e5,ACCEPT_DATA,DATA,400,1024,"unique file bytes received"
1409.760,receiver,af416b39-8b0b-4383-b8fd-ab44d75320e5,SEND,ACK,400,36,""
1425.363,receiver,af416b39-8b0b-4383-b8fd-ab44d75320e5,RECEIVE,DATA,401,1060,""
1425.387,receiver,af416b39-8b0b-4383-b8fd-ab44d75320e5,EMIT,ACK,388,36,""
1425.396,receiver,af416b39-8b0b-4383-b8fd-ab44d75320e5,ACCEPT_DATA,DATA,401,1024,"unique file bytes received"
1425.400,receiver,af416b39-8b0b-4383-b8fd-ab44d75320e5,SEND,ACK,401,36,""
1425.411,receiver,af416b39-8b0b-4383-b8fd-ab44d75320e5,EMIT,ACK,392,36,""
1425.415,receiver,af416b39-8b0b-4383-b8fd-ab44d75320e5,RECEIVE,DATA,403,1060,""
1425.418,receiver,af416b39-8b0b-4383-b8fd-ab44d75320e5,ACCEPT_DATA,DATA,403,1024,"unique file bytes received"
1425.432,receiver,af416b39-8b0b-4383-b8fd-ab44d75320e5,SEND,ACK,403,36,""
1425.435,receiver,af416b39-8b0b-4383-b8fd-ab44d75320e5,EMIT,ACK,385,36,""
1425.439,receiver,af416b39-8b0b-4383-b8fd-ab44d75320e5,RECEIVE,DATA,410,1060,""
1425.442,receiver,af416b39-8b0b-4383-b8fd-ab44d75320e5,OUT_OF_ORDER,DATA,410,0,"arrived before missing sequence=405"
1425.445,receiver,af416b39-8b0b-4383-b8fd-ab44d75320e5,EMIT,ACK,384,36,""
1425.448,receiver,af416b39-8b0b-4383-b8fd-ab44d75320e5,ACCEPT_DATA,DATA,410,1024,"unique file bytes received"
1425.451,receiver,af416b39-8b0b-4383-b8fd-ab44d75320e5,SEND,ACK,410,36,""
1425.454,receiver,af416b39-8b0b-4383-b8fd-ab44d75320e5,EMIT,ACK,396,36,""
1425.457,receiver,af416b39-8b0b-4383-b8fd-ab44d75320e5,RECEIVE,DATA,407,1060,""
1425.460,receiver,af416b39-8b0b-4383-b8fd-ab44d75320e5,OUT_OF_ORDER,DATA,407,0,"arrived before missing sequence=405"
1425.463,receiver,af416b39-8b0b-4383-b8fd-ab44d75320e5,ACCEPT_DATA,DATA,407,1024,"unique file bytes received"
1425.465,receiver,af416b39-8b0b-4383-b8fd-ab44d75320e5,SEND,ACK,407,36,""
1441.161,receiver,af416b39-8b0b-4383-b8fd-ab44d75320e5,EMIT,ACK,386,36,""
1441.245,receiver,af416b39-8b0b-4383-b8fd-ab44d75320e5,EMIT,ACK,397,36,""
1441.271,receiver,af416b39-8b0b-4383-b8fd-ab44d75320e5,EMIT,ACK,395,36,""
1441.293,receiver,af416b39-8b0b-4383-b8fd-ab44d75320e5,EMIT,ACK,383,36,""
1441.316,receiver,af416b39-8b0b-4383-b8fd-ab44d75320e5,EMIT,ACK,393,36,""
1441.495,receiver,af416b39-8b0b-4383-b8fd-ab44d75320e5,RECEIVE,DATA,405,1060,""
1441.511,receiver,af416b39-8b0b-4383-b8fd-ab44d75320e5,ACCEPT_DATA,DATA,405,1024,"unique file bytes received"
1441.518,receiver,af416b39-8b0b-4383-b8fd-ab44d75320e5,SEND,ACK,405,36,""
1441.532,receiver,af416b39-8b0b-4383-b8fd-ab44d75320e5,RECEIVE,DATA,406,1060,""
1441.536,receiver,af416b39-8b0b-4383-b8fd-ab44d75320e5,ACCEPT_DATA,DATA,406,1024,"unique file bytes received"
1441.538,receiver,af416b39-8b0b-4383-b8fd-ab44d75320e5,SEND,ACK,406,36,""
1441.543,receiver,af416b39-8b0b-4383-b8fd-ab44d75320e5,RECEIVE,DATA,408,1060,""
1441.546,receiver,af416b39-8b0b-4383-b8fd-ab44d75320e5,ACCEPT_DATA,DATA,408,1024,"unique file bytes received"
1441.548,receiver,af416b39-8b0b-4383-b8fd-ab44d75320e5,SEND,ACK,408,36,""
1441.565,receiver,af416b39-8b0b-4383-b8fd-ab44d75320e5,RECEIVE,DATA,409,1060,""
1441.568,receiver,af416b39-8b0b-4383-b8fd-ab44d75320e5,ACCEPT_DATA,DATA,409,1024,"unique file bytes received"
1441.570,receiver,af416b39-8b0b-4383-b8fd-ab44d75320e5,SEND,ACK,409,36,""
1456.857,receiver,af416b39-8b0b-4383-b8fd-ab44d75320e5,EMIT,ACK,394,36,""
1456.944,receiver,af416b39-8b0b-4383-b8fd-ab44d75320e5,EMIT,ACK,399,36,""
1456.977,receiver,af416b39-8b0b-4383-b8fd-ab44d75320e5,EMIT,ACK,403,36,""
1456.988,receiver,af416b39-8b0b-4383-b8fd-ab44d75320e5,RECEIVE,DATA,411,1060,""
1457.015,receiver,af416b39-8b0b-4383-b8fd-ab44d75320e5,EMIT,ACK,398,36,""
1457.025,receiver,af416b39-8b0b-4383-b8fd-ab44d75320e5,ACCEPT_DATA,DATA,411,1024,"unique file bytes received"
1457.043,receiver,af416b39-8b0b-4383-b8fd-ab44d75320e5,EMIT,ACK,407,36,""
1457.050,receiver,af416b39-8b0b-4383-b8fd-ab44d75320e5,SEND,ACK,411,36,""
1457.062,receiver,af416b39-8b0b-4383-b8fd-ab44d75320e5,EMIT,ACK,400,36,""
1457.069,receiver,af416b39-8b0b-4383-b8fd-ab44d75320e5,RECEIVE,DATA,414,1060,""
1457.072,receiver,af416b39-8b0b-4383-b8fd-ab44d75320e5,OUT_OF_ORDER,DATA,414,0,"arrived before missing sequence=412"
1457.075,receiver,af416b39-8b0b-4383-b8fd-ab44d75320e5,ACCEPT_DATA,DATA,414,1024,"unique file bytes received"
1457.077,receiver,af416b39-8b0b-4383-b8fd-ab44d75320e5,SEND,ACK,414,36,""
1457.083,receiver,af416b39-8b0b-4383-b8fd-ab44d75320e5,RECEIVE,DATA,412,1060,""
1457.085,receiver,af416b39-8b0b-4383-b8fd-ab44d75320e5,ACCEPT_DATA,DATA,412,1024,"unique file bytes received"
1457.087,receiver,af416b39-8b0b-4383-b8fd-ab44d75320e5,SEND,ACK,412,36,""
1457.092,receiver,af416b39-8b0b-4383-b8fd-ab44d75320e5,RECEIVE,DATA,413,1060,""
1457.095,receiver,af416b39-8b0b-4383-b8fd-ab44d75320e5,ACCEPT_DATA,DATA,413,1024,"unique file bytes received"
1457.097,receiver,af416b39-8b0b-4383-b8fd-ab44d75320e5,SEND,ACK,413,36,""
1472.639,receiver,af416b39-8b0b-4383-b8fd-ab44d75320e5,EMIT,ACK,401,36,""
1472.674,receiver,af416b39-8b0b-4383-b8fd-ab44d75320e5,EMIT,ACK,410,36,""
1472.685,receiver,af416b39-8b0b-4383-b8fd-ab44d75320e5,EMIT,ACK,404,36,""
1472.694,receiver,af416b39-8b0b-4383-b8fd-ab44d75320e5,EMIT,ACK,402,36,""
1472.702,receiver,af416b39-8b0b-4383-b8fd-ab44d75320e5,EMIT,ACK,405,36,""
1472.718,receiver,af416b39-8b0b-4383-b8fd-ab44d75320e5,EMIT,ACK,408,36,""
1472.958,receiver,af416b39-8b0b-4383-b8fd-ab44d75320e5,RECEIVE,DATA,417,1060,""
1472.975,receiver,af416b39-8b0b-4383-b8fd-ab44d75320e5,OUT_OF_ORDER,DATA,417,0,"arrived before missing sequence=415"
1473.055,receiver,af416b39-8b0b-4383-b8fd-ab44d75320e5,ACCEPT_DATA,DATA,417,1024,"unique file bytes received"
1473.061,receiver,af416b39-8b0b-4383-b8fd-ab44d75320e5,SEND,ACK,417,36,""
1473.079,receiver,af416b39-8b0b-4383-b8fd-ab44d75320e5,RECEIVE,DATA,423,1060,""
1473.084,receiver,af416b39-8b0b-4383-b8fd-ab44d75320e5,OUT_OF_ORDER,DATA,423,0,"arrived before missing sequence=415"
1473.088,receiver,af416b39-8b0b-4383-b8fd-ab44d75320e5,ACCEPT_DATA,DATA,423,1024,"unique file bytes received"
1473.092,receiver,af416b39-8b0b-4383-b8fd-ab44d75320e5,SEND,ACK,423,36,""
1488.732,receiver,af416b39-8b0b-4383-b8fd-ab44d75320e5,EMIT,ACK,406,36,""
1488.765,receiver,af416b39-8b0b-4383-b8fd-ab44d75320e5,EMIT,ACK,414,36,""
1488.776,receiver,af416b39-8b0b-4383-b8fd-ab44d75320e5,EMIT,ACK,409,36,""
1489.275,receiver,af416b39-8b0b-4383-b8fd-ab44d75320e5,RECEIVE,DATA,420,1060,""
1489.293,receiver,af416b39-8b0b-4383-b8fd-ab44d75320e5,OUT_OF_ORDER,DATA,420,0,"arrived before missing sequence=415"
1489.297,receiver,af416b39-8b0b-4383-b8fd-ab44d75320e5,ACCEPT_DATA,DATA,420,1024,"unique file bytes received"
1489.299,receiver,af416b39-8b0b-4383-b8fd-ab44d75320e5,SEND,ACK,420,36,""
1489.316,receiver,af416b39-8b0b-4383-b8fd-ab44d75320e5,RECEIVE,DATA,424,1060,""
1489.319,receiver,af416b39-8b0b-4383-b8fd-ab44d75320e5,OUT_OF_ORDER,DATA,424,0,"arrived before missing sequence=415"
1489.321,receiver,af416b39-8b0b-4383-b8fd-ab44d75320e5,ACCEPT_DATA,DATA,424,1024,"unique file bytes received"
1489.324,receiver,af416b39-8b0b-4383-b8fd-ab44d75320e5,SEND,ACK,424,36,""
1489.328,receiver,af416b39-8b0b-4383-b8fd-ab44d75320e5,RECEIVE,DATA,416,1060,""
1489.331,receiver,af416b39-8b0b-4383-b8fd-ab44d75320e5,OUT_OF_ORDER,DATA,416,0,"arrived before missing sequence=415"
1489.333,receiver,af416b39-8b0b-4383-b8fd-ab44d75320e5,ACCEPT_DATA,DATA,416,1024,"unique file bytes received"
1489.336,receiver,af416b39-8b0b-4383-b8fd-ab44d75320e5,SEND,ACK,416,36,""
1489.341,receiver,af416b39-8b0b-4383-b8fd-ab44d75320e5,RECEIVE,DATA,419,1060,""
1489.343,receiver,af416b39-8b0b-4383-b8fd-ab44d75320e5,OUT_OF_ORDER,DATA,419,0,"arrived before missing sequence=415"
1489.346,receiver,af416b39-8b0b-4383-b8fd-ab44d75320e5,ACCEPT_DATA,DATA,419,1024,"unique file bytes received"
1489.348,receiver,af416b39-8b0b-4383-b8fd-ab44d75320e5,SEND,ACK,419,36,""
1489.352,receiver,af416b39-8b0b-4383-b8fd-ab44d75320e5,RECEIVE,DATA,425,1060,""
1489.355,receiver,af416b39-8b0b-4383-b8fd-ab44d75320e5,OUT_OF_ORDER,DATA,425,0,"arrived before missing sequence=415"
1489.357,receiver,af416b39-8b0b-4383-b8fd-ab44d75320e5,ACCEPT_DATA,DATA,425,1024,"unique file bytes received"
1489.359,receiver,af416b39-8b0b-4383-b8fd-ab44d75320e5,SEND,ACK,425,36,""
1489.364,receiver,af416b39-8b0b-4383-b8fd-ab44d75320e5,RECEIVE,DATA,432,1060,""
1489.366,receiver,af416b39-8b0b-4383-b8fd-ab44d75320e5,OUT_OF_ORDER,DATA,432,0,"arrived before missing sequence=415"
1489.369,receiver,af416b39-8b0b-4383-b8fd-ab44d75320e5,ACCEPT_DATA,DATA,432,1024,"unique file bytes received"
1489.371,receiver,af416b39-8b0b-4383-b8fd-ab44d75320e5,SEND,ACK,432,36,""
1489.375,receiver,af416b39-8b0b-4383-b8fd-ab44d75320e5,RECEIVE,DATA,426,1060,""
1489.378,receiver,af416b39-8b0b-4383-b8fd-ab44d75320e5,OUT_OF_ORDER,DATA,426,0,"arrived before missing sequence=415"
1489.380,receiver,af416b39-8b0b-4383-b8fd-ab44d75320e5,ACCEPT_DATA,DATA,426,1024,"unique file bytes received"
1489.382,receiver,af416b39-8b0b-4383-b8fd-ab44d75320e5,SEND,ACK,426,36,""
1489.387,receiver,af416b39-8b0b-4383-b8fd-ab44d75320e5,RECEIVE,DATA,422,1060,""
1489.390,receiver,af416b39-8b0b-4383-b8fd-ab44d75320e5,OUT_OF_ORDER,DATA,422,0,"arrived before missing sequence=415"
1489.392,receiver,af416b39-8b0b-4383-b8fd-ab44d75320e5,ACCEPT_DATA,DATA,422,1024,"unique file bytes received"
1489.394,receiver,af416b39-8b0b-4383-b8fd-ab44d75320e5,SEND,ACK,422,36,""
1489.399,receiver,af416b39-8b0b-4383-b8fd-ab44d75320e5,RECEIVE,DATA,431,1060,""
1489.402,receiver,af416b39-8b0b-4383-b8fd-ab44d75320e5,OUT_OF_ORDER,DATA,431,0,"arrived before missing sequence=415"
1489.404,receiver,af416b39-8b0b-4383-b8fd-ab44d75320e5,ACCEPT_DATA,DATA,431,1024,"unique file bytes received"
1489.406,receiver,af416b39-8b0b-4383-b8fd-ab44d75320e5,SEND,ACK,431,36,""
1489.410,receiver,af416b39-8b0b-4383-b8fd-ab44d75320e5,RECEIVE,DATA,421,1060,""
1489.413,receiver,af416b39-8b0b-4383-b8fd-ab44d75320e5,OUT_OF_ORDER,DATA,421,0,"arrived before missing sequence=415"
1489.415,receiver,af416b39-8b0b-4383-b8fd-ab44d75320e5,ACCEPT_DATA,DATA,421,1024,"unique file bytes received"
1489.418,receiver,af416b39-8b0b-4383-b8fd-ab44d75320e5,SEND,ACK,421,36,""
1489.422,receiver,af416b39-8b0b-4383-b8fd-ab44d75320e5,RECEIVE,DATA,415,1060,""
1489.425,receiver,af416b39-8b0b-4383-b8fd-ab44d75320e5,ACCEPT_DATA,DATA,415,1024,"unique file bytes received"
1489.427,receiver,af416b39-8b0b-4383-b8fd-ab44d75320e5,SEND,ACK,415,36,""
1504.387,receiver,af416b39-8b0b-4383-b8fd-ab44d75320e5,EMIT,ACK,412,36,""
1504.451,receiver,af416b39-8b0b-4383-b8fd-ab44d75320e5,EMIT,ACK,411,36,""
1504.466,receiver,af416b39-8b0b-4383-b8fd-ab44d75320e5,EMIT,ACK,423,36,""
1504.485,receiver,af416b39-8b0b-4383-b8fd-ab44d75320e5,EMIT,ACK,413,36,""
1504.590,receiver,af416b39-8b0b-4383-b8fd-ab44d75320e5,RECEIVE,DATA,418,1060,""
1504.607,receiver,af416b39-8b0b-4383-b8fd-ab44d75320e5,ACCEPT_DATA,DATA,418,1024,"unique file bytes received"
1504.612,receiver,af416b39-8b0b-4383-b8fd-ab44d75320e5,SEND,ACK,418,36,""
1504.633,receiver,af416b39-8b0b-4383-b8fd-ab44d75320e5,RECEIVE,DATA,429,1060,""
1504.637,receiver,af416b39-8b0b-4383-b8fd-ab44d75320e5,OUT_OF_ORDER,DATA,429,0,"arrived before missing sequence=427"
1504.641,receiver,af416b39-8b0b-4383-b8fd-ab44d75320e5,ACCEPT_DATA,DATA,429,1024,"unique file bytes received"
1504.644,receiver,af416b39-8b0b-4383-b8fd-ab44d75320e5,SEND,ACK,429,36,""
1504.651,receiver,af416b39-8b0b-4383-b8fd-ab44d75320e5,RECEIVE,DATA,428,1060,""
1504.655,receiver,af416b39-8b0b-4383-b8fd-ab44d75320e5,OUT_OF_ORDER,DATA,428,0,"arrived before missing sequence=427"
1504.659,receiver,af416b39-8b0b-4383-b8fd-ab44d75320e5,ACCEPT_DATA,DATA,428,1024,"unique file bytes received"
1504.662,receiver,af416b39-8b0b-4383-b8fd-ab44d75320e5,SEND,ACK,428,36,""
1504.669,receiver,af416b39-8b0b-4383-b8fd-ab44d75320e5,RECEIVE,DATA,436,1060,""
1504.673,receiver,af416b39-8b0b-4383-b8fd-ab44d75320e5,OUT_OF_ORDER,DATA,436,0,"arrived before missing sequence=427"
1504.677,receiver,af416b39-8b0b-4383-b8fd-ab44d75320e5,ACCEPT_DATA,DATA,436,1024,"unique file bytes received"
1504.680,receiver,af416b39-8b0b-4383-b8fd-ab44d75320e5,SEND,ACK,436,36,""
1504.687,receiver,af416b39-8b0b-4383-b8fd-ab44d75320e5,RECEIVE,DATA,433,1060,""
1504.691,receiver,af416b39-8b0b-4383-b8fd-ab44d75320e5,OUT_OF_ORDER,DATA,433,0,"arrived before missing sequence=427"
1504.695,receiver,af416b39-8b0b-4383-b8fd-ab44d75320e5,ACCEPT_DATA,DATA,433,1024,"unique file bytes received"
1504.698,receiver,af416b39-8b0b-4383-b8fd-ab44d75320e5,SEND,ACK,433,36,""
1504.705,receiver,af416b39-8b0b-4383-b8fd-ab44d75320e5,RECEIVE,DATA,430,1060,""
1504.709,receiver,af416b39-8b0b-4383-b8fd-ab44d75320e5,OUT_OF_ORDER,DATA,430,0,"arrived before missing sequence=427"
1504.712,receiver,af416b39-8b0b-4383-b8fd-ab44d75320e5,ACCEPT_DATA,DATA,430,1024,"unique file bytes received"
1504.715,receiver,af416b39-8b0b-4383-b8fd-ab44d75320e5,SEND,ACK,430,36,""
1504.722,receiver,af416b39-8b0b-4383-b8fd-ab44d75320e5,RECEIVE,DATA,434,1060,""
1504.726,receiver,af416b39-8b0b-4383-b8fd-ab44d75320e5,OUT_OF_ORDER,DATA,434,0,"arrived before missing sequence=427"
1504.729,receiver,af416b39-8b0b-4383-b8fd-ab44d75320e5,ACCEPT_DATA,DATA,434,1024,"unique file bytes received"
1504.732,receiver,af416b39-8b0b-4383-b8fd-ab44d75320e5,SEND,ACK,434,36,""
1520.443,receiver,af416b39-8b0b-4383-b8fd-ab44d75320e5,EMIT,ACK,417,36,""
1520.477,receiver,af416b39-8b0b-4383-b8fd-ab44d75320e5,EMIT,ACK,426,36,""
1520.485,receiver,af416b39-8b0b-4383-b8fd-ab44d75320e5,EMIT,ACK,425,36,""
1520.493,receiver,af416b39-8b0b-4383-b8fd-ab44d75320e5,EMIT,ACK,421,36,""
1520.772,receiver,af416b39-8b0b-4383-b8fd-ab44d75320e5,RECEIVE,DATA,427,1060,""
1520.785,receiver,af416b39-8b0b-4383-b8fd-ab44d75320e5,ACCEPT_DATA,DATA,427,1024,"unique file bytes received"
1520.851,receiver,af416b39-8b0b-4383-b8fd-ab44d75320e5,SEND,ACK,427,36,""
1520.865,receiver,af416b39-8b0b-4383-b8fd-ab44d75320e5,RECEIVE,DATA,437,1060,""
1520.868,receiver,af416b39-8b0b-4383-b8fd-ab44d75320e5,OUT_OF_ORDER,DATA,437,0,"arrived before missing sequence=435"
1520.874,receiver,af416b39-8b0b-4383-b8fd-ab44d75320e5,ACCEPT_DATA,DATA,437,1024,"unique file bytes received"
1520.877,receiver,af416b39-8b0b-4383-b8fd-ab44d75320e5,SEND,ACK,437,36,""
1520.882,receiver,af416b39-8b0b-4383-b8fd-ab44d75320e5,RECEIVE,DATA,435,1060,""
1520.885,receiver,af416b39-8b0b-4383-b8fd-ab44d75320e5,ACCEPT_DATA,DATA,435,1024,"unique file bytes received"
1520.887,receiver,af416b39-8b0b-4383-b8fd-ab44d75320e5,SEND,ACK,435,36,""
1520.892,receiver,af416b39-8b0b-4383-b8fd-ab44d75320e5,RECEIVE,DATA,438,1060,""
1520.894,receiver,af416b39-8b0b-4383-b8fd-ab44d75320e5,ACCEPT_DATA,DATA,438,1024,"unique file bytes received"
1520.897,receiver,af416b39-8b0b-4383-b8fd-ab44d75320e5,SEND,ACK,438,36,""
1520.901,receiver,af416b39-8b0b-4383-b8fd-ab44d75320e5,RECEIVE,DATA,441,1060,""
1520.904,receiver,af416b39-8b0b-4383-b8fd-ab44d75320e5,OUT_OF_ORDER,DATA,441,0,"arrived before missing sequence=439"
1520.907,receiver,af416b39-8b0b-4383-b8fd-ab44d75320e5,ACCEPT_DATA,DATA,441,1024,"unique file bytes received"
1520.909,receiver,af416b39-8b0b-4383-b8fd-ab44d75320e5,SEND,ACK,441,36,""
1536.379,receiver,af416b39-8b0b-4383-b8fd-ab44d75320e5,EMIT,ACK,424,36,""
1536.414,receiver,af416b39-8b0b-4383-b8fd-ab44d75320e5,EMIT,ACK,422,36,""
1536.426,receiver,af416b39-8b0b-4383-b8fd-ab44d75320e5,EMIT,ACK,431,36,""
1536.439,receiver,af416b39-8b0b-4383-b8fd-ab44d75320e5,EMIT,ACK,432,36,""
1536.454,receiver,af416b39-8b0b-4383-b8fd-ab44d75320e5,EMIT,ACK,415,36,""
1536.466,receiver,af416b39-8b0b-4383-b8fd-ab44d75320e5,EMIT,ACK,418,36,""
1536.478,receiver,af416b39-8b0b-4383-b8fd-ab44d75320e5,EMIT,ACK,419,36,""
1536.488,receiver,af416b39-8b0b-4383-b8fd-ab44d75320e5,EMIT,ACK,420,36,""
1536.578,receiver,af416b39-8b0b-4383-b8fd-ab44d75320e5,RECEIVE,DATA,440,1060,""
1536.595,receiver,af416b39-8b0b-4383-b8fd-ab44d75320e5,OUT_OF_ORDER,DATA,440,0,"arrived before missing sequence=439"
1536.598,receiver,af416b39-8b0b-4383-b8fd-ab44d75320e5,ACCEPT_DATA,DATA,440,1024,"unique file bytes received"
1536.601,receiver,af416b39-8b0b-4383-b8fd-ab44d75320e5,SEND,ACK,440,36,""
1536.614,receiver,af416b39-8b0b-4383-b8fd-ab44d75320e5,RECEIVE,DATA,442,1060,""
1536.617,receiver,af416b39-8b0b-4383-b8fd-ab44d75320e5,OUT_OF_ORDER,DATA,442,0,"arrived before missing sequence=439"
1536.620,receiver,af416b39-8b0b-4383-b8fd-ab44d75320e5,ACCEPT_DATA,DATA,442,1024,"unique file bytes received"
1536.622,receiver,af416b39-8b0b-4383-b8fd-ab44d75320e5,SEND,ACK,442,36,""
1536.628,receiver,af416b39-8b0b-4383-b8fd-ab44d75320e5,RECEIVE,DATA,444,1060,""
1536.631,receiver,af416b39-8b0b-4383-b8fd-ab44d75320e5,OUT_OF_ORDER,DATA,444,0,"arrived before missing sequence=439"
1536.633,receiver,af416b39-8b0b-4383-b8fd-ab44d75320e5,ACCEPT_DATA,DATA,444,1024,"unique file bytes received"
1536.635,receiver,af416b39-8b0b-4383-b8fd-ab44d75320e5,SEND,ACK,444,36,""
1552.041,receiver,af416b39-8b0b-4383-b8fd-ab44d75320e5,EMIT,ACK,416,36,""
1552.074,receiver,af416b39-8b0b-4383-b8fd-ab44d75320e5,EMIT,ACK,433,36,""
1552.083,receiver,af416b39-8b0b-4383-b8fd-ab44d75320e5,EMIT,ACK,430,36,""
1552.092,receiver,af416b39-8b0b-4383-b8fd-ab44d75320e5,EMIT,ACK,429,36,""
1552.101,receiver,af416b39-8b0b-4383-b8fd-ab44d75320e5,EMIT,ACK,434,36,""
1552.118,receiver,af416b39-8b0b-4383-b8fd-ab44d75320e5,EMIT,ACK,437,36,""
1552.126,receiver,af416b39-8b0b-4383-b8fd-ab44d75320e5,EMIT,ACK,435,36,""
1552.214,receiver,af416b39-8b0b-4383-b8fd-ab44d75320e5,RECEIVE,DATA,439,1060,""
1552.228,receiver,af416b39-8b0b-4383-b8fd-ab44d75320e5,ACCEPT_DATA,DATA,439,1024,"unique file bytes received"
1552.244,receiver,af416b39-8b0b-4383-b8fd-ab44d75320e5,SEND,ACK,439,36,""
1552.258,receiver,af416b39-8b0b-4383-b8fd-ab44d75320e5,RECEIVE,DATA,446,1060,""
1552.262,receiver,af416b39-8b0b-4383-b8fd-ab44d75320e5,OUT_OF_ORDER,DATA,446,0,"arrived before missing sequence=443"
1552.265,receiver,af416b39-8b0b-4383-b8fd-ab44d75320e5,ACCEPT_DATA,DATA,446,1024,"unique file bytes received"
1552.268,receiver,af416b39-8b0b-4383-b8fd-ab44d75320e5,SEND,ACK,446,36,""
1552.274,receiver,af416b39-8b0b-4383-b8fd-ab44d75320e5,RECEIVE,DATA,443,1060,""
1552.278,receiver,af416b39-8b0b-4383-b8fd-ab44d75320e5,ACCEPT_DATA,DATA,443,1024,"unique file bytes received"
1552.280,receiver,af416b39-8b0b-4383-b8fd-ab44d75320e5,SEND,ACK,443,36,""
1552.286,receiver,af416b39-8b0b-4383-b8fd-ab44d75320e5,RECEIVE,DATA,445,1060,""
1552.289,receiver,af416b39-8b0b-4383-b8fd-ab44d75320e5,ACCEPT_DATA,DATA,445,1024,"unique file bytes received"
1552.292,receiver,af416b39-8b0b-4383-b8fd-ab44d75320e5,SEND,ACK,445,36,""
1567.903,receiver,af416b39-8b0b-4383-b8fd-ab44d75320e5,EMIT,ACK,428,36,""
1567.933,receiver,af416b39-8b0b-4383-b8fd-ab44d75320e5,EMIT,ACK,436,36,""
1567.942,receiver,af416b39-8b0b-4383-b8fd-ab44d75320e5,EMIT,ACK,438,36,""
1567.952,receiver,af416b39-8b0b-4383-b8fd-ab44d75320e5,EMIT,ACK,427,36,""
1567.960,receiver,af416b39-8b0b-4383-b8fd-ab44d75320e5,EMIT,ACK,441,36,""
1567.983,receiver,af416b39-8b0b-4383-b8fd-ab44d75320e5,RECEIVE,DATA,447,1060,""
1568.022,receiver,af416b39-8b0b-4383-b8fd-ab44d75320e5,ACCEPT_DATA,DATA,447,1024,"unique file bytes received"
1568.026,receiver,af416b39-8b0b-4383-b8fd-ab44d75320e5,SEND,ACK,447,36,""
1583.519,receiver,af416b39-8b0b-4383-b8fd-ab44d75320e5,EMIT,ACK,444,36,""
1583.549,receiver,af416b39-8b0b-4383-b8fd-ab44d75320e5,EMIT,ACK,442,36,""
1583.558,receiver,af416b39-8b0b-4383-b8fd-ab44d75320e5,EMIT,ACK,440,36,""
1599.390,receiver,af416b39-8b0b-4383-b8fd-ab44d75320e5,EMIT,ACK,446,36,""
1599.418,receiver,af416b39-8b0b-4383-b8fd-ab44d75320e5,EMIT,ACK,443,36,""
1599.427,receiver,af416b39-8b0b-4383-b8fd-ab44d75320e5,EMIT,ACK,439,36,""
1599.436,receiver,af416b39-8b0b-4383-b8fd-ab44d75320e5,EMIT,ACK,445,36,""
1599.469,receiver,af416b39-8b0b-4383-b8fd-ab44d75320e5,RECEIVE,DATA,450,1060,""
1599.477,receiver,af416b39-8b0b-4383-b8fd-ab44d75320e5,OUT_OF_ORDER,DATA,450,0,"arrived before missing sequence=448"
1599.480,receiver,af416b39-8b0b-4383-b8fd-ab44d75320e5,ACCEPT_DATA,DATA,450,1024,"unique file bytes received"
1599.483,receiver,af416b39-8b0b-4383-b8fd-ab44d75320e5,SEND,ACK,450,36,""
1599.498,receiver,af416b39-8b0b-4383-b8fd-ab44d75320e5,RECEIVE,DATA,452,1060,""
1599.501,receiver,af416b39-8b0b-4383-b8fd-ab44d75320e5,OUT_OF_ORDER,DATA,452,0,"arrived before missing sequence=448"
1599.503,receiver,af416b39-8b0b-4383-b8fd-ab44d75320e5,ACCEPT_DATA,DATA,452,1024,"unique file bytes received"
1599.506,receiver,af416b39-8b0b-4383-b8fd-ab44d75320e5,SEND,ACK,452,36,""
1599.512,receiver,af416b39-8b0b-4383-b8fd-ab44d75320e5,RECEIVE,DATA,458,1060,""
1599.515,receiver,af416b39-8b0b-4383-b8fd-ab44d75320e5,OUT_OF_ORDER,DATA,458,0,"arrived before missing sequence=448"
1599.517,receiver,af416b39-8b0b-4383-b8fd-ab44d75320e5,ACCEPT_DATA,DATA,458,1024,"unique file bytes received"
1599.520,receiver,af416b39-8b0b-4383-b8fd-ab44d75320e5,SEND,ACK,458,36,""
1599.525,receiver,af416b39-8b0b-4383-b8fd-ab44d75320e5,RECEIVE,DATA,451,1060,""
1599.528,receiver,af416b39-8b0b-4383-b8fd-ab44d75320e5,OUT_OF_ORDER,DATA,451,0,"arrived before missing sequence=448"
1599.531,receiver,af416b39-8b0b-4383-b8fd-ab44d75320e5,ACCEPT_DATA,DATA,451,1024,"unique file bytes received"
1599.533,receiver,af416b39-8b0b-4383-b8fd-ab44d75320e5,SEND,ACK,451,36,""
1599.538,receiver,af416b39-8b0b-4383-b8fd-ab44d75320e5,RECEIVE,DATA,448,1060,""
1599.541,receiver,af416b39-8b0b-4383-b8fd-ab44d75320e5,ACCEPT_DATA,DATA,448,1024,"unique file bytes received"
1599.544,receiver,af416b39-8b0b-4383-b8fd-ab44d75320e5,SEND,ACK,448,36,""
1599.549,receiver,af416b39-8b0b-4383-b8fd-ab44d75320e5,RECEIVE,DATA,455,1060,""
1599.552,receiver,af416b39-8b0b-4383-b8fd-ab44d75320e5,OUT_OF_ORDER,DATA,455,0,"arrived before missing sequence=449"
1599.554,receiver,af416b39-8b0b-4383-b8fd-ab44d75320e5,ACCEPT_DATA,DATA,455,1024,"unique file bytes received"
1599.613,receiver,af416b39-8b0b-4383-b8fd-ab44d75320e5,SEND,ACK,455,36,""
1599.620,receiver,af416b39-8b0b-4383-b8fd-ab44d75320e5,RECEIVE,DATA,469,1060,""
1599.623,receiver,af416b39-8b0b-4383-b8fd-ab44d75320e5,OUT_OF_ORDER,DATA,469,0,"arrived before missing sequence=449"
1599.626,receiver,af416b39-8b0b-4383-b8fd-ab44d75320e5,ACCEPT_DATA,DATA,469,1024,"unique file bytes received"
1599.628,receiver,af416b39-8b0b-4383-b8fd-ab44d75320e5,SEND,ACK,469,36,""
1599.633,receiver,af416b39-8b0b-4383-b8fd-ab44d75320e5,RECEIVE,DATA,459,1060,""
1599.636,receiver,af416b39-8b0b-4383-b8fd-ab44d75320e5,OUT_OF_ORDER,DATA,459,0,"arrived before missing sequence=449"
1599.639,receiver,af416b39-8b0b-4383-b8fd-ab44d75320e5,ACCEPT_DATA,DATA,459,1024,"unique file bytes received"
1599.641,receiver,af416b39-8b0b-4383-b8fd-ab44d75320e5,SEND,ACK,459,36,""
1599.646,receiver,af416b39-8b0b-4383-b8fd-ab44d75320e5,RECEIVE,DATA,456,1060,""
1599.649,receiver,af416b39-8b0b-4383-b8fd-ab44d75320e5,OUT_OF_ORDER,DATA,456,0,"arrived before missing sequence=449"
1599.651,receiver,af416b39-8b0b-4383-b8fd-ab44d75320e5,ACCEPT_DATA,DATA,456,1024,"unique file bytes received"
1599.654,receiver,af416b39-8b0b-4383-b8fd-ab44d75320e5,SEND,ACK,456,36,""
1599.659,receiver,af416b39-8b0b-4383-b8fd-ab44d75320e5,RECEIVE,DATA,457,1060,""
1599.661,receiver,af416b39-8b0b-4383-b8fd-ab44d75320e5,OUT_OF_ORDER,DATA,457,0,"arrived before missing sequence=449"
1599.664,receiver,af416b39-8b0b-4383-b8fd-ab44d75320e5,ACCEPT_DATA,DATA,457,1024,"unique file bytes received"
1599.666,receiver,af416b39-8b0b-4383-b8fd-ab44d75320e5,SEND,ACK,457,36,""
1599.671,receiver,af416b39-8b0b-4383-b8fd-ab44d75320e5,RECEIVE,DATA,449,1060,""
1599.674,receiver,af416b39-8b0b-4383-b8fd-ab44d75320e5,ACCEPT_DATA,DATA,449,1024,"unique file bytes received"
1599.677,receiver,af416b39-8b0b-4383-b8fd-ab44d75320e5,SEND,ACK,449,36,""
1599.682,receiver,af416b39-8b0b-4383-b8fd-ab44d75320e5,RECEIVE,DATA,453,1060,""
1599.684,receiver,af416b39-8b0b-4383-b8fd-ab44d75320e5,ACCEPT_DATA,DATA,453,1024,"unique file bytes received"
1599.687,receiver,af416b39-8b0b-4383-b8fd-ab44d75320e5,SEND,ACK,453,36,""
1615.265,receiver,af416b39-8b0b-4383-b8fd-ab44d75320e5,EMIT,ACK,447,36,""
1615.384,receiver,af416b39-8b0b-4383-b8fd-ab44d75320e5,RECEIVE,DATA,454,1060,""
1615.408,receiver,af416b39-8b0b-4383-b8fd-ab44d75320e5,ACCEPT_DATA,DATA,454,1024,"unique file bytes received"
1615.413,receiver,af416b39-8b0b-4383-b8fd-ab44d75320e5,SEND,ACK,454,36,""
1615.429,receiver,af416b39-8b0b-4383-b8fd-ab44d75320e5,RECEIVE,DATA,465,1060,""
1615.433,receiver,af416b39-8b0b-4383-b8fd-ab44d75320e5,OUT_OF_ORDER,DATA,465,0,"arrived before missing sequence=460"
1615.436,receiver,af416b39-8b0b-4383-b8fd-ab44d75320e5,ACCEPT_DATA,DATA,465,1024,"unique file bytes received"
1615.439,receiver,af416b39-8b0b-4383-b8fd-ab44d75320e5,SEND,ACK,465,36,""
1615.445,receiver,af416b39-8b0b-4383-b8fd-ab44d75320e5,RECEIVE,DATA,468,1060,""
1615.448,receiver,af416b39-8b0b-4383-b8fd-ab44d75320e5,OUT_OF_ORDER,DATA,468,0,"arrived before missing sequence=460"
1615.451,receiver,af416b39-8b0b-4383-b8fd-ab44d75320e5,ACCEPT_DATA,DATA,468,1024,"unique file bytes received"
1615.454,receiver,af416b39-8b0b-4383-b8fd-ab44d75320e5,SEND,ACK,468,36,""
1615.475,receiver,af416b39-8b0b-4383-b8fd-ab44d75320e5,RECEIVE,DATA,463,1060,""
1615.478,receiver,af416b39-8b0b-4383-b8fd-ab44d75320e5,OUT_OF_ORDER,DATA,463,0,"arrived before missing sequence=460"
1615.485,receiver,af416b39-8b0b-4383-b8fd-ab44d75320e5,ACCEPT_DATA,DATA,463,1024,"unique file bytes received"
1615.487,receiver,af416b39-8b0b-4383-b8fd-ab44d75320e5,SEND,ACK,463,36,""
1615.493,receiver,af416b39-8b0b-4383-b8fd-ab44d75320e5,RECEIVE,DATA,460,1060,""
1615.496,receiver,af416b39-8b0b-4383-b8fd-ab44d75320e5,ACCEPT_DATA,DATA,460,1024,"unique file bytes received"
1615.498,receiver,af416b39-8b0b-4383-b8fd-ab44d75320e5,SEND,ACK,460,36,""
1615.503,receiver,af416b39-8b0b-4383-b8fd-ab44d75320e5,RECEIVE,DATA,470,1060,""
1615.506,receiver,af416b39-8b0b-4383-b8fd-ab44d75320e5,OUT_OF_ORDER,DATA,470,0,"arrived before missing sequence=461"
1615.509,receiver,af416b39-8b0b-4383-b8fd-ab44d75320e5,ACCEPT_DATA,DATA,470,1024,"unique file bytes received"
1615.511,receiver,af416b39-8b0b-4383-b8fd-ab44d75320e5,SEND,ACK,470,36,""
1615.523,receiver,af416b39-8b0b-4383-b8fd-ab44d75320e5,RECEIVE,DATA,461,1060,""
1615.526,receiver,af416b39-8b0b-4383-b8fd-ab44d75320e5,ACCEPT_DATA,DATA,461,1024,"unique file bytes received"
1615.528,receiver,af416b39-8b0b-4383-b8fd-ab44d75320e5,SEND,ACK,461,36,""
1615.534,receiver,af416b39-8b0b-4383-b8fd-ab44d75320e5,RECEIVE,DATA,462,1060,""
1615.537,receiver,af416b39-8b0b-4383-b8fd-ab44d75320e5,ACCEPT_DATA,DATA,462,1024,"unique file bytes received"
1615.539,receiver,af416b39-8b0b-4383-b8fd-ab44d75320e5,SEND,ACK,462,36,""
1615.544,receiver,af416b39-8b0b-4383-b8fd-ab44d75320e5,RECEIVE,DATA,464,1060,""
1615.547,receiver,af416b39-8b0b-4383-b8fd-ab44d75320e5,ACCEPT_DATA,DATA,464,1024,"unique file bytes received"
1615.550,receiver,af416b39-8b0b-4383-b8fd-ab44d75320e5,SEND,ACK,464,36,""
1615.555,receiver,af416b39-8b0b-4383-b8fd-ab44d75320e5,RECEIVE,DATA,467,1060,""
1615.558,receiver,af416b39-8b0b-4383-b8fd-ab44d75320e5,OUT_OF_ORDER,DATA,467,0,"arrived before missing sequence=466"
1615.560,receiver,af416b39-8b0b-4383-b8fd-ab44d75320e5,ACCEPT_DATA,DATA,467,1024,"unique file bytes received"
1615.563,receiver,af416b39-8b0b-4383-b8fd-ab44d75320e5,SEND,ACK,467,36,""
1631.219,receiver,af416b39-8b0b-4383-b8fd-ab44d75320e5,EMIT,ACK,448,36,""
1631.264,receiver,af416b39-8b0b-4383-b8fd-ab44d75320e5,EMIT,ACK,449,36,""
1631.276,receiver,af416b39-8b0b-4383-b8fd-ab44d75320e5,EMIT,ACK,458,36,""
1631.308,receiver,af416b39-8b0b-4383-b8fd-ab44d75320e5,RECEIVE,DATA,466,1060,""
1631.315,receiver,af416b39-8b0b-4383-b8fd-ab44d75320e5,ACCEPT_DATA,DATA,466,1024,"unique file bytes received"
1631.319,receiver,af416b39-8b0b-4383-b8fd-ab44d75320e5,SEND,ACK,466,36,""
1631.337,receiver,af416b39-8b0b-4383-b8fd-ab44d75320e5,RECEIVE,DATA,473,1060,""
1631.341,receiver,af416b39-8b0b-4383-b8fd-ab44d75320e5,OUT_OF_ORDER,DATA,473,0,"arrived before missing sequence=471"
1631.344,receiver,af416b39-8b0b-4383-b8fd-ab44d75320e5,ACCEPT_DATA,DATA,473,1024,"unique file bytes received"
1631.347,receiver,af416b39-8b0b-4383-b8fd-ab44d75320e5,SEND,ACK,473,36,""
1631.354,receiver,af416b39-8b0b-4383-b8fd-ab44d75320e5,RECEIVE,DATA,477,1060,""
1631.357,receiver,af416b39-8b0b-4383-b8fd-ab44d75320e5,OUT_OF_ORDER,DATA,477,0,"arrived before missing sequence=471"
1631.360,receiver,af416b39-8b0b-4383-b8fd-ab44d75320e5,ACCEPT_DATA,DATA,477,1024,"unique file bytes received"
1631.363,receiver,af416b39-8b0b-4383-b8fd-ab44d75320e5,SEND,ACK,477,36,""
1631.369,receiver,af416b39-8b0b-4383-b8fd-ab44d75320e5,RECEIVE,DATA,476,1060,""
1631.373,receiver,af416b39-8b0b-4383-b8fd-ab44d75320e5,OUT_OF_ORDER,DATA,476,0,"arrived before missing sequence=471"
1631.375,receiver,af416b39-8b0b-4383-b8fd-ab44d75320e5,ACCEPT_DATA,DATA,476,1024,"unique file bytes received"
1631.378,receiver,af416b39-8b0b-4383-b8fd-ab44d75320e5,SEND,ACK,476,36,""
1631.384,receiver,af416b39-8b0b-4383-b8fd-ab44d75320e5,RECEIVE,DATA,474,1060,""
1631.387,receiver,af416b39-8b0b-4383-b8fd-ab44d75320e5,OUT_OF_ORDER,DATA,474,0,"arrived before missing sequence=471"
1631.390,receiver,af416b39-8b0b-4383-b8fd-ab44d75320e5,ACCEPT_DATA,DATA,474,1024,"unique file bytes received"
1631.393,receiver,af416b39-8b0b-4383-b8fd-ab44d75320e5,SEND,ACK,474,36,""
1647.015,receiver,af416b39-8b0b-4383-b8fd-ab44d75320e5,EMIT,ACK,452,36,""
1647.056,receiver,af416b39-8b0b-4383-b8fd-ab44d75320e5,EMIT,ACK,453,36,""
1647.064,receiver,af416b39-8b0b-4383-b8fd-ab44d75320e5,RECEIVE,DATA,472,1060,""
1647.073,receiver,af416b39-8b0b-4383-b8fd-ab44d75320e5,EMIT,ACK,451,36,""
1647.078,receiver,af416b39-8b0b-4383-b8fd-ab44d75320e5,OUT_OF_ORDER,DATA,472,0,"arrived before missing sequence=471"
1647.083,receiver,af416b39-8b0b-4383-b8fd-ab44d75320e5,EMIT,ACK,456,36,""
1647.089,receiver,af416b39-8b0b-4383-b8fd-ab44d75320e5,ACCEPT_DATA,DATA,472,1024,"unique file bytes received"
1647.092,receiver,af416b39-8b0b-4383-b8fd-ab44d75320e5,SEND,ACK,472,36,""
1647.184,receiver,af416b39-8b0b-4383-b8fd-ab44d75320e5,EMIT,ACK,450,36,""
1647.196,receiver,af416b39-8b0b-4383-b8fd-ab44d75320e5,RECEIVE,DATA,475,1060,""
1647.200,receiver,af416b39-8b0b-4383-b8fd-ab44d75320e5,OUT_OF_ORDER,DATA,475,0,"arrived before missing sequence=471"
1647.203,receiver,af416b39-8b0b-4383-b8fd-ab44d75320e5,EMIT,ACK,457,36,""
1647.206,receiver,af416b39-8b0b-4383-b8fd-ab44d75320e5,ACCEPT_DATA,DATA,475,1024,"unique file bytes received"
1647.209,receiver,af416b39-8b0b-4383-b8fd-ab44d75320e5,SEND,ACK,475,36,""
1647.212,receiver,af416b39-8b0b-4383-b8fd-ab44d75320e5,EMIT,ACK,467,36,""
1647.215,receiver,af416b39-8b0b-4383-b8fd-ab44d75320e5,RECEIVE,DATA,471,1060,""
1647.218,receiver,af416b39-8b0b-4383-b8fd-ab44d75320e5,ACCEPT_DATA,DATA,471,1024,"unique file bytes received"
1647.221,receiver,af416b39-8b0b-4383-b8fd-ab44d75320e5,SEND,ACK,471,36,""
1647.227,receiver,af416b39-8b0b-4383-b8fd-ab44d75320e5,RECEIVE,DATA,478,1060,""
1647.230,receiver,af416b39-8b0b-4383-b8fd-ab44d75320e5,ACCEPT_DATA,DATA,478,1024,"unique file bytes received"
1647.232,receiver,af416b39-8b0b-4383-b8fd-ab44d75320e5,SEND,ACK,478,36,""
1662.837,receiver,af416b39-8b0b-4383-b8fd-ab44d75320e5,RECEIVE,DATA,479,1060,""
1662.867,receiver,af416b39-8b0b-4383-b8fd-ab44d75320e5,ACCEPT_DATA,DATA,479,1024,"unique file bytes received"
1662.876,receiver,af416b39-8b0b-4383-b8fd-ab44d75320e5,SEND,ACK,479,36,""
1662.989,receiver,af416b39-8b0b-4383-b8fd-ab44d75320e5,EMIT,ACK,461,36,""
1663.059,receiver,af416b39-8b0b-4383-b8fd-ab44d75320e5,EMIT,ACK,469,36,""
1663.086,receiver,af416b39-8b0b-4383-b8fd-ab44d75320e5,EMIT,ACK,455,36,""
1663.098,receiver,af416b39-8b0b-4383-b8fd-ab44d75320e5,EMIT,ACK,459,36,""
1663.108,receiver,af416b39-8b0b-4383-b8fd-ab44d75320e5,EMIT,ACK,454,36,""
1663.115,receiver,af416b39-8b0b-4383-b8fd-ab44d75320e5,EMIT,ACK,465,36,""
1663.123,receiver,af416b39-8b0b-4383-b8fd-ab44d75320e5,EMIT,ACK,476,36,""
1663.130,receiver,af416b39-8b0b-4383-b8fd-ab44d75320e5,EMIT,ACK,468,36,""
1663.137,receiver,af416b39-8b0b-4383-b8fd-ab44d75320e5,EMIT,ACK,463,36,""
1663.145,receiver,af416b39-8b0b-4383-b8fd-ab44d75320e5,EMIT,ACK,460,36,""
1663.153,receiver,af416b39-8b0b-4383-b8fd-ab44d75320e5,EMIT,ACK,473,36,""
1663.160,receiver,af416b39-8b0b-4383-b8fd-ab44d75320e5,EMIT,ACK,462,36,""
1663.168,receiver,af416b39-8b0b-4383-b8fd-ab44d75320e5,EMIT,ACK,464,36,""
1663.176,receiver,af416b39-8b0b-4383-b8fd-ab44d75320e5,EMIT,ACK,470,36,""
1677.811,receiver,af416b39-8b0b-4383-b8fd-ab44d75320e5,EMIT,ACK,477,36,""
1677.846,receiver,af416b39-8b0b-4383-b8fd-ab44d75320e5,RECEIVE,DATA,481,1060,""
1677.856,receiver,af416b39-8b0b-4383-b8fd-ab44d75320e5,EMIT,ACK,466,36,""
1677.861,receiver,af416b39-8b0b-4383-b8fd-ab44d75320e5,OUT_OF_ORDER,DATA,481,0,"arrived before missing sequence=480"
1677.866,receiver,af416b39-8b0b-4383-b8fd-ab44d75320e5,ACCEPT_DATA,DATA,481,1024,"unique file bytes received"
1677.869,receiver,af416b39-8b0b-4383-b8fd-ab44d75320e5,SEND,ACK,481,36,""
1677.885,receiver,af416b39-8b0b-4383-b8fd-ab44d75320e5,RECEIVE,DATA,480,1060,""
1677.888,receiver,af416b39-8b0b-4383-b8fd-ab44d75320e5,ACCEPT_DATA,DATA,480,1024,"unique file bytes received"
1677.891,receiver,af416b39-8b0b-4383-b8fd-ab44d75320e5,SEND,ACK,480,36,""
1693.511,receiver,af416b39-8b0b-4383-b8fd-ab44d75320e5,EMIT,ACK,474,36,""
1693.553,receiver,af416b39-8b0b-4383-b8fd-ab44d75320e5,EMIT,ACK,472,36,""
1693.566,receiver,af416b39-8b0b-4383-b8fd-ab44d75320e5,EMIT,ACK,475,36,""
1693.578,receiver,af416b39-8b0b-4383-b8fd-ab44d75320e5,EMIT,ACK,478,36,""
1693.592,receiver,af416b39-8b0b-4383-b8fd-ab44d75320e5,EMIT,ACK,471,36,""
1693.639,receiver,af416b39-8b0b-4383-b8fd-ab44d75320e5,RECEIVE,DATA,484,1060,""
1693.679,receiver,af416b39-8b0b-4383-b8fd-ab44d75320e5,OUT_OF_ORDER,DATA,484,0,"arrived before missing sequence=482"
1693.683,receiver,af416b39-8b0b-4383-b8fd-ab44d75320e5,ACCEPT_DATA,DATA,484,1024,"unique file bytes received"
1693.687,receiver,af416b39-8b0b-4383-b8fd-ab44d75320e5,SEND,ACK,484,36,""
1693.702,receiver,af416b39-8b0b-4383-b8fd-ab44d75320e5,RECEIVE,DATA,483,1060,""
1693.715,receiver,af416b39-8b0b-4383-b8fd-ab44d75320e5,OUT_OF_ORDER,DATA,483,0,"arrived before missing sequence=482"
1693.718,receiver,af416b39-8b0b-4383-b8fd-ab44d75320e5,ACCEPT_DATA,DATA,483,1024,"unique file bytes received"
1693.721,receiver,af416b39-8b0b-4383-b8fd-ab44d75320e5,SEND,ACK,483,36,""
1693.727,receiver,af416b39-8b0b-4383-b8fd-ab44d75320e5,RECEIVE,DATA,485,1060,""
1693.730,receiver,af416b39-8b0b-4383-b8fd-ab44d75320e5,OUT_OF_ORDER,DATA,485,0,"arrived before missing sequence=482"
1693.733,receiver,af416b39-8b0b-4383-b8fd-ab44d75320e5,ACCEPT_DATA,DATA,485,1024,"unique file bytes received"
1693.736,receiver,af416b39-8b0b-4383-b8fd-ab44d75320e5,SEND,ACK,485,36,""
1693.742,receiver,af416b39-8b0b-4383-b8fd-ab44d75320e5,RECEIVE,DATA,482,1060,""
1693.745,receiver,af416b39-8b0b-4383-b8fd-ab44d75320e5,ACCEPT_DATA,DATA,482,1024,"unique file bytes received"
1693.748,receiver,af416b39-8b0b-4383-b8fd-ab44d75320e5,SEND,ACK,482,36,""
1693.754,receiver,af416b39-8b0b-4383-b8fd-ab44d75320e5,RECEIVE,DATA,491,1060,""
1693.757,receiver,af416b39-8b0b-4383-b8fd-ab44d75320e5,OUT_OF_ORDER,DATA,491,0,"arrived before missing sequence=486"
1693.772,receiver,af416b39-8b0b-4383-b8fd-ab44d75320e5,ACCEPT_DATA,DATA,491,1024,"unique file bytes received"
1693.775,receiver,af416b39-8b0b-4383-b8fd-ab44d75320e5,SEND,ACK,491,36,""
1693.781,receiver,af416b39-8b0b-4383-b8fd-ab44d75320e5,RECEIVE,DATA,495,1060,""
1693.784,receiver,af416b39-8b0b-4383-b8fd-ab44d75320e5,OUT_OF_ORDER,DATA,495,0,"arrived before missing sequence=486"
1693.787,receiver,af416b39-8b0b-4383-b8fd-ab44d75320e5,ACCEPT_DATA,DATA,495,1024,"unique file bytes received"
1693.790,receiver,af416b39-8b0b-4383-b8fd-ab44d75320e5,SEND,ACK,495,36,""
1693.796,receiver,af416b39-8b0b-4383-b8fd-ab44d75320e5,RECEIVE,DATA,489,1060,""
1693.799,receiver,af416b39-8b0b-4383-b8fd-ab44d75320e5,OUT_OF_ORDER,DATA,489,0,"arrived before missing sequence=486"
1693.802,receiver,af416b39-8b0b-4383-b8fd-ab44d75320e5,ACCEPT_DATA,DATA,489,1024,"unique file bytes received"
1693.805,receiver,af416b39-8b0b-4383-b8fd-ab44d75320e5,SEND,ACK,489,36,""
1708.872,receiver,af416b39-8b0b-4383-b8fd-ab44d75320e5,EMIT,ACK,479,36,""
1708.912,receiver,af416b39-8b0b-4383-b8fd-ab44d75320e5,RECEIVE,DATA,496,1060,""
1708.947,receiver,af416b39-8b0b-4383-b8fd-ab44d75320e5,OUT_OF_ORDER,DATA,496,0,"arrived before missing sequence=486"
1708.958,receiver,af416b39-8b0b-4383-b8fd-ab44d75320e5,ACCEPT_DATA,DATA,496,1024,"unique file bytes received"
1708.967,receiver,af416b39-8b0b-4383-b8fd-ab44d75320e5,SEND,ACK,496,36,""
1709.000,receiver,af416b39-8b0b-4383-b8fd-ab44d75320e5,RECEIVE,DATA,487,1060,""
1709.007,receiver,af416b39-8b0b-4383-b8fd-ab44d75320e5,OUT_OF_ORDER,DATA,487,0,"arrived before missing sequence=486"
1709.009,receiver,af416b39-8b0b-4383-b8fd-ab44d75320e5,ACCEPT_DATA,DATA,487,1024,"unique file bytes received"
1709.012,receiver,af416b39-8b0b-4383-b8fd-ab44d75320e5,SEND,ACK,487,36,""
1709.018,receiver,af416b39-8b0b-4383-b8fd-ab44d75320e5,RECEIVE,DATA,494,1060,""
1709.021,receiver,af416b39-8b0b-4383-b8fd-ab44d75320e5,OUT_OF_ORDER,DATA,494,0,"arrived before missing sequence=486"
1709.031,receiver,af416b39-8b0b-4383-b8fd-ab44d75320e5,ACCEPT_DATA,DATA,494,1024,"unique file bytes received"
1709.034,receiver,af416b39-8b0b-4383-b8fd-ab44d75320e5,SEND,ACK,494,36,""
1709.039,receiver,af416b39-8b0b-4383-b8fd-ab44d75320e5,RECEIVE,DATA,500,1060,""
1709.042,receiver,af416b39-8b0b-4383-b8fd-ab44d75320e5,OUT_OF_ORDER,DATA,500,0,"arrived before missing sequence=486"
1709.044,receiver,af416b39-8b0b-4383-b8fd-ab44d75320e5,ACCEPT_DATA,DATA,500,1024,"unique file bytes received"
1709.047,receiver,af416b39-8b0b-4383-b8fd-ab44d75320e5,SEND,ACK,500,36,""
1709.052,receiver,af416b39-8b0b-4383-b8fd-ab44d75320e5,RECEIVE,DATA,497,1060,""
1709.055,receiver,af416b39-8b0b-4383-b8fd-ab44d75320e5,OUT_OF_ORDER,DATA,497,0,"arrived before missing sequence=486"
1709.057,receiver,af416b39-8b0b-4383-b8fd-ab44d75320e5,ACCEPT_DATA,DATA,497,1024,"unique file bytes received"
1709.060,receiver,af416b39-8b0b-4383-b8fd-ab44d75320e5,SEND,ACK,497,36,""
1709.132,receiver,af416b39-8b0b-4383-b8fd-ab44d75320e5,RECEIVE,DATA,490,1060,""
1709.136,receiver,af416b39-8b0b-4383-b8fd-ab44d75320e5,OUT_OF_ORDER,DATA,490,0,"arrived before missing sequence=486"
1709.138,receiver,af416b39-8b0b-4383-b8fd-ab44d75320e5,ACCEPT_DATA,DATA,490,1024,"unique file bytes received"
1709.141,receiver,af416b39-8b0b-4383-b8fd-ab44d75320e5,SEND,ACK,490,36,""
1709.150,receiver,af416b39-8b0b-4383-b8fd-ab44d75320e5,RECEIVE,DATA,486,1060,""
1709.153,receiver,af416b39-8b0b-4383-b8fd-ab44d75320e5,ACCEPT_DATA,DATA,486,1024,"unique file bytes received"
1709.156,receiver,af416b39-8b0b-4383-b8fd-ab44d75320e5,SEND,ACK,486,36,""
1724.875,receiver,af416b39-8b0b-4383-b8fd-ab44d75320e5,EMIT,ACK,495,36,""
1724.939,receiver,af416b39-8b0b-4383-b8fd-ab44d75320e5,EMIT,ACK,481,36,""
1724.968,receiver,af416b39-8b0b-4383-b8fd-ab44d75320e5,EMIT,ACK,480,36,""
1724.986,receiver,af416b39-8b0b-4383-b8fd-ab44d75320e5,EMIT,ACK,491,36,""
1725.020,receiver,af416b39-8b0b-4383-b8fd-ab44d75320e5,RECEIVE,DATA,492,1060,""
1725.039,receiver,af416b39-8b0b-4383-b8fd-ab44d75320e5,OUT_OF_ORDER,DATA,492,0,"arrived before missing sequence=488"
1725.044,receiver,af416b39-8b0b-4383-b8fd-ab44d75320e5,ACCEPT_DATA,DATA,492,1024,"unique file bytes received"
1725.047,receiver,af416b39-8b0b-4383-b8fd-ab44d75320e5,SEND,ACK,492,36,""
1725.065,receiver,af416b39-8b0b-4383-b8fd-ab44d75320e5,RECEIVE,DATA,493,1060,""
1725.068,receiver,af416b39-8b0b-4383-b8fd-ab44d75320e5,OUT_OF_ORDER,DATA,493,0,"arrived before missing sequence=488"
1725.070,receiver,af416b39-8b0b-4383-b8fd-ab44d75320e5,ACCEPT_DATA,DATA,493,1024,"unique file bytes received"
1725.073,receiver,af416b39-8b0b-4383-b8fd-ab44d75320e5,SEND,ACK,493,36,""
1725.079,receiver,af416b39-8b0b-4383-b8fd-ab44d75320e5,RECEIVE,DATA,488,1060,""
1725.082,receiver,af416b39-8b0b-4383-b8fd-ab44d75320e5,ACCEPT_DATA,DATA,488,1024,"unique file bytes received"
1725.085,receiver,af416b39-8b0b-4383-b8fd-ab44d75320e5,SEND,ACK,488,36,""
1725.090,receiver,af416b39-8b0b-4383-b8fd-ab44d75320e5,RECEIVE,DATA,498,1060,""
1725.093,receiver,af416b39-8b0b-4383-b8fd-ab44d75320e5,ACCEPT_DATA,DATA,498,1024,"unique file bytes received"
1725.096,receiver,af416b39-8b0b-4383-b8fd-ab44d75320e5,SEND,ACK,498,36,""
1725.101,receiver,af416b39-8b0b-4383-b8fd-ab44d75320e5,RECEIVE,DATA,510,1060,""
1725.104,receiver,af416b39-8b0b-4383-b8fd-ab44d75320e5,OUT_OF_ORDER,DATA,510,0,"arrived before missing sequence=499"
1725.107,receiver,af416b39-8b0b-4383-b8fd-ab44d75320e5,ACCEPT_DATA,DATA,510,1024,"unique file bytes received"
1725.109,receiver,af416b39-8b0b-4383-b8fd-ab44d75320e5,SEND,ACK,510,36,""
1725.115,receiver,af416b39-8b0b-4383-b8fd-ab44d75320e5,RECEIVE,DATA,502,1060,""
1725.118,receiver,af416b39-8b0b-4383-b8fd-ab44d75320e5,OUT_OF_ORDER,DATA,502,0,"arrived before missing sequence=499"
1725.120,receiver,af416b39-8b0b-4383-b8fd-ab44d75320e5,ACCEPT_DATA,DATA,502,1024,"unique file bytes received"
1725.123,receiver,af416b39-8b0b-4383-b8fd-ab44d75320e5,SEND,ACK,502,36,""
1725.130,receiver,af416b39-8b0b-4383-b8fd-ab44d75320e5,RECEIVE,DATA,506,1060,""
1725.144,receiver,af416b39-8b0b-4383-b8fd-ab44d75320e5,OUT_OF_ORDER,DATA,506,0,"arrived before missing sequence=499"
1725.147,receiver,af416b39-8b0b-4383-b8fd-ab44d75320e5,ACCEPT_DATA,DATA,506,1024,"unique file bytes received"
1725.150,receiver,af416b39-8b0b-4383-b8fd-ab44d75320e5,SEND,ACK,506,36,""
1725.155,receiver,af416b39-8b0b-4383-b8fd-ab44d75320e5,RECEIVE,DATA,503,1060,""
1725.158,receiver,af416b39-8b0b-4383-b8fd-ab44d75320e5,OUT_OF_ORDER,DATA,503,0,"arrived before missing sequence=499"
1725.161,receiver,af416b39-8b0b-4383-b8fd-ab44d75320e5,ACCEPT_DATA,DATA,503,1024,"unique file bytes received"
1725.163,receiver,af416b39-8b0b-4383-b8fd-ab44d75320e5,SEND,ACK,503,36,""
1725.169,receiver,af416b39-8b0b-4383-b8fd-ab44d75320e5,RECEIVE,DATA,508,1060,""
1725.172,receiver,af416b39-8b0b-4383-b8fd-ab44d75320e5,OUT_OF_ORDER,DATA,508,0,"arrived before missing sequence=499"
1725.175,receiver,af416b39-8b0b-4383-b8fd-ab44d75320e5,ACCEPT_DATA,DATA,508,1024,"unique file bytes received"
1725.177,receiver,af416b39-8b0b-4383-b8fd-ab44d75320e5,SEND,ACK,508,36,""
1725.183,receiver,af416b39-8b0b-4383-b8fd-ab44d75320e5,RECEIVE,DATA,499,1060,""
1725.186,receiver,af416b39-8b0b-4383-b8fd-ab44d75320e5,ACCEPT_DATA,DATA,499,1024,"unique file bytes received"
1725.188,receiver,af416b39-8b0b-4383-b8fd-ab44d75320e5,SEND,ACK,499,36,""
1741.059,receiver,af416b39-8b0b-4383-b8fd-ab44d75320e5,EMIT,ACK,484,36,""
1741.090,receiver,af416b39-8b0b-4383-b8fd-ab44d75320e5,EMIT,ACK,483,36,""
1741.103,receiver,af416b39-8b0b-4383-b8fd-ab44d75320e5,EMIT,ACK,489,36,""
1741.111,receiver,af416b39-8b0b-4383-b8fd-ab44d75320e5,EMIT,ACK,482,36,""
1741.120,receiver,af416b39-8b0b-4383-b8fd-ab44d75320e5,EMIT,ACK,500,36,""
1741.297,receiver,af416b39-8b0b-4383-b8fd-ab44d75320e5,RECEIVE,DATA,501,1060,""
1741.310,receiver,af416b39-8b0b-4383-b8fd-ab44d75320e5,ACCEPT_DATA,DATA,501,1024,"unique file bytes received"
1741.314,receiver,af416b39-8b0b-4383-b8fd-ab44d75320e5,SEND,ACK,501,36,""
1741.329,receiver,af416b39-8b0b-4383-b8fd-ab44d75320e5,RECEIVE,DATA,505,1060,""
1741.333,receiver,af416b39-8b0b-4383-b8fd-ab44d75320e5,OUT_OF_ORDER,DATA,505,0,"arrived before missing sequence=504"
1741.335,receiver,af416b39-8b0b-4383-b8fd-ab44d75320e5,ACCEPT_DATA,DATA,505,1024,"unique file bytes received"
1741.338,receiver,af416b39-8b0b-4383-b8fd-ab44d75320e5,SEND,ACK,505,36,""
1741.344,receiver,af416b39-8b0b-4383-b8fd-ab44d75320e5,RECEIVE,DATA,507,1060,""
1741.347,receiver,af416b39-8b0b-4383-b8fd-ab44d75320e5,OUT_OF_ORDER,DATA,507,0,"arrived before missing sequence=504"
1741.349,receiver,af416b39-8b0b-4383-b8fd-ab44d75320e5,ACCEPT_DATA,DATA,507,1024,"unique file bytes received"
1741.352,receiver,af416b39-8b0b-4383-b8fd-ab44d75320e5,SEND,ACK,507,36,""
1741.357,receiver,af416b39-8b0b-4383-b8fd-ab44d75320e5,RECEIVE,DATA,511,1060,""
1741.360,receiver,af416b39-8b0b-4383-b8fd-ab44d75320e5,OUT_OF_ORDER,DATA,511,0,"arrived before missing sequence=504"
1741.363,receiver,af416b39-8b0b-4383-b8fd-ab44d75320e5,ACCEPT_DATA,DATA,511,1024,"unique file bytes received"
1741.365,receiver,af416b39-8b0b-4383-b8fd-ab44d75320e5,SEND,ACK,511,36,""
1741.371,receiver,af416b39-8b0b-4383-b8fd-ab44d75320e5,RECEIVE,DATA,509,1060,""
1741.374,receiver,af416b39-8b0b-4383-b8fd-ab44d75320e5,OUT_OF_ORDER,DATA,509,0,"arrived before missing sequence=504"
1741.377,receiver,af416b39-8b0b-4383-b8fd-ab44d75320e5,ACCEPT_DATA,DATA,509,1024,"unique file bytes received"
1741.379,receiver,af416b39-8b0b-4383-b8fd-ab44d75320e5,SEND,ACK,509,36,""
1757.033,receiver,af416b39-8b0b-4383-b8fd-ab44d75320e5,EMIT,ACK,485,36,""
1757.102,receiver,af416b39-8b0b-4383-b8fd-ab44d75320e5,EMIT,ACK,497,36,""
1757.116,receiver,af416b39-8b0b-4383-b8fd-ab44d75320e5,EMIT,ACK,487,36,""
1757.128,receiver,af416b39-8b0b-4383-b8fd-ab44d75320e5,EMIT,ACK,490,36,""
1757.140,receiver,af416b39-8b0b-4383-b8fd-ab44d75320e5,EMIT,ACK,496,36,""
1757.153,receiver,af416b39-8b0b-4383-b8fd-ab44d75320e5,EMIT,ACK,494,36,""
1757.165,receiver,af416b39-8b0b-4383-b8fd-ab44d75320e5,EMIT,ACK,498,36,""
1757.181,receiver,af416b39-8b0b-4383-b8fd-ab44d75320e5,EMIT,ACK,486,36,""
1757.193,receiver,af416b39-8b0b-4383-b8fd-ab44d75320e5,EMIT,ACK,499,36,""
1757.392,receiver,af416b39-8b0b-4383-b8fd-ab44d75320e5,RECEIVE,DATA,504,1060,""
1757.405,receiver,af416b39-8b0b-4383-b8fd-ab44d75320e5,ACCEPT_DATA,DATA,504,1024,"unique file bytes received"
1757.408,receiver,af416b39-8b0b-4383-b8fd-ab44d75320e5,SEND,ACK,504,36,""
1772.307,receiver,af416b39-8b0b-4383-b8fd-ab44d75320e5,EMIT,ACK,492,36,""
1772.374,receiver,af416b39-8b0b-4383-b8fd-ab44d75320e5,EMIT,ACK,502,36,""
1772.389,receiver,af416b39-8b0b-4383-b8fd-ab44d75320e5,EMIT,ACK,506,36,""
1772.402,receiver,af416b39-8b0b-4383-b8fd-ab44d75320e5,EMIT,ACK,510,36,""
1772.414,receiver,af416b39-8b0b-4383-b8fd-ab44d75320e5,EMIT,ACK,503,36,""
1772.426,receiver,af416b39-8b0b-4383-b8fd-ab44d75320e5,EMIT,ACK,493,36,""
1772.439,receiver,af416b39-8b0b-4383-b8fd-ab44d75320e5,EMIT,ACK,508,36,""
1772.446,receiver,af416b39-8b0b-4383-b8fd-ab44d75320e5,RECEIVE,DATA,513,1060,""
1772.486,receiver,af416b39-8b0b-4383-b8fd-ab44d75320e5,OUT_OF_ORDER,DATA,513,0,"arrived before missing sequence=512"
1772.491,receiver,af416b39-8b0b-4383-b8fd-ab44d75320e5,ACCEPT_DATA,DATA,513,1024,"unique file bytes received"
1772.494,receiver,af416b39-8b0b-4383-b8fd-ab44d75320e5,SEND,ACK,513,36,""
1772.509,receiver,af416b39-8b0b-4383-b8fd-ab44d75320e5,RECEIVE,DATA,516,1060,""
1772.512,receiver,af416b39-8b0b-4383-b8fd-ab44d75320e5,OUT_OF_ORDER,DATA,516,0,"arrived before missing sequence=512"
1772.515,receiver,af416b39-8b0b-4383-b8fd-ab44d75320e5,ACCEPT_DATA,DATA,516,1024,"unique file bytes received"
1772.518,receiver,af416b39-8b0b-4383-b8fd-ab44d75320e5,SEND,ACK,516,36,""
1788.317,receiver,af416b39-8b0b-4383-b8fd-ab44d75320e5,EMIT,ACK,505,36,""
1788.345,receiver,af416b39-8b0b-4383-b8fd-ab44d75320e5,EMIT,ACK,488,36,""
1788.354,receiver,af416b39-8b0b-4383-b8fd-ab44d75320e5,EMIT,ACK,509,36,""
1788.362,receiver,af416b39-8b0b-4383-b8fd-ab44d75320e5,EMIT,ACK,507,36,""
1788.371,receiver,af416b39-8b0b-4383-b8fd-ab44d75320e5,EMIT,ACK,501,36,""
1788.507,receiver,af416b39-8b0b-4383-b8fd-ab44d75320e5,RECEIVE,DATA,512,1060,""
1788.521,receiver,af416b39-8b0b-4383-b8fd-ab44d75320e5,ACCEPT_DATA,DATA,512,1024,"unique file bytes received"
1788.525,receiver,af416b39-8b0b-4383-b8fd-ab44d75320e5,SEND,ACK,512,36,""
1788.540,receiver,af416b39-8b0b-4383-b8fd-ab44d75320e5,RECEIVE,DATA,515,1060,""
1788.543,receiver,af416b39-8b0b-4383-b8fd-ab44d75320e5,OUT_OF_ORDER,DATA,515,0,"arrived before missing sequence=514"
1788.546,receiver,af416b39-8b0b-4383-b8fd-ab44d75320e5,ACCEPT_DATA,DATA,515,1024,"unique file bytes received"
1788.549,receiver,af416b39-8b0b-4383-b8fd-ab44d75320e5,SEND,ACK,515,36,""
1804.424,receiver,af416b39-8b0b-4383-b8fd-ab44d75320e5,EMIT,ACK,511,36,""
1804.478,receiver,af416b39-8b0b-4383-b8fd-ab44d75320e5,EMIT,ACK,516,36,""
1804.548,receiver,af416b39-8b0b-4383-b8fd-ab44d75320e5,RECEIVE,DATA,517,1060,""
1804.567,receiver,af416b39-8b0b-4383-b8fd-ab44d75320e5,OUT_OF_ORDER,DATA,517,0,"arrived before missing sequence=514"
1804.571,receiver,af416b39-8b0b-4383-b8fd-ab44d75320e5,ACCEPT_DATA,DATA,517,1024,"unique file bytes received"
1804.574,receiver,af416b39-8b0b-4383-b8fd-ab44d75320e5,SEND,ACK,517,36,""
1804.595,receiver,af416b39-8b0b-4383-b8fd-ab44d75320e5,RECEIVE,DATA,514,1060,""
1804.599,receiver,af416b39-8b0b-4383-b8fd-ab44d75320e5,ACCEPT_DATA,DATA,514,1024,"unique file bytes received"
1804.601,receiver,af416b39-8b0b-4383-b8fd-ab44d75320e5,SEND,ACK,514,36,""
1804.639,receiver,af416b39-8b0b-4383-b8fd-ab44d75320e5,RECEIVE,DATA,519,1060,""
1804.647,receiver,af416b39-8b0b-4383-b8fd-ab44d75320e5,OUT_OF_ORDER,DATA,519,0,"arrived before missing sequence=518"
1804.664,receiver,af416b39-8b0b-4383-b8fd-ab44d75320e5,ACCEPT_DATA,DATA,519,1024,"unique file bytes received"
1804.667,receiver,af416b39-8b0b-4383-b8fd-ab44d75320e5,SEND,ACK,519,36,""
1804.681,receiver,af416b39-8b0b-4383-b8fd-ab44d75320e5,RECEIVE,DATA,518,1060,""
1804.685,receiver,af416b39-8b0b-4383-b8fd-ab44d75320e5,ACCEPT_DATA,DATA,518,1024,"unique file bytes received"
1804.688,receiver,af416b39-8b0b-4383-b8fd-ab44d75320e5,SEND,ACK,518,36,""
1820.089,receiver,af416b39-8b0b-4383-b8fd-ab44d75320e5,EMIT,ACK,513,36,""
1820.113,receiver,af416b39-8b0b-4383-b8fd-ab44d75320e5,EMIT,ACK,504,36,""
1820.124,receiver,af416b39-8b0b-4383-b8fd-ab44d75320e5,EMIT,ACK,512,36,""
1820.191,receiver,af416b39-8b0b-4383-b8fd-ab44d75320e5,RECEIVE,DATA,535,1060,""
1820.216,receiver,af416b39-8b0b-4383-b8fd-ab44d75320e5,OUT_OF_ORDER,DATA,535,0,"arrived before missing sequence=520"
1820.222,receiver,af416b39-8b0b-4383-b8fd-ab44d75320e5,ACCEPT_DATA,DATA,535,1024,"unique file bytes received"
1820.228,receiver,af416b39-8b0b-4383-b8fd-ab44d75320e5,SEND,ACK,535,36,""
1820.253,receiver,af416b39-8b0b-4383-b8fd-ab44d75320e5,RECEIVE,DATA,530,1060,""
1820.260,receiver,af416b39-8b0b-4383-b8fd-ab44d75320e5,OUT_OF_ORDER,DATA,530,0,"arrived before missing sequence=520"
1820.265,receiver,af416b39-8b0b-4383-b8fd-ab44d75320e5,ACCEPT_DATA,DATA,530,1024,"unique file bytes received"
1820.270,receiver,af416b39-8b0b-4383-b8fd-ab44d75320e5,SEND,ACK,530,36,""
1820.300,receiver,af416b39-8b0b-4383-b8fd-ab44d75320e5,RECEIVE,DATA,529,1060,""
1820.306,receiver,af416b39-8b0b-4383-b8fd-ab44d75320e5,OUT_OF_ORDER,DATA,529,0,"arrived before missing sequence=520"
1820.310,receiver,af416b39-8b0b-4383-b8fd-ab44d75320e5,ACCEPT_DATA,DATA,529,1024,"unique file bytes received"
1820.314,receiver,af416b39-8b0b-4383-b8fd-ab44d75320e5,SEND,ACK,529,36,""
1835.196,receiver,af416b39-8b0b-4383-b8fd-ab44d75320e5,EMIT,ACK,515,36,""
1835.219,receiver,af416b39-8b0b-4383-b8fd-ab44d75320e5,EMIT,ACK,517,36,""
1835.311,receiver,af416b39-8b0b-4383-b8fd-ab44d75320e5,RECEIVE,DATA,521,1060,""
1835.336,receiver,af416b39-8b0b-4383-b8fd-ab44d75320e5,OUT_OF_ORDER,DATA,521,0,"arrived before missing sequence=520"
1835.380,receiver,af416b39-8b0b-4383-b8fd-ab44d75320e5,ACCEPT_DATA,DATA,521,1024,"unique file bytes received"
1835.391,receiver,af416b39-8b0b-4383-b8fd-ab44d75320e5,SEND,ACK,521,36,""
1835.418,receiver,af416b39-8b0b-4383-b8fd-ab44d75320e5,RECEIVE,DATA,524,1060,""
1835.423,receiver,af416b39-8b0b-4383-b8fd-ab44d75320e5,OUT_OF_ORDER,DATA,524,0,"arrived before missing sequence=520"
1835.426,receiver,af416b39-8b0b-4383-b8fd-ab44d75320e5,ACCEPT_DATA,DATA,524,1024,"unique file bytes received"
1835.429,receiver,af416b39-8b0b-4383-b8fd-ab44d75320e5,SEND,ACK,524,36,""
1835.435,receiver,af416b39-8b0b-4383-b8fd-ab44d75320e5,RECEIVE,DATA,533,1060,""
1835.439,receiver,af416b39-8b0b-4383-b8fd-ab44d75320e5,OUT_OF_ORDER,DATA,533,0,"arrived before missing sequence=520"
1835.441,receiver,af416b39-8b0b-4383-b8fd-ab44d75320e5,ACCEPT_DATA,DATA,533,1024,"unique file bytes received"
1835.444,receiver,af416b39-8b0b-4383-b8fd-ab44d75320e5,SEND,ACK,533,36,""
1835.449,receiver,af416b39-8b0b-4383-b8fd-ab44d75320e5,RECEIVE,DATA,526,1060,""
1835.452,receiver,af416b39-8b0b-4383-b8fd-ab44d75320e5,OUT_OF_ORDER,DATA,526,0,"arrived before missing sequence=520"
1835.455,receiver,af416b39-8b0b-4383-b8fd-ab44d75320e5,ACCEPT_DATA,DATA,526,1024,"unique file bytes received"
1835.457,receiver,af416b39-8b0b-4383-b8fd-ab44d75320e5,SEND,ACK,526,36,""
1835.462,receiver,af416b39-8b0b-4383-b8fd-ab44d75320e5,RECEIVE,DATA,532,1060,""
1835.465,receiver,af416b39-8b0b-4383-b8fd-ab44d75320e5,OUT_OF_ORDER,DATA,532,0,"arrived before missing sequence=520"
1835.468,receiver,af416b39-8b0b-4383-b8fd-ab44d75320e5,ACCEPT_DATA,DATA,532,1024,"unique file bytes received"
1835.470,receiver,af416b39-8b0b-4383-b8fd-ab44d75320e5,SEND,ACK,532,36,""
1835.475,receiver,af416b39-8b0b-4383-b8fd-ab44d75320e5,RECEIVE,DATA,522,1060,""
1835.479,receiver,af416b39-8b0b-4383-b8fd-ab44d75320e5,OUT_OF_ORDER,DATA,522,0,"arrived before missing sequence=520"
1835.481,receiver,af416b39-8b0b-4383-b8fd-ab44d75320e5,ACCEPT_DATA,DATA,522,1024,"unique file bytes received"
1835.483,receiver,af416b39-8b0b-4383-b8fd-ab44d75320e5,SEND,ACK,522,36,""
1835.489,receiver,af416b39-8b0b-4383-b8fd-ab44d75320e5,RECEIVE,DATA,527,1060,""
1835.492,receiver,af416b39-8b0b-4383-b8fd-ab44d75320e5,OUT_OF_ORDER,DATA,527,0,"arrived before missing sequence=520"
1835.494,receiver,af416b39-8b0b-4383-b8fd-ab44d75320e5,ACCEPT_DATA,DATA,527,1024,"unique file bytes received"
1835.497,receiver,af416b39-8b0b-4383-b8fd-ab44d75320e5,SEND,ACK,527,36,""
1835.502,receiver,af416b39-8b0b-4383-b8fd-ab44d75320e5,RECEIVE,DATA,528,1060,""
1835.505,receiver,af416b39-8b0b-4383-b8fd-ab44d75320e5,OUT_OF_ORDER,DATA,528,0,"arrived before missing sequence=520"
1835.507,receiver,af416b39-8b0b-4383-b8fd-ab44d75320e5,ACCEPT_DATA,DATA,528,1024,"unique file bytes received"
1835.510,receiver,af416b39-8b0b-4383-b8fd-ab44d75320e5,SEND,ACK,528,36,""
1835.515,receiver,af416b39-8b0b-4383-b8fd-ab44d75320e5,RECEIVE,DATA,531,1060,""
1835.518,receiver,af416b39-8b0b-4383-b8fd-ab44d75320e5,OUT_OF_ORDER,DATA,531,0,"arrived before missing sequence=520"
1835.521,receiver,af416b39-8b0b-4383-b8fd-ab44d75320e5,ACCEPT_DATA,DATA,531,1024,"unique file bytes received"
1835.523,receiver,af416b39-8b0b-4383-b8fd-ab44d75320e5,SEND,ACK,531,36,""
1835.558,receiver,af416b39-8b0b-4383-b8fd-ab44d75320e5,RECEIVE,DATA,520,1060,""
1835.562,receiver,af416b39-8b0b-4383-b8fd-ab44d75320e5,ACCEPT_DATA,DATA,520,1024,"unique file bytes received"
1835.564,receiver,af416b39-8b0b-4383-b8fd-ab44d75320e5,SEND,ACK,520,36,""
1835.569,receiver,af416b39-8b0b-4383-b8fd-ab44d75320e5,RECEIVE,DATA,523,1060,""
1835.572,receiver,af416b39-8b0b-4383-b8fd-ab44d75320e5,ACCEPT_DATA,DATA,523,1024,"unique file bytes received"
1835.575,receiver,af416b39-8b0b-4383-b8fd-ab44d75320e5,SEND,ACK,523,36,""
1835.580,receiver,af416b39-8b0b-4383-b8fd-ab44d75320e5,RECEIVE,DATA,534,1060,""
1835.583,receiver,af416b39-8b0b-4383-b8fd-ab44d75320e5,OUT_OF_ORDER,DATA,534,0,"arrived before missing sequence=525"
1835.586,receiver,af416b39-8b0b-4383-b8fd-ab44d75320e5,ACCEPT_DATA,DATA,534,1024,"unique file bytes received"
1835.588,receiver,af416b39-8b0b-4383-b8fd-ab44d75320e5,SEND,ACK,534,36,""
1851.141,receiver,af416b39-8b0b-4383-b8fd-ab44d75320e5,EMIT,ACK,519,36,""
1851.176,receiver,af416b39-8b0b-4383-b8fd-ab44d75320e5,EMIT,ACK,518,36,""
1851.277,receiver,af416b39-8b0b-4383-b8fd-ab44d75320e5,RECEIVE,DATA,525,1060,""
1851.292,receiver,af416b39-8b0b-4383-b8fd-ab44d75320e5,ACCEPT_DATA,DATA,525,1024,"unique file bytes received"
1851.296,receiver,af416b39-8b0b-4383-b8fd-ab44d75320e5,SEND,ACK,525,36,""
1851.311,receiver,af416b39-8b0b-4383-b8fd-ab44d75320e5,RECEIVE,DATA,537,1060,""
1851.314,receiver,af416b39-8b0b-4383-b8fd-ab44d75320e5,OUT_OF_ORDER,DATA,537,0,"arrived before missing sequence=536"
1851.317,receiver,af416b39-8b0b-4383-b8fd-ab44d75320e5,ACCEPT_DATA,DATA,537,1024,"unique file bytes received"
1851.320,receiver,af416b39-8b0b-4383-b8fd-ab44d75320e5,SEND,ACK,537,36,""
1851.326,receiver,af416b39-8b0b-4383-b8fd-ab44d75320e5,RECEIVE,DATA,543,1060,""
1851.329,receiver,af416b39-8b0b-4383-b8fd-ab44d75320e5,OUT_OF_ORDER,DATA,543,0,"arrived before missing sequence=536"
1851.331,receiver,af416b39-8b0b-4383-b8fd-ab44d75320e5,ACCEPT_DATA,DATA,543,1024,"unique file bytes received"
1851.334,receiver,af416b39-8b0b-4383-b8fd-ab44d75320e5,SEND,ACK,543,36,""
1851.339,receiver,af416b39-8b0b-4383-b8fd-ab44d75320e5,RECEIVE,DATA,536,1060,""
1851.342,receiver,af416b39-8b0b-4383-b8fd-ab44d75320e5,ACCEPT_DATA,DATA,536,1024,"unique file bytes received"
1851.345,receiver,af416b39-8b0b-4383-b8fd-ab44d75320e5,SEND,ACK,536,36,""
1851.350,receiver,af416b39-8b0b-4383-b8fd-ab44d75320e5,RECEIVE,DATA,541,1060,""
1851.353,receiver,af416b39-8b0b-4383-b8fd-ab44d75320e5,OUT_OF_ORDER,DATA,541,0,"arrived before missing sequence=538"
1851.356,receiver,af416b39-8b0b-4383-b8fd-ab44d75320e5,ACCEPT_DATA,DATA,541,1024,"unique file bytes received"
1851.358,receiver,af416b39-8b0b-4383-b8fd-ab44d75320e5,SEND,ACK,541,36,""
1866.496,receiver,af416b39-8b0b-4383-b8fd-ab44d75320e5,EMIT,ACK,514,36,""
1866.526,receiver,af416b39-8b0b-4383-b8fd-ab44d75320e5,EMIT,ACK,529,36,""
1866.537,receiver,af416b39-8b0b-4383-b8fd-ab44d75320e5,EMIT,ACK,521,36,""
1866.547,receiver,af416b39-8b0b-4383-b8fd-ab44d75320e5,EMIT,ACK,522,36,""
1866.556,receiver,af416b39-8b0b-4383-b8fd-ab44d75320e5,EMIT,ACK,530,36,""
1866.701,receiver,af416b39-8b0b-4383-b8fd-ab44d75320e5,RECEIVE,DATA,545,1060,""
1866.714,receiver,af416b39-8b0b-4383-b8fd-ab44d75320e5,OUT_OF_ORDER,DATA,545,0,"arrived before missing sequence=538"
1866.718,receiver,af416b39-8b0b-4383-b8fd-ab44d75320e5,ACCEPT_DATA,DATA,545,1024,"unique file bytes received"
1866.721,receiver,af416b39-8b0b-4383-b8fd-ab44d75320e5,SEND,ACK,545,36,""
1866.735,receiver,af416b39-8b0b-4383-b8fd-ab44d75320e5,RECEIVE,DATA,542,1060,""
1866.738,receiver,af416b39-8b0b-4383-b8fd-ab44d75320e5,OUT_OF_ORDER,DATA,542,0,"arrived before missing sequence=538"
1866.741,receiver,af416b39-8b0b-4383-b8fd-ab44d75320e5,ACCEPT_DATA,DATA,542,1024,"unique file bytes received"
1866.743,receiver,af416b39-8b0b-4383-b8fd-ab44d75320e5,SEND,ACK,542,36,""
1866.761,receiver,af416b39-8b0b-4383-b8fd-ab44d75320e5,RECEIVE,DATA,544,1060,""
1866.764,receiver,af416b39-8b0b-4383-b8fd-ab44d75320e5,OUT_OF_ORDER,DATA,544,0,"arrived before missing sequence=538"
1866.767,receiver,af416b39-8b0b-4383-b8fd-ab44d75320e5,ACCEPT_DATA,DATA,544,1024,"unique file bytes received"
1866.769,receiver,af416b39-8b0b-4383-b8fd-ab44d75320e5,SEND,ACK,544,36,""
1866.778,receiver,af416b39-8b0b-4383-b8fd-ab44d75320e5,RECEIVE,DATA,540,1060,""
1866.781,receiver,af416b39-8b0b-4383-b8fd-ab44d75320e5,OUT_OF_ORDER,DATA,540,0,"arrived before missing sequence=538"
1866.784,receiver,af416b39-8b0b-4383-b8fd-ab44d75320e5,ACCEPT_DATA,DATA,540,1024,"unique file bytes received"
1866.786,receiver,af416b39-8b0b-4383-b8fd-ab44d75320e5,SEND,ACK,540,36,""
1866.791,receiver,af416b39-8b0b-4383-b8fd-ab44d75320e5,RECEIVE,DATA,538,1060,""
1866.794,receiver,af416b39-8b0b-4383-b8fd-ab44d75320e5,ACCEPT_DATA,DATA,538,1024,"unique file bytes received"
1866.797,receiver,af416b39-8b0b-4383-b8fd-ab44d75320e5,SEND,ACK,538,36,""
1881.695,receiver,af416b39-8b0b-4383-b8fd-ab44d75320e5,EMIT,ACK,527,36,""
1881.753,receiver,af416b39-8b0b-4383-b8fd-ab44d75320e5,EMIT,ACK,528,36,""
1881.762,receiver,af416b39-8b0b-4383-b8fd-ab44d75320e5,EMIT,ACK,535,36,""
1881.770,receiver,af416b39-8b0b-4383-b8fd-ab44d75320e5,EMIT,ACK,533,36,""
1881.778,receiver,af416b39-8b0b-4383-b8fd-ab44d75320e5,EMIT,ACK,532,36,""
1881.786,receiver,af416b39-8b0b-4383-b8fd-ab44d75320e5,EMIT,ACK,523,36,""
1881.798,receiver,af416b39-8b0b-4383-b8fd-ab44d75320e5,EMIT,ACK,537,36,""
1881.806,receiver,af416b39-8b0b-4383-b8fd-ab44d75320e5,EMIT,ACK,541,36,""
1881.813,receiver,af416b39-8b0b-4383-b8fd-ab44d75320e5,EMIT,ACK,526,36,""
1881.821,receiver,af416b39-8b0b-4383-b8fd-ab44d75320e5,EMIT,ACK,524,36,""
1882.077,receiver,af416b39-8b0b-4383-b8fd-ab44d75320e5,RECEIVE,DATA,539,1060,""
1882.089,receiver,af416b39-8b0b-4383-b8fd-ab44d75320e5,ACCEPT_DATA,DATA,539,1024,"unique file bytes received"
1882.093,receiver,af416b39-8b0b-4383-b8fd-ab44d75320e5,SEND,ACK,539,36,""
1897.010,receiver,af416b39-8b0b-4383-b8fd-ab44d75320e5,EMIT,ACK,520,36,""
1897.043,receiver,af416b39-8b0b-4383-b8fd-ab44d75320e5,EMIT,ACK,534,36,""
1897.052,receiver,af416b39-8b0b-4383-b8fd-ab44d75320e5,RECEIVE,DATA,547,1060,""
1897.065,receiver,af416b39-8b0b-4383-b8fd-ab44d75320e5,EMIT,ACK,531,36,""
1897.069,receiver,af416b39-8b0b-4383-b8fd-ab44d75320e5,OUT_OF_ORDER,DATA,547,0,"arrived before missing sequence=546"
1897.075,receiver,af416b39-8b0b-4383-b8fd-ab44d75320e5,EMIT,ACK,525,36,""
1897.078,receiver,af416b39-8b0b-4383-b8fd-ab44d75320e5,ACCEPT_DATA,DATA,547,1024,"unique file bytes received"
1897.083,receiver,af416b39-8b0b-4383-b8fd-ab44d75320e5,SEND,ACK,547,36,""
1897.097,receiver,af416b39-8b0b-4383-b8fd-ab44d75320e5,EMIT,ACK,536,36,""
1897.106,receiver,af416b39-8b0b-4383-b8fd-ab44d75320e5,EMIT,ACK,545,36,""
1897.114,receiver,af416b39-8b0b-4383-b8fd-ab44d75320e5,RECEIVE,DATA,548,1060,""
1897.119,receiver,af416b39-8b0b-4383-b8fd-ab44d75320e5,OUT_OF_ORDER,DATA,548,0,"arrived before missing sequence=546"
1897.123,receiver,af416b39-8b0b-4383-b8fd-ab44d75320e5,ACCEPT_DATA,DATA,548,1024,"unique file bytes received"
1897.126,receiver,af416b39-8b0b-4383-b8fd-ab44d75320e5,SEND,ACK,548,36,""
1897.136,receiver,af416b39-8b0b-4383-b8fd-ab44d75320e5,RECEIVE,DATA,546,1060,""
1897.140,receiver,af416b39-8b0b-4383-b8fd-ab44d75320e5,ACCEPT_DATA,DATA,546,1024,"unique file bytes received"
1897.144,receiver,af416b39-8b0b-4383-b8fd-ab44d75320e5,SEND,ACK,546,36,""
1912.694,receiver,af416b39-8b0b-4383-b8fd-ab44d75320e5,EMIT,ACK,542,36,""
1912.716,receiver,af416b39-8b0b-4383-b8fd-ab44d75320e5,RECEIVE,DATA,550,1060,""
1912.729,receiver,af416b39-8b0b-4383-b8fd-ab44d75320e5,EMIT,ACK,543,36,""
1912.735,receiver,af416b39-8b0b-4383-b8fd-ab44d75320e5,OUT_OF_ORDER,DATA,550,0,"arrived before missing sequence=549"
1912.740,receiver,af416b39-8b0b-4383-b8fd-ab44d75320e5,ACCEPT_DATA,DATA,550,1024,"unique file bytes received"
1912.745,receiver,af416b39-8b0b-4383-b8fd-ab44d75320e5,EMIT,ACK,540,36,""
1912.750,receiver,af416b39-8b0b-4383-b8fd-ab44d75320e5,SEND,ACK,550,36,""
1912.757,receiver,af416b39-8b0b-4383-b8fd-ab44d75320e5,EMIT,ACK,538,36,""
1912.770,receiver,af416b39-8b0b-4383-b8fd-ab44d75320e5,RECEIVE,DATA,549,1060,""
1912.804,receiver,af416b39-8b0b-4383-b8fd-ab44d75320e5,ACCEPT_DATA,DATA,549,1024,"unique file bytes received"
1912.808,receiver,af416b39-8b0b-4383-b8fd-ab44d75320e5,SEND,ACK,549,36,""
1928.785,receiver,af416b39-8b0b-4383-b8fd-ab44d75320e5,EMIT,ACK,544,36,""
1928.805,receiver,af416b39-8b0b-4383-b8fd-ab44d75320e5,RECEIVE,DATA,551,1060,""
1928.816,receiver,af416b39-8b0b-4383-b8fd-ab44d75320e5,EMIT,ACK,539,36,""
1928.821,receiver,af416b39-8b0b-4383-b8fd-ab44d75320e5,ACCEPT_DATA,DATA,551,1024,"unique file bytes received"
1928.825,receiver,af416b39-8b0b-4383-b8fd-ab44d75320e5,SEND,ACK,551,36,""
1928.842,receiver,af416b39-8b0b-4383-b8fd-ab44d75320e5,RECEIVE,DATA,568,1060,""
1928.845,receiver,af416b39-8b0b-4383-b8fd-ab44d75320e5,OUT_OF_ORDER,DATA,568,0,"arrived before missing sequence=552"
1928.848,receiver,af416b39-8b0b-4383-b8fd-ab44d75320e5,ACCEPT_DATA,DATA,568,1024,"unique file bytes received"
1928.857,receiver,af416b39-8b0b-4383-b8fd-ab44d75320e5,SEND,ACK,568,36,""
1928.863,receiver,af416b39-8b0b-4383-b8fd-ab44d75320e5,RECEIVE,DATA,557,1060,""
1928.866,receiver,af416b39-8b0b-4383-b8fd-ab44d75320e5,OUT_OF_ORDER,DATA,557,0,"arrived before missing sequence=552"
1928.869,receiver,af416b39-8b0b-4383-b8fd-ab44d75320e5,ACCEPT_DATA,DATA,557,1024,"unique file bytes received"
1928.871,receiver,af416b39-8b0b-4383-b8fd-ab44d75320e5,SEND,ACK,557,36,""
1928.878,receiver,af416b39-8b0b-4383-b8fd-ab44d75320e5,RECEIVE,DATA,552,1060,""
1928.881,receiver,af416b39-8b0b-4383-b8fd-ab44d75320e5,ACCEPT_DATA,DATA,552,1024,"unique file bytes received"
1928.883,receiver,af416b39-8b0b-4383-b8fd-ab44d75320e5,SEND,ACK,552,36,""
1928.888,receiver,af416b39-8b0b-4383-b8fd-ab44d75320e5,RECEIVE,DATA,563,1060,""
1928.891,receiver,af416b39-8b0b-4383-b8fd-ab44d75320e5,OUT_OF_ORDER,DATA,563,0,"arrived before missing sequence=553"
1928.894,receiver,af416b39-8b0b-4383-b8fd-ab44d75320e5,ACCEPT_DATA,DATA,563,1024,"unique file bytes received"
1928.896,receiver,af416b39-8b0b-4383-b8fd-ab44d75320e5,SEND,ACK,563,36,""
1928.902,receiver,af416b39-8b0b-4383-b8fd-ab44d75320e5,RECEIVE,DATA,553,1060,""
1928.904,receiver,af416b39-8b0b-4383-b8fd-ab44d75320e5,ACCEPT_DATA,DATA,553,1024,"unique file bytes received"
1928.907,receiver,af416b39-8b0b-4383-b8fd-ab44d75320e5,SEND,ACK,553,36,""
1928.912,receiver,af416b39-8b0b-4383-b8fd-ab44d75320e5,RECEIVE,DATA,556,1060,""
1928.915,receiver,af416b39-8b0b-4383-b8fd-ab44d75320e5,OUT_OF_ORDER,DATA,556,0,"arrived before missing sequence=554"
1928.918,receiver,af416b39-8b0b-4383-b8fd-ab44d75320e5,ACCEPT_DATA,DATA,556,1024,"unique file bytes received"
1928.920,receiver,af416b39-8b0b-4383-b8fd-ab44d75320e5,SEND,ACK,556,36,""
1928.925,receiver,af416b39-8b0b-4383-b8fd-ab44d75320e5,RECEIVE,DATA,561,1060,""
1928.928,receiver,af416b39-8b0b-4383-b8fd-ab44d75320e5,OUT_OF_ORDER,DATA,561,0,"arrived before missing sequence=554"
1928.931,receiver,af416b39-8b0b-4383-b8fd-ab44d75320e5,ACCEPT_DATA,DATA,561,1024,"unique file bytes received"
1928.933,receiver,af416b39-8b0b-4383-b8fd-ab44d75320e5,SEND,ACK,561,36,""
1944.554,receiver,af416b39-8b0b-4383-b8fd-ab44d75320e5,EMIT,ACK,546,36,""
1944.584,receiver,af416b39-8b0b-4383-b8fd-ab44d75320e5,EMIT,ACK,547,36,""
1944.651,receiver,af416b39-8b0b-4383-b8fd-ab44d75320e5,RECEIVE,DATA,554,1060,""
1944.658,receiver,af416b39-8b0b-4383-b8fd-ab44d75320e5,ACCEPT_DATA,DATA,554,1024,"unique file bytes received"
1944.661,receiver,af416b39-8b0b-4383-b8fd-ab44d75320e5,SEND,ACK,554,36,""
1944.702,receiver,af416b39-8b0b-4383-b8fd-ab44d75320e5,RECEIVE,DATA,565,1060,""
1944.709,receiver,af416b39-8b0b-4383-b8fd-ab44d75320e5,OUT_OF_ORDER,DATA,565,0,"arrived before missing sequence=555"
1944.712,receiver,af416b39-8b0b-4383-b8fd-ab44d75320e5,ACCEPT_DATA,DATA,565,1024,"unique file bytes received"
1944.715,receiver,af416b39-8b0b-4383-b8fd-ab44d75320e5,SEND,ACK,565,36,""
1944.723,receiver,af416b39-8b0b-4383-b8fd-ab44d75320e5,RECEIVE,DATA,566,1060,""
1944.726,receiver,af416b39-8b0b-4383-b8fd-ab44d75320e5,OUT_OF_ORDER,DATA,566,0,"arrived before missing sequence=555"
1944.729,receiver,af416b39-8b0b-4383-b8fd-ab44d75320e5,ACCEPT_DATA,DATA,566,1024,"unique file bytes received"
1944.731,receiver,af416b39-8b0b-4383-b8fd-ab44d75320e5,SEND,ACK,566,36,""
1944.738,receiver,af416b39-8b0b-4383-b8fd-ab44d75320e5,RECEIVE,DATA,560,1060,""
1944.741,receiver,af416b39-8b0b-4383-b8fd-ab44d75320e5,OUT_OF_ORDER,DATA,560,0,"arrived before missing sequence=555"
1944.743,receiver,af416b39-8b0b-4383-b8fd-ab44d75320e5,ACCEPT_DATA,DATA,560,1024,"unique file bytes received"
1944.746,receiver,af416b39-8b0b-4383-b8fd-ab44d75320e5,SEND,ACK,560,36,""
1944.766,receiver,af416b39-8b0b-4383-b8fd-ab44d75320e5,RECEIVE,DATA,562,1060,""
1944.771,receiver,af416b39-8b0b-4383-b8fd-ab44d75320e5,OUT_OF_ORDER,DATA,562,0,"arrived before missing sequence=555"
1944.773,receiver,af416b39-8b0b-4383-b8fd-ab44d75320e5,ACCEPT_DATA,DATA,562,1024,"unique file bytes received"
1944.776,receiver,af416b39-8b0b-4383-b8fd-ab44d75320e5,SEND,ACK,562,36,""
1944.783,receiver,af416b39-8b0b-4383-b8fd-ab44d75320e5,RECEIVE,DATA,564,1060,""
1944.786,receiver,af416b39-8b0b-4383-b8fd-ab44d75320e5,OUT_OF_ORDER,DATA,564,0,"arrived before missing sequence=555"
1944.789,receiver,af416b39-8b0b-4383-b8fd-ab44d75320e5,ACCEPT_DATA,DATA,564,1024,"unique file bytes received"
1944.791,receiver,af416b39-8b0b-4383-b8fd-ab44d75320e5,SEND,ACK,564,36,""
1944.967,receiver,af416b39-8b0b-4383-b8fd-ab44d75320e5,RECEIVE,DATA,559,1060,""
1944.991,receiver,af416b39-8b0b-4383-b8fd-ab44d75320e5,OUT_OF_ORDER,DATA,559,0,"arrived before missing sequence=555"
1945.000,receiver,af416b39-8b0b-4383-b8fd-ab44d75320e5,ACCEPT_DATA,DATA,559,1024,"unique file bytes received"
1945.008,receiver,af416b39-8b0b-4383-b8fd-ab44d75320e5,SEND,ACK,559,36,""
1945.036,receiver,af416b39-8b0b-4383-b8fd-ab44d75320e5,RECEIVE,DATA,570,1060,""
1945.044,receiver,af416b39-8b0b-4383-b8fd-ab44d75320e5,OUT_OF_ORDER,DATA,570,0,"arrived before missing sequence=555"
1945.050,receiver,af416b39-8b0b-4383-b8fd-ab44d75320e5,ACCEPT_DATA,DATA,570,1024,"unique file bytes received"
1945.057,receiver,af416b39-8b0b-4383-b8fd-ab44d75320e5,SEND,ACK,570,36,""
1945.070,receiver,af416b39-8b0b-4383-b8fd-ab44d75320e5,RECEIVE,DATA,567,1060,""
1945.078,receiver,af416b39-8b0b-4383-b8fd-ab44d75320e5,OUT_OF_ORDER,DATA,567,0,"arrived before missing sequence=555"
1945.084,receiver,af416b39-8b0b-4383-b8fd-ab44d75320e5,ACCEPT_DATA,DATA,567,1024,"unique file bytes received"
1945.090,receiver,af416b39-8b0b-4383-b8fd-ab44d75320e5,SEND,ACK,567,36,""
1945.103,receiver,af416b39-8b0b-4383-b8fd-ab44d75320e5,RECEIVE,DATA,569,1060,""
1945.110,receiver,af416b39-8b0b-4383-b8fd-ab44d75320e5,OUT_OF_ORDER,DATA,569,0,"arrived before missing sequence=555"
1945.116,receiver,af416b39-8b0b-4383-b8fd-ab44d75320e5,ACCEPT_DATA,DATA,569,1024,"unique file bytes received"
1945.122,receiver,af416b39-8b0b-4383-b8fd-ab44d75320e5,SEND,ACK,569,36,""
1960.333,receiver,af416b39-8b0b-4383-b8fd-ab44d75320e5,EMIT,ACK,549,36,""
1960.367,receiver,af416b39-8b0b-4383-b8fd-ab44d75320e5,EMIT,ACK,548,36,""
1960.377,receiver,af416b39-8b0b-4383-b8fd-ab44d75320e5,EMIT,ACK,550,36,""
1960.388,receiver,af416b39-8b0b-4383-b8fd-ab44d75320e5,EMIT,ACK,551,36,""
1960.396,receiver,af416b39-8b0b-4383-b8fd-ab44d75320e5,EMIT,ACK,556,36,""
1960.404,receiver,af416b39-8b0b-4383-b8fd-ab44d75320e5,EMIT,ACK,552,36,""
1960.422,receiver,af416b39-8b0b-4383-b8fd-ab44d75320e5,RECEIVE,DATA,555,1060,""
1960.434,receiver,af416b39-8b0b-4383-b8fd-ab44d75320e5,ACCEPT_DATA,DATA,555,1024,"unique file bytes received"
1960.438,receiver,af416b39-8b0b-4383-b8fd-ab44d75320e5,SEND,ACK,555,36,""
1960.452,receiver,af416b39-8b0b-4383-b8fd-ab44d75320e5,RECEIVE,DATA,558,1060,""
1960.455,receiver,af416b39-8b0b-4383-b8fd-ab44d75320e5,ACCEPT_DATA,DATA,558,1024,"unique file bytes received"
1960.458,receiver,af416b39-8b0b-4383-b8fd-ab44d75320e5,SEND,ACK,558,36,""
1960.464,receiver,af416b39-8b0b-4383-b8fd-ab44d75320e5,RECEIVE,DATA,574,1060,""
1960.467,receiver,af416b39-8b0b-4383-b8fd-ab44d75320e5,OUT_OF_ORDER,DATA,574,0,"arrived before missing sequence=571"
1960.469,receiver,af416b39-8b0b-4383-b8fd-ab44d75320e5,ACCEPT_DATA,DATA,574,1024,"unique file bytes received"
1960.504,receiver,af416b39-8b0b-4383-b8fd-ab44d75320e5,SEND,ACK,574,36,""
1975.920,receiver,af416b39-8b0b-4383-b8fd-ab44d75320e5,EMIT,ACK,557,36,""
1975.954,receiver,af416b39-8b0b-4383-b8fd-ab44d75320e5,EMIT,ACK,561,36,""
1975.972,receiver,af416b39-8b0b-4383-b8fd-ab44d75320e5,EMIT,ACK,568,36,""
1975.987,receiver,af416b39-8b0b-4383-b8fd-ab44d75320e5,EMIT,ACK,563,36,""
1976.011,receiver,af416b39-8b0b-4383-b8fd-ab44d75320e5,EMIT,ACK,562,36,""
1976.024,receiver,af416b39-8b0b-4383-b8fd-ab44d75320e5,EMIT,ACK,560,36,""
1976.035,receiver,af416b39-8b0b-4383-b8fd-ab44d75320e5,EMIT,ACK,554,36,""
1976.099,receiver,af416b39-8b0b-4383-b8fd-ab44d75320e5,RECEIVE,DATA,576,1060,""
1976.114,receiver,af416b39-8b0b-4383-b8fd-ab44d75320e5,OUT_OF_ORDER,DATA,576,0,"arrived before missing sequence=571"
1976.120,receiver,af416b39-8b0b-4383-b8fd-ab44d75320e5,ACCEPT_DATA,DATA,576,1024,"unique file bytes received"
1976.124,receiver,af416b39-8b0b-4383-b8fd-ab44d75320e5,SEND,ACK,576,36,""
1976.142,receiver,af416b39-8b0b-4383-b8fd-ab44d75320e5,RECEIVE,DATA,572,1060,""
1976.146,receiver,af416b39-8b0b-4383-b8fd-ab44d75320e5,OUT_OF_ORDER,DATA,572,0,"arrived before missing sequence=571"
1976.149,receiver,af416b39-8b0b-4383-b8fd-ab44d75320e5,ACCEPT_DATA,DATA,572,1024,"unique file bytes received"
1976.152,receiver,af416b39-8b0b-4383-b8fd-ab44d75320e5,SEND,ACK,572,36,""
1976.160,receiver,af416b39-8b0b-4383-b8fd-ab44d75320e5,RECEIVE,DATA,575,1060,""
1976.164,receiver,af416b39-8b0b-4383-b8fd-ab44d75320e5,OUT_OF_ORDER,DATA,575,0,"arrived before missing sequence=571"
1976.172,receiver,af416b39-8b0b-4383-b8fd-ab44d75320e5,ACCEPT_DATA,DATA,575,1024,"unique file bytes received"
1976.174,receiver,af416b39-8b0b-4383-b8fd-ab44d75320e5,SEND,ACK,575,36,""
1976.181,receiver,af416b39-8b0b-4383-b8fd-ab44d75320e5,RECEIVE,DATA,571,1060,""
1976.185,receiver,af416b39-8b0b-4383-b8fd-ab44d75320e5,ACCEPT_DATA,DATA,571,1024,"unique file bytes received"
1976.188,receiver,af416b39-8b0b-4383-b8fd-ab44d75320e5,SEND,ACK,571,36,""
1976.194,receiver,af416b39-8b0b-4383-b8fd-ab44d75320e5,RECEIVE,DATA,573,1060,""
1976.197,receiver,af416b39-8b0b-4383-b8fd-ab44d75320e5,ACCEPT_DATA,DATA,573,1024,"unique file bytes received"
1976.200,receiver,af416b39-8b0b-4383-b8fd-ab44d75320e5,SEND,ACK,573,36,""
1976.205,receiver,af416b39-8b0b-4383-b8fd-ab44d75320e5,RECEIVE,DATA,577,1060,""
1976.209,receiver,af416b39-8b0b-4383-b8fd-ab44d75320e5,ACCEPT_DATA,DATA,577,1024,"unique file bytes received"
1976.211,receiver,af416b39-8b0b-4383-b8fd-ab44d75320e5,SEND,ACK,577,36,""
1976.218,receiver,af416b39-8b0b-4383-b8fd-ab44d75320e5,RECEIVE,DATA,578,1060,""
1976.221,receiver,af416b39-8b0b-4383-b8fd-ab44d75320e5,ACCEPT_DATA,DATA,578,1024,"unique file bytes received"
1976.224,receiver,af416b39-8b0b-4383-b8fd-ab44d75320e5,SEND,ACK,578,36,""
1991.165,receiver,af416b39-8b0b-4383-b8fd-ab44d75320e5,EMIT,ACK,559,36,""
1991.193,receiver,af416b39-8b0b-4383-b8fd-ab44d75320e5,EMIT,ACK,553,36,""
1991.203,receiver,af416b39-8b0b-4383-b8fd-ab44d75320e5,EMIT,ACK,564,36,""
1991.212,receiver,af416b39-8b0b-4383-b8fd-ab44d75320e5,EMIT,ACK,567,36,""
1991.220,receiver,af416b39-8b0b-4383-b8fd-ab44d75320e5,EMIT,ACK,566,36,""
1991.227,receiver,af416b39-8b0b-4383-b8fd-ab44d75320e5,EMIT,ACK,565,36,""
1991.235,receiver,af416b39-8b0b-4383-b8fd-ab44d75320e5,EMIT,ACK,570,36,""
1991.243,receiver,af416b39-8b0b-4383-b8fd-ab44d75320e5,EMIT,ACK,569,36,""
1991.256,receiver,af416b39-8b0b-4383-b8fd-ab44d75320e5,RECEIVE,DATA,579,1060,""
1991.280,receiver,af416b39-8b0b-4383-b8fd-ab44d75320e5,ACCEPT_DATA,DATA,579,1024,"unique file bytes received"
1991.284,receiver,af416b39-8b0b-4383-b8fd-ab44d75320e5,SEND,ACK,579,36,""
1991.300,receiver,af416b39-8b0b-4383-b8fd-ab44d75320e5,RECEIVE,DATA,584,1060,""
1991.304,receiver,af416b39-8b0b-4383-b8fd-ab44d75320e5,OUT_OF_ORDER,DATA,584,0,"arrived before missing sequence=580"
1991.307,receiver,af416b39-8b0b-4383-b8fd-ab44d75320e5,ACCEPT_DATA,DATA,584,1024,"unique file bytes received"
1991.310,receiver,af416b39-8b0b-4383-b8fd-ab44d75320e5,SEND,ACK,584,36,""
1991.316,receiver,af416b39-8b0b-4383-b8fd-ab44d75320e5,RECEIVE,DATA,582,1060,""
1991.320,receiver,af416b39-8b0b-4383-b8fd-ab44d75320e5,OUT_OF_ORDER,DATA,582,0,"arrived before missing sequence=580"
1991.323,receiver,af416b39-8b0b-4383-b8fd-ab44d75320e5,ACCEPT_DATA,DATA,582,1024,"unique file bytes received"
1991.325,receiver,af416b39-8b0b-4383-b8fd-ab44d75320e5,SEND,ACK,582,36,""
1991.342,receiver,af416b39-8b0b-4383-b8fd-ab44d75320e5,RECEIVE,DATA,580,1060,""
1991.345,receiver,af416b39-8b0b-4383-b8fd-ab44d75320e5,ACCEPT_DATA,DATA,580,1024,"unique file bytes received"
1991.348,receiver,af416b39-8b0b-4383-b8fd-ab44d75320e5,SEND,ACK,580,36,""
2007.239,receiver,af416b39-8b0b-4383-b8fd-ab44d75320e5,EMIT,ACK,555,36,""
2007.265,receiver,af416b39-8b0b-4383-b8fd-ab44d75320e5,RECEIVE,DATA,581,1060,""
2007.274,receiver,af416b39-8b0b-4383-b8fd-ab44d75320e5,EMIT,ACK,574,36,""
2007.278,receiver,af416b39-8b0b-4383-b8fd-ab44d75320e5,ACCEPT_DATA,DATA,581,1024,"unique file bytes received"
2007.282,receiver,af416b39-8b0b-4383-b8fd-ab44d75320e5,SEND,ACK,581,36,""
2007.285,receiver,af416b39-8b0b-4383-b8fd-ab44d75320e5,EMIT,ACK,576,36,""
2007.297,receiver,af416b39-8b0b-4383-b8fd-ab44d75320e5,RECEIVE,DATA,583,1060,""
2007.301,receiver,af416b39-8b0b-4383-b8fd-ab44d75320e5,ACCEPT_DATA,DATA,583,1024,"unique file bytes received"
2007.303,receiver,af416b39-8b0b-4383-b8fd-ab44d75320e5,SEND,ACK,583,36,""
2007.308,receiver,af416b39-8b0b-4383-b8fd-ab44d75320e5,EMIT,ACK,558,36,""
2023.198,receiver,af416b39-8b0b-4383-b8fd-ab44d75320e5,EMIT,ACK,575,36,""
2023.227,receiver,af416b39-8b0b-4383-b8fd-ab44d75320e5,EMIT,ACK,573,36,""
2023.236,receiver,af416b39-8b0b-4383-b8fd-ab44d75320e5,EMIT,ACK,582,36,""
2023.244,receiver,af416b39-8b0b-4383-b8fd-ab44d75320e5,EMIT,ACK,579,36,""
2023.252,receiver,af416b39-8b0b-4383-b8fd-ab44d75320e5,EMIT,ACK,571,36,""
2023.336,receiver,af416b39-8b0b-4383-b8fd-ab44d75320e5,RECEIVE,DATA,586,1060,""
2023.354,receiver,af416b39-8b0b-4383-b8fd-ab44d75320e5,OUT_OF_ORDER,DATA,586,0,"arrived before missing sequence=585"
2023.372,receiver,af416b39-8b0b-4383-b8fd-ab44d75320e5,ACCEPT_DATA,DATA,586,1024,"unique file bytes received"
2023.377,receiver,af416b39-8b0b-4383-b8fd-ab44d75320e5,SEND,ACK,586,36,""
2039.178,receiver,af416b39-8b0b-4383-b8fd-ab44d75320e5,EMIT,ACK,572,36,""
2039.207,receiver,af416b39-8b0b-4383-b8fd-ab44d75320e5,EMIT,ACK,577,36,""
2039.217,receiver,af416b39-8b0b-4383-b8fd-ab44d75320e5,EMIT,ACK,578,36,""
2039.225,receiver,af416b39-8b0b-4383-b8fd-ab44d75320e5,EMIT,ACK,583,36,""
2039.233,receiver,af416b39-8b0b-4383-b8fd-ab44d75320e5,EMIT,ACK,584,36,""
2039.324,receiver,af416b39-8b0b-4383-b8fd-ab44d75320e5,RECEIVE,DATA,585,1060,""
2039.343,receiver,af416b39-8b0b-4383-b8fd-ab44d75320e5,ACCEPT_DATA,DATA,585,1024,"unique file bytes received"
2039.347,receiver,af416b39-8b0b-4383-b8fd-ab44d75320e5,SEND,ACK,585,36,""
2039.364,receiver,af416b39-8b0b-4383-b8fd-ab44d75320e5,RECEIVE,DATA,601,1060,""
2039.367,receiver,af416b39-8b0b-4383-b8fd-ab44d75320e5,OUT_OF_ORDER,DATA,601,0,"arrived before missing sequence=587"
2039.370,receiver,af416b39-8b0b-4383-b8fd-ab44d75320e5,ACCEPT_DATA,DATA,601,1024,"unique file bytes received"
2039.372,receiver,af416b39-8b0b-4383-b8fd-ab44d75320e5,SEND,ACK,601,36,""
2039.379,receiver,af416b39-8b0b-4383-b8fd-ab44d75320e5,RECEIVE,DATA,597,1060,""
2039.382,receiver,af416b39-8b0b-4383-b8fd-ab44d75320e5,OUT_OF_ORDER,DATA,597,0,"arrived before missing sequence=587"
2039.384,receiver,af416b39-8b0b-4383-b8fd-ab44d75320e5,ACCEPT_DATA,DATA,597,1024,"unique file bytes received"
2039.386,receiver,af416b39-8b0b-4383-b8fd-ab44d75320e5,SEND,ACK,597,36,""
2039.560,receiver,af416b39-8b0b-4383-b8fd-ab44d75320e5,RECEIVE,DATA,596,1060,""
2039.570,receiver,af416b39-8b0b-4383-b8fd-ab44d75320e5,OUT_OF_ORDER,DATA,596,0,"arrived before missing sequence=587"
2039.574,receiver,af416b39-8b0b-4383-b8fd-ab44d75320e5,ACCEPT_DATA,DATA,596,1024,"unique file bytes received"
2039.577,receiver,af416b39-8b0b-4383-b8fd-ab44d75320e5,SEND,ACK,596,36,""
2039.613,receiver,af416b39-8b0b-4383-b8fd-ab44d75320e5,RECEIVE,DATA,594,1060,""
2039.616,receiver,af416b39-8b0b-4383-b8fd-ab44d75320e5,OUT_OF_ORDER,DATA,594,0,"arrived before missing sequence=587"
2039.619,receiver,af416b39-8b0b-4383-b8fd-ab44d75320e5,ACCEPT_DATA,DATA,594,1024,"unique file bytes received"
2039.621,receiver,af416b39-8b0b-4383-b8fd-ab44d75320e5,SEND,ACK,594,36,""
2039.627,receiver,af416b39-8b0b-4383-b8fd-ab44d75320e5,RECEIVE,DATA,587,1060,""
2039.630,receiver,af416b39-8b0b-4383-b8fd-ab44d75320e5,ACCEPT_DATA,DATA,587,1024,"unique file bytes received"
2039.632,receiver,af416b39-8b0b-4383-b8fd-ab44d75320e5,SEND,ACK,587,36,""
2039.637,receiver,af416b39-8b0b-4383-b8fd-ab44d75320e5,RECEIVE,DATA,589,1060,""
2039.640,receiver,af416b39-8b0b-4383-b8fd-ab44d75320e5,OUT_OF_ORDER,DATA,589,0,"arrived before missing sequence=588"
2039.643,receiver,af416b39-8b0b-4383-b8fd-ab44d75320e5,ACCEPT_DATA,DATA,589,1024,"unique file bytes received"
2039.645,receiver,af416b39-8b0b-4383-b8fd-ab44d75320e5,SEND,ACK,589,36,""
2054.892,receiver,af416b39-8b0b-4383-b8fd-ab44d75320e5,EMIT,ACK,580,36,""
2054.935,receiver,af416b39-8b0b-4383-b8fd-ab44d75320e5,RECEIVE,DATA,590,1060,""
2054.946,receiver,af416b39-8b0b-4383-b8fd-ab44d75320e5,OUT_OF_ORDER,DATA,590,0,"arrived before missing sequence=588"
2054.950,receiver,af416b39-8b0b-4383-b8fd-ab44d75320e5,ACCEPT_DATA,DATA,590,1024,"unique file bytes received"
2054.953,receiver,af416b39-8b0b-4383-b8fd-ab44d75320e5,SEND,ACK,590,36,""
2054.966,receiver,af416b39-8b0b-4383-b8fd-ab44d75320e5,RECEIVE,DATA,595,1060,""
2054.969,receiver,af416b39-8b0b-4383-b8fd-ab44d75320e5,OUT_OF_ORDER,DATA,595,0,"arrived before missing sequence=588"
2054.972,receiver,af416b39-8b0b-4383-b8fd-ab44d75320e5,ACCEPT_DATA,DATA,595,1024,"unique file bytes received"
2054.974,receiver,af416b39-8b0b-4383-b8fd-ab44d75320e5,SEND,ACK,595,36,""
2054.977,receiver,af416b39-8b0b-4383-b8fd-ab44d75320e5,EMIT,ACK,581,36,""
2054.983,receiver,af416b39-8b0b-4383-b8fd-ab44d75320e5,RECEIVE,DATA,592,1060,""
2054.986,receiver,af416b39-8b0b-4383-b8fd-ab44d75320e5,OUT_OF_ORDER,DATA,592,0,"arrived before missing sequence=588"
2054.989,receiver,af416b39-8b0b-4383-b8fd-ab44d75320e5,ACCEPT_DATA,DATA,592,1024,"unique file bytes received"
2054.991,receiver,af416b39-8b0b-4383-b8fd-ab44d75320e5,SEND,ACK,592,36,""
2054.997,receiver,af416b39-8b0b-4383-b8fd-ab44d75320e5,RECEIVE,DATA,593,1060,""
2055.000,receiver,af416b39-8b0b-4383-b8fd-ab44d75320e5,EMIT,ACK,586,36,""
2055.005,receiver,af416b39-8b0b-4383-b8fd-ab44d75320e5,OUT_OF_ORDER,DATA,593,0,"arrived before missing sequence=588"
2055.007,receiver,af416b39-8b0b-4383-b8fd-ab44d75320e5,ACCEPT_DATA,DATA,593,1024,"unique file bytes received"
2055.010,receiver,af416b39-8b0b-4383-b8fd-ab44d75320e5,SEND,ACK,593,36,""
2055.029,receiver,af416b39-8b0b-4383-b8fd-ab44d75320e5,RECEIVE,DATA,588,1060,""
2055.032,receiver,af416b39-8b0b-4383-b8fd-ab44d75320e5,ACCEPT_DATA,DATA,588,1024,"unique file bytes received"
2055.034,receiver,af416b39-8b0b-4383-b8fd-ab44d75320e5,SEND,ACK,588,36,""
2055.039,receiver,af416b39-8b0b-4383-b8fd-ab44d75320e5,RECEIVE,DATA,598,1060,""
2055.042,receiver,af416b39-8b0b-4383-b8fd-ab44d75320e5,OUT_OF_ORDER,DATA,598,0,"arrived before missing sequence=591"
2055.044,receiver,af416b39-8b0b-4383-b8fd-ab44d75320e5,ACCEPT_DATA,DATA,598,1024,"unique file bytes received"
2055.047,receiver,af416b39-8b0b-4383-b8fd-ab44d75320e5,SEND,ACK,598,36,""
2055.052,receiver,af416b39-8b0b-4383-b8fd-ab44d75320e5,RECEIVE,DATA,591,1060,""
2055.054,receiver,af416b39-8b0b-4383-b8fd-ab44d75320e5,ACCEPT_DATA,DATA,591,1024,"unique file bytes received"
2055.057,receiver,af416b39-8b0b-4383-b8fd-ab44d75320e5,SEND,ACK,591,36,""
2055.061,receiver,af416b39-8b0b-4383-b8fd-ab44d75320e5,RECEIVE,DATA,599,1060,""
2055.064,receiver,af416b39-8b0b-4383-b8fd-ab44d75320e5,ACCEPT_DATA,DATA,599,1024,"unique file bytes received"
2055.066,receiver,af416b39-8b0b-4383-b8fd-ab44d75320e5,SEND,ACK,599,36,""
2069.860,receiver,af416b39-8b0b-4383-b8fd-ab44d75320e5,EMIT,ACK,589,36,""
2070.108,receiver,af416b39-8b0b-4383-b8fd-ab44d75320e5,RECEIVE,DATA,600,1060,""
2070.124,receiver,af416b39-8b0b-4383-b8fd-ab44d75320e5,ACCEPT_DATA,DATA,600,1024,"unique file bytes received"
2070.128,receiver,af416b39-8b0b-4383-b8fd-ab44d75320e5,SEND,ACK,600,36,""
2070.168,receiver,af416b39-8b0b-4383-b8fd-ab44d75320e5,RECEIVE,DATA,602,1060,""
2070.178,receiver,af416b39-8b0b-4383-b8fd-ab44d75320e5,ACCEPT_DATA,DATA,602,1024,"unique file bytes received"
2070.181,receiver,af416b39-8b0b-4383-b8fd-ab44d75320e5,SEND,ACK,602,36,""
2070.192,receiver,af416b39-8b0b-4383-b8fd-ab44d75320e5,RECEIVE,DATA,608,1060,""
2070.196,receiver,af416b39-8b0b-4383-b8fd-ab44d75320e5,OUT_OF_ORDER,DATA,608,0,"arrived before missing sequence=603"
2070.198,receiver,af416b39-8b0b-4383-b8fd-ab44d75320e5,ACCEPT_DATA,DATA,608,1024,"unique file bytes received"
2070.201,receiver,af416b39-8b0b-4383-b8fd-ab44d75320e5,SEND,ACK,608,36,""
2070.206,receiver,af416b39-8b0b-4383-b8fd-ab44d75320e5,RECEIVE,DATA,603,1060,""
2070.209,receiver,af416b39-8b0b-4383-b8fd-ab44d75320e5,ACCEPT_DATA,DATA,603,1024,"unique file bytes received"
2070.211,receiver,af416b39-8b0b-4383-b8fd-ab44d75320e5,SEND,ACK,603,36,""
2085.517,receiver,af416b39-8b0b-4383-b8fd-ab44d75320e5,EMIT,ACK,596,36,""
2085.556,receiver,af416b39-8b0b-4383-b8fd-ab44d75320e5,EMIT,ACK,594,36,""
2085.578,receiver,af416b39-8b0b-4383-b8fd-ab44d75320e5,EMIT,ACK,587,36,""
2085.586,receiver,af416b39-8b0b-4383-b8fd-ab44d75320e5,EMIT,ACK,591,36,""
2085.593,receiver,af416b39-8b0b-4383-b8fd-ab44d75320e5,EMIT,ACK,585,36,""
2085.601,receiver,af416b39-8b0b-4383-b8fd-ab44d75320e5,EMIT,ACK,592,36,""
2085.609,receiver,af416b39-8b0b-4383-b8fd-ab44d75320e5,EMIT,ACK,599,36,""
2085.621,receiver,af416b39-8b0b-4383-b8fd-ab44d75320e5,EMIT,ACK,601,36,""
2085.696,receiver,af416b39-8b0b-4383-b8fd-ab44d75320e5,RECEIVE,DATA,606,1060,""
2085.724,receiver,af416b39-8b0b-4383-b8fd-ab44d75320e5,OUT_OF_ORDER,DATA,606,0,"arrived before missing sequence=604"
2085.737,receiver,af416b39-8b0b-4383-b8fd-ab44d75320e5,ACCEPT_DATA,DATA,606,1024,"unique file bytes received"
2085.745,receiver,af416b39-8b0b-4383-b8fd-ab44d75320e5,SEND,ACK,606,36,""
2085.776,receiver,af416b39-8b0b-4383-b8fd-ab44d75320e5,RECEIVE,DATA,610,1060,""
2085.785,receiver,af416b39-8b0b-4383-b8fd-ab44d75320e5,OUT_OF_ORDER,DATA,610,0,"arrived before missing sequence=604"
2085.797,receiver,af416b39-8b0b-4383-b8fd-ab44d75320e5,ACCEPT_DATA,DATA,610,1024,"unique file bytes received"
2085.799,receiver,af416b39-8b0b-4383-b8fd-ab44d75320e5,SEND,ACK,610,36,""
2085.804,receiver,af416b39-8b0b-4383-b8fd-ab44d75320e5,RECEIVE,DATA,605,1060,""
2085.807,receiver,af416b39-8b0b-4383-b8fd-ab44d75320e5,OUT_OF_ORDER,DATA,605,0,"arrived before missing sequence=604"
2085.809,receiver,af416b39-8b0b-4383-b8fd-ab44d75320e5,ACCEPT_DATA,DATA,605,1024,"unique file bytes received"
2085.811,receiver,af416b39-8b0b-4383-b8fd-ab44d75320e5,SEND,ACK,605,36,""
2085.816,receiver,af416b39-8b0b-4383-b8fd-ab44d75320e5,RECEIVE,DATA,611,1060,""
2085.819,receiver,af416b39-8b0b-4383-b8fd-ab44d75320e5,OUT_OF_ORDER,DATA,611,0,"arrived before missing sequence=604"
2085.821,receiver,af416b39-8b0b-4383-b8fd-ab44d75320e5,ACCEPT_DATA,DATA,611,1024,"unique file bytes received"
2085.827,receiver,af416b39-8b0b-4383-b8fd-ab44d75320e5,SEND,ACK,611,36,""
2085.831,receiver,af416b39-8b0b-4383-b8fd-ab44d75320e5,RECEIVE,DATA,607,1060,""
2085.834,receiver,af416b39-8b0b-4383-b8fd-ab44d75320e5,OUT_OF_ORDER,DATA,607,0,"arrived before missing sequence=604"
2085.836,receiver,af416b39-8b0b-4383-b8fd-ab44d75320e5,ACCEPT_DATA,DATA,607,1024,"unique file bytes received"
2085.838,receiver,af416b39-8b0b-4383-b8fd-ab44d75320e5,SEND,ACK,607,36,""
2101.624,receiver,af416b39-8b0b-4383-b8fd-ab44d75320e5,EMIT,ACK,590,36,""
2101.645,receiver,af416b39-8b0b-4383-b8fd-ab44d75320e5,EMIT,ACK,597,36,""
2101.655,receiver,af416b39-8b0b-4383-b8fd-ab44d75320e5,EMIT,ACK,588,36,""
2101.663,receiver,af416b39-8b0b-4383-b8fd-ab44d75320e5,EMIT,ACK,598,36,""
2101.681,receiver,af416b39-8b0b-4383-b8fd-ab44d75320e5,EMIT,ACK,593,36,""
2101.691,receiver,af416b39-8b0b-4383-b8fd-ab44d75320e5,EMIT,ACK,595,36,""
2101.724,receiver,af416b39-8b0b-4383-b8fd-ab44d75320e5,RECEIVE,DATA,612,1060,""
2101.739,receiver,af416b39-8b0b-4383-b8fd-ab44d75320e5,OUT_OF_ORDER,DATA,612,0,"arrived before missing sequence=604"
2101.743,receiver,af416b39-8b0b-4383-b8fd-ab44d75320e5,ACCEPT_DATA,DATA,612,1024,"unique file bytes received"
2101.747,receiver,af416b39-8b0b-4383-b8fd-ab44d75320e5,SEND,ACK,612,36,""
2101.766,receiver,af416b39-8b0b-4383-b8fd-ab44d75320e5,RECEIVE,DATA,616,1060,""
2101.775,receiver,af416b39-8b0b-4383-b8fd-ab44d75320e5,OUT_OF_ORDER,DATA,616,0,"arrived before missing sequence=604"
2101.778,receiver,af416b39-8b0b-4383-b8fd-ab44d75320e5,ACCEPT_DATA,DATA,616,1024,"unique file bytes received"
2101.780,receiver,af416b39-8b0b-4383-b8fd-ab44d75320e5,SEND,ACK,616,36,""
2101.786,receiver,af416b39-8b0b-4383-b8fd-ab44d75320e5,RECEIVE,DATA,609,1060,""
2101.789,receiver,af416b39-8b0b-4383-b8fd-ab44d75320e5,OUT_OF_ORDER,DATA,609,0,"arrived before missing sequence=604"
2101.791,receiver,af416b39-8b0b-4383-b8fd-ab44d75320e5,ACCEPT_DATA,DATA,609,1024,"unique file bytes received"
2101.793,receiver,af416b39-8b0b-4383-b8fd-ab44d75320e5,SEND,ACK,609,36,""
2101.799,receiver,af416b39-8b0b-4383-b8fd-ab44d75320e5,RECEIVE,DATA,615,1060,""
2101.802,receiver,af416b39-8b0b-4383-b8fd-ab44d75320e5,OUT_OF_ORDER,DATA,615,0,"arrived before missing sequence=604"
2101.805,receiver,af416b39-8b0b-4383-b8fd-ab44d75320e5,ACCEPT_DATA,DATA,615,1024,"unique file bytes received"
2101.807,receiver,af416b39-8b0b-4383-b8fd-ab44d75320e5,SEND,ACK,615,36,""
2101.813,receiver,af416b39-8b0b-4383-b8fd-ab44d75320e5,RECEIVE,DATA,604,1060,""
2101.816,receiver,af416b39-8b0b-4383-b8fd-ab44d75320e5,ACCEPT_DATA,DATA,604,1024,"unique file bytes received"
2101.818,receiver,af416b39-8b0b-4383-b8fd-ab44d75320e5,SEND,ACK,604,36,""
2101.823,receiver,af416b39-8b0b-4383-b8fd-ab44d75320e5,RECEIVE,DATA,613,1060,""
2101.831,receiver,af416b39-8b0b-4383-b8fd-ab44d75320e5,ACCEPT_DATA,DATA,613,1024,"unique file bytes received"
2101.833,receiver,af416b39-8b0b-4383-b8fd-ab44d75320e5,SEND,ACK,613,36,""
2101.837,receiver,af416b39-8b0b-4383-b8fd-ab44d75320e5,RECEIVE,DATA,614,1060,""
2101.840,receiver,af416b39-8b0b-4383-b8fd-ab44d75320e5,ACCEPT_DATA,DATA,614,1024,"unique file bytes received"
2101.842,receiver,af416b39-8b0b-4383-b8fd-ab44d75320e5,SEND,ACK,614,36,""
2117.570,receiver,af416b39-8b0b-4383-b8fd-ab44d75320e5,EMIT,ACK,600,36,""
2117.595,receiver,af416b39-8b0b-4383-b8fd-ab44d75320e5,EMIT,ACK,610,36,""
2117.604,receiver,af416b39-8b0b-4383-b8fd-ab44d75320e5,EMIT,ACK,608,36,""
2117.754,receiver,af416b39-8b0b-4383-b8fd-ab44d75320e5,RECEIVE,DATA,618,1060,""
2117.768,receiver,af416b39-8b0b-4383-b8fd-ab44d75320e5,OUT_OF_ORDER,DATA,618,0,"arrived before missing sequence=617"
2117.772,receiver,af416b39-8b0b-4383-b8fd-ab44d75320e5,ACCEPT_DATA,DATA,618,1024,"unique file bytes received"
2117.775,receiver,af416b39-8b0b-4383-b8fd-ab44d75320e5,SEND,ACK,618,36,""
2133.503,receiver,af416b39-8b0b-4383-b8fd-ab44d75320e5,EMIT,ACK,605,36,""
2133.537,receiver,af416b39-8b0b-4383-b8fd-ab44d75320e5,EMIT,ACK,603,36,""
2133.548,receiver,af416b39-8b0b-4383-b8fd-ab44d75320e5,EMIT,ACK,602,36,""
2133.557,receiver,af416b39-8b0b-4383-b8fd-ab44d75320e5,EMIT,ACK,611,36,""
2133.576,receiver,af416b39-8b0b-4383-b8fd-ab44d75320e5,EMIT,ACK,609,36,""
2133.708,receiver,af416b39-8b0b-4383-b8fd-ab44d75320e5,RECEIVE,DATA,617,1060,""
2133.721,receiver,af416b39-8b0b-4383-b8fd-ab44d75320e5,ACCEPT_DATA,DATA,617,1024,"unique file bytes received"
2133.724,receiver,af416b39-8b0b-4383-b8fd-ab44d75320e5,SEND,ACK,617,36,""
2133.737,receiver,af416b39-8b0b-4383-b8fd-ab44d75320e5,RECEIVE,DATA,623,1060,""
2133.741,receiver,af416b39-8b0b-4383-b8fd-ab44d75320e5,OUT_OF_ORDER,DATA,623,0,"arrived before missing sequence=619"
2133.744,receiver,af416b39-8b0b-4383-b8fd-ab44d75320e5,ACCEPT_DATA,DATA,623,1024,"unique file bytes received"
2133.746,receiver,af416b39-8b0b-4383-b8fd-ab44d75320e5,SEND,ACK,623,36,""
2133.752,receiver,af416b39-8b0b-4383-b8fd-ab44d75320e5,RECEIVE,DATA,622,1060,""
2133.755,receiver,af416b39-8b0b-4383-b8fd-ab44d75320e5,OUT_OF_ORDER,DATA,622,0,"arrived before missing sequence=619"
2133.758,receiver,af416b39-8b0b-4383-b8fd-ab44d75320e5,ACCEPT_DATA,DATA,622,1024,"unique file bytes received"
2133.772,receiver,af416b39-8b0b-4383-b8fd-ab44d75320e5,SEND,ACK,622,36,""
2133.777,receiver,af416b39-8b0b-4383-b8fd-ab44d75320e5,RECEIVE,DATA,630,1060,""
2133.779,receiver,af416b39-8b0b-4383-b8fd-ab44d75320e5,OUT_OF_ORDER,DATA,630,0,"arrived before missing sequence=619"
2133.781,receiver,af416b39-8b0b-4383-b8fd-ab44d75320e5,ACCEPT_DATA,DATA,630,1024,"unique file bytes received"
2133.784,receiver,af416b39-8b0b-4383-b8fd-ab44d75320e5,SEND,ACK,630,36,""
2133.788,receiver,af416b39-8b0b-4383-b8fd-ab44d75320e5,RECEIVE,DATA,619,1060,""
2133.791,receiver,af416b39-8b0b-4383-b8fd-ab44d75320e5,ACCEPT_DATA,DATA,619,1024,"unique file bytes received"
2133.793,receiver,af416b39-8b0b-4383-b8fd-ab44d75320e5,SEND,ACK,619,36,""
2149.237,receiver,af416b39-8b0b-4383-b8fd-ab44d75320e5,EMIT,ACK,606,36,""
2149.264,receiver,af416b39-8b0b-4383-b8fd-ab44d75320e5,EMIT,ACK,616,36,""
2149.273,receiver,af416b39-8b0b-4383-b8fd-ab44d75320e5,EMIT,ACK,607,36,""
2149.281,receiver,af416b39-8b0b-4383-b8fd-ab44d75320e5,EMIT,ACK,615,36,""
2149.289,receiver,af416b39-8b0b-4383-b8fd-ab44d75320e5,EMIT,ACK,613,36,""
2149.296,receiver,af416b39-8b0b-4383-b8fd-ab44d75320e5,EMIT,ACK,614,36,""
2149.304,receiver,af416b39-8b0b-4383-b8fd-ab44d75320e5,EMIT,ACK,612,36,""
2149.313,receiver,af416b39-8b0b-4383-b8fd-ab44d75320e5,EMIT,ACK,604,36,""
2149.617,receiver,af416b39-8b0b-4383-b8fd-ab44d75320e5,RECEIVE,DATA,626,1060,""
2149.630,receiver,af416b39-8b0b-4383-b8fd-ab44d75320e5,OUT_OF_ORDER,DATA,626,0,"arrived before missing sequence=620"
2149.634,receiver,af416b39-8b0b-4383-b8fd-ab44d75320e5,ACCEPT_DATA,DATA,626,1024,"unique file bytes received"
2149.637,receiver,af416b39-8b0b-4383-b8fd-ab44d75320e5,SEND,ACK,626,36,""
2149.659,receiver,af416b39-8b0b-4383-b8fd-ab44d75320e5,RECEIVE,DATA,628,1060,""
2149.662,receiver,af416b39-8b0b-4383-b8fd-ab44d75320e5,OUT_OF_ORDER,DATA,628,0,"arrived before missing sequence=620"
2149.665,receiver,af416b39-8b0b-4383-b8fd-ab44d75320e5,ACCEPT_DATA,DATA,628,1024,"unique file bytes received"
2149.667,receiver,af416b39-8b0b-4383-b8fd-ab44d75320e5,SEND,ACK,628,36,""
2149.674,receiver,af416b39-8b0b-4383-b8fd-ab44d75320e5,RECEIVE,DATA,629,1060,""
2149.676,receiver,af416b39-8b0b-4383-b8fd-ab44d75320e5,OUT_OF_ORDER,DATA,629,0,"arrived before missing sequence=620"
2149.679,receiver,af416b39-8b0b-4383-b8fd-ab44d75320e5,ACCEPT_DATA,DATA,629,1024,"unique file bytes received"
2149.681,receiver,af416b39-8b0b-4383-b8fd-ab44d75320e5,SEND,ACK,629,36,""
2149.688,receiver,af416b39-8b0b-4383-b8fd-ab44d75320e5,RECEIVE,DATA,627,1060,""
2149.691,receiver,af416b39-8b0b-4383-b8fd-ab44d75320e5,OUT_OF_ORDER,DATA,627,0,"arrived before missing sequence=620"
2149.694,receiver,af416b39-8b0b-4383-b8fd-ab44d75320e5,ACCEPT_DATA,DATA,627,1024,"unique file bytes received"
2149.696,receiver,af416b39-8b0b-4383-b8fd-ab44d75320e5,SEND,ACK,627,36,""
2149.701,receiver,af416b39-8b0b-4383-b8fd-ab44d75320e5,RECEIVE,DATA,625,1060,""
2149.704,receiver,af416b39-8b0b-4383-b8fd-ab44d75320e5,OUT_OF_ORDER,DATA,625,0,"arrived before missing sequence=620"
2149.707,receiver,af416b39-8b0b-4383-b8fd-ab44d75320e5,ACCEPT_DATA,DATA,625,1024,"unique file bytes received"
2149.709,receiver,af416b39-8b0b-4383-b8fd-ab44d75320e5,SEND,ACK,625,36,""
2149.714,receiver,af416b39-8b0b-4383-b8fd-ab44d75320e5,RECEIVE,DATA,620,1060,""
2149.722,receiver,af416b39-8b0b-4383-b8fd-ab44d75320e5,ACCEPT_DATA,DATA,620,1024,"unique file bytes received"
2149.724,receiver,af416b39-8b0b-4383-b8fd-ab44d75320e5,SEND,ACK,620,36,""
2149.729,receiver,af416b39-8b0b-4383-b8fd-ab44d75320e5,RECEIVE,DATA,624,1060,""
2149.732,receiver,af416b39-8b0b-4383-b8fd-ab44d75320e5,OUT_OF_ORDER,DATA,624,0,"arrived before missing sequence=621"
2149.734,receiver,af416b39-8b0b-4383-b8fd-ab44d75320e5,ACCEPT_DATA,DATA,624,1024,"unique file bytes received"
2149.737,receiver,af416b39-8b0b-4383-b8fd-ab44d75320e5,SEND,ACK,624,36,""
2149.766,receiver,af416b39-8b0b-4383-b8fd-ab44d75320e5,RECEIVE,DATA,632,1060,""
2149.769,receiver,af416b39-8b0b-4383-b8fd-ab44d75320e5,OUT_OF_ORDER,DATA,632,0,"arrived before missing sequence=621"
2149.771,receiver,af416b39-8b0b-4383-b8fd-ab44d75320e5,ACCEPT_DATA,DATA,632,1024,"unique file bytes received"
2149.773,receiver,af416b39-8b0b-4383-b8fd-ab44d75320e5,SEND,ACK,632,36,""
2164.653,receiver,af416b39-8b0b-4383-b8fd-ab44d75320e5,RECEIVE,DATA,631,1060,""
2164.691,receiver,af416b39-8b0b-4383-b8fd-ab44d75320e5,EMIT,ACK,617,36,""
2164.699,receiver,af416b39-8b0b-4383-b8fd-ab44d75320e5,OUT_OF_ORDER,DATA,631,0,"arrived before missing sequence=621"
2164.713,receiver,af416b39-8b0b-4383-b8fd-ab44d75320e5,ACCEPT_DATA,DATA,631,1024,"unique file bytes received"
2164.754,receiver,af416b39-8b0b-4383-b8fd-ab44d75320e5,EMIT,ACK,622,36,""
2164.759,receiver,af416b39-8b0b-4383-b8fd-ab44d75320e5,SEND,ACK,631,36,""
2164.772,receiver,af416b39-8b0b-4383-b8fd-ab44d75320e5,EMIT,ACK,618,36,""
2164.813,receiver,af416b39-8b0b-4383-b8fd-ab44d75320e5,RECEIVE,DATA,621,1060,""
2164.828,receiver,af416b39-8b0b-4383-b8fd-ab44d75320e5,ACCEPT_DATA,DATA,621,1024,"unique file bytes received"
2164.839,receiver,af416b39-8b0b-4383-b8fd-ab44d75320e5,SEND,ACK,621,36,""
2164.867,receiver,af416b39-8b0b-4383-b8fd-ab44d75320e5,RECEIVE,DATA,633,1060,""
2164.879,receiver,af416b39-8b0b-4383-b8fd-ab44d75320e5,ACCEPT_DATA,DATA,633,1024,"unique file bytes received"
2164.889,receiver,af416b39-8b0b-4383-b8fd-ab44d75320e5,SEND,ACK,633,36,""
2180.102,receiver,af416b39-8b0b-4383-b8fd-ab44d75320e5,EMIT,ACK,619,36,""
2180.153,receiver,af416b39-8b0b-4383-b8fd-ab44d75320e5,EMIT,ACK,627,36,""
2180.166,receiver,af416b39-8b0b-4383-b8fd-ab44d75320e5,EMIT,ACK,626,36,""
2180.176,receiver,af416b39-8b0b-4383-b8fd-ab44d75320e5,EMIT,ACK,624,36,""
2180.180,receiver,af416b39-8b0b-4383-b8fd-ab44d75320e5,RECEIVE,DATA,634,1060,""
2180.190,receiver,af416b39-8b0b-4383-b8fd-ab44d75320e5,EMIT,ACK,630,36,""
2180.194,receiver,af416b39-8b0b-4383-b8fd-ab44d75320e5,ACCEPT_DATA,DATA,634,1024,"unique file bytes received"
2180.197,receiver,af416b39-8b0b-4383-b8fd-ab44d75320e5,SEND,ACK,634,36,""
2180.211,receiver,af416b39-8b0b-4383-b8fd-ab44d75320e5,RECEIVE,DATA,643,1060,""
2180.214,receiver,af416b39-8b0b-4383-b8fd-ab44d75320e5,OUT_OF_ORDER,DATA,643,0,"arrived before missing sequence=635"
2180.218,receiver,af416b39-8b0b-4383-b8fd-ab44d75320e5,ACCEPT_DATA,DATA,643,1024,"unique file bytes received"
2180.220,receiver,af416b39-8b0b-4383-b8fd-ab44d75320e5,SEND,ACK,643,36,""
2180.226,receiver,af416b39-8b0b-4383-b8fd-ab44d75320e5,RECEIVE,DATA,644,1060,""
2180.229,receiver,af416b39-8b0b-4383-b8fd-ab44d75320e5,OUT_OF_ORDER,DATA,644,0,"arrived before missing sequence=635"
2180.232,receiver,af416b39-8b0b-4383-b8fd-ab44d75320e5,ACCEPT_DATA,DATA,644,1024,"unique file bytes received"
2180.234,receiver,af416b39-8b0b-4383-b8fd-ab44d75320e5,SEND,ACK,644,36,""
2180.239,receiver,af416b39-8b0b-4383-b8fd-ab44d75320e5,RECEIVE,DATA,635,1060,""
2180.242,receiver,af416b39-8b0b-4383-b8fd-ab44d75320e5,ACCEPT_DATA,DATA,635,1024,"unique file bytes received"
2180.245,receiver,af416b39-8b0b-4383-b8fd-ab44d75320e5,SEND,ACK,635,36,""
2180.250,receiver,af416b39-8b0b-4383-b8fd-ab44d75320e5,RECEIVE,DATA,641,1060,""
2180.253,receiver,af416b39-8b0b-4383-b8fd-ab44d75320e5,OUT_OF_ORDER,DATA,641,0,"arrived before missing sequence=636"
2180.256,receiver,af416b39-8b0b-4383-b8fd-ab44d75320e5,ACCEPT_DATA,DATA,641,1024,"unique file bytes received"
2180.258,receiver,af416b39-8b0b-4383-b8fd-ab44d75320e5,SEND,ACK,641,36,""
2196.140,receiver,af416b39-8b0b-4383-b8fd-ab44d75320e5,EMIT,ACK,628,36,""
2196.202,receiver,af416b39-8b0b-4383-b8fd-ab44d75320e5,EMIT,ACK,623,36,""
2196.238,receiver,af416b39-8b0b-4383-b8fd-ab44d75320e5,RECEIVE,DATA,637,1060,""
2196.253,receiver,af416b39-8b0b-4383-b8fd-ab44d75320e5,EMIT,ACK,629,36,""
2196.265,receiver,af416b39-8b0b-4383-b8fd-ab44d75320e5,OUT_OF_ORDER,DATA,637,0,"arrived before missing sequence=636"
2196.272,receiver,af416b39-8b0b-4383-b8fd-ab44d75320e5,ACCEPT_DATA,DATA,637,1024,"unique file bytes received"
2196.277,receiver,af416b39-8b0b-4383-b8fd-ab44d75320e5,SEND,ACK,637,36,""
2196.288,receiver,af416b39-8b0b-4383-b8fd-ab44d75320e5,EMIT,ACK,632,36,""
2196.306,receiver,af416b39-8b0b-4383-b8fd-ab44d75320e5,RECEIVE,DATA,640,1060,""
2196.313,receiver,af416b39-8b0b-4383-b8fd-ab44d75320e5,OUT_OF_ORDER,DATA,640,0,"arrived before missing sequence=636"
2196.326,receiver,af416b39-8b0b-4383-b8fd-ab44d75320e5,EMIT,ACK,620,36,""
2196.337,receiver,af416b39-8b0b-4383-b8fd-ab44d75320e5,ACCEPT_DATA,DATA,640,1024,"unique file bytes received"
2196.342,receiver,af416b39-8b0b-4383-b8fd-ab44d75320e5,SEND,ACK,640,36,""
2196.360,receiver,af416b39-8b0b-4383-b8fd-ab44d75320e5,RECEIVE,DATA,648,1060,""
2196.366,receiver,af416b39-8b0b-4383-b8fd-ab44d75320e5,OUT_OF_ORDER,DATA,648,0,"arrived before missing sequence=636"
2196.370,receiver,af416b39-8b0b-4383-b8fd-ab44d75320e5,ACCEPT_DATA,DATA,648,1024,"unique file bytes received"
2196.374,receiver,af416b39-8b0b-4383-b8fd-ab44d75320e5,SEND,ACK,648,36,""
2196.387,receiver,af416b39-8b0b-4383-b8fd-ab44d75320e5,RECEIVE,DATA,638,1060,""
2196.392,receiver,af416b39-8b0b-4383-b8fd-ab44d75320e5,OUT_OF_ORDER,DATA,638,0,"arrived before missing sequence=636"
2196.397,receiver,af416b39-8b0b-4383-b8fd-ab44d75320e5,ACCEPT_DATA,DATA,638,1024,"unique file bytes received"
2196.401,receiver,af416b39-8b0b-4383-b8fd-ab44d75320e5,SEND,ACK,638,36,""
2196.425,receiver,af416b39-8b0b-4383-b8fd-ab44d75320e5,RECEIVE,DATA,639,1060,""
2196.430,receiver,af416b39-8b0b-4383-b8fd-ab44d75320e5,OUT_OF_ORDER,DATA,639,0,"arrived before missing sequence=636"
2196.434,receiver,af416b39-8b0b-4383-b8fd-ab44d75320e5,ACCEPT_DATA,DATA,639,1024,"unique file bytes received"
2196.438,receiver,af416b39-8b0b-4383-b8fd-ab44d75320e5,SEND,ACK,639,36,""
2196.449,receiver,af416b39-8b0b-4383-b8fd-ab44d75320e5,RECEIVE,DATA,647,1060,""
2196.454,receiver,af416b39-8b0b-4383-b8fd-ab44d75320e5,OUT_OF_ORDER,DATA,647,0,"arrived before missing sequence=636"
2196.458,receiver,af416b39-8b0b-4383-b8fd-ab44d75320e5,ACCEPT_DATA,DATA,647,1024,"unique file bytes received"
2196.462,receiver,af416b39-8b0b-4383-b8fd-ab44d75320e5,SEND,ACK,647,36,""
2196.477,receiver,af416b39-8b0b-4383-b8fd-ab44d75320e5,RECEIVE,DATA,649,1060,""
2196.482,receiver,af416b39-8b0b-4383-b8fd-ab44d75320e5,OUT_OF_ORDER,DATA,649,0,"arrived before missing sequence=636"
2196.487,receiver,af416b39-8b0b-4383-b8fd-ab44d75320e5,ACCEPT_DATA,DATA,649,1024,"unique file bytes received"
2196.491,receiver,af416b39-8b0b-4383-b8fd-ab44d75320e5,SEND,ACK,649,36,""
2196.503,receiver,af416b39-8b0b-4383-b8fd-ab44d75320e5,RECEIVE,DATA,642,1060,""
2196.509,receiver,af416b39-8b0b-4383-b8fd-ab44d75320e5,OUT_OF_ORDER,DATA,642,0,"arrived before missing sequence=636"
2196.513,receiver,af416b39-8b0b-4383-b8fd-ab44d75320e5,ACCEPT_DATA,DATA,642,1024,"unique file bytes received"
2196.517,receiver,af416b39-8b0b-4383-b8fd-ab44d75320e5,SEND,ACK,642,36,""
2196.528,receiver,af416b39-8b0b-4383-b8fd-ab44d75320e5,RECEIVE,DATA,645,1060,""
2196.546,receiver,af416b39-8b0b-4383-b8fd-ab44d75320e5,OUT_OF_ORDER,DATA,645,0,"arrived before missing sequence=636"
2196.550,receiver,af416b39-8b0b-4383-b8fd-ab44d75320e5,ACCEPT_DATA,DATA,645,1024,"unique file bytes received"
2196.554,receiver,af416b39-8b0b-4383-b8fd-ab44d75320e5,SEND,ACK,645,36,""
2196.565,receiver,af416b39-8b0b-4383-b8fd-ab44d75320e5,RECEIVE,DATA,646,1060,""
2196.570,receiver,af416b39-8b0b-4383-b8fd-ab44d75320e5,OUT_OF_ORDER,DATA,646,0,"arrived before missing sequence=636"
2196.574,receiver,af416b39-8b0b-4383-b8fd-ab44d75320e5,ACCEPT_DATA,DATA,646,1024,"unique file bytes received"
2196.578,receiver,af416b39-8b0b-4383-b8fd-ab44d75320e5,SEND,ACK,646,36,""
2196.589,receiver,af416b39-8b0b-4383-b8fd-ab44d75320e5,RECEIVE,DATA,650,1060,""
2196.607,receiver,af416b39-8b0b-4383-b8fd-ab44d75320e5,OUT_OF_ORDER,DATA,650,0,"arrived before missing sequence=636"
2196.611,receiver,af416b39-8b0b-4383-b8fd-ab44d75320e5,ACCEPT_DATA,DATA,650,1024,"unique file bytes received"
2196.615,receiver,af416b39-8b0b-4383-b8fd-ab44d75320e5,SEND,ACK,650,36,""
2212.357,receiver,af416b39-8b0b-4383-b8fd-ab44d75320e5,EMIT,ACK,625,36,""
2212.445,receiver,af416b39-8b0b-4383-b8fd-ab44d75320e5,EMIT,ACK,633,36,""
2212.468,receiver,af416b39-8b0b-4383-b8fd-ab44d75320e5,EMIT,ACK,641,36,""
2212.484,receiver,af416b39-8b0b-4383-b8fd-ab44d75320e5,EMIT,ACK,644,36,""
2212.499,receiver,af416b39-8b0b-4383-b8fd-ab44d75320e5,EMIT,ACK,631,36,""
2212.515,receiver,af416b39-8b0b-4383-b8fd-ab44d75320e5,EMIT,ACK,621,36,""
2212.642,receiver,af416b39-8b0b-4383-b8fd-ab44d75320e5,RECEIVE,DATA,636,1060,""
2212.687,receiver,af416b39-8b0b-4383-b8fd-ab44d75320e5,ACCEPT_DATA,DATA,636,1024,"unique file bytes received"
2212.690,receiver,af416b39-8b0b-4383-b8fd-ab44d75320e5,SEND,ACK,636,36,""
2227.990,receiver,af416b39-8b0b-4383-b8fd-ab44d75320e5,RECEIVE,DATA,651,1060,""
2228.046,receiver,af416b39-8b0b-4383-b8fd-ab44d75320e5,ACCEPT_DATA,DATA,651,1024,"unique file bytes received"
2228.064,receiver,af416b39-8b0b-4383-b8fd-ab44d75320e5,SEND,ACK,651,36,""
2228.104,receiver,af416b39-8b0b-4383-b8fd-ab44d75320e5,EMIT,ACK,634,36,""
2228.152,receiver,af416b39-8b0b-4383-b8fd-ab44d75320e5,RECEIVE,DATA,652,1060,""
2228.168,receiver,af416b39-8b0b-4383-b8fd-ab44d75320e5,ACCEPT_DATA,DATA,652,1024,"unique file bytes received"
2228.181,receiver,af416b39-8b0b-4383-b8fd-ab44d75320e5,SEND,ACK,652,36,""
2228.195,receiver,af416b39-8b0b-4383-b8fd-ab44d75320e5,EMIT,ACK,643,36,""
2228.226,receiver,af416b39-8b0b-4383-b8fd-ab44d75320e5,EMIT,ACK,639,36,""
2228.233,receiver,af416b39-8b0b-4383-b8fd-ab44d75320e5,EMIT,ACK,648,36,""
2228.240,receiver,af416b39-8b0b-4383-b8fd-ab44d75320e5,EMIT,ACK,635,36,""
2243.010,receiver,af416b39-8b0b-4383-b8fd-ab44d75320e5,EMIT,ACK,642,36,""
2243.062,receiver,af416b39-8b0b-4383-b8fd-ab44d75320e5,EMIT,ACK,637,36,""
2243.078,receiver,af416b39-8b0b-4383-b8fd-ab44d75320e5,EMIT,ACK,638,36,""
2243.093,receiver,af416b39-8b0b-4383-b8fd-ab44d75320e5,EMIT,ACK,649,36,""
2243.108,receiver,af416b39-8b0b-4383-b8fd-ab44d75320e5,EMIT,ACK,650,36,""
2243.283,receiver,af416b39-8b0b-4383-b8fd-ab44d75320e5,RECEIVE,DATA,665,1060,""
2243.296,receiver,af416b39-8b0b-4383-b8fd-ab44d75320e5,OUT_OF_ORDER,DATA,665,0,"arrived before missing sequence=653"
2243.300,receiver,af416b39-8b0b-4383-b8fd-ab44d75320e5,ACCEPT_DATA,DATA,665,1024,"unique file bytes received"
2243.303,receiver,af416b39-8b0b-4383-b8fd-ab44d75320e5,SEND,ACK,665,36,""
2243.317,receiver,af416b39-8b0b-4383-b8fd-ab44d75320e5,RECEIVE,DATA,656,1060,""
2243.320,receiver,af416b39-8b0b-4383-b8fd-ab44d75320e5,OUT_OF_ORDER,DATA,656,0,"arrived before missing sequence=653"
2243.323,receiver,af416b39-8b0b-4383-b8fd-ab44d75320e5,ACCEPT_DATA,DATA,656,1024,"unique file bytes received"
2243.325,receiver,af416b39-8b0b-4383-b8fd-ab44d75320e5,SEND,ACK,656,36,""
2258.362,receiver,af416b39-8b0b-4383-b8fd-ab44d75320e5,EMIT,ACK,647,36,""
2258.457,receiver,af416b39-8b0b-4383-b8fd-ab44d75320e5,EMIT,ACK,640,36,""
2258.490,receiver,af416b39-8b0b-4383-b8fd-ab44d75320e5,EMIT,ACK,645,36,""
2258.497,receiver,af416b39-8b0b-4383-b8fd-ab44d75320e5,EMIT,ACK,646,36,""
2258.505,receiver,af416b39-8b0b-4383-b8fd-ab44d75320e5,EMIT,ACK,651,36,""
2258.647,receiver,af416b39-8b0b-4383-b8fd-ab44d75320e5,RECEIVE,DATA,662,1060,""
2258.685,receiver,af416b39-8b0b-4383-b8fd-ab44d75320e5,OUT_OF_ORDER,DATA,662,0,"arrived before missing sequence=653"
2258.695,receiver,af416b39-8b0b-4383-b8fd-ab44d75320e5,ACCEPT_DATA,DATA,662,1024,"unique file bytes received"
2258.704,receiver,af416b39-8b0b-4383-b8fd-ab44d75320e5,SEND,ACK,662,36,""
2258.722,receiver,af416b39-8b0b-4383-b8fd-ab44d75320e5,RECEIVE,DATA,653,1060,""
2258.725,receiver,af416b39-8b0b-4383-b8fd-ab44d75320e5,ACCEPT_DATA,DATA,653,1024,"unique file bytes received"
2258.727,receiver,af416b39-8b0b-4383-b8fd-ab44d75320e5,SEND,ACK,653,36,""
2258.732,receiver,af416b39-8b0b-4383-b8fd-ab44d75320e5,RECEIVE,DATA,654,1060,""
2258.735,receiver,af416b39-8b0b-4383-b8fd-ab44d75320e5,ACCEPT_DATA,DATA,654,1024,"unique file bytes received"
2258.737,receiver,af416b39-8b0b-4383-b8fd-ab44d75320e5,SEND,ACK,654,36,""
2258.741,receiver,af416b39-8b0b-4383-b8fd-ab44d75320e5,RECEIVE,DATA,663,1060,""
2258.743,receiver,af416b39-8b0b-4383-b8fd-ab44d75320e5,OUT_OF_ORDER,DATA,663,0,"arrived before missing sequence=655"
2258.746,receiver,af416b39-8b0b-4383-b8fd-ab44d75320e5,ACCEPT_DATA,DATA,663,1024,"unique file bytes received"
2258.748,receiver,af416b39-8b0b-4383-b8fd-ab44d75320e5,SEND,ACK,663,36,""
2258.752,receiver,af416b39-8b0b-4383-b8fd-ab44d75320e5,RECEIVE,DATA,664,1060,""
2258.755,receiver,af416b39-8b0b-4383-b8fd-ab44d75320e5,OUT_OF_ORDER,DATA,664,0,"arrived before missing sequence=655"
2258.757,receiver,af416b39-8b0b-4383-b8fd-ab44d75320e5,ACCEPT_DATA,DATA,664,1024,"unique file bytes received"
2258.759,receiver,af416b39-8b0b-4383-b8fd-ab44d75320e5,SEND,ACK,664,36,""
2258.776,receiver,af416b39-8b0b-4383-b8fd-ab44d75320e5,RECEIVE,DATA,667,1060,""
2258.779,receiver,af416b39-8b0b-4383-b8fd-ab44d75320e5,OUT_OF_ORDER,DATA,667,0,"arrived before missing sequence=655"
2258.781,receiver,af416b39-8b0b-4383-b8fd-ab44d75320e5,ACCEPT_DATA,DATA,667,1024,"unique file bytes received"
2258.783,receiver,af416b39-8b0b-4383-b8fd-ab44d75320e5,SEND,ACK,667,36,""
2275.013,receiver,af416b39-8b0b-4383-b8fd-ab44d75320e5,EMIT,ACK,636,36,""
2275.054,receiver,af416b39-8b0b-4383-b8fd-ab44d75320e5,EMIT,ACK,665,36,""
2275.068,receiver,af416b39-8b0b-4383-b8fd-ab44d75320e5,EMIT,ACK,652,36,""
2275.152,receiver,af416b39-8b0b-4383-b8fd-ab44d75320e5,RECEIVE,DATA,655,1060,""
2275.163,receiver,af416b39-8b0b-4383-b8fd-ab44d75320e5,ACCEPT_DATA,DATA,655,1024,"unique file bytes received"
2275.166,receiver,af416b39-8b0b-4383-b8fd-ab44d75320e5,SEND,ACK,655,36,""
2275.188,receiver,af416b39-8b0b-4383-b8fd-ab44d75320e5,RECEIVE,DATA,659,1060,""
2275.191,receiver,af416b39-8b0b-4383-b8fd-ab44d75320e5,OUT_OF_ORDER,DATA,659,0,"arrived before missing sequence=657"
2275.194,receiver,af416b39-8b0b-4383-b8fd-ab44d75320e5,ACCEPT_DATA,DATA,659,1024,"unique file bytes received"
2275.196,receiver,af416b39-8b0b-4383-b8fd-ab44d75320e5,SEND,ACK,659,36,""
2275.200,receiver,af416b39-8b0b-4383-b8fd-ab44d75320e5,RECEIVE,DATA,657,1060,""
2275.203,receiver,af416b39-8b0b-4383-b8fd-ab44d75320e5,ACCEPT_DATA,DATA,657,1024,"unique file bytes received"
2275.205,receiver,af416b39-8b0b-4383-b8fd-ab44d75320e5,SEND,ACK,657,36,""
2275.209,receiver,af416b39-8b0b-4383-b8fd-ab44d75320e5,RECEIVE,DATA,660,1060,""
2275.211,receiver,af416b39-8b0b-4383-b8fd-ab44d75320e5,OUT_OF_ORDER,DATA,660,0,"arrived before missing sequence=658"
2275.214,receiver,af416b39-8b0b-4383-b8fd-ab44d75320e5,ACCEPT_DATA,DATA,660,1024,"unique file bytes received"
2275.216,receiver,af416b39-8b0b-4383-b8fd-ab44d75320e5,SEND,ACK,660,36,""
2275.220,receiver,af416b39-8b0b-4383-b8fd-ab44d75320e5,RECEIVE,DATA,658,1060,""
2275.223,receiver,af416b39-8b0b-4383-b8fd-ab44d75320e5,ACCEPT_DATA,DATA,658,1024,"unique file bytes received"
2275.225,receiver,af416b39-8b0b-4383-b8fd-ab44d75320e5,SEND,ACK,658,36,""
2275.229,receiver,af416b39-8b0b-4383-b8fd-ab44d75320e5,RECEIVE,DATA,666,1060,""
2275.231,receiver,af416b39-8b0b-4383-b8fd-ab44d75320e5,OUT_OF_ORDER,DATA,666,0,"arrived before missing sequence=661"
2275.233,receiver,af416b39-8b0b-4383-b8fd-ab44d75320e5,ACCEPT_DATA,DATA,666,1024,"unique file bytes received"
2275.235,receiver,af416b39-8b0b-4383-b8fd-ab44d75320e5,SEND,ACK,666,36,""
2275.240,receiver,af416b39-8b0b-4383-b8fd-ab44d75320e5,RECEIVE,DATA,661,1060,""
2275.242,receiver,af416b39-8b0b-4383-b8fd-ab44d75320e5,ACCEPT_DATA,DATA,661,1024,"unique file bytes received"
2275.244,receiver,af416b39-8b0b-4383-b8fd-ab44d75320e5,SEND,ACK,661,36,""
2290.321,receiver,af416b39-8b0b-4383-b8fd-ab44d75320e5,EMIT,ACK,667,36,""
2290.350,receiver,af416b39-8b0b-4383-b8fd-ab44d75320e5,EMIT,ACK,653,36,""
2290.360,receiver,af416b39-8b0b-4383-b8fd-ab44d75320e5,EMIT,ACK,656,36,""
2290.371,receiver,af416b39-8b0b-4383-b8fd-ab44d75320e5,EMIT,ACK,654,36,""
2290.379,receiver,af416b39-8b0b-4383-b8fd-ab44d75320e5,EMIT,ACK,662,36,""
2290.390,receiver,af416b39-8b0b-4383-b8fd-ab44d75320e5,EMIT,ACK,663,36,""
2306.558,receiver,af416b39-8b0b-4383-b8fd-ab44d75320e5,EMIT,ACK,664,36,""
2306.639,receiver,af416b39-8b0b-4383-b8fd-ab44d75320e5,EMIT,ACK,666,36,""
2306.664,receiver,af416b39-8b0b-4383-b8fd-ab44d75320e5,EMIT,ACK,660,36,""
2306.750,receiver,af416b39-8b0b-4383-b8fd-ab44d75320e5,RECEIVE,DATA,672,1060,""
2306.763,receiver,af416b39-8b0b-4383-b8fd-ab44d75320e5,OUT_OF_ORDER,DATA,672,0,"arrived before missing sequence=668"
2306.767,receiver,af416b39-8b0b-4383-b8fd-ab44d75320e5,ACCEPT_DATA,DATA,672,1024,"unique file bytes received"
2306.771,receiver,af416b39-8b0b-4383-b8fd-ab44d75320e5,SEND,ACK,672,36,""
2306.784,receiver,af416b39-8b0b-4383-b8fd-ab44d75320e5,RECEIVE,DATA,676,1060,""
2306.786,receiver,af416b39-8b0b-4383-b8fd-ab44d75320e5,OUT_OF_ORDER,DATA,676,0,"arrived before missing sequence=668"
2306.790,receiver,af416b39-8b0b-4383-b8fd-ab44d75320e5,ACCEPT_DATA,DATA,676,1024,"unique file bytes received"
2306.792,receiver,af416b39-8b0b-4383-b8fd-ab44d75320e5,SEND,ACK,676,36,""
2306.797,receiver,af416b39-8b0b-4383-b8fd-ab44d75320e5,RECEIVE,DATA,678,1060,""
2306.799,receiver,af416b39-8b0b-4383-b8fd-ab44d75320e5,OUT_OF_ORDER,DATA,678,0,"arrived before missing sequence=668"
2306.801,receiver,af416b39-8b0b-4383-b8fd-ab44d75320e5,ACCEPT_DATA,DATA,678,1024,"unique file bytes received"
2306.803,receiver,af416b39-8b0b-4383-b8fd-ab44d75320e5,SEND,ACK,678,36,""
2306.807,receiver,af416b39-8b0b-4383-b8fd-ab44d75320e5,RECEIVE,DATA,680,1060,""
2306.810,receiver,af416b39-8b0b-4383-b8fd-ab44d75320e5,OUT_OF_ORDER,DATA,680,0,"arrived before missing sequence=668"
2306.812,receiver,af416b39-8b0b-4383-b8fd-ab44d75320e5,ACCEPT_DATA,DATA,680,1024,"unique file bytes received"
2306.814,receiver,af416b39-8b0b-4383-b8fd-ab44d75320e5,SEND,ACK,680,36,""
2306.818,receiver,af416b39-8b0b-4383-b8fd-ab44d75320e5,RECEIVE,DATA,679,1060,""
2306.820,receiver,af416b39-8b0b-4383-b8fd-ab44d75320e5,OUT_OF_ORDER,DATA,679,0,"arrived before missing sequence=668"
2306.822,receiver,af416b39-8b0b-4383-b8fd-ab44d75320e5,ACCEPT_DATA,DATA,679,1024,"unique file bytes received"
2306.824,receiver,af416b39-8b0b-4383-b8fd-ab44d75320e5,SEND,ACK,679,36,""
2306.829,receiver,af416b39-8b0b-4383-b8fd-ab44d75320e5,RECEIVE,DATA,675,1060,""
2306.831,receiver,af416b39-8b0b-4383-b8fd-ab44d75320e5,OUT_OF_ORDER,DATA,675,0,"arrived before missing sequence=668"
2306.833,receiver,af416b39-8b0b-4383-b8fd-ab44d75320e5,ACCEPT_DATA,DATA,675,1024,"unique file bytes received"
2306.835,receiver,af416b39-8b0b-4383-b8fd-ab44d75320e5,SEND,ACK,675,36,""
2321.189,receiver,af416b39-8b0b-4383-b8fd-ab44d75320e5,RECEIVE,DATA,682,1060,""
2321.200,receiver,af416b39-8b0b-4383-b8fd-ab44d75320e5,OUT_OF_ORDER,DATA,682,0,"arrived before missing sequence=668"
2321.213,receiver,af416b39-8b0b-4383-b8fd-ab44d75320e5,ACCEPT_DATA,DATA,682,1024,"unique file bytes received"
2321.216,receiver,af416b39-8b0b-4383-b8fd-ab44d75320e5,SEND,ACK,682,36,""
2321.230,receiver,af416b39-8b0b-4383-b8fd-ab44d75320e5,RECEIVE,DATA,674,1060,""
2321.233,receiver,af416b39-8b0b-4383-b8fd-ab44d75320e5,OUT_OF_ORDER,DATA,674,0,"arrived before missing sequence=668"
2321.236,receiver,af416b39-8b0b-4383-b8fd-ab44d75320e5,ACCEPT_DATA,DATA,674,1024,"unique file bytes received"
2321.238,receiver,af416b39-8b0b-4383-b8fd-ab44d75320e5,SEND,ACK,674,36,""
2321.244,receiver,af416b39-8b0b-4383-b8fd-ab44d75320e5,RECEIVE,DATA,684,1060,""
2321.247,receiver,af416b39-8b0b-4383-b8fd-ab44d75320e5,OUT_OF_ORDER,DATA,684,0,"arrived before missing sequence=668"
2321.249,receiver,af416b39-8b0b-4383-b8fd-ab44d75320e5,ACCEPT_DATA,DATA,684,1024,"unique file bytes received"
2321.252,receiver,af416b39-8b0b-4383-b8fd-ab44d75320e5,SEND,ACK,684,36,""
2321.257,receiver,af416b39-8b0b-4383-b8fd-ab44d75320e5,RECEIVE,DATA,673,1060,""
2321.272,receiver,af416b39-8b0b-4383-b8fd-ab44d75320e5,OUT_OF_ORDER,DATA,673,0,"arrived before missing sequence=668"
2321.274,receiver,af416b39-8b0b-4383-b8fd-ab44d75320e5,ACCEPT_DATA,DATA,673,1024,"unique file bytes received"
2321.277,receiver,af416b39-8b0b-4383-b8fd-ab44d75320e5,SEND,ACK,673,36,""
2321.283,receiver,af416b39-8b0b-4383-b8fd-ab44d75320e5,RECEIVE,DATA,681,1060,""
2321.285,receiver,af416b39-8b0b-4383-b8fd-ab44d75320e5,OUT_OF_ORDER,DATA,681,0,"arrived before missing sequence=668"
2321.288,receiver,af416b39-8b0b-4383-b8fd-ab44d75320e5,ACCEPT_DATA,DATA,681,1024,"unique file bytes received"
2321.291,receiver,af416b39-8b0b-4383-b8fd-ab44d75320e5,SEND,ACK,681,36,""
2321.293,receiver,af416b39-8b0b-4383-b8fd-ab44d75320e5,EMIT,ACK,658,36,""
2321.303,receiver,af416b39-8b0b-4383-b8fd-ab44d75320e5,RECEIVE,DATA,686,1060,""
2321.306,receiver,af416b39-8b0b-4383-b8fd-ab44d75320e5,OUT_OF_ORDER,DATA,686,0,"arrived before missing sequence=668"
2321.309,receiver,af416b39-8b0b-4383-b8fd-ab44d75320e5,ACCEPT_DATA,DATA,686,1024,"unique file bytes received"
2321.311,receiver,af416b39-8b0b-4383-b8fd-ab44d75320e5,SEND,ACK,686,36,""
2321.314,receiver,af416b39-8b0b-4383-b8fd-ab44d75320e5,EMIT,ACK,661,36,""
2321.318,receiver,af416b39-8b0b-4383-b8fd-ab44d75320e5,RECEIVE,DATA,669,1060,""
2321.321,receiver,af416b39-8b0b-4383-b8fd-ab44d75320e5,OUT_OF_ORDER,DATA,669,0,"arrived before missing sequence=668"
2321.323,receiver,af416b39-8b0b-4383-b8fd-ab44d75320e5,ACCEPT_DATA,DATA,669,1024,"unique file bytes received"
2321.332,receiver,af416b39-8b0b-4383-b8fd-ab44d75320e5,EMIT,ACK,659,36,""
2321.335,receiver,af416b39-8b0b-4383-b8fd-ab44d75320e5,SEND,ACK,669,36,""
2321.340,receiver,af416b39-8b0b-4383-b8fd-ab44d75320e5,EMIT,ACK,655,36,""
2321.343,receiver,af416b39-8b0b-4383-b8fd-ab44d75320e5,RECEIVE,DATA,671,1060,""
2321.346,receiver,af416b39-8b0b-4383-b8fd-ab44d75320e5,OUT_OF_ORDER,DATA,671,0,"arrived before missing sequence=668"
2321.349,receiver,af416b39-8b0b-4383-b8fd-ab44d75320e5,ACCEPT_DATA,DATA,671,1024,"unique file bytes received"
2321.352,receiver,af416b39-8b0b-4383-b8fd-ab44d75320e5,SEND,ACK,671,36,""
2321.357,receiver,af416b39-8b0b-4383-b8fd-ab44d75320e5,RECEIVE,DATA,668,1060,""
2321.360,receiver,af416b39-8b0b-4383-b8fd-ab44d75320e5,ACCEPT_DATA,DATA,668,1024,"unique file bytes received"
2321.363,receiver,af416b39-8b0b-4383-b8fd-ab44d75320e5,SEND,ACK,668,36,""
2337.143,receiver,af416b39-8b0b-4383-b8fd-ab44d75320e5,EMIT,ACK,657,36,""
2337.220,receiver,af416b39-8b0b-4383-b8fd-ab44d75320e5,RECEIVE,DATA,670,1060,""
2337.285,receiver,af416b39-8b0b-4383-b8fd-ab44d75320e5,EMIT,ACK,678,36,""
2337.294,receiver,af416b39-8b0b-4383-b8fd-ab44d75320e5,ACCEPT_DATA,DATA,670,1024,"unique file bytes received"
2337.302,receiver,af416b39-8b0b-4383-b8fd-ab44d75320e5,SEND,ACK,670,36,""
2337.308,receiver,af416b39-8b0b-4383-b8fd-ab44d75320e5,EMIT,ACK,680,36,""
2337.326,receiver,af416b39-8b0b-4383-b8fd-ab44d75320e5,RECEIVE,DATA,677,1060,""
2337.332,receiver,af416b39-8b0b-4383-b8fd-ab44d75320e5,EMIT,ACK,676,36,""
2337.338,receiver,af416b39-8b0b-4383-b8fd-ab44d75320e5,ACCEPT_DATA,DATA,677,1024,"unique file bytes received"
2337.346,receiver,af416b39-8b0b-4383-b8fd-ab44d75320e5,SEND,ACK,677,36,""
2337.359,receiver,af416b39-8b0b-4383-b8fd-ab44d75320e5,RECEIVE,DATA,683,1060,""
2337.365,receiver,af416b39-8b0b-4383-b8fd-ab44d75320e5,ACCEPT_DATA,DATA,683,1024,"unique file bytes received"
2337.374,receiver,af416b39-8b0b-4383-b8fd-ab44d75320e5,SEND,ACK,683,36,""
2337.385,receiver,af416b39-8b0b-4383-b8fd-ab44d75320e5,RECEIVE,DATA,685,1060,""
2337.391,receiver,af416b39-8b0b-4383-b8fd-ab44d75320e5,ACCEPT_DATA,DATA,685,1024,"unique file bytes received"
2337.396,receiver,af416b39-8b0b-4383-b8fd-ab44d75320e5,SEND,ACK,685,36,""
2351.725,receiver,af416b39-8b0b-4383-b8fd-ab44d75320e5,EMIT,ACK,679,36,""
2351.760,receiver,af416b39-8b0b-4383-b8fd-ab44d75320e5,EMIT,ACK,675,36,""
2351.767,receiver,af416b39-8b0b-4383-b8fd-ab44d75320e5,EMIT,ACK,669,36,""
2351.774,receiver,af416b39-8b0b-4383-b8fd-ab44d75320e5,EMIT,ACK,668,36,""
2351.780,receiver,af416b39-8b0b-4383-b8fd-ab44d75320e5,EMIT,ACK,671,36,""
2367.064,receiver,af416b39-8b0b-4383-b8fd-ab44d75320e5,EMIT,ACK,672,36,""
2367.088,receiver,af416b39-8b0b-4383-b8fd-ab44d75320e5,EMIT,ACK,686,36,""
2367.263,receiver,af416b39-8b0b-4383-b8fd-ab44d75320e5,RECEIVE,DATA,688,1060,""
2367.277,receiver,af416b39-8b0b-4383-b8fd-ab44d75320e5,OUT_OF_ORDER,DATA,688,0,"arrived before missing sequence=687"
2367.314,receiver,af416b39-8b0b-4383-b8fd-ab44d75320e5,ACCEPT_DATA,DATA,688,1024,"unique file bytes received"
2367.318,receiver,af416b39-8b0b-4383-b8fd-ab44d75320e5,SEND,ACK,688,36,""
2367.333,receiver,af416b39-8b0b-4383-b8fd-ab44d75320e5,RECEIVE,DATA,687,1060,""
2367.337,receiver,af416b39-8b0b-4383-b8fd-ab44d75320e5,ACCEPT_DATA,DATA,687,1024,"unique file bytes received"
2367.340,receiver,af416b39-8b0b-4383-b8fd-ab44d75320e5,SEND,ACK,687,36,""
2367.346,receiver,af416b39-8b0b-4383-b8fd-ab44d75320e5,RECEIVE,DATA,699,1060,""
2367.349,receiver,af416b39-8b0b-4383-b8fd-ab44d75320e5,OUT_OF_ORDER,DATA,699,0,"arrived before missing sequence=689"
2367.351,receiver,af416b39-8b0b-4383-b8fd-ab44d75320e5,ACCEPT_DATA,DATA,699,1024,"unique file bytes received"
2367.354,receiver,af416b39-8b0b-4383-b8fd-ab44d75320e5,SEND,ACK,699,36,""
2367.360,receiver,af416b39-8b0b-4383-b8fd-ab44d75320e5,RECEIVE,DATA,691,1060,""
2367.363,receiver,af416b39-8b0b-4383-b8fd-ab44d75320e5,OUT_OF_ORDER,DATA,691,0,"arrived before missing sequence=689"
2367.366,receiver,af416b39-8b0b-4383-b8fd-ab44d75320e5,ACCEPT_DATA,DATA,691,1024,"unique file bytes received"
2367.368,receiver,af416b39-8b0b-4383-b8fd-ab44d75320e5,SEND,ACK,691,36,""
2367.379,receiver,af416b39-8b0b-4383-b8fd-ab44d75320e5,RECEIVE,DATA,694,1060,""
2367.382,receiver,af416b39-8b0b-4383-b8fd-ab44d75320e5,OUT_OF_ORDER,DATA,694,0,"arrived before missing sequence=689"
2367.384,receiver,af416b39-8b0b-4383-b8fd-ab44d75320e5,ACCEPT_DATA,DATA,694,1024,"unique file bytes received"
2367.386,receiver,af416b39-8b0b-4383-b8fd-ab44d75320e5,SEND,ACK,694,36,""
2367.390,receiver,af416b39-8b0b-4383-b8fd-ab44d75320e5,RECEIVE,DATA,690,1060,""
2367.393,receiver,af416b39-8b0b-4383-b8fd-ab44d75320e5,OUT_OF_ORDER,DATA,690,0,"arrived before missing sequence=689"
2367.395,receiver,af416b39-8b0b-4383-b8fd-ab44d75320e5,ACCEPT_DATA,DATA,690,1024,"unique file bytes received"
2367.397,receiver,af416b39-8b0b-4383-b8fd-ab44d75320e5,SEND,ACK,690,36,""
2367.401,receiver,af416b39-8b0b-4383-b8fd-ab44d75320e5,RECEIVE,DATA,698,1060,""
2367.403,receiver,af416b39-8b0b-4383-b8fd-ab44d75320e5,OUT_OF_ORDER,DATA,698,0,"arrived before missing sequence=689"
2367.405,receiver,af416b39-8b0b-4383-b8fd-ab44d75320e5,ACCEPT_DATA,DATA,698,1024,"unique file bytes received"
2367.407,receiver,af416b39-8b0b-4383-b8fd-ab44d75320e5,SEND,ACK,698,36,""
2382.077,receiver,af416b39-8b0b-4383-b8fd-ab44d75320e5,EMIT,ACK,681,36,""
2382.101,receiver,af416b39-8b0b-4383-b8fd-ab44d75320e5,RECEIVE,DATA,689,1060,""
2382.110,receiver,af416b39-8b0b-4383-b8fd-ab44d75320e5,EMIT,ACK,685,36,""
2382.127,receiver,af416b39-8b0b-4383-b8fd-ab44d75320e5,ACCEPT_DATA,DATA,689,1024,"unique file bytes received"
2382.131,receiver,af416b39-8b0b-4383-b8fd-ab44d75320e5,SEND,ACK,689,36,""
2382.134,receiver,af416b39-8b0b-4383-b8fd-ab44d75320e5,EMIT,ACK,684,36,""
2382.145,receiver,af416b39-8b0b-4383-b8fd-ab44d75320e5,EMIT,ACK,682,36,""
2382.149,receiver,af416b39-8b0b-4383-b8fd-ab44d75320e5,RECEIVE,DATA,692,1060,""
2382.152,receiver,af416b39-8b0b-4383-b8fd-ab44d75320e5,ACCEPT_DATA,DATA,692,1024,"unique file bytes received"
2382.155,receiver,af416b39-8b0b-4383-b8fd-ab44d75320e5,EMIT,ACK,674,36,""
2382.159,receiver,af416b39-8b0b-4383-b8fd-ab44d75320e5,SEND,ACK,692,36,""
2382.164,receiver,af416b39-8b0b-4383-b8fd-ab44d75320e5,EMIT,ACK,673,36,""
2382.168,receiver,af416b39-8b0b-4383-b8fd-ab44d75320e5,RECEIVE,DATA,696,1060,""
2382.171,receiver,af416b39-8b0b-4383-b8fd-ab44d75320e5,OUT_OF_ORDER,DATA,696,0,"arrived before missing sequence=693"
2382.175,receiver,af416b39-8b0b-4383-b8fd-ab44d75320e5,EMIT,ACK,670,36,""
2382.178,receiver,af416b39-8b0b-4383-b8fd-ab44d75320e5,ACCEPT_DATA,DATA,696,1024,"unique file bytes received"
2382.181,receiver,af416b39-8b0b-4383-b8fd-ab44d75320e5,SEND,ACK,696,36,""
2382.196,receiver,af416b39-8b0b-4383-b8fd-ab44d75320e5,EMIT,ACK,677,36,""
2382.200,receiver,af416b39-8b0b-4383-b8fd-ab44d75320e5,RECEIVE,DATA,695,1060,""
2382.203,receiver,af416b39-8b0b-4383-b8fd-ab44d75320e5,OUT_OF_ORDER,DATA,695,0,"arrived before missing sequence=693"
2382.206,receiver,af416b39-8b0b-4383-b8fd-ab44d75320e5,ACCEPT_DATA,DATA,695,1024,"unique file bytes received"
2382.209,receiver,af416b39-8b0b-4383-b8fd-ab44d75320e5,SEND,ACK,695,36,""
2398.065,receiver,af416b39-8b0b-4383-b8fd-ab44d75320e5,EMIT,ACK,683,36,""
2398.099,receiver,af416b39-8b0b-4383-b8fd-ab44d75320e5,EMIT,ACK,688,36,""
2398.110,receiver,af416b39-8b0b-4383-b8fd-ab44d75320e5,EMIT,ACK,691,36,""
2398.311,receiver,af416b39-8b0b-4383-b8fd-ab44d75320e5,RECEIVE,DATA,693,1060,""
2398.351,receiver,af416b39-8b0b-4383-b8fd-ab44d75320e5,ACCEPT_DATA,DATA,693,1024,"unique file bytes received"
2398.362,receiver,af416b39-8b0b-4383-b8fd-ab44d75320e5,SEND,ACK,693,36,""
2398.390,receiver,af416b39-8b0b-4383-b8fd-ab44d75320e5,RECEIVE,DATA,700,1060,""
2398.393,receiver,af416b39-8b0b-4383-b8fd-ab44d75320e5,OUT_OF_ORDER,DATA,700,0,"arrived before missing sequence=697"
2398.396,receiver,af416b39-8b0b-4383-b8fd-ab44d75320e5,ACCEPT_DATA,DATA,700,1024,"unique file bytes received"
2398.399,receiver,af416b39-8b0b-4383-b8fd-ab44d75320e5,SEND,ACK,700,36,""
2398.405,receiver,af416b39-8b0b-4383-b8fd-ab44d75320e5,RECEIVE,DATA,697,1060,""
2398.408,receiver,af416b39-8b0b-4383-b8fd-ab44d75320e5,ACCEPT_DATA,DATA,697,1024,"unique file bytes received"
2398.410,receiver,af416b39-8b0b-4383-b8fd-ab44d75320e5,SEND,ACK,697,36,""
2398.416,receiver,af416b39-8b0b-4383-b8fd-ab44d75320e5,RECEIVE,DATA,701,1060,""
2398.419,receiver,af416b39-8b0b-4383-b8fd-ab44d75320e5,ACCEPT_DATA,DATA,701,1024,"unique file bytes received"
2398.421,receiver,af416b39-8b0b-4383-b8fd-ab44d75320e5,SEND,ACK,701,36,""
2414.149,receiver,af416b39-8b0b-4383-b8fd-ab44d75320e5,EMIT,ACK,698,36,""
2414.187,receiver,af416b39-8b0b-4383-b8fd-ab44d75320e5,EMIT,ACK,699,36,""
2414.203,receiver,af416b39-8b0b-4383-b8fd-ab44d75320e5,EMIT,ACK,696,36,""
2414.221,receiver,af416b39-8b0b-4383-b8fd-ab44d75320e5,EMIT,ACK,694,36,""
2414.234,receiver,af416b39-8b0b-4383-b8fd-ab44d75320e5,EMIT,ACK,695,36,""
2414.448,receiver,af416b39-8b0b-4383-b8fd-ab44d75320e5,RECEIVE,DATA,708,1060,""
2414.498,receiver,af416b39-8b0b-4383-b8fd-ab44d75320e5,OUT_OF_ORDER,DATA,708,0,"arrived before missing sequence=702"
2414.514,receiver,af416b39-8b0b-4383-b8fd-ab44d75320e5,ACCEPT_DATA,DATA,708,1024,"unique file bytes received"
2414.527,receiver,af416b39-8b0b-4383-b8fd-ab44d75320e5,SEND,ACK,708,36,""
2414.559,receiver,af416b39-8b0b-4383-b8fd-ab44d75320e5,RECEIVE,DATA,703,1060,""
2414.563,receiver,af416b39-8b0b-4383-b8fd-ab44d75320e5,OUT_OF_ORDER,DATA,703,0,"arrived before missing sequence=702"
2414.565,receiver,af416b39-8b0b-4383-b8fd-ab44d75320e5,ACCEPT_DATA,DATA,703,1024,"unique file bytes received"
2414.567,receiver,af416b39-8b0b-4383-b8fd-ab44d75320e5,SEND,ACK,703,36,""
2414.572,receiver,af416b39-8b0b-4383-b8fd-ab44d75320e5,RECEIVE,DATA,710,1060,""
2414.575,receiver,af416b39-8b0b-4383-b8fd-ab44d75320e5,OUT_OF_ORDER,DATA,710,0,"arrived before missing sequence=702"
2414.577,receiver,af416b39-8b0b-4383-b8fd-ab44d75320e5,ACCEPT_DATA,DATA,710,1024,"unique file bytes received"
2414.579,receiver,af416b39-8b0b-4383-b8fd-ab44d75320e5,SEND,ACK,710,36,""
2429.708,receiver,af416b39-8b0b-4383-b8fd-ab44d75320e5,EMIT,ACK,687,36,""
2429.731,receiver,af416b39-8b0b-4383-b8fd-ab44d75320e5,RECEIVE,DATA,711,1060,""
2429.749,receiver,af416b39-8b0b-4383-b8fd-ab44d75320e5,EMIT,ACK,690,36,""
2429.757,receiver,af416b39-8b0b-4383-b8fd-ab44d75320e5,OUT_OF_ORDER,DATA,711,0,"arrived before missing sequence=702"
2429.765,receiver,af416b39-8b0b-4383-b8fd-ab44d75320e5,ACCEPT_DATA,DATA,711,1024,"unique file bytes received"
2429.772,receiver,af416b39-8b0b-4383-b8fd-ab44d75320e5,EMIT,ACK,692,36,""
2429.781,receiver,af416b39-8b0b-4383-b8fd-ab44d75320e5,SEND,ACK,711,36,""
2429.794,receiver,af416b39-8b0b-4383-b8fd-ab44d75320e5,EMIT,ACK,689,36,""
2429.807,receiver,af416b39-8b0b-4383-b8fd-ab44d75320e5,RECEIVE,DATA,709,1060,""
2429.814,receiver,af416b39-8b0b-4383-b8fd-ab44d75320e5,OUT_OF_ORDER,DATA,709,0,"arrived before missing sequence=702"
2429.820,receiver,af416b39-8b0b-4383-b8fd-ab44d75320e5,ACCEPT_DATA,DATA,709,1024,"unique file bytes received"
2429.885,receiver,af416b39-8b0b-4383-b8fd-ab44d75320e5,SEND,ACK,709,36,""
2429.898,receiver,af416b39-8b0b-4383-b8fd-ab44d75320e5,RECEIVE,DATA,706,1060,""
2429.904,receiver,af416b39-8b0b-4383-b8fd-ab44d75320e5,OUT_OF_ORDER,DATA,706,0,"arrived before missing sequence=702"
2429.910,receiver,af416b39-8b0b-4383-b8fd-ab44d75320e5,ACCEPT_DATA,DATA,706,1024,"unique file bytes received"
2429.915,receiver,af416b39-8b0b-4383-b8fd-ab44d75320e5,SEND,ACK,706,36,""
2429.926,receiver,af416b39-8b0b-4383-b8fd-ab44d75320e5,RECEIVE,DATA,712,1060,""
2429.932,receiver,af416b39-8b0b-4383-b8fd-ab44d75320e5,OUT_OF_ORDER,DATA,712,0,"arrived before missing sequence=702"
2429.937,receiver,af416b39-8b0b-4383-b8fd-ab44d75320e5,ACCEPT_DATA,DATA,712,1024,"unique file bytes received"
2429.942,receiver,af416b39-8b0b-4383-b8fd-ab44d75320e5,SEND,ACK,712,36,""
2429.953,receiver,af416b39-8b0b-4383-b8fd-ab44d75320e5,RECEIVE,DATA,705,1060,""
2429.959,receiver,af416b39-8b0b-4383-b8fd-ab44d75320e5,OUT_OF_ORDER,DATA,705,0,"arrived before missing sequence=702"
2429.964,receiver,af416b39-8b0b-4383-b8fd-ab44d75320e5,ACCEPT_DATA,DATA,705,1024,"unique file bytes received"
2429.969,receiver,af416b39-8b0b-4383-b8fd-ab44d75320e5,SEND,ACK,705,36,""
2429.980,receiver,af416b39-8b0b-4383-b8fd-ab44d75320e5,RECEIVE,DATA,718,1060,""
2429.986,receiver,af416b39-8b0b-4383-b8fd-ab44d75320e5,OUT_OF_ORDER,DATA,718,0,"arrived before missing sequence=702"
2429.991,receiver,af416b39-8b0b-4383-b8fd-ab44d75320e5,ACCEPT_DATA,DATA,718,1024,"unique file bytes received"
2429.996,receiver,af416b39-8b0b-4383-b8fd-ab44d75320e5,SEND,ACK,718,36,""
2430.007,receiver,af416b39-8b0b-4383-b8fd-ab44d75320e5,RECEIVE,DATA,713,1060,""
2430.013,receiver,af416b39-8b0b-4383-b8fd-ab44d75320e5,OUT_OF_ORDER,DATA,713,0,"arrived before missing sequence=702"
2430.018,receiver,af416b39-8b0b-4383-b8fd-ab44d75320e5,ACCEPT_DATA,DATA,713,1024,"unique file bytes received"
2430.023,receiver,af416b39-8b0b-4383-b8fd-ab44d75320e5,SEND,ACK,713,36,""
2430.033,receiver,af416b39-8b0b-4383-b8fd-ab44d75320e5,RECEIVE,DATA,704,1060,""
2430.040,receiver,af416b39-8b0b-4383-b8fd-ab44d75320e5,OUT_OF_ORDER,DATA,704,0,"arrived before missing sequence=702"
2430.045,receiver,af416b39-8b0b-4383-b8fd-ab44d75320e5,ACCEPT_DATA,DATA,704,1024,"unique file bytes received"
2430.050,receiver,af416b39-8b0b-4383-b8fd-ab44d75320e5,SEND,ACK,704,36,""
2445.342,receiver,af416b39-8b0b-4383-b8fd-ab44d75320e5,EMIT,ACK,697,36,""
2445.440,receiver,af416b39-8b0b-4383-b8fd-ab44d75320e5,EMIT,ACK,693,36,""
2445.476,receiver,af416b39-8b0b-4383-b8fd-ab44d75320e5,EMIT,ACK,700,36,""
2445.664,receiver,af416b39-8b0b-4383-b8fd-ab44d75320e5,RECEIVE,DATA,702,1060,""
2445.676,receiver,af416b39-8b0b-4383-b8fd-ab44d75320e5,ACCEPT_DATA,DATA,702,1024,"unique file bytes received"
2445.680,receiver,af416b39-8b0b-4383-b8fd-ab44d75320e5,SEND,ACK,702,36,""
2445.695,receiver,af416b39-8b0b-4383-b8fd-ab44d75320e5,RECEIVE,DATA,715,1060,""
2445.699,receiver,af416b39-8b0b-4383-b8fd-ab44d75320e5,OUT_OF_ORDER,DATA,715,0,"arrived before missing sequence=707"
2445.702,receiver,af416b39-8b0b-4383-b8fd-ab44d75320e5,ACCEPT_DATA,DATA,715,1024,"unique file bytes received"
2445.704,receiver,af416b39-8b0b-4383-b8fd-ab44d75320e5,SEND,ACK,715,36,""
2445.714,receiver,af416b39-8b0b-4383-b8fd-ab44d75320e5,RECEIVE,DATA,707,1060,""
2445.716,receiver,af416b39-8b0b-4383-b8fd-ab44d75320e5,ACCEPT_DATA,DATA,707,1024,"unique file bytes received"
2445.719,receiver,af416b39-8b0b-4383-b8fd-ab44d75320e5,SEND,ACK,707,36,""
2445.723,receiver,af416b39-8b0b-4383-b8fd-ab44d75320e5,RECEIVE,DATA,714,1060,""
2445.726,receiver,af416b39-8b0b-4383-b8fd-ab44d75320e5,ACCEPT_DATA,DATA,714,1024,"unique file bytes received"
2445.728,receiver,af416b39-8b0b-4383-b8fd-ab44d75320e5,SEND,ACK,714,36,""
2445.733,receiver,af416b39-8b0b-4383-b8fd-ab44d75320e5,RECEIVE,DATA,717,1060,""
2445.736,receiver,af416b39-8b0b-4383-b8fd-ab44d75320e5,OUT_OF_ORDER,DATA,717,0,"arrived before missing sequence=716"
2445.738,receiver,af416b39-8b0b-4383-b8fd-ab44d75320e5,ACCEPT_DATA,DATA,717,1024,"unique file bytes received"
2445.740,receiver,af416b39-8b0b-4383-b8fd-ab44d75320e5,SEND,ACK,717,36,""
2460.744,receiver,af416b39-8b0b-4383-b8fd-ab44d75320e5,EMIT,ACK,701,36,""
2460.779,receiver,af416b39-8b0b-4383-b8fd-ab44d75320e5,EMIT,ACK,708,36,""
2460.790,receiver,af416b39-8b0b-4383-b8fd-ab44d75320e5,RECEIVE,DATA,716,1060,""
2460.801,receiver,af416b39-8b0b-4383-b8fd-ab44d75320e5,EMIT,ACK,711,36,""
2460.806,receiver,af416b39-8b0b-4383-b8fd-ab44d75320e5,ACCEPT_DATA,DATA,716,1024,"unique file bytes received"
2460.811,receiver,af416b39-8b0b-4383-b8fd-ab44d75320e5,SEND,ACK,716,36,""
2460.815,receiver,af416b39-8b0b-4383-b8fd-ab44d75320e5,EMIT,ACK,710,36,""
2460.825,receiver,af416b39-8b0b-4383-b8fd-ab44d75320e5,EMIT,ACK,705,36,""
2460.829,receiver,af416b39-8b0b-4383-b8fd-ab44d75320e5,RECEIVE,DATA,722,1060,""
2460.833,receiver,af416b39-8b0b-4383-b8fd-ab44d75320e5,OUT_OF_ORDER,DATA,722,0,"arrived before missing sequence=719"
2460.836,receiver,af416b39-8b0b-4383-b8fd-ab44d75320e5,EMIT,ACK,713,36,""
2460.839,receiver,af416b39-8b0b-4383-b8fd-ab44d75320e5,ACCEPT_DATA,DATA,722,1024,"unique file bytes received"
2460.842,receiver,af416b39-8b0b-4383-b8fd-ab44d75320e5,SEND,ACK,722,36,""
2460.845,receiver,af416b39-8b0b-4383-b8fd-ab44d75320e5,EMIT,ACK,703,36,""
2460.849,receiver,af416b39-8b0b-4383-b8fd-ab44d75320e5,RECEIVE,DATA,724,1060,""
2460.852,receiver,af416b39-8b0b-4383-b8fd-ab44d75320e5,OUT_OF_ORDER,DATA,724,0,"arrived before missing sequence=719"
2460.855,receiver,af416b39-8b0b-4383-b8fd-ab44d75320e5,ACCEPT_DATA,DATA,724,1024,"unique file bytes received"
2460.858,receiver,af416b39-8b0b-4383-b8fd-ab44d75320e5,SEND,ACK,724,36,""
2460.864,receiver,af416b39-8b0b-4383-b8fd-ab44d75320e5,RECEIVE,DATA,719,1060,""
2460.867,receiver,af416b39-8b0b-4383-b8fd-ab44d75320e5,ACCEPT_DATA,DATA,719,1024,"unique file bytes received"
2460.870,receiver,af416b39-8b0b-4383-b8fd-ab44d75320e5,SEND,ACK,719,36,""
2476.494,receiver,af416b39-8b0b-4383-b8fd-ab44d75320e5,EMIT,ACK,718,36,""
2476.526,receiver,af416b39-8b0b-4383-b8fd-ab44d75320e5,EMIT,ACK,714,36,""
2476.532,receiver,af416b39-8b0b-4383-b8fd-ab44d75320e5,RECEIVE,DATA,720,1060,""
2476.540,receiver,af416b39-8b0b-4383-b8fd-ab44d75320e5,EMIT,ACK,709,36,""
2476.556,receiver,af416b39-8b0b-4383-b8fd-ab44d75320e5,ACCEPT_DATA,DATA,720,1024,"unique file bytes received"
2476.564,receiver,af416b39-8b0b-4383-b8fd-ab44d75320e5,SEND,ACK,720,36,""
2476.567,receiver,af416b39-8b0b-4383-b8fd-ab44d75320e5,EMIT,ACK,717,36,""
2476.575,receiver,af416b39-8b0b-4383-b8fd-ab44d75320e5,EMIT,ACK,706,36,""
2476.580,receiver,af416b39-8b0b-4383-b8fd-ab44d75320e5,RECEIVE,DATA,721,1060,""
2476.583,receiver,af416b39-8b0b-4383-b8fd-ab44d75320e5,ACCEPT_DATA,DATA,721,1024,"unique file bytes received"
2476.586,receiver,af416b39-8b0b-4383-b8fd-ab44d75320e5,SEND,ACK,721,36,""
2476.591,receiver,af416b39-8b0b-4383-b8fd-ab44d75320e5,RECEIVE,DATA,723,1060,""
2476.594,receiver,af416b39-8b0b-4383-b8fd-ab44d75320e5,ACCEPT_DATA,DATA,723,1024,"unique file bytes received"
2476.597,receiver,af416b39-8b0b-4383-b8fd-ab44d75320e5,SEND,ACK,723,36,""
2493.122,receiver,af416b39-8b0b-4383-b8fd-ab44d75320e5,EMIT,ACK,704,36,""
2493.228,receiver,af416b39-8b0b-4383-b8fd-ab44d75320e5,RECEIVE,DATA,731,1060,""
2493.291,receiver,af416b39-8b0b-4383-b8fd-ab44d75320e5,EMIT,ACK,712,36,""
2493.300,receiver,af416b39-8b0b-4383-b8fd-ab44d75320e5,EMIT,ACK,722,36,""
2493.304,receiver,af416b39-8b0b-4383-b8fd-ab44d75320e5,OUT_OF_ORDER,DATA,731,0,"arrived before missing sequence=725"
2493.324,receiver,af416b39-8b0b-4383-b8fd-ab44d75320e5,EMIT,ACK,702,36,""
2493.327,receiver,af416b39-8b0b-4383-b8fd-ab44d75320e5,ACCEPT_DATA,DATA,731,1024,"unique file bytes received"
2493.334,receiver,af416b39-8b0b-4383-b8fd-ab44d75320e5,EMIT,ACK,707,36,""
2493.338,receiver,af416b39-8b0b-4383-b8fd-ab44d75320e5,SEND,ACK,731,36,""
2493.344,receiver,af416b39-8b0b-4383-b8fd-ab44d75320e5,EMIT,ACK,715,36,""
2493.373,receiver,af416b39-8b0b-4383-b8fd-ab44d75320e5,RECEIVE,DATA,728,1060,""
2493.386,receiver,af416b39-8b0b-4383-b8fd-ab44d75320e5,OUT_OF_ORDER,DATA,728,0,"arrived before missing sequence=725"
2493.452,receiver,af416b39-8b0b-4383-b8fd-ab44d75320e5,ACCEPT_DATA,DATA,728,1024,"unique file bytes received"
2493.460,receiver,af416b39-8b0b-4383-b8fd-ab44d75320e5,SEND,ACK,728,36,""
2493.481,receiver,af416b39-8b0b-4383-b8fd-ab44d75320e5,RECEIVE,DATA,732,1060,""
2493.491,receiver,af416b39-8b0b-4383-b8fd-ab44d75320e5,OUT_OF_ORDER,DATA,732,0,"arrived before missing sequence=725"
2493.497,receiver,af416b39-8b0b-4383-b8fd-ab44d75320e5,ACCEPT_DATA,DATA,732,1024,"unique file bytes received"
2493.510,receiver,af416b39-8b0b-4383-b8fd-ab44d75320e5,SEND,ACK,732,36,""
2493.525,receiver,af416b39-8b0b-4383-b8fd-ab44d75320e5,RECEIVE,DATA,726,1060,""
2493.532,receiver,af416b39-8b0b-4383-b8fd-ab44d75320e5,OUT_OF_ORDER,DATA,726,0,"arrived before missing sequence=725"
2493.538,receiver,af416b39-8b0b-4383-b8fd-ab44d75320e5,ACCEPT_DATA,DATA,726,1024,"unique file bytes received"
2493.549,receiver,af416b39-8b0b-4383-b8fd-ab44d75320e5,SEND,ACK,726,36,""
2493.570,receiver,af416b39-8b0b-4383-b8fd-ab44d75320e5,RECEIVE,DATA,725,1060,""
2493.578,receiver,af416b39-8b0b-4383-b8fd-ab44d75320e5,ACCEPT_DATA,DATA,725,1024,"unique file bytes received"
2493.585,receiver,af416b39-8b0b-4383-b8fd-ab44d75320e5,SEND,ACK,725,36,""
2493.598,receiver,af416b39-8b0b-4383-b8fd-ab44d75320e5,RECEIVE,DATA,727,1060,""
2493.606,receiver,af416b39-8b0b-4383-b8fd-ab44d75320e5,ACCEPT_DATA,DATA,727,1024,"unique file bytes received"
2493.612,receiver,af416b39-8b0b-4383-b8fd-ab44d75320e5,SEND,ACK,727,36,""
2508.414,receiver,af416b39-8b0b-4383-b8fd-ab44d75320e5,EMIT,ACK,719,36,""
2508.445,receiver,af416b39-8b0b-4383-b8fd-ab44d75320e5,EMIT,ACK,724,36,""
2508.457,receiver,af416b39-8b0b-4383-b8fd-ab44d75320e5,EMIT,ACK,716,36,""
2508.466,receiver,af416b39-8b0b-4383-b8fd-ab44d75320e5,RECEIVE,DATA,729,1060,""
2508.475,receiver,af416b39-8b0b-4383-b8fd-ab44d75320e5,EMIT,ACK,720,36,""
2508.479,receiver,af416b39-8b0b-4383-b8fd-ab44d75320e5,ACCEPT_DATA,DATA,729,1024,"unique file bytes received"
2508.484,receiver,af416b39-8b0b-4383-b8fd-ab44d75320e5,SEND,ACK,729,36,""
2508.502,receiver,af416b39-8b0b-4383-b8fd-ab44d75320e5,RECEIVE,DATA,730,1060,""
2508.505,receiver,af416b39-8b0b-4383-b8fd-ab44d75320e5,ACCEPT_DATA,DATA,730,1024,"unique file bytes received"
2508.508,receiver,af416b39-8b0b-4383-b8fd-ab44d75320e5,SEND,ACK,730,36,""
2524.494,receiver,af416b39-8b0b-4383-b8fd-ab44d75320e5,EMIT,ACK,721,36,""
2524.531,receiver,af416b39-8b0b-4383-b8fd-ab44d75320e5,EMIT,ACK,723,36,""
2524.675,receiver,af416b39-8b0b-4383-b8fd-ab44d75320e5,RECEIVE,DATA,733,1060,""
2524.708,receiver,af416b39-8b0b-4383-b8fd-ab44d75320e5,ACCEPT_DATA,DATA,733,1024,"unique file bytes received"
2524.712,receiver,af416b39-8b0b-4383-b8fd-ab44d75320e5,SEND,ACK,733,36,""
2524.726,receiver,af416b39-8b0b-4383-b8fd-ab44d75320e5,RECEIVE,DATA,740,1060,""
2524.730,receiver,af416b39-8b0b-4383-b8fd-ab44d75320e5,OUT_OF_ORDER,DATA,740,0,"arrived before missing sequence=734"
2524.733,receiver,af416b39-8b0b-4383-b8fd-ab44d75320e5,ACCEPT_DATA,DATA,740,1024,"unique file bytes received"
2524.736,receiver,af416b39-8b0b-4383-b8fd-ab44d75320e5,SEND,ACK,740,36,""
2524.742,receiver,af416b39-8b0b-4383-b8fd-ab44d75320e5,RECEIVE,DATA,738,1060,""
2524.745,receiver,af416b39-8b0b-4383-b8fd-ab44d75320e5,OUT_OF_ORDER,DATA,738,0,"arrived before missing sequence=734"
2524.748,receiver,af416b39-8b0b-4383-b8fd-ab44d75320e5,ACCEPT_DATA,DATA,738,1024,"unique file bytes received"
2524.750,receiver,af416b39-8b0b-4383-b8fd-ab44d75320e5,SEND,ACK,738,36,""
2524.755,receiver,af416b39-8b0b-4383-b8fd-ab44d75320e5,RECEIVE,DATA,744,1060,""
2524.759,receiver,af416b39-8b0b-4383-b8fd-ab44d75320e5,OUT_OF_ORDER,DATA,744,0,"arrived before missing sequence=734"
2524.762,receiver,af416b39-8b0b-4383-b8fd-ab44d75320e5,ACCEPT_DATA,DATA,744,1024,"unique file bytes received"
2524.777,receiver,af416b39-8b0b-4383-b8fd-ab44d75320e5,SEND,ACK,744,36,""
2524.785,receiver,af416b39-8b0b-4383-b8fd-ab44d75320e5,RECEIVE,DATA,746,1060,""
2524.787,receiver,af416b39-8b0b-4383-b8fd-ab44d75320e5,OUT_OF_ORDER,DATA,746,0,"arrived before missing sequence=734"
2524.790,receiver,af416b39-8b0b-4383-b8fd-ab44d75320e5,ACCEPT_DATA,DATA,746,1024,"unique file bytes received"
2524.792,receiver,af416b39-8b0b-4383-b8fd-ab44d75320e5,SEND,ACK,746,36,""
2524.796,receiver,af416b39-8b0b-4383-b8fd-ab44d75320e5,RECEIVE,DATA,737,1060,""
2524.799,receiver,af416b39-8b0b-4383-b8fd-ab44d75320e5,OUT_OF_ORDER,DATA,737,0,"arrived before missing sequence=734"
2524.801,receiver,af416b39-8b0b-4383-b8fd-ab44d75320e5,ACCEPT_DATA,DATA,737,1024,"unique file bytes received"
2524.804,receiver,af416b39-8b0b-4383-b8fd-ab44d75320e5,SEND,ACK,737,36,""
2540.627,receiver,af416b39-8b0b-4383-b8fd-ab44d75320e5,EMIT,ACK,725,36,""
2540.653,receiver,af416b39-8b0b-4383-b8fd-ab44d75320e5,EMIT,ACK,726,36,""
2540.661,receiver,af416b39-8b0b-4383-b8fd-ab44d75320e5,EMIT,ACK,729,36,""
2540.668,receiver,af416b39-8b0b-4383-b8fd-ab44d75320e5,EMIT,ACK,728,36,""
2540.674,receiver,af416b39-8b0b-4383-b8fd-ab44d75320e5,EMIT,ACK,731,36,""
2540.680,receiver,af416b39-8b0b-4383-b8fd-ab44d75320e5,EMIT,ACK,727,36,""
2541.063,receiver,af416b39-8b0b-4383-b8fd-ab44d75320e5,RECEIVE,DATA,745,1060,""
2541.074,receiver,af416b39-8b0b-4383-b8fd-ab44d75320e5,OUT_OF_ORDER,DATA,745,0,"arrived before missing sequence=734"
2541.097,receiver,af416b39-8b0b-4383-b8fd-ab44d75320e5,ACCEPT_DATA,DATA,745,1024,"unique file bytes received"
2541.114,receiver,af416b39-8b0b-4383-b8fd-ab44d75320e5,SEND,ACK,745,36,""
2541.124,receiver,af416b39-8b0b-4383-b8fd-ab44d75320e5,RECEIVE,DATA,742,1060,""
2541.127,receiver,af416b39-8b0b-4383-b8fd-ab44d75320e5,OUT_OF_ORDER,DATA,742,0,"arrived before missing sequence=734"
2541.129,receiver,af416b39-8b0b-4383-b8fd-ab44d75320e5,ACCEPT_DATA,DATA,742,1024,"unique file bytes received"
2541.131,receiver,af416b39-8b0b-4383-b8fd-ab44d75320e5,SEND,ACK,742,36,""
2541.135,receiver,af416b39-8b0b-4383-b8fd-ab44d75320e5,RECEIVE,DATA,747,1060,""
2541.137,receiver,af416b39-8b0b-4383-b8fd-ab44d75320e5,OUT_OF_ORDER,DATA,747,0,"arrived before missing sequence=734"
2541.139,receiver,af416b39-8b0b-4383-b8fd-ab44d75320e5,ACCEPT_DATA,DATA,747,1024,"unique file bytes received"
2541.141,receiver,af416b39-8b0b-4383-b8fd-ab44d75320e5,SEND,ACK,747,36,""
2541.145,receiver,af416b39-8b0b-4383-b8fd-ab44d75320e5,RECEIVE,DATA,752,1060,""
2541.147,receiver,af416b39-8b0b-4383-b8fd-ab44d75320e5,OUT_OF_ORDER,DATA,752,0,"arrived before missing sequence=734"
2541.149,receiver,af416b39-8b0b-4383-b8fd-ab44d75320e5,ACCEPT_DATA,DATA,752,1024,"unique file bytes received"
2541.151,receiver,af416b39-8b0b-4383-b8fd-ab44d75320e5,SEND,ACK,752,36,""
2541.155,receiver,af416b39-8b0b-4383-b8fd-ab44d75320e5,RECEIVE,DATA,743,1060,""
2541.157,receiver,af416b39-8b0b-4383-b8fd-ab44d75320e5,OUT_OF_ORDER,DATA,743,0,"arrived before missing sequence=734"
2541.160,receiver,af416b39-8b0b-4383-b8fd-ab44d75320e5,ACCEPT_DATA,DATA,743,1024,"unique file bytes received"
2541.162,receiver,af416b39-8b0b-4383-b8fd-ab44d75320e5,SEND,ACK,743,36,""
2541.172,receiver,af416b39-8b0b-4383-b8fd-ab44d75320e5,RECEIVE,DATA,736,1060,""
2541.175,receiver,af416b39-8b0b-4383-b8fd-ab44d75320e5,OUT_OF_ORDER,DATA,736,0,"arrived before missing sequence=734"
2541.177,receiver,af416b39-8b0b-4383-b8fd-ab44d75320e5,ACCEPT_DATA,DATA,736,1024,"unique file bytes received"
2541.179,receiver,af416b39-8b0b-4383-b8fd-ab44d75320e5,SEND,ACK,736,36,""
2556.473,receiver,af416b39-8b0b-4383-b8fd-ab44d75320e5,EMIT,ACK,732,36,""
2556.497,receiver,af416b39-8b0b-4383-b8fd-ab44d75320e5,EMIT,ACK,738,36,""
2556.507,receiver,af416b39-8b0b-4383-b8fd-ab44d75320e5,EMIT,ACK,733,36,""
2556.516,receiver,af416b39-8b0b-4383-b8fd-ab44d75320e5,EMIT,ACK,737,36,""
2556.525,receiver,af416b39-8b0b-4383-b8fd-ab44d75320e5,EMIT,ACK,730,36,""
2556.879,receiver,af416b39-8b0b-4383-b8fd-ab44d75320e5,RECEIVE,DATA,751,1060,""
2556.936,receiver,af416b39-8b0b-4383-b8fd-ab44d75320e5,OUT_OF_ORDER,DATA,751,0,"arrived before missing sequence=734"
2556.941,receiver,af416b39-8b0b-4383-b8fd-ab44d75320e5,ACCEPT_DATA,DATA,751,1024,"unique file bytes received"
2556.977,receiver,af416b39-8b0b-4383-b8fd-ab44d75320e5,SEND,ACK,751,36,""
2556.994,receiver,af416b39-8b0b-4383-b8fd-ab44d75320e5,RECEIVE,DATA,734,1060,""
2556.998,receiver,af416b39-8b0b-4383-b8fd-ab44d75320e5,ACCEPT_DATA,DATA,734,1024,"unique file bytes received"
2557.001,receiver,af416b39-8b0b-4383-b8fd-ab44d75320e5,SEND,ACK,734,36,""
2557.011,receiver,af416b39-8b0b-4383-b8fd-ab44d75320e5,RECEIVE,DATA,735,1060,""
2557.014,receiver,af416b39-8b0b-4383-b8fd-ab44d75320e5,ACCEPT_DATA,DATA,735,1024,"unique file bytes received"
2557.017,receiver,af416b39-8b0b-4383-b8fd-ab44d75320e5,SEND,ACK,735,36,""
2557.023,receiver,af416b39-8b0b-4383-b8fd-ab44d75320e5,RECEIVE,DATA,741,1060,""
2557.027,receiver,af416b39-8b0b-4383-b8fd-ab44d75320e5,OUT_OF_ORDER,DATA,741,0,"arrived before missing sequence=739"
2557.030,receiver,af416b39-8b0b-4383-b8fd-ab44d75320e5,ACCEPT_DATA,DATA,741,1024,"unique file bytes received"
2557.032,receiver,af416b39-8b0b-4383-b8fd-ab44d75320e5,SEND,ACK,741,36,""
2557.038,receiver,af416b39-8b0b-4383-b8fd-ab44d75320e5,RECEIVE,DATA,739,1060,""
2557.042,receiver,af416b39-8b0b-4383-b8fd-ab44d75320e5,ACCEPT_DATA,DATA,739,1024,"unique file bytes received"
2557.045,receiver,af416b39-8b0b-4383-b8fd-ab44d75320e5,SEND,ACK,739,36,""
2557.051,receiver,af416b39-8b0b-4383-b8fd-ab44d75320e5,RECEIVE,DATA,749,1060,""
2557.054,receiver,af416b39-8b0b-4383-b8fd-ab44d75320e5,OUT_OF_ORDER,DATA,749,0,"arrived before missing sequence=748"
2557.057,receiver,af416b39-8b0b-4383-b8fd-ab44d75320e5,ACCEPT_DATA,DATA,749,1024,"unique file bytes received"
2557.059,receiver,af416b39-8b0b-4383-b8fd-ab44d75320e5,SEND,ACK,749,36,""
2557.065,receiver,af416b39-8b0b-4383-b8fd-ab44d75320e5,RECEIVE,DATA,750,1060,""
2557.071,receiver,af416b39-8b0b-4383-b8fd-ab44d75320e5,OUT_OF_ORDER,DATA,750,0,"arrived before missing sequence=748"
2557.074,receiver,af416b39-8b0b-4383-b8fd-ab44d75320e5,ACCEPT_DATA,DATA,750,1024,"unique file bytes received"
2557.077,receiver,af416b39-8b0b-4383-b8fd-ab44d75320e5,SEND,ACK,750,36,""
2557.083,receiver,af416b39-8b0b-4383-b8fd-ab44d75320e5,RECEIVE,DATA,748,1060,""
2557.087,receiver,af416b39-8b0b-4383-b8fd-ab44d75320e5,ACCEPT_DATA,DATA,748,1024,"unique file bytes received"
2557.089,receiver,af416b39-8b0b-4383-b8fd-ab44d75320e5,SEND,ACK,748,36,""
2572.784,receiver,af416b39-8b0b-4383-b8fd-ab44d75320e5,EMIT,ACK,746,36,""
2572.829,receiver,af416b39-8b0b-4383-b8fd-ab44d75320e5,EMIT,ACK,752,36,""
2572.845,receiver,af416b39-8b0b-4383-b8fd-ab44d75320e5,EMIT,ACK,744,36,""
2572.860,receiver,af416b39-8b0b-4383-b8fd-ab44d75320e5,EMIT,ACK,742,36,""
2572.874,receiver,af416b39-8b0b-4383-b8fd-ab44d75320e5,EMIT,ACK,740,36,""
2572.889,receiver,af416b39-8b0b-4383-b8fd-ab44d75320e5,EMIT,ACK,743,36,""
2573.562,receiver,af416b39-8b0b-4383-b8fd-ab44d75320e5,RECEIVE,DATA,754,1060,""
2573.582,receiver,af416b39-8b0b-4383-b8fd-ab44d75320e5,OUT_OF_ORDER,DATA,754,0,"arrived before missing sequence=753"
2573.588,receiver,af416b39-8b0b-4383-b8fd-ab44d75320e5,ACCEPT_DATA,DATA,754,1024,"unique file bytes received"
2573.593,receiver,af416b39-8b0b-4383-b8fd-ab44d75320e5,SEND,ACK,754,36,""
2573.619,receiver,af416b39-8b0b-4383-b8fd-ab44d75320e5,RECEIVE,DATA,753,1060,""
2573.625,receiver,af416b39-8b0b-4383-b8fd-ab44d75320e5,ACCEPT_DATA,DATA,753,1024,"unique file bytes received"
2573.629,receiver,af416b39-8b0b-4383-b8fd-ab44d75320e5,SEND,ACK,753,36,""
2573.638,receiver,af416b39-8b0b-4383-b8fd-ab44d75320e5,RECEIVE,DATA,758,1060,""
2573.643,receiver,af416b39-8b0b-4383-b8fd-ab44d75320e5,OUT_OF_ORDER,DATA,758,0,"arrived before missing sequence=755"
2573.647,receiver,af416b39-8b0b-4383-b8fd-ab44d75320e5,ACCEPT_DATA,DATA,758,1024,"unique file bytes received"
2573.651,receiver,af416b39-8b0b-4383-b8fd-ab44d75320e5,SEND,ACK,758,36,""
2573.659,receiver,af416b39-8b0b-4383-b8fd-ab44d75320e5,RECEIVE,DATA,759,1060,""
2573.664,receiver,af416b39-8b0b-4383-b8fd-ab44d75320e5,OUT_OF_ORDER,DATA,759,0,"arrived before missing sequence=755"
2573.668,receiver,af416b39-8b0b-4383-b8fd-ab44d75320e5,ACCEPT_DATA,DATA,759,1024,"unique file bytes received"
2573.679,receiver,af416b39-8b0b-4383-b8fd-ab44d75320e5,SEND,ACK,759,36,""
2573.691,receiver,af416b39-8b0b-4383-b8fd-ab44d75320e5,RECEIVE,DATA,755,1060,""
2573.696,receiver,af416b39-8b0b-4383-b8fd-ab44d75320e5,ACCEPT_DATA,DATA,755,1024,"unique file bytes received"
2573.700,receiver,af416b39-8b0b-4383-b8fd-ab44d75320e5,SEND,ACK,755,36,""
2588.430,receiver,af416b39-8b0b-4383-b8fd-ab44d75320e5,EMIT,ACK,745,36,""
2588.459,receiver,af416b39-8b0b-4383-b8fd-ab44d75320e5,EMIT,ACK,748,36,""
2588.471,receiver,af416b39-8b0b-4383-b8fd-ab44d75320e5,EMIT,ACK,741,36,""
2588.480,receiver,af416b39-8b0b-4383-b8fd-ab44d75320e5,RECEIVE,DATA,756,1060,""
2588.523,receiver,af416b39-8b0b-4383-b8fd-ab44d75320e5,EMIT,ACK,736,36,""
2588.526,receiver,af416b39-8b0b-4383-b8fd-ab44d75320e5,ACCEPT_DATA,DATA,756,1024,"unique file bytes received"
2588.532,receiver,af416b39-8b0b-4383-b8fd-ab44d75320e5,SEND,ACK,756,36,""
2588.535,receiver,af416b39-8b0b-4383-b8fd-ab44d75320e5,EMIT,ACK,747,36,""
2588.553,receiver,af416b39-8b0b-4383-b8fd-ab44d75320e5,RECEIVE,DATA,757,1060,""
2588.557,receiver,af416b39-8b0b-4383-b8fd-ab44d75320e5,ACCEPT_DATA,DATA,757,1024,"unique file bytes received"
2588.560,receiver,af416b39-8b0b-4383-b8fd-ab44d75320e5,SEND,ACK,757,36,""
2588.566,receiver,af416b39-8b0b-4383-b8fd-ab44d75320e5,RECEIVE,DATA,764,1060,""
2588.570,receiver,af416b39-8b0b-4383-b8fd-ab44d75320e5,OUT_OF_ORDER,DATA,764,0,"arrived before missing sequence=760"
2588.572,receiver,af416b39-8b0b-4383-b8fd-ab44d75320e5,ACCEPT_DATA,DATA,764,1024,"unique file bytes received"
2588.575,receiver,af416b39-8b0b-4383-b8fd-ab44d75320e5,SEND,ACK,764,36,""
2588.581,receiver,af416b39-8b0b-4383-b8fd-ab44d75320e5,RECEIVE,DATA,763,1060,""
2588.584,receiver,af416b39-8b0b-4383-b8fd-ab44d75320e5,OUT_OF_ORDER,DATA,763,0,"arrived before missing sequence=760"
2588.586,receiver,af416b39-8b0b-4383-b8fd-ab44d75320e5,ACCEPT_DATA,DATA,763,1024,"unique file bytes received"
2588.589,receiver,af416b39-8b0b-4383-b8fd-ab44d75320e5,SEND,ACK,763,36,""
2588.594,receiver,af416b39-8b0b-4383-b8fd-ab44d75320e5,RECEIVE,DATA,761,1060,""
2588.597,receiver,af416b39-8b0b-4383-b8fd-ab44d75320e5,OUT_OF_ORDER,DATA,761,0,"arrived before missing sequence=760"
2588.600,receiver,af416b39-8b0b-4383-b8fd-ab44d75320e5,ACCEPT_DATA,DATA,761,1024,"unique file bytes received"
2588.602,receiver,af416b39-8b0b-4383-b8fd-ab44d75320e5,SEND,ACK,761,36,""
2604.111,receiver,af416b39-8b0b-4383-b8fd-ab44d75320e5,EMIT,ACK,735,36,""
2604.195,receiver,af416b39-8b0b-4383-b8fd-ab44d75320e5,EMIT,ACK,734,36,""
2604.207,receiver,af416b39-8b0b-4383-b8fd-ab44d75320e5,EMIT,ACK,753,36,""
2604.217,receiver,af416b39-8b0b-4383-b8fd-ab44d75320e5,EMIT,ACK,739,36,""
2604.227,receiver,af416b39-8b0b-4383-b8fd-ab44d75320e5,EMIT,ACK,754,36,""
2604.242,receiver,af416b39-8b0b-4383-b8fd-ab44d75320e5,EMIT,ACK,751,36,""
2604.274,receiver,af416b39-8b0b-4383-b8fd-ab44d75320e5,RECEIVE,DATA,760,1060,""
2604.288,receiver,af416b39-8b0b-4383-b8fd-ab44d75320e5,ACCEPT_DATA,DATA,760,1024,"unique file bytes received"
2604.292,receiver,af416b39-8b0b-4383-b8fd-ab44d75320e5,SEND,ACK,760,36,""
2604.308,receiver,af416b39-8b0b-4383-b8fd-ab44d75320e5,RECEIVE,DATA,762,1060,""
2604.311,receiver,af416b39-8b0b-4383-b8fd-ab44d75320e5,ACCEPT_DATA,DATA,762,1024,"unique file bytes received"
2604.314,receiver,af416b39-8b0b-4383-b8fd-ab44d75320e5,SEND,ACK,762,36,""
2604.328,receiver,af416b39-8b0b-4383-b8fd-ab44d75320e5,RECEIVE,DATA,765,1060,""
2604.331,receiver,af416b39-8b0b-4383-b8fd-ab44d75320e5,ACCEPT_DATA,DATA,765,1024,"unique file bytes received"
2604.334,receiver,af416b39-8b0b-4383-b8fd-ab44d75320e5,SEND,ACK,765,36,""
2619.488,receiver,af416b39-8b0b-4383-b8fd-ab44d75320e5,EMIT,ACK,749,36,""
2619.582,receiver,af416b39-8b0b-4383-b8fd-ab44d75320e5,EMIT,ACK,750,36,""
2634.864,receiver,af416b39-8b0b-4383-b8fd-ab44d75320e5,EMIT,ACK,758,36,""
2634.888,receiver,af416b39-8b0b-4383-b8fd-ab44d75320e5,RECEIVE,DATA,776,1060,""
2634.898,receiver,af416b39-8b0b-4383-b8fd-ab44d75320e5,EMIT,ACK,759,36,""
2634.903,receiver,af416b39-8b0b-4383-b8fd-ab44d75320e5,OUT_OF_ORDER,DATA,776,0,"arrived before missing sequence=766"
2634.967,receiver,af416b39-8b0b-4383-b8fd-ab44d75320e5,ACCEPT_DATA,DATA,776,1024,"unique file bytes received"
2634.971,receiver,af416b39-8b0b-4383-b8fd-ab44d75320e5,SEND,ACK,776,36,""
2635.165,receiver,af416b39-8b0b-4383-b8fd-ab44d75320e5,EMIT,ACK,755,36,""
2635.202,receiver,af416b39-8b0b-4383-b8fd-ab44d75320e5,EMIT,ACK,761,36,""
2635.214,receiver,af416b39-8b0b-4383-b8fd-ab44d75320e5,EMIT,ACK,757,36,""
2635.221,receiver,af416b39-8b0b-4383-b8fd-ab44d75320e5,EMIT,ACK,760,36,""
2635.227,receiver,af416b39-8b0b-4383-b8fd-ab44d75320e5,EMIT,ACK,764,36,""
2635.234,receiver,af416b39-8b0b-4383-b8fd-ab44d75320e5,EMIT,ACK,763,36,""
2635.240,receiver,af416b39-8b0b-4383-b8fd-ab44d75320e5,EMIT,ACK,762,36,""
2651.495,receiver,af416b39-8b0b-4383-b8fd-ab44d75320e5,RECEIVE,DATA,771,1060,""
2651.531,receiver,af416b39-8b0b-4383-b8fd-ab44d75320e5,OUT_OF_ORDER,DATA,771,0,"arrived before missing sequence=766"
2651.535,receiver,af416b39-8b0b-4383-b8fd-ab44d75320e5,ACCEPT_DATA,DATA,771,1024,"unique file bytes received"
2651.538,receiver,af416b39-8b0b-4383-b8fd-ab44d75320e5,SEND,ACK,771,36,""
2651.641,receiver,af416b39-8b0b-4383-b8fd-ab44d75320e5,EMIT,ACK,756,36,""
2651.883,receiver,af416b39-8b0b-4383-b8fd-ab44d75320e5,RECEIVE,DATA,770,1060,""
2651.910,receiver,af416b39-8b0b-4383-b8fd-ab44d75320e5,OUT_OF_ORDER,DATA,770,0,"arrived before missing sequence=766"
2651.920,receiver,af416b39-8b0b-4383-b8fd-ab44d75320e5,ACCEPT_DATA,DATA,770,1024,"unique file bytes received"
2651.922,receiver,af416b39-8b0b-4383-b8fd-ab44d75320e5,SEND,ACK,770,36,""
2651.931,receiver,af416b39-8b0b-4383-b8fd-ab44d75320e5,RECEIVE,DATA,766,1060,""
2651.934,receiver,af416b39-8b0b-4383-b8fd-ab44d75320e5,ACCEPT_DATA,DATA,766,1024,"unique file bytes received"
2651.936,receiver,af416b39-8b0b-4383-b8fd-ab44d75320e5,SEND,ACK,766,36,""
2651.940,receiver,af416b39-8b0b-4383-b8fd-ab44d75320e5,RECEIVE,DATA,773,1060,""
2651.942,receiver,af416b39-8b0b-4383-b8fd-ab44d75320e5,OUT_OF_ORDER,DATA,773,0,"arrived before missing sequence=767"
2651.944,receiver,af416b39-8b0b-4383-b8fd-ab44d75320e5,ACCEPT_DATA,DATA,773,1024,"unique file bytes received"
2651.945,receiver,af416b39-8b0b-4383-b8fd-ab44d75320e5,SEND,ACK,773,36,""
2651.949,receiver,af416b39-8b0b-4383-b8fd-ab44d75320e5,RECEIVE,DATA,768,1060,""
2651.951,receiver,af416b39-8b0b-4383-b8fd-ab44d75320e5,OUT_OF_ORDER,DATA,768,0,"arrived before missing sequence=767"
2651.953,receiver,af416b39-8b0b-4383-b8fd-ab44d75320e5,ACCEPT_DATA,DATA,768,1024,"unique file bytes received"
2651.955,receiver,af416b39-8b0b-4383-b8fd-ab44d75320e5,SEND,ACK,768,36,""
2651.960,receiver,af416b39-8b0b-4383-b8fd-ab44d75320e5,RECEIVE,DATA,779,1060,""
2651.963,receiver,af416b39-8b0b-4383-b8fd-ab44d75320e5,OUT_OF_ORDER,DATA,779,0,"arrived before missing sequence=767"
2651.965,receiver,af416b39-8b0b-4383-b8fd-ab44d75320e5,ACCEPT_DATA,DATA,779,1024,"unique file bytes received"
2651.966,receiver,af416b39-8b0b-4383-b8fd-ab44d75320e5,SEND,ACK,779,36,""
2651.971,receiver,af416b39-8b0b-4383-b8fd-ab44d75320e5,RECEIVE,DATA,775,1060,""
2651.976,receiver,af416b39-8b0b-4383-b8fd-ab44d75320e5,OUT_OF_ORDER,DATA,775,0,"arrived before missing sequence=767"
2651.978,receiver,af416b39-8b0b-4383-b8fd-ab44d75320e5,ACCEPT_DATA,DATA,775,1024,"unique file bytes received"
2651.980,receiver,af416b39-8b0b-4383-b8fd-ab44d75320e5,SEND,ACK,775,36,""
2651.986,receiver,af416b39-8b0b-4383-b8fd-ab44d75320e5,RECEIVE,DATA,780,1060,""
2651.988,receiver,af416b39-8b0b-4383-b8fd-ab44d75320e5,OUT_OF_ORDER,DATA,780,0,"arrived before missing sequence=767"
2651.990,receiver,af416b39-8b0b-4383-b8fd-ab44d75320e5,ACCEPT_DATA,DATA,780,1024,"unique file bytes received"
2651.992,receiver,af416b39-8b0b-4383-b8fd-ab44d75320e5,SEND,ACK,780,36,""
2651.996,receiver,af416b39-8b0b-4383-b8fd-ab44d75320e5,RECEIVE,DATA,767,1060,""
2651.998,receiver,af416b39-8b0b-4383-b8fd-ab44d75320e5,ACCEPT_DATA,DATA,767,1024,"unique file bytes received"
2652.000,receiver,af416b39-8b0b-4383-b8fd-ab44d75320e5,SEND,ACK,767,36,""
2652.008,receiver,af416b39-8b0b-4383-b8fd-ab44d75320e5,RECEIVE,DATA,782,1060,""
2652.011,receiver,af416b39-8b0b-4383-b8fd-ab44d75320e5,OUT_OF_ORDER,DATA,782,0,"arrived before missing sequence=769"
2652.013,receiver,af416b39-8b0b-4383-b8fd-ab44d75320e5,ACCEPT_DATA,DATA,782,1024,"unique file bytes received"
2652.015,receiver,af416b39-8b0b-4383-b8fd-ab44d75320e5,SEND,ACK,782,36,""
2652.020,receiver,af416b39-8b0b-4383-b8fd-ab44d75320e5,RECEIVE,DATA,772,1060,""
2652.022,receiver,af416b39-8b0b-4383-b8fd-ab44d75320e5,OUT_OF_ORDER,DATA,772,0,"arrived before missing sequence=769"
2652.024,receiver,af416b39-8b0b-4383-b8fd-ab44d75320e5,ACCEPT_DATA,DATA,772,1024,"unique file bytes received"
2652.027,receiver,af416b39-8b0b-4383-b8fd-ab44d75320e5,SEND,ACK,772,36,""
2652.033,receiver,af416b39-8b0b-4383-b8fd-ab44d75320e5,RECEIVE,DATA,774,1060,""
2652.036,receiver,af416b39-8b0b-4383-b8fd-ab44d75320e5,OUT_OF_ORDER,DATA,774,0,"arrived before missing sequence=769"
2652.037,receiver,af416b39-8b0b-4383-b8fd-ab44d75320e5,ACCEPT_DATA,DATA,774,1024,"unique file bytes received"
2652.039,receiver,af416b39-8b0b-4383-b8fd-ab44d75320e5,SEND,ACK,774,36,""
2652.045,receiver,af416b39-8b0b-4383-b8fd-ab44d75320e5,RECEIVE,DATA,781,1060,""
2652.049,receiver,af416b39-8b0b-4383-b8fd-ab44d75320e5,OUT_OF_ORDER,DATA,781,0,"arrived before missing sequence=769"
2652.050,receiver,af416b39-8b0b-4383-b8fd-ab44d75320e5,ACCEPT_DATA,DATA,781,1024,"unique file bytes received"
2652.052,receiver,af416b39-8b0b-4383-b8fd-ab44d75320e5,SEND,ACK,781,36,""
2652.057,receiver,af416b39-8b0b-4383-b8fd-ab44d75320e5,RECEIVE,DATA,785,1060,""
2652.059,receiver,af416b39-8b0b-4383-b8fd-ab44d75320e5,OUT_OF_ORDER,DATA,785,0,"arrived before missing sequence=769"
2652.061,receiver,af416b39-8b0b-4383-b8fd-ab44d75320e5,ACCEPT_DATA,DATA,785,1024,"unique file bytes received"
2652.063,receiver,af416b39-8b0b-4383-b8fd-ab44d75320e5,SEND,ACK,785,36,""
2652.071,receiver,af416b39-8b0b-4383-b8fd-ab44d75320e5,RECEIVE,DATA,786,1060,""
2652.074,receiver,af416b39-8b0b-4383-b8fd-ab44d75320e5,OUT_OF_ORDER,DATA,786,0,"arrived before missing sequence=769"
2652.076,receiver,af416b39-8b0b-4383-b8fd-ab44d75320e5,ACCEPT_DATA,DATA,786,1024,"unique file bytes received"
2652.077,receiver,af416b39-8b0b-4383-b8fd-ab44d75320e5,SEND,ACK,786,36,""
2652.085,receiver,af416b39-8b0b-4383-b8fd-ab44d75320e5,RECEIVE,DATA,778,1060,""
2652.088,receiver,af416b39-8b0b-4383-b8fd-ab44d75320e5,OUT_OF_ORDER,DATA,778,0,"arrived before missing sequence=769"
2652.090,receiver,af416b39-8b0b-4383-b8fd-ab44d75320e5,ACCEPT_DATA,DATA,778,1024,"unique file bytes received"
2652.092,receiver,af416b39-8b0b-4383-b8fd-ab44d75320e5,SEND,ACK,778,36,""
2666.224,receiver,af416b39-8b0b-4383-b8fd-ab44d75320e5,EMIT,ACK,765,36,""
2666.278,receiver,af416b39-8b0b-4383-b8fd-ab44d75320e5,RECEIVE,DATA,769,1060,""
2666.309,receiver,af416b39-8b0b-4383-b8fd-ab44d75320e5,ACCEPT_DATA,DATA,769,1024,"unique file bytes received"
2666.321,receiver,af416b39-8b0b-4383-b8fd-ab44d75320e5,SEND,ACK,769,36,""
2666.361,receiver,af416b39-8b0b-4383-b8fd-ab44d75320e5,RECEIVE,DATA,777,1060,""
2666.373,receiver,af416b39-8b0b-4383-b8fd-ab44d75320e5,ACCEPT_DATA,DATA,777,1024,"unique file bytes received"
2666.382,receiver,af416b39-8b0b-4383-b8fd-ab44d75320e5,SEND,ACK,777,36,""
2666.404,receiver,af416b39-8b0b-4383-b8fd-ab44d75320e5,RECEIVE,DATA,784,1060,""
2666.415,receiver,af416b39-8b0b-4383-b8fd-ab44d75320e5,OUT_OF_ORDER,DATA,784,0,"arrived before missing sequence=783"
2666.424,receiver,af416b39-8b0b-4383-b8fd-ab44d75320e5,ACCEPT_DATA,DATA,784,1024,"unique file bytes received"
2666.431,receiver,af416b39-8b0b-4383-b8fd-ab44d75320e5,SEND,ACK,784,36,""
2682.701,receiver,af416b39-8b0b-4383-b8fd-ab44d75320e5,EMIT,ACK,776,36,""
2682.722,receiver,af416b39-8b0b-4383-b8fd-ab44d75320e5,EMIT,ACK,772,36,""
2682.731,receiver,af416b39-8b0b-4383-b8fd-ab44d75320e5,EMIT,ACK,779,36,""
2682.741,receiver,af416b39-8b0b-4383-b8fd-ab44d75320e5,EMIT,ACK,782,36,""
2682.749,receiver,af416b39-8b0b-4383-b8fd-ab44d75320e5,EMIT,ACK,771,36,""
2682.917,receiver,af416b39-8b0b-4383-b8fd-ab44d75320e5,RECEIVE,DATA,783,1060,""
2682.972,receiver,af416b39-8b0b-4383-b8fd-ab44d75320e5,ACCEPT_DATA,DATA,783,1024,"unique file bytes received"
2682.990,receiver,af416b39-8b0b-4383-b8fd-ab44d75320e5,SEND,ACK,783,36,""
2683.007,receiver,af416b39-8b0b-4383-b8fd-ab44d75320e5,RECEIVE,DATA,787,1060,""
2683.012,receiver,af416b39-8b0b-4383-b8fd-ab44d75320e5,ACCEPT_DATA,DATA,787,1024,"unique file bytes received"
2683.016,receiver,af416b39-8b0b-4383-b8fd-ab44d75320e5,SEND,ACK,787,36,""
2698.239,receiver,af416b39-8b0b-4383-b8fd-ab44d75320e5,EMIT,ACK,786,36,""
2698.270,receiver,af416b39-8b0b-4383-b8fd-ab44d75320e5,EMIT,ACK,778,36,""
2698.282,receiver,af416b39-8b0b-4383-b8fd-ab44d75320e5,EMIT,ACK,770,36,""
2698.294,receiver,af416b39-8b0b-4383-b8fd-ab44d75320e5,EMIT,ACK,775,36,""
2698.304,receiver,af416b39-8b0b-4383-b8fd-ab44d75320e5,EMIT,ACK,768,36,""
2698.316,receiver,af416b39-8b0b-4383-b8fd-ab44d75320e5,EMIT,ACK,785,36,""
2698.336,receiver,af416b39-8b0b-4383-b8fd-ab44d75320e5,EMIT,ACK,766,36,""
2698.346,receiver,af416b39-8b0b-4383-b8fd-ab44d75320e5,EMIT,ACK,781,36,""
2698.357,receiver,af416b39-8b0b-4383-b8fd-ab44d75320e5,EMIT,ACK,784,36,""
2698.367,receiver,af416b39-8b0b-4383-b8fd-ab44d75320e5,EMIT,ACK,767,36,""
2698.384,receiver,af416b39-8b0b-4383-b8fd-ab44d75320e5,EMIT,ACK,774,36,""
2698.392,receiver,af416b39-8b0b-4383-b8fd-ab44d75320e5,RECEIVE,DATA,792,1060,""
2698.414,receiver,af416b39-8b0b-4383-b8fd-ab44d75320e5,OUT_OF_ORDER,DATA,792,0,"arrived before missing sequence=788"
2698.422,receiver,af416b39-8b0b-4383-b8fd-ab44d75320e5,ACCEPT_DATA,DATA,792,1024,"unique file bytes received"
2698.463,receiver,af416b39-8b0b-4383-b8fd-ab44d75320e5,SEND,ACK,792,36,""
2698.529,receiver,af416b39-8b0b-4383-b8fd-ab44d75320e5,RECEIVE,DATA,789,1060,""
2698.543,receiver,af416b39-8b0b-4383-b8fd-ab44d75320e5,OUT_OF_ORDER,DATA,789,0,"arrived before missing sequence=788"
2698.552,receiver,af416b39-8b0b-4383-b8fd-ab44d75320e5,ACCEPT_DATA,DATA,789,1024,"unique file bytes received"
2698.560,receiver,af416b39-8b0b-4383-b8fd-ab44d75320e5,SEND,ACK,789,36,""
2698.578,receiver,af416b39-8b0b-4383-b8fd-ab44d75320e5,RECEIVE,DATA,793,1060,""
2698.587,receiver,af416b39-8b0b-4383-b8fd-ab44d75320e5,OUT_OF_ORDER,DATA,793,0,"arrived before missing sequence=788"
2698.594,receiver,af416b39-8b0b-4383-b8fd-ab44d75320e5,ACCEPT_DATA,DATA,793,1024,"unique file bytes received"
2698.602,receiver,af416b39-8b0b-4383-b8fd-ab44d75320e5,SEND,ACK,793,36,""
2698.616,receiver,af416b39-8b0b-4383-b8fd-ab44d75320e5,RECEIVE,DATA,788,1060,""
2698.625,receiver,af416b39-8b0b-4383-b8fd-ab44d75320e5,ACCEPT_DATA,DATA,788,1024,"unique file bytes received"
2698.637,receiver,af416b39-8b0b-4383-b8fd-ab44d75320e5,SEND,ACK,788,36,""
2698.651,receiver,af416b39-8b0b-4383-b8fd-ab44d75320e5,RECEIVE,DATA,796,1060,""
2698.659,receiver,af416b39-8b0b-4383-b8fd-ab44d75320e5,OUT_OF_ORDER,DATA,796,0,"arrived before missing sequence=790"
2698.666,receiver,af416b39-8b0b-4383-b8fd-ab44d75320e5,ACCEPT_DATA,DATA,796,1024,"unique file bytes received"
2698.673,receiver,af416b39-8b0b-4383-b8fd-ab44d75320e5,SEND,ACK,796,36,""
2698.687,receiver,af416b39-8b0b-4383-b8fd-ab44d75320e5,RECEIVE,DATA,795,1060,""
2698.696,receiver,af416b39-8b0b-4383-b8fd-ab44d75320e5,OUT_OF_ORDER,DATA,795,0,"arrived before missing sequence=790"
2698.703,receiver,af416b39-8b0b-4383-b8fd-ab44d75320e5,ACCEPT_DATA,DATA,795,1024,"unique file bytes received"
2698.709,receiver,af416b39-8b0b-4383-b8fd-ab44d75320e5,SEND,ACK,795,36,""
2713.598,receiver,af416b39-8b0b-4383-b8fd-ab44d75320e5,RECEIVE,DATA,790,1060,""
2713.610,receiver,af416b39-8b0b-4383-b8fd-ab44d75320e5,ACCEPT_DATA,DATA,790,1024,"unique file bytes received"
2713.613,receiver,af416b39-8b0b-4383-b8fd-ab44d75320e5,SEND,ACK,790,36,""
2713.655,receiver,af416b39-8b0b-4383-b8fd-ab44d75320e5,RECEIVE,DATA,794,1060,""
2713.659,receiver,af416b39-8b0b-4383-b8fd-ab44d75320e5,OUT_OF_ORDER,DATA,794,0,"arrived before missing sequence=791"
2713.662,receiver,af416b39-8b0b-4383-b8fd-ab44d75320e5,ACCEPT_DATA,DATA,794,1024,"unique file bytes received"
2713.665,receiver,af416b39-8b0b-4383-b8fd-ab44d75320e5,SEND,ACK,794,36,""
2713.671,receiver,af416b39-8b0b-4383-b8fd-ab44d75320e5,RECEIVE,DATA,791,1060,""
2713.674,receiver,af416b39-8b0b-4383-b8fd-ab44d75320e5,ACCEPT_DATA,DATA,791,1024,"unique file bytes received"
2713.677,receiver,af416b39-8b0b-4383-b8fd-ab44d75320e5,SEND,ACK,791,36,""
2713.897,receiver,af416b39-8b0b-4383-b8fd-ab44d75320e5,EMIT,ACK,773,36,""
2713.927,receiver,af416b39-8b0b-4383-b8fd-ab44d75320e5,EMIT,ACK,780,36,""
2713.962,receiver,af416b39-8b0b-4383-b8fd-ab44d75320e5,EMIT,ACK,769,36,""
2713.998,receiver,af416b39-8b0b-4383-b8fd-ab44d75320e5,EMIT,ACK,777,36,""
2714.070,receiver,af416b39-8b0b-4383-b8fd-ab44d75320e5,EMIT,ACK,783,36,""
2714.117,receiver,af416b39-8b0b-4383-b8fd-ab44d75320e5,EMIT,ACK,787,36,""
2729.455,receiver,af416b39-8b0b-4383-b8fd-ab44d75320e5,RECEIVE,DATA,797,1060,""
2729.488,receiver,af416b39-8b0b-4383-b8fd-ab44d75320e5,ACCEPT_DATA,DATA,797,1024,"unique file bytes received"
2729.493,receiver,af416b39-8b0b-4383-b8fd-ab44d75320e5,SEND,ACK,797,36,""
2729.511,receiver,af416b39-8b0b-4383-b8fd-ab44d75320e5,RECEIVE,DATA,798,1060,""
2729.514,receiver,af416b39-8b0b-4383-b8fd-ab44d75320e5,ACCEPT_DATA,DATA,798,1024,"unique file bytes received"
2729.517,receiver,af416b39-8b0b-4383-b8fd-ab44d75320e5,SEND,ACK,798,36,""
2745.356,receiver,af416b39-8b0b-4383-b8fd-ab44d75320e5,EMIT,ACK,792,36,""
2745.441,receiver,af416b39-8b0b-4383-b8fd-ab44d75320e5,EMIT,ACK,789,36,""
2745.450,receiver,af416b39-8b0b-4383-b8fd-ab44d75320e5,EMIT,ACK,793,36,""
2745.457,receiver,af416b39-8b0b-4383-b8fd-ab44d75320e5,EMIT,ACK,796,36,""
2745.465,receiver,af416b39-8b0b-4383-b8fd-ab44d75320e5,EMIT,ACK,795,36,""
2745.473,receiver,af416b39-8b0b-4383-b8fd-ab44d75320e5,EMIT,ACK,788,36,""
2745.495,receiver,af416b39-8b0b-4383-b8fd-ab44d75320e5,RECEIVE,DATA,809,1060,""
2745.501,receiver,af416b39-8b0b-4383-b8fd-ab44d75320e5,OUT_OF_ORDER,DATA,809,0,"arrived before missing sequence=799"
2745.504,receiver,af416b39-8b0b-4383-b8fd-ab44d75320e5,ACCEPT_DATA,DATA,809,1024,"unique file bytes received"
2745.506,receiver,af416b39-8b0b-4383-b8fd-ab44d75320e5,SEND,ACK,809,36,""
2745.525,receiver,af416b39-8b0b-4383-b8fd-ab44d75320e5,RECEIVE,DATA,804,1060,""
2745.528,receiver,af416b39-8b0b-4383-b8fd-ab44d75320e5,OUT_OF_ORDER,DATA,804,0,"arrived before missing sequence=799"
2745.530,receiver,af416b39-8b0b-4383-b8fd-ab44d75320e5,ACCEPT_DATA,DATA,804,1024,"unique file bytes received"
2745.532,receiver,af416b39-8b0b-4383-b8fd-ab44d75320e5,SEND,ACK,804,36,""
2745.537,receiver,af416b39-8b0b-4383-b8fd-ab44d75320e5,RECEIVE,DATA,802,1060,""
2745.539,receiver,af416b39-8b0b-4383-b8fd-ab44d75320e5,OUT_OF_ORDER,DATA,802,0,"arrived before missing sequence=799"
2745.543,receiver,af416b39-8b0b-4383-b8fd-ab44d75320e5,ACCEPT_DATA,DATA,802,1024,"unique file bytes received"
2745.545,receiver,af416b39-8b0b-4383-b8fd-ab44d75320e5,SEND,ACK,802,36,""
2745.550,receiver,af416b39-8b0b-4383-b8fd-ab44d75320e5,RECEIVE,DATA,805,1060,""
2745.553,receiver,af416b39-8b0b-4383-b8fd-ab44d75320e5,OUT_OF_ORDER,DATA,805,0,"arrived before missing sequence=799"
2745.555,receiver,af416b39-8b0b-4383-b8fd-ab44d75320e5,ACCEPT_DATA,DATA,805,1024,"unique file bytes received"
2745.557,receiver,af416b39-8b0b-4383-b8fd-ab44d75320e5,SEND,ACK,805,36,""
2745.566,receiver,af416b39-8b0b-4383-b8fd-ab44d75320e5,RECEIVE,DATA,800,1060,""
2745.568,receiver,af416b39-8b0b-4383-b8fd-ab44d75320e5,OUT_OF_ORDER,DATA,800,0,"arrived before missing sequence=799"
2745.571,receiver,af416b39-8b0b-4383-b8fd-ab44d75320e5,ACCEPT_DATA,DATA,800,1024,"unique file bytes received"
2745.573,receiver,af416b39-8b0b-4383-b8fd-ab44d75320e5,SEND,ACK,800,36,""
2745.579,receiver,af416b39-8b0b-4383-b8fd-ab44d75320e5,RECEIVE,DATA,811,1060,""
2745.582,receiver,af416b39-8b0b-4383-b8fd-ab44d75320e5,OUT_OF_ORDER,DATA,811,0,"arrived before missing sequence=799"
2745.584,receiver,af416b39-8b0b-4383-b8fd-ab44d75320e5,ACCEPT_DATA,DATA,811,1024,"unique file bytes received"
2745.587,receiver,af416b39-8b0b-4383-b8fd-ab44d75320e5,SEND,ACK,811,36,""
2745.622,receiver,af416b39-8b0b-4383-b8fd-ab44d75320e5,RECEIVE,DATA,816,1060,""
2745.625,receiver,af416b39-8b0b-4383-b8fd-ab44d75320e5,OUT_OF_ORDER,DATA,816,0,"arrived before missing sequence=799"
2745.627,receiver,af416b39-8b0b-4383-b8fd-ab44d75320e5,ACCEPT_DATA,DATA,816,1024,"unique file bytes received"
2745.629,receiver,af416b39-8b0b-4383-b8fd-ab44d75320e5,SEND,ACK,816,36,""
2761.373,receiver,af416b39-8b0b-4383-b8fd-ab44d75320e5,RECEIVE,DATA,810,1060,""
2761.390,receiver,af416b39-8b0b-4383-b8fd-ab44d75320e5,EMIT,ACK,791,36,""
2761.412,receiver,af416b39-8b0b-4383-b8fd-ab44d75320e5,OUT_OF_ORDER,DATA,810,0,"arrived before missing sequence=799"
2761.418,receiver,af416b39-8b0b-4383-b8fd-ab44d75320e5,ACCEPT_DATA,DATA,810,1024,"unique file bytes received"
2761.422,receiver,af416b39-8b0b-4383-b8fd-ab44d75320e5,SEND,ACK,810,36,""
2761.444,receiver,af416b39-8b0b-4383-b8fd-ab44d75320e5,RECEIVE,DATA,817,1060,""
2761.449,receiver,af416b39-8b0b-4383-b8fd-ab44d75320e5,OUT_OF_ORDER,DATA,817,0,"arrived before missing sequence=799"
2761.453,receiver,af416b39-8b0b-4383-b8fd-ab44d75320e5,ACCEPT_DATA,DATA,817,1024,"unique file bytes received"
2761.456,receiver,af416b39-8b0b-4383-b8fd-ab44d75320e5,SEND,ACK,817,36,""
2761.463,receiver,af416b39-8b0b-4383-b8fd-ab44d75320e5,EMIT,ACK,797,36,""
2761.469,receiver,af416b39-8b0b-4383-b8fd-ab44d75320e5,RECEIVE,DATA,818,1060,""
2761.473,receiver,af416b39-8b0b-4383-b8fd-ab44d75320e5,OUT_OF_ORDER,DATA,818,0,"arrived before missing sequence=799"
2761.477,receiver,af416b39-8b0b-4383-b8fd-ab44d75320e5,ACCEPT_DATA,DATA,818,1024,"unique file bytes received"
2761.480,receiver,af416b39-8b0b-4383-b8fd-ab44d75320e5,SEND,ACK,818,36,""
2761.483,receiver,af416b39-8b0b-4383-b8fd-ab44d75320e5,EMIT,ACK,794,36,""
2761.488,receiver,af416b39-8b0b-4383-b8fd-ab44d75320e5,RECEIVE,DATA,799,1060,""
2761.492,receiver,af416b39-8b0b-4383-b8fd-ab44d75320e5,ACCEPT_DATA,DATA,799,1024,"unique file bytes received"
2761.496,receiver,af416b39-8b0b-4383-b8fd-ab44d75320e5,SEND,ACK,799,36,""
2761.503,receiver,af416b39-8b0b-4383-b8fd-ab44d75320e5,RECEIVE,DATA,814,1060,""
2761.507,receiver,af416b39-8b0b-4383-b8fd-ab44d75320e5,OUT_OF_ORDER,DATA,814,0,"arrived before missing sequence=801"
2761.511,receiver,af416b39-8b0b-4383-b8fd-ab44d75320e5,ACCEPT_DATA,DATA,814,1024,"unique file bytes received"
2761.514,receiver,af416b39-8b0b-4383-b8fd-ab44d75320e5,SEND,ACK,814,36,""
2761.521,receiver,af416b39-8b0b-4383-b8fd-ab44d75320e5,RECEIVE,DATA,801,1060,""
2761.525,receiver,af416b39-8b0b-4383-b8fd-ab44d75320e5,ACCEPT_DATA,DATA,801,1024,"unique file bytes received"
2761.528,receiver,af416b39-8b0b-4383-b8fd-ab44d75320e5,SEND,ACK,801,36,""
2761.535,receiver,af416b39-8b0b-4383-b8fd-ab44d75320e5,RECEIVE,DATA,812,1060,""
2761.538,receiver,af416b39-8b0b-4383-b8fd-ab44d75320e5,OUT_OF_ORDER,DATA,812,0,"arrived before missing sequence=803"
2761.542,receiver,af416b39-8b0b-4383-b8fd-ab44d75320e5,ACCEPT_DATA,DATA,812,1024,"unique file bytes received"
2761.545,receiver,af416b39-8b0b-4383-b8fd-ab44d75320e5,SEND,ACK,812,36,""
2761.552,receiver,af416b39-8b0b-4383-b8fd-ab44d75320e5,RECEIVE,DATA,815,1060,""
2761.556,receiver,af416b39-8b0b-4383-b8fd-ab44d75320e5,OUT_OF_ORDER,DATA,815,0,"arrived before missing sequence=803"
2761.559,receiver,af416b39-8b0b-4383-b8fd-ab44d75320e5,ACCEPT_DATA,DATA,815,1024,"unique file bytes received"
2761.562,receiver,af416b39-8b0b-4383-b8fd-ab44d75320e5,SEND,ACK,815,36,""
2761.569,receiver,af416b39-8b0b-4383-b8fd-ab44d75320e5,RECEIVE,DATA,813,1060,""
2761.572,receiver,af416b39-8b0b-4383-b8fd-ab44d75320e5,OUT_OF_ORDER,DATA,813,0,"arrived before missing sequence=803"
2761.576,receiver,af416b39-8b0b-4383-b8fd-ab44d75320e5,ACCEPT_DATA,DATA,813,1024,"unique file bytes received"
2761.579,receiver,af416b39-8b0b-4383-b8fd-ab44d75320e5,SEND,ACK,813,36,""
2761.589,receiver,af416b39-8b0b-4383-b8fd-ab44d75320e5,RECEIVE,DATA,803,1060,""
2761.593,receiver,af416b39-8b0b-4383-b8fd-ab44d75320e5,ACCEPT_DATA,DATA,803,1024,"unique file bytes received"
2761.596,receiver,af416b39-8b0b-4383-b8fd-ab44d75320e5,SEND,ACK,803,36,""
2761.602,receiver,af416b39-8b0b-4383-b8fd-ab44d75320e5,RECEIVE,DATA,819,1060,""
2761.606,receiver,af416b39-8b0b-4383-b8fd-ab44d75320e5,OUT_OF_ORDER,DATA,819,0,"arrived before missing sequence=806"
2761.609,receiver,af416b39-8b0b-4383-b8fd-ab44d75320e5,ACCEPT_DATA,DATA,819,1024,"unique file bytes received"
2761.612,receiver,af416b39-8b0b-4383-b8fd-ab44d75320e5,SEND,ACK,819,36,""
2777.456,receiver,af416b39-8b0b-4383-b8fd-ab44d75320e5,EMIT,ACK,798,36,""
2777.483,receiver,af416b39-8b0b-4383-b8fd-ab44d75320e5,EMIT,ACK,790,36,""
2777.491,receiver,af416b39-8b0b-4383-b8fd-ab44d75320e5,EMIT,ACK,802,36,""
2777.498,receiver,af416b39-8b0b-4383-b8fd-ab44d75320e5,EMIT,ACK,805,36,""
2777.504,receiver,af416b39-8b0b-4383-b8fd-ab44d75320e5,EMIT,ACK,816,36,""
2777.510,receiver,af416b39-8b0b-4383-b8fd-ab44d75320e5,EMIT,ACK,811,36,""
2777.764,receiver,af416b39-8b0b-4383-b8fd-ab44d75320e5,RECEIVE,DATA,807,1060,""
2777.776,receiver,af416b39-8b0b-4383-b8fd-ab44d75320e5,OUT_OF_ORDER,DATA,807,0,"arrived before missing sequence=806"
2777.779,receiver,af416b39-8b0b-4383-b8fd-ab44d75320e5,ACCEPT_DATA,DATA,807,1024,"unique file bytes received"
2777.781,receiver,af416b39-8b0b-4383-b8fd-ab44d75320e5,SEND,ACK,807,36,""
2777.793,receiver,af416b39-8b0b-4383-b8fd-ab44d75320e5,RECEIVE,DATA,806,1060,""
2777.796,receiver,af416b39-8b0b-4383-b8fd-ab44d75320e5,ACCEPT_DATA,DATA,806,1024,"unique file bytes received"
2777.798,receiver,af416b39-8b0b-4383-b8fd-ab44d75320e5,SEND,ACK,806,36,""
2777.803,receiver,af416b39-8b0b-4383-b8fd-ab44d75320e5,RECEIVE,DATA,808,1060,""
2777.805,receiver,af416b39-8b0b-4383-b8fd-ab44d75320e5,ACCEPT_DATA,DATA,808,1024,"unique file bytes received"
2777.807,receiver,af416b39-8b0b-4383-b8fd-ab44d75320e5,SEND,ACK,808,36,""
2777.812,receiver,af416b39-8b0b-4383-b8fd-ab44d75320e5,RECEIVE,DATA,821,1060,""
2777.814,receiver,af416b39-8b0b-4383-b8fd-ab44d75320e5,OUT_OF_ORDER,DATA,821,0,"arrived before missing sequence=820"
2777.829,receiver,af416b39-8b0b-4383-b8fd-ab44d75320e5,ACCEPT_DATA,DATA,821,1024,"unique file bytes received"
2777.831,receiver,af416b39-8b0b-4383-b8fd-ab44d75320e5,SEND,ACK,821,36,""
2777.835,receiver,af416b39-8b0b-4383-b8fd-ab44d75320e5,RECEIVE,DATA,820,1060,""
2777.837,receiver,af416b39-8b0b-4383-b8fd-ab44d75320e5,ACCEPT_DATA,DATA,820,1024,"unique file bytes received"
2777.839,receiver,af416b39-8b0b-4383-b8fd-ab44d75320e5,SEND,ACK,820,36,""
2794.264,receiver,af416b39-8b0b-4383-b8fd-ab44d75320e5,EMIT,ACK,804,36,""
2794.330,receiver,af416b39-8b0b-4383-b8fd-ab44d75320e5,EMIT,ACK,809,36,""
2794.337,receiver,af416b39-8b0b-4383-b8fd-ab44d75320e5,EMIT,ACK,803,36,""
2794.343,receiver,af416b39-8b0b-4383-b8fd-ab44d75320e5,EMIT,ACK,800,36,""
2794.350,receiver,af416b39-8b0b-4383-b8fd-ab44d75320e5,EMIT,ACK,812,36,""
2794.356,receiver,af416b39-8b0b-4383-b8fd-ab44d75320e5,EMIT,ACK,810,36,""
2809.889,receiver,af416b39-8b0b-4383-b8fd-ab44d75320e5,EMIT,ACK,819,36,""
2809.948,receiver,af416b39-8b0b-4383-b8fd-ab44d75320e5,EMIT,ACK,814,36,""
2809.968,receiver,af416b39-8b0b-4383-b8fd-ab44d75320e5,EMIT,ACK,818,36,""
2809.987,receiver,af416b39-8b0b-4383-b8fd-ab44d75320e5,EMIT,ACK,817,36,""
2810.008,receiver,af416b39-8b0b-4383-b8fd-ab44d75320e5,EMIT,ACK,801,36,""
2810.028,receiver,af416b39-8b0b-4383-b8fd-ab44d75320e5,EMIT,ACK,815,36,""
2810.044,receiver,af416b39-8b0b-4383-b8fd-ab44d75320e5,EMIT,ACK,813,36,""
2810.315,receiver,af416b39-8b0b-4383-b8fd-ab44d75320e5,RECEIVE,DATA,825,1060,""
2810.328,receiver,af416b39-8b0b-4383-b8fd-ab44d75320e5,OUT_OF_ORDER,DATA,825,0,"arrived before missing sequence=822"
2810.332,receiver,af416b39-8b0b-4383-b8fd-ab44d75320e5,ACCEPT_DATA,DATA,825,1024,"unique file bytes received"
2810.334,receiver,af416b39-8b0b-4383-b8fd-ab44d75320e5,SEND,ACK,825,36,""
2810.347,receiver,af416b39-8b0b-4383-b8fd-ab44d75320e5,RECEIVE,DATA,830,1060,""
2810.350,receiver,af416b39-8b0b-4383-b8fd-ab44d75320e5,OUT_OF_ORDER,DATA,830,0,"arrived before missing sequence=822"
2810.352,receiver,af416b39-8b0b-4383-b8fd-ab44d75320e5,ACCEPT_DATA,DATA,830,1024,"unique file bytes received"
2810.355,receiver,af416b39-8b0b-4383-b8fd-ab44d75320e5,SEND,ACK,830,36,""
2825.567,receiver,af416b39-8b0b-4383-b8fd-ab44d75320e5,EMIT,ACK,799,36,""
2825.595,receiver,af416b39-8b0b-4383-b8fd-ab44d75320e5,EMIT,ACK,808,36,""
2825.603,receiver,af416b39-8b0b-4383-b8fd-ab44d75320e5,EMIT,ACK,821,36,""
2825.610,receiver,af416b39-8b0b-4383-b8fd-ab44d75320e5,EMIT,ACK,806,36,""
2825.958,receiver,af416b39-8b0b-4383-b8fd-ab44d75320e5,RECEIVE,DATA,827,1060,""
2825.971,receiver,af416b39-8b0b-4383-b8fd-ab44d75320e5,OUT_OF_ORDER,DATA,827,0,"arrived before missing sequence=822"
2825.975,receiver,af416b39-8b0b-4383-b8fd-ab44d75320e5,ACCEPT_DATA,DATA,827,1024,"unique file bytes received"
2825.978,receiver,af416b39-8b0b-4383-b8fd-ab44d75320e5,SEND,ACK,827,36,""
2825.993,receiver,af416b39-8b0b-4383-b8fd-ab44d75320e5,RECEIVE,DATA,826,1060,""
2825.996,receiver,af416b39-8b0b-4383-b8fd-ab44d75320e5,OUT_OF_ORDER,DATA,826,0,"arrived before missing sequence=822"
2825.999,receiver,af416b39-8b0b-4383-b8fd-ab44d75320e5,ACCEPT_DATA,DATA,826,1024,"unique file bytes received"
2826.002,receiver,af416b39-8b0b-4383-b8fd-ab44d75320e5,SEND,ACK,826,36,""
2826.008,receiver,af416b39-8b0b-4383-b8fd-ab44d75320e5,RECEIVE,DATA,824,1060,""
2826.011,receiver,af416b39-8b0b-4383-b8fd-ab44d75320e5,OUT_OF_ORDER,DATA,824,0,"arrived before missing sequence=822"
2826.014,receiver,af416b39-8b0b-4383-b8fd-ab44d75320e5,ACCEPT_DATA,DATA,824,1024,"unique file bytes received"
2826.016,receiver,af416b39-8b0b-4383-b8fd-ab44d75320e5,SEND,ACK,824,36,""
2826.022,receiver,af416b39-8b0b-4383-b8fd-ab44d75320e5,RECEIVE,DATA,822,1060,""
2826.025,receiver,af416b39-8b0b-4383-b8fd-ab44d75320e5,ACCEPT_DATA,DATA,822,1024,"unique file bytes received"
2826.027,receiver,af416b39-8b0b-4383-b8fd-ab44d75320e5,SEND,ACK,822,36,""
2841.595,receiver,af416b39-8b0b-4383-b8fd-ab44d75320e5,EMIT,ACK,807,36,""
2841.633,receiver,af416b39-8b0b-4383-b8fd-ab44d75320e5,EMIT,ACK,820,36,""
2841.757,receiver,af416b39-8b0b-4383-b8fd-ab44d75320e5,RECEIVE,DATA,823,1060,""
2841.792,receiver,af416b39-8b0b-4383-b8fd-ab44d75320e5,ACCEPT_DATA,DATA,823,1024,"unique file bytes received"
2841.801,receiver,af416b39-8b0b-4383-b8fd-ab44d75320e5,SEND,ACK,823,36,""
2841.819,receiver,af416b39-8b0b-4383-b8fd-ab44d75320e5,RECEIVE,DATA,828,1060,""
2841.822,receiver,af416b39-8b0b-4383-b8fd-ab44d75320e5,ACCEPT_DATA,DATA,828,1024,"unique file bytes received"
2841.825,receiver,af416b39-8b0b-4383-b8fd-ab44d75320e5,SEND,ACK,828,36,""
2841.831,receiver,af416b39-8b0b-4383-b8fd-ab44d75320e5,RECEIVE,DATA,829,1060,""
2841.834,receiver,af416b39-8b0b-4383-b8fd-ab44d75320e5,ACCEPT_DATA,DATA,829,1024,"unique file bytes received"
2841.837,receiver,af416b39-8b0b-4383-b8fd-ab44d75320e5,SEND,ACK,829,36,""
2857.334,receiver,af416b39-8b0b-4383-b8fd-ab44d75320e5,EMIT,ACK,824,36,""
2857.462,receiver,af416b39-8b0b-4383-b8fd-ab44d75320e5,RECEIVE,DATA,832,1060,""
2857.474,receiver,af416b39-8b0b-4383-b8fd-ab44d75320e5,OUT_OF_ORDER,DATA,832,0,"arrived before missing sequence=831"
2857.478,receiver,af416b39-8b0b-4383-b8fd-ab44d75320e5,ACCEPT_DATA,DATA,832,1024,"unique file bytes received"
2857.481,receiver,af416b39-8b0b-4383-b8fd-ab44d75320e5,SEND,ACK,832,36,""
2857.495,receiver,af416b39-8b0b-4383-b8fd-ab44d75320e5,RECEIVE,DATA,837,1060,""
2857.498,receiver,af416b39-8b0b-4383-b8fd-ab44d75320e5,OUT_OF_ORDER,DATA,837,0,"arrived before missing sequence=831"
2857.500,receiver,af416b39-8b0b-4383-b8fd-ab44d75320e5,ACCEPT_DATA,DATA,837,1024,"unique file bytes received"
2857.503,receiver,af416b39-8b0b-4383-b8fd-ab44d75320e5,SEND,ACK,837,36,""
2857.508,receiver,af416b39-8b0b-4383-b8fd-ab44d75320e5,RECEIVE,DATA,835,1060,""
2857.511,receiver,af416b39-8b0b-4383-b8fd-ab44d75320e5,OUT_OF_ORDER,DATA,835,0,"arrived before missing sequence=831"
2857.513,receiver,af416b39-8b0b-4383-b8fd-ab44d75320e5,ACCEPT_DATA,DATA,835,1024,"unique file bytes received"
2857.515,receiver,af416b39-8b0b-4383-b8fd-ab44d75320e5,SEND,ACK,835,36,""
2873.096,receiver,af416b39-8b0b-4383-b8fd-ab44d75320e5,EMIT,ACK,830,36,""
2873.118,receiver,af416b39-8b0b-4383-b8fd-ab44d75320e5,EMIT,ACK,825,36,""
2873.126,receiver,af416b39-8b0b-4383-b8fd-ab44d75320e5,EMIT,ACK,826,36,""
2873.132,receiver,af416b39-8b0b-4383-b8fd-ab44d75320e5,EMIT,ACK,822,36,""
2873.135,receiver,af416b39-8b0b-4383-b8fd-ab44d75320e5,RECEIVE,DATA,833,1060,""
2873.155,receiver,af416b39-8b0b-4383-b8fd-ab44d75320e5,EMIT,ACK,827,36,""
2873.159,receiver,af416b39-8b0b-4383-b8fd-ab44d75320e5,OUT_OF_ORDER,DATA,833,0,"arrived before missing sequence=831"
2873.162,receiver,af416b39-8b0b-4383-b8fd-ab44d75320e5,ACCEPT_DATA,DATA,833,1024,"unique file bytes received"
2873.165,receiver,af416b39-8b0b-4383-b8fd-ab44d75320e5,SEND,ACK,833,36,""
2873.180,receiver,af416b39-8b0b-4383-b8fd-ab44d75320e5,RECEIVE,DATA,836,1060,""
2873.183,receiver,af416b39-8b0b-4383-b8fd-ab44d75320e5,OUT_OF_ORDER,DATA,836,0,"arrived before missing sequence=831"
2873.185,receiver,af416b39-8b0b-4383-b8fd-ab44d75320e5,ACCEPT_DATA,DATA,836,1024,"unique file bytes received"
2873.188,receiver,af416b39-8b0b-4383-b8fd-ab44d75320e5,SEND,ACK,836,36,""
2873.193,receiver,af416b39-8b0b-4383-b8fd-ab44d75320e5,RECEIVE,DATA,831,1060,""
2873.200,receiver,af416b39-8b0b-4383-b8fd-ab44d75320e5,ACCEPT_DATA,DATA,831,1024,"unique file bytes received"
2873.202,receiver,af416b39-8b0b-4383-b8fd-ab44d75320e5,SEND,ACK,831,36,""
2873.207,receiver,af416b39-8b0b-4383-b8fd-ab44d75320e5,RECEIVE,DATA,834,1060,""
2873.210,receiver,af416b39-8b0b-4383-b8fd-ab44d75320e5,ACCEPT_DATA,DATA,834,1024,"unique file bytes received"
2873.212,receiver,af416b39-8b0b-4383-b8fd-ab44d75320e5,SEND,ACK,834,36,""
2873.217,receiver,af416b39-8b0b-4383-b8fd-ab44d75320e5,RECEIVE,DATA,838,1060,""
2873.220,receiver,af416b39-8b0b-4383-b8fd-ab44d75320e5,ACCEPT_DATA,DATA,838,1024,"unique file bytes received"
2873.223,receiver,af416b39-8b0b-4383-b8fd-ab44d75320e5,SEND,ACK,838,36,""
2888.536,receiver,af416b39-8b0b-4383-b8fd-ab44d75320e5,EMIT,ACK,823,36,""
2888.554,receiver,af416b39-8b0b-4383-b8fd-ab44d75320e5,RECEIVE,DATA,840,1060,""
2888.567,receiver,af416b39-8b0b-4383-b8fd-ab44d75320e5,EMIT,ACK,829,36,""
2888.573,receiver,af416b39-8b0b-4383-b8fd-ab44d75320e5,OUT_OF_ORDER,DATA,840,0,"arrived before missing sequence=839"
2888.579,receiver,af416b39-8b0b-4383-b8fd-ab44d75320e5,ACCEPT_DATA,DATA,840,1024,"unique file bytes received"
2888.583,receiver,af416b39-8b0b-4383-b8fd-ab44d75320e5,EMIT,ACK,828,36,""
2888.588,receiver,af416b39-8b0b-4383-b8fd-ab44d75320e5,SEND,ACK,840,36,""
2888.596,receiver,af416b39-8b0b-4383-b8fd-ab44d75320e5,EMIT,ACK,835,36,""
2888.610,receiver,af416b39-8b0b-4383-b8fd-ab44d75320e5,RECEIVE,DATA,853,1060,""
2888.615,receiver,af416b39-8b0b-4383-b8fd-ab44d75320e5,OUT_OF_ORDER,DATA,853,0,"arrived before missing sequence=839"
2888.619,receiver,af416b39-8b0b-4383-b8fd-ab44d75320e5,ACCEPT_DATA,DATA,853,1024,"unique file bytes received"
2888.623,receiver,af416b39-8b0b-4383-b8fd-ab44d75320e5,SEND,ACK,853,36,""
2888.631,receiver,af416b39-8b0b-4383-b8fd-ab44d75320e5,RECEIVE,DATA,844,1060,""
2888.636,receiver,af416b39-8b0b-4383-b8fd-ab44d75320e5,OUT_OF_ORDER,DATA,844,0,"arrived before missing sequence=839"
2888.639,receiver,af416b39-8b0b-4383-b8fd-ab44d75320e5,ACCEPT_DATA,DATA,844,1024,"unique file bytes received"
2888.643,receiver,af416b39-8b0b-4383-b8fd-ab44d75320e5,SEND,ACK,844,36,""
2888.654,receiver,af416b39-8b0b-4383-b8fd-ab44d75320e5,RECEIVE,DATA,849,1060,""
2888.658,receiver,af416b39-8b0b-4383-b8fd-ab44d75320e5,OUT_OF_ORDER,DATA,849,0,"arrived before missing sequence=839"
2888.662,receiver,af416b39-8b0b-4383-b8fd-ab44d75320e5,ACCEPT_DATA,DATA,849,1024,"unique file bytes received"
2888.666,receiver,af416b39-8b0b-4383-b8fd-ab44d75320e5,SEND,ACK,849,36,""
2888.674,receiver,af416b39-8b0b-4383-b8fd-ab44d75320e5,RECEIVE,DATA,851,1060,""
2888.678,receiver,af416b39-8b0b-4383-b8fd-ab44d75320e5,OUT_OF_ORDER,DATA,851,0,"arrived before missing sequence=839"
2888.681,receiver,af416b39-8b0b-4383-b8fd-ab44d75320e5,ACCEPT_DATA,DATA,851,1024,"unique file bytes received"
2888.685,receiver,af416b39-8b0b-4383-b8fd-ab44d75320e5,SEND,ACK,851,36,""
2888.692,receiver,af416b39-8b0b-4383-b8fd-ab44d75320e5,RECEIVE,DATA,847,1060,""
2888.748,receiver,af416b39-8b0b-4383-b8fd-ab44d75320e5,OUT_OF_ORDER,DATA,847,0,"arrived before missing sequence=839"
2888.752,receiver,af416b39-8b0b-4383-b8fd-ab44d75320e5,ACCEPT_DATA,DATA,847,1024,"unique file bytes received"
2888.756,receiver,af416b39-8b0b-4383-b8fd-ab44d75320e5,SEND,ACK,847,36,""
2888.764,receiver,af416b39-8b0b-4383-b8fd-ab44d75320e5,RECEIVE,DATA,839,1060,""
2888.768,receiver,af416b39-8b0b-4383-b8fd-ab44d75320e5,ACCEPT_DATA,DATA,839,1024,"unique file bytes received"
2888.772,receiver,af416b39-8b0b-4383-b8fd-ab44d75320e5,SEND,ACK,839,36,""
2888.783,receiver,af416b39-8b0b-4383-b8fd-ab44d75320e5,RECEIVE,DATA,842,1060,""
2888.788,receiver,af416b39-8b0b-4383-b8fd-ab44d75320e5,OUT_OF_ORDER,DATA,842,0,"arrived before missing sequence=841"
2888.791,receiver,af416b39-8b0b-4383-b8fd-ab44d75320e5,ACCEPT_DATA,DATA,842,1024,"unique file bytes received"
2888.795,receiver,af416b39-8b0b-4383-b8fd-ab44d75320e5,SEND,ACK,842,36,""
2888.802,receiver,af416b39-8b0b-4383-b8fd-ab44d75320e5,RECEIVE,DATA,848,1060,""
2888.806,receiver,af416b39-8b0b-4383-b8fd-ab44d75320e5,OUT_OF_ORDER,DATA,848,0,"arrived before missing sequence=841"
2888.817,receiver,af416b39-8b0b-4383-b8fd-ab44d75320e5,ACCEPT_DATA,DATA,848,1024,"unique file bytes received"
2888.821,receiver,af416b39-8b0b-4383-b8fd-ab44d75320e5,SEND,ACK,848,36,""
2888.829,receiver,af416b39-8b0b-4383-b8fd-ab44d75320e5,RECEIVE,DATA,846,1060,""
2888.833,receiver,af416b39-8b0b-4383-b8fd-ab44d75320e5,OUT_OF_ORDER,DATA,846,0,"arrived before missing sequence=841"
2888.837,receiver,af416b39-8b0b-4383-b8fd-ab44d75320e5,ACCEPT_DATA,DATA,846,1024,"unique file bytes received"
2888.840,receiver,af416b39-8b0b-4383-b8fd-ab44d75320e5,SEND,ACK,846,36,""
2888.848,receiver,af416b39-8b0b-4383-b8fd-ab44d75320e5,RECEIVE,DATA,852,1060,""
2888.852,receiver,af416b39-8b0b-4383-b8fd-ab44d75320e5,OUT_OF_ORDER,DATA,852,0,"arrived before missing sequence=841"
2888.855,receiver,af416b39-8b0b-4383-b8fd-ab44d75320e5,ACCEPT_DATA,DATA,852,1024,"unique file bytes received"
2888.859,receiver,af416b39-8b0b-4383-b8fd-ab44d75320e5,SEND,ACK,852,36,""
2888.878,receiver,af416b39-8b0b-4383-b8fd-ab44d75320e5,RECEIVE,DATA,845,1060,""
2888.882,receiver,af416b39-8b0b-4383-b8fd-ab44d75320e5,OUT_OF_ORDER,DATA,845,0,"arrived before missing sequence=841"
2888.888,receiver,af416b39-8b0b-4383-b8fd-ab44d75320e5,ACCEPT_DATA,DATA,845,1024,"unique file bytes received"
2888.892,receiver,af416b39-8b0b-4383-b8fd-ab44d75320e5,SEND,ACK,845,36,""
2888.901,receiver,af416b39-8b0b-4383-b8fd-ab44d75320e5,RECEIVE,DATA,850,1060,""
2888.906,receiver,af416b39-8b0b-4383-b8fd-ab44d75320e5,OUT_OF_ORDER,DATA,850,0,"arrived before missing sequence=841"
2888.909,receiver,af416b39-8b0b-4383-b8fd-ab44d75320e5,ACCEPT_DATA,DATA,850,1024,"unique file bytes received"
2888.913,receiver,af416b39-8b0b-4383-b8fd-ab44d75320e5,SEND,ACK,850,36,""
2888.920,receiver,af416b39-8b0b-4383-b8fd-ab44d75320e5,RECEIVE,DATA,841,1060,""
2888.925,receiver,af416b39-8b0b-4383-b8fd-ab44d75320e5,ACCEPT_DATA,DATA,841,1024,"unique file bytes received"
2888.928,receiver,af416b39-8b0b-4383-b8fd-ab44d75320e5,SEND,ACK,841,36,""
2904.398,receiver,af416b39-8b0b-4383-b8fd-ab44d75320e5,EMIT,ACK,832,36,""
2904.432,receiver,af416b39-8b0b-4383-b8fd-ab44d75320e5,EMIT,ACK,837,36,""
2904.443,receiver,af416b39-8b0b-4383-b8fd-ab44d75320e5,EMIT,ACK,838,36,""
2904.462,receiver,af416b39-8b0b-4383-b8fd-ab44d75320e5,EMIT,ACK,836,36,""
2904.567,receiver,af416b39-8b0b-4383-b8fd-ab44d75320e5,RECEIVE,DATA,843,1060,""
2904.582,receiver,af416b39-8b0b-4383-b8fd-ab44d75320e5,ACCEPT_DATA,DATA,843,1024,"unique file bytes received"
2904.587,receiver,af416b39-8b0b-4383-b8fd-ab44d75320e5,SEND,ACK,843,36,""
2920.493,receiver,af416b39-8b0b-4383-b8fd-ab44d75320e5,EMIT,ACK,833,36,""
2920.552,receiver,af416b39-8b0b-4383-b8fd-ab44d75320e5,EMIT,ACK,834,36,""
2920.575,receiver,af416b39-8b0b-4383-b8fd-ab44d75320e5,EMIT,ACK,840,36,""
2920.598,receiver,af416b39-8b0b-4383-b8fd-ab44d75320e5,EMIT,ACK,851,36,""
2920.619,receiver,af416b39-8b0b-4383-b8fd-ab44d75320e5,EMIT,ACK,846,36,""
2920.649,receiver,af416b39-8b0b-4383-b8fd-ab44d75320e5,EMIT,ACK,850,36,""
2921.064,receiver,af416b39-8b0b-4383-b8fd-ab44d75320e5,RECEIVE,DATA,854,1060,""
2921.118,receiver,af416b39-8b0b-4383-b8fd-ab44d75320e5,ACCEPT_DATA,DATA,854,1024,"unique file bytes received"
2921.122,receiver,af416b39-8b0b-4383-b8fd-ab44d75320e5,SEND,ACK,854,36,""
2921.133,receiver,af416b39-8b0b-4383-b8fd-ab44d75320e5,RECEIVE,DATA,855,1060,""
2921.135,receiver,af416b39-8b0b-4383-b8fd-ab44d75320e5,ACCEPT_DATA,DATA,855,1024,"unique file bytes received"
2921.137,receiver,af416b39-8b0b-4383-b8fd-ab44d75320e5,SEND,ACK,855,36,""
2921.141,receiver,af416b39-8b0b-4383-b8fd-ab44d75320e5,RECEIVE,DATA,860,1060,""
2921.144,receiver,af416b39-8b0b-4383-b8fd-ab44d75320e5,OUT_OF_ORDER,DATA,860,0,"arrived before missing sequence=856"
2921.146,receiver,af416b39-8b0b-4383-b8fd-ab44d75320e5,ACCEPT_DATA,DATA,860,1024,"unique file bytes received"
2921.148,receiver,af416b39-8b0b-4383-b8fd-ab44d75320e5,SEND,ACK,860,36,""
2935.952,receiver,af416b39-8b0b-4383-b8fd-ab44d75320e5,EMIT,ACK,839,36,""
2935.991,receiver,af416b39-8b0b-4383-b8fd-ab44d75320e5,EMIT,ACK,848,36,""
2935.999,receiver,af416b39-8b0b-4383-b8fd-ab44d75320e5,EMIT,ACK,831,36,""
2936.007,receiver,af416b39-8b0b-4383-b8fd-ab44d75320e5,EMIT,ACK,847,36,""
2936.014,receiver,af416b39-8b0b-4383-b8fd-ab44d75320e5,EMIT,ACK,849,36,""
2936.037,receiver,af416b39-8b0b-4383-b8fd-ab44d75320e5,EMIT,ACK,842,36,""
2936.046,receiver,af416b39-8b0b-4383-b8fd-ab44d75320e5,EMIT,ACK,853,36,""
2936.053,receiver,af416b39-8b0b-4383-b8fd-ab44d75320e5,EMIT,ACK,841,36,""
2936.060,receiver,af416b39-8b0b-4383-b8fd-ab44d75320e5,RECEIVE,DATA,859,1060,""
2936.068,receiver,af416b39-8b0b-4383-b8fd-ab44d75320e5,EMIT,ACK,852,36,""
2936.072,receiver,af416b39-8b0b-4383-b8fd-ab44d75320e5,OUT_OF_ORDER,DATA,859,0,"arrived before missing sequence=856"
2936.076,receiver,af416b39-8b0b-4383-b8fd-ab44d75320e5,ACCEPT_DATA,DATA,859,1024,"unique file bytes received"
2936.079,receiver,af416b39-8b0b-4383-b8fd-ab44d75320e5,EMIT,ACK,845,36,""
2936.082,receiver,af416b39-8b0b-4383-b8fd-ab44d75320e5,SEND,ACK,859,36,""
2936.097,receiver,af416b39-8b0b-4383-b8fd-ab44d75320e5,RECEIVE,DATA,861,1060,""
2936.101,receiver,af416b39-8b0b-4383-b8fd-ab44d75320e5,OUT_OF_ORDER,DATA,861,0,"arrived before missing sequence=856"
2936.108,receiver,af416b39-8b0b-4383-b8fd-ab44d75320e5,ACCEPT_DATA,DATA,861,1024,"unique file bytes received"
2936.123,receiver,af416b39-8b0b-4383-b8fd-ab44d75320e5,SEND,ACK,861,36,""
2936.131,receiver,af416b39-8b0b-4383-b8fd-ab44d75320e5,RECEIVE,DATA,862,1060,""
2936.133,receiver,af416b39-8b0b-4383-b8fd-ab44d75320e5,OUT_OF_ORDER,DATA,862,0,"arrived before missing sequence=856"
2936.136,receiver,af416b39-8b0b-4383-b8fd-ab44d75320e5,ACCEPT_DATA,DATA,862,1024,"unique file bytes received"
2936.138,receiver,af416b39-8b0b-4383-b8fd-ab44d75320e5,SEND,ACK,862,36,""
2936.143,receiver,af416b39-8b0b-4383-b8fd-ab44d75320e5,RECEIVE,DATA,858,1060,""
2936.146,receiver,af416b39-8b0b-4383-b8fd-ab44d75320e5,OUT_OF_ORDER,DATA,858,0,"arrived before missing sequence=856"
2936.148,receiver,af416b39-8b0b-4383-b8fd-ab44d75320e5,ACCEPT_DATA,DATA,858,1024,"unique file bytes received"
2936.150,receiver,af416b39-8b0b-4383-b8fd-ab44d75320e5,SEND,ACK,858,36,""
2936.155,receiver,af416b39-8b0b-4383-b8fd-ab44d75320e5,RECEIVE,DATA,856,1060,""
2936.158,receiver,af416b39-8b0b-4383-b8fd-ab44d75320e5,ACCEPT_DATA,DATA,856,1024,"unique file bytes received"
2936.161,receiver,af416b39-8b0b-4383-b8fd-ab44d75320e5,SEND,ACK,856,36,""
2936.166,receiver,af416b39-8b0b-4383-b8fd-ab44d75320e5,RECEIVE,DATA,857,1060,""
2936.168,receiver,af416b39-8b0b-4383-b8fd-ab44d75320e5,ACCEPT_DATA,DATA,857,1024,"unique file bytes received"
2936.171,receiver,af416b39-8b0b-4383-b8fd-ab44d75320e5,SEND,ACK,857,36,""
2951.008,receiver,af416b39-8b0b-4383-b8fd-ab44d75320e5,EMIT,ACK,844,36,""
2951.045,receiver,af416b39-8b0b-4383-b8fd-ab44d75320e5,EMIT,ACK,843,36,""
2966.354,receiver,af416b39-8b0b-4383-b8fd-ab44d75320e5,EMIT,ACK,854,36,""
2966.386,receiver,af416b39-8b0b-4383-b8fd-ab44d75320e5,EMIT,ACK,858,36,""
2966.431,receiver,af416b39-8b0b-4383-b8fd-ab44d75320e5,EMIT,ACK,857,36,""
2966.439,receiver,af416b39-8b0b-4383-b8fd-ab44d75320e5,EMIT,ACK,855,36,""
2966.890,receiver,af416b39-8b0b-4383-b8fd-ab44d75320e5,RECEIVE,DATA,869,1060,""
2966.904,receiver,af416b39-8b0b-4383-b8fd-ab44d75320e5,OUT_OF_ORDER,DATA,869,0,"arrived before missing sequence=863"
2966.908,receiver,af416b39-8b0b-4383-b8fd-ab44d75320e5,ACCEPT_DATA,DATA,869,1024,"unique file bytes received"
2966.911,receiver,af416b39-8b0b-4383-b8fd-ab44d75320e5,SEND,ACK,869,36,""
2966.926,receiver,af416b39-8b0b-4383-b8fd-ab44d75320e5,RECEIVE,DATA,874,1060,""
2966.930,receiver,af416b39-8b0b-4383-b8fd-ab44d75320e5,OUT_OF_ORDER,DATA,874,0,"arrived before missing sequence=863"
2966.932,receiver,af416b39-8b0b-4383-b8fd-ab44d75320e5,ACCEPT_DATA,DATA,874,1024,"unique file bytes received"
2966.935,receiver,af416b39-8b0b-4383-b8fd-ab44d75320e5,SEND,ACK,874,36,""
2966.943,receiver,af416b39-8b0b-4383-b8fd-ab44d75320e5,RECEIVE,DATA,864,1060,""
2966.947,receiver,af416b39-8b0b-4383-b8fd-ab44d75320e5,OUT_OF_ORDER,DATA,864,0,"arrived before missing sequence=863"
2966.950,receiver,af416b39-8b0b-4383-b8fd-ab44d75320e5,ACCEPT_DATA,DATA,864,1024,"unique file bytes received"
2966.952,receiver,af416b39-8b0b-4383-b8fd-ab44d75320e5,SEND,ACK,864,36,""
2966.957,receiver,af416b39-8b0b-4383-b8fd-ab44d75320e5,RECEIVE,DATA,866,1060,""
2966.959,receiver,af416b39-8b0b-4383-b8fd-ab44d75320e5,OUT_OF_ORDER,DATA,866,0,"arrived before missing sequence=863"
2966.962,receiver,af416b39-8b0b-4383-b8fd-ab44d75320e5,ACCEPT_DATA,DATA,866,1024,"unique file bytes received"
2966.964,receiver,af416b39-8b0b-4383-b8fd-ab44d75320e5,SEND,ACK,866,36,""
2981.357,receiver,af416b39-8b0b-4383-b8fd-ab44d75320e5,RECEIVE,DATA,867,1060,""
2981.370,receiver,af416b39-8b0b-4383-b8fd-ab44d75320e5,OUT_OF_ORDER,DATA,867,0,"arrived before missing sequence=863"
2981.373,receiver,af416b39-8b0b-4383-b8fd-ab44d75320e5,ACCEPT_DATA,DATA,867,1024,"unique file bytes received"
2981.376,receiver,af416b39-8b0b-4383-b8fd-ab44d75320e5,SEND,ACK,867,36,""
2981.420,receiver,af416b39-8b0b-4383-b8fd-ab44d75320e5,RECEIVE,DATA,863,1060,""
2981.423,receiver,af416b39-8b0b-4383-b8fd-ab44d75320e5,ACCEPT_DATA,DATA,863,1024,"unique file bytes received"
2981.425,receiver,af416b39-8b0b-4383-b8fd-ab44d75320e5,SEND,ACK,863,36,""
2981.430,receiver,af416b39-8b0b-4383-b8fd-ab44d75320e5,RECEIVE,DATA,865,1060,""
2981.433,receiver,af416b39-8b0b-4383-b8fd-ab44d75320e5,ACCEPT_DATA,DATA,865,1024,"unique file bytes received"
2981.435,receiver,af416b39-8b0b-4383-b8fd-ab44d75320e5,SEND,ACK,865,36,""
2981.453,receiver,af416b39-8b0b-4383-b8fd-ab44d75320e5,RECEIVE,DATA,871,1060,""
2981.456,receiver,af416b39-8b0b-4383-b8fd-ab44d75320e5,EMIT,ACK,861,36,""
2981.459,receiver,af416b39-8b0b-4383-b8fd-ab44d75320e5,OUT_OF_ORDER,DATA,871,0,"arrived before missing sequence=868"
2981.462,receiver,af416b39-8b0b-4383-b8fd-ab44d75320e5,ACCEPT_DATA,DATA,871,1024,"unique file bytes received"
2981.464,receiver,af416b39-8b0b-4383-b8fd-ab44d75320e5,EMIT,ACK,860,36,""
2981.467,receiver,af416b39-8b0b-4383-b8fd-ab44d75320e5,SEND,ACK,871,36,""
2981.472,receiver,af416b39-8b0b-4383-b8fd-ab44d75320e5,EMIT,ACK,862,36,""
2981.475,receiver,af416b39-8b0b-4383-b8fd-ab44d75320e5,RECEIVE,DATA,872,1060,""
2981.477,receiver,af416b39-8b0b-4383-b8fd-ab44d75320e5,OUT_OF_ORDER,DATA,872,0,"arrived before missing sequence=868"
2981.480,receiver,af416b39-8b0b-4383-b8fd-ab44d75320e5,ACCEPT_DATA,DATA,872,1024,"unique file bytes received"
2981.482,receiver,af416b39-8b0b-4383-b8fd-ab44d75320e5,EMIT,ACK,856,36,""
2981.485,receiver,af416b39-8b0b-4383-b8fd-ab44d75320e5,SEND,ACK,872,36,""
2981.490,receiver,af416b39-8b0b-4383-b8fd-ab44d75320e5,RECEIVE,DATA,870,1060,""
2981.493,receiver,af416b39-8b0b-4383-b8fd-ab44d75320e5,OUT_OF_ORDER,DATA,870,0,"arrived before missing sequence=868"
2981.495,receiver,af416b39-8b0b-4383-b8fd-ab44d75320e5,ACCEPT_DATA,DATA,870,1024,"unique file bytes received"
2981.498,receiver,af416b39-8b0b-4383-b8fd-ab44d75320e5,SEND,ACK,870,36,""
2981.506,receiver,af416b39-8b0b-4383-b8fd-ab44d75320e5,RECEIVE,DATA,868,1060,""
2981.513,receiver,af416b39-8b0b-4383-b8fd-ab44d75320e5,ACCEPT_DATA,DATA,868,1024,"unique file bytes received"
2981.515,receiver,af416b39-8b0b-4383-b8fd-ab44d75320e5,SEND,ACK,868,36,""
2997.490,receiver,af416b39-8b0b-4383-b8fd-ab44d75320e5,EMIT,ACK,859,36,""
2997.522,receiver,af416b39-8b0b-4383-b8fd-ab44d75320e5,RECEIVE,DATA,873,1060,""
2997.544,receiver,af416b39-8b0b-4383-b8fd-ab44d75320e5,ACCEPT_DATA,DATA,873,1024,"unique file bytes received"
2997.549,receiver,af416b39-8b0b-4383-b8fd-ab44d75320e5,SEND,ACK,873,36,""
2997.568,receiver,af416b39-8b0b-4383-b8fd-ab44d75320e5,RECEIVE,DATA,885,1060,""
2997.572,receiver,af416b39-8b0b-4383-b8fd-ab44d75320e5,OUT_OF_ORDER,DATA,885,0,"arrived before missing sequence=875"
2997.575,receiver,af416b39-8b0b-4383-b8fd-ab44d75320e5,ACCEPT_DATA,DATA,885,1024,"unique file bytes received"
2997.578,receiver,af416b39-8b0b-4383-b8fd-ab44d75320e5,SEND,ACK,885,36,""
2997.585,receiver,af416b39-8b0b-4383-b8fd-ab44d75320e5,RECEIVE,DATA,875,1060,""
2997.588,receiver,af416b39-8b0b-4383-b8fd-ab44d75320e5,ACCEPT_DATA,DATA,875,1024,"unique file bytes received"
2997.595,receiver,af416b39-8b0b-4383-b8fd-ab44d75320e5,SEND,ACK,875,36,""
2997.602,receiver,af416b39-8b0b-4383-b8fd-ab44d75320e5,RECEIVE,DATA,877,1060,""
2997.605,receiver,af416b39-8b0b-4383-b8fd-ab44d75320e5,OUT_OF_ORDER,DATA,877,0,"arrived before missing sequence=876"
2997.608,receiver,af416b39-8b0b-4383-b8fd-ab44d75320e5,ACCEPT_DATA,DATA,877,1024,"unique file bytes received"
2997.611,receiver,af416b39-8b0b-4383-b8fd-ab44d75320e5,SEND,ACK,877,36,""
2997.617,receiver,af416b39-8b0b-4383-b8fd-ab44d75320e5,RECEIVE,DATA,879,1060,""
2997.620,receiver,af416b39-8b0b-4383-b8fd-ab44d75320e5,OUT_OF_ORDER,DATA,879,0,"arrived before missing sequence=876"
2997.623,receiver,af416b39-8b0b-4383-b8fd-ab44d75320e5,ACCEPT_DATA,DATA,879,1024,"unique file bytes received"
2997.626,receiver,af416b39-8b0b-4383-b8fd-ab44d75320e5,SEND,ACK,879,36,""
2997.632,receiver,af416b39-8b0b-4383-b8fd-ab44d75320e5,RECEIVE,DATA,876,1060,""
2997.635,receiver,af416b39-8b0b-4383-b8fd-ab44d75320e5,ACCEPT_DATA,DATA,876,1024,"unique file bytes received"
2997.638,receiver,af416b39-8b0b-4383-b8fd-ab44d75320e5,SEND,ACK,876,36,""
2997.644,receiver,af416b39-8b0b-4383-b8fd-ab44d75320e5,RECEIVE,DATA,881,1060,""
2997.647,receiver,af416b39-8b0b-4383-b8fd-ab44d75320e5,OUT_OF_ORDER,DATA,881,0,"arrived before missing sequence=878"
2997.650,receiver,af416b39-8b0b-4383-b8fd-ab44d75320e5,ACCEPT_DATA,DATA,881,1024,"unique file bytes received"
2997.656,receiver,af416b39-8b0b-4383-b8fd-ab44d75320e5,SEND,ACK,881,36,""
2997.662,receiver,af416b39-8b0b-4383-b8fd-ab44d75320e5,RECEIVE,DATA,884,1060,""
2997.665,receiver,af416b39-8b0b-4383-b8fd-ab44d75320e5,OUT_OF_ORDER,DATA,884,0,"arrived before missing sequence=878"
2997.668,receiver,af416b39-8b0b-4383-b8fd-ab44d75320e5,ACCEPT_DATA,DATA,884,1024,"unique file bytes received"
2997.670,receiver,af416b39-8b0b-4383-b8fd-ab44d75320e5,SEND,ACK,884,36,""
2997.676,receiver,af416b39-8b0b-4383-b8fd-ab44d75320e5,RECEIVE,DATA,878,1060,""
2997.679,receiver,af416b39-8b0b-4383-b8fd-ab44d75320e5,ACCEPT_DATA,DATA,878,1024,"unique file bytes received"
2997.683,receiver,af416b39-8b0b-4383-b8fd-ab44d75320e5,SEND,ACK,878,36,""
2997.690,receiver,af416b39-8b0b-4383-b8fd-ab44d75320e5,RECEIVE,DATA,882,1060,""
2997.694,receiver,af416b39-8b0b-4383-b8fd-ab44d75320e5,OUT_OF_ORDER,DATA,882,0,"arrived before missing sequence=880"
2997.696,receiver,af416b39-8b0b-4383-b8fd-ab44d75320e5,ACCEPT_DATA,DATA,882,1024,"unique file bytes received"
2997.699,receiver,af416b39-8b0b-4383-b8fd-ab44d75320e5,SEND,ACK,882,36,""
2997.704,receiver,af416b39-8b0b-4383-b8fd-ab44d75320e5,RECEIVE,DATA,883,1060,""
2997.707,receiver,af416b39-8b0b-4383-b8fd-ab44d75320e5,OUT_OF_ORDER,DATA,883,0,"arrived before missing sequence=880"
2997.710,receiver,af416b39-8b0b-4383-b8fd-ab44d75320e5,ACCEPT_DATA,DATA,883,1024,"unique file bytes received"
2997.713,receiver,af416b39-8b0b-4383-b8fd-ab44d75320e5,SEND,ACK,883,36,""
2997.753,receiver,af416b39-8b0b-4383-b8fd-ab44d75320e5,RECEIVE,DATA,880,1060,""
2997.756,receiver,af416b39-8b0b-4383-b8fd-ab44d75320e5,ACCEPT_DATA,DATA,880,1024,"unique file bytes received"
2997.758,receiver,af416b39-8b0b-4383-b8fd-ab44d75320e5,SEND,ACK,880,36,""
3012.849,receiver,af416b39-8b0b-4383-b8fd-ab44d75320e5,EMIT,ACK,874,36,""
3012.924,receiver,af416b39-8b0b-4383-b8fd-ab44d75320e5,EMIT,ACK,864,36,""
3012.933,receiver,af416b39-8b0b-4383-b8fd-ab44d75320e5,EMIT,ACK,869,36,""
3012.942,receiver,af416b39-8b0b-4383-b8fd-ab44d75320e5,EMIT,ACK,868,36,""
3012.950,receiver,af416b39-8b0b-4383-b8fd-ab44d75320e5,EMIT,ACK,863,36,""
3012.984,receiver,af416b39-8b0b-4383-b8fd-ab44d75320e5,EMIT,ACK,866,36,""
3013.137,receiver,af416b39-8b0b-4383-b8fd-ab44d75320e5,RECEIVE,DATA,887,1060,""
3013.170,receiver,af416b39-8b0b-4383-b8fd-ab44d75320e5,OUT_OF_ORDER,DATA,887,0,"arrived before missing sequence=886"
3013.177,receiver,af416b39-8b0b-4383-b8fd-ab44d75320e5,ACCEPT_DATA,DATA,887,1024,"unique file bytes received"
3013.182,receiver,af416b39-8b0b-4383-b8fd-ab44d75320e5,SEND,ACK,887,36,""
3013.235,receiver,af416b39-8b0b-4383-b8fd-ab44d75320e5,RECEIVE,DATA,889,1060,""
3013.244,receiver,af416b39-8b0b-4383-b8fd-ab44d75320e5,OUT_OF_ORDER,DATA,889,0,"arrived before missing sequence=886"
3013.248,receiver,af416b39-8b0b-4383-b8fd-ab44d75320e5,ACCEPT_DATA,DATA,889,1024,"unique file bytes received"
3013.251,receiver,af416b39-8b0b-4383-b8fd-ab44d75320e5,SEND,ACK,889,36,""
3013.258,receiver,af416b39-8b0b-4383-b8fd-ab44d75320e5,RECEIVE,DATA,890,1060,""
3013.261,receiver,af416b39-8b0b-4383-b8fd-ab44d75320e5,OUT_OF_ORDER,DATA,890,0,"arrived before missing sequence=886"
3013.264,receiver,af416b39-8b0b-4383-b8fd-ab44d75320e5,ACCEPT_DATA,DATA,890,1024,"unique file bytes received"
3013.267,receiver,af416b39-8b0b-4383-b8fd-ab44d75320e5,SEND,ACK,890,36,""
3028.020,receiver,af416b39-8b0b-4383-b8fd-ab44d75320e5,EMIT,ACK,865,36,""
3028.064,receiver,af416b39-8b0b-4383-b8fd-ab44d75320e5,EMIT,ACK,872,36,""
3028.079,receiver,af416b39-8b0b-4383-b8fd-ab44d75320e5,RECEIVE,DATA,886,1060,""
3028.090,receiver,af416b39-8b0b-4383-b8fd-ab44d75320e5,EMIT,ACK,870,36,""
3028.096,receiver,af416b39-8b0b-4383-b8fd-ab44d75320e5,ACCEPT_DATA,DATA,886,1024,"unique file bytes received"
3028.100,receiver,af416b39-8b0b-4383-b8fd-ab44d75320e5,SEND,ACK,886,36,""
3028.107,receiver,af416b39-8b0b-4383-b8fd-ab44d75320e5,EMIT,ACK,871,36,""
3028.118,receiver,af416b39-8b0b-4383-b8fd-ab44d75320e5,RECEIVE,DATA,888,1060,""
3028.122,receiver,af416b39-8b0b-4383-b8fd-ab44d75320e5,ACCEPT_DATA,DATA,888,1024,"unique file bytes received"
3028.125,receiver,af416b39-8b0b-4383-b8fd-ab44d75320e5,EMIT,ACK,873,36,""
3028.131,receiver,af416b39-8b0b-4383-b8fd-ab44d75320e5,SEND,ACK,888,36,""
3028.141,receiver,af416b39-8b0b-4383-b8fd-ab44d75320e5,EMIT,ACK,867,36,""
3028.159,receiver,af416b39-8b0b-4383-b8fd-ab44d75320e5,EMIT,ACK,879,36,""
3028.176,receiver,af416b39-8b0b-4383-b8fd-ab44d75320e5,EMIT,ACK,881,36,""
3028.191,receiver,af416b39-8b0b-4383-b8fd-ab44d75320e5,EMIT,ACK,883,36,""
3028.211,receiver,af416b39-8b0b-4383-b8fd-ab44d75320e5,EMIT,ACK,877,36,""
3044.004,receiver,af416b39-8b0b-4383-b8fd-ab44d75320e5,EMIT,ACK,884,36,""
3044.078,receiver,af416b39-8b0b-4383-b8fd-ab44d75320e5,EMIT,ACK,875,36,""
3044.112,receiver,af416b39-8b0b-4383-b8fd-ab44d75320e5,EMIT,ACK,878,36,""
3044.152,receiver,af416b39-8b0b-4383-b8fd-ab44d75320e5,EMIT,ACK,885,36,""
3044.161,receiver,af416b39-8b0b-4383-b8fd-ab44d75320e5,EMIT,ACK,880,36,""
3044.173,receiver,af416b39-8b0b-4383-b8fd-ab44d75320e5,EMIT,ACK,882,36,""
3044.181,receiver,af416b39-8b0b-4383-b8fd-ab44d75320e5,EMIT,ACK,889,36,""
3044.282,receiver,af416b39-8b0b-4383-b8fd-ab44d75320e5,RECEIVE,DATA,893,1060,""
3044.314,receiver,af416b39-8b0b-4383-b8fd-ab44d75320e5,OUT_OF_ORDER,DATA,893,0,"arrived before missing sequence=891"
3044.325,receiver,af416b39-8b0b-4383-b8fd-ab44d75320e5,ACCEPT_DATA,DATA,893,1024,"unique file bytes received"
3044.334,receiver,af416b39-8b0b-4383-b8fd-ab44d75320e5,SEND,ACK,893,36,""
3044.370,receiver,af416b39-8b0b-4383-b8fd-ab44d75320e5,RECEIVE,DATA,892,1060,""
3044.374,receiver,af416b39-8b0b-4383-b8fd-ab44d75320e5,OUT_OF_ORDER,DATA,892,0,"arrived before missing sequence=891"
3044.377,receiver,af416b39-8b0b-4383-b8fd-ab44d75320e5,ACCEPT_DATA,DATA,892,1024,"unique file bytes received"
3044.379,receiver,af416b39-8b0b-4383-b8fd-ab44d75320e5,SEND,ACK,892,36,""
3044.385,receiver,af416b39-8b0b-4383-b8fd-ab44d75320e5,RECEIVE,DATA,894,1060,""
3044.388,receiver,af416b39-8b0b-4383-b8fd-ab44d75320e5,OUT_OF_ORDER,DATA,894,0,"arrived before missing sequence=891"
3044.391,receiver,af416b39-8b0b-4383-b8fd-ab44d75320e5,ACCEPT_DATA,DATA,894,1024,"unique file bytes received"
3044.393,receiver,af416b39-8b0b-4383-b8fd-ab44d75320e5,SEND,ACK,894,36,""
3044.399,receiver,af416b39-8b0b-4383-b8fd-ab44d75320e5,RECEIVE,DATA,891,1060,""
3044.402,receiver,af416b39-8b0b-4383-b8fd-ab44d75320e5,ACCEPT_DATA,DATA,891,1024,"unique file bytes received"
3044.405,receiver,af416b39-8b0b-4383-b8fd-ab44d75320e5,SEND,ACK,891,36,""
3059.938,receiver,af416b39-8b0b-4383-b8fd-ab44d75320e5,EMIT,ACK,876,36,""
3059.993,receiver,af416b39-8b0b-4383-b8fd-ab44d75320e5,EMIT,ACK,887,36,""
3060.016,receiver,af416b39-8b0b-4383-b8fd-ab44d75320e5,EMIT,ACK,890,36,""
3060.038,receiver,af416b39-8b0b-4383-b8fd-ab44d75320e5,EMIT,ACK,886,36,""
3060.231,receiver,af416b39-8b0b-4383-b8fd-ab44d75320e5,RECEIVE,DATA,896,1060,""
3060.246,receiver,af416b39-8b0b-4383-b8fd-ab44d75320e5,OUT_OF_ORDER,DATA,896,0,"arrived before missing sequence=895"
3060.262,receiver,af416b39-8b0b-4383-b8fd-ab44d75320e5,ACCEPT_DATA,DATA,896,1024,"unique file bytes received"
3060.266,receiver,af416b39-8b0b-4383-b8fd-ab44d75320e5,SEND,ACK,896,36,""
3060.284,receiver,af416b39-8b0b-4383-b8fd-ab44d75320e5,RECEIVE,DATA,895,1060,""
3060.288,receiver,af416b39-8b0b-4383-b8fd-ab44d75320e5,ACCEPT_DATA,DATA,895,1024,"unique file bytes received"
3060.291,receiver,af416b39-8b0b-4383-b8fd-ab44d75320e5,SEND,ACK,895,36,""
3060.297,receiver,af416b39-8b0b-4383-b8fd-ab44d75320e5,RECEIVE,DATA,902,1060,""
3060.301,receiver,af416b39-8b0b-4383-b8fd-ab44d75320e5,OUT_OF_ORDER,DATA,902,0,"arrived before missing sequence=897"
3060.304,receiver,af416b39-8b0b-4383-b8fd-ab44d75320e5,ACCEPT_DATA,DATA,902,1024,"unique file bytes received"
3060.307,receiver,af416b39-8b0b-4383-b8fd-ab44d75320e5,SEND,ACK,902,36,""
3060.313,receiver,af416b39-8b0b-4383-b8fd-ab44d75320e5,RECEIVE,DATA,898,1060,""
3060.317,receiver,af416b39-8b0b-4383-b8fd-ab44d75320e5,OUT_OF_ORDER,DATA,898,0,"arrived before missing sequence=897"
3060.328,receiver,af416b39-8b0b-4383-b8fd-ab44d75320e5,ACCEPT_DATA,DATA,898,1024,"unique file bytes received"
3060.331,receiver,af416b39-8b0b-4383-b8fd-ab44d75320e5,SEND,ACK,898,36,""
3060.338,receiver,af416b39-8b0b-4383-b8fd-ab44d75320e5,RECEIVE,DATA,901,1060,""
3060.341,receiver,af416b39-8b0b-4383-b8fd-ab44d75320e5,OUT_OF_ORDER,DATA,901,0,"arrived before missing sequence=897"
3060.344,receiver,af416b39-8b0b-4383-b8fd-ab44d75320e5,ACCEPT_DATA,DATA,901,1024,"unique file bytes received"
3060.347,receiver,af416b39-8b0b-4383-b8fd-ab44d75320e5,SEND,ACK,901,36,""
3060.353,receiver,af416b39-8b0b-4383-b8fd-ab44d75320e5,RECEIVE,DATA,903,1060,""
3060.357,receiver,af416b39-8b0b-4383-b8fd-ab44d75320e5,OUT_OF_ORDER,DATA,903,0,"arrived before missing sequence=897"
3060.360,receiver,af416b39-8b0b-4383-b8fd-ab44d75320e5,ACCEPT_DATA,DATA,903,1024,"unique file bytes received"
3060.362,receiver,af416b39-8b0b-4383-b8fd-ab44d75320e5,SEND,ACK,903,36,""
3076.175,receiver,af416b39-8b0b-4383-b8fd-ab44d75320e5,EMIT,ACK,888,36,""
3076.406,receiver,af416b39-8b0b-4383-b8fd-ab44d75320e5,RECEIVE,DATA,897,1060,""
3076.419,receiver,af416b39-8b0b-4383-b8fd-ab44d75320e5,ACCEPT_DATA,DATA,897,1024,"unique file bytes received"
3076.423,receiver,af416b39-8b0b-4383-b8fd-ab44d75320e5,SEND,ACK,897,36,""
3076.436,receiver,af416b39-8b0b-4383-b8fd-ab44d75320e5,RECEIVE,DATA,906,1060,""
3076.439,receiver,af416b39-8b0b-4383-b8fd-ab44d75320e5,OUT_OF_ORDER,DATA,906,0,"arrived before missing sequence=899"
3076.442,receiver,af416b39-8b0b-4383-b8fd-ab44d75320e5,ACCEPT_DATA,DATA,906,1024,"unique file bytes received"
3076.479,receiver,af416b39-8b0b-4383-b8fd-ab44d75320e5,SEND,ACK,906,36,""
3076.486,receiver,af416b39-8b0b-4383-b8fd-ab44d75320e5,RECEIVE,DATA,900,1060,""
3076.489,receiver,af416b39-8b0b-4383-b8fd-ab44d75320e5,OUT_OF_ORDER,DATA,900,0,"arrived before missing sequence=899"
3076.491,receiver,af416b39-8b0b-4383-b8fd-ab44d75320e5,ACCEPT_DATA,DATA,900,1024,"unique file bytes received"
3076.494,receiver,af416b39-8b0b-4383-b8fd-ab44d75320e5,SEND,ACK,900,36,""
3076.500,receiver,af416b39-8b0b-4383-b8fd-ab44d75320e5,RECEIVE,DATA,907,1060,""
3076.503,receiver,af416b39-8b0b-4383-b8fd-ab44d75320e5,OUT_OF_ORDER,DATA,907,0,"arrived before missing sequence=899"
3076.508,receiver,af416b39-8b0b-4383-b8fd-ab44d75320e5,ACCEPT_DATA,DATA,907,1024,"unique file bytes received"
3076.510,receiver,af416b39-8b0b-4383-b8fd-ab44d75320e5,SEND,ACK,907,36,""
3076.517,receiver,af416b39-8b0b-4383-b8fd-ab44d75320e5,RECEIVE,DATA,899,1060,""
3076.520,receiver,af416b39-8b0b-4383-b8fd-ab44d75320e5,ACCEPT_DATA,DATA,899,1024,"unique file bytes received"
3076.523,receiver,af416b39-8b0b-4383-b8fd-ab44d75320e5,SEND,ACK,899,36,""
3076.528,receiver,af416b39-8b0b-4383-b8fd-ab44d75320e5,RECEIVE,DATA,904,1060,""
3076.531,receiver,af416b39-8b0b-4383-b8fd-ab44d75320e5,ACCEPT_DATA,DATA,904,1024,"unique file bytes received"
3076.533,receiver,af416b39-8b0b-4383-b8fd-ab44d75320e5,SEND,ACK,904,36,""
3092.294,receiver,af416b39-8b0b-4383-b8fd-ab44d75320e5,EMIT,ACK,893,36,""
3092.335,receiver,af416b39-8b0b-4383-b8fd-ab44d75320e5,EMIT,ACK,901,36,""
3092.341,receiver,af416b39-8b0b-4383-b8fd-ab44d75320e5,RECEIVE,DATA,905,1060,""
3092.370,receiver,af416b39-8b0b-4383-b8fd-ab44d75320e5,EMIT,ACK,898,36,""
3092.377,receiver,af416b39-8b0b-4383-b8fd-ab44d75320e5,ACCEPT_DATA,DATA,905,1024,"unique file bytes received"
3092.388,receiver,af416b39-8b0b-4383-b8fd-ab44d75320e5,EMIT,ACK,896,36,""
3092.392,receiver,af416b39-8b0b-4383-b8fd-ab44d75320e5,SEND,ACK,905,36,""
3092.401,receiver,af416b39-8b0b-4383-b8fd-ab44d75320e5,EMIT,ACK,903,36,""
3092.410,receiver,af416b39-8b0b-4383-b8fd-ab44d75320e5,EMIT,ACK,891,36,""
3092.421,receiver,af416b39-8b0b-4383-b8fd-ab44d75320e5,EMIT,ACK,892,36,""
3092.427,receiver,af416b39-8b0b-4383-b8fd-ab44d75320e5,RECEIVE,DATA,910,1060,""
3092.432,receiver,af416b39-8b0b-4383-b8fd-ab44d75320e5,EMIT,ACK,894,36,""
3092.434,receiver,af416b39-8b0b-4383-b8fd-ab44d75320e5,OUT_OF_ORDER,DATA,910,0,"arrived before missing sequence=908"
3092.439,receiver,af416b39-8b0b-4383-b8fd-ab44d75320e5,ACCEPT_DATA,DATA,910,1024,"unique file bytes received"
3092.442,receiver,af416b39-8b0b-4383-b8fd-ab44d75320e5,SEND,ACK,910,36,""
3092.451,receiver,af416b39-8b0b-4383-b8fd-ab44d75320e5,RECEIVE,DATA,919,1060,""
3092.455,receiver,af416b39-8b0b-4383-b8fd-ab44d75320e5,OUT_OF_ORDER,DATA,919,0,"arrived before missing sequence=908"
3092.458,receiver,af416b39-8b0b-4383-b8fd-ab44d75320e5,ACCEPT_DATA,DATA,919,1024,"unique file bytes received"
3092.461,receiver,af416b39-8b0b-4383-b8fd-ab44d75320e5,SEND,ACK,919,36,""
3108.000,receiver,af416b39-8b0b-4383-b8fd-ab44d75320e5,RECEIVE,DATA,913,1060,""
3108.016,receiver,af416b39-8b0b-4383-b8fd-ab44d75320e5,EMIT,ACK,895,36,""
3108.050,receiver,af416b39-8b0b-4383-b8fd-ab44d75320e5,OUT_OF_ORDER,DATA,913,0,"arrived before missing sequence=908"
3108.060,receiver,af416b39-8b0b-4383-b8fd-ab44d75320e5,ACCEPT_DATA,DATA,913,1024,"unique file bytes received"
3108.065,receiver,af416b39-8b0b-4383-b8fd-ab44d75320e5,SEND,ACK,913,36,""
3108.089,receiver,af416b39-8b0b-4383-b8fd-ab44d75320e5,RECEIVE,DATA,916,1060,""
3108.096,receiver,af416b39-8b0b-4383-b8fd-ab44d75320e5,OUT_OF_ORDER,DATA,916,0,"arrived before missing sequence=908"
3108.102,receiver,af416b39-8b0b-4383-b8fd-ab44d75320e5,ACCEPT_DATA,DATA,916,1024,"unique file bytes received"
3108.107,receiver,af416b39-8b0b-4383-b8fd-ab44d75320e5,SEND,ACK,916,36,""
3108.119,receiver,af416b39-8b0b-4383-b8fd-ab44d75320e5,RECEIVE,DATA,917,1060,""
3108.125,receiver,af416b39-8b0b-4383-b8fd-ab44d75320e5,OUT_OF_ORDER,DATA,917,0,"arrived before missing sequence=908"
3108.131,receiver,af416b39-8b0b-4383-b8fd-ab44d75320e5,ACCEPT_DATA,DATA,917,1024,"unique file bytes received"
3108.136,receiver,af416b39-8b0b-4383-b8fd-ab44d75320e5,SEND,ACK,917,36,""
3108.156,receiver,af416b39-8b0b-4383-b8fd-ab44d75320e5,RECEIVE,DATA,918,1060,""
3108.162,receiver,af416b39-8b0b-4383-b8fd-ab44d75320e5,OUT_OF_ORDER,DATA,918,0,"arrived before missing sequence=908"
3108.166,receiver,af416b39-8b0b-4383-b8fd-ab44d75320e5,ACCEPT_DATA,DATA,918,1024,"unique file bytes received"
3108.170,receiver,af416b39-8b0b-4383-b8fd-ab44d75320e5,SEND,ACK,918,36,""
3108.191,receiver,af416b39-8b0b-4383-b8fd-ab44d75320e5,RECEIVE,DATA,912,1060,""
3108.196,receiver,af416b39-8b0b-4383-b8fd-ab44d75320e5,OUT_OF_ORDER,DATA,912,0,"arrived before missing sequence=908"
3108.200,receiver,af416b39-8b0b-4383-b8fd-ab44d75320e5,ACCEPT_DATA,DATA,912,1024,"unique file bytes received"
3108.216,receiver,af416b39-8b0b-4383-b8fd-ab44d75320e5,SEND,ACK,912,36,""
3108.225,receiver,af416b39-8b0b-4383-b8fd-ab44d75320e5,RECEIVE,DATA,920,1060,""
3108.230,receiver,af416b39-8b0b-4383-b8fd-ab44d75320e5,OUT_OF_ORDER,DATA,920,0,"arrived before missing sequence=908"
3108.234,receiver,af416b39-8b0b-4383-b8fd-ab44d75320e5,ACCEPT_DATA,DATA,920,1024,"unique file bytes received"
3108.239,receiver,af416b39-8b0b-4383-b8fd-ab44d75320e5,SEND,ACK,920,36,""
3108.249,receiver,af416b39-8b0b-4383-b8fd-ab44d75320e5,RECEIVE,DATA,909,1060,""
3108.254,receiver,af416b39-8b0b-4383-b8fd-ab44d75320e5,EMIT,ACK,902,36,""
3108.261,receiver,af416b39-8b0b-4383-b8fd-ab44d75320e5,OUT_OF_ORDER,DATA,909,0,"arrived before missing sequence=908"
3108.265,receiver,af416b39-8b0b-4383-b8fd-ab44d75320e5,ACCEPT_DATA,DATA,909,1024,"unique file bytes received"
3108.270,receiver,af416b39-8b0b-4383-b8fd-ab44d75320e5,SEND,ACK,909,36,""
3108.279,receiver,af416b39-8b0b-4383-b8fd-ab44d75320e5,RECEIVE,DATA,922,1060,""
3108.283,receiver,af416b39-8b0b-4383-b8fd-ab44d75320e5,OUT_OF_ORDER,DATA,922,0,"arrived before missing sequence=908"
3108.288,receiver,af416b39-8b0b-4383-b8fd-ab44d75320e5,ACCEPT_DATA,DATA,922,1024,"unique file bytes received"
3108.292,receiver,af416b39-8b0b-4383-b8fd-ab44d75320e5,SEND,ACK,922,36,""
3108.300,receiver,af416b39-8b0b-4383-b8fd-ab44d75320e5,RECEIVE,DATA,914,1060,""
3108.307,receiver,af416b39-8b0b-4383-b8fd-ab44d75320e5,OUT_OF_ORDER,DATA,914,0,"arrived before missing sequence=908"
3108.311,receiver,af416b39-8b0b-4383-b8fd-ab44d75320e5,ACCEPT_DATA,DATA,914,1024,"unique file bytes received"
3108.315,receiver,af416b39-8b0b-4383-b8fd-ab44d75320e5,SEND,ACK,914,36,""
3124.252,receiver,af416b39-8b0b-4383-b8fd-ab44d75320e5,RECEIVE,DATA,908,1060,""
3124.273,receiver,af416b39-8b0b-4383-b8fd-ab44d75320e5,ACCEPT_DATA,DATA,908,1024,"unique file bytes received"
3124.277,receiver,af416b39-8b0b-4383-b8fd-ab44d75320e5,SEND,ACK,908,36,""
3124.311,receiver,af416b39-8b0b-4383-b8fd-ab44d75320e5,RECEIVE,DATA,911,1060,""
3124.315,receiver,af416b39-8b0b-4383-b8fd-ab44d75320e5,ACCEPT_DATA,DATA,911,1024,"unique file bytes received"
3124.318,receiver,af416b39-8b0b-4383-b8fd-ab44d75320e5,SEND,ACK,911,36,""
3124.321,receiver,af416b39-8b0b-4383-b8fd-ab44d75320e5,EMIT,ACK,907,36,""
3124.332,receiver,af416b39-8b0b-4383-b8fd-ab44d75320e5,RECEIVE,DATA,915,1060,""
3124.336,receiver,af416b39-8b0b-4383-b8fd-ab44d75320e5,ACCEPT_DATA,DATA,915,1024,"unique file bytes received"
3124.339,receiver,af416b39-8b0b-4383-b8fd-ab44d75320e5,SEND,ACK,915,36,""
3124.346,receiver,af416b39-8b0b-4383-b8fd-ab44d75320e5,RECEIVE,DATA,924,1060,""
3124.349,receiver,af416b39-8b0b-4383-b8fd-ab44d75320e5,OUT_OF_ORDER,DATA,924,0,"arrived before missing sequence=921"
3124.352,receiver,af416b39-8b0b-4383-b8fd-ab44d75320e5,ACCEPT_DATA,DATA,924,1024,"unique file bytes received"
3124.355,receiver,af416b39-8b0b-4383-b8fd-ab44d75320e5,SEND,ACK,924,36,""
3124.367,receiver,af416b39-8b0b-4383-b8fd-ab44d75320e5,EMIT,ACK,897,36,""
3124.437,receiver,af416b39-8b0b-4383-b8fd-ab44d75320e5,EMIT,ACK,904,36,""
3124.460,receiver,af416b39-8b0b-4383-b8fd-ab44d75320e5,EMIT,ACK,905,36,""
3124.515,receiver,af416b39-8b0b-4383-b8fd-ab44d75320e5,EMIT,ACK,910,36,""
3124.525,receiver,af416b39-8b0b-4383-b8fd-ab44d75320e5,EMIT,ACK,899,36,""
3124.534,receiver,af416b39-8b0b-4383-b8fd-ab44d75320e5,EMIT,ACK,900,36,""
3124.543,receiver,af416b39-8b0b-4383-b8fd-ab44d75320e5,EMIT,ACK,906,36,""
3139.587,receiver,af416b39-8b0b-4383-b8fd-ab44d75320e5,EMIT,ACK,919,36,""
3139.695,receiver,af416b39-8b0b-4383-b8fd-ab44d75320e5,EMIT,ACK,914,36,""
3139.751,receiver,af416b39-8b0b-4383-b8fd-ab44d75320e5,EMIT,ACK,909,36,""
3139.793,receiver,af416b39-8b0b-4383-b8fd-ab44d75320e5,EMIT,ACK,913,36,""
3140.091,receiver,af416b39-8b0b-4383-b8fd-ab44d75320e5,RECEIVE,DATA,921,1060,""
3140.114,receiver,af416b39-8b0b-4383-b8fd-ab44d75320e5,ACCEPT_DATA,DATA,921,1024,"unique file bytes received"
3140.118,receiver,af416b39-8b0b-4383-b8fd-ab44d75320e5,SEND,ACK,921,36,""
3140.129,receiver,af416b39-8b0b-4383-b8fd-ab44d75320e5,RECEIVE,DATA,925,1060,""
3140.132,receiver,af416b39-8b0b-4383-b8fd-ab44d75320e5,OUT_OF_ORDER,DATA,925,0,"arrived before missing sequence=923"
3140.135,receiver,af416b39-8b0b-4383-b8fd-ab44d75320e5,ACCEPT_DATA,DATA,925,1024,"unique file bytes received"
3140.137,receiver,af416b39-8b0b-4383-b8fd-ab44d75320e5,SEND,ACK,925,36,""
3140.141,receiver,af416b39-8b0b-4383-b8fd-ab44d75320e5,RECEIVE,DATA,923,1060,""
3140.144,receiver,af416b39-8b0b-4383-b8fd-ab44d75320e5,ACCEPT_DATA,DATA,923,1024,"unique file bytes received"
3140.146,receiver,af416b39-8b0b-4383-b8fd-ab44d75320e5,SEND,ACK,923,36,""
3140.163,receiver,af416b39-8b0b-4383-b8fd-ab44d75320e5,RECEIVE,DATA,926,1060,""
3140.165,receiver,af416b39-8b0b-4383-b8fd-ab44d75320e5,ACCEPT_DATA,DATA,926,1024,"unique file bytes received"
3140.168,receiver,af416b39-8b0b-4383-b8fd-ab44d75320e5,SEND,ACK,926,36,""
3154.653,receiver,af416b39-8b0b-4383-b8fd-ab44d75320e5,RECEIVE,DATA,928,1060,""
3154.672,receiver,af416b39-8b0b-4383-b8fd-ab44d75320e5,EMIT,ACK,912,36,""
3154.684,receiver,af416b39-8b0b-4383-b8fd-ab44d75320e5,OUT_OF_ORDER,DATA,928,0,"arrived before missing sequence=927"
3154.688,receiver,af416b39-8b0b-4383-b8fd-ab44d75320e5,ACCEPT_DATA,DATA,928,1024,"unique file bytes received"
3154.691,receiver,af416b39-8b0b-4383-b8fd-ab44d75320e5,SEND,ACK,928,36,""
3154.698,receiver,af416b39-8b0b-4383-b8fd-ab44d75320e5,EMIT,ACK,916,36,""
3154.709,receiver,af416b39-8b0b-4383-b8fd-ab44d75320e5,RECEIVE,DATA,927,1060,""
3154.713,receiver,af416b39-8b0b-4383-b8fd-ab44d75320e5,EMIT,ACK,918,36,""
3154.717,receiver,af416b39-8b0b-4383-b8fd-ab44d75320e5,ACCEPT_DATA,DATA,927,1024,"unique file bytes received"
3154.720,receiver,af416b39-8b0b-4383-b8fd-ab44d75320e5,SEND,ACK,927,36,""
3154.724,receiver,af416b39-8b0b-4383-b8fd-ab44d75320e5,EMIT,ACK,917,36,""
3154.727,receiver,af416b39-8b0b-4383-b8fd-ab44d75320e5,RECEIVE,DATA,936,1060,""
3154.730,receiver,af416b39-8b0b-4383-b8fd-ab44d75320e5,OUT_OF_ORDER,DATA,936,0,"arrived before missing sequence=929"
3154.743,receiver,af416b39-8b0b-4383-b8fd-ab44d75320e5,EMIT,ACK,908,36,""
3154.747,receiver,af416b39-8b0b-4383-b8fd-ab44d75320e5,ACCEPT_DATA,DATA,936,1024,"unique file bytes received"
3154.749,receiver,af416b39-8b0b-4383-b8fd-ab44d75320e5,SEND,ACK,936,36,""
3154.753,receiver,af416b39-8b0b-4383-b8fd-ab44d75320e5,EMIT,ACK,915,36,""
3154.763,receiver,af416b39-8b0b-4383-b8fd-ab44d75320e5,EMIT,ACK,920,36,""
3170.356,receiver,af416b39-8b0b-4383-b8fd-ab44d75320e5,EMIT,ACK,922,36,""
3170.396,receiver,af416b39-8b0b-4383-b8fd-ab44d75320e5,EMIT,ACK,925,36,""
3170.407,receiver,af416b39-8b0b-4383-b8fd-ab44d75320e5,EMIT,ACK,924,36,""
3170.417,receiver,af416b39-8b0b-4383-b8fd-ab44d75320e5,EMIT,ACK,921,36,""
3170.627,receiver,af416b39-8b0b-4383-b8fd-ab44d75320e5,RECEIVE,DATA,935,1060,""
3170.692,receiver,af416b39-8b0b-4383-b8fd-ab44d75320e5,OUT_OF_ORDER,DATA,935,0,"arrived before missing sequence=929"
3170.718,receiver,af416b39-8b0b-4383-b8fd-ab44d75320e5,ACCEPT_DATA,DATA,935,1024,"unique file bytes received"
3170.723,receiver,af416b39-8b0b-4383-b8fd-ab44d75320e5,SEND,ACK,935,36,""
3170.783,receiver,af416b39-8b0b-4383-b8fd-ab44d75320e5,RECEIVE,DATA,933,1060,""
3170.797,receiver,af416b39-8b0b-4383-b8fd-ab44d75320e5,OUT_OF_ORDER,DATA,933,0,"arrived before missing sequence=929"
3170.801,receiver,af416b39-8b0b-4383-b8fd-ab44d75320e5,ACCEPT_DATA,DATA,933,1024,"unique file bytes received"
3170.804,receiver,af416b39-8b0b-4383-b8fd-ab44d75320e5,SEND,ACK,933,36,""
3170.827,receiver,af416b39-8b0b-4383-b8fd-ab44d75320e5,RECEIVE,DATA,930,1060,""
3170.831,receiver,af416b39-8b0b-4383-b8fd-ab44d75320e5,OUT_OF_ORDER,DATA,930,0,"arrived before missing sequence=929"
3170.833,receiver,af416b39-8b0b-4383-b8fd-ab44d75320e5,ACCEPT_DATA,DATA,930,1024,"unique file bytes received"
3170.836,receiver,af416b39-8b0b-4383-b8fd-ab44d75320e5,SEND,ACK,930,36,""
3170.842,receiver,af416b39-8b0b-4383-b8fd-ab44d75320e5,RECEIVE,DATA,938,1060,""
3170.845,receiver,af416b39-8b0b-4383-b8fd-ab44d75320e5,OUT_OF_ORDER,DATA,938,0,"arrived before missing sequence=929"
3170.848,receiver,af416b39-8b0b-4383-b8fd-ab44d75320e5,ACCEPT_DATA,DATA,938,1024,"unique file bytes received"
3170.850,receiver,af416b39-8b0b-4383-b8fd-ab44d75320e5,SEND,ACK,938,36,""
3170.856,receiver,af416b39-8b0b-4383-b8fd-ab44d75320e5,RECEIVE,DATA,937,1060,""
3170.859,receiver,af416b39-8b0b-4383-b8fd-ab44d75320e5,OUT_OF_ORDER,DATA,937,0,"arrived before missing sequence=929"
3170.862,receiver,af416b39-8b0b-4383-b8fd-ab44d75320e5,ACCEPT_DATA,DATA,937,1024,"unique file bytes received"
3170.864,receiver,af416b39-8b0b-4383-b8fd-ab44d75320e5,SEND,ACK,937,36,""
3170.874,receiver,af416b39-8b0b-4383-b8fd-ab44d75320e5,RECEIVE,DATA,932,1060,""
3170.876,receiver,af416b39-8b0b-4383-b8fd-ab44d75320e5,OUT_OF_ORDER,DATA,932,0,"arrived before missing sequence=929"
3170.879,receiver,af416b39-8b0b-4383-b8fd-ab44d75320e5,ACCEPT_DATA,DATA,932,1024,"unique file bytes received"
3170.881,receiver,af416b39-8b0b-4383-b8fd-ab44d75320e5,SEND,ACK,932,36,""
3186.652,receiver,af416b39-8b0b-4383-b8fd-ab44d75320e5,EMIT,ACK,911,36,""
3186.691,receiver,af416b39-8b0b-4383-b8fd-ab44d75320e5,EMIT,ACK,926,36,""
3186.703,receiver,af416b39-8b0b-4383-b8fd-ab44d75320e5,EMIT,ACK,923,36,""
3186.718,receiver,af416b39-8b0b-4383-b8fd-ab44d75320e5,RECEIVE,DATA,931,1060,""
3186.729,receiver,af416b39-8b0b-4383-b8fd-ab44d75320e5,EMIT,ACK,928,36,""
3186.734,receiver,af416b39-8b0b-4383-b8fd-ab44d75320e5,OUT_OF_ORDER,DATA,931,0,"arrived before missing sequence=929"
3186.739,receiver,af416b39-8b0b-4383-b8fd-ab44d75320e5,ACCEPT_DATA,DATA,931,1024,"unique file bytes received"
3186.743,receiver,af416b39-8b0b-4383-b8fd-ab44d75320e5,SEND,ACK,931,36,""
3186.763,receiver,af416b39-8b0b-4383-b8fd-ab44d75320e5,RECEIVE,DATA,929,1060,""
3186.767,receiver,af416b39-8b0b-4383-b8fd-ab44d75320e5,ACCEPT_DATA,DATA,929,1024,"unique file bytes received"
3186.771,receiver,af416b39-8b0b-4383-b8fd-ab44d75320e5,SEND,ACK,929,36,""
3186.779,receiver,af416b39-8b0b-4383-b8fd-ab44d75320e5,RECEIVE,DATA,934,1060,""
3186.786,receiver,af416b39-8b0b-4383-b8fd-ab44d75320e5,ACCEPT_DATA,DATA,934,1024,"unique file bytes received"
3186.790,receiver,af416b39-8b0b-4383-b8fd-ab44d75320e5,SEND,ACK,934,36,""
3186.799,receiver,af416b39-8b0b-4383-b8fd-ab44d75320e5,RECEIVE,DATA,939,1060,""
3186.802,receiver,af416b39-8b0b-4383-b8fd-ab44d75320e5,ACCEPT_DATA,DATA,939,1024,"unique file bytes received"
3186.806,receiver,af416b39-8b0b-4383-b8fd-ab44d75320e5,SEND,ACK,939,36,""
3186.812,receiver,af416b39-8b0b-4383-b8fd-ab44d75320e5,RECEIVE,DATA,940,1060,""
3186.816,receiver,af416b39-8b0b-4383-b8fd-ab44d75320e5,ACCEPT_DATA,DATA,940,1024,"unique file bytes received"
3186.822,receiver,af416b39-8b0b-4383-b8fd-ab44d75320e5,SEND,ACK,940,36,""
3201.674,receiver,af416b39-8b0b-4383-b8fd-ab44d75320e5,EMIT,ACK,927,36,""
3201.715,receiver,af416b39-8b0b-4383-b8fd-ab44d75320e5,EMIT,ACK,936,36,""
3201.725,receiver,af416b39-8b0b-4383-b8fd-ab44d75320e5,EMIT,ACK,933,36,""
3202.111,receiver,af416b39-8b0b-4383-b8fd-ab44d75320e5,RECEIVE,DATA,941,1060,""
3202.162,receiver,af416b39-8b0b-4383-b8fd-ab44d75320e5,ACCEPT_DATA,DATA,941,1024,"unique file bytes received"
3202.180,receiver,af416b39-8b0b-4383-b8fd-ab44d75320e5,SEND,ACK,941,36,""
3202.219,receiver,af416b39-8b0b-4383-b8fd-ab44d75320e5,RECEIVE,DATA,942,1060,""
3202.222,receiver,af416b39-8b0b-4383-b8fd-ab44d75320e5,ACCEPT_DATA,DATA,942,1024,"unique file bytes received"
3202.224,receiver,af416b39-8b0b-4383-b8fd-ab44d75320e5,SEND,ACK,942,36,""
3217.211,receiver,af416b39-8b0b-4383-b8fd-ab44d75320e5,EMIT,ACK,932,36,""
3217.250,receiver,af416b39-8b0b-4383-b8fd-ab44d75320e5,EMIT,ACK,935,36,""
3217.261,receiver,af416b39-8b0b-4383-b8fd-ab44d75320e5,EMIT,ACK,934,36,""
3217.270,receiver,af416b39-8b0b-4383-b8fd-ab44d75320e5,EMIT,ACK,930,36,""
3217.279,receiver,af416b39-8b0b-4383-b8fd-ab44d75320e5,EMIT,ACK,938,36,""
3217.287,receiver,af416b39-8b0b-4383-b8fd-ab44d75320e5,EMIT,ACK,937,36,""
3217.469,receiver,af416b39-8b0b-4383-b8fd-ab44d75320e5,RECEIVE,DATA,944,1060,""
3217.482,receiver,af416b39-8b0b-4383-b8fd-ab44d75320e5,OUT_OF_ORDER,DATA,944,0,"arrived before missing sequence=943"
3217.486,receiver,af416b39-8b0b-4383-b8fd-ab44d75320e5,ACCEPT_DATA,DATA,944,1024,"unique file bytes received"
3217.489,receiver,af416b39-8b0b-4383-b8fd-ab44d75320e5,SEND,ACK,944,36,""
3217.780,receiver,af416b39-8b0b-4383-b8fd-ab44d75320e5,RECEIVE,DATA,955,1060,""
3217.790,receiver,af416b39-8b0b-4383-b8fd-ab44d75320e5,OUT_OF_ORDER,DATA,955,0,"arrived before missing sequence=943"
3217.793,receiver,af416b39-8b0b-4383-b8fd-ab44d75320e5,ACCEPT_DATA,DATA,955,1024,"unique file bytes received"
3217.796,receiver,af416b39-8b0b-4383-b8fd-ab44d75320e5,SEND,ACK,955,36,""
3217.806,receiver,af416b39-8b0b-4383-b8fd-ab44d75320e5,RECEIVE,DATA,949,1060,""
3217.809,receiver,af416b39-8b0b-4383-b8fd-ab44d75320e5,OUT_OF_ORDER,DATA,949,0,"arrived before missing sequence=943"
3217.812,receiver,af416b39-8b0b-4383-b8fd-ab44d75320e5,ACCEPT_DATA,DATA,949,1024,"unique file bytes received"
3217.814,receiver,af416b39-8b0b-4383-b8fd-ab44d75320e5,SEND,ACK,949,36,""
3217.819,receiver,af416b39-8b0b-4383-b8fd-ab44d75320e5,RECEIVE,DATA,957,1060,""
3217.822,receiver,af416b39-8b0b-4383-b8fd-ab44d75320e5,OUT_OF_ORDER,DATA,957,0,"arrived before missing sequence=943"
3217.824,receiver,af416b39-8b0b-4383-b8fd-ab44d75320e5,ACCEPT_DATA,DATA,957,1024,"unique file bytes received"
3217.826,receiver,af416b39-8b0b-4383-b8fd-ab44d75320e5,SEND,ACK,957,36,""
3217.831,receiver,af416b39-8b0b-4383-b8fd-ab44d75320e5,RECEIVE,DATA,945,1060,""
3217.836,receiver,af416b39-8b0b-4383-b8fd-ab44d75320e5,OUT_OF_ORDER,DATA,945,0,"arrived before missing sequence=943"
3217.838,receiver,af416b39-8b0b-4383-b8fd-ab44d75320e5,ACCEPT_DATA,DATA,945,1024,"unique file bytes received"
3217.840,receiver,af416b39-8b0b-4383-b8fd-ab44d75320e5,SEND,ACK,945,36,""
3217.846,receiver,af416b39-8b0b-4383-b8fd-ab44d75320e5,RECEIVE,DATA,951,1060,""
3217.848,receiver,af416b39-8b0b-4383-b8fd-ab44d75320e5,OUT_OF_ORDER,DATA,951,0,"arrived before missing sequence=943"
3217.850,receiver,af416b39-8b0b-4383-b8fd-ab44d75320e5,ACCEPT_DATA,DATA,951,1024,"unique file bytes received"
3217.852,receiver,af416b39-8b0b-4383-b8fd-ab44d75320e5,SEND,ACK,951,36,""
3232.847,receiver,af416b39-8b0b-4383-b8fd-ab44d75320e5,EMIT,ACK,929,36,""
3232.905,receiver,af416b39-8b0b-4383-b8fd-ab44d75320e5,EMIT,ACK,940,36,""
3232.916,receiver,af416b39-8b0b-4383-b8fd-ab44d75320e5,EMIT,ACK,939,36,""
3232.924,receiver,af416b39-8b0b-4383-b8fd-ab44d75320e5,RECEIVE,DATA,953,1060,""
3232.941,receiver,af416b39-8b0b-4383-b8fd-ab44d75320e5,OUT_OF_ORDER,DATA,953,0,"arrived before missing sequence=943"
3232.945,receiver,af416b39-8b0b-4383-b8fd-ab44d75320e5,ACCEPT_DATA,DATA,953,1024,"unique file bytes received"
3232.950,receiver,af416b39-8b0b-4383-b8fd-ab44d75320e5,SEND,ACK,953,36,""
3232.975,receiver,af416b39-8b0b-4383-b8fd-ab44d75320e5,RECEIVE,DATA,956,1060,""
3232.981,receiver,af416b39-8b0b-4383-b8fd-ab44d75320e5,OUT_OF_ORDER,DATA,956,0,"arrived before missing sequence=943"
3232.990,receiver,af416b39-8b0b-4383-b8fd-ab44d75320e5,ACCEPT_DATA,DATA,956,1024,"unique file bytes received"
3232.992,receiver,af416b39-8b0b-4383-b8fd-ab44d75320e5,SEND,ACK,956,36,""
3232.999,receiver,af416b39-8b0b-4383-b8fd-ab44d75320e5,RECEIVE,DATA,952,1060,""
3233.003,receiver,af416b39-8b0b-4383-b8fd-ab44d75320e5,OUT_OF_ORDER,DATA,952,0,"arrived before missing sequence=943"
3233.006,receiver,af416b39-8b0b-4383-b8fd-ab44d75320e5,ACCEPT_DATA,DATA,952,1024,"unique file bytes received"
3233.008,receiver,af416b39-8b0b-4383-b8fd-ab44d75320e5,SEND,ACK,952,36,""
3233.018,receiver,af416b39-8b0b-4383-b8fd-ab44d75320e5,RECEIVE,DATA,958,1060,""
3233.023,receiver,af416b39-8b0b-4383-b8fd-ab44d75320e5,OUT_OF_ORDER,DATA,958,0,"arrived before missing sequence=943"
3233.026,receiver,af416b39-8b0b-4383-b8fd-ab44d75320e5,ACCEPT_DATA,DATA,958,1024,"unique file bytes received"
3233.029,receiver,af416b39-8b0b-4383-b8fd-ab44d75320e5,SEND,ACK,958,36,""
3233.035,receiver,af416b39-8b0b-4383-b8fd-ab44d75320e5,RECEIVE,DATA,946,1060,""
3233.038,receiver,af416b39-8b0b-4383-b8fd-ab44d75320e5,OUT_OF_ORDER,DATA,946,0,"arrived before missing sequence=943"
3233.041,receiver,af416b39-8b0b-4383-b8fd-ab44d75320e5,ACCEPT_DATA,DATA,946,1024,"unique file bytes received"
3233.044,receiver,af416b39-8b0b-4383-b8fd-ab44d75320e5,SEND,ACK,946,36,""
3233.050,receiver,af416b39-8b0b-4383-b8fd-ab44d75320e5,RECEIVE,DATA,948,1060,""
3233.053,receiver,af416b39-8b0b-4383-b8fd-ab44d75320e5,OUT_OF_ORDER,DATA,948,0,"arrived before missing sequence=943"
3233.055,receiver,af416b39-8b0b-4383-b8fd-ab44d75320e5,ACCEPT_DATA,DATA,948,1024,"unique file bytes received"
3233.058,receiver,af416b39-8b0b-4383-b8fd-ab44d75320e5,SEND,ACK,948,36,""
3233.064,receiver,af416b39-8b0b-4383-b8fd-ab44d75320e5,RECEIVE,DATA,950,1060,""
3233.067,receiver,af416b39-8b0b-4383-b8fd-ab44d75320e5,OUT_OF_ORDER,DATA,950,0,"arrived before missing sequence=943"
3233.070,receiver,af416b39-8b0b-4383-b8fd-ab44d75320e5,ACCEPT_DATA,DATA,950,1024,"unique file bytes received"
3233.073,receiver,af416b39-8b0b-4383-b8fd-ab44d75320e5,SEND,ACK,950,36,""
3233.079,receiver,af416b39-8b0b-4383-b8fd-ab44d75320e5,RECEIVE,DATA,959,1060,""
3233.083,receiver,af416b39-8b0b-4383-b8fd-ab44d75320e5,OUT_OF_ORDER,DATA,959,0,"arrived before missing sequence=943"
3233.085,receiver,af416b39-8b0b-4383-b8fd-ab44d75320e5,ACCEPT_DATA,DATA,959,1024,"unique file bytes received"
3233.088,receiver,af416b39-8b0b-4383-b8fd-ab44d75320e5,SEND,ACK,959,36,""
3248.772,receiver,af416b39-8b0b-4383-b8fd-ab44d75320e5,EMIT,ACK,942,36,""
3248.906,receiver,af416b39-8b0b-4383-b8fd-ab44d75320e5,EMIT,ACK,931,36,""
3248.940,receiver,af416b39-8b0b-4383-b8fd-ab44d75320e5,RECEIVE,DATA,947,1060,""
3248.957,receiver,af416b39-8b0b-4383-b8fd-ab44d75320e5,EMIT,ACK,941,36,""
3248.964,receiver,af416b39-8b0b-4383-b8fd-ab44d75320e5,OUT_OF_ORDER,DATA,947,0,"arrived before missing sequence=943"
3248.972,receiver,af416b39-8b0b-4383-b8fd-ab44d75320e5,ACCEPT_DATA,DATA,947,1024,"unique file bytes received"
3248.978,receiver,af416b39-8b0b-4383-b8fd-ab44d75320e5,SEND,ACK,947,36,""
3248.984,receiver,af416b39-8b0b-4383-b8fd-ab44d75320e5,EMIT,ACK,957,36,""
3249.008,receiver,af416b39-8b0b-4383-b8fd-ab44d75320e5,EMIT,ACK,951,36,""
3249.047,receiver,af416b39-8b0b-4383-b8fd-ab44d75320e5,RECEIVE,DATA,943,1060,""
3249.059,receiver,af416b39-8b0b-4383-b8fd-ab44d75320e5,ACCEPT_DATA,DATA,943,1024,"unique file bytes received"
3249.072,receiver,af416b39-8b0b-4383-b8fd-ab44d75320e5,SEND,ACK,943,36,""
3249.081,receiver,af416b39-8b0b-4383-b8fd-ab44d75320e5,RECEIVE,DATA,954,1060,""
3249.084,receiver,af416b39-8b0b-4383-b8fd-ab44d75320e5,ACCEPT_DATA,DATA,954,1024,"unique file bytes received"
3249.086,receiver,af416b39-8b0b-4383-b8fd-ab44d75320e5,SEND,ACK,954,36,""
3249.092,receiver,af416b39-8b0b-4383-b8fd-ab44d75320e5,RECEIVE,DATA,960,1060,""
3249.096,receiver,af416b39-8b0b-4383-b8fd-ab44d75320e5,ACCEPT_DATA,DATA,960,1024,"unique file bytes received"
3249.100,receiver,af416b39-8b0b-4383-b8fd-ab44d75320e5,SEND,ACK,960,36,""
3264.086,receiver,af416b39-8b0b-4383-b8fd-ab44d75320e5,EMIT,ACK,955,36,""
3264.109,receiver,af416b39-8b0b-4383-b8fd-ab44d75320e5,EMIT,ACK,949,36,""
3264.145,receiver,af416b39-8b0b-4383-b8fd-ab44d75320e5,EMIT,ACK,959,36,""
3264.153,receiver,af416b39-8b0b-4383-b8fd-ab44d75320e5,EMIT,ACK,958,36,""
3280.265,receiver,af416b39-8b0b-4383-b8fd-ab44d75320e5,RECEIVE,DATA,973,1060,""
3280.317,receiver,af416b39-8b0b-4383-b8fd-ab44d75320e5,EMIT,ACK,952,36,""
3280.328,receiver,af416b39-8b0b-4383-b8fd-ab44d75320e5,OUT_OF_ORDER,DATA,973,0,"arrived before missing sequence=961"
3280.353,receiver,af416b39-8b0b-4383-b8fd-ab44d75320e5,ACCEPT_DATA,DATA,973,1024,"unique file bytes received"
3280.380,receiver,af416b39-8b0b-4383-b8fd-ab44d75320e5,EMIT,ACK,945,36,""
3280.388,receiver,af416b39-8b0b-4383-b8fd-ab44d75320e5,SEND,ACK,973,36,""
3280.409,receiver,af416b39-8b0b-4383-b8fd-ab44d75320e5,EMIT,ACK,944,36,""
3280.429,receiver,af416b39-8b0b-4383-b8fd-ab44d75320e5,EMIT,ACK,946,36,""
3280.436,receiver,af416b39-8b0b-4383-b8fd-ab44d75320e5,RECEIVE,DATA,962,1060,""
3280.443,receiver,af416b39-8b0b-4383-b8fd-ab44d75320e5,OUT_OF_ORDER,DATA,962,0,"arrived before missing sequence=961"
3280.447,receiver,af416b39-8b0b-4383-b8fd-ab44d75320e5,EMIT,ACK,948,36,""
3280.453,receiver,af416b39-8b0b-4383-b8fd-ab44d75320e5,ACCEPT_DATA,DATA,962,1024,"unique file bytes received"
3280.456,receiver,af416b39-8b0b-4383-b8fd-ab44d75320e5,SEND,ACK,962,36,""
3280.465,receiver,af416b39-8b0b-4383-b8fd-ab44d75320e5,EMIT,ACK,950,36,""
3280.471,receiver,af416b39-8b0b-4383-b8fd-ab44d75320e5,RECEIVE,DATA,969,1060,""
3280.475,receiver,af416b39-8b0b-4383-b8fd-ab44d75320e5,OUT_OF_ORDER,DATA,969,0,"arrived before missing sequence=961"
3280.480,receiver,af416b39-8b0b-4383-b8fd-ab44d75320e5,ACCEPT_DATA,DATA,969,1024,"unique file bytes received"
3280.485,receiver,af416b39-8b0b-4383-b8fd-ab44d75320e5,SEND,ACK,969,36,""
3280.488,receiver,af416b39-8b0b-4383-b8fd-ab44d75320e5,EMIT,ACK,956,36,""
3280.494,receiver,af416b39-8b0b-4383-b8fd-ab44d75320e5,RECEIVE,DATA,971,1060,""
3280.498,receiver,af416b39-8b0b-4383-b8fd-ab44d75320e5,OUT_OF_ORDER,DATA,971,0,"arrived before missing sequence=961"
3280.501,receiver,af416b39-8b0b-4383-b8fd-ab44d75320e5,ACCEPT_DATA,DATA,971,1024,"unique file bytes received"
3280.504,receiver,af416b39-8b0b-4383-b8fd-ab44d75320e5,SEND,ACK,971,36,""
3280.507,receiver,af416b39-8b0b-4383-b8fd-ab44d75320e5,EMIT,ACK,953,36,""
3280.513,receiver,af416b39-8b0b-4383-b8fd-ab44d75320e5,RECEIVE,DATA,967,1060,""
3280.517,receiver,af416b39-8b0b-4383-b8fd-ab44d75320e5,OUT_OF_ORDER,DATA,967,0,"arrived before missing sequence=961"
3280.520,receiver,af416b39-8b0b-4383-b8fd-ab44d75320e5,ACCEPT_DATA,DATA,967,1024,"unique file bytes received"
3280.523,receiver,af416b39-8b0b-4383-b8fd-ab44d75320e5,SEND,ACK,967,36,""
3280.530,receiver,af416b39-8b0b-4383-b8fd-ab44d75320e5,RECEIVE,DATA,961,1060,""
3280.534,receiver,af416b39-8b0b-4383-b8fd-ab44d75320e5,ACCEPT_DATA,DATA,961,1024,"unique file bytes received"
3280.537,receiver,af416b39-8b0b-4383-b8fd-ab44d75320e5,SEND,ACK,961,36,""
3295.182,receiver,af416b39-8b0b-4383-b8fd-ab44d75320e5,EMIT,ACK,947,36,""
3295.221,receiver,af416b39-8b0b-4383-b8fd-ab44d75320e5,EMIT,ACK,954,36,""
3295.235,receiver,af416b39-8b0b-4383-b8fd-ab44d75320e5,EMIT,ACK,943,36,""
3295.247,receiver,af416b39-8b0b-4383-b8fd-ab44d75320e5,EMIT,ACK,960,36,""
3295.278,receiver,af416b39-8b0b-4383-b8fd-ab44d75320e5,RECEIVE,DATA,963,1060,""
3295.293,receiver,af416b39-8b0b-4383-b8fd-ab44d75320e5,ACCEPT_DATA,DATA,963,1024,"unique file bytes received"
3295.298,receiver,af416b39-8b0b-4383-b8fd-ab44d75320e5,SEND,ACK,963,36,""
3295.315,receiver,af416b39-8b0b-4383-b8fd-ab44d75320e5,RECEIVE,DATA,965,1060,""
3295.319,receiver,af416b39-8b0b-4383-b8fd-ab44d75320e5,OUT_OF_ORDER,DATA,965,0,"arrived before missing sequence=964"
3295.322,receiver,af416b39-8b0b-4383-b8fd-ab44d75320e5,ACCEPT_DATA,DATA,965,1024,"unique file bytes received"
3295.325,receiver,af416b39-8b0b-4383-b8fd-ab44d75320e5,SEND,ACK,965,36,""
3295.331,receiver,af416b39-8b0b-4383-b8fd-ab44d75320e5,RECEIVE,DATA,964,1060,""
3295.335,receiver,af416b39-8b0b-4383-b8fd-ab44d75320e5,ACCEPT_DATA,DATA,964,1024,"unique file bytes received"
3295.338,receiver,af416b39-8b0b-4383-b8fd-ab44d75320e5,SEND,ACK,964,36,""
3295.344,receiver,af416b39-8b0b-4383-b8fd-ab44d75320e5,RECEIVE,DATA,970,1060,""
3295.347,receiver,af416b39-8b0b-4383-b8fd-ab44d75320e5,OUT_OF_ORDER,DATA,970,0,"arrived before missing sequence=966"
3295.350,receiver,af416b39-8b0b-4383-b8fd-ab44d75320e5,ACCEPT_DATA,DATA,970,1024,"unique file bytes received"
3295.353,receiver,af416b39-8b0b-4383-b8fd-ab44d75320e5,SEND,ACK,970,36,""
3295.359,receiver,af416b39-8b0b-4383-b8fd-ab44d75320e5,RECEIVE,DATA,966,1060,""
3295.363,receiver,af416b39-8b0b-4383-b8fd-ab44d75320e5,ACCEPT_DATA,DATA,966,1024,"unique file bytes received"
3295.366,receiver,af416b39-8b0b-4383-b8fd-ab44d75320e5,SEND,ACK,966,36,""
3295.371,receiver,af416b39-8b0b-4383-b8fd-ab44d75320e5,RECEIVE,DATA,974,1060,""
3295.375,receiver,af416b39-8b0b-4383-b8fd-ab44d75320e5,OUT_OF_ORDER,DATA,974,0,"arrived before missing sequence=968"
3295.378,receiver,af416b39-8b0b-4383-b8fd-ab44d75320e5,ACCEPT_DATA,DATA,974,1024,"unique file bytes received"
3295.381,receiver,af416b39-8b0b-4383-b8fd-ab44d75320e5,SEND,ACK,974,36,""
3295.386,receiver,af416b39-8b0b-4383-b8fd-ab44d75320e5,RECEIVE,DATA,972,1060,""
3295.390,receiver,af416b39-8b0b-4383-b8fd-ab44d75320e5,OUT_OF_ORDER,DATA,972,0,"arrived before missing sequence=968"
3295.392,receiver,af416b39-8b0b-4383-b8fd-ab44d75320e5,ACCEPT_DATA,DATA,972,1024,"unique file bytes received"
3295.395,receiver,af416b39-8b0b-4383-b8fd-ab44d75320e5,SEND,ACK,972,36,""
3295.401,receiver,af416b39-8b0b-4383-b8fd-ab44d75320e5,RECEIVE,DATA,968,1060,""
3295.407,receiver,af416b39-8b0b-4383-b8fd-ab44d75320e5,ACCEPT_DATA,DATA,968,1024,"unique file bytes received"
3295.411,receiver,af416b39-8b0b-4383-b8fd-ab44d75320e5,SEND,ACK,968,36,""
3325.510,receiver,af416b39-8b0b-4383-b8fd-ab44d75320e5,EMIT,ACK,971,36,""
3325.583,receiver,af416b39-8b0b-4383-b8fd-ab44d75320e5,EMIT,ACK,962,36,""
3325.597,receiver,af416b39-8b0b-4383-b8fd-ab44d75320e5,RECEIVE,DATA,983,1060,""
3325.638,receiver,af416b39-8b0b-4383-b8fd-ab44d75320e5,EMIT,ACK,967,36,""
3325.649,receiver,af416b39-8b0b-4383-b8fd-ab44d75320e5,OUT_OF_ORDER,DATA,983,0,"arrived before missing sequence=975"
3325.668,receiver,af416b39-8b0b-4383-b8fd-ab44d75320e5,EMIT,ACK,970,36,""
3325.677,receiver,af416b39-8b0b-4383-b8fd-ab44d75320e5,ACCEPT_DATA,DATA,983,1024,"unique file bytes received"
3325.691,receiver,af416b39-8b0b-4383-b8fd-ab44d75320e5,SEND,ACK,983,36,""
3325.706,receiver,af416b39-8b0b-4383-b8fd-ab44d75320e5,EMIT,ACK,961,36,""
3325.733,receiver,af416b39-8b0b-4383-b8fd-ab44d75320e5,RECEIVE,DATA,989,1060,""
3325.736,receiver,af416b39-8b0b-4383-b8fd-ab44d75320e5,OUT_OF_ORDER,DATA,989,0,"arrived before missing sequence=975"
3325.739,receiver,af416b39-8b0b-4383-b8fd-ab44d75320e5,EMIT,ACK,972,36,""
3325.747,receiver,af416b39-8b0b-4383-b8fd-ab44d75320e5,ACCEPT_DATA,DATA,989,1024,"unique file bytes received"
3325.749,receiver,af416b39-8b0b-4383-b8fd-ab44d75320e5,SEND,ACK,989,36,""
3325.779,receiver,af416b39-8b0b-4383-b8fd-ab44d75320e5,EMIT,ACK,966,36,""
3325.782,receiver,af416b39-8b0b-4383-b8fd-ab44d75320e5,RECEIVE,DATA,978,1060,""
3325.785,receiver,af416b39-8b0b-4383-b8fd-ab44d75320e5,OUT_OF_ORDER,DATA,978,0,"arrived before missing sequence=975"
3325.788,receiver,af416b39-8b0b-4383-b8fd-ab44d75320e5,ACCEPT_DATA,DATA,978,1024,"unique file bytes received"
3325.790,receiver,af416b39-8b0b-4383-b8fd-ab44d75320e5,SEND,ACK,978,36,""
3325.795,receiver,af416b39-8b0b-4383-b8fd-ab44d75320e5,RECEIVE,DATA,984,1060,""
3325.798,receiver,af416b39-8b0b-4383-b8fd-ab44d75320e5,OUT_OF_ORDER,DATA,984,0,"arrived before missing sequence=975"
3325.800,receiver,af416b39-8b0b-4383-b8fd-ab44d75320e5,ACCEPT_DATA,DATA,984,1024,"unique file bytes received"
3325.803,receiver,af416b39-8b0b-4383-b8fd-ab44d75320e5,SEND,ACK,984,36,""
3325.807,receiver,af416b39-8b0b-4383-b8fd-ab44d75320e5,RECEIVE,DATA,976,1060,""
3325.810,receiver,af416b39-8b0b-4383-b8fd-ab44d75320e5,OUT_OF_ORDER,DATA,976,0,"arrived before missing sequence=975"
3325.812,receiver,af416b39-8b0b-4383-b8fd-ab44d75320e5,ACCEPT_DATA,DATA,976,1024,"unique file bytes received"
3325.815,receiver,af416b39-8b0b-4383-b8fd-ab44d75320e5,SEND,ACK,976,36,""
3340.833,receiver,af416b39-8b0b-4383-b8fd-ab44d75320e5,EMIT,ACK,969,36,""
3341.013,receiver,af416b39-8b0b-4383-b8fd-ab44d75320e5,EMIT,ACK,973,36,""
3341.028,receiver,af416b39-8b0b-4383-b8fd-ab44d75320e5,EMIT,ACK,963,36,""
3341.038,receiver,af416b39-8b0b-4383-b8fd-ab44d75320e5,EMIT,ACK,965,36,""
3341.047,receiver,af416b39-8b0b-4383-b8fd-ab44d75320e5,EMIT,ACK,964,36,""
3341.057,receiver,af416b39-8b0b-4383-b8fd-ab44d75320e5,EMIT,ACK,974,36,""
3341.150,receiver,af416b39-8b0b-4383-b8fd-ab44d75320e5,RECEIVE,DATA,985,1060,""
3341.187,receiver,af416b39-8b0b-4383-b8fd-ab44d75320e5,OUT_OF_ORDER,DATA,985,0,"arrived before missing sequence=975"
3341.199,receiver,af416b39-8b0b-4383-b8fd-ab44d75320e5,ACCEPT_DATA,DATA,985,1024,"unique file bytes received"
3341.208,receiver,af416b39-8b0b-4383-b8fd-ab44d75320e5,SEND,ACK,985,36,""
3341.223,receiver,af416b39-8b0b-4383-b8fd-ab44d75320e5,RECEIVE,DATA,986,1060,""
3341.226,receiver,af416b39-8b0b-4383-b8fd-ab44d75320e5,OUT_OF_ORDER,DATA,986,0,"arrived before missing sequence=975"
3341.230,receiver,af416b39-8b0b-4383-b8fd-ab44d75320e5,ACCEPT_DATA,DATA,986,1024,"unique file bytes received"
3341.233,receiver,af416b39-8b0b-4383-b8fd-ab44d75320e5,SEND,ACK,986,36,""
3341.239,receiver,af416b39-8b0b-4383-b8fd-ab44d75320e5,RECEIVE,DATA,975,1060,""
3341.243,receiver,af416b39-8b0b-4383-b8fd-ab44d75320e5,ACCEPT_DATA,DATA,975,1024,"unique file bytes received"
3341.245,receiver,af416b39-8b0b-4383-b8fd-ab44d75320e5,SEND,ACK,975,36,""
3341.250,receiver,af416b39-8b0b-4383-b8fd-ab44d75320e5,RECEIVE,DATA,982,1060,""
3341.253,receiver,af416b39-8b0b-4383-b8fd-ab44d75320e5,OUT_OF_ORDER,DATA,982,0,"arrived before missing sequence=977"
3341.255,receiver,af416b39-8b0b-4383-b8fd-ab44d75320e5,ACCEPT_DATA,DATA,982,1024,"unique file bytes received"
3341.258,receiver,af416b39-8b0b-4383-b8fd-ab44d75320e5,SEND,ACK,982,36,""
3341.263,receiver,af416b39-8b0b-4383-b8fd-ab44d75320e5,RECEIVE,DATA,992,1060,""
3341.266,receiver,af416b39-8b0b-4383-b8fd-ab44d75320e5,OUT_OF_ORDER,DATA,992,0,"arrived before missing sequence=977"
3341.268,receiver,af416b39-8b0b-4383-b8fd-ab44d75320e5,ACCEPT_DATA,DATA,992,1024,"unique file bytes received"
3341.271,receiver,af416b39-8b0b-4383-b8fd-ab44d75320e5,SEND,ACK,992,36,""
3341.276,receiver,af416b39-8b0b-4383-b8fd-ab44d75320e5,RECEIVE,DATA,988,1060,""
3341.278,receiver,af416b39-8b0b-4383-b8fd-ab44d75320e5,OUT_OF_ORDER,DATA,988,0,"arrived before missing sequence=977"
3341.281,receiver,af416b39-8b0b-4383-b8fd-ab44d75320e5,ACCEPT_DATA,DATA,988,1024,"unique file bytes received"
3341.284,receiver,af416b39-8b0b-4383-b8fd-ab44d75320e5,SEND,ACK,988,36,""
3341.289,receiver,af416b39-8b0b-4383-b8fd-ab44d75320e5,RECEIVE,DATA,980,1060,""
3341.292,receiver,af416b39-8b0b-4383-b8fd-ab44d75320e5,OUT_OF_ORDER,DATA,980,0,"arrived before missing sequence=977"
3341.294,receiver,af416b39-8b0b-4383-b8fd-ab44d75320e5,ACCEPT_DATA,DATA,980,1024,"unique file bytes received"
3341.297,receiver,af416b39-8b0b-4383-b8fd-ab44d75320e5,SEND,ACK,980,36,""
3341.302,receiver,af416b39-8b0b-4383-b8fd-ab44d75320e5,RECEIVE,DATA,977,1060,""
3341.305,receiver,af416b39-8b0b-4383-b8fd-ab44d75320e5,ACCEPT_DATA,DATA,977,1024,"unique file bytes received"
3341.307,receiver,af416b39-8b0b-4383-b8fd-ab44d75320e5,SEND,ACK,977,36,""
3341.312,receiver,af416b39-8b0b-4383-b8fd-ab44d75320e5,RECEIVE,DATA,991,1060,""
3341.315,receiver,af416b39-8b0b-4383-b8fd-ab44d75320e5,OUT_OF_ORDER,DATA,991,0,"arrived before missing sequence=979"
3341.319,receiver,af416b39-8b0b-4383-b8fd-ab44d75320e5,ACCEPT_DATA,DATA,991,1024,"unique file bytes received"
3341.322,receiver,af416b39-8b0b-4383-b8fd-ab44d75320e5,SEND,ACK,991,36,""
3355.889,receiver,af416b39-8b0b-4383-b8fd-ab44d75320e5,RECEIVE,DATA,979,1060,""
3355.921,receiver,af416b39-8b0b-4383-b8fd-ab44d75320e5,ACCEPT_DATA,DATA,979,1024,"unique file bytes received"
3355.925,receiver,af416b39-8b0b-4383-b8fd-ab44d75320e5,SEND,ACK,979,36,""
3355.929,receiver,af416b39-8b0b-4383-b8fd-ab44d75320e5,EMIT,ACK,968,36,""
3355.941,receiver,af416b39-8b0b-4383-b8fd-ab44d75320e5,RECEIVE,DATA,981,1060,""
3355.945,receiver,af416b39-8b0b-4383-b8fd-ab44d75320e5,ACCEPT_DATA,DATA,981,1024,"unique file bytes received"
3355.947,receiver,af416b39-8b0b-4383-b8fd-ab44d75320e5,SEND,ACK,981,36,""
3355.950,receiver,af416b39-8b0b-4383-b8fd-ab44d75320e5,EMIT,ACK,978,36,""
3355.954,receiver,af416b39-8b0b-4383-b8fd-ab44d75320e5,RECEIVE,DATA,990,1060,""
3355.957,receiver,af416b39-8b0b-4383-b8fd-ab44d75320e5,OUT_OF_ORDER,DATA,990,0,"arrived before missing sequence=987"
3355.960,receiver,af416b39-8b0b-4383-b8fd-ab44d75320e5,ACCEPT_DATA,DATA,990,1024,"unique file bytes received"
3355.963,receiver,af416b39-8b0b-4383-b8fd-ab44d75320e5,SEND,ACK,990,36,""
3355.969,receiver,af416b39-8b0b-4383-b8fd-ab44d75320e5,RECEIVE,DATA,987,1060,""
3355.971,receiver,af416b39-8b0b-4383-b8fd-ab44d75320e5,ACCEPT_DATA,DATA,987,1024,"unique file bytes received"
3355.974,receiver,af416b39-8b0b-4383-b8fd-ab44d75320e5,SEND,ACK,987,36,""
3371.948,receiver,af416b39-8b0b-4383-b8fd-ab44d75320e5,EMIT,ACK,984,36,""
3371.959,receiver,af416b39-8b0b-4383-b8fd-ab44d75320e5,RECEIVE,DATA,993,1060,""
3371.971,receiver,af416b39-8b0b-4383-b8fd-ab44d75320e5,EMIT,ACK,989,36,""
3371.975,receiver,af416b39-8b0b-4383-b8fd-ab44d75320e5,ACCEPT_DATA,DATA,993,1024,"unique file bytes received"
3371.980,receiver,af416b39-8b0b-4383-b8fd-ab44d75320e5,SEND,ACK,993,36,""
3371.983,receiver,af416b39-8b0b-4383-b8fd-ab44d75320e5,EMIT,ACK,983,36,""
3387.334,receiver,af416b39-8b0b-4383-b8fd-ab44d75320e5,EMIT,ACK,980,36,""
3387.362,receiver,af416b39-8b0b-4383-b8fd-ab44d75320e5,EMIT,ACK,976,36,""
3387.371,receiver,af416b39-8b0b-4383-b8fd-ab44d75320e5,EMIT,ACK,986,36,""
3387.385,receiver,af416b39-8b0b-4383-b8fd-ab44d75320e5,EMIT,ACK,977,36,""
3387.393,receiver,af416b39-8b0b-4383-b8fd-ab44d75320e5,EMIT,ACK,981,36,""
3387.401,receiver,af416b39-8b0b-4383-b8fd-ab44d75320e5,EMIT,ACK,985,36,""
3387.409,receiver,af416b39-8b0b-4383-b8fd-ab44d75320e5,EMIT,ACK,991,36,""
3387.416,receiver,af416b39-8b0b-4383-b8fd-ab44d75320e5,EMIT,ACK,982,36,""
3387.682,receiver,af416b39-8b0b-4383-b8fd-ab44d75320e5,RECEIVE,DATA,995,1060,""
3387.696,receiver,af416b39-8b0b-4383-b8fd-ab44d75320e5,OUT_OF_ORDER,DATA,995,0,"arrived before missing sequence=994"
3387.700,receiver,af416b39-8b0b-4383-b8fd-ab44d75320e5,ACCEPT_DATA,DATA,995,1024,"unique file bytes received"
3387.704,receiver,af416b39-8b0b-4383-b8fd-ab44d75320e5,SEND,ACK,995,36,""
3387.727,receiver,af416b39-8b0b-4383-b8fd-ab44d75320e5,RECEIVE,DATA,994,1060,""
3387.730,receiver,af416b39-8b0b-4383-b8fd-ab44d75320e5,ACCEPT_DATA,DATA,994,1024,"unique file bytes received"
3387.733,receiver,af416b39-8b0b-4383-b8fd-ab44d75320e5,SEND,ACK,994,36,""
3387.739,receiver,af416b39-8b0b-4383-b8fd-ab44d75320e5,RECEIVE,DATA,996,1060,""
3387.742,receiver,af416b39-8b0b-4383-b8fd-ab44d75320e5,ACCEPT_DATA,DATA,996,1024,"unique file bytes received"
3387.745,receiver,af416b39-8b0b-4383-b8fd-ab44d75320e5,SEND,ACK,996,36,""
3387.750,receiver,af416b39-8b0b-4383-b8fd-ab44d75320e5,RECEIVE,DATA,998,1060,""
3387.753,receiver,af416b39-8b0b-4383-b8fd-ab44d75320e5,OUT_OF_ORDER,DATA,998,0,"arrived before missing sequence=997"
3387.756,receiver,af416b39-8b0b-4383-b8fd-ab44d75320e5,ACCEPT_DATA,DATA,998,1024,"unique file bytes received"
3387.759,receiver,af416b39-8b0b-4383-b8fd-ab44d75320e5,SEND,ACK,998,36,""
3387.764,receiver,af416b39-8b0b-4383-b8fd-ab44d75320e5,RECEIVE,DATA,999,1060,""
3387.767,receiver,af416b39-8b0b-4383-b8fd-ab44d75320e5,OUT_OF_ORDER,DATA,999,0,"arrived before missing sequence=997"
3387.770,receiver,af416b39-8b0b-4383-b8fd-ab44d75320e5,ACCEPT_DATA,DATA,999,1024,"unique file bytes received"
3387.773,receiver,af416b39-8b0b-4383-b8fd-ab44d75320e5,SEND,ACK,999,36,""
3388.134,receiver,af416b39-8b0b-4383-b8fd-ab44d75320e5,RECEIVE,DATA,997,1060,""
3388.166,receiver,af416b39-8b0b-4383-b8fd-ab44d75320e5,ACCEPT_DATA,DATA,997,1024,"unique file bytes received"
3388.183,receiver,af416b39-8b0b-4383-b8fd-ab44d75320e5,SEND,ACK,997,36,""
3388.192,receiver,af416b39-8b0b-4383-b8fd-ab44d75320e5,RECEIVE,DATA,1003,1060,""
3388.194,receiver,af416b39-8b0b-4383-b8fd-ab44d75320e5,OUT_OF_ORDER,DATA,1003,0,"arrived before missing sequence=1000"
3388.241,receiver,af416b39-8b0b-4383-b8fd-ab44d75320e5,ACCEPT_DATA,DATA,1003,1024,"unique file bytes received"
3388.244,receiver,af416b39-8b0b-4383-b8fd-ab44d75320e5,SEND,ACK,1003,36,""
3403.223,receiver,af416b39-8b0b-4383-b8fd-ab44d75320e5,EMIT,ACK,975,36,""
3403.236,receiver,af416b39-8b0b-4383-b8fd-ab44d75320e5,RECEIVE,DATA,1005,1060,""
3403.263,receiver,af416b39-8b0b-4383-b8fd-ab44d75320e5,EMIT,ACK,992,36,""
3403.270,receiver,af416b39-8b0b-4383-b8fd-ab44d75320e5,OUT_OF_ORDER,DATA,1005,0,"arrived before missing sequence=1000"
3403.281,receiver,af416b39-8b0b-4383-b8fd-ab44d75320e5,EMIT,ACK,988,36,""
3403.284,receiver,af416b39-8b0b-4383-b8fd-ab44d75320e5,ACCEPT_DATA,DATA,1005,1024,"unique file bytes received"
3403.293,receiver,af416b39-8b0b-4383-b8fd-ab44d75320e5,EMIT,ACK,987,36,""
3403.296,receiver,af416b39-8b0b-4383-b8fd-ab44d75320e5,SEND,ACK,1005,36,""
3403.304,receiver,af416b39-8b0b-4383-b8fd-ab44d75320e5,EMIT,ACK,979,36,""
3403.329,receiver,af416b39-8b0b-4383-b8fd-ab44d75320e5,RECEIVE,DATA,1004,1060,""
3403.333,receiver,af416b39-8b0b-4383-b8fd-ab44d75320e5,OUT_OF_ORDER,DATA,1004,0,"arrived before missing sequence=1000"
3403.336,receiver,af416b39-8b0b-4383-b8fd-ab44d75320e5,ACCEPT_DATA,DATA,1004,1024,"unique file bytes received"
3403.339,receiver,af416b39-8b0b-4383-b8fd-ab44d75320e5,SEND,ACK,1004,36,""
3403.345,receiver,af416b39-8b0b-4383-b8fd-ab44d75320e5,RECEIVE,DATA,1006,1060,""
3403.348,receiver,af416b39-8b0b-4383-b8fd-ab44d75320e5,OUT_OF_ORDER,DATA,1006,0,"arrived before missing sequence=1000"
3403.351,receiver,af416b39-8b0b-4383-b8fd-ab44d75320e5,ACCEPT_DATA,DATA,1006,1024,"unique file bytes received"
3403.353,receiver,af416b39-8b0b-4383-b8fd-ab44d75320e5,SEND,ACK,1006,36,""
3403.359,receiver,af416b39-8b0b-4383-b8fd-ab44d75320e5,RECEIVE,DATA,1000,1060,""
3403.362,receiver,af416b39-8b0b-4383-b8fd-ab44d75320e5,ACCEPT_DATA,DATA,1000,1024,"unique file bytes received"
3403.365,receiver,af416b39-8b0b-4383-b8fd-ab44d75320e5,SEND,ACK,1000,36,""
3403.370,receiver,af416b39-8b0b-4383-b8fd-ab44d75320e5,RECEIVE,DATA,1001,1060,""
3403.374,receiver,af416b39-8b0b-4383-b8fd-ab44d75320e5,ACCEPT_DATA,DATA,1001,1024,"unique file bytes received"
3403.376,receiver,af416b39-8b0b-4383-b8fd-ab44d75320e5,SEND,ACK,1001,36,""
3403.382,receiver,af416b39-8b0b-4383-b8fd-ab44d75320e5,RECEIVE,DATA,1002,1060,""
3403.385,receiver,af416b39-8b0b-4383-b8fd-ab44d75320e5,ACCEPT_DATA,DATA,1002,1024,"unique file bytes received"
3403.387,receiver,af416b39-8b0b-4383-b8fd-ab44d75320e5,SEND,ACK,1002,36,""
3418.593,receiver,af416b39-8b0b-4383-b8fd-ab44d75320e5,EMIT,ACK,990,36,""
3418.625,receiver,af416b39-8b0b-4383-b8fd-ab44d75320e5,EMIT,ACK,993,36,""
3418.634,receiver,af416b39-8b0b-4383-b8fd-ab44d75320e5,EMIT,ACK,995,36,""
3418.642,receiver,af416b39-8b0b-4383-b8fd-ab44d75320e5,EMIT,ACK,999,36,""
3433.924,receiver,af416b39-8b0b-4383-b8fd-ab44d75320e5,EMIT,ACK,1003,36,""
3433.973,receiver,af416b39-8b0b-4383-b8fd-ab44d75320e5,EMIT,ACK,1006,36,""
3433.984,receiver,af416b39-8b0b-4383-b8fd-ab44d75320e5,EMIT,ACK,998,36,""
3434.095,receiver,af416b39-8b0b-4383-b8fd-ab44d75320e5,RECEIVE,DATA,1020,1060,""
3434.132,receiver,af416b39-8b0b-4383-b8fd-ab44d75320e5,OUT_OF_ORDER,DATA,1020,0,"arrived before missing sequence=1007"
3434.142,receiver,af416b39-8b0b-4383-b8fd-ab44d75320e5,ACCEPT_DATA,DATA,1020,1024,"unique file bytes received"
3434.151,receiver,af416b39-8b0b-4383-b8fd-ab44d75320e5,SEND,ACK,1020,36,""
3434.184,receiver,af416b39-8b0b-4383-b8fd-ab44d75320e5,RECEIVE,DATA,1011,1060,""
3434.193,receiver,af416b39-8b0b-4383-b8fd-ab44d75320e5,OUT_OF_ORDER,DATA,1011,0,"arrived before missing sequence=1007"
3434.201,receiver,af416b39-8b0b-4383-b8fd-ab44d75320e5,ACCEPT_DATA,DATA,1011,1024,"unique file bytes received"
3434.208,receiver,af416b39-8b0b-4383-b8fd-ab44d75320e5,SEND,ACK,1011,36,""
3434.223,receiver,af416b39-8b0b-4383-b8fd-ab44d75320e5,RECEIVE,DATA,1017,1060,""
3434.232,receiver,af416b39-8b0b-4383-b8fd-ab44d75320e5,OUT_OF_ORDER,DATA,1017,0,"arrived before missing sequence=1007"
3434.245,receiver,af416b39-8b0b-4383-b8fd-ab44d75320e5,ACCEPT_DATA,DATA,1017,1024,"unique file bytes received"
3434.251,receiver,af416b39-8b0b-4383-b8fd-ab44d75320e5,SEND,ACK,1017,36,""
3434.272,receiver,af416b39-8b0b-4383-b8fd-ab44d75320e5,RECEIVE,DATA,1019,1060,""
3434.287,receiver,af416b39-8b0b-4383-b8fd-ab44d75320e5,OUT_OF_ORDER,DATA,1019,0,"arrived before missing sequence=1007"
3434.299,receiver,af416b39-8b0b-4383-b8fd-ab44d75320e5,ACCEPT_DATA,DATA,1019,1024,"unique file bytes received"
3434.309,receiver,af416b39-8b0b-4383-b8fd-ab44d75320e5,SEND,ACK,1019,36,""
3434.335,receiver,af416b39-8b0b-4383-b8fd-ab44d75320e5,RECEIVE,DATA,1012,1060,""
3434.343,receiver,af416b39-8b0b-4383-b8fd-ab44d75320e5,OUT_OF_ORDER,DATA,1012,0,"arrived before missing sequence=1007"
3434.349,receiver,af416b39-8b0b-4383-b8fd-ab44d75320e5,ACCEPT_DATA,DATA,1012,1024,"unique file bytes received"
3434.356,receiver,af416b39-8b0b-4383-b8fd-ab44d75320e5,SEND,ACK,1012,36,""
3449.950,receiver,af416b39-8b0b-4383-b8fd-ab44d75320e5,RECEIVE,DATA,1010,1060,""
3449.966,receiver,af416b39-8b0b-4383-b8fd-ab44d75320e5,OUT_OF_ORDER,DATA,1010,0,"arrived before missing sequence=1007"
3449.970,receiver,af416b39-8b0b-4383-b8fd-ab44d75320e5,ACCEPT_DATA,DATA,1010,1024,"unique file bytes received"
3449.973,receiver,af416b39-8b0b-4383-b8fd-ab44d75320e5,SEND,ACK,1010,36,""
3450.019,receiver,af416b39-8b0b-4383-b8fd-ab44d75320e5,RECEIVE,DATA,1009,1060,""
3450.022,receiver,af416b39-8b0b-4383-b8fd-ab44d75320e5,OUT_OF_ORDER,DATA,1009,0,"arrived before missing sequence=1007"
3450.025,receiver,af416b39-8b0b-4383-b8fd-ab44d75320e5,ACCEPT_DATA,DATA,1009,1024,"unique file bytes received"
3450.028,receiver,af416b39-8b0b-4383-b8fd-ab44d75320e5,SEND,ACK,1009,36,""
3450.034,receiver,af416b39-8b0b-4383-b8fd-ab44d75320e5,RECEIVE,DATA,1008,1060,""
3450.037,receiver,af416b39-8b0b-4383-b8fd-ab44d75320e5,OUT_OF_ORDER,DATA,1008,0,"arrived before missing sequence=1007"
3450.040,receiver,af416b39-8b0b-4383-b8fd-ab44d75320e5,ACCEPT_DATA,DATA,1008,1024,"unique file bytes received"
3450.043,receiver,af416b39-8b0b-4383-b8fd-ab44d75320e5,SEND,ACK,1008,36,""
3450.048,receiver,af416b39-8b0b-4383-b8fd-ab44d75320e5,RECEIVE,DATA,1016,1060,""
3450.051,receiver,af416b39-8b0b-4383-b8fd-ab44d75320e5,OUT_OF_ORDER,DATA,1016,0,"arrived before missing sequence=1007"
3450.054,receiver,af416b39-8b0b-4383-b8fd-ab44d75320e5,ACCEPT_DATA,DATA,1016,1024,"unique file bytes received"
3450.057,receiver,af416b39-8b0b-4383-b8fd-ab44d75320e5,SEND,ACK,1016,36,""
3450.062,receiver,af416b39-8b0b-4383-b8fd-ab44d75320e5,RECEIVE,DATA,1007,1060,""
3450.066,receiver,af416b39-8b0b-4383-b8fd-ab44d75320e5,ACCEPT_DATA,DATA,1007,1024,"unique file bytes received"
3450.068,receiver,af416b39-8b0b-4383-b8fd-ab44d75320e5,SEND,ACK,1007,36,""
3450.100,receiver,af416b39-8b0b-4383-b8fd-ab44d75320e5,RECEIVE,DATA,1022,1060,""
3450.103,receiver,af416b39-8b0b-4383-b8fd-ab44d75320e5,OUT_OF_ORDER,DATA,1022,0,"arrived before missing sequence=1013"
3450.106,receiver,af416b39-8b0b-4383-b8fd-ab44d75320e5,ACCEPT_DATA,DATA,1022,1024,"unique file bytes received"
3450.108,receiver,af416b39-8b0b-4383-b8fd-ab44d75320e5,SEND,ACK,1022,36,""
3450.114,receiver,af416b39-8b0b-4383-b8fd-ab44d75320e5,RECEIVE,DATA,1013,1060,""
3450.117,receiver,af416b39-8b0b-4383-b8fd-ab44d75320e5,ACCEPT_DATA,DATA,1013,1024,"unique file bytes received"
3450.119,receiver,af416b39-8b0b-4383-b8fd-ab44d75320e5,SEND,ACK,1013,36,""
3450.131,receiver,af416b39-8b0b-4383-b8fd-ab44d75320e5,RECEIVE,DATA,1021,1060,""
3450.134,receiver,af416b39-8b0b-4383-b8fd-ab44d75320e5,OUT_OF_ORDER,DATA,1021,0,"arrived before missing sequence=1014"
3450.136,receiver,af416b39-8b0b-4383-b8fd-ab44d75320e5,ACCEPT_DATA,DATA,1021,1024,"unique file bytes received"
3450.139,receiver,af416b39-8b0b-4383-b8fd-ab44d75320e5,SEND,ACK,1021,36,""
3450.144,receiver,af416b39-8b0b-4383-b8fd-ab44d75320e5,RECEIVE,DATA,1018,1060,""
3450.147,receiver,af416b39-8b0b-4383-b8fd-ab44d75320e5,OUT_OF_ORDER,DATA,1018,0,"arrived before missing sequence=1014"
3450.150,receiver,af416b39-8b0b-4383-b8fd-ab44d75320e5,ACCEPT_DATA,DATA,1018,1024,"unique file bytes received"
3450.194,receiver,af416b39-8b0b-4383-b8fd-ab44d75320e5,SEND,ACK,1018,36,""
3450.272,receiver,af416b39-8b0b-4383-b8fd-ab44d75320e5,EMIT,ACK,996,36,""
3450.291,receiver,af416b39-8b0b-4383-b8fd-ab44d75320e5,EMIT,ACK,1002,36,""
3450.303,receiver,af416b39-8b0b-4383-b8fd-ab44d75320e5,EMIT,ACK,994,36,""
3450.313,receiver,af416b39-8b0b-4383-b8fd-ab44d75320e5,EMIT,ACK,997,36,""
3450.322,receiver,af416b39-8b0b-4383-b8fd-ab44d75320e5,EMIT,ACK,1005,36,""
3450.330,receiver,af416b39-8b0b-4383-b8fd-ab44d75320e5,EMIT,ACK,1001,36,""
3465.369,receiver,af416b39-8b0b-4383-b8fd-ab44d75320e5,RECEIVE,DATA,1014,1060,""
3465.423,receiver,af416b39-8b0b-4383-b8fd-ab44d75320e5,ACCEPT_DATA,DATA,1014,1024,"unique file bytes received"
3465.427,receiver,af416b39-8b0b-4383-b8fd-ab44d75320e5,SEND,ACK,1014,36,""
3465.469,receiver,af416b39-8b0b-4383-b8fd-ab44d75320e5,EMIT,ACK,1000,36,""
3465.504,receiver,af416b39-8b0b-4383-b8fd-ab44d75320e5,EMIT,ACK,1004,36,""
3465.525,receiver,af416b39-8b0b-4383-b8fd-ab44d75320e5,EMIT,ACK,1011,36,""
3465.544,receiver,af416b39-8b0b-4383-b8fd-ab44d75320e5,EMIT,ACK,1019,36,""
3465.613,receiver,af416b39-8b0b-4383-b8fd-ab44d75320e5,RECEIVE,DATA,1015,1060,""
3465.631,receiver,af416b39-8b0b-4383-b8fd-ab44d75320e5,ACCEPT_DATA,DATA,1015,1024,"unique file bytes received"
3465.635,receiver,af416b39-8b0b-4383-b8fd-ab44d75320e5,SEND,ACK,1015,36,""
3465.651,receiver,af416b39-8b0b-4383-b8fd-ab44d75320e5,RECEIVE,DATA,1023,1060,""
3465.654,receiver,af416b39-8b0b-4383-b8fd-ab44d75320e5,ACCEPT_DATA,DATA,1023,1024,"unique file bytes received"
3465.657,receiver,af416b39-8b0b-4383-b8fd-ab44d75320e5,SEND,ACK,1023,36,""
3480.570,receiver,af416b39-8b0b-4383-b8fd-ab44d75320e5,EMIT,ACK,1020,36,""
3480.617,receiver,af416b39-8b0b-4383-b8fd-ab44d75320e5,EMIT,ACK,1012,36,""
3480.627,receiver,af416b39-8b0b-4383-b8fd-ab44d75320e5,EMIT,ACK,1021,36,""
3496.691,receiver,af416b39-8b0b-4383-b8fd-ab44d75320e5,EMIT,ACK,1013,36,""
3496.819,receiver,af416b39-8b0b-4383-b8fd-ab44d75320e5,EMIT,ACK,1022,36,""
3496.868,receiver,af416b39-8b0b-4383-b8fd-ab44d75320e5,EMIT,ACK,1017,36,""
3496.878,receiver,af416b39-8b0b-4383-b8fd-ab44d75320e5,EMIT,ACK,1018,36,""
3496.887,receiver,af416b39-8b0b-4383-b8fd-ab44d75320e5,EMIT,ACK,1010,36,""
3496.895,receiver,af416b39-8b0b-4383-b8fd-ab44d75320e5,EMIT,ACK,1009,36,""
3496.903,receiver,af416b39-8b0b-4383-b8fd-ab44d75320e5,EMIT,ACK,1007,36,""
3496.911,receiver,af416b39-8b0b-4383-b8fd-ab44d75320e5,EMIT,ACK,1023,36,""
3513.055,receiver,af416b39-8b0b-4383-b8fd-ab44d75320e5,EMIT,ACK,1008,36,""
3513.121,receiver,af416b39-8b0b-4383-b8fd-ab44d75320e5,EMIT,ACK,1016,36,""
3513.145,receiver,af416b39-8b0b-4383-b8fd-ab44d75320e5,EMIT,ACK,1015,36,""
3513.166,receiver,af416b39-8b0b-4383-b8fd-ab44d75320e5,EMIT,ACK,1014,36,""
3559.943,receiver,af416b39-8b0b-4383-b8fd-ab44d75320e5,RECEIVE,FIN,-1,68,""
3567.193,receiver,,STATE,UNKNOWN,-1,0,"VERIFIED"
3567.203,receiver,af416b39-8b0b-4383-b8fd-ab44d75320e5,FILE_VERIFIED,FIN,-1,1048576,"SHA-256=ffec217fb7dfda249f567414fae7a5fdc8b9984c2cadcaf76a6a69154e18c1d2"
3567.708,receiver,af416b39-8b0b-4383-b8fd-ab44d75320e5,SEND,DONE,-1,68,""
3622.412,receiver,af416b39-8b0b-4383-b8fd-ab44d75320e5,EMIT,DONE,-1,68,""
