elapsed_ms,role,transfer_id,event,type,sequence,bytes,detail
11.341,sender,af416b39-8b0b-4383-b8fd-ab44d75320e5,SEND,START,-1,103,""
66.937,sender,af416b39-8b0b-4383-b8fd-ab44d75320e5,EMIT,START,-1,103,""
112.185,sender,af416b39-8b0b-4383-b8fd-ab44d75320e5,RECEIVE,READY,-1,40,""
112.205,sender,af416b39-8b0b-4383-b8fd-ab44d75320e5,ACKNOWLEDGED,READY,-1,0,""
112.212,sender,af416b39-8b0b-4383-b8fd-ab44d75320e5,SEND,DATA,0,1060,""
112.226,sender,af416b39-8b0b-4383-b8fd-ab44d75320e5,SEND,DATA,1,1060,""
112.230,sender,af416b39-8b0b-4383-b8fd-ab44d75320e5,SEND,DATA,2,1060,""
112.233,sender,af416b39-8b0b-4383-b8fd-ab44d75320e5,SEND,DATA,3,1060,""
112.237,sender,af416b39-8b0b-4383-b8fd-ab44d75320e5,SEND,DATA,4,1060,""
112.240,sender,af416b39-8b0b-4383-b8fd-ab44d75320e5,SEND,DATA,5,1060,""
112.244,sender,af416b39-8b0b-4383-b8fd-ab44d75320e5,SEND,DATA,6,1060,""
112.247,sender,af416b39-8b0b-4383-b8fd-ab44d75320e5,SEND,DATA,7,1060,""
112.250,sender,af416b39-8b0b-4383-b8fd-ab44d75320e5,SEND,DATA,8,1060,""
112.254,sender,af416b39-8b0b-4383-b8fd-ab44d75320e5,SEND,DATA,9,1060,""
112.257,sender,af416b39-8b0b-4383-b8fd-ab44d75320e5,SEND,DATA,10,1060,""
112.260,sender,af416b39-8b0b-4383-b8fd-ab44d75320e5,SEND,DATA,11,1060,""
112.269,sender,af416b39-8b0b-4383-b8fd-ab44d75320e5,SEND,DATA,12,1060,""
112.272,sender,af416b39-8b0b-4383-b8fd-ab44d75320e5,SEND,DATA,13,1060,""
112.275,sender,af416b39-8b0b-4383-b8fd-ab44d75320e5,SEND,DATA,14,1060,""
112.278,sender,af416b39-8b0b-4383-b8fd-ab44d75320e5,SEND,DATA,15,1060,""
112.282,sender,af416b39-8b0b-4383-b8fd-ab44d75320e5,SEND,DATA,16,1060,""
112.287,sender,af416b39-8b0b-4383-b8fd-ab44d75320e5,SEND,DATA,17,1060,""
112.290,sender,af416b39-8b0b-4383-b8fd-ab44d75320e5,SEND,DATA,18,1060,""
112.293,sender,af416b39-8b0b-4383-b8fd-ab44d75320e5,SEND,DATA,19,1060,""
112.297,sender,af416b39-8b0b-4383-b8fd-ab44d75320e5,SEND,DATA,20,1060,""
112.300,sender,af416b39-8b0b-4383-b8fd-ab44d75320e5,SEND,DATA,21,1060,""
112.303,sender,af416b39-8b0b-4383-b8fd-ab44d75320e5,SEND,DATA,22,1060,""
112.306,sender,af416b39-8b0b-4383-b8fd-ab44d75320e5,SEND,DATA,23,1060,""
112.312,sender,af416b39-8b0b-4383-b8fd-ab44d75320e5,SEND,DATA,24,1060,""
112.315,sender,af416b39-8b0b-4383-b8fd-ab44d75320e5,SEND,DATA,25,1060,""
112.318,sender,af416b39-8b0b-4383-b8fd-ab44d75320e5,SEND,DATA,26,1060,""
112.321,sender,af416b39-8b0b-4383-b8fd-ab44d75320e5,SEND,DATA,27,1060,""
112.324,sender,af416b39-8b0b-4383-b8fd-ab44d75320e5,SEND,DATA,28,1060,""
112.328,sender,af416b39-8b0b-4383-b8fd-ab44d75320e5,SEND,DATA,29,1060,""
112.331,sender,af416b39-8b0b-4383-b8fd-ab44d75320e5,SEND,DATA,30,1060,""
112.334,sender,af416b39-8b0b-4383-b8fd-ab44d75320e5,SEND,DATA,31,1060,""
143.316,sender,af416b39-8b0b-4383-b8fd-ab44d75320e5,EMIT,DATA,7,1060,""
143.350,sender,af416b39-8b0b-4383-b8fd-ab44d75320e5,EMIT,DATA,8,1060,""
143.360,sender,af416b39-8b0b-4383-b8fd-ab44d75320e5,EMIT,DATA,30,1060,""
143.368,sender,af416b39-8b0b-4383-b8fd-ab44d75320e5,EMIT,DATA,19,1060,""
143.376,sender,af416b39-8b0b-4383-b8fd-ab44d75320e5,EMIT,DATA,4,1060,""
143.385,sender,af416b39-8b0b-4383-b8fd-ab44d75320e5,EMIT,DATA,9,1060,""
143.394,sender,af416b39-8b0b-4383-b8fd-ab44d75320e5,EMIT,DATA,28,1060,""
143.402,sender,af416b39-8b0b-4383-b8fd-ab44d75320e5,EMIT,DATA,5,1060,""
143.411,sender,af416b39-8b0b-4383-b8fd-ab44d75320e5,EMIT,DATA,16,1060,""
159.234,sender,af416b39-8b0b-4383-b8fd-ab44d75320e5,EMIT,DATA,10,1060,""
159.268,sender,af416b39-8b0b-4383-b8fd-ab44d75320e5,EMIT,DATA,26,1060,""
159.278,sender,af416b39-8b0b-4383-b8fd-ab44d75320e5,EMIT,DATA,15,1060,""
159.286,sender,af416b39-8b0b-4383-b8fd-ab44d75320e5,EMIT,DATA,13,1060,""
159.294,sender,af416b39-8b0b-4383-b8fd-ab44d75320e5,EMIT,DATA,14,1060,""
159.303,sender,af416b39-8b0b-4383-b8fd-ab44d75320e5,EMIT,DATA,22,1060,""
159.311,sender,af416b39-8b0b-4383-b8fd-ab44d75320e5,EMIT,DATA,11,1060,""
159.328,sender,af416b39-8b0b-4383-b8fd-ab44d75320e5,EMIT,DATA,0,1060,""
159.337,sender,af416b39-8b0b-4383-b8fd-ab44d75320e5,EMIT,DATA,12,1060,""
159.345,sender,af416b39-8b0b-4383-b8fd-ab44d75320e5,EMIT,DATA,29,1060,""
159.355,sender,af416b39-8b0b-4383-b8fd-ab44d75320e5,EMIT,DATA,27,1060,""
159.363,sender,af416b39-8b0b-4383-b8fd-ab44d75320e5,EMIT,DATA,20,1060,""
159.371,sender,af416b39-8b0b-4383-b8fd-ab44d75320e5,EMIT,DATA,23,1060,""
159.380,sender,af416b39-8b0b-4383-b8fd-ab44d75320e5,EMIT,DATA,24,1060,""
159.388,sender,af416b39-8b0b-4383-b8fd-ab44d75320e5,EMIT,DATA,2,1060,""
159.396,sender,af416b39-8b0b-4383-b8fd-ab44d75320e5,EMIT,DATA,31,1060,""
159.404,sender,af416b39-8b0b-4383-b8fd-ab44d75320e5,EMIT,DATA,17,1060,""
159.412,sender,af416b39-8b0b-4383-b8fd-ab44d75320e5,EMIT,DATA,3,1060,""
159.420,sender,af416b39-8b0b-4383-b8fd-ab44d75320e5,EMIT,DATA,21,1060,""
159.428,sender,af416b39-8b0b-4383-b8fd-ab44d75320e5,EMIT,DATA,6,1060,""
159.436,sender,af416b39-8b0b-4383-b8fd-ab44d75320e5,EMIT,DATA,25,1060,""
159.444,sender,af416b39-8b0b-4383-b8fd-ab44d75320e5,EMIT,DATA,18,1060,""
174.545,sender,af416b39-8b0b-4383-b8fd-ab44d75320e5,EMIT,DATA,1,1060,""
190.701,sender,af416b39-8b0b-4383-b8fd-ab44d75320e5,RECEIVE,ACK,28,36,""
190.711,sender,af416b39-8b0b-4383-b8fd-ab44d75320e5,ACKNOWLEDGED,ACK,28,0,""
190.715,sender,af416b39-8b0b-4383-b8fd-ab44d75320e5,CONFIRM_DATA,ACK,28,1024,"unique file bytes acknowledged"
190.720,sender,af416b39-8b0b-4383-b8fd-ab44d75320e5,RTT_SAMPLE,ACK,28,0,"78.393900"
190.727,sender,af416b39-8b0b-4383-b8fd-ab44d75320e5,RECEIVE,ACK,8,36,""
190.730,sender,af416b39-8b0b-4383-b8fd-ab44d75320e5,ACKNOWLEDGED,ACK,8,0,""
190.733,sender,af416b39-8b0b-4383-b8fd-ab44d75320e5,CONFIRM_DATA,ACK,8,1024,"unique file bytes acknowledged"
190.736,sender,af416b39-8b0b-4383-b8fd-ab44d75320e5,RTT_SAMPLE,ACK,8,0,"78.485500"
190.742,sender,af416b39-8b0b-4383-b8fd-ab44d75320e5,RECEIVE,ACK,9,36,""
190.744,sender,af416b39-8b0b-4383-b8fd-ab44d75320e5,ACKNOWLEDGED,ACK,9,0,""
190.747,sender,af416b39-8b0b-4383-b8fd-ab44d75320e5,CONFIRM_DATA,ACK,9,1024,"unique file bytes acknowledged"
190.750,sender,af416b39-8b0b-4383-b8fd-ab44d75320e5,RTT_SAMPLE,ACK,9,0,"78.496000"
190.755,sender,af416b39-8b0b-4383-b8fd-ab44d75320e5,RECEIVE,ACK,5,36,""
190.763,sender,af416b39-8b0b-4383-b8fd-ab44d75320e5,ACKNOWLEDGED,ACK,5,0,""
190.765,sender,af416b39-8b0b-4383-b8fd-ab44d75320e5,CONFIRM_DATA,ACK,5,1024,"unique file bytes acknowledged"
190.768,sender,af416b39-8b0b-4383-b8fd-ab44d75320e5,RTT_SAMPLE,ACK,5,0,"78.527800"
190.774,sender,af416b39-8b0b-4383-b8fd-ab44d75320e5,RECEIVE,ACK,30,36,""
190.777,sender,af416b39-8b0b-4383-b8fd-ab44d75320e5,ACKNOWLEDGED,ACK,30,0,""
190.779,sender,af416b39-8b0b-4383-b8fd-ab44d75320e5,CONFIRM_DATA,ACK,30,1024,"unique file bytes acknowledged"
190.782,sender,af416b39-8b0b-4383-b8fd-ab44d75320e5,RTT_SAMPLE,ACK,30,0,"78.451000"
190.787,sender,af416b39-8b0b-4383-b8fd-ab44d75320e5,RECEIVE,ACK,16,36,""
190.790,sender,af416b39-8b0b-4383-b8fd-ab44d75320e5,ACKNOWLEDGED,ACK,16,0,""
190.793,sender,af416b39-8b0b-4383-b8fd-ab44d75320e5,CONFIRM_DATA,ACK,16,1024,"unique file bytes acknowledged"
190.796,sender,af416b39-8b0b-4383-b8fd-ab44d75320e5,RTT_SAMPLE,ACK,16,0,"78.513900"
190.805,sender,af416b39-8b0b-4383-b8fd-ab44d75320e5,RECEIVE,ACK,26,36,""
190.808,sender,af416b39-8b0b-4383-b8fd-ab44d75320e5,ACKNOWLEDGED,ACK,26,0,""
190.810,sender,af416b39-8b0b-4383-b8fd-ab44d75320e5,CONFIRM_DATA,ACK,26,1024,"unique file bytes acknowledged"
190.813,sender,af416b39-8b0b-4383-b8fd-ab44d75320e5,RTT_SAMPLE,ACK,26,0,"78.494900"
190.818,sender,af416b39-8b0b-4383-b8fd-ab44d75320e5,RECEIVE,ACK,20,36,""
190.821,sender,af416b39-8b0b-4383-b8fd-ab44d75320e5,ACKNOWLEDGED,ACK,20,0,""
190.824,sender,af416b39-8b0b-4383-b8fd-ab44d75320e5,CONFIRM_DATA,ACK,20,1024,"unique file bytes acknowledged"
190.827,sender,af416b39-8b0b-4383-b8fd-ab44d75320e5,RTT_SAMPLE,ACK,20,0,"78.529900"
190.832,sender,af416b39-8b0b-4383-b8fd-ab44d75320e5,RECEIVE,ACK,15,36,""
190.835,sender,af416b39-8b0b-4383-b8fd-ab44d75320e5,ACKNOWLEDGED,ACK,15,0,""
190.837,sender,af416b39-8b0b-4383-b8fd-ab44d75320e5,CONFIRM_DATA,ACK,15,1024,"unique file bytes acknowledged"
190.840,sender,af416b39-8b0b-4383-b8fd-ab44d75320e5,RTT_SAMPLE,ACK,15,0,"78.561700"
190.852,sender,af416b39-8b0b-4383-b8fd-ab44d75320e5,RECEIVE,ACK,7,36,""
190.854,sender,af416b39-8b0b-4383-b8fd-ab44d75320e5,ACKNOWLEDGED,ACK,7,0,""
190.857,sender,af416b39-8b0b-4383-b8fd-ab44d75320e5,CONFIRM_DATA,ACK,7,1024,"unique file bytes acknowledged"
190.860,sender,af416b39-8b0b-4383-b8fd-ab44d75320e5,RTT_SAMPLE,ACK,7,0,"78.612800"
190.865,sender,af416b39-8b0b-4383-b8fd-ab44d75320e5,RECEIVE,ACK,3,36,""
190.868,sender,af416b39-8b0b-4383-b8fd-ab44d75320e5,ACKNOWLEDGED,ACK,3,0,""
190.870,sender,af416b39-8b0b-4383-b8fd-ab44d75320e5,CONFIRM_DATA,ACK,3,1024,"unique file bytes acknowledged"
190.874,sender,af416b39-8b0b-4383-b8fd-ab44d75320e5,RTT_SAMPLE,ACK,3,0,"78.640000"
190.879,sender,af416b39-8b0b-4383-b8fd-ab44d75320e5,RECEIVE,ACK,13,36,""
190.882,sender,af416b39-8b0b-4383-b8fd-ab44d75320e5,ACKNOWLEDGED,ACK,13,0,""
190.884,sender,af416b39-8b0b-4383-b8fd-ab44d75320e5,CONFIRM_DATA,ACK,13,1024,"unique file bytes acknowledged"
190.887,sender,af416b39-8b0b-4383-b8fd-ab44d75320e5,RTT_SAMPLE,ACK,13,0,"78.614600"
207.013,sender,af416b39-8b0b-4383-b8fd-ab44d75320e5,RECEIVE,ACK,12,36,""
207.025,sender,af416b39-8b0b-4383-b8fd-ab44d75320e5,ACKNOWLEDGED,ACK,12,0,""
207.029,sender,af416b39-8b0b-4383-b8fd-ab44d75320e5,CONFIRM_DATA,ACK,12,1024,"unique file bytes acknowledged"
207.035,sender,af416b39-8b0b-4383-b8fd-ab44d75320e5,RTT_SAMPLE,ACK,12,0,"94.764200"
207.048,sender,af416b39-8b0b-4383-b8fd-ab44d75320e5,RECEIVE,ACK,19,36,""
207.052,sender,af416b39-8b0b-4383-b8fd-ab44d75320e5,ACKNOWLEDGED,ACK,19,0,""
207.054,sender,af416b39-8b0b-4383-b8fd-ab44d75320e5,CONFIRM_DATA,ACK,19,1024,"unique file bytes acknowledged"
207.062,sender,af416b39-8b0b-4383-b8fd-ab44d75320e5,RTT_SAMPLE,ACK,19,0,"94.768100"
207.068,sender,af416b39-8b0b-4383-b8fd-ab44d75320e5,RECEIVE,ACK,4,36,""
207.070,sender,af416b39-8b0b-4383-b8fd-ab44d75320e5,ACKNOWLEDGED,ACK,4,0,""
207.073,sender,af416b39-8b0b-4383-b8fd-ab44d75320e5,CONFIRM_DATA,ACK,4,1024,"unique file bytes acknowledged"
207.076,sender,af416b39-8b0b-4383-b8fd-ab44d75320e5,RTT_SAMPLE,ACK,4,0,"94.839100"
207.082,sender,af416b39-8b0b-4383-b8fd-ab44d75320e5,RECEIVE,ACK,18,36,""
207.088,sender,af416b39-8b0b-4383-b8fd-ab44d75320e5,ACKNOWLEDGED,ACK,18,0,""
207.091,sender,af416b39-8b0b-4383-b8fd-ab44d75320e5,CONFIRM_DATA,ACK,18,1024,"unique file bytes acknowledged"
207.094,sender,af416b39-8b0b-4383-b8fd-ab44d75320e5,RTT_SAMPLE,ACK,18,0,"94.803400"
207.099,sender,af416b39-8b0b-4383-b8fd-ab44d75320e5,RECEIVE,ACK,27,36,""
207.101,sender,af416b39-8b0b-4383-b8fd-ab44d75320e5,ACKNOWLEDGED,ACK,27,0,""
207.104,sender,af416b39-8b0b-4383-b8fd-ab44d75320e5,CONFIRM_DATA,ACK,27,1024,"unique file bytes acknowledged"
207.107,sender,af416b39-8b0b-4383-b8fd-ab44d75320e5,RTT_SAMPLE,ACK,27,0,"94.785500"
207.112,sender,af416b39-8b0b-4383-b8fd-ab44d75320e5,RECEIVE,ACK,25,36,""
207.115,sender,af416b39-8b0b-4383-b8fd-ab44d75320e5,ACKNOWLEDGED,ACK,25,0,""
207.117,sender,af416b39-8b0b-4383-b8fd-ab44d75320e5,CONFIRM_DATA,ACK,25,1024,"unique file bytes acknowledged"
207.120,sender,af416b39-8b0b-4383-b8fd-ab44d75320e5,RTT_SAMPLE,ACK,25,0,"94.805100"
207.125,sender,af416b39-8b0b-4383-b8fd-ab44d75320e5,RECEIVE,ACK,29,36,""
207.128,sender,af416b39-8b0b-4383-b8fd-ab44d75320e5,ACKNOWLEDGED,ACK,29,0,""
207.130,sender,af416b39-8b0b-4383-b8fd-ab44d75320e5,CONFIRM_DATA,ACK,29,1024,"unique file bytes acknowledged"
207.133,sender,af416b39-8b0b-4383-b8fd-ab44d75320e5,RTT_SAMPLE,ACK,29,0,"94.805300"
207.138,sender,af416b39-8b0b-4383-b8fd-ab44d75320e5,RECEIVE,ACK,10,36,""
207.141,sender,af416b39-8b0b-4383-b8fd-ab44d75320e5,ACKNOWLEDGED,ACK,10,0,""
207.143,sender,af416b39-8b0b-4383-b8fd-ab44d75320e5,CONFIRM_DATA,ACK,10,1024,"unique file bytes acknowledged"
207.146,sender,af416b39-8b0b-4383-b8fd-ab44d75320e5,RTT_SAMPLE,ACK,10,0,"94.889300"
207.151,sender,af416b39-8b0b-4383-b8fd-ab44d75320e5,RECEIVE,ACK,14,36,""
207.154,sender,af416b39-8b0b-4383-b8fd-ab44d75320e5,ACKNOWLEDGED,ACK,14,0,""
207.156,sender,af416b39-8b0b-4383-b8fd-ab44d75320e5,CONFIRM_DATA,ACK,14,1024,"unique file bytes acknowledged"
207.159,sender,af416b39-8b0b-4383-b8fd-ab44d75320e5,RTT_SAMPLE,ACK,14,0,"94.883600"
207.164,sender,af416b39-8b0b-4383-b8fd-ab44d75320e5,RECEIVE,ACK,21,36,""
207.167,sender,af416b39-8b0b-4383-b8fd-ab44d75320e5,ACKNOWLEDGED,ACK,21,0,""
207.169,sender,af416b39-8b0b-4383-b8fd-ab44d75320e5,CONFIRM_DATA,ACK,21,1024,"unique file bytes acknowledged"
207.172,sender,af416b39-8b0b-4383-b8fd-ab44d75320e5,RTT_SAMPLE,ACK,21,0,"94.872200"
207.177,sender,af416b39-8b0b-4383-b8fd-ab44d75320e5,RECEIVE,ACK,2,36,""
207.180,sender,af416b39-8b0b-4383-b8fd-ab44d75320e5,ACKNOWLEDGED,ACK,2,0,""
207.182,sender,af416b39-8b0b-4383-b8fd-ab44d75320e5,CONFIRM_DATA,ACK,2,1024,"unique file bytes acknowledged"
207.185,sender,af416b39-8b0b-4383-b8fd-ab44d75320e5,RTT_SAMPLE,ACK,2,0,"94.955200"
207.190,sender,af416b39-8b0b-4383-b8fd-ab44d75320e5,RECEIVE,ACK,11,36,""
207.193,sender,af416b39-8b0b-4383-b8fd-ab44d75320e5,ACKNOWLEDGED,ACK,11,0,""
207.195,sender,af416b39-8b0b-4383-b8fd-ab44d75320e5,CONFIRM_DATA,ACK,11,1024,"unique file bytes acknowledged"
207.199,sender,af416b39-8b0b-4383-b8fd-ab44d75320e5,RTT_SAMPLE,ACK,11,0,"94.938000"
207.204,sender,af416b39-8b0b-4383-b8fd-ab44d75320e5,RECEIVE,ACK,0,36,""
207.206,sender,af416b39-8b0b-4383-b8fd-ab44d75320e5,ACKNOWLEDGED,ACK,0,0,""
207.209,sender,af416b39-8b0b-4383-b8fd-ab44d75320e5,CONFIRM_DATA,ACK,0,1024,"unique file bytes acknowledged"
207.218,sender,af416b39-8b0b-4383-b8fd-ab44d75320e5,RTT_SAMPLE,ACK,0,0,"95.000000"
207.222,sender,af416b39-8b0b-4383-b8fd-ab44d75320e5,SEND,DATA,32,1060,""
207.237,sender,af416b39-8b0b-4383-b8fd-ab44d75320e5,RECEIVE,ACK,22,36,""
207.240,sender,af416b39-8b0b-4383-b8fd-ab44d75320e5,ACKNOWLEDGED,ACK,22,0,""
207.243,sender,af416b39-8b0b-4383-b8fd-ab44d75320e5,CONFIRM_DATA,ACK,22,1024,"unique file bytes acknowledged"
207.246,sender,af416b39-8b0b-4383-b8fd-ab44d75320e5,RTT_SAMPLE,ACK,22,0,"94.942800"
207.251,sender,af416b39-8b0b-4383-b8fd-ab44d75320e5,RECEIVE,ACK,23,36,""
207.254,sender,af416b39-8b0b-4383-b8fd-ab44d75320e5,ACKNOWLEDGED,ACK,23,0,""
207.256,sender,af416b39-8b0b-4383-b8fd-ab44d75320e5,CONFIRM_DATA,ACK,23,1024,"unique file bytes acknowledged"
207.259,sender,af416b39-8b0b-4383-b8fd-ab44d75320e5,RTT_SAMPLE,ACK,23,0,"94.952900"
207.264,sender,af416b39-8b0b-4383-b8fd-ab44d75320e5,RECEIVE,ACK,6,36,""
207.267,sender,af416b39-8b0b-4383-b8fd-ab44d75320e5,ACKNOWLEDGED,ACK,6,0,""
207.270,sender,af416b39-8b0b-4383-b8fd-ab44d75320e5,CONFIRM_DATA,ACK,6,1024,"unique file bytes acknowledged"
207.273,sender,af416b39-8b0b-4383-b8fd-ab44d75320e5,RTT_SAMPLE,ACK,6,0,"95.028700"
207.278,sender,af416b39-8b0b-4383-b8fd-ab44d75320e5,RECEIVE,ACK,24,36,""
207.280,sender,af416b39-8b0b-4383-b8fd-ab44d75320e5,ACKNOWLEDGED,ACK,24,0,""
207.283,sender,af416b39-8b0b-4383-b8fd-ab44d75320e5,CONFIRM_DATA,ACK,24,1024,"unique file bytes acknowledged"
207.286,sender,af416b39-8b0b-4383-b8fd-ab44d75320e5,RTT_SAMPLE,ACK,24,0,"94.973800"
222.091,sender,af416b39-8b0b-4383-b8fd-ab44d75320e5,RECEIVE,ACK,17,36,""
222.114,sender,af416b39-8b0b-4383-b8fd-ab44d75320e5,ACKNOWLEDGED,ACK,17,0,""
222.120,sender,af416b39-8b0b-4383-b8fd-ab44d75320e5,CONFIRM_DATA,ACK,17,1024,"unique file bytes acknowledged"
222.127,sender,af416b39-8b0b-4383-b8fd-ab44d75320e5,RTT_SAMPLE,ACK,17,0,"109.838200"
222.143,sender,af416b39-8b0b-4383-b8fd-ab44d75320e5,RECEIVE,ACK,31,36,""
222.147,sender,af416b39-8b0b-4383-b8fd-ab44d75320e5,ACKNOWLEDGED,ACK,31,0,""
222.151,sender,af416b39-8b0b-4383-b8fd-ab44d75320e5,CONFIRM_DATA,ACK,31,1024,"unique file bytes acknowledged"
222.165,sender,af416b39-8b0b-4383-b8fd-ab44d75320e5,RTT_SAMPLE,ACK,31,0,"109.830400"
222.173,sender,af416b39-8b0b-4383-b8fd-ab44d75320e5,RECEIVE,ACK,1,36,""
222.177,sender,af416b39-8b0b-4383-b8fd-ab44d75320e5,ACKNOWLEDGED,ACK,1,0,""
222.181,sender,af416b39-8b0b-4383-b8fd-ab44d75320e5,CONFIRM_DATA,ACK,1,1024,"unique file bytes acknowledged"
222.186,sender,af416b39-8b0b-4383-b8fd-ab44d75320e5,RTT_SAMPLE,ACK,1,0,"109.960000"
222.191,sender,af416b39-8b0b-4383-b8fd-ab44d75320e5,SEND,DATA,33,1060,""
222.199,sender,af416b39-8b0b-4383-b8fd-ab44d75320e5,SEND,DATA,34,1060,""
222.347,sender,af416b39-8b0b-4383-b8fd-ab44d75320e5,SEND,DATA,35,1060,""
222.353,sender,af416b39-8b0b-4383-b8fd-ab44d75320e5,SEND,DATA,36,1060,""
222.358,sender,af416b39-8b0b-4383-b8fd-ab44d75320e5,SEND,DATA,37,1060,""
222.363,sender,af416b39-8b0b-4383-b8fd-ab44d75320e5,SEND,DATA,38,1060,""
222.368,sender,af416b39-8b0b-4383-b8fd-ab44d75320e5,SEND,DATA,39,1060,""
222.378,sender,af416b39-8b0b-4383-b8fd-ab44d75320e5,SEND,DATA,40,1060,""
222.384,sender,af416b39-8b0b-4383-b8fd-ab44d75320e5,SEND,DATA,41,1060,""
222.388,sender,af416b39-8b0b-4383-b8fd-ab44d75320e5,SEND,DATA,42,1060,""
222.393,sender,af416b39-8b0b-4383-b8fd-ab44d75320e5,SEND,DATA,43,1060,""
222.398,sender,af416b39-8b0b-4383-b8fd-ab44d75320e5,SEND,DATA,44,1060,""
222.403,sender,af416b39-8b0b-4383-b8fd-ab44d75320e5,SEND,DATA,45,1060,""
222.407,sender,af416b39-8b0b-4383-b8fd-ab44d75320e5,SEND,DATA,46,1060,""
222.412,sender,af416b39-8b0b-4383-b8fd-ab44d75320e5,SEND,DATA,47,1060,""
222.416,sender,af416b39-8b0b-4383-b8fd-ab44d75320e5,SEND,DATA,48,1060,""
222.421,sender,af416b39-8b0b-4383-b8fd-ab44d75320e5,SEND,DATA,49,1060,""
222.425,sender,af416b39-8b0b-4383-b8fd-ab44d75320e5,SEND,DATA,50,1060,""
222.430,sender,af416b39-8b0b-4383-b8fd-ab44d75320e5,SEND,DATA,51,1060,""
222.435,sender,af416b39-8b0b-4383-b8fd-ab44d75320e5,SEND,DATA,52,1060,""
222.439,sender,af416b39-8b0b-4383-b8fd-ab44d75320e5,SEND,DATA,53,1060,""
222.444,sender,af416b39-8b0b-4383-b8fd-ab44d75320e5,SEND,DATA,54,1060,""
222.448,sender,af416b39-8b0b-4383-b8fd-ab44d75320e5,SEND,DATA,55,1060,""
222.453,sender,af416b39-8b0b-4383-b8fd-ab44d75320e5,SEND,DATA,56,1060,""
222.458,sender,af416b39-8b0b-4383-b8fd-ab44d75320e5,SEND,DATA,57,1060,""
222.462,sender,af416b39-8b0b-4383-b8fd-ab44d75320e5,SEND,DATA,58,1060,""
222.467,sender,af416b39-8b0b-4383-b8fd-ab44d75320e5,SEND,DATA,59,1060,""
222.472,sender,af416b39-8b0b-4383-b8fd-ab44d75320e5,SEND,DATA,60,1060,""
222.476,sender,af416b39-8b0b-4383-b8fd-ab44d75320e5,SEND,DATA,61,1060,""
222.481,sender,af416b39-8b0b-4383-b8fd-ab44d75320e5,SEND,DATA,62,1060,""
222.486,sender,af416b39-8b0b-4383-b8fd-ab44d75320e5,SEND,DATA,63,1060,""
253.095,sender,af416b39-8b0b-4383-b8fd-ab44d75320e5,EMIT,DATA,39,1060,""
253.162,sender,af416b39-8b0b-4383-b8fd-ab44d75320e5,EMIT,DATA,62,1060,""
253.186,sender,af416b39-8b0b-4383-b8fd-ab44d75320e5,EMIT,DATA,44,1060,""
253.208,sender,af416b39-8b0b-4383-b8fd-ab44d75320e5,EMIT,DATA,50,1060,""
253.228,sender,af416b39-8b0b-4383-b8fd-ab44d75320e5,EMIT,DATA,32,1060,""
253.252,sender,af416b39-8b0b-4383-b8fd-ab44d75320e5,EMIT,DATA,34,1060,""
253.277,sender,af416b39-8b0b-4383-b8fd-ab44d75320e5,EMIT,DATA,41,1060,""
253.297,sender,af416b39-8b0b-4383-b8fd-ab44d75320e5,EMIT,DATA,54,1060,""
253.317,sender,af416b39-8b0b-4383-b8fd-ab44d75320e5,EMIT,DATA,56,1060,""
253.336,sender,af416b39-8b0b-4383-b8fd-ab44d75320e5,EMIT,DATA,52,1060,""
253.357,sender,af416b39-8b0b-4383-b8fd-ab44d75320e5,EMIT,DATA,63,1060,""
268.655,sender,af416b39-8b0b-4383-b8fd-ab44d75320e5,EMIT,DATA,35,1060,""
268.686,sender,af416b39-8b0b-4383-b8fd-ab44d75320e5,EMIT,DATA,58,1060,""
268.696,sender,af416b39-8b0b-4383-b8fd-ab44d75320e5,EMIT,DATA,43,1060,""
268.704,sender,af416b39-8b0b-4383-b8fd-ab44d75320e5,EMIT,DATA,38,1060,""
268.713,sender,af416b39-8b0b-4383-b8fd-ab44d75320e5,EMIT,DATA,59,1060,""
268.720,sender,af416b39-8b0b-4383-b8fd-ab44d75320e5,EMIT,DATA,57,1060,""
268.729,sender,af416b39-8b0b-4383-b8fd-ab44d75320e5,EMIT,DATA,60,1060,""
268.736,sender,af416b39-8b0b-4383-b8fd-ab44d75320e5,EMIT,DATA,36,1060,""
268.744,sender,af416b39-8b0b-4383-b8fd-ab44d75320e5,EMIT,DATA,37,1060,""
268.752,sender,af416b39-8b0b-4383-b8fd-ab44d75320e5,EMIT,DATA,48,1060,""
268.760,sender,af416b39-8b0b-4383-b8fd-ab44d75320e5,EMIT,DATA,51,1060,""
268.768,sender,af416b39-8b0b-4383-b8fd-ab44d75320e5,EMIT,DATA,47,1060,""
268.776,sender,af416b39-8b0b-4383-b8fd-ab44d75320e5,EMIT,DATA,49,1060,""
268.783,sender,af416b39-8b0b-4383-b8fd-ab44d75320e5,EMIT,DATA,33,1060,""
268.791,sender,af416b39-8b0b-4383-b8fd-ab44d75320e5,EMIT,DATA,40,1060,""
268.799,sender,af416b39-8b0b-4383-b8fd-ab44d75320e5,EMIT,DATA,46,1060,""
268.807,sender,af416b39-8b0b-4383-b8fd-ab44d75320e5,EMIT,DATA,42,1060,""
268.814,sender,af416b39-8b0b-4383-b8fd-ab44d75320e5,EMIT,DATA,53,1060,""
268.822,sender,af416b39-8b0b-4383-b8fd-ab44d75320e5,EMIT,DATA,61,1060,""
284.534,sender,af416b39-8b0b-4383-b8fd-ab44d75320e5,EMIT,DATA,45,1060,""
284.564,sender,af416b39-8b0b-4383-b8fd-ab44d75320e5,EMIT,DATA,55,1060,""
284.705,sender,af416b39-8b0b-4383-b8fd-ab44d75320e5,RECEIVE,ACK,44,36,""
284.715,sender,af416b39-8b0b-4383-b8fd-ab44d75320e5,ACKNOWLEDGED,ACK,44,0,""
284.718,sender,af416b39-8b0b-4383-b8fd-ab44d75320e5,CONFIRM_DATA,ACK,44,1024,"unique file bytes acknowledged"
284.723,sender,af416b39-8b0b-4383-b8fd-ab44d75320e5,RTT_SAMPLE,ACK,44,0,"62.324000"
284.734,sender,af416b39-8b0b-4383-b8fd-ab44d75320e5,RECEIVE,ACK,56,36,""
284.737,sender,af416b39-8b0b-4383-b8fd-ab44d75320e5,ACKNOWLEDGED,ACK,56,0,""
284.739,sender,af416b39-8b0b-4383-b8fd-ab44d75320e5,CONFIRM_DATA,ACK,56,1024,"unique file bytes acknowledged"
284.743,sender,af416b39-8b0b-4383-b8fd-ab44d75320e5,RTT_SAMPLE,ACK,56,0,"62.289100"
284.748,sender,af416b39-8b0b-4383-b8fd-ab44d75320e5,RECEIVE,ACK,32,36,""
284.751,sender,af416b39-8b0b-4383-b8fd-ab44d75320e5,ACKNOWLEDGED,ACK,32,0,""
284.753,sender,af416b39-8b0b-4383-b8fd-ab44d75320e5,CONFIRM_DATA,ACK,32,1024,"unique file bytes acknowledged"
284.756,sender,af416b39-8b0b-4383-b8fd-ab44d75320e5,RTT_SAMPLE,ACK,32,0,"77.534000"
284.760,sender,af416b39-8b0b-4383-b8fd-ab44d75320e5,SEND,DATA,64,1060,""
284.772,sender,af416b39-8b0b-4383-b8fd-ab44d75320e5,RECEIVE,ACK,52,36,""
284.775,sender,af416b39-8b0b-4383-b8fd-ab44d75320e5,ACKNOWLEDGED,ACK,52,0,""
284.777,sender,af416b39-8b0b-4383-b8fd-ab44d75320e5,CONFIRM_DATA,ACK,52,1024,"unique file bytes acknowledged"
284.780,sender,af416b39-8b0b-4383-b8fd-ab44d75320e5,RTT_SAMPLE,ACK,52,0,"62.345300"
299.903,sender,af416b39-8b0b-4383-b8fd-ab44d75320e5,RECEIVE,ACK,34,36,""
299.916,sender,af416b39-8b0b-4383-b8fd-ab44d75320e5,ACKNOWLEDGED,ACK,34,0,""
299.919,sender,af416b39-8b0b-4383-b8fd-ab44d75320e5,CONFIRM_DATA,ACK,34,1024,"unique file bytes acknowledged"
299.924,sender,af416b39-8b0b-4383-b8fd-ab44d75320e5,RTT_SAMPLE,ACK,34,0,"77.723900"
299.930,sender,af416b39-8b0b-4383-b8fd-ab44d75320e5,RECEIVE,ACK,54,36,""
299.933,sender,af416b39-8b0b-4383-b8fd-ab44d75320e5,ACKNOWLEDGED,ACK,54,0,""
299.935,sender,af416b39-8b0b-4383-b8fd-ab44d75320e5,CONFIRM_DATA,ACK,54,1024,"unique file bytes acknowledged"
299.938,sender,af416b39-8b0b-4383-b8fd-ab44d75320e5,RTT_SAMPLE,ACK,54,0,"77.494400"
299.944,sender,af416b39-8b0b-4383-b8fd-ab44d75320e5,RECEIVE,ACK,50,36,""
299.946,sender,af416b39-8b0b-4383-b8fd-ab44d75320e5,ACKNOWLEDGED,ACK,50,0,""
299.949,sender,af416b39-8b0b-4383-b8fd-ab44d75320e5,CONFIRM_DATA,ACK,50,1024,"unique file bytes acknowledged"
299.952,sender,af416b39-8b0b-4383-b8fd-ab44d75320e5,RTT_SAMPLE,ACK,50,0,"77.526200"
299.957,sender,af416b39-8b0b-4383-b8fd-ab44d75320e5,RECEIVE,ACK,39,36,""
299.960,sender,af416b39-8b0b-4383-b8fd-ab44d75320e5,ACKNOWLEDGED,ACK,39,0,""
299.962,sender,af416b39-8b0b-4383-b8fd-ab44d75320e5,CONFIRM_DATA,ACK,39,1024,"unique file bytes acknowledged"
299.965,sender,af416b39-8b0b-4383-b8fd-ab44d75320e5,RTT_SAMPLE,ACK,39,0,"77.597400"
299.970,sender,af416b39-8b0b-4383-b8fd-ab44d75320e5,RECEIVE,ACK,41,36,""
299.973,sender,af416b39-8b0b-4383-b8fd-ab44d75320e5,ACKNOWLEDGED,ACK,41,0,""
299.975,sender,af416b39-8b0b-4383-b8fd-ab44d75320e5,CONFIRM_DATA,ACK,41,1024,"unique file bytes acknowledged"
299.978,sender,af416b39-8b0b-4383-b8fd-ab44d75320e5,RTT_SAMPLE,ACK,41,0,"77.594300"
299.983,sender,af416b39-8b0b-4383-b8fd-ab44d75320e5,RECEIVE,ACK,63,36,""
299.986,sender,af416b39-8b0b-4383-b8fd-ab44d75320e5,ACKNOWLEDGED,ACK,63,0,""
299.993,sender,af416b39-8b0b-4383-b8fd-ab44d75320e5,CONFIRM_DATA,ACK,63,1024,"unique file bytes acknowledged"
299.996,sender,af416b39-8b0b-4383-b8fd-ab44d75320e5,RTT_SAMPLE,ACK,63,0,"77.510200"
300.001,sender,af416b39-8b0b-4383-b8fd-ab44d75320e5,RECEIVE,ACK,38,36,""
300.003,sender,af416b39-8b0b-4383-b8fd-ab44d75320e5,ACKNOWLEDGED,ACK,38,0,""
300.061,sender,af416b39-8b0b-4383-b8fd-ab44d75320e5,CONFIRM_DATA,ACK,38,1024,"unique file bytes acknowledged"
300.065,sender,af416b39-8b0b-4383-b8fd-ab44d75320e5,RTT_SAMPLE,ACK,38,0,"77.701400"
300.071,sender,af416b39-8b0b-4383-b8fd-ab44d75320e5,RECEIVE,ACK,51,36,""
300.074,sender,af416b39-8b0b-4383-b8fd-ab44d75320e5,ACKNOWLEDGED,ACK,51,0,""
300.076,sender,af416b39-8b0b-4383-b8fd-ab44d75320e5,CONFIRM_DATA,ACK,51,1024,"unique file bytes acknowledged"
300.079,sender,af416b39-8b0b-4383-b8fd-ab44d75320e5,RTT_SAMPLE,ACK,51,0,"77.648700"
315.419,sender,af416b39-8b0b-4383-b8fd-ab44d75320e5,RECEIVE,ACK,61,36,""
315.431,sender,af416b39-8b0b-4383-b8fd-ab44d75320e5,ACKNOWLEDGED,ACK,61,0,""
315.435,sender,af416b39-8b0b-4383-b8fd-ab44d75320e5,CONFIRM_DATA,ACK,61,1024,"unique file bytes acknowledged"
315.439,sender,af416b39-8b0b-4383-b8fd-ab44d75320e5,RTT_SAMPLE,ACK,61,0,"92.962100"
315.450,sender,af416b39-8b0b-4383-b8fd-ab44d75320e5,RECEIVE,ACK,60,36,""
315.453,sender,af416b39-8b0b-4383-b8fd-ab44d75320e5,ACKNOWLEDGED,ACK,60,0,""
315.455,sender,af416b39-8b0b-4383-b8fd-ab44d75320e5,CONFIRM_DATA,ACK,60,1024,"unique file bytes acknowledged"
315.458,sender,af416b39-8b0b-4383-b8fd-ab44d75320e5,RTT_SAMPLE,ACK,60,0,"92.986800"
315.464,sender,af416b39-8b0b-4383-b8fd-ab44d75320e5,RECEIVE,ACK,40,36,""
315.467,sender,af416b39-8b0b-4383-b8fd-ab44d75320e5,ACKNOWLEDGED,ACK,40,0,""
315.469,sender,af416b39-8b0b-4383-b8fd-ab44d75320e5,CONFIRM_DATA,ACK,40,1024,"unique file bytes acknowledged"
315.472,sender,af416b39-8b0b-4383-b8fd-ab44d75320e5,RTT_SAMPLE,ACK,40,0,"93.094100"
315.477,sender,af416b39-8b0b-4383-b8fd-ab44d75320e5,RECEIVE,ACK,36,36,""
315.480,sender,af416b39-8b0b-4383-b8fd-ab44d75320e5,ACKNOWLEDGED,ACK,36,0,""
315.482,sender,af416b39-8b0b-4383-b8fd-ab44d75320e5,CONFIRM_DATA,ACK,36,1024,"unique file bytes acknowledged"
315.485,sender,af416b39-8b0b-4383-b8fd-ab44d75320e5,RTT_SAMPLE,ACK,36,0,"93.132000"
315.490,sender,af416b39-8b0b-4383-b8fd-ab44d75320e5,RECEIVE,ACK,62,36,""
315.493,sender,af416b39-8b0b-4383-b8fd-ab44d75320e5,ACKNOWLEDGED,ACK,62,0,""
315.495,sender,af416b39-8b0b-4383-b8fd-ab44d75320e5,CONFIRM_DATA,ACK,62,1024,"unique file bytes acknowledged"
315.498,sender,af416b39-8b0b-4383-b8fd-ab44d75320e5,RTT_SAMPLE,ACK,62,0,"93.016900"
315.503,sender,af416b39-8b0b-4383-b8fd-ab44d75320e5,RECEIVE,ACK,58,36,""
315.505,sender,af416b39-8b0b-4383-b8fd-ab44d75320e5,ACKNOWLEDGED,ACK,58,0,""
315.507,sender,af416b39-8b0b-4383-b8fd-ab44d75320e5,CONFIRM_DATA,ACK,58,1024,"unique file bytes acknowledged"
315.510,sender,af416b39-8b0b-4383-b8fd-ab44d75320e5,RTT_SAMPLE,ACK,58,0,"93.047700"
315.515,sender,af416b39-8b0b-4383-b8fd-ab44d75320e5,RECEIVE,ACK,35,36,""
315.518,sender,af416b39-8b0b-4383-b8fd-ab44d75320e5,ACKNOWLEDGED,ACK,35,0,""
315.520,sender,af416b39-8b0b-4383-b8fd-ab44d75320e5,CONFIRM_DATA,ACK,35,1024,"unique file bytes acknowledged"
315.523,sender,af416b39-8b0b-4383-b8fd-ab44d75320e5,RTT_SAMPLE,ACK,35,0,"93.176400"
315.528,sender,af416b39-8b0b-4383-b8fd-ab44d75320e5,RECEIVE,ACK,42,36,""
315.530,sender,af416b39-8b0b-4383-b8fd-ab44d75320e5,ACKNOWLEDGED,ACK,42,0,""
315.533,sender,af416b39-8b0b-4383-b8fd-ab44d75320e5,CONFIRM_DATA,ACK,42,1024,"unique file bytes acknowledged"
315.536,sender,af416b39-8b0b-4383-b8fd-ab44d75320e5,RTT_SAMPLE,ACK,42,0,"93.147100"
315.541,sender,af416b39-8b0b-4383-b8fd-ab44d75320e5,RECEIVE,ACK,46,36,""
315.543,sender,af416b39-8b0b-4383-b8fd-ab44d75320e5,ACKNOWLEDGED,ACK,46,0,""
315.545,sender,af416b39-8b0b-4383-b8fd-ab44d75320e5,CONFIRM_DATA,ACK,46,1024,"unique file bytes acknowledged"
315.548,sender,af416b39-8b0b-4383-b8fd-ab44d75320e5,RTT_SAMPLE,ACK,46,0,"93.140800"
315.553,sender,af416b39-8b0b-4383-b8fd-ab44d75320e5,RECEIVE,ACK,48,36,""
315.555,sender,af416b39-8b0b-4383-b8fd-ab44d75320e5,ACKNOWLEDGED,ACK,48,0,""
315.557,sender,af416b39-8b0b-4383-b8fd-ab44d75320e5,CONFIRM_DATA,ACK,48,1024,"unique file bytes acknowledged"
315.560,sender,af416b39-8b0b-4383-b8fd-ab44d75320e5,RTT_SAMPLE,ACK,48,0,"93.144000"
315.565,sender,af416b39-8b0b-4383-b8fd-ab44d75320e5,RECEIVE,ACK,59,36,""
315.568,sender,af416b39-8b0b-4383-b8fd-ab44d75320e5,ACKNOWLEDGED,ACK,59,0,""
315.570,sender,af416b39-8b0b-4383-b8fd-ab44d75320e5,CONFIRM_DATA,ACK,59,1024,"unique file bytes acknowledged"
315.573,sender,af416b39-8b0b-4383-b8fd-ab44d75320e5,RTT_SAMPLE,ACK,59,0,"93.105800"
315.578,sender,af416b39-8b0b-4383-b8fd-ab44d75320e5,RECEIVE,ACK,53,36,""
315.580,sender,af416b39-8b0b-4383-b8fd-ab44d75320e5,ACKNOWLEDGED,ACK,53,0,""
315.583,sender,af416b39-8b0b-4383-b8fd-ab44d75320e5,CONFIRM_DATA,ACK,53,1024,"unique file bytes acknowledged"
315.586,sender,af416b39-8b0b-4383-b8fd-ab44d75320e5,RTT_SAMPLE,ACK,53,0,"93.146300"
315.590,sender,af416b39-8b0b-4383-b8fd-ab44d75320e5,RECEIVE,ACK,37,36,""
315.593,sender,af416b39-8b0b-4383-b8fd-ab44d75320e5,ACKNOWLEDGED,ACK,37,0,""
315.595,sender,af416b39-8b0b-4383-b8fd-ab44d75320e5,CONFIRM_DATA,ACK,37,1024,"unique file bytes acknowledged"
315.598,sender,af416b39-8b0b-4383-b8fd-ab44d75320e5,RTT_SAMPLE,ACK,37,0,"93.239800"
315.603,sender,af416b39-8b0b-4383-b8fd-ab44d75320e5,RECEIVE,ACK,33,36,""
315.605,sender,af416b39-8b0b-4383-b8fd-ab44d75320e5,ACKNOWLEDGED,ACK,33,0,""
315.608,sender,af416b39-8b0b-4383-b8fd-ab44d75320e5,CONFIRM_DATA,ACK,33,1024,"unique file bytes acknowledged"
315.610,sender,af416b39-8b0b-4383-b8fd-ab44d75320e5,RTT_SAMPLE,ACK,33,0,"93.419200"
315.614,sender,af416b39-8b0b-4383-b8fd-ab44d75320e5,SEND,DATA,65,1060,""
315.619,sender,af416b39-8b0b-4383-b8fd-ab44d75320e5,SEND,DATA,66,1060,""
315.622,sender,af416b39-8b0b-4383-b8fd-ab44d75320e5,SEND,DATA,67,1060,""
315.625,sender,af416b39-8b0b-4383-b8fd-ab44d75320e5,SEND,DATA,68,1060,""
315.628,sender,af416b39-8b0b-4383-b8fd-ab44d75320e5,SEND,DATA,69,1060,""
315.630,sender,af416b39-8b0b-4383-b8fd-ab44d75320e5,SEND,DATA,70,1060,""
315.633,sender,af416b39-8b0b-4383-b8fd-ab44d75320e5,SEND,DATA,71,1060,""
315.636,sender,af416b39-8b0b-4383-b8fd-ab44d75320e5,SEND,DATA,72,1060,""
315.639,sender,af416b39-8b0b-4383-b8fd-ab44d75320e5,SEND,DATA,73,1060,""
315.642,sender,af416b39-8b0b-4383-b8fd-ab44d75320e5,SEND,DATA,74,1060,""
330.157,sender,af416b39-8b0b-4383-b8fd-ab44d75320e5,EMIT,DATA,64,1060,""
330.225,sender,af416b39-8b0b-4383-b8fd-ab44d75320e5,RECEIVE,ACK,45,36,""
330.235,sender,af416b39-8b0b-4383-b8fd-ab44d75320e5,ACKNOWLEDGED,ACK,45,0,""
330.238,sender,af416b39-8b0b-4383-b8fd-ab44d75320e5,CONFIRM_DATA,ACK,45,1024,"unique file bytes acknowledged"
330.504,sender,af416b39-8b0b-4383-b8fd-ab44d75320e5,RTT_SAMPLE,ACK,45,0,"107.839300"
330.533,sender,af416b39-8b0b-4383-b8fd-ab44d75320e5,RECEIVE,ACK,43,36,""
330.538,sender,af416b39-8b0b-4383-b8fd-ab44d75320e5,ACKNOWLEDGED,ACK,43,0,""
330.540,sender,af416b39-8b0b-4383-b8fd-ab44d75320e5,CONFIRM_DATA,ACK,43,1024,"unique file bytes acknowledged"
330.549,sender,af416b39-8b0b-4383-b8fd-ab44d75320e5,RTT_SAMPLE,ACK,43,0,"108.154800"
330.553,sender,af416b39-8b0b-4383-b8fd-ab44d75320e5,SEND,DATA,75,1060,""
330.557,sender,af416b39-8b0b-4383-b8fd-ab44d75320e5,SEND,DATA,76,1060,""
330.560,sender,af416b39-8b0b-4383-b8fd-ab44d75320e5,SEND,DATA,77,1060,""
330.563,sender,af416b39-8b0b-4383-b8fd-ab44d75320e5,SEND,DATA,78,1060,""
330.569,sender,af416b39-8b0b-4383-b8fd-ab44d75320e5,RECEIVE,ACK,49,36,""
330.572,sender,af416b39-8b0b-4383-b8fd-ab44d75320e5,ACKNOWLEDGED,ACK,49,0,""
330.578,sender,af416b39-8b0b-4383-b8fd-ab44d75320e5,CONFIRM_DATA,ACK,49,1024,"unique file bytes acknowledged"
330.581,sender,af416b39-8b0b-4383-b8fd-ab44d75320e5,RTT_SAMPLE,ACK,49,0,"108.160400"
330.586,sender,af416b39-8b0b-4383-b8fd-ab44d75320e5,RECEIVE,ACK,57,36,""
330.589,sender,af416b39-8b0b-4383-b8fd-ab44d75320e5,ACKNOWLEDGED,ACK,57,0,""
330.591,sender,af416b39-8b0b-4383-b8fd-ab44d75320e5,CONFIRM_DATA,ACK,57,1024,"unique file bytes acknowledged"
330.594,sender,af416b39-8b0b-4383-b8fd-ab44d75320e5,RTT_SAMPLE,ACK,57,0,"108.136300"
330.599,sender,af416b39-8b0b-4383-b8fd-ab44d75320e5,RECEIVE,ACK,47,36,""
330.602,sender,af416b39-8b0b-4383-b8fd-ab44d75320e5,ACKNOWLEDGED,ACK,47,0,""
330.604,sender,af416b39-8b0b-4383-b8fd-ab44d75320e5,CONFIRM_DATA,ACK,47,1024,"unique file bytes acknowledged"
330.653,sender,af416b39-8b0b-4383-b8fd-ab44d75320e5,RTT_SAMPLE,ACK,47,0,"108.241000"
330.657,sender,af416b39-8b0b-4383-b8fd-ab44d75320e5,SEND,DATA,79,1060,""
330.660,sender,af416b39-8b0b-4383-b8fd-ab44d75320e5,SEND,DATA,80,1060,""
330.663,sender,af416b39-8b0b-4383-b8fd-ab44d75320e5,SEND,DATA,81,1060,""
330.669,sender,af416b39-8b0b-4383-b8fd-ab44d75320e5,SEND,DATA,82,1060,""
330.672,sender,af416b39-8b0b-4383-b8fd-ab44d75320e5,SEND,DATA,83,1060,""
330.675,sender,af416b39-8b0b-4383-b8fd-ab44d75320e5,SEND,DATA,84,1060,""
330.678,sender,af416b39-8b0b-4383-b8fd-ab44d75320e5,SEND,DATA,85,1060,""
330.681,sender,af416b39-8b0b-4383-b8fd-ab44d75320e5,SEND,DATA,86,1060,""
330.686,sender,af416b39-8b0b-4383-b8fd-ab44d75320e5,RECEIVE,ACK,55,36,""
330.689,sender,af416b39-8b0b-4383-b8fd-ab44d75320e5,ACKNOWLEDGED,ACK,55,0,""
330.691,sender,af416b39-8b0b-4383-b8fd-ab44d75320e5,CONFIRM_DATA,ACK,55,1024,"unique file bytes acknowledged"
330.694,sender,af416b39-8b0b-4383-b8fd-ab44d75320e5,RTT_SAMPLE,ACK,55,0,"108.246000"
330.698,sender,af416b39-8b0b-4383-b8fd-ab44d75320e5,SEND,DATA,87,1060,""
330.700,sender,af416b39-8b0b-4383-b8fd-ab44d75320e5,SEND,DATA,88,1060,""
330.703,sender,af416b39-8b0b-4383-b8fd-ab44d75320e5,SEND,DATA,89,1060,""
330.706,sender,af416b39-8b0b-4383-b8fd-ab44d75320e5,SEND,DATA,90,1060,""
330.709,sender,af416b39-8b0b-4383-b8fd-ab44d75320e5,SEND,DATA,91,1060,""
330.726,sender,af416b39-8b0b-4383-b8fd-ab44d75320e5,SEND,DATA,92,1060,""
330.729,sender,af416b39-8b0b-4383-b8fd-ab44d75320e5,SEND,DATA,93,1060,""
330.732,sender,af416b39-8b0b-4383-b8fd-ab44d75320e5,SEND,DATA,94,1060,""
330.735,sender,af416b39-8b0b-4383-b8fd-ab44d75320e5,SEND,DATA,95,1060,""
346.186,sender,af416b39-8b0b-4383-b8fd-ab44d75320e5,EMIT,DATA,65,1060,""
346.223,sender,af416b39-8b0b-4383-b8fd-ab44d75320e5,EMIT,DATA,67,1060,""
362.427,sender,af416b39-8b0b-4383-b8fd-ab44d75320e5,EMIT,DATA,72,1060,""
362.459,sender,af416b39-8b0b-4383-b8fd-ab44d75320e5,EMIT,DATA,73,1060,""
362.468,sender,af416b39-8b0b-4383-b8fd-ab44d75320e5,EMIT,DATA,66,1060,""
362.476,sender,af416b39-8b0b-4383-b8fd-ab44d75320e5,EMIT,DATA,69,1060,""
362.485,sender,af416b39-8b0b-4383-b8fd-ab44d75320e5,EMIT,DATA,74,1060,""
362.493,sender,af416b39-8b0b-4383-b8fd-ab44d75320e5,EMIT,DATA,70,1060,""
362.501,sender,af416b39-8b0b-4383-b8fd-ab44d75320e5,EMIT,DATA,71,1060,""
362.508,sender,af416b39-8b0b-4383-b8fd-ab44d75320e5,EMIT,DATA,88,1060,""
362.516,sender,af416b39-8b0b-4383-b8fd-ab44d75320e5,EMIT,DATA,94,1060,""
362.524,sender,af416b39-8b0b-4383-b8fd-ab44d75320e5,EMIT,DATA,68,1060,""
362.533,sender,af416b39-8b0b-4383-b8fd-ab44d75320e5,EMIT,DATA,79,1060,""
362.541,sender,af416b39-8b0b-4383-b8fd-ab44d75320e5,EMIT,DATA,83,1060,""
362.549,sender,af416b39-8b0b-4383-b8fd-ab44d75320e5,EMIT,DATA,90,1060,""
362.558,sender,af416b39-8b0b-4383-b8fd-ab44d75320e5,EMIT,DATA,95,1060,""
378.725,sender,af416b39-8b0b-4383-b8fd-ab44d75320e5,RECEIVE,ACK,67,36,""
378.747,sender,af416b39-8b0b-4383-b8fd-ab44d75320e5,ACKNOWLEDGED,ACK,67,0,""
378.752,sender,af416b39-8b0b-4383-b8fd-ab44d75320e5,CONFIRM_DATA,ACK,67,1024,"unique file bytes acknowledged"
378.760,sender,af416b39-8b0b-4383-b8fd-ab44d75320e5,RTT_SAMPLE,ACK,67,0,"63.135800"
378.769,sender,af416b39-8b0b-4383-b8fd-ab44d75320e5,EMIT,DATA,91,1060,""
378.789,sender,af416b39-8b0b-4383-b8fd-ab44d75320e5,RECEIVE,ACK,64,36,""
378.794,sender,af416b39-8b0b-4383-b8fd-ab44d75320e5,ACKNOWLEDGED,ACK,64,0,""
378.798,sender,af416b39-8b0b-4383-b8fd-ab44d75320e5,CONFIRM_DATA,ACK,64,1024,"unique file bytes acknowledged"
378.803,sender,af416b39-8b0b-4383-b8fd-ab44d75320e5,EMIT,DATA,76,1060,""
378.811,sender,af416b39-8b0b-4383-b8fd-ab44d75320e5,RTT_SAMPLE,ACK,64,0,"94.043700"
378.818,sender,af416b39-8b0b-4383-b8fd-ab44d75320e5,SEND,DATA,96,1060,""
378.823,sender,af416b39-8b0b-4383-b8fd-ab44d75320e5,EMIT,DATA,78,1060,""
378.838,sender,af416b39-8b0b-4383-b8fd-ab44d75320e5,EMIT,DATA,92,1060,""
378.856,sender,af416b39-8b0b-4383-b8fd-ab44d75320e5,EMIT,DATA,81,1060,""
378.869,sender,af416b39-8b0b-4383-b8fd-ab44d75320e5,EMIT,DATA,89,1060,""
378.882,sender,af416b39-8b0b-4383-b8fd-ab44d75320e5,EMIT,DATA,86,1060,""
378.896,sender,af416b39-8b0b-4383-b8fd-ab44d75320e5,EMIT,DATA,93,1060,""
378.909,sender,af416b39-8b0b-4383-b8fd-ab44d75320e5,EMIT,DATA,80,1060,""
378.988,sender,af416b39-8b0b-4383-b8fd-ab44d75320e5,EMIT,DATA,77,1060,""
379.007,sender,af416b39-8b0b-4383-b8fd-ab44d75320e5,EMIT,DATA,85,1060,""
379.021,sender,af416b39-8b0b-4383-b8fd-ab44d75320e5,EMIT,DATA,87,1060,""
394.399,sender,af416b39-8b0b-4383-b8fd-ab44d75320e5,EMIT,DATA,75,1060,""
394.417,sender,af416b39-8b0b-4383-b8fd-ab44d75320e5,RECEIVE,ACK,74,36,""
394.427,sender,af416b39-8b0b-4383-b8fd-ab44d75320e5,ACKNOWLEDGED,ACK,74,0,""
394.431,sender,af416b39-8b0b-4383-b8fd-ab44d75320e5,CONFIRM_DATA,ACK,74,1024,"unique file bytes acknowledged"
394.435,sender,af416b39-8b0b-4383-b8fd-ab44d75320e5,EMIT,DATA,82,1060,""
394.442,sender,af416b39-8b0b-4383-b8fd-ab44d75320e5,RTT_SAMPLE,ACK,74,0,"78.792800"
394.450,sender,af416b39-8b0b-4383-b8fd-ab44d75320e5,EMIT,DATA,84,1060,""
394.455,sender,af416b39-8b0b-4383-b8fd-ab44d75320e5,RECEIVE,ACK,65,36,""
394.458,sender,af416b39-8b0b-4383-b8fd-ab44d75320e5,ACKNOWLEDGED,ACK,65,0,""
394.461,sender,af416b39-8b0b-4383-b8fd-ab44d75320e5,CONFIRM_DATA,ACK,65,1024,"unique file bytes acknowledged"
394.465,sender,af416b39-8b0b-4383-b8fd-ab44d75320e5,RTT_SAMPLE,ACK,65,0,"78.850600"
394.469,sender,af416b39-8b0b-4383-b8fd-ab44d75320e5,SEND,DATA,97,1060,""
394.476,sender,af416b39-8b0b-4383-b8fd-ab44d75320e5,RECEIVE,ACK,71,36,""
394.479,sender,af416b39-8b0b-4383-b8fd-ab44d75320e5,ACKNOWLEDGED,ACK,71,0,""
394.482,sender,af416b39-8b0b-4383-b8fd-ab44d75320e5,CONFIRM_DATA,ACK,71,1024,"unique file bytes acknowledged"
394.485,sender,af416b39-8b0b-4383-b8fd-ab44d75320e5,RTT_SAMPLE,ACK,71,0,"78.851000"
394.491,sender,af416b39-8b0b-4383-b8fd-ab44d75320e5,RECEIVE,ACK,88,36,""
394.505,sender,af416b39-8b0b-4383-b8fd-ab44d75320e5,ACKNOWLEDGED,ACK,88,0,""
394.508,sender,af416b39-8b0b-4383-b8fd-ab44d75320e5,CONFIRM_DATA,ACK,88,1024,"unique file bytes acknowledged"
394.511,sender,af416b39-8b0b-4383-b8fd-ab44d75320e5,RTT_SAMPLE,ACK,88,0,"63.809900"
394.517,sender,af416b39-8b0b-4383-b8fd-ab44d75320e5,RECEIVE,ACK,90,36,""
394.519,sender,af416b39-8b0b-4383-b8fd-ab44d75320e5,ACKNOWLEDGED,ACK,90,0,""
394.522,sender,af416b39-8b0b-4383-b8fd-ab44d75320e5,CONFIRM_DATA,ACK,90,1024,"unique file bytes acknowledged"
394.529,sender,af416b39-8b0b-4383-b8fd-ab44d75320e5,RTT_SAMPLE,ACK,90,0,"63.822000"
394.534,sender,af416b39-8b0b-4383-b8fd-ab44d75320e5,RECEIVE,ACK,68,36,""
394.537,sender,af416b39-8b0b-4383-b8fd-ab44d75320e5,ACKNOWLEDGED,ACK,68,0,""
394.539,sender,af416b39-8b0b-4383-b8fd-ab44d75320e5,CONFIRM_DATA,ACK,68,1024,"unique file bytes acknowledged"
394.543,sender,af416b39-8b0b-4383-b8fd-ab44d75320e5,RTT_SAMPLE,ACK,68,0,"78.917400"
410.247,sender,af416b39-8b0b-4383-b8fd-ab44d75320e5,EMIT,DATA,96,1060,""
410.411,sender,af416b39-8b0b-4383-b8fd-ab44d75320e5,RECEIVE,ACK,72,36,""
410.422,sender,af416b39-8b0b-4383-b8fd-ab44d75320e5,ACKNOWLEDGED,ACK,72,0,""
410.437,sender,af416b39-8b0b-4383-b8fd-ab44d75320e5,CONFIRM_DATA,ACK,72,1024,"unique file bytes acknowledged"
410.443,sender,af416b39-8b0b-4383-b8fd-ab44d75320e5,RTT_SAMPLE,ACK,72,0,"94.805000"
410.456,sender,af416b39-8b0b-4383-b8fd-ab44d75320e5,RECEIVE,ACK,83,36,""
410.459,sender,af416b39-8b0b-4383-b8fd-ab44d75320e5,ACKNOWLEDGED,ACK,83,0,""
410.462,sender,af416b39-8b0b-4383-b8fd-ab44d75320e5,CONFIRM_DATA,ACK,83,1024,"unique file bytes acknowledged"
410.465,sender,af416b39-8b0b-4383-b8fd-ab44d75320e5,RTT_SAMPLE,ACK,83,0,"79.792500"
410.471,sender,af416b39-8b0b-4383-b8fd-ab44d75320e5,RECEIVE,ACK,69,36,""
410.474,sender,af416b39-8b0b-4383-b8fd-ab44d75320e5,ACKNOWLEDGED,ACK,69,0,""
410.477,sender,af416b39-8b0b-4383-b8fd-ab44d75320e5,CONFIRM_DATA,ACK,69,1024,"unique file bytes acknowledged"
410.480,sender,af416b39-8b0b-4383-b8fd-ab44d75320e5,RTT_SAMPLE,ACK,69,0,"94.852100"
410.486,sender,af416b39-8b0b-4383-b8fd-ab44d75320e5,RECEIVE,ACK,78,36,""
410.489,sender,af416b39-8b0b-4383-b8fd-ab44d75320e5,ACKNOWLEDGED,ACK,78,0,""
410.571,sender,af416b39-8b0b-4383-b8fd-ab44d75320e5,CONFIRM_DATA,ACK,78,1024,"unique file bytes acknowledged"
410.576,sender,af416b39-8b0b-4383-b8fd-ab44d75320e5,RTT_SAMPLE,ACK,78,0,"80.012000"
410.584,sender,af416b39-8b0b-4383-b8fd-ab44d75320e5,RECEIVE,ACK,81,36,""
410.586,sender,af416b39-8b0b-4383-b8fd-ab44d75320e5,ACKNOWLEDGED,ACK,81,0,""
410.589,sender,af416b39-8b0b-4383-b8fd-ab44d75320e5,CONFIRM_DATA,ACK,81,1024,"unique file bytes acknowledged"
410.592,sender,af416b39-8b0b-4383-b8fd-ab44d75320e5,RTT_SAMPLE,ACK,81,0,"79.928700"
410.598,sender,af416b39-8b0b-4383-b8fd-ab44d75320e5,RECEIVE,ACK,73,36,""
410.600,sender,af416b39-8b0b-4383-b8fd-ab44d75320e5,ACKNOWLEDGED,ACK,73,0,""
410.603,sender,af416b39-8b0b-4383-b8fd-ab44d75320e5,CONFIRM_DATA,ACK,73,1024,"unique file bytes acknowledged"
410.606,sender,af416b39-8b0b-4383-b8fd-ab44d75320e5,RTT_SAMPLE,ACK,73,0,"94.966900"
410.612,sender,af416b39-8b0b-4383-b8fd-ab44d75320e5,RECEIVE,ACK,66,36,""
410.615,sender,af416b39-8b0b-4383-b8fd-ab44d75320e5,ACKNOWLEDGED,ACK,66,0,""
410.618,sender,af416b39-8b0b-4383-b8fd-ab44d75320e5,CONFIRM_DATA,ACK,66,1024,"unique file bytes acknowledged"
410.621,sender,af416b39-8b0b-4383-b8fd-ab44d75320e5,RTT_SAMPLE,ACK,66,0,"95.001200"
410.625,sender,af416b39-8b0b-4383-b8fd-ab44d75320e5,SEND,DATA,98,1060,""
410.629,sender,af416b39-8b0b-4383-b8fd-ab44d75320e5,SEND,DATA,99,1060,""
410.637,sender,af416b39-8b0b-4383-b8fd-ab44d75320e5,SEND,DATA,100,1060,""
410.640,sender,af416b39-8b0b-4383-b8fd-ab44d75320e5,SEND,DATA,101,1060,""
410.646,sender,af416b39-8b0b-4383-b8fd-ab44d75320e5,RECEIVE,ACK,70,36,""
410.648,sender,af416b39-8b0b-4383-b8fd-ab44d75320e5,ACKNOWLEDGED,ACK,70,0,""
410.651,sender,af416b39-8b0b-4383-b8fd-ab44d75320e5,CONFIRM_DATA,ACK,70,1024,"unique file bytes acknowledged"
410.654,sender,af416b39-8b0b-4383-b8fd-ab44d75320e5,RTT_SAMPLE,ACK,70,0,"95.023300"
410.658,sender,af416b39-8b0b-4383-b8fd-ab44d75320e5,SEND,DATA,102,1060,""
410.661,sender,af416b39-8b0b-4383-b8fd-ab44d75320e5,SEND,DATA,103,1060,""
410.664,sender,af416b39-8b0b-4383-b8fd-ab44d75320e5,SEND,DATA,104,1060,""
410.667,sender,af416b39-8b0b-4383-b8fd-ab44d75320e5,SEND,DATA,105,1060,""
410.670,sender,af416b39-8b0b-4383-b8fd-ab44d75320e5,SEND,DATA,106,1060,""
410.676,sender,af416b39-8b0b-4383-b8fd-ab44d75320e5,RECEIVE,ACK,77,36,""
410.679,sender,af416b39-8b0b-4383-b8fd-ab44d75320e5,ACKNOWLEDGED,ACK,77,0,""
410.681,sender,af416b39-8b0b-4383-b8fd-ab44d75320e5,CONFIRM_DATA,ACK,77,1024,"unique file bytes acknowledged"
410.685,sender,af416b39-8b0b-4383-b8fd-ab44d75320e5,RTT_SAMPLE,ACK,77,0,"80.124200"
410.690,sender,af416b39-8b0b-4383-b8fd-ab44d75320e5,RECEIVE,ACK,85,36,""
410.693,sender,af416b39-8b0b-4383-b8fd-ab44d75320e5,ACKNOWLEDGED,ACK,85,0,""
410.695,sender,af416b39-8b0b-4383-b8fd-ab44d75320e5,CONFIRM_DATA,ACK,85,1024,"unique file bytes acknowledged"
410.699,sender,af416b39-8b0b-4383-b8fd-ab44d75320e5,RTT_SAMPLE,ACK,85,0,"80.020100"
410.704,sender,af416b39-8b0b-4383-b8fd-ab44d75320e5,RECEIVE,ACK,95,36,""
410.707,sender,af416b39-8b0b-4383-b8fd-ab44d75320e5,ACKNOWLEDGED,ACK,95,0,""
410.710,sender,af416b39-8b0b-4383-b8fd-ab44d75320e5,CONFIRM_DATA,ACK,95,1024,"unique file bytes acknowledged"
410.713,sender,af416b39-8b0b-4383-b8fd-ab44d75320e5,RTT_SAMPLE,ACK,95,0,"79.977500"
410.871,sender,af416b39-8b0b-4383-b8fd-ab44d75320e5,RECEIVE,ACK,79,36,""
410.876,sender,af416b39-8b0b-4383-b8fd-ab44d75320e5,ACKNOWLEDGED,ACK,79,0,""
410.879,sender,af416b39-8b0b-4383-b8fd-ab44d75320e5,CONFIRM_DATA,ACK,79,1024,"unique file bytes acknowledged"
410.882,sender,af416b39-8b0b-4383-b8fd-ab44d75320e5,RTT_SAMPLE,ACK,79,0,"80.225300"
425.795,sender,af416b39-8b0b-4383-b8fd-ab44d75320e5,EMIT,DATA,97,1060,""
425.844,sender,af416b39-8b0b-4383-b8fd-ab44d75320e5,RECEIVE,ACK,94,36,""
425.854,sender,af416b39-8b0b-4383-b8fd-ab44d75320e5,ACKNOWLEDGED,ACK,94,0,""
425.858,sender,af416b39-8b0b-4383-b8fd-ab44d75320e5,CONFIRM_DATA,ACK,94,1024,"unique file bytes acknowledged"
425.863,sender,af416b39-8b0b-4383-b8fd-ab44d75320e5,RTT_SAMPLE,ACK,94,0,"95.129400"
425.870,sender,af416b39-8b0b-4383-b8fd-ab44d75320e5,RECEIVE,ACK,91,36,""
425.873,sender,af416b39-8b0b-4383-b8fd-ab44d75320e5,ACKNOWLEDGED,ACK,91,0,""
425.876,sender,af416b39-8b0b-4383-b8fd-ab44d75320e5,CONFIRM_DATA,ACK,91,1024,"unique file bytes acknowledged"
425.879,sender,af416b39-8b0b-4383-b8fd-ab44d75320e5,RTT_SAMPLE,ACK,91,0,"95.169700"
425.885,sender,af416b39-8b0b-4383-b8fd-ab44d75320e5,RECEIVE,ACK,92,36,""
425.888,sender,af416b39-8b0b-4383-b8fd-ab44d75320e5,ACKNOWLEDGED,ACK,92,0,""
425.890,sender,af416b39-8b0b-4383-b8fd-ab44d75320e5,CONFIRM_DATA,ACK,92,1024,"unique file bytes acknowledged"
425.894,sender,af416b39-8b0b-4383-b8fd-ab44d75320e5,RTT_SAMPLE,ACK,92,0,"95.181000"
425.899,sender,af416b39-8b0b-4383-b8fd-ab44d75320e5,RECEIVE,ACK,93,36,""
425.902,sender,af416b39-8b0b-4383-b8fd-ab44d75320e5,ACKNOWLEDGED,ACK,93,0,""
425.905,sender,af416b39-8b0b-4383-b8fd-ab44d75320e5,CONFIRM_DATA,ACK,93,1024,"unique file bytes acknowledged"
425.908,sender,af416b39-8b0b-4383-b8fd-ab44d75320e5,RTT_SAMPLE,ACK,93,0,"95.178200"
425.913,sender,af416b39-8b0b-4383-b8fd-ab44d75320e5,RECEIVE,ACK,87,36,""
425.916,sender,af416b39-8b0b-4383-b8fd-ab44d75320e5,ACKNOWLEDGED,ACK,87,0,""
425.919,sender,af416b39-8b0b-4383-b8fd-ab44d75320e5,CONFIRM_DATA,ACK,87,1024,"unique file bytes acknowledged"
425.922,sender,af416b39-8b0b-4383-b8fd-ab44d75320e5,RTT_SAMPLE,ACK,87,0,"95.223800"
426.137,sender,af416b39-8b0b-4383-b8fd-ab44d75320e5,RECEIVE,ACK,86,36,""
426.159,sender,af416b39-8b0b-4383-b8fd-ab44d75320e5,ACKNOWLEDGED,ACK,86,0,""
426.162,sender,af416b39-8b0b-4383-b8fd-ab44d75320e5,CONFIRM_DATA,ACK,86,1024,"unique file bytes acknowledged"
426.167,sender,af416b39-8b0b-4383-b8fd-ab44d75320e5,RTT_SAMPLE,ACK,86,0,"95.484900"
426.181,sender,af416b39-8b0b-4383-b8fd-ab44d75320e5,RECEIVE,ACK,76,36,""
426.184,sender,af416b39-8b0b-4383-b8fd-ab44d75320e5,ACKNOWLEDGED,ACK,76,0,""
426.186,sender,af416b39-8b0b-4383-b8fd-ab44d75320e5,CONFIRM_DATA,ACK,76,1024,"unique file bytes acknowledged"
426.190,sender,af416b39-8b0b-4383-b8fd-ab44d75320e5,RTT_SAMPLE,ACK,76,0,"95.632700"
426.196,sender,af416b39-8b0b-4383-b8fd-ab44d75320e5,RECEIVE,ACK,80,36,""
426.198,sender,af416b39-8b0b-4383-b8fd-ab44d75320e5,ACKNOWLEDGED,ACK,80,0,""
426.201,sender,af416b39-8b0b-4383-b8fd-ab44d75320e5,CONFIRM_DATA,ACK,80,1024,"unique file bytes acknowledged"
426.204,sender,af416b39-8b0b-4383-b8fd-ab44d75320e5,RTT_SAMPLE,ACK,80,0,"95.544200"
426.210,sender,af416b39-8b0b-4383-b8fd-ab44d75320e5,RECEIVE,ACK,89,36,""
426.213,sender,af416b39-8b0b-4383-b8fd-ab44d75320e5,ACKNOWLEDGED,ACK,89,0,""
426.215,sender,af416b39-8b0b-4383-b8fd-ab44d75320e5,CONFIRM_DATA,ACK,89,1024,"unique file bytes acknowledged"
426.218,sender,af416b39-8b0b-4383-b8fd-ab44d75320e5,RTT_SAMPLE,ACK,89,0,"95.514500"
441.083,sender,af416b39-8b0b-4383-b8fd-ab44d75320e5,EMIT,DATA,101,1060,""
441.128,sender,af416b39-8b0b-4383-b8fd-ab44d75320e5,RECEIVE,ACK,82,36,""
441.147,sender,af416b39-8b0b-4383-b8fd-ab44d75320e5,ACKNOWLEDGED,ACK,82,0,""
441.158,sender,af416b39-8b0b-4383-b8fd-ab44d75320e5,CONFIRM_DATA,ACK,82,1024,"unique file bytes acknowledged"
441.166,sender,af416b39-8b0b-4383-b8fd-ab44d75320e5,EMIT,DATA,106,1060,""
441.176,sender,af416b39-8b0b-4383-b8fd-ab44d75320e5,RTT_SAMPLE,ACK,82,0,"110.496300"
441.185,sender,af416b39-8b0b-4383-b8fd-ab44d75320e5,EMIT,DATA,98,1060,""
441.200,sender,af416b39-8b0b-4383-b8fd-ab44d75320e5,RECEIVE,ACK,84,36,""
441.203,sender,af416b39-8b0b-4383-b8fd-ab44d75320e5,ACKNOWLEDGED,ACK,84,0,""
441.206,sender,af416b39-8b0b-4383-b8fd-ab44d75320e5,CONFIRM_DATA,ACK,84,1024,"unique file bytes acknowledged"
441.209,sender,af416b39-8b0b-4383-b8fd-ab44d75320e5,RTT_SAMPLE,ACK,84,0,"110.533700"
441.215,sender,af416b39-8b0b-4383-b8fd-ab44d75320e5,RECEIVE,ACK,75,36,""
441.218,sender,af416b39-8b0b-4383-b8fd-ab44d75320e5,ACKNOWLEDGED,ACK,75,0,""
441.220,sender,af416b39-8b0b-4383-b8fd-ab44d75320e5,CONFIRM_DATA,ACK,75,1024,"unique file bytes acknowledged"
441.223,sender,af416b39-8b0b-4383-b8fd-ab44d75320e5,RTT_SAMPLE,ACK,75,0,"110.670600"
441.227,sender,af416b39-8b0b-4383-b8fd-ab44d75320e5,SEND,DATA,107,1060,""
441.266,sender,af416b39-8b0b-4383-b8fd-ab44d75320e5,SEND,DATA,108,1060,""
441.270,sender,af416b39-8b0b-4383-b8fd-ab44d75320e5,SEND,DATA,109,1060,""
441.274,sender,af416b39-8b0b-4383-b8fd-ab44d75320e5,SEND,DATA,110,1060,""
441.278,sender,af416b39-8b0b-4383-b8fd-ab44d75320e5,SEND,DATA,111,1060,""
441.281,sender,af416b39-8b0b-4383-b8fd-ab44d75320e5,SEND,DATA,112,1060,""
441.284,sender,af416b39-8b0b-4383-b8fd-ab44d75320e5,SEND,DATA,113,1060,""
441.287,sender,af416b39-8b0b-4383-b8fd-ab44d75320e5,SEND,DATA,114,1060,""
441.291,sender,af416b39-8b0b-4383-b8fd-ab44d75320e5,SEND,DATA,115,1060,""
441.294,sender,af416b39-8b0b-4383-b8fd-ab44d75320e5,SEND,DATA,116,1060,""
441.297,sender,af416b39-8b0b-4383-b8fd-ab44d75320e5,SEND,DATA,117,1060,""
441.300,sender,af416b39-8b0b-4383-b8fd-ab44d75320e5,SEND,DATA,118,1060,""
441.303,sender,af416b39-8b0b-4383-b8fd-ab44d75320e5,SEND,DATA,119,1060,""
441.306,sender,af416b39-8b0b-4383-b8fd-ab44d75320e5,SEND,DATA,120,1060,""
441.309,sender,af416b39-8b0b-4383-b8fd-ab44d75320e5,SEND,DATA,121,1060,""
441.312,sender,af416b39-8b0b-4383-b8fd-ab44d75320e5,SEND,DATA,122,1060,""
441.316,sender,af416b39-8b0b-4383-b8fd-ab44d75320e5,SEND,DATA,123,1060,""
441.319,sender,af416b39-8b0b-4383-b8fd-ab44d75320e5,SEND,DATA,124,1060,""
441.322,sender,af416b39-8b0b-4383-b8fd-ab44d75320e5,SEND,DATA,125,1060,""
441.325,sender,af416b39-8b0b-4383-b8fd-ab44d75320e5,SEND,DATA,126,1060,""
441.328,sender,af416b39-8b0b-4383-b8fd-ab44d75320e5,SEND,DATA,127,1060,""
457.041,sender,af416b39-8b0b-4383-b8fd-ab44d75320e5,EMIT,DATA,99,1060,""
457.077,sender,af416b39-8b0b-4383-b8fd-ab44d75320e5,EMIT,DATA,102,1060,""
457.091,sender,af416b39-8b0b-4383-b8fd-ab44d75320e5,EMIT,DATA,103,1060,""
457.100,sender,af416b39-8b0b-4383-b8fd-ab44d75320e5,EMIT,DATA,104,1060,""
457.109,sender,af416b39-8b0b-4383-b8fd-ab44d75320e5,EMIT,DATA,100,1060,""
457.128,sender,af416b39-8b0b-4383-b8fd-ab44d75320e5,EMIT,DATA,105,1060,""
457.267,sender,af416b39-8b0b-4383-b8fd-ab44d75320e5,RECEIVE,ACK,97,36,""
457.279,sender,af416b39-8b0b-4383-b8fd-ab44d75320e5,ACKNOWLEDGED,ACK,97,0,""
457.283,sender,af416b39-8b0b-4383-b8fd-ab44d75320e5,CONFIRM_DATA,ACK,97,1024,"unique file bytes acknowledged"
457.290,sender,af416b39-8b0b-4383-b8fd-ab44d75320e5,RTT_SAMPLE,ACK,97,0,"62.819100"
472.966,sender,af416b39-8b0b-4383-b8fd-ab44d75320e5,EMIT,DATA,107,1060,""
473.021,sender,af416b39-8b0b-4383-b8fd-ab44d75320e5,EMIT,DATA,110,1060,""
473.041,sender,af416b39-8b0b-4383-b8fd-ab44d75320e5,EMIT,DATA,126,1060,""
473.060,sender,af416b39-8b0b-4383-b8fd-ab44d75320e5,EMIT,DATA,109,1060,""
473.089,sender,af416b39-8b0b-4383-b8fd-ab44d75320e5,EMIT,DATA,123,1060,""
473.107,sender,af416b39-8b0b-4383-b8fd-ab44d75320e5,EMIT,DATA,108,1060,""
473.114,sender,af416b39-8b0b-4383-b8fd-ab44d75320e5,RECEIVE,ACK,96,36,""
473.139,sender,af416b39-8b0b-4383-b8fd-ab44d75320e5,EMIT,DATA,127,1060,""
473.145,sender,af416b39-8b0b-4383-b8fd-ab44d75320e5,ACKNOWLEDGED,ACK,96,0,""
473.150,sender,af416b39-8b0b-4383-b8fd-ab44d75320e5,CONFIRM_DATA,ACK,96,1024,"unique file bytes acknowledged"
473.156,sender,af416b39-8b0b-4383-b8fd-ab44d75320e5,RTT_SAMPLE,ACK,96,0,"94.336600"
473.160,sender,af416b39-8b0b-4383-b8fd-ab44d75320e5,EMIT,DATA,113,1060,""
473.167,sender,af416b39-8b0b-4383-b8fd-ab44d75320e5,SEND,DATA,128,1060,""
473.174,sender,af416b39-8b0b-4383-b8fd-ab44d75320e5,SEND,DATA,129,1060,""
473.186,sender,af416b39-8b0b-4383-b8fd-ab44d75320e5,RECEIVE,ACK,106,36,""
473.189,sender,af416b39-8b0b-4383-b8fd-ab44d75320e5,ACKNOWLEDGED,ACK,106,0,""
473.193,sender,af416b39-8b0b-4383-b8fd-ab44d75320e5,CONFIRM_DATA,ACK,106,1024,"unique file bytes acknowledged"
473.197,sender,af416b39-8b0b-4383-b8fd-ab44d75320e5,RTT_SAMPLE,ACK,106,0,"62.525700"
488.823,sender,af416b39-8b0b-4383-b8fd-ab44d75320e5,RECEIVE,ACK,98,36,""
488.838,sender,af416b39-8b0b-4383-b8fd-ab44d75320e5,ACKNOWLEDGED,ACK,98,0,""
488.842,sender,af416b39-8b0b-4383-b8fd-ab44d75320e5,CONFIRM_DATA,ACK,98,1024,"unique file bytes acknowledged"
488.846,sender,af416b39-8b0b-4383-b8fd-ab44d75320e5,EMIT,DATA,125,1060,""
488.866,sender,af416b39-8b0b-4383-b8fd-ab44d75320e5,RTT_SAMPLE,ACK,98,0,"78.220700"
488.872,sender,af416b39-8b0b-4383-b8fd-ab44d75320e5,SEND,DATA,130,1060,""
488.880,sender,af416b39-8b0b-4383-b8fd-ab44d75320e5,EMIT,DATA,117,1060,""
488.888,sender,af416b39-8b0b-4383-b8fd-ab44d75320e5,RECEIVE,ACK,100,36,""
488.891,sender,af416b39-8b0b-4383-b8fd-ab44d75320e5,ACKNOWLEDGED,ACK,100,0,""
488.894,sender,af416b39-8b0b-4383-b8fd-ab44d75320e5,CONFIRM_DATA,ACK,100,1024,"unique file bytes acknowledged"
488.897,sender,af416b39-8b0b-4383-b8fd-ab44d75320e5,RTT_SAMPLE,ACK,100,0,"78.264300"
488.901,sender,af416b39-8b0b-4383-b8fd-ab44d75320e5,EMIT,DATA,122,1060,""
488.915,sender,af416b39-8b0b-4383-b8fd-ab44d75320e5,EMIT,DATA,119,1060,""
488.929,sender,af416b39-8b0b-4383-b8fd-ab44d75320e5,EMIT,DATA,116,1060,""
488.951,sender,af416b39-8b0b-4383-b8fd-ab44d75320e5,EMIT,DATA,118,1060,""
488.964,sender,af416b39-8b0b-4383-b8fd-ab44d75320e5,EMIT,DATA,112,1060,""
488.978,sender,af416b39-8b0b-4383-b8fd-ab44d75320e5,EMIT,DATA,121,1060,""
488.991,sender,af416b39-8b0b-4383-b8fd-ab44d75320e5,EMIT,DATA,111,1060,""
489.005,sender,af416b39-8b0b-4383-b8fd-ab44d75320e5,EMIT,DATA,115,1060,""
504.605,sender,af416b39-8b0b-4383-b8fd-ab44d75320e5,RECEIVE,ACK,103,36,""
504.621,sender,af416b39-8b0b-4383-b8fd-ab44d75320e5,EMIT,DATA,120,1060,""
504.635,sender,af416b39-8b0b-4383-b8fd-ab44d75320e5,ACKNOWLEDGED,ACK,103,0,""
504.639,sender,af416b39-8b0b-4383-b8fd-ab44d75320e5,CONFIRM_DATA,ACK,103,1024,"unique file bytes acknowledged"
504.644,sender,af416b39-8b0b-4383-b8fd-ab44d75320e5,RTT_SAMPLE,ACK,103,0,"93.981700"
504.648,sender,af416b39-8b0b-4383-b8fd-ab44d75320e5,EMIT,DATA,124,1060,""
504.660,sender,af416b39-8b0b-4383-b8fd-ab44d75320e5,EMIT,DATA,114,1060,""
504.663,sender,af416b39-8b0b-4383-b8fd-ab44d75320e5,RECEIVE,ACK,101,36,""
504.666,sender,af416b39-8b0b-4383-b8fd-ab44d75320e5,ACKNOWLEDGED,ACK,101,0,""
504.673,sender,af416b39-8b0b-4383-b8fd-ab44d75320e5,EMIT,DATA,129,1060,""
504.676,sender,af416b39-8b0b-4383-b8fd-ab44d75320e5,CONFIRM_DATA,ACK,101,1024,"unique file bytes acknowledged"
504.679,sender,af416b39-8b0b-4383-b8fd-ab44d75320e5,RTT_SAMPLE,ACK,101,0,"94.038500"
504.686,sender,af416b39-8b0b-4383-b8fd-ab44d75320e5,RECEIVE,ACK,102,36,""
504.689,sender,af416b39-8b0b-4383-b8fd-ab44d75320e5,ACKNOWLEDGED,ACK,102,0,""
504.691,sender,af416b39-8b0b-4383-b8fd-ab44d75320e5,CONFIRM_DATA,ACK,102,1024,"unique file bytes acknowledged"
504.695,sender,af416b39-8b0b-4383-b8fd-ab44d75320e5,RTT_SAMPLE,ACK,102,0,"94.036400"
504.700,sender,af416b39-8b0b-4383-b8fd-ab44d75320e5,RECEIVE,ACK,105,36,""
504.703,sender,af416b39-8b0b-4383-b8fd-ab44d75320e5,ACKNOWLEDGED,ACK,105,0,""
504.705,sender,af416b39-8b0b-4383-b8fd-ab44d75320e5,CONFIRM_DATA,ACK,105,1024,"unique file bytes acknowledged"
504.709,sender,af416b39-8b0b-4383-b8fd-ab44d75320e5,RTT_SAMPLE,ACK,105,0,"94.040900"
504.723,sender,af416b39-8b0b-4383-b8fd-ab44d75320e5,RECEIVE,ACK,99,36,""
504.726,sender,af416b39-8b0b-4383-b8fd-ab44d75320e5,ACKNOWLEDGED,ACK,99,0,""
504.729,sender,af416b39-8b0b-4383-b8fd-ab44d75320e5,CONFIRM_DATA,ACK,99,1024,"unique file bytes acknowledged"
504.733,sender,af416b39-8b0b-4383-b8fd-ab44d75320e5,RTT_SAMPLE,ACK,99,0,"94.102900"
504.737,sender,af416b39-8b0b-4383-b8fd-ab44d75320e5,SEND,DATA,131,1060,""
504.742,sender,af416b39-8b0b-4383-b8fd-ab44d75320e5,SEND,DATA,132,1060,""
504.746,sender,af416b39-8b0b-4383-b8fd-ab44d75320e5,SEND,DATA,133,1060,""
504.749,sender,af416b39-8b0b-4383-b8fd-ab44d75320e5,SEND,DATA,134,1060,""
504.752,sender,af416b39-8b0b-4383-b8fd-ab44d75320e5,SEND,DATA,135,1060,""
504.758,sender,af416b39-8b0b-4383-b8fd-ab44d75320e5,RECEIVE,ACK,109,36,""
504.761,sender,af416b39-8b0b-4383-b8fd-ab44d75320e5,ACKNOWLEDGED,ACK,109,0,""
504.764,sender,af416b39-8b0b-4383-b8fd-ab44d75320e5,CONFIRM_DATA,ACK,109,1024,"unique file bytes acknowledged"
504.768,sender,af416b39-8b0b-4383-b8fd-ab44d75320e5,RTT_SAMPLE,ACK,109,0,"63.497100"
519.683,sender,af416b39-8b0b-4383-b8fd-ab44d75320e5,RECEIVE,ACK,107,36,""
519.697,sender,af416b39-8b0b-4383-b8fd-ab44d75320e5,ACKNOWLEDGED,ACK,107,0,""
519.740,sender,af416b39-8b0b-4383-b8fd-ab44d75320e5,CONFIRM_DATA,ACK,107,1024,"unique file bytes acknowledged"
519.746,sender,af416b39-8b0b-4383-b8fd-ab44d75320e5,RTT_SAMPLE,ACK,107,0,"78.517200"
519.756,sender,af416b39-8b0b-4383-b8fd-ab44d75320e5,RECEIVE,ACK,104,36,""
519.759,sender,af416b39-8b0b-4383-b8fd-ab44d75320e5,ACKNOWLEDGED,ACK,104,0,""
519.761,sender,af416b39-8b0b-4383-b8fd-ab44d75320e5,CONFIRM_DATA,ACK,104,1024,"unique file bytes acknowledged"
519.765,sender,af416b39-8b0b-4383-b8fd-ab44d75320e5,RTT_SAMPLE,ACK,104,0,"109.100300"
519.769,sender,af416b39-8b0b-4383-b8fd-ab44d75320e5,SEND,DATA,136,1060,""
519.774,sender,af416b39-8b0b-4383-b8fd-ab44d75320e5,SEND,DATA,137,1060,""
519.777,sender,af416b39-8b0b-4383-b8fd-ab44d75320e5,SEND,DATA,138,1060,""
519.789,sender,af416b39-8b0b-4383-b8fd-ab44d75320e5,SEND,DATA,139,1060,""
519.795,sender,af416b39-8b0b-4383-b8fd-ab44d75320e5,RECEIVE,ACK,126,36,""
519.798,sender,af416b39-8b0b-4383-b8fd-ab44d75320e5,ACKNOWLEDGED,ACK,126,0,""
519.801,sender,af416b39-8b0b-4383-b8fd-ab44d75320e5,CONFIRM_DATA,ACK,126,1024,"unique file bytes acknowledged"
519.805,sender,af416b39-8b0b-4383-b8fd-ab44d75320e5,RTT_SAMPLE,ACK,126,0,"78.479200"
519.811,sender,af416b39-8b0b-4383-b8fd-ab44d75320e5,RECEIVE,ACK,108,36,""
519.814,sender,af416b39-8b0b-4383-b8fd-ab44d75320e5,ACKNOWLEDGED,ACK,108,0,""
519.817,sender,af416b39-8b0b-4383-b8fd-ab44d75320e5,CONFIRM_DATA,ACK,108,1024,"unique file bytes acknowledged"
519.820,sender,af416b39-8b0b-4383-b8fd-ab44d75320e5,RTT_SAMPLE,ACK,108,0,"78.553400"
519.824,sender,af416b39-8b0b-4383-b8fd-ab44d75320e5,SEND,DATA,140,1060,""
519.827,sender,af416b39-8b0b-4383-b8fd-ab44d75320e5,SEND,DATA,141,1060,""
519.833,sender,af416b39-8b0b-4383-b8fd-ab44d75320e5,RECEIVE,ACK,110,36,""
519.836,sender,af416b39-8b0b-4383-b8fd-ab44d75320e5,ACKNOWLEDGED,ACK,110,0,""
519.838,sender,af416b39-8b0b-4383-b8fd-ab44d75320e5,CONFIRM_DATA,ACK,110,1024,"unique file bytes acknowledged"
519.846,sender,af416b39-8b0b-4383-b8fd-ab44d75320e5,RTT_SAMPLE,ACK,110,0,"78.571100"
519.849,sender,af416b39-8b0b-4383-b8fd-ab44d75320e5,SEND,DATA,142,1060,""
519.854,sender,af416b39-8b0b-4383-b8fd-ab44d75320e5,RECEIVE,ACK,123,36,""
519.857,sender,af416b39-8b0b-4383-b8fd-ab44d75320e5,ACKNOWLEDGED,ACK,123,0,""
519.860,sender,af416b39-8b0b-4383-b8fd-ab44d75320e5,CONFIRM_DATA,ACK,123,1024,"unique file bytes acknowledged"
519.863,sender,af416b39-8b0b-4383-b8fd-ab44d75320e5,RTT_SAMPLE,ACK,123,0,"78.547000"
519.872,sender,af416b39-8b0b-4383-b8fd-ab44d75320e5,RECEIVE,ACK,122,36,""
519.875,sender,af416b39-8b0b-4383-b8fd-ab44d75320e5,ACKNOWLEDGED,ACK,122,0,""
519.877,sender,af416b39-8b0b-4383-b8fd-ab44d75320e5,CONFIRM_DATA,ACK,122,1024,"unique file bytes acknowledged"
519.880,sender,af416b39-8b0b-4383-b8fd-ab44d75320e5,RTT_SAMPLE,ACK,122,0,"78.567600"
519.890,sender,af416b39-8b0b-4383-b8fd-ab44d75320e5,RECEIVE,ACK,116,36,""
519.893,sender,af416b39-8b0b-4383-b8fd-ab44d75320e5,ACKNOWLEDGED,ACK,116,0,""
519.895,sender,af416b39-8b0b-4383-b8fd-ab44d75320e5,CONFIRM_DATA,ACK,116,1024,"unique file bytes acknowledged"
519.898,sender,af416b39-8b0b-4383-b8fd-ab44d75320e5,RTT_SAMPLE,ACK,116,0,"78.604200"
519.904,sender,af416b39-8b0b-4383-b8fd-ab44d75320e5,RECEIVE,ACK,127,36,""
519.906,sender,af416b39-8b0b-4383-b8fd-ab44d75320e5,ACKNOWLEDGED,ACK,127,0,""
519.909,sender,af416b39-8b0b-4383-b8fd-ab44d75320e5,CONFIRM_DATA,ACK,127,1024,"unique file bytes acknowledged"
519.914,sender,af416b39-8b0b-4383-b8fd-ab44d75320e5,EMIT,DATA,128,1060,""
519.924,sender,af416b39-8b0b-4383-b8fd-ab44d75320e5,RTT_SAMPLE,ACK,127,0,"78.583900"
519.930,sender,af416b39-8b0b-4383-b8fd-ab44d75320e5,RECEIVE,ACK,125,36,""
519.933,sender,af416b39-8b0b-4383-b8fd-ab44d75320e5,ACKNOWLEDGED,ACK,125,0,""
519.935,sender,af416b39-8b0b-4383-b8fd-ab44d75320e5,CONFIRM_DATA,ACK,125,1024,"unique file bytes acknowledged"
519.938,sender,af416b39-8b0b-4383-b8fd-ab44d75320e5,RTT_SAMPLE,ACK,125,0,"78.615900"
519.944,sender,af416b39-8b0b-4383-b8fd-ab44d75320e5,RECEIVE,ACK,113,36,""
519.947,sender,af416b39-8b0b-4383-b8fd-ab44d75320e5,ACKNOWLEDGED,ACK,113,0,""
519.949,sender,af416b39-8b0b-4383-b8fd-ab44d75320e5,CONFIRM_DATA,ACK,113,1024,"unique file bytes acknowledged"
519.953,sender,af416b39-8b0b-4383-b8fd-ab44d75320e5,RTT_SAMPLE,ACK,113,0,"78.667800"
519.960,sender,af416b39-8b0b-4383-b8fd-ab44d75320e5,EMIT,DATA,130,1060,""
535.086,sender,af416b39-8b0b-4383-b8fd-ab44d75320e5,EMIT,DATA,133,1060,""
535.310,sender,af416b39-8b0b-4383-b8fd-ab44d75320e5,RECEIVE,ACK,117,36,""
535.320,sender,af416b39-8b0b-4383-b8fd-ab44d75320e5,ACKNOWLEDGED,ACK,117,0,""
535.324,sender,af416b39-8b0b-4383-b8fd-ab44d75320e5,CONFIRM_DATA,ACK,117,1024,"unique file bytes acknowledged"
535.329,sender,af416b39-8b0b-4383-b8fd-ab44d75320e5,RTT_SAMPLE,ACK,117,0,"94.030600"
535.340,sender,af416b39-8b0b-4383-b8fd-ab44d75320e5,RECEIVE,ACK,118,36,""
535.343,sender,af416b39-8b0b-4383-b8fd-ab44d75320e5,ACKNOWLEDGED,ACK,118,0,""
535.346,sender,af416b39-8b0b-4383-b8fd-ab44d75320e5,CONFIRM_DATA,ACK,118,1024,"unique file bytes acknowledged"
535.349,sender,af416b39-8b0b-4383-b8fd-ab44d75320e5,RTT_SAMPLE,ACK,118,0,"94.048500"
535.355,sender,af416b39-8b0b-4383-b8fd-ab44d75320e5,RECEIVE,ACK,111,36,""
535.357,sender,af416b39-8b0b-4383-b8fd-ab44d75320e5,ACKNOWLEDGED,ACK,111,0,""
535.360,sender,af416b39-8b0b-4383-b8fd-ab44d75320e5,CONFIRM_DATA,ACK,111,1024,"unique file bytes acknowledged"
535.363,sender,af416b39-8b0b-4383-b8fd-ab44d75320e5,RTT_SAMPLE,ACK,111,0,"94.084800"
535.367,sender,af416b39-8b0b-4383-b8fd-ab44d75320e5,SEND,DATA,143,1060,""
535.373,sender,af416b39-8b0b-4383-b8fd-ab44d75320e5,RECEIVE,ACK,112,36,""
535.375,sender,af416b39-8b0b-4383-b8fd-ab44d75320e5,ACKNOWLEDGED,ACK,112,0,""
535.378,sender,af416b39-8b0b-4383-b8fd-ab44d75320e5,CONFIRM_DATA,ACK,112,1024,"unique file bytes acknowledged"
535.381,sender,af416b39-8b0b-4383-b8fd-ab44d75320e5,RTT_SAMPLE,ACK,112,0,"94.099600"
535.384,sender,af416b39-8b0b-4383-b8fd-ab44d75320e5,SEND,DATA,144,1060,""
535.388,sender,af416b39-8b0b-4383-b8fd-ab44d75320e5,SEND,DATA,145,1060,""
535.393,sender,af416b39-8b0b-4383-b8fd-ab44d75320e5,RECEIVE,ACK,119,36,""
535.395,sender,af416b39-8b0b-4383-b8fd-ab44d75320e5,ACKNOWLEDGED,ACK,119,0,""
535.398,sender,af416b39-8b0b-4383-b8fd-ab44d75320e5,CONFIRM_DATA,ACK,119,1024,"unique file bytes acknowledged"
535.401,sender,af416b39-8b0b-4383-b8fd-ab44d75320e5,RTT_SAMPLE,ACK,119,0,"94.097300"
535.407,sender,af416b39-8b0b-4383-b8fd-ab44d75320e5,RECEIVE,ACK,121,36,""
535.409,sender,af416b39-8b0b-4383-b8fd-ab44d75320e5,ACKNOWLEDGED,ACK,121,0,""
535.412,sender,af416b39-8b0b-4383-b8fd-ab44d75320e5,CONFIRM_DATA,ACK,121,1024,"unique file bytes acknowledged"
535.415,sender,af416b39-8b0b-4383-b8fd-ab44d75320e5,RTT_SAMPLE,ACK,121,0,"94.105100"
549.967,sender,af416b39-8b0b-4383-b8fd-ab44d75320e5,EMIT,DATA,132,1060,""
550.002,sender,af416b39-8b0b-4383-b8fd-ab44d75320e5,EMIT,DATA,135,1060,""
550.012,sender,af416b39-8b0b-4383-b8fd-ab44d75320e5,EMIT,DATA,138,1060,""
550.022,sender,af416b39-8b0b-4383-b8fd-ab44d75320e5,EMIT,DATA,131,1060,""
550.222,sender,af416b39-8b0b-4383-b8fd-ab44d75320e5,RECEIVE,ACK,115,36,""
550.232,sender,af416b39-8b0b-4383-b8fd-ab44d75320e5,ACKNOWLEDGED,ACK,115,0,""
550.235,sender,af416b39-8b0b-4383-b8fd-ab44d75320e5,CONFIRM_DATA,ACK,115,1024,"unique file bytes acknowledged"
550.240,sender,af416b39-8b0b-4383-b8fd-ab44d75320e5,RTT_SAMPLE,ACK,115,0,"108.948300"
550.253,sender,af416b39-8b0b-4383-b8fd-ab44d75320e5,RECEIVE,ACK,129,36,""
550.255,sender,af416b39-8b0b-4383-b8fd-ab44d75320e5,ACKNOWLEDGED,ACK,129,0,""
550.258,sender,af416b39-8b0b-4383-b8fd-ab44d75320e5,CONFIRM_DATA,ACK,129,1024,"unique file bytes acknowledged"
550.262,sender,af416b39-8b0b-4383-b8fd-ab44d75320e5,RTT_SAMPLE,ACK,129,0,"77.087400"
565.364,sender,af416b39-8b0b-4383-b8fd-ab44d75320e5,RECEIVE,ACK,124,36,""
565.383,sender,af416b39-8b0b-4383-b8fd-ab44d75320e5,EMIT,DATA,134,1060,""
565.398,sender,af416b39-8b0b-4383-b8fd-ab44d75320e5,ACKNOWLEDGED,ACK,124,0,""
565.402,sender,af416b39-8b0b-4383-b8fd-ab44d75320e5,CONFIRM_DATA,ACK,124,1024,"unique file bytes acknowledged"
565.447,sender,af416b39-8b0b-4383-b8fd-ab44d75320e5,RTT_SAMPLE,ACK,124,0,"124.126100"
565.497,sender,af416b39-8b0b-4383-b8fd-ab44d75320e5,EMIT,DATA,137,1060,""
565.538,sender,af416b39-8b0b-4383-b8fd-ab44d75320e5,RECEIVE,ACK,114,36,""
565.548,sender,af416b39-8b0b-4383-b8fd-ab44d75320e5,ACKNOWLEDGED,ACK,114,0,""
565.552,sender,af416b39-8b0b-4383-b8fd-ab44d75320e5,CONFIRM_DATA,ACK,114,1024,"unique file bytes acknowledged"
565.557,sender,af416b39-8b0b-4383-b8fd-ab44d75320e5,RTT_SAMPLE,ACK,114,0,"124.268000"
565.564,sender,af416b39-8b0b-4383-b8fd-ab44d75320e5,SEND,DATA,146,1060,""
565.568,sender,af416b39-8b0b-4383-b8fd-ab44d75320e5,SEND,DATA,147,1060,""
565.572,sender,af416b39-8b0b-4383-b8fd-ab44d75320e5,SEND,DATA,148,1060,""
565.576,sender,af416b39-8b0b-4383-b8fd-ab44d75320e5,SEND,DATA,149,1060,""
565.580,sender,af416b39-8b0b-4383-b8fd-ab44d75320e5,SEND,DATA,150,1060,""
565.584,sender,af416b39-8b0b-4383-b8fd-ab44d75320e5,SEND,DATA,151,1060,""
565.588,sender,af416b39-8b0b-4383-b8fd-ab44d75320e5,EMIT,DATA,144,1060,""
565.593,sender,af416b39-8b0b-4383-b8fd-ab44d75320e5,RECEIVE,ACK,120,36,""
565.597,sender,af416b39-8b0b-4383-b8fd-ab44d75320e5,ACKNOWLEDGED,ACK,120,0,""
565.600,sender,af416b39-8b0b-4383-b8fd-ab44d75320e5,CONFIRM_DATA,ACK,120,1024,"unique file bytes acknowledged"
565.604,sender,af416b39-8b0b-4383-b8fd-ab44d75320e5,RTT_SAMPLE,ACK,120,0,"124.296800"
565.611,sender,af416b39-8b0b-4383-b8fd-ab44d75320e5,EMIT,DATA,142,1060,""
565.622,sender,af416b39-8b0b-4383-b8fd-ab44d75320e5,SEND,DATA,152,1060,""
565.626,sender,af416b39-8b0b-4383-b8fd-ab44d75320e5,SEND,DATA,153,1060,""
565.629,sender,af416b39-8b0b-4383-b8fd-ab44d75320e5,EMIT,DATA,136,1060,""
565.633,sender,af416b39-8b0b-4383-b8fd-ab44d75320e5,SEND,DATA,154,1060,""
565.637,sender,af416b39-8b0b-4383-b8fd-ab44d75320e5,SEND,DATA,155,1060,""
565.640,sender,af416b39-8b0b-4383-b8fd-ab44d75320e5,EMIT,DATA,141,1060,""
565.643,sender,af416b39-8b0b-4383-b8fd-ab44d75320e5,SEND,DATA,156,1060,""
565.647,sender,af416b39-8b0b-4383-b8fd-ab44d75320e5,SEND,DATA,157,1060,""
565.651,sender,af416b39-8b0b-4383-b8fd-ab44d75320e5,SEND,DATA,158,1060,""
565.654,sender,af416b39-8b0b-4383-b8fd-ab44d75320e5,SEND,DATA,159,1060,""
565.660,sender,af416b39-8b0b-4383-b8fd-ab44d75320e5,RECEIVE,ACK,128,36,""
565.664,sender,af416b39-8b0b-4383-b8fd-ab44d75320e5,ACKNOWLEDGED,ACK,128,0,""
565.667,sender,af416b39-8b0b-4383-b8fd-ab44d75320e5,CONFIRM_DATA,ACK,128,1024,"unique file bytes acknowledged"
565.671,sender,af416b39-8b0b-4383-b8fd-ab44d75320e5,RTT_SAMPLE,ACK,128,0,"92.507000"
565.675,sender,af416b39-8b0b-4383-b8fd-ab44d75320e5,SEND,DATA,160,1060,""
565.682,sender,af416b39-8b0b-4383-b8fd-ab44d75320e5,SEND,DATA,161,1060,""
565.688,sender,af416b39-8b0b-4383-b8fd-ab44d75320e5,RECEIVE,ACK,130,36,""
565.691,sender,af416b39-8b0b-4383-b8fd-ab44d75320e5,ACKNOWLEDGED,ACK,130,0,""
565.693,sender,af416b39-8b0b-4383-b8fd-ab44d75320e5,CONFIRM_DATA,ACK,130,1024,"unique file bytes acknowledged"
565.697,sender,af416b39-8b0b-4383-b8fd-ab44d75320e5,RTT_SAMPLE,ACK,130,0,"76.824200"
565.700,sender,af416b39-8b0b-4383-b8fd-ab44d75320e5,SEND,DATA,162,1060,""
580.800,sender,af416b39-8b0b-4383-b8fd-ab44d75320e5,EMIT,DATA,139,1060,""
580.832,sender,af416b39-8b0b-4383-b8fd-ab44d75320e5,EMIT,DATA,140,1060,""
580.846,sender,af416b39-8b0b-4383-b8fd-ab44d75320e5,EMIT,DATA,145,1060,""
580.907,sender,af416b39-8b0b-4383-b8fd-ab44d75320e5,RECEIVE,ACK,132,36,""
580.920,sender,af416b39-8b0b-4383-b8fd-ab44d75320e5,ACKNOWLEDGED,ACK,132,0,""
580.923,sender,af416b39-8b0b-4383-b8fd-ab44d75320e5,CONFIRM_DATA,ACK,132,1024,"unique file bytes acknowledged"
580.928,sender,af416b39-8b0b-4383-b8fd-ab44d75320e5,RTT_SAMPLE,ACK,132,0,"76.184700"
596.912,sender,af416b39-8b0b-4383-b8fd-ab44d75320e5,EMIT,DATA,143,1060,""
596.946,sender,af416b39-8b0b-4383-b8fd-ab44d75320e5,EMIT,DATA,156,1060,""
596.961,sender,af416b39-8b0b-4383-b8fd-ab44d75320e5,EMIT,DATA,154,1060,""
596.979,sender,af416b39-8b0b-4383-b8fd-ab44d75320e5,EMIT,DATA,161,1060,""
596.991,sender,af416b39-8b0b-4383-b8fd-ab44d75320e5,EMIT,DATA,150,1060,""
597.003,sender,af416b39-8b0b-4383-b8fd-ab44d75320e5,EMIT,DATA,148,1060,""
597.015,sender,af416b39-8b0b-4383-b8fd-ab44d75320e5,EMIT,DATA,152,1060,""
597.028,sender,af416b39-8b0b-4383-b8fd-ab44d75320e5,EMIT,DATA,155,1060,""
597.033,sender,af416b39-8b0b-4383-b8fd-ab44d75320e5,RECEIVE,ACK,133,36,""
597.045,sender,af416b39-8b0b-4383-b8fd-ab44d75320e5,ACKNOWLEDGED,ACK,133,0,""
597.050,sender,af416b39-8b0b-4383-b8fd-ab44d75320e5,CONFIRM_DATA,ACK,133,1024,"unique file bytes acknowledged"
597.055,sender,af416b39-8b0b-4383-b8fd-ab44d75320e5,RTT_SAMPLE,ACK,133,0,"92.308500"
597.071,sender,af416b39-8b0b-4383-b8fd-ab44d75320e5,RECEIVE,ACK,131,36,""
597.075,sender,af416b39-8b0b-4383-b8fd-ab44d75320e5,ACKNOWLEDGED,ACK,131,0,""
597.078,sender,af416b39-8b0b-4383-b8fd-ab44d75320e5,CONFIRM_DATA,ACK,131,1024,"unique file bytes acknowledged"
597.082,sender,af416b39-8b0b-4383-b8fd-ab44d75320e5,RTT_SAMPLE,ACK,131,0,"92.344000"
597.087,sender,af416b39-8b0b-4383-b8fd-ab44d75320e5,SEND,DATA,163,1060,""
597.092,sender,af416b39-8b0b-4383-b8fd-ab44d75320e5,SEND,DATA,164,1060,""
597.096,sender,af416b39-8b0b-4383-b8fd-ab44d75320e5,SEND,DATA,165,1060,""
597.102,sender,af416b39-8b0b-4383-b8fd-ab44d75320e5,RECEIVE,ACK,135,36,""
597.106,sender,af416b39-8b0b-4383-b8fd-ab44d75320e5,ACKNOWLEDGED,ACK,135,0,""
597.109,sender,af416b39-8b0b-4383-b8fd-ab44d75320e5,CONFIRM_DATA,ACK,135,1024,"unique file bytes acknowledged"
597.113,sender,af416b39-8b0b-4383-b8fd-ab44d75320e5,RTT_SAMPLE,ACK,135,0,"92.359800"
612.585,sender,af416b39-8b0b-4383-b8fd-ab44d75320e5,EMIT,DATA,146,1060,""
612.620,sender,af416b39-8b0b-4383-b8fd-ab44d75320e5,EMIT,DATA,159,1060,""
612.630,sender,af416b39-8b0b-4383-b8fd-ab44d75320e5,EMIT,DATA,147,1060,""
612.640,sender,af416b39-8b0b-4383-b8fd-ab44d75320e5,EMIT,DATA,153,1060,""
612.649,sender,af416b39-8b0b-4383-b8fd-ab44d75320e5,EMIT,DATA,149,1060,""
612.659,sender,af416b39-8b0b-4383-b8fd-ab44d75320e5,EMIT,DATA,151,1060,""
612.669,sender,af416b39-8b0b-4383-b8fd-ab44d75320e5,EMIT,DATA,158,1060,""
612.677,sender,af416b39-8b0b-4383-b8fd-ab44d75320e5,EMIT,DATA,160,1060,""
612.686,sender,af416b39-8b0b-4383-b8fd-ab44d75320e5,EMIT,DATA,157,1060,""
612.804,sender,af416b39-8b0b-4383-b8fd-ab44d75320e5,RECEIVE,ACK,136,36,""
612.818,sender,af416b39-8b0b-4383-b8fd-ab44d75320e5,ACKNOWLEDGED,ACK,136,0,""
612.823,sender,af416b39-8b0b-4383-b8fd-ab44d75320e5,CONFIRM_DATA,ACK,136,1024,"unique file bytes acknowledged"
612.829,sender,af416b39-8b0b-4383-b8fd-ab44d75320e5,RTT_SAMPLE,ACK,136,0,"93.058100"
612.845,sender,af416b39-8b0b-4383-b8fd-ab44d75320e5,RECEIVE,ACK,138,36,""
612.849,sender,af416b39-8b0b-4383-b8fd-ab44d75320e5,ACKNOWLEDGED,ACK,138,0,""
612.853,sender,af416b39-8b0b-4383-b8fd-ab44d75320e5,CONFIRM_DATA,ACK,138,1024,"unique file bytes acknowledged"
612.858,sender,af416b39-8b0b-4383-b8fd-ab44d75320e5,RTT_SAMPLE,ACK,138,0,"93.080100"
612.866,sender,af416b39-8b0b-4383-b8fd-ab44d75320e5,RECEIVE,ACK,141,36,""
612.870,sender,af416b39-8b0b-4383-b8fd-ab44d75320e5,ACKNOWLEDGED,ACK,141,0,""
612.874,sender,af416b39-8b0b-4383-b8fd-ab44d75320e5,CONFIRM_DATA,ACK,141,1024,"unique file bytes acknowledged"
612.879,sender,af416b39-8b0b-4383-b8fd-ab44d75320e5,RTT_SAMPLE,ACK,141,0,"93.050500"
612.887,sender,af416b39-8b0b-4383-b8fd-ab44d75320e5,RECEIVE,ACK,134,36,""
612.890,sender,af416b39-8b0b-4383-b8fd-ab44d75320e5,ACKNOWLEDGED,ACK,134,0,""
612.894,sender,af416b39-8b0b-4383-b8fd-ab44d75320e5,CONFIRM_DATA,ACK,134,1024,"unique file bytes acknowledged"
612.899,sender,af416b39-8b0b-4383-b8fd-ab44d75320e5,RTT_SAMPLE,ACK,134,0,"108.149100"
612.904,sender,af416b39-8b0b-4383-b8fd-ab44d75320e5,SEND,DATA,166,1060,""
612.910,sender,af416b39-8b0b-4383-b8fd-ab44d75320e5,SEND,DATA,167,1060,""
612.914,sender,af416b39-8b0b-4383-b8fd-ab44d75320e5,SEND,DATA,168,1060,""
612.921,sender,af416b39-8b0b-4383-b8fd-ab44d75320e5,RECEIVE,ACK,137,36,""
612.925,sender,af416b39-8b0b-4383-b8fd-ab44d75320e5,ACKNOWLEDGED,ACK,137,0,""
612.929,sender,af416b39-8b0b-4383-b8fd-ab44d75320e5,CONFIRM_DATA,ACK,137,1024,"unique file bytes acknowledged"
612.964,sender,af416b39-8b0b-4383-b8fd-ab44d75320e5,RTT_SAMPLE,ACK,137,0,"93.189100"
612.969,sender,af416b39-8b0b-4383-b8fd-ab44d75320e5,SEND,DATA,169,1060,""
612.974,sender,af416b39-8b0b-4383-b8fd-ab44d75320e5,SEND,DATA,170,1060,""
612.981,sender,af416b39-8b0b-4383-b8fd-ab44d75320e5,RECEIVE,ACK,144,36,""
612.985,sender,af416b39-8b0b-4383-b8fd-ab44d75320e5,ACKNOWLEDGED,ACK,144,0,""
612.989,sender,af416b39-8b0b-4383-b8fd-ab44d75320e5,CONFIRM_DATA,ACK,144,1024,"unique file bytes acknowledged"
612.993,sender,af416b39-8b0b-4383-b8fd-ab44d75320e5,RTT_SAMPLE,ACK,144,0,"77.608300"
613.001,sender,af416b39-8b0b-4383-b8fd-ab44d75320e5,RECEIVE,ACK,142,36,""
613.005,sender,af416b39-8b0b-4383-b8fd-ab44d75320e5,ACKNOWLEDGED,ACK,142,0,""
613.009,sender,af416b39-8b0b-4383-b8fd-ab44d75320e5,CONFIRM_DATA,ACK,142,1024,"unique file bytes acknowledged"
613.013,sender,af416b39-8b0b-4383-b8fd-ab44d75320e5,RTT_SAMPLE,ACK,142,0,"93.163300"
628.101,sender,af416b39-8b0b-4383-b8fd-ab44d75320e5,EMIT,DATA,162,1060,""
628.186,sender,af416b39-8b0b-4383-b8fd-ab44d75320e5,EMIT,DATA,163,1060,""
628.347,sender,af416b39-8b0b-4383-b8fd-ab44d75320e5,RECEIVE,ACK,154,36,""
628.358,sender,af416b39-8b0b-4383-b8fd-ab44d75320e5,ACKNOWLEDGED,ACK,154,0,""
628.362,sender,af416b39-8b0b-4383-b8fd-ab44d75320e5,CONFIRM_DATA,ACK,154,1024,"unique file bytes acknowledged"
628.367,sender,af416b39-8b0b-4383-b8fd-ab44d75320e5,RTT_SAMPLE,ACK,154,0,"62.735900"
628.381,sender,af416b39-8b0b-4383-b8fd-ab44d75320e5,RECEIVE,ACK,139,36,""
628.385,sender,af416b39-8b0b-4383-b8fd-ab44d75320e5,ACKNOWLEDGED,ACK,139,0,""
628.387,sender,af416b39-8b0b-4383-b8fd-ab44d75320e5,CONFIRM_DATA,ACK,139,1024,"unique file bytes acknowledged"
628.391,sender,af416b39-8b0b-4383-b8fd-ab44d75320e5,RTT_SAMPLE,ACK,139,0,"108.601800"
628.405,sender,af416b39-8b0b-4383-b8fd-ab44d75320e5,SEND,DATA,171,1060,""
643.345,sender,af416b39-8b0b-4383-b8fd-ab44d75320e5,RECEIVE,ACK,140,36,""
643.368,sender,af416b39-8b0b-4383-b8fd-ab44d75320e5,ACKNOWLEDGED,ACK,140,0,""
643.377,sender,af416b39-8b0b-4383-b8fd-ab44d75320e5,CONFIRM_DATA,ACK,140,1024,"unique file bytes acknowledged"
643.388,sender,af416b39-8b0b-4383-b8fd-ab44d75320e5,RTT_SAMPLE,ACK,140,0,"123.560700"
643.399,sender,af416b39-8b0b-4383-b8fd-ab44d75320e5,SEND,DATA,172,1060,""
643.410,sender,af416b39-8b0b-4383-b8fd-ab44d75320e5,SEND,DATA,173,1060,""
643.423,sender,af416b39-8b0b-4383-b8fd-ab44d75320e5,SEND,DATA,174,1060,""
643.429,sender,af416b39-8b0b-4383-b8fd-ab44d75320e5,EMIT,DATA,164,1060,""
643.439,sender,af416b39-8b0b-4383-b8fd-ab44d75320e5,RECEIVE,ACK,148,36,""
643.446,sender,af416b39-8b0b-4383-b8fd-ab44d75320e5,ACKNOWLEDGED,ACK,148,0,""
643.453,sender,af416b39-8b0b-4383-b8fd-ab44d75320e5,EMIT,DATA,165,1060,""
643.456,sender,af416b39-8b0b-4383-b8fd-ab44d75320e5,CONFIRM_DATA,ACK,148,1024,"unique file bytes acknowledged"
643.465,sender,af416b39-8b0b-4383-b8fd-ab44d75320e5,RTT_SAMPLE,ACK,148,0,"77.890800"
643.480,sender,af416b39-8b0b-4383-b8fd-ab44d75320e5,RECEIVE,ACK,145,36,""
643.486,sender,af416b39-8b0b-4383-b8fd-ab44d75320e5,ACKNOWLEDGED,ACK,145,0,""
643.492,sender,af416b39-8b0b-4383-b8fd-ab44d75320e5,CONFIRM_DATA,ACK,145,1024,"unique file bytes acknowledged"
643.500,sender,af416b39-8b0b-4383-b8fd-ab44d75320e5,RTT_SAMPLE,ACK,145,0,"108.110900"
643.513,sender,af416b39-8b0b-4383-b8fd-ab44d75320e5,RECEIVE,ACK,150,36,""
643.520,sender,af416b39-8b0b-4383-b8fd-ab44d75320e5,ACKNOWLEDGED,ACK,150,0,""
643.526,sender,af416b39-8b0b-4383-b8fd-ab44d75320e5,CONFIRM_DATA,ACK,150,1024,"unique file bytes acknowledged"
643.534,sender,af416b39-8b0b-4383-b8fd-ab44d75320e5,RTT_SAMPLE,ACK,150,0,"77.952900"
643.548,sender,af416b39-8b0b-4383-b8fd-ab44d75320e5,RECEIVE,ACK,152,36,""
643.554,sender,af416b39-8b0b-4383-b8fd-ab44d75320e5,ACKNOWLEDGED,ACK,152,0,""
643.560,sender,af416b39-8b0b-4383-b8fd-ab44d75320e5,CONFIRM_DATA,ACK,152,1024,"unique file bytes acknowledged"
643.568,sender,af416b39-8b0b-4383-b8fd-ab44d75320e5,RTT_SAMPLE,ACK,152,0,"77.947000"
643.581,sender,af416b39-8b0b-4383-b8fd-ab44d75320e5,RECEIVE,ACK,143,36,""
643.587,sender,af416b39-8b0b-4383-b8fd-ab44d75320e5,ACKNOWLEDGED,ACK,143,0,""
643.593,sender,af416b39-8b0b-4383-b8fd-ab44d75320e5,CONFIRM_DATA,ACK,143,1024,"unique file bytes acknowledged"
643.601,sender,af416b39-8b0b-4383-b8fd-ab44d75320e5,RTT_SAMPLE,ACK,143,0,"108.232800"
643.609,sender,af416b39-8b0b-4383-b8fd-ab44d75320e5,SEND,DATA,175,1060,""
643.616,sender,af416b39-8b0b-4383-b8fd-ab44d75320e5,SEND,DATA,176,1060,""
643.624,sender,af416b39-8b0b-4383-b8fd-ab44d75320e5,SEND,DATA,177,1060,""
643.636,sender,af416b39-8b0b-4383-b8fd-ab44d75320e5,RECEIVE,ACK,155,36,""
643.642,sender,af416b39-8b0b-4383-b8fd-ab44d75320e5,ACKNOWLEDGED,ACK,155,0,""
643.649,sender,af416b39-8b0b-4383-b8fd-ab44d75320e5,CONFIRM_DATA,ACK,155,1024,"unique file bytes acknowledged"
643.657,sender,af416b39-8b0b-4383-b8fd-ab44d75320e5,RTT_SAMPLE,ACK,155,0,"78.018200"
643.670,sender,af416b39-8b0b-4383-b8fd-ab44d75320e5,RECEIVE,ACK,151,36,""
643.676,sender,af416b39-8b0b-4383-b8fd-ab44d75320e5,ACKNOWLEDGED,ACK,151,0,""
643.688,sender,af416b39-8b0b-4383-b8fd-ab44d75320e5,CONFIRM_DATA,ACK,151,1024,"unique file bytes acknowledged"
643.696,sender,af416b39-8b0b-4383-b8fd-ab44d75320e5,RTT_SAMPLE,ACK,151,0,"78.110700"
643.709,sender,af416b39-8b0b-4383-b8fd-ab44d75320e5,RECEIVE,ACK,159,36,""
643.715,sender,af416b39-8b0b-4383-b8fd-ab44d75320e5,ACKNOWLEDGED,ACK,159,0,""
643.721,sender,af416b39-8b0b-4383-b8fd-ab44d75320e5,CONFIRM_DATA,ACK,159,1024,"unique file bytes acknowledged"
643.729,sender,af416b39-8b0b-4383-b8fd-ab44d75320e5,RTT_SAMPLE,ACK,159,0,"78.073100"
643.741,sender,af416b39-8b0b-4383-b8fd-ab44d75320e5,RECEIVE,ACK,160,36,""
643.748,sender,af416b39-8b0b-4383-b8fd-ab44d75320e5,ACKNOWLEDGED,ACK,160,0,""
643.754,sender,af416b39-8b0b-4383-b8fd-ab44d75320e5,CONFIRM_DATA,ACK,160,1024,"unique file bytes acknowledged"
643.761,sender,af416b39-8b0b-4383-b8fd-ab44d75320e5,RTT_SAMPLE,ACK,160,0,"78.084300"
643.774,sender,af416b39-8b0b-4383-b8fd-ab44d75320e5,RECEIVE,ACK,161,36,""
643.780,sender,af416b39-8b0b-4383-b8fd-ab44d75320e5,ACKNOWLEDGED,ACK,161,0,""
643.786,sender,af416b39-8b0b-4383-b8fd-ab44d75320e5,CONFIRM_DATA,ACK,161,1024,"unique file bytes acknowledged"
643.794,sender,af416b39-8b0b-4383-b8fd-ab44d75320e5,RTT_SAMPLE,ACK,161,0,"78.109700"
643.813,sender,af416b39-8b0b-4383-b8fd-ab44d75320e5,RECEIVE,ACK,156,36,""
643.819,sender,af416b39-8b0b-4383-b8fd-ab44d75320e5,ACKNOWLEDGED,ACK,156,0,""
643.825,sender,af416b39-8b0b-4383-b8fd-ab44d75320e5,CONFIRM_DATA,ACK,156,1024,"unique file bytes acknowledged"
643.833,sender,af416b39-8b0b-4383-b8fd-ab44d75320e5,RTT_SAMPLE,ACK,156,0,"78.191400"
658.196,sender,af416b39-8b0b-4383-b8fd-ab44d75320e5,EMIT,DATA,169,1060,""
658.230,sender,af416b39-8b0b-4383-b8fd-ab44d75320e5,EMIT,DATA,166,1060,""
658.239,sender,af416b39-8b0b-4383-b8fd-ab44d75320e5,EMIT,DATA,167,1060,""
658.248,sender,af416b39-8b0b-4383-b8fd-ab44d75320e5,EMIT,DATA,170,1060,""
658.256,sender,af416b39-8b0b-4383-b8fd-ab44d75320e5,EMIT,DATA,168,1060,""
658.359,sender,af416b39-8b0b-4383-b8fd-ab44d75320e5,RECEIVE,ACK,146,36,""
658.382,sender,af416b39-8b0b-4383-b8fd-ab44d75320e5,ACKNOWLEDGED,ACK,146,0,""
658.390,sender,af416b39-8b0b-4383-b8fd-ab44d75320e5,CONFIRM_DATA,ACK,146,1024,"unique file bytes acknowledged"
658.402,sender,af416b39-8b0b-4383-b8fd-ab44d75320e5,RTT_SAMPLE,ACK,146,0,"92.834400"
658.413,sender,af416b39-8b0b-4383-b8fd-ab44d75320e5,SEND,DATA,178,1060,""
658.438,sender,af416b39-8b0b-4383-b8fd-ab44d75320e5,RECEIVE,ACK,162,36,""
658.444,sender,af416b39-8b0b-4383-b8fd-ab44d75320e5,ACKNOWLEDGED,ACK,162,0,""
658.450,sender,af416b39-8b0b-4383-b8fd-ab44d75320e5,CONFIRM_DATA,ACK,162,1024,"unique file bytes acknowledged"
658.458,sender,af416b39-8b0b-4383-b8fd-ab44d75320e5,RTT_SAMPLE,ACK,162,0,"92.755800"
673.702,sender,af416b39-8b0b-4383-b8fd-ab44d75320e5,EMIT,DATA,171,1060,""
673.778,sender,af416b39-8b0b-4383-b8fd-ab44d75320e5,RECEIVE,ACK,157,36,""
673.790,sender,af416b39-8b0b-4383-b8fd-ab44d75320e5,ACKNOWLEDGED,ACK,157,0,""
673.793,sender,af416b39-8b0b-4383-b8fd-ab44d75320e5,CONFIRM_DATA,ACK,157,1024,"unique file bytes acknowledged"
673.892,sender,af416b39-8b0b-4383-b8fd-ab44d75320e5,RTT_SAMPLE,ACK,157,0,"108.242400"
673.907,sender,af416b39-8b0b-4383-b8fd-ab44d75320e5,RECEIVE,ACK,163,36,""
673.910,sender,af416b39-8b0b-4383-b8fd-ab44d75320e5,ACKNOWLEDGED,ACK,163,0,""
673.912,sender,af416b39-8b0b-4383-b8fd-ab44d75320e5,CONFIRM_DATA,ACK,163,1024,"unique file bytes acknowledged"
673.916,sender,af416b39-8b0b-4383-b8fd-ab44d75320e5,RTT_SAMPLE,ACK,163,0,"76.828600"
673.922,sender,af416b39-8b0b-4383-b8fd-ab44d75320e5,RECEIVE,ACK,153,36,""
673.924,sender,af416b39-8b0b-4383-b8fd-ab44d75320e5,ACKNOWLEDGED,ACK,153,0,""
673.926,sender,af416b39-8b0b-4383-b8fd-ab44d75320e5,CONFIRM_DATA,ACK,153,1024,"unique file bytes acknowledged"
673.930,sender,af416b39-8b0b-4383-b8fd-ab44d75320e5,RTT_SAMPLE,ACK,153,0,"108.303500"
673.935,sender,af416b39-8b0b-4383-b8fd-ab44d75320e5,RECEIVE,ACK,149,36,""
673.938,sender,af416b39-8b0b-4383-b8fd-ab44d75320e5,ACKNOWLEDGED,ACK,149,0,""
673.940,sender,af416b39-8b0b-4383-b8fd-ab44d75320e5,CONFIRM_DATA,ACK,149,1024,"unique file bytes acknowledged"
673.943,sender,af416b39-8b0b-4383-b8fd-ab44d75320e5,RTT_SAMPLE,ACK,149,0,"108.366900"
673.958,sender,af416b39-8b0b-4383-b8fd-ab44d75320e5,RECEIVE,ACK,158,36,""
673.961,sender,af416b39-8b0b-4383-b8fd-ab44d75320e5,ACKNOWLEDGED,ACK,158,0,""
673.965,sender,af416b39-8b0b-4383-b8fd-ab44d75320e5,CONFIRM_DATA,ACK,158,1024,"unique file bytes acknowledged"
673.970,sender,af416b39-8b0b-4383-b8fd-ab44d75320e5,RTT_SAMPLE,ACK,158,0,"108.318300"
673.978,sender,af416b39-8b0b-4383-b8fd-ab44d75320e5,RECEIVE,ACK,147,36,""
673.980,sender,af416b39-8b0b-4383-b8fd-ab44d75320e5,ACKNOWLEDGED,ACK,147,0,""
673.982,sender,af416b39-8b0b-4383-b8fd-ab44d75320e5,CONFIRM_DATA,ACK,147,1024,"unique file bytes acknowledged"
673.986,sender,af416b39-8b0b-4383-b8fd-ab44d75320e5,RTT_SAMPLE,ACK,147,0,"108.416600"
673.989,sender,af416b39-8b0b-4383-b8fd-ab44d75320e5,SEND,DATA,179,1060,""
673.993,sender,af416b39-8b0b-4383-b8fd-ab44d75320e5,SEND,DATA,180,1060,""
673.997,sender,af416b39-8b0b-4383-b8fd-ab44d75320e5,SEND,DATA,181,1060,""
674.000,sender,af416b39-8b0b-4383-b8fd-ab44d75320e5,SEND,DATA,182,1060,""
674.003,sender,af416b39-8b0b-4383-b8fd-ab44d75320e5,SEND,DATA,183,1060,""
674.006,sender,af416b39-8b0b-4383-b8fd-ab44d75320e5,SEND,DATA,184,1060,""
674.008,sender,af416b39-8b0b-4383-b8fd-ab44d75320e5,SEND,DATA,185,1060,""
674.012,sender,af416b39-8b0b-4383-b8fd-ab44d75320e5,SEND,DATA,186,1060,""
674.015,sender,af416b39-8b0b-4383-b8fd-ab44d75320e5,SEND,DATA,187,1060,""
674.017,sender,af416b39-8b0b-4383-b8fd-ab44d75320e5,SEND,DATA,188,1060,""
674.020,sender,af416b39-8b0b-4383-b8fd-ab44d75320e5,SEND,DATA,189,1060,""
674.023,sender,af416b39-8b0b-4383-b8fd-ab44d75320e5,SEND,DATA,190,1060,""
674.026,sender,af416b39-8b0b-4383-b8fd-ab44d75320e5,SEND,DATA,191,1060,""
674.029,sender,af416b39-8b0b-4383-b8fd-ab44d75320e5,SEND,DATA,192,1060,""
674.032,sender,af416b39-8b0b-4383-b8fd-ab44d75320e5,SEND,DATA,193,1060,""
674.034,sender,af416b39-8b0b-4383-b8fd-ab44d75320e5,SEND,DATA,194,1060,""
674.037,sender,af416b39-8b0b-4383-b8fd-ab44d75320e5,SEND,DATA,195,1060,""
674.042,sender,af416b39-8b0b-4383-b8fd-ab44d75320e5,RECEIVE,ACK,165,36,""
674.045,sender,af416b39-8b0b-4383-b8fd-ab44d75320e5,ACKNOWLEDGED,ACK,165,0,""
674.047,sender,af416b39-8b0b-4383-b8fd-ab44d75320e5,CONFIRM_DATA,ACK,165,1024,"unique file bytes acknowledged"
674.050,sender,af416b39-8b0b-4383-b8fd-ab44d75320e5,RTT_SAMPLE,ACK,165,0,"76.953900"
689.420,sender,af416b39-8b0b-4383-b8fd-ab44d75320e5,EMIT,DATA,175,1060,""
689.490,sender,af416b39-8b0b-4383-b8fd-ab44d75320e5,RECEIVE,ACK,164,36,""
689.501,sender,af416b39-8b0b-4383-b8fd-ab44d75320e5,ACKNOWLEDGED,ACK,164,0,""
689.505,sender,af416b39-8b0b-4383-b8fd-ab44d75320e5,CONFIRM_DATA,ACK,164,1024,"unique file bytes acknowledged"
689.508,sender,af416b39-8b0b-4383-b8fd-ab44d75320e5,EMIT,DATA,174,1060,""
689.517,sender,af416b39-8b0b-4383-b8fd-ab44d75320e5,RTT_SAMPLE,ACK,164,0,"92.416100"
689.523,sender,af416b39-8b0b-4383-b8fd-ab44d75320e5,SEND,DATA,196,1060,""
689.532,sender,af416b39-8b0b-4383-b8fd-ab44d75320e5,SEND,DATA,197,1060,""
689.535,sender,af416b39-8b0b-4383-b8fd-ab44d75320e5,EMIT,DATA,177,1060,""
689.541,sender,af416b39-8b0b-4383-b8fd-ab44d75320e5,RECEIVE,ACK,170,36,""
689.544,sender,af416b39-8b0b-4383-b8fd-ab44d75320e5,ACKNOWLEDGED,ACK,170,0,""
689.547,sender,af416b39-8b0b-4383-b8fd-ab44d75320e5,CONFIRM_DATA,ACK,170,1024,"unique file bytes acknowledged"
689.550,sender,af416b39-8b0b-4383-b8fd-ab44d75320e5,RTT_SAMPLE,ACK,170,0,"76.576200"
689.553,sender,af416b39-8b0b-4383-b8fd-ab44d75320e5,EMIT,DATA,173,1060,""
704.965,sender,af416b39-8b0b-4383-b8fd-ab44d75320e5,RECEIVE,ACK,167,36,""
705.000,sender,af416b39-8b0b-4383-b8fd-ab44d75320e5,ACKNOWLEDGED,ACK,167,0,""
705.004,sender,af416b39-8b0b-4383-b8fd-ab44d75320e5,CONFIRM_DATA,ACK,167,1024,"unique file bytes acknowledged"
705.011,sender,af416b39-8b0b-4383-b8fd-ab44d75320e5,RTT_SAMPLE,ACK,167,0,"92.098700"
705.020,sender,af416b39-8b0b-4383-b8fd-ab44d75320e5,EMIT,DATA,176,1060,""
705.035,sender,af416b39-8b0b-4383-b8fd-ab44d75320e5,RECEIVE,ACK,168,36,""
705.039,sender,af416b39-8b0b-4383-b8fd-ab44d75320e5,ACKNOWLEDGED,ACK,168,0,""
705.042,sender,af416b39-8b0b-4383-b8fd-ab44d75320e5,CONFIRM_DATA,ACK,168,1024,"unique file bytes acknowledged"
705.047,sender,af416b39-8b0b-4383-b8fd-ab44d75320e5,RTT_SAMPLE,ACK,168,0,"92.131300"
705.050,sender,af416b39-8b0b-4383-b8fd-ab44d75320e5,EMIT,DATA,172,1060,""
705.063,sender,af416b39-8b0b-4383-b8fd-ab44d75320e5,EMIT,DATA,178,1060,""
705.073,sender,af416b39-8b0b-4383-b8fd-ab44d75320e5,EMIT,DATA,189,1060,""
705.086,sender,af416b39-8b0b-4383-b8fd-ab44d75320e5,EMIT,DATA,180,1060,""
705.095,sender,af416b39-8b0b-4383-b8fd-ab44d75320e5,EMIT,DATA,182,1060,""
705.104,sender,af416b39-8b0b-4383-b8fd-ab44d75320e5,EMIT,DATA,190,1060,""
721.024,sender,af416b39-8b0b-4383-b8fd-ab44d75320e5,EMIT,DATA,184,1060,""
721.041,sender,af416b39-8b0b-4383-b8fd-ab44d75320e5,RECEIVE,ACK,169,36,""
721.057,sender,af416b39-8b0b-4383-b8fd-ab44d75320e5,EMIT,DATA,187,1060,""
721.062,sender,af416b39-8b0b-4383-b8fd-ab44d75320e5,ACKNOWLEDGED,ACK,169,0,""
721.068,sender,af416b39-8b0b-4383-b8fd-ab44d75320e5,CONFIRM_DATA,ACK,169,1024,"unique file bytes acknowledged"
721.074,sender,af416b39-8b0b-4383-b8fd-ab44d75320e5,EMIT,DATA,183,1060,""
721.080,sender,af416b39-8b0b-4383-b8fd-ab44d75320e5,RTT_SAMPLE,ACK,169,0,"108.104900"
721.085,sender,af416b39-8b0b-4383-b8fd-ab44d75320e5,EMIT,DATA,188,1060,""
721.096,sender,af416b39-8b0b-4383-b8fd-ab44d75320e5,EMIT,DATA,192,1060,""
721.104,sender,af416b39-8b0b-4383-b8fd-ab44d75320e5,RECEIVE,ACK,166,36,""
721.110,sender,af416b39-8b0b-4383-b8fd-ab44d75320e5,EMIT,DATA,191,1060,""
721.114,sender,af416b39-8b0b-4383-b8fd-ab44d75320e5,ACKNOWLEDGED,ACK,166,0,""
721.119,sender,af416b39-8b0b-4383-b8fd-ab44d75320e5,CONFIRM_DATA,ACK,166,1024,"unique file bytes acknowledged"
721.124,sender,af416b39-8b0b-4383-b8fd-ab44d75320e5,EMIT,DATA,193,1060,""
721.129,sender,af416b39-8b0b-4383-b8fd-ab44d75320e5,RTT_SAMPLE,ACK,166,0,"108.219900"
721.173,sender,af416b39-8b0b-4383-b8fd-ab44d75320e5,EMIT,DATA,196,1060,""
721.177,sender,af416b39-8b0b-4383-b8fd-ab44d75320e5,SEND,DATA,198,1060,""
721.184,sender,af416b39-8b0b-4383-b8fd-ab44d75320e5,EMIT,DATA,185,1060,""
721.188,sender,af416b39-8b0b-4383-b8fd-ab44d75320e5,SEND,DATA,199,1060,""
721.192,sender,af416b39-8b0b-4383-b8fd-ab44d75320e5,SEND,DATA,200,1060,""
721.196,sender,af416b39-8b0b-4383-b8fd-ab44d75320e5,EMIT,DATA,179,1060,""
721.200,sender,af416b39-8b0b-4383-b8fd-ab44d75320e5,SEND,DATA,201,1060,""
721.204,sender,af416b39-8b0b-4383-b8fd-ab44d75320e5,SEND,DATA,202,1060,""
721.207,sender,af416b39-8b0b-4383-b8fd-ab44d75320e5,EMIT,DATA,194,1060,""
721.223,sender,af416b39-8b0b-4383-b8fd-ab44d75320e5,RECEIVE,ACK,171,36,""
721.228,sender,af416b39-8b0b-4383-b8fd-ab44d75320e5,ACKNOWLEDGED,ACK,171,0,""
721.231,sender,af416b39-8b0b-4383-b8fd-ab44d75320e5,CONFIRM_DATA,ACK,171,1024,"unique file bytes acknowledged"
721.236,sender,af416b39-8b0b-4383-b8fd-ab44d75320e5,RTT_SAMPLE,ACK,171,0,"92.829800"
721.241,sender,af416b39-8b0b-4383-b8fd-ab44d75320e5,SEND,DATA,203,1060,""
736.998,sender,af416b39-8b0b-4383-b8fd-ab44d75320e5,EMIT,DATA,181,1060,""
737.049,sender,af416b39-8b0b-4383-b8fd-ab44d75320e5,EMIT,DATA,186,1060,""
737.077,sender,af416b39-8b0b-4383-b8fd-ab44d75320e5,EMIT,DATA,195,1060,""
737.092,sender,af416b39-8b0b-4383-b8fd-ab44d75320e5,EMIT,DATA,197,1060,""
737.118,sender,af416b39-8b0b-4383-b8fd-ab44d75320e5,RECEIVE,ACK,177,36,""
737.135,sender,af416b39-8b0b-4383-b8fd-ab44d75320e5,ACKNOWLEDGED,ACK,177,0,""
737.141,sender,af416b39-8b0b-4383-b8fd-ab44d75320e5,CONFIRM_DATA,ACK,177,1024,"unique file bytes acknowledged"
737.150,sender,af416b39-8b0b-4383-b8fd-ab44d75320e5,RTT_SAMPLE,ACK,177,0,"93.523600"
737.161,sender,af416b39-8b0b-4383-b8fd-ab44d75320e5,RECEIVE,ACK,174,36,""
737.166,sender,af416b39-8b0b-4383-b8fd-ab44d75320e5,ACKNOWLEDGED,ACK,174,0,""
737.170,sender,af416b39-8b0b-4383-b8fd-ab44d75320e5,CONFIRM_DATA,ACK,174,1024,"unique file bytes acknowledged"
737.176,sender,af416b39-8b0b-4383-b8fd-ab44d75320e5,RTT_SAMPLE,ACK,174,0,"93.752700"
737.185,sender,af416b39-8b0b-4383-b8fd-ab44d75320e5,RECEIVE,ACK,175,36,""
737.190,sender,af416b39-8b0b-4383-b8fd-ab44d75320e5,ACKNOWLEDGED,ACK,175,0,""
737.194,sender,af416b39-8b0b-4383-b8fd-ab44d75320e5,CONFIRM_DATA,ACK,175,1024,"unique file bytes acknowledged"
737.210,sender,af416b39-8b0b-4383-b8fd-ab44d75320e5,RTT_SAMPLE,ACK,175,0,"93.589900"
737.220,sender,af416b39-8b0b-4383-b8fd-ab44d75320e5,RECEIVE,ACK,173,36,""
737.224,sender,af416b39-8b0b-4383-b8fd-ab44d75320e5,ACKNOWLEDGED,ACK,173,0,""
737.228,sender,af416b39-8b0b-4383-b8fd-ab44d75320e5,CONFIRM_DATA,ACK,173,1024,"unique file bytes acknowledged"
737.234,sender,af416b39-8b0b-4383-b8fd-ab44d75320e5,RTT_SAMPLE,ACK,173,0,"93.823200"
737.245,sender,af416b39-8b0b-4383-b8fd-ab44d75320e5,RECEIVE,ACK,172,36,""
737.250,sender,af416b39-8b0b-4383-b8fd-ab44d75320e5,ACKNOWLEDGED,ACK,172,0,""
737.254,sender,af416b39-8b0b-4383-b8fd-ab44d75320e5,CONFIRM_DATA,ACK,172,1024,"unique file bytes acknowledged"
737.259,sender,af416b39-8b0b-4383-b8fd-ab44d75320e5,RTT_SAMPLE,ACK,172,0,"93.859700"
737.266,sender,af416b39-8b0b-4383-b8fd-ab44d75320e5,SEND,DATA,204,1060,""
737.273,sender,af416b39-8b0b-4383-b8fd-ab44d75320e5,SEND,DATA,205,1060,""
737.279,sender,af416b39-8b0b-4383-b8fd-ab44d75320e5,SEND,DATA,206,1060,""
737.285,sender,af416b39-8b0b-4383-b8fd-ab44d75320e5,SEND,DATA,207,1060,""
752.694,sender,af416b39-8b0b-4383-b8fd-ab44d75320e5,RECEIVE,ACK,176,36,""
752.708,sender,af416b39-8b0b-4383-b8fd-ab44d75320e5,ACKNOWLEDGED,ACK,176,0,""
752.712,sender,af416b39-8b0b-4383-b8fd-ab44d75320e5,CONFIRM_DATA,ACK,176,1024,"unique file bytes acknowledged"
752.718,sender,af416b39-8b0b-4383-b8fd-ab44d75320e5,RTT_SAMPLE,ACK,176,0,"109.099400"
752.725,sender,af416b39-8b0b-4383-b8fd-ab44d75320e5,SEND,DATA,208,1060,""
752.733,sender,af416b39-8b0b-4383-b8fd-ab44d75320e5,SEND,DATA,209,1060,""
752.746,sender,af416b39-8b0b-4383-b8fd-ab44d75320e5,RECEIVE,ACK,192,36,""
752.749,sender,af416b39-8b0b-4383-b8fd-ab44d75320e5,ACKNOWLEDGED,ACK,192,0,""
752.752,sender,af416b39-8b0b-4383-b8fd-ab44d75320e5,CONFIRM_DATA,ACK,192,1024,"unique file bytes acknowledged"
752.755,sender,af416b39-8b0b-4383-b8fd-ab44d75320e5,RTT_SAMPLE,ACK,192,0,"78.725700"
752.760,sender,af416b39-8b0b-4383-b8fd-ab44d75320e5,EMIT,DATA,199,1060,""
752.790,sender,af416b39-8b0b-4383-b8fd-ab44d75320e5,RECEIVE,ACK,180,36,""
752.793,sender,af416b39-8b0b-4383-b8fd-ab44d75320e5,ACKNOWLEDGED,ACK,180,0,""
752.796,sender,af416b39-8b0b-4383-b8fd-ab44d75320e5,CONFIRM_DATA,ACK,180,1024,"unique file bytes acknowledged"
752.799,sender,af416b39-8b0b-4383-b8fd-ab44d75320e5,RTT_SAMPLE,ACK,180,0,"78.805500"
752.805,sender,af416b39-8b0b-4383-b8fd-ab44d75320e5,RECEIVE,ACK,182,36,""
752.808,sender,af416b39-8b0b-4383-b8fd-ab44d75320e5,ACKNOWLEDGED,ACK,182,0,""
752.810,sender,af416b39-8b0b-4383-b8fd-ab44d75320e5,CONFIRM_DATA,ACK,182,1024,"unique file bytes acknowledged"
752.814,sender,af416b39-8b0b-4383-b8fd-ab44d75320e5,RTT_SAMPLE,ACK,182,0,"78.813400"
752.819,sender,af416b39-8b0b-4383-b8fd-ab44d75320e5,RECEIVE,ACK,190,36,""
752.822,sender,af416b39-8b0b-4383-b8fd-ab44d75320e5,ACKNOWLEDGED,ACK,190,0,""
752.824,sender,af416b39-8b0b-4383-b8fd-ab44d75320e5,CONFIRM_DATA,ACK,190,1024,"unique file bytes acknowledged"
752.827,sender,af416b39-8b0b-4383-b8fd-ab44d75320e5,RTT_SAMPLE,ACK,190,0,"78.803600"
752.830,sender,af416b39-8b0b-4383-b8fd-ab44d75320e5,EMIT,DATA,200,1060,""
752.842,sender,af416b39-8b0b-4383-b8fd-ab44d75320e5,RECEIVE,ACK,189,36,""
752.845,sender,af416b39-8b0b-4383-b8fd-ab44d75320e5,ACKNOWLEDGED,ACK,189,0,""
752.848,sender,af416b39-8b0b-4383-b8fd-ab44d75320e5,CONFIRM_DATA,ACK,189,1024,"unique file bytes acknowledged"
752.851,sender,af416b39-8b0b-4383-b8fd-ab44d75320e5,RTT_SAMPLE,ACK,189,0,"78.830100"
752.856,sender,af416b39-8b0b-4383-b8fd-ab44d75320e5,RECEIVE,ACK,185,36,""
752.858,sender,af416b39-8b0b-4383-b8fd-ab44d75320e5,ACKNOWLEDGED,ACK,185,0,""
752.861,sender,af416b39-8b0b-4383-b8fd-ab44d75320e5,CONFIRM_DATA,ACK,185,1024,"unique file bytes acknowledged"
752.864,sender,af416b39-8b0b-4383-b8fd-ab44d75320e5,RTT_SAMPLE,ACK,185,0,"78.855000"
768.129,sender,af416b39-8b0b-4383-b8fd-ab44d75320e5,RECEIVE,ACK,179,36,""
768.142,sender,af416b39-8b0b-4383-b8fd-ab44d75320e5,EMIT,DATA,202,1060,""
768.152,sender,af416b39-8b0b-4383-b8fd-ab44d75320e5,ACKNOWLEDGED,ACK,179,0,""
768.156,sender,af416b39-8b0b-4383-b8fd-ab44d75320e5,CONFIRM_DATA,ACK,179,1024,"unique file bytes acknowledged"
768.161,sender,af416b39-8b0b-4383-b8fd-ab44d75320e5,RTT_SAMPLE,ACK,179,0,"94.170100"
768.164,sender,af416b39-8b0b-4383-b8fd-ab44d75320e5,EMIT,DATA,206,1060,""
768.175,sender,af416b39-8b0b-4383-b8fd-ab44d75320e5,RECEIVE,ACK,178,36,""
768.178,sender,af416b39-8b0b-4383-b8fd-ab44d75320e5,ACKNOWLEDGED,ACK,178,0,""
768.180,sender,af416b39-8b0b-4383-b8fd-ab44d75320e5,CONFIRM_DATA,ACK,178,1024,"unique file bytes acknowledged"
768.184,sender,af416b39-8b0b-4383-b8fd-ab44d75320e5,RTT_SAMPLE,ACK,178,0,"109.770900"
768.188,sender,af416b39-8b0b-4383-b8fd-ab44d75320e5,SEND,DATA,210,1060,""
768.193,sender,af416b39-8b0b-4383-b8fd-ab44d75320e5,SEND,DATA,211,1060,""
768.196,sender,af416b39-8b0b-4383-b8fd-ab44d75320e5,SEND,DATA,212,1060,""
768.202,sender,af416b39-8b0b-4383-b8fd-ab44d75320e5,RECEIVE,ACK,191,36,""
768.205,sender,af416b39-8b0b-4383-b8fd-ab44d75320e5,ACKNOWLEDGED,ACK,191,0,""
768.207,sender,af416b39-8b0b-4383-b8fd-ab44d75320e5,CONFIRM_DATA,ACK,191,1024,"unique file bytes acknowledged"
768.211,sender,af416b39-8b0b-4383-b8fd-ab44d75320e5,RTT_SAMPLE,ACK,191,0,"94.184400"
768.217,sender,af416b39-8b0b-4383-b8fd-ab44d75320e5,RECEIVE,ACK,184,36,""
768.219,sender,af416b39-8b0b-4383-b8fd-ab44d75320e5,ACKNOWLEDGED,ACK,184,0,""
768.222,sender,af416b39-8b0b-4383-b8fd-ab44d75320e5,CONFIRM_DATA,ACK,184,1024,"unique file bytes acknowledged"
768.225,sender,af416b39-8b0b-4383-b8fd-ab44d75320e5,RTT_SAMPLE,ACK,184,0,"94.219200"
768.231,sender,af416b39-8b0b-4383-b8fd-ab44d75320e5,RECEIVE,ACK,183,36,""
768.234,sender,af416b39-8b0b-4383-b8fd-ab44d75320e5,ACKNOWLEDGED,ACK,183,0,""
768.240,sender,af416b39-8b0b-4383-b8fd-ab44d75320e5,CONFIRM_DATA,ACK,183,1024,"unique file bytes acknowledged"
768.247,sender,af416b39-8b0b-4383-b8fd-ab44d75320e5,RTT_SAMPLE,ACK,183,0,"94.239900"
768.253,sender,af416b39-8b0b-4383-b8fd-ab44d75320e5,RECEIVE,ACK,187,36,""
768.256,sender,af416b39-8b0b-4383-b8fd-ab44d75320e5,ACKNOWLEDGED,ACK,187,0,""
768.262,sender,af416b39-8b0b-4383-b8fd-ab44d75320e5,CONFIRM_DATA,ACK,187,1024,"unique file bytes acknowledged"
768.266,sender,af416b39-8b0b-4383-b8fd-ab44d75320e5,RTT_SAMPLE,ACK,187,0,"94.251100"
768.271,sender,af416b39-8b0b-4383-b8fd-ab44d75320e5,RECEIVE,ACK,188,36,""
768.275,sender,af416b39-8b0b-4383-b8fd-ab44d75320e5,ACKNOWLEDGED,ACK,188,0,""
768.277,sender,af416b39-8b0b-4383-b8fd-ab44d75320e5,CONFIRM_DATA,ACK,188,1024,"unique file bytes acknowledged"
768.280,sender,af416b39-8b0b-4383-b8fd-ab44d75320e5,RTT_SAMPLE,ACK,188,0,"94.262700"
783.097,sender,af416b39-8b0b-4383-b8fd-ab44d75320e5,RECEIVE,ACK,194,36,""
783.113,sender,af416b39-8b0b-4383-b8fd-ab44d75320e5,ACKNOWLEDGED,ACK,194,0,""
783.117,sender,af416b39-8b0b-4383-b8fd-ab44d75320e5,CONFIRM_DATA,ACK,194,1024,"unique file bytes acknowledged"
783.180,sender,af416b39-8b0b-4383-b8fd-ab44d75320e5,EMIT,DATA,198,1060,""
783.201,sender,af416b39-8b0b-4383-b8fd-ab44d75320e5,RTT_SAMPLE,ACK,194,0,"109.144600"
783.221,sender,af416b39-8b0b-4383-b8fd-ab44d75320e5,RECEIVE,ACK,193,36,""
783.225,sender,af416b39-8b0b-4383-b8fd-ab44d75320e5,ACKNOWLEDGED,ACK,193,0,""
783.228,sender,af416b39-8b0b-4383-b8fd-ab44d75320e5,CONFIRM_DATA,ACK,193,1024,"unique file bytes acknowledged"
783.232,sender,af416b39-8b0b-4383-b8fd-ab44d75320e5,RTT_SAMPLE,ACK,193,0,"109.199600"
783.236,sender,af416b39-8b0b-4383-b8fd-ab44d75320e5,EMIT,DATA,201,1060,""
783.244,sender,af416b39-8b0b-4383-b8fd-ab44d75320e5,RECEIVE,ACK,196,36,""
783.248,sender,af416b39-8b0b-4383-b8fd-ab44d75320e5,ACKNOWLEDGED,ACK,196,0,""
783.252,sender,af416b39-8b0b-4383-b8fd-ab44d75320e5,CONFIRM_DATA,ACK,196,1024,"unique file bytes acknowledged"
783.255,sender,af416b39-8b0b-4383-b8fd-ab44d75320e5,EMIT,DATA,204,1060,""
783.260,sender,af416b39-8b0b-4383-b8fd-ab44d75320e5,RTT_SAMPLE,ACK,196,0,"93.732600"
783.265,sender,af416b39-8b0b-4383-b8fd-ab44d75320e5,EMIT,DATA,203,1060,""
783.269,sender,af416b39-8b0b-4383-b8fd-ab44d75320e5,RECEIVE,ACK,195,36,""
783.272,sender,af416b39-8b0b-4383-b8fd-ab44d75320e5,ACKNOWLEDGED,ACK,195,0,""
783.275,sender,af416b39-8b0b-4383-b8fd-ab44d75320e5,CONFIRM_DATA,ACK,195,1024,"unique file bytes acknowledged"
783.280,sender,af416b39-8b0b-4383-b8fd-ab44d75320e5,RTT_SAMPLE,ACK,195,0,"109.241400"
783.286,sender,af416b39-8b0b-4383-b8fd-ab44d75320e5,RECEIVE,ACK,181,36,""
783.290,sender,af416b39-8b0b-4383-b8fd-ab44d75320e5,ACKNOWLEDGED,ACK,181,0,""
783.293,sender,af416b39-8b0b-4383-b8fd-ab44d75320e5,CONFIRM_DATA,ACK,181,1024,"unique file bytes acknowledged"
783.306,sender,af416b39-8b0b-4383-b8fd-ab44d75320e5,RTT_SAMPLE,ACK,181,0,"109.309300"
783.311,sender,af416b39-8b0b-4383-b8fd-ab44d75320e5,SEND,DATA,213,1060,""
783.316,sender,af416b39-8b0b-4383-b8fd-ab44d75320e5,SEND,DATA,214,1060,""
783.320,sender,af416b39-8b0b-4383-b8fd-ab44d75320e5,SEND,DATA,215,1060,""
783.324,sender,af416b39-8b0b-4383-b8fd-ab44d75320e5,SEND,DATA,216,1060,""
783.328,sender,af416b39-8b0b-4383-b8fd-ab44d75320e5,SEND,DATA,217,1060,""
783.334,sender,af416b39-8b0b-4383-b8fd-ab44d75320e5,RECEIVE,ACK,186,36,""
783.338,sender,af416b39-8b0b-4383-b8fd-ab44d75320e5,ACKNOWLEDGED,ACK,186,0,""
783.341,sender,af416b39-8b0b-4383-b8fd-ab44d75320e5,CONFIRM_DATA,ACK,186,1024,"unique file bytes acknowledged"
783.344,sender,af416b39-8b0b-4383-b8fd-ab44d75320e5,RTT_SAMPLE,ACK,186,0,"109.332300"
783.349,sender,af416b39-8b0b-4383-b8fd-ab44d75320e5,SEND,DATA,218,1060,""
783.357,sender,af416b39-8b0b-4383-b8fd-ab44d75320e5,SEND,DATA,219,1060,""
783.360,sender,af416b39-8b0b-4383-b8fd-ab44d75320e5,SEND,DATA,220,1060,""
783.364,sender,af416b39-8b0b-4383-b8fd-ab44d75320e5,SEND,DATA,221,1060,""
783.367,sender,af416b39-8b0b-4383-b8fd-ab44d75320e5,SEND,DATA,222,1060,""
783.371,sender,af416b39-8b0b-4383-b8fd-ab44d75320e5,SEND,DATA,223,1060,""
783.374,sender,af416b39-8b0b-4383-b8fd-ab44d75320e5,SEND,DATA,224,1060,""
783.378,sender,af416b39-8b0b-4383-b8fd-ab44d75320e5,SEND,DATA,225,1060,""
783.381,sender,af416b39-8b0b-4383-b8fd-ab44d75320e5,SEND,DATA,226,1060,""
783.385,sender,af416b39-8b0b-4383-b8fd-ab44d75320e5,SEND,DATA,227,1060,""
783.388,sender,af416b39-8b0b-4383-b8fd-ab44d75320e5,SEND,DATA,228,1060,""
799.086,sender,af416b39-8b0b-4383-b8fd-ab44d75320e5,EMIT,DATA,205,1060,""
799.114,sender,af416b39-8b0b-4383-b8fd-ab44d75320e5,EMIT,DATA,207,1060,""
799.125,sender,af416b39-8b0b-4383-b8fd-ab44d75320e5,EMIT,DATA,209,1060,""
799.136,sender,af416b39-8b0b-4383-b8fd-ab44d75320e5,EMIT,DATA,212,1060,""
799.160,sender,af416b39-8b0b-4383-b8fd-ab44d75320e5,RECEIVE,ACK,197,36,""
799.171,sender,af416b39-8b0b-4383-b8fd-ab44d75320e5,ACKNOWLEDGED,ACK,197,0,""
799.175,sender,af416b39-8b0b-4383-b8fd-ab44d75320e5,CONFIRM_DATA,ACK,197,1024,"unique file bytes acknowledged"
799.182,sender,af416b39-8b0b-4383-b8fd-ab44d75320e5,RTT_SAMPLE,ACK,197,0,"109.647500"
799.189,sender,af416b39-8b0b-4383-b8fd-ab44d75320e5,SEND,DATA,229,1060,""
799.200,sender,af416b39-8b0b-4383-b8fd-ab44d75320e5,RECEIVE,ACK,202,36,""
799.213,sender,af416b39-8b0b-4383-b8fd-ab44d75320e5,ACKNOWLEDGED,ACK,202,0,""
799.217,sender,af416b39-8b0b-4383-b8fd-ab44d75320e5,CONFIRM_DATA,ACK,202,1024,"unique file bytes acknowledged"
799.221,sender,af416b39-8b0b-4383-b8fd-ab44d75320e5,RTT_SAMPLE,ACK,202,0,"78.016600"
799.228,sender,af416b39-8b0b-4383-b8fd-ab44d75320e5,RECEIVE,ACK,200,36,""
799.231,sender,af416b39-8b0b-4383-b8fd-ab44d75320e5,ACKNOWLEDGED,ACK,200,0,""
799.234,sender,af416b39-8b0b-4383-b8fd-ab44d75320e5,CONFIRM_DATA,ACK,200,1024,"unique file bytes acknowledged"
799.238,sender,af416b39-8b0b-4383-b8fd-ab44d75320e5,RTT_SAMPLE,ACK,200,0,"78.045500"
814.677,sender,af416b39-8b0b-4383-b8fd-ab44d75320e5,EMIT,DATA,208,1060,""
814.712,sender,af416b39-8b0b-4383-b8fd-ab44d75320e5,EMIT,DATA,210,1060,""
814.718,sender,af416b39-8b0b-4383-b8fd-ab44d75320e5,RECEIVE,ACK,199,36,""
814.741,sender,af416b39-8b0b-4383-b8fd-ab44d75320e5,EMIT,DATA,219,1060,""
814.745,sender,af416b39-8b0b-4383-b8fd-ab44d75320e5,ACKNOWLEDGED,ACK,199,0,""
814.749,sender,af416b39-8b0b-4383-b8fd-ab44d75320e5,CONFIRM_DATA,ACK,199,1024,"unique file bytes acknowledged"
814.753,sender,af416b39-8b0b-4383-b8fd-ab44d75320e5,EMIT,DATA,211,1060,""
814.757,sender,af416b39-8b0b-4383-b8fd-ab44d75320e5,RTT_SAMPLE,ACK,199,0,"93.569200"
814.762,sender,af416b39-8b0b-4383-b8fd-ab44d75320e5,EMIT,DATA,220,1060,""
814.779,sender,af416b39-8b0b-4383-b8fd-ab44d75320e5,EMIT,DATA,222,1060,""
814.782,sender,af416b39-8b0b-4383-b8fd-ab44d75320e5,RECEIVE,ACK,201,36,""
814.786,sender,af416b39-8b0b-4383-b8fd-ab44d75320e5,ACKNOWLEDGED,ACK,201,0,""
814.789,sender,af416b39-8b0b-4383-b8fd-ab44d75320e5,CONFIRM_DATA,ACK,201,1024,"unique file bytes acknowledged"
814.793,sender,af416b39-8b0b-4383-b8fd-ab44d75320e5,EMIT,DATA,227,1060,""
814.797,sender,af416b39-8b0b-4383-b8fd-ab44d75320e5,RTT_SAMPLE,ACK,201,0,"93.596700"
814.803,sender,af416b39-8b0b-4383-b8fd-ab44d75320e5,EMIT,DATA,226,1060,""
814.806,sender,af416b39-8b0b-4383-b8fd-ab44d75320e5,RECEIVE,ACK,206,36,""
814.810,sender,af416b39-8b0b-4383-b8fd-ab44d75320e5,ACKNOWLEDGED,ACK,206,0,""
814.813,sender,af416b39-8b0b-4383-b8fd-ab44d75320e5,CONFIRM_DATA,ACK,206,1024,"unique file bytes acknowledged"
814.819,sender,af416b39-8b0b-4383-b8fd-ab44d75320e5,RTT_SAMPLE,ACK,206,0,"77.538700"
814.836,sender,af416b39-8b0b-4383-b8fd-ab44d75320e5,RECEIVE,ACK,198,36,""
814.840,sender,af416b39-8b0b-4383-b8fd-ab44d75320e5,ACKNOWLEDGED,ACK,198,0,""
814.843,sender,af416b39-8b0b-4383-b8fd-ab44d75320e5,CONFIRM_DATA,ACK,198,1024,"unique file bytes acknowledged"
814.848,sender,af416b39-8b0b-4383-b8fd-ab44d75320e5,RTT_SAMPLE,ACK,198,0,"93.671100"
814.853,sender,af416b39-8b0b-4383-b8fd-ab44d75320e5,SEND,DATA,230,1060,""
814.861,sender,af416b39-8b0b-4383-b8fd-ab44d75320e5,SEND,DATA,231,1060,""
814.865,sender,af416b39-8b0b-4383-b8fd-ab44d75320e5,SEND,DATA,232,1060,""
814.870,sender,af416b39-8b0b-4383-b8fd-ab44d75320e5,SEND,DATA,233,1060,""
814.875,sender,af416b39-8b0b-4383-b8fd-ab44d75320e5,SEND,DATA,234,1060,""
830.526,sender,af416b39-8b0b-4383-b8fd-ab44d75320e5,EMIT,DATA,224,1060,""
830.553,sender,af416b39-8b0b-4383-b8fd-ab44d75320e5,RECEIVE,ACK,204,36,""
830.573,sender,af416b39-8b0b-4383-b8fd-ab44d75320e5,EMIT,DATA,228,1060,""
830.578,sender,af416b39-8b0b-4383-b8fd-ab44d75320e5,ACKNOWLEDGED,ACK,204,0,""
830.587,sender,af416b39-8b0b-4383-b8fd-ab44d75320e5,EMIT,DATA,213,1060,""
830.591,sender,af416b39-8b0b-4383-b8fd-ab44d75320e5,CONFIRM_DATA,ACK,204,1024,"unique file bytes acknowledged"
830.599,sender,af416b39-8b0b-4383-b8fd-ab44d75320e5,EMIT,DATA,221,1060,""
830.605,sender,af416b39-8b0b-4383-b8fd-ab44d75320e5,RTT_SAMPLE,ACK,204,0,"93.333500"
830.614,sender,af416b39-8b0b-4383-b8fd-ab44d75320e5,EMIT,DATA,214,1060,""
830.623,sender,af416b39-8b0b-4383-b8fd-ab44d75320e5,EMIT,DATA,215,1060,""
830.631,sender,af416b39-8b0b-4383-b8fd-ab44d75320e5,EMIT,DATA,216,1060,""
830.639,sender,af416b39-8b0b-4383-b8fd-ab44d75320e5,EMIT,DATA,225,1060,""
830.648,sender,af416b39-8b0b-4383-b8fd-ab44d75320e5,EMIT,DATA,217,1060,""
830.879,sender,af416b39-8b0b-4383-b8fd-ab44d75320e5,EMIT,DATA,218,1060,""
830.895,sender,af416b39-8b0b-4383-b8fd-ab44d75320e5,EMIT,DATA,223,1060,""
831.179,sender,af416b39-8b0b-4383-b8fd-ab44d75320e5,RECEIVE,ACK,203,36,""
831.215,sender,af416b39-8b0b-4383-b8fd-ab44d75320e5,ACKNOWLEDGED,ACK,203,0,""
831.219,sender,af416b39-8b0b-4383-b8fd-ab44d75320e5,CONFIRM_DATA,ACK,203,1024,"unique file bytes acknowledged"
831.224,sender,af416b39-8b0b-4383-b8fd-ab44d75320e5,RTT_SAMPLE,ACK,203,0,"109.982500"
831.238,sender,af416b39-8b0b-4383-b8fd-ab44d75320e5,SEND,DATA,235,1060,""
831.243,sender,af416b39-8b0b-4383-b8fd-ab44d75320e5,SEND,DATA,236,1060,""
846.036,sender,af416b39-8b0b-4383-b8fd-ab44d75320e5,EMIT,DATA,229,1060,""
846.066,sender,af416b39-8b0b-4383-b8fd-ab44d75320e5,EMIT,DATA,230,1060,""
846.076,sender,af416b39-8b0b-4383-b8fd-ab44d75320e5,EMIT,DATA,232,1060,""
846.086,sender,af416b39-8b0b-4383-b8fd-ab44d75320e5,RECEIVE,ACK,209,36,""
846.096,sender,af416b39-8b0b-4383-b8fd-ab44d75320e5,ACKNOWLEDGED,ACK,209,0,""
846.100,sender,af416b39-8b0b-4383-b8fd-ab44d75320e5,CONFIRM_DATA,ACK,209,1024,"unique file bytes acknowledged"
846.109,sender,af416b39-8b0b-4383-b8fd-ab44d75320e5,RTT_SAMPLE,ACK,209,0,"93.373400"
846.118,sender,af416b39-8b0b-4383-b8fd-ab44d75320e5,RECEIVE,ACK,212,36,""
846.121,sender,af416b39-8b0b-4383-b8fd-ab44d75320e5,ACKNOWLEDGED,ACK,212,0,""
846.124,sender,af416b39-8b0b-4383-b8fd-ab44d75320e5,CONFIRM_DATA,ACK,212,1024,"unique file bytes acknowledged"
846.128,sender,af416b39-8b0b-4383-b8fd-ab44d75320e5,RTT_SAMPLE,ACK,212,0,"77.931500"
846.134,sender,af416b39-8b0b-4383-b8fd-ab44d75320e5,RECEIVE,ACK,219,36,""
846.138,sender,af416b39-8b0b-4383-b8fd-ab44d75320e5,ACKNOWLEDGED,ACK,219,0,""
846.141,sender,af416b39-8b0b-4383-b8fd-ab44d75320e5,CONFIRM_DATA,ACK,219,1024,"unique file bytes acknowledged"
846.144,sender,af416b39-8b0b-4383-b8fd-ab44d75320e5,RTT_SAMPLE,ACK,219,0,"62.787100"
846.151,sender,af416b39-8b0b-4383-b8fd-ab44d75320e5,RECEIVE,ACK,207,36,""
846.154,sender,af416b39-8b0b-4383-b8fd-ab44d75320e5,ACKNOWLEDGED,ACK,207,0,""
846.156,sender,af416b39-8b0b-4383-b8fd-ab44d75320e5,CONFIRM_DATA,ACK,207,1024,"unique file bytes acknowledged"
846.169,sender,af416b39-8b0b-4383-b8fd-ab44d75320e5,RTT_SAMPLE,ACK,207,0,"108.884100"
846.176,sender,af416b39-8b0b-4383-b8fd-ab44d75320e5,RECEIVE,ACK,226,36,""
846.179,sender,af416b39-8b0b-4383-b8fd-ab44d75320e5,ACKNOWLEDGED,ACK,226,0,""
846.182,sender,af416b39-8b0b-4383-b8fd-ab44d75320e5,CONFIRM_DATA,ACK,226,1024,"unique file bytes acknowledged"
846.185,sender,af416b39-8b0b-4383-b8fd-ab44d75320e5,RTT_SAMPLE,ACK,226,0,"62.803500"
861.925,sender,af416b39-8b0b-4383-b8fd-ab44d75320e5,EMIT,DATA,233,1060,""
861.954,sender,af416b39-8b0b-4383-b8fd-ab44d75320e5,EMIT,DATA,234,1060,""
861.987,sender,af416b39-8b0b-4383-b8fd-ab44d75320e5,EMIT,DATA,231,1060,""
862.002,sender,af416b39-8b0b-4383-b8fd-ab44d75320e5,RECEIVE,ACK,205,36,""
862.017,sender,af416b39-8b0b-4383-b8fd-ab44d75320e5,ACKNOWLEDGED,ACK,205,0,""
862.021,sender,af416b39-8b0b-4383-b8fd-ab44d75320e5,CONFIRM_DATA,ACK,205,1024,"unique file bytes acknowledged"
862.026,sender,af416b39-8b0b-4383-b8fd-ab44d75320e5,RTT_SAMPLE,ACK,205,0,"124.752400"
862.031,sender,af416b39-8b0b-4383-b8fd-ab44d75320e5,SEND,DATA,237,1060,""
862.036,sender,af416b39-8b0b-4383-b8fd-ab44d75320e5,SEND,DATA,238,1060,""
862.040,sender,af416b39-8b0b-4383-b8fd-ab44d75320e5,SEND,DATA,239,1060,""
862.046,sender,af416b39-8b0b-4383-b8fd-ab44d75320e5,RECEIVE,ACK,208,36,""
862.049,sender,af416b39-8b0b-4383-b8fd-ab44d75320e5,ACKNOWLEDGED,ACK,208,0,""
862.052,sender,af416b39-8b0b-4383-b8fd-ab44d75320e5,CONFIRM_DATA,ACK,208,1024,"unique file bytes acknowledged"
862.060,sender,af416b39-8b0b-4383-b8fd-ab44d75320e5,RTT_SAMPLE,ACK,208,0,"109.334900"
862.064,sender,af416b39-8b0b-4383-b8fd-ab44d75320e5,SEND,DATA,240,1060,""
862.067,sender,af416b39-8b0b-4383-b8fd-ab44d75320e5,SEND,DATA,241,1060,""
862.072,sender,af416b39-8b0b-4383-b8fd-ab44d75320e5,RECEIVE,ACK,227,36,""
862.075,sender,af416b39-8b0b-4383-b8fd-ab44d75320e5,ACKNOWLEDGED,ACK,227,0,""
862.077,sender,af416b39-8b0b-4383-b8fd-ab44d75320e5,CONFIRM_DATA,ACK,227,1024,"unique file bytes acknowledged"
862.081,sender,af416b39-8b0b-4383-b8fd-ab44d75320e5,RTT_SAMPLE,ACK,227,0,"78.695400"
862.086,sender,af416b39-8b0b-4383-b8fd-ab44d75320e5,RECEIVE,ACK,211,36,""
862.089,sender,af416b39-8b0b-4383-b8fd-ab44d75320e5,ACKNOWLEDGED,ACK,211,0,""
862.092,sender,af416b39-8b0b-4383-b8fd-ab44d75320e5,CONFIRM_DATA,ACK,211,1024,"unique file bytes acknowledged"
862.095,sender,af416b39-8b0b-4383-b8fd-ab44d75320e5,RTT_SAMPLE,ACK,211,0,"93.901900"
862.100,sender,af416b39-8b0b-4383-b8fd-ab44d75320e5,RECEIVE,ACK,222,36,""
862.103,sender,af416b39-8b0b-4383-b8fd-ab44d75320e5,ACKNOWLEDGED,ACK,222,0,""
862.106,sender,af416b39-8b0b-4383-b8fd-ab44d75320e5,CONFIRM_DATA,ACK,222,1024,"unique file bytes acknowledged"
862.120,sender,af416b39-8b0b-4383-b8fd-ab44d75320e5,RTT_SAMPLE,ACK,222,0,"78.741000"
862.126,sender,af416b39-8b0b-4383-b8fd-ab44d75320e5,RECEIVE,ACK,220,36,""
862.129,sender,af416b39-8b0b-4383-b8fd-ab44d75320e5,ACKNOWLEDGED,ACK,220,0,""
862.131,sender,af416b39-8b0b-4383-b8fd-ab44d75320e5,CONFIRM_DATA,ACK,220,1024,"unique file bytes acknowledged"
862.135,sender,af416b39-8b0b-4383-b8fd-ab44d75320e5,RTT_SAMPLE,ACK,220,0,"78.774100"
862.140,sender,af416b39-8b0b-4383-b8fd-ab44d75320e5,RECEIVE,ACK,218,36,""
862.143,sender,af416b39-8b0b-4383-b8fd-ab44d75320e5,ACKNOWLEDGED,ACK,218,0,""
862.146,sender,af416b39-8b0b-4383-b8fd-ab44d75320e5,CONFIRM_DATA,ACK,218,1024,"unique file bytes acknowledged"
862.152,sender,af416b39-8b0b-4383-b8fd-ab44d75320e5,RTT_SAMPLE,ACK,218,0,"78.803600"
862.158,sender,af416b39-8b0b-4383-b8fd-ab44d75320e5,RECEIVE,ACK,223,36,""
862.160,sender,af416b39-8b0b-4383-b8fd-ab44d75320e5,ACKNOWLEDGED,ACK,223,0,""
862.163,sender,af416b39-8b0b-4383-b8fd-ab44d75320e5,CONFIRM_DATA,ACK,223,1024,"unique file bytes acknowledged"
862.166,sender,af416b39-8b0b-4383-b8fd-ab44d75320e5,RTT_SAMPLE,ACK,223,0,"78.794600"
877.286,sender,af416b39-8b0b-4383-b8fd-ab44d75320e5,EMIT,DATA,236,1060,""
877.318,sender,af416b39-8b0b-4383-b8fd-ab44d75320e5,RECEIVE,ACK,210,36,""
877.332,sender,af416b39-8b0b-4383-b8fd-ab44d75320e5,ACKNOWLEDGED,ACK,210,0,""
877.337,sender,af416b39-8b0b-4383-b8fd-ab44d75320e5,CONFIRM_DATA,ACK,210,1024,"unique file bytes acknowledged"
877.344,sender,af416b39-8b0b-4383-b8fd-ab44d75320e5,RTT_SAMPLE,ACK,210,0,"109.153500"
877.351,sender,af416b39-8b0b-4383-b8fd-ab44d75320e5,EMIT,DATA,235,1060,""
877.356,sender,af416b39-8b0b-4383-b8fd-ab44d75320e5,SEND,DATA,242,1060,""
877.364,sender,af416b39-8b0b-4383-b8fd-ab44d75320e5,SEND,DATA,243,1060,""
877.377,sender,af416b39-8b0b-4383-b8fd-ab44d75320e5,SEND,DATA,244,1060,""
877.391,sender,af416b39-8b0b-4383-b8fd-ab44d75320e5,RECEIVE,ACK,225,36,""
877.395,sender,af416b39-8b0b-4383-b8fd-ab44d75320e5,ACKNOWLEDGED,ACK,225,0,""
877.398,sender,af416b39-8b0b-4383-b8fd-ab44d75320e5,CONFIRM_DATA,ACK,225,1024,"unique file bytes acknowledged"
877.403,sender,af416b39-8b0b-4383-b8fd-ab44d75320e5,RTT_SAMPLE,ACK,225,0,"94.024800"
877.411,sender,af416b39-8b0b-4383-b8fd-ab44d75320e5,RECEIVE,ACK,216,36,""
877.415,sender,af416b39-8b0b-4383-b8fd-ab44d75320e5,ACKNOWLEDGED,ACK,216,0,""
877.419,sender,af416b39-8b0b-4383-b8fd-ab44d75320e5,CONFIRM_DATA,ACK,216,1024,"unique file bytes acknowledged"
877.423,sender,af416b39-8b0b-4383-b8fd-ab44d75320e5,RTT_SAMPLE,ACK,216,0,"94.098100"
877.431,sender,af416b39-8b0b-4383-b8fd-ab44d75320e5,RECEIVE,ACK,214,36,""
877.434,sender,af416b39-8b0b-4383-b8fd-ab44d75320e5,ACKNOWLEDGED,ACK,214,0,""
877.438,sender,af416b39-8b0b-4383-b8fd-ab44d75320e5,CONFIRM_DATA,ACK,214,1024,"unique file bytes acknowledged"
877.442,sender,af416b39-8b0b-4383-b8fd-ab44d75320e5,RTT_SAMPLE,ACK,214,0,"94.125800"
877.450,sender,af416b39-8b0b-4383-b8fd-ab44d75320e5,RECEIVE,ACK,215,36,""
877.453,sender,af416b39-8b0b-4383-b8fd-ab44d75320e5,ACKNOWLEDGED,ACK,215,0,""
877.457,sender,af416b39-8b0b-4383-b8fd-ab44d75320e5,CONFIRM_DATA,ACK,215,1024,"unique file bytes acknowledged"
877.461,sender,af416b39-8b0b-4383-b8fd-ab44d75320e5,RTT_SAMPLE,ACK,215,0,"94.140800"
877.552,sender,af416b39-8b0b-4383-b8fd-ab44d75320e5,RECEIVE,ACK,217,36,""
877.569,sender,af416b39-8b0b-4383-b8fd-ab44d75320e5,ACKNOWLEDGED,ACK,217,0,""
877.573,sender,af416b39-8b0b-4383-b8fd-ab44d75320e5,CONFIRM_DATA,ACK,217,1024,"unique file bytes acknowledged"
877.577,sender,af416b39-8b0b-4383-b8fd-ab44d75320e5,RTT_SAMPLE,ACK,217,0,"94.248100"
877.601,sender,af416b39-8b0b-4383-b8fd-ab44d75320e5,RECEIVE,ACK,213,36,""
877.604,sender,af416b39-8b0b-4383-b8fd-ab44d75320e5,ACKNOWLEDGED,ACK,213,0,""
877.607,sender,af416b39-8b0b-4383-b8fd-ab44d75320e5,CONFIRM_DATA,ACK,213,1024,"unique file bytes acknowledged"
877.610,sender,af416b39-8b0b-4383-b8fd-ab44d75320e5,RTT_SAMPLE,ACK,213,0,"94.299400"
877.614,sender,af416b39-8b0b-4383-b8fd-ab44d75320e5,SEND,DATA,245,1060,""
877.619,sender,af416b39-8b0b-4383-b8fd-ab44d75320e5,SEND,DATA,246,1060,""
877.622,sender,af416b39-8b0b-4383-b8fd-ab44d75320e5,SEND,DATA,247,1060,""
877.625,sender,af416b39-8b0b-4383-b8fd-ab44d75320e5,SEND,DATA,248,1060,""
877.634,sender,af416b39-8b0b-4383-b8fd-ab44d75320e5,SEND,DATA,249,1060,""
877.637,sender,af416b39-8b0b-4383-b8fd-ab44d75320e5,SEND,DATA,250,1060,""
877.640,sender,af416b39-8b0b-4383-b8fd-ab44d75320e5,SEND,DATA,251,1060,""
877.643,sender,af416b39-8b0b-4383-b8fd-ab44d75320e5,SEND,DATA,252,1060,""
877.649,sender,af416b39-8b0b-4383-b8fd-ab44d75320e5,RECEIVE,ACK,228,36,""
877.657,sender,af416b39-8b0b-4383-b8fd-ab44d75320e5,ACKNOWLEDGED,ACK,228,0,""
877.659,sender,af416b39-8b0b-4383-b8fd-ab44d75320e5,CONFIRM_DATA,ACK,228,1024,"unique file bytes acknowledged"
877.663,sender,af416b39-8b0b-4383-b8fd-ab44d75320e5,RTT_SAMPLE,ACK,228,0,"94.274100"
892.896,sender,af416b39-8b0b-4383-b8fd-ab44d75320e5,EMIT,DATA,238,1060,""
892.915,sender,af416b39-8b0b-4383-b8fd-ab44d75320e5,RECEIVE,ACK,224,36,""
892.926,sender,af416b39-8b0b-4383-b8fd-ab44d75320e5,ACKNOWLEDGED,ACK,224,0,""
892.929,sender,af416b39-8b0b-4383-b8fd-ab44d75320e5,CONFIRM_DATA,ACK,224,1024,"unique file bytes acknowledged"
892.934,sender,af416b39-8b0b-4383-b8fd-ab44d75320e5,RTT_SAMPLE,ACK,224,0,"109.558700"
892.942,sender,af416b39-8b0b-4383-b8fd-ab44d75320e5,RECEIVE,ACK,221,36,""
892.944,sender,af416b39-8b0b-4383-b8fd-ab44d75320e5,ACKNOWLEDGED,ACK,221,0,""
892.947,sender,af416b39-8b0b-4383-b8fd-ab44d75320e5,CONFIRM_DATA,ACK,221,1024,"unique file bytes acknowledged"
892.950,sender,af416b39-8b0b-4383-b8fd-ab44d75320e5,RTT_SAMPLE,ACK,221,0,"109.585800"
892.954,sender,af416b39-8b0b-4383-b8fd-ab44d75320e5,SEND,DATA,253,1060,""
892.959,sender,af416b39-8b0b-4383-b8fd-ab44d75320e5,SEND,DATA,254,1060,""
892.962,sender,af416b39-8b0b-4383-b8fd-ab44d75320e5,SEND,DATA,255,1060,""
892.965,sender,af416b39-8b0b-4383-b8fd-ab44d75320e5,SEND,DATA,256,1060,""
892.968,sender,af416b39-8b0b-4383-b8fd-ab44d75320e5,SEND,DATA,257,1060,""
892.971,sender,af416b39-8b0b-4383-b8fd-ab44d75320e5,SEND,DATA,258,1060,""
892.974,sender,af416b39-8b0b-4383-b8fd-ab44d75320e5,SEND,DATA,259,1060,""
892.977,sender,af416b39-8b0b-4383-b8fd-ab44d75320e5,SEND,DATA,260,1060,""
892.982,sender,af416b39-8b0b-4383-b8fd-ab44d75320e5,RECEIVE,ACK,232,36,""
892.985,sender,af416b39-8b0b-4383-b8fd-ab44d75320e5,ACKNOWLEDGED,ACK,232,0,""
892.987,sender,af416b39-8b0b-4383-b8fd-ab44d75320e5,CONFIRM_DATA,ACK,232,1024,"unique file bytes acknowledged"
892.991,sender,af416b39-8b0b-4383-b8fd-ab44d75320e5,RTT_SAMPLE,ACK,232,0,"78.124900"
908.343,sender,af416b39-8b0b-4383-b8fd-ab44d75320e5,EMIT,DATA,240,1060,""
908.377,sender,af416b39-8b0b-4383-b8fd-ab44d75320e5,EMIT,DATA,239,1060,""
908.389,sender,af416b39-8b0b-4383-b8fd-ab44d75320e5,EMIT,DATA,241,1060,""
908.398,sender,af416b39-8b0b-4383-b8fd-ab44d75320e5,RECEIVE,ACK,229,36,""
908.408,sender,af416b39-8b0b-4383-b8fd-ab44d75320e5,EMIT,DATA,237,1060,""
908.411,sender,af416b39-8b0b-4383-b8fd-ab44d75320e5,ACKNOWLEDGED,ACK,229,0,""
908.415,sender,af416b39-8b0b-4383-b8fd-ab44d75320e5,CONFIRM_DATA,ACK,229,1024,"unique file bytes acknowledged"
908.418,sender,af416b39-8b0b-4383-b8fd-ab44d75320e5,EMIT,DATA,243,1060,""
908.423,sender,af416b39-8b0b-4383-b8fd-ab44d75320e5,RTT_SAMPLE,ACK,229,0,"109.230300"
908.427,sender,af416b39-8b0b-4383-b8fd-ab44d75320e5,EMIT,DATA,247,1060,""
908.430,sender,af416b39-8b0b-4383-b8fd-ab44d75320e5,SEND,DATA,261,1060,""
908.436,sender,af416b39-8b0b-4383-b8fd-ab44d75320e5,EMIT,DATA,245,1060,""
908.439,sender,af416b39-8b0b-4383-b8fd-ab44d75320e5,RECEIVE,ACK,230,36,""
908.442,sender,af416b39-8b0b-4383-b8fd-ab44d75320e5,ACKNOWLEDGED,ACK,230,0,""
908.445,sender,af416b39-8b0b-4383-b8fd-ab44d75320e5,CONFIRM_DATA,ACK,230,1024,"unique file bytes acknowledged"
908.449,sender,af416b39-8b0b-4383-b8fd-ab44d75320e5,RTT_SAMPLE,ACK,230,0,"93.595400"
908.453,sender,af416b39-8b0b-4383-b8fd-ab44d75320e5,SEND,DATA,262,1060,""
908.459,sender,af416b39-8b0b-4383-b8fd-ab44d75320e5,RECEIVE,ACK,231,36,""
908.461,sender,af416b39-8b0b-4383-b8fd-ab44d75320e5,ACKNOWLEDGED,ACK,231,0,""
908.464,sender,af416b39-8b0b-4383-b8fd-ab44d75320e5,CONFIRM_DATA,ACK,231,1024,"unique file bytes acknowledged"
908.467,sender,af416b39-8b0b-4383-b8fd-ab44d75320e5,RTT_SAMPLE,ACK,231,0,"93.606300"
908.471,sender,af416b39-8b0b-4383-b8fd-ab44d75320e5,SEND,DATA,263,1060,""
908.475,sender,af416b39-8b0b-4383-b8fd-ab44d75320e5,SEND,DATA,264,1060,""
908.480,sender,af416b39-8b0b-4383-b8fd-ab44d75320e5,RECEIVE,ACK,234,36,""
908.483,sender,af416b39-8b0b-4383-b8fd-ab44d75320e5,ACKNOWLEDGED,ACK,234,0,""
908.485,sender,af416b39-8b0b-4383-b8fd-ab44d75320e5,CONFIRM_DATA,ACK,234,1024,"unique file bytes acknowledged"
908.489,sender,af416b39-8b0b-4383-b8fd-ab44d75320e5,RTT_SAMPLE,ACK,234,0,"93.614200"
908.506,sender,af416b39-8b0b-4383-b8fd-ab44d75320e5,RECEIVE,ACK,235,36,""
908.509,sender,af416b39-8b0b-4383-b8fd-ab44d75320e5,ACKNOWLEDGED,ACK,235,0,""
908.511,sender,af416b39-8b0b-4383-b8fd-ab44d75320e5,CONFIRM_DATA,ACK,235,1024,"unique file bytes acknowledged"
908.515,sender,af416b39-8b0b-4383-b8fd-ab44d75320e5,RTT_SAMPLE,ACK,235,0,"77.277500"
924.355,sender,af416b39-8b0b-4383-b8fd-ab44d75320e5,RECEIVE,ACK,233,36,""
924.372,sender,af416b39-8b0b-4383-b8fd-ab44d75320e5,EMIT,DATA,246,1060,""
924.392,sender,af416b39-8b0b-4383-b8fd-ab44d75320e5,ACKNOWLEDGED,ACK,233,0,""
924.396,sender,af416b39-8b0b-4383-b8fd-ab44d75320e5,CONFIRM_DATA,ACK,233,1024,"unique file bytes acknowledged"
924.406,sender,af416b39-8b0b-4383-b8fd-ab44d75320e5,RTT_SAMPLE,ACK,233,0,"109.534600"
924.413,sender,af416b39-8b0b-4383-b8fd-ab44d75320e5,SEND,DATA,265,1060,""
924.418,sender,af416b39-8b0b-4383-b8fd-ab44d75320e5,EMIT,DATA,250,1060,""
924.426,sender,af416b39-8b0b-4383-b8fd-ab44d75320e5,SEND,DATA,266,1060,""
924.430,sender,af416b39-8b0b-4383-b8fd-ab44d75320e5,SEND,DATA,267,1060,""
924.438,sender,af416b39-8b0b-4383-b8fd-ab44d75320e5,RECEIVE,ACK,236,36,""
924.442,sender,af416b39-8b0b-4383-b8fd-ab44d75320e5,EMIT,DATA,244,1060,""
924.448,sender,af416b39-8b0b-4383-b8fd-ab44d75320e5,ACKNOWLEDGED,ACK,236,0,""
924.463,sender,af416b39-8b0b-4383-b8fd-ab44d75320e5,CONFIRM_DATA,ACK,236,1024,"unique file bytes acknowledged"
924.467,sender,af416b39-8b0b-4383-b8fd-ab44d75320e5,RTT_SAMPLE,ACK,236,0,"93.223000"
924.471,sender,af416b39-8b0b-4383-b8fd-ab44d75320e5,SEND,DATA,268,1060,""
924.474,sender,af416b39-8b0b-4383-b8fd-ab44d75320e5,EMIT,DATA,242,1060,""
924.493,sender,af416b39-8b0b-4383-b8fd-ab44d75320e5,EMIT,DATA,251,1060,""
924.511,sender,af416b39-8b0b-4383-b8fd-ab44d75320e5,EMIT,DATA,248,1060,""
924.530,sender,af416b39-8b0b-4383-b8fd-ab44d75320e5,EMIT,DATA,252,1060,""
924.547,sender,af416b39-8b0b-4383-b8fd-ab44d75320e5,EMIT,DATA,255,1060,""
924.578,sender,af416b39-8b0b-4383-b8fd-ab44d75320e5,EMIT,DATA,259,1060,""
939.657,sender,af416b39-8b0b-4383-b8fd-ab44d75320e5,EMIT,DATA,256,1060,""
939.688,sender,af416b39-8b0b-4383-b8fd-ab44d75320e5,EMIT,DATA,249,1060,""
939.696,sender,af416b39-8b0b-4383-b8fd-ab44d75320e5,EMIT,DATA,260,1060,""
939.705,sender,af416b39-8b0b-4383-b8fd-ab44d75320e5,EMIT,DATA,253,1060,""
939.712,sender,af416b39-8b0b-4383-b8fd-ab44d75320e5,EMIT,DATA,254,1060,""
939.720,sender,af416b39-8b0b-4383-b8fd-ab44d75320e5,EMIT,DATA,258,1060,""
939.728,sender,af416b39-8b0b-4383-b8fd-ab44d75320e5,EMIT,DATA,261,1060,""
939.825,sender,af416b39-8b0b-4383-b8fd-ab44d75320e5,RECEIVE,ACK,238,36,""
939.837,sender,af416b39-8b0b-4383-b8fd-ab44d75320e5,ACKNOWLEDGED,ACK,238,0,""
939.841,sender,af416b39-8b0b-4383-b8fd-ab44d75320e5,CONFIRM_DATA,ACK,238,1024,"unique file bytes acknowledged"
939.847,sender,af416b39-8b0b-4383-b8fd-ab44d75320e5,RTT_SAMPLE,ACK,238,0,"77.808900"
956.054,sender,af416b39-8b0b-4383-b8fd-ab44d75320e5,EMIT,DATA,257,1060,""
956.071,sender,af416b39-8b0b-4383-b8fd-ab44d75320e5,RECEIVE,ACK,239,36,""
956.082,sender,af416b39-8b0b-4383-b8fd-ab44d75320e5,ACKNOWLEDGED,ACK,239,0,""
956.086,sender,af416b39-8b0b-4383-b8fd-ab44d75320e5,CONFIRM_DATA,ACK,239,1024,"unique file bytes acknowledged"
956.089,sender,af416b39-8b0b-4383-b8fd-ab44d75320e5,EMIT,DATA,262,1060,""
956.095,sender,af416b39-8b0b-4383-b8fd-ab44d75320e5,RTT_SAMPLE,ACK,239,0,"94.049800"
956.101,sender,af416b39-8b0b-4383-b8fd-ab44d75320e5,EMIT,DATA,264,1060,""
956.112,sender,af416b39-8b0b-4383-b8fd-ab44d75320e5,RECEIVE,ACK,243,36,""
956.117,sender,af416b39-8b0b-4383-b8fd-ab44d75320e5,ACKNOWLEDGED,ACK,243,0,""
956.121,sender,af416b39-8b0b-4383-b8fd-ab44d75320e5,CONFIRM_DATA,ACK,243,1024,"unique file bytes acknowledged"
956.125,sender,af416b39-8b0b-4383-b8fd-ab44d75320e5,EMIT,DATA,263,1060,""
956.129,sender,af416b39-8b0b-4383-b8fd-ab44d75320e5,RTT_SAMPLE,ACK,243,0,"78.761400"
956.134,sender,af416b39-8b0b-4383-b8fd-ab44d75320e5,EMIT,DATA,266,1060,""
956.137,sender,af416b39-8b0b-4383-b8fd-ab44d75320e5,RECEIVE,ACK,247,36,""
956.139,sender,af416b39-8b0b-4383-b8fd-ab44d75320e5,ACKNOWLEDGED,ACK,247,0,""
956.142,sender,af416b39-8b0b-4383-b8fd-ab44d75320e5,CONFIRM_DATA,ACK,247,1024,"unique file bytes acknowledged"
956.145,sender,af416b39-8b0b-4383-b8fd-ab44d75320e5,RTT_SAMPLE,ACK,247,0,"78.522200"
956.150,sender,af416b39-8b0b-4383-b8fd-ab44d75320e5,RECEIVE,ACK,251,36,""
956.153,sender,af416b39-8b0b-4383-b8fd-ab44d75320e5,ACKNOWLEDGED,ACK,251,0,""
956.155,sender,af416b39-8b0b-4383-b8fd-ab44d75320e5,CONFIRM_DATA,ACK,251,1024,"unique file bytes acknowledged"
956.159,sender,af416b39-8b0b-4383-b8fd-ab44d75320e5,RTT_SAMPLE,ACK,251,0,"78.517800"
956.178,sender,af416b39-8b0b-4383-b8fd-ab44d75320e5,RECEIVE,ACK,240,36,""
956.180,sender,af416b39-8b0b-4383-b8fd-ab44d75320e5,ACKNOWLEDGED,ACK,240,0,""
956.183,sender,af416b39-8b0b-4383-b8fd-ab44d75320e5,CONFIRM_DATA,ACK,240,1024,"unique file bytes acknowledged"
956.186,sender,af416b39-8b0b-4383-b8fd-ab44d75320e5,RTT_SAMPLE,ACK,240,0,"94.122000"
956.192,sender,af416b39-8b0b-4383-b8fd-ab44d75320e5,RECEIVE,ACK,246,36,""
956.195,sender,af416b39-8b0b-4383-b8fd-ab44d75320e5,ACKNOWLEDGED,ACK,246,0,""
956.197,sender,af416b39-8b0b-4383-b8fd-ab44d75320e5,CONFIRM_DATA,ACK,246,1024,"unique file bytes acknowledged"
956.200,sender,af416b39-8b0b-4383-b8fd-ab44d75320e5,RTT_SAMPLE,ACK,246,0,"78.581200"
956.209,sender,af416b39-8b0b-4383-b8fd-ab44d75320e5,RECEIVE,ACK,245,36,""
956.212,sender,af416b39-8b0b-4383-b8fd-ab44d75320e5,ACKNOWLEDGED,ACK,245,0,""
956.214,sender,af416b39-8b0b-4383-b8fd-ab44d75320e5,CONFIRM_DATA,ACK,245,1024,"unique file bytes acknowledged"
956.218,sender,af416b39-8b0b-4383-b8fd-ab44d75320e5,RTT_SAMPLE,ACK,245,0,"78.602700"
956.223,sender,af416b39-8b0b-4383-b8fd-ab44d75320e5,RECEIVE,ACK,242,36,""
956.225,sender,af416b39-8b0b-4383-b8fd-ab44d75320e5,ACKNOWLEDGED,ACK,242,0,""
956.228,sender,af416b39-8b0b-4383-b8fd-ab44d75320e5,CONFIRM_DATA,ACK,242,1024,"unique file bytes acknowledged"
956.231,sender,af416b39-8b0b-4383-b8fd-ab44d75320e5,RTT_SAMPLE,ACK,242,0,"78.878300"
956.236,sender,af416b39-8b0b-4383-b8fd-ab44d75320e5,RECEIVE,ACK,241,36,""
956.238,sender,af416b39-8b0b-4383-b8fd-ab44d75320e5,ACKNOWLEDGED,ACK,241,0,""
956.241,sender,af416b39-8b0b-4383-b8fd-ab44d75320e5,CONFIRM_DATA,ACK,241,1024,"unique file bytes acknowledged"
956.244,sender,af416b39-8b0b-4383-b8fd-ab44d75320e5,RTT_SAMPLE,ACK,241,0,"94.176200"
956.249,sender,af416b39-8b0b-4383-b8fd-ab44d75320e5,RECEIVE,ACK,250,36,""
956.251,sender,af416b39-8b0b-4383-b8fd-ab44d75320e5,ACKNOWLEDGED,ACK,250,0,""
956.254,sender,af416b39-8b0b-4383-b8fd-ab44d75320e5,CONFIRM_DATA,ACK,250,1024,"unique file bytes acknowledged"
956.257,sender,af416b39-8b0b-4383-b8fd-ab44d75320e5,RTT_SAMPLE,ACK,250,0,"78.619500"
956.262,sender,af416b39-8b0b-4383-b8fd-ab44d75320e5,RECEIVE,ACK,252,36,""
956.264,sender,af416b39-8b0b-4383-b8fd-ab44d75320e5,ACKNOWLEDGED,ACK,252,0,""
956.267,sender,af416b39-8b0b-4383-b8fd-ab44d75320e5,CONFIRM_DATA,ACK,252,1024,"unique file bytes acknowledged"
956.270,sender,af416b39-8b0b-4383-b8fd-ab44d75320e5,RTT_SAMPLE,ACK,252,0,"78.626000"
971.758,sender,af416b39-8b0b-4383-b8fd-ab44d75320e5,RECEIVE,ACK,237,36,""
971.805,sender,af416b39-8b0b-4383-b8fd-ab44d75320e5,ACKNOWLEDGED,ACK,237,0,""
971.814,sender,af416b39-8b0b-4383-b8fd-ab44d75320e5,CONFIRM_DATA,ACK,237,1024,"unique file bytes acknowledged"
971.823,sender,af416b39-8b0b-4383-b8fd-ab44d75320e5,RTT_SAMPLE,ACK,237,0,"109.789900"
971.827,sender,af416b39-8b0b-4383-b8fd-ab44d75320e5,EMIT,DATA,267,1060,""
971.836,sender,af416b39-8b0b-4383-b8fd-ab44d75320e5,SEND,DATA,269,1060,""
971.841,sender,af416b39-8b0b-4383-b8fd-ab44d75320e5,SEND,DATA,270,1060,""
971.844,sender,af416b39-8b0b-4383-b8fd-ab44d75320e5,SEND,DATA,271,1060,""
971.847,sender,af416b39-8b0b-4383-b8fd-ab44d75320e5,EMIT,DATA,265,1060,""
971.851,sender,af416b39-8b0b-4383-b8fd-ab44d75320e5,SEND,DATA,272,1060,""
971.854,sender,af416b39-8b0b-4383-b8fd-ab44d75320e5,SEND,DATA,273,1060,""
971.856,sender,af416b39-8b0b-4383-b8fd-ab44d75320e5,EMIT,DATA,268,1060,""
971.859,sender,af416b39-8b0b-4383-b8fd-ab44d75320e5,SEND,DATA,274,1060,""
971.862,sender,af416b39-8b0b-4383-b8fd-ab44d75320e5,SEND,DATA,275,1060,""
971.869,sender,af416b39-8b0b-4383-b8fd-ab44d75320e5,RECEIVE,ACK,244,36,""
971.873,sender,af416b39-8b0b-4383-b8fd-ab44d75320e5,ACKNOWLEDGED,ACK,244,0,""
971.886,sender,af416b39-8b0b-4383-b8fd-ab44d75320e5,CONFIRM_DATA,ACK,244,1024,"unique file bytes acknowledged"
971.889,sender,af416b39-8b0b-4383-b8fd-ab44d75320e5,RTT_SAMPLE,ACK,244,0,"94.511800"
971.892,sender,af416b39-8b0b-4383-b8fd-ab44d75320e5,SEND,DATA,276,1060,""
971.895,sender,af416b39-8b0b-4383-b8fd-ab44d75320e5,SEND,DATA,277,1060,""
971.898,sender,af416b39-8b0b-4383-b8fd-ab44d75320e5,SEND,DATA,278,1060,""
971.901,sender,af416b39-8b0b-4383-b8fd-ab44d75320e5,SEND,DATA,279,1060,""
971.911,sender,af416b39-8b0b-4383-b8fd-ab44d75320e5,RECEIVE,ACK,259,36,""
971.913,sender,af416b39-8b0b-4383-b8fd-ab44d75320e5,ACKNOWLEDGED,ACK,259,0,""
971.916,sender,af416b39-8b0b-4383-b8fd-ab44d75320e5,CONFIRM_DATA,ACK,259,1024,"unique file bytes acknowledged"
971.919,sender,af416b39-8b0b-4383-b8fd-ab44d75320e5,RTT_SAMPLE,ACK,259,0,"78.944600"
971.927,sender,af416b39-8b0b-4383-b8fd-ab44d75320e5,RECEIVE,ACK,255,36,""
971.929,sender,af416b39-8b0b-4383-b8fd-ab44d75320e5,ACKNOWLEDGED,ACK,255,0,""
971.932,sender,af416b39-8b0b-4383-b8fd-ab44d75320e5,CONFIRM_DATA,ACK,255,1024,"unique file bytes acknowledged"
971.935,sender,af416b39-8b0b-4383-b8fd-ab44d75320e5,RTT_SAMPLE,ACK,255,0,"78.972400"
971.940,sender,af416b39-8b0b-4383-b8fd-ab44d75320e5,RECEIVE,ACK,248,36,""
971.943,sender,af416b39-8b0b-4383-b8fd-ab44d75320e5,ACKNOWLEDGED,ACK,248,0,""
971.945,sender,af416b39-8b0b-4383-b8fd-ab44d75320e5,CONFIRM_DATA,ACK,248,1024,"unique file bytes acknowledged"
971.948,sender,af416b39-8b0b-4383-b8fd-ab44d75320e5,RTT_SAMPLE,ACK,248,0,"94.322300"
971.951,sender,af416b39-8b0b-4383-b8fd-ab44d75320e5,SEND,DATA,280,1060,""
971.963,sender,af416b39-8b0b-4383-b8fd-ab44d75320e5,RECEIVE,ACK,258,36,""
971.966,sender,af416b39-8b0b-4383-b8fd-ab44d75320e5,ACKNOWLEDGED,ACK,258,0,""
971.969,sender,af416b39-8b0b-4383-b8fd-ab44d75320e5,CONFIRM_DATA,ACK,258,1024,"unique file bytes acknowledged"
971.972,sender,af416b39-8b0b-4383-b8fd-ab44d75320e5,RTT_SAMPLE,ACK,258,0,"79.000400"
987.714,sender,af416b39-8b0b-4383-b8fd-ab44d75320e5,RECEIVE,ACK,260,36,""
987.735,sender,af416b39-8b0b-4383-b8fd-ab44d75320e5,ACKNOWLEDGED,ACK,260,0,""
987.743,sender,af416b39-8b0b-4383-b8fd-ab44d75320e5,CONFIRM_DATA,ACK,260,1024,"unique file bytes acknowledged"
987.755,sender,af416b39-8b0b-4383-b8fd-ab44d75320e5,RTT_SAMPLE,ACK,260,0,"94.774700"
987.825,sender,af416b39-8b0b-4383-b8fd-ab44d75320e5,RECEIVE,ACK,261,36,""
987.832,sender,af416b39-8b0b-4383-b8fd-ab44d75320e5,ACKNOWLEDGED,ACK,261,0,""
987.839,sender,af416b39-8b0b-4383-b8fd-ab44d75320e5,CONFIRM_DATA,ACK,261,1024,"unique file bytes acknowledged"
987.847,sender,af416b39-8b0b-4383-b8fd-ab44d75320e5,RTT_SAMPLE,ACK,261,0,"79.417400"
987.861,sender,af416b39-8b0b-4383-b8fd-ab44d75320e5,RECEIVE,ACK,256,36,""
987.867,sender,af416b39-8b0b-4383-b8fd-ab44d75320e5,ACKNOWLEDGED,ACK,256,0,""
987.873,sender,af416b39-8b0b-4383-b8fd-ab44d75320e5,CONFIRM_DATA,ACK,256,1024,"unique file bytes acknowledged"
987.881,sender,af416b39-8b0b-4383-b8fd-ab44d75320e5,RTT_SAMPLE,ACK,256,0,"94.914200"
987.894,sender,af416b39-8b0b-4383-b8fd-ab44d75320e5,RECEIVE,ACK,249,36,""
987.901,sender,af416b39-8b0b-4383-b8fd-ab44d75320e5,ACKNOWLEDGED,ACK,249,0,""
987.907,sender,af416b39-8b0b-4383-b8fd-ab44d75320e5,CONFIRM_DATA,ACK,249,1024,"unique file bytes acknowledged"
987.915,sender,af416b39-8b0b-4383-b8fd-ab44d75320e5,RTT_SAMPLE,ACK,249,0,"110.279600"
987.924,sender,af416b39-8b0b-4383-b8fd-ab44d75320e5,SEND,DATA,281,1060,""
987.935,sender,af416b39-8b0b-4383-b8fd-ab44d75320e5,SEND,DATA,282,1060,""
987.943,sender,af416b39-8b0b-4383-b8fd-ab44d75320e5,SEND,DATA,283,1060,""
987.950,sender,af416b39-8b0b-4383-b8fd-ab44d75320e5,SEND,DATA,284,1060,""
987.962,sender,af416b39-8b0b-4383-b8fd-ab44d75320e5,RECEIVE,ACK,263,36,""
987.968,sender,af416b39-8b0b-4383-b8fd-ab44d75320e5,ACKNOWLEDGED,ACK,263,0,""
987.975,sender,af416b39-8b0b-4383-b8fd-ab44d75320e5,CONFIRM_DATA,ACK,263,1024,"unique file bytes acknowledged"
987.986,sender,af416b39-8b0b-4383-b8fd-ab44d75320e5,RTT_SAMPLE,ACK,263,0,"79.513400"
988.000,sender,af416b39-8b0b-4383-b8fd-ab44d75320e5,RECEIVE,ACK,266,36,""
988.016,sender,af416b39-8b0b-4383-b8fd-ab44d75320e5,ACKNOWLEDGED,ACK,266,0,""
988.022,sender,af416b39-8b0b-4383-b8fd-ab44d75320e5,CONFIRM_DATA,ACK,266,1024,"unique file bytes acknowledged"
988.030,sender,af416b39-8b0b-4383-b8fd-ab44d75320e5,RTT_SAMPLE,ACK,266,0,"63.609200"
1002.556,sender,af416b39-8b0b-4383-b8fd-ab44d75320e5,EMIT,DATA,280,1060,""
1002.656,sender,af416b39-8b0b-4383-b8fd-ab44d75320e5,RECEIVE,ACK,253,36,""
1002.667,sender,af416b39-8b0b-4383-b8fd-ab44d75320e5,ACKNOWLEDGED,ACK,253,0,""
1002.671,sender,af416b39-8b0b-4383-b8fd-ab44d75320e5,CONFIRM_DATA,ACK,253,1024,"unique file bytes acknowledged"
1002.678,sender,af416b39-8b0b-4383-b8fd-ab44d75320e5,RTT_SAMPLE,ACK,253,0,"109.721800"
1002.683,sender,af416b39-8b0b-4383-b8fd-ab44d75320e5,SEND,DATA,285,1060,""
1002.698,sender,af416b39-8b0b-4383-b8fd-ab44d75320e5,RECEIVE,ACK,254,36,""
1002.700,sender,af416b39-8b0b-4383-b8fd-ab44d75320e5,ACKNOWLEDGED,ACK,254,0,""
1002.710,sender,af416b39-8b0b-4383-b8fd-ab44d75320e5,CONFIRM_DATA,ACK,254,1024,"unique file bytes acknowledged"
1002.714,sender,af416b39-8b0b-4383-b8fd-ab44d75320e5,RTT_SAMPLE,ACK,254,0,"109.754300"
1002.717,sender,af416b39-8b0b-4383-b8fd-ab44d75320e5,SEND,DATA,286,1060,""
1002.720,sender,af416b39-8b0b-4383-b8fd-ab44d75320e5,SEND,DATA,287,1060,""
1002.723,sender,af416b39-8b0b-4383-b8fd-ab44d75320e5,SEND,DATA,288,1060,""
1002.728,sender,af416b39-8b0b-4383-b8fd-ab44d75320e5,RECEIVE,ACK,257,36,""
1002.731,sender,af416b39-8b0b-4383-b8fd-ab44d75320e5,ACKNOWLEDGED,ACK,257,0,""
1002.733,sender,af416b39-8b0b-4383-b8fd-ab44d75320e5,CONFIRM_DATA,ACK,257,1024,"unique file bytes acknowledged"
1002.736,sender,af416b39-8b0b-4383-b8fd-ab44d75320e5,RTT_SAMPLE,ACK,257,0,"109.767700"
1002.739,sender,af416b39-8b0b-4383-b8fd-ab44d75320e5,SEND,DATA,289,1060,""
1002.743,sender,af416b39-8b0b-4383-b8fd-ab44d75320e5,SEND,DATA,290,1060,""
1002.746,sender,af416b39-8b0b-4383-b8fd-ab44d75320e5,SEND,DATA,291,1060,""
1002.749,sender,af416b39-8b0b-4383-b8fd-ab44d75320e5,SEND,DATA,292,1060,""
1002.752,sender,af416b39-8b0b-4383-b8fd-ab44d75320e5,SEND,DATA,293,1060,""
1017.943,sender,af416b39-8b0b-4383-b8fd-ab44d75320e5,EMIT,DATA,270,1060,""
1017.970,sender,af416b39-8b0b-4383-b8fd-ab44d75320e5,EMIT,DATA,276,1060,""
1017.980,sender,af416b39-8b0b-4383-b8fd-ab44d75320e5,EMIT,DATA,277,1060,""
1017.989,sender,af416b39-8b0b-4383-b8fd-ab44d75320e5,EMIT,DATA,279,1060,""
1017.996,sender,af416b39-8b0b-4383-b8fd-ab44d75320e5,EMIT,DATA,275,1060,""
1018.004,sender,af416b39-8b0b-4383-b8fd-ab44d75320e5,EMIT,DATA,274,1060,""
1018.012,sender,af416b39-8b0b-4383-b8fd-ab44d75320e5,EMIT,DATA,269,1060,""
1018.017,sender,af416b39-8b0b-4383-b8fd-ab44d75320e5,RECEIVE,ACK,267,36,""
1018.026,sender,af416b39-8b0b-4383-b8fd-ab44d75320e5,EMIT,DATA,271,1060,""
1018.029,sender,af416b39-8b0b-4383-b8fd-ab44d75320e5,ACKNOWLEDGED,ACK,267,0,""
1018.032,sender,af416b39-8b0b-4383-b8fd-ab44d75320e5,CONFIRM_DATA,ACK,267,1024,"unique file bytes acknowledged"
1018.035,sender,af416b39-8b0b-4383-b8fd-ab44d75320e5,EMIT,DATA,278,1060,""
1018.039,sender,af416b39-8b0b-4383-b8fd-ab44d75320e5,RTT_SAMPLE,ACK,267,0,"93.605300"
1018.043,sender,af416b39-8b0b-4383-b8fd-ab44d75320e5,EMIT,DATA,284,1060,""
1018.051,sender,af416b39-8b0b-4383-b8fd-ab44d75320e5,RECEIVE,ACK,262,36,""
1018.054,sender,af416b39-8b0b-4383-b8fd-ab44d75320e5,EMIT,DATA,273,1060,""
1018.057,sender,af416b39-8b0b-4383-b8fd-ab44d75320e5,ACKNOWLEDGED,ACK,262,0,""
1018.060,sender,af416b39-8b0b-4383-b8fd-ab44d75320e5,CONFIRM_DATA,ACK,262,1024,"unique file bytes acknowledged"
1018.063,sender,af416b39-8b0b-4383-b8fd-ab44d75320e5,RTT_SAMPLE,ACK,262,0,"109.609600"
1018.066,sender,af416b39-8b0b-4383-b8fd-ab44d75320e5,EMIT,DATA,272,1060,""
1018.069,sender,af416b39-8b0b-4383-b8fd-ab44d75320e5,SEND,DATA,294,1060,""
1018.074,sender,af416b39-8b0b-4383-b8fd-ab44d75320e5,SEND,DATA,295,1060,""
1018.079,sender,af416b39-8b0b-4383-b8fd-ab44d75320e5,RECEIVE,ACK,264,36,""
1018.082,sender,af416b39-8b0b-4383-b8fd-ab44d75320e5,ACKNOWLEDGED,ACK,264,0,""
1018.084,sender,af416b39-8b0b-4383-b8fd-ab44d75320e5,CONFIRM_DATA,ACK,264,1024,"unique file bytes acknowledged"
1018.087,sender,af416b39-8b0b-4383-b8fd-ab44d75320e5,RTT_SAMPLE,ACK,264,0,"109.612200"
1018.090,sender,af416b39-8b0b-4383-b8fd-ab44d75320e5,SEND,DATA,296,1060,""
1033.263,sender,af416b39-8b0b-4383-b8fd-ab44d75320e5,EMIT,DATA,282,1060,""
1033.325,sender,af416b39-8b0b-4383-b8fd-ab44d75320e5,RECEIVE,ACK,265,36,""
1033.337,sender,af416b39-8b0b-4383-b8fd-ab44d75320e5,ACKNOWLEDGED,ACK,265,0,""
1033.341,sender,af416b39-8b0b-4383-b8fd-ab44d75320e5,CONFIRM_DATA,ACK,265,1024,"unique file bytes acknowledged"
1033.344,sender,af416b39-8b0b-4383-b8fd-ab44d75320e5,EMIT,DATA,285,1060,""
1033.351,sender,af416b39-8b0b-4383-b8fd-ab44d75320e5,RTT_SAMPLE,ACK,265,0,"108.931300"
1033.356,sender,af416b39-8b0b-4383-b8fd-ab44d75320e5,SEND,DATA,297,1060,""
1033.361,sender,af416b39-8b0b-4383-b8fd-ab44d75320e5,SEND,DATA,298,1060,""
1033.365,sender,af416b39-8b0b-4383-b8fd-ab44d75320e5,SEND,DATA,299,1060,""
1033.368,sender,af416b39-8b0b-4383-b8fd-ab44d75320e5,EMIT,DATA,290,1060,""
1033.379,sender,af416b39-8b0b-4383-b8fd-ab44d75320e5,RECEIVE,ACK,268,36,""
1033.382,sender,af416b39-8b0b-4383-b8fd-ab44d75320e5,ACKNOWLEDGED,ACK,268,0,""
1033.385,sender,af416b39-8b0b-4383-b8fd-ab44d75320e5,CONFIRM_DATA,ACK,268,1024,"unique file bytes acknowledged"
1033.389,sender,af416b39-8b0b-4383-b8fd-ab44d75320e5,RTT_SAMPLE,ACK,268,0,"108.917300"
1033.393,sender,af416b39-8b0b-4383-b8fd-ab44d75320e5,SEND,DATA,300,1060,""
1033.419,sender,af416b39-8b0b-4383-b8fd-ab44d75320e5,EMIT,DATA,281,1060,""
1048.530,sender,af416b39-8b0b-4383-b8fd-ab44d75320e5,EMIT,DATA,283,1060,""
1048.555,sender,af416b39-8b0b-4383-b8fd-ab44d75320e5,EMIT,DATA,292,1060,""
1048.564,sender,af416b39-8b0b-4383-b8fd-ab44d75320e5,EMIT,DATA,291,1060,""
1048.572,sender,af416b39-8b0b-4383-b8fd-ab44d75320e5,EMIT,DATA,286,1060,""
1048.580,sender,af416b39-8b0b-4383-b8fd-ab44d75320e5,EMIT,DATA,288,1060,""
1048.600,sender,af416b39-8b0b-4383-b8fd-ab44d75320e5,EMIT,DATA,287,1060,""
1048.608,sender,af416b39-8b0b-4383-b8fd-ab44d75320e5,EMIT,DATA,289,1060,""
1048.964,sender,af416b39-8b0b-4383-b8fd-ab44d75320e5,RECEIVE,ACK,276,36,""
1048.997,sender,af416b39-8b0b-4383-b8fd-ab44d75320e5,ACKNOWLEDGED,ACK,276,0,""
1049.006,sender,af416b39-8b0b-4383-b8fd-ab44d75320e5,CONFIRM_DATA,ACK,276,1024,"unique file bytes acknowledged"
1049.041,sender,af416b39-8b0b-4383-b8fd-ab44d75320e5,RTT_SAMPLE,ACK,276,0,"77.146300"
1049.048,sender,af416b39-8b0b-4383-b8fd-ab44d75320e5,RECEIVE,ACK,280,36,""
1049.051,sender,af416b39-8b0b-4383-b8fd-ab44d75320e5,ACKNOWLEDGED,ACK,280,0,""
1049.053,sender,af416b39-8b0b-4383-b8fd-ab44d75320e5,CONFIRM_DATA,ACK,280,1024,"unique file bytes acknowledged"
1049.056,sender,af416b39-8b0b-4383-b8fd-ab44d75320e5,RTT_SAMPLE,ACK,280,0,"77.104400"
1064.985,sender,af416b39-8b0b-4383-b8fd-ab44d75320e5,RECEIVE,ACK,278,36,""
1065.015,sender,af416b39-8b0b-4383-b8fd-ab44d75320e5,ACKNOWLEDGED,ACK,278,0,""
1065.019,sender,af416b39-8b0b-4383-b8fd-ab44d75320e5,CONFIRM_DATA,ACK,278,1024,"unique file bytes acknowledged"
1065.025,sender,af416b39-8b0b-4383-b8fd-ab44d75320e5,RTT_SAMPLE,ACK,278,0,"93.124300"
1065.032,sender,af416b39-8b0b-4383-b8fd-ab44d75320e5,RECEIVE,ACK,273,36,""
1065.035,sender,af416b39-8b0b-4383-b8fd-ab44d75320e5,ACKNOWLEDGED,ACK,273,0,""
1065.038,sender,af416b39-8b0b-4383-b8fd-ab44d75320e5,CONFIRM_DATA,ACK,273,1024,"unique file bytes acknowledged"
1065.041,sender,af416b39-8b0b-4383-b8fd-ab44d75320e5,RTT_SAMPLE,ACK,273,0,"93.186700"
1065.050,sender,af416b39-8b0b-4383-b8fd-ab44d75320e5,RECEIVE,ACK,269,36,""
1065.053,sender,af416b39-8b0b-4383-b8fd-ab44d75320e5,ACKNOWLEDGED,ACK,269,0,""
1065.055,sender,af416b39-8b0b-4383-b8fd-ab44d75320e5,CONFIRM_DATA,ACK,269,1024,"unique file bytes acknowledged"
1065.059,sender,af416b39-8b0b-4383-b8fd-ab44d75320e5,RTT_SAMPLE,ACK,269,0,"93.229900"
1065.062,sender,af416b39-8b0b-4383-b8fd-ab44d75320e5,EMIT,DATA,293,1060,""
1065.072,sender,af416b39-8b0b-4383-b8fd-ab44d75320e5,SEND,DATA,301,1060,""
1065.080,sender,af416b39-8b0b-4383-b8fd-ab44d75320e5,RECEIVE,ACK,279,36,""
1065.083,sender,af416b39-8b0b-4383-b8fd-ab44d75320e5,ACKNOWLEDGED,ACK,279,0,""
1065.086,sender,af416b39-8b0b-4383-b8fd-ab44d75320e5,CONFIRM_DATA,ACK,279,1024,"unique file bytes acknowledged"
1065.088,sender,af416b39-8b0b-4383-b8fd-ab44d75320e5,EMIT,DATA,295,1060,""
1065.093,sender,af416b39-8b0b-4383-b8fd-ab44d75320e5,RTT_SAMPLE,ACK,279,0,"93.187200"
1065.102,sender,af416b39-8b0b-4383-b8fd-ab44d75320e5,RECEIVE,ACK,275,36,""
1065.111,sender,af416b39-8b0b-4383-b8fd-ab44d75320e5,EMIT,DATA,294,1060,""
1065.115,sender,af416b39-8b0b-4383-b8fd-ab44d75320e5,ACKNOWLEDGED,ACK,275,0,""
1065.118,sender,af416b39-8b0b-4383-b8fd-ab44d75320e5,CONFIRM_DATA,ACK,275,1024,"unique file bytes acknowledged"
1065.121,sender,af416b39-8b0b-4383-b8fd-ab44d75320e5,RTT_SAMPLE,ACK,275,0,"93.258500"
1065.124,sender,af416b39-8b0b-4383-b8fd-ab44d75320e5,EMIT,DATA,296,1060,""
1065.131,sender,af416b39-8b0b-4383-b8fd-ab44d75320e5,RECEIVE,ACK,284,36,""
1065.134,sender,af416b39-8b0b-4383-b8fd-ab44d75320e5,ACKNOWLEDGED,ACK,284,0,""
1065.136,sender,af416b39-8b0b-4383-b8fd-ab44d75320e5,CONFIRM_DATA,ACK,284,1024,"unique file bytes acknowledged"
1065.140,sender,af416b39-8b0b-4383-b8fd-ab44d75320e5,RTT_SAMPLE,ACK,284,0,"77.190000"
1065.146,sender,af416b39-8b0b-4383-b8fd-ab44d75320e5,RECEIVE,ACK,285,36,""
1065.149,sender,af416b39-8b0b-4383-b8fd-ab44d75320e5,ACKNOWLEDGED,ACK,285,0,""
1065.152,sender,af416b39-8b0b-4383-b8fd-ab44d75320e5,CONFIRM_DATA,ACK,285,1024,"unique file bytes acknowledged"
1065.155,sender,af416b39-8b0b-4383-b8fd-ab44d75320e5,RTT_SAMPLE,ACK,285,0,"62.471400"
1065.161,sender,af416b39-8b0b-4383-b8fd-ab44d75320e5,RECEIVE,ACK,281,36,""
1065.164,sender,af416b39-8b0b-4383-b8fd-ab44d75320e5,ACKNOWLEDGED,ACK,281,0,""
1065.167,sender,af416b39-8b0b-4383-b8fd-ab44d75320e5,CONFIRM_DATA,ACK,281,1024,"unique file bytes acknowledged"
1065.170,sender,af416b39-8b0b-4383-b8fd-ab44d75320e5,RTT_SAMPLE,ACK,281,0,"77.246300"
1065.176,sender,af416b39-8b0b-4383-b8fd-ab44d75320e5,RECEIVE,ACK,272,36,""
1065.179,sender,af416b39-8b0b-4383-b8fd-ab44d75320e5,ACKNOWLEDGED,ACK,272,0,""
1065.182,sender,af416b39-8b0b-4383-b8fd-ab44d75320e5,CONFIRM_DATA,ACK,272,1024,"unique file bytes acknowledged"
1065.185,sender,af416b39-8b0b-4383-b8fd-ab44d75320e5,RTT_SAMPLE,ACK,272,0,"93.336900"
1065.191,sender,af416b39-8b0b-4383-b8fd-ab44d75320e5,RECEIVE,ACK,282,36,""
1065.194,sender,af416b39-8b0b-4383-b8fd-ab44d75320e5,ACKNOWLEDGED,ACK,282,0,""
1065.196,sender,af416b39-8b0b-4383-b8fd-ab44d75320e5,CONFIRM_DATA,ACK,282,1024,"unique file bytes acknowledged"
1065.202,sender,af416b39-8b0b-4383-b8fd-ab44d75320e5,RTT_SAMPLE,ACK,282,0,"77.265000"
1065.209,sender,af416b39-8b0b-4383-b8fd-ab44d75320e5,RECEIVE,ACK,277,36,""
1065.211,sender,af416b39-8b0b-4383-b8fd-ab44d75320e5,ACKNOWLEDGED,ACK,277,0,""
1065.214,sender,af416b39-8b0b-4383-b8fd-ab44d75320e5,CONFIRM_DATA,ACK,277,1024,"unique file bytes acknowledged"
1065.217,sender,af416b39-8b0b-4383-b8fd-ab44d75320e5,RTT_SAMPLE,ACK,277,0,"93.321100"
1065.221,sender,af416b39-8b0b-4383-b8fd-ab44d75320e5,RECEIVE,ACK,270,36,""
1065.224,sender,af416b39-8b0b-4383-b8fd-ab44d75320e5,ACKNOWLEDGED,ACK,270,0,""
1065.226,sender,af416b39-8b0b-4383-b8fd-ab44d75320e5,CONFIRM_DATA,ACK,270,1024,"unique file bytes acknowledged"
1065.229,sender,af416b39-8b0b-4383-b8fd-ab44d75320e5,RTT_SAMPLE,ACK,270,0,"93.387500"
1065.232,sender,af416b39-8b0b-4383-b8fd-ab44d75320e5,SEND,DATA,302,1060,""
1065.237,sender,af416b39-8b0b-4383-b8fd-ab44d75320e5,RECEIVE,ACK,271,36,""
1065.240,sender,af416b39-8b0b-4383-b8fd-ab44d75320e5,ACKNOWLEDGED,ACK,271,0,""
1065.242,sender,af416b39-8b0b-4383-b8fd-ab44d75320e5,CONFIRM_DATA,ACK,271,1024,"unique file bytes acknowledged"
1065.245,sender,af416b39-8b0b-4383-b8fd-ab44d75320e5,RTT_SAMPLE,ACK,271,0,"93.400300"
1065.248,sender,af416b39-8b0b-4383-b8fd-ab44d75320e5,SEND,DATA,303,1060,""
1065.251,sender,af416b39-8b0b-4383-b8fd-ab44d75320e5,SEND,DATA,304,1060,""
1065.254,sender,af416b39-8b0b-4383-b8fd-ab44d75320e5,SEND,DATA,305,1060,""
1080.611,sender,af416b39-8b0b-4383-b8fd-ab44d75320e5,RECEIVE,ACK,274,36,""
1080.628,sender,af416b39-8b0b-4383-b8fd-ab44d75320e5,ACKNOWLEDGED,ACK,274,0,""
1080.633,sender,af416b39-8b0b-4383-b8fd-ab44d75320e5,CONFIRM_DATA,ACK,274,1024,"unique file bytes acknowledged"
1080.639,sender,af416b39-8b0b-4383-b8fd-ab44d75320e5,RTT_SAMPLE,ACK,274,0,"108.780000"
1080.645,sender,af416b39-8b0b-4383-b8fd-ab44d75320e5,SEND,DATA,306,1060,""
1080.651,sender,af416b39-8b0b-4383-b8fd-ab44d75320e5,SEND,DATA,307,1060,""
1080.654,sender,af416b39-8b0b-4383-b8fd-ab44d75320e5,SEND,DATA,308,1060,""
1080.658,sender,af416b39-8b0b-4383-b8fd-ab44d75320e5,SEND,DATA,309,1060,""
1080.661,sender,af416b39-8b0b-4383-b8fd-ab44d75320e5,SEND,DATA,310,1060,""
1080.669,sender,af416b39-8b0b-4383-b8fd-ab44d75320e5,SEND,DATA,311,1060,""
1080.673,sender,af416b39-8b0b-4383-b8fd-ab44d75320e5,SEND,DATA,312,1060,""
1080.676,sender,af416b39-8b0b-4383-b8fd-ab44d75320e5,SEND,DATA,313,1060,""
1080.679,sender,af416b39-8b0b-4383-b8fd-ab44d75320e5,SEND,DATA,314,1060,""
1080.685,sender,af416b39-8b0b-4383-b8fd-ab44d75320e5,RECEIVE,ACK,288,36,""
1080.688,sender,af416b39-8b0b-4383-b8fd-ab44d75320e5,ACKNOWLEDGED,ACK,288,0,""
1080.691,sender,af416b39-8b0b-4383-b8fd-ab44d75320e5,CONFIRM_DATA,ACK,288,1024,"unique file bytes acknowledged"
1080.715,sender,af416b39-8b0b-4383-b8fd-ab44d75320e5,RTT_SAMPLE,ACK,288,0,"77.991400"
1080.723,sender,af416b39-8b0b-4383-b8fd-ab44d75320e5,RECEIVE,ACK,290,36,""
1080.726,sender,af416b39-8b0b-4383-b8fd-ab44d75320e5,ACKNOWLEDGED,ACK,290,0,""
1080.729,sender,af416b39-8b0b-4383-b8fd-ab44d75320e5,CONFIRM_DATA,ACK,290,1024,"unique file bytes acknowledged"
1080.732,sender,af416b39-8b0b-4383-b8fd-ab44d75320e5,RTT_SAMPLE,ACK,290,0,"77.988800"
1080.840,sender,af416b39-8b0b-4383-b8fd-ab44d75320e5,EMIT,DATA,300,1060,""
1080.921,sender,af416b39-8b0b-4383-b8fd-ab44d75320e5,EMIT,DATA,297,1060,""
1080.930,sender,af416b39-8b0b-4383-b8fd-ab44d75320e5,RECEIVE,ACK,287,36,""
1080.935,sender,af416b39-8b0b-4383-b8fd-ab44d75320e5,ACKNOWLEDGED,ACK,287,0,""
1080.938,sender,af416b39-8b0b-4383-b8fd-ab44d75320e5,CONFIRM_DATA,ACK,287,1024,"unique file bytes acknowledged"
1080.941,sender,af416b39-8b0b-4383-b8fd-ab44d75320e5,EMIT,DATA,298,1060,""
1080.946,sender,af416b39-8b0b-4383-b8fd-ab44d75320e5,RTT_SAMPLE,ACK,287,0,"78.221200"
1080.952,sender,af416b39-8b0b-4383-b8fd-ab44d75320e5,EMIT,DATA,299,1060,""
1081.171,sender,af416b39-8b0b-4383-b8fd-ab44d75320e5,RECEIVE,ACK,289,36,""
1081.180,sender,af416b39-8b0b-4383-b8fd-ab44d75320e5,ACKNOWLEDGED,ACK,289,0,""
1081.183,sender,af416b39-8b0b-4383-b8fd-ab44d75320e5,CONFIRM_DATA,ACK,289,1024,"unique file bytes acknowledged"
1081.187,sender,af416b39-8b0b-4383-b8fd-ab44d75320e5,RTT_SAMPLE,ACK,289,0,"78.446900"
1081.208,sender,af416b39-8b0b-4383-b8fd-ab44d75320e5,RECEIVE,ACK,291,36,""
1081.211,sender,af416b39-8b0b-4383-b8fd-ab44d75320e5,ACKNOWLEDGED,ACK,291,0,""
1081.214,sender,af416b39-8b0b-4383-b8fd-ab44d75320e5,CONFIRM_DATA,ACK,291,1024,"unique file bytes acknowledged"
1081.217,sender,af416b39-8b0b-4383-b8fd-ab44d75320e5,RTT_SAMPLE,ACK,291,0,"78.470100"
1095.575,sender,af416b39-8b0b-4383-b8fd-ab44d75320e5,EMIT,DATA,302,1060,""
1095.604,sender,af416b39-8b0b-4383-b8fd-ab44d75320e5,EMIT,DATA,304,1060,""
1095.796,sender,af416b39-8b0b-4383-b8fd-ab44d75320e5,RECEIVE,ACK,283,36,""
1095.805,sender,af416b39-8b0b-4383-b8fd-ab44d75320e5,ACKNOWLEDGED,ACK,283,0,""
1095.808,sender,af416b39-8b0b-4383-b8fd-ab44d75320e5,CONFIRM_DATA,ACK,283,1024,"unique file bytes acknowledged"
1095.814,sender,af416b39-8b0b-4383-b8fd-ab44d75320e5,RTT_SAMPLE,ACK,283,0,"107.869700"
1095.819,sender,af416b39-8b0b-4383-b8fd-ab44d75320e5,SEND,DATA,315,1060,""
1095.823,sender,af416b39-8b0b-4383-b8fd-ab44d75320e5,SEND,DATA,316,1060,""
1095.826,sender,af416b39-8b0b-4383-b8fd-ab44d75320e5,SEND,DATA,317,1060,""
1095.874,sender,af416b39-8b0b-4383-b8fd-ab44d75320e5,RECEIVE,ACK,292,36,""
1095.887,sender,af416b39-8b0b-4383-b8fd-ab44d75320e5,ACKNOWLEDGED,ACK,292,0,""
1095.892,sender,af416b39-8b0b-4383-b8fd-ab44d75320e5,CONFIRM_DATA,ACK,292,1024,"unique file bytes acknowledged"
1095.898,sender,af416b39-8b0b-4383-b8fd-ab44d75320e5,RTT_SAMPLE,ACK,292,0,"93.147200"
1111.450,sender,af416b39-8b0b-4383-b8fd-ab44d75320e5,EMIT,DATA,305,1060,""
1111.470,sender,af416b39-8b0b-4383-b8fd-ab44d75320e5,RECEIVE,ACK,286,36,""
1111.487,sender,af416b39-8b0b-4383-b8fd-ab44d75320e5,EMIT,DATA,301,1060,""
1111.491,sender,af416b39-8b0b-4383-b8fd-ab44d75320e5,ACKNOWLEDGED,ACK,286,0,""
1111.498,sender,af416b39-8b0b-4383-b8fd-ab44d75320e5,CONFIRM_DATA,ACK,286,1024,"unique file bytes acknowledged"
1111.505,sender,af416b39-8b0b-4383-b8fd-ab44d75320e5,EMIT,DATA,307,1060,""
1111.511,sender,af416b39-8b0b-4383-b8fd-ab44d75320e5,RTT_SAMPLE,ACK,286,0,"108.788600"
1111.518,sender,af416b39-8b0b-4383-b8fd-ab44d75320e5,EMIT,DATA,311,1060,""
1111.526,sender,af416b39-8b0b-4383-b8fd-ab44d75320e5,SEND,DATA,318,1060,""
1111.532,sender,af416b39-8b0b-4383-b8fd-ab44d75320e5,EMIT,DATA,314,1060,""
1111.536,sender,af416b39-8b0b-4383-b8fd-ab44d75320e5,SEND,DATA,319,1060,""
1111.541,sender,af416b39-8b0b-4383-b8fd-ab44d75320e5,EMIT,DATA,306,1060,""
1111.544,sender,af416b39-8b0b-4383-b8fd-ab44d75320e5,SEND,DATA,320,1060,""
1111.551,sender,af416b39-8b0b-4383-b8fd-ab44d75320e5,SEND,DATA,321,1060,""
1111.557,sender,af416b39-8b0b-4383-b8fd-ab44d75320e5,SEND,DATA,322,1060,""
1111.563,sender,af416b39-8b0b-4383-b8fd-ab44d75320e5,SEND,DATA,323,1060,""
1111.570,sender,af416b39-8b0b-4383-b8fd-ab44d75320e5,SEND,DATA,324,1060,""
1111.592,sender,af416b39-8b0b-4383-b8fd-ab44d75320e5,RECEIVE,ACK,295,36,""
1111.598,sender,af416b39-8b0b-4383-b8fd-ab44d75320e5,ACKNOWLEDGED,ACK,295,0,""
1111.603,sender,af416b39-8b0b-4383-b8fd-ab44d75320e5,CONFIRM_DATA,ACK,295,1024,"unique file bytes acknowledged"
1111.611,sender,af416b39-8b0b-4383-b8fd-ab44d75320e5,RTT_SAMPLE,ACK,295,0,"93.535900"
1111.624,sender,af416b39-8b0b-4383-b8fd-ab44d75320e5,RECEIVE,ACK,293,36,""
1111.629,sender,af416b39-8b0b-4383-b8fd-ab44d75320e5,ACKNOWLEDGED,ACK,293,0,""
1111.638,sender,af416b39-8b0b-4383-b8fd-ab44d75320e5,CONFIRM_DATA,ACK,293,1024,"unique file bytes acknowledged"
1111.645,sender,af416b39-8b0b-4383-b8fd-ab44d75320e5,RTT_SAMPLE,ACK,293,0,"108.891500"
1111.652,sender,af416b39-8b0b-4383-b8fd-ab44d75320e5,SEND,DATA,325,1060,""
1127.392,sender,af416b39-8b0b-4383-b8fd-ab44d75320e5,RECEIVE,ACK,294,36,""
1127.407,sender,af416b39-8b0b-4383-b8fd-ab44d75320e5,ACKNOWLEDGED,ACK,294,0,""
1127.410,sender,af416b39-8b0b-4383-b8fd-ab44d75320e5,CONFIRM_DATA,ACK,294,1024,"unique file bytes acknowledged"
1127.416,sender,af416b39-8b0b-4383-b8fd-ab44d75320e5,RTT_SAMPLE,ACK,294,0,"109.346800"
1127.421,sender,af416b39-8b0b-4383-b8fd-ab44d75320e5,SEND,DATA,326,1060,""
1127.426,sender,af416b39-8b0b-4383-b8fd-ab44d75320e5,SEND,DATA,327,1060,""
1127.432,sender,af416b39-8b0b-4383-b8fd-ab44d75320e5,RECEIVE,ACK,296,36,""
1127.434,sender,af416b39-8b0b-4383-b8fd-ab44d75320e5,ACKNOWLEDGED,ACK,296,0,""
1127.437,sender,af416b39-8b0b-4383-b8fd-ab44d75320e5,CONFIRM_DATA,ACK,296,1024,"unique file bytes acknowledged"
1127.440,sender,af416b39-8b0b-4383-b8fd-ab44d75320e5,RTT_SAMPLE,ACK,296,0,"109.349500"
1127.444,sender,af416b39-8b0b-4383-b8fd-ab44d75320e5,SEND,DATA,328,1060,""
1127.449,sender,af416b39-8b0b-4383-b8fd-ab44d75320e5,RECEIVE,ACK,297,36,""
1127.467,sender,af416b39-8b0b-4383-b8fd-ab44d75320e5,ACKNOWLEDGED,ACK,297,0,""
1127.469,sender,af416b39-8b0b-4383-b8fd-ab44d75320e5,CONFIRM_DATA,ACK,297,1024,"unique file bytes acknowledged"
1127.473,sender,af416b39-8b0b-4383-b8fd-ab44d75320e5,EMIT,DATA,310,1060,""
1127.492,sender,af416b39-8b0b-4383-b8fd-ab44d75320e5,RTT_SAMPLE,ACK,297,0,"94.115500"
1127.496,sender,af416b39-8b0b-4383-b8fd-ab44d75320e5,SEND,DATA,329,1060,""
1127.553,sender,af416b39-8b0b-4383-b8fd-ab44d75320e5,RECEIVE,ACK,298,36,""
1127.556,sender,af416b39-8b0b-4383-b8fd-ab44d75320e5,ACKNOWLEDGED,ACK,298,0,""
1127.559,sender,af416b39-8b0b-4383-b8fd-ab44d75320e5,CONFIRM_DATA,ACK,298,1024,"unique file bytes acknowledged"
1127.562,sender,af416b39-8b0b-4383-b8fd-ab44d75320e5,RTT_SAMPLE,ACK,298,0,"94.200300"
1127.565,sender,af416b39-8b0b-4383-b8fd-ab44d75320e5,EMIT,DATA,303,1060,""
1127.575,sender,af416b39-8b0b-4383-b8fd-ab44d75320e5,SEND,DATA,330,1060,""
1127.594,sender,af416b39-8b0b-4383-b8fd-ab44d75320e5,EMIT,DATA,313,1060,""
1127.610,sender,af416b39-8b0b-4383-b8fd-ab44d75320e5,EMIT,DATA,317,1060,""
1127.626,sender,af416b39-8b0b-4383-b8fd-ab44d75320e5,EMIT,DATA,312,1060,""
1127.641,sender,af416b39-8b0b-4383-b8fd-ab44d75320e5,EMIT,DATA,308,1060,""
1142.545,sender,af416b39-8b0b-4383-b8fd-ab44d75320e5,EMIT,DATA,309,1060,""
1142.585,sender,af416b39-8b0b-4383-b8fd-ab44d75320e5,EMIT,DATA,316,1060,""
1142.597,sender,af416b39-8b0b-4383-b8fd-ab44d75320e5,EMIT,DATA,320,1060,""
1142.617,sender,af416b39-8b0b-4383-b8fd-ab44d75320e5,EMIT,DATA,315,1060,""
1142.629,sender,af416b39-8b0b-4383-b8fd-ab44d75320e5,RECEIVE,ACK,300,36,""
1142.640,sender,af416b39-8b0b-4383-b8fd-ab44d75320e5,ACKNOWLEDGED,ACK,300,0,""
1142.644,sender,af416b39-8b0b-4383-b8fd-ab44d75320e5,CONFIRM_DATA,ACK,300,1024,"unique file bytes acknowledged"
1142.650,sender,af416b39-8b0b-4383-b8fd-ab44d75320e5,RTT_SAMPLE,ACK,300,0,"109.255100"
1142.658,sender,af416b39-8b0b-4383-b8fd-ab44d75320e5,RECEIVE,ACK,299,36,""
1142.661,sender,af416b39-8b0b-4383-b8fd-ab44d75320e5,ACKNOWLEDGED,ACK,299,0,""
1142.664,sender,af416b39-8b0b-4383-b8fd-ab44d75320e5,CONFIRM_DATA,ACK,299,1024,"unique file bytes acknowledged"
1142.667,sender,af416b39-8b0b-4383-b8fd-ab44d75320e5,RTT_SAMPLE,ACK,299,0,"109.302000"
1142.671,sender,af416b39-8b0b-4383-b8fd-ab44d75320e5,SEND,DATA,331,1060,""
1142.676,sender,af416b39-8b0b-4383-b8fd-ab44d75320e5,SEND,DATA,332,1060,""
1142.682,sender,af416b39-8b0b-4383-b8fd-ab44d75320e5,RECEIVE,ACK,301,36,""
1142.685,sender,af416b39-8b0b-4383-b8fd-ab44d75320e5,ACKNOWLEDGED,ACK,301,0,""
1142.691,sender,af416b39-8b0b-4383-b8fd-ab44d75320e5,CONFIRM_DATA,ACK,301,1024,"unique file bytes acknowledged"
1142.694,sender,af416b39-8b0b-4383-b8fd-ab44d75320e5,RTT_SAMPLE,ACK,301,0,"77.631400"
1142.698,sender,af416b39-8b0b-4383-b8fd-ab44d75320e5,SEND,DATA,333,1060,""
1142.703,sender,af416b39-8b0b-4383-b8fd-ab44d75320e5,RECEIVE,ACK,314,36,""
1142.706,sender,af416b39-8b0b-4383-b8fd-ab44d75320e5,ACKNOWLEDGED,ACK,314,0,""
1142.708,sender,af416b39-8b0b-4383-b8fd-ab44d75320e5,CONFIRM_DATA,ACK,314,1024,"unique file bytes acknowledged"
1142.712,sender,af416b39-8b0b-4383-b8fd-ab44d75320e5,RTT_SAMPLE,ACK,314,0,"62.032100"
1158.026,sender,af416b39-8b0b-4383-b8fd-ab44d75320e5,EMIT,DATA,319,1060,""
1158.052,sender,af416b39-8b0b-4383-b8fd-ab44d75320e5,EMIT,DATA,323,1060,""
1158.062,sender,af416b39-8b0b-4383-b8fd-ab44d75320e5,EMIT,DATA,321,1060,""
1158.071,sender,af416b39-8b0b-4383-b8fd-ab44d75320e5,EMIT,DATA,322,1060,""
1158.079,sender,af416b39-8b0b-4383-b8fd-ab44d75320e5,EMIT,DATA,327,1060,""
1158.087,sender,af416b39-8b0b-4383-b8fd-ab44d75320e5,EMIT,DATA,326,1060,""
1158.096,sender,af416b39-8b0b-4383-b8fd-ab44d75320e5,EMIT,DATA,324,1060,""
1158.184,sender,af416b39-8b0b-4383-b8fd-ab44d75320e5,RECEIVE,ACK,302,36,""
1158.196,sender,af416b39-8b0b-4383-b8fd-ab44d75320e5,ACKNOWLEDGED,ACK,302,0,""
1158.200,sender,af416b39-8b0b-4383-b8fd-ab44d75320e5,CONFIRM_DATA,ACK,302,1024,"unique file bytes acknowledged"
1158.211,sender,af416b39-8b0b-4383-b8fd-ab44d75320e5,RTT_SAMPLE,ACK,302,0,"92.976500"
1158.217,sender,af416b39-8b0b-4383-b8fd-ab44d75320e5,SEND,DATA,334,1060,""
1158.226,sender,af416b39-8b0b-4383-b8fd-ab44d75320e5,RECEIVE,ACK,305,36,""
1158.230,sender,af416b39-8b0b-4383-b8fd-ab44d75320e5,ACKNOWLEDGED,ACK,305,0,""
1158.233,sender,af416b39-8b0b-4383-b8fd-ab44d75320e5,CONFIRM_DATA,ACK,305,1024,"unique file bytes acknowledged"
1158.237,sender,af416b39-8b0b-4383-b8fd-ab44d75320e5,RTT_SAMPLE,ACK,305,0,"92.982500"
1158.244,sender,af416b39-8b0b-4383-b8fd-ab44d75320e5,RECEIVE,ACK,304,36,""
1158.247,sender,af416b39-8b0b-4383-b8fd-ab44d75320e5,ACKNOWLEDGED,ACK,304,0,""
1158.250,sender,af416b39-8b0b-4383-b8fd-ab44d75320e5,CONFIRM_DATA,ACK,304,1024,"unique file bytes acknowledged"
1158.254,sender,af416b39-8b0b-4383-b8fd-ab44d75320e5,RTT_SAMPLE,ACK,304,0,"93.001900"
1158.260,sender,af416b39-8b0b-4383-b8fd-ab44d75320e5,RECEIVE,ACK,306,36,""
1158.264,sender,af416b39-8b0b-4383-b8fd-ab44d75320e5,ACKNOWLEDGED,ACK,306,0,""
1158.267,sender,af416b39-8b0b-4383-b8fd-ab44d75320e5,CONFIRM_DATA,ACK,306,1024,"unique file bytes acknowledged"
1158.271,sender,af416b39-8b0b-4383-b8fd-ab44d75320e5,RTT_SAMPLE,ACK,306,0,"77.625600"
1158.277,sender,af416b39-8b0b-4383-b8fd-ab44d75320e5,RECEIVE,ACK,307,36,""
1158.281,sender,af416b39-8b0b-4383-b8fd-ab44d75320e5,ACKNOWLEDGED,ACK,307,0,""
1158.284,sender,af416b39-8b0b-4383-b8fd-ab44d75320e5,CONFIRM_DATA,ACK,307,1024,"unique file bytes acknowledged"
1158.287,sender,af416b39-8b0b-4383-b8fd-ab44d75320e5,RTT_SAMPLE,ACK,307,0,"77.636100"
1158.294,sender,af416b39-8b0b-4383-b8fd-ab44d75320e5,RECEIVE,ACK,317,36,""
1158.297,sender,af416b39-8b0b-4383-b8fd-ab44d75320e5,ACKNOWLEDGED,ACK,317,0,""
1158.300,sender,af416b39-8b0b-4383-b8fd-ab44d75320e5,CONFIRM_DATA,ACK,317,1024,"unique file bytes acknowledged"
1158.304,sender,af416b39-8b0b-4383-b8fd-ab44d75320e5,RTT_SAMPLE,ACK,317,0,"62.477600"
1174.020,sender,af416b39-8b0b-4383-b8fd-ab44d75320e5,RECEIVE,ACK,313,36,""
1174.037,sender,af416b39-8b0b-4383-b8fd-ab44d75320e5,ACKNOWLEDGED,ACK,313,0,""
1174.041,sender,af416b39-8b0b-4383-b8fd-ab44d75320e5,CONFIRM_DATA,ACK,313,1024,"unique file bytes acknowledged"
1174.048,sender,af416b39-8b0b-4383-b8fd-ab44d75320e5,RTT_SAMPLE,ACK,313,0,"93.369100"
1174.052,sender,af416b39-8b0b-4383-b8fd-ab44d75320e5,EMIT,DATA,318,1060,""
1174.064,sender,af416b39-8b0b-4383-b8fd-ab44d75320e5,RECEIVE,ACK,311,36,""
1174.068,sender,af416b39-8b0b-4383-b8fd-ab44d75320e5,ACKNOWLEDGED,ACK,311,0,""
1174.070,sender,af416b39-8b0b-4383-b8fd-ab44d75320e5,CONFIRM_DATA,ACK,311,1024,"unique file bytes acknowledged"
1174.074,sender,af416b39-8b0b-4383-b8fd-ab44d75320e5,RTT_SAMPLE,ACK,311,0,"93.404500"
1174.079,sender,af416b39-8b0b-4383-b8fd-ab44d75320e5,EMIT,DATA,325,1060,""
1174.084,sender,af416b39-8b0b-4383-b8fd-ab44d75320e5,RECEIVE,ACK,303,36,""
1174.087,sender,af416b39-8b0b-4383-b8fd-ab44d75320e5,ACKNOWLEDGED,ACK,303,0,""
1174.090,sender,af416b39-8b0b-4383-b8fd-ab44d75320e5,CONFIRM_DATA,ACK,303,1024,"unique file bytes acknowledged"
1174.094,sender,af416b39-8b0b-4383-b8fd-ab44d75320e5,RTT_SAMPLE,ACK,303,0,"108.845100"
1174.097,sender,af416b39-8b0b-4383-b8fd-ab44d75320e5,EMIT,DATA,330,1060,""
1174.101,sender,af416b39-8b0b-4383-b8fd-ab44d75320e5,SEND,DATA,335,1060,""
1174.107,sender,af416b39-8b0b-4383-b8fd-ab44d75320e5,SEND,DATA,336,1060,""
1174.111,sender,af416b39-8b0b-4383-b8fd-ab44d75320e5,EMIT,DATA,329,1060,""
1174.114,sender,af416b39-8b0b-4383-b8fd-ab44d75320e5,SEND,DATA,337,1060,""
1174.118,sender,af416b39-8b0b-4383-b8fd-ab44d75320e5,SEND,DATA,338,1060,""
1174.121,sender,af416b39-8b0b-4383-b8fd-ab44d75320e5,EMIT,DATA,328,1060,""
1174.125,sender,af416b39-8b0b-4383-b8fd-ab44d75320e5,SEND,DATA,339,1060,""
1174.131,sender,af416b39-8b0b-4383-b8fd-ab44d75320e5,RECEIVE,ACK,308,36,""
1174.134,sender,af416b39-8b0b-4383-b8fd-ab44d75320e5,ACKNOWLEDGED,ACK,308,0,""
1174.137,sender,af416b39-8b0b-4383-b8fd-ab44d75320e5,CONFIRM_DATA,ACK,308,1024,"unique file bytes acknowledged"
1174.141,sender,af416b39-8b0b-4383-b8fd-ab44d75320e5,RTT_SAMPLE,ACK,308,0,"93.486000"
1174.145,sender,af416b39-8b0b-4383-b8fd-ab44d75320e5,SEND,DATA,340,1060,""
1174.151,sender,af416b39-8b0b-4383-b8fd-ab44d75320e5,RECEIVE,ACK,320,36,""
1174.159,sender,af416b39-8b0b-4383-b8fd-ab44d75320e5,ACKNOWLEDGED,ACK,320,0,""
1174.161,sender,af416b39-8b0b-4383-b8fd-ab44d75320e5,CONFIRM_DATA,ACK,320,1024,"unique file bytes acknowledged"
1174.165,sender,af416b39-8b0b-4383-b8fd-ab44d75320e5,RTT_SAMPLE,ACK,320,0,"62.622000"
1174.170,sender,af416b39-8b0b-4383-b8fd-ab44d75320e5,RECEIVE,ACK,310,36,""
1174.173,sender,af416b39-8b0b-4383-b8fd-ab44d75320e5,ACKNOWLEDGED,ACK,310,0,""
1174.176,sender,af416b39-8b0b-4383-b8fd-ab44d75320e5,CONFIRM_DATA,ACK,310,1024,"unique file bytes acknowledged"
1174.179,sender,af416b39-8b0b-4383-b8fd-ab44d75320e5,RTT_SAMPLE,ACK,310,0,"93.517200"
1189.060,sender,af416b39-8b0b-4383-b8fd-ab44d75320e5,EMIT,DATA,332,1060,""
1189.212,sender,af416b39-8b0b-4383-b8fd-ab44d75320e5,RECEIVE,ACK,312,36,""
1189.223,sender,af416b39-8b0b-4383-b8fd-ab44d75320e5,ACKNOWLEDGED,ACK,312,0,""
1189.226,sender,af416b39-8b0b-4383-b8fd-ab44d75320e5,CONFIRM_DATA,ACK,312,1024,"unique file bytes acknowledged"
1189.232,sender,af416b39-8b0b-4383-b8fd-ab44d75320e5,RTT_SAMPLE,ACK,312,0,"108.557200"
1189.252,sender,af416b39-8b0b-4383-b8fd-ab44d75320e5,RECEIVE,ACK,315,36,""
1189.255,sender,af416b39-8b0b-4383-b8fd-ab44d75320e5,ACKNOWLEDGED,ACK,315,0,""
1189.258,sender,af416b39-8b0b-4383-b8fd-ab44d75320e5,CONFIRM_DATA,ACK,315,1024,"unique file bytes acknowledged"
1189.262,sender,af416b39-8b0b-4383-b8fd-ab44d75320e5,RTT_SAMPLE,ACK,315,0,"93.442200"
1189.268,sender,af416b39-8b0b-4383-b8fd-ab44d75320e5,RECEIVE,ACK,323,36,""
1189.271,sender,af416b39-8b0b-4383-b8fd-ab44d75320e5,ACKNOWLEDGED,ACK,323,0,""
1189.273,sender,af416b39-8b0b-4383-b8fd-ab44d75320e5,CONFIRM_DATA,ACK,323,1024,"unique file bytes acknowledged"
1189.277,sender,af416b39-8b0b-4383-b8fd-ab44d75320e5,RTT_SAMPLE,ACK,323,0,"77.713300"
1189.283,sender,af416b39-8b0b-4383-b8fd-ab44d75320e5,RECEIVE,ACK,309,36,""
1189.286,sender,af416b39-8b0b-4383-b8fd-ab44d75320e5,ACKNOWLEDGED,ACK,309,0,""
1189.288,sender,af416b39-8b0b-4383-b8fd-ab44d75320e5,CONFIRM_DATA,ACK,309,1024,"unique file bytes acknowledged"
1189.292,sender,af416b39-8b0b-4383-b8fd-ab44d75320e5,RTT_SAMPLE,ACK,309,0,"108.633500"
1189.296,sender,af416b39-8b0b-4383-b8fd-ab44d75320e5,SEND,DATA,341,1060,""
1189.313,sender,af416b39-8b0b-4383-b8fd-ab44d75320e5,SEND,DATA,342,1060,""
1189.317,sender,af416b39-8b0b-4383-b8fd-ab44d75320e5,SEND,DATA,343,1060,""
1189.320,sender,af416b39-8b0b-4383-b8fd-ab44d75320e5,SEND,DATA,344,1060,""
1189.324,sender,af416b39-8b0b-4383-b8fd-ab44d75320e5,SEND,DATA,345,1060,""
1189.327,sender,af416b39-8b0b-4383-b8fd-ab44d75320e5,SEND,DATA,346,1060,""
1189.330,sender,af416b39-8b0b-4383-b8fd-ab44d75320e5,SEND,DATA,347,1060,""
1189.336,sender,af416b39-8b0b-4383-b8fd-ab44d75320e5,RECEIVE,ACK,319,36,""
1189.339,sender,af416b39-8b0b-4383-b8fd-ab44d75320e5,ACKNOWLEDGED,ACK,319,0,""
1189.342,sender,af416b39-8b0b-4383-b8fd-ab44d75320e5,CONFIRM_DATA,ACK,319,1024,"unique file bytes acknowledged"
1189.345,sender,af416b39-8b0b-4383-b8fd-ab44d75320e5,RTT_SAMPLE,ACK,319,0,"77.809400"
1189.355,sender,af416b39-8b0b-4383-b8fd-ab44d75320e5,RECEIVE,ACK,326,36,""
1189.387,sender,af416b39-8b0b-4383-b8fd-ab44d75320e5,ACKNOWLEDGED,ACK,326,0,""
1189.390,sender,af416b39-8b0b-4383-b8fd-ab44d75320e5,CONFIRM_DATA,ACK,326,1024,"unique file bytes acknowledged"
1189.394,sender,af416b39-8b0b-4383-b8fd-ab44d75320e5,RTT_SAMPLE,ACK,326,0,"61.972100"
1205.127,sender,af416b39-8b0b-4383-b8fd-ab44d75320e5,RECEIVE,ACK,321,36,""
1205.149,sender,af416b39-8b0b-4383-b8fd-ab44d75320e5,ACKNOWLEDGED,ACK,321,0,""
1205.180,sender,af416b39-8b0b-4383-b8fd-ab44d75320e5,CONFIRM_DATA,ACK,321,1024,"unique file bytes acknowledged"
1205.186,sender,af416b39-8b0b-4383-b8fd-ab44d75320e5,RTT_SAMPLE,ACK,321,0,"93.633200"
1205.189,sender,af416b39-8b0b-4383-b8fd-ab44d75320e5,EMIT,DATA,331,1060,""
1205.198,sender,af416b39-8b0b-4383-b8fd-ab44d75320e5,RECEIVE,ACK,316,36,""
1205.201,sender,af416b39-8b0b-4383-b8fd-ab44d75320e5,ACKNOWLEDGED,ACK,316,0,""
1205.203,sender,af416b39-8b0b-4383-b8fd-ab44d75320e5,CONFIRM_DATA,ACK,316,1024,"unique file bytes acknowledged"
1205.219,sender,af416b39-8b0b-4383-b8fd-ab44d75320e5,RTT_SAMPLE,ACK,316,0,"109.395100"
1205.222,sender,af416b39-8b0b-4383-b8fd-ab44d75320e5,EMIT,DATA,333,1060,""
1205.226,sender,af416b39-8b0b-4383-b8fd-ab44d75320e5,SEND,DATA,348,1060,""
1205.231,sender,af416b39-8b0b-4383-b8fd-ab44d75320e5,SEND,DATA,349,1060,""
1205.234,sender,af416b39-8b0b-4383-b8fd-ab44d75320e5,EMIT,DATA,334,1060,""
1220.859,sender,af416b39-8b0b-4383-b8fd-ab44d75320e5,EMIT,DATA,335,1060,""
1220.914,sender,af416b39-8b0b-4383-b8fd-ab44d75320e5,RECEIVE,ACK,322,36,""
1220.924,sender,af416b39-8b0b-4383-b8fd-ab44d75320e5,EMIT,DATA,337,1060,""
1220.928,sender,af416b39-8b0b-4383-b8fd-ab44d75320e5,ACKNOWLEDGED,ACK,322,0,""
1220.932,sender,af416b39-8b0b-4383-b8fd-ab44d75320e5,CONFIRM_DATA,ACK,322,1024,"unique file bytes acknowledged"
1220.937,sender,af416b39-8b0b-4383-b8fd-ab44d75320e5,RTT_SAMPLE,ACK,322,0,"109.379100"
1220.940,sender,af416b39-8b0b-4383-b8fd-ab44d75320e5,EMIT,DATA,336,1060,""
1220.949,sender,af416b39-8b0b-4383-b8fd-ab44d75320e5,RECEIVE,ACK,327,36,""
1220.952,sender,af416b39-8b0b-4383-b8fd-ab44d75320e5,ACKNOWLEDGED,ACK,327,0,""
1220.954,sender,af416b39-8b0b-4383-b8fd-ab44d75320e5,CONFIRM_DATA,ACK,327,1024,"unique file bytes acknowledged"
1220.957,sender,af416b39-8b0b-4383-b8fd-ab44d75320e5,EMIT,DATA,345,1060,""
1220.961,sender,af416b39-8b0b-4383-b8fd-ab44d75320e5,RTT_SAMPLE,ACK,327,0,"93.530600"
1220.967,sender,af416b39-8b0b-4383-b8fd-ab44d75320e5,RECEIVE,ACK,318,36,""
1220.970,sender,af416b39-8b0b-4383-b8fd-ab44d75320e5,EMIT,DATA,347,1060,""
1220.973,sender,af416b39-8b0b-4383-b8fd-ab44d75320e5,ACKNOWLEDGED,ACK,318,0,""
1220.975,sender,af416b39-8b0b-4383-b8fd-ab44d75320e5,CONFIRM_DATA,ACK,318,1024,"unique file bytes acknowledged"
1220.979,sender,af416b39-8b0b-4383-b8fd-ab44d75320e5,RTT_SAMPLE,ACK,318,0,"109.458000"
1220.981,sender,af416b39-8b0b-4383-b8fd-ab44d75320e5,EMIT,DATA,338,1060,""
1220.984,sender,af416b39-8b0b-4383-b8fd-ab44d75320e5,SEND,DATA,350,1060,""
1220.989,sender,af416b39-8b0b-4383-b8fd-ab44d75320e5,SEND,DATA,351,1060,""
1220.992,sender,af416b39-8b0b-4383-b8fd-ab44d75320e5,EMIT,DATA,344,1060,""
1220.995,sender,af416b39-8b0b-4383-b8fd-ab44d75320e5,SEND,DATA,352,1060,""
1221.010,sender,af416b39-8b0b-4383-b8fd-ab44d75320e5,SEND,DATA,353,1060,""
1221.013,sender,af416b39-8b0b-4383-b8fd-ab44d75320e5,SEND,DATA,354,1060,""
1221.016,sender,af416b39-8b0b-4383-b8fd-ab44d75320e5,SEND,DATA,355,1060,""
1221.022,sender,af416b39-8b0b-4383-b8fd-ab44d75320e5,RECEIVE,ACK,324,36,""
1221.024,sender,af416b39-8b0b-4383-b8fd-ab44d75320e5,ACKNOWLEDGED,ACK,324,0,""
1221.027,sender,af416b39-8b0b-4383-b8fd-ab44d75320e5,CONFIRM_DATA,ACK,324,1024,"unique file bytes acknowledged"
1221.030,sender,af416b39-8b0b-4383-b8fd-ab44d75320e5,RTT_SAMPLE,ACK,324,0,"109.459700"
1221.033,sender,af416b39-8b0b-4383-b8fd-ab44d75320e5,SEND,DATA,356,1060,""
1221.038,sender,af416b39-8b0b-4383-b8fd-ab44d75320e5,RECEIVE,ACK,328,36,""
1221.040,sender,af416b39-8b0b-4383-b8fd-ab44d75320e5,ACKNOWLEDGED,ACK,328,0,""
1221.043,sender,af416b39-8b0b-4383-b8fd-ab44d75320e5,CONFIRM_DATA,ACK,328,1024,"unique file bytes acknowledged"
1221.046,sender,af416b39-8b0b-4383-b8fd-ab44d75320e5,RTT_SAMPLE,ACK,328,0,"93.601700"
1221.061,sender,af416b39-8b0b-4383-b8fd-ab44d75320e5,RECEIVE,ACK,329,36,""
1221.064,sender,af416b39-8b0b-4383-b8fd-ab44d75320e5,ACKNOWLEDGED,ACK,329,0,""
1221.067,sender,af416b39-8b0b-4383-b8fd-ab44d75320e5,CONFIRM_DATA,ACK,329,1024,"unique file bytes acknowledged"
1221.070,sender,af416b39-8b0b-4383-b8fd-ab44d75320e5,RTT_SAMPLE,ACK,329,0,"93.573000"
1221.076,sender,af416b39-8b0b-4383-b8fd-ab44d75320e5,RECEIVE,ACK,325,36,""
1221.078,sender,af416b39-8b0b-4383-b8fd-ab44d75320e5,ACKNOWLEDGED,ACK,325,0,""
1221.081,sender,af416b39-8b0b-4383-b8fd-ab44d75320e5,CONFIRM_DATA,ACK,325,1024,"unique file bytes acknowledged"
1221.084,sender,af416b39-8b0b-4383-b8fd-ab44d75320e5,RTT_SAMPLE,ACK,325,0,"109.431900"
1221.088,sender,af416b39-8b0b-4383-b8fd-ab44d75320e5,SEND,DATA,357,1060,""
1221.091,sender,af416b39-8b0b-4383-b8fd-ab44d75320e5,SEND,DATA,358,1060,""
1221.094,sender,af416b39-8b0b-4383-b8fd-ab44d75320e5,SEND,DATA,359,1060,""
1221.098,sender,af416b39-8b0b-4383-b8fd-ab44d75320e5,SEND,DATA,360,1060,""
1221.101,sender,af416b39-8b0b-4383-b8fd-ab44d75320e5,SEND,DATA,361,1060,""
1221.106,sender,af416b39-8b0b-4383-b8fd-ab44d75320e5,RECEIVE,ACK,330,36,""
1221.109,sender,af416b39-8b0b-4383-b8fd-ab44d75320e5,ACKNOWLEDGED,ACK,330,0,""
1221.111,sender,af416b39-8b0b-4383-b8fd-ab44d75320e5,CONFIRM_DATA,ACK,330,1024,"unique file bytes acknowledged"
1221.114,sender,af416b39-8b0b-4383-b8fd-ab44d75320e5,RTT_SAMPLE,ACK,330,0,"93.548400"
1221.118,sender,af416b39-8b0b-4383-b8fd-ab44d75320e5,SEND,DATA,362,1060,""
1236.245,sender,af416b39-8b0b-4383-b8fd-ab44d75320e5,EMIT,DATA,339,1060,""
1236.289,sender,af416b39-8b0b-4383-b8fd-ab44d75320e5,EMIT,DATA,340,1060,""
1236.299,sender,af416b39-8b0b-4383-b8fd-ab44d75320e5,EMIT,DATA,343,1060,""
1236.310,sender,af416b39-8b0b-4383-b8fd-ab44d75320e5,EMIT,DATA,341,1060,""
1236.318,sender,af416b39-8b0b-4383-b8fd-ab44d75320e5,EMIT,DATA,342,1060,""
1236.326,sender,af416b39-8b0b-4383-b8fd-ab44d75320e5,EMIT,DATA,346,1060,""
1236.417,sender,af416b39-8b0b-4383-b8fd-ab44d75320e5,RECEIVE,ACK,332,36,""
1236.439,sender,af416b39-8b0b-4383-b8fd-ab44d75320e5,ACKNOWLEDGED,ACK,332,0,""
1236.448,sender,af416b39-8b0b-4383-b8fd-ab44d75320e5,CONFIRM_DATA,ACK,332,1024,"unique file bytes acknowledged"
1236.461,sender,af416b39-8b0b-4383-b8fd-ab44d75320e5,RTT_SAMPLE,ACK,332,0,"93.780200"
1251.543,sender,af416b39-8b0b-4383-b8fd-ab44d75320e5,EMIT,DATA,348,1060,""
1251.571,sender,af416b39-8b0b-4383-b8fd-ab44d75320e5,EMIT,DATA,356,1060,""
1251.579,sender,af416b39-8b0b-4383-b8fd-ab44d75320e5,EMIT,DATA,353,1060,""
1251.746,sender,af416b39-8b0b-4383-b8fd-ab44d75320e5,RECEIVE,ACK,331,36,""
1251.761,sender,af416b39-8b0b-4383-b8fd-ab44d75320e5,ACKNOWLEDGED,ACK,331,0,""
1251.764,sender,af416b39-8b0b-4383-b8fd-ab44d75320e5,CONFIRM_DATA,ACK,331,1024,"unique file bytes acknowledged"
1251.770,sender,af416b39-8b0b-4383-b8fd-ab44d75320e5,RTT_SAMPLE,ACK,331,0,"109.096600"
1251.776,sender,af416b39-8b0b-4383-b8fd-ab44d75320e5,SEND,DATA,363,1060,""
1251.781,sender,af416b39-8b0b-4383-b8fd-ab44d75320e5,SEND,DATA,364,1060,""
1251.790,sender,af416b39-8b0b-4383-b8fd-ab44d75320e5,RECEIVE,ACK,333,36,""
1251.793,sender,af416b39-8b0b-4383-b8fd-ab44d75320e5,ACKNOWLEDGED,ACK,333,0,""
1251.796,sender,af416b39-8b0b-4383-b8fd-ab44d75320e5,CONFIRM_DATA,ACK,333,1024,"unique file bytes acknowledged"
1251.799,sender,af416b39-8b0b-4383-b8fd-ab44d75320e5,RTT_SAMPLE,ACK,333,0,"109.100500"
1251.802,sender,af416b39-8b0b-4383-b8fd-ab44d75320e5,SEND,DATA,365,1060,""
1251.811,sender,af416b39-8b0b-4383-b8fd-ab44d75320e5,RECEIVE,ACK,335,36,""
1251.813,sender,af416b39-8b0b-4383-b8fd-ab44d75320e5,ACKNOWLEDGED,ACK,335,0,""
1251.816,sender,af416b39-8b0b-4383-b8fd-ab44d75320e5,CONFIRM_DATA,ACK,335,1024,"unique file bytes acknowledged"
1251.819,sender,af416b39-8b0b-4383-b8fd-ab44d75320e5,RTT_SAMPLE,ACK,335,0,"77.720300"
1267.344,sender,af416b39-8b0b-4383-b8fd-ab44d75320e5,EMIT,DATA,357,1060,""
1267.372,sender,af416b39-8b0b-4383-b8fd-ab44d75320e5,EMIT,DATA,359,1060,""
1267.408,sender,af416b39-8b0b-4383-b8fd-ab44d75320e5,EMIT,DATA,349,1060,""
1267.416,sender,af416b39-8b0b-4383-b8fd-ab44d75320e5,EMIT,DATA,362,1060,""
1267.423,sender,af416b39-8b0b-4383-b8fd-ab44d75320e5,EMIT,DATA,354,1060,""
1267.431,sender,af416b39-8b0b-4383-b8fd-ab44d75320e5,EMIT,DATA,352,1060,""
1267.438,sender,af416b39-8b0b-4383-b8fd-ab44d75320e5,EMIT,DATA,350,1060,""
1267.449,sender,af416b39-8b0b-4383-b8fd-ab44d75320e5,EMIT,DATA,358,1060,""
1267.458,sender,af416b39-8b0b-4383-b8fd-ab44d75320e5,EMIT,DATA,360,1060,""
1267.482,sender,af416b39-8b0b-4383-b8fd-ab44d75320e5,RECEIVE,ACK,334,36,""
1267.491,sender,af416b39-8b0b-4383-b8fd-ab44d75320e5,ACKNOWLEDGED,ACK,334,0,""
1267.495,sender,af416b39-8b0b-4383-b8fd-ab44d75320e5,CONFIRM_DATA,ACK,334,1024,"unique file bytes acknowledged"
1267.502,sender,af416b39-8b0b-4383-b8fd-ab44d75320e5,RTT_SAMPLE,ACK,334,0,"109.281300"
1267.511,sender,af416b39-8b0b-4383-b8fd-ab44d75320e5,SEND,DATA,366,1060,""
1267.515,sender,af416b39-8b0b-4383-b8fd-ab44d75320e5,SEND,DATA,367,1060,""
1267.521,sender,af416b39-8b0b-4383-b8fd-ab44d75320e5,RECEIVE,ACK,336,36,""
1267.524,sender,af416b39-8b0b-4383-b8fd-ab44d75320e5,ACKNOWLEDGED,ACK,336,0,""
1267.526,sender,af416b39-8b0b-4383-b8fd-ab44d75320e5,CONFIRM_DATA,ACK,336,1024,"unique file bytes acknowledged"
1267.530,sender,af416b39-8b0b-4383-b8fd-ab44d75320e5,RTT_SAMPLE,ACK,336,0,"93.421800"
1267.533,sender,af416b39-8b0b-4383-b8fd-ab44d75320e5,SEND,DATA,368,1060,""
1267.538,sender,af416b39-8b0b-4383-b8fd-ab44d75320e5,RECEIVE,ACK,347,36,""
1267.541,sender,af416b39-8b0b-4383-b8fd-ab44d75320e5,ACKNOWLEDGED,ACK,347,0,""
1267.543,sender,af416b39-8b0b-4383-b8fd-ab44d75320e5,CONFIRM_DATA,ACK,347,1024,"unique file bytes acknowledged"
1267.546,sender,af416b39-8b0b-4383-b8fd-ab44d75320e5,RTT_SAMPLE,ACK,347,0,"78.215300"
1267.563,sender,af416b39-8b0b-4383-b8fd-ab44d75320e5,RECEIVE,ACK,338,36,""
1267.566,sender,af416b39-8b0b-4383-b8fd-ab44d75320e5,ACKNOWLEDGED,ACK,338,0,""
1267.568,sender,af416b39-8b0b-4383-b8fd-ab44d75320e5,CONFIRM_DATA,ACK,338,1024,"unique file bytes acknowledged"
1267.571,sender,af416b39-8b0b-4383-b8fd-ab44d75320e5,RTT_SAMPLE,ACK,338,0,"93.452200"
1267.576,sender,af416b39-8b0b-4383-b8fd-ab44d75320e5,RECEIVE,ACK,339,36,""
1267.578,sender,af416b39-8b0b-4383-b8fd-ab44d75320e5,ACKNOWLEDGED,ACK,339,0,""
1267.580,sender,af416b39-8b0b-4383-b8fd-ab44d75320e5,CONFIRM_DATA,ACK,339,1024,"unique file bytes acknowledged"
1267.583,sender,af416b39-8b0b-4383-b8fd-ab44d75320e5,RTT_SAMPLE,ACK,339,0,"93.461000"
1267.588,sender,af416b39-8b0b-4383-b8fd-ab44d75320e5,RECEIVE,ACK,345,36,""
1267.590,sender,af416b39-8b0b-4383-b8fd-ab44d75320e5,ACKNOWLEDGED,ACK,345,0,""
1267.593,sender,af416b39-8b0b-4383-b8fd-ab44d75320e5,CONFIRM_DATA,ACK,345,1024,"unique file bytes acknowledged"
1267.596,sender,af416b39-8b0b-4383-b8fd-ab44d75320e5,RTT_SAMPLE,ACK,345,0,"78.271700"
1267.600,sender,af416b39-8b0b-4383-b8fd-ab44d75320e5,RECEIVE,ACK,337,36,""
1267.603,sender,af416b39-8b0b-4383-b8fd-ab44d75320e5,ACKNOWLEDGED,ACK,337,0,""
1267.605,sender,af416b39-8b0b-4383-b8fd-ab44d75320e5,CONFIRM_DATA,ACK,337,1024,"unique file bytes acknowledged"
1267.608,sender,af416b39-8b0b-4383-b8fd-ab44d75320e5,RTT_SAMPLE,ACK,337,0,"93.496600"
1267.611,sender,af416b39-8b0b-4383-b8fd-ab44d75320e5,SEND,DATA,369,1060,""
1267.614,sender,af416b39-8b0b-4383-b8fd-ab44d75320e5,SEND,DATA,370,1060,""
1267.617,sender,af416b39-8b0b-4383-b8fd-ab44d75320e5,SEND,DATA,371,1060,""
1282.327,sender,af416b39-8b0b-4383-b8fd-ab44d75320e5,EMIT,DATA,355,1060,""
1282.355,sender,af416b39-8b0b-4383-b8fd-ab44d75320e5,EMIT,DATA,351,1060,""
1282.363,sender,af416b39-8b0b-4383-b8fd-ab44d75320e5,EMIT,DATA,361,1060,""
1282.417,sender,af416b39-8b0b-4383-b8fd-ab44d75320e5,RECEIVE,ACK,344,36,""
1282.424,sender,af416b39-8b0b-4383-b8fd-ab44d75320e5,ACKNOWLEDGED,ACK,344,0,""
1282.427,sender,af416b39-8b0b-4383-b8fd-ab44d75320e5,CONFIRM_DATA,ACK,344,1024,"unique file bytes acknowledged"
1282.432,sender,af416b39-8b0b-4383-b8fd-ab44d75320e5,RTT_SAMPLE,ACK,344,0,"93.109600"
1282.442,sender,af416b39-8b0b-4383-b8fd-ab44d75320e5,RECEIVE,ACK,341,36,""
1282.445,sender,af416b39-8b0b-4383-b8fd-ab44d75320e5,ACKNOWLEDGED,ACK,341,0,""
1282.459,sender,af416b39-8b0b-4383-b8fd-ab44d75320e5,CONFIRM_DATA,ACK,341,1024,"unique file bytes acknowledged"
1282.462,sender,af416b39-8b0b-4383-b8fd-ab44d75320e5,RTT_SAMPLE,ACK,341,0,"93.165700"
1282.467,sender,af416b39-8b0b-4383-b8fd-ab44d75320e5,RECEIVE,ACK,342,36,""
1282.470,sender,af416b39-8b0b-4383-b8fd-ab44d75320e5,ACKNOWLEDGED,ACK,342,0,""
1282.472,sender,af416b39-8b0b-4383-b8fd-ab44d75320e5,CONFIRM_DATA,ACK,342,1024,"unique file bytes acknowledged"
1282.475,sender,af416b39-8b0b-4383-b8fd-ab44d75320e5,RTT_SAMPLE,ACK,342,0,"93.161600"
1282.480,sender,af416b39-8b0b-4383-b8fd-ab44d75320e5,RECEIVE,ACK,346,36,""
1282.483,sender,af416b39-8b0b-4383-b8fd-ab44d75320e5,ACKNOWLEDGED,ACK,346,0,""
1282.485,sender,af416b39-8b0b-4383-b8fd-ab44d75320e5,CONFIRM_DATA,ACK,346,1024,"unique file bytes acknowledged"
1282.488,sender,af416b39-8b0b-4383-b8fd-ab44d75320e5,RTT_SAMPLE,ACK,346,0,"93.160700"
1282.493,sender,af416b39-8b0b-4383-b8fd-ab44d75320e5,RECEIVE,ACK,343,36,""
1282.496,sender,af416b39-8b0b-4383-b8fd-ab44d75320e5,ACKNOWLEDGED,ACK,343,0,""
1282.498,sender,af416b39-8b0b-4383-b8fd-ab44d75320e5,CONFIRM_DATA,ACK,343,1024,"unique file bytes acknowledged"
1282.501,sender,af416b39-8b0b-4383-b8fd-ab44d75320e5,RTT_SAMPLE,ACK,343,0,"93.183800"
1282.515,sender,af416b39-8b0b-4383-b8fd-ab44d75320e5,RECEIVE,ACK,340,36,""
1282.518,sender,af416b39-8b0b-4383-b8fd-ab44d75320e5,ACKNOWLEDGED,ACK,340,0,""
1282.520,sender,af416b39-8b0b-4383-b8fd-ab44d75320e5,CONFIRM_DATA,ACK,340,1024,"unique file bytes acknowledged"
1282.524,sender,af416b39-8b0b-4383-b8fd-ab44d75320e5,RTT_SAMPLE,ACK,340,0,"108.378200"
1282.527,sender,af416b39-8b0b-4383-b8fd-ab44d75320e5,SEND,DATA,372,1060,""
1282.532,sender,af416b39-8b0b-4383-b8fd-ab44d75320e5,SEND,DATA,373,1060,""
1282.535,sender,af416b39-8b0b-4383-b8fd-ab44d75320e5,SEND,DATA,374,1060,""
1282.538,sender,af416b39-8b0b-4383-b8fd-ab44d75320e5,SEND,DATA,375,1060,""
1282.541,sender,af416b39-8b0b-4383-b8fd-ab44d75320e5,SEND,DATA,376,1060,""
1282.545,sender,af416b39-8b0b-4383-b8fd-ab44d75320e5,SEND,DATA,377,1060,""
1282.547,sender,af416b39-8b0b-4383-b8fd-ab44d75320e5,SEND,DATA,378,1060,""
1282.550,sender,af416b39-8b0b-4383-b8fd-ab44d75320e5,SEND,DATA,379,1060,""
1297.741,sender,af416b39-8b0b-4383-b8fd-ab44d75320e5,EMIT,DATA,365,1060,""
1297.772,sender,af416b39-8b0b-4383-b8fd-ab44d75320e5,EMIT,DATA,363,1060,""
1297.785,sender,af416b39-8b0b-4383-b8fd-ab44d75320e5,EMIT,DATA,364,1060,""
1297.824,sender,af416b39-8b0b-4383-b8fd-ab44d75320e5,RECEIVE,ACK,348,36,""
1297.833,sender,af416b39-8b0b-4383-b8fd-ab44d75320e5,ACKNOWLEDGED,ACK,348,0,""
1297.837,sender,af416b39-8b0b-4383-b8fd-ab44d75320e5,CONFIRM_DATA,ACK,348,1024,"unique file bytes acknowledged"
1297.841,sender,af416b39-8b0b-4383-b8fd-ab44d75320e5,RTT_SAMPLE,ACK,348,0,"92.617400"
1297.846,sender,af416b39-8b0b-4383-b8fd-ab44d75320e5,SEND,DATA,380,1060,""
1297.866,sender,af416b39-8b0b-4383-b8fd-ab44d75320e5,RECEIVE,ACK,352,36,""
1297.868,sender,af416b39-8b0b-4383-b8fd-ab44d75320e5,ACKNOWLEDGED,ACK,352,0,""
1297.870,sender,af416b39-8b0b-4383-b8fd-ab44d75320e5,CONFIRM_DATA,ACK,352,1024,"unique file bytes acknowledged"
1297.874,sender,af416b39-8b0b-4383-b8fd-ab44d75320e5,RTT_SAMPLE,ACK,352,0,"76.880800"
1297.879,sender,af416b39-8b0b-4383-b8fd-ab44d75320e5,RECEIVE,ACK,349,36,""
1297.881,sender,af416b39-8b0b-4383-b8fd-ab44d75320e5,ACKNOWLEDGED,ACK,349,0,""
1297.884,sender,af416b39-8b0b-4383-b8fd-ab44d75320e5,CONFIRM_DATA,ACK,349,1024,"unique file bytes acknowledged"
1297.887,sender,af416b39-8b0b-4383-b8fd-ab44d75320e5,RTT_SAMPLE,ACK,349,0,"92.655000"
1297.895,sender,af416b39-8b0b-4383-b8fd-ab44d75320e5,SEND,DATA,381,1060,""
1297.899,sender,af416b39-8b0b-4383-b8fd-ab44d75320e5,RECEIVE,ACK,362,36,""
1297.902,sender,af416b39-8b0b-4383-b8fd-ab44d75320e5,ACKNOWLEDGED,ACK,362,0,""
1297.904,sender,af416b39-8b0b-4383-b8fd-ab44d75320e5,CONFIRM_DATA,ACK,362,1024,"unique file bytes acknowledged"
1297.931,sender,af416b39-8b0b-4383-b8fd-ab44d75320e5,RTT_SAMPLE,ACK,362,0,"76.812700"
1297.936,sender,af416b39-8b0b-4383-b8fd-ab44d75320e5,RECEIVE,ACK,353,36,""
1297.939,sender,af416b39-8b0b-4383-b8fd-ab44d75320e5,ACKNOWLEDGED,ACK,353,0,""
1297.941,sender,af416b39-8b0b-4383-b8fd-ab44d75320e5,CONFIRM_DATA,ACK,353,1024,"unique file bytes acknowledged"
1297.944,sender,af416b39-8b0b-4383-b8fd-ab44d75320e5,RTT_SAMPLE,ACK,353,0,"76.932900"
1297.949,sender,af416b39-8b0b-4383-b8fd-ab44d75320e5,RECEIVE,ACK,350,36,""
1297.951,sender,af416b39-8b0b-4383-b8fd-ab44d75320e5,ACKNOWLEDGED,ACK,350,0,""
1297.953,sender,af416b39-8b0b-4383-b8fd-ab44d75320e5,CONFIRM_DATA,ACK,350,1024,"unique file bytes acknowledged"
1297.956,sender,af416b39-8b0b-4383-b8fd-ab44d75320e5,RTT_SAMPLE,ACK,350,0,"76.973600"
1297.959,sender,af416b39-8b0b-4383-b8fd-ab44d75320e5,SEND,DATA,382,1060,""
1312.797,sender,af416b39-8b0b-4383-b8fd-ab44d75320e5,EMIT,DATA,366,1060,""
1312.823,sender,af416b39-8b0b-4383-b8fd-ab44d75320e5,EMIT,DATA,367,1060,""
1312.834,sender,af416b39-8b0b-4383-b8fd-ab44d75320e5,EMIT,DATA,369,1060,""
1312.843,sender,af416b39-8b0b-4383-b8fd-ab44d75320e5,EMIT,DATA,372,1060,""
1312.851,sender,af416b39-8b0b-4383-b8fd-ab44d75320e5,EMIT,DATA,376,1060,""
1312.861,sender,af416b39-8b0b-4383-b8fd-ab44d75320e5,EMIT,DATA,374,1060,""
1312.879,sender,af416b39-8b0b-4383-b8fd-ab44d75320e5,EMIT,DATA,371,1060,""
1312.887,sender,af416b39-8b0b-4383-b8fd-ab44d75320e5,EMIT,DATA,379,1060,""
1313.063,sender,af416b39-8b0b-4383-b8fd-ab44d75320e5,RECEIVE,ACK,356,36,""
1313.072,sender,af416b39-8b0b-4383-b8fd-ab44d75320e5,ACKNOWLEDGED,ACK,356,0,""
1313.075,sender,af416b39-8b0b-4383-b8fd-ab44d75320e5,CONFIRM_DATA,ACK,356,1024,"unique file bytes acknowledged"
1313.088,sender,af416b39-8b0b-4383-b8fd-ab44d75320e5,RTT_SAMPLE,ACK,356,0,"92.053300"
1313.094,sender,af416b39-8b0b-4383-b8fd-ab44d75320e5,RECEIVE,ACK,357,36,""
1313.096,sender,af416b39-8b0b-4383-b8fd-ab44d75320e5,ACKNOWLEDGED,ACK,357,0,""
1313.099,sender,af416b39-8b0b-4383-b8fd-ab44d75320e5,CONFIRM_DATA,ACK,357,1024,"unique file bytes acknowledged"
1313.101,sender,af416b39-8b0b-4383-b8fd-ab44d75320e5,RTT_SAMPLE,ACK,357,0,"92.013600"
1313.107,sender,af416b39-8b0b-4383-b8fd-ab44d75320e5,RECEIVE,ACK,358,36,""
1313.109,sender,af416b39-8b0b-4383-b8fd-ab44d75320e5,ACKNOWLEDGED,ACK,358,0,""
1313.111,sender,af416b39-8b0b-4383-b8fd-ab44d75320e5,CONFIRM_DATA,ACK,358,1024,"unique file bytes acknowledged"
1313.114,sender,af416b39-8b0b-4383-b8fd-ab44d75320e5,RTT_SAMPLE,ACK,358,0,"92.023100"
1313.119,sender,af416b39-8b0b-4383-b8fd-ab44d75320e5,RECEIVE,ACK,360,36,""
1313.122,sender,af416b39-8b0b-4383-b8fd-ab44d75320e5,ACKNOWLEDGED,ACK,360,0,""
1313.124,sender,af416b39-8b0b-4383-b8fd-ab44d75320e5,CONFIRM_DATA,ACK,360,1024,"unique file bytes acknowledged"
1313.127,sender,af416b39-8b0b-4383-b8fd-ab44d75320e5,RTT_SAMPLE,ACK,360,0,"92.028800"
1313.144,sender,af416b39-8b0b-4383-b8fd-ab44d75320e5,RECEIVE,ACK,355,36,""
1313.146,sender,af416b39-8b0b-4383-b8fd-ab44d75320e5,ACKNOWLEDGED,ACK,355,0,""
1313.149,sender,af416b39-8b0b-4383-b8fd-ab44d75320e5,CONFIRM_DATA,ACK,355,1024,"unique file bytes acknowledged"
1313.152,sender,af416b39-8b0b-4383-b8fd-ab44d75320e5,RTT_SAMPLE,ACK,355,0,"92.135500"
1313.158,sender,af416b39-8b0b-4383-b8fd-ab44d75320e5,RECEIVE,ACK,354,36,""
1313.160,sender,af416b39-8b0b-4383-b8fd-ab44d75320e5,ACKNOWLEDGED,ACK,354,0,""
1313.163,sender,af416b39-8b0b-4383-b8fd-ab44d75320e5,CONFIRM_DATA,ACK,354,1024,"unique file bytes acknowledged"
1313.166,sender,af416b39-8b0b-4383-b8fd-ab44d75320e5,RTT_SAMPLE,ACK,354,0,"92.152500"
1313.171,sender,af416b39-8b0b-4383-b8fd-ab44d75320e5,RECEIVE,ACK,359,36,""
1313.174,sender,af416b39-8b0b-4383-b8fd-ab44d75320e5,ACKNOWLEDGED,ACK,359,0,""
1313.180,sender,af416b39-8b0b-4383-b8fd-ab44d75320e5,CONFIRM_DATA,ACK,359,1024,"unique file bytes acknowledged"
1313.183,sender,af416b39-8b0b-4383-b8fd-ab44d75320e5,RTT_SAMPLE,ACK,359,0,"92.088800"
1328.302,sender,af416b39-8b0b-4383-b8fd-ab44d75320e5,EMIT,DATA,368,1060,""
1328.382,sender,af416b39-8b0b-4383-b8fd-ab44d75320e5,EMIT,DATA,378,1060,""
1328.390,sender,af416b39-8b0b-4383-b8fd-ab44d75320e5,RECEIVE,ACK,351,36,""
1328.400,sender,af416b39-8b0b-4383-b8fd-ab44d75320e5,ACKNOWLEDGED,ACK,351,0,""
1328.404,sender,af416b39-8b0b-4383-b8fd-ab44d75320e5,CONFIRM_DATA,ACK,351,1024,"unique file bytes acknowledged"
1328.409,sender,af416b39-8b0b-4383-b8fd-ab44d75320e5,EMIT,DATA,370,1060,""
1328.415,sender,af416b39-8b0b-4383-b8fd-ab44d75320e5,RTT_SAMPLE,ACK,351,0,"107.418100"
1328.421,sender,af416b39-8b0b-4383-b8fd-ab44d75320e5,SEND,DATA,383,1060,""
1328.424,sender,af416b39-8b0b-4383-b8fd-ab44d75320e5,EMIT,DATA,381,1060,""
1328.429,sender,af416b39-8b0b-4383-b8fd-ab44d75320e5,SEND,DATA,384,1060,""
1328.432,sender,af416b39-8b0b-4383-b8fd-ab44d75320e5,SEND,DATA,385,1060,""
1328.435,sender,af416b39-8b0b-4383-b8fd-ab44d75320e5,SEND,DATA,386,1060,""
1328.438,sender,af416b39-8b0b-4383-b8fd-ab44d75320e5,SEND,DATA,387,1060,""
1328.441,sender,af416b39-8b0b-4383-b8fd-ab44d75320e5,SEND,DATA,388,1060,""
1328.444,sender,af416b39-8b0b-4383-b8fd-ab44d75320e5,SEND,DATA,389,1060,""
1328.447,sender,af416b39-8b0b-4383-b8fd-ab44d75320e5,SEND,DATA,390,1060,""
1328.451,sender,af416b39-8b0b-4383-b8fd-ab44d75320e5,SEND,DATA,391,1060,""
1328.454,sender,af416b39-8b0b-4383-b8fd-ab44d75320e5,SEND,DATA,392,1060,""
1344.245,sender,af416b39-8b0b-4383-b8fd-ab44d75320e5,EMIT,DATA,382,1060,""
1344.276,sender,af416b39-8b0b-4383-b8fd-ab44d75320e5,EMIT,DATA,375,1060,""
1344.292,sender,af416b39-8b0b-4383-b8fd-ab44d75320e5,EMIT,DATA,373,1060,""
1344.300,sender,af416b39-8b0b-4383-b8fd-ab44d75320e5,EMIT,DATA,377,1060,""
1344.314,sender,af416b39-8b0b-4383-b8fd-ab44d75320e5,EMIT,DATA,380,1060,""
1344.362,sender,af416b39-8b0b-4383-b8fd-ab44d75320e5,RECEIVE,ACK,361,36,""
1344.372,sender,af416b39-8b0b-4383-b8fd-ab44d75320e5,ACKNOWLEDGED,ACK,361,0,""
1344.376,sender,af416b39-8b0b-4383-b8fd-ab44d75320e5,CONFIRM_DATA,ACK,361,1024,"unique file bytes acknowledged"
1344.381,sender,af416b39-8b0b-4383-b8fd-ab44d75320e5,RTT_SAMPLE,ACK,361,0,"123.278700"
1344.386,sender,af416b39-8b0b-4383-b8fd-ab44d75320e5,SEND,DATA,393,1060,""
1344.391,sender,af416b39-8b0b-4383-b8fd-ab44d75320e5,SEND,DATA,394,1060,""
1344.397,sender,af416b39-8b0b-4383-b8fd-ab44d75320e5,RECEIVE,ACK,363,36,""
1344.400,sender,af416b39-8b0b-4383-b8fd-ab44d75320e5,ACKNOWLEDGED,ACK,363,0,""
1344.403,sender,af416b39-8b0b-4383-b8fd-ab44d75320e5,CONFIRM_DATA,ACK,363,1024,"unique file bytes acknowledged"
1344.406,sender,af416b39-8b0b-4383-b8fd-ab44d75320e5,RTT_SAMPLE,ACK,363,0,"92.629900"
1344.410,sender,af416b39-8b0b-4383-b8fd-ab44d75320e5,SEND,DATA,395,1060,""
1344.416,sender,af416b39-8b0b-4383-b8fd-ab44d75320e5,RECEIVE,ACK,367,36,""
1344.419,sender,af416b39-8b0b-4383-b8fd-ab44d75320e5,ACKNOWLEDGED,ACK,367,0,""
1344.421,sender,af416b39-8b0b-4383-b8fd-ab44d75320e5,CONFIRM_DATA,ACK,367,1024,"unique file bytes acknowledged"
1344.428,sender,af416b39-8b0b-4383-b8fd-ab44d75320e5,RTT_SAMPLE,ACK,367,0,"76.912400"
1344.434,sender,af416b39-8b0b-4383-b8fd-ab44d75320e5,RECEIVE,ACK,376,36,""
1344.437,sender,af416b39-8b0b-4383-b8fd-ab44d75320e5,ACKNOWLEDGED,ACK,376,0,""
1344.439,sender,af416b39-8b0b-4383-b8fd-ab44d75320e5,CONFIRM_DATA,ACK,376,1024,"unique file bytes acknowledged"
1344.442,sender,af416b39-8b0b-4383-b8fd-ab44d75320e5,RTT_SAMPLE,ACK,376,0,"61.900400"
1344.448,sender,af416b39-8b0b-4383-b8fd-ab44d75320e5,RECEIVE,ACK,365,36,""
1344.450,sender,af416b39-8b0b-4383-b8fd-ab44d75320e5,ACKNOWLEDGED,ACK,365,0,""
1344.453,sender,af416b39-8b0b-4383-b8fd-ab44d75320e5,CONFIRM_DATA,ACK,365,1024,"unique file bytes acknowledged"
1344.456,sender,af416b39-8b0b-4383-b8fd-ab44d75320e5,RTT_SAMPLE,ACK,365,0,"92.653600"
1344.464,sender,af416b39-8b0b-4383-b8fd-ab44d75320e5,RECEIVE,ACK,364,36,""
1344.470,sender,af416b39-8b0b-4383-b8fd-ab44d75320e5,ACKNOWLEDGED,ACK,364,0,""
1344.473,sender,af416b39-8b0b-4383-b8fd-ab44d75320e5,CONFIRM_DATA,ACK,364,1024,"unique file bytes acknowledged"
1344.476,sender,af416b39-8b0b-4383-b8fd-ab44d75320e5,RTT_SAMPLE,ACK,364,0,"92.695000"
1344.479,sender,af416b39-8b0b-4383-b8fd-ab44d75320e5,SEND,DATA,396,1060,""
1344.512,sender,af416b39-8b0b-4383-b8fd-ab44d75320e5,SEND,DATA,397,1060,""
1344.518,sender,af416b39-8b0b-4383-b8fd-ab44d75320e5,RECEIVE,ACK,374,36,""
1344.520,sender,af416b39-8b0b-4383-b8fd-ab44d75320e5,ACKNOWLEDGED,ACK,374,0,""
1344.523,sender,af416b39-8b0b-4383-b8fd-ab44d75320e5,CONFIRM_DATA,ACK,374,1024,"unique file bytes acknowledged"
1344.526,sender,af416b39-8b0b-4383-b8fd-ab44d75320e5,RTT_SAMPLE,ACK,374,0,"61.990300"
1359.754,sender,af416b39-8b0b-4383-b8fd-ab44d75320e5,RECEIVE,ACK,371,36,""
1359.766,sender,af416b39-8b0b-4383-b8fd-ab44d75320e5,ACKNOWLEDGED,ACK,371,0,""
1359.769,sender,af416b39-8b0b-4383-b8fd-ab44d75320e5,CONFIRM_DATA,ACK,371,1024,"unique file bytes acknowledged"
1359.774,sender,af416b39-8b0b-4383-b8fd-ab44d75320e5,RTT_SAMPLE,ACK,371,0,"92.155500"
1359.781,sender,af416b39-8b0b-4383-b8fd-ab44d75320e5,RECEIVE,ACK,369,36,""
1359.784,sender,af416b39-8b0b-4383-b8fd-ab44d75320e5,ACKNOWLEDGED,ACK,369,0,""
1359.786,sender,af416b39-8b0b-4383-b8fd-ab44d75320e5,CONFIRM_DATA,ACK,369,1024,"unique file bytes acknowledged"
1359.789,sender,af416b39-8b0b-4383-b8fd-ab44d75320e5,RTT_SAMPLE,ACK,369,0,"92.177300"
1359.794,sender,af416b39-8b0b-4383-b8fd-ab44d75320e5,RECEIVE,ACK,378,36,""
1359.796,sender,af416b39-8b0b-4383-b8fd-ab44d75320e5,ACKNOWLEDGED,ACK,378,0,""
1359.798,sender,af416b39-8b0b-4383-b8fd-ab44d75320e5,CONFIRM_DATA,ACK,378,1024,"unique file bytes acknowledged"
1359.801,sender,af416b39-8b0b-4383-b8fd-ab44d75320e5,RTT_SAMPLE,ACK,378,0,"77.252900"
1359.805,sender,af416b39-8b0b-4383-b8fd-ab44d75320e5,RECEIVE,ACK,366,36,""
1359.812,sender,af416b39-8b0b-4383-b8fd-ab44d75320e5,ACKNOWLEDGED,ACK,366,0,""
1359.814,sender,af416b39-8b0b-4383-b8fd-ab44d75320e5,CONFIRM_DATA,ACK,366,1024,"unique file bytes acknowledged"
1359.817,sender,af416b39-8b0b-4383-b8fd-ab44d75320e5,RTT_SAMPLE,ACK,366,0,"92.305300"
1359.820,sender,af416b39-8b0b-4383-b8fd-ab44d75320e5,SEND,DATA,398,1060,""
1359.825,sender,af416b39-8b0b-4383-b8fd-ab44d75320e5,SEND,DATA,399,1060,""
1359.834,sender,af416b39-8b0b-4383-b8fd-ab44d75320e5,EMIT,DATA,392,1060,""
1359.874,sender,af416b39-8b0b-4383-b8fd-ab44d75320e5,EMIT,DATA,390,1060,""
1375.748,sender,af416b39-8b0b-4383-b8fd-ab44d75320e5,EMIT,DATA,391,1060,""
1375.761,sender,af416b39-8b0b-4383-b8fd-ab44d75320e5,RECEIVE,ACK,372,36,""
1375.772,sender,af416b39-8b0b-4383-b8fd-ab44d75320e5,EMIT,DATA,387,1060,""
1375.775,sender,af416b39-8b0b-4383-b8fd-ab44d75320e5,ACKNOWLEDGED,ACK,372,0,""
1375.779,sender,af416b39-8b0b-4383-b8fd-ab44d75320e5,CONFIRM_DATA,ACK,372,1024,"unique file bytes acknowledged"
1375.782,sender,af416b39-8b0b-4383-b8fd-ab44d75320e5,EMIT,DATA,385,1060,""
1375.786,sender,af416b39-8b0b-4383-b8fd-ab44d75320e5,RTT_SAMPLE,ACK,372,0,"93.254800"
1375.790,sender,af416b39-8b0b-4383-b8fd-ab44d75320e5,EMIT,DATA,384,1060,""
1375.793,sender,af416b39-8b0b-4383-b8fd-ab44d75320e5,RECEIVE,ACK,381,36,""
1375.796,sender,af416b39-8b0b-4383-b8fd-ab44d75320e5,ACKNOWLEDGED,ACK,381,0,""
1375.798,sender,af416b39-8b0b-4383-b8fd-ab44d75320e5,EMIT,DATA,388,1060,""
1375.801,sender,af416b39-8b0b-4383-b8fd-ab44d75320e5,CONFIRM_DATA,ACK,381,1024,"unique file bytes acknowledged"
1375.804,sender,af416b39-8b0b-4383-b8fd-ab44d75320e5,RTT_SAMPLE,ACK,381,0,"77.909300"
1375.807,sender,af416b39-8b0b-4383-b8fd-ab44d75320e5,EMIT,DATA,389,1060,""
1375.810,sender,af416b39-8b0b-4383-b8fd-ab44d75320e5,RECEIVE,ACK,379,36,""
1375.813,sender,af416b39-8b0b-4383-b8fd-ab44d75320e5,ACKNOWLEDGED,ACK,379,0,""
1375.815,sender,af416b39-8b0b-4383-b8fd-ab44d75320e5,CONFIRM_DATA,ACK,379,1024,"unique file bytes acknowledged"
1375.818,sender,af416b39-8b0b-4383-b8fd-ab44d75320e5,RTT_SAMPLE,ACK,379,0,"93.267100"
1375.823,sender,af416b39-8b0b-4383-b8fd-ab44d75320e5,RECEIVE,ACK,370,36,""
1375.826,sender,af416b39-8b0b-4383-b8fd-ab44d75320e5,ACKNOWLEDGED,ACK,370,0,""
1375.828,sender,af416b39-8b0b-4383-b8fd-ab44d75320e5,CONFIRM_DATA,ACK,370,1024,"unique file bytes acknowledged"
1375.831,sender,af416b39-8b0b-4383-b8fd-ab44d75320e5,RTT_SAMPLE,ACK,370,0,"108.216300"
1375.836,sender,af416b39-8b0b-4383-b8fd-ab44d75320e5,RECEIVE,ACK,368,36,""
1375.838,sender,af416b39-8b0b-4383-b8fd-ab44d75320e5,ACKNOWLEDGED,ACK,368,0,""
1375.840,sender,af416b39-8b0b-4383-b8fd-ab44d75320e5,CONFIRM_DATA,ACK,368,1024,"unique file bytes acknowledged"
1375.843,sender,af416b39-8b0b-4383-b8fd-ab44d75320e5,RTT_SAMPLE,ACK,368,0,"108.309800"
1375.847,sender,af416b39-8b0b-4383-b8fd-ab44d75320e5,SEND,DATA,400,1060,""
1375.852,sender,af416b39-8b0b-4383-b8fd-ab44d75320e5,SEND,DATA,401,1060,""
1375.855,sender,af416b39-8b0b-4383-b8fd-ab44d75320e5,SEND,DATA,402,1060,""
1375.858,sender,af416b39-8b0b-4383-b8fd-ab44d75320e5,SEND,DATA,403,1060,""
1375.861,sender,af416b39-8b0b-4383-b8fd-ab44d75320e5,SEND,DATA,404,1060,""
1375.865,sender,af416b39-8b0b-4383-b8fd-ab44d75320e5,RECEIVE,ACK,382,36,""
1375.868,sender,af416b39-8b0b-4383-b8fd-ab44d75320e5,ACKNOWLEDGED,ACK,382,0,""
1375.870,sender,af416b39-8b0b-4383-b8fd-ab44d75320e5,CONFIRM_DATA,ACK,382,1024,"unique file bytes acknowledged"
1375.873,sender,af416b39-8b0b-4383-b8fd-ab44d75320e5,RTT_SAMPLE,ACK,382,0,"77.913600"
1391.728,sender,af416b39-8b0b-4383-b8fd-ab44d75320e5,EMIT,DATA,395,1060,""
1391.764,sender,af416b39-8b0b-4383-b8fd-ab44d75320e5,EMIT,DATA,386,1060,""
1391.774,sender,af416b39-8b0b-4383-b8fd-ab44d75320e5,EMIT,DATA,383,1060,""
1391.782,sender,af416b39-8b0b-4383-b8fd-ab44d75320e5,EMIT,DATA,393,1060,""
1391.790,sender,af416b39-8b0b-4383-b8fd-ab44d75320e5,EMIT,DATA,396,1060,""
1391.817,sender,af416b39-8b0b-4383-b8fd-ab44d75320e5,EMIT,DATA,397,1060,""
1391.824,sender,af416b39-8b0b-4383-b8fd-ab44d75320e5,EMIT,DATA,394,1060,""
1391.886,sender,af416b39-8b0b-4383-b8fd-ab44d75320e5,RECEIVE,ACK,373,36,""
1391.923,sender,af416b39-8b0b-4383-b8fd-ab44d75320e5,ACKNOWLEDGED,ACK,373,0,""
1391.933,sender,af416b39-8b0b-4383-b8fd-ab44d75320e5,CONFIRM_DATA,ACK,373,1024,"unique file bytes acknowledged"
1391.946,sender,af416b39-8b0b-4383-b8fd-ab44d75320e5,RTT_SAMPLE,ACK,373,0,"109.409100"
1391.959,sender,af416b39-8b0b-4383-b8fd-ab44d75320e5,SEND,DATA,405,1060,""
1391.964,sender,af416b39-8b0b-4383-b8fd-ab44d75320e5,SEND,DATA,406,1060,""
1391.974,sender,af416b39-8b0b-4383-b8fd-ab44d75320e5,RECEIVE,ACK,375,36,""
1391.977,sender,af416b39-8b0b-4383-b8fd-ab44d75320e5,ACKNOWLEDGED,ACK,375,0,""
1391.979,sender,af416b39-8b0b-4383-b8fd-ab44d75320e5,CONFIRM_DATA,ACK,375,1024,"unique file bytes acknowledged"
1391.982,sender,af416b39-8b0b-4383-b8fd-ab44d75320e5,RTT_SAMPLE,ACK,375,0,"109.443400"
1391.985,sender,af416b39-8b0b-4383-b8fd-ab44d75320e5,SEND,DATA,407,1060,""
1391.988,sender,af416b39-8b0b-4383-b8fd-ab44d75320e5,SEND,DATA,408,1060,""
1391.998,sender,af416b39-8b0b-4383-b8fd-ab44d75320e5,RECEIVE,ACK,377,36,""
1392.000,sender,af416b39-8b0b-4383-b8fd-ab44d75320e5,ACKNOWLEDGED,ACK,377,0,""
1392.002,sender,af416b39-8b0b-4383-b8fd-ab44d75320e5,CONFIRM_DATA,ACK,377,1024,"unique file bytes acknowledged"
1392.005,sender,af416b39-8b0b-4383-b8fd-ab44d75320e5,RTT_SAMPLE,ACK,377,0,"109.460500"
1392.008,sender,af416b39-8b0b-4383-b8fd-ab44d75320e5,SEND,DATA,409,1060,""
1392.011,sender,af416b39-8b0b-4383-b8fd-ab44d75320e5,SEND,DATA,410,1060,""
1392.014,sender,af416b39-8b0b-4383-b8fd-ab44d75320e5,SEND,DATA,411,1060,""
1407.829,sender,af416b39-8b0b-4383-b8fd-ab44d75320e5,EMIT,DATA,402,1060,""
1407.858,sender,af416b39-8b0b-4383-b8fd-ab44d75320e5,EMIT,DATA,404,1060,""
1407.872,sender,af416b39-8b0b-4383-b8fd-ab44d75320e5,EMIT,DATA,398,1060,""
1407.881,sender,af416b39-8b0b-4383-b8fd-ab44d75320e5,EMIT,DATA,399,1060,""
1407.890,sender,af416b39-8b0b-4383-b8fd-ab44d75320e5,EMIT,DATA,400,1060,""
1408.000,sender,af416b39-8b0b-4383-b8fd-ab44d75320e5,RECEIVE,ACK,380,36,""
1408.010,sender,af416b39-8b0b-4383-b8fd-ab44d75320e5,ACKNOWLEDGED,ACK,380,0,""
1408.014,sender,af416b39-8b0b-4383-b8fd-ab44d75320e5,CONFIRM_DATA,ACK,380,1024,"unique file bytes acknowledged"
1408.019,sender,af416b39-8b0b-4383-b8fd-ab44d75320e5,RTT_SAMPLE,ACK,380,0,"110.171100"
1408.028,sender,af416b39-8b0b-4383-b8fd-ab44d75320e5,SEND,DATA,412,1060,""
1408.033,sender,af416b39-8b0b-4383-b8fd-ab44d75320e5,SEND,DATA,413,1060,""
1408.065,sender,af416b39-8b0b-4383-b8fd-ab44d75320e5,SEND,DATA,414,1060,""
1408.075,sender,af416b39-8b0b-4383-b8fd-ab44d75320e5,RECEIVE,ACK,390,36,""
1408.077,sender,af416b39-8b0b-4383-b8fd-ab44d75320e5,ACKNOWLEDGED,ACK,390,0,""
1408.080,sender,af416b39-8b0b-4383-b8fd-ab44d75320e5,CONFIRM_DATA,ACK,390,1024,"unique file bytes acknowledged"
1408.083,sender,af416b39-8b0b-4383-b8fd-ab44d75320e5,RTT_SAMPLE,ACK,390,0,"79.635300"
1408.089,sender,af416b39-8b0b-4383-b8fd-ab44d75320e5,RECEIVE,ACK,387,36,""
1408.091,sender,af416b39-8b0b-4383-b8fd-ab44d75320e5,ACKNOWLEDGED,ACK,387,0,""
1408.094,sender,af416b39-8b0b-4383-b8fd-ab44d75320e5,CONFIRM_DATA,ACK,387,1024,"unique file bytes acknowledged"
1408.097,sender,af416b39-8b0b-4383-b8fd-ab44d75320e5,RTT_SAMPLE,ACK,387,0,"79.658200"
1408.104,sender,af416b39-8b0b-4383-b8fd-ab44d75320e5,RECEIVE,ACK,389,36,""
1408.107,sender,af416b39-8b0b-4383-b8fd-ab44d75320e5,ACKNOWLEDGED,ACK,389,0,""
1408.109,sender,af416b39-8b0b-4383-b8fd-ab44d75320e5,CONFIRM_DATA,ACK,389,1024,"unique file bytes acknowledged"
1408.112,sender,af416b39-8b0b-4383-b8fd-ab44d75320e5,RTT_SAMPLE,ACK,389,0,"79.667500"
1408.117,sender,af416b39-8b0b-4383-b8fd-ab44d75320e5,RECEIVE,ACK,391,36,""
1408.119,sender,af416b39-8b0b-4383-b8fd-ab44d75320e5,ACKNOWLEDGED,ACK,391,0,""
1408.122,sender,af416b39-8b0b-4383-b8fd-ab44d75320e5,CONFIRM_DATA,ACK,391,1024,"unique file bytes acknowledged"
1408.125,sender,af416b39-8b0b-4383-b8fd-ab44d75320e5,RTT_SAMPLE,ACK,391,0,"79.673700"
1423.542,sender,af416b39-8b0b-4383-b8fd-ab44d75320e5,EMIT,DATA,401,1060,""
1423.576,sender,af416b39-8b0b-4383-b8fd-ab44d75320e5,EMIT,DATA,403,1060,""
1423.586,sender,af416b39-8b0b-4383-b8fd-ab44d75320e5,EMIT,DATA,410,1060,""
1423.594,sender,af416b39-8b0b-4383-b8fd-ab44d75320e5,EMIT,DATA,407,1060,""
1423.800,sender,af416b39-8b0b-4383-b8fd-ab44d75320e5,RECEIVE,ACK,388,36,""
1423.810,sender,af416b39-8b0b-4383-b8fd-ab44d75320e5,ACKNOWLEDGED,ACK,388,0,""
1423.813,sender,af416b39-8b0b-4383-b8fd-ab44d75320e5,CONFIRM_DATA,ACK,388,1024,"unique file bytes acknowledged"
1423.823,sender,af416b39-8b0b-4383-b8fd-ab44d75320e5,RTT_SAMPLE,ACK,388,0,"95.375200"
1423.835,sender,af416b39-8b0b-4383-b8fd-ab44d75320e5,RECEIVE,ACK,392,36,""
1423.838,sender,af416b39-8b0b-4383-b8fd-ab44d75320e5,ACKNOWLEDGED,ACK,392,0,""
1423.840,sender,af416b39-8b0b-4383-b8fd-ab44d75320e5,CONFIRM_DATA,ACK,392,1024,"unique file bytes acknowledged"
1423.843,sender,af416b39-8b0b-4383-b8fd-ab44d75320e5,RTT_SAMPLE,ACK,392,0,"95.389100"
1423.849,sender,af416b39-8b0b-4383-b8fd-ab44d75320e5,RECEIVE,ACK,385,36,""
1423.851,sender,af416b39-8b0b-4383-b8fd-ab44d75320e5,ACKNOWLEDGED,ACK,385,0,""
1423.854,sender,af416b39-8b0b-4383-b8fd-ab44d75320e5,CONFIRM_DATA,ACK,385,1024,"unique file bytes acknowledged"
1423.857,sender,af416b39-8b0b-4383-b8fd-ab44d75320e5,RTT_SAMPLE,ACK,385,0,"95.424300"
1423.862,sender,af416b39-8b0b-4383-b8fd-ab44d75320e5,RECEIVE,ACK,384,36,""
1423.864,sender,af416b39-8b0b-4383-b8fd-ab44d75320e5,ACKNOWLEDGED,ACK,384,0,""
1423.867,sender,af416b39-8b0b-4383-b8fd-ab44d75320e5,CONFIRM_DATA,ACK,384,1024,"unique file bytes acknowledged"
1423.870,sender,af416b39-8b0b-4383-b8fd-ab44d75320e5,RTT_SAMPLE,ACK,384,0,"95.443900"
1423.875,sender,af416b39-8b0b-4383-b8fd-ab44d75320e5,RECEIVE,ACK,396,36,""
1423.877,sender,af416b39-8b0b-4383-b8fd-ab44d75320e5,ACKNOWLEDGED,ACK,396,0,""
1423.879,sender,af416b39-8b0b-4383-b8fd-ab44d75320e5,CONFIRM_DATA,ACK,396,1024,"unique file bytes acknowledged"
1423.882,sender,af416b39-8b0b-4383-b8fd-ab44d75320e5,RTT_SAMPLE,ACK,396,0,"79.402600"
1439.473,sender,af416b39-8b0b-4383-b8fd-ab44d75320e5,EMIT,DATA,405,1060,""
1439.501,sender,af416b39-8b0b-4383-b8fd-ab44d75320e5,EMIT,DATA,406,1060,""
1439.511,sender,af416b39-8b0b-4383-b8fd-ab44d75320e5,EMIT,DATA,408,1060,""
1439.520,sender,af416b39-8b0b-4383-b8fd-ab44d75320e5,EMIT,DATA,409,1060,""
1439.534,sender,af416b39-8b0b-4383-b8fd-ab44d75320e5,RECEIVE,ACK,386,36,""
1439.545,sender,af416b39-8b0b-4383-b8fd-ab44d75320e5,ACKNOWLEDGED,ACK,386,0,""
1439.548,sender,af416b39-8b0b-4383-b8fd-ab44d75320e5,CONFIRM_DATA,ACK,386,1024,"unique file bytes acknowledged"
1439.554,sender,af416b39-8b0b-4383-b8fd-ab44d75320e5,RTT_SAMPLE,ACK,386,0,"111.117400"
1439.562,sender,af416b39-8b0b-4383-b8fd-ab44d75320e5,RECEIVE,ACK,397,36,""
1439.569,sender,af416b39-8b0b-4383-b8fd-ab44d75320e5,ACKNOWLEDGED,ACK,397,0,""
1439.577,sender,af416b39-8b0b-4383-b8fd-ab44d75320e5,CONFIRM_DATA,ACK,397,1024,"unique file bytes acknowledged"
1439.580,sender,af416b39-8b0b-4383-b8fd-ab44d75320e5,RTT_SAMPLE,ACK,397,0,"95.068200"
1439.586,sender,af416b39-8b0b-4383-b8fd-ab44d75320e5,RECEIVE,ACK,395,36,""
1439.588,sender,af416b39-8b0b-4383-b8fd-ab44d75320e5,ACKNOWLEDGED,ACK,395,0,""
1439.590,sender,af416b39-8b0b-4383-b8fd-ab44d75320e5,CONFIRM_DATA,ACK,395,1024,"unique file bytes acknowledged"
1439.593,sender,af416b39-8b0b-4383-b8fd-ab44d75320e5,RTT_SAMPLE,ACK,395,0,"95.182900"
1439.598,sender,af416b39-8b0b-4383-b8fd-ab44d75320e5,RECEIVE,ACK,383,36,""
1439.601,sender,af416b39-8b0b-4383-b8fd-ab44d75320e5,ACKNOWLEDGED,ACK,383,0,""
1439.603,sender,af416b39-8b0b-4383-b8fd-ab44d75320e5,CONFIRM_DATA,ACK,383,1024,"unique file bytes acknowledged"
1439.606,sender,af416b39-8b0b-4383-b8fd-ab44d75320e5,RTT_SAMPLE,ACK,383,0,"111.185200"
1439.610,sender,af416b39-8b0b-4383-b8fd-ab44d75320e5,SEND,DATA,415,1060,""
1439.615,sender,af416b39-8b0b-4383-b8fd-ab44d75320e5,SEND,DATA,416,1060,""
1439.618,sender,af416b39-8b0b-4383-b8fd-ab44d75320e5,SEND,DATA,417,1060,""
1439.620,sender,af416b39-8b0b-4383-b8fd-ab44d75320e5,SEND,DATA,418,1060,""
1439.623,sender,af416b39-8b0b-4383-b8fd-ab44d75320e5,SEND,DATA,419,1060,""
1439.626,sender,af416b39-8b0b-4383-b8fd-ab44d75320e5,SEND,DATA,420,1060,""
1439.629,sender,af416b39-8b0b-4383-b8fd-ab44d75320e5,SEND,DATA,421,1060,""
1439.644,sender,af416b39-8b0b-4383-b8fd-ab44d75320e5,SEND,DATA,422,1060,""
1439.647,sender,af416b39-8b0b-4383-b8fd-ab44d75320e5,SEND,DATA,423,1060,""
1439.650,sender,af416b39-8b0b-4383-b8fd-ab44d75320e5,SEND,DATA,424,1060,""
1439.654,sender,af416b39-8b0b-4383-b8fd-ab44d75320e5,RECEIVE,ACK,393,36,""
1439.657,sender,af416b39-8b0b-4383-b8fd-ab44d75320e5,ACKNOWLEDGED,ACK,393,0,""
1439.659,sender,af416b39-8b0b-4383-b8fd-ab44d75320e5,CONFIRM_DATA,ACK,393,1024,"unique file bytes acknowledged"
1439.663,sender,af416b39-8b0b-4383-b8fd-ab44d75320e5,RTT_SAMPLE,ACK,393,0,"95.276200"
1439.666,sender,af416b39-8b0b-4383-b8fd-ab44d75320e5,SEND,DATA,425,1060,""
1454.909,sender,af416b39-8b0b-4383-b8fd-ab44d75320e5,EMIT,DATA,411,1060,""
1454.970,sender,af416b39-8b0b-4383-b8fd-ab44d75320e5,EMIT,DATA,414,1060,""
1454.998,sender,af416b39-8b0b-4383-b8fd-ab44d75320e5,EMIT,DATA,412,1060,""
1455.022,sender,af416b39-8b0b-4383-b8fd-ab44d75320e5,EMIT,DATA,413,1060,""
1455.168,sender,af416b39-8b0b-4383-b8fd-ab44d75320e5,RECEIVE,ACK,394,36,""
1455.191,sender,af416b39-8b0b-4383-b8fd-ab44d75320e5,ACKNOWLEDGED,ACK,394,0,""
1455.195,sender,af416b39-8b0b-4383-b8fd-ab44d75320e5,CONFIRM_DATA,ACK,394,1024,"unique file bytes acknowledged"
1455.200,sender,af416b39-8b0b-4383-b8fd-ab44d75320e5,RTT_SAMPLE,ACK,394,0,"110.806900"
1455.205,sender,af416b39-8b0b-4383-b8fd-ab44d75320e5,SEND,DATA,426,1060,""
1455.210,sender,af416b39-8b0b-4383-b8fd-ab44d75320e5,SEND,DATA,427,1060,""
1455.212,sender,af416b39-8b0b-4383-b8fd-ab44d75320e5,SEND,DATA,428,1060,""
1455.215,sender,af416b39-8b0b-4383-b8fd-ab44d75320e5,SEND,DATA,429,1060,""
1455.224,sender,af416b39-8b0b-4383-b8fd-ab44d75320e5,RECEIVE,ACK,399,36,""
1455.226,sender,af416b39-8b0b-4383-b8fd-ab44d75320e5,ACKNOWLEDGED,ACK,399,0,""
1455.229,sender,af416b39-8b0b-4383-b8fd-ab44d75320e5,CONFIRM_DATA,ACK,399,1024,"unique file bytes acknowledged"
1455.232,sender,af416b39-8b0b-4383-b8fd-ab44d75320e5,RTT_SAMPLE,ACK,399,0,"95.406200"
1455.237,sender,af416b39-8b0b-4383-b8fd-ab44d75320e5,RECEIVE,ACK,403,36,""
1455.239,sender,af416b39-8b0b-4383-b8fd-ab44d75320e5,ACKNOWLEDGED,ACK,403,0,""
1455.242,sender,af416b39-8b0b-4383-b8fd-ab44d75320e5,CONFIRM_DATA,ACK,403,1024,"unique file bytes acknowledged"
1455.244,sender,af416b39-8b0b-4383-b8fd-ab44d75320e5,RTT_SAMPLE,ACK,403,0,"79.386500"
1455.275,sender,af416b39-8b0b-4383-b8fd-ab44d75320e5,RECEIVE,ACK,398,36,""
1455.278,sender,af416b39-8b0b-4383-b8fd-ab44d75320e5,ACKNOWLEDGED,ACK,398,0,""
1455.280,sender,af416b39-8b0b-4383-b8fd-ab44d75320e5,CONFIRM_DATA,ACK,398,1024,"unique file bytes acknowledged"
1455.283,sender,af416b39-8b0b-4383-b8fd-ab44d75320e5,RTT_SAMPLE,ACK,398,0,"95.462500"
1455.286,sender,af416b39-8b0b-4383-b8fd-ab44d75320e5,SEND,DATA,430,1060,""
1455.289,sender,af416b39-8b0b-4383-b8fd-ab44d75320e5,SEND,DATA,431,1060,""
1455.294,sender,af416b39-8b0b-4383-b8fd-ab44d75320e5,RECEIVE,ACK,407,36,""
1455.296,sender,af416b39-8b0b-4383-b8fd-ab44d75320e5,ACKNOWLEDGED,ACK,407,0,""
1455.298,sender,af416b39-8b0b-4383-b8fd-ab44d75320e5,CONFIRM_DATA,ACK,407,1024,"unique file bytes acknowledged"
1455.301,sender,af416b39-8b0b-4383-b8fd-ab44d75320e5,RTT_SAMPLE,ACK,407,0,"63.315500"
1455.306,sender,af416b39-8b0b-4383-b8fd-ab44d75320e5,RECEIVE,ACK,400,36,""
1455.308,sender,af416b39-8b0b-4383-b8fd-ab44d75320e5,ACKNOWLEDGED,ACK,400,0,""
1455.310,sender,af416b39-8b0b-4383-b8fd-ab44d75320e5,CONFIRM_DATA,ACK,400,1024,"unique file bytes acknowledged"
1455.313,sender,af416b39-8b0b-4383-b8fd-ab44d75320e5,RTT_SAMPLE,ACK,400,0,"79.466200"
1455.316,sender,af416b39-8b0b-4383-b8fd-ab44d75320e5,SEND,DATA,432,1060,""
1470.836,sender,af416b39-8b0b-4383-b8fd-ab44d75320e5,RECEIVE,ACK,401,36,""
1470.852,sender,af416b39-8b0b-4383-b8fd-ab44d75320e5,ACKNOWLEDGED,ACK,401,0,""
1470.856,sender,af416b39-8b0b-4383-b8fd-ab44d75320e5,CONFIRM_DATA,ACK,401,1024,"unique file bytes acknowledged"
1470.861,sender,af416b39-8b0b-4383-b8fd-ab44d75320e5,RTT_SAMPLE,ACK,401,0,"95.007400"
1470.868,sender,af416b39-8b0b-4383-b8fd-ab44d75320e5,SEND,DATA,433,1060,""
1470.872,sender,af416b39-8b0b-4383-b8fd-ab44d75320e5,EMIT,DATA,417,1060,""
1470.885,sender,af416b39-8b0b-4383-b8fd-ab44d75320e5,RECEIVE,ACK,410,36,""
1470.898,sender,af416b39-8b0b-4383-b8fd-ab44d75320e5,ACKNOWLEDGED,ACK,410,0,""
1470.901,sender,af416b39-8b0b-4383-b8fd-ab44d75320e5,CONFIRM_DATA,ACK,410,1024,"unique file bytes acknowledged"
1470.904,sender,af416b39-8b0b-4383-b8fd-ab44d75320e5,RTT_SAMPLE,ACK,410,0,"78.892700"
1470.910,sender,af416b39-8b0b-4383-b8fd-ab44d75320e5,EMIT,DATA,423,1060,""
1470.915,sender,af416b39-8b0b-4383-b8fd-ab44d75320e5,RECEIVE,ACK,404,36,""
1470.918,sender,af416b39-8b0b-4383-b8fd-ab44d75320e5,ACKNOWLEDGED,ACK,404,0,""
1470.921,sender,af416b39-8b0b-4383-b8fd-ab44d75320e5,CONFIRM_DATA,ACK,404,1024,"unique file bytes acknowledged"
1470.924,sender,af416b39-8b0b-4383-b8fd-ab44d75320e5,RTT_SAMPLE,ACK,404,0,"95.062900"
1470.930,sender,af416b39-8b0b-4383-b8fd-ab44d75320e5,RECEIVE,ACK,402,36,""
1470.932,sender,af416b39-8b0b-4383-b8fd-ab44d75320e5,ACKNOWLEDGED,ACK,402,0,""
1470.941,sender,af416b39-8b0b-4383-b8fd-ab44d75320e5,CONFIRM_DATA,ACK,402,1024,"unique file bytes acknowledged"
1470.944,sender,af416b39-8b0b-4383-b8fd-ab44d75320e5,RTT_SAMPLE,ACK,402,0,"95.088800"
1470.948,sender,af416b39-8b0b-4383-b8fd-ab44d75320e5,SEND,DATA,434,1060,""
1470.951,sender,af416b39-8b0b-4383-b8fd-ab44d75320e5,SEND,DATA,435,1060,""
1470.954,sender,af416b39-8b0b-4383-b8fd-ab44d75320e5,SEND,DATA,436,1060,""
1470.960,sender,af416b39-8b0b-4383-b8fd-ab44d75320e5,RECEIVE,ACK,405,36,""
1470.963,sender,af416b39-8b0b-4383-b8fd-ab44d75320e5,ACKNOWLEDGED,ACK,405,0,""
1470.965,sender,af416b39-8b0b-4383-b8fd-ab44d75320e5,CONFIRM_DATA,ACK,405,1024,"unique file bytes acknowledged"
1470.969,sender,af416b39-8b0b-4383-b8fd-ab44d75320e5,RTT_SAMPLE,ACK,405,0,"79.009500"
1470.972,sender,af416b39-8b0b-4383-b8fd-ab44d75320e5,SEND,DATA,437,1060,""
1470.981,sender,af416b39-8b0b-4383-b8fd-ab44d75320e5,RECEIVE,ACK,408,36,""
1470.984,sender,af416b39-8b0b-4383-b8fd-ab44d75320e5,ACKNOWLEDGED,ACK,408,0,""
1470.986,sender,af416b39-8b0b-4383-b8fd-ab44d75320e5,CONFIRM_DATA,ACK,408,1024,"unique file bytes acknowledged"
1470.994,sender,af416b39-8b0b-4383-b8fd-ab44d75320e5,RTT_SAMPLE,ACK,408,0,"79.005300"
1486.943,sender,af416b39-8b0b-4383-b8fd-ab44d75320e5,RECEIVE,ACK,406,36,""
1486.956,sender,af416b39-8b0b-4383-b8fd-ab44d75320e5,ACKNOWLEDGED,ACK,406,0,""
1486.959,sender,af416b39-8b0b-4383-b8fd-ab44d75320e5,CONFIRM_DATA,ACK,406,1024,"unique file bytes acknowledged"
1486.964,sender,af416b39-8b0b-4383-b8fd-ab44d75320e5,RTT_SAMPLE,ACK,406,0,"94.998800"
1486.968,sender,af416b39-8b0b-4383-b8fd-ab44d75320e5,EMIT,DATA,420,1060,""
1486.988,sender,af416b39-8b0b-4383-b8fd-ab44d75320e5,SEND,DATA,438,1060,""
1486.993,sender,af416b39-8b0b-4383-b8fd-ab44d75320e5,SEND,DATA,439,1060,""
1486.996,sender,af416b39-8b0b-4383-b8fd-ab44d75320e5,SEND,DATA,440,1060,""
1487.007,sender,af416b39-8b0b-4383-b8fd-ab44d75320e5,RECEIVE,ACK,414,36,""
1487.010,sender,af416b39-8b0b-4383-b8fd-ab44d75320e5,EMIT,DATA,424,1060,""
1487.019,sender,af416b39-8b0b-4383-b8fd-ab44d75320e5,ACKNOWLEDGED,ACK,414,0,""
1487.021,sender,af416b39-8b0b-4383-b8fd-ab44d75320e5,CONFIRM_DATA,ACK,414,1024,"unique file bytes acknowledged"
1487.024,sender,af416b39-8b0b-4383-b8fd-ab44d75320e5,RTT_SAMPLE,ACK,414,0,"78.959100"
1487.030,sender,af416b39-8b0b-4383-b8fd-ab44d75320e5,RECEIVE,ACK,409,36,""
1487.033,sender,af416b39-8b0b-4383-b8fd-ab44d75320e5,EMIT,DATA,416,1060,""
1487.040,sender,af416b39-8b0b-4383-b8fd-ab44d75320e5,ACKNOWLEDGED,ACK,409,0,""
1487.043,sender,af416b39-8b0b-4383-b8fd-ab44d75320e5,CONFIRM_DATA,ACK,409,1024,"unique file bytes acknowledged"
1487.046,sender,af416b39-8b0b-4383-b8fd-ab44d75320e5,RTT_SAMPLE,ACK,409,0,"95.037200"
1487.049,sender,af416b39-8b0b-4383-b8fd-ab44d75320e5,SEND,DATA,441,1060,""
1487.052,sender,af416b39-8b0b-4383-b8fd-ab44d75320e5,SEND,DATA,442,1060,""
1487.055,sender,af416b39-8b0b-4383-b8fd-ab44d75320e5,EMIT,DATA,419,1060,""
1487.075,sender,af416b39-8b0b-4383-b8fd-ab44d75320e5,EMIT,DATA,425,1060,""
1487.093,sender,af416b39-8b0b-4383-b8fd-ab44d75320e5,EMIT,DATA,432,1060,""
1487.113,sender,af416b39-8b0b-4383-b8fd-ab44d75320e5,EMIT,DATA,426,1060,""
1487.131,sender,af416b39-8b0b-4383-b8fd-ab44d75320e5,EMIT,DATA,422,1060,""
1487.150,sender,af416b39-8b0b-4383-b8fd-ab44d75320e5,EMIT,DATA,431,1060,""
1487.168,sender,af416b39-8b0b-4383-b8fd-ab44d75320e5,EMIT,DATA,421,1060,""
1487.187,sender,af416b39-8b0b-4383-b8fd-ab44d75320e5,EMIT,DATA,415,1060,""
1502.568,sender,af416b39-8b0b-4383-b8fd-ab44d75320e5,EMIT,DATA,418,1060,""
1502.617,sender,af416b39-8b0b-4383-b8fd-ab44d75320e5,EMIT,DATA,429,1060,""
1502.628,sender,af416b39-8b0b-4383-b8fd-ab44d75320e5,EMIT,DATA,428,1060,""
1502.638,sender,af416b39-8b0b-4383-b8fd-ab44d75320e5,EMIT,DATA,436,1060,""
1502.649,sender,af416b39-8b0b-4383-b8fd-ab44d75320e5,EMIT,DATA,433,1060,""
1502.666,sender,af416b39-8b0b-4383-b8fd-ab44d75320e5,EMIT,DATA,430,1060,""
1502.675,sender,af416b39-8b0b-4383-b8fd-ab44d75320e5,EMIT,DATA,434,1060,""
1502.765,sender,af416b39-8b0b-4383-b8fd-ab44d75320e5,RECEIVE,ACK,412,36,""
1502.777,sender,af416b39-8b0b-4383-b8fd-ab44d75320e5,ACKNOWLEDGED,ACK,412,0,""
1502.780,sender,af416b39-8b0b-4383-b8fd-ab44d75320e5,CONFIRM_DATA,ACK,412,1024,"unique file bytes acknowledged"
1502.786,sender,af416b39-8b0b-4383-b8fd-ab44d75320e5,RTT_SAMPLE,ACK,412,0,"94.755400"
1502.798,sender,af416b39-8b0b-4383-b8fd-ab44d75320e5,RECEIVE,ACK,411,36,""
1502.801,sender,af416b39-8b0b-4383-b8fd-ab44d75320e5,ACKNOWLEDGED,ACK,411,0,""
1502.803,sender,af416b39-8b0b-4383-b8fd-ab44d75320e5,CONFIRM_DATA,ACK,411,1024,"unique file bytes acknowledged"
1502.807,sender,af416b39-8b0b-4383-b8fd-ab44d75320e5,RTT_SAMPLE,ACK,411,0,"110.791700"
1502.811,sender,af416b39-8b0b-4383-b8fd-ab44d75320e5,SEND,DATA,443,1060,""
1502.815,sender,af416b39-8b0b-4383-b8fd-ab44d75320e5,SEND,DATA,444,1060,""
1502.821,sender,af416b39-8b0b-4383-b8fd-ab44d75320e5,RECEIVE,ACK,423,36,""
1502.823,sender,af416b39-8b0b-4383-b8fd-ab44d75320e5,ACKNOWLEDGED,ACK,423,0,""
1502.825,sender,af416b39-8b0b-4383-b8fd-ab44d75320e5,CONFIRM_DATA,ACK,423,1024,"unique file bytes acknowledged"
1502.829,sender,af416b39-8b0b-4383-b8fd-ab44d75320e5,RTT_SAMPLE,ACK,423,0,"63.181900"
1502.834,sender,af416b39-8b0b-4383-b8fd-ab44d75320e5,RECEIVE,ACK,413,36,""
1502.837,sender,af416b39-8b0b-4383-b8fd-ab44d75320e5,ACKNOWLEDGED,ACK,413,0,""
1502.839,sender,af416b39-8b0b-4383-b8fd-ab44d75320e5,CONFIRM_DATA,ACK,413,1024,"unique file bytes acknowledged"
1502.880,sender,af416b39-8b0b-4383-b8fd-ab44d75320e5,RTT_SAMPLE,ACK,413,0,"94.847000"
1502.884,sender,af416b39-8b0b-4383-b8fd-ab44d75320e5,SEND,DATA,445,1060,""
1502.887,sender,af416b39-8b0b-4383-b8fd-ab44d75320e5,SEND,DATA,446,1060,""
1518.642,sender,af416b39-8b0b-4383-b8fd-ab44d75320e5,RECEIVE,ACK,417,36,""
1518.654,sender,af416b39-8b0b-4383-b8fd-ab44d75320e5,ACKNOWLEDGED,ACK,417,0,""
1518.657,sender,af416b39-8b0b-4383-b8fd-ab44d75320e5,CONFIRM_DATA,ACK,417,1024,"unique file bytes acknowledged"
1518.662,sender,af416b39-8b0b-4383-b8fd-ab44d75320e5,RTT_SAMPLE,ACK,417,0,"79.042800"
1518.671,sender,af416b39-8b0b-4383-b8fd-ab44d75320e5,RECEIVE,ACK,426,36,""
1518.674,sender,af416b39-8b0b-4383-b8fd-ab44d75320e5,ACKNOWLEDGED,ACK,426,0,""
1518.676,sender,af416b39-8b0b-4383-b8fd-ab44d75320e5,CONFIRM_DATA,ACK,426,1024,"unique file bytes acknowledged"
1518.679,sender,af416b39-8b0b-4383-b8fd-ab44d75320e5,RTT_SAMPLE,ACK,426,0,"63.473700"
1518.684,sender,af416b39-8b0b-4383-b8fd-ab44d75320e5,RECEIVE,ACK,425,36,""
1518.687,sender,af416b39-8b0b-4383-b8fd-ab44d75320e5,ACKNOWLEDGED,ACK,425,0,""
1518.689,sender,af416b39-8b0b-4383-b8fd-ab44d75320e5,CONFIRM_DATA,ACK,425,1024,"unique file bytes acknowledged"
1518.692,sender,af416b39-8b0b-4383-b8fd-ab44d75320e5,RTT_SAMPLE,ACK,425,0,"79.025500"
1518.697,sender,af416b39-8b0b-4383-b8fd-ab44d75320e5,RECEIVE,ACK,421,36,""
1518.699,sender,af416b39-8b0b-4383-b8fd-ab44d75320e5,ACKNOWLEDGED,ACK,421,0,""
1518.701,sender,af416b39-8b0b-4383-b8fd-ab44d75320e5,CONFIRM_DATA,ACK,421,1024,"unique file bytes acknowledged"
1518.704,sender,af416b39-8b0b-4383-b8fd-ab44d75320e5,RTT_SAMPLE,ACK,421,0,"79.075100"
1518.765,sender,af416b39-8b0b-4383-b8fd-ab44d75320e5,EMIT,DATA,427,1060,""
1518.786,sender,af416b39-8b0b-4383-b8fd-ab44d75320e5,EMIT,DATA,437,1060,""
1518.796,sender,af416b39-8b0b-4383-b8fd-ab44d75320e5,EMIT,DATA,435,1060,""
1518.806,sender,af416b39-8b0b-4383-b8fd-ab44d75320e5,EMIT,DATA,438,1060,""
1518.814,sender,af416b39-8b0b-4383-b8fd-ab44d75320e5,EMIT,DATA,441,1060,""
1534.567,sender,af416b39-8b0b-4383-b8fd-ab44d75320e5,RECEIVE,ACK,424,36,""
1534.580,sender,af416b39-8b0b-4383-b8fd-ab44d75320e5,ACKNOWLEDGED,ACK,424,0,""
1534.584,sender,af416b39-8b0b-4383-b8fd-ab44d75320e5,CONFIRM_DATA,ACK,424,1024,"unique file bytes acknowledged"
1534.589,sender,af416b39-8b0b-4383-b8fd-ab44d75320e5,RTT_SAMPLE,ACK,424,0,"94.937300"
1534.597,sender,af416b39-8b0b-4383-b8fd-ab44d75320e5,RECEIVE,ACK,422,36,""
1534.600,sender,af416b39-8b0b-4383-b8fd-ab44d75320e5,ACKNOWLEDGED,ACK,422,0,""
1534.602,sender,af416b39-8b0b-4383-b8fd-ab44d75320e5,CONFIRM_DATA,ACK,422,1024,"unique file bytes acknowledged"
1534.605,sender,af416b39-8b0b-4383-b8fd-ab44d75320e5,RTT_SAMPLE,ACK,422,0,"94.961100"
1534.611,sender,af416b39-8b0b-4383-b8fd-ab44d75320e5,RECEIVE,ACK,431,36,""
1534.614,sender,af416b39-8b0b-4383-b8fd-ab44d75320e5,ACKNOWLEDGED,ACK,431,0,""
1534.616,sender,af416b39-8b0b-4383-b8fd-ab44d75320e5,CONFIRM_DATA,ACK,431,1024,"unique file bytes acknowledged"
1534.628,sender,af416b39-8b0b-4383-b8fd-ab44d75320e5,RTT_SAMPLE,ACK,431,0,"79.338100"
1534.633,sender,af416b39-8b0b-4383-b8fd-ab44d75320e5,RECEIVE,ACK,432,36,""
1534.636,sender,af416b39-8b0b-4383-b8fd-ab44d75320e5,ACKNOWLEDGED,ACK,432,0,""
1534.638,sender,af416b39-8b0b-4383-b8fd-ab44d75320e5,CONFIRM_DATA,ACK,432,1024,"unique file bytes acknowledged"
1534.641,sender,af416b39-8b0b-4383-b8fd-ab44d75320e5,RTT_SAMPLE,ACK,432,0,"79.324500"
1534.647,sender,af416b39-8b0b-4383-b8fd-ab44d75320e5,RECEIVE,ACK,415,36,""
1534.650,sender,af416b39-8b0b-4383-b8fd-ab44d75320e5,ACKNOWLEDGED,ACK,415,0,""
1534.652,sender,af416b39-8b0b-4383-b8fd-ab44d75320e5,CONFIRM_DATA,ACK,415,1024,"unique file bytes acknowledged"
1534.655,sender,af416b39-8b0b-4383-b8fd-ab44d75320e5,RTT_SAMPLE,ACK,415,0,"95.045400"
1534.659,sender,af416b39-8b0b-4383-b8fd-ab44d75320e5,SEND,DATA,447,1060,""
1534.663,sender,af416b39-8b0b-4383-b8fd-ab44d75320e5,EMIT,DATA,440,1060,""
1534.672,sender,af416b39-8b0b-4383-b8fd-ab44d75320e5,RECEIVE,ACK,418,36,""
1534.675,sender,af416b39-8b0b-4383-b8fd-ab44d75320e5,ACKNOWLEDGED,ACK,418,0,""
1534.677,sender,af416b39-8b0b-4383-b8fd-ab44d75320e5,CONFIRM_DATA,ACK,418,1024,"unique file bytes acknowledged"
1534.680,sender,af416b39-8b0b-4383-b8fd-ab44d75320e5,RTT_SAMPLE,ACK,418,0,"95.059700"
1534.683,sender,af416b39-8b0b-4383-b8fd-ab44d75320e5,EMIT,DATA,442,1060,""
1534.687,sender,af416b39-8b0b-4383-b8fd-ab44d75320e5,RECEIVE,ACK,419,36,""
1534.689,sender,af416b39-8b0b-4383-b8fd-ab44d75320e5,ACKNOWLEDGED,ACK,419,0,""
1534.692,sender,af416b39-8b0b-4383-b8fd-ab44d75320e5,CONFIRM_DATA,ACK,419,1024,"unique file bytes acknowledged"
1534.694,sender,af416b39-8b0b-4383-b8fd-ab44d75320e5,EMIT,DATA,444,1060,""
1534.698,sender,af416b39-8b0b-4383-b8fd-ab44d75320e5,RTT_SAMPLE,ACK,419,0,"95.071100"
1534.703,sender,af416b39-8b0b-4383-b8fd-ab44d75320e5,RECEIVE,ACK,420,36,""
1534.706,sender,af416b39-8b0b-4383-b8fd-ab44d75320e5,ACKNOWLEDGED,ACK,420,0,""
1534.708,sender,af416b39-8b0b-4383-b8fd-ab44d75320e5,CONFIRM_DATA,ACK,420,1024,"unique file bytes acknowledged"
1534.711,sender,af416b39-8b0b-4383-b8fd-ab44d75320e5,RTT_SAMPLE,ACK,420,0,"95.084700"
1550.241,sender,af416b39-8b0b-4383-b8fd-ab44d75320e5,EMIT,DATA,439,1060,""
1550.268,sender,af416b39-8b0b-4383-b8fd-ab44d75320e5,EMIT,DATA,446,1060,""
1550.278,sender,af416b39-8b0b-4383-b8fd-ab44d75320e5,EMIT,DATA,443,1060,""
1550.286,sender,af416b39-8b0b-4383-b8fd-ab44d75320e5,EMIT,DATA,445,1060,""
1550.393,sender,af416b39-8b0b-4383-b8fd-ab44d75320e5,RECEIVE,ACK,416,36,""
1550.405,sender,af416b39-8b0b-4383-b8fd-ab44d75320e5,ACKNOWLEDGED,ACK,416,0,""
1550.409,sender,af416b39-8b0b-4383-b8fd-ab44d75320e5,CONFIRM_DATA,ACK,416,1024,"unique file bytes acknowledged"
1550.426,sender,af416b39-8b0b-4383-b8fd-ab44d75320e5,RTT_SAMPLE,ACK,416,0,"110.809800"
1550.432,sender,af416b39-8b0b-4383-b8fd-ab44d75320e5,SEND,DATA,448,1060,""
1550.437,sender,af416b39-8b0b-4383-b8fd-ab44d75320e5,SEND,DATA,449,1060,""
1550.441,sender,af416b39-8b0b-4383-b8fd-ab44d75320e5,SEND,DATA,450,1060,""
1550.444,sender,af416b39-8b0b-4383-b8fd-ab44d75320e5,SEND,DATA,451,1060,""
1550.447,sender,af416b39-8b0b-4383-b8fd-ab44d75320e5,SEND,DATA,452,1060,""
1550.451,sender,af416b39-8b0b-4383-b8fd-ab44d75320e5,SEND,DATA,453,1060,""
1550.454,sender,af416b39-8b0b-4383-b8fd-ab44d75320e5,SEND,DATA,454,1060,""
1550.457,sender,af416b39-8b0b-4383-b8fd-ab44d75320e5,SEND,DATA,455,1060,""
1550.461,sender,af416b39-8b0b-4383-b8fd-ab44d75320e5,SEND,DATA,456,1060,""
1550.464,sender,af416b39-8b0b-4383-b8fd-ab44d75320e5,SEND,DATA,457,1060,""
1550.467,sender,af416b39-8b0b-4383-b8fd-ab44d75320e5,SEND,DATA,458,1060,""
1550.478,sender,af416b39-8b0b-4383-b8fd-ab44d75320e5,RECEIVE,ACK,433,36,""
1550.482,sender,af416b39-8b0b-4383-b8fd-ab44d75320e5,ACKNOWLEDGED,ACK,433,0,""
1550.484,sender,af416b39-8b0b-4383-b8fd-ab44d75320e5,CONFIRM_DATA,ACK,433,1024,"unique file bytes acknowledged"
1550.488,sender,af416b39-8b0b-4383-b8fd-ab44d75320e5,RTT_SAMPLE,ACK,433,0,"79.619700"
1550.495,sender,af416b39-8b0b-4383-b8fd-ab44d75320e5,RECEIVE,ACK,430,36,""
1550.500,sender,af416b39-8b0b-4383-b8fd-ab44d75320e5,ACKNOWLEDGED,ACK,430,0,""
1550.503,sender,af416b39-8b0b-4383-b8fd-ab44d75320e5,CONFIRM_DATA,ACK,430,1024,"unique file bytes acknowledged"
1550.506,sender,af416b39-8b0b-4383-b8fd-ab44d75320e5,RTT_SAMPLE,ACK,430,0,"95.218900"
1550.511,sender,af416b39-8b0b-4383-b8fd-ab44d75320e5,RECEIVE,ACK,429,36,""
1550.513,sender,af416b39-8b0b-4383-b8fd-ab44d75320e5,ACKNOWLEDGED,ACK,429,0,""
1550.516,sender,af416b39-8b0b-4383-b8fd-ab44d75320e5,CONFIRM_DATA,ACK,429,1024,"unique file bytes acknowledged"
1550.519,sender,af416b39-8b0b-4383-b8fd-ab44d75320e5,RTT_SAMPLE,ACK,429,0,"95.303300"
1550.524,sender,af416b39-8b0b-4383-b8fd-ab44d75320e5,RECEIVE,ACK,434,36,""
1550.527,sender,af416b39-8b0b-4383-b8fd-ab44d75320e5,ACKNOWLEDGED,ACK,434,0,""
1550.529,sender,af416b39-8b0b-4383-b8fd-ab44d75320e5,CONFIRM_DATA,ACK,434,1024,"unique file bytes acknowledged"
1550.532,sender,af416b39-8b0b-4383-b8fd-ab44d75320e5,RTT_SAMPLE,ACK,434,0,"79.584300"
1550.577,sender,af416b39-8b0b-4383-b8fd-ab44d75320e5,RECEIVE,ACK,437,36,""
1550.580,sender,af416b39-8b0b-4383-b8fd-ab44d75320e5,ACKNOWLEDGED,ACK,437,0,""
1550.583,sender,af416b39-8b0b-4383-b8fd-ab44d75320e5,CONFIRM_DATA,ACK,437,1024,"unique file bytes acknowledged"
1550.585,sender,af416b39-8b0b-4383-b8fd-ab44d75320e5,RTT_SAMPLE,ACK,437,0,"79.612900"
1550.590,sender,af416b39-8b0b-4383-b8fd-ab44d75320e5,RECEIVE,ACK,435,36,""
1550.593,sender,af416b39-8b0b-4383-b8fd-ab44d75320e5,ACKNOWLEDGED,ACK,435,0,""
1550.595,sender,af416b39-8b0b-4383-b8fd-ab44d75320e5,CONFIRM_DATA,ACK,435,1024,"unique file bytes acknowledged"
1550.598,sender,af416b39-8b0b-4383-b8fd-ab44d75320e5,RTT_SAMPLE,ACK,435,0,"79.646500"
1566.091,sender,af416b39-8b0b-4383-b8fd-ab44d75320e5,RECEIVE,ACK,428,36,""
1566.105,sender,af416b39-8b0b-4383-b8fd-ab44d75320e5,ACKNOWLEDGED,ACK,428,0,""
1566.108,sender,af416b39-8b0b-4383-b8fd-ab44d75320e5,CONFIRM_DATA,ACK,428,1024,"unique file bytes acknowledged"
1566.113,sender,af416b39-8b0b-4383-b8fd-ab44d75320e5,RTT_SAMPLE,ACK,428,0,"110.899000"
1566.121,sender,af416b39-8b0b-4383-b8fd-ab44d75320e5,RECEIVE,ACK,436,36,""
1566.123,sender,af416b39-8b0b-4383-b8fd-ab44d75320e5,ACKNOWLEDGED,ACK,436,0,""
1566.126,sender,af416b39-8b0b-4383-b8fd-ab44d75320e5,CONFIRM_DATA,ACK,436,1024,"unique file bytes acknowledged"
1566.129,sender,af416b39-8b0b-4383-b8fd-ab44d75320e5,RTT_SAMPLE,ACK,436,0,"95.174300"
1566.133,sender,af416b39-8b0b-4383-b8fd-ab44d75320e5,EMIT,DATA,447,1060,""
1566.142,sender,af416b39-8b0b-4383-b8fd-ab44d75320e5,RECEIVE,ACK,438,36,""
1566.145,sender,af416b39-8b0b-4383-b8fd-ab44d75320e5,ACKNOWLEDGED,ACK,438,0,""
1566.148,sender,af416b39-8b0b-4383-b8fd-ab44d75320e5,CONFIRM_DATA,ACK,438,1024,"unique file bytes acknowledged"
1566.151,sender,af416b39-8b0b-4383-b8fd-ab44d75320e5,RTT_SAMPLE,ACK,438,0,"79.179500"
1566.157,sender,af416b39-8b0b-4383-b8fd-ab44d75320e5,RECEIVE,ACK,427,36,""
1566.160,sender,af416b39-8b0b-4383-b8fd-ab44d75320e5,ACKNOWLEDGED,ACK,427,0,""
1566.162,sender,af416b39-8b0b-4383-b8fd-ab44d75320e5,CONFIRM_DATA,ACK,427,1024,"unique file bytes acknowledged"
1566.166,sender,af416b39-8b0b-4383-b8fd-ab44d75320e5,RTT_SAMPLE,ACK,427,0,"110.955500"
1566.194,sender,af416b39-8b0b-4383-b8fd-ab44d75320e5,SEND,DATA,459,1060,""
1566.200,sender,af416b39-8b0b-4383-b8fd-ab44d75320e5,SEND,DATA,460,1060,""
1566.203,sender,af416b39-8b0b-4383-b8fd-ab44d75320e5,SEND,DATA,461,1060,""
1566.206,sender,af416b39-8b0b-4383-b8fd-ab44d75320e5,SEND,DATA,462,1060,""
1566.209,sender,af416b39-8b0b-4383-b8fd-ab44d75320e5,SEND,DATA,463,1060,""
1566.212,sender,af416b39-8b0b-4383-b8fd-ab44d75320e5,SEND,DATA,464,1060,""
1566.215,sender,af416b39-8b0b-4383-b8fd-ab44d75320e5,SEND,DATA,465,1060,""
1566.218,sender,af416b39-8b0b-4383-b8fd-ab44d75320e5,SEND,DATA,466,1060,""
1566.221,sender,af416b39-8b0b-4383-b8fd-ab44d75320e5,SEND,DATA,467,1060,""
1566.224,sender,af416b39-8b0b-4383-b8fd-ab44d75320e5,SEND,DATA,468,1060,""
1566.231,sender,af416b39-8b0b-4383-b8fd-ab44d75320e5,SEND,DATA,469,1060,""
1566.234,sender,af416b39-8b0b-4383-b8fd-ab44d75320e5,SEND,DATA,470,1060,""
1566.239,sender,af416b39-8b0b-4383-b8fd-ab44d75320e5,RECEIVE,ACK,441,36,""
1566.242,sender,af416b39-8b0b-4383-b8fd-ab44d75320e5,ACKNOWLEDGED,ACK,441,0,""
1566.245,sender,af416b39-8b0b-4383-b8fd-ab44d75320e5,CONFIRM_DATA,ACK,441,1024,"unique file bytes acknowledged"
1566.251,sender,af416b39-8b0b-4383-b8fd-ab44d75320e5,RTT_SAMPLE,ACK,441,0,"79.201000"
1581.706,sender,af416b39-8b0b-4383-b8fd-ab44d75320e5,RECEIVE,ACK,444,36,""
1581.719,sender,af416b39-8b0b-4383-b8fd-ab44d75320e5,ACKNOWLEDGED,ACK,444,0,""
1581.722,sender,af416b39-8b0b-4383-b8fd-ab44d75320e5,CONFIRM_DATA,ACK,444,1024,"unique file bytes acknowledged"
1581.727,sender,af416b39-8b0b-4383-b8fd-ab44d75320e5,RTT_SAMPLE,ACK,444,0,"78.910200"
1581.736,sender,af416b39-8b0b-4383-b8fd-ab44d75320e5,RECEIVE,ACK,442,36,""
1581.738,sender,af416b39-8b0b-4383-b8fd-ab44d75320e5,ACKNOWLEDGED,ACK,442,0,""
1581.741,sender,af416b39-8b0b-4383-b8fd-ab44d75320e5,CONFIRM_DATA,ACK,442,1024,"unique file bytes acknowledged"
1581.744,sender,af416b39-8b0b-4383-b8fd-ab44d75320e5,RTT_SAMPLE,ACK,442,0,"94.690900"
1581.749,sender,af416b39-8b0b-4383-b8fd-ab44d75320e5,RECEIVE,ACK,440,36,""
1581.752,sender,af416b39-8b0b-4383-b8fd-ab44d75320e5,ACKNOWLEDGED,ACK,440,0,""
1581.754,sender,af416b39-8b0b-4383-b8fd-ab44d75320e5,CONFIRM_DATA,ACK,440,1024,"unique file bytes acknowledged"
1581.757,sender,af416b39-8b0b-4383-b8fd-ab44d75320e5,RTT_SAMPLE,ACK,440,0,"94.761100"
1597.634,sender,af416b39-8b0b-4383-b8fd-ab44d75320e5,EMIT,DATA,450,1060,""
1597.656,sender,af416b39-8b0b-4383-b8fd-ab44d75320e5,EMIT,DATA,452,1060,""
1597.665,sender,af416b39-8b0b-4383-b8fd-ab44d75320e5,EMIT,DATA,458,1060,""
1597.674,sender,af416b39-8b0b-4383-b8fd-ab44d75320e5,EMIT,DATA,451,1060,""
1597.682,sender,af416b39-8b0b-4383-b8fd-ab44d75320e5,EMIT,DATA,448,1060,""
1597.690,sender,af416b39-8b0b-4383-b8fd-ab44d75320e5,EMIT,DATA,455,1060,""
1597.698,sender,af416b39-8b0b-4383-b8fd-ab44d75320e5,EMIT,DATA,469,1060,""
1597.705,sender,af416b39-8b0b-4383-b8fd-ab44d75320e5,RECEIVE,ACK,446,36,""
1597.715,sender,af416b39-8b0b-4383-b8fd-ab44d75320e5,EMIT,DATA,459,1060,""
1597.718,sender,af416b39-8b0b-4383-b8fd-ab44d75320e5,ACKNOWLEDGED,ACK,446,0,""
1597.721,sender,af416b39-8b0b-4383-b8fd-ab44d75320e5,CONFIRM_DATA,ACK,446,1024,"unique file bytes acknowledged"
1597.725,sender,af416b39-8b0b-4383-b8fd-ab44d75320e5,EMIT,DATA,456,1060,""
1597.729,sender,af416b39-8b0b-4383-b8fd-ab44d75320e5,RTT_SAMPLE,ACK,446,0,"94.837500"
1597.733,sender,af416b39-8b0b-4383-b8fd-ab44d75320e5,EMIT,DATA,457,1060,""
1597.737,sender,af416b39-8b0b-4383-b8fd-ab44d75320e5,RECEIVE,ACK,443,36,""
1597.740,sender,af416b39-8b0b-4383-b8fd-ab44d75320e5,ACKNOWLEDGED,ACK,443,0,""
1597.742,sender,af416b39-8b0b-4383-b8fd-ab44d75320e5,CONFIRM_DATA,ACK,443,1024,"unique file bytes acknowledged"
1597.745,sender,af416b39-8b0b-4383-b8fd-ab44d75320e5,EMIT,DATA,449,1060,""
1597.748,sender,af416b39-8b0b-4383-b8fd-ab44d75320e5,RTT_SAMPLE,ACK,443,0,"94.934400"
1597.753,sender,af416b39-8b0b-4383-b8fd-ab44d75320e5,EMIT,DATA,453,1060,""
1597.756,sender,af416b39-8b0b-4383-b8fd-ab44d75320e5,RECEIVE,ACK,439,36,""
1597.759,sender,af416b39-8b0b-4383-b8fd-ab44d75320e5,ACKNOWLEDGED,ACK,439,0,""
1597.761,sender,af416b39-8b0b-4383-b8fd-ab44d75320e5,CONFIRM_DATA,ACK,439,1024,"unique file bytes acknowledged"
1597.764,sender,af416b39-8b0b-4383-b8fd-ab44d75320e5,RTT_SAMPLE,ACK,439,0,"110.770700"
1597.851,sender,af416b39-8b0b-4383-b8fd-ab44d75320e5,SEND,DATA,471,1060,""
1597.856,sender,af416b39-8b0b-4383-b8fd-ab44d75320e5,SEND,DATA,472,1060,""
1597.860,sender,af416b39-8b0b-4383-b8fd-ab44d75320e5,SEND,DATA,473,1060,""
1597.863,sender,af416b39-8b0b-4383-b8fd-ab44d75320e5,SEND,DATA,474,1060,""
1597.866,sender,af416b39-8b0b-4383-b8fd-ab44d75320e5,SEND,DATA,475,1060,""
1597.869,sender,af416b39-8b0b-4383-b8fd-ab44d75320e5,SEND,DATA,476,1060,""
1597.875,sender,af416b39-8b0b-4383-b8fd-ab44d75320e5,RECEIVE,ACK,445,36,""
1597.878,sender,af416b39-8b0b-4383-b8fd-ab44d75320e5,ACKNOWLEDGED,ACK,445,0,""
1597.880,sender,af416b39-8b0b-4383-b8fd-ab44d75320e5,CONFIRM_DATA,ACK,445,1024,"unique file bytes acknowledged"
1597.884,sender,af416b39-8b0b-4383-b8fd-ab44d75320e5,RTT_SAMPLE,ACK,445,0,"94.999500"
1597.887,sender,af416b39-8b0b-4383-b8fd-ab44d75320e5,SEND,DATA,477,1060,""
1597.890,sender,af416b39-8b0b-4383-b8fd-ab44d75320e5,SEND,DATA,478,1060,""
1613.433,sender,af416b39-8b0b-4383-b8fd-ab44d75320e5,EMIT,DATA,454,1060,""
1613.466,sender,af416b39-8b0b-4383-b8fd-ab44d75320e5,EMIT,DATA,465,1060,""
1613.475,sender,af416b39-8b0b-4383-b8fd-ab44d75320e5,EMIT,DATA,468,1060,""
1613.484,sender,af416b39-8b0b-4383-b8fd-ab44d75320e5,EMIT,DATA,463,1060,""
1613.492,sender,af416b39-8b0b-4383-b8fd-ab44d75320e5,EMIT,DATA,460,1060,""
1613.500,sender,af416b39-8b0b-4383-b8fd-ab44d75320e5,EMIT,DATA,470,1060,""
1613.509,sender,af416b39-8b0b-4383-b8fd-ab44d75320e5,EMIT,DATA,461,1060,""
1613.516,sender,af416b39-8b0b-4383-b8fd-ab44d75320e5,EMIT,DATA,462,1060,""
1613.524,sender,af416b39-8b0b-4383-b8fd-ab44d75320e5,EMIT,DATA,464,1060,""
1613.562,sender,af416b39-8b0b-4383-b8fd-ab44d75320e5,EMIT,DATA,467,1060,""
1613.565,sender,af416b39-8b0b-4383-b8fd-ab44d75320e5,RECEIVE,ACK,447,36,""
1613.576,sender,af416b39-8b0b-4383-b8fd-ab44d75320e5,ACKNOWLEDGED,ACK,447,0,""
1613.590,sender,af416b39-8b0b-4383-b8fd-ab44d75320e5,CONFIRM_DATA,ACK,447,1024,"unique file bytes acknowledged"
1613.596,sender,af416b39-8b0b-4383-b8fd-ab44d75320e5,RTT_SAMPLE,ACK,447,0,"78.935100"
1613.602,sender,af416b39-8b0b-4383-b8fd-ab44d75320e5,SEND,DATA,479,1060,""
1629.439,sender,af416b39-8b0b-4383-b8fd-ab44d75320e5,RECEIVE,ACK,448,36,""
1629.454,sender,af416b39-8b0b-4383-b8fd-ab44d75320e5,ACKNOWLEDGED,ACK,448,0,""
1629.458,sender,af416b39-8b0b-4383-b8fd-ab44d75320e5,CONFIRM_DATA,ACK,448,1024,"unique file bytes acknowledged"
1629.464,sender,af416b39-8b0b-4383-b8fd-ab44d75320e5,RTT_SAMPLE,ACK,448,0,"79.029600"
1629.470,sender,af416b39-8b0b-4383-b8fd-ab44d75320e5,SEND,DATA,480,1060,""
1629.474,sender,af416b39-8b0b-4383-b8fd-ab44d75320e5,EMIT,DATA,466,1060,""
1629.490,sender,af416b39-8b0b-4383-b8fd-ab44d75320e5,RECEIVE,ACK,449,36,""
1629.494,sender,af416b39-8b0b-4383-b8fd-ab44d75320e5,ACKNOWLEDGED,ACK,449,0,""
1629.497,sender,af416b39-8b0b-4383-b8fd-ab44d75320e5,CONFIRM_DATA,ACK,449,1024,"unique file bytes acknowledged"
1629.500,sender,af416b39-8b0b-4383-b8fd-ab44d75320e5,RTT_SAMPLE,ACK,449,0,"79.062700"
1629.504,sender,af416b39-8b0b-4383-b8fd-ab44d75320e5,EMIT,DATA,473,1060,""
1629.509,sender,af416b39-8b0b-4383-b8fd-ab44d75320e5,SEND,DATA,481,1060,""
1629.516,sender,af416b39-8b0b-4383-b8fd-ab44d75320e5,RECEIVE,ACK,458,36,""
1629.519,sender,af416b39-8b0b-4383-b8fd-ab44d75320e5,EMIT,DATA,477,1060,""
1629.523,sender,af416b39-8b0b-4383-b8fd-ab44d75320e5,ACKNOWLEDGED,ACK,458,0,""
1629.526,sender,af416b39-8b0b-4383-b8fd-ab44d75320e5,CONFIRM_DATA,ACK,458,1024,"unique file bytes acknowledged"
1629.530,sender,af416b39-8b0b-4383-b8fd-ab44d75320e5,RTT_SAMPLE,ACK,458,0,"79.062300"
1629.533,sender,af416b39-8b0b-4383-b8fd-ab44d75320e5,EMIT,DATA,476,1060,""
1629.545,sender,af416b39-8b0b-4383-b8fd-ab44d75320e5,EMIT,DATA,474,1060,""
1645.215,sender,af416b39-8b0b-4383-b8fd-ab44d75320e5,EMIT,DATA,472,1060,""
1645.305,sender,af416b39-8b0b-4383-b8fd-ab44d75320e5,EMIT,DATA,475,1060,""
1645.328,sender,af416b39-8b0b-4383-b8fd-ab44d75320e5,EMIT,DATA,471,1060,""
1645.334,sender,af416b39-8b0b-4383-b8fd-ab44d75320e5,RECEIVE,ACK,452,36,""
1645.344,sender,af416b39-8b0b-4383-b8fd-ab44d75320e5,EMIT,DATA,478,1060,""
1645.347,sender,af416b39-8b0b-4383-b8fd-ab44d75320e5,ACKNOWLEDGED,ACK,452,0,""
1645.352,sender,af416b39-8b0b-4383-b8fd-ab44d75320e5,CONFIRM_DATA,ACK,452,1024,"unique file bytes acknowledged"
1645.357,sender,af416b39-8b0b-4383-b8fd-ab44d75320e5,RTT_SAMPLE,ACK,452,0,"94.908200"
1645.368,sender,af416b39-8b0b-4383-b8fd-ab44d75320e5,RECEIVE,ACK,453,36,""
1645.372,sender,af416b39-8b0b-4383-b8fd-ab44d75320e5,ACKNOWLEDGED,ACK,453,0,""
1645.375,sender,af416b39-8b0b-4383-b8fd-ab44d75320e5,CONFIRM_DATA,ACK,453,1024,"unique file bytes acknowledged"
1645.378,sender,af416b39-8b0b-4383-b8fd-ab44d75320e5,RTT_SAMPLE,ACK,453,0,"94.927100"
1645.384,sender,af416b39-8b0b-4383-b8fd-ab44d75320e5,RECEIVE,ACK,451,36,""
1645.386,sender,af416b39-8b0b-4383-b8fd-ab44d75320e5,ACKNOWLEDGED,ACK,451,0,""
1645.388,sender,af416b39-8b0b-4383-b8fd-ab44d75320e5,CONFIRM_DATA,ACK,451,1024,"unique file bytes acknowledged"
1645.392,sender,af416b39-8b0b-4383-b8fd-ab44d75320e5,RTT_SAMPLE,ACK,451,0,"94.947200"
1645.397,sender,af416b39-8b0b-4383-b8fd-ab44d75320e5,RECEIVE,ACK,456,36,""
1645.399,sender,af416b39-8b0b-4383-b8fd-ab44d75320e5,ACKNOWLEDGED,ACK,456,0,""
1645.402,sender,af416b39-8b0b-4383-b8fd-ab44d75320e5,CONFIRM_DATA,ACK,456,1024,"unique file bytes acknowledged"
1645.405,sender,af416b39-8b0b-4383-b8fd-ab44d75320e5,RTT_SAMPLE,ACK,456,0,"94.944000"
1645.410,sender,af416b39-8b0b-4383-b8fd-ab44d75320e5,RECEIVE,ACK,450,36,""
1645.413,sender,af416b39-8b0b-4383-b8fd-ab44d75320e5,ACKNOWLEDGED,ACK,450,0,""
1645.415,sender,af416b39-8b0b-4383-b8fd-ab44d75320e5,CONFIRM_DATA,ACK,450,1024,"unique file bytes acknowledged"
1645.418,sender,af416b39-8b0b-4383-b8fd-ab44d75320e5,RTT_SAMPLE,ACK,450,0,"94.977400"
1645.422,sender,af416b39-8b0b-4383-b8fd-ab44d75320e5,SEND,DATA,482,1060,""
1645.438,sender,af416b39-8b0b-4383-b8fd-ab44d75320e5,SEND,DATA,483,1060,""
1645.442,sender,af416b39-8b0b-4383-b8fd-ab44d75320e5,SEND,DATA,484,1060,""
1645.445,sender,af416b39-8b0b-4383-b8fd-ab44d75320e5,SEND,DATA,485,1060,""
1645.450,sender,af416b39-8b0b-4383-b8fd-ab44d75320e5,RECEIVE,ACK,457,36,""
1645.453,sender,af416b39-8b0b-4383-b8fd-ab44d75320e5,ACKNOWLEDGED,ACK,457,0,""
1645.456,sender,af416b39-8b0b-4383-b8fd-ab44d75320e5,CONFIRM_DATA,ACK,457,1024,"unique file bytes acknowledged"
1645.459,sender,af416b39-8b0b-4383-b8fd-ab44d75320e5,RTT_SAMPLE,ACK,457,0,"94.994800"
1645.465,sender,af416b39-8b0b-4383-b8fd-ab44d75320e5,RECEIVE,ACK,467,36,""
1645.467,sender,af416b39-8b0b-4383-b8fd-ab44d75320e5,ACKNOWLEDGED,ACK,467,0,""
1645.470,sender,af416b39-8b0b-4383-b8fd-ab44d75320e5,CONFIRM_DATA,ACK,467,1024,"unique file bytes acknowledged"
1645.473,sender,af416b39-8b0b-4383-b8fd-ab44d75320e5,RTT_SAMPLE,ACK,467,0,"79.251700"
1660.883,sender,af416b39-8b0b-4383-b8fd-ab44d75320e5,EMIT,DATA,479,1060,""
1660.944,sender,af416b39-8b0b-4383-b8fd-ab44d75320e5,RECEIVE,ACK,461,36,""
1660.951,sender,af416b39-8b0b-4383-b8fd-ab44d75320e5,ACKNOWLEDGED,ACK,461,0,""
1660.954,sender,af416b39-8b0b-4383-b8fd-ab44d75320e5,CONFIRM_DATA,ACK,461,1024,"unique file bytes acknowledged"
1660.959,sender,af416b39-8b0b-4383-b8fd-ab44d75320e5,RTT_SAMPLE,ACK,461,0,"94.754400"
1661.217,sender,af416b39-8b0b-4383-b8fd-ab44d75320e5,RECEIVE,ACK,469,36,""
1661.222,sender,af416b39-8b0b-4383-b8fd-ab44d75320e5,ACKNOWLEDGED,ACK,469,0,""
1661.225,sender,af416b39-8b0b-4383-b8fd-ab44d75320e5,CONFIRM_DATA,ACK,469,1024,"unique file bytes acknowledged"
1661.229,sender,af416b39-8b0b-4383-b8fd-ab44d75320e5,RTT_SAMPLE,ACK,469,0,"94.997000"
1661.253,sender,af416b39-8b0b-4383-b8fd-ab44d75320e5,RECEIVE,ACK,455,36,""
1661.256,sender,af416b39-8b0b-4383-b8fd-ab44d75320e5,ACKNOWLEDGED,ACK,455,0,""
1661.258,sender,af416b39-8b0b-4383-b8fd-ab44d75320e5,CONFIRM_DATA,ACK,455,1024,"unique file bytes acknowledged"
1661.261,sender,af416b39-8b0b-4383-b8fd-ab44d75320e5,RTT_SAMPLE,ACK,455,0,"110.803800"
1661.459,sender,af416b39-8b0b-4383-b8fd-ab44d75320e5,RECEIVE,ACK,459,36,""
1661.472,sender,af416b39-8b0b-4383-b8fd-ab44d75320e5,ACKNOWLEDGED,ACK,459,0,""
1661.478,sender,af416b39-8b0b-4383-b8fd-ab44d75320e5,CONFIRM_DATA,ACK,459,1024,"unique file bytes acknowledged"
1661.484,sender,af416b39-8b0b-4383-b8fd-ab44d75320e5,RTT_SAMPLE,ACK,459,0,"95.288300"
1661.504,sender,af416b39-8b0b-4383-b8fd-ab44d75320e5,RECEIVE,ACK,454,36,""
1661.513,sender,af416b39-8b0b-4383-b8fd-ab44d75320e5,ACKNOWLEDGED,ACK,454,0,""
1661.517,sender,af416b39-8b0b-4383-b8fd-ab44d75320e5,CONFIRM_DATA,ACK,454,1024,"unique file bytes acknowledged"
1661.522,sender,af416b39-8b0b-4383-b8fd-ab44d75320e5,RTT_SAMPLE,ACK,454,0,"111.067100"
1661.528,sender,af416b39-8b0b-4383-b8fd-ab44d75320e5,SEND,DATA,486,1060,""
1661.534,sender,af416b39-8b0b-4383-b8fd-ab44d75320e5,SEND,DATA,487,1060,""
1661.539,sender,af416b39-8b0b-4383-b8fd-ab44d75320e5,SEND,DATA,488,1060,""
1661.543,sender,af416b39-8b0b-4383-b8fd-ab44d75320e5,SEND,DATA,489,1060,""
1661.548,sender,af416b39-8b0b-4383-b8fd-ab44d75320e5,SEND,DATA,490,1060,""
1661.553,sender,af416b39-8b0b-4383-b8fd-ab44d75320e5,SEND,DATA,491,1060,""
1661.563,sender,af416b39-8b0b-4383-b8fd-ab44d75320e5,RECEIVE,ACK,465,36,""
1661.578,sender,af416b39-8b0b-4383-b8fd-ab44d75320e5,ACKNOWLEDGED,ACK,465,0,""
1661.582,sender,af416b39-8b0b-4383-b8fd-ab44d75320e5,CONFIRM_DATA,ACK,465,1024,"unique file bytes acknowledged"
1661.586,sender,af416b39-8b0b-4383-b8fd-ab44d75320e5,RTT_SAMPLE,ACK,465,0,"95.370600"
1661.597,sender,af416b39-8b0b-4383-b8fd-ab44d75320e5,RECEIVE,ACK,476,36,""
1661.602,sender,af416b39-8b0b-4383-b8fd-ab44d75320e5,ACKNOWLEDGED,ACK,476,0,""
1661.605,sender,af416b39-8b0b-4383-b8fd-ab44d75320e5,CONFIRM_DATA,ACK,476,1024,"unique file bytes acknowledged"
1661.610,sender,af416b39-8b0b-4383-b8fd-ab44d75320e5,RTT_SAMPLE,ACK,476,0,"63.741000"
1661.683,sender,af416b39-8b0b-4383-b8fd-ab44d75320e5,RECEIVE,ACK,468,36,""
1661.688,sender,af416b39-8b0b-4383-b8fd-ab44d75320e5,ACKNOWLEDGED,ACK,468,0,""
1661.692,sender,af416b39-8b0b-4383-b8fd-ab44d75320e5,CONFIRM_DATA,ACK,468,1024,"unique file bytes acknowledged"
1661.697,sender,af416b39-8b0b-4383-b8fd-ab44d75320e5,RTT_SAMPLE,ACK,468,0,"95.472200"
1661.707,sender,af416b39-8b0b-4383-b8fd-ab44d75320e5,RECEIVE,ACK,463,36,""
1661.712,sender,af416b39-8b0b-4383-b8fd-ab44d75320e5,ACKNOWLEDGED,ACK,463,0,""
1661.716,sender,af416b39-8b0b-4383-b8fd-ab44d75320e5,CONFIRM_DATA,ACK,463,1024,"unique file bytes acknowledged"
1661.732,sender,af416b39-8b0b-4383-b8fd-ab44d75320e5,RTT_SAMPLE,ACK,463,0,"95.523300"
1661.742,sender,af416b39-8b0b-4383-b8fd-ab44d75320e5,RECEIVE,ACK,460,36,""
1661.746,sender,af416b39-8b0b-4383-b8fd-ab44d75320e5,ACKNOWLEDGED,ACK,460,0,""
1661.749,sender,af416b39-8b0b-4383-b8fd-ab44d75320e5,CONFIRM_DATA,ACK,460,1024,"unique file bytes acknowledged"
1661.766,sender,af416b39-8b0b-4383-b8fd-ab44d75320e5,RTT_SAMPLE,ACK,460,0,"95.565900"
1661.770,sender,af416b39-8b0b-4383-b8fd-ab44d75320e5,SEND,DATA,492,1060,""
1661.775,sender,af416b39-8b0b-4383-b8fd-ab44d75320e5,SEND,DATA,493,1060,""
1661.784,sender,af416b39-8b0b-4383-b8fd-ab44d75320e5,RECEIVE,ACK,473,36,""
1661.788,sender,af416b39-8b0b-4383-b8fd-ab44d75320e5,ACKNOWLEDGED,ACK,473,0,""
1661.792,sender,af416b39-8b0b-4383-b8fd-ab44d75320e5,CONFIRM_DATA,ACK,473,1024,"unique file bytes acknowledged"
1661.796,sender,af416b39-8b0b-4383-b8fd-ab44d75320e5,RTT_SAMPLE,ACK,473,0,"63.935700"
1661.805,sender,af416b39-8b0b-4383-b8fd-ab44d75320e5,RECEIVE,ACK,462,36,""
1661.809,sender,af416b39-8b0b-4383-b8fd-ab44d75320e5,ACKNOWLEDGED,ACK,462,0,""
1661.813,sender,af416b39-8b0b-4383-b8fd-ab44d75320e5,CONFIRM_DATA,ACK,462,1024,"unique file bytes acknowledged"
1661.817,sender,af416b39-8b0b-4383-b8fd-ab44d75320e5,RTT_SAMPLE,ACK,462,0,"95.610800"
1661.821,sender,af416b39-8b0b-4383-b8fd-ab44d75320e5,SEND,DATA,494,1060,""
1661.826,sender,af416b39-8b0b-4383-b8fd-ab44d75320e5,SEND,DATA,495,1060,""
1661.835,sender,af416b39-8b0b-4383-b8fd-ab44d75320e5,RECEIVE,ACK,464,36,""
1661.839,sender,af416b39-8b0b-4383-b8fd-ab44d75320e5,ACKNOWLEDGED,ACK,464,0,""
1661.843,sender,af416b39-8b0b-4383-b8fd-ab44d75320e5,CONFIRM_DATA,ACK,464,1024,"unique file bytes acknowledged"
1661.847,sender,af416b39-8b0b-4383-b8fd-ab44d75320e5,RTT_SAMPLE,ACK,464,0,"95.634600"
1661.851,sender,af416b39-8b0b-4383-b8fd-ab44d75320e5,SEND,DATA,496,1060,""
1661.856,sender,af416b39-8b0b-4383-b8fd-ab44d75320e5,SEND,DATA,497,1060,""
1661.865,sender,af416b39-8b0b-4383-b8fd-ab44d75320e5,RECEIVE,ACK,470,36,""
1661.869,sender,af416b39-8b0b-4383-b8fd-ab44d75320e5,ACKNOWLEDGED,ACK,470,0,""
1661.872,sender,af416b39-8b0b-4383-b8fd-ab44d75320e5,CONFIRM_DATA,ACK,470,1024,"unique file bytes acknowledged"
1661.877,sender,af416b39-8b0b-4383-b8fd-ab44d75320e5,RTT_SAMPLE,ACK,470,0,"95.641900"
1676.007,sender,af416b39-8b0b-4383-b8fd-ab44d75320e5,EMIT,DATA,481,1060,""
1676.044,sender,af416b39-8b0b-4383-b8fd-ab44d75320e5,EMIT,DATA,480,1060,""
1676.122,sender,af416b39-8b0b-4383-b8fd-ab44d75320e5,RECEIVE,ACK,477,36,""
1676.133,sender,af416b39-8b0b-4383-b8fd-ab44d75320e5,ACKNOWLEDGED,ACK,477,0,""
1676.136,sender,af416b39-8b0b-4383-b8fd-ab44d75320e5,CONFIRM_DATA,ACK,477,1024,"unique file bytes acknowledged"
1676.142,sender,af416b39-8b0b-4383-b8fd-ab44d75320e5,RTT_SAMPLE,ACK,477,0,"78.253100"
1676.153,sender,af416b39-8b0b-4383-b8fd-ab44d75320e5,RECEIVE,ACK,466,36,""
1676.156,sender,af416b39-8b0b-4383-b8fd-ab44d75320e5,ACKNOWLEDGED,ACK,466,0,""
1676.158,sender,af416b39-8b0b-4383-b8fd-ab44d75320e5,CONFIRM_DATA,ACK,466,1024,"unique file bytes acknowledged"
1676.162,sender,af416b39-8b0b-4383-b8fd-ab44d75320e5,RTT_SAMPLE,ACK,466,0,"109.943000"
1676.166,sender,af416b39-8b0b-4383-b8fd-ab44d75320e5,SEND,DATA,498,1060,""
1676.170,sender,af416b39-8b0b-4383-b8fd-ab44d75320e5,SEND,DATA,499,1060,""
1676.178,sender,af416b39-8b0b-4383-b8fd-ab44d75320e5,SEND,DATA,500,1060,""
1676.181,sender,af416b39-8b0b-4383-b8fd-ab44d75320e5,SEND,DATA,501,1060,""
1676.184,sender,af416b39-8b0b-4383-b8fd-ab44d75320e5,SEND,DATA,502,1060,""
1691.726,sender,af416b39-8b0b-4383-b8fd-ab44d75320e5,EMIT,DATA,484,1060,""
1691.782,sender,af416b39-8b0b-4383-b8fd-ab44d75320e5,EMIT,DATA,483,1060,""
1691.808,sender,af416b39-8b0b-4383-b8fd-ab44d75320e5,RECEIVE,ACK,474,36,""
1691.848,sender,af416b39-8b0b-4383-b8fd-ab44d75320e5,EMIT,DATA,485,1060,""
1691.856,sender,af416b39-8b0b-4383-b8fd-ab44d75320e5,ACKNOWLEDGED,ACK,474,0,""
1691.866,sender,af416b39-8b0b-4383-b8fd-ab44d75320e5,CONFIRM_DATA,ACK,474,1024,"unique file bytes acknowledged"
1691.874,sender,af416b39-8b0b-4383-b8fd-ab44d75320e5,EMIT,DATA,482,1060,""
1691.880,sender,af416b39-8b0b-4383-b8fd-ab44d75320e5,RTT_SAMPLE,ACK,474,0,"94.011400"
1691.896,sender,af416b39-8b0b-4383-b8fd-ab44d75320e5,EMIT,DATA,491,1060,""
1691.901,sender,af416b39-8b0b-4383-b8fd-ab44d75320e5,RECEIVE,ACK,472,36,""
1691.904,sender,af416b39-8b0b-4383-b8fd-ab44d75320e5,ACKNOWLEDGED,ACK,472,0,""
1691.907,sender,af416b39-8b0b-4383-b8fd-ab44d75320e5,CONFIRM_DATA,ACK,472,1024,"unique file bytes acknowledged"
1691.910,sender,af416b39-8b0b-4383-b8fd-ab44d75320e5,EMIT,DATA,495,1060,""
1691.914,sender,af416b39-8b0b-4383-b8fd-ab44d75320e5,RTT_SAMPLE,ACK,472,0,"94.053500"
1691.919,sender,af416b39-8b0b-4383-b8fd-ab44d75320e5,EMIT,DATA,489,1060,""
1691.922,sender,af416b39-8b0b-4383-b8fd-ab44d75320e5,RECEIVE,ACK,475,36,""
1691.926,sender,af416b39-8b0b-4383-b8fd-ab44d75320e5,ACKNOWLEDGED,ACK,475,0,""
1691.928,sender,af416b39-8b0b-4383-b8fd-ab44d75320e5,CONFIRM_DATA,ACK,475,1024,"unique file bytes acknowledged"
1691.932,sender,af416b39-8b0b-4383-b8fd-ab44d75320e5,RTT_SAMPLE,ACK,475,0,"94.065400"
1691.938,sender,af416b39-8b0b-4383-b8fd-ab44d75320e5,RECEIVE,ACK,478,36,""
1691.952,sender,af416b39-8b0b-4383-b8fd-ab44d75320e5,ACKNOWLEDGED,ACK,478,0,""
1691.955,sender,af416b39-8b0b-4383-b8fd-ab44d75320e5,CONFIRM_DATA,ACK,478,1024,"unique file bytes acknowledged"
1691.959,sender,af416b39-8b0b-4383-b8fd-ab44d75320e5,RTT_SAMPLE,ACK,478,0,"94.068200"
1691.965,sender,af416b39-8b0b-4383-b8fd-ab44d75320e5,RECEIVE,ACK,471,36,""
1691.968,sender,af416b39-8b0b-4383-b8fd-ab44d75320e5,ACKNOWLEDGED,ACK,471,0,""
1691.971,sender,af416b39-8b0b-4383-b8fd-ab44d75320e5,CONFIRM_DATA,ACK,471,1024,"unique file bytes acknowledged"
1691.974,sender,af416b39-8b0b-4383-b8fd-ab44d75320e5,RTT_SAMPLE,ACK,471,0,"94.126300"
1691.979,sender,af416b39-8b0b-4383-b8fd-ab44d75320e5,SEND,DATA,503,1060,""
1691.983,sender,af416b39-8b0b-4383-b8fd-ab44d75320e5,SEND,DATA,504,1060,""
1691.987,sender,af416b39-8b0b-4383-b8fd-ab44d75320e5,SEND,DATA,505,1060,""
1691.990,sender,af416b39-8b0b-4383-b8fd-ab44d75320e5,SEND,DATA,506,1060,""
1691.994,sender,af416b39-8b0b-4383-b8fd-ab44d75320e5,SEND,DATA,507,1060,""
1691.998,sender,af416b39-8b0b-4383-b8fd-ab44d75320e5,SEND,DATA,508,1060,""
1692.001,sender,af416b39-8b0b-4383-b8fd-ab44d75320e5,SEND,DATA,509,1060,""
1692.004,sender,af416b39-8b0b-4383-b8fd-ab44d75320e5,SEND,DATA,510,1060,""
1707.052,sender,af416b39-8b0b-4383-b8fd-ab44d75320e5,EMIT,DATA,496,1060,""
1707.083,sender,af416b39-8b0b-4383-b8fd-ab44d75320e5,EMIT,DATA,487,1060,""
1707.092,sender,af416b39-8b0b-4383-b8fd-ab44d75320e5,EMIT,DATA,494,1060,""
1707.100,sender,af416b39-8b0b-4383-b8fd-ab44d75320e5,EMIT,DATA,500,1060,""
1707.115,sender,af416b39-8b0b-4383-b8fd-ab44d75320e5,EMIT,DATA,497,1060,""
1707.123,sender,af416b39-8b0b-4383-b8fd-ab44d75320e5,EMIT,DATA,490,1060,""
1707.132,sender,af416b39-8b0b-4383-b8fd-ab44d75320e5,EMIT,DATA,486,1060,""
1707.212,sender,af416b39-8b0b-4383-b8fd-ab44d75320e5,RECEIVE,ACK,479,36,""
1707.225,sender,af416b39-8b0b-4383-b8fd-ab44d75320e5,ACKNOWLEDGED,ACK,479,0,""
1707.229,sender,af416b39-8b0b-4383-b8fd-ab44d75320e5,CONFIRM_DATA,ACK,479,1024,"unique file bytes acknowledged"
1707.236,sender,af416b39-8b0b-4383-b8fd-ab44d75320e5,RTT_SAMPLE,ACK,479,0,"93.632200"
1707.244,sender,af416b39-8b0b-4383-b8fd-ab44d75320e5,SEND,DATA,511,1060,""
1723.136,sender,af416b39-8b0b-4383-b8fd-ab44d75320e5,EMIT,DATA,492,1060,""
1723.193,sender,af416b39-8b0b-4383-b8fd-ab44d75320e5,EMIT,DATA,493,1060,""
1723.203,sender,af416b39-8b0b-4383-b8fd-ab44d75320e5,EMIT,DATA,488,1060,""
1723.212,sender,af416b39-8b0b-4383-b8fd-ab44d75320e5,EMIT,DATA,498,1060,""
1723.220,sender,af416b39-8b0b-4383-b8fd-ab44d75320e5,EMIT,DATA,510,1060,""
1723.228,sender,af416b39-8b0b-4383-b8fd-ab44d75320e5,EMIT,DATA,502,1060,""
1723.236,sender,af416b39-8b0b-4383-b8fd-ab44d75320e5,EMIT,DATA,506,1060,""
1723.245,sender,af416b39-8b0b-4383-b8fd-ab44d75320e5,EMIT,DATA,503,1060,""
1723.253,sender,af416b39-8b0b-4383-b8fd-ab44d75320e5,EMIT,DATA,508,1060,""
1723.261,sender,af416b39-8b0b-4383-b8fd-ab44d75320e5,EMIT,DATA,499,1060,""
1723.335,sender,af416b39-8b0b-4383-b8fd-ab44d75320e5,RECEIVE,ACK,495,36,""
1723.346,sender,af416b39-8b0b-4383-b8fd-ab44d75320e5,ACKNOWLEDGED,ACK,495,0,""
1723.350,sender,af416b39-8b0b-4383-b8fd-ab44d75320e5,CONFIRM_DATA,ACK,495,1024,"unique file bytes acknowledged"
1723.355,sender,af416b39-8b0b-4383-b8fd-ab44d75320e5,RTT_SAMPLE,ACK,495,0,"61.527400"
1723.363,sender,af416b39-8b0b-4383-b8fd-ab44d75320e5,RECEIVE,ACK,481,36,""
1723.366,sender,af416b39-8b0b-4383-b8fd-ab44d75320e5,ACKNOWLEDGED,ACK,481,0,""
1723.372,sender,af416b39-8b0b-4383-b8fd-ab44d75320e5,CONFIRM_DATA,ACK,481,1024,"unique file bytes acknowledged"
1723.376,sender,af416b39-8b0b-4383-b8fd-ab44d75320e5,RTT_SAMPLE,ACK,481,0,"93.871100"
1723.382,sender,af416b39-8b0b-4383-b8fd-ab44d75320e5,RECEIVE,ACK,480,36,""
1723.384,sender,af416b39-8b0b-4383-b8fd-ab44d75320e5,ACKNOWLEDGED,ACK,480,0,""
1723.387,sender,af416b39-8b0b-4383-b8fd-ab44d75320e5,CONFIRM_DATA,ACK,480,1024,"unique file bytes acknowledged"
1723.390,sender,af416b39-8b0b-4383-b8fd-ab44d75320e5,RTT_SAMPLE,ACK,480,0,"93.920300"
1723.394,sender,af416b39-8b0b-4383-b8fd-ab44d75320e5,SEND,DATA,512,1060,""
1723.399,sender,af416b39-8b0b-4383-b8fd-ab44d75320e5,SEND,DATA,513,1060,""
1723.404,sender,af416b39-8b0b-4383-b8fd-ab44d75320e5,RECEIVE,ACK,491,36,""
1723.407,sender,af416b39-8b0b-4383-b8fd-ab44d75320e5,ACKNOWLEDGED,ACK,491,0,""
1723.409,sender,af416b39-8b0b-4383-b8fd-ab44d75320e5,CONFIRM_DATA,ACK,491,1024,"unique file bytes acknowledged"
1723.413,sender,af416b39-8b0b-4383-b8fd-ab44d75320e5,RTT_SAMPLE,ACK,491,0,"61.859700"
1739.311,sender,af416b39-8b0b-4383-b8fd-ab44d75320e5,EMIT,DATA,501,1060,""
1739.338,sender,af416b39-8b0b-4383-b8fd-ab44d75320e5,EMIT,DATA,505,1060,""
1739.349,sender,af416b39-8b0b-4383-b8fd-ab44d75320e5,EMIT,DATA,507,1060,""
1739.362,sender,af416b39-8b0b-4383-b8fd-ab44d75320e5,RECEIVE,ACK,484,36,""
1739.372,sender,af416b39-8b0b-4383-b8fd-ab44d75320e5,EMIT,DATA,511,1060,""
1739.376,sender,af416b39-8b0b-4383-b8fd-ab44d75320e5,ACKNOWLEDGED,ACK,484,0,""
1739.380,sender,af416b39-8b0b-4383-b8fd-ab44d75320e5,CONFIRM_DATA,ACK,484,1024,"unique file bytes acknowledged"
1739.384,sender,af416b39-8b0b-4383-b8fd-ab44d75320e5,EMIT,DATA,509,1060,""
1739.389,sender,af416b39-8b0b-4383-b8fd-ab44d75320e5,RTT_SAMPLE,ACK,484,0,"93.942500"
1739.397,sender,af416b39-8b0b-4383-b8fd-ab44d75320e5,RECEIVE,ACK,483,36,""
1739.400,sender,af416b39-8b0b-4383-b8fd-ab44d75320e5,ACKNOWLEDGED,ACK,483,0,""
1739.403,sender,af416b39-8b0b-4383-b8fd-ab44d75320e5,CONFIRM_DATA,ACK,483,1024,"unique file bytes acknowledged"
1739.407,sender,af416b39-8b0b-4383-b8fd-ab44d75320e5,RTT_SAMPLE,ACK,483,0,"93.967800"
1739.413,sender,af416b39-8b0b-4383-b8fd-ab44d75320e5,RECEIVE,ACK,489,36,""
1739.428,sender,af416b39-8b0b-4383-b8fd-ab44d75320e5,ACKNOWLEDGED,ACK,489,0,""
1739.431,sender,af416b39-8b0b-4383-b8fd-ab44d75320e5,CONFIRM_DATA,ACK,489,1024,"unique file bytes acknowledged"
1739.434,sender,af416b39-8b0b-4383-b8fd-ab44d75320e5,RTT_SAMPLE,ACK,489,0,"77.890300"
1739.440,sender,af416b39-8b0b-4383-b8fd-ab44d75320e5,RECEIVE,ACK,482,36,""
1739.443,sender,af416b39-8b0b-4383-b8fd-ab44d75320e5,ACKNOWLEDGED,ACK,482,0,""
1739.446,sender,af416b39-8b0b-4383-b8fd-ab44d75320e5,CONFIRM_DATA,ACK,482,1024,"unique file bytes acknowledged"
1739.449,sender,af416b39-8b0b-4383-b8fd-ab44d75320e5,RTT_SAMPLE,ACK,482,0,"94.026600"
1739.453,sender,af416b39-8b0b-4383-b8fd-ab44d75320e5,SEND,DATA,514,1060,""
1739.459,sender,af416b39-8b0b-4383-b8fd-ab44d75320e5,SEND,DATA,515,1060,""
1739.462,sender,af416b39-8b0b-4383-b8fd-ab44d75320e5,SEND,DATA,516,1060,""
1739.468,sender,af416b39-8b0b-4383-b8fd-ab44d75320e5,RECEIVE,ACK,500,36,""
1739.471,sender,af416b39-8b0b-4383-b8fd-ab44d75320e5,ACKNOWLEDGED,ACK,500,0,""
1739.478,sender,af416b39-8b0b-4383-b8fd-ab44d75320e5,CONFIRM_DATA,ACK,500,1024,"unique file bytes acknowledged"
1739.481,sender,af416b39-8b0b-4383-b8fd-ab44d75320e5,RTT_SAMPLE,ACK,500,0,"63.302500"
1755.457,sender,af416b39-8b0b-4383-b8fd-ab44d75320e5,RECEIVE,ACK,485,36,""
1755.480,sender,af416b39-8b0b-4383-b8fd-ab44d75320e5,ACKNOWLEDGED,ACK,485,0,""
1755.483,sender,af416b39-8b0b-4383-b8fd-ab44d75320e5,CONFIRM_DATA,ACK,485,1024,"unique file bytes acknowledged"
1755.489,sender,af416b39-8b0b-4383-b8fd-ab44d75320e5,RTT_SAMPLE,ACK,485,0,"110.041900"
1755.494,sender,af416b39-8b0b-4383-b8fd-ab44d75320e5,SEND,DATA,517,1060,""
1755.498,sender,af416b39-8b0b-4383-b8fd-ab44d75320e5,EMIT,DATA,504,1060,""
1755.515,sender,af416b39-8b0b-4383-b8fd-ab44d75320e5,RECEIVE,ACK,497,36,""
1755.518,sender,af416b39-8b0b-4383-b8fd-ab44d75320e5,ACKNOWLEDGED,ACK,497,0,""
1755.521,sender,af416b39-8b0b-4383-b8fd-ab44d75320e5,CONFIRM_DATA,ACK,497,1024,"unique file bytes acknowledged"
1755.524,sender,af416b39-8b0b-4383-b8fd-ab44d75320e5,RTT_SAMPLE,ACK,497,0,"93.668000"
1755.531,sender,af416b39-8b0b-4383-b8fd-ab44d75320e5,RECEIVE,ACK,487,36,""
1755.533,sender,af416b39-8b0b-4383-b8fd-ab44d75320e5,ACKNOWLEDGED,ACK,487,0,""
1755.536,sender,af416b39-8b0b-4383-b8fd-ab44d75320e5,CONFIRM_DATA,ACK,487,1024,"unique file bytes acknowledged"
1755.539,sender,af416b39-8b0b-4383-b8fd-ab44d75320e5,RTT_SAMPLE,ACK,487,0,"94.004500"
1755.545,sender,af416b39-8b0b-4383-b8fd-ab44d75320e5,RECEIVE,ACK,490,36,""
1755.547,sender,af416b39-8b0b-4383-b8fd-ab44d75320e5,ACKNOWLEDGED,ACK,490,0,""
1755.550,sender,af416b39-8b0b-4383-b8fd-ab44d75320e5,CONFIRM_DATA,ACK,490,1024,"unique file bytes acknowledged"
1755.553,sender,af416b39-8b0b-4383-b8fd-ab44d75320e5,RTT_SAMPLE,ACK,490,0,"94.004500"
1755.558,sender,af416b39-8b0b-4383-b8fd-ab44d75320e5,RECEIVE,ACK,496,36,""
1755.561,sender,af416b39-8b0b-4383-b8fd-ab44d75320e5,ACKNOWLEDGED,ACK,496,0,""
1755.564,sender,af416b39-8b0b-4383-b8fd-ab44d75320e5,CONFIRM_DATA,ACK,496,1024,"unique file bytes acknowledged"
1755.567,sender,af416b39-8b0b-4383-b8fd-ab44d75320e5,RTT_SAMPLE,ACK,496,0,"93.715100"
1755.572,sender,af416b39-8b0b-4383-b8fd-ab44d75320e5,RECEIVE,ACK,494,36,""
1755.575,sender,af416b39-8b0b-4383-b8fd-ab44d75320e5,ACKNOWLEDGED,ACK,494,0,""
1755.577,sender,af416b39-8b0b-4383-b8fd-ab44d75320e5,CONFIRM_DATA,ACK,494,1024,"unique file bytes acknowledged"
1755.580,sender,af416b39-8b0b-4383-b8fd-ab44d75320e5,RTT_SAMPLE,ACK,494,0,"93.758300"
1755.585,sender,af416b39-8b0b-4383-b8fd-ab44d75320e5,RECEIVE,ACK,498,36,""
1755.588,sender,af416b39-8b0b-4383-b8fd-ab44d75320e5,ACKNOWLEDGED,ACK,498,0,""
1755.591,sender,af416b39-8b0b-4383-b8fd-ab44d75320e5,CONFIRM_DATA,ACK,498,1024,"unique file bytes acknowledged"
1755.594,sender,af416b39-8b0b-4383-b8fd-ab44d75320e5,RTT_SAMPLE,ACK,498,0,"79.427500"
1755.599,sender,af416b39-8b0b-4383-b8fd-ab44d75320e5,RECEIVE,ACK,486,36,""
1755.602,sender,af416b39-8b0b-4383-b8fd-ab44d75320e5,ACKNOWLEDGED,ACK,486,0,""
1755.604,sender,af416b39-8b0b-4383-b8fd-ab44d75320e5,CONFIRM_DATA,ACK,486,1024,"unique file bytes acknowledged"
1755.608,sender,af416b39-8b0b-4383-b8fd-ab44d75320e5,RTT_SAMPLE,ACK,486,0,"94.080100"
1755.611,sender,af416b39-8b0b-4383-b8fd-ab44d75320e5,SEND,DATA,518,1060,""
1755.614,sender,af416b39-8b0b-4383-b8fd-ab44d75320e5,SEND,DATA,519,1060,""
1755.620,sender,af416b39-8b0b-4383-b8fd-ab44d75320e5,RECEIVE,ACK,499,36,""
1755.622,sender,af416b39-8b0b-4383-b8fd-ab44d75320e5,ACKNOWLEDGED,ACK,499,0,""
1755.625,sender,af416b39-8b0b-4383-b8fd-ab44d75320e5,CONFIRM_DATA,ACK,499,1024,"unique file bytes acknowledged"
1755.628,sender,af416b39-8b0b-4383-b8fd-ab44d75320e5,RTT_SAMPLE,ACK,499,0,"79.457200"
1770.556,sender,af416b39-8b0b-4383-b8fd-ab44d75320e5,RECEIVE,ACK,492,36,""
1770.607,sender,af416b39-8b0b-4383-b8fd-ab44d75320e5,ACKNOWLEDGED,ACK,492,0,""
1770.614,sender,af416b39-8b0b-4383-b8fd-ab44d75320e5,EMIT,DATA,513,1060,""
1770.623,sender,af416b39-8b0b-4383-b8fd-ab44d75320e5,CONFIRM_DATA,ACK,492,1024,"unique file bytes acknowledged"
1770.629,sender,af416b39-8b0b-4383-b8fd-ab44d75320e5,RTT_SAMPLE,ACK,492,0,"108.856700"
1770.638,sender,af416b39-8b0b-4383-b8fd-ab44d75320e5,RECEIVE,ACK,502,36,""
1770.641,sender,af416b39-8b0b-4383-b8fd-ab44d75320e5,ACKNOWLEDGED,ACK,502,0,""
1770.643,sender,af416b39-8b0b-4383-b8fd-ab44d75320e5,CONFIRM_DATA,ACK,502,1024,"unique file bytes acknowledged"
1770.647,sender,af416b39-8b0b-4383-b8fd-ab44d75320e5,RTT_SAMPLE,ACK,502,0,"94.461800"
1770.654,sender,af416b39-8b0b-4383-b8fd-ab44d75320e5,EMIT,DATA,516,1060,""
1770.658,sender,af416b39-8b0b-4383-b8fd-ab44d75320e5,RECEIVE,ACK,506,36,""
1770.661,sender,af416b39-8b0b-4383-b8fd-ab44d75320e5,ACKNOWLEDGED,ACK,506,0,""
1770.663,sender,af416b39-8b0b-4383-b8fd-ab44d75320e5,CONFIRM_DATA,ACK,506,1024,"unique file bytes acknowledged"
1770.667,sender,af416b39-8b0b-4383-b8fd-ab44d75320e5,RTT_SAMPLE,ACK,506,0,"78.676000"
1770.673,sender,af416b39-8b0b-4383-b8fd-ab44d75320e5,RECEIVE,ACK,510,36,""
1770.675,sender,af416b39-8b0b-4383-b8fd-ab44d75320e5,ACKNOWLEDGED,ACK,510,0,""
1770.678,sender,af416b39-8b0b-4383-b8fd-ab44d75320e5,CONFIRM_DATA,ACK,510,1024,"unique file bytes acknowledged"
1770.681,sender,af416b39-8b0b-4383-b8fd-ab44d75320e5,RTT_SAMPLE,ACK,510,0,"78.676200"
1770.687,sender,af416b39-8b0b-4383-b8fd-ab44d75320e5,RECEIVE,ACK,503,36,""
1770.689,sender,af416b39-8b0b-4383-b8fd-ab44d75320e5,ACKNOWLEDGED,ACK,503,0,""
1770.692,sender,af416b39-8b0b-4383-b8fd-ab44d75320e5,CONFIRM_DATA,ACK,503,1024,"unique file bytes acknowledged"
1770.695,sender,af416b39-8b0b-4383-b8fd-ab44d75320e5,RTT_SAMPLE,ACK,503,0,"78.716000"
1770.700,sender,af416b39-8b0b-4383-b8fd-ab44d75320e5,RECEIVE,ACK,493,36,""
1770.703,sender,af416b39-8b0b-4383-b8fd-ab44d75320e5,ACKNOWLEDGED,ACK,493,0,""
1770.706,sender,af416b39-8b0b-4383-b8fd-ab44d75320e5,CONFIRM_DATA,ACK,493,1024,"unique file bytes acknowledged"
1770.709,sender,af416b39-8b0b-4383-b8fd-ab44d75320e5,RTT_SAMPLE,ACK,493,0,"108.933500"
1770.714,sender,af416b39-8b0b-4383-b8fd-ab44d75320e5,RECEIVE,ACK,508,36,""
1770.717,sender,af416b39-8b0b-4383-b8fd-ab44d75320e5,ACKNOWLEDGED,ACK,508,0,""
1770.720,sender,af416b39-8b0b-4383-b8fd-ab44d75320e5,CONFIRM_DATA,ACK,508,1024,"unique file bytes acknowledged"
1770.723,sender,af416b39-8b0b-4383-b8fd-ab44d75320e5,RTT_SAMPLE,ACK,508,0,"78.724900"
1786.510,sender,af416b39-8b0b-4383-b8fd-ab44d75320e5,RECEIVE,ACK,505,36,""
1786.536,sender,af416b39-8b0b-4383-b8fd-ab44d75320e5,ACKNOWLEDGED,ACK,505,0,""
1786.545,sender,af416b39-8b0b-4383-b8fd-ab44d75320e5,CONFIRM_DATA,ACK,505,1024,"unique file bytes acknowledged"
1786.559,sender,af416b39-8b0b-4383-b8fd-ab44d75320e5,RTT_SAMPLE,ACK,505,0,"94.567000"
1786.568,sender,af416b39-8b0b-4383-b8fd-ab44d75320e5,RECEIVE,ACK,488,36,""
1786.571,sender,af416b39-8b0b-4383-b8fd-ab44d75320e5,ACKNOWLEDGED,ACK,488,0,""
1786.573,sender,af416b39-8b0b-4383-b8fd-ab44d75320e5,CONFIRM_DATA,ACK,488,1024,"unique file bytes acknowledged"
1786.576,sender,af416b39-8b0b-4383-b8fd-ab44d75320e5,RTT_SAMPLE,ACK,488,0,"125.037000"
1786.581,sender,af416b39-8b0b-4383-b8fd-ab44d75320e5,SEND,DATA,520,1060,""
1786.586,sender,af416b39-8b0b-4383-b8fd-ab44d75320e5,SEND,DATA,521,1060,""
1786.589,sender,af416b39-8b0b-4383-b8fd-ab44d75320e5,SEND,DATA,522,1060,""
1786.593,sender,af416b39-8b0b-4383-b8fd-ab44d75320e5,SEND,DATA,523,1060,""
1786.596,sender,af416b39-8b0b-4383-b8fd-ab44d75320e5,SEND,DATA,524,1060,""
1786.599,sender,af416b39-8b0b-4383-b8fd-ab44d75320e5,SEND,DATA,525,1060,""
1786.602,sender,af416b39-8b0b-4383-b8fd-ab44d75320e5,SEND,DATA,526,1060,""
1786.605,sender,af416b39-8b0b-4383-b8fd-ab44d75320e5,EMIT,DATA,512,1060,""
1786.625,sender,af416b39-8b0b-4383-b8fd-ab44d75320e5,SEND,DATA,527,1060,""
1786.628,sender,af416b39-8b0b-4383-b8fd-ab44d75320e5,SEND,DATA,528,1060,""
1786.631,sender,af416b39-8b0b-4383-b8fd-ab44d75320e5,SEND,DATA,529,1060,""
1786.634,sender,af416b39-8b0b-4383-b8fd-ab44d75320e5,SEND,DATA,530,1060,""
1786.638,sender,af416b39-8b0b-4383-b8fd-ab44d75320e5,SEND,DATA,531,1060,""
1786.641,sender,af416b39-8b0b-4383-b8fd-ab44d75320e5,SEND,DATA,532,1060,""
1786.645,sender,af416b39-8b0b-4383-b8fd-ab44d75320e5,EMIT,DATA,515,1060,""
1786.654,sender,af416b39-8b0b-4383-b8fd-ab44d75320e5,RECEIVE,ACK,509,36,""
1786.657,sender,af416b39-8b0b-4383-b8fd-ab44d75320e5,ACKNOWLEDGED,ACK,509,0,""
1786.660,sender,af416b39-8b0b-4383-b8fd-ab44d75320e5,CONFIRM_DATA,ACK,509,1024,"unique file bytes acknowledged"
1786.663,sender,af416b39-8b0b-4383-b8fd-ab44d75320e5,RTT_SAMPLE,ACK,509,0,"94.661400"
1786.669,sender,af416b39-8b0b-4383-b8fd-ab44d75320e5,RECEIVE,ACK,507,36,""
1786.672,sender,af416b39-8b0b-4383-b8fd-ab44d75320e5,ACKNOWLEDGED,ACK,507,0,""
1786.674,sender,af416b39-8b0b-4383-b8fd-ab44d75320e5,CONFIRM_DATA,ACK,507,1024,"unique file bytes acknowledged"
1786.677,sender,af416b39-8b0b-4383-b8fd-ab44d75320e5,RTT_SAMPLE,ACK,507,0,"94.683000"
1786.683,sender,af416b39-8b0b-4383-b8fd-ab44d75320e5,RECEIVE,ACK,501,36,""
1786.686,sender,af416b39-8b0b-4383-b8fd-ab44d75320e5,ACKNOWLEDGED,ACK,501,0,""
1786.688,sender,af416b39-8b0b-4383-b8fd-ab44d75320e5,CONFIRM_DATA,ACK,501,1024,"unique file bytes acknowledged"
1786.691,sender,af416b39-8b0b-4383-b8fd-ab44d75320e5,RTT_SAMPLE,ACK,501,0,"110.509300"
1786.695,sender,af416b39-8b0b-4383-b8fd-ab44d75320e5,SEND,DATA,533,1060,""
1786.698,sender,af416b39-8b0b-4383-b8fd-ab44d75320e5,SEND,DATA,534,1060,""
1786.701,sender,af416b39-8b0b-4383-b8fd-ab44d75320e5,SEND,DATA,535,1060,""
1802.613,sender,af416b39-8b0b-4383-b8fd-ab44d75320e5,RECEIVE,ACK,511,36,""
1802.647,sender,af416b39-8b0b-4383-b8fd-ab44d75320e5,ACKNOWLEDGED,ACK,511,0,""
1802.651,sender,af416b39-8b0b-4383-b8fd-ab44d75320e5,CONFIRM_DATA,ACK,511,1024,"unique file bytes acknowledged"
1802.659,sender,af416b39-8b0b-4383-b8fd-ab44d75320e5,RTT_SAMPLE,ACK,511,0,"95.411300"
1802.669,sender,af416b39-8b0b-4383-b8fd-ab44d75320e5,RECEIVE,ACK,516,36,""
1802.672,sender,af416b39-8b0b-4383-b8fd-ab44d75320e5,ACKNOWLEDGED,ACK,516,0,""
1802.679,sender,af416b39-8b0b-4383-b8fd-ab44d75320e5,CONFIRM_DATA,ACK,516,1024,"unique file bytes acknowledged"
1802.682,sender,af416b39-8b0b-4383-b8fd-ab44d75320e5,RTT_SAMPLE,ACK,516,0,"63.219500"
1802.703,sender,af416b39-8b0b-4383-b8fd-ab44d75320e5,EMIT,DATA,517,1060,""
1802.753,sender,af416b39-8b0b-4383-b8fd-ab44d75320e5,EMIT,DATA,514,1060,""
1802.809,sender,af416b39-8b0b-4383-b8fd-ab44d75320e5,EMIT,DATA,519,1060,""
1802.847,sender,af416b39-8b0b-4383-b8fd-ab44d75320e5,EMIT,DATA,518,1060,""
1818.257,sender,af416b39-8b0b-4383-b8fd-ab44d75320e5,EMIT,DATA,535,1060,""
1818.282,sender,af416b39-8b0b-4383-b8fd-ab44d75320e5,RECEIVE,ACK,513,36,""
1818.291,sender,af416b39-8b0b-4383-b8fd-ab44d75320e5,EMIT,DATA,530,1060,""
1818.295,sender,af416b39-8b0b-4383-b8fd-ab44d75320e5,ACKNOWLEDGED,ACK,513,0,""
1818.299,sender,af416b39-8b0b-4383-b8fd-ab44d75320e5,CONFIRM_DATA,ACK,513,1024,"unique file bytes acknowledged"
1818.304,sender,af416b39-8b0b-4383-b8fd-ab44d75320e5,RTT_SAMPLE,ACK,513,0,"94.903700"
1818.307,sender,af416b39-8b0b-4383-b8fd-ab44d75320e5,EMIT,DATA,529,1060,""
1818.316,sender,af416b39-8b0b-4383-b8fd-ab44d75320e5,RECEIVE,ACK,504,36,""
1818.319,sender,af416b39-8b0b-4383-b8fd-ab44d75320e5,ACKNOWLEDGED,ACK,504,0,""
1818.321,sender,af416b39-8b0b-4383-b8fd-ab44d75320e5,CONFIRM_DATA,ACK,504,1024,"unique file bytes acknowledged"
1818.325,sender,af416b39-8b0b-4383-b8fd-ab44d75320e5,RTT_SAMPLE,ACK,504,0,"126.341200"
1818.330,sender,af416b39-8b0b-4383-b8fd-ab44d75320e5,SEND,DATA,536,1060,""
1818.335,sender,af416b39-8b0b-4383-b8fd-ab44d75320e5,SEND,DATA,537,1060,""
1818.339,sender,af416b39-8b0b-4383-b8fd-ab44d75320e5,SEND,DATA,538,1060,""
1818.342,sender,af416b39-8b0b-4383-b8fd-ab44d75320e5,SEND,DATA,539,1060,""
1818.345,sender,af416b39-8b0b-4383-b8fd-ab44d75320e5,SEND,DATA,540,1060,""
1818.348,sender,af416b39-8b0b-4383-b8fd-ab44d75320e5,SEND,DATA,541,1060,""
1818.352,sender,af416b39-8b0b-4383-b8fd-ab44d75320e5,SEND,DATA,542,1060,""
1818.397,sender,af416b39-8b0b-4383-b8fd-ab44d75320e5,SEND,DATA,543,1060,""
1818.403,sender,af416b39-8b0b-4383-b8fd-ab44d75320e5,RECEIVE,ACK,512,36,""
1818.406,sender,af416b39-8b0b-4383-b8fd-ab44d75320e5,ACKNOWLEDGED,ACK,512,0,""
1818.409,sender,af416b39-8b0b-4383-b8fd-ab44d75320e5,CONFIRM_DATA,ACK,512,1024,"unique file bytes acknowledged"
1818.413,sender,af416b39-8b0b-4383-b8fd-ab44d75320e5,RTT_SAMPLE,ACK,512,0,"95.018100"
1818.417,sender,af416b39-8b0b-4383-b8fd-ab44d75320e5,SEND,DATA,544,1060,""
1818.421,sender,af416b39-8b0b-4383-b8fd-ab44d75320e5,SEND,DATA,545,1060,""
1833.368,sender,af416b39-8b0b-4383-b8fd-ab44d75320e5,EMIT,DATA,521,1060,""
1833.389,sender,af416b39-8b0b-4383-b8fd-ab44d75320e5,RECEIVE,ACK,515,36,""
1833.399,sender,af416b39-8b0b-4383-b8fd-ab44d75320e5,EMIT,DATA,524,1060,""
1833.403,sender,af416b39-8b0b-4383-b8fd-ab44d75320e5,ACKNOWLEDGED,ACK,515,0,""
1833.406,sender,af416b39-8b0b-4383-b8fd-ab44d75320e5,CONFIRM_DATA,ACK,515,1024,"unique file bytes acknowledged"
1833.410,sender,af416b39-8b0b-4383-b8fd-ab44d75320e5,EMIT,DATA,533,1060,""
1833.414,sender,af416b39-8b0b-4383-b8fd-ab44d75320e5,RTT_SAMPLE,ACK,515,0,"93.951300"
1833.419,sender,af416b39-8b0b-4383-b8fd-ab44d75320e5,EMIT,DATA,526,1060,""
1833.424,sender,af416b39-8b0b-4383-b8fd-ab44d75320e5,RECEIVE,ACK,517,36,""
1833.427,sender,af416b39-8b0b-4383-b8fd-ab44d75320e5,ACKNOWLEDGED,ACK,517,0,""
1833.429,sender,af416b39-8b0b-4383-b8fd-ab44d75320e5,CONFIRM_DATA,ACK,517,1024,"unique file bytes acknowledged"
1833.432,sender,af416b39-8b0b-4383-b8fd-ab44d75320e5,EMIT,DATA,532,1060,""
1833.443,sender,af416b39-8b0b-4383-b8fd-ab44d75320e5,RTT_SAMPLE,ACK,517,0,"77.938300"
1833.448,sender,af416b39-8b0b-4383-b8fd-ab44d75320e5,EMIT,DATA,522,1060,""
1833.457,sender,af416b39-8b0b-4383-b8fd-ab44d75320e5,EMIT,DATA,527,1060,""
1833.465,sender,af416b39-8b0b-4383-b8fd-ab44d75320e5,EMIT,DATA,528,1060,""
1833.473,sender,af416b39-8b0b-4383-b8fd-ab44d75320e5,EMIT,DATA,531,1060,""
1833.481,sender,af416b39-8b0b-4383-b8fd-ab44d75320e5,EMIT,DATA,520,1060,""
1833.500,sender,af416b39-8b0b-4383-b8fd-ab44d75320e5,EMIT,DATA,523,1060,""
1833.508,sender,af416b39-8b0b-4383-b8fd-ab44d75320e5,EMIT,DATA,534,1060,""
1849.438,sender,af416b39-8b0b-4383-b8fd-ab44d75320e5,EMIT,DATA,525,1060,""
1849.457,sender,af416b39-8b0b-4383-b8fd-ab44d75320e5,EMIT,DATA,537,1060,""
1849.461,sender,af416b39-8b0b-4383-b8fd-ab44d75320e5,RECEIVE,ACK,519,36,""
1849.470,sender,af416b39-8b0b-4383-b8fd-ab44d75320e5,EMIT,DATA,543,1060,""
1849.474,sender,af416b39-8b0b-4383-b8fd-ab44d75320e5,ACKNOWLEDGED,ACK,519,0,""
1849.477,sender,af416b39-8b0b-4383-b8fd-ab44d75320e5,CONFIRM_DATA,ACK,519,1024,"unique file bytes acknowledged"
1849.481,sender,af416b39-8b0b-4383-b8fd-ab44d75320e5,EMIT,DATA,536,1060,""
1849.485,sender,af416b39-8b0b-4383-b8fd-ab44d75320e5,RTT_SAMPLE,ACK,519,0,"93.866700"
1849.489,sender,af416b39-8b0b-4383-b8fd-ab44d75320e5,EMIT,DATA,541,1060,""
1849.493,sender,af416b39-8b0b-4383-b8fd-ab44d75320e5,RECEIVE,ACK,518,36,""
1849.496,sender,af416b39-8b0b-4383-b8fd-ab44d75320e5,ACKNOWLEDGED,ACK,518,0,""
1849.498,sender,af416b39-8b0b-4383-b8fd-ab44d75320e5,CONFIRM_DATA,ACK,518,1024,"unique file bytes acknowledged"
1849.502,sender,af416b39-8b0b-4383-b8fd-ab44d75320e5,RTT_SAMPLE,ACK,518,0,"93.890100"
1864.679,sender,af416b39-8b0b-4383-b8fd-ab44d75320e5,EMIT,DATA,545,1060,""
1864.706,sender,af416b39-8b0b-4383-b8fd-ab44d75320e5,EMIT,DATA,542,1060,""
1864.717,sender,af416b39-8b0b-4383-b8fd-ab44d75320e5,EMIT,DATA,544,1060,""
1864.726,sender,af416b39-8b0b-4383-b8fd-ab44d75320e5,EMIT,DATA,540,1060,""
1864.735,sender,af416b39-8b0b-4383-b8fd-ab44d75320e5,EMIT,DATA,538,1060,""
1864.801,sender,af416b39-8b0b-4383-b8fd-ab44d75320e5,RECEIVE,ACK,514,36,""
1864.827,sender,af416b39-8b0b-4383-b8fd-ab44d75320e5,ACKNOWLEDGED,ACK,514,0,""
1864.831,sender,af416b39-8b0b-4383-b8fd-ab44d75320e5,CONFIRM_DATA,ACK,514,1024,"unique file bytes acknowledged"
1864.837,sender,af416b39-8b0b-4383-b8fd-ab44d75320e5,RTT_SAMPLE,ACK,514,0,"125.381400"
1864.843,sender,af416b39-8b0b-4383-b8fd-ab44d75320e5,SEND,DATA,546,1060,""
1864.849,sender,af416b39-8b0b-4383-b8fd-ab44d75320e5,SEND,DATA,547,1060,""
1864.852,sender,af416b39-8b0b-4383-b8fd-ab44d75320e5,SEND,DATA,548,1060,""
1864.856,sender,af416b39-8b0b-4383-b8fd-ab44d75320e5,SEND,DATA,549,1060,""
1864.859,sender,af416b39-8b0b-4383-b8fd-ab44d75320e5,SEND,DATA,550,1060,""
1864.862,sender,af416b39-8b0b-4383-b8fd-ab44d75320e5,SEND,DATA,551,1060,""
1864.876,sender,af416b39-8b0b-4383-b8fd-ab44d75320e5,RECEIVE,ACK,529,36,""
1864.879,sender,af416b39-8b0b-4383-b8fd-ab44d75320e5,ACKNOWLEDGED,ACK,529,0,""
1864.881,sender,af416b39-8b0b-4383-b8fd-ab44d75320e5,CONFIRM_DATA,ACK,529,1024,"unique file bytes acknowledged"
1864.885,sender,af416b39-8b0b-4383-b8fd-ab44d75320e5,RTT_SAMPLE,ACK,529,0,"78.252900"
1864.891,sender,af416b39-8b0b-4383-b8fd-ab44d75320e5,RECEIVE,ACK,521,36,""
1864.893,sender,af416b39-8b0b-4383-b8fd-ab44d75320e5,ACKNOWLEDGED,ACK,521,0,""
1864.896,sender,af416b39-8b0b-4383-b8fd-ab44d75320e5,CONFIRM_DATA,ACK,521,1024,"unique file bytes acknowledged"
1864.899,sender,af416b39-8b0b-4383-b8fd-ab44d75320e5,RTT_SAMPLE,ACK,521,0,"78.312700"
1864.905,sender,af416b39-8b0b-4383-b8fd-ab44d75320e5,RECEIVE,ACK,522,36,""
1864.907,sender,af416b39-8b0b-4383-b8fd-ab44d75320e5,ACKNOWLEDGED,ACK,522,0,""
1864.910,sender,af416b39-8b0b-4383-b8fd-ab44d75320e5,CONFIRM_DATA,ACK,522,1024,"unique file bytes acknowledged"
1864.913,sender,af416b39-8b0b-4383-b8fd-ab44d75320e5,RTT_SAMPLE,ACK,522,0,"78.322900"
1864.919,sender,af416b39-8b0b-4383-b8fd-ab44d75320e5,RECEIVE,ACK,530,36,""
1864.921,sender,af416b39-8b0b-4383-b8fd-ab44d75320e5,ACKNOWLEDGED,ACK,530,0,""
1864.924,sender,af416b39-8b0b-4383-b8fd-ab44d75320e5,CONFIRM_DATA,ACK,530,1024,"unique file bytes acknowledged"
1864.939,sender,af416b39-8b0b-4383-b8fd-ab44d75320e5,RTT_SAMPLE,ACK,530,0,"78.304200"
1879.938,sender,af416b39-8b0b-4383-b8fd-ab44d75320e5,EMIT,DATA,539,1060,""
1880.080,sender,af416b39-8b0b-4383-b8fd-ab44d75320e5,RECEIVE,ACK,527,36,""
1880.095,sender,af416b39-8b0b-4383-b8fd-ab44d75320e5,ACKNOWLEDGED,ACK,527,0,""
1880.099,sender,af416b39-8b0b-4383-b8fd-ab44d75320e5,CONFIRM_DATA,ACK,527,1024,"unique file bytes acknowledged"
1880.106,sender,af416b39-8b0b-4383-b8fd-ab44d75320e5,RTT_SAMPLE,ACK,527,0,"93.498900"
1880.119,sender,af416b39-8b0b-4383-b8fd-ab44d75320e5,RECEIVE,ACK,528,36,""
1880.122,sender,af416b39-8b0b-4383-b8fd-ab44d75320e5,ACKNOWLEDGED,ACK,528,0,""
1880.125,sender,af416b39-8b0b-4383-b8fd-ab44d75320e5,CONFIRM_DATA,ACK,528,1024,"unique file bytes acknowledged"
1880.128,sender,af416b39-8b0b-4383-b8fd-ab44d75320e5,RTT_SAMPLE,ACK,528,0,"93.499500"
1880.134,sender,af416b39-8b0b-4383-b8fd-ab44d75320e5,RECEIVE,ACK,535,36,""
1880.137,sender,af416b39-8b0b-4383-b8fd-ab44d75320e5,ACKNOWLEDGED,ACK,535,0,""
1880.140,sender,af416b39-8b0b-4383-b8fd-ab44d75320e5,CONFIRM_DATA,ACK,535,1024,"unique file bytes acknowledged"
1880.144,sender,af416b39-8b0b-4383-b8fd-ab44d75320e5,RTT_SAMPLE,ACK,535,0,"93.442200"
1880.150,sender,af416b39-8b0b-4383-b8fd-ab44d75320e5,RECEIVE,ACK,533,36,""
1880.153,sender,af416b39-8b0b-4383-b8fd-ab44d75320e5,ACKNOWLEDGED,ACK,533,0,""
1880.155,sender,af416b39-8b0b-4383-b8fd-ab44d75320e5,CONFIRM_DATA,ACK,533,1024,"unique file bytes acknowledged"
1880.159,sender,af416b39-8b0b-4383-b8fd-ab44d75320e5,RTT_SAMPLE,ACK,533,0,"93.463900"
1880.165,sender,af416b39-8b0b-4383-b8fd-ab44d75320e5,RECEIVE,ACK,532,36,""
1880.168,sender,af416b39-8b0b-4383-b8fd-ab44d75320e5,ACKNOWLEDGED,ACK,532,0,""
1880.175,sender,af416b39-8b0b-4383-b8fd-ab44d75320e5,CONFIRM_DATA,ACK,532,1024,"unique file bytes acknowledged"
1880.178,sender,af416b39-8b0b-4383-b8fd-ab44d75320e5,RTT_SAMPLE,ACK,532,0,"93.536900"
1880.184,sender,af416b39-8b0b-4383-b8fd-ab44d75320e5,RECEIVE,ACK,523,36,""
1880.186,sender,af416b39-8b0b-4383-b8fd-ab44d75320e5,ACKNOWLEDGED,ACK,523,0,""
1880.189,sender,af416b39-8b0b-4383-b8fd-ab44d75320e5,CONFIRM_DATA,ACK,523,1024,"unique file bytes acknowledged"
1880.192,sender,af416b39-8b0b-4383-b8fd-ab44d75320e5,RTT_SAMPLE,ACK,523,0,"93.599100"
1880.198,sender,af416b39-8b0b-4383-b8fd-ab44d75320e5,RECEIVE,ACK,537,36,""
1880.238,sender,af416b39-8b0b-4383-b8fd-ab44d75320e5,ACKNOWLEDGED,ACK,537,0,""
1880.241,sender,af416b39-8b0b-4383-b8fd-ab44d75320e5,CONFIRM_DATA,ACK,537,1024,"unique file bytes acknowledged"
1880.244,sender,af416b39-8b0b-4383-b8fd-ab44d75320e5,RTT_SAMPLE,ACK,537,0,"61.908100"
1880.249,sender,af416b39-8b0b-4383-b8fd-ab44d75320e5,RECEIVE,ACK,541,36,""
1880.252,sender,af416b39-8b0b-4383-b8fd-ab44d75320e5,ACKNOWLEDGED,ACK,541,0,""
1880.254,sender,af416b39-8b0b-4383-b8fd-ab44d75320e5,CONFIRM_DATA,ACK,541,1024,"unique file bytes acknowledged"
1880.257,sender,af416b39-8b0b-4383-b8fd-ab44d75320e5,RTT_SAMPLE,ACK,541,0,"61.908500"
1880.262,sender,af416b39-8b0b-4383-b8fd-ab44d75320e5,RECEIVE,ACK,526,36,""
1880.265,sender,af416b39-8b0b-4383-b8fd-ab44d75320e5,ACKNOWLEDGED,ACK,526,0,""
1880.267,sender,af416b39-8b0b-4383-b8fd-ab44d75320e5,CONFIRM_DATA,ACK,526,1024,"unique file bytes acknowledged"
1880.270,sender,af416b39-8b0b-4383-b8fd-ab44d75320e5,RTT_SAMPLE,ACK,526,0,"93.668100"
1880.275,sender,af416b39-8b0b-4383-b8fd-ab44d75320e5,RECEIVE,ACK,524,36,""
1880.278,sender,af416b39-8b0b-4383-b8fd-ab44d75320e5,ACKNOWLEDGED,ACK,524,0,""
1880.283,sender,af416b39-8b0b-4383-b8fd-ab44d75320e5,CONFIRM_DATA,ACK,524,1024,"unique file bytes acknowledged"
1880.286,sender,af416b39-8b0b-4383-b8fd-ab44d75320e5,RTT_SAMPLE,ACK,524,0,"93.690400"
1895.191,sender,af416b39-8b0b-4383-b8fd-ab44d75320e5,EMIT,DATA,547,1060,""
1895.223,sender,af416b39-8b0b-4383-b8fd-ab44d75320e5,EMIT,DATA,548,1060,""
1895.234,sender,af416b39-8b0b-4383-b8fd-ab44d75320e5,RECEIVE,ACK,520,36,""
1895.253,sender,af416b39-8b0b-4383-b8fd-ab44d75320e5,EMIT,DATA,546,1060,""
1895.257,sender,af416b39-8b0b-4383-b8fd-ab44d75320e5,ACKNOWLEDGED,ACK,520,0,""
1895.266,sender,af416b39-8b0b-4383-b8fd-ab44d75320e5,CONFIRM_DATA,ACK,520,1024,"unique file bytes acknowledged"
1895.283,sender,af416b39-8b0b-4383-b8fd-ab44d75320e5,RTT_SAMPLE,ACK,520,0,"108.701000"
1895.291,sender,af416b39-8b0b-4383-b8fd-ab44d75320e5,SEND,DATA,552,1060,""
1895.298,sender,af416b39-8b0b-4383-b8fd-ab44d75320e5,SEND,DATA,553,1060,""
1895.303,sender,af416b39-8b0b-4383-b8fd-ab44d75320e5,SEND,DATA,554,1060,""
1895.308,sender,af416b39-8b0b-4383-b8fd-ab44d75320e5,SEND,DATA,555,1060,""
1895.313,sender,af416b39-8b0b-4383-b8fd-ab44d75320e5,SEND,DATA,556,1060,""
1895.355,sender,af416b39-8b0b-4383-b8fd-ab44d75320e5,RECEIVE,ACK,534,36,""
1895.363,sender,af416b39-8b0b-4383-b8fd-ab44d75320e5,ACKNOWLEDGED,ACK,534,0,""
1895.366,sender,af416b39-8b0b-4383-b8fd-ab44d75320e5,CONFIRM_DATA,ACK,534,1024,"unique file bytes acknowledged"
1895.371,sender,af416b39-8b0b-4383-b8fd-ab44d75320e5,RTT_SAMPLE,ACK,534,0,"108.671300"
1895.407,sender,af416b39-8b0b-4383-b8fd-ab44d75320e5,RECEIVE,ACK,531,36,""
1895.415,sender,af416b39-8b0b-4383-b8fd-ab44d75320e5,ACKNOWLEDGED,ACK,531,0,""
1895.422,sender,af416b39-8b0b-4383-b8fd-ab44d75320e5,CONFIRM_DATA,ACK,531,1024,"unique file bytes acknowledged"
1895.429,sender,af416b39-8b0b-4383-b8fd-ab44d75320e5,RTT_SAMPLE,ACK,531,0,"108.791200"
1895.435,sender,af416b39-8b0b-4383-b8fd-ab44d75320e5,RECEIVE,ACK,525,36,""
1895.437,sender,af416b39-8b0b-4383-b8fd-ab44d75320e5,ACKNOWLEDGED,ACK,525,0,""
1895.440,sender,af416b39-8b0b-4383-b8fd-ab44d75320e5,CONFIRM_DATA,ACK,525,1024,"unique file bytes acknowledged"
1895.443,sender,af416b39-8b0b-4383-b8fd-ab44d75320e5,RTT_SAMPLE,ACK,525,0,"108.843900"
1895.446,sender,af416b39-8b0b-4383-b8fd-ab44d75320e5,SEND,DATA,557,1060,""
1895.451,sender,af416b39-8b0b-4383-b8fd-ab44d75320e5,SEND,DATA,558,1060,""
1895.454,sender,af416b39-8b0b-4383-b8fd-ab44d75320e5,SEND,DATA,559,1060,""
1895.457,sender,af416b39-8b0b-4383-b8fd-ab44d75320e5,SEND,DATA,560,1060,""
1895.460,sender,af416b39-8b0b-4383-b8fd-ab44d75320e5,SEND,DATA,561,1060,""
1895.463,sender,af416b39-8b0b-4383-b8fd-ab44d75320e5,SEND,DATA,562,1060,""
1895.466,sender,af416b39-8b0b-4383-b8fd-ab44d75320e5,SEND,DATA,563,1060,""
1895.469,sender,af416b39-8b0b-4383-b8fd-ab44d75320e5,SEND,DATA,564,1060,""
1895.472,sender,af416b39-8b0b-4383-b8fd-ab44d75320e5,SEND,DATA,565,1060,""
1895.475,sender,af416b39-8b0b-4383-b8fd-ab44d75320e5,SEND,DATA,566,1060,""
1895.478,sender,af416b39-8b0b-4383-b8fd-ab44d75320e5,SEND,DATA,567,1060,""
1895.483,sender,af416b39-8b0b-4383-b8fd-ab44d75320e5,RECEIVE,ACK,536,36,""
1895.486,sender,af416b39-8b0b-4383-b8fd-ab44d75320e5,ACKNOWLEDGED,ACK,536,0,""
1895.488,sender,af416b39-8b0b-4383-b8fd-ab44d75320e5,CONFIRM_DATA,ACK,536,1024,"unique file bytes acknowledged"
1895.492,sender,af416b39-8b0b-4383-b8fd-ab44d75320e5,RTT_SAMPLE,ACK,536,0,"77.161600"
1895.495,sender,af416b39-8b0b-4383-b8fd-ab44d75320e5,SEND,DATA,568,1060,""
1895.498,sender,af416b39-8b0b-4383-b8fd-ab44d75320e5,SEND,DATA,569,1060,""
1895.503,sender,af416b39-8b0b-4383-b8fd-ab44d75320e5,RECEIVE,ACK,545,36,""
1895.506,sender,af416b39-8b0b-4383-b8fd-ab44d75320e5,ACKNOWLEDGED,ACK,545,0,""
1895.508,sender,af416b39-8b0b-4383-b8fd-ab44d75320e5,CONFIRM_DATA,ACK,545,1024,"unique file bytes acknowledged"
1895.512,sender,af416b39-8b0b-4383-b8fd-ab44d75320e5,RTT_SAMPLE,ACK,545,0,"77.090700"
1910.871,sender,af416b39-8b0b-4383-b8fd-ab44d75320e5,EMIT,DATA,550,1060,""
1910.906,sender,af416b39-8b0b-4383-b8fd-ab44d75320e5,RECEIVE,ACK,542,36,""
1910.922,sender,af416b39-8b0b-4383-b8fd-ab44d75320e5,EMIT,DATA,549,1060,""
1910.930,sender,af416b39-8b0b-4383-b8fd-ab44d75320e5,ACKNOWLEDGED,ACK,542,0,""
1910.936,sender,af416b39-8b0b-4383-b8fd-ab44d75320e5,CONFIRM_DATA,ACK,542,1024,"unique file bytes acknowledged"
1910.945,sender,af416b39-8b0b-4383-b8fd-ab44d75320e5,RTT_SAMPLE,ACK,542,0,"92.591100"
1910.960,sender,af416b39-8b0b-4383-b8fd-ab44d75320e5,RECEIVE,ACK,543,36,""
1910.965,sender,af416b39-8b0b-4383-b8fd-ab44d75320e5,ACKNOWLEDGED,ACK,543,0,""
1910.970,sender,af416b39-8b0b-4383-b8fd-ab44d75320e5,CONFIRM_DATA,ACK,543,1024,"unique file bytes acknowledged"
1910.977,sender,af416b39-8b0b-4383-b8fd-ab44d75320e5,RTT_SAMPLE,ACK,543,0,"92.578900"
1910.988,sender,af416b39-8b0b-4383-b8fd-ab44d75320e5,RECEIVE,ACK,540,36,""
1910.993,sender,af416b39-8b0b-4383-b8fd-ab44d75320e5,ACKNOWLEDGED,ACK,540,0,""
1910.998,sender,af416b39-8b0b-4383-b8fd-ab44d75320e5,CONFIRM_DATA,ACK,540,1024,"unique file bytes acknowledged"
1911.004,sender,af416b39-8b0b-4383-b8fd-ab44d75320e5,RTT_SAMPLE,ACK,540,0,"92.657700"
1911.015,sender,af416b39-8b0b-4383-b8fd-ab44d75320e5,RECEIVE,ACK,538,36,""
1911.020,sender,af416b39-8b0b-4383-b8fd-ab44d75320e5,ACKNOWLEDGED,ACK,538,0,""
1911.025,sender,af416b39-8b0b-4383-b8fd-ab44d75320e5,CONFIRM_DATA,ACK,538,1024,"unique file bytes acknowledged"
1911.031,sender,af416b39-8b0b-4383-b8fd-ab44d75320e5,RTT_SAMPLE,ACK,538,0,"92.691200"
1911.038,sender,af416b39-8b0b-4383-b8fd-ab44d75320e5,SEND,DATA,570,1060,""
1926.900,sender,af416b39-8b0b-4383-b8fd-ab44d75320e5,EMIT,DATA,551,1060,""
1926.933,sender,af416b39-8b0b-4383-b8fd-ab44d75320e5,EMIT,DATA,568,1060,""
1926.943,sender,af416b39-8b0b-4383-b8fd-ab44d75320e5,EMIT,DATA,557,1060,""
1926.953,sender,af416b39-8b0b-4383-b8fd-ab44d75320e5,EMIT,DATA,552,1060,""
1926.963,sender,af416b39-8b0b-4383-b8fd-ab44d75320e5,EMIT,DATA,563,1060,""
1926.971,sender,af416b39-8b0b-4383-b8fd-ab44d75320e5,EMIT,DATA,553,1060,""
1926.979,sender,af416b39-8b0b-4383-b8fd-ab44d75320e5,EMIT,DATA,556,1060,""
1926.987,sender,af416b39-8b0b-4383-b8fd-ab44d75320e5,EMIT,DATA,561,1060,""
1927.057,sender,af416b39-8b0b-4383-b8fd-ab44d75320e5,RECEIVE,ACK,544,36,""
1927.067,sender,af416b39-8b0b-4383-b8fd-ab44d75320e5,ACKNOWLEDGED,ACK,544,0,""
1927.071,sender,af416b39-8b0b-4383-b8fd-ab44d75320e5,CONFIRM_DATA,ACK,544,1024,"unique file bytes acknowledged"
1927.076,sender,af416b39-8b0b-4383-b8fd-ab44d75320e5,RTT_SAMPLE,ACK,544,0,"108.657300"
1927.088,sender,af416b39-8b0b-4383-b8fd-ab44d75320e5,RECEIVE,ACK,539,36,""
1927.091,sender,af416b39-8b0b-4383-b8fd-ab44d75320e5,ACKNOWLEDGED,ACK,539,0,""
1927.093,sender,af416b39-8b0b-4383-b8fd-ab44d75320e5,CONFIRM_DATA,ACK,539,1024,"unique file bytes acknowledged"
1927.096,sender,af416b39-8b0b-4383-b8fd-ab44d75320e5,RTT_SAMPLE,ACK,539,0,"108.753800"
1927.100,sender,af416b39-8b0b-4383-b8fd-ab44d75320e5,SEND,DATA,571,1060,""
1927.203,sender,af416b39-8b0b-4383-b8fd-ab44d75320e5,SEND,DATA,572,1060,""
1927.206,sender,af416b39-8b0b-4383-b8fd-ab44d75320e5,SEND,DATA,573,1060,""
1927.209,sender,af416b39-8b0b-4383-b8fd-ab44d75320e5,SEND,DATA,574,1060,""
1927.213,sender,af416b39-8b0b-4383-b8fd-ab44d75320e5,SEND,DATA,575,1060,""
1927.216,sender,af416b39-8b0b-4383-b8fd-ab44d75320e5,SEND,DATA,576,1060,""
1927.219,sender,af416b39-8b0b-4383-b8fd-ab44d75320e5,SEND,DATA,577,1060,""
1942.787,sender,af416b39-8b0b-4383-b8fd-ab44d75320e5,RECEIVE,ACK,546,36,""
1942.802,sender,af416b39-8b0b-4383-b8fd-ab44d75320e5,ACKNOWLEDGED,ACK,546,0,""
1942.806,sender,af416b39-8b0b-4383-b8fd-ab44d75320e5,CONFIRM_DATA,ACK,546,1024,"unique file bytes acknowledged"
1942.811,sender,af416b39-8b0b-4383-b8fd-ab44d75320e5,RTT_SAMPLE,ACK,546,0,"77.966500"
1942.817,sender,af416b39-8b0b-4383-b8fd-ab44d75320e5,SEND,DATA,578,1060,""
1942.824,sender,af416b39-8b0b-4383-b8fd-ab44d75320e5,EMIT,DATA,554,1060,""
1942.843,sender,af416b39-8b0b-4383-b8fd-ab44d75320e5,RECEIVE,ACK,547,36,""
1942.846,sender,af416b39-8b0b-4383-b8fd-ab44d75320e5,ACKNOWLEDGED,ACK,547,0,""
1942.849,sender,af416b39-8b0b-4383-b8fd-ab44d75320e5,CONFIRM_DATA,ACK,547,1024,"unique file bytes acknowledged"
1942.852,sender,af416b39-8b0b-4383-b8fd-ab44d75320e5,RTT_SAMPLE,ACK,547,0,"78.003000"
1942.856,sender,af416b39-8b0b-4383-b8fd-ab44d75320e5,SEND,DATA,579,1060,""
1942.871,sender,af416b39-8b0b-4383-b8fd-ab44d75320e5,EMIT,DATA,565,1060,""
1942.896,sender,af416b39-8b0b-4383-b8fd-ab44d75320e5,EMIT,DATA,566,1060,""
1942.915,sender,af416b39-8b0b-4383-b8fd-ab44d75320e5,EMIT,DATA,560,1060,""
1942.940,sender,af416b39-8b0b-4383-b8fd-ab44d75320e5,EMIT,DATA,562,1060,""
1942.963,sender,af416b39-8b0b-4383-b8fd-ab44d75320e5,EMIT,DATA,564,1060,""
1942.991,sender,af416b39-8b0b-4383-b8fd-ab44d75320e5,EMIT,DATA,559,1060,""
1943.015,sender,af416b39-8b0b-4383-b8fd-ab44d75320e5,EMIT,DATA,570,1060,""
1943.034,sender,af416b39-8b0b-4383-b8fd-ab44d75320e5,EMIT,DATA,567,1060,""
1943.054,sender,af416b39-8b0b-4383-b8fd-ab44d75320e5,EMIT,DATA,569,1060,""
1958.519,sender,af416b39-8b0b-4383-b8fd-ab44d75320e5,EMIT,DATA,555,1060,""
1958.535,sender,af416b39-8b0b-4383-b8fd-ab44d75320e5,RECEIVE,ACK,549,36,""
1958.549,sender,af416b39-8b0b-4383-b8fd-ab44d75320e5,EMIT,DATA,558,1060,""
1958.553,sender,af416b39-8b0b-4383-b8fd-ab44d75320e5,ACKNOWLEDGED,ACK,549,0,""
1958.558,sender,af416b39-8b0b-4383-b8fd-ab44d75320e5,CONFIRM_DATA,ACK,549,1024,"unique file bytes acknowledged"
1958.563,sender,af416b39-8b0b-4383-b8fd-ab44d75320e5,EMIT,DATA,574,1060,""
1958.568,sender,af416b39-8b0b-4383-b8fd-ab44d75320e5,RTT_SAMPLE,ACK,549,0,"93.707300"
1958.579,sender,af416b39-8b0b-4383-b8fd-ab44d75320e5,RECEIVE,ACK,548,36,""
1958.583,sender,af416b39-8b0b-4383-b8fd-ab44d75320e5,ACKNOWLEDGED,ACK,548,0,""
1958.587,sender,af416b39-8b0b-4383-b8fd-ab44d75320e5,CONFIRM_DATA,ACK,548,1024,"unique file bytes acknowledged"
1958.592,sender,af416b39-8b0b-4383-b8fd-ab44d75320e5,RTT_SAMPLE,ACK,548,0,"93.738500"
1958.597,sender,af416b39-8b0b-4383-b8fd-ab44d75320e5,SEND,DATA,580,1060,""
1958.604,sender,af416b39-8b0b-4383-b8fd-ab44d75320e5,SEND,DATA,581,1060,""
1958.612,sender,af416b39-8b0b-4383-b8fd-ab44d75320e5,RECEIVE,ACK,550,36,""
1958.616,sender,af416b39-8b0b-4383-b8fd-ab44d75320e5,ACKNOWLEDGED,ACK,550,0,""
1958.619,sender,af416b39-8b0b-4383-b8fd-ab44d75320e5,CONFIRM_DATA,ACK,550,1024,"unique file bytes acknowledged"
1958.624,sender,af416b39-8b0b-4383-b8fd-ab44d75320e5,RTT_SAMPLE,ACK,550,0,"93.764600"
1958.629,sender,af416b39-8b0b-4383-b8fd-ab44d75320e5,SEND,DATA,582,1060,""
1958.637,sender,af416b39-8b0b-4383-b8fd-ab44d75320e5,RECEIVE,ACK,551,36,""
1958.640,sender,af416b39-8b0b-4383-b8fd-ab44d75320e5,ACKNOWLEDGED,ACK,551,0,""
1958.644,sender,af416b39-8b0b-4383-b8fd-ab44d75320e5,CONFIRM_DATA,ACK,551,1024,"unique file bytes acknowledged"
1958.649,sender,af416b39-8b0b-4383-b8fd-ab44d75320e5,RTT_SAMPLE,ACK,551,0,"93.785900"
1958.654,sender,af416b39-8b0b-4383-b8fd-ab44d75320e5,SEND,DATA,583,1060,""
1958.661,sender,af416b39-8b0b-4383-b8fd-ab44d75320e5,RECEIVE,ACK,556,36,""
1958.665,sender,af416b39-8b0b-4383-b8fd-ab44d75320e5,ACKNOWLEDGED,ACK,556,0,""
1958.668,sender,af416b39-8b0b-4383-b8fd-ab44d75320e5,CONFIRM_DATA,ACK,556,1024,"unique file bytes acknowledged"
1958.673,sender,af416b39-8b0b-4383-b8fd-ab44d75320e5,RTT_SAMPLE,ACK,556,0,"63.359500"
1958.681,sender,af416b39-8b0b-4383-b8fd-ab44d75320e5,RECEIVE,ACK,552,36,""
1958.684,sender,af416b39-8b0b-4383-b8fd-ab44d75320e5,ACKNOWLEDGED,ACK,552,0,""
1958.688,sender,af416b39-8b0b-4383-b8fd-ab44d75320e5,CONFIRM_DATA,ACK,552,1024,"unique file bytes acknowledged"
1958.693,sender,af416b39-8b0b-4383-b8fd-ab44d75320e5,RTT_SAMPLE,ACK,552,0,"63.400900"
1958.697,sender,af416b39-8b0b-4383-b8fd-ab44d75320e5,SEND,DATA,584,1060,""
1974.099,sender,af416b39-8b0b-4383-b8fd-ab44d75320e5,EMIT,DATA,576,1060,""
1974.132,sender,af416b39-8b0b-4383-b8fd-ab44d75320e5,EMIT,DATA,572,1060,""
1974.146,sender,af416b39-8b0b-4383-b8fd-ab44d75320e5,EMIT,DATA,575,1060,""
1974.156,sender,af416b39-8b0b-4383-b8fd-ab44d75320e5,EMIT,DATA,571,1060,""
1974.166,sender,af416b39-8b0b-4383-b8fd-ab44d75320e5,EMIT,DATA,573,1060,""
1974.185,sender,af416b39-8b0b-4383-b8fd-ab44d75320e5,EMIT,DATA,577,1060,""
1974.197,sender,af416b39-8b0b-4383-b8fd-ab44d75320e5,EMIT,DATA,578,1060,""
1974.237,sender,af416b39-8b0b-4383-b8fd-ab44d75320e5,RECEIVE,ACK,557,36,""
1974.252,sender,af416b39-8b0b-4383-b8fd-ab44d75320e5,ACKNOWLEDGED,ACK,557,0,""
1974.256,sender,af416b39-8b0b-4383-b8fd-ab44d75320e5,CONFIRM_DATA,ACK,557,1024,"unique file bytes acknowledged"
1974.263,sender,af416b39-8b0b-4383-b8fd-ab44d75320e5,RTT_SAMPLE,ACK,557,0,"78.814700"
1974.286,sender,af416b39-8b0b-4383-b8fd-ab44d75320e5,RECEIVE,ACK,561,36,""
1974.290,sender,af416b39-8b0b-4383-b8fd-ab44d75320e5,ACKNOWLEDGED,ACK,561,0,""
1974.293,sender,af416b39-8b0b-4383-b8fd-ab44d75320e5,CONFIRM_DATA,ACK,561,1024,"unique file bytes acknowledged"
1974.297,sender,af416b39-8b0b-4383-b8fd-ab44d75320e5,RTT_SAMPLE,ACK,561,0,"78.836600"
1974.304,sender,af416b39-8b0b-4383-b8fd-ab44d75320e5,RECEIVE,ACK,568,36,""
1974.308,sender,af416b39-8b0b-4383-b8fd-ab44d75320e5,ACKNOWLEDGED,ACK,568,0,""
1974.311,sender,af416b39-8b0b-4383-b8fd-ab44d75320e5,CONFIRM_DATA,ACK,568,1024,"unique file bytes acknowledged"
1974.315,sender,af416b39-8b0b-4383-b8fd-ab44d75320e5,RTT_SAMPLE,ACK,568,0,"78.819100"
1974.322,sender,af416b39-8b0b-4383-b8fd-ab44d75320e5,RECEIVE,ACK,563,36,""
1974.325,sender,af416b39-8b0b-4383-b8fd-ab44d75320e5,ACKNOWLEDGED,ACK,563,0,""
1974.328,sender,af416b39-8b0b-4383-b8fd-ab44d75320e5,CONFIRM_DATA,ACK,563,1024,"unique file bytes acknowledged"
1974.332,sender,af416b39-8b0b-4383-b8fd-ab44d75320e5,RTT_SAMPLE,ACK,563,0,"78.865500"
1974.339,sender,af416b39-8b0b-4383-b8fd-ab44d75320e5,RECEIVE,ACK,562,36,""
1974.342,sender,af416b39-8b0b-4383-b8fd-ab44d75320e5,ACKNOWLEDGED,ACK,562,0,""
1974.345,sender,af416b39-8b0b-4383-b8fd-ab44d75320e5,CONFIRM_DATA,ACK,562,1024,"unique file bytes acknowledged"
1974.352,sender,af416b39-8b0b-4383-b8fd-ab44d75320e5,RTT_SAMPLE,ACK,562,0,"78.885100"
1974.358,sender,af416b39-8b0b-4383-b8fd-ab44d75320e5,RECEIVE,ACK,560,36,""
1974.361,sender,af416b39-8b0b-4383-b8fd-ab44d75320e5,ACKNOWLEDGED,ACK,560,0,""
1974.364,sender,af416b39-8b0b-4383-b8fd-ab44d75320e5,CONFIRM_DATA,ACK,560,1024,"unique file bytes acknowledged"
1974.368,sender,af416b39-8b0b-4383-b8fd-ab44d75320e5,RTT_SAMPLE,ACK,560,0,"78.910300"
1974.374,sender,af416b39-8b0b-4383-b8fd-ab44d75320e5,RECEIVE,ACK,554,36,""
1974.376,sender,af416b39-8b0b-4383-b8fd-ab44d75320e5,ACKNOWLEDGED,ACK,554,0,""
1974.379,sender,af416b39-8b0b-4383-b8fd-ab44d75320e5,CONFIRM_DATA,ACK,554,1024,"unique file bytes acknowledged"
1974.383,sender,af416b39-8b0b-4383-b8fd-ab44d75320e5,RTT_SAMPLE,ACK,554,0,"79.078900"
1989.325,sender,af416b39-8b0b-4383-b8fd-ab44d75320e5,EMIT,DATA,579,1060,""
1989.355,sender,af416b39-8b0b-4383-b8fd-ab44d75320e5,EMIT,DATA,584,1060,""
1989.369,sender,af416b39-8b0b-4383-b8fd-ab44d75320e5,EMIT,DATA,582,1060,""
1989.378,sender,af416b39-8b0b-4383-b8fd-ab44d75320e5,EMIT,DATA,580,1060,""
1989.479,sender,af416b39-8b0b-4383-b8fd-ab44d75320e5,RECEIVE,ACK,559,36,""
1989.613,sender,af416b39-8b0b-4383-b8fd-ab44d75320e5,ACKNOWLEDGED,ACK,559,0,""
1989.617,sender,af416b39-8b0b-4383-b8fd-ab44d75320e5,CONFIRM_DATA,ACK,559,1024,"unique file bytes acknowledged"
1989.623,sender,af416b39-8b0b-4383-b8fd-ab44d75320e5,RTT_SAMPLE,ACK,559,0,"94.166800"
1989.635,sender,af416b39-8b0b-4383-b8fd-ab44d75320e5,RECEIVE,ACK,553,36,""
1989.638,sender,af416b39-8b0b-4383-b8fd-ab44d75320e5,ACKNOWLEDGED,ACK,553,0,""
1989.640,sender,af416b39-8b0b-4383-b8fd-ab44d75320e5,CONFIRM_DATA,ACK,553,1024,"unique file bytes acknowledged"
1989.643,sender,af416b39-8b0b-4383-b8fd-ab44d75320e5,RTT_SAMPLE,ACK,553,0,"94.344600"
1989.647,sender,af416b39-8b0b-4383-b8fd-ab44d75320e5,SEND,DATA,585,1060,""
1989.651,sender,af416b39-8b0b-4383-b8fd-ab44d75320e5,SEND,DATA,586,1060,""
1989.656,sender,af416b39-8b0b-4383-b8fd-ab44d75320e5,RECEIVE,ACK,564,36,""
1989.659,sender,af416b39-8b0b-4383-b8fd-ab44d75320e5,ACKNOWLEDGED,ACK,564,0,""
1989.661,sender,af416b39-8b0b-4383-b8fd-ab44d75320e5,CONFIRM_DATA,ACK,564,1024,"unique file bytes acknowledged"
1989.664,sender,af416b39-8b0b-4383-b8fd-ab44d75320e5,RTT_SAMPLE,ACK,564,0,"94.194700"
1989.669,sender,af416b39-8b0b-4383-b8fd-ab44d75320e5,RECEIVE,ACK,567,36,""
1989.672,sender,af416b39-8b0b-4383-b8fd-ab44d75320e5,ACKNOWLEDGED,ACK,567,0,""
1989.675,sender,af416b39-8b0b-4383-b8fd-ab44d75320e5,CONFIRM_DATA,ACK,567,1024,"unique file bytes acknowledged"
1989.678,sender,af416b39-8b0b-4383-b8fd-ab44d75320e5,RTT_SAMPLE,ACK,567,0,"94.199500"
1989.683,sender,af416b39-8b0b-4383-b8fd-ab44d75320e5,RECEIVE,ACK,566,36,""
1989.686,sender,af416b39-8b0b-4383-b8fd-ab44d75320e5,ACKNOWLEDGED,ACK,566,0,""
1989.688,sender,af416b39-8b0b-4383-b8fd-ab44d75320e5,CONFIRM_DATA,ACK,566,1024,"unique file bytes acknowledged"
1989.691,sender,af416b39-8b0b-4383-b8fd-ab44d75320e5,RTT_SAMPLE,ACK,566,0,"94.215800"
1989.696,sender,af416b39-8b0b-4383-b8fd-ab44d75320e5,RECEIVE,ACK,565,36,""
1989.699,sender,af416b39-8b0b-4383-b8fd-ab44d75320e5,ACKNOWLEDGED,ACK,565,0,""
1989.701,sender,af416b39-8b0b-4383-b8fd-ab44d75320e5,CONFIRM_DATA,ACK,565,1024,"unique file bytes acknowledged"
1989.704,sender,af416b39-8b0b-4383-b8fd-ab44d75320e5,RTT_SAMPLE,ACK,565,0,"94.231800"
1989.709,sender,af416b39-8b0b-4383-b8fd-ab44d75320e5,RECEIVE,ACK,570,36,""
1989.712,sender,af416b39-8b0b-4383-b8fd-ab44d75320e5,ACKNOWLEDGED,ACK,570,0,""
1989.714,sender,af416b39-8b0b-4383-b8fd-ab44d75320e5,CONFIRM_DATA,ACK,570,1024,"unique file bytes acknowledged"
1989.718,sender,af416b39-8b0b-4383-b8fd-ab44d75320e5,RTT_SAMPLE,ACK,570,0,"78.679400"
1989.723,sender,af416b39-8b0b-4383-b8fd-ab44d75320e5,RECEIVE,ACK,569,36,""
1989.725,sender,af416b39-8b0b-4383-b8fd-ab44d75320e5,ACKNOWLEDGED,ACK,569,0,""
1989.728,sender,af416b39-8b0b-4383-b8fd-ab44d75320e5,CONFIRM_DATA,ACK,569,1024,"unique file bytes acknowledged"
1989.731,sender,af416b39-8b0b-4383-b8fd-ab44d75320e5,RTT_SAMPLE,ACK,569,0,"94.232000"
2005.438,sender,af416b39-8b0b-4383-b8fd-ab44d75320e5,EMIT,DATA,581,1060,""
2005.471,sender,af416b39-8b0b-4383-b8fd-ab44d75320e5,EMIT,DATA,583,1060,""
2005.578,sender,af416b39-8b0b-4383-b8fd-ab44d75320e5,RECEIVE,ACK,555,36,""
2005.588,sender,af416b39-8b0b-4383-b8fd-ab44d75320e5,ACKNOWLEDGED,ACK,555,0,""
2005.592,sender,af416b39-8b0b-4383-b8fd-ab44d75320e5,CONFIRM_DATA,ACK,555,1024,"unique file bytes acknowledged"
2005.597,sender,af416b39-8b0b-4383-b8fd-ab44d75320e5,RTT_SAMPLE,ACK,555,0,"110.286800"
2005.602,sender,af416b39-8b0b-4383-b8fd-ab44d75320e5,SEND,DATA,587,1060,""
2005.607,sender,af416b39-8b0b-4383-b8fd-ab44d75320e5,SEND,DATA,588,1060,""
2005.610,sender,af416b39-8b0b-4383-b8fd-ab44d75320e5,SEND,DATA,589,1060,""
2005.620,sender,af416b39-8b0b-4383-b8fd-ab44d75320e5,RECEIVE,ACK,574,36,""
2005.623,sender,af416b39-8b0b-4383-b8fd-ab44d75320e5,ACKNOWLEDGED,ACK,574,0,""
2005.625,sender,af416b39-8b0b-4383-b8fd-ab44d75320e5,CONFIRM_DATA,ACK,574,1024,"unique file bytes acknowledged"
2005.629,sender,af416b39-8b0b-4383-b8fd-ab44d75320e5,RTT_SAMPLE,ACK,574,0,"78.419100"
2005.635,sender,af416b39-8b0b-4383-b8fd-ab44d75320e5,RECEIVE,ACK,576,36,""
2005.637,sender,af416b39-8b0b-4383-b8fd-ab44d75320e5,ACKNOWLEDGED,ACK,576,0,""
2005.640,sender,af416b39-8b0b-4383-b8fd-ab44d75320e5,CONFIRM_DATA,ACK,576,1024,"unique file bytes acknowledged"
2005.643,sender,af416b39-8b0b-4383-b8fd-ab44d75320e5,RTT_SAMPLE,ACK,576,0,"78.426900"
2005.649,sender,af416b39-8b0b-4383-b8fd-ab44d75320e5,RECEIVE,ACK,558,36,""
2005.652,sender,af416b39-8b0b-4383-b8fd-ab44d75320e5,ACKNOWLEDGED,ACK,558,0,""
2005.654,sender,af416b39-8b0b-4383-b8fd-ab44d75320e5,CONFIRM_DATA,ACK,558,1024,"unique file bytes acknowledged"
2005.657,sender,af416b39-8b0b-4383-b8fd-ab44d75320e5,RTT_SAMPLE,ACK,558,0,"110.206400"
2005.661,sender,af416b39-8b0b-4383-b8fd-ab44d75320e5,SEND,DATA,590,1060,""
2005.664,sender,af416b39-8b0b-4383-b8fd-ab44d75320e5,SEND,DATA,591,1060,""
2005.667,sender,af416b39-8b0b-4383-b8fd-ab44d75320e5,SEND,DATA,592,1060,""
2005.670,sender,af416b39-8b0b-4383-b8fd-ab44d75320e5,SEND,DATA,593,1060,""
2005.673,sender,af416b39-8b0b-4383-b8fd-ab44d75320e5,SEND,DATA,594,1060,""
2005.676,sender,af416b39-8b0b-4383-b8fd-ab44d75320e5,SEND,DATA,595,1060,""
2005.679,sender,af416b39-8b0b-4383-b8fd-ab44d75320e5,SEND,DATA,596,1060,""
2005.682,sender,af416b39-8b0b-4383-b8fd-ab44d75320e5,SEND,DATA,597,1060,""
2005.685,sender,af416b39-8b0b-4383-b8fd-ab44d75320e5,SEND,DATA,598,1060,""
2005.688,sender,af416b39-8b0b-4383-b8fd-ab44d75320e5,SEND,DATA,599,1060,""
2005.691,sender,af416b39-8b0b-4383-b8fd-ab44d75320e5,SEND,DATA,600,1060,""
2005.694,sender,af416b39-8b0b-4383-b8fd-ab44d75320e5,SEND,DATA,601,1060,""
2005.697,sender,af416b39-8b0b-4383-b8fd-ab44d75320e5,SEND,DATA,602,1060,""
2021.395,sender,af416b39-8b0b-4383-b8fd-ab44d75320e5,EMIT,DATA,586,1060,""
2021.553,sender,af416b39-8b0b-4383-b8fd-ab44d75320e5,RECEIVE,ACK,575,36,""
2021.563,sender,af416b39-8b0b-4383-b8fd-ab44d75320e5,ACKNOWLEDGED,ACK,575,0,""
2021.567,sender,af416b39-8b0b-4383-b8fd-ab44d75320e5,CONFIRM_DATA,ACK,575,1024,"unique file bytes acknowledged"
2021.572,sender,af416b39-8b0b-4383-b8fd-ab44d75320e5,RTT_SAMPLE,ACK,575,0,"94.357700"
2021.584,sender,af416b39-8b0b-4383-b8fd-ab44d75320e5,RECEIVE,ACK,573,36,""
2021.587,sender,af416b39-8b0b-4383-b8fd-ab44d75320e5,ACKNOWLEDGED,ACK,573,0,""
2021.589,sender,af416b39-8b0b-4383-b8fd-ab44d75320e5,CONFIRM_DATA,ACK,573,1024,"unique file bytes acknowledged"
2021.593,sender,af416b39-8b0b-4383-b8fd-ab44d75320e5,RTT_SAMPLE,ACK,573,0,"94.386100"
2021.598,sender,af416b39-8b0b-4383-b8fd-ab44d75320e5,RECEIVE,ACK,582,36,""
2021.601,sender,af416b39-8b0b-4383-b8fd-ab44d75320e5,ACKNOWLEDGED,ACK,582,0,""
2021.603,sender,af416b39-8b0b-4383-b8fd-ab44d75320e5,CONFIRM_DATA,ACK,582,1024,"unique file bytes acknowledged"
2021.606,sender,af416b39-8b0b-4383-b8fd-ab44d75320e5,RTT_SAMPLE,ACK,582,0,"62.977100"
2021.613,sender,af416b39-8b0b-4383-b8fd-ab44d75320e5,RECEIVE,ACK,579,36,""
2021.615,sender,af416b39-8b0b-4383-b8fd-ab44d75320e5,ACKNOWLEDGED,ACK,579,0,""
2021.618,sender,af416b39-8b0b-4383-b8fd-ab44d75320e5,CONFIRM_DATA,ACK,579,1024,"unique file bytes acknowledged"
2021.621,sender,af416b39-8b0b-4383-b8fd-ab44d75320e5,RTT_SAMPLE,ACK,579,0,"78.764900"
2021.626,sender,af416b39-8b0b-4383-b8fd-ab44d75320e5,RECEIVE,ACK,571,36,""
2021.629,sender,af416b39-8b0b-4383-b8fd-ab44d75320e5,ACKNOWLEDGED,ACK,571,0,""
2021.631,sender,af416b39-8b0b-4383-b8fd-ab44d75320e5,CONFIRM_DATA,ACK,571,1024,"unique file bytes acknowledged"
2021.634,sender,af416b39-8b0b-4383-b8fd-ab44d75320e5,RTT_SAMPLE,ACK,571,0,"94.533700"
2021.638,sender,af416b39-8b0b-4383-b8fd-ab44d75320e5,SEND,DATA,603,1060,""
2037.402,sender,af416b39-8b0b-4383-b8fd-ab44d75320e5,RECEIVE,ACK,572,36,""
2037.425,sender,af416b39-8b0b-4383-b8fd-ab44d75320e5,EMIT,DATA,585,1060,""
2037.435,sender,af416b39-8b0b-4383-b8fd-ab44d75320e5,ACKNOWLEDGED,ACK,572,0,""
2037.443,sender,af416b39-8b0b-4383-b8fd-ab44d75320e5,CONFIRM_DATA,ACK,572,1024,"unique file bytes acknowledged"
2037.450,sender,af416b39-8b0b-4383-b8fd-ab44d75320e5,EMIT,DATA,601,1060,""
2037.455,sender,af416b39-8b0b-4383-b8fd-ab44d75320e5,RTT_SAMPLE,ACK,572,0,"110.247900"
2037.526,sender,af416b39-8b0b-4383-b8fd-ab44d75320e5,SEND,DATA,604,1060,""
2037.535,sender,af416b39-8b0b-4383-b8fd-ab44d75320e5,SEND,DATA,605,1060,""
2037.538,sender,af416b39-8b0b-4383-b8fd-ab44d75320e5,SEND,DATA,606,1060,""
2037.541,sender,af416b39-8b0b-4383-b8fd-ab44d75320e5,SEND,DATA,607,1060,""
2037.544,sender,af416b39-8b0b-4383-b8fd-ab44d75320e5,SEND,DATA,608,1060,""
2037.551,sender,af416b39-8b0b-4383-b8fd-ab44d75320e5,RECEIVE,ACK,577,36,""
2037.553,sender,af416b39-8b0b-4383-b8fd-ab44d75320e5,ACKNOWLEDGED,ACK,577,0,""
2037.556,sender,af416b39-8b0b-4383-b8fd-ab44d75320e5,CONFIRM_DATA,ACK,577,1024,"unique file bytes acknowledged"
2037.559,sender,af416b39-8b0b-4383-b8fd-ab44d75320e5,RTT_SAMPLE,ACK,577,0,"110.339900"
2037.562,sender,af416b39-8b0b-4383-b8fd-ab44d75320e5,SEND,DATA,609,1060,""
2037.568,sender,af416b39-8b0b-4383-b8fd-ab44d75320e5,RECEIVE,ACK,578,36,""
2037.570,sender,af416b39-8b0b-4383-b8fd-ab44d75320e5,ACKNOWLEDGED,ACK,578,0,""
2037.572,sender,af416b39-8b0b-4383-b8fd-ab44d75320e5,CONFIRM_DATA,ACK,578,1024,"unique file bytes acknowledged"
2037.576,sender,af416b39-8b0b-4383-b8fd-ab44d75320e5,RTT_SAMPLE,ACK,578,0,"94.759000"
2037.579,sender,af416b39-8b0b-4383-b8fd-ab44d75320e5,SEND,DATA,610,1060,""
2037.582,sender,af416b39-8b0b-4383-b8fd-ab44d75320e5,SEND,DATA,611,1060,""
2037.586,sender,af416b39-8b0b-4383-b8fd-ab44d75320e5,EMIT,DATA,597,1060,""
2037.595,sender,af416b39-8b0b-4383-b8fd-ab44d75320e5,RECEIVE,ACK,583,36,""
2037.597,sender,af416b39-8b0b-4383-b8fd-ab44d75320e5,ACKNOWLEDGED,ACK,583,0,""
2037.600,sender,af416b39-8b0b-4383-b8fd-ab44d75320e5,CONFIRM_DATA,ACK,583,1024,"unique file bytes acknowledged"
2037.603,sender,af416b39-8b0b-4383-b8fd-ab44d75320e5,RTT_SAMPLE,ACK,583,0,"78.948900"
2037.609,sender,af416b39-8b0b-4383-b8fd-ab44d75320e5,RECEIVE,ACK,584,36,""
2037.611,sender,af416b39-8b0b-4383-b8fd-ab44d75320e5,ACKNOWLEDGED,ACK,584,0,""
2037.613,sender,af416b39-8b0b-4383-b8fd-ab44d75320e5,CONFIRM_DATA,ACK,584,1024,"unique file bytes acknowledged"
2037.617,sender,af416b39-8b0b-4383-b8fd-ab44d75320e5,RTT_SAMPLE,ACK,584,0,"78.919000"
2037.628,sender,af416b39-8b0b-4383-b8fd-ab44d75320e5,EMIT,DATA,596,1060,""
2037.641,sender,af416b39-8b0b-4383-b8fd-ab44d75320e5,EMIT,DATA,594,1060,""
2037.648,sender,af416b39-8b0b-4383-b8fd-ab44d75320e5,EMIT,DATA,587,1060,""
2037.656,sender,af416b39-8b0b-4383-b8fd-ab44d75320e5,EMIT,DATA,589,1060,""
2052.949,sender,af416b39-8b0b-4383-b8fd-ab44d75320e5,RECEIVE,ACK,580,36,""
2052.966,sender,af416b39-8b0b-4383-b8fd-ab44d75320e5,EMIT,DATA,590,1060,""
2052.988,sender,af416b39-8b0b-4383-b8fd-ab44d75320e5,ACKNOWLEDGED,ACK,580,0,""
2052.991,sender,af416b39-8b0b-4383-b8fd-ab44d75320e5,CONFIRM_DATA,ACK,580,1024,"unique file bytes acknowledged"
2052.996,sender,af416b39-8b0b-4383-b8fd-ab44d75320e5,RTT_SAMPLE,ACK,580,0,"94.397500"
2053.000,sender,af416b39-8b0b-4383-b8fd-ab44d75320e5,SEND,DATA,612,1060,""
2053.010,sender,af416b39-8b0b-4383-b8fd-ab44d75320e5,EMIT,DATA,595,1060,""
2053.031,sender,af416b39-8b0b-4383-b8fd-ab44d75320e5,EMIT,DATA,592,1060,""
2053.051,sender,af416b39-8b0b-4383-b8fd-ab44d75320e5,EMIT,DATA,593,1060,""
2053.071,sender,af416b39-8b0b-4383-b8fd-ab44d75320e5,EMIT,DATA,588,1060,""
2053.090,sender,af416b39-8b0b-4383-b8fd-ab44d75320e5,EMIT,DATA,598,1060,""
2053.108,sender,af416b39-8b0b-4383-b8fd-ab44d75320e5,EMIT,DATA,591,1060,""
2053.127,sender,af416b39-8b0b-4383-b8fd-ab44d75320e5,EMIT,DATA,599,1060,""
2053.188,sender,af416b39-8b0b-4383-b8fd-ab44d75320e5,RECEIVE,ACK,581,36,""
2053.209,sender,af416b39-8b0b-4383-b8fd-ab44d75320e5,ACKNOWLEDGED,ACK,581,0,""
2053.218,sender,af416b39-8b0b-4383-b8fd-ab44d75320e5,CONFIRM_DATA,ACK,581,1024,"unique file bytes acknowledged"
2053.229,sender,af416b39-8b0b-4383-b8fd-ab44d75320e5,RTT_SAMPLE,ACK,581,0,"94.621800"
2053.241,sender,af416b39-8b0b-4383-b8fd-ab44d75320e5,SEND,DATA,613,1060,""
2053.251,sender,af416b39-8b0b-4383-b8fd-ab44d75320e5,SEND,DATA,614,1060,""
2053.258,sender,af416b39-8b0b-4383-b8fd-ab44d75320e5,SEND,DATA,615,1060,""
2053.265,sender,af416b39-8b0b-4383-b8fd-ab44d75320e5,SEND,DATA,616,1060,""
2053.287,sender,af416b39-8b0b-4383-b8fd-ab44d75320e5,RECEIVE,ACK,586,36,""
2053.293,sender,af416b39-8b0b-4383-b8fd-ab44d75320e5,ACKNOWLEDGED,ACK,586,0,""
2053.299,sender,af416b39-8b0b-4383-b8fd-ab44d75320e5,CONFIRM_DATA,ACK,586,1024,"unique file bytes acknowledged"
2053.308,sender,af416b39-8b0b-4383-b8fd-ab44d75320e5,RTT_SAMPLE,ACK,586,0,"63.654900"
2068.171,sender,af416b39-8b0b-4383-b8fd-ab44d75320e5,EMIT,DATA,600,1060,""
2068.180,sender,af416b39-8b0b-4383-b8fd-ab44d75320e5,RECEIVE,ACK,589,36,""
2068.189,sender,af416b39-8b0b-4383-b8fd-ab44d75320e5,ACKNOWLEDGED,ACK,589,0,""
2068.192,sender,af416b39-8b0b-4383-b8fd-ab44d75320e5,CONFIRM_DATA,ACK,589,1024,"unique file bytes acknowledged"
2068.195,sender,af416b39-8b0b-4383-b8fd-ab44d75320e5,EMIT,DATA,602,1060,""
2068.201,sender,af416b39-8b0b-4383-b8fd-ab44d75320e5,RTT_SAMPLE,ACK,589,0,"62.585800"
2068.207,sender,af416b39-8b0b-4383-b8fd-ab44d75320e5,EMIT,DATA,608,1060,""
2068.217,sender,af416b39-8b0b-4383-b8fd-ab44d75320e5,EMIT,DATA,603,1060,""
2083.757,sender,af416b39-8b0b-4383-b8fd-ab44d75320e5,RECEIVE,ACK,596,36,""
2083.769,sender,af416b39-8b0b-4383-b8fd-ab44d75320e5,EMIT,DATA,606,1060,""
2083.777,sender,af416b39-8b0b-4383-b8fd-ab44d75320e5,ACKNOWLEDGED,ACK,596,0,""
2083.781,sender,af416b39-8b0b-4383-b8fd-ab44d75320e5,CONFIRM_DATA,ACK,596,1024,"unique file bytes acknowledged"
2083.785,sender,af416b39-8b0b-4383-b8fd-ab44d75320e5,RTT_SAMPLE,ACK,596,0,"78.105000"
2083.789,sender,af416b39-8b0b-4383-b8fd-ab44d75320e5,EMIT,DATA,610,1060,""
2083.797,sender,af416b39-8b0b-4383-b8fd-ab44d75320e5,RECEIVE,ACK,594,36,""
2083.800,sender,af416b39-8b0b-4383-b8fd-ab44d75320e5,ACKNOWLEDGED,ACK,594,0,""
2083.802,sender,af416b39-8b0b-4383-b8fd-ab44d75320e5,CONFIRM_DATA,ACK,594,1024,"unique file bytes acknowledged"
2083.805,sender,af416b39-8b0b-4383-b8fd-ab44d75320e5,EMIT,DATA,605,1060,""
2083.809,sender,af416b39-8b0b-4383-b8fd-ab44d75320e5,RTT_SAMPLE,ACK,594,0,"78.132500"
2083.814,sender,af416b39-8b0b-4383-b8fd-ab44d75320e5,EMIT,DATA,611,1060,""
2083.817,sender,af416b39-8b0b-4383-b8fd-ab44d75320e5,RECEIVE,ACK,587,36,""
2083.820,sender,af416b39-8b0b-4383-b8fd-ab44d75320e5,ACKNOWLEDGED,ACK,587,0,""
2083.823,sender,af416b39-8b0b-4383-b8fd-ab44d75320e5,CONFIRM_DATA,ACK,587,1024,"unique file bytes acknowledged"
2083.825,sender,af416b39-8b0b-4383-b8fd-ab44d75320e5,EMIT,DATA,607,1060,""
2083.829,sender,af416b39-8b0b-4383-b8fd-ab44d75320e5,RTT_SAMPLE,ACK,587,0,"78.223400"
2083.835,sender,af416b39-8b0b-4383-b8fd-ab44d75320e5,RECEIVE,ACK,591,36,""
2083.838,sender,af416b39-8b0b-4383-b8fd-ab44d75320e5,ACKNOWLEDGED,ACK,591,0,""
2083.840,sender,af416b39-8b0b-4383-b8fd-ab44d75320e5,CONFIRM_DATA,ACK,591,1024,"unique file bytes acknowledged"
2083.844,sender,af416b39-8b0b-4383-b8fd-ab44d75320e5,RTT_SAMPLE,ACK,591,0,"78.179400"
2083.849,sender,af416b39-8b0b-4383-b8fd-ab44d75320e5,RECEIVE,ACK,585,36,""
2083.852,sender,af416b39-8b0b-4383-b8fd-ab44d75320e5,ACKNOWLEDGED,ACK,585,0,""
2083.854,sender,af416b39-8b0b-4383-b8fd-ab44d75320e5,CONFIRM_DATA,ACK,585,1024,"unique file bytes acknowledged"
2083.858,sender,af416b39-8b0b-4383-b8fd-ab44d75320e5,RTT_SAMPLE,ACK,585,0,"94.210100"
2083.861,sender,af416b39-8b0b-4383-b8fd-ab44d75320e5,SEND,DATA,617,1060,""
2083.866,sender,af416b39-8b0b-4383-b8fd-ab44d75320e5,SEND,DATA,618,1060,""
2083.869,sender,af416b39-8b0b-4383-b8fd-ab44d75320e5,SEND,DATA,619,1060,""
2083.874,sender,af416b39-8b0b-4383-b8fd-ab44d75320e5,RECEIVE,ACK,592,36,""
2083.877,sender,af416b39-8b0b-4383-b8fd-ab44d75320e5,ACKNOWLEDGED,ACK,592,0,""
2083.883,sender,af416b39-8b0b-4383-b8fd-ab44d75320e5,CONFIRM_DATA,ACK,592,1024,"unique file bytes acknowledged"
2083.886,sender,af416b39-8b0b-4383-b8fd-ab44d75320e5,RTT_SAMPLE,ACK,592,0,"78.219000"
2083.892,sender,af416b39-8b0b-4383-b8fd-ab44d75320e5,RECEIVE,ACK,599,36,""
2083.895,sender,af416b39-8b0b-4383-b8fd-ab44d75320e5,ACKNOWLEDGED,ACK,599,0,""
2083.897,sender,af416b39-8b0b-4383-b8fd-ab44d75320e5,CONFIRM_DATA,ACK,599,1024,"unique file bytes acknowledged"
2083.900,sender,af416b39-8b0b-4383-b8fd-ab44d75320e5,RTT_SAMPLE,ACK,599,0,"78.211500"
2083.993,sender,af416b39-8b0b-4383-b8fd-ab44d75320e5,RECEIVE,ACK,601,36,""
2083.996,sender,af416b39-8b0b-4383-b8fd-ab44d75320e5,ACKNOWLEDGED,ACK,601,0,""
2083.998,sender,af416b39-8b0b-4383-b8fd-ab44d75320e5,CONFIRM_DATA,ACK,601,1024,"unique file bytes acknowledged"
2084.001,sender,af416b39-8b0b-4383-b8fd-ab44d75320e5,RTT_SAMPLE,ACK,601,0,"78.306300"
2099.729,sender,af416b39-8b0b-4383-b8fd-ab44d75320e5,EMIT,DATA,612,1060,""
2099.758,sender,af416b39-8b0b-4383-b8fd-ab44d75320e5,EMIT,DATA,616,1060,""
2099.771,sender,af416b39-8b0b-4383-b8fd-ab44d75320e5,EMIT,DATA,609,1060,""
2099.779,sender,af416b39-8b0b-4383-b8fd-ab44d75320e5,EMIT,DATA,615,1060,""
2099.789,sender,af416b39-8b0b-4383-b8fd-ab44d75320e5,EMIT,DATA,604,1060,""
2099.797,sender,af416b39-8b0b-4383-b8fd-ab44d75320e5,EMIT,DATA,613,1060,""
2099.806,sender,af416b39-8b0b-4383-b8fd-ab44d75320e5,RECEIVE,ACK,590,36,""
2099.817,sender,af416b39-8b0b-4383-b8fd-ab44d75320e5,EMIT,DATA,614,1060,""
2099.820,sender,af416b39-8b0b-4383-b8fd-ab44d75320e5,ACKNOWLEDGED,ACK,590,0,""
2099.824,sender,af416b39-8b0b-4383-b8fd-ab44d75320e5,CONFIRM_DATA,ACK,590,1024,"unique file bytes acknowledged"
2099.829,sender,af416b39-8b0b-4383-b8fd-ab44d75320e5,RTT_SAMPLE,ACK,590,0,"94.166700"
2099.837,sender,af416b39-8b0b-4383-b8fd-ab44d75320e5,RECEIVE,ACK,597,36,""
2099.840,sender,af416b39-8b0b-4383-b8fd-ab44d75320e5,ACKNOWLEDGED,ACK,597,0,""
2099.842,sender,af416b39-8b0b-4383-b8fd-ab44d75320e5,CONFIRM_DATA,ACK,597,1024,"unique file bytes acknowledged"
2099.846,sender,af416b39-8b0b-4383-b8fd-ab44d75320e5,RTT_SAMPLE,ACK,597,0,"94.163300"
2099.864,sender,af416b39-8b0b-4383-b8fd-ab44d75320e5,RECEIVE,ACK,588,36,""
2099.867,sender,af416b39-8b0b-4383-b8fd-ab44d75320e5,ACKNOWLEDGED,ACK,588,0,""
2099.870,sender,af416b39-8b0b-4383-b8fd-ab44d75320e5,CONFIRM_DATA,ACK,588,1024,"unique file bytes acknowledged"
2099.874,sender,af416b39-8b0b-4383-b8fd-ab44d75320e5,RTT_SAMPLE,ACK,588,0,"94.266700"
2099.878,sender,af416b39-8b0b-4383-b8fd-ab44d75320e5,SEND,DATA,620,1060,""
2099.884,sender,af416b39-8b0b-4383-b8fd-ab44d75320e5,SEND,DATA,621,1060,""
2099.887,sender,af416b39-8b0b-4383-b8fd-ab44d75320e5,SEND,DATA,622,1060,""
2099.891,sender,af416b39-8b0b-4383-b8fd-ab44d75320e5,SEND,DATA,623,1060,""
2099.895,sender,af416b39-8b0b-4383-b8fd-ab44d75320e5,SEND,DATA,624,1060,""
2099.901,sender,af416b39-8b0b-4383-b8fd-ab44d75320e5,RECEIVE,ACK,598,36,""
2099.904,sender,af416b39-8b0b-4383-b8fd-ab44d75320e5,ACKNOWLEDGED,ACK,598,0,""
2099.907,sender,af416b39-8b0b-4383-b8fd-ab44d75320e5,CONFIRM_DATA,ACK,598,1024,"unique file bytes acknowledged"
2099.910,sender,af416b39-8b0b-4383-b8fd-ab44d75320e5,RTT_SAMPLE,ACK,598,0,"94.224500"
2099.917,sender,af416b39-8b0b-4383-b8fd-ab44d75320e5,RECEIVE,ACK,593,36,""
2099.920,sender,af416b39-8b0b-4383-b8fd-ab44d75320e5,ACKNOWLEDGED,ACK,593,0,""
2099.922,sender,af416b39-8b0b-4383-b8fd-ab44d75320e5,CONFIRM_DATA,ACK,593,1024,"unique file bytes acknowledged"
2099.926,sender,af416b39-8b0b-4383-b8fd-ab44d75320e5,RTT_SAMPLE,ACK,593,0,"94.255700"
2099.930,sender,af416b39-8b0b-4383-b8fd-ab44d75320e5,SEND,DATA,625,1060,""
2099.933,sender,af416b39-8b0b-4383-b8fd-ab44d75320e5,SEND,DATA,626,1060,""
2099.943,sender,af416b39-8b0b-4383-b8fd-ab44d75320e5,RECEIVE,ACK,595,36,""
2099.946,sender,af416b39-8b0b-4383-b8fd-ab44d75320e5,ACKNOWLEDGED,ACK,595,0,""
2099.948,sender,af416b39-8b0b-4383-b8fd-ab44d75320e5,CONFIRM_DATA,ACK,595,1024,"unique file bytes acknowledged"
2099.951,sender,af416b39-8b0b-4383-b8fd-ab44d75320e5,RTT_SAMPLE,ACK,595,0,"94.274900"
2099.955,sender,af416b39-8b0b-4383-b8fd-ab44d75320e5,SEND,DATA,627,1060,""
2099.958,sender,af416b39-8b0b-4383-b8fd-ab44d75320e5,SEND,DATA,628,1060,""
2099.961,sender,af416b39-8b0b-4383-b8fd-ab44d75320e5,SEND,DATA,629,1060,""
2099.963,sender,af416b39-8b0b-4383-b8fd-ab44d75320e5,SEND,DATA,630,1060,""
2099.967,sender,af416b39-8b0b-4383-b8fd-ab44d75320e5,SEND,DATA,631,1060,""
2115.739,sender,af416b39-8b0b-4383-b8fd-ab44d75320e5,EMIT,DATA,618,1060,""
2115.840,sender,af416b39-8b0b-4383-b8fd-ab44d75320e5,RECEIVE,ACK,600,36,""
2115.852,sender,af416b39-8b0b-4383-b8fd-ab44d75320e5,ACKNOWLEDGED,ACK,600,0,""
2115.857,sender,af416b39-8b0b-4383-b8fd-ab44d75320e5,CONFIRM_DATA,ACK,600,1024,"unique file bytes acknowledged"
2115.863,sender,af416b39-8b0b-4383-b8fd-ab44d75320e5,RTT_SAMPLE,ACK,600,0,"110.169800"
2115.870,sender,af416b39-8b0b-4383-b8fd-ab44d75320e5,SEND,DATA,632,1060,""
2115.876,sender,af416b39-8b0b-4383-b8fd-ab44d75320e5,SEND,DATA,633,1060,""
2115.900,sender,af416b39-8b0b-4383-b8fd-ab44d75320e5,RECEIVE,ACK,610,36,""
2115.903,sender,af416b39-8b0b-4383-b8fd-ab44d75320e5,ACKNOWLEDGED,ACK,610,0,""
2115.906,sender,af416b39-8b0b-4383-b8fd-ab44d75320e5,CONFIRM_DATA,ACK,610,1024,"unique file bytes acknowledged"
2115.910,sender,af416b39-8b0b-4383-b8fd-ab44d75320e5,RTT_SAMPLE,ACK,610,0,"78.329700"
2115.916,sender,af416b39-8b0b-4383-b8fd-ab44d75320e5,RECEIVE,ACK,608,36,""
2115.919,sender,af416b39-8b0b-4383-b8fd-ab44d75320e5,ACKNOWLEDGED,ACK,608,0,""
2115.921,sender,af416b39-8b0b-4383-b8fd-ab44d75320e5,CONFIRM_DATA,ACK,608,1024,"unique file bytes acknowledged"
2115.925,sender,af416b39-8b0b-4383-b8fd-ab44d75320e5,RTT_SAMPLE,ACK,608,0,"78.380600"
2131.705,sender,af416b39-8b0b-4383-b8fd-ab44d75320e5,EMIT,DATA,617,1060,""
2131.717,sender,af416b39-8b0b-4383-b8fd-ab44d75320e5,RECEIVE,ACK,605,36,""
2131.727,sender,af416b39-8b0b-4383-b8fd-ab44d75320e5,ACKNOWLEDGED,ACK,605,0,""
2131.731,sender,af416b39-8b0b-4383-b8fd-ab44d75320e5,CONFIRM_DATA,ACK,605,1024,"unique file bytes acknowledged"
2131.735,sender,af416b39-8b0b-4383-b8fd-ab44d75320e5,EMIT,DATA,623,1060,""
2131.740,sender,af416b39-8b0b-4383-b8fd-ab44d75320e5,RTT_SAMPLE,ACK,605,0,"94.199800"
2131.757,sender,af416b39-8b0b-4383-b8fd-ab44d75320e5,EMIT,DATA,622,1060,""
2131.760,sender,af416b39-8b0b-4383-b8fd-ab44d75320e5,RECEIVE,ACK,603,36,""
2131.763,sender,af416b39-8b0b-4383-b8fd-ab44d75320e5,ACKNOWLEDGED,ACK,603,0,""
2131.766,sender,af416b39-8b0b-4383-b8fd-ab44d75320e5,CONFIRM_DATA,ACK,603,1024,"unique file bytes acknowledged"
2131.769,sender,af416b39-8b0b-4383-b8fd-ab44d75320e5,EMIT,DATA,630,1060,""
2131.773,sender,af416b39-8b0b-4383-b8fd-ab44d75320e5,RTT_SAMPLE,ACK,603,0,"110.130800"
2131.778,sender,af416b39-8b0b-4383-b8fd-ab44d75320e5,EMIT,DATA,619,1060,""
2131.781,sender,af416b39-8b0b-4383-b8fd-ab44d75320e5,RECEIVE,ACK,602,36,""
2131.784,sender,af416b39-8b0b-4383-b8fd-ab44d75320e5,ACKNOWLEDGED,ACK,602,0,""
2131.786,sender,af416b39-8b0b-4383-b8fd-ab44d75320e5,CONFIRM_DATA,ACK,602,1024,"unique file bytes acknowledged"
2131.790,sender,af416b39-8b0b-4383-b8fd-ab44d75320e5,RTT_SAMPLE,ACK,602,0,"126.092000"
2131.794,sender,af416b39-8b0b-4383-b8fd-ab44d75320e5,SEND,DATA,634,1060,""
2131.799,sender,af416b39-8b0b-4383-b8fd-ab44d75320e5,SEND,DATA,635,1060,""
2131.809,sender,af416b39-8b0b-4383-b8fd-ab44d75320e5,RECEIVE,ACK,611,36,""
2131.811,sender,af416b39-8b0b-4383-b8fd-ab44d75320e5,ACKNOWLEDGED,ACK,611,0,""
2131.814,sender,af416b39-8b0b-4383-b8fd-ab44d75320e5,CONFIRM_DATA,ACK,611,1024,"unique file bytes acknowledged"
2131.817,sender,af416b39-8b0b-4383-b8fd-ab44d75320e5,RTT_SAMPLE,ACK,611,0,"94.234300"
2131.822,sender,af416b39-8b0b-4383-b8fd-ab44d75320e5,RECEIVE,ACK,609,36,""
2131.825,sender,af416b39-8b0b-4383-b8fd-ab44d75320e5,ACKNOWLEDGED,ACK,609,0,""
2131.827,sender,af416b39-8b0b-4383-b8fd-ab44d75320e5,CONFIRM_DATA,ACK,609,1024,"unique file bytes acknowledged"
2131.830,sender,af416b39-8b0b-4383-b8fd-ab44d75320e5,RTT_SAMPLE,ACK,609,0,"94.267300"
2147.422,sender,af416b39-8b0b-4383-b8fd-ab44d75320e5,EMIT,DATA,626,1060,""
2147.446,sender,af416b39-8b0b-4383-b8fd-ab44d75320e5,EMIT,DATA,628,1060,""
2147.456,sender,af416b39-8b0b-4383-b8fd-ab44d75320e5,EMIT,DATA,629,1060,""
2147.459,sender,af416b39-8b0b-4383-b8fd-ab44d75320e5,RECEIVE,ACK,606,36,""
2147.481,sender,af416b39-8b0b-4383-b8fd-ab44d75320e5,EMIT,DATA,627,1060,""
2147.485,sender,af416b39-8b0b-4383-b8fd-ab44d75320e5,ACKNOWLEDGED,ACK,606,0,""
2147.495,sender,af416b39-8b0b-4383-b8fd-ab44d75320e5,EMIT,DATA,625,1060,""
2147.498,sender,af416b39-8b0b-4383-b8fd-ab44d75320e5,CONFIRM_DATA,ACK,606,1024,"unique file bytes acknowledged"
2147.647,sender,af416b39-8b0b-4383-b8fd-ab44d75320e5,RTT_SAMPLE,ACK,606,0,"110.104400"
2147.680,sender,af416b39-8b0b-4383-b8fd-ab44d75320e5,RECEIVE,ACK,616,36,""
2147.689,sender,af416b39-8b0b-4383-b8fd-ab44d75320e5,ACKNOWLEDGED,ACK,616,0,""
2147.696,sender,af416b39-8b0b-4383-b8fd-ab44d75320e5,CONFIRM_DATA,ACK,616,1024,"unique file bytes acknowledged"
2147.711,sender,af416b39-8b0b-4383-b8fd-ab44d75320e5,RTT_SAMPLE,ACK,616,0,"94.446000"
2147.716,sender,af416b39-8b0b-4383-b8fd-ab44d75320e5,RECEIVE,ACK,607,36,""
2147.719,sender,af416b39-8b0b-4383-b8fd-ab44d75320e5,ACKNOWLEDGED,ACK,607,0,""
2147.721,sender,af416b39-8b0b-4383-b8fd-ab44d75320e5,CONFIRM_DATA,ACK,607,1024,"unique file bytes acknowledged"
2147.724,sender,af416b39-8b0b-4383-b8fd-ab44d75320e5,RTT_SAMPLE,ACK,607,0,"110.182500"
2147.728,sender,af416b39-8b0b-4383-b8fd-ab44d75320e5,RECEIVE,ACK,615,36,""
2147.731,sender,af416b39-8b0b-4383-b8fd-ab44d75320e5,ACKNOWLEDGED,ACK,615,0,""
2147.733,sender,af416b39-8b0b-4383-b8fd-ab44d75320e5,CONFIRM_DATA,ACK,615,1024,"unique file bytes acknowledged"
2147.736,sender,af416b39-8b0b-4383-b8fd-ab44d75320e5,RTT_SAMPLE,ACK,615,0,"94.477700"
2147.741,sender,af416b39-8b0b-4383-b8fd-ab44d75320e5,RECEIVE,ACK,613,36,""
2147.743,sender,af416b39-8b0b-4383-b8fd-ab44d75320e5,ACKNOWLEDGED,ACK,613,0,""
2147.745,sender,af416b39-8b0b-4383-b8fd-ab44d75320e5,CONFIRM_DATA,ACK,613,1024,"unique file bytes acknowledged"
2147.748,sender,af416b39-8b0b-4383-b8fd-ab44d75320e5,RTT_SAMPLE,ACK,613,0,"94.507200"
2147.753,sender,af416b39-8b0b-4383-b8fd-ab44d75320e5,RECEIVE,ACK,614,36,""
2147.755,sender,af416b39-8b0b-4383-b8fd-ab44d75320e5,ACKNOWLEDGED,ACK,614,0,""
2147.757,sender,af416b39-8b0b-4383-b8fd-ab44d75320e5,CONFIRM_DATA,ACK,614,1024,"unique file bytes acknowledged"
2147.760,sender,af416b39-8b0b-4383-b8fd-ab44d75320e5,RTT_SAMPLE,ACK,614,0,"94.509200"
2147.764,sender,af416b39-8b0b-4383-b8fd-ab44d75320e5,RECEIVE,ACK,612,36,""
2147.779,sender,af416b39-8b0b-4383-b8fd-ab44d75320e5,ACKNOWLEDGED,ACK,612,0,""
2147.781,sender,af416b39-8b0b-4383-b8fd-ab44d75320e5,CONFIRM_DATA,ACK,612,1024,"unique file bytes acknowledged"
2147.784,sender,af416b39-8b0b-4383-b8fd-ab44d75320e5,RTT_SAMPLE,ACK,612,0,"94.783700"
2147.790,sender,af416b39-8b0b-4383-b8fd-ab44d75320e5,RECEIVE,ACK,604,36,""
2147.792,sender,af416b39-8b0b-4383-b8fd-ab44d75320e5,ACKNOWLEDGED,ACK,604,0,""
2147.795,sender,af416b39-8b0b-4383-b8fd-ab44d75320e5,CONFIRM_DATA,ACK,604,1024,"unique file bytes acknowledged"
2147.800,sender,af416b39-8b0b-4383-b8fd-ab44d75320e5,EMIT,DATA,620,1060,""
2147.809,sender,af416b39-8b0b-4383-b8fd-ab44d75320e5,RTT_SAMPLE,ACK,604,0,"110.272100"
2147.813,sender,af416b39-8b0b-4383-b8fd-ab44d75320e5,SEND,DATA,636,1060,""
2147.818,sender,af416b39-8b0b-4383-b8fd-ab44d75320e5,SEND,DATA,637,1060,""
2147.821,sender,af416b39-8b0b-4383-b8fd-ab44d75320e5,SEND,DATA,638,1060,""
2147.824,sender,af416b39-8b0b-4383-b8fd-ab44d75320e5,SEND,DATA,639,1060,""
2147.827,sender,af416b39-8b0b-4383-b8fd-ab44d75320e5,SEND,DATA,640,1060,""
2147.830,sender,af416b39-8b0b-4383-b8fd-ab44d75320e5,SEND,DATA,641,1060,""
2147.833,sender,af416b39-8b0b-4383-b8fd-ab44d75320e5,SEND,DATA,642,1060,""
2147.836,sender,af416b39-8b0b-4383-b8fd-ab44d75320e5,SEND,DATA,643,1060,""
2147.839,sender,af416b39-8b0b-4383-b8fd-ab44d75320e5,SEND,DATA,644,1060,""
2147.841,sender,af416b39-8b0b-4383-b8fd-ab44d75320e5,EMIT,DATA,624,1060,""
2147.846,sender,af416b39-8b0b-4383-b8fd-ab44d75320e5,SEND,DATA,645,1060,""
2147.849,sender,af416b39-8b0b-4383-b8fd-ab44d75320e5,SEND,DATA,646,1060,""
2147.852,sender,af416b39-8b0b-4383-b8fd-ab44d75320e5,SEND,DATA,647,1060,""
2147.854,sender,af416b39-8b0b-4383-b8fd-ab44d75320e5,EMIT,DATA,632,1060,""
2147.857,sender,af416b39-8b0b-4383-b8fd-ab44d75320e5,SEND,DATA,648,1060,""
2162.722,sender,af416b39-8b0b-4383-b8fd-ab44d75320e5,EMIT,DATA,631,1060,""
2162.760,sender,af416b39-8b0b-4383-b8fd-ab44d75320e5,EMIT,DATA,621,1060,""
2162.774,sender,af416b39-8b0b-4383-b8fd-ab44d75320e5,EMIT,DATA,633,1060,""
2162.869,sender,af416b39-8b0b-4383-b8fd-ab44d75320e5,RECEIVE,ACK,617,36,""
2162.881,sender,af416b39-8b0b-4383-b8fd-ab44d75320e5,ACKNOWLEDGED,ACK,617,0,""
2162.885,sender,af416b39-8b0b-4383-b8fd-ab44d75320e5,CONFIRM_DATA,ACK,617,1024,"unique file bytes acknowledged"
2162.892,sender,af416b39-8b0b-4383-b8fd-ab44d75320e5,RTT_SAMPLE,ACK,617,0,"79.028000"
2162.898,sender,af416b39-8b0b-4383-b8fd-ab44d75320e5,SEND,DATA,649,1060,""
2162.909,sender,af416b39-8b0b-4383-b8fd-ab44d75320e5,RECEIVE,ACK,622,36,""
2162.912,sender,af416b39-8b0b-4383-b8fd-ab44d75320e5,ACKNOWLEDGED,ACK,622,0,""
2162.915,sender,af416b39-8b0b-4383-b8fd-ab44d75320e5,CONFIRM_DATA,ACK,622,1024,"unique file bytes acknowledged"
2162.919,sender,af416b39-8b0b-4383-b8fd-ab44d75320e5,RTT_SAMPLE,ACK,622,0,"63.030900"
2163.165,sender,af416b39-8b0b-4383-b8fd-ab44d75320e5,RECEIVE,ACK,618,36,""
2163.173,sender,af416b39-8b0b-4383-b8fd-ab44d75320e5,ACKNOWLEDGED,ACK,618,0,""
2163.176,sender,af416b39-8b0b-4383-b8fd-ab44d75320e5,CONFIRM_DATA,ACK,618,1024,"unique file bytes acknowledged"
2163.192,sender,af416b39-8b0b-4383-b8fd-ab44d75320e5,RTT_SAMPLE,ACK,618,0,"79.324900"
2163.198,sender,af416b39-8b0b-4383-b8fd-ab44d75320e5,SEND,DATA,650,1060,""
2178.277,sender,af416b39-8b0b-4383-b8fd-ab44d75320e5,RECEIVE,ACK,619,36,""
2178.299,sender,af416b39-8b0b-4383-b8fd-ab44d75320e5,ACKNOWLEDGED,ACK,619,0,""
2178.303,sender,af416b39-8b0b-4383-b8fd-ab44d75320e5,CONFIRM_DATA,ACK,619,1024,"unique file bytes acknowledged"
2178.308,sender,af416b39-8b0b-4383-b8fd-ab44d75320e5,RTT_SAMPLE,ACK,619,0,"94.436900"
2178.314,sender,af416b39-8b0b-4383-b8fd-ab44d75320e5,SEND,DATA,651,1060,""
2178.346,sender,af416b39-8b0b-4383-b8fd-ab44d75320e5,EMIT,DATA,634,1060,""
2178.367,sender,af416b39-8b0b-4383-b8fd-ab44d75320e5,EMIT,DATA,643,1060,""
2178.376,sender,af416b39-8b0b-4383-b8fd-ab44d75320e5,EMIT,DATA,644,1060,""
2178.384,sender,af416b39-8b0b-4383-b8fd-ab44d75320e5,EMIT,DATA,635,1060,""
2178.393,sender,af416b39-8b0b-4383-b8fd-ab44d75320e5,EMIT,DATA,641,1060,""
2178.524,sender,af416b39-8b0b-4383-b8fd-ab44d75320e5,RECEIVE,ACK,627,36,""
2178.539,sender,af416b39-8b0b-4383-b8fd-ab44d75320e5,ACKNOWLEDGED,ACK,627,0,""
2178.545,sender,af416b39-8b0b-4383-b8fd-ab44d75320e5,CONFIRM_DATA,ACK,627,1024,"unique file bytes acknowledged"
2178.552,sender,af416b39-8b0b-4383-b8fd-ab44d75320e5,RTT_SAMPLE,ACK,627,0,"78.595700"
2178.583,sender,af416b39-8b0b-4383-b8fd-ab44d75320e5,RECEIVE,ACK,626,36,""
2178.588,sender,af416b39-8b0b-4383-b8fd-ab44d75320e5,ACKNOWLEDGED,ACK,626,0,""
2178.592,sender,af416b39-8b0b-4383-b8fd-ab44d75320e5,CONFIRM_DATA,ACK,626,1024,"unique file bytes acknowledged"
2178.598,sender,af416b39-8b0b-4383-b8fd-ab44d75320e5,RTT_SAMPLE,ACK,626,0,"78.663600"
2178.609,sender,af416b39-8b0b-4383-b8fd-ab44d75320e5,RECEIVE,ACK,624,36,""
2178.640,sender,af416b39-8b0b-4383-b8fd-ab44d75320e5,ACKNOWLEDGED,ACK,624,0,""
2178.652,sender,af416b39-8b0b-4383-b8fd-ab44d75320e5,CONFIRM_DATA,ACK,624,1024,"unique file bytes acknowledged"
2178.660,sender,af416b39-8b0b-4383-b8fd-ab44d75320e5,RTT_SAMPLE,ACK,624,0,"78.763000"
2178.687,sender,af416b39-8b0b-4383-b8fd-ab44d75320e5,RECEIVE,ACK,630,36,""
2178.693,sender,af416b39-8b0b-4383-b8fd-ab44d75320e5,ACKNOWLEDGED,ACK,630,0,""
2178.698,sender,af416b39-8b0b-4383-b8fd-ab44d75320e5,CONFIRM_DATA,ACK,630,1024,"unique file bytes acknowledged"
2178.703,sender,af416b39-8b0b-4383-b8fd-ab44d75320e5,RTT_SAMPLE,ACK,630,0,"78.739000"
2194.290,sender,af416b39-8b0b-4383-b8fd-ab44d75320e5,EMIT,DATA,637,1060,""
2194.331,sender,af416b39-8b0b-4383-b8fd-ab44d75320e5,EMIT,DATA,640,1060,""
2194.339,sender,af416b39-8b0b-4383-b8fd-ab44d75320e5,EMIT,DATA,648,1060,""
2194.345,sender,af416b39-8b0b-4383-b8fd-ab44d75320e5,RECEIVE,ACK,628,36,""
2194.367,sender,af416b39-8b0b-4383-b8fd-ab44d75320e5,EMIT,DATA,638,1060,""
2194.371,sender,af416b39-8b0b-4383-b8fd-ab44d75320e5,ACKNOWLEDGED,ACK,628,0,""
2194.380,sender,af416b39-8b0b-4383-b8fd-ab44d75320e5,EMIT,DATA,639,1060,""
2194.384,sender,af416b39-8b0b-4383-b8fd-ab44d75320e5,CONFIRM_DATA,ACK,628,1024,"unique file bytes acknowledged"
2194.469,sender,af416b39-8b0b-4383-b8fd-ab44d75320e5,RTT_SAMPLE,ACK,628,0,"94.509700"
2194.486,sender,af416b39-8b0b-4383-b8fd-ab44d75320e5,RECEIVE,ACK,623,36,""
2194.489,sender,af416b39-8b0b-4383-b8fd-ab44d75320e5,ACKNOWLEDGED,ACK,623,0,""
2194.492,sender,af416b39-8b0b-4383-b8fd-ab44d75320e5,CONFIRM_DATA,ACK,623,1024,"unique file bytes acknowledged"
2194.496,sender,af416b39-8b0b-4383-b8fd-ab44d75320e5,RTT_SAMPLE,ACK,623,0,"94.604400"
2194.503,sender,af416b39-8b0b-4383-b8fd-ab44d75320e5,RECEIVE,ACK,629,36,""
2194.506,sender,af416b39-8b0b-4383-b8fd-ab44d75320e5,ACKNOWLEDGED,ACK,629,0,""
2194.508,sender,af416b39-8b0b-4383-b8fd-ab44d75320e5,CONFIRM_DATA,ACK,629,1024,"unique file bytes acknowledged"
2194.512,sender,af416b39-8b0b-4383-b8fd-ab44d75320e5,RTT_SAMPLE,ACK,629,0,"94.551100"
2194.518,sender,af416b39-8b0b-4383-b8fd-ab44d75320e5,RECEIVE,ACK,632,36,""
2194.521,sender,af416b39-8b0b-4383-b8fd-ab44d75320e5,ACKNOWLEDGED,ACK,632,0,""
2194.524,sender,af416b39-8b0b-4383-b8fd-ab44d75320e5,CONFIRM_DATA,ACK,632,1024,"unique file bytes acknowledged"
2194.531,sender,af416b39-8b0b-4383-b8fd-ab44d75320e5,RTT_SAMPLE,ACK,632,0,"78.660900"
2194.540,sender,af416b39-8b0b-4383-b8fd-ab44d75320e5,EMIT,DATA,647,1060,""
2194.560,sender,af416b39-8b0b-4383-b8fd-ab44d75320e5,RECEIVE,ACK,620,36,""
2194.563,sender,af416b39-8b0b-4383-b8fd-ab44d75320e5,ACKNOWLEDGED,ACK,620,0,""
2194.566,sender,af416b39-8b0b-4383-b8fd-ab44d75320e5,CONFIRM_DATA,ACK,620,1024,"unique file bytes acknowledged"
2194.570,sender,af416b39-8b0b-4383-b8fd-ab44d75320e5,RTT_SAMPLE,ACK,620,0,"94.691200"
2194.574,sender,af416b39-8b0b-4383-b8fd-ab44d75320e5,SEND,DATA,652,1060,""
2194.625,sender,af416b39-8b0b-4383-b8fd-ab44d75320e5,EMIT,DATA,649,1060,""
2194.660,sender,af416b39-8b0b-4383-b8fd-ab44d75320e5,EMIT,DATA,642,1060,""
2194.692,sender,af416b39-8b0b-4383-b8fd-ab44d75320e5,EMIT,DATA,645,1060,""
2194.735,sender,af416b39-8b0b-4383-b8fd-ab44d75320e5,EMIT,DATA,646,1060,""
2194.760,sender,af416b39-8b0b-4383-b8fd-ab44d75320e5,EMIT,DATA,650,1060,""
2210.523,sender,af416b39-8b0b-4383-b8fd-ab44d75320e5,EMIT,DATA,636,1060,""
2210.862,sender,af416b39-8b0b-4383-b8fd-ab44d75320e5,RECEIVE,ACK,625,36,""
2210.872,sender,af416b39-8b0b-4383-b8fd-ab44d75320e5,ACKNOWLEDGED,ACK,625,0,""
2210.882,sender,af416b39-8b0b-4383-b8fd-ab44d75320e5,CONFIRM_DATA,ACK,625,1024,"unique file bytes acknowledged"
2210.888,sender,af416b39-8b0b-4383-b8fd-ab44d75320e5,RTT_SAMPLE,ACK,625,0,"110.955900"
2210.895,sender,af416b39-8b0b-4383-b8fd-ab44d75320e5,RECEIVE,ACK,633,36,""
2210.898,sender,af416b39-8b0b-4383-b8fd-ab44d75320e5,ACKNOWLEDGED,ACK,633,0,""
2210.900,sender,af416b39-8b0b-4383-b8fd-ab44d75320e5,CONFIRM_DATA,ACK,633,1024,"unique file bytes acknowledged"
2210.903,sender,af416b39-8b0b-4383-b8fd-ab44d75320e5,RTT_SAMPLE,ACK,633,0,"95.026900"
2210.909,sender,af416b39-8b0b-4383-b8fd-ab44d75320e5,RECEIVE,ACK,641,36,""
2210.911,sender,af416b39-8b0b-4383-b8fd-ab44d75320e5,ACKNOWLEDGED,ACK,641,0,""
2210.914,sender,af416b39-8b0b-4383-b8fd-ab44d75320e5,CONFIRM_DATA,ACK,641,1024,"unique file bytes acknowledged"
2210.917,sender,af416b39-8b0b-4383-b8fd-ab44d75320e5,RTT_SAMPLE,ACK,641,0,"63.086300"
2210.922,sender,af416b39-8b0b-4383-b8fd-ab44d75320e5,RECEIVE,ACK,644,36,""
2210.925,sender,af416b39-8b0b-4383-b8fd-ab44d75320e5,ACKNOWLEDGED,ACK,644,0,""
2210.927,sender,af416b39-8b0b-4383-b8fd-ab44d75320e5,CONFIRM_DATA,ACK,644,1024,"unique file bytes acknowledged"
2210.931,sender,af416b39-8b0b-4383-b8fd-ab44d75320e5,RTT_SAMPLE,ACK,644,0,"63.091400"
2210.936,sender,af416b39-8b0b-4383-b8fd-ab44d75320e5,RECEIVE,ACK,631,36,""
2210.938,sender,af416b39-8b0b-4383-b8fd-ab44d75320e5,ACKNOWLEDGED,ACK,631,0,""
2210.940,sender,af416b39-8b0b-4383-b8fd-ab44d75320e5,CONFIRM_DATA,ACK,631,1024,"unique file bytes acknowledged"
2210.944,sender,af416b39-8b0b-4383-b8fd-ab44d75320e5,RTT_SAMPLE,ACK,631,0,"110.976300"
2210.949,sender,af416b39-8b0b-4383-b8fd-ab44d75320e5,RECEIVE,ACK,621,36,""
2210.951,sender,af416b39-8b0b-4383-b8fd-ab44d75320e5,ACKNOWLEDGED,ACK,621,0,""
2210.954,sender,af416b39-8b0b-4383-b8fd-ab44d75320e5,CONFIRM_DATA,ACK,621,1024,"unique file bytes acknowledged"
2210.956,sender,af416b39-8b0b-4383-b8fd-ab44d75320e5,RTT_SAMPLE,ACK,621,0,"111.072600"
2210.960,sender,af416b39-8b0b-4383-b8fd-ab44d75320e5,SEND,DATA,653,1060,""
2210.976,sender,af416b39-8b0b-4383-b8fd-ab44d75320e5,SEND,DATA,654,1060,""
2210.979,sender,af416b39-8b0b-4383-b8fd-ab44d75320e5,SEND,DATA,655,1060,""
2210.981,sender,af416b39-8b0b-4383-b8fd-ab44d75320e5,SEND,DATA,656,1060,""
2210.984,sender,af416b39-8b0b-4383-b8fd-ab44d75320e5,SEND,DATA,657,1060,""
2210.987,sender,af416b39-8b0b-4383-b8fd-ab44d75320e5,SEND,DATA,658,1060,""
2210.990,sender,af416b39-8b0b-4383-b8fd-ab44d75320e5,SEND,DATA,659,1060,""
2210.992,sender,af416b39-8b0b-4383-b8fd-ab44d75320e5,SEND,DATA,660,1060,""
2210.996,sender,af416b39-8b0b-4383-b8fd-ab44d75320e5,SEND,DATA,661,1060,""
2210.998,sender,af416b39-8b0b-4383-b8fd-ab44d75320e5,SEND,DATA,662,1060,""
2211.001,sender,af416b39-8b0b-4383-b8fd-ab44d75320e5,SEND,DATA,663,1060,""
2211.004,sender,af416b39-8b0b-4383-b8fd-ab44d75320e5,SEND,DATA,664,1060,""
2211.007,sender,af416b39-8b0b-4383-b8fd-ab44d75320e5,SEND,DATA,665,1060,""
2226.041,sender,af416b39-8b0b-4383-b8fd-ab44d75320e5,EMIT,DATA,651,1060,""
2226.091,sender,af416b39-8b0b-4383-b8fd-ab44d75320e5,EMIT,DATA,652,1060,""
2226.601,sender,af416b39-8b0b-4383-b8fd-ab44d75320e5,RECEIVE,ACK,634,36,""
2226.609,sender,af416b39-8b0b-4383-b8fd-ab44d75320e5,ACKNOWLEDGED,ACK,634,0,""
2226.612,sender,af416b39-8b0b-4383-b8fd-ab44d75320e5,CONFIRM_DATA,ACK,634,1024,"unique file bytes acknowledged"
2226.617,sender,af416b39-8b0b-4383-b8fd-ab44d75320e5,RTT_SAMPLE,ACK,634,0,"94.821600"
2226.622,sender,af416b39-8b0b-4383-b8fd-ab44d75320e5,SEND,DATA,666,1060,""
2226.631,sender,af416b39-8b0b-4383-b8fd-ab44d75320e5,RECEIVE,ACK,643,36,""
2226.633,sender,af416b39-8b0b-4383-b8fd-ab44d75320e5,ACKNOWLEDGED,ACK,643,0,""
2226.635,sender,af416b39-8b0b-4383-b8fd-ab44d75320e5,CONFIRM_DATA,ACK,643,1024,"unique file bytes acknowledged"
2226.638,sender,af416b39-8b0b-4383-b8fd-ab44d75320e5,RTT_SAMPLE,ACK,643,0,"78.801700"
2226.643,sender,af416b39-8b0b-4383-b8fd-ab44d75320e5,RECEIVE,ACK,639,36,""
2226.645,sender,af416b39-8b0b-4383-b8fd-ab44d75320e5,ACKNOWLEDGED,ACK,639,0,""
2226.647,sender,af416b39-8b0b-4383-b8fd-ab44d75320e5,CONFIRM_DATA,ACK,639,1024,"unique file bytes acknowledged"
2226.650,sender,af416b39-8b0b-4383-b8fd-ab44d75320e5,RTT_SAMPLE,ACK,639,0,"78.825400"
2226.654,sender,af416b39-8b0b-4383-b8fd-ab44d75320e5,RECEIVE,ACK,648,36,""
2226.657,sender,af416b39-8b0b-4383-b8fd-ab44d75320e5,ACKNOWLEDGED,ACK,648,0,""
2226.659,sender,af416b39-8b0b-4383-b8fd-ab44d75320e5,CONFIRM_DATA,ACK,648,1024,"unique file bytes acknowledged"
2226.662,sender,af416b39-8b0b-4383-b8fd-ab44d75320e5,RTT_SAMPLE,ACK,648,0,"78.806300"
2226.666,sender,af416b39-8b0b-4383-b8fd-ab44d75320e5,RECEIVE,ACK,635,36,""
2226.668,sender,af416b39-8b0b-4383-b8fd-ab44d75320e5,ACKNOWLEDGED,ACK,635,0,""
2226.670,sender,af416b39-8b0b-4383-b8fd-ab44d75320e5,CONFIRM_DATA,ACK,635,1024,"unique file bytes acknowledged"
2226.673,sender,af416b39-8b0b-4383-b8fd-ab44d75320e5,RTT_SAMPLE,ACK,635,0,"94.873400"
2226.676,sender,af416b39-8b0b-4383-b8fd-ab44d75320e5,SEND,DATA,667,1060,""
2241.305,sender,af416b39-8b0b-4383-b8fd-ab44d75320e5,RECEIVE,ACK,642,36,""
2241.325,sender,af416b39-8b0b-4383-b8fd-ab44d75320e5,ACKNOWLEDGED,ACK,642,0,""
2241.331,sender,af416b39-8b0b-4383-b8fd-ab44d75320e5,CONFIRM_DATA,ACK,642,1024,"unique file bytes acknowledged"
2241.340,sender,af416b39-8b0b-4383-b8fd-ab44d75320e5,RTT_SAMPLE,ACK,642,0,"93.504100"
2241.354,sender,af416b39-8b0b-4383-b8fd-ab44d75320e5,RECEIVE,ACK,637,36,""
2241.360,sender,af416b39-8b0b-4383-b8fd-ab44d75320e5,EMIT,DATA,665,1060,""
2241.376,sender,af416b39-8b0b-4383-b8fd-ab44d75320e5,ACKNOWLEDGED,ACK,637,0,""
2241.381,sender,af416b39-8b0b-4383-b8fd-ab44d75320e5,CONFIRM_DATA,ACK,637,1024,"unique file bytes acknowledged"
2241.387,sender,af416b39-8b0b-4383-b8fd-ab44d75320e5,RTT_SAMPLE,ACK,637,0,"93.567600"
2241.392,sender,af416b39-8b0b-4383-b8fd-ab44d75320e5,EMIT,DATA,656,1060,""
2241.653,sender,af416b39-8b0b-4383-b8fd-ab44d75320e5,RECEIVE,ACK,638,36,""
2241.683,sender,af416b39-8b0b-4383-b8fd-ab44d75320e5,ACKNOWLEDGED,ACK,638,0,""
2241.699,sender,af416b39-8b0b-4383-b8fd-ab44d75320e5,CONFIRM_DATA,ACK,638,1024,"unique file bytes acknowledged"
2241.720,sender,af416b39-8b0b-4383-b8fd-ab44d75320e5,RTT_SAMPLE,ACK,638,0,"93.897900"
2241.741,sender,af416b39-8b0b-4383-b8fd-ab44d75320e5,RECEIVE,ACK,649,36,""
2241.743,sender,af416b39-8b0b-4383-b8fd-ab44d75320e5,ACKNOWLEDGED,ACK,649,0,""
2241.746,sender,af416b39-8b0b-4383-b8fd-ab44d75320e5,CONFIRM_DATA,ACK,649,1024,"unique file bytes acknowledged"
2241.748,sender,af416b39-8b0b-4383-b8fd-ab44d75320e5,RTT_SAMPLE,ACK,649,0,"78.850300"
2241.753,sender,af416b39-8b0b-4383-b8fd-ab44d75320e5,RECEIVE,ACK,650,36,""
2241.755,sender,af416b39-8b0b-4383-b8fd-ab44d75320e5,ACKNOWLEDGED,ACK,650,0,""
2241.758,sender,af416b39-8b0b-4383-b8fd-ab44d75320e5,CONFIRM_DATA,ACK,650,1024,"unique file bytes acknowledged"
2241.760,sender,af416b39-8b0b-4383-b8fd-ab44d75320e5,RTT_SAMPLE,ACK,650,0,"78.562200"
2256.550,sender,af416b39-8b0b-4383-b8fd-ab44d75320e5,EMIT,DATA,662,1060,""
2256.651,sender,af416b39-8b0b-4383-b8fd-ab44d75320e5,EMIT,DATA,653,1060,""
2256.673,sender,af416b39-8b0b-4383-b8fd-ab44d75320e5,EMIT,DATA,654,1060,""
2256.681,sender,af416b39-8b0b-4383-b8fd-ab44d75320e5,EMIT,DATA,663,1060,""
2256.689,sender,af416b39-8b0b-4383-b8fd-ab44d75320e5,EMIT,DATA,664,1060,""
2256.699,sender,af416b39-8b0b-4383-b8fd-ab44d75320e5,EMIT,DATA,667,1060,""
2256.769,sender,af416b39-8b0b-4383-b8fd-ab44d75320e5,RECEIVE,ACK,647,36,""
2256.779,sender,af416b39-8b0b-4383-b8fd-ab44d75320e5,ACKNOWLEDGED,ACK,647,0,""
2256.785,sender,af416b39-8b0b-4383-b8fd-ab44d75320e5,CONFIRM_DATA,ACK,647,1024,"unique file bytes acknowledged"
2256.790,sender,af416b39-8b0b-4383-b8fd-ab44d75320e5,RTT_SAMPLE,ACK,647,0,"108.936500"
2256.813,sender,af416b39-8b0b-4383-b8fd-ab44d75320e5,RECEIVE,ACK,640,36,""
2256.827,sender,af416b39-8b0b-4383-b8fd-ab44d75320e5,ACKNOWLEDGED,ACK,640,0,""
2256.839,sender,af416b39-8b0b-4383-b8fd-ab44d75320e5,CONFIRM_DATA,ACK,640,1024,"unique file bytes acknowledged"
2256.855,sender,af416b39-8b0b-4383-b8fd-ab44d75320e5,RTT_SAMPLE,ACK,640,0,"109.024200"
2256.866,sender,af416b39-8b0b-4383-b8fd-ab44d75320e5,RECEIVE,ACK,645,36,""
2256.868,sender,af416b39-8b0b-4383-b8fd-ab44d75320e5,ACKNOWLEDGED,ACK,645,0,""
2256.870,sender,af416b39-8b0b-4383-b8fd-ab44d75320e5,CONFIRM_DATA,ACK,645,1024,"unique file bytes acknowledged"
2256.872,sender,af416b39-8b0b-4383-b8fd-ab44d75320e5,RTT_SAMPLE,ACK,645,0,"109.030300"
2256.877,sender,af416b39-8b0b-4383-b8fd-ab44d75320e5,RECEIVE,ACK,646,36,""
2256.879,sender,af416b39-8b0b-4383-b8fd-ab44d75320e5,ACKNOWLEDGED,ACK,646,0,""
2256.881,sender,af416b39-8b0b-4383-b8fd-ab44d75320e5,CONFIRM_DATA,ACK,646,1024,"unique file bytes acknowledged"
2256.883,sender,af416b39-8b0b-4383-b8fd-ab44d75320e5,RTT_SAMPLE,ACK,646,0,"109.034500"
2256.888,sender,af416b39-8b0b-4383-b8fd-ab44d75320e5,RECEIVE,ACK,651,36,""
2256.890,sender,af416b39-8b0b-4383-b8fd-ab44d75320e5,ACKNOWLEDGED,ACK,651,0,""
2256.892,sender,af416b39-8b0b-4383-b8fd-ab44d75320e5,CONFIRM_DATA,ACK,651,1024,"unique file bytes acknowledged"
2256.895,sender,af416b39-8b0b-4383-b8fd-ab44d75320e5,RTT_SAMPLE,ACK,651,0,"78.580000"
2273.048,sender,af416b39-8b0b-4383-b8fd-ab44d75320e5,EMIT,DATA,655,1060,""
2273.069,sender,af416b39-8b0b-4383-b8fd-ab44d75320e5,RECEIVE,ACK,636,36,""
2273.080,sender,af416b39-8b0b-4383-b8fd-ab44d75320e5,EMIT,DATA,659,1060,""
2273.083,sender,af416b39-8b0b-4383-b8fd-ab44d75320e5,ACKNOWLEDGED,ACK,636,0,""
2273.086,sender,af416b39-8b0b-4383-b8fd-ab44d75320e5,CONFIRM_DATA,ACK,636,1024,"unique file bytes acknowledged"
2273.089,sender,af416b39-8b0b-4383-b8fd-ab44d75320e5,EMIT,DATA,657,1060,""
2273.093,sender,af416b39-8b0b-4383-b8fd-ab44d75320e5,RTT_SAMPLE,ACK,636,0,"125.276400"
2273.097,sender,af416b39-8b0b-4383-b8fd-ab44d75320e5,EMIT,DATA,660,1060,""
2273.100,sender,af416b39-8b0b-4383-b8fd-ab44d75320e5,SEND,DATA,668,1060,""
2273.108,sender,af416b39-8b0b-4383-b8fd-ab44d75320e5,EMIT,DATA,658,1060,""
2273.110,sender,af416b39-8b0b-4383-b8fd-ab44d75320e5,SEND,DATA,669,1060,""
2273.113,sender,af416b39-8b0b-4383-b8fd-ab44d75320e5,SEND,DATA,670,1060,""
2273.115,sender,af416b39-8b0b-4383-b8fd-ab44d75320e5,EMIT,DATA,666,1060,""
2273.118,sender,af416b39-8b0b-4383-b8fd-ab44d75320e5,SEND,DATA,671,1060,""
2273.121,sender,af416b39-8b0b-4383-b8fd-ab44d75320e5,SEND,DATA,672,1060,""
2273.136,sender,af416b39-8b0b-4383-b8fd-ab44d75320e5,EMIT,DATA,661,1060,""
2273.138,sender,af416b39-8b0b-4383-b8fd-ab44d75320e5,SEND,DATA,673,1060,""
2273.142,sender,af416b39-8b0b-4383-b8fd-ab44d75320e5,SEND,DATA,674,1060,""
2273.145,sender,af416b39-8b0b-4383-b8fd-ab44d75320e5,SEND,DATA,675,1060,""
2273.147,sender,af416b39-8b0b-4383-b8fd-ab44d75320e5,SEND,DATA,676,1060,""
2273.150,sender,af416b39-8b0b-4383-b8fd-ab44d75320e5,SEND,DATA,677,1060,""
2273.153,sender,af416b39-8b0b-4383-b8fd-ab44d75320e5,SEND,DATA,678,1060,""
2273.155,sender,af416b39-8b0b-4383-b8fd-ab44d75320e5,SEND,DATA,679,1060,""
2273.158,sender,af416b39-8b0b-4383-b8fd-ab44d75320e5,SEND,DATA,680,1060,""
2273.161,sender,af416b39-8b0b-4383-b8fd-ab44d75320e5,SEND,DATA,681,1060,""
2273.164,sender,af416b39-8b0b-4383-b8fd-ab44d75320e5,SEND,DATA,682,1060,""
2273.167,sender,af416b39-8b0b-4383-b8fd-ab44d75320e5,SEND,DATA,683,1060,""
2273.386,sender,af416b39-8b0b-4383-b8fd-ab44d75320e5,RECEIVE,ACK,665,36,""
2273.393,sender,af416b39-8b0b-4383-b8fd-ab44d75320e5,ACKNOWLEDGED,ACK,665,0,""
2273.396,sender,af416b39-8b0b-4383-b8fd-ab44d75320e5,CONFIRM_DATA,ACK,665,1024,"unique file bytes acknowledged"
2273.400,sender,af416b39-8b0b-4383-b8fd-ab44d75320e5,RTT_SAMPLE,ACK,665,0,"62.392100"
2273.410,sender,af416b39-8b0b-4383-b8fd-ab44d75320e5,RECEIVE,ACK,652,36,""
2273.412,sender,af416b39-8b0b-4383-b8fd-ab44d75320e5,ACKNOWLEDGED,ACK,652,0,""
2273.414,sender,af416b39-8b0b-4383-b8fd-ab44d75320e5,CONFIRM_DATA,ACK,652,1024,"unique file bytes acknowledged"
2273.417,sender,af416b39-8b0b-4383-b8fd-ab44d75320e5,RTT_SAMPLE,ACK,652,0,"78.842900"
2273.420,sender,af416b39-8b0b-4383-b8fd-ab44d75320e5,SEND,DATA,684,1060,""
2288.646,sender,af416b39-8b0b-4383-b8fd-ab44d75320e5,RECEIVE,ACK,667,36,""
2288.656,sender,af416b39-8b0b-4383-b8fd-ab44d75320e5,ACKNOWLEDGED,ACK,667,0,""
2288.659,sender,af416b39-8b0b-4383-b8fd-ab44d75320e5,CONFIRM_DATA,ACK,667,1024,"unique file bytes acknowledged"
2288.664,sender,af416b39-8b0b-4383-b8fd-ab44d75320e5,RTT_SAMPLE,ACK,667,0,"61.986700"
2288.675,sender,af416b39-8b0b-4383-b8fd-ab44d75320e5,RECEIVE,ACK,653,36,""
2288.678,sender,af416b39-8b0b-4383-b8fd-ab44d75320e5,ACKNOWLEDGED,ACK,653,0,""
2288.680,sender,af416b39-8b0b-4383-b8fd-ab44d75320e5,CONFIRM_DATA,ACK,653,1024,"unique file bytes acknowledged"
2288.683,sender,af416b39-8b0b-4383-b8fd-ab44d75320e5,RTT_SAMPLE,ACK,653,0,"77.722900"
2288.687,sender,af416b39-8b0b-4383-b8fd-ab44d75320e5,SEND,DATA,685,1060,""
2288.694,sender,af416b39-8b0b-4383-b8fd-ab44d75320e5,RECEIVE,ACK,656,36,""
2288.697,sender,af416b39-8b0b-4383-b8fd-ab44d75320e5,ACKNOWLEDGED,ACK,656,0,""
2288.699,sender,af416b39-8b0b-4383-b8fd-ab44d75320e5,CONFIRM_DATA,ACK,656,1024,"unique file bytes acknowledged"
2288.703,sender,af416b39-8b0b-4383-b8fd-ab44d75320e5,RTT_SAMPLE,ACK,656,0,"77.720600"
2288.708,sender,af416b39-8b0b-4383-b8fd-ab44d75320e5,RECEIVE,ACK,654,36,""
2288.710,sender,af416b39-8b0b-4383-b8fd-ab44d75320e5,ACKNOWLEDGED,ACK,654,0,""
2288.713,sender,af416b39-8b0b-4383-b8fd-ab44d75320e5,CONFIRM_DATA,ACK,654,1024,"unique file bytes acknowledged"
2288.716,sender,af416b39-8b0b-4383-b8fd-ab44d75320e5,RTT_SAMPLE,ACK,654,0,"77.739900"
2288.719,sender,af416b39-8b0b-4383-b8fd-ab44d75320e5,SEND,DATA,686,1060,""
2288.724,sender,af416b39-8b0b-4383-b8fd-ab44d75320e5,RECEIVE,ACK,662,36,""
2288.727,sender,af416b39-8b0b-4383-b8fd-ab44d75320e5,ACKNOWLEDGED,ACK,662,0,""
2288.729,sender,af416b39-8b0b-4383-b8fd-ab44d75320e5,CONFIRM_DATA,ACK,662,1024,"unique file bytes acknowledged"
2288.732,sender,af416b39-8b0b-4383-b8fd-ab44d75320e5,RTT_SAMPLE,ACK,662,0,"77.733500"
2288.737,sender,af416b39-8b0b-4383-b8fd-ab44d75320e5,RECEIVE,ACK,663,36,""
2288.767,sender,af416b39-8b0b-4383-b8fd-ab44d75320e5,ACKNOWLEDGED,ACK,663,0,""
2288.770,sender,af416b39-8b0b-4383-b8fd-ab44d75320e5,CONFIRM_DATA,ACK,663,1024,"unique file bytes acknowledged"
2288.773,sender,af416b39-8b0b-4383-b8fd-ab44d75320e5,RTT_SAMPLE,ACK,663,0,"77.771500"
2304.772,sender,af416b39-8b0b-4383-b8fd-ab44d75320e5,EMIT,DATA,672,1060,""
2304.801,sender,af416b39-8b0b-4383-b8fd-ab44d75320e5,EMIT,DATA,676,1060,""
2304.810,sender,af416b39-8b0b-4383-b8fd-ab44d75320e5,EMIT,DATA,678,1060,""
2304.819,sender,af416b39-8b0b-4383-b8fd-ab44d75320e5,EMIT,DATA,680,1060,""
2304.840,sender,af416b39-8b0b-4383-b8fd-ab44d75320e5,EMIT,DATA,679,1060,""
2304.850,sender,af416b39-8b0b-4383-b8fd-ab44d75320e5,EMIT,DATA,675,1060,""
2304.943,sender,af416b39-8b0b-4383-b8fd-ab44d75320e5,RECEIVE,ACK,664,36,""
2304.974,sender,af416b39-8b0b-4383-b8fd-ab44d75320e5,ACKNOWLEDGED,ACK,664,0,""
2304.985,sender,af416b39-8b0b-4383-b8fd-ab44d75320e5,CONFIRM_DATA,ACK,664,1024,"unique file bytes acknowledged"
2304.993,sender,af416b39-8b0b-4383-b8fd-ab44d75320e5,RTT_SAMPLE,ACK,664,0,"93.986200"
2305.006,sender,af416b39-8b0b-4383-b8fd-ab44d75320e5,RECEIVE,ACK,666,36,""
2305.009,sender,af416b39-8b0b-4383-b8fd-ab44d75320e5,ACKNOWLEDGED,ACK,666,0,""
2305.011,sender,af416b39-8b0b-4383-b8fd-ab44d75320e5,CONFIRM_DATA,ACK,666,1024,"unique file bytes acknowledged"
2305.015,sender,af416b39-8b0b-4383-b8fd-ab44d75320e5,RTT_SAMPLE,ACK,666,0,"78.392400"
2305.020,sender,af416b39-8b0b-4383-b8fd-ab44d75320e5,RECEIVE,ACK,660,36,""
2305.023,sender,af416b39-8b0b-4383-b8fd-ab44d75320e5,ACKNOWLEDGED,ACK,660,0,""
2305.025,sender,af416b39-8b0b-4383-b8fd-ab44d75320e5,CONFIRM_DATA,ACK,660,1024,"unique file bytes acknowledged"
2305.028,sender,af416b39-8b0b-4383-b8fd-ab44d75320e5,RTT_SAMPLE,ACK,660,0,"94.035300"
2319.291,sender,af416b39-8b0b-4383-b8fd-ab44d75320e5,EMIT,DATA,682,1060,""
2319.321,sender,af416b39-8b0b-4383-b8fd-ab44d75320e5,EMIT,DATA,674,1060,""
2319.336,sender,af416b39-8b0b-4383-b8fd-ab44d75320e5,EMIT,DATA,684,1060,""
2319.349,sender,af416b39-8b0b-4383-b8fd-ab44d75320e5,EMIT,DATA,673,1060,""
2319.362,sender,af416b39-8b0b-4383-b8fd-ab44d75320e5,EMIT,DATA,681,1060,""
2319.375,sender,af416b39-8b0b-4383-b8fd-ab44d75320e5,EMIT,DATA,686,1060,""
2319.395,sender,af416b39-8b0b-4383-b8fd-ab44d75320e5,EMIT,DATA,669,1060,""
2319.408,sender,af416b39-8b0b-4383-b8fd-ab44d75320e5,EMIT,DATA,671,1060,""
2319.422,sender,af416b39-8b0b-4383-b8fd-ab44d75320e5,EMIT,DATA,668,1060,""
2319.519,sender,af416b39-8b0b-4383-b8fd-ab44d75320e5,RECEIVE,ACK,658,36,""
2319.543,sender,af416b39-8b0b-4383-b8fd-ab44d75320e5,ACKNOWLEDGED,ACK,658,0,""
2319.552,sender,af416b39-8b0b-4383-b8fd-ab44d75320e5,CONFIRM_DATA,ACK,658,1024,"unique file bytes acknowledged"
2319.562,sender,af416b39-8b0b-4383-b8fd-ab44d75320e5,RTT_SAMPLE,ACK,658,0,"108.573100"
2319.573,sender,af416b39-8b0b-4383-b8fd-ab44d75320e5,RECEIVE,ACK,661,36,""
2319.575,sender,af416b39-8b0b-4383-b8fd-ab44d75320e5,ACKNOWLEDGED,ACK,661,0,""
2319.578,sender,af416b39-8b0b-4383-b8fd-ab44d75320e5,CONFIRM_DATA,ACK,661,1024,"unique file bytes acknowledged"
2319.581,sender,af416b39-8b0b-4383-b8fd-ab44d75320e5,RTT_SAMPLE,ACK,661,0,"108.585100"
2319.587,sender,af416b39-8b0b-4383-b8fd-ab44d75320e5,RECEIVE,ACK,659,36,""
2319.589,sender,af416b39-8b0b-4383-b8fd-ab44d75320e5,ACKNOWLEDGED,ACK,659,0,""
2319.592,sender,af416b39-8b0b-4383-b8fd-ab44d75320e5,CONFIRM_DATA,ACK,659,1024,"unique file bytes acknowledged"
2319.595,sender,af416b39-8b0b-4383-b8fd-ab44d75320e5,RTT_SAMPLE,ACK,659,0,"108.604500"
2319.600,sender,af416b39-8b0b-4383-b8fd-ab44d75320e5,RECEIVE,ACK,655,36,""
2319.603,sender,af416b39-8b0b-4383-b8fd-ab44d75320e5,ACKNOWLEDGED,ACK,655,0,""
2319.605,sender,af416b39-8b0b-4383-b8fd-ab44d75320e5,CONFIRM_DATA,ACK,655,1024,"unique file bytes acknowledged"
2319.608,sender,af416b39-8b0b-4383-b8fd-ab44d75320e5,RTT_SAMPLE,ACK,655,0,"108.628700"
2319.612,sender,af416b39-8b0b-4383-b8fd-ab44d75320e5,SEND,DATA,687,1060,""
2319.616,sender,af416b39-8b0b-4383-b8fd-ab44d75320e5,SEND,DATA,688,1060,""
2335.361,sender,af416b39-8b0b-4383-b8fd-ab44d75320e5,EMIT,DATA,670,1060,""
2335.409,sender,af416b39-8b0b-4383-b8fd-ab44d75320e5,RECEIVE,ACK,657,36,""
2335.418,sender,af416b39-8b0b-4383-b8fd-ab44d75320e5,ACKNOWLEDGED,ACK,657,0,""
2335.421,sender,af416b39-8b0b-4383-b8fd-ab44d75320e5,CONFIRM_DATA,ACK,657,1024,"unique file bytes acknowledged"
2335.429,sender,af416b39-8b0b-4383-b8fd-ab44d75320e5,RTT_SAMPLE,ACK,657,0,"124.444000"
2335.434,sender,af416b39-8b0b-4383-b8fd-ab44d75320e5,SEND,DATA,689,1060,""
2335.466,sender,af416b39-8b0b-4383-b8fd-ab44d75320e5,SEND,DATA,690,1060,""
2335.468,sender,af416b39-8b0b-4383-b8fd-ab44d75320e5,EMIT,DATA,677,1060,""
2335.475,sender,af416b39-8b0b-4383-b8fd-ab44d75320e5,SEND,DATA,691,1060,""
2335.479,sender,af416b39-8b0b-4383-b8fd-ab44d75320e5,SEND,DATA,692,1060,""
2335.481,sender,af416b39-8b0b-4383-b8fd-ab44d75320e5,SEND,DATA,693,1060,""
2335.484,sender,af416b39-8b0b-4383-b8fd-ab44d75320e5,SEND,DATA,694,1060,""
2335.487,sender,af416b39-8b0b-4383-b8fd-ab44d75320e5,SEND,DATA,695,1060,""
2335.490,sender,af416b39-8b0b-4383-b8fd-ab44d75320e5,SEND,DATA,696,1060,""
2335.492,sender,af416b39-8b0b-4383-b8fd-ab44d75320e5,EMIT,DATA,683,1060,""
2335.499,sender,af416b39-8b0b-4383-b8fd-ab44d75320e5,SEND,DATA,697,1060,""
2335.502,sender,af416b39-8b0b-4383-b8fd-ab44d75320e5,SEND,DATA,698,1060,""
2335.505,sender,af416b39-8b0b-4383-b8fd-ab44d75320e5,SEND,DATA,699,1060,""
2335.511,sender,af416b39-8b0b-4383-b8fd-ab44d75320e5,EMIT,DATA,685,1060,""
2335.517,sender,af416b39-8b0b-4383-b8fd-ab44d75320e5,RECEIVE,ACK,678,36,""
2335.520,sender,af416b39-8b0b-4383-b8fd-ab44d75320e5,ACKNOWLEDGED,ACK,678,0,""
2335.522,sender,af416b39-8b0b-4383-b8fd-ab44d75320e5,CONFIRM_DATA,ACK,678,1024,"unique file bytes acknowledged"
2335.528,sender,af416b39-8b0b-4383-b8fd-ab44d75320e5,RTT_SAMPLE,ACK,678,0,"62.375200"
2335.534,sender,af416b39-8b0b-4383-b8fd-ab44d75320e5,RECEIVE,ACK,680,36,""
2335.536,sender,af416b39-8b0b-4383-b8fd-ab44d75320e5,ACKNOWLEDGED,ACK,680,0,""
2335.538,sender,af416b39-8b0b-4383-b8fd-ab44d75320e5,CONFIRM_DATA,ACK,680,1024,"unique file bytes acknowledged"
2335.541,sender,af416b39-8b0b-4383-b8fd-ab44d75320e5,RTT_SAMPLE,ACK,680,0,"62.381900"
2335.546,sender,af416b39-8b0b-4383-b8fd-ab44d75320e5,RECEIVE,ACK,676,36,""
2335.548,sender,af416b39-8b0b-4383-b8fd-ab44d75320e5,ACKNOWLEDGED,ACK,676,0,""
2335.554,sender,af416b39-8b0b-4383-b8fd-ab44d75320e5,CONFIRM_DATA,ACK,676,1024,"unique file bytes acknowledged"
2335.556,sender,af416b39-8b0b-4383-b8fd-ab44d75320e5,RTT_SAMPLE,ACK,676,0,"62.408600"
2350.017,sender,af416b39-8b0b-4383-b8fd-ab44d75320e5,RECEIVE,ACK,679,36,""
2350.026,sender,af416b39-8b0b-4383-b8fd-ab44d75320e5,ACKNOWLEDGED,ACK,679,0,""
2350.030,sender,af416b39-8b0b-4383-b8fd-ab44d75320e5,CONFIRM_DATA,ACK,679,1024,"unique file bytes acknowledged"
2350.035,sender,af416b39-8b0b-4383-b8fd-ab44d75320e5,RTT_SAMPLE,ACK,679,0,"76.877600"
2350.050,sender,af416b39-8b0b-4383-b8fd-ab44d75320e5,RECEIVE,ACK,675,36,""
2350.053,sender,af416b39-8b0b-4383-b8fd-ab44d75320e5,ACKNOWLEDGED,ACK,675,0,""
2350.055,sender,af416b39-8b0b-4383-b8fd-ab44d75320e5,CONFIRM_DATA,ACK,675,1024,"unique file bytes acknowledged"
2350.059,sender,af416b39-8b0b-4383-b8fd-ab44d75320e5,RTT_SAMPLE,ACK,675,0,"76.913800"
2350.064,sender,af416b39-8b0b-4383-b8fd-ab44d75320e5,RECEIVE,ACK,669,36,""
2350.067,sender,af416b39-8b0b-4383-b8fd-ab44d75320e5,ACKNOWLEDGED,ACK,669,0,""
2350.069,sender,af416b39-8b0b-4383-b8fd-ab44d75320e5,CONFIRM_DATA,ACK,669,1024,"unique file bytes acknowledged"
2350.073,sender,af416b39-8b0b-4383-b8fd-ab44d75320e5,RTT_SAMPLE,ACK,669,0,"76.963400"
2350.078,sender,af416b39-8b0b-4383-b8fd-ab44d75320e5,RECEIVE,ACK,668,36,""
2350.081,sender,af416b39-8b0b-4383-b8fd-ab44d75320e5,ACKNOWLEDGED,ACK,668,0,""
2350.083,sender,af416b39-8b0b-4383-b8fd-ab44d75320e5,CONFIRM_DATA,ACK,668,1024,"unique file bytes acknowledged"
2350.087,sender,af416b39-8b0b-4383-b8fd-ab44d75320e5,RTT_SAMPLE,ACK,668,0,"76.987800"
2350.090,sender,af416b39-8b0b-4383-b8fd-ab44d75320e5,SEND,DATA,700,1060,""
2350.095,sender,af416b39-8b0b-4383-b8fd-ab44d75320e5,SEND,DATA,701,1060,""
2350.127,sender,af416b39-8b0b-4383-b8fd-ab44d75320e5,RECEIVE,ACK,671,36,""
2350.130,sender,af416b39-8b0b-4383-b8fd-ab44d75320e5,ACKNOWLEDGED,ACK,671,0,""
2350.132,sender,af416b39-8b0b-4383-b8fd-ab44d75320e5,CONFIRM_DATA,ACK,671,1024,"unique file bytes acknowledged"
2350.135,sender,af416b39-8b0b-4383-b8fd-ab44d75320e5,RTT_SAMPLE,ACK,671,0,"77.019000"
2365.238,sender,af416b39-8b0b-4383-b8fd-ab44d75320e5,EMIT,DATA,688,1060,""
2365.259,sender,af416b39-8b0b-4383-b8fd-ab44d75320e5,RECEIVE,ACK,672,36,""
2365.271,sender,af416b39-8b0b-4383-b8fd-ab44d75320e5,EMIT,DATA,687,1060,""
2365.282,sender,af416b39-8b0b-4383-b8fd-ab44d75320e5,ACKNOWLEDGED,ACK,672,0,""
2365.286,sender,af416b39-8b0b-4383-b8fd-ab44d75320e5,CONFIRM_DATA,ACK,672,1024,"unique file bytes acknowledged"
2365.290,sender,af416b39-8b0b-4383-b8fd-ab44d75320e5,EMIT,DATA,699,1060,""
2365.295,sender,af416b39-8b0b-4383-b8fd-ab44d75320e5,RTT_SAMPLE,ACK,672,0,"92.169200"
2365.299,sender,af416b39-8b0b-4383-b8fd-ab44d75320e5,EMIT,DATA,691,1060,""
2365.303,sender,af416b39-8b0b-4383-b8fd-ab44d75320e5,RECEIVE,ACK,686,36,""
2365.306,sender,af416b39-8b0b-4383-b8fd-ab44d75320e5,ACKNOWLEDGED,ACK,686,0,""
2365.309,sender,af416b39-8b0b-4383-b8fd-ab44d75320e5,CONFIRM_DATA,ACK,686,1024,"unique file bytes acknowledged"
2365.312,sender,af416b39-8b0b-4383-b8fd-ab44d75320e5,EMIT,DATA,694,1060,""
2365.316,sender,af416b39-8b0b-4383-b8fd-ab44d75320e5,RTT_SAMPLE,ACK,686,0,"76.593200"
2365.322,sender,af416b39-8b0b-4383-b8fd-ab44d75320e5,EMIT,DATA,690,1060,""
2365.332,sender,af416b39-8b0b-4383-b8fd-ab44d75320e5,EMIT,DATA,698,1060,""
2380.258,sender,af416b39-8b0b-4383-b8fd-ab44d75320e5,EMIT,DATA,689,1060,""
2380.287,sender,af416b39-8b0b-4383-b8fd-ab44d75320e5,EMIT,DATA,692,1060,""
2380.309,sender,af416b39-8b0b-4383-b8fd-ab44d75320e5,EMIT,DATA,696,1060,""
2380.319,sender,af416b39-8b0b-4383-b8fd-ab44d75320e5,EMIT,DATA,695,1060,""
2380.409,sender,af416b39-8b0b-4383-b8fd-ab44d75320e5,RECEIVE,ACK,681,36,""
2380.421,sender,af416b39-8b0b-4383-b8fd-ab44d75320e5,ACKNOWLEDGED,ACK,681,0,""
2380.425,sender,af416b39-8b0b-4383-b8fd-ab44d75320e5,CONFIRM_DATA,ACK,681,1024,"unique file bytes acknowledged"
2380.430,sender,af416b39-8b0b-4383-b8fd-ab44d75320e5,RTT_SAMPLE,ACK,681,0,"107.267500"
2380.443,sender,af416b39-8b0b-4383-b8fd-ab44d75320e5,RECEIVE,ACK,685,36,""
2380.447,sender,af416b39-8b0b-4383-b8fd-ab44d75320e5,ACKNOWLEDGED,ACK,685,0,""
2380.450,sender,af416b39-8b0b-4383-b8fd-ab44d75320e5,CONFIRM_DATA,ACK,685,1024,"unique file bytes acknowledged"
2380.453,sender,af416b39-8b0b-4383-b8fd-ab44d75320e5,RTT_SAMPLE,ACK,685,0,"91.765400"
2380.460,sender,af416b39-8b0b-4383-b8fd-ab44d75320e5,RECEIVE,ACK,684,36,""
2380.466,sender,af416b39-8b0b-4383-b8fd-ab44d75320e5,ACKNOWLEDGED,ACK,684,0,""
2380.469,sender,af416b39-8b0b-4383-b8fd-ab44d75320e5,CONFIRM_DATA,ACK,684,1024,"unique file bytes acknowledged"
2380.472,sender,af416b39-8b0b-4383-b8fd-ab44d75320e5,RTT_SAMPLE,ACK,684,0,"107.051800"
2380.478,sender,af416b39-8b0b-4383-b8fd-ab44d75320e5,RECEIVE,ACK,682,36,""
2380.481,sender,af416b39-8b0b-4383-b8fd-ab44d75320e5,ACKNOWLEDGED,ACK,682,0,""
2380.483,sender,af416b39-8b0b-4383-b8fd-ab44d75320e5,CONFIRM_DATA,ACK,682,1024,"unique file bytes acknowledged"
2380.486,sender,af416b39-8b0b-4383-b8fd-ab44d75320e5,RTT_SAMPLE,ACK,682,0,"107.322000"
2380.492,sender,af416b39-8b0b-4383-b8fd-ab44d75320e5,RECEIVE,ACK,674,36,""
2380.494,sender,af416b39-8b0b-4383-b8fd-ab44d75320e5,ACKNOWLEDGED,ACK,674,0,""
2380.497,sender,af416b39-8b0b-4383-b8fd-ab44d75320e5,CONFIRM_DATA,ACK,674,1024,"unique file bytes acknowledged"
2380.500,sender,af416b39-8b0b-4383-b8fd-ab44d75320e5,RTT_SAMPLE,ACK,674,0,"107.358100"
2380.505,sender,af416b39-8b0b-4383-b8fd-ab44d75320e5,RECEIVE,ACK,673,36,""
2380.508,sender,af416b39-8b0b-4383-b8fd-ab44d75320e5,ACKNOWLEDGED,ACK,673,0,""
2380.511,sender,af416b39-8b0b-4383-b8fd-ab44d75320e5,CONFIRM_DATA,ACK,673,1024,"unique file bytes acknowledged"
2380.514,sender,af416b39-8b0b-4383-b8fd-ab44d75320e5,RTT_SAMPLE,ACK,673,0,"107.377300"
2380.520,sender,af416b39-8b0b-4383-b8fd-ab44d75320e5,RECEIVE,ACK,670,36,""
2380.523,sender,af416b39-8b0b-4383-b8fd-ab44d75320e5,ACKNOWLEDGED,ACK,670,0,""
2380.525,sender,af416b39-8b0b-4383-b8fd-ab44d75320e5,CONFIRM_DATA,ACK,670,1024,"unique file bytes acknowledged"
2380.528,sender,af416b39-8b0b-4383-b8fd-ab44d75320e5,RTT_SAMPLE,ACK,670,0,"107.414600"
2380.532,sender,af416b39-8b0b-4383-b8fd-ab44d75320e5,SEND,DATA,702,1060,""
2380.540,sender,af416b39-8b0b-4383-b8fd-ab44d75320e5,SEND,DATA,703,1060,""
2380.543,sender,af416b39-8b0b-4383-b8fd-ab44d75320e5,SEND,DATA,704,1060,""
2380.546,sender,af416b39-8b0b-4383-b8fd-ab44d75320e5,SEND,DATA,705,1060,""
2380.549,sender,af416b39-8b0b-4383-b8fd-ab44d75320e5,SEND,DATA,706,1060,""
2380.551,sender,af416b39-8b0b-4383-b8fd-ab44d75320e5,SEND,DATA,707,1060,""
2380.554,sender,af416b39-8b0b-4383-b8fd-ab44d75320e5,SEND,DATA,708,1060,""
2380.559,sender,af416b39-8b0b-4383-b8fd-ab44d75320e5,RECEIVE,ACK,677,36,""
2380.561,sender,af416b39-8b0b-4383-b8fd-ab44d75320e5,ACKNOWLEDGED,ACK,677,0,""
2380.564,sender,af416b39-8b0b-4383-b8fd-ab44d75320e5,CONFIRM_DATA,ACK,677,1024,"unique file bytes acknowledged"
2380.570,sender,af416b39-8b0b-4383-b8fd-ab44d75320e5,RTT_SAMPLE,ACK,677,0,"107.419500"
2380.573,sender,af416b39-8b0b-4383-b8fd-ab44d75320e5,SEND,DATA,709,1060,""
2380.576,sender,af416b39-8b0b-4383-b8fd-ab44d75320e5,SEND,DATA,710,1060,""
2380.579,sender,af416b39-8b0b-4383-b8fd-ab44d75320e5,SEND,DATA,711,1060,""
2380.582,sender,af416b39-8b0b-4383-b8fd-ab44d75320e5,SEND,DATA,712,1060,""
2380.585,sender,af416b39-8b0b-4383-b8fd-ab44d75320e5,SEND,DATA,713,1060,""
2380.587,sender,af416b39-8b0b-4383-b8fd-ab44d75320e5,SEND,DATA,714,1060,""
2396.252,sender,af416b39-8b0b-4383-b8fd-ab44d75320e5,EMIT,DATA,693,1060,""
2396.281,sender,af416b39-8b0b-4383-b8fd-ab44d75320e5,EMIT,DATA,700,1060,""
2396.296,sender,af416b39-8b0b-4383-b8fd-ab44d75320e5,EMIT,DATA,697,1060,""
2396.305,sender,af416b39-8b0b-4383-b8fd-ab44d75320e5,EMIT,DATA,701,1060,""
2396.457,sender,af416b39-8b0b-4383-b8fd-ab44d75320e5,RECEIVE,ACK,683,36,""
2396.471,sender,af416b39-8b0b-4383-b8fd-ab44d75320e5,ACKNOWLEDGED,ACK,683,0,""
2396.476,sender,af416b39-8b0b-4383-b8fd-ab44d75320e5,CONFIRM_DATA,ACK,683,1024,"unique file bytes acknowledged"
2396.484,sender,af416b39-8b0b-4383-b8fd-ab44d75320e5,RTT_SAMPLE,ACK,683,0,"123.314200"
2396.491,sender,af416b39-8b0b-4383-b8fd-ab44d75320e5,SEND,DATA,715,1060,""
2396.499,sender,af416b39-8b0b-4383-b8fd-ab44d75320e5,SEND,DATA,716,1060,""
2396.507,sender,af416b39-8b0b-4383-b8fd-ab44d75320e5,SEND,DATA,717,1060,""
2396.512,sender,af416b39-8b0b-4383-b8fd-ab44d75320e5,SEND,DATA,718,1060,""
2396.526,sender,af416b39-8b0b-4383-b8fd-ab44d75320e5,RECEIVE,ACK,688,36,""
2396.530,sender,af416b39-8b0b-4383-b8fd-ab44d75320e5,ACKNOWLEDGED,ACK,688,0,""
2396.534,sender,af416b39-8b0b-4383-b8fd-ab44d75320e5,CONFIRM_DATA,ACK,688,1024,"unique file bytes acknowledged"
2396.538,sender,af416b39-8b0b-4383-b8fd-ab44d75320e5,RTT_SAMPLE,ACK,688,0,"76.921900"
2396.548,sender,af416b39-8b0b-4383-b8fd-ab44d75320e5,RECEIVE,ACK,691,36,""
2396.553,sender,af416b39-8b0b-4383-b8fd-ab44d75320e5,ACKNOWLEDGED,ACK,691,0,""
2396.556,sender,af416b39-8b0b-4383-b8fd-ab44d75320e5,CONFIRM_DATA,ACK,691,1024,"unique file bytes acknowledged"
2396.560,sender,af416b39-8b0b-4383-b8fd-ab44d75320e5,RTT_SAMPLE,ACK,691,0,"61.091200"
2412.333,sender,af416b39-8b0b-4383-b8fd-ab44d75320e5,EMIT,DATA,708,1060,""
2412.352,sender,af416b39-8b0b-4383-b8fd-ab44d75320e5,RECEIVE,ACK,698,36,""
2412.369,sender,af416b39-8b0b-4383-b8fd-ab44d75320e5,ACKNOWLEDGED,ACK,698,0,""
2412.375,sender,af416b39-8b0b-4383-b8fd-ab44d75320e5,CONFIRM_DATA,ACK,698,1024,"unique file bytes acknowledged"
2412.381,sender,af416b39-8b0b-4383-b8fd-ab44d75320e5,EMIT,DATA,703,1060,""
2412.390,sender,af416b39-8b0b-4383-b8fd-ab44d75320e5,RTT_SAMPLE,ACK,698,0,"76.878200"
2412.402,sender,af416b39-8b0b-4383-b8fd-ab44d75320e5,EMIT,DATA,710,1060,""
2412.414,sender,af416b39-8b0b-4383-b8fd-ab44d75320e5,RECEIVE,ACK,699,36,""
2412.419,sender,af416b39-8b0b-4383-b8fd-ab44d75320e5,ACKNOWLEDGED,ACK,699,0,""
2412.477,sender,af416b39-8b0b-4383-b8fd-ab44d75320e5,CONFIRM_DATA,ACK,699,1024,"unique file bytes acknowledged"
2412.483,sender,af416b39-8b0b-4383-b8fd-ab44d75320e5,RTT_SAMPLE,ACK,699,0,"76.976800"
2412.493,sender,af416b39-8b0b-4383-b8fd-ab44d75320e5,RECEIVE,ACK,696,36,""
2412.498,sender,af416b39-8b0b-4383-b8fd-ab44d75320e5,ACKNOWLEDGED,ACK,696,0,""
2412.502,sender,af416b39-8b0b-4383-b8fd-ab44d75320e5,CONFIRM_DATA,ACK,696,1024,"unique file bytes acknowledged"
2412.507,sender,af416b39-8b0b-4383-b8fd-ab44d75320e5,RTT_SAMPLE,ACK,696,0,"77.016600"
2412.515,sender,af416b39-8b0b-4383-b8fd-ab44d75320e5,RECEIVE,ACK,694,36,""
2412.520,sender,af416b39-8b0b-4383-b8fd-ab44d75320e5,ACKNOWLEDGED,ACK,694,0,""
2412.524,sender,af416b39-8b0b-4383-b8fd-ab44d75320e5,CONFIRM_DATA,ACK,694,1024,"unique file bytes acknowledged"
2412.529,sender,af416b39-8b0b-4383-b8fd-ab44d75320e5,RTT_SAMPLE,ACK,694,0,"77.044200"
2412.538,sender,af416b39-8b0b-4383-b8fd-ab44d75320e5,RECEIVE,ACK,695,36,""
2412.545,sender,af416b39-8b0b-4383-b8fd-ab44d75320e5,ACKNOWLEDGED,ACK,695,0,""
2412.557,sender,af416b39-8b0b-4383-b8fd-ab44d75320e5,CONFIRM_DATA,ACK,695,1024,"unique file bytes acknowledged"
2412.563,sender,af416b39-8b0b-4383-b8fd-ab44d75320e5,RTT_SAMPLE,ACK,695,0,"77.074800"
2427.879,sender,af416b39-8b0b-4383-b8fd-ab44d75320e5,EMIT,DATA,711,1060,""
2427.918,sender,af416b39-8b0b-4383-b8fd-ab44d75320e5,EMIT,DATA,709,1060,""
2427.929,sender,af416b39-8b0b-4383-b8fd-ab44d75320e5,EMIT,DATA,706,1060,""
2427.937,sender,af416b39-8b0b-4383-b8fd-ab44d75320e5,EMIT,DATA,712,1060,""
2427.947,sender,af416b39-8b0b-4383-b8fd-ab44d75320e5,EMIT,DATA,705,1060,""
2427.956,sender,af416b39-8b0b-4383-b8fd-ab44d75320e5,EMIT,DATA,718,1060,""
2427.969,sender,af416b39-8b0b-4383-b8fd-ab44d75320e5,EMIT,DATA,713,1060,""
2427.978,sender,af416b39-8b0b-4383-b8fd-ab44d75320e5,EMIT,DATA,704,1060,""
2428.143,sender,af416b39-8b0b-4383-b8fd-ab44d75320e5,RECEIVE,ACK,687,36,""
2428.167,sender,af416b39-8b0b-4383-b8fd-ab44d75320e5,ACKNOWLEDGED,ACK,687,0,""
2428.177,sender,af416b39-8b0b-4383-b8fd-ab44d75320e5,CONFIRM_DATA,ACK,687,1024,"unique file bytes acknowledged"
2428.190,sender,af416b39-8b0b-4383-b8fd-ab44d75320e5,RTT_SAMPLE,ACK,687,0,"108.574400"
2428.204,sender,af416b39-8b0b-4383-b8fd-ab44d75320e5,SEND,DATA,719,1060,""
2428.215,sender,af416b39-8b0b-4383-b8fd-ab44d75320e5,SEND,DATA,720,1060,""
2428.252,sender,af416b39-8b0b-4383-b8fd-ab44d75320e5,RECEIVE,ACK,690,36,""
2428.260,sender,af416b39-8b0b-4383-b8fd-ab44d75320e5,ACKNOWLEDGED,ACK,690,0,""
2428.267,sender,af416b39-8b0b-4383-b8fd-ab44d75320e5,CONFIRM_DATA,ACK,690,1024,"unique file bytes acknowledged"
2428.277,sender,af416b39-8b0b-4383-b8fd-ab44d75320e5,RTT_SAMPLE,ACK,690,0,"92.808800"
2428.293,sender,af416b39-8b0b-4383-b8fd-ab44d75320e5,RECEIVE,ACK,692,36,""
2428.301,sender,af416b39-8b0b-4383-b8fd-ab44d75320e5,ACKNOWLEDGED,ACK,692,0,""
2428.306,sender,af416b39-8b0b-4383-b8fd-ab44d75320e5,CONFIRM_DATA,ACK,692,1024,"unique file bytes acknowledged"
2428.313,sender,af416b39-8b0b-4383-b8fd-ab44d75320e5,RTT_SAMPLE,ACK,692,0,"92.833100"
2428.324,sender,af416b39-8b0b-4383-b8fd-ab44d75320e5,RECEIVE,ACK,689,36,""
2428.330,sender,af416b39-8b0b-4383-b8fd-ab44d75320e5,ACKNOWLEDGED,ACK,689,0,""
2428.335,sender,af416b39-8b0b-4383-b8fd-ab44d75320e5,CONFIRM_DATA,ACK,689,1024,"unique file bytes acknowledged"
2428.341,sender,af416b39-8b0b-4383-b8fd-ab44d75320e5,RTT_SAMPLE,ACK,689,0,"92.905800"
2428.348,sender,af416b39-8b0b-4383-b8fd-ab44d75320e5,SEND,DATA,721,1060,""
2428.354,sender,af416b39-8b0b-4383-b8fd-ab44d75320e5,SEND,DATA,722,1060,""
2428.361,sender,af416b39-8b0b-4383-b8fd-ab44d75320e5,SEND,DATA,723,1060,""
2428.367,sender,af416b39-8b0b-4383-b8fd-ab44d75320e5,SEND,DATA,724,1060,""
2443.557,sender,af416b39-8b0b-4383-b8fd-ab44d75320e5,EMIT,DATA,702,1060,""
2443.644,sender,af416b39-8b0b-4383-b8fd-ab44d75320e5,EMIT,DATA,715,1060,""
2443.653,sender,af416b39-8b0b-4383-b8fd-ab44d75320e5,EMIT,DATA,707,1060,""
2443.661,sender,af416b39-8b0b-4383-b8fd-ab44d75320e5,EMIT,DATA,714,1060,""
2443.694,sender,af416b39-8b0b-4383-b8fd-ab44d75320e5,EMIT,DATA,717,1060,""
2443.839,sender,af416b39-8b0b-4383-b8fd-ab44d75320e5,RECEIVE,ACK,697,36,""
2443.848,sender,af416b39-8b0b-4383-b8fd-ab44d75320e5,ACKNOWLEDGED,ACK,697,0,""
2443.851,sender,af416b39-8b0b-4383-b8fd-ab44d75320e5,CONFIRM_DATA,ACK,697,1024,"unique file bytes acknowledged"
2443.856,sender,af416b39-8b0b-4383-b8fd-ab44d75320e5,RTT_SAMPLE,ACK,697,0,"108.362000"
2443.863,sender,af416b39-8b0b-4383-b8fd-ab44d75320e5,RECEIVE,ACK,693,36,""
2443.865,sender,af416b39-8b0b-4383-b8fd-ab44d75320e5,ACKNOWLEDGED,ACK,693,0,""
2443.868,sender,af416b39-8b0b-4383-b8fd-ab44d75320e5,CONFIRM_DATA,ACK,693,1024,"unique file bytes acknowledged"
2443.871,sender,af416b39-8b0b-4383-b8fd-ab44d75320e5,RTT_SAMPLE,ACK,693,0,"108.389100"
2443.875,sender,af416b39-8b0b-4383-b8fd-ab44d75320e5,SEND,DATA,725,1060,""
2443.879,sender,af416b39-8b0b-4383-b8fd-ab44d75320e5,SEND,DATA,726,1060,""
2443.882,sender,af416b39-8b0b-4383-b8fd-ab44d75320e5,SEND,DATA,727,1060,""
2443.890,sender,af416b39-8b0b-4383-b8fd-ab44d75320e5,SEND,DATA,728,1060,""
2443.892,sender,af416b39-8b0b-4383-b8fd-ab44d75320e5,SEND,DATA,729,1060,""
2443.895,sender,af416b39-8b0b-4383-b8fd-ab44d75320e5,SEND,DATA,730,1060,""
2443.898,sender,af416b39-8b0b-4383-b8fd-ab44d75320e5,SEND,DATA,731,1060,""
2443.902,sender,af416b39-8b0b-4383-b8fd-ab44d75320e5,RECEIVE,ACK,700,36,""
2443.904,sender,af416b39-8b0b-4383-b8fd-ab44d75320e5,ACKNOWLEDGED,ACK,700,0,""
2443.907,sender,af416b39-8b0b-4383-b8fd-ab44d75320e5,CONFIRM_DATA,ACK,700,1024,"unique file bytes acknowledged"
2443.909,sender,af416b39-8b0b-4383-b8fd-ab44d75320e5,RTT_SAMPLE,ACK,700,0,"93.818700"
2443.912,sender,af416b39-8b0b-4383-b8fd-ab44d75320e5,SEND,DATA,732,1060,""
2458.946,sender,af416b39-8b0b-4383-b8fd-ab44d75320e5,EMIT,DATA,716,1060,""
2458.973,sender,af416b39-8b0b-4383-b8fd-ab44d75320e5,EMIT,DATA,722,1060,""
2458.983,sender,af416b39-8b0b-4383-b8fd-ab44d75320e5,EMIT,DATA,724,1060,""
2458.994,sender,af416b39-8b0b-4383-b8fd-ab44d75320e5,EMIT,DATA,719,1060,""
2458.999,sender,af416b39-8b0b-4383-b8fd-ab44d75320e5,RECEIVE,ACK,701,36,""
2459.011,sender,af416b39-8b0b-4383-b8fd-ab44d75320e5,ACKNOWLEDGED,ACK,701,0,""
2459.014,sender,af416b39-8b0b-4383-b8fd-ab44d75320e5,CONFIRM_DATA,ACK,701,1024,"unique file bytes acknowledged"
2459.020,sender,af416b39-8b0b-4383-b8fd-ab44d75320e5,RTT_SAMPLE,ACK,701,0,"108.922900"
2459.032,sender,af416b39-8b0b-4383-b8fd-ab44d75320e5,SEND,DATA,733,1060,""
2459.045,sender,af416b39-8b0b-4383-b8fd-ab44d75320e5,RECEIVE,ACK,708,36,""
2459.048,sender,af416b39-8b0b-4383-b8fd-ab44d75320e5,ACKNOWLEDGED,ACK,708,0,""
2459.050,sender,af416b39-8b0b-4383-b8fd-ab44d75320e5,CONFIRM_DATA,ACK,708,1024,"unique file bytes acknowledged"
2459.054,sender,af416b39-8b0b-4383-b8fd-ab44d75320e5,RTT_SAMPLE,ACK,708,0,"78.499400"
2459.061,sender,af416b39-8b0b-4383-b8fd-ab44d75320e5,RECEIVE,ACK,711,36,""
2459.064,sender,af416b39-8b0b-4383-b8fd-ab44d75320e5,ACKNOWLEDGED,ACK,711,0,""
2459.066,sender,af416b39-8b0b-4383-b8fd-ab44d75320e5,CONFIRM_DATA,ACK,711,1024,"unique file bytes acknowledged"
2459.070,sender,af416b39-8b0b-4383-b8fd-ab44d75320e5,RTT_SAMPLE,ACK,711,0,"78.490700"
2459.076,sender,af416b39-8b0b-4383-b8fd-ab44d75320e5,RECEIVE,ACK,710,36,""
2459.079,sender,af416b39-8b0b-4383-b8fd-ab44d75320e5,ACKNOWLEDGED,ACK,710,0,""
2459.081,sender,af416b39-8b0b-4383-b8fd-ab44d75320e5,CONFIRM_DATA,ACK,710,1024,"unique file bytes acknowledged"
2459.085,sender,af416b39-8b0b-4383-b8fd-ab44d75320e5,RTT_SAMPLE,ACK,710,0,"78.508300"
2459.091,sender,af416b39-8b0b-4383-b8fd-ab44d75320e5,RECEIVE,ACK,705,36,""
2459.094,sender,af416b39-8b0b-4383-b8fd-ab44d75320e5,ACKNOWLEDGED,ACK,705,0,""
2459.096,sender,af416b39-8b0b-4383-b8fd-ab44d75320e5,CONFIRM_DATA,ACK,705,1024,"unique file bytes acknowledged"
2459.099,sender,af416b39-8b0b-4383-b8fd-ab44d75320e5,RTT_SAMPLE,ACK,705,0,"78.553200"
2459.105,sender,af416b39-8b0b-4383-b8fd-ab44d75320e5,RECEIVE,ACK,713,36,""
2459.108,sender,af416b39-8b0b-4383-b8fd-ab44d75320e5,ACKNOWLEDGED,ACK,713,0,""
2459.111,sender,af416b39-8b0b-4383-b8fd-ab44d75320e5,CONFIRM_DATA,ACK,713,1024,"unique file bytes acknowledged"
2459.146,sender,af416b39-8b0b-4383-b8fd-ab44d75320e5,RTT_SAMPLE,ACK,713,0,"78.560200"
2459.152,sender,af416b39-8b0b-4383-b8fd-ab44d75320e5,RECEIVE,ACK,703,36,""
2459.155,sender,af416b39-8b0b-4383-b8fd-ab44d75320e5,ACKNOWLEDGED,ACK,703,0,""
2459.157,sender,af416b39-8b0b-4383-b8fd-ab44d75320e5,CONFIRM_DATA,ACK,703,1024,"unique file bytes acknowledged"
2459.161,sender,af416b39-8b0b-4383-b8fd-ab44d75320e5,RTT_SAMPLE,ACK,703,0,"78.620300"
2474.674,sender,af416b39-8b0b-4383-b8fd-ab44d75320e5,EMIT,DATA,720,1060,""
2474.707,sender,af416b39-8b0b-4383-b8fd-ab44d75320e5,EMIT,DATA,721,1060,""
2474.719,sender,af416b39-8b0b-4383-b8fd-ab44d75320e5,EMIT,DATA,723,1060,""
2474.750,sender,af416b39-8b0b-4383-b8fd-ab44d75320e5,RECEIVE,ACK,718,36,""
2474.761,sender,af416b39-8b0b-4383-b8fd-ab44d75320e5,ACKNOWLEDGED,ACK,718,0,""
2474.764,sender,af416b39-8b0b-4383-b8fd-ab44d75320e5,CONFIRM_DATA,ACK,718,1024,"unique file bytes acknowledged"
2474.769,sender,af416b39-8b0b-4383-b8fd-ab44d75320e5,RTT_SAMPLE,ACK,718,0,"78.255400"
2474.783,sender,af416b39-8b0b-4383-b8fd-ab44d75320e5,RECEIVE,ACK,714,36,""
2474.786,sender,af416b39-8b0b-4383-b8fd-ab44d75320e5,ACKNOWLEDGED,ACK,714,0,""
2474.788,sender,af416b39-8b0b-4383-b8fd-ab44d75320e5,CONFIRM_DATA,ACK,714,1024,"unique file bytes acknowledged"
2474.792,sender,af416b39-8b0b-4383-b8fd-ab44d75320e5,RTT_SAMPLE,ACK,714,0,"94.203800"
2474.808,sender,af416b39-8b0b-4383-b8fd-ab44d75320e5,RECEIVE,ACK,709,36,""
2474.810,sender,af416b39-8b0b-4383-b8fd-ab44d75320e5,ACKNOWLEDGED,ACK,709,0,""
2474.813,sender,af416b39-8b0b-4383-b8fd-ab44d75320e5,CONFIRM_DATA,ACK,709,1024,"unique file bytes acknowledged"
2474.816,sender,af416b39-8b0b-4383-b8fd-ab44d75320e5,RTT_SAMPLE,ACK,709,0,"94.242600"
2474.822,sender,af416b39-8b0b-4383-b8fd-ab44d75320e5,RECEIVE,ACK,717,36,""
2474.825,sender,af416b39-8b0b-4383-b8fd-ab44d75320e5,ACKNOWLEDGED,ACK,717,0,""
2474.827,sender,af416b39-8b0b-4383-b8fd-ab44d75320e5,CONFIRM_DATA,ACK,717,1024,"unique file bytes acknowledged"
2474.831,sender,af416b39-8b0b-4383-b8fd-ab44d75320e5,RTT_SAMPLE,ACK,717,0,"78.322600"
2474.836,sender,af416b39-8b0b-4383-b8fd-ab44d75320e5,RECEIVE,ACK,706,36,""
2474.839,sender,af416b39-8b0b-4383-b8fd-ab44d75320e5,ACKNOWLEDGED,ACK,706,0,""
2474.841,sender,af416b39-8b0b-4383-b8fd-ab44d75320e5,CONFIRM_DATA,ACK,706,1024,"unique file bytes acknowledged"
2474.844,sender,af416b39-8b0b-4383-b8fd-ab44d75320e5,RTT_SAMPLE,ACK,706,0,"94.295300"
2491.318,sender,af416b39-8b0b-4383-b8fd-ab44d75320e5,EMIT,DATA,731,1060,""
2491.410,sender,af416b39-8b0b-4383-b8fd-ab44d75320e5,EMIT,DATA,728,1060,""
2491.482,sender,af416b39-8b0b-4383-b8fd-ab44d75320e5,EMIT,DATA,732,1060,""
2491.516,sender,af416b39-8b0b-4383-b8fd-ab44d75320e5,EMIT,DATA,726,1060,""
2491.534,sender,af416b39-8b0b-4383-b8fd-ab44d75320e5,EMIT,DATA,725,1060,""
2491.578,sender,af416b39-8b0b-4383-b8fd-ab44d75320e5,EMIT,DATA,727,1060,""
2491.643,sender,af416b39-8b0b-4383-b8fd-ab44d75320e5,RECEIVE,ACK,704,36,""
2491.656,sender,af416b39-8b0b-4383-b8fd-ab44d75320e5,ACKNOWLEDGED,ACK,704,0,""
2491.659,sender,af416b39-8b0b-4383-b8fd-ab44d75320e5,CONFIRM_DATA,ACK,704,1024,"unique file bytes acknowledged"
2491.665,sender,af416b39-8b0b-4383-b8fd-ab44d75320e5,RTT_SAMPLE,ACK,704,0,"111.120400"
2491.674,sender,af416b39-8b0b-4383-b8fd-ab44d75320e5,RECEIVE,ACK,712,36,""
2491.677,sender,af416b39-8b0b-4383-b8fd-ab44d75320e5,ACKNOWLEDGED,ACK,712,0,""
2491.680,sender,af416b39-8b0b-4383-b8fd-ab44d75320e5,CONFIRM_DATA,ACK,712,1024,"unique file bytes acknowledged"
2491.684,sender,af416b39-8b0b-4383-b8fd-ab44d75320e5,RTT_SAMPLE,ACK,712,0,"111.101500"
2491.689,sender,af416b39-8b0b-4383-b8fd-ab44d75320e5,RECEIVE,ACK,722,36,""
2491.693,sender,af416b39-8b0b-4383-b8fd-ab44d75320e5,ACKNOWLEDGED,ACK,722,0,""
2491.695,sender,af416b39-8b0b-4383-b8fd-ab44d75320e5,CONFIRM_DATA,ACK,722,1024,"unique file bytes acknowledged"
2491.699,sender,af416b39-8b0b-4383-b8fd-ab44d75320e5,RTT_SAMPLE,ACK,722,0,"63.344400"
2491.705,sender,af416b39-8b0b-4383-b8fd-ab44d75320e5,RECEIVE,ACK,702,36,""
2491.708,sender,af416b39-8b0b-4383-b8fd-ab44d75320e5,ACKNOWLEDGED,ACK,702,0,""
2491.711,sender,af416b39-8b0b-4383-b8fd-ab44d75320e5,CONFIRM_DATA,ACK,702,1024,"unique file bytes acknowledged"
2491.714,sender,af416b39-8b0b-4383-b8fd-ab44d75320e5,RTT_SAMPLE,ACK,702,0,"111.181800"
2491.718,sender,af416b39-8b0b-4383-b8fd-ab44d75320e5,SEND,DATA,734,1060,""
2491.725,sender,af416b39-8b0b-4383-b8fd-ab44d75320e5,SEND,DATA,735,1060,""
2491.728,sender,af416b39-8b0b-4383-b8fd-ab44d75320e5,SEND,DATA,736,1060,""
2491.733,sender,af416b39-8b0b-4383-b8fd-ab44d75320e5,SEND,DATA,737,1060,""
2491.737,sender,af416b39-8b0b-4383-b8fd-ab44d75320e5,SEND,DATA,738,1060,""
2491.743,sender,af416b39-8b0b-4383-b8fd-ab44d75320e5,RECEIVE,ACK,707,36,""
2491.746,sender,af416b39-8b0b-4383-b8fd-ab44d75320e5,ACKNOWLEDGED,ACK,707,0,""
2491.749,sender,af416b39-8b0b-4383-b8fd-ab44d75320e5,CONFIRM_DATA,ACK,707,1024,"unique file bytes acknowledged"
2491.753,sender,af416b39-8b0b-4383-b8fd-ab44d75320e5,RTT_SAMPLE,ACK,707,0,"111.200600"
2491.756,sender,af416b39-8b0b-4383-b8fd-ab44d75320e5,SEND,DATA,739,1060,""
2491.760,sender,af416b39-8b0b-4383-b8fd-ab44d75320e5,SEND,DATA,740,1060,""
2491.763,sender,af416b39-8b0b-4383-b8fd-ab44d75320e5,SEND,DATA,741,1060,""
2491.766,sender,af416b39-8b0b-4383-b8fd-ab44d75320e5,SEND,DATA,742,1060,""
2491.769,sender,af416b39-8b0b-4383-b8fd-ab44d75320e5,SEND,DATA,743,1060,""
2491.773,sender,af416b39-8b0b-4383-b8fd-ab44d75320e5,SEND,DATA,744,1060,""
2491.776,sender,af416b39-8b0b-4383-b8fd-ab44d75320e5,SEND,DATA,745,1060,""
2491.779,sender,af416b39-8b0b-4383-b8fd-ab44d75320e5,SEND,DATA,746,1060,""
2491.785,sender,af416b39-8b0b-4383-b8fd-ab44d75320e5,RECEIVE,ACK,715,36,""
2491.788,sender,af416b39-8b0b-4383-b8fd-ab44d75320e5,ACKNOWLEDGED,ACK,715,0,""
2491.790,sender,af416b39-8b0b-4383-b8fd-ab44d75320e5,CONFIRM_DATA,ACK,715,1024,"unique file bytes acknowledged"
2491.794,sender,af416b39-8b0b-4383-b8fd-ab44d75320e5,RTT_SAMPLE,ACK,715,0,"95.303100"
2491.797,sender,af416b39-8b0b-4383-b8fd-ab44d75320e5,SEND,DATA,747,1060,""
2506.598,sender,af416b39-8b0b-4383-b8fd-ab44d75320e5,EMIT,DATA,729,1060,""
2506.631,sender,af416b39-8b0b-4383-b8fd-ab44d75320e5,EMIT,DATA,730,1060,""
2506.846,sender,af416b39-8b0b-4383-b8fd-ab44d75320e5,RECEIVE,ACK,719,36,""
2506.858,sender,af416b39-8b0b-4383-b8fd-ab44d75320e5,ACKNOWLEDGED,ACK,719,0,""
2506.862,sender,af416b39-8b0b-4383-b8fd-ab44d75320e5,CONFIRM_DATA,ACK,719,1024,"unique file bytes acknowledged"
2506.888,sender,af416b39-8b0b-4383-b8fd-ab44d75320e5,RTT_SAMPLE,ACK,719,0,"78.663500"
2506.912,sender,af416b39-8b0b-4383-b8fd-ab44d75320e5,RECEIVE,ACK,724,36,""
2506.916,sender,af416b39-8b0b-4383-b8fd-ab44d75320e5,ACKNOWLEDGED,ACK,724,0,""
2506.919,sender,af416b39-8b0b-4383-b8fd-ab44d75320e5,CONFIRM_DATA,ACK,724,1024,"unique file bytes acknowledged"
2506.923,sender,af416b39-8b0b-4383-b8fd-ab44d75320e5,RTT_SAMPLE,ACK,724,0,"78.555600"
2506.928,sender,af416b39-8b0b-4383-b8fd-ab44d75320e5,RECEIVE,ACK,716,36,""
2506.931,sender,af416b39-8b0b-4383-b8fd-ab44d75320e5,ACKNOWLEDGED,ACK,716,0,""
2506.933,sender,af416b39-8b0b-4383-b8fd-ab44d75320e5,CONFIRM_DATA,ACK,716,1024,"unique file bytes acknowledged"
2506.936,sender,af416b39-8b0b-4383-b8fd-ab44d75320e5,RTT_SAMPLE,ACK,716,0,"110.437100"
2506.939,sender,af416b39-8b0b-4383-b8fd-ab44d75320e5,SEND,DATA,748,1060,""
2506.943,sender,af416b39-8b0b-4383-b8fd-ab44d75320e5,SEND,DATA,749,1060,""
2506.946,sender,af416b39-8b0b-4383-b8fd-ab44d75320e5,SEND,DATA,750,1060,""
2506.949,sender,af416b39-8b0b-4383-b8fd-ab44d75320e5,SEND,DATA,751,1060,""
2506.953,sender,af416b39-8b0b-4383-b8fd-ab44d75320e5,RECEIVE,ACK,720,36,""
2506.955,sender,af416b39-8b0b-4383-b8fd-ab44d75320e5,ACKNOWLEDGED,ACK,720,0,""
2506.958,sender,af416b39-8b0b-4383-b8fd-ab44d75320e5,CONFIRM_DATA,ACK,720,1024,"unique file bytes acknowledged"
2506.960,sender,af416b39-8b0b-4383-b8fd-ab44d75320e5,RTT_SAMPLE,ACK,720,0,"78.745400"
2506.964,sender,af416b39-8b0b-4383-b8fd-ab44d75320e5,SEND,DATA,752,1060,""
2522.790,sender,af416b39-8b0b-4383-b8fd-ab44d75320e5,EMIT,DATA,733,1060,""
2522.841,sender,af416b39-8b0b-4383-b8fd-ab44d75320e5,EMIT,DATA,740,1060,""
2522.852,sender,af416b39-8b0b-4383-b8fd-ab44d75320e5,EMIT,DATA,738,1060,""
2522.861,sender,af416b39-8b0b-4383-b8fd-ab44d75320e5,EMIT,DATA,744,1060,""
2522.869,sender,af416b39-8b0b-4383-b8fd-ab44d75320e5,EMIT,DATA,746,1060,""
2522.873,sender,af416b39-8b0b-4383-b8fd-ab44d75320e5,RECEIVE,ACK,721,36,""
2522.893,sender,af416b39-8b0b-4383-b8fd-ab44d75320e5,EMIT,DATA,737,1060,""
2522.896,sender,af416b39-8b0b-4383-b8fd-ab44d75320e5,ACKNOWLEDGED,ACK,721,0,""
2522.902,sender,af416b39-8b0b-4383-b8fd-ab44d75320e5,CONFIRM_DATA,ACK,721,1024,"unique file bytes acknowledged"
2522.909,sender,af416b39-8b0b-4383-b8fd-ab44d75320e5,RTT_SAMPLE,ACK,721,0,"94.559800"
2522.921,sender,af416b39-8b0b-4383-b8fd-ab44d75320e5,SEND,DATA,753,1060,""
2522.928,sender,af416b39-8b0b-4383-b8fd-ab44d75320e5,SEND,DATA,754,1060,""
2522.941,sender,af416b39-8b0b-4383-b8fd-ab44d75320e5,RECEIVE,ACK,723,36,""
2522.959,sender,af416b39-8b0b-4383-b8fd-ab44d75320e5,ACKNOWLEDGED,ACK,723,0,""
2522.963,sender,af416b39-8b0b-4383-b8fd-ab44d75320e5,CONFIRM_DATA,ACK,723,1024,"unique file bytes acknowledged"
2522.969,sender,af416b39-8b0b-4383-b8fd-ab44d75320e5,RTT_SAMPLE,ACK,723,0,"94.607100"
2522.975,sender,af416b39-8b0b-4383-b8fd-ab44d75320e5,SEND,DATA,755,1060,""
2522.980,sender,af416b39-8b0b-4383-b8fd-ab44d75320e5,SEND,DATA,756,1060,""
2538.818,sender,af416b39-8b0b-4383-b8fd-ab44d75320e5,RECEIVE,ACK,725,36,""
2538.831,sender,af416b39-8b0b-4383-b8fd-ab44d75320e5,ACKNOWLEDGED,ACK,725,0,""
2538.835,sender,af416b39-8b0b-4383-b8fd-ab44d75320e5,CONFIRM_DATA,ACK,725,1024,"unique file bytes acknowledged"
2538.841,sender,af416b39-8b0b-4383-b8fd-ab44d75320e5,RTT_SAMPLE,ACK,725,0,"94.963700"
2538.847,sender,af416b39-8b0b-4383-b8fd-ab44d75320e5,SEND,DATA,757,1060,""
2538.856,sender,af416b39-8b0b-4383-b8fd-ab44d75320e5,RECEIVE,ACK,726,36,""
2538.860,sender,af416b39-8b0b-4383-b8fd-ab44d75320e5,ACKNOWLEDGED,ACK,726,0,""
2538.875,sender,af416b39-8b0b-4383-b8fd-ab44d75320e5,CONFIRM_DATA,ACK,726,1024,"unique file bytes acknowledged"
2538.881,sender,af416b39-8b0b-4383-b8fd-ab44d75320e5,RTT_SAMPLE,ACK,726,0,"95.000100"
2538.885,sender,af416b39-8b0b-4383-b8fd-ab44d75320e5,SEND,DATA,758,1060,""
2538.893,sender,af416b39-8b0b-4383-b8fd-ab44d75320e5,RECEIVE,ACK,729,36,""
2538.896,sender,af416b39-8b0b-4383-b8fd-ab44d75320e5,ACKNOWLEDGED,ACK,729,0,""
2538.899,sender,af416b39-8b0b-4383-b8fd-ab44d75320e5,CONFIRM_DATA,ACK,729,1024,"unique file bytes acknowledged"
2538.902,sender,af416b39-8b0b-4383-b8fd-ab44d75320e5,RTT_SAMPLE,ACK,729,0,"95.009100"
2538.909,sender,af416b39-8b0b-4383-b8fd-ab44d75320e5,RECEIVE,ACK,728,36,""
2538.912,sender,af416b39-8b0b-4383-b8fd-ab44d75320e5,ACKNOWLEDGED,ACK,728,0,""
2538.914,sender,af416b39-8b0b-4383-b8fd-ab44d75320e5,CONFIRM_DATA,ACK,728,1024,"unique file bytes acknowledged"
2538.918,sender,af416b39-8b0b-4383-b8fd-ab44d75320e5,RTT_SAMPLE,ACK,728,0,"95.027500"
2538.924,sender,af416b39-8b0b-4383-b8fd-ab44d75320e5,RECEIVE,ACK,731,36,""
2538.936,sender,af416b39-8b0b-4383-b8fd-ab44d75320e5,ACKNOWLEDGED,ACK,731,0,""
2538.939,sender,af416b39-8b0b-4383-b8fd-ab44d75320e5,CONFIRM_DATA,ACK,731,1024,"unique file bytes acknowledged"
2538.942,sender,af416b39-8b0b-4383-b8fd-ab44d75320e5,RTT_SAMPLE,ACK,731,0,"95.043900"
2538.948,sender,af416b39-8b0b-4383-b8fd-ab44d75320e5,RECEIVE,ACK,727,36,""
2538.951,sender,af416b39-8b0b-4383-b8fd-ab44d75320e5,ACKNOWLEDGED,ACK,727,0,""
2538.954,sender,af416b39-8b0b-4383-b8fd-ab44d75320e5,CONFIRM_DATA,ACK,727,1024,"unique file bytes acknowledged"
2538.958,sender,af416b39-8b0b-4383-b8fd-ab44d75320e5,RTT_SAMPLE,ACK,727,0,"95.074900"
2538.961,sender,af416b39-8b0b-4383-b8fd-ab44d75320e5,EMIT,DATA,745,1060,""
2538.971,sender,af416b39-8b0b-4383-b8fd-ab44d75320e5,SEND,DATA,759,1060,""
2538.975,sender,af416b39-8b0b-4383-b8fd-ab44d75320e5,SEND,DATA,760,1060,""
2538.979,sender,af416b39-8b0b-4383-b8fd-ab44d75320e5,SEND,DATA,761,1060,""
2538.982,sender,af416b39-8b0b-4383-b8fd-ab44d75320e5,EMIT,DATA,742,1060,""
2538.993,sender,af416b39-8b0b-4383-b8fd-ab44d75320e5,EMIT,DATA,747,1060,""
2539.002,sender,af416b39-8b0b-4383-b8fd-ab44d75320e5,EMIT,DATA,752,1060,""
2539.011,sender,af416b39-8b0b-4383-b8fd-ab44d75320e5,EMIT,DATA,743,1060,""
2539.020,sender,af416b39-8b0b-4383-b8fd-ab44d75320e5,EMIT,DATA,736,1060,""
2554.795,sender,af416b39-8b0b-4383-b8fd-ab44d75320e5,RECEIVE,ACK,732,36,""
2554.818,sender,af416b39-8b0b-4383-b8fd-ab44d75320e5,ACKNOWLEDGED,ACK,732,0,""
2554.828,sender,af416b39-8b0b-4383-b8fd-ab44d75320e5,CONFIRM_DATA,ACK,732,1024,"unique file bytes acknowledged"
2554.848,sender,af416b39-8b0b-4383-b8fd-ab44d75320e5,RTT_SAMPLE,ACK,732,0,"110.931100"
2554.858,sender,af416b39-8b0b-4383-b8fd-ab44d75320e5,EMIT,DATA,751,1060,""
2554.884,sender,af416b39-8b0b-4383-b8fd-ab44d75320e5,RECEIVE,ACK,738,36,""
2554.888,sender,af416b39-8b0b-4383-b8fd-ab44d75320e5,ACKNOWLEDGED,ACK,738,0,""
2554.893,sender,af416b39-8b0b-4383-b8fd-ab44d75320e5,CONFIRM_DATA,ACK,738,1024,"unique file bytes acknowledged"
2554.897,sender,af416b39-8b0b-4383-b8fd-ab44d75320e5,RTT_SAMPLE,ACK,738,0,"63.159500"
2554.901,sender,af416b39-8b0b-4383-b8fd-ab44d75320e5,EMIT,DATA,734,1060,""
2554.905,sender,af416b39-8b0b-4383-b8fd-ab44d75320e5,RECEIVE,ACK,733,36,""
2554.908,sender,af416b39-8b0b-4383-b8fd-ab44d75320e5,ACKNOWLEDGED,ACK,733,0,""
2554.911,sender,af416b39-8b0b-4383-b8fd-ab44d75320e5,CONFIRM_DATA,ACK,733,1024,"unique file bytes acknowledged"
2554.914,sender,af416b39-8b0b-4383-b8fd-ab44d75320e5,EMIT,DATA,735,1060,""
2554.918,sender,af416b39-8b0b-4383-b8fd-ab44d75320e5,RTT_SAMPLE,ACK,733,0,"95.882500"
2554.924,sender,af416b39-8b0b-4383-b8fd-ab44d75320e5,EMIT,DATA,741,1060,""
2554.927,sender,af416b39-8b0b-4383-b8fd-ab44d75320e5,RECEIVE,ACK,737,36,""
2554.930,sender,af416b39-8b0b-4383-b8fd-ab44d75320e5,ACKNOWLEDGED,ACK,737,0,""
2554.933,sender,af416b39-8b0b-4383-b8fd-ab44d75320e5,CONFIRM_DATA,ACK,737,1024,"unique file bytes acknowledged"
2554.936,sender,af416b39-8b0b-4383-b8fd-ab44d75320e5,EMIT,DATA,739,1060,""
2554.940,sender,af416b39-8b0b-4383-b8fd-ab44d75320e5,RTT_SAMPLE,ACK,737,0,"63.203200"
2554.947,sender,af416b39-8b0b-4383-b8fd-ab44d75320e5,EMIT,DATA,749,1060,""
2554.951,sender,af416b39-8b0b-4383-b8fd-ab44d75320e5,RECEIVE,ACK,730,36,""
2554.954,sender,af416b39-8b0b-4383-b8fd-ab44d75320e5,ACKNOWLEDGED,ACK,730,0,""
2554.957,sender,af416b39-8b0b-4383-b8fd-ab44d75320e5,CONFIRM_DATA,ACK,730,1024,"unique file bytes acknowledged"
2554.960,sender,af416b39-8b0b-4383-b8fd-ab44d75320e5,EMIT,DATA,750,1060,""
2554.964,sender,af416b39-8b0b-4383-b8fd-ab44d75320e5,RTT_SAMPLE,ACK,730,0,"111.064700"
2554.969,sender,af416b39-8b0b-4383-b8fd-ab44d75320e5,SEND,DATA,762,1060,""
2554.972,sender,af416b39-8b0b-4383-b8fd-ab44d75320e5,EMIT,DATA,748,1060,""
2554.975,sender,af416b39-8b0b-4383-b8fd-ab44d75320e5,SEND,DATA,763,1060,""
2554.979,sender,af416b39-8b0b-4383-b8fd-ab44d75320e5,SEND,DATA,764,1060,""
2554.983,sender,af416b39-8b0b-4383-b8fd-ab44d75320e5,SEND,DATA,765,1060,""
2571.166,sender,af416b39-8b0b-4383-b8fd-ab44d75320e5,RECEIVE,ACK,746,36,""
2571.207,sender,af416b39-8b0b-4383-b8fd-ab44d75320e5,EMIT,DATA,754,1060,""
2571.263,sender,af416b39-8b0b-4383-b8fd-ab44d75320e5,ACKNOWLEDGED,ACK,746,0,""
2571.289,sender,af416b39-8b0b-4383-b8fd-ab44d75320e5,CONFIRM_DATA,ACK,746,1024,"unique file bytes acknowledged"
2571.317,sender,af416b39-8b0b-4383-b8fd-ab44d75320e5,RTT_SAMPLE,ACK,746,0,"79.525500"
2571.334,sender,af416b39-8b0b-4383-b8fd-ab44d75320e5,EMIT,DATA,753,1060,""
2571.355,sender,af416b39-8b0b-4383-b8fd-ab44d75320e5,RECEIVE,ACK,752,36,""
2571.369,sender,af416b39-8b0b-4383-b8fd-ab44d75320e5,ACKNOWLEDGED,ACK,752,0,""
2571.381,sender,af416b39-8b0b-4383-b8fd-ab44d75320e5,CONFIRM_DATA,ACK,752,1024,"unique file bytes acknowledged"
2571.394,sender,af416b39-8b0b-4383-b8fd-ab44d75320e5,EMIT,DATA,758,1060,""
2571.412,sender,af416b39-8b0b-4383-b8fd-ab44d75320e5,RTT_SAMPLE,ACK,752,0,"64.430100"
2571.438,sender,af416b39-8b0b-4383-b8fd-ab44d75320e5,EMIT,DATA,759,1060,""
2571.455,sender,af416b39-8b0b-4383-b8fd-ab44d75320e5,RECEIVE,ACK,744,36,""
2571.470,sender,af416b39-8b0b-4383-b8fd-ab44d75320e5,ACKNOWLEDGED,ACK,744,0,""
2571.576,sender,af416b39-8b0b-4383-b8fd-ab44d75320e5,CONFIRM_DATA,ACK,744,1024,"unique file bytes acknowledged"
2571.598,sender,af416b39-8b0b-4383-b8fd-ab44d75320e5,RTT_SAMPLE,ACK,744,0,"79.816800"
2571.616,sender,af416b39-8b0b-4383-b8fd-ab44d75320e5,EMIT,DATA,755,1060,""
2571.619,sender,af416b39-8b0b-4383-b8fd-ab44d75320e5,RECEIVE,ACK,742,36,""
2571.621,sender,af416b39-8b0b-4383-b8fd-ab44d75320e5,ACKNOWLEDGED,ACK,742,0,""
2571.623,sender,af416b39-8b0b-4383-b8fd-ab44d75320e5,CONFIRM_DATA,ACK,742,1024,"unique file bytes acknowledged"
2571.625,sender,af416b39-8b0b-4383-b8fd-ab44d75320e5,RTT_SAMPLE,ACK,742,0,"79.858500"
2571.646,sender,af416b39-8b0b-4383-b8fd-ab44d75320e5,RECEIVE,ACK,740,36,""
2571.647,sender,af416b39-8b0b-4383-b8fd-ab44d75320e5,ACKNOWLEDGED,ACK,740,0,""
2571.649,sender,af416b39-8b0b-4383-b8fd-ab44d75320e5,CONFIRM_DATA,ACK,740,1024,"unique file bytes acknowledged"
2571.652,sender,af416b39-8b0b-4383-b8fd-ab44d75320e5,RTT_SAMPLE,ACK,740,0,"79.891900"
2571.656,sender,af416b39-8b0b-4383-b8fd-ab44d75320e5,RECEIVE,ACK,743,36,""
2571.658,sender,af416b39-8b0b-4383-b8fd-ab44d75320e5,ACKNOWLEDGED,ACK,743,0,""
2571.660,sender,af416b39-8b0b-4383-b8fd-ab44d75320e5,CONFIRM_DATA,ACK,743,1024,"unique file bytes acknowledged"
2571.663,sender,af416b39-8b0b-4383-b8fd-ab44d75320e5,RTT_SAMPLE,ACK,743,0,"79.893700"
2586.620,sender,af416b39-8b0b-4383-b8fd-ab44d75320e5,EMIT,DATA,756,1060,""
2586.642,sender,af416b39-8b0b-4383-b8fd-ab44d75320e5,EMIT,DATA,757,1060,""
2586.654,sender,af416b39-8b0b-4383-b8fd-ab44d75320e5,EMIT,DATA,764,1060,""
2586.659,sender,af416b39-8b0b-4383-b8fd-ab44d75320e5,RECEIVE,ACK,745,36,""
2586.668,sender,af416b39-8b0b-4383-b8fd-ab44d75320e5,EMIT,DATA,763,1060,""
2586.672,sender,af416b39-8b0b-4383-b8fd-ab44d75320e5,ACKNOWLEDGED,ACK,745,0,""
2586.676,sender,af416b39-8b0b-4383-b8fd-ab44d75320e5,CONFIRM_DATA,ACK,745,1024,"unique file bytes acknowledged"
2586.703,sender,af416b39-8b0b-4383-b8fd-ab44d75320e5,EMIT,DATA,761,1060,""
2586.709,sender,af416b39-8b0b-4383-b8fd-ab44d75320e5,RTT_SAMPLE,ACK,745,0,"94.927500"
2586.719,sender,af416b39-8b0b-4383-b8fd-ab44d75320e5,RECEIVE,ACK,748,36,""
2586.726,sender,af416b39-8b0b-4383-b8fd-ab44d75320e5,ACKNOWLEDGED,ACK,748,0,""
2586.729,sender,af416b39-8b0b-4383-b8fd-ab44d75320e5,CONFIRM_DATA,ACK,748,1024,"unique file bytes acknowledged"
2586.734,sender,af416b39-8b0b-4383-b8fd-ab44d75320e5,RTT_SAMPLE,ACK,748,0,"79.792700"
2586.741,sender,af416b39-8b0b-4383-b8fd-ab44d75320e5,RECEIVE,ACK,741,36,""
2586.744,sender,af416b39-8b0b-4383-b8fd-ab44d75320e5,ACKNOWLEDGED,ACK,741,0,""
2586.747,sender,af416b39-8b0b-4383-b8fd-ab44d75320e5,CONFIRM_DATA,ACK,741,1024,"unique file bytes acknowledged"
2586.750,sender,af416b39-8b0b-4383-b8fd-ab44d75320e5,RTT_SAMPLE,ACK,741,0,"94.986400"
2586.756,sender,af416b39-8b0b-4383-b8fd-ab44d75320e5,RECEIVE,ACK,736,36,""
2586.759,sender,af416b39-8b0b-4383-b8fd-ab44d75320e5,ACKNOWLEDGED,ACK,736,0,""
2586.761,sender,af416b39-8b0b-4383-b8fd-ab44d75320e5,CONFIRM_DATA,ACK,736,1024,"unique file bytes acknowledged"
2586.765,sender,af416b39-8b0b-4383-b8fd-ab44d75320e5,RTT_SAMPLE,ACK,736,0,"95.035800"
2586.770,sender,af416b39-8b0b-4383-b8fd-ab44d75320e5,RECEIVE,ACK,747,36,""
2586.773,sender,af416b39-8b0b-4383-b8fd-ab44d75320e5,ACKNOWLEDGED,ACK,747,0,""
2586.776,sender,af416b39-8b0b-4383-b8fd-ab44d75320e5,CONFIRM_DATA,ACK,747,1024,"unique file bytes acknowledged"
2586.779,sender,af416b39-8b0b-4383-b8fd-ab44d75320e5,RTT_SAMPLE,ACK,747,0,"94.981300"
2602.420,sender,af416b39-8b0b-4383-b8fd-ab44d75320e5,RECEIVE,ACK,735,36,""
2602.436,sender,af416b39-8b0b-4383-b8fd-ab44d75320e5,ACKNOWLEDGED,ACK,735,0,""
2602.441,sender,af416b39-8b0b-4383-b8fd-ab44d75320e5,CONFIRM_DATA,ACK,735,1024,"unique file bytes acknowledged"
2602.445,sender,af416b39-8b0b-4383-b8fd-ab44d75320e5,EMIT,DATA,760,1060,""
2602.460,sender,af416b39-8b0b-4383-b8fd-ab44d75320e5,RTT_SAMPLE,ACK,735,0,"110.720000"
2602.469,sender,af416b39-8b0b-4383-b8fd-ab44d75320e5,RECEIVE,ACK,734,36,""
2602.472,sender,af416b39-8b0b-4383-b8fd-ab44d75320e5,ACKNOWLEDGED,ACK,734,0,""
2602.475,sender,af416b39-8b0b-4383-b8fd-ab44d75320e5,CONFIRM_DATA,ACK,734,1024,"unique file bytes acknowledged"
2602.479,sender,af416b39-8b0b-4383-b8fd-ab44d75320e5,RTT_SAMPLE,ACK,734,0,"110.759700"
2602.482,sender,af416b39-8b0b-4383-b8fd-ab44d75320e5,EMIT,DATA,762,1060,""
2602.488,sender,af416b39-8b0b-4383-b8fd-ab44d75320e5,SEND,DATA,766,1060,""
2602.493,sender,af416b39-8b0b-4383-b8fd-ab44d75320e5,SEND,DATA,767,1060,""
2602.497,sender,af416b39-8b0b-4383-b8fd-ab44d75320e5,SEND,DATA,768,1060,""
2602.505,sender,af416b39-8b0b-4383-b8fd-ab44d75320e5,SEND,DATA,769,1060,""
2602.507,sender,af416b39-8b0b-4383-b8fd-ab44d75320e5,EMIT,DATA,765,1060,""
2602.513,sender,af416b39-8b0b-4383-b8fd-ab44d75320e5,SEND,DATA,770,1060,""
2602.525,sender,af416b39-8b0b-4383-b8fd-ab44d75320e5,RECEIVE,ACK,753,36,""
2602.528,sender,af416b39-8b0b-4383-b8fd-ab44d75320e5,ACKNOWLEDGED,ACK,753,0,""
2602.530,sender,af416b39-8b0b-4383-b8fd-ab44d75320e5,CONFIRM_DATA,ACK,753,1024,"unique file bytes acknowledged"
2602.534,sender,af416b39-8b0b-4383-b8fd-ab44d75320e5,RTT_SAMPLE,ACK,753,0,"79.612800"
2602.540,sender,af416b39-8b0b-4383-b8fd-ab44d75320e5,RECEIVE,ACK,739,36,""
2602.543,sender,af416b39-8b0b-4383-b8fd-ab44d75320e5,ACKNOWLEDGED,ACK,739,0,""
2602.546,sender,af416b39-8b0b-4383-b8fd-ab44d75320e5,CONFIRM_DATA,ACK,739,1024,"unique file bytes acknowledged"
2602.549,sender,af416b39-8b0b-4383-b8fd-ab44d75320e5,RTT_SAMPLE,ACK,739,0,"110.792300"
2602.553,sender,af416b39-8b0b-4383-b8fd-ab44d75320e5,SEND,DATA,771,1060,""
2602.560,sender,af416b39-8b0b-4383-b8fd-ab44d75320e5,SEND,DATA,772,1060,""
2602.563,sender,af416b39-8b0b-4383-b8fd-ab44d75320e5,SEND,DATA,773,1060,""
2602.567,sender,af416b39-8b0b-4383-b8fd-ab44d75320e5,SEND,DATA,774,1060,""
2602.570,sender,af416b39-8b0b-4383-b8fd-ab44d75320e5,SEND,DATA,775,1060,""
2602.573,sender,af416b39-8b0b-4383-b8fd-ab44d75320e5,SEND,DATA,776,1060,""
2602.578,sender,af416b39-8b0b-4383-b8fd-ab44d75320e5,SEND,DATA,777,1060,""
2602.582,sender,af416b39-8b0b-4383-b8fd-ab44d75320e5,SEND,DATA,778,1060,""
2602.585,sender,af416b39-8b0b-4383-b8fd-ab44d75320e5,SEND,DATA,779,1060,""
2602.588,sender,af416b39-8b0b-4383-b8fd-ab44d75320e5,SEND,DATA,780,1060,""
2602.595,sender,af416b39-8b0b-4383-b8fd-ab44d75320e5,RECEIVE,ACK,754,36,""
2602.598,sender,af416b39-8b0b-4383-b8fd-ab44d75320e5,ACKNOWLEDGED,ACK,754,0,""
2602.604,sender,af416b39-8b0b-4383-b8fd-ab44d75320e5,CONFIRM_DATA,ACK,754,1024,"unique file bytes acknowledged"
2602.607,sender,af416b39-8b0b-4383-b8fd-ab44d75320e5,RTT_SAMPLE,ACK,754,0,"79.679100"
2602.613,sender,af416b39-8b0b-4383-b8fd-ab44d75320e5,RECEIVE,ACK,751,36,""
2602.615,sender,af416b39-8b0b-4383-b8fd-ab44d75320e5,ACKNOWLEDGED,ACK,751,0,""
2602.618,sender,af416b39-8b0b-4383-b8fd-ab44d75320e5,CONFIRM_DATA,ACK,751,1024,"unique file bytes acknowledged"
2602.621,sender,af416b39-8b0b-4383-b8fd-ab44d75320e5,RTT_SAMPLE,ACK,751,0,"95.671900"
2617.682,sender,af416b39-8b0b-4383-b8fd-ab44d75320e5,RECEIVE,ACK,749,36,""
2617.737,sender,af416b39-8b0b-4383-b8fd-ab44d75320e5,ACKNOWLEDGED,ACK,749,0,""
2617.752,sender,af416b39-8b0b-4383-b8fd-ab44d75320e5,CONFIRM_DATA,ACK,749,1024,"unique file bytes acknowledged"
2617.775,sender,af416b39-8b0b-4383-b8fd-ab44d75320e5,RTT_SAMPLE,ACK,749,0,"110.824300"
2617.797,sender,af416b39-8b0b-4383-b8fd-ab44d75320e5,SEND,DATA,781,1060,""
2617.842,sender,af416b39-8b0b-4383-b8fd-ab44d75320e5,RECEIVE,ACK,750,36,""
2617.857,sender,af416b39-8b0b-4383-b8fd-ab44d75320e5,ACKNOWLEDGED,ACK,750,0,""
2617.870,sender,af416b39-8b0b-4383-b8fd-ab44d75320e5,CONFIRM_DATA,ACK,750,1024,"unique file bytes acknowledged"
2617.887,sender,af416b39-8b0b-4383-b8fd-ab44d75320e5,RTT_SAMPLE,ACK,750,0,"110.936800"
2617.908,sender,af416b39-8b0b-4383-b8fd-ab44d75320e5,SEND,DATA,782,1060,""
2617.926,sender,af416b39-8b0b-4383-b8fd-ab44d75320e5,SEND,DATA,783,1060,""
2617.941,sender,af416b39-8b0b-4383-b8fd-ab44d75320e5,SEND,DATA,784,1060,""
2617.955,sender,af416b39-8b0b-4383-b8fd-ab44d75320e5,SEND,DATA,785,1060,""
2617.969,sender,af416b39-8b0b-4383-b8fd-ab44d75320e5,SEND,DATA,786,1060,""
2633.043,sender,af416b39-8b0b-4383-b8fd-ab44d75320e5,EMIT,DATA,776,1060,""
2633.107,sender,af416b39-8b0b-4383-b8fd-ab44d75320e5,RECEIVE,ACK,758,36,""
2633.117,sender,af416b39-8b0b-4383-b8fd-ab44d75320e5,ACKNOWLEDGED,ACK,758,0,""
2633.122,sender,af416b39-8b0b-4383-b8fd-ab44d75320e5,CONFIRM_DATA,ACK,758,1024,"unique file bytes acknowledged"
2633.128,sender,af416b39-8b0b-4383-b8fd-ab44d75320e5,RTT_SAMPLE,ACK,758,0,"94.240800"
2633.136,sender,af416b39-8b0b-4383-b8fd-ab44d75320e5,RECEIVE,ACK,759,36,""
2633.139,sender,af416b39-8b0b-4383-b8fd-ab44d75320e5,ACKNOWLEDGED,ACK,759,0,""
2633.142,sender,af416b39-8b0b-4383-b8fd-ab44d75320e5,CONFIRM_DATA,ACK,759,1024,"unique file bytes acknowledged"
2633.145,sender,af416b39-8b0b-4383-b8fd-ab44d75320e5,RTT_SAMPLE,ACK,759,0,"94.183400"
2633.151,sender,af416b39-8b0b-4383-b8fd-ab44d75320e5,RECEIVE,ACK,755,36,""
2633.153,sender,af416b39-8b0b-4383-b8fd-ab44d75320e5,ACKNOWLEDGED,ACK,755,0,""
2633.156,sender,af416b39-8b0b-4383-b8fd-ab44d75320e5,CONFIRM_DATA,ACK,755,1024,"unique file bytes acknowledged"
2633.159,sender,af416b39-8b0b-4383-b8fd-ab44d75320e5,RTT_SAMPLE,ACK,755,0,"110.183800"
2633.163,sender,af416b39-8b0b-4383-b8fd-ab44d75320e5,SEND,DATA,787,1060,""
2633.563,sender,af416b39-8b0b-4383-b8fd-ab44d75320e5,RECEIVE,ACK,761,36,""
2633.597,sender,af416b39-8b0b-4383-b8fd-ab44d75320e5,ACKNOWLEDGED,ACK,761,0,""
2633.607,sender,af416b39-8b0b-4383-b8fd-ab44d75320e5,CONFIRM_DATA,ACK,761,1024,"unique file bytes acknowledged"
2633.620,sender,af416b39-8b0b-4383-b8fd-ab44d75320e5,RTT_SAMPLE,ACK,761,0,"94.637400"
2633.648,sender,af416b39-8b0b-4383-b8fd-ab44d75320e5,RECEIVE,ACK,757,36,""
2633.656,sender,af416b39-8b0b-4383-b8fd-ab44d75320e5,ACKNOWLEDGED,ACK,757,0,""
2633.663,sender,af416b39-8b0b-4383-b8fd-ab44d75320e5,CONFIRM_DATA,ACK,757,1024,"unique file bytes acknowledged"
2633.672,sender,af416b39-8b0b-4383-b8fd-ab44d75320e5,RTT_SAMPLE,ACK,757,0,"94.823400"
2633.681,sender,af416b39-8b0b-4383-b8fd-ab44d75320e5,RECEIVE,ACK,760,36,""
2633.683,sender,af416b39-8b0b-4383-b8fd-ab44d75320e5,ACKNOWLEDGED,ACK,760,0,""
2633.685,sender,af416b39-8b0b-4383-b8fd-ab44d75320e5,CONFIRM_DATA,ACK,760,1024,"unique file bytes acknowledged"
2633.687,sender,af416b39-8b0b-4383-b8fd-ab44d75320e5,RTT_SAMPLE,ACK,760,0,"94.711900"
2633.693,sender,af416b39-8b0b-4383-b8fd-ab44d75320e5,RECEIVE,ACK,764,36,""
2633.696,sender,af416b39-8b0b-4383-b8fd-ab44d75320e5,ACKNOWLEDGED,ACK,764,0,""
2633.698,sender,af416b39-8b0b-4383-b8fd-ab44d75320e5,CONFIRM_DATA,ACK,764,1024,"unique file bytes acknowledged"
2633.701,sender,af416b39-8b0b-4383-b8fd-ab44d75320e5,RTT_SAMPLE,ACK,764,0,"78.721300"
2633.705,sender,af416b39-8b0b-4383-b8fd-ab44d75320e5,RECEIVE,ACK,763,36,""
2633.707,sender,af416b39-8b0b-4383-b8fd-ab44d75320e5,ACKNOWLEDGED,ACK,763,0,""
2633.711,sender,af416b39-8b0b-4383-b8fd-ab44d75320e5,CONFIRM_DATA,ACK,763,1024,"unique file bytes acknowledged"
2633.713,sender,af416b39-8b0b-4383-b8fd-ab44d75320e5,RTT_SAMPLE,ACK,763,0,"78.739100"
2633.718,sender,af416b39-8b0b-4383-b8fd-ab44d75320e5,RECEIVE,ACK,762,36,""
2633.720,sender,af416b39-8b0b-4383-b8fd-ab44d75320e5,ACKNOWLEDGED,ACK,762,0,""
2633.722,sender,af416b39-8b0b-4383-b8fd-ab44d75320e5,CONFIRM_DATA,ACK,762,1024,"unique file bytes acknowledged"
2633.725,sender,af416b39-8b0b-4383-b8fd-ab44d75320e5,RTT_SAMPLE,ACK,762,0,"78.756200"
2649.711,sender,af416b39-8b0b-4383-b8fd-ab44d75320e5,EMIT,DATA,771,1060,""
2649.767,sender,af416b39-8b0b-4383-b8fd-ab44d75320e5,EMIT,DATA,770,1060,""
2649.780,sender,af416b39-8b0b-4383-b8fd-ab44d75320e5,EMIT,DATA,766,1060,""
2649.790,sender,af416b39-8b0b-4383-b8fd-ab44d75320e5,EMIT,DATA,773,1060,""
2649.798,sender,af416b39-8b0b-4383-b8fd-ab44d75320e5,EMIT,DATA,768,1060,""
2649.806,sender,af416b39-8b0b-4383-b8fd-ab44d75320e5,EMIT,DATA,779,1060,""
2649.813,sender,af416b39-8b0b-4383-b8fd-ab44d75320e5,EMIT,DATA,775,1060,""
2649.821,sender,af416b39-8b0b-4383-b8fd-ab44d75320e5,EMIT,DATA,780,1060,""
2649.828,sender,af416b39-8b0b-4383-b8fd-ab44d75320e5,EMIT,DATA,767,1060,""
2649.840,sender,af416b39-8b0b-4383-b8fd-ab44d75320e5,EMIT,DATA,782,1060,""
2649.849,sender,af416b39-8b0b-4383-b8fd-ab44d75320e5,EMIT,DATA,772,1060,""
2649.856,sender,af416b39-8b0b-4383-b8fd-ab44d75320e5,EMIT,DATA,774,1060,""
2649.867,sender,af416b39-8b0b-4383-b8fd-ab44d75320e5,EMIT,DATA,781,1060,""
2649.873,sender,af416b39-8b0b-4383-b8fd-ab44d75320e5,EMIT,DATA,785,1060,""
2649.879,sender,af416b39-8b0b-4383-b8fd-ab44d75320e5,EMIT,DATA,786,1060,""
2649.886,sender,af416b39-8b0b-4383-b8fd-ab44d75320e5,EMIT,DATA,778,1060,""
2649.960,sender,af416b39-8b0b-4383-b8fd-ab44d75320e5,RECEIVE,ACK,756,36,""
2649.968,sender,af416b39-8b0b-4383-b8fd-ab44d75320e5,ACKNOWLEDGED,ACK,756,0,""
2649.970,sender,af416b39-8b0b-4383-b8fd-ab44d75320e5,CONFIRM_DATA,ACK,756,1024,"unique file bytes acknowledged"
2649.975,sender,af416b39-8b0b-4383-b8fd-ab44d75320e5,RTT_SAMPLE,ACK,756,0,"126.993400"
2649.979,sender,af416b39-8b0b-4383-b8fd-ab44d75320e5,SEND,DATA,788,1060,""
2649.982,sender,af416b39-8b0b-4383-b8fd-ab44d75320e5,SEND,DATA,789,1060,""
2649.985,sender,af416b39-8b0b-4383-b8fd-ab44d75320e5,SEND,DATA,790,1060,""
2649.987,sender,af416b39-8b0b-4383-b8fd-ab44d75320e5,SEND,DATA,791,1060,""
2649.990,sender,af416b39-8b0b-4383-b8fd-ab44d75320e5,SEND,DATA,792,1060,""
2649.992,sender,af416b39-8b0b-4383-b8fd-ab44d75320e5,SEND,DATA,793,1060,""
2649.995,sender,af416b39-8b0b-4383-b8fd-ab44d75320e5,SEND,DATA,794,1060,""
2649.998,sender,af416b39-8b0b-4383-b8fd-ab44d75320e5,SEND,DATA,795,1060,""
2650.001,sender,af416b39-8b0b-4383-b8fd-ab44d75320e5,SEND,DATA,796,1060,""
2664.405,sender,af416b39-8b0b-4383-b8fd-ab44d75320e5,EMIT,DATA,769,1060,""
2664.425,sender,af416b39-8b0b-4383-b8fd-ab44d75320e5,RECEIVE,ACK,765,36,""
2664.451,sender,af416b39-8b0b-4383-b8fd-ab44d75320e5,ACKNOWLEDGED,ACK,765,0,""
2664.455,sender,af416b39-8b0b-4383-b8fd-ab44d75320e5,CONFIRM_DATA,ACK,765,1024,"unique file bytes acknowledged"
2664.459,sender,af416b39-8b0b-4383-b8fd-ab44d75320e5,EMIT,DATA,777,1060,""
2664.465,sender,af416b39-8b0b-4383-b8fd-ab44d75320e5,RTT_SAMPLE,ACK,765,0,"109.476600"
2664.474,sender,af416b39-8b0b-4383-b8fd-ab44d75320e5,EMIT,DATA,784,1060,""
2664.477,sender,af416b39-8b0b-4383-b8fd-ab44d75320e5,SEND,DATA,797,1060,""
2680.868,sender,af416b39-8b0b-4383-b8fd-ab44d75320e5,EMIT,DATA,783,1060,""
2680.893,sender,af416b39-8b0b-4383-b8fd-ab44d75320e5,EMIT,DATA,787,1060,""
2681.025,sender,af416b39-8b0b-4383-b8fd-ab44d75320e5,RECEIVE,ACK,776,36,""
2681.038,sender,af416b39-8b0b-4383-b8fd-ab44d75320e5,ACKNOWLEDGED,ACK,776,0,""
2681.054,sender,af416b39-8b0b-4383-b8fd-ab44d75320e5,CONFIRM_DATA,ACK,776,1024,"unique file bytes acknowledged"
2681.061,sender,af416b39-8b0b-4383-b8fd-ab44d75320e5,RTT_SAMPLE,ACK,776,0,"78.485500"
2681.073,sender,af416b39-8b0b-4383-b8fd-ab44d75320e5,RECEIVE,ACK,772,36,""
2681.077,sender,af416b39-8b0b-4383-b8fd-ab44d75320e5,ACKNOWLEDGED,ACK,772,0,""
2681.080,sender,af416b39-8b0b-4383-b8fd-ab44d75320e5,CONFIRM_DATA,ACK,772,1024,"unique file bytes acknowledged"
2681.086,sender,af416b39-8b0b-4383-b8fd-ab44d75320e5,RTT_SAMPLE,ACK,772,0,"78.525600"
2681.094,sender,af416b39-8b0b-4383-b8fd-ab44d75320e5,RECEIVE,ACK,779,36,""
2681.098,sender,af416b39-8b0b-4383-b8fd-ab44d75320e5,ACKNOWLEDGED,ACK,779,0,""
2681.101,sender,af416b39-8b0b-4383-b8fd-ab44d75320e5,CONFIRM_DATA,ACK,779,1024,"unique file bytes acknowledged"
2681.105,sender,af416b39-8b0b-4383-b8fd-ab44d75320e5,RTT_SAMPLE,ACK,779,0,"78.519000"
2681.114,sender,af416b39-8b0b-4383-b8fd-ab44d75320e5,RECEIVE,ACK,782,36,""
2681.118,sender,af416b39-8b0b-4383-b8fd-ab44d75320e5,ACKNOWLEDGED,ACK,782,0,""
2681.121,sender,af416b39-8b0b-4383-b8fd-ab44d75320e5,CONFIRM_DATA,ACK,782,1024,"unique file bytes acknowledged"
2681.127,sender,af416b39-8b0b-4383-b8fd-ab44d75320e5,RTT_SAMPLE,ACK,782,0,"63.219600"
2681.135,sender,af416b39-8b0b-4383-b8fd-ab44d75320e5,RECEIVE,ACK,771,36,""
2681.138,sender,af416b39-8b0b-4383-b8fd-ab44d75320e5,ACKNOWLEDGED,ACK,771,0,""
2681.141,sender,af416b39-8b0b-4383-b8fd-ab44d75320e5,CONFIRM_DATA,ACK,771,1024,"unique file bytes acknowledged"
2681.146,sender,af416b39-8b0b-4383-b8fd-ab44d75320e5,RTT_SAMPLE,ACK,771,0,"78.592300"
2696.410,sender,af416b39-8b0b-4383-b8fd-ab44d75320e5,EMIT,DATA,792,1060,""
2696.433,sender,af416b39-8b0b-4383-b8fd-ab44d75320e5,RECEIVE,ACK,786,36,""
2696.446,sender,af416b39-8b0b-4383-b8fd-ab44d75320e5,ACKNOWLEDGED,ACK,786,0,""
2696.450,sender,af416b39-8b0b-4383-b8fd-ab44d75320e5,CONFIRM_DATA,ACK,786,1024,"unique file bytes acknowledged"
2696.454,sender,af416b39-8b0b-4383-b8fd-ab44d75320e5,EMIT,DATA,789,1060,""
2696.462,sender,af416b39-8b0b-4383-b8fd-ab44d75320e5,RTT_SAMPLE,ACK,786,0,"78.486500"
2696.469,sender,af416b39-8b0b-4383-b8fd-ab44d75320e5,EMIT,DATA,793,1060,""
2696.473,sender,af416b39-8b0b-4383-b8fd-ab44d75320e5,RECEIVE,ACK,778,36,""
2696.476,sender,af416b39-8b0b-4383-b8fd-ab44d75320e5,ACKNOWLEDGED,ACK,778,0,""
2696.479,sender,af416b39-8b0b-4383-b8fd-ab44d75320e5,CONFIRM_DATA,ACK,778,1024,"unique file bytes acknowledged"
2696.482,sender,af416b39-8b0b-4383-b8fd-ab44d75320e5,EMIT,DATA,788,1060,""
2696.497,sender,af416b39-8b0b-4383-b8fd-ab44d75320e5,RTT_SAMPLE,ACK,778,0,"93.900600"
2696.514,sender,af416b39-8b0b-4383-b8fd-ab44d75320e5,RECEIVE,ACK,770,36,""
2696.518,sender,af416b39-8b0b-4383-b8fd-ab44d75320e5,EMIT,DATA,796,1060,""
2696.521,sender,af416b39-8b0b-4383-b8fd-ab44d75320e5,ACKNOWLEDGED,ACK,770,0,""
2696.525,sender,af416b39-8b0b-4383-b8fd-ab44d75320e5,CONFIRM_DATA,ACK,770,1024,"unique file bytes acknowledged"
2696.529,sender,af416b39-8b0b-4383-b8fd-ab44d75320e5,RTT_SAMPLE,ACK,770,0,"94.020000"
2696.532,sender,af416b39-8b0b-4383-b8fd-ab44d75320e5,EMIT,DATA,795,1060,""
2696.536,sender,af416b39-8b0b-4383-b8fd-ab44d75320e5,RECEIVE,ACK,775,36,""
2696.540,sender,af416b39-8b0b-4383-b8fd-ab44d75320e5,ACKNOWLEDGED,ACK,775,0,""
2696.543,sender,af416b39-8b0b-4383-b8fd-ab44d75320e5,CONFIRM_DATA,ACK,775,1024,"unique file bytes acknowledged"
2696.547,sender,af416b39-8b0b-4383-b8fd-ab44d75320e5,RTT_SAMPLE,ACK,775,0,"93.976100"
2696.553,sender,af416b39-8b0b-4383-b8fd-ab44d75320e5,RECEIVE,ACK,768,36,""
2696.565,sender,af416b39-8b0b-4383-b8fd-ab44d75320e5,ACKNOWLEDGED,ACK,768,0,""
2696.569,sender,af416b39-8b0b-4383-b8fd-ab44d75320e5,CONFIRM_DATA,ACK,768,1024,"unique file bytes acknowledged"
2696.572,sender,af416b39-8b0b-4383-b8fd-ab44d75320e5,RTT_SAMPLE,ACK,768,0,"94.075100"
2696.579,sender,af416b39-8b0b-4383-b8fd-ab44d75320e5,RECEIVE,ACK,785,36,""
2696.582,sender,af416b39-8b0b-4383-b8fd-ab44d75320e5,ACKNOWLEDGED,ACK,785,0,""
2696.585,sender,af416b39-8b0b-4383-b8fd-ab44d75320e5,CONFIRM_DATA,ACK,785,1024,"unique file bytes acknowledged"
2696.589,sender,af416b39-8b0b-4383-b8fd-ab44d75320e5,RTT_SAMPLE,ACK,785,0,"78.635200"
2696.596,sender,af416b39-8b0b-4383-b8fd-ab44d75320e5,RECEIVE,ACK,766,36,""
2696.599,sender,af416b39-8b0b-4383-b8fd-ab44d75320e5,ACKNOWLEDGED,ACK,766,0,""
2696.602,sender,af416b39-8b0b-4383-b8fd-ab44d75320e5,CONFIRM_DATA,ACK,766,1024,"unique file bytes acknowledged"
2696.606,sender,af416b39-8b0b-4383-b8fd-ab44d75320e5,RTT_SAMPLE,ACK,766,0,"94.122600"
2696.611,sender,af416b39-8b0b-4383-b8fd-ab44d75320e5,SEND,DATA,798,1060,""
2696.627,sender,af416b39-8b0b-4383-b8fd-ab44d75320e5,RECEIVE,ACK,781,36,""
2696.631,sender,af416b39-8b0b-4383-b8fd-ab44d75320e5,ACKNOWLEDGED,ACK,781,0,""
2696.633,sender,af416b39-8b0b-4383-b8fd-ab44d75320e5,CONFIRM_DATA,ACK,781,1024,"unique file bytes acknowledged"
2696.637,sender,af416b39-8b0b-4383-b8fd-ab44d75320e5,RTT_SAMPLE,ACK,781,0,"78.841600"
2696.644,sender,af416b39-8b0b-4383-b8fd-ab44d75320e5,RECEIVE,ACK,784,36,""
2696.647,sender,af416b39-8b0b-4383-b8fd-ab44d75320e5,ACKNOWLEDGED,ACK,784,0,""
2696.650,sender,af416b39-8b0b-4383-b8fd-ab44d75320e5,CONFIRM_DATA,ACK,784,1024,"unique file bytes acknowledged"
2696.654,sender,af416b39-8b0b-4383-b8fd-ab44d75320e5,RTT_SAMPLE,ACK,784,0,"78.714200"
2696.660,sender,af416b39-8b0b-4383-b8fd-ab44d75320e5,RECEIVE,ACK,767,36,""
2696.663,sender,af416b39-8b0b-4383-b8fd-ab44d75320e5,ACKNOWLEDGED,ACK,767,0,""
2696.666,sender,af416b39-8b0b-4383-b8fd-ab44d75320e5,CONFIRM_DATA,ACK,767,1024,"unique file bytes acknowledged"
2696.670,sender,af416b39-8b0b-4383-b8fd-ab44d75320e5,RTT_SAMPLE,ACK,767,0,"94.176300"
2696.674,sender,af416b39-8b0b-4383-b8fd-ab44d75320e5,SEND,DATA,799,1060,""
2696.678,sender,af416b39-8b0b-4383-b8fd-ab44d75320e5,SEND,DATA,800,1060,""
2696.685,sender,af416b39-8b0b-4383-b8fd-ab44d75320e5,RECEIVE,ACK,774,36,""
2696.688,sender,af416b39-8b0b-4383-b8fd-ab44d75320e5,ACKNOWLEDGED,ACK,774,0,""
2696.691,sender,af416b39-8b0b-4383-b8fd-ab44d75320e5,CONFIRM_DATA,ACK,774,1024,"unique file bytes acknowledged"
2696.695,sender,af416b39-8b0b-4383-b8fd-ab44d75320e5,RTT_SAMPLE,ACK,774,0,"94.127500"
2711.763,sender,af416b39-8b0b-4383-b8fd-ab44d75320e5,EMIT,DATA,790,1060,""
2711.784,sender,af416b39-8b0b-4383-b8fd-ab44d75320e5,EMIT,DATA,794,1060,""
2711.792,sender,af416b39-8b0b-4383-b8fd-ab44d75320e5,EMIT,DATA,791,1060,""
2712.254,sender,af416b39-8b0b-4383-b8fd-ab44d75320e5,RECEIVE,ACK,773,36,""
2712.263,sender,af416b39-8b0b-4383-b8fd-ab44d75320e5,ACKNOWLEDGED,ACK,773,0,""
2712.266,sender,af416b39-8b0b-4383-b8fd-ab44d75320e5,CONFIRM_DATA,ACK,773,1024,"unique file bytes acknowledged"
2712.271,sender,af416b39-8b0b-4383-b8fd-ab44d75320e5,RTT_SAMPLE,ACK,773,0,"109.706100"
2712.281,sender,af416b39-8b0b-4383-b8fd-ab44d75320e5,RECEIVE,ACK,780,36,""
2712.305,sender,af416b39-8b0b-4383-b8fd-ab44d75320e5,ACKNOWLEDGED,ACK,780,0,""
2712.318,sender,af416b39-8b0b-4383-b8fd-ab44d75320e5,CONFIRM_DATA,ACK,780,1024,"unique file bytes acknowledged"
2712.334,sender,af416b39-8b0b-4383-b8fd-ab44d75320e5,RTT_SAMPLE,ACK,780,0,"109.741900"
2712.352,sender,af416b39-8b0b-4383-b8fd-ab44d75320e5,RECEIVE,ACK,769,36,""
2712.354,sender,af416b39-8b0b-4383-b8fd-ab44d75320e5,ACKNOWLEDGED,ACK,769,0,""
2712.357,sender,af416b39-8b0b-4383-b8fd-ab44d75320e5,CONFIRM_DATA,ACK,769,1024,"unique file bytes acknowledged"
2712.360,sender,af416b39-8b0b-4383-b8fd-ab44d75320e5,RTT_SAMPLE,ACK,769,0,"109.854900"
2712.364,sender,af416b39-8b0b-4383-b8fd-ab44d75320e5,SEND,DATA,801,1060,""
2712.368,sender,af416b39-8b0b-4383-b8fd-ab44d75320e5,SEND,DATA,802,1060,""
2712.371,sender,af416b39-8b0b-4383-b8fd-ab44d75320e5,SEND,DATA,803,1060,""
2712.374,sender,af416b39-8b0b-4383-b8fd-ab44d75320e5,SEND,DATA,804,1060,""
2712.377,sender,af416b39-8b0b-4383-b8fd-ab44d75320e5,SEND,DATA,805,1060,""
2712.380,sender,af416b39-8b0b-4383-b8fd-ab44d75320e5,SEND,DATA,806,1060,""
2712.383,sender,af416b39-8b0b-4383-b8fd-ab44d75320e5,SEND,DATA,807,1060,""
2712.386,sender,af416b39-8b0b-4383-b8fd-ab44d75320e5,SEND,DATA,808,1060,""
2712.391,sender,af416b39-8b0b-4383-b8fd-ab44d75320e5,RECEIVE,ACK,777,36,""
2712.394,sender,af416b39-8b0b-4383-b8fd-ab44d75320e5,ACKNOWLEDGED,ACK,777,0,""
2712.396,sender,af416b39-8b0b-4383-b8fd-ab44d75320e5,CONFIRM_DATA,ACK,777,1024,"unique file bytes acknowledged"
2712.399,sender,af416b39-8b0b-4383-b8fd-ab44d75320e5,RTT_SAMPLE,ACK,777,0,"109.820400"
2712.402,sender,af416b39-8b0b-4383-b8fd-ab44d75320e5,SEND,DATA,809,1060,""
2712.405,sender,af416b39-8b0b-4383-b8fd-ab44d75320e5,SEND,DATA,810,1060,""
2712.408,sender,af416b39-8b0b-4383-b8fd-ab44d75320e5,SEND,DATA,811,1060,""
2712.411,sender,af416b39-8b0b-4383-b8fd-ab44d75320e5,SEND,DATA,812,1060,""
2712.414,sender,af416b39-8b0b-4383-b8fd-ab44d75320e5,SEND,DATA,813,1060,""
2712.417,sender,af416b39-8b0b-4383-b8fd-ab44d75320e5,SEND,DATA,814,1060,""
2712.422,sender,af416b39-8b0b-4383-b8fd-ab44d75320e5,RECEIVE,ACK,783,36,""
2712.437,sender,af416b39-8b0b-4383-b8fd-ab44d75320e5,ACKNOWLEDGED,ACK,783,0,""
2712.439,sender,af416b39-8b0b-4383-b8fd-ab44d75320e5,CONFIRM_DATA,ACK,783,1024,"unique file bytes acknowledged"
2712.442,sender,af416b39-8b0b-4383-b8fd-ab44d75320e5,RTT_SAMPLE,ACK,783,0,"94.517200"
2712.445,sender,af416b39-8b0b-4383-b8fd-ab44d75320e5,SEND,DATA,815,1060,""
2712.448,sender,af416b39-8b0b-4383-b8fd-ab44d75320e5,SEND,DATA,816,1060,""
2712.451,sender,af416b39-8b0b-4383-b8fd-ab44d75320e5,SEND,DATA,817,1060,""
2712.453,sender,af416b39-8b0b-4383-b8fd-ab44d75320e5,SEND,DATA,818,1060,""
2712.460,sender,af416b39-8b0b-4383-b8fd-ab44d75320e5,RECEIVE,ACK,787,36,""
2712.463,sender,af416b39-8b0b-4383-b8fd-ab44d75320e5,ACKNOWLEDGED,ACK,787,0,""
2712.492,sender,af416b39-8b0b-4383-b8fd-ab44d75320e5,CONFIRM_DATA,ACK,787,1024,"unique file bytes acknowledged"
2712.496,sender,af416b39-8b0b-4383-b8fd-ab44d75320e5,RTT_SAMPLE,ACK,787,0,"79.331900"
2712.499,sender,af416b39-8b0b-4383-b8fd-ab44d75320e5,SEND,DATA,819,1060,""
2727.527,sender,af416b39-8b0b-4383-b8fd-ab44d75320e5,EMIT,DATA,797,1060,""
2727.593,sender,af416b39-8b0b-4383-b8fd-ab44d75320e5,EMIT,DATA,798,1060,""
2743.625,sender,af416b39-8b0b-4383-b8fd-ab44d75320e5,EMIT,DATA,809,1060,""
2743.643,sender,af416b39-8b0b-4383-b8fd-ab44d75320e5,EMIT,DATA,804,1060,""
2743.652,sender,af416b39-8b0b-4383-b8fd-ab44d75320e5,EMIT,DATA,802,1060,""
2743.659,sender,af416b39-8b0b-4383-b8fd-ab44d75320e5,EMIT,DATA,805,1060,""
2743.666,sender,af416b39-8b0b-4383-b8fd-ab44d75320e5,EMIT,DATA,800,1060,""
2743.673,sender,af416b39-8b0b-4383-b8fd-ab44d75320e5,EMIT,DATA,811,1060,""
2743.679,sender,af416b39-8b0b-4383-b8fd-ab44d75320e5,EMIT,DATA,816,1060,""
2743.773,sender,af416b39-8b0b-4383-b8fd-ab44d75320e5,RECEIVE,ACK,792,36,""
2743.783,sender,af416b39-8b0b-4383-b8fd-ab44d75320e5,ACKNOWLEDGED,ACK,792,0,""
2743.786,sender,af416b39-8b0b-4383-b8fd-ab44d75320e5,CONFIRM_DATA,ACK,792,1024,"unique file bytes acknowledged"
2743.791,sender,af416b39-8b0b-4383-b8fd-ab44d75320e5,RTT_SAMPLE,ACK,792,0,"93.799900"
2743.801,sender,af416b39-8b0b-4383-b8fd-ab44d75320e5,RECEIVE,ACK,789,36,""
2743.805,sender,af416b39-8b0b-4383-b8fd-ab44d75320e5,ACKNOWLEDGED,ACK,789,0,""
2743.807,sender,af416b39-8b0b-4383-b8fd-ab44d75320e5,CONFIRM_DATA,ACK,789,1024,"unique file bytes acknowledged"
2743.810,sender,af416b39-8b0b-4383-b8fd-ab44d75320e5,RTT_SAMPLE,ACK,789,0,"93.826900"
2743.815,sender,af416b39-8b0b-4383-b8fd-ab44d75320e5,RECEIVE,ACK,793,36,""
2743.817,sender,af416b39-8b0b-4383-b8fd-ab44d75320e5,ACKNOWLEDGED,ACK,793,0,""
2743.820,sender,af416b39-8b0b-4383-b8fd-ab44d75320e5,CONFIRM_DATA,ACK,793,1024,"unique file bytes acknowledged"
2743.823,sender,af416b39-8b0b-4383-b8fd-ab44d75320e5,RTT_SAMPLE,ACK,793,0,"93.829700"
2743.828,sender,af416b39-8b0b-4383-b8fd-ab44d75320e5,RECEIVE,ACK,796,36,""
2743.830,sender,af416b39-8b0b-4383-b8fd-ab44d75320e5,ACKNOWLEDGED,ACK,796,0,""
2743.832,sender,af416b39-8b0b-4383-b8fd-ab44d75320e5,CONFIRM_DATA,ACK,796,1024,"unique file bytes acknowledged"
2743.835,sender,af416b39-8b0b-4383-b8fd-ab44d75320e5,RTT_SAMPLE,ACK,796,0,"93.833200"
2743.840,sender,af416b39-8b0b-4383-b8fd-ab44d75320e5,RECEIVE,ACK,795,36,""
2743.845,sender,af416b39-8b0b-4383-b8fd-ab44d75320e5,ACKNOWLEDGED,ACK,795,0,""
2743.847,sender,af416b39-8b0b-4383-b8fd-ab44d75320e5,CONFIRM_DATA,ACK,795,1024,"unique file bytes acknowledged"
2743.850,sender,af416b39-8b0b-4383-b8fd-ab44d75320e5,RTT_SAMPLE,ACK,795,0,"93.852400"
2743.854,sender,af416b39-8b0b-4383-b8fd-ab44d75320e5,RECEIVE,ACK,788,36,""
2743.856,sender,af416b39-8b0b-4383-b8fd-ab44d75320e5,ACKNOWLEDGED,ACK,788,0,""
2743.858,sender,af416b39-8b0b-4383-b8fd-ab44d75320e5,CONFIRM_DATA,ACK,788,1024,"unique file bytes acknowledged"
2743.861,sender,af416b39-8b0b-4383-b8fd-ab44d75320e5,RTT_SAMPLE,ACK,788,0,"93.881300"
2743.864,sender,af416b39-8b0b-4383-b8fd-ab44d75320e5,SEND,DATA,820,1060,""
2743.867,sender,af416b39-8b0b-4383-b8fd-ab44d75320e5,SEND,DATA,821,1060,""
2759.534,sender,af416b39-8b0b-4383-b8fd-ab44d75320e5,EMIT,DATA,810,1060,""
2759.570,sender,af416b39-8b0b-4383-b8fd-ab44d75320e5,EMIT,DATA,817,1060,""
2759.582,sender,af416b39-8b0b-4383-b8fd-ab44d75320e5,EMIT,DATA,818,1060,""
2759.587,sender,af416b39-8b0b-4383-b8fd-ab44d75320e5,RECEIVE,ACK,791,36,""
2759.598,sender,af416b39-8b0b-4383-b8fd-ab44d75320e5,EMIT,DATA,799,1060,""
2759.602,sender,af416b39-8b0b-4383-b8fd-ab44d75320e5,ACKNOWLEDGED,ACK,791,0,""
2759.606,sender,af416b39-8b0b-4383-b8fd-ab44d75320e5,CONFIRM_DATA,ACK,791,1024,"unique file bytes acknowledged"
2759.610,sender,af416b39-8b0b-4383-b8fd-ab44d75320e5,EMIT,DATA,814,1060,""
2759.615,sender,af416b39-8b0b-4383-b8fd-ab44d75320e5,RTT_SAMPLE,ACK,791,0,"109.622200"
2759.623,sender,af416b39-8b0b-4383-b8fd-ab44d75320e5,EMIT,DATA,801,1060,""
2759.635,sender,af416b39-8b0b-4383-b8fd-ab44d75320e5,EMIT,DATA,812,1060,""
2759.648,sender,af416b39-8b0b-4383-b8fd-ab44d75320e5,EMIT,DATA,815,1060,""
2759.652,sender,af416b39-8b0b-4383-b8fd-ab44d75320e5,RECEIVE,ACK,797,36,""
2759.657,sender,af416b39-8b0b-4383-b8fd-ab44d75320e5,ACKNOWLEDGED,ACK,797,0,""
2759.660,sender,af416b39-8b0b-4383-b8fd-ab44d75320e5,CONFIRM_DATA,ACK,797,1024,"unique file bytes acknowledged"
2759.663,sender,af416b39-8b0b-4383-b8fd-ab44d75320e5,EMIT,DATA,813,1060,""
2759.668,sender,af416b39-8b0b-4383-b8fd-ab44d75320e5,RTT_SAMPLE,ACK,797,0,"95.187800"
2759.675,sender,af416b39-8b0b-4383-b8fd-ab44d75320e5,EMIT,DATA,803,1060,""
2759.678,sender,af416b39-8b0b-4383-b8fd-ab44d75320e5,RECEIVE,ACK,794,36,""
2759.682,sender,af416b39-8b0b-4383-b8fd-ab44d75320e5,ACKNOWLEDGED,ACK,794,0,""
2759.685,sender,af416b39-8b0b-4383-b8fd-ab44d75320e5,EMIT,DATA,819,1060,""
2759.688,sender,af416b39-8b0b-4383-b8fd-ab44d75320e5,CONFIRM_DATA,ACK,794,1024,"unique file bytes acknowledged"
2759.692,sender,af416b39-8b0b-4383-b8fd-ab44d75320e5,RTT_SAMPLE,ACK,794,0,"109.697000"
2775.788,sender,af416b39-8b0b-4383-b8fd-ab44d75320e5,EMIT,DATA,807,1060,""
2775.805,sender,af416b39-8b0b-4383-b8fd-ab44d75320e5,EMIT,DATA,806,1060,""
2775.813,sender,af416b39-8b0b-4383-b8fd-ab44d75320e5,EMIT,DATA,808,1060,""
2775.820,sender,af416b39-8b0b-4383-b8fd-ab44d75320e5,EMIT,DATA,821,1060,""
2775.830,sender,af416b39-8b0b-4383-b8fd-ab44d75320e5,EMIT,DATA,820,1060,""
2775.895,sender,af416b39-8b0b-4383-b8fd-ab44d75320e5,RECEIVE,ACK,798,36,""
2775.921,sender,af416b39-8b0b-4383-b8fd-ab44d75320e5,ACKNOWLEDGED,ACK,798,0,""
2775.925,sender,af416b39-8b0b-4383-b8fd-ab44d75320e5,CONFIRM_DATA,ACK,798,1024,"unique file bytes acknowledged"
2775.930,sender,af416b39-8b0b-4383-b8fd-ab44d75320e5,RTT_SAMPLE,ACK,798,0,"79.317200"
2775.936,sender,af416b39-8b0b-4383-b8fd-ab44d75320e5,RECEIVE,ACK,790,36,""
2775.938,sender,af416b39-8b0b-4383-b8fd-ab44d75320e5,ACKNOWLEDGED,ACK,790,0,""
2775.940,sender,af416b39-8b0b-4383-b8fd-ab44d75320e5,CONFIRM_DATA,ACK,790,1024,"unique file bytes acknowledged"
2775.943,sender,af416b39-8b0b-4383-b8fd-ab44d75320e5,RTT_SAMPLE,ACK,790,0,"125.957400"
2775.946,sender,af416b39-8b0b-4383-b8fd-ab44d75320e5,SEND,DATA,822,1060,""
2775.953,sender,af416b39-8b0b-4383-b8fd-ab44d75320e5,SEND,DATA,823,1060,""
2775.956,sender,af416b39-8b0b-4383-b8fd-ab44d75320e5,SEND,DATA,824,1060,""
2775.958,sender,af416b39-8b0b-4383-b8fd-ab44d75320e5,SEND,DATA,825,1060,""
2775.961,sender,af416b39-8b0b-4383-b8fd-ab44d75320e5,SEND,DATA,826,1060,""
2775.963,sender,af416b39-8b0b-4383-b8fd-ab44d75320e5,SEND,DATA,827,1060,""
2775.965,sender,af416b39-8b0b-4383-b8fd-ab44d75320e5,SEND,DATA,828,1060,""
2775.968,sender,af416b39-8b0b-4383-b8fd-ab44d75320e5,SEND,DATA,829,1060,""
2775.970,sender,af416b39-8b0b-4383-b8fd-ab44d75320e5,SEND,DATA,830,1060,""
2775.975,sender,af416b39-8b0b-4383-b8fd-ab44d75320e5,RECEIVE,ACK,802,36,""
2775.977,sender,af416b39-8b0b-4383-b8fd-ab44d75320e5,ACKNOWLEDGED,ACK,802,0,""
2775.979,sender,af416b39-8b0b-4383-b8fd-ab44d75320e5,CONFIRM_DATA,ACK,802,1024,"unique file bytes acknowledged"
2775.981,sender,af416b39-8b0b-4383-b8fd-ab44d75320e5,RTT_SAMPLE,ACK,802,0,"63.613200"
2775.986,sender,af416b39-8b0b-4383-b8fd-ab44d75320e5,RECEIVE,ACK,805,36,""
2775.988,sender,af416b39-8b0b-4383-b8fd-ab44d75320e5,ACKNOWLEDGED,ACK,805,0,""
2775.990,sender,af416b39-8b0b-4383-b8fd-ab44d75320e5,CONFIRM_DATA,ACK,805,1024,"unique file bytes acknowledged"
2775.992,sender,af416b39-8b0b-4383-b8fd-ab44d75320e5,RTT_SAMPLE,ACK,805,0,"63.614900"
2775.996,sender,af416b39-8b0b-4383-b8fd-ab44d75320e5,RECEIVE,ACK,816,36,""
2776.011,sender,af416b39-8b0b-4383-b8fd-ab44d75320e5,ACKNOWLEDGED,ACK,816,0,""
2776.013,sender,af416b39-8b0b-4383-b8fd-ab44d75320e5,CONFIRM_DATA,ACK,816,1024,"unique file bytes acknowledged"
2776.015,sender,af416b39-8b0b-4383-b8fd-ab44d75320e5,RTT_SAMPLE,ACK,816,0,"63.567200"
2776.020,sender,af416b39-8b0b-4383-b8fd-ab44d75320e5,RECEIVE,ACK,811,36,""
2776.022,sender,af416b39-8b0b-4383-b8fd-ab44d75320e5,ACKNOWLEDGED,ACK,811,0,""
2776.024,sender,af416b39-8b0b-4383-b8fd-ab44d75320e5,CONFIRM_DATA,ACK,811,1024,"unique file bytes acknowledged"
2776.050,sender,af416b39-8b0b-4383-b8fd-ab44d75320e5,RTT_SAMPLE,ACK,811,0,"63.640900"
2792.691,sender,af416b39-8b0b-4383-b8fd-ab44d75320e5,RECEIVE,ACK,804,36,""
2792.725,sender,af416b39-8b0b-4383-b8fd-ab44d75320e5,ACKNOWLEDGED,ACK,804,0,""
2792.729,sender,af416b39-8b0b-4383-b8fd-ab44d75320e5,CONFIRM_DATA,ACK,804,1024,"unique file bytes acknowledged"
2792.734,sender,af416b39-8b0b-4383-b8fd-ab44d75320e5,RTT_SAMPLE,ACK,804,0,"80.358500"
2792.745,sender,af416b39-8b0b-4383-b8fd-ab44d75320e5,RECEIVE,ACK,809,36,""
2792.748,sender,af416b39-8b0b-4383-b8fd-ab44d75320e5,ACKNOWLEDGED,ACK,809,0,""
2792.750,sender,af416b39-8b0b-4383-b8fd-ab44d75320e5,CONFIRM_DATA,ACK,809,1024,"unique file bytes acknowledged"
2792.753,sender,af416b39-8b0b-4383-b8fd-ab44d75320e5,RTT_SAMPLE,ACK,809,0,"80.350500"
2792.761,sender,af416b39-8b0b-4383-b8fd-ab44d75320e5,RECEIVE,ACK,803,36,""
2792.764,sender,af416b39-8b0b-4383-b8fd-ab44d75320e5,ACKNOWLEDGED,ACK,803,0,""
2792.766,sender,af416b39-8b0b-4383-b8fd-ab44d75320e5,CONFIRM_DATA,ACK,803,1024,"unique file bytes acknowledged"
2792.770,sender,af416b39-8b0b-4383-b8fd-ab44d75320e5,RTT_SAMPLE,ACK,803,0,"80.398300"
2792.775,sender,af416b39-8b0b-4383-b8fd-ab44d75320e5,RECEIVE,ACK,800,36,""
2792.777,sender,af416b39-8b0b-4383-b8fd-ab44d75320e5,ACKNOWLEDGED,ACK,800,0,""
2792.780,sender,af416b39-8b0b-4383-b8fd-ab44d75320e5,CONFIRM_DATA,ACK,800,1024,"unique file bytes acknowledged"
2792.783,sender,af416b39-8b0b-4383-b8fd-ab44d75320e5,RTT_SAMPLE,ACK,800,0,"96.104800"
2792.788,sender,af416b39-8b0b-4383-b8fd-ab44d75320e5,RECEIVE,ACK,812,36,""
2792.797,sender,af416b39-8b0b-4383-b8fd-ab44d75320e5,ACKNOWLEDGED,ACK,812,0,""
2792.800,sender,af416b39-8b0b-4383-b8fd-ab44d75320e5,CONFIRM_DATA,ACK,812,1024,"unique file bytes acknowledged"
2792.803,sender,af416b39-8b0b-4383-b8fd-ab44d75320e5,RTT_SAMPLE,ACK,812,0,"80.391200"
2792.808,sender,af416b39-8b0b-4383-b8fd-ab44d75320e5,RECEIVE,ACK,810,36,""
2792.810,sender,af416b39-8b0b-4383-b8fd-ab44d75320e5,ACKNOWLEDGED,ACK,810,0,""
2792.812,sender,af416b39-8b0b-4383-b8fd-ab44d75320e5,CONFIRM_DATA,ACK,810,1024,"unique file bytes acknowledged"
2792.815,sender,af416b39-8b0b-4383-b8fd-ab44d75320e5,RTT_SAMPLE,ACK,810,0,"80.409500"
2808.230,sender,af416b39-8b0b-4383-b8fd-ab44d75320e5,RECEIVE,ACK,819,36,""
2808.253,sender,af416b39-8b0b-4383-b8fd-ab44d75320e5,ACKNOWLEDGED,ACK,819,0,""
2808.261,sender,af416b39-8b0b-4383-b8fd-ab44d75320e5,CONFIRM_DATA,ACK,819,1024,"unique file bytes acknowledged"
2808.270,sender,af416b39-8b0b-4383-b8fd-ab44d75320e5,RTT_SAMPLE,ACK,819,0,"95.768500"
2808.287,sender,af416b39-8b0b-4383-b8fd-ab44d75320e5,RECEIVE,ACK,814,36,""
2808.293,sender,af416b39-8b0b-4383-b8fd-ab44d75320e5,ACKNOWLEDGED,ACK,814,0,""
2808.298,sender,af416b39-8b0b-4383-b8fd-ab44d75320e5,CONFIRM_DATA,ACK,814,1024,"unique file bytes acknowledged"
2808.305,sender,af416b39-8b0b-4383-b8fd-ab44d75320e5,RTT_SAMPLE,ACK,814,0,"95.886500"
2808.316,sender,af416b39-8b0b-4383-b8fd-ab44d75320e5,RECEIVE,ACK,818,36,""
2808.322,sender,af416b39-8b0b-4383-b8fd-ab44d75320e5,ACKNOWLEDGED,ACK,818,0,""
2808.327,sender,af416b39-8b0b-4383-b8fd-ab44d75320e5,CONFIRM_DATA,ACK,818,1024,"unique file bytes acknowledged"
2808.334,sender,af416b39-8b0b-4383-b8fd-ab44d75320e5,RTT_SAMPLE,ACK,818,0,"95.879000"
2808.346,sender,af416b39-8b0b-4383-b8fd-ab44d75320e5,RECEIVE,ACK,817,36,""
2808.359,sender,af416b39-8b0b-4383-b8fd-ab44d75320e5,ACKNOWLEDGED,ACK,817,0,""
2808.364,sender,af416b39-8b0b-4383-b8fd-ab44d75320e5,CONFIRM_DATA,ACK,817,1024,"unique file bytes acknowledged"
2808.370,sender,af416b39-8b0b-4383-b8fd-ab44d75320e5,RTT_SAMPLE,ACK,817,0,"95.918500"
2808.377,sender,af416b39-8b0b-4383-b8fd-ab44d75320e5,EMIT,DATA,825,1060,""
2808.397,sender,af416b39-8b0b-4383-b8fd-ab44d75320e5,RECEIVE,ACK,801,36,""
2808.403,sender,af416b39-8b0b-4383-b8fd-ab44d75320e5,ACKNOWLEDGED,ACK,801,0,""
2808.408,sender,af416b39-8b0b-4383-b8fd-ab44d75320e5,CONFIRM_DATA,ACK,801,1024,"unique file bytes acknowledged"
2808.413,sender,af416b39-8b0b-4383-b8fd-ab44d75320e5,EMIT,DATA,830,1060,""
2808.423,sender,af416b39-8b0b-4383-b8fd-ab44d75320e5,RTT_SAMPLE,ACK,801,0,"96.050000"
2808.435,sender,af416b39-8b0b-4383-b8fd-ab44d75320e5,RECEIVE,ACK,815,36,""
2808.441,sender,af416b39-8b0b-4383-b8fd-ab44d75320e5,ACKNOWLEDGED,ACK,815,0,""
2808.446,sender,af416b39-8b0b-4383-b8fd-ab44d75320e5,CONFIRM_DATA,ACK,815,1024,"unique file bytes acknowledged"
2808.452,sender,af416b39-8b0b-4383-b8fd-ab44d75320e5,RTT_SAMPLE,ACK,815,0,"96.005600"
2808.463,sender,af416b39-8b0b-4383-b8fd-ab44d75320e5,RECEIVE,ACK,813,36,""
2808.468,sender,af416b39-8b0b-4383-b8fd-ab44d75320e5,ACKNOWLEDGED,ACK,813,0,""
2808.473,sender,af416b39-8b0b-4383-b8fd-ab44d75320e5,CONFIRM_DATA,ACK,813,1024,"unique file bytes acknowledged"
2808.480,sender,af416b39-8b0b-4383-b8fd-ab44d75320e5,RTT_SAMPLE,ACK,813,0,"96.064100"
2824.003,sender,af416b39-8b0b-4383-b8fd-ab44d75320e5,EMIT,DATA,827,1060,""
2824.015,sender,af416b39-8b0b-4383-b8fd-ab44d75320e5,RECEIVE,ACK,799,36,""
2824.027,sender,af416b39-8b0b-4383-b8fd-ab44d75320e5,EMIT,DATA,826,1060,""
2824.032,sender,af416b39-8b0b-4383-b8fd-ab44d75320e5,ACKNOWLEDGED,ACK,799,0,""
2824.040,sender,af416b39-8b0b-4383-b8fd-ab44d75320e5,CONFIRM_DATA,ACK,799,1024,"unique file bytes acknowledged"
2824.044,sender,af416b39-8b0b-4383-b8fd-ab44d75320e5,EMIT,DATA,824,1060,""
2824.049,sender,af416b39-8b0b-4383-b8fd-ab44d75320e5,RTT_SAMPLE,ACK,799,0,"127.370000"
2824.053,sender,af416b39-8b0b-4383-b8fd-ab44d75320e5,EMIT,DATA,822,1060,""
2824.056,sender,af416b39-8b0b-4383-b8fd-ab44d75320e5,SEND,DATA,831,1060,""
2824.062,sender,af416b39-8b0b-4383-b8fd-ab44d75320e5,SEND,DATA,832,1060,""
2824.065,sender,af416b39-8b0b-4383-b8fd-ab44d75320e5,SEND,DATA,833,1060,""
2824.069,sender,af416b39-8b0b-4383-b8fd-ab44d75320e5,SEND,DATA,834,1060,""
2824.072,sender,af416b39-8b0b-4383-b8fd-ab44d75320e5,SEND,DATA,835,1060,""
2824.075,sender,af416b39-8b0b-4383-b8fd-ab44d75320e5,SEND,DATA,836,1060,""
2824.079,sender,af416b39-8b0b-4383-b8fd-ab44d75320e5,SEND,DATA,837,1060,""
2824.086,sender,af416b39-8b0b-4383-b8fd-ab44d75320e5,RECEIVE,ACK,808,36,""
2824.089,sender,af416b39-8b0b-4383-b8fd-ab44d75320e5,ACKNOWLEDGED,ACK,808,0,""
2824.104,sender,af416b39-8b0b-4383-b8fd-ab44d75320e5,CONFIRM_DATA,ACK,808,1024,"unique file bytes acknowledged"
2824.107,sender,af416b39-8b0b-4383-b8fd-ab44d75320e5,RTT_SAMPLE,ACK,808,0,"111.721100"
2824.113,sender,af416b39-8b0b-4383-b8fd-ab44d75320e5,RECEIVE,ACK,821,36,""
2824.116,sender,af416b39-8b0b-4383-b8fd-ab44d75320e5,ACKNOWLEDGED,ACK,821,0,""
2824.118,sender,af416b39-8b0b-4383-b8fd-ab44d75320e5,CONFIRM_DATA,ACK,821,1024,"unique file bytes acknowledged"
2824.122,sender,af416b39-8b0b-4383-b8fd-ab44d75320e5,RTT_SAMPLE,ACK,821,0,"80.254000"
2824.128,sender,af416b39-8b0b-4383-b8fd-ab44d75320e5,RECEIVE,ACK,806,36,""
2824.130,sender,af416b39-8b0b-4383-b8fd-ab44d75320e5,ACKNOWLEDGED,ACK,806,0,""
2824.133,sender,af416b39-8b0b-4383-b8fd-ab44d75320e5,CONFIRM_DATA,ACK,806,1024,"unique file bytes acknowledged"
2824.136,sender,af416b39-8b0b-4383-b8fd-ab44d75320e5,RTT_SAMPLE,ACK,806,0,"111.755900"
2824.140,sender,af416b39-8b0b-4383-b8fd-ab44d75320e5,SEND,DATA,838,1060,""
2839.839,sender,af416b39-8b0b-4383-b8fd-ab44d75320e5,EMIT,DATA,823,1060,""
2839.847,sender,af416b39-8b0b-4383-b8fd-ab44d75320e5,EMIT,DATA,828,1060,""
2839.853,sender,af416b39-8b0b-4383-b8fd-ab44d75320e5,EMIT,DATA,829,1060,""
2839.973,sender,af416b39-8b0b-4383-b8fd-ab44d75320e5,RECEIVE,ACK,807,36,""
2839.984,sender,af416b39-8b0b-4383-b8fd-ab44d75320e5,ACKNOWLEDGED,ACK,807,0,""
2839.987,sender,af416b39-8b0b-4383-b8fd-ab44d75320e5,CONFIRM_DATA,ACK,807,1024,"unique file bytes acknowledged"
2839.993,sender,af416b39-8b0b-4383-b8fd-ab44d75320e5,RTT_SAMPLE,ACK,807,0,"127.608000"
2839.998,sender,af416b39-8b0b-4383-b8fd-ab44d75320e5,SEND,DATA,839,1060,""
2840.002,sender,af416b39-8b0b-4383-b8fd-ab44d75320e5,SEND,DATA,840,1060,""
2840.005,sender,af416b39-8b0b-4383-b8fd-ab44d75320e5,SEND,DATA,841,1060,""
2840.009,sender,af416b39-8b0b-4383-b8fd-ab44d75320e5,SEND,DATA,842,1060,""
2840.012,sender,af416b39-8b0b-4383-b8fd-ab44d75320e5,SEND,DATA,843,1060,""
2840.058,sender,af416b39-8b0b-4383-b8fd-ab44d75320e5,SEND,DATA,844,1060,""
2840.061,sender,af416b39-8b0b-4383-b8fd-ab44d75320e5,SEND,DATA,845,1060,""
2840.064,sender,af416b39-8b0b-4383-b8fd-ab44d75320e5,SEND,DATA,846,1060,""
2840.067,sender,af416b39-8b0b-4383-b8fd-ab44d75320e5,SEND,DATA,847,1060,""
2840.070,sender,af416b39-8b0b-4383-b8fd-ab44d75320e5,SEND,DATA,848,1060,""
2840.073,sender,af416b39-8b0b-4383-b8fd-ab44d75320e5,SEND,DATA,849,1060,""
2840.075,sender,af416b39-8b0b-4383-b8fd-ab44d75320e5,SEND,DATA,850,1060,""
2840.078,sender,af416b39-8b0b-4383-b8fd-ab44d75320e5,SEND,DATA,851,1060,""
2840.086,sender,af416b39-8b0b-4383-b8fd-ab44d75320e5,RECEIVE,ACK,820,36,""
2840.090,sender,af416b39-8b0b-4383-b8fd-ab44d75320e5,ACKNOWLEDGED,ACK,820,0,""
2840.092,sender,af416b39-8b0b-4383-b8fd-ab44d75320e5,CONFIRM_DATA,ACK,820,1024,"unique file bytes acknowledged"
2840.096,sender,af416b39-8b0b-4383-b8fd-ab44d75320e5,RTT_SAMPLE,ACK,820,0,"96.231000"
2840.099,sender,af416b39-8b0b-4383-b8fd-ab44d75320e5,SEND,DATA,852,1060,""
2840.102,sender,af416b39-8b0b-4383-b8fd-ab44d75320e5,SEND,DATA,853,1060,""
2855.507,sender,af416b39-8b0b-4383-b8fd-ab44d75320e5,EMIT,DATA,832,1060,""
2855.535,sender,af416b39-8b0b-4383-b8fd-ab44d75320e5,RECEIVE,ACK,824,36,""
2855.544,sender,af416b39-8b0b-4383-b8fd-ab44d75320e5,EMIT,DATA,837,1060,""
2855.548,sender,af416b39-8b0b-4383-b8fd-ab44d75320e5,ACKNOWLEDGED,ACK,824,0,""
2855.552,sender,af416b39-8b0b-4383-b8fd-ab44d75320e5,CONFIRM_DATA,ACK,824,1024,"unique file bytes acknowledged"
2855.555,sender,af416b39-8b0b-4383-b8fd-ab44d75320e5,EMIT,DATA,835,1060,""
2855.559,sender,af416b39-8b0b-4383-b8fd-ab44d75320e5,RTT_SAMPLE,ACK,824,0,"79.599100"
2871.297,sender,af416b39-8b0b-4383-b8fd-ab44d75320e5,EMIT,DATA,833,1060,""
2871.339,sender,af416b39-8b0b-4383-b8fd-ab44d75320e5,EMIT,DATA,836,1060,""
2871.348,sender,af416b39-8b0b-4383-b8fd-ab44d75320e5,EMIT,DATA,831,1060,""
2871.357,sender,af416b39-8b0b-4383-b8fd-ab44d75320e5,EMIT,DATA,834,1060,""
2871.365,sender,af416b39-8b0b-4383-b8fd-ab44d75320e5,EMIT,DATA,838,1060,""
2871.552,sender,af416b39-8b0b-4383-b8fd-ab44d75320e5,RECEIVE,ACK,830,36,""
2871.573,sender,af416b39-8b0b-4383-b8fd-ab44d75320e5,ACKNOWLEDGED,ACK,830,0,""
2871.576,sender,af416b39-8b0b-4383-b8fd-ab44d75320e5,CONFIRM_DATA,ACK,830,1024,"unique file bytes acknowledged"
2871.581,sender,af416b39-8b0b-4383-b8fd-ab44d75320e5,RTT_SAMPLE,ACK,830,0,"95.608800"
2871.587,sender,af416b39-8b0b-4383-b8fd-ab44d75320e5,RECEIVE,ACK,825,36,""
2871.590,sender,af416b39-8b0b-4383-b8fd-ab44d75320e5,ACKNOWLEDGED,ACK,825,0,""
2871.592,sender,af416b39-8b0b-4383-b8fd-ab44d75320e5,CONFIRM_DATA,ACK,825,1024,"unique file bytes acknowledged"
2871.595,sender,af416b39-8b0b-4383-b8fd-ab44d75320e5,RTT_SAMPLE,ACK,825,0,"95.635800"
2871.600,sender,af416b39-8b0b-4383-b8fd-ab44d75320e5,RECEIVE,ACK,826,36,""
2871.602,sender,af416b39-8b0b-4383-b8fd-ab44d75320e5,ACKNOWLEDGED,ACK,826,0,""
2871.604,sender,af416b39-8b0b-4383-b8fd-ab44d75320e5,CONFIRM_DATA,ACK,826,1024,"unique file bytes acknowledged"
2871.606,sender,af416b39-8b0b-4383-b8fd-ab44d75320e5,RTT_SAMPLE,ACK,826,0,"95.645300"
2871.611,sender,af416b39-8b0b-4383-b8fd-ab44d75320e5,RECEIVE,ACK,822,36,""
2871.613,sender,af416b39-8b0b-4383-b8fd-ab44d75320e5,ACKNOWLEDGED,ACK,822,0,""
2871.617,sender,af416b39-8b0b-4383-b8fd-ab44d75320e5,CONFIRM_DATA,ACK,822,1024,"unique file bytes acknowledged"
2871.620,sender,af416b39-8b0b-4383-b8fd-ab44d75320e5,RTT_SAMPLE,ACK,822,0,"95.674000"
2871.624,sender,af416b39-8b0b-4383-b8fd-ab44d75320e5,SEND,DATA,854,1060,""
2871.629,sender,af416b39-8b0b-4383-b8fd-ab44d75320e5,RECEIVE,ACK,827,36,""
2871.631,sender,af416b39-8b0b-4383-b8fd-ab44d75320e5,ACKNOWLEDGED,ACK,827,0,""
2871.634,sender,af416b39-8b0b-4383-b8fd-ab44d75320e5,CONFIRM_DATA,ACK,827,1024,"unique file bytes acknowledged"
2871.636,sender,af416b39-8b0b-4383-b8fd-ab44d75320e5,RTT_SAMPLE,ACK,827,0,"95.672700"
2886.700,sender,af416b39-8b0b-4383-b8fd-ab44d75320e5,EMIT,DATA,840,1060,""
2886.729,sender,af416b39-8b0b-4383-b8fd-ab44d75320e5,EMIT,DATA,853,1060,""
2886.738,sender,af416b39-8b0b-4383-b8fd-ab44d75320e5,EMIT,DATA,844,1060,""
2886.748,sender,af416b39-8b0b-4383-b8fd-ab44d75320e5,EMIT,DATA,849,1060,""
2886.756,sender,af416b39-8b0b-4383-b8fd-ab44d75320e5,EMIT,DATA,851,1060,""
2886.765,sender,af416b39-8b0b-4383-b8fd-ab44d75320e5,EMIT,DATA,847,1060,""
2886.774,sender,af416b39-8b0b-4383-b8fd-ab44d75320e5,EMIT,DATA,839,1060,""
2886.783,sender,af416b39-8b0b-4383-b8fd-ab44d75320e5,EMIT,DATA,842,1060,""
2886.794,sender,af416b39-8b0b-4383-b8fd-ab44d75320e5,EMIT,DATA,848,1060,""
2886.801,sender,af416b39-8b0b-4383-b8fd-ab44d75320e5,EMIT,DATA,846,1060,""
2886.808,sender,af416b39-8b0b-4383-b8fd-ab44d75320e5,EMIT,DATA,852,1060,""
2886.816,sender,af416b39-8b0b-4383-b8fd-ab44d75320e5,EMIT,DATA,845,1060,""
2886.823,sender,af416b39-8b0b-4383-b8fd-ab44d75320e5,EMIT,DATA,850,1060,""
2886.839,sender,af416b39-8b0b-4383-b8fd-ab44d75320e5,EMIT,DATA,841,1060,""
2886.916,sender,af416b39-8b0b-4383-b8fd-ab44d75320e5,RECEIVE,ACK,823,36,""
2886.926,sender,af416b39-8b0b-4383-b8fd-ab44d75320e5,ACKNOWLEDGED,ACK,823,0,""
2886.930,sender,af416b39-8b0b-4383-b8fd-ab44d75320e5,CONFIRM_DATA,ACK,823,1024,"unique file bytes acknowledged"
2886.935,sender,af416b39-8b0b-4383-b8fd-ab44d75320e5,RTT_SAMPLE,ACK,823,0,"110.980100"
2886.940,sender,af416b39-8b0b-4383-b8fd-ab44d75320e5,SEND,DATA,855,1060,""
2886.944,sender,af416b39-8b0b-4383-b8fd-ab44d75320e5,SEND,DATA,856,1060,""
2886.947,sender,af416b39-8b0b-4383-b8fd-ab44d75320e5,SEND,DATA,857,1060,""
2886.950,sender,af416b39-8b0b-4383-b8fd-ab44d75320e5,SEND,DATA,858,1060,""
2886.953,sender,af416b39-8b0b-4383-b8fd-ab44d75320e5,SEND,DATA,859,1060,""
2886.966,sender,af416b39-8b0b-4383-b8fd-ab44d75320e5,RECEIVE,ACK,829,36,""
2886.969,sender,af416b39-8b0b-4383-b8fd-ab44d75320e5,ACKNOWLEDGED,ACK,829,0,""
2886.971,sender,af416b39-8b0b-4383-b8fd-ab44d75320e5,CONFIRM_DATA,ACK,829,1024,"unique file bytes acknowledged"
2886.974,sender,af416b39-8b0b-4383-b8fd-ab44d75320e5,RTT_SAMPLE,ACK,829,0,"111.006200"
2886.979,sender,af416b39-8b0b-4383-b8fd-ab44d75320e5,RECEIVE,ACK,828,36,""
2886.982,sender,af416b39-8b0b-4383-b8fd-ab44d75320e5,ACKNOWLEDGED,ACK,828,0,""
2886.984,sender,af416b39-8b0b-4383-b8fd-ab44d75320e5,CONFIRM_DATA,ACK,828,1024,"unique file bytes acknowledged"
2886.987,sender,af416b39-8b0b-4383-b8fd-ab44d75320e5,RTT_SAMPLE,ACK,828,0,"111.021100"
2886.998,sender,af416b39-8b0b-4383-b8fd-ab44d75320e5,SEND,DATA,860,1060,""
2887.001,sender,af416b39-8b0b-4383-b8fd-ab44d75320e5,SEND,DATA,861,1060,""
2887.004,sender,af416b39-8b0b-4383-b8fd-ab44d75320e5,SEND,DATA,862,1060,""
2887.008,sender,af416b39-8b0b-4383-b8fd-ab44d75320e5,RECEIVE,ACK,835,36,""
2887.011,sender,af416b39-8b0b-4383-b8fd-ab44d75320e5,ACKNOWLEDGED,ACK,835,0,""
2887.013,sender,af416b39-8b0b-4383-b8fd-ab44d75320e5,CONFIRM_DATA,ACK,835,1024,"unique file bytes acknowledged"
2887.016,sender,af416b39-8b0b-4383-b8fd-ab44d75320e5,RTT_SAMPLE,ACK,835,0,"62.943800"
2902.566,sender,af416b39-8b0b-4383-b8fd-ab44d75320e5,EMIT,DATA,843,1060,""
2902.746,sender,af416b39-8b0b-4383-b8fd-ab44d75320e5,RECEIVE,ACK,832,36,""
2902.759,sender,af416b39-8b0b-4383-b8fd-ab44d75320e5,ACKNOWLEDGED,ACK,832,0,""
2902.763,sender,af416b39-8b0b-4383-b8fd-ab44d75320e5,CONFIRM_DATA,ACK,832,1024,"unique file bytes acknowledged"
2902.769,sender,af416b39-8b0b-4383-b8fd-ab44d75320e5,RTT_SAMPLE,ACK,832,0,"78.705600"
2902.783,sender,af416b39-8b0b-4383-b8fd-ab44d75320e5,RECEIVE,ACK,837,36,""
2902.787,sender,af416b39-8b0b-4383-b8fd-ab44d75320e5,ACKNOWLEDGED,ACK,837,0,""
2902.790,sender,af416b39-8b0b-4383-b8fd-ab44d75320e5,CONFIRM_DATA,ACK,837,1024,"unique file bytes acknowledged"
2902.794,sender,af416b39-8b0b-4383-b8fd-ab44d75320e5,RTT_SAMPLE,ACK,837,0,"78.714900"
2902.801,sender,af416b39-8b0b-4383-b8fd-ab44d75320e5,RECEIVE,ACK,838,36,""
2902.805,sender,af416b39-8b0b-4383-b8fd-ab44d75320e5,ACKNOWLEDGED,ACK,838,0,""
2902.808,sender,af416b39-8b0b-4383-b8fd-ab44d75320e5,CONFIRM_DATA,ACK,838,1024,"unique file bytes acknowledged"
2902.812,sender,af416b39-8b0b-4383-b8fd-ab44d75320e5,RTT_SAMPLE,ACK,838,0,"78.671300"
2902.852,sender,af416b39-8b0b-4383-b8fd-ab44d75320e5,RECEIVE,ACK,836,36,""
2902.855,sender,af416b39-8b0b-4383-b8fd-ab44d75320e5,ACKNOWLEDGED,ACK,836,0,""
2902.857,sender,af416b39-8b0b-4383-b8fd-ab44d75320e5,CONFIRM_DATA,ACK,836,1024,"unique file bytes acknowledged"
2902.861,sender,af416b39-8b0b-4383-b8fd-ab44d75320e5,RTT_SAMPLE,ACK,836,0,"78.784600"
2918.733,sender,af416b39-8b0b-4383-b8fd-ab44d75320e5,RECEIVE,ACK,833,36,""
2918.782,sender,af416b39-8b0b-4383-b8fd-ab44d75320e5,ACKNOWLEDGED,ACK,833,0,""
2918.799,sender,af416b39-8b0b-4383-b8fd-ab44d75320e5,CONFIRM_DATA,ACK,833,1024,"unique file bytes acknowledged"
2918.830,sender,af416b39-8b0b-4383-b8fd-ab44d75320e5,RTT_SAMPLE,ACK,833,0,"94.748400"
2918.840,sender,af416b39-8b0b-4383-b8fd-ab44d75320e5,RECEIVE,ACK,834,36,""
2918.843,sender,af416b39-8b0b-4383-b8fd-ab44d75320e5,ACKNOWLEDGED,ACK,834,0,""
2918.846,sender,af416b39-8b0b-4383-b8fd-ab44d75320e5,CONFIRM_DATA,ACK,834,1024,"unique file bytes acknowledged"
2918.850,sender,af416b39-8b0b-4383-b8fd-ab44d75320e5,RTT_SAMPLE,ACK,834,0,"94.780000"
2918.857,sender,af416b39-8b0b-4383-b8fd-ab44d75320e5,RECEIVE,ACK,840,36,""
2918.859,sender,af416b39-8b0b-4383-b8fd-ab44d75320e5,ACKNOWLEDGED,ACK,840,0,""
2918.862,sender,af416b39-8b0b-4383-b8fd-ab44d75320e5,CONFIRM_DATA,ACK,840,1024,"unique file bytes acknowledged"
2918.865,sender,af416b39-8b0b-4383-b8fd-ab44d75320e5,RTT_SAMPLE,ACK,840,0,"78.862400"
2918.870,sender,af416b39-8b0b-4383-b8fd-ab44d75320e5,RECEIVE,ACK,851,36,""
2918.873,sender,af416b39-8b0b-4383-b8fd-ab44d75320e5,ACKNOWLEDGED,ACK,851,0,""
2918.875,sender,af416b39-8b0b-4383-b8fd-ab44d75320e5,CONFIRM_DATA,ACK,851,1024,"unique file bytes acknowledged"
2918.878,sender,af416b39-8b0b-4383-b8fd-ab44d75320e5,RTT_SAMPLE,ACK,851,0,"78.799200"
2918.883,sender,af416b39-8b0b-4383-b8fd-ab44d75320e5,RECEIVE,ACK,846,36,""
2918.886,sender,af416b39-8b0b-4383-b8fd-ab44d75320e5,ACKNOWLEDGED,ACK,846,0,""
2918.888,sender,af416b39-8b0b-4383-b8fd-ab44d75320e5,CONFIRM_DATA,ACK,846,1024,"unique file bytes acknowledged"
2918.891,sender,af416b39-8b0b-4383-b8fd-ab44d75320e5,RTT_SAMPLE,ACK,846,0,"78.826800"
2918.896,sender,af416b39-8b0b-4383-b8fd-ab44d75320e5,RECEIVE,ACK,850,36,""
2918.899,sender,af416b39-8b0b-4383-b8fd-ab44d75320e5,ACKNOWLEDGED,ACK,850,0,""
2918.901,sender,af416b39-8b0b-4383-b8fd-ab44d75320e5,CONFIRM_DATA,ACK,850,1024,"unique file bytes acknowledged"
2918.904,sender,af416b39-8b0b-4383-b8fd-ab44d75320e5,RTT_SAMPLE,ACK,850,0,"78.828100"
2919.045,sender,af416b39-8b0b-4383-b8fd-ab44d75320e5,EMIT,DATA,854,1060,""
2919.122,sender,af416b39-8b0b-4383-b8fd-ab44d75320e5,EMIT,DATA,855,1060,""
2919.151,sender,af416b39-8b0b-4383-b8fd-ab44d75320e5,EMIT,DATA,860,1060,""
2934.137,sender,af416b39-8b0b-4383-b8fd-ab44d75320e5,EMIT,DATA,859,1060,""
2934.172,sender,af416b39-8b0b-4383-b8fd-ab44d75320e5,EMIT,DATA,861,1060,""
2934.181,sender,af416b39-8b0b-4383-b8fd-ab44d75320e5,EMIT,DATA,862,1060,""
2934.189,sender,af416b39-8b0b-4383-b8fd-ab44d75320e5,EMIT,DATA,858,1060,""
2934.196,sender,af416b39-8b0b-4383-b8fd-ab44d75320e5,EMIT,DATA,856,1060,""
2934.218,sender,af416b39-8b0b-4383-b8fd-ab44d75320e5,EMIT,DATA,857,1060,""
2934.222,sender,af416b39-8b0b-4383-b8fd-ab44d75320e5,RECEIVE,ACK,839,36,""
2934.231,sender,af416b39-8b0b-4383-b8fd-ab44d75320e5,ACKNOWLEDGED,ACK,839,0,""
2934.234,sender,af416b39-8b0b-4383-b8fd-ab44d75320e5,CONFIRM_DATA,ACK,839,1024,"unique file bytes acknowledged"
2934.240,sender,af416b39-8b0b-4383-b8fd-ab44d75320e5,RTT_SAMPLE,ACK,839,0,"94.239700"
2934.248,sender,af416b39-8b0b-4383-b8fd-ab44d75320e5,RECEIVE,ACK,848,36,""
2934.250,sender,af416b39-8b0b-4383-b8fd-ab44d75320e5,ACKNOWLEDGED,ACK,848,0,""
2934.254,sender,af416b39-8b0b-4383-b8fd-ab44d75320e5,CONFIRM_DATA,ACK,848,1024,"unique file bytes acknowledged"
2934.257,sender,af416b39-8b0b-4383-b8fd-ab44d75320e5,RTT_SAMPLE,ACK,848,0,"94.186900"
2934.263,sender,af416b39-8b0b-4383-b8fd-ab44d75320e5,RECEIVE,ACK,831,36,""
2934.265,sender,af416b39-8b0b-4383-b8fd-ab44d75320e5,ACKNOWLEDGED,ACK,831,0,""
2934.269,sender,af416b39-8b0b-4383-b8fd-ab44d75320e5,CONFIRM_DATA,ACK,831,1024,"unique file bytes acknowledged"
2934.272,sender,af416b39-8b0b-4383-b8fd-ab44d75320e5,RTT_SAMPLE,ACK,831,0,"110.217900"
2934.275,sender,af416b39-8b0b-4383-b8fd-ab44d75320e5,SEND,DATA,863,1060,""
2934.303,sender,af416b39-8b0b-4383-b8fd-ab44d75320e5,SEND,DATA,864,1060,""
2934.307,sender,af416b39-8b0b-4383-b8fd-ab44d75320e5,SEND,DATA,865,1060,""
2934.310,sender,af416b39-8b0b-4383-b8fd-ab44d75320e5,SEND,DATA,866,1060,""
2934.313,sender,af416b39-8b0b-4383-b8fd-ab44d75320e5,SEND,DATA,867,1060,""
2934.315,sender,af416b39-8b0b-4383-b8fd-ab44d75320e5,SEND,DATA,868,1060,""
2934.318,sender,af416b39-8b0b-4383-b8fd-ab44d75320e5,SEND,DATA,869,1060,""
2934.321,sender,af416b39-8b0b-4383-b8fd-ab44d75320e5,SEND,DATA,870,1060,""
2934.324,sender,af416b39-8b0b-4383-b8fd-ab44d75320e5,SEND,DATA,871,1060,""
2934.327,sender,af416b39-8b0b-4383-b8fd-ab44d75320e5,SEND,DATA,872,1060,""
2934.332,sender,af416b39-8b0b-4383-b8fd-ab44d75320e5,RECEIVE,ACK,847,36,""
2934.335,sender,af416b39-8b0b-4383-b8fd-ab44d75320e5,ACKNOWLEDGED,ACK,847,0,""
2934.337,sender,af416b39-8b0b-4383-b8fd-ab44d75320e5,CONFIRM_DATA,ACK,847,1024,"unique file bytes acknowledged"
2934.341,sender,af416b39-8b0b-4383-b8fd-ab44d75320e5,RTT_SAMPLE,ACK,847,0,"94.273300"
2934.346,sender,af416b39-8b0b-4383-b8fd-ab44d75320e5,RECEIVE,ACK,849,36,""
2934.348,sender,af416b39-8b0b-4383-b8fd-ab44d75320e5,ACKNOWLEDGED,ACK,849,0,""
2934.351,sender,af416b39-8b0b-4383-b8fd-ab44d75320e5,CONFIRM_DATA,ACK,849,1024,"unique file bytes acknowledged"
2934.354,sender,af416b39-8b0b-4383-b8fd-ab44d75320e5,RTT_SAMPLE,ACK,849,0,"94.280700"
2934.361,sender,af416b39-8b0b-4383-b8fd-ab44d75320e5,RECEIVE,ACK,842,36,""
2934.363,sender,af416b39-8b0b-4383-b8fd-ab44d75320e5,ACKNOWLEDGED,ACK,842,0,""
2934.365,sender,af416b39-8b0b-4383-b8fd-ab44d75320e5,CONFIRM_DATA,ACK,842,1024,"unique file bytes acknowledged"
2934.368,sender,af416b39-8b0b-4383-b8fd-ab44d75320e5,RTT_SAMPLE,ACK,842,0,"94.359400"
2934.373,sender,af416b39-8b0b-4383-b8fd-ab44d75320e5,RECEIVE,ACK,853,36,""
2934.376,sender,af416b39-8b0b-4383-b8fd-ab44d75320e5,ACKNOWLEDGED,ACK,853,0,""
2934.378,sender,af416b39-8b0b-4383-b8fd-ab44d75320e5,CONFIRM_DATA,ACK,853,1024,"unique file bytes acknowledged"
2934.381,sender,af416b39-8b0b-4383-b8fd-ab44d75320e5,RTT_SAMPLE,ACK,853,0,"94.278500"
2934.386,sender,af416b39-8b0b-4383-b8fd-ab44d75320e5,RECEIVE,ACK,841,36,""
2934.388,sender,af416b39-8b0b-4383-b8fd-ab44d75320e5,ACKNOWLEDGED,ACK,841,0,""
2934.390,sender,af416b39-8b0b-4383-b8fd-ab44d75320e5,CONFIRM_DATA,ACK,841,1024,"unique file bytes acknowledged"
2934.393,sender,af416b39-8b0b-4383-b8fd-ab44d75320e5,RTT_SAMPLE,ACK,841,0,"94.387500"
2934.396,sender,af416b39-8b0b-4383-b8fd-ab44d75320e5,SEND,DATA,873,1060,""
2934.399,sender,af416b39-8b0b-4383-b8fd-ab44d75320e5,SEND,DATA,874,1060,""
2934.404,sender,af416b39-8b0b-4383-b8fd-ab44d75320e5,RECEIVE,ACK,852,36,""
2934.406,sender,af416b39-8b0b-4383-b8fd-ab44d75320e5,ACKNOWLEDGED,ACK,852,0,""
2934.409,sender,af416b39-8b0b-4383-b8fd-ab44d75320e5,CONFIRM_DATA,ACK,852,1024,"unique file bytes acknowledged"
2934.415,sender,af416b39-8b0b-4383-b8fd-ab44d75320e5,RTT_SAMPLE,ACK,852,0,"94.315400"
2934.420,sender,af416b39-8b0b-4383-b8fd-ab44d75320e5,RECEIVE,ACK,845,36,""
2934.422,sender,af416b39-8b0b-4383-b8fd-ab44d75320e5,ACKNOWLEDGED,ACK,845,0,""
2934.425,sender,af416b39-8b0b-4383-b8fd-ab44d75320e5,CONFIRM_DATA,ACK,845,1024,"unique file bytes acknowledged"
2934.429,sender,af416b39-8b0b-4383-b8fd-ab44d75320e5,RTT_SAMPLE,ACK,845,0,"94.367500"
2949.304,sender,af416b39-8b0b-4383-b8fd-ab44d75320e5,RECEIVE,ACK,844,36,""
2949.314,sender,af416b39-8b0b-4383-b8fd-ab44d75320e5,ACKNOWLEDGED,ACK,844,0,""
2949.318,sender,af416b39-8b0b-4383-b8fd-ab44d75320e5,CONFIRM_DATA,ACK,844,1024,"unique file bytes acknowledged"
2949.323,sender,af416b39-8b0b-4383-b8fd-ab44d75320e5,RTT_SAMPLE,ACK,844,0,"109.263500"
2949.338,sender,af416b39-8b0b-4383-b8fd-ab44d75320e5,RECEIVE,ACK,843,36,""
2949.341,sender,af416b39-8b0b-4383-b8fd-ab44d75320e5,ACKNOWLEDGED,ACK,843,0,""
2949.371,sender,af416b39-8b0b-4383-b8fd-ab44d75320e5,CONFIRM_DATA,ACK,843,1024,"unique file bytes acknowledged"
2949.375,sender,af416b39-8b0b-4383-b8fd-ab44d75320e5,RTT_SAMPLE,ACK,843,0,"109.362200"
2949.391,sender,af416b39-8b0b-4383-b8fd-ab44d75320e5,SEND,DATA,875,1060,""
2949.396,sender,af416b39-8b0b-4383-b8fd-ab44d75320e5,SEND,DATA,876,1060,""
2949.400,sender,af416b39-8b0b-4383-b8fd-ab44d75320e5,SEND,DATA,877,1060,""
2949.403,sender,af416b39-8b0b-4383-b8fd-ab44d75320e5,SEND,DATA,878,1060,""
2949.406,sender,af416b39-8b0b-4383-b8fd-ab44d75320e5,SEND,DATA,879,1060,""
2949.408,sender,af416b39-8b0b-4383-b8fd-ab44d75320e5,SEND,DATA,880,1060,""
2949.411,sender,af416b39-8b0b-4383-b8fd-ab44d75320e5,SEND,DATA,881,1060,""
2949.414,sender,af416b39-8b0b-4383-b8fd-ab44d75320e5,SEND,DATA,882,1060,""
2949.416,sender,af416b39-8b0b-4383-b8fd-ab44d75320e5,SEND,DATA,883,1060,""
2949.420,sender,af416b39-8b0b-4383-b8fd-ab44d75320e5,SEND,DATA,884,1060,""
2949.428,sender,af416b39-8b0b-4383-b8fd-ab44d75320e5,SEND,DATA,885,1060,""
2964.916,sender,af416b39-8b0b-4383-b8fd-ab44d75320e5,RECEIVE,ACK,854,36,""
2964.927,sender,af416b39-8b0b-4383-b8fd-ab44d75320e5,ACKNOWLEDGED,ACK,854,0,""
2964.930,sender,af416b39-8b0b-4383-b8fd-ab44d75320e5,CONFIRM_DATA,ACK,854,1024,"unique file bytes acknowledged"
2964.936,sender,af416b39-8b0b-4383-b8fd-ab44d75320e5,RTT_SAMPLE,ACK,854,0,"93.310200"
2964.941,sender,af416b39-8b0b-4383-b8fd-ab44d75320e5,SEND,DATA,886,1060,""
2964.950,sender,af416b39-8b0b-4383-b8fd-ab44d75320e5,RECEIVE,ACK,858,36,""
2964.952,sender,af416b39-8b0b-4383-b8fd-ab44d75320e5,ACKNOWLEDGED,ACK,858,0,""
2964.955,sender,af416b39-8b0b-4383-b8fd-ab44d75320e5,CONFIRM_DATA,ACK,858,1024,"unique file bytes acknowledged"
2964.958,sender,af416b39-8b0b-4383-b8fd-ab44d75320e5,RTT_SAMPLE,ACK,858,0,"78.007300"
2964.964,sender,af416b39-8b0b-4383-b8fd-ab44d75320e5,RECEIVE,ACK,857,36,""
2964.970,sender,af416b39-8b0b-4383-b8fd-ab44d75320e5,ACKNOWLEDGED,ACK,857,0,""
2964.973,sender,af416b39-8b0b-4383-b8fd-ab44d75320e5,CONFIRM_DATA,ACK,857,1024,"unique file bytes acknowledged"
2964.976,sender,af416b39-8b0b-4383-b8fd-ab44d75320e5,RTT_SAMPLE,ACK,857,0,"78.028100"
2964.980,sender,af416b39-8b0b-4383-b8fd-ab44d75320e5,EMIT,DATA,869,1060,""
2965.004,sender,af416b39-8b0b-4383-b8fd-ab44d75320e5,RECEIVE,ACK,855,36,""
2965.007,sender,af416b39-8b0b-4383-b8fd-ab44d75320e5,ACKNOWLEDGED,ACK,855,0,""
2965.009,sender,af416b39-8b0b-4383-b8fd-ab44d75320e5,CONFIRM_DATA,ACK,855,1024,"unique file bytes acknowledged"
2965.012,sender,af416b39-8b0b-4383-b8fd-ab44d75320e5,RTT_SAMPLE,ACK,855,0,"78.071800"
2965.015,sender,af416b39-8b0b-4383-b8fd-ab44d75320e5,SEND,DATA,887,1060,""
2965.043,sender,af416b39-8b0b-4383-b8fd-ab44d75320e5,EMIT,DATA,874,1060,""
2965.068,sender,af416b39-8b0b-4383-b8fd-ab44d75320e5,EMIT,DATA,864,1060,""
2965.091,sender,af416b39-8b0b-4383-b8fd-ab44d75320e5,EMIT,DATA,866,1060,""
2979.516,sender,af416b39-8b0b-4383-b8fd-ab44d75320e5,EMIT,DATA,867,1060,""
2979.541,sender,af416b39-8b0b-4383-b8fd-ab44d75320e5,EMIT,DATA,863,1060,""
2979.549,sender,af416b39-8b0b-4383-b8fd-ab44d75320e5,EMIT,DATA,865,1060,""
2979.557,sender,af416b39-8b0b-4383-b8fd-ab44d75320e5,EMIT,DATA,871,1060,""
2979.591,sender,af416b39-8b0b-4383-b8fd-ab44d75320e5,EMIT,DATA,872,1060,""
2979.599,sender,af416b39-8b0b-4383-b8fd-ab44d75320e5,EMIT,DATA,870,1060,""
2979.606,sender,af416b39-8b0b-4383-b8fd-ab44d75320e5,EMIT,DATA,868,1060,""
2979.702,sender,af416b39-8b0b-4383-b8fd-ab44d75320e5,RECEIVE,ACK,861,36,""
2979.711,sender,af416b39-8b0b-4383-b8fd-ab44d75320e5,ACKNOWLEDGED,ACK,861,0,""
2979.714,sender,af416b39-8b0b-4383-b8fd-ab44d75320e5,CONFIRM_DATA,ACK,861,1024,"unique file bytes acknowledged"
2979.719,sender,af416b39-8b0b-4383-b8fd-ab44d75320e5,RTT_SAMPLE,ACK,861,0,"92.717300"
2979.727,sender,af416b39-8b0b-4383-b8fd-ab44d75320e5,RECEIVE,ACK,860,36,""
2979.730,sender,af416b39-8b0b-4383-b8fd-ab44d75320e5,ACKNOWLEDGED,ACK,860,0,""
2979.743,sender,af416b39-8b0b-4383-b8fd-ab44d75320e5,CONFIRM_DATA,ACK,860,1024,"unique file bytes acknowledged"
2979.746,sender,af416b39-8b0b-4383-b8fd-ab44d75320e5,RTT_SAMPLE,ACK,860,0,"92.747800"
2979.752,sender,af416b39-8b0b-4383-b8fd-ab44d75320e5,RECEIVE,ACK,862,36,""
2979.755,sender,af416b39-8b0b-4383-b8fd-ab44d75320e5,ACKNOWLEDGED,ACK,862,0,""
2979.757,sender,af416b39-8b0b-4383-b8fd-ab44d75320e5,CONFIRM_DATA,ACK,862,1024,"unique file bytes acknowledged"
2979.761,sender,af416b39-8b0b-4383-b8fd-ab44d75320e5,RTT_SAMPLE,ACK,862,0,"92.756300"
2979.766,sender,af416b39-8b0b-4383-b8fd-ab44d75320e5,RECEIVE,ACK,856,36,""
2979.769,sender,af416b39-8b0b-4383-b8fd-ab44d75320e5,ACKNOWLEDGED,ACK,856,0,""
2979.772,sender,af416b39-8b0b-4383-b8fd-ab44d75320e5,CONFIRM_DATA,ACK,856,1024,"unique file bytes acknowledged"
2979.775,sender,af416b39-8b0b-4383-b8fd-ab44d75320e5,RTT_SAMPLE,ACK,856,0,"92.830400"
2979.779,sender,af416b39-8b0b-4383-b8fd-ab44d75320e5,SEND,DATA,888,1060,""
2979.783,sender,af416b39-8b0b-4383-b8fd-ab44d75320e5,SEND,DATA,889,1060,""
2979.787,sender,af416b39-8b0b-4383-b8fd-ab44d75320e5,SEND,DATA,890,1060,""
2995.674,sender,af416b39-8b0b-4383-b8fd-ab44d75320e5,EMIT,DATA,873,1060,""
2995.702,sender,af416b39-8b0b-4383-b8fd-ab44d75320e5,RECEIVE,ACK,859,36,""
2995.720,sender,af416b39-8b0b-4383-b8fd-ab44d75320e5,ACKNOWLEDGED,ACK,859,0,""
2995.726,sender,af416b39-8b0b-4383-b8fd-ab44d75320e5,CONFIRM_DATA,ACK,859,1024,"unique file bytes acknowledged"
2995.732,sender,af416b39-8b0b-4383-b8fd-ab44d75320e5,EMIT,DATA,885,1060,""
2995.738,sender,af416b39-8b0b-4383-b8fd-ab44d75320e5,RTT_SAMPLE,ACK,859,0,"108.778200"
2995.745,sender,af416b39-8b0b-4383-b8fd-ab44d75320e5,EMIT,DATA,875,1060,""
2995.748,sender,af416b39-8b0b-4383-b8fd-ab44d75320e5,SEND,DATA,891,1060,""
2995.754,sender,af416b39-8b0b-4383-b8fd-ab44d75320e5,EMIT,DATA,877,1060,""
2995.758,sender,af416b39-8b0b-4383-b8fd-ab44d75320e5,SEND,DATA,892,1060,""
2995.764,sender,af416b39-8b0b-4383-b8fd-ab44d75320e5,SEND,DATA,893,1060,""
2995.769,sender,af416b39-8b0b-4383-b8fd-ab44d75320e5,EMIT,DATA,879,1060,""
2995.775,sender,af416b39-8b0b-4383-b8fd-ab44d75320e5,SEND,DATA,894,1060,""
2995.782,sender,af416b39-8b0b-4383-b8fd-ab44d75320e5,EMIT,DATA,876,1060,""
2995.792,sender,af416b39-8b0b-4383-b8fd-ab44d75320e5,EMIT,DATA,881,1060,""
2995.802,sender,af416b39-8b0b-4383-b8fd-ab44d75320e5,EMIT,DATA,884,1060,""
2995.810,sender,af416b39-8b0b-4383-b8fd-ab44d75320e5,EMIT,DATA,878,1060,""
2995.819,sender,af416b39-8b0b-4383-b8fd-ab44d75320e5,EMIT,DATA,882,1060,""
2995.827,sender,af416b39-8b0b-4383-b8fd-ab44d75320e5,EMIT,DATA,883,1060,""
2995.837,sender,af416b39-8b0b-4383-b8fd-ab44d75320e5,EMIT,DATA,880,1060,""
3011.041,sender,af416b39-8b0b-4383-b8fd-ab44d75320e5,EMIT,DATA,887,1060,""
3011.112,sender,af416b39-8b0b-4383-b8fd-ab44d75320e5,EMIT,DATA,889,1060,""
3011.126,sender,af416b39-8b0b-4383-b8fd-ab44d75320e5,EMIT,DATA,890,1060,""
3011.251,sender,af416b39-8b0b-4383-b8fd-ab44d75320e5,RECEIVE,ACK,874,36,""
3011.274,sender,af416b39-8b0b-4383-b8fd-ab44d75320e5,ACKNOWLEDGED,ACK,874,0,""
3011.277,sender,af416b39-8b0b-4383-b8fd-ab44d75320e5,CONFIRM_DATA,ACK,874,1024,"unique file bytes acknowledged"
3011.283,sender,af416b39-8b0b-4383-b8fd-ab44d75320e5,RTT_SAMPLE,ACK,874,0,"76.881400"
3011.290,sender,af416b39-8b0b-4383-b8fd-ab44d75320e5,RECEIVE,ACK,864,36,""
3011.293,sender,af416b39-8b0b-4383-b8fd-ab44d75320e5,ACKNOWLEDGED,ACK,864,0,""
3011.296,sender,af416b39-8b0b-4383-b8fd-ab44d75320e5,CONFIRM_DATA,ACK,864,1024,"unique file bytes acknowledged"
3011.299,sender,af416b39-8b0b-4383-b8fd-ab44d75320e5,RTT_SAMPLE,ACK,864,0,"77.007700"
3011.305,sender,af416b39-8b0b-4383-b8fd-ab44d75320e5,RECEIVE,ACK,869,36,""
3011.307,sender,af416b39-8b0b-4383-b8fd-ab44d75320e5,ACKNOWLEDGED,ACK,869,0,""
3011.310,sender,af416b39-8b0b-4383-b8fd-ab44d75320e5,CONFIRM_DATA,ACK,869,1024,"unique file bytes acknowledged"
3011.313,sender,af416b39-8b0b-4383-b8fd-ab44d75320e5,RTT_SAMPLE,ACK,869,0,"76.994500"
3011.319,sender,af416b39-8b0b-4383-b8fd-ab44d75320e5,RECEIVE,ACK,868,36,""
3011.334,sender,af416b39-8b0b-4383-b8fd-ab44d75320e5,ACKNOWLEDGED,ACK,868,0,""
3011.337,sender,af416b39-8b0b-4383-b8fd-ab44d75320e5,CONFIRM_DATA,ACK,868,1024,"unique file bytes acknowledged"
3011.374,sender,af416b39-8b0b-4383-b8fd-ab44d75320e5,RTT_SAMPLE,ACK,868,0,"77.058000"
3011.382,sender,af416b39-8b0b-4383-b8fd-ab44d75320e5,RECEIVE,ACK,863,36,""
3011.385,sender,af416b39-8b0b-4383-b8fd-ab44d75320e5,ACKNOWLEDGED,ACK,863,0,""
3011.392,sender,af416b39-8b0b-4383-b8fd-ab44d75320e5,CONFIRM_DATA,ACK,863,1024,"unique file bytes acknowledged"
3011.396,sender,af416b39-8b0b-4383-b8fd-ab44d75320e5,RTT_SAMPLE,ACK,863,0,"77.120200"
3011.401,sender,af416b39-8b0b-4383-b8fd-ab44d75320e5,SEND,DATA,895,1060,""
3011.406,sender,af416b39-8b0b-4383-b8fd-ab44d75320e5,SEND,DATA,896,1060,""
3011.411,sender,af416b39-8b0b-4383-b8fd-ab44d75320e5,RECEIVE,ACK,866,36,""
3011.414,sender,af416b39-8b0b-4383-b8fd-ab44d75320e5,ACKNOWLEDGED,ACK,866,0,""
3011.417,sender,af416b39-8b0b-4383-b8fd-ab44d75320e5,CONFIRM_DATA,ACK,866,1024,"unique file bytes acknowledged"
3011.421,sender,af416b39-8b0b-4383-b8fd-ab44d75320e5,RTT_SAMPLE,ACK,866,0,"77.110500"
3026.208,sender,af416b39-8b0b-4383-b8fd-ab44d75320e5,RECEIVE,ACK,865,36,""
3026.227,sender,af416b39-8b0b-4383-b8fd-ab44d75320e5,ACKNOWLEDGED,ACK,865,0,""
3026.231,sender,af416b39-8b0b-4383-b8fd-ab44d75320e5,CONFIRM_DATA,ACK,865,1024,"unique file bytes acknowledged"
3026.237,sender,af416b39-8b0b-4383-b8fd-ab44d75320e5,RTT_SAMPLE,ACK,865,0,"91.927800"
3026.242,sender,af416b39-8b0b-4383-b8fd-ab44d75320e5,SEND,DATA,897,1060,""
3026.246,sender,af416b39-8b0b-4383-b8fd-ab44d75320e5,EMIT,DATA,886,1060,""
3026.262,sender,af416b39-8b0b-4383-b8fd-ab44d75320e5,SEND,DATA,898,1060,""
3026.271,sender,af416b39-8b0b-4383-b8fd-ab44d75320e5,RECEIVE,ACK,872,36,""
3026.274,sender,af416b39-8b0b-4383-b8fd-ab44d75320e5,ACKNOWLEDGED,ACK,872,0,""
3026.276,sender,af416b39-8b0b-4383-b8fd-ab44d75320e5,CONFIRM_DATA,ACK,872,1024,"unique file bytes acknowledged"
3026.280,sender,af416b39-8b0b-4383-b8fd-ab44d75320e5,RTT_SAMPLE,ACK,872,0,"91.952700"
3026.284,sender,af416b39-8b0b-4383-b8fd-ab44d75320e5,EMIT,DATA,888,1060,""
3026.291,sender,af416b39-8b0b-4383-b8fd-ab44d75320e5,RECEIVE,ACK,870,36,""
3026.294,sender,af416b39-8b0b-4383-b8fd-ab44d75320e5,ACKNOWLEDGED,ACK,870,0,""
3026.297,sender,af416b39-8b0b-4383-b8fd-ab44d75320e5,CONFIRM_DATA,ACK,870,1024,"unique file bytes acknowledged"
3026.300,sender,af416b39-8b0b-4383-b8fd-ab44d75320e5,RTT_SAMPLE,ACK,870,0,"91.978900"
3026.307,sender,af416b39-8b0b-4383-b8fd-ab44d75320e5,RECEIVE,ACK,871,36,""
3026.310,sender,af416b39-8b0b-4383-b8fd-ab44d75320e5,ACKNOWLEDGED,ACK,871,0,""
3026.313,sender,af416b39-8b0b-4383-b8fd-ab44d75320e5,CONFIRM_DATA,ACK,871,1024,"unique file bytes acknowledged"
3026.316,sender,af416b39-8b0b-4383-b8fd-ab44d75320e5,RTT_SAMPLE,ACK,871,0,"91.991600"
3026.323,sender,af416b39-8b0b-4383-b8fd-ab44d75320e5,RECEIVE,ACK,873,36,""
3026.327,sender,af416b39-8b0b-4383-b8fd-ab44d75320e5,ACKNOWLEDGED,ACK,873,0,""
3026.329,sender,af416b39-8b0b-4383-b8fd-ab44d75320e5,CONFIRM_DATA,ACK,873,1024,"unique file bytes acknowledged"
3026.335,sender,af416b39-8b0b-4383-b8fd-ab44d75320e5,RTT_SAMPLE,ACK,873,0,"91.937900"
3026.342,sender,af416b39-8b0b-4383-b8fd-ab44d75320e5,RECEIVE,ACK,867,36,""
3026.345,sender,af416b39-8b0b-4383-b8fd-ab44d75320e5,ACKNOWLEDGED,ACK,867,0,""
3026.348,sender,af416b39-8b0b-4383-b8fd-ab44d75320e5,CONFIRM_DATA,ACK,867,1024,"unique file bytes acknowledged"
3026.351,sender,af416b39-8b0b-4383-b8fd-ab44d75320e5,RTT_SAMPLE,ACK,867,0,"92.038100"
3026.355,sender,af416b39-8b0b-4383-b8fd-ab44d75320e5,SEND,DATA,899,1060,""
3026.358,sender,af416b39-8b0b-4383-b8fd-ab44d75320e5,SEND,DATA,900,1060,""
3026.362,sender,af416b39-8b0b-4383-b8fd-ab44d75320e5,SEND,DATA,901,1060,""
3026.365,sender,af416b39-8b0b-4383-b8fd-ab44d75320e5,SEND,DATA,902,1060,""
3026.368,sender,af416b39-8b0b-4383-b8fd-ab44d75320e5,SEND,DATA,903,1060,""
3026.371,sender,af416b39-8b0b-4383-b8fd-ab44d75320e5,SEND,DATA,904,1060,""
3026.376,sender,af416b39-8b0b-4383-b8fd-ab44d75320e5,SEND,DATA,905,1060,""
3026.380,sender,af416b39-8b0b-4383-b8fd-ab44d75320e5,SEND,DATA,906,1060,""
3026.386,sender,af416b39-8b0b-4383-b8fd-ab44d75320e5,RECEIVE,ACK,879,36,""
3026.389,sender,af416b39-8b0b-4383-b8fd-ab44d75320e5,ACKNOWLEDGED,ACK,879,0,""
3026.392,sender,af416b39-8b0b-4383-b8fd-ab44d75320e5,CONFIRM_DATA,ACK,879,1024,"unique file bytes acknowledged"
3026.395,sender,af416b39-8b0b-4383-b8fd-ab44d75320e5,RTT_SAMPLE,ACK,879,0,"76.989200"
3026.402,sender,af416b39-8b0b-4383-b8fd-ab44d75320e5,RECEIVE,ACK,881,36,""
3026.405,sender,af416b39-8b0b-4383-b8fd-ab44d75320e5,ACKNOWLEDGED,ACK,881,0,""
3026.407,sender,af416b39-8b0b-4383-b8fd-ab44d75320e5,CONFIRM_DATA,ACK,881,1024,"unique file bytes acknowledged"
3026.411,sender,af416b39-8b0b-4383-b8fd-ab44d75320e5,RTT_SAMPLE,ACK,881,0,"76.999200"
3026.417,sender,af416b39-8b0b-4383-b8fd-ab44d75320e5,RECEIVE,ACK,883,36,""
3026.420,sender,af416b39-8b0b-4383-b8fd-ab44d75320e5,ACKNOWLEDGED,ACK,883,0,""
3026.422,sender,af416b39-8b0b-4383-b8fd-ab44d75320e5,CONFIRM_DATA,ACK,883,1024,"unique file bytes acknowledged"
3026.426,sender,af416b39-8b0b-4383-b8fd-ab44d75320e5,RTT_SAMPLE,ACK,883,0,"77.009100"
3026.432,sender,af416b39-8b0b-4383-b8fd-ab44d75320e5,RECEIVE,ACK,877,36,""
3026.434,sender,af416b39-8b0b-4383-b8fd-ab44d75320e5,ACKNOWLEDGED,ACK,877,0,""
3026.437,sender,af416b39-8b0b-4383-b8fd-ab44d75320e5,CONFIRM_DATA,ACK,877,1024,"unique file bytes acknowledged"
3026.441,sender,af416b39-8b0b-4383-b8fd-ab44d75320e5,RTT_SAMPLE,ACK,877,0,"77.039900"
3042.366,sender,af416b39-8b0b-4383-b8fd-ab44d75320e5,EMIT,DATA,893,1060,""
3042.405,sender,af416b39-8b0b-4383-b8fd-ab44d75320e5,EMIT,DATA,892,1060,""
3042.430,sender,af416b39-8b0b-4383-b8fd-ab44d75320e5,EMIT,DATA,894,1060,""
3042.459,sender,af416b39-8b0b-4383-b8fd-ab44d75320e5,EMIT,DATA,891,1060,""
3042.530,sender,af416b39-8b0b-4383-b8fd-ab44d75320e5,RECEIVE,ACK,884,36,""
3042.553,sender,af416b39-8b0b-4383-b8fd-ab44d75320e5,ACKNOWLEDGED,ACK,884,0,""
3042.557,sender,af416b39-8b0b-4383-b8fd-ab44d75320e5,CONFIRM_DATA,ACK,884,1024,"unique file bytes acknowledged"
3042.562,sender,af416b39-8b0b-4383-b8fd-ab44d75320e5,RTT_SAMPLE,ACK,884,0,"93.141500"
3042.570,sender,af416b39-8b0b-4383-b8fd-ab44d75320e5,RECEIVE,ACK,875,36,""
3042.573,sender,af416b39-8b0b-4383-b8fd-ab44d75320e5,ACKNOWLEDGED,ACK,875,0,""
3042.576,sender,af416b39-8b0b-4383-b8fd-ab44d75320e5,CONFIRM_DATA,ACK,875,1024,"unique file bytes acknowledged"
3042.579,sender,af416b39-8b0b-4383-b8fd-ab44d75320e5,RTT_SAMPLE,ACK,875,0,"93.188100"
3042.583,sender,af416b39-8b0b-4383-b8fd-ab44d75320e5,SEND,DATA,907,1060,""
3042.590,sender,af416b39-8b0b-4383-b8fd-ab44d75320e5,RECEIVE,ACK,878,36,""
3042.593,sender,af416b39-8b0b-4383-b8fd-ab44d75320e5,ACKNOWLEDGED,ACK,878,0,""
3042.595,sender,af416b39-8b0b-4383-b8fd-ab44d75320e5,CONFIRM_DATA,ACK,878,1024,"unique file bytes acknowledged"
3042.599,sender,af416b39-8b0b-4383-b8fd-ab44d75320e5,RTT_SAMPLE,ACK,878,0,"93.195000"
3042.604,sender,af416b39-8b0b-4383-b8fd-ab44d75320e5,RECEIVE,ACK,885,36,""
3042.607,sender,af416b39-8b0b-4383-b8fd-ab44d75320e5,ACKNOWLEDGED,ACK,885,0,""
3042.610,sender,af416b39-8b0b-4383-b8fd-ab44d75320e5,CONFIRM_DATA,ACK,885,1024,"unique file bytes acknowledged"
3042.613,sender,af416b39-8b0b-4383-b8fd-ab44d75320e5,RTT_SAMPLE,ACK,885,0,"93.184500"
3042.619,sender,af416b39-8b0b-4383-b8fd-ab44d75320e5,RECEIVE,ACK,880,36,""
3042.622,sender,af416b39-8b0b-4383-b8fd-ab44d75320e5,ACKNOWLEDGED,ACK,880,0,""
3042.624,sender,af416b39-8b0b-4383-b8fd-ab44d75320e5,CONFIRM_DATA,ACK,880,1024,"unique file bytes acknowledged"
3042.628,sender,af416b39-8b0b-4383-b8fd-ab44d75320e5,RTT_SAMPLE,ACK,880,0,"93.218700"
3042.633,sender,af416b39-8b0b-4383-b8fd-ab44d75320e5,RECEIVE,ACK,882,36,""
3042.636,sender,af416b39-8b0b-4383-b8fd-ab44d75320e5,ACKNOWLEDGED,ACK,882,0,""
3042.638,sender,af416b39-8b0b-4383-b8fd-ab44d75320e5,CONFIRM_DATA,ACK,882,1024,"unique file bytes acknowledged"
3042.642,sender,af416b39-8b0b-4383-b8fd-ab44d75320e5,RTT_SAMPLE,ACK,882,0,"93.227700"
3042.647,sender,af416b39-8b0b-4383-b8fd-ab44d75320e5,RECEIVE,ACK,889,36,""
3042.650,sender,af416b39-8b0b-4383-b8fd-ab44d75320e5,ACKNOWLEDGED,ACK,889,0,""
3042.653,sender,af416b39-8b0b-4383-b8fd-ab44d75320e5,CONFIRM_DATA,ACK,889,1024,"unique file bytes acknowledged"
3042.685,sender,af416b39-8b0b-4383-b8fd-ab44d75320e5,RTT_SAMPLE,ACK,889,0,"62.901400"
3058.169,sender,af416b39-8b0b-4383-b8fd-ab44d75320e5,EMIT,DATA,896,1060,""
3058.278,sender,af416b39-8b0b-4383-b8fd-ab44d75320e5,EMIT,DATA,895,1060,""
3058.301,sender,af416b39-8b0b-4383-b8fd-ab44d75320e5,EMIT,DATA,902,1060,""
3058.311,sender,af416b39-8b0b-4383-b8fd-ab44d75320e5,EMIT,DATA,898,1060,""
3058.321,sender,af416b39-8b0b-4383-b8fd-ab44d75320e5,EMIT,DATA,901,1060,""
3058.330,sender,af416b39-8b0b-4383-b8fd-ab44d75320e5,EMIT,DATA,903,1060,""
3058.458,sender,af416b39-8b0b-4383-b8fd-ab44d75320e5,RECEIVE,ACK,876,36,""
3058.469,sender,af416b39-8b0b-4383-b8fd-ab44d75320e5,ACKNOWLEDGED,ACK,876,0,""
3058.474,sender,af416b39-8b0b-4383-b8fd-ab44d75320e5,CONFIRM_DATA,ACK,876,1024,"unique file bytes acknowledged"
3058.480,sender,af416b39-8b0b-4383-b8fd-ab44d75320e5,RTT_SAMPLE,ACK,876,0,"109.082600"
3058.485,sender,af416b39-8b0b-4383-b8fd-ab44d75320e5,SEND,DATA,908,1060,""
3058.490,sender,af416b39-8b0b-4383-b8fd-ab44d75320e5,SEND,DATA,909,1060,""
3058.494,sender,af416b39-8b0b-4383-b8fd-ab44d75320e5,SEND,DATA,910,1060,""
3058.498,sender,af416b39-8b0b-4383-b8fd-ab44d75320e5,SEND,DATA,911,1060,""
3058.510,sender,af416b39-8b0b-4383-b8fd-ab44d75320e5,SEND,DATA,912,1060,""
3058.519,sender,af416b39-8b0b-4383-b8fd-ab44d75320e5,SEND,DATA,913,1060,""
3058.523,sender,af416b39-8b0b-4383-b8fd-ab44d75320e5,SEND,DATA,914,1060,""
3058.526,sender,af416b39-8b0b-4383-b8fd-ab44d75320e5,SEND,DATA,915,1060,""
3058.530,sender,af416b39-8b0b-4383-b8fd-ab44d75320e5,SEND,DATA,916,1060,""
3058.533,sender,af416b39-8b0b-4383-b8fd-ab44d75320e5,SEND,DATA,917,1060,""
3058.541,sender,af416b39-8b0b-4383-b8fd-ab44d75320e5,RECEIVE,ACK,887,36,""
3058.544,sender,af416b39-8b0b-4383-b8fd-ab44d75320e5,ACKNOWLEDGED,ACK,887,0,""
3058.547,sender,af416b39-8b0b-4383-b8fd-ab44d75320e5,CONFIRM_DATA,ACK,887,1024,"unique file bytes acknowledged"
3058.551,sender,af416b39-8b0b-4383-b8fd-ab44d75320e5,RTT_SAMPLE,ACK,887,0,"93.534500"
3058.557,sender,af416b39-8b0b-4383-b8fd-ab44d75320e5,RECEIVE,ACK,890,36,""
3058.561,sender,af416b39-8b0b-4383-b8fd-ab44d75320e5,ACKNOWLEDGED,ACK,890,0,""
3058.564,sender,af416b39-8b0b-4383-b8fd-ab44d75320e5,CONFIRM_DATA,ACK,890,1024,"unique file bytes acknowledged"
3058.570,sender,af416b39-8b0b-4383-b8fd-ab44d75320e5,RTT_SAMPLE,ACK,890,0,"78.782300"
3058.589,sender,af416b39-8b0b-4383-b8fd-ab44d75320e5,RECEIVE,ACK,886,36,""
3058.592,sender,af416b39-8b0b-4383-b8fd-ab44d75320e5,ACKNOWLEDGED,ACK,886,0,""
3058.595,sender,af416b39-8b0b-4383-b8fd-ab44d75320e5,CONFIRM_DATA,ACK,886,1024,"unique file bytes acknowledged"
3058.598,sender,af416b39-8b0b-4383-b8fd-ab44d75320e5,RTT_SAMPLE,ACK,886,0,"93.656700"
3058.603,sender,af416b39-8b0b-4383-b8fd-ab44d75320e5,SEND,DATA,918,1060,""
3058.606,sender,af416b39-8b0b-4383-b8fd-ab44d75320e5,SEND,DATA,919,1060,""
3074.434,sender,af416b39-8b0b-4383-b8fd-ab44d75320e5,EMIT,DATA,897,1060,""
3074.483,sender,af416b39-8b0b-4383-b8fd-ab44d75320e5,RECEIVE,ACK,888,36,""
3074.495,sender,af416b39-8b0b-4383-b8fd-ab44d75320e5,EMIT,DATA,906,1060,""
3074.500,sender,af416b39-8b0b-4383-b8fd-ab44d75320e5,ACKNOWLEDGED,ACK,888,0,""
3074.504,sender,af416b39-8b0b-4383-b8fd-ab44d75320e5,CONFIRM_DATA,ACK,888,1024,"unique file bytes acknowledged"
3074.507,sender,af416b39-8b0b-4383-b8fd-ab44d75320e5,EMIT,DATA,900,1060,""
3074.512,sender,af416b39-8b0b-4383-b8fd-ab44d75320e5,RTT_SAMPLE,ACK,888,0,"94.728400"
3074.519,sender,af416b39-8b0b-4383-b8fd-ab44d75320e5,EMIT,DATA,907,1060,""
3074.522,sender,af416b39-8b0b-4383-b8fd-ab44d75320e5,SEND,DATA,920,1060,""
3074.528,sender,af416b39-8b0b-4383-b8fd-ab44d75320e5,SEND,DATA,921,1060,""
3074.531,sender,af416b39-8b0b-4383-b8fd-ab44d75320e5,EMIT,DATA,899,1060,""
3074.535,sender,af416b39-8b0b-4383-b8fd-ab44d75320e5,SEND,DATA,922,1060,""
3074.541,sender,af416b39-8b0b-4383-b8fd-ab44d75320e5,EMIT,DATA,904,1060,""
3090.474,sender,af416b39-8b0b-4383-b8fd-ab44d75320e5,EMIT,DATA,905,1060,""
3090.515,sender,af416b39-8b0b-4383-b8fd-ab44d75320e5,EMIT,DATA,910,1060,""
3090.532,sender,af416b39-8b0b-4383-b8fd-ab44d75320e5,EMIT,DATA,919,1060,""
3090.652,sender,af416b39-8b0b-4383-b8fd-ab44d75320e5,RECEIVE,ACK,893,36,""
3090.662,sender,af416b39-8b0b-4383-b8fd-ab44d75320e5,ACKNOWLEDGED,ACK,893,0,""
3090.665,sender,af416b39-8b0b-4383-b8fd-ab44d75320e5,CONFIRM_DATA,ACK,893,1024,"unique file bytes acknowledged"
3090.670,sender,af416b39-8b0b-4383-b8fd-ab44d75320e5,RTT_SAMPLE,ACK,893,0,"94.904700"
3090.684,sender,af416b39-8b0b-4383-b8fd-ab44d75320e5,RECEIVE,ACK,901,36,""
3090.686,sender,af416b39-8b0b-4383-b8fd-ab44d75320e5,ACKNOWLEDGED,ACK,901,0,""
3090.689,sender,af416b39-8b0b-4383-b8fd-ab44d75320e5,CONFIRM_DATA,ACK,901,1024,"unique file bytes acknowledged"
3090.692,sender,af416b39-8b0b-4383-b8fd-ab44d75320e5,RTT_SAMPLE,ACK,901,0,"64.329600"
3090.697,sender,af416b39-8b0b-4383-b8fd-ab44d75320e5,RECEIVE,ACK,898,36,""
3090.700,sender,af416b39-8b0b-4383-b8fd-ab44d75320e5,ACKNOWLEDGED,ACK,898,0,""
3090.702,sender,af416b39-8b0b-4383-b8fd-ab44d75320e5,CONFIRM_DATA,ACK,898,1024,"unique file bytes acknowledged"
3090.705,sender,af416b39-8b0b-4383-b8fd-ab44d75320e5,RTT_SAMPLE,ACK,898,0,"64.456900"
3090.710,sender,af416b39-8b0b-4383-b8fd-ab44d75320e5,RECEIVE,ACK,896,36,""
3090.713,sender,af416b39-8b0b-4383-b8fd-ab44d75320e5,ACKNOWLEDGED,ACK,896,0,""
3090.715,sender,af416b39-8b0b-4383-b8fd-ab44d75320e5,CONFIRM_DATA,ACK,896,1024,"unique file bytes acknowledged"
3090.718,sender,af416b39-8b0b-4383-b8fd-ab44d75320e5,RTT_SAMPLE,ACK,896,0,"79.312500"
3090.730,sender,af416b39-8b0b-4383-b8fd-ab44d75320e5,RECEIVE,ACK,903,36,""
3090.732,sender,af416b39-8b0b-4383-b8fd-ab44d75320e5,ACKNOWLEDGED,ACK,903,0,""
3090.735,sender,af416b39-8b0b-4383-b8fd-ab44d75320e5,CONFIRM_DATA,ACK,903,1024,"unique file bytes acknowledged"
3090.738,sender,af416b39-8b0b-4383-b8fd-ab44d75320e5,RTT_SAMPLE,ACK,903,0,"64.369000"
3090.755,sender,af416b39-8b0b-4383-b8fd-ab44d75320e5,RECEIVE,ACK,891,36,""
3090.758,sender,af416b39-8b0b-4383-b8fd-ab44d75320e5,ACKNOWLEDGED,ACK,891,0,""
3090.760,sender,af416b39-8b0b-4383-b8fd-ab44d75320e5,CONFIRM_DATA,ACK,891,1024,"unique file bytes acknowledged"
3090.763,sender,af416b39-8b0b-4383-b8fd-ab44d75320e5,RTT_SAMPLE,ACK,891,0,"95.016000"
3090.767,sender,af416b39-8b0b-4383-b8fd-ab44d75320e5,SEND,DATA,923,1060,""
3090.773,sender,af416b39-8b0b-4383-b8fd-ab44d75320e5,RECEIVE,ACK,892,36,""
3090.776,sender,af416b39-8b0b-4383-b8fd-ab44d75320e5,ACKNOWLEDGED,ACK,892,0,""
3090.778,sender,af416b39-8b0b-4383-b8fd-ab44d75320e5,CONFIRM_DATA,ACK,892,1024,"unique file bytes acknowledged"
3090.781,sender,af416b39-8b0b-4383-b8fd-ab44d75320e5,RTT_SAMPLE,ACK,892,0,"95.025300"
3090.784,sender,af416b39-8b0b-4383-b8fd-ab44d75320e5,SEND,DATA,924,1060,""
3090.787,sender,af416b39-8b0b-4383-b8fd-ab44d75320e5,SEND,DATA,925,1060,""
3090.792,sender,af416b39-8b0b-4383-b8fd-ab44d75320e5,RECEIVE,ACK,894,36,""
3090.798,sender,af416b39-8b0b-4383-b8fd-ab44d75320e5,ACKNOWLEDGED,ACK,894,0,""
3090.800,sender,af416b39-8b0b-4383-b8fd-ab44d75320e5,CONFIRM_DATA,ACK,894,1024,"unique file bytes acknowledged"
3090.803,sender,af416b39-8b0b-4383-b8fd-ab44d75320e5,RTT_SAMPLE,ACK,894,0,"95.028800"
3090.806,sender,af416b39-8b0b-4383-b8fd-ab44d75320e5,SEND,DATA,926,1060,""
3106.153,sender,af416b39-8b0b-4383-b8fd-ab44d75320e5,EMIT,DATA,913,1060,""
3106.179,sender,af416b39-8b0b-4383-b8fd-ab44d75320e5,EMIT,DATA,916,1060,""
3106.186,sender,af416b39-8b0b-4383-b8fd-ab44d75320e5,EMIT,DATA,917,1060,""
3106.193,sender,af416b39-8b0b-4383-b8fd-ab44d75320e5,EMIT,DATA,918,1060,""
3106.200,sender,af416b39-8b0b-4383-b8fd-ab44d75320e5,EMIT,DATA,912,1060,""
3106.219,sender,af416b39-8b0b-4383-b8fd-ab44d75320e5,EMIT,DATA,920,1060,""
3106.226,sender,af416b39-8b0b-4383-b8fd-ab44d75320e5,EMIT,DATA,909,1060,""
3106.234,sender,af416b39-8b0b-4383-b8fd-ab44d75320e5,EMIT,DATA,922,1060,""
3106.242,sender,af416b39-8b0b-4383-b8fd-ab44d75320e5,EMIT,DATA,914,1060,""
3106.489,sender,af416b39-8b0b-4383-b8fd-ab44d75320e5,RECEIVE,ACK,895,36,""
3106.511,sender,af416b39-8b0b-4383-b8fd-ab44d75320e5,ACKNOWLEDGED,ACK,895,0,""
3106.555,sender,af416b39-8b0b-4383-b8fd-ab44d75320e5,CONFIRM_DATA,ACK,895,1024,"unique file bytes acknowledged"
3106.566,sender,af416b39-8b0b-4383-b8fd-ab44d75320e5,RTT_SAMPLE,ACK,895,0,"95.160500"
3106.575,sender,af416b39-8b0b-4383-b8fd-ab44d75320e5,SEND,DATA,927,1060,""
3106.582,sender,af416b39-8b0b-4383-b8fd-ab44d75320e5,SEND,DATA,928,1060,""
3106.597,sender,af416b39-8b0b-4383-b8fd-ab44d75320e5,RECEIVE,ACK,902,36,""
3106.602,sender,af416b39-8b0b-4383-b8fd-ab44d75320e5,ACKNOWLEDGED,ACK,902,0,""
3106.606,sender,af416b39-8b0b-4383-b8fd-ab44d75320e5,CONFIRM_DATA,ACK,902,1024,"unique file bytes acknowledged"
3106.611,sender,af416b39-8b0b-4383-b8fd-ab44d75320e5,RTT_SAMPLE,ACK,902,0,"80.245400"
3122.300,sender,af416b39-8b0b-4383-b8fd-ab44d75320e5,EMIT,DATA,908,1060,""
3122.370,sender,af416b39-8b0b-4383-b8fd-ab44d75320e5,EMIT,DATA,911,1060,""
3122.394,sender,af416b39-8b0b-4383-b8fd-ab44d75320e5,EMIT,DATA,915,1060,""
3122.407,sender,af416b39-8b0b-4383-b8fd-ab44d75320e5,EMIT,DATA,924,1060,""
3122.501,sender,af416b39-8b0b-4383-b8fd-ab44d75320e5,RECEIVE,ACK,907,36,""
3122.513,sender,af416b39-8b0b-4383-b8fd-ab44d75320e5,ACKNOWLEDGED,ACK,907,0,""
3122.517,sender,af416b39-8b0b-4383-b8fd-ab44d75320e5,CONFIRM_DATA,ACK,907,1024,"unique file bytes acknowledged"
3122.523,sender,af416b39-8b0b-4383-b8fd-ab44d75320e5,RTT_SAMPLE,ACK,907,0,"79.937800"
3122.531,sender,af416b39-8b0b-4383-b8fd-ab44d75320e5,RECEIVE,ACK,897,36,""
3122.534,sender,af416b39-8b0b-4383-b8fd-ab44d75320e5,ACKNOWLEDGED,ACK,897,0,""
3122.537,sender,af416b39-8b0b-4383-b8fd-ab44d75320e5,CONFIRM_DATA,ACK,897,1024,"unique file bytes acknowledged"
3122.540,sender,af416b39-8b0b-4383-b8fd-ab44d75320e5,RTT_SAMPLE,ACK,897,0,"96.297500"
3122.546,sender,af416b39-8b0b-4383-b8fd-ab44d75320e5,SEND,DATA,929,1060,""
3122.551,sender,af416b39-8b0b-4383-b8fd-ab44d75320e5,SEND,DATA,930,1060,""
3122.812,sender,af416b39-8b0b-4383-b8fd-ab44d75320e5,RECEIVE,ACK,904,36,""
3122.821,sender,af416b39-8b0b-4383-b8fd-ab44d75320e5,ACKNOWLEDGED,ACK,904,0,""
3122.824,sender,af416b39-8b0b-4383-b8fd-ab44d75320e5,CONFIRM_DATA,ACK,904,1024,"unique file bytes acknowledged"
3122.828,sender,af416b39-8b0b-4383-b8fd-ab44d75320e5,RTT_SAMPLE,ACK,904,0,"96.455900"
3122.842,sender,af416b39-8b0b-4383-b8fd-ab44d75320e5,RECEIVE,ACK,905,36,""
3122.845,sender,af416b39-8b0b-4383-b8fd-ab44d75320e5,ACKNOWLEDGED,ACK,905,0,""
3122.847,sender,af416b39-8b0b-4383-b8fd-ab44d75320e5,CONFIRM_DATA,ACK,905,1024,"unique file bytes acknowledged"
3122.850,sender,af416b39-8b0b-4383-b8fd-ab44d75320e5,RTT_SAMPLE,ACK,905,0,"96.473400"
3122.855,sender,af416b39-8b0b-4383-b8fd-ab44d75320e5,RECEIVE,ACK,910,36,""
3122.857,sender,af416b39-8b0b-4383-b8fd-ab44d75320e5,ACKNOWLEDGED,ACK,910,0,""
3122.859,sender,af416b39-8b0b-4383-b8fd-ab44d75320e5,CONFIRM_DATA,ACK,910,1024,"unique file bytes acknowledged"
3122.862,sender,af416b39-8b0b-4383-b8fd-ab44d75320e5,RTT_SAMPLE,ACK,910,0,"64.368100"
3122.867,sender,af416b39-8b0b-4383-b8fd-ab44d75320e5,RECEIVE,ACK,899,36,""
3122.870,sender,af416b39-8b0b-4383-b8fd-ab44d75320e5,ACKNOWLEDGED,ACK,899,0,""
3122.872,sender,af416b39-8b0b-4383-b8fd-ab44d75320e5,CONFIRM_DATA,ACK,899,1024,"unique file bytes acknowledged"
3122.875,sender,af416b39-8b0b-4383-b8fd-ab44d75320e5,RTT_SAMPLE,ACK,899,0,"96.519600"
3122.878,sender,af416b39-8b0b-4383-b8fd-ab44d75320e5,SEND,DATA,931,1060,""
3122.883,sender,af416b39-8b0b-4383-b8fd-ab44d75320e5,RECEIVE,ACK,900,36,""
3122.886,sender,af416b39-8b0b-4383-b8fd-ab44d75320e5,ACKNOWLEDGED,ACK,900,0,""
3122.888,sender,af416b39-8b0b-4383-b8fd-ab44d75320e5,CONFIRM_DATA,ACK,900,1024,"unique file bytes acknowledged"
3122.891,sender,af416b39-8b0b-4383-b8fd-ab44d75320e5,RTT_SAMPLE,ACK,900,0,"96.532200"
3122.894,sender,af416b39-8b0b-4383-b8fd-ab44d75320e5,SEND,DATA,932,1060,""
3122.897,sender,af416b39-8b0b-4383-b8fd-ab44d75320e5,SEND,DATA,933,1060,""
3122.899,sender,af416b39-8b0b-4383-b8fd-ab44d75320e5,SEND,DATA,934,1060,""
3122.902,sender,af416b39-8b0b-4383-b8fd-ab44d75320e5,SEND,DATA,935,1060,""
3122.905,sender,af416b39-8b0b-4383-b8fd-ab44d75320e5,SEND,DATA,936,1060,""
3122.907,sender,af416b39-8b0b-4383-b8fd-ab44d75320e5,SEND,DATA,937,1060,""
3122.914,sender,af416b39-8b0b-4383-b8fd-ab44d75320e5,RECEIVE,ACK,906,36,""
3122.917,sender,af416b39-8b0b-4383-b8fd-ab44d75320e5,ACKNOWLEDGED,ACK,906,0,""
3122.919,sender,af416b39-8b0b-4383-b8fd-ab44d75320e5,CONFIRM_DATA,ACK,906,1024,"unique file bytes acknowledged"
3122.922,sender,af416b39-8b0b-4383-b8fd-ab44d75320e5,RTT_SAMPLE,ACK,906,0,"96.541400"
3122.925,sender,af416b39-8b0b-4383-b8fd-ab44d75320e5,SEND,DATA,938,1060,""
3122.927,sender,af416b39-8b0b-4383-b8fd-ab44d75320e5,SEND,DATA,939,1060,""
3137.789,sender,af416b39-8b0b-4383-b8fd-ab44d75320e5,EMIT,DATA,921,1060,""
3137.918,sender,af416b39-8b0b-4383-b8fd-ab44d75320e5,EMIT,DATA,925,1060,""
3137.967,sender,af416b39-8b0b-4383-b8fd-ab44d75320e5,EMIT,DATA,923,1060,""
3138.008,sender,af416b39-8b0b-4383-b8fd-ab44d75320e5,EMIT,DATA,926,1060,""
3138.246,sender,af416b39-8b0b-4383-b8fd-ab44d75320e5,RECEIVE,ACK,919,36,""
3138.254,sender,af416b39-8b0b-4383-b8fd-ab44d75320e5,ACKNOWLEDGED,ACK,919,0,""
3138.257,sender,af416b39-8b0b-4383-b8fd-ab44d75320e5,CONFIRM_DATA,ACK,919,1024,"unique file bytes acknowledged"
3138.261,sender,af416b39-8b0b-4383-b8fd-ab44d75320e5,RTT_SAMPLE,ACK,919,0,"79.653400"
3138.271,sender,af416b39-8b0b-4383-b8fd-ab44d75320e5,RECEIVE,ACK,914,36,""
3138.273,sender,af416b39-8b0b-4383-b8fd-ab44d75320e5,ACKNOWLEDGED,ACK,914,0,""
3138.275,sender,af416b39-8b0b-4383-b8fd-ab44d75320e5,CONFIRM_DATA,ACK,914,1024,"unique file bytes acknowledged"
3138.278,sender,af416b39-8b0b-4383-b8fd-ab44d75320e5,RTT_SAMPLE,ACK,914,0,"79.754500"
3138.287,sender,af416b39-8b0b-4383-b8fd-ab44d75320e5,RECEIVE,ACK,909,36,""
3138.289,sender,af416b39-8b0b-4383-b8fd-ab44d75320e5,ACKNOWLEDGED,ACK,909,0,""
3138.291,sender,af416b39-8b0b-4383-b8fd-ab44d75320e5,CONFIRM_DATA,ACK,909,1024,"unique file bytes acknowledged"
3138.294,sender,af416b39-8b0b-4383-b8fd-ab44d75320e5,RTT_SAMPLE,ACK,909,0,"79.803100"
3138.298,sender,af416b39-8b0b-4383-b8fd-ab44d75320e5,RECEIVE,ACK,913,36,""
3138.300,sender,af416b39-8b0b-4383-b8fd-ab44d75320e5,ACKNOWLEDGED,ACK,913,0,""
3138.302,sender,af416b39-8b0b-4383-b8fd-ab44d75320e5,CONFIRM_DATA,ACK,913,1024,"unique file bytes acknowledged"
3138.305,sender,af416b39-8b0b-4383-b8fd-ab44d75320e5,RTT_SAMPLE,ACK,913,0,"79.785800"
3152.812,sender,af416b39-8b0b-4383-b8fd-ab44d75320e5,EMIT,DATA,928,1060,""
3152.858,sender,af416b39-8b0b-4383-b8fd-ab44d75320e5,EMIT,DATA,927,1060,""
3152.869,sender,af416b39-8b0b-4383-b8fd-ab44d75320e5,EMIT,DATA,936,1060,""
3152.902,sender,af416b39-8b0b-4383-b8fd-ab44d75320e5,RECEIVE,ACK,912,36,""
3152.937,sender,af416b39-8b0b-4383-b8fd-ab44d75320e5,ACKNOWLEDGED,ACK,912,0,""
3152.947,sender,af416b39-8b0b-4383-b8fd-ab44d75320e5,CONFIRM_DATA,ACK,912,1024,"unique file bytes acknowledged"
3152.961,sender,af416b39-8b0b-4383-b8fd-ab44d75320e5,RTT_SAMPLE,ACK,912,0,"94.445700"
3152.986,sender,af416b39-8b0b-4383-b8fd-ab44d75320e5,RECEIVE,ACK,916,36,""
3152.988,sender,af416b39-8b0b-4383-b8fd-ab44d75320e5,ACKNOWLEDGED,ACK,916,0,""
3152.991,sender,af416b39-8b0b-4383-b8fd-ab44d75320e5,CONFIRM_DATA,ACK,916,1024,"unique file bytes acknowledged"
3152.994,sender,af416b39-8b0b-4383-b8fd-ab44d75320e5,RTT_SAMPLE,ACK,916,0,"94.464100"
3153.000,sender,af416b39-8b0b-4383-b8fd-ab44d75320e5,RECEIVE,ACK,918,36,""
3153.002,sender,af416b39-8b0b-4383-b8fd-ab44d75320e5,ACKNOWLEDGED,ACK,918,0,""
3153.005,sender,af416b39-8b0b-4383-b8fd-ab44d75320e5,CONFIRM_DATA,ACK,918,1024,"unique file bytes acknowledged"
3153.008,sender,af416b39-8b0b-4383-b8fd-ab44d75320e5,RTT_SAMPLE,ACK,918,0,"94.405100"
3153.013,sender,af416b39-8b0b-4383-b8fd-ab44d75320e5,RECEIVE,ACK,917,36,""
3153.017,sender,af416b39-8b0b-4383-b8fd-ab44d75320e5,ACKNOWLEDGED,ACK,917,0,""
3153.019,sender,af416b39-8b0b-4383-b8fd-ab44d75320e5,CONFIRM_DATA,ACK,917,1024,"unique file bytes acknowledged"
3153.022,sender,af416b39-8b0b-4383-b8fd-ab44d75320e5,RTT_SAMPLE,ACK,917,0,"94.488700"
3153.028,sender,af416b39-8b0b-4383-b8fd-ab44d75320e5,RECEIVE,ACK,908,36,""
3153.030,sender,af416b39-8b0b-4383-b8fd-ab44d75320e5,ACKNOWLEDGED,ACK,908,0,""
3153.071,sender,af416b39-8b0b-4383-b8fd-ab44d75320e5,CONFIRM_DATA,ACK,908,1024,"unique file bytes acknowledged"
3153.075,sender,af416b39-8b0b-4383-b8fd-ab44d75320e5,RTT_SAMPLE,ACK,908,0,"94.589200"
3153.079,sender,af416b39-8b0b-4383-b8fd-ab44d75320e5,SEND,DATA,940,1060,""
3153.083,sender,af416b39-8b0b-4383-b8fd-ab44d75320e5,SEND,DATA,941,1060,""
3153.086,sender,af416b39-8b0b-4383-b8fd-ab44d75320e5,SEND,DATA,942,1060,""
3153.091,sender,af416b39-8b0b-4383-b8fd-ab44d75320e5,RECEIVE,ACK,915,36,""
3153.094,sender,af416b39-8b0b-4383-b8fd-ab44d75320e5,ACKNOWLEDGED,ACK,915,0,""
3153.096,sender,af416b39-8b0b-4383-b8fd-ab44d75320e5,CONFIRM_DATA,ACK,915,1024,"unique file bytes acknowledged"
3153.100,sender,af416b39-8b0b-4383-b8fd-ab44d75320e5,RTT_SAMPLE,ACK,915,0,"94.573100"
3153.105,sender,af416b39-8b0b-4383-b8fd-ab44d75320e5,RECEIVE,ACK,920,36,""
3153.108,sender,af416b39-8b0b-4383-b8fd-ab44d75320e5,ACKNOWLEDGED,ACK,920,0,""
3153.110,sender,af416b39-8b0b-4383-b8fd-ab44d75320e5,CONFIRM_DATA,ACK,920,1024,"unique file bytes acknowledged"
3153.113,sender,af416b39-8b0b-4383-b8fd-ab44d75320e5,RTT_SAMPLE,ACK,920,0,"78.593900"
3168.546,sender,af416b39-8b0b-4383-b8fd-ab44d75320e5,EMIT,DATA,935,1060,""
3168.578,sender,af416b39-8b0b-4383-b8fd-ab44d75320e5,EMIT,DATA,933,1060,""
3168.589,sender,af416b39-8b0b-4383-b8fd-ab44d75320e5,EMIT,DATA,930,1060,""
3168.599,sender,af416b39-8b0b-4383-b8fd-ab44d75320e5,EMIT,DATA,938,1060,""
3168.608,sender,af416b39-8b0b-4383-b8fd-ab44d75320e5,EMIT,DATA,937,1060,""
3168.617,sender,af416b39-8b0b-4383-b8fd-ab44d75320e5,EMIT,DATA,932,1060,""
3168.662,sender,af416b39-8b0b-4383-b8fd-ab44d75320e5,RECEIVE,ACK,922,36,""
3168.674,sender,af416b39-8b0b-4383-b8fd-ab44d75320e5,ACKNOWLEDGED,ACK,922,0,""
3168.678,sender,af416b39-8b0b-4383-b8fd-ab44d75320e5,CONFIRM_DATA,ACK,922,1024,"unique file bytes acknowledged"
3168.684,sender,af416b39-8b0b-4383-b8fd-ab44d75320e5,RTT_SAMPLE,ACK,922,0,"94.149500"
3168.691,sender,af416b39-8b0b-4383-b8fd-ab44d75320e5,RECEIVE,ACK,925,36,""
3168.695,sender,af416b39-8b0b-4383-b8fd-ab44d75320e5,ACKNOWLEDGED,ACK,925,0,""
3168.697,sender,af416b39-8b0b-4383-b8fd-ab44d75320e5,CONFIRM_DATA,ACK,925,1024,"unique file bytes acknowledged"
3168.701,sender,af416b39-8b0b-4383-b8fd-ab44d75320e5,RTT_SAMPLE,ACK,925,0,"77.913400"
3168.708,sender,af416b39-8b0b-4383-b8fd-ab44d75320e5,RECEIVE,ACK,924,36,""
3168.711,sender,af416b39-8b0b-4383-b8fd-ab44d75320e5,ACKNOWLEDGED,ACK,924,0,""
3168.713,sender,af416b39-8b0b-4383-b8fd-ab44d75320e5,CONFIRM_DATA,ACK,924,1024,"unique file bytes acknowledged"
3168.717,sender,af416b39-8b0b-4383-b8fd-ab44d75320e5,RTT_SAMPLE,ACK,924,0,"77.932200"
3168.723,sender,af416b39-8b0b-4383-b8fd-ab44d75320e5,RECEIVE,ACK,921,36,""
3168.730,sender,af416b39-8b0b-4383-b8fd-ab44d75320e5,ACKNOWLEDGED,ACK,921,0,""
3168.733,sender,af416b39-8b0b-4383-b8fd-ab44d75320e5,CONFIRM_DATA,ACK,921,1024,"unique file bytes acknowledged"
3168.736,sender,af416b39-8b0b-4383-b8fd-ab44d75320e5,RTT_SAMPLE,ACK,921,0,"94.207400"
3184.879,sender,af416b39-8b0b-4383-b8fd-ab44d75320e5,EMIT,DATA,931,1060,""
3184.915,sender,af416b39-8b0b-4383-b8fd-ab44d75320e5,RECEIVE,ACK,911,36,""
3184.927,sender,af416b39-8b0b-4383-b8fd-ab44d75320e5,ACKNOWLEDGED,ACK,911,0,""
3184.933,sender,af416b39-8b0b-4383-b8fd-ab44d75320e5,CONFIRM_DATA,ACK,911,1024,"unique file bytes acknowledged"
3184.938,sender,af416b39-8b0b-4383-b8fd-ab44d75320e5,EMIT,DATA,929,1060,""
3184.945,sender,af416b39-8b0b-4383-b8fd-ab44d75320e5,RTT_SAMPLE,ACK,911,0,"126.439700"
3184.951,sender,af416b39-8b0b-4383-b8fd-ab44d75320e5,SEND,DATA,943,1060,""
3184.955,sender,af416b39-8b0b-4383-b8fd-ab44d75320e5,EMIT,DATA,934,1060,""
3184.958,sender,af416b39-8b0b-4383-b8fd-ab44d75320e5,SEND,DATA,944,1060,""
3184.964,sender,af416b39-8b0b-4383-b8fd-ab44d75320e5,SEND,DATA,945,1060,""
3184.968,sender,af416b39-8b0b-4383-b8fd-ab44d75320e5,EMIT,DATA,939,1060,""
3184.973,sender,af416b39-8b0b-4383-b8fd-ab44d75320e5,SEND,DATA,946,1060,""
3184.978,sender,af416b39-8b0b-4383-b8fd-ab44d75320e5,SEND,DATA,947,1060,""
3184.981,sender,af416b39-8b0b-4383-b8fd-ab44d75320e5,EMIT,DATA,940,1060,""
3184.985,sender,af416b39-8b0b-4383-b8fd-ab44d75320e5,SEND,DATA,948,1060,""
3184.989,sender,af416b39-8b0b-4383-b8fd-ab44d75320e5,SEND,DATA,949,1060,""
3184.993,sender,af416b39-8b0b-4383-b8fd-ab44d75320e5,SEND,DATA,950,1060,""
3184.997,sender,af416b39-8b0b-4383-b8fd-ab44d75320e5,SEND,DATA,951,1060,""
3185.005,sender,af416b39-8b0b-4383-b8fd-ab44d75320e5,SEND,DATA,952,1060,""
3185.008,sender,af416b39-8b0b-4383-b8fd-ab44d75320e5,SEND,DATA,953,1060,""
3185.012,sender,af416b39-8b0b-4383-b8fd-ab44d75320e5,SEND,DATA,954,1060,""
3185.019,sender,af416b39-8b0b-4383-b8fd-ab44d75320e5,RECEIVE,ACK,926,36,""
3185.022,sender,af416b39-8b0b-4383-b8fd-ab44d75320e5,ACKNOWLEDGED,ACK,926,0,""
3185.025,sender,af416b39-8b0b-4383-b8fd-ab44d75320e5,CONFIRM_DATA,ACK,926,1024,"unique file bytes acknowledged"
3185.028,sender,af416b39-8b0b-4383-b8fd-ab44d75320e5,RTT_SAMPLE,ACK,926,0,"94.221600"
3185.035,sender,af416b39-8b0b-4383-b8fd-ab44d75320e5,RECEIVE,ACK,923,36,""
3185.037,sender,af416b39-8b0b-4383-b8fd-ab44d75320e5,ACKNOWLEDGED,ACK,923,0,""
3185.040,sender,af416b39-8b0b-4383-b8fd-ab44d75320e5,CONFIRM_DATA,ACK,923,1024,"unique file bytes acknowledged"
3185.044,sender,af416b39-8b0b-4383-b8fd-ab44d75320e5,RTT_SAMPLE,ACK,923,0,"94.276400"
3185.047,sender,af416b39-8b0b-4383-b8fd-ab44d75320e5,SEND,DATA,955,1060,""
3185.051,sender,af416b39-8b0b-4383-b8fd-ab44d75320e5,SEND,DATA,956,1060,""
3185.054,sender,af416b39-8b0b-4383-b8fd-ab44d75320e5,SEND,DATA,957,1060,""
3185.057,sender,af416b39-8b0b-4383-b8fd-ab44d75320e5,SEND,DATA,958,1060,""
3185.063,sender,af416b39-8b0b-4383-b8fd-ab44d75320e5,RECEIVE,ACK,928,36,""
3185.066,sender,af416b39-8b0b-4383-b8fd-ab44d75320e5,ACKNOWLEDGED,ACK,928,0,""
3185.068,sender,af416b39-8b0b-4383-b8fd-ab44d75320e5,CONFIRM_DATA,ACK,928,1024,"unique file bytes acknowledged"
3185.072,sender,af416b39-8b0b-4383-b8fd-ab44d75320e5,RTT_SAMPLE,ACK,928,0,"78.489600"
3200.030,sender,af416b39-8b0b-4383-b8fd-ab44d75320e5,EMIT,DATA,941,1060,""
3200.049,sender,af416b39-8b0b-4383-b8fd-ab44d75320e5,EMIT,DATA,942,1060,""
3200.055,sender,af416b39-8b0b-4383-b8fd-ab44d75320e5,RECEIVE,ACK,927,36,""
3200.066,sender,af416b39-8b0b-4383-b8fd-ab44d75320e5,ACKNOWLEDGED,ACK,927,0,""
3200.083,sender,af416b39-8b0b-4383-b8fd-ab44d75320e5,CONFIRM_DATA,ACK,927,1024,"unique file bytes acknowledged"
3200.089,sender,af416b39-8b0b-4383-b8fd-ab44d75320e5,RTT_SAMPLE,ACK,927,0,"93.511800"
3200.095,sender,af416b39-8b0b-4383-b8fd-ab44d75320e5,SEND,DATA,959,1060,""
3200.100,sender,af416b39-8b0b-4383-b8fd-ab44d75320e5,SEND,DATA,960,1060,""
3200.110,sender,af416b39-8b0b-4383-b8fd-ab44d75320e5,RECEIVE,ACK,936,36,""
3200.112,sender,af416b39-8b0b-4383-b8fd-ab44d75320e5,ACKNOWLEDGED,ACK,936,0,""
3200.115,sender,af416b39-8b0b-4383-b8fd-ab44d75320e5,CONFIRM_DATA,ACK,936,1024,"unique file bytes acknowledged"
3200.118,sender,af416b39-8b0b-4383-b8fd-ab44d75320e5,RTT_SAMPLE,ACK,936,0,"77.212900"
3200.124,sender,af416b39-8b0b-4383-b8fd-ab44d75320e5,RECEIVE,ACK,933,36,""
3200.127,sender,af416b39-8b0b-4383-b8fd-ab44d75320e5,ACKNOWLEDGED,ACK,933,0,""
3200.129,sender,af416b39-8b0b-4383-b8fd-ab44d75320e5,CONFIRM_DATA,ACK,933,1024,"unique file bytes acknowledged"
3200.132,sender,af416b39-8b0b-4383-b8fd-ab44d75320e5,RTT_SAMPLE,ACK,933,0,"77.235100"
3215.454,sender,af416b39-8b0b-4383-b8fd-ab44d75320e5,RECEIVE,ACK,932,36,""
3215.467,sender,af416b39-8b0b-4383-b8fd-ab44d75320e5,ACKNOWLEDGED,ACK,932,0,""
3215.471,sender,af416b39-8b0b-4383-b8fd-ab44d75320e5,CONFIRM_DATA,ACK,932,1024,"unique file bytes acknowledged"
3215.478,sender,af416b39-8b0b-4383-b8fd-ab44d75320e5,RTT_SAMPLE,ACK,932,0,"92.581800"
3215.490,sender,af416b39-8b0b-4383-b8fd-ab44d75320e5,RECEIVE,ACK,935,36,""
3215.493,sender,af416b39-8b0b-4383-b8fd-ab44d75320e5,ACKNOWLEDGED,ACK,935,0,""
3215.496,sender,af416b39-8b0b-4383-b8fd-ab44d75320e5,CONFIRM_DATA,ACK,935,1024,"unique file bytes acknowledged"
3215.499,sender,af416b39-8b0b-4383-b8fd-ab44d75320e5,RTT_SAMPLE,ACK,935,0,"92.596000"
3215.505,sender,af416b39-8b0b-4383-b8fd-ab44d75320e5,RECEIVE,ACK,934,36,""
3215.597,sender,af416b39-8b0b-4383-b8fd-ab44d75320e5,ACKNOWLEDGED,ACK,934,0,""
3215.600,sender,af416b39-8b0b-4383-b8fd-ab44d75320e5,CONFIRM_DATA,ACK,934,1024,"unique file bytes acknowledged"
3215.604,sender,af416b39-8b0b-4383-b8fd-ab44d75320e5,RTT_SAMPLE,ACK,934,0,"92.703900"
3215.612,sender,af416b39-8b0b-4383-b8fd-ab44d75320e5,RECEIVE,ACK,930,36,""
3215.615,sender,af416b39-8b0b-4383-b8fd-ab44d75320e5,ACKNOWLEDGED,ACK,930,0,""
3215.617,sender,af416b39-8b0b-4383-b8fd-ab44d75320e5,CONFIRM_DATA,ACK,930,1024,"unique file bytes acknowledged"
3215.621,sender,af416b39-8b0b-4383-b8fd-ab44d75320e5,RTT_SAMPLE,ACK,930,0,"93.069500"
3215.627,sender,af416b39-8b0b-4383-b8fd-ab44d75320e5,RECEIVE,ACK,938,36,""
3215.629,sender,af416b39-8b0b-4383-b8fd-ab44d75320e5,ACKNOWLEDGED,ACK,938,0,""
3215.632,sender,af416b39-8b0b-4383-b8fd-ab44d75320e5,CONFIRM_DATA,ACK,938,1024,"unique file bytes acknowledged"
3215.635,sender,af416b39-8b0b-4383-b8fd-ab44d75320e5,RTT_SAMPLE,ACK,938,0,"92.710100"
3215.641,sender,af416b39-8b0b-4383-b8fd-ab44d75320e5,RECEIVE,ACK,937,36,""
3215.644,sender,af416b39-8b0b-4383-b8fd-ab44d75320e5,ACKNOWLEDGED,ACK,937,0,""
3215.646,sender,af416b39-8b0b-4383-b8fd-ab44d75320e5,CONFIRM_DATA,ACK,937,1024,"unique file bytes acknowledged"
3215.650,sender,af416b39-8b0b-4383-b8fd-ab44d75320e5,RTT_SAMPLE,ACK,937,0,"92.741800"
3215.826,sender,af416b39-8b0b-4383-b8fd-ab44d75320e5,EMIT,DATA,944,1060,""
3215.878,sender,af416b39-8b0b-4383-b8fd-ab44d75320e5,EMIT,DATA,955,1060,""
3215.889,sender,af416b39-8b0b-4383-b8fd-ab44d75320e5,EMIT,DATA,949,1060,""
3215.896,sender,af416b39-8b0b-4383-b8fd-ab44d75320e5,EMIT,DATA,957,1060,""
3215.902,sender,af416b39-8b0b-4383-b8fd-ab44d75320e5,EMIT,DATA,945,1060,""
3215.909,sender,af416b39-8b0b-4383-b8fd-ab44d75320e5,EMIT,DATA,951,1060,""
3231.033,sender,af416b39-8b0b-4383-b8fd-ab44d75320e5,EMIT,DATA,953,1060,""
3231.086,sender,af416b39-8b0b-4383-b8fd-ab44d75320e5,EMIT,DATA,956,1060,""
3231.098,sender,af416b39-8b0b-4383-b8fd-ab44d75320e5,EMIT,DATA,952,1060,""
3231.110,sender,af416b39-8b0b-4383-b8fd-ab44d75320e5,EMIT,DATA,958,1060,""
3231.122,sender,af416b39-8b0b-4383-b8fd-ab44d75320e5,EMIT,DATA,946,1060,""
3231.132,sender,af416b39-8b0b-4383-b8fd-ab44d75320e5,EMIT,DATA,948,1060,""
3231.142,sender,af416b39-8b0b-4383-b8fd-ab44d75320e5,EMIT,DATA,950,1060,""
3231.153,sender,af416b39-8b0b-4383-b8fd-ab44d75320e5,EMIT,DATA,959,1060,""
3231.250,sender,af416b39-8b0b-4383-b8fd-ab44d75320e5,RECEIVE,ACK,929,36,""
3231.261,sender,af416b39-8b0b-4383-b8fd-ab44d75320e5,ACKNOWLEDGED,ACK,929,0,""
3231.265,sender,af416b39-8b0b-4383-b8fd-ab44d75320e5,CONFIRM_DATA,ACK,929,1024,"unique file bytes acknowledged"
3231.283,sender,af416b39-8b0b-4383-b8fd-ab44d75320e5,RTT_SAMPLE,ACK,929,0,"108.723000"
3231.291,sender,af416b39-8b0b-4383-b8fd-ab44d75320e5,SEND,DATA,961,1060,""
3231.297,sender,af416b39-8b0b-4383-b8fd-ab44d75320e5,SEND,DATA,962,1060,""
3231.305,sender,af416b39-8b0b-4383-b8fd-ab44d75320e5,RECEIVE,ACK,940,36,""
3231.308,sender,af416b39-8b0b-4383-b8fd-ab44d75320e5,ACKNOWLEDGED,ACK,940,0,""
3231.311,sender,af416b39-8b0b-4383-b8fd-ab44d75320e5,CONFIRM_DATA,ACK,940,1024,"unique file bytes acknowledged"
3231.315,sender,af416b39-8b0b-4383-b8fd-ab44d75320e5,RTT_SAMPLE,ACK,940,0,"78.236200"
3231.322,sender,af416b39-8b0b-4383-b8fd-ab44d75320e5,RECEIVE,ACK,939,36,""
3231.325,sender,af416b39-8b0b-4383-b8fd-ab44d75320e5,ACKNOWLEDGED,ACK,939,0,""
3231.328,sender,af416b39-8b0b-4383-b8fd-ab44d75320e5,CONFIRM_DATA,ACK,939,1024,"unique file bytes acknowledged"
3231.331,sender,af416b39-8b0b-4383-b8fd-ab44d75320e5,RTT_SAMPLE,ACK,939,0,"108.403300"
3247.020,sender,af416b39-8b0b-4383-b8fd-ab44d75320e5,RECEIVE,ACK,942,36,""
3247.038,sender,af416b39-8b0b-4383-b8fd-ab44d75320e5,ACKNOWLEDGED,ACK,942,0,""
3247.043,sender,af416b39-8b0b-4383-b8fd-ab44d75320e5,CONFIRM_DATA,ACK,942,1024,"unique file bytes acknowledged"
3247.051,sender,af416b39-8b0b-4383-b8fd-ab44d75320e5,RTT_SAMPLE,ACK,942,0,"93.961600"
3247.090,sender,af416b39-8b0b-4383-b8fd-ab44d75320e5,RECEIVE,ACK,931,36,""
3247.096,sender,af416b39-8b0b-4383-b8fd-ab44d75320e5,EMIT,DATA,947,1060,""
3247.109,sender,af416b39-8b0b-4383-b8fd-ab44d75320e5,ACKNOWLEDGED,ACK,931,0,""
3247.113,sender,af416b39-8b0b-4383-b8fd-ab44d75320e5,CONFIRM_DATA,ACK,931,1024,"unique file bytes acknowledged"
3247.117,sender,af416b39-8b0b-4383-b8fd-ab44d75320e5,RTT_SAMPLE,ACK,931,0,"124.238300"
3247.123,sender,af416b39-8b0b-4383-b8fd-ab44d75320e5,SEND,DATA,963,1060,""
3247.126,sender,af416b39-8b0b-4383-b8fd-ab44d75320e5,EMIT,DATA,943,1060,""
3247.131,sender,af416b39-8b0b-4383-b8fd-ab44d75320e5,SEND,DATA,964,1060,""
3247.135,sender,af416b39-8b0b-4383-b8fd-ab44d75320e5,SEND,DATA,965,1060,""
3247.139,sender,af416b39-8b0b-4383-b8fd-ab44d75320e5,EMIT,DATA,954,1060,""
3247.143,sender,af416b39-8b0b-4383-b8fd-ab44d75320e5,SEND,DATA,966,1060,""
3247.148,sender,af416b39-8b0b-4383-b8fd-ab44d75320e5,SEND,DATA,967,1060,""
3247.151,sender,af416b39-8b0b-4383-b8fd-ab44d75320e5,EMIT,DATA,960,1060,""
3247.155,sender,af416b39-8b0b-4383-b8fd-ab44d75320e5,SEND,DATA,968,1060,""
3247.159,sender,af416b39-8b0b-4383-b8fd-ab44d75320e5,SEND,DATA,969,1060,""
3247.163,sender,af416b39-8b0b-4383-b8fd-ab44d75320e5,SEND,DATA,970,1060,""
3247.171,sender,af416b39-8b0b-4383-b8fd-ab44d75320e5,SEND,DATA,971,1060,""
3247.175,sender,af416b39-8b0b-4383-b8fd-ab44d75320e5,SEND,DATA,972,1060,""
3247.182,sender,af416b39-8b0b-4383-b8fd-ab44d75320e5,RECEIVE,ACK,941,36,""
3247.186,sender,af416b39-8b0b-4383-b8fd-ab44d75320e5,ACKNOWLEDGED,ACK,941,0,""
3247.189,sender,af416b39-8b0b-4383-b8fd-ab44d75320e5,CONFIRM_DATA,ACK,941,1024,"unique file bytes acknowledged"
3247.193,sender,af416b39-8b0b-4383-b8fd-ab44d75320e5,RTT_SAMPLE,ACK,941,0,"94.109200"
3247.196,sender,af416b39-8b0b-4383-b8fd-ab44d75320e5,SEND,DATA,973,1060,""
3247.219,sender,af416b39-8b0b-4383-b8fd-ab44d75320e5,SEND,DATA,974,1060,""
3247.227,sender,af416b39-8b0b-4383-b8fd-ab44d75320e5,RECEIVE,ACK,957,36,""
3247.230,sender,af416b39-8b0b-4383-b8fd-ab44d75320e5,ACKNOWLEDGED,ACK,957,0,""
3247.233,sender,af416b39-8b0b-4383-b8fd-ab44d75320e5,CONFIRM_DATA,ACK,957,1024,"unique file bytes acknowledged"
3247.237,sender,af416b39-8b0b-4383-b8fd-ab44d75320e5,RTT_SAMPLE,ACK,957,0,"62.182200"
3247.246,sender,af416b39-8b0b-4383-b8fd-ab44d75320e5,RECEIVE,ACK,951,36,""
3247.253,sender,af416b39-8b0b-4383-b8fd-ab44d75320e5,ACKNOWLEDGED,ACK,951,0,""
3247.256,sender,af416b39-8b0b-4383-b8fd-ab44d75320e5,CONFIRM_DATA,ACK,951,1024,"unique file bytes acknowledged"
3247.259,sender,af416b39-8b0b-4383-b8fd-ab44d75320e5,RTT_SAMPLE,ACK,951,0,"62.261800"
3262.346,sender,af416b39-8b0b-4383-b8fd-ab44d75320e5,RECEIVE,ACK,955,36,""
3262.363,sender,af416b39-8b0b-4383-b8fd-ab44d75320e5,ACKNOWLEDGED,ACK,955,0,""
3262.368,sender,af416b39-8b0b-4383-b8fd-ab44d75320e5,CONFIRM_DATA,ACK,955,1024,"unique file bytes acknowledged"
3262.374,sender,af416b39-8b0b-4383-b8fd-ab44d75320e5,RTT_SAMPLE,ACK,955,0,"77.324800"
3262.383,sender,af416b39-8b0b-4383-b8fd-ab44d75320e5,RECEIVE,ACK,949,36,""
3262.386,sender,af416b39-8b0b-4383-b8fd-ab44d75320e5,ACKNOWLEDGED,ACK,949,0,""
3262.389,sender,af416b39-8b0b-4383-b8fd-ab44d75320e5,CONFIRM_DATA,ACK,949,1024,"unique file bytes acknowledged"
3262.394,sender,af416b39-8b0b-4383-b8fd-ab44d75320e5,RTT_SAMPLE,ACK,949,0,"77.403600"
3262.400,sender,af416b39-8b0b-4383-b8fd-ab44d75320e5,RECEIVE,ACK,959,36,""
3262.430,sender,af416b39-8b0b-4383-b8fd-ab44d75320e5,ACKNOWLEDGED,ACK,959,0,""
3262.433,sender,af416b39-8b0b-4383-b8fd-ab44d75320e5,CONFIRM_DATA,ACK,959,1024,"unique file bytes acknowledged"
3262.440,sender,af416b39-8b0b-4383-b8fd-ab44d75320e5,RTT_SAMPLE,ACK,959,0,"62.344400"
3262.448,sender,af416b39-8b0b-4383-b8fd-ab44d75320e5,RECEIVE,ACK,958,36,""
3262.452,sender,af416b39-8b0b-4383-b8fd-ab44d75320e5,ACKNOWLEDGED,ACK,958,0,""
3262.465,sender,af416b39-8b0b-4383-b8fd-ab44d75320e5,CONFIRM_DATA,ACK,958,1024,"unique file bytes acknowledged"
3262.469,sender,af416b39-8b0b-4383-b8fd-ab44d75320e5,RTT_SAMPLE,ACK,958,0,"77.410700"
3278.313,sender,af416b39-8b0b-4383-b8fd-ab44d75320e5,EMIT,DATA,973,1060,""
3278.422,sender,af416b39-8b0b-4383-b8fd-ab44d75320e5,EMIT,DATA,962,1060,""
3278.444,sender,af416b39-8b0b-4383-b8fd-ab44d75320e5,EMIT,DATA,969,1060,""
3278.467,sender,af416b39-8b0b-4383-b8fd-ab44d75320e5,EMIT,DATA,971,1060,""
3278.484,sender,af416b39-8b0b-4383-b8fd-ab44d75320e5,EMIT,DATA,967,1060,""
3278.504,sender,af416b39-8b0b-4383-b8fd-ab44d75320e5,EMIT,DATA,961,1060,""
3278.626,sender,af416b39-8b0b-4383-b8fd-ab44d75320e5,RECEIVE,ACK,952,36,""
3278.639,sender,af416b39-8b0b-4383-b8fd-ab44d75320e5,ACKNOWLEDGED,ACK,952,0,""
3278.643,sender,af416b39-8b0b-4383-b8fd-ab44d75320e5,CONFIRM_DATA,ACK,952,1024,"unique file bytes acknowledged"
3278.649,sender,af416b39-8b0b-4383-b8fd-ab44d75320e5,RTT_SAMPLE,ACK,952,0,"93.642400"
3278.669,sender,af416b39-8b0b-4383-b8fd-ab44d75320e5,RECEIVE,ACK,945,36,""
3278.672,sender,af416b39-8b0b-4383-b8fd-ab44d75320e5,ACKNOWLEDGED,ACK,945,0,""
3278.675,sender,af416b39-8b0b-4383-b8fd-ab44d75320e5,CONFIRM_DATA,ACK,945,1024,"unique file bytes acknowledged"
3278.680,sender,af416b39-8b0b-4383-b8fd-ab44d75320e5,RTT_SAMPLE,ACK,945,0,"93.715200"
3278.688,sender,af416b39-8b0b-4383-b8fd-ab44d75320e5,RECEIVE,ACK,944,36,""
3278.691,sender,af416b39-8b0b-4383-b8fd-ab44d75320e5,ACKNOWLEDGED,ACK,944,0,""
3278.694,sender,af416b39-8b0b-4383-b8fd-ab44d75320e5,CONFIRM_DATA,ACK,944,1024,"unique file bytes acknowledged"
3278.698,sender,af416b39-8b0b-4383-b8fd-ab44d75320e5,RTT_SAMPLE,ACK,944,0,"93.741300"
3278.705,sender,af416b39-8b0b-4383-b8fd-ab44d75320e5,RECEIVE,ACK,946,36,""
3278.709,sender,af416b39-8b0b-4383-b8fd-ab44d75320e5,ACKNOWLEDGED,ACK,946,0,""
3278.712,sender,af416b39-8b0b-4383-b8fd-ab44d75320e5,CONFIRM_DATA,ACK,946,1024,"unique file bytes acknowledged"
3278.716,sender,af416b39-8b0b-4383-b8fd-ab44d75320e5,RTT_SAMPLE,ACK,946,0,"93.743700"
3278.726,sender,af416b39-8b0b-4383-b8fd-ab44d75320e5,RECEIVE,ACK,948,36,""
3278.729,sender,af416b39-8b0b-4383-b8fd-ab44d75320e5,ACKNOWLEDGED,ACK,948,0,""
3278.732,sender,af416b39-8b0b-4383-b8fd-ab44d75320e5,CONFIRM_DATA,ACK,948,1024,"unique file bytes acknowledged"
3278.736,sender,af416b39-8b0b-4383-b8fd-ab44d75320e5,RTT_SAMPLE,ACK,948,0,"93.753800"
3278.743,sender,af416b39-8b0b-4383-b8fd-ab44d75320e5,RECEIVE,ACK,950,36,""
3278.747,sender,af416b39-8b0b-4383-b8fd-ab44d75320e5,ACKNOWLEDGED,ACK,950,0,""
3278.750,sender,af416b39-8b0b-4383-b8fd-ab44d75320e5,CONFIRM_DATA,ACK,950,1024,"unique file bytes acknowledged"
3278.754,sender,af416b39-8b0b-4383-b8fd-ab44d75320e5,RTT_SAMPLE,ACK,950,0,"93.760200"
3278.760,sender,af416b39-8b0b-4383-b8fd-ab44d75320e5,RECEIVE,ACK,956,36,""
3278.764,sender,af416b39-8b0b-4383-b8fd-ab44d75320e5,ACKNOWLEDGED,ACK,956,0,""
3278.767,sender,af416b39-8b0b-4383-b8fd-ab44d75320e5,CONFIRM_DATA,ACK,956,1024,"unique file bytes acknowledged"
3278.771,sender,af416b39-8b0b-4383-b8fd-ab44d75320e5,RTT_SAMPLE,ACK,956,0,"93.719600"
3278.778,sender,af416b39-8b0b-4383-b8fd-ab44d75320e5,RECEIVE,ACK,953,36,""
3278.781,sender,af416b39-8b0b-4383-b8fd-ab44d75320e5,ACKNOWLEDGED,ACK,953,0,""
3278.784,sender,af416b39-8b0b-4383-b8fd-ab44d75320e5,CONFIRM_DATA,ACK,953,1024,"unique file bytes acknowledged"
3278.788,sender,af416b39-8b0b-4383-b8fd-ab44d75320e5,RTT_SAMPLE,ACK,953,0,"93.779200"
3293.362,sender,af416b39-8b0b-4383-b8fd-ab44d75320e5,EMIT,DATA,963,1060,""
3293.400,sender,af416b39-8b0b-4383-b8fd-ab44d75320e5,EMIT,DATA,965,1060,""
3293.412,sender,af416b39-8b0b-4383-b8fd-ab44d75320e5,EMIT,DATA,964,1060,""
3293.423,sender,af416b39-8b0b-4383-b8fd-ab44d75320e5,EMIT,DATA,970,1060,""
3293.433,sender,af416b39-8b0b-4383-b8fd-ab44d75320e5,EMIT,DATA,966,1060,""
3293.443,sender,af416b39-8b0b-4383-b8fd-ab44d75320e5,EMIT,DATA,974,1060,""
3293.452,sender,af416b39-8b0b-4383-b8fd-ab44d75320e5,EMIT,DATA,972,1060,""
3293.459,sender,af416b39-8b0b-4383-b8fd-ab44d75320e5,RECEIVE,ACK,947,36,""
3293.471,sender,af416b39-8b0b-4383-b8fd-ab44d75320e5,EMIT,DATA,968,1060,""
3293.475,sender,af416b39-8b0b-4383-b8fd-ab44d75320e5,ACKNOWLEDGED,ACK,947,0,""
3293.480,sender,af416b39-8b0b-4383-b8fd-ab44d75320e5,CONFIRM_DATA,ACK,947,1024,"unique file bytes acknowledged"
3293.486,sender,af416b39-8b0b-4383-b8fd-ab44d75320e5,RTT_SAMPLE,ACK,947,0,"108.506500"
3293.506,sender,af416b39-8b0b-4383-b8fd-ab44d75320e5,RECEIVE,ACK,954,36,""
3293.510,sender,af416b39-8b0b-4383-b8fd-ab44d75320e5,ACKNOWLEDGED,ACK,954,0,""
3293.514,sender,af416b39-8b0b-4383-b8fd-ab44d75320e5,CONFIRM_DATA,ACK,954,1024,"unique file bytes acknowledged"
3293.518,sender,af416b39-8b0b-4383-b8fd-ab44d75320e5,RTT_SAMPLE,ACK,954,0,"108.505700"
3293.526,sender,af416b39-8b0b-4383-b8fd-ab44d75320e5,RECEIVE,ACK,943,36,""
3293.529,sender,af416b39-8b0b-4383-b8fd-ab44d75320e5,ACKNOWLEDGED,ACK,943,0,""
3293.533,sender,af416b39-8b0b-4383-b8fd-ab44d75320e5,CONFIRM_DATA,ACK,943,1024,"unique file bytes acknowledged"
3293.537,sender,af416b39-8b0b-4383-b8fd-ab44d75320e5,RTT_SAMPLE,ACK,943,0,"108.585400"
3293.542,sender,af416b39-8b0b-4383-b8fd-ab44d75320e5,SEND,DATA,975,1060,""
3293.556,sender,af416b39-8b0b-4383-b8fd-ab44d75320e5,SEND,DATA,976,1060,""
3293.561,sender,af416b39-8b0b-4383-b8fd-ab44d75320e5,SEND,DATA,977,1060,""
3293.565,sender,af416b39-8b0b-4383-b8fd-ab44d75320e5,SEND,DATA,978,1060,""
3293.570,sender,af416b39-8b0b-4383-b8fd-ab44d75320e5,SEND,DATA,979,1060,""
3293.574,sender,af416b39-8b0b-4383-b8fd-ab44d75320e5,SEND,DATA,980,1060,""
3293.578,sender,af416b39-8b0b-4383-b8fd-ab44d75320e5,SEND,DATA,981,1060,""
3293.582,sender,af416b39-8b0b-4383-b8fd-ab44d75320e5,SEND,DATA,982,1060,""
3293.589,sender,af416b39-8b0b-4383-b8fd-ab44d75320e5,SEND,DATA,983,1060,""
3293.593,sender,af416b39-8b0b-4383-b8fd-ab44d75320e5,SEND,DATA,984,1060,""
3293.598,sender,af416b39-8b0b-4383-b8fd-ab44d75320e5,SEND,DATA,985,1060,""
3293.602,sender,af416b39-8b0b-4383-b8fd-ab44d75320e5,SEND,DATA,986,1060,""
3293.606,sender,af416b39-8b0b-4383-b8fd-ab44d75320e5,SEND,DATA,987,1060,""
3293.610,sender,af416b39-8b0b-4383-b8fd-ab44d75320e5,SEND,DATA,988,1060,""
3293.621,sender,af416b39-8b0b-4383-b8fd-ab44d75320e5,SEND,DATA,989,1060,""
3293.625,sender,af416b39-8b0b-4383-b8fd-ab44d75320e5,SEND,DATA,990,1060,""
3293.629,sender,af416b39-8b0b-4383-b8fd-ab44d75320e5,SEND,DATA,991,1060,""
3293.637,sender,af416b39-8b0b-4383-b8fd-ab44d75320e5,RECEIVE,ACK,960,36,""
3293.641,sender,af416b39-8b0b-4383-b8fd-ab44d75320e5,ACKNOWLEDGED,ACK,960,0,""
3293.646,sender,af416b39-8b0b-4383-b8fd-ab44d75320e5,CONFIRM_DATA,ACK,960,1024,"unique file bytes acknowledged"
3293.655,sender,af416b39-8b0b-4383-b8fd-ab44d75320e5,RTT_SAMPLE,ACK,960,0,"93.553900"
3293.660,sender,af416b39-8b0b-4383-b8fd-ab44d75320e5,SEND,DATA,992,1060,""
3323.700,sender,af416b39-8b0b-4383-b8fd-ab44d75320e5,EMIT,DATA,983,1060,""
3323.775,sender,af416b39-8b0b-4383-b8fd-ab44d75320e5,EMIT,DATA,989,1060,""
3323.807,sender,af416b39-8b0b-4383-b8fd-ab44d75320e5,EMIT,DATA,978,1060,""
3323.829,sender,af416b39-8b0b-4383-b8fd-ab44d75320e5,EMIT,DATA,984,1060,""
3323.856,sender,af416b39-8b0b-4383-b8fd-ab44d75320e5,EMIT,DATA,976,1060,""
3324.160,sender,af416b39-8b0b-4383-b8fd-ab44d75320e5,RECEIVE,ACK,971,36,""
3324.170,sender,af416b39-8b0b-4383-b8fd-ab44d75320e5,ACKNOWLEDGED,ACK,971,0,""
3324.173,sender,af416b39-8b0b-4383-b8fd-ab44d75320e5,CONFIRM_DATA,ACK,971,1024,"unique file bytes acknowledged"
3324.178,sender,af416b39-8b0b-4383-b8fd-ab44d75320e5,RTT_SAMPLE,ACK,971,0,"77.005400"
3324.190,sender,af416b39-8b0b-4383-b8fd-ab44d75320e5,RECEIVE,ACK,962,36,""
3324.193,sender,af416b39-8b0b-4383-b8fd-ab44d75320e5,ACKNOWLEDGED,ACK,962,0,""
3324.197,sender,af416b39-8b0b-4383-b8fd-ab44d75320e5,CONFIRM_DATA,ACK,962,1024,"unique file bytes acknowledged"
3324.200,sender,af416b39-8b0b-4383-b8fd-ab44d75320e5,RTT_SAMPLE,ACK,962,0,"92.902300"
3324.206,sender,af416b39-8b0b-4383-b8fd-ab44d75320e5,RECEIVE,ACK,967,36,""
3324.209,sender,af416b39-8b0b-4383-b8fd-ab44d75320e5,ACKNOWLEDGED,ACK,967,0,""
3324.211,sender,af416b39-8b0b-4383-b8fd-ab44d75320e5,CONFIRM_DATA,ACK,967,1024,"unique file bytes acknowledged"
3324.214,sender,af416b39-8b0b-4383-b8fd-ab44d75320e5,RTT_SAMPLE,ACK,967,0,"77.066500"
3324.220,sender,af416b39-8b0b-4383-b8fd-ab44d75320e5,RECEIVE,ACK,970,36,""
3324.222,sender,af416b39-8b0b-4383-b8fd-ab44d75320e5,ACKNOWLEDGED,ACK,970,0,""
3324.257,sender,af416b39-8b0b-4383-b8fd-ab44d75320e5,CONFIRM_DATA,ACK,970,1024,"unique file bytes acknowledged"
3324.262,sender,af416b39-8b0b-4383-b8fd-ab44d75320e5,RTT_SAMPLE,ACK,970,0,"77.098800"
3324.268,sender,af416b39-8b0b-4383-b8fd-ab44d75320e5,RECEIVE,ACK,961,36,""
3324.270,sender,af416b39-8b0b-4383-b8fd-ab44d75320e5,ACKNOWLEDGED,ACK,961,0,""
3324.272,sender,af416b39-8b0b-4383-b8fd-ab44d75320e5,CONFIRM_DATA,ACK,961,1024,"unique file bytes acknowledged"
3324.275,sender,af416b39-8b0b-4383-b8fd-ab44d75320e5,RTT_SAMPLE,ACK,961,0,"92.983900"
3324.278,sender,af416b39-8b0b-4383-b8fd-ab44d75320e5,SEND,DATA,993,1060,""
3324.282,sender,af416b39-8b0b-4383-b8fd-ab44d75320e5,SEND,DATA,994,1060,""
3324.286,sender,af416b39-8b0b-4383-b8fd-ab44d75320e5,RECEIVE,ACK,972,36,""
3324.289,sender,af416b39-8b0b-4383-b8fd-ab44d75320e5,ACKNOWLEDGED,ACK,972,0,""
3324.291,sender,af416b39-8b0b-4383-b8fd-ab44d75320e5,CONFIRM_DATA,ACK,972,1024,"unique file bytes acknowledged"
3324.293,sender,af416b39-8b0b-4383-b8fd-ab44d75320e5,RTT_SAMPLE,ACK,972,0,"77.118200"
3324.298,sender,af416b39-8b0b-4383-b8fd-ab44d75320e5,RECEIVE,ACK,966,36,""
3324.300,sender,af416b39-8b0b-4383-b8fd-ab44d75320e5,ACKNOWLEDGED,ACK,966,0,""
3324.302,sender,af416b39-8b0b-4383-b8fd-ab44d75320e5,CONFIRM_DATA,ACK,966,1024,"unique file bytes acknowledged"
3324.305,sender,af416b39-8b0b-4383-b8fd-ab44d75320e5,RTT_SAMPLE,ACK,966,0,"77.166100"
3339.026,sender,af416b39-8b0b-4383-b8fd-ab44d75320e5,EMIT,DATA,985,1060,""
3339.097,sender,af416b39-8b0b-4383-b8fd-ab44d75320e5,RECEIVE,ACK,969,36,""
3339.169,sender,af416b39-8b0b-4383-b8fd-ab44d75320e5,EMIT,DATA,986,1060,""
3339.173,sender,af416b39-8b0b-4383-b8fd-ab44d75320e5,ACKNOWLEDGED,ACK,969,0,""
3339.177,sender,af416b39-8b0b-4383-b8fd-ab44d75320e5,CONFIRM_DATA,ACK,969,1024,"unique file bytes acknowledged"
3339.180,sender,af416b39-8b0b-4383-b8fd-ab44d75320e5,EMIT,DATA,975,1060,""
3339.184,sender,af416b39-8b0b-4383-b8fd-ab44d75320e5,RTT_SAMPLE,ACK,969,0,"92.021000"
3339.189,sender,af416b39-8b0b-4383-b8fd-ab44d75320e5,EMIT,DATA,982,1060,""
3339.197,sender,af416b39-8b0b-4383-b8fd-ab44d75320e5,RECEIVE,ACK,973,36,""
3339.201,sender,af416b39-8b0b-4383-b8fd-ab44d75320e5,ACKNOWLEDGED,ACK,973,0,""
3339.205,sender,af416b39-8b0b-4383-b8fd-ab44d75320e5,EMIT,DATA,992,1060,""
3339.208,sender,af416b39-8b0b-4383-b8fd-ab44d75320e5,CONFIRM_DATA,ACK,973,1024,"unique file bytes acknowledged"
3339.212,sender,af416b39-8b0b-4383-b8fd-ab44d75320e5,RTT_SAMPLE,ACK,973,0,"92.015000"
3339.216,sender,af416b39-8b0b-4383-b8fd-ab44d75320e5,EMIT,DATA,988,1060,""
3339.219,sender,af416b39-8b0b-4383-b8fd-ab44d75320e5,RECEIVE,ACK,963,36,""
3339.223,sender,af416b39-8b0b-4383-b8fd-ab44d75320e5,ACKNOWLEDGED,ACK,963,0,""
3339.226,sender,af416b39-8b0b-4383-b8fd-ab44d75320e5,EMIT,DATA,980,1060,""
3339.229,sender,af416b39-8b0b-4383-b8fd-ab44d75320e5,CONFIRM_DATA,ACK,963,1024,"unique file bytes acknowledged"
3339.233,sender,af416b39-8b0b-4383-b8fd-ab44d75320e5,RTT_SAMPLE,ACK,963,0,"92.109800"
3339.236,sender,af416b39-8b0b-4383-b8fd-ab44d75320e5,EMIT,DATA,977,1060,""
3339.239,sender,af416b39-8b0b-4383-b8fd-ab44d75320e5,SEND,DATA,995,1060,""
3339.246,sender,af416b39-8b0b-4383-b8fd-ab44d75320e5,EMIT,DATA,991,1060,""
3339.248,sender,af416b39-8b0b-4383-b8fd-ab44d75320e5,RECEIVE,ACK,965,36,""
3339.251,sender,af416b39-8b0b-4383-b8fd-ab44d75320e5,ACKNOWLEDGED,ACK,965,0,""
3339.253,sender,af416b39-8b0b-4383-b8fd-ab44d75320e5,CONFIRM_DATA,ACK,965,1024,"unique file bytes acknowledged"
3339.256,sender,af416b39-8b0b-4383-b8fd-ab44d75320e5,RTT_SAMPLE,ACK,965,0,"92.120800"
3339.261,sender,af416b39-8b0b-4383-b8fd-ab44d75320e5,RECEIVE,ACK,964,36,""
3339.268,sender,af416b39-8b0b-4383-b8fd-ab44d75320e5,ACKNOWLEDGED,ACK,964,0,""
3339.270,sender,af416b39-8b0b-4383-b8fd-ab44d75320e5,CONFIRM_DATA,ACK,964,1024,"unique file bytes acknowledged"
3339.273,sender,af416b39-8b0b-4383-b8fd-ab44d75320e5,RTT_SAMPLE,ACK,964,0,"92.143600"
3339.276,sender,af416b39-8b0b-4383-b8fd-ab44d75320e5,SEND,DATA,996,1060,""
3339.279,sender,af416b39-8b0b-4383-b8fd-ab44d75320e5,SEND,DATA,997,1060,""
3339.282,sender,af416b39-8b0b-4383-b8fd-ab44d75320e5,SEND,DATA,998,1060,""
3339.285,sender,af416b39-8b0b-4383-b8fd-ab44d75320e5,SEND,DATA,999,1060,""
3339.290,sender,af416b39-8b0b-4383-b8fd-ab44d75320e5,RECEIVE,ACK,974,36,""
3339.292,sender,af416b39-8b0b-4383-b8fd-ab44d75320e5,ACKNOWLEDGED,ACK,974,0,""
3339.295,sender,af416b39-8b0b-4383-b8fd-ab44d75320e5,CONFIRM_DATA,ACK,974,1024,"unique file bytes acknowledged"
3339.298,sender,af416b39-8b0b-4383-b8fd-ab44d75320e5,RTT_SAMPLE,ACK,974,0,"92.078400"
3354.025,sender,af416b39-8b0b-4383-b8fd-ab44d75320e5,EMIT,DATA,979,1060,""
3354.061,sender,af416b39-8b0b-4383-b8fd-ab44d75320e5,EMIT,DATA,981,1060,""
3354.071,sender,af416b39-8b0b-4383-b8fd-ab44d75320e5,EMIT,DATA,990,1060,""
3354.080,sender,af416b39-8b0b-4383-b8fd-ab44d75320e5,EMIT,DATA,987,1060,""
3354.333,sender,af416b39-8b0b-4383-b8fd-ab44d75320e5,RECEIVE,ACK,968,36,""
3354.353,sender,af416b39-8b0b-4383-b8fd-ab44d75320e5,ACKNOWLEDGED,ACK,968,0,""
3354.356,sender,af416b39-8b0b-4383-b8fd-ab44d75320e5,CONFIRM_DATA,ACK,968,1024,"unique file bytes acknowledged"
3354.360,sender,af416b39-8b0b-4383-b8fd-ab44d75320e5,RTT_SAMPLE,ACK,968,0,"107.206600"
3354.364,sender,af416b39-8b0b-4383-b8fd-ab44d75320e5,SEND,DATA,1000,1060,""
3354.367,sender,af416b39-8b0b-4383-b8fd-ab44d75320e5,SEND,DATA,1001,1060,""
3354.370,sender,af416b39-8b0b-4383-b8fd-ab44d75320e5,SEND,DATA,1002,1060,""
3354.372,sender,af416b39-8b0b-4383-b8fd-ab44d75320e5,SEND,DATA,1003,1060,""
3354.374,sender,af416b39-8b0b-4383-b8fd-ab44d75320e5,SEND,DATA,1004,1060,""
3354.377,sender,af416b39-8b0b-4383-b8fd-ab44d75320e5,SEND,DATA,1005,1060,""
3354.379,sender,af416b39-8b0b-4383-b8fd-ab44d75320e5,SEND,DATA,1006,1060,""
3354.390,sender,af416b39-8b0b-4383-b8fd-ab44d75320e5,RECEIVE,ACK,978,36,""
3354.401,sender,af416b39-8b0b-4383-b8fd-ab44d75320e5,ACKNOWLEDGED,ACK,978,0,""
3354.403,sender,af416b39-8b0b-4383-b8fd-ab44d75320e5,CONFIRM_DATA,ACK,978,1024,"unique file bytes acknowledged"
3354.406,sender,af416b39-8b0b-4383-b8fd-ab44d75320e5,RTT_SAMPLE,ACK,978,0,"60.840000"
3369.822,sender,af416b39-8b0b-4383-b8fd-ab44d75320e5,EMIT,DATA,993,1060,""
3370.137,sender,af416b39-8b0b-4383-b8fd-ab44d75320e5,RECEIVE,ACK,984,36,""
3370.153,sender,af416b39-8b0b-4383-b8fd-ab44d75320e5,ACKNOWLEDGED,ACK,984,0,""
3370.157,sender,af416b39-8b0b-4383-b8fd-ab44d75320e5,CONFIRM_DATA,ACK,984,1024,"unique file bytes acknowledged"
3370.162,sender,af416b39-8b0b-4383-b8fd-ab44d75320e5,RTT_SAMPLE,ACK,984,0,"76.567100"
3370.171,sender,af416b39-8b0b-4383-b8fd-ab44d75320e5,RECEIVE,ACK,989,36,""
3370.174,sender,af416b39-8b0b-4383-b8fd-ab44d75320e5,ACKNOWLEDGED,ACK,989,0,""
3370.176,sender,af416b39-8b0b-4383-b8fd-ab44d75320e5,CONFIRM_DATA,ACK,989,1024,"unique file bytes acknowledged"
3370.180,sender,af416b39-8b0b-4383-b8fd-ab44d75320e5,RTT_SAMPLE,ACK,989,0,"76.558400"
3370.186,sender,af416b39-8b0b-4383-b8fd-ab44d75320e5,RECEIVE,ACK,983,36,""
3370.189,sender,af416b39-8b0b-4383-b8fd-ab44d75320e5,ACKNOWLEDGED,ACK,983,0,""
3370.193,sender,af416b39-8b0b-4383-b8fd-ab44d75320e5,CONFIRM_DATA,ACK,983,1024,"unique file bytes acknowledged"
3370.197,sender,af416b39-8b0b-4383-b8fd-ab44d75320e5,RTT_SAMPLE,ACK,983,0,"76.607500"
3385.696,sender,af416b39-8b0b-4383-b8fd-ab44d75320e5,EMIT,DATA,995,1060,""
3385.709,sender,af416b39-8b0b-4383-b8fd-ab44d75320e5,RECEIVE,ACK,980,36,""
3385.722,sender,af416b39-8b0b-4383-b8fd-ab44d75320e5,EMIT,DATA,994,1060,""
3385.726,sender,af416b39-8b0b-4383-b8fd-ab44d75320e5,ACKNOWLEDGED,ACK,980,0,""
3385.730,sender,af416b39-8b0b-4383-b8fd-ab44d75320e5,CONFIRM_DATA,ACK,980,1024,"unique file bytes acknowledged"
3385.735,sender,af416b39-8b0b-4383-b8fd-ab44d75320e5,EMIT,DATA,996,1060,""
3385.740,sender,af416b39-8b0b-4383-b8fd-ab44d75320e5,RTT_SAMPLE,ACK,980,0,"92.161400"
3385.745,sender,af416b39-8b0b-4383-b8fd-ab44d75320e5,EMIT,DATA,998,1060,""
3385.761,sender,af416b39-8b0b-4383-b8fd-ab44d75320e5,RECEIVE,ACK,976,36,""
3385.764,sender,af416b39-8b0b-4383-b8fd-ab44d75320e5,ACKNOWLEDGED,ACK,976,0,""
3385.803,sender,af416b39-8b0b-4383-b8fd-ab44d75320e5,CONFIRM_DATA,ACK,976,1024,"unique file bytes acknowledged"
3385.808,sender,af416b39-8b0b-4383-b8fd-ab44d75320e5,RTT_SAMPLE,ACK,976,0,"92.251000"
3385.826,sender,af416b39-8b0b-4383-b8fd-ab44d75320e5,RECEIVE,ACK,986,36,""
3385.828,sender,af416b39-8b0b-4383-b8fd-ab44d75320e5,ACKNOWLEDGED,ACK,986,0,""
3385.831,sender,af416b39-8b0b-4383-b8fd-ab44d75320e5,CONFIRM_DATA,ACK,986,1024,"unique file bytes acknowledged"
3385.835,sender,af416b39-8b0b-4383-b8fd-ab44d75320e5,RTT_SAMPLE,ACK,986,0,"92.232700"
3385.841,sender,af416b39-8b0b-4383-b8fd-ab44d75320e5,RECEIVE,ACK,977,36,""
3385.844,sender,af416b39-8b0b-4383-b8fd-ab44d75320e5,ACKNOWLEDGED,ACK,977,0,""
3385.847,sender,af416b39-8b0b-4383-b8fd-ab44d75320e5,CONFIRM_DATA,ACK,977,1024,"unique file bytes acknowledged"
3385.850,sender,af416b39-8b0b-4383-b8fd-ab44d75320e5,RTT_SAMPLE,ACK,977,0,"92.289000"
3385.857,sender,af416b39-8b0b-4383-b8fd-ab44d75320e5,RECEIVE,ACK,981,36,""
3385.860,sender,af416b39-8b0b-4383-b8fd-ab44d75320e5,ACKNOWLEDGED,ACK,981,0,""
3385.862,sender,af416b39-8b0b-4383-b8fd-ab44d75320e5,CONFIRM_DATA,ACK,981,1024,"unique file bytes acknowledged"
3385.866,sender,af416b39-8b0b-4383-b8fd-ab44d75320e5,RTT_SAMPLE,ACK,981,0,"92.287700"
3385.872,sender,af416b39-8b0b-4383-b8fd-ab44d75320e5,RECEIVE,ACK,985,36,""
3385.875,sender,af416b39-8b0b-4383-b8fd-ab44d75320e5,ACKNOWLEDGED,ACK,985,0,""
3385.878,sender,af416b39-8b0b-4383-b8fd-ab44d75320e5,CONFIRM_DATA,ACK,985,1024,"unique file bytes acknowledged"
3385.881,sender,af416b39-8b0b-4383-b8fd-ab44d75320e5,RTT_SAMPLE,ACK,985,0,"92.283500"
3385.887,sender,af416b39-8b0b-4383-b8fd-ab44d75320e5,RECEIVE,ACK,991,36,""
3385.891,sender,af416b39-8b0b-4383-b8fd-ab44d75320e5,ACKNOWLEDGED,ACK,991,0,""
3385.893,sender,af416b39-8b0b-4383-b8fd-ab44d75320e5,CONFIRM_DATA,ACK,991,1024,"unique file bytes acknowledged"
3385.901,sender,af416b39-8b0b-4383-b8fd-ab44d75320e5,RTT_SAMPLE,ACK,991,0,"92.267100"
3385.907,sender,af416b39-8b0b-4383-b8fd-ab44d75320e5,RECEIVE,ACK,982,36,""
3385.909,sender,af416b39-8b0b-4383-b8fd-ab44d75320e5,ACKNOWLEDGED,ACK,982,0,""
3385.912,sender,af416b39-8b0b-4383-b8fd-ab44d75320e5,CONFIRM_DATA,ACK,982,1024,"unique file bytes acknowledged"
3385.915,sender,af416b39-8b0b-4383-b8fd-ab44d75320e5,RTT_SAMPLE,ACK,982,0,"92.333100"
3386.156,sender,af416b39-8b0b-4383-b8fd-ab44d75320e5,EMIT,DATA,999,1060,""
3386.233,sender,af416b39-8b0b-4383-b8fd-ab44d75320e5,EMIT,DATA,997,1060,""
3386.248,sender,af416b39-8b0b-4383-b8fd-ab44d75320e5,EMIT,DATA,1003,1060,""
3401.372,sender,af416b39-8b0b-4383-b8fd-ab44d75320e5,EMIT,DATA,1005,1060,""
3401.402,sender,af416b39-8b0b-4383-b8fd-ab44d75320e5,EMIT,DATA,1004,1060,""
3401.411,sender,af416b39-8b0b-4383-b8fd-ab44d75320e5,EMIT,DATA,1006,1060,""
3401.419,sender,af416b39-8b0b-4383-b8fd-ab44d75320e5,EMIT,DATA,1000,1060,""
3401.434,sender,af416b39-8b0b-4383-b8fd-ab44d75320e5,EMIT,DATA,1001,1060,""
3401.442,sender,af416b39-8b0b-4383-b8fd-ab44d75320e5,EMIT,DATA,1002,1060,""
3401.854,sender,af416b39-8b0b-4383-b8fd-ab44d75320e5,RECEIVE,ACK,975,36,""
3401.866,sender,af416b39-8b0b-4383-b8fd-ab44d75320e5,ACKNOWLEDGED,ACK,975,0,""
3401.870,sender,af416b39-8b0b-4383-b8fd-ab44d75320e5,CONFIRM_DATA,ACK,975,1024,"unique file bytes acknowledged"
3401.877,sender,af416b39-8b0b-4383-b8fd-ab44d75320e5,RTT_SAMPLE,ACK,975,0,"108.332700"
3401.882,sender,af416b39-8b0b-4383-b8fd-ab44d75320e5,SEND,DATA,1007,1060,""
3401.891,sender,af416b39-8b0b-4383-b8fd-ab44d75320e5,SEND,DATA,1008,1060,""
3401.896,sender,af416b39-8b0b-4383-b8fd-ab44d75320e5,SEND,DATA,1009,1060,""
3401.901,sender,af416b39-8b0b-4383-b8fd-ab44d75320e5,SEND,DATA,1010,1060,""
3401.909,sender,af416b39-8b0b-4383-b8fd-ab44d75320e5,RECEIVE,ACK,992,36,""
3401.913,sender,af416b39-8b0b-4383-b8fd-ab44d75320e5,ACKNOWLEDGED,ACK,992,0,""
3401.916,sender,af416b39-8b0b-4383-b8fd-ab44d75320e5,CONFIRM_DATA,ACK,992,1024,"unique file bytes acknowledged"
3401.920,sender,af416b39-8b0b-4383-b8fd-ab44d75320e5,RTT_SAMPLE,ACK,992,0,"108.259900"
3401.928,sender,af416b39-8b0b-4383-b8fd-ab44d75320e5,RECEIVE,ACK,988,36,""
3401.931,sender,af416b39-8b0b-4383-b8fd-ab44d75320e5,ACKNOWLEDGED,ACK,988,0,""
3401.934,sender,af416b39-8b0b-4383-b8fd-ab44d75320e5,CONFIRM_DATA,ACK,988,1024,"unique file bytes acknowledged"
3401.938,sender,af416b39-8b0b-4383-b8fd-ab44d75320e5,RTT_SAMPLE,ACK,988,0,"108.327800"
3401.945,sender,af416b39-8b0b-4383-b8fd-ab44d75320e5,RECEIVE,ACK,987,36,""
3401.948,sender,af416b39-8b0b-4383-b8fd-ab44d75320e5,ACKNOWLEDGED,ACK,987,0,""
3401.951,sender,af416b39-8b0b-4383-b8fd-ab44d75320e5,CONFIRM_DATA,ACK,987,1024,"unique file bytes acknowledged"
3401.956,sender,af416b39-8b0b-4383-b8fd-ab44d75320e5,RTT_SAMPLE,ACK,987,0,"108.349500"
3401.963,sender,af416b39-8b0b-4383-b8fd-ab44d75320e5,RECEIVE,ACK,979,36,""
3401.966,sender,af416b39-8b0b-4383-b8fd-ab44d75320e5,ACKNOWLEDGED,ACK,979,0,""
3401.970,sender,af416b39-8b0b-4383-b8fd-ab44d75320e5,CONFIRM_DATA,ACK,979,1024,"unique file bytes acknowledged"
3401.974,sender,af416b39-8b0b-4383-b8fd-ab44d75320e5,RTT_SAMPLE,ACK,979,0,"108.403800"
3401.978,sender,af416b39-8b0b-4383-b8fd-ab44d75320e5,SEND,DATA,1011,1060,""
3401.982,sender,af416b39-8b0b-4383-b8fd-ab44d75320e5,SEND,DATA,1012,1060,""
3401.986,sender,af416b39-8b0b-4383-b8fd-ab44d75320e5,SEND,DATA,1013,1060,""
3401.990,sender,af416b39-8b0b-4383-b8fd-ab44d75320e5,SEND,DATA,1014,1060,""
3401.994,sender,af416b39-8b0b-4383-b8fd-ab44d75320e5,SEND,DATA,1015,1060,""
3401.998,sender,af416b39-8b0b-4383-b8fd-ab44d75320e5,SEND,DATA,1016,1060,""
3402.014,sender,af416b39-8b0b-4383-b8fd-ab44d75320e5,SEND,DATA,1017,1060,""
3402.018,sender,af416b39-8b0b-4383-b8fd-ab44d75320e5,SEND,DATA,1018,1060,""
3402.022,sender,af416b39-8b0b-4383-b8fd-ab44d75320e5,SEND,DATA,1019,1060,""
3402.026,sender,af416b39-8b0b-4383-b8fd-ab44d75320e5,SEND,DATA,1020,1060,""
3402.030,sender,af416b39-8b0b-4383-b8fd-ab44d75320e5,SEND,DATA,1021,1060,""
3416.849,sender,af416b39-8b0b-4383-b8fd-ab44d75320e5,RECEIVE,ACK,990,36,""
3416.868,sender,af416b39-8b0b-4383-b8fd-ab44d75320e5,ACKNOWLEDGED,ACK,990,0,""
3416.872,sender,af416b39-8b0b-4383-b8fd-ab44d75320e5,CONFIRM_DATA,ACK,990,1024,"unique file bytes acknowledged"
3416.877,sender,af416b39-8b0b-4383-b8fd-ab44d75320e5,RTT_SAMPLE,ACK,990,0,"123.250200"
3416.883,sender,af416b39-8b0b-4383-b8fd-ab44d75320e5,SEND,DATA,1022,1060,""
3416.888,sender,af416b39-8b0b-4383-b8fd-ab44d75320e5,SEND,DATA,1023,1060,""
3416.894,sender,af416b39-8b0b-4383-b8fd-ab44d75320e5,RECEIVE,ACK,993,36,""
3416.897,sender,af416b39-8b0b-4383-b8fd-ab44d75320e5,ACKNOWLEDGED,ACK,993,0,""
3416.900,sender,af416b39-8b0b-4383-b8fd-ab44d75320e5,CONFIRM_DATA,ACK,993,1024,"unique file bytes acknowledged"
3416.903,sender,af416b39-8b0b-4383-b8fd-ab44d75320e5,RTT_SAMPLE,ACK,993,0,"92.624800"
3416.910,sender,af416b39-8b0b-4383-b8fd-ab44d75320e5,RECEIVE,ACK,995,36,""
3416.914,sender,af416b39-8b0b-4383-b8fd-ab44d75320e5,ACKNOWLEDGED,ACK,995,0,""
3416.917,sender,af416b39-8b0b-4383-b8fd-ab44d75320e5,CONFIRM_DATA,ACK,995,1024,"unique file bytes acknowledged"
3416.920,sender,af416b39-8b0b-4383-b8fd-ab44d75320e5,RTT_SAMPLE,ACK,995,0,"77.683700"
3416.927,sender,af416b39-8b0b-4383-b8fd-ab44d75320e5,RECEIVE,ACK,999,36,""
3416.930,sender,af416b39-8b0b-4383-b8fd-ab44d75320e5,ACKNOWLEDGED,ACK,999,0,""
3416.932,sender,af416b39-8b0b-4383-b8fd-ab44d75320e5,CONFIRM_DATA,ACK,999,1024,"unique file bytes acknowledged"
3416.935,sender,af416b39-8b0b-4383-b8fd-ab44d75320e5,RTT_SAMPLE,ACK,999,0,"77.649900"
3432.163,sender,af416b39-8b0b-4383-b8fd-ab44d75320e5,EMIT,DATA,1020,1060,""
3432.214,sender,af416b39-8b0b-4383-b8fd-ab44d75320e5,EMIT,DATA,1011,1060,""
3432.229,sender,af416b39-8b0b-4383-b8fd-ab44d75320e5,EMIT,DATA,1017,1060,""
3432.239,sender,af416b39-8b0b-4383-b8fd-ab44d75320e5,EMIT,DATA,1019,1060,""
3432.248,sender,af416b39-8b0b-4383-b8fd-ab44d75320e5,EMIT,DATA,1012,1060,""
3432.256,sender,af416b39-8b0b-4383-b8fd-ab44d75320e5,RECEIVE,ACK,1003,36,""
3432.268,sender,af416b39-8b0b-4383-b8fd-ab44d75320e5,ACKNOWLEDGED,ACK,1003,0,""
3432.272,sender,af416b39-8b0b-4383-b8fd-ab44d75320e5,CONFIRM_DATA,ACK,1003,1024,"unique file bytes acknowledged"
3432.317,sender,af416b39-8b0b-4383-b8fd-ab44d75320e5,RTT_SAMPLE,ACK,1003,0,"77.942300"
3432.327,sender,af416b39-8b0b-4383-b8fd-ab44d75320e5,RECEIVE,ACK,1006,36,""
3432.334,sender,af416b39-8b0b-4383-b8fd-ab44d75320e5,ACKNOWLEDGED,ACK,1006,0,""
3432.337,sender,af416b39-8b0b-4383-b8fd-ab44d75320e5,CONFIRM_DATA,ACK,1006,1024,"unique file bytes acknowledged"
3432.341,sender,af416b39-8b0b-4383-b8fd-ab44d75320e5,RTT_SAMPLE,ACK,1006,0,"77.960800"
3432.346,sender,af416b39-8b0b-4383-b8fd-ab44d75320e5,RECEIVE,ACK,998,36,""
3432.349,sender,af416b39-8b0b-4383-b8fd-ab44d75320e5,ACKNOWLEDGED,ACK,998,0,""
3432.352,sender,af416b39-8b0b-4383-b8fd-ab44d75320e5,CONFIRM_DATA,ACK,998,1024,"unique file bytes acknowledged"
3432.355,sender,af416b39-8b0b-4383-b8fd-ab44d75320e5,RTT_SAMPLE,ACK,998,0,"93.072400"
3448.071,sender,af416b39-8b0b-4383-b8fd-ab44d75320e5,EMIT,DATA,1010,1060,""
3448.095,sender,af416b39-8b0b-4383-b8fd-ab44d75320e5,EMIT,DATA,1009,1060,""
3448.109,sender,af416b39-8b0b-4383-b8fd-ab44d75320e5,EMIT,DATA,1008,1060,""
3448.118,sender,af416b39-8b0b-4383-b8fd-ab44d75320e5,EMIT,DATA,1016,1060,""
3448.126,sender,af416b39-8b0b-4383-b8fd-ab44d75320e5,EMIT,DATA,1007,1060,""
3448.134,sender,af416b39-8b0b-4383-b8fd-ab44d75320e5,EMIT,DATA,1022,1060,""
3448.142,sender,af416b39-8b0b-4383-b8fd-ab44d75320e5,EMIT,DATA,1013,1060,""
3448.150,sender,af416b39-8b0b-4383-b8fd-ab44d75320e5,EMIT,DATA,1021,1060,""
3448.183,sender,af416b39-8b0b-4383-b8fd-ab44d75320e5,EMIT,DATA,1018,1060,""
3448.665,sender,af416b39-8b0b-4383-b8fd-ab44d75320e5,RECEIVE,ACK,996,36,""
3448.689,sender,af416b39-8b0b-4383-b8fd-ab44d75320e5,ACKNOWLEDGED,ACK,996,0,""
3448.699,sender,af416b39-8b0b-4383-b8fd-ab44d75320e5,CONFIRM_DATA,ACK,996,1024,"unique file bytes acknowledged"
3448.712,sender,af416b39-8b0b-4383-b8fd-ab44d75320e5,RTT_SAMPLE,ACK,996,0,"109.431200"
3448.739,sender,af416b39-8b0b-4383-b8fd-ab44d75320e5,RECEIVE,ACK,1002,36,""
3448.748,sender,af416b39-8b0b-4383-b8fd-ab44d75320e5,ACKNOWLEDGED,ACK,1002,0,""
3448.755,sender,af416b39-8b0b-4383-b8fd-ab44d75320e5,CONFIRM_DATA,ACK,1002,1024,"unique file bytes acknowledged"
3448.765,sender,af416b39-8b0b-4383-b8fd-ab44d75320e5,RTT_SAMPLE,ACK,1002,0,"94.392600"
3448.780,sender,af416b39-8b0b-4383-b8fd-ab44d75320e5,RECEIVE,ACK,994,36,""
3448.792,sender,af416b39-8b0b-4383-b8fd-ab44d75320e5,ACKNOWLEDGED,ACK,994,0,""
3448.800,sender,af416b39-8b0b-4383-b8fd-ab44d75320e5,CONFIRM_DATA,ACK,994,1024,"unique file bytes acknowledged"
3448.809,sender,af416b39-8b0b-4383-b8fd-ab44d75320e5,RTT_SAMPLE,ACK,994,0,"124.525300"
3448.826,sender,af416b39-8b0b-4383-b8fd-ab44d75320e5,RECEIVE,ACK,997,36,""
3448.834,sender,af416b39-8b0b-4383-b8fd-ab44d75320e5,ACKNOWLEDGED,ACK,997,0,""
3448.841,sender,af416b39-8b0b-4383-b8fd-ab44d75320e5,CONFIRM_DATA,ACK,997,1024,"unique file bytes acknowledged"
3448.854,sender,af416b39-8b0b-4383-b8fd-ab44d75320e5,RTT_SAMPLE,ACK,997,0,"109.572100"
3448.871,sender,af416b39-8b0b-4383-b8fd-ab44d75320e5,RECEIVE,ACK,1005,36,""
3448.878,sender,af416b39-8b0b-4383-b8fd-ab44d75320e5,ACKNOWLEDGED,ACK,1005,0,""
3448.885,sender,af416b39-8b0b-4383-b8fd-ab44d75320e5,CONFIRM_DATA,ACK,1005,1024,"unique file bytes acknowledged"
3448.894,sender,af416b39-8b0b-4383-b8fd-ab44d75320e5,RTT_SAMPLE,ACK,1005,0,"94.515000"
3448.909,sender,af416b39-8b0b-4383-b8fd-ab44d75320e5,RECEIVE,ACK,1001,36,""
3448.916,sender,af416b39-8b0b-4383-b8fd-ab44d75320e5,ACKNOWLEDGED,ACK,1001,0,""
3448.922,sender,af416b39-8b0b-4383-b8fd-ab44d75320e5,CONFIRM_DATA,ACK,1001,1024,"unique file bytes acknowledged"
3448.932,sender,af416b39-8b0b-4383-b8fd-ab44d75320e5,RTT_SAMPLE,ACK,1001,0,"94.562300"
3463.617,sender,af416b39-8b0b-4383-b8fd-ab44d75320e5,EMIT,DATA,1014,1060,""
3463.658,sender,af416b39-8b0b-4383-b8fd-ab44d75320e5,EMIT,DATA,1015,1060,""
3463.665,sender,af416b39-8b0b-4383-b8fd-ab44d75320e5,RECEIVE,ACK,1000,36,""
3463.673,sender,af416b39-8b0b-4383-b8fd-ab44d75320e5,ACKNOWLEDGED,ACK,1000,0,""
3463.676,sender,af416b39-8b0b-4383-b8fd-ab44d75320e5,CONFIRM_DATA,ACK,1000,1024,"unique file bytes acknowledged"
3463.682,sender,af416b39-8b0b-4383-b8fd-ab44d75320e5,RTT_SAMPLE,ACK,1000,0,"109.315400"
3463.694,sender,af416b39-8b0b-4383-b8fd-ab44d75320e5,RECEIVE,ACK,1004,36,""
3463.697,sender,af416b39-8b0b-4383-b8fd-ab44d75320e5,ACKNOWLEDGED,ACK,1004,0,""
3463.700,sender,af416b39-8b0b-4383-b8fd-ab44d75320e5,CONFIRM_DATA,ACK,1004,1024,"unique file bytes acknowledged"
3463.704,sender,af416b39-8b0b-4383-b8fd-ab44d75320e5,RTT_SAMPLE,ACK,1004,0,"109.328700"
3463.710,sender,af416b39-8b0b-4383-b8fd-ab44d75320e5,RECEIVE,ACK,1011,36,""
3463.714,sender,af416b39-8b0b-4383-b8fd-ab44d75320e5,EMIT,DATA,1023,1060,""
3463.725,sender,af416b39-8b0b-4383-b8fd-ab44d75320e5,ACKNOWLEDGED,ACK,1011,0,""
3463.728,sender,af416b39-8b0b-4383-b8fd-ab44d75320e5,CONFIRM_DATA,ACK,1011,1024,"unique file bytes acknowledged"
3463.731,sender,af416b39-8b0b-4383-b8fd-ab44d75320e5,RTT_SAMPLE,ACK,1011,0,"61.752700"
3463.738,sender,af416b39-8b0b-4383-b8fd-ab44d75320e5,RECEIVE,ACK,1019,36,""
3463.741,sender,af416b39-8b0b-4383-b8fd-ab44d75320e5,ACKNOWLEDGED,ACK,1019,0,""
3463.744,sender,af416b39-8b0b-4383-b8fd-ab44d75320e5,CONFIRM_DATA,ACK,1019,1024,"unique file bytes acknowledged"
3463.748,sender,af416b39-8b0b-4383-b8fd-ab44d75320e5,RTT_SAMPLE,ACK,1019,0,"61.725100"
3478.925,sender,af416b39-8b0b-4383-b8fd-ab44d75320e5,RECEIVE,ACK,1020,36,""
3478.935,sender,af416b39-8b0b-4383-b8fd-ab44d75320e5,ACKNOWLEDGED,ACK,1020,0,""
3478.939,sender,af416b39-8b0b-4383-b8fd-ab44d75320e5,CONFIRM_DATA,ACK,1020,1024,"unique file bytes acknowledged"
3478.944,sender,af416b39-8b0b-4383-b8fd-ab44d75320e5,RTT_SAMPLE,ACK,1020,0,"76.916800"
3478.963,sender,af416b39-8b0b-4383-b8fd-ab44d75320e5,RECEIVE,ACK,1012,36,""
3478.966,sender,af416b39-8b0b-4383-b8fd-ab44d75320e5,ACKNOWLEDGED,ACK,1012,0,""
3478.969,sender,af416b39-8b0b-4383-b8fd-ab44d75320e5,CONFIRM_DATA,ACK,1012,1024,"unique file bytes acknowledged"
3478.972,sender,af416b39-8b0b-4383-b8fd-ab44d75320e5,RTT_SAMPLE,ACK,1012,0,"76.989700"
3478.977,sender,af416b39-8b0b-4383-b8fd-ab44d75320e5,RECEIVE,ACK,1021,36,""
3478.980,sender,af416b39-8b0b-4383-b8fd-ab44d75320e5,ACKNOWLEDGED,ACK,1021,0,""
3478.982,sender,af416b39-8b0b-4383-b8fd-ab44d75320e5,CONFIRM_DATA,ACK,1021,1024,"unique file bytes acknowledged"
3478.985,sender,af416b39-8b0b-4383-b8fd-ab44d75320e5,RTT_SAMPLE,ACK,1021,0,"76.955100"
3494.750,sender,af416b39-8b0b-4383-b8fd-ab44d75320e5,RECEIVE,ACK,1013,36,""
3494.791,sender,af416b39-8b0b-4383-b8fd-ab44d75320e5,ACKNOWLEDGED,ACK,1013,0,""
3494.795,sender,af416b39-8b0b-4383-b8fd-ab44d75320e5,CONFIRM_DATA,ACK,1013,1024,"unique file bytes acknowledged"
3494.801,sender,af416b39-8b0b-4383-b8fd-ab44d75320e5,RTT_SAMPLE,ACK,1013,0,"92.812900"
3494.997,sender,af416b39-8b0b-4383-b8fd-ab44d75320e5,RECEIVE,ACK,1022,36,""
3495.002,sender,af416b39-8b0b-4383-b8fd-ab44d75320e5,ACKNOWLEDGED,ACK,1022,0,""
3495.005,sender,af416b39-8b0b-4383-b8fd-ab44d75320e5,CONFIRM_DATA,ACK,1022,1024,"unique file bytes acknowledged"
3495.010,sender,af416b39-8b0b-4383-b8fd-ab44d75320e5,RTT_SAMPLE,ACK,1022,0,"78.125900"
3495.122,sender,af416b39-8b0b-4383-b8fd-ab44d75320e5,RECEIVE,ACK,1017,36,""
3495.145,sender,af416b39-8b0b-4383-b8fd-ab44d75320e5,ACKNOWLEDGED,ACK,1017,0,""
3495.155,sender,af416b39-8b0b-4383-b8fd-ab44d75320e5,CONFIRM_DATA,ACK,1017,1024,"unique file bytes acknowledged"
3495.167,sender,af416b39-8b0b-4383-b8fd-ab44d75320e5,RTT_SAMPLE,ACK,1017,0,"93.149600"
3495.193,sender,af416b39-8b0b-4383-b8fd-ab44d75320e5,RECEIVE,ACK,1018,36,""
3495.201,sender,af416b39-8b0b-4383-b8fd-ab44d75320e5,ACKNOWLEDGED,ACK,1018,0,""
3495.208,sender,af416b39-8b0b-4383-b8fd-ab44d75320e5,CONFIRM_DATA,ACK,1018,1024,"unique file bytes acknowledged"
3495.218,sender,af416b39-8b0b-4383-b8fd-ab44d75320e5,RTT_SAMPLE,ACK,1018,0,"93.197700"
3495.233,sender,af416b39-8b0b-4383-b8fd-ab44d75320e5,RECEIVE,ACK,1010,36,""
3495.241,sender,af416b39-8b0b-4383-b8fd-ab44d75320e5,ACKNOWLEDGED,ACK,1010,0,""
3495.247,sender,af416b39-8b0b-4383-b8fd-ab44d75320e5,CONFIRM_DATA,ACK,1010,1024,"unique file bytes acknowledged"
3495.256,sender,af416b39-8b0b-4383-b8fd-ab44d75320e5,RTT_SAMPLE,ACK,1010,0,"93.354100"
3495.350,sender,af416b39-8b0b-4383-b8fd-ab44d75320e5,RECEIVE,ACK,1009,36,""
3495.360,sender,af416b39-8b0b-4383-b8fd-ab44d75320e5,ACKNOWLEDGED,ACK,1009,0,""
3495.367,sender,af416b39-8b0b-4383-b8fd-ab44d75320e5,CONFIRM_DATA,ACK,1009,1024,"unique file bytes acknowledged"
3495.377,sender,af416b39-8b0b-4383-b8fd-ab44d75320e5,RTT_SAMPLE,ACK,1009,0,"93.478800"
3495.394,sender,af416b39-8b0b-4383-b8fd-ab44d75320e5,RECEIVE,ACK,1007,36,""
3495.402,sender,af416b39-8b0b-4383-b8fd-ab44d75320e5,ACKNOWLEDGED,ACK,1007,0,""
3495.409,sender,af416b39-8b0b-4383-b8fd-ab44d75320e5,CONFIRM_DATA,ACK,1007,1024,"unique file bytes acknowledged"
3495.418,sender,af416b39-8b0b-4383-b8fd-ab44d75320e5,RTT_SAMPLE,ACK,1007,0,"93.534100"
3495.434,sender,af416b39-8b0b-4383-b8fd-ab44d75320e5,RECEIVE,ACK,1023,36,""
3495.456,sender,af416b39-8b0b-4383-b8fd-ab44d75320e5,ACKNOWLEDGED,ACK,1023,0,""
3495.463,sender,af416b39-8b0b-4383-b8fd-ab44d75320e5,CONFIRM_DATA,ACK,1023,1024,"unique file bytes acknowledged"
3495.473,sender,af416b39-8b0b-4383-b8fd-ab44d75320e5,RTT_SAMPLE,ACK,1023,0,"78.582800"
3511.323,sender,af416b39-8b0b-4383-b8fd-ab44d75320e5,RECEIVE,ACK,1008,36,""
3511.378,sender,af416b39-8b0b-4383-b8fd-ab44d75320e5,ACKNOWLEDGED,ACK,1008,0,""
3511.395,sender,af416b39-8b0b-4383-b8fd-ab44d75320e5,CONFIRM_DATA,ACK,1008,1024,"unique file bytes acknowledged"
3511.424,sender,af416b39-8b0b-4383-b8fd-ab44d75320e5,RTT_SAMPLE,ACK,1008,0,"109.525000"
3511.475,sender,af416b39-8b0b-4383-b8fd-ab44d75320e5,RECEIVE,ACK,1016,36,""
3511.479,sender,af416b39-8b0b-4383-b8fd-ab44d75320e5,ACKNOWLEDGED,ACK,1016,0,""
3511.483,sender,af416b39-8b0b-4383-b8fd-ab44d75320e5,CONFIRM_DATA,ACK,1016,1024,"unique file bytes acknowledged"
3511.489,sender,af416b39-8b0b-4383-b8fd-ab44d75320e5,RTT_SAMPLE,ACK,1016,0,"109.489800"
3511.497,sender,af416b39-8b0b-4383-b8fd-ab44d75320e5,RECEIVE,ACK,1015,36,""
3511.501,sender,af416b39-8b0b-4383-b8fd-ab44d75320e5,ACKNOWLEDGED,ACK,1015,0,""
3511.505,sender,af416b39-8b0b-4383-b8fd-ab44d75320e5,CONFIRM_DATA,ACK,1015,1024,"unique file bytes acknowledged"
3511.510,sender,af416b39-8b0b-4383-b8fd-ab44d75320e5,RTT_SAMPLE,ACK,1015,0,"109.515200"
3511.518,sender,af416b39-8b0b-4383-b8fd-ab44d75320e5,RECEIVE,ACK,1014,36,""
3511.522,sender,af416b39-8b0b-4383-b8fd-ab44d75320e5,ACKNOWLEDGED,ACK,1014,0,""
3511.526,sender,af416b39-8b0b-4383-b8fd-ab44d75320e5,CONFIRM_DATA,ACK,1014,1024,"unique file bytes acknowledged"
3511.554,sender,af416b39-8b0b-4383-b8fd-ab44d75320e5,RTT_SAMPLE,ACK,1014,0,"109.563400"
3516.565,sender,af416b39-8b0b-4383-b8fd-ab44d75320e5,SEND,FIN,-1,68,""
3557.695,sender,af416b39-8b0b-4383-b8fd-ab44d75320e5,EMIT,FIN,-1,68,""
3620.835,sender,af416b39-8b0b-4383-b8fd-ab44d75320e5,RECEIVE,DONE,-1,68,""
3620.845,sender,af416b39-8b0b-4383-b8fd-ab44d75320e5,ACKNOWLEDGED,DONE,-1,0,""
3624.397,sender,,STATE,UNKNOWN,-1,0,"COMPLETED"
