elapsed_ms,role,transfer_id,event,type,sequence,bytes,detail
55.128,receiver,c6a331da-9a81-4072-a4e4-ab95fca774e7,RECEIVE,START,-1,103,""
55.883,receiver,c6a331da-9a81-4072-a4e4-ab95fca774e7,START_ACCEPTED,START,-1,0,"negotiated chunk=1024"
55.898,receiver,c6a331da-9a81-4072-a4e4-ab95fca774e7,SEND,READY,-1,40,""
101.211,receiver,c6a331da-9a81-4072-a4e4-ab95fca774e7,EMIT,READY,-1,40,""
132.123,receiver,c6a331da-9a81-4072-a4e4-ab95fca774e7,RECEIVE,DATA,22,1060,""
132.142,receiver,c6a331da-9a81-4072-a4e4-ab95fca774e7,OUT_OF_ORDER,DATA,22,0,"arrived before missing sequence=0"
132.147,receiver,c6a331da-9a81-4072-a4e4-ab95fca774e7,ACCEPT_DATA,DATA,22,1024,"unique file bytes received"
132.151,receiver,c6a331da-9a81-4072-a4e4-ab95fca774e7,SEND,ACK,22,36,""
132.185,receiver,c6a331da-9a81-4072-a4e4-ab95fca774e7,RECEIVE,DATA,55,1060,""
132.190,receiver,c6a331da-9a81-4072-a4e4-ab95fca774e7,OUT_OF_ORDER,DATA,55,0,"arrived before missing sequence=0"
132.193,receiver,c6a331da-9a81-4072-a4e4-ab95fca774e7,ACCEPT_DATA,DATA,55,1024,"unique file bytes received"
132.196,receiver,c6a331da-9a81-4072-a4e4-ab95fca774e7,SEND,ACK,55,36,""
132.204,receiver,c6a331da-9a81-4072-a4e4-ab95fca774e7,RECEIVE,DATA,12,1060,""
132.207,receiver,c6a331da-9a81-4072-a4e4-ab95fca774e7,OUT_OF_ORDER,DATA,12,0,"arrived before missing sequence=0"
132.210,receiver,c6a331da-9a81-4072-a4e4-ab95fca774e7,ACCEPT_DATA,DATA,12,1024,"unique file bytes received"
132.213,receiver,c6a331da-9a81-4072-a4e4-ab95fca774e7,SEND,ACK,12,36,""
132.220,receiver,c6a331da-9a81-4072-a4e4-ab95fca774e7,RECEIVE,DATA,8,1060,""
132.223,receiver,c6a331da-9a81-4072-a4e4-ab95fca774e7,OUT_OF_ORDER,DATA,8,0,"arrived before missing sequence=0"
132.227,receiver,c6a331da-9a81-4072-a4e4-ab95fca774e7,ACCEPT_DATA,DATA,8,1024,"unique file bytes received"
132.230,receiver,c6a331da-9a81-4072-a4e4-ab95fca774e7,SEND,ACK,8,36,""
132.237,receiver,c6a331da-9a81-4072-a4e4-ab95fca774e7,RECEIVE,DATA,9,1060,""
132.241,receiver,c6a331da-9a81-4072-a4e4-ab95fca774e7,OUT_OF_ORDER,DATA,9,0,"arrived before missing sequence=0"
132.244,receiver,c6a331da-9a81-4072-a4e4-ab95fca774e7,ACCEPT_DATA,DATA,9,1024,"unique file bytes received"
132.247,receiver,c6a331da-9a81-4072-a4e4-ab95fca774e7,SEND,ACK,9,36,""
132.255,receiver,c6a331da-9a81-4072-a4e4-ab95fca774e7,RECEIVE,DATA,32,1060,""
132.262,receiver,c6a331da-9a81-4072-a4e4-ab95fca774e7,OUT_OF_ORDER,DATA,32,0,"arrived before missing sequence=0"
132.265,receiver,c6a331da-9a81-4072-a4e4-ab95fca774e7,ACCEPT_DATA,DATA,32,1024,"unique file bytes received"
132.268,receiver,c6a331da-9a81-4072-a4e4-ab95fca774e7,SEND,ACK,32,36,""
132.275,receiver,c6a331da-9a81-4072-a4e4-ab95fca774e7,RECEIVE,DATA,43,1060,""
132.279,receiver,c6a331da-9a81-4072-a4e4-ab95fca774e7,OUT_OF_ORDER,DATA,43,0,"arrived before missing sequence=0"
132.282,receiver,c6a331da-9a81-4072-a4e4-ab95fca774e7,ACCEPT_DATA,DATA,43,1024,"unique file bytes received"
132.285,receiver,c6a331da-9a81-4072-a4e4-ab95fca774e7,SEND,ACK,43,36,""
132.292,receiver,c6a331da-9a81-4072-a4e4-ab95fca774e7,RECEIVE,DATA,49,1060,""
132.295,receiver,c6a331da-9a81-4072-a4e4-ab95fca774e7,OUT_OF_ORDER,DATA,49,0,"arrived before missing sequence=0"
132.299,receiver,c6a331da-9a81-4072-a4e4-ab95fca774e7,ACCEPT_DATA,DATA,49,1024,"unique file bytes received"
132.302,receiver,c6a331da-9a81-4072-a4e4-ab95fca774e7,SEND,ACK,49,36,""
132.308,receiver,c6a331da-9a81-4072-a4e4-ab95fca774e7,RECEIVE,DATA,26,1060,""
132.312,receiver,c6a331da-9a81-4072-a4e4-ab95fca774e7,OUT_OF_ORDER,DATA,26,0,"arrived before missing sequence=0"
132.315,receiver,c6a331da-9a81-4072-a4e4-ab95fca774e7,ACCEPT_DATA,DATA,26,1024,"unique file bytes received"
132.318,receiver,c6a331da-9a81-4072-a4e4-ab95fca774e7,SEND,ACK,26,36,""
132.325,receiver,c6a331da-9a81-4072-a4e4-ab95fca774e7,RECEIVE,DATA,3,1060,""
132.328,receiver,c6a331da-9a81-4072-a4e4-ab95fca774e7,OUT_OF_ORDER,DATA,3,0,"arrived before missing sequence=0"
132.331,receiver,c6a331da-9a81-4072-a4e4-ab95fca774e7,ACCEPT_DATA,DATA,3,1024,"unique file bytes received"
132.335,receiver,c6a331da-9a81-4072-a4e4-ab95fca774e7,SEND,ACK,3,36,""
132.341,receiver,c6a331da-9a81-4072-a4e4-ab95fca774e7,RECEIVE,DATA,31,1060,""
132.344,receiver,c6a331da-9a81-4072-a4e4-ab95fca774e7,OUT_OF_ORDER,DATA,31,0,"arrived before missing sequence=0"
132.348,receiver,c6a331da-9a81-4072-a4e4-ab95fca774e7,ACCEPT_DATA,DATA,31,1024,"unique file bytes received"
132.351,receiver,c6a331da-9a81-4072-a4e4-ab95fca774e7,SEND,ACK,31,36,""
132.357,receiver,c6a331da-9a81-4072-a4e4-ab95fca774e7,RECEIVE,DATA,36,1060,""
132.361,receiver,c6a331da-9a81-4072-a4e4-ab95fca774e7,OUT_OF_ORDER,DATA,36,0,"arrived before missing sequence=0"
132.364,receiver,c6a331da-9a81-4072-a4e4-ab95fca774e7,ACCEPT_DATA,DATA,36,1024,"unique file bytes received"
132.367,receiver,c6a331da-9a81-4072-a4e4-ab95fca774e7,SEND,ACK,36,36,""
132.397,receiver,c6a331da-9a81-4072-a4e4-ab95fca774e7,RECEIVE,DATA,23,1060,""
132.400,receiver,c6a331da-9a81-4072-a4e4-ab95fca774e7,OUT_OF_ORDER,DATA,23,0,"arrived before missing sequence=0"
132.404,receiver,c6a331da-9a81-4072-a4e4-ab95fca774e7,ACCEPT_DATA,DATA,23,1024,"unique file bytes received"
132.407,receiver,c6a331da-9a81-4072-a4e4-ab95fca774e7,SEND,ACK,23,36,""
132.413,receiver,c6a331da-9a81-4072-a4e4-ab95fca774e7,RECEIVE,DATA,30,1060,""
132.417,receiver,c6a331da-9a81-4072-a4e4-ab95fca774e7,OUT_OF_ORDER,DATA,30,0,"arrived before missing sequence=0"
132.420,receiver,c6a331da-9a81-4072-a4e4-ab95fca774e7,ACCEPT_DATA,DATA,30,1024,"unique file bytes received"
132.423,receiver,c6a331da-9a81-4072-a4e4-ab95fca774e7,SEND,ACK,30,36,""
132.429,receiver,c6a331da-9a81-4072-a4e4-ab95fca774e7,RECEIVE,DATA,35,1060,""
132.433,receiver,c6a331da-9a81-4072-a4e4-ab95fca774e7,OUT_OF_ORDER,DATA,35,0,"arrived before missing sequence=0"
132.436,receiver,c6a331da-9a81-4072-a4e4-ab95fca774e7,ACCEPT_DATA,DATA,35,1024,"unique file bytes received"
132.439,receiver,c6a331da-9a81-4072-a4e4-ab95fca774e7,SEND,ACK,35,36,""
132.445,receiver,c6a331da-9a81-4072-a4e4-ab95fca774e7,RECEIVE,DATA,44,1060,""
132.449,receiver,c6a331da-9a81-4072-a4e4-ab95fca774e7,OUT_OF_ORDER,DATA,44,0,"arrived before missing sequence=0"
132.452,receiver,c6a331da-9a81-4072-a4e4-ab95fca774e7,ACCEPT_DATA,DATA,44,1024,"unique file bytes received"
132.455,receiver,c6a331da-9a81-4072-a4e4-ab95fca774e7,SEND,ACK,44,36,""
132.462,receiver,c6a331da-9a81-4072-a4e4-ab95fca774e7,RECEIVE,DATA,48,1060,""
132.465,receiver,c6a331da-9a81-4072-a4e4-ab95fca774e7,OUT_OF_ORDER,DATA,48,0,"arrived before missing sequence=0"
132.468,receiver,c6a331da-9a81-4072-a4e4-ab95fca774e7,ACCEPT_DATA,DATA,48,1024,"unique file bytes received"
132.471,receiver,c6a331da-9a81-4072-a4e4-ab95fca774e7,SEND,ACK,48,36,""
132.480,receiver,c6a331da-9a81-4072-a4e4-ab95fca774e7,RECEIVE,DATA,61,1060,""
132.484,receiver,c6a331da-9a81-4072-a4e4-ab95fca774e7,OUT_OF_ORDER,DATA,61,0,"arrived before missing sequence=0"
132.491,receiver,c6a331da-9a81-4072-a4e4-ab95fca774e7,ACCEPT_DATA,DATA,61,1024,"unique file bytes received"
132.495,receiver,c6a331da-9a81-4072-a4e4-ab95fca774e7,SEND,ACK,61,36,""
147.345,receiver,c6a331da-9a81-4072-a4e4-ab95fca774e7,RECEIVE,DATA,13,1060,""
147.369,receiver,c6a331da-9a81-4072-a4e4-ab95fca774e7,OUT_OF_ORDER,DATA,13,0,"arrived before missing sequence=0"
147.375,receiver,c6a331da-9a81-4072-a4e4-ab95fca774e7,ACCEPT_DATA,DATA,13,1024,"unique file bytes received"
147.380,receiver,c6a331da-9a81-4072-a4e4-ab95fca774e7,SEND,ACK,13,36,""
147.403,receiver,c6a331da-9a81-4072-a4e4-ab95fca774e7,RECEIVE,DATA,33,1060,""
147.408,receiver,c6a331da-9a81-4072-a4e4-ab95fca774e7,OUT_OF_ORDER,DATA,33,0,"arrived before missing sequence=0"
147.412,receiver,c6a331da-9a81-4072-a4e4-ab95fca774e7,ACCEPT_DATA,DATA,33,1024,"unique file bytes received"
147.416,receiver,c6a331da-9a81-4072-a4e4-ab95fca774e7,SEND,ACK,33,36,""
147.425,receiver,c6a331da-9a81-4072-a4e4-ab95fca774e7,RECEIVE,DATA,37,1060,""
147.430,receiver,c6a331da-9a81-4072-a4e4-ab95fca774e7,OUT_OF_ORDER,DATA,37,0,"arrived before missing sequence=0"
147.434,receiver,c6a331da-9a81-4072-a4e4-ab95fca774e7,ACCEPT_DATA,DATA,37,1024,"unique file bytes received"
147.437,receiver,c6a331da-9a81-4072-a4e4-ab95fca774e7,SEND,ACK,37,36,""
147.454,receiver,c6a331da-9a81-4072-a4e4-ab95fca774e7,RECEIVE,DATA,4,1060,""
147.458,receiver,c6a331da-9a81-4072-a4e4-ab95fca774e7,OUT_OF_ORDER,DATA,4,0,"arrived before missing sequence=0"
147.462,receiver,c6a331da-9a81-4072-a4e4-ab95fca774e7,ACCEPT_DATA,DATA,4,1024,"unique file bytes received"
147.466,receiver,c6a331da-9a81-4072-a4e4-ab95fca774e7,SEND,ACK,4,36,""
147.475,receiver,c6a331da-9a81-4072-a4e4-ab95fca774e7,RECEIVE,DATA,58,1060,""
147.479,receiver,c6a331da-9a81-4072-a4e4-ab95fca774e7,OUT_OF_ORDER,DATA,58,0,"arrived before missing sequence=0"
147.483,receiver,c6a331da-9a81-4072-a4e4-ab95fca774e7,ACCEPT_DATA,DATA,58,1024,"unique file bytes received"
147.487,receiver,c6a331da-9a81-4072-a4e4-ab95fca774e7,SEND,ACK,58,36,""
147.495,receiver,c6a331da-9a81-4072-a4e4-ab95fca774e7,RECEIVE,DATA,5,1060,""
147.500,receiver,c6a331da-9a81-4072-a4e4-ab95fca774e7,OUT_OF_ORDER,DATA,5,0,"arrived before missing sequence=0"
147.504,receiver,c6a331da-9a81-4072-a4e4-ab95fca774e7,ACCEPT_DATA,DATA,5,1024,"unique file bytes received"
147.508,receiver,c6a331da-9a81-4072-a4e4-ab95fca774e7,SEND,ACK,5,36,""
147.543,receiver,c6a331da-9a81-4072-a4e4-ab95fca774e7,RECEIVE,DATA,52,1060,""
147.547,receiver,c6a331da-9a81-4072-a4e4-ab95fca774e7,OUT_OF_ORDER,DATA,52,0,"arrived before missing sequence=0"
147.551,receiver,c6a331da-9a81-4072-a4e4-ab95fca774e7,ACCEPT_DATA,DATA,52,1024,"unique file bytes received"
147.555,receiver,c6a331da-9a81-4072-a4e4-ab95fca774e7,SEND,ACK,52,36,""
147.566,receiver,c6a331da-9a81-4072-a4e4-ab95fca774e7,RECEIVE,DATA,17,1060,""
147.570,receiver,c6a331da-9a81-4072-a4e4-ab95fca774e7,OUT_OF_ORDER,DATA,17,0,"arrived before missing sequence=0"
147.574,receiver,c6a331da-9a81-4072-a4e4-ab95fca774e7,ACCEPT_DATA,DATA,17,1024,"unique file bytes received"
147.578,receiver,c6a331da-9a81-4072-a4e4-ab95fca774e7,SEND,ACK,17,36,""
147.586,receiver,c6a331da-9a81-4072-a4e4-ab95fca774e7,RECEIVE,DATA,27,1060,""
147.591,receiver,c6a331da-9a81-4072-a4e4-ab95fca774e7,OUT_OF_ORDER,DATA,27,0,"arrived before missing sequence=0"
147.595,receiver,c6a331da-9a81-4072-a4e4-ab95fca774e7,ACCEPT_DATA,DATA,27,1024,"unique file bytes received"
147.598,receiver,c6a331da-9a81-4072-a4e4-ab95fca774e7,SEND,ACK,27,36,""
147.607,receiver,c6a331da-9a81-4072-a4e4-ab95fca774e7,RECEIVE,DATA,38,1060,""
147.612,receiver,c6a331da-9a81-4072-a4e4-ab95fca774e7,OUT_OF_ORDER,DATA,38,0,"arrived before missing sequence=0"
147.616,receiver,c6a331da-9a81-4072-a4e4-ab95fca774e7,ACCEPT_DATA,DATA,38,1024,"unique file bytes received"
147.620,receiver,c6a331da-9a81-4072-a4e4-ab95fca774e7,SEND,ACK,38,36,""
147.629,receiver,c6a331da-9a81-4072-a4e4-ab95fca774e7,RECEIVE,DATA,50,1060,""
147.634,receiver,c6a331da-9a81-4072-a4e4-ab95fca774e7,OUT_OF_ORDER,DATA,50,0,"arrived before missing sequence=0"
147.638,receiver,c6a331da-9a81-4072-a4e4-ab95fca774e7,ACCEPT_DATA,DATA,50,1024,"unique file bytes received"
147.641,receiver,c6a331da-9a81-4072-a4e4-ab95fca774e7,SEND,ACK,50,36,""
147.650,receiver,c6a331da-9a81-4072-a4e4-ab95fca774e7,RECEIVE,DATA,59,1060,""
147.654,receiver,c6a331da-9a81-4072-a4e4-ab95fca774e7,OUT_OF_ORDER,DATA,59,0,"arrived before missing sequence=0"
147.658,receiver,c6a331da-9a81-4072-a4e4-ab95fca774e7,ACCEPT_DATA,DATA,59,1024,"unique file bytes received"
147.662,receiver,c6a331da-9a81-4072-a4e4-ab95fca774e7,SEND,ACK,59,36,""
147.670,receiver,c6a331da-9a81-4072-a4e4-ab95fca774e7,RECEIVE,DATA,20,1060,""
147.675,receiver,c6a331da-9a81-4072-a4e4-ab95fca774e7,OUT_OF_ORDER,DATA,20,0,"arrived before missing sequence=0"
147.679,receiver,c6a331da-9a81-4072-a4e4-ab95fca774e7,ACCEPT_DATA,DATA,20,1024,"unique file bytes received"
147.686,receiver,c6a331da-9a81-4072-a4e4-ab95fca774e7,SEND,ACK,20,36,""
147.695,receiver,c6a331da-9a81-4072-a4e4-ab95fca774e7,RECEIVE,DATA,28,1060,""
147.700,receiver,c6a331da-9a81-4072-a4e4-ab95fca774e7,OUT_OF_ORDER,DATA,28,0,"arrived before missing sequence=0"
147.703,receiver,c6a331da-9a81-4072-a4e4-ab95fca774e7,ACCEPT_DATA,DATA,28,1024,"unique file bytes received"
147.707,receiver,c6a331da-9a81-4072-a4e4-ab95fca774e7,SEND,ACK,28,36,""
147.716,receiver,c6a331da-9a81-4072-a4e4-ab95fca774e7,RECEIVE,DATA,41,1060,""
147.721,receiver,c6a331da-9a81-4072-a4e4-ab95fca774e7,OUT_OF_ORDER,DATA,41,0,"arrived before missing sequence=0"
147.725,receiver,c6a331da-9a81-4072-a4e4-ab95fca774e7,ACCEPT_DATA,DATA,41,1024,"unique file bytes received"
147.729,receiver,c6a331da-9a81-4072-a4e4-ab95fca774e7,SEND,ACK,41,36,""
147.737,receiver,c6a331da-9a81-4072-a4e4-ab95fca774e7,RECEIVE,DATA,1,1060,""
147.742,receiver,c6a331da-9a81-4072-a4e4-ab95fca774e7,OUT_OF_ORDER,DATA,1,0,"arrived before missing sequence=0"
147.746,receiver,c6a331da-9a81-4072-a4e4-ab95fca774e7,ACCEPT_DATA,DATA,1,1024,"unique file bytes received"
147.750,receiver,c6a331da-9a81-4072-a4e4-ab95fca774e7,SEND,ACK,1,36,""
147.763,receiver,c6a331da-9a81-4072-a4e4-ab95fca774e7,RECEIVE,DATA,6,1060,""
147.768,receiver,c6a331da-9a81-4072-a4e4-ab95fca774e7,OUT_OF_ORDER,DATA,6,0,"arrived before missing sequence=0"
147.771,receiver,c6a331da-9a81-4072-a4e4-ab95fca774e7,ACCEPT_DATA,DATA,6,1024,"unique file bytes received"
147.775,receiver,c6a331da-9a81-4072-a4e4-ab95fca774e7,SEND,ACK,6,36,""
147.784,receiver,c6a331da-9a81-4072-a4e4-ab95fca774e7,RECEIVE,DATA,24,1060,""
147.788,receiver,c6a331da-9a81-4072-a4e4-ab95fca774e7,OUT_OF_ORDER,DATA,24,0,"arrived before missing sequence=0"
147.792,receiver,c6a331da-9a81-4072-a4e4-ab95fca774e7,ACCEPT_DATA,DATA,24,1024,"unique file bytes received"
147.796,receiver,c6a331da-9a81-4072-a4e4-ab95fca774e7,SEND,ACK,24,36,""
147.805,receiver,c6a331da-9a81-4072-a4e4-ab95fca774e7,RECEIVE,DATA,47,1060,""
147.817,receiver,c6a331da-9a81-4072-a4e4-ab95fca774e7,OUT_OF_ORDER,DATA,47,0,"arrived before missing sequence=0"
147.821,receiver,c6a331da-9a81-4072-a4e4-ab95fca774e7,ACCEPT_DATA,DATA,47,1024,"unique file bytes received"
147.825,receiver,c6a331da-9a81-4072-a4e4-ab95fca774e7,SEND,ACK,47,36,""
147.834,receiver,c6a331da-9a81-4072-a4e4-ab95fca774e7,RECEIVE,DATA,54,1060,""
147.839,receiver,c6a331da-9a81-4072-a4e4-ab95fca774e7,OUT_OF_ORDER,DATA,54,0,"arrived before missing sequence=0"
147.843,receiver,c6a331da-9a81-4072-a4e4-ab95fca774e7,ACCEPT_DATA,DATA,54,1024,"unique file bytes received"
147.847,receiver,c6a331da-9a81-4072-a4e4-ab95fca774e7,SEND,ACK,54,36,""
147.855,receiver,c6a331da-9a81-4072-a4e4-ab95fca774e7,RECEIVE,DATA,11,1060,""
147.860,receiver,c6a331da-9a81-4072-a4e4-ab95fca774e7,OUT_OF_ORDER,DATA,11,0,"arrived before missing sequence=0"
147.864,receiver,c6a331da-9a81-4072-a4e4-ab95fca774e7,ACCEPT_DATA,DATA,11,1024,"unique file bytes received"
147.868,receiver,c6a331da-9a81-4072-a4e4-ab95fca774e7,SEND,ACK,11,36,""
147.876,receiver,c6a331da-9a81-4072-a4e4-ab95fca774e7,RECEIVE,DATA,16,1060,""
147.881,receiver,c6a331da-9a81-4072-a4e4-ab95fca774e7,OUT_OF_ORDER,DATA,16,0,"arrived before missing sequence=0"
147.885,receiver,c6a331da-9a81-4072-a4e4-ab95fca774e7,ACCEPT_DATA,DATA,16,1024,"unique file bytes received"
147.889,receiver,c6a331da-9a81-4072-a4e4-ab95fca774e7,SEND,ACK,16,36,""
147.897,receiver,c6a331da-9a81-4072-a4e4-ab95fca774e7,RECEIVE,DATA,46,1060,""
147.902,receiver,c6a331da-9a81-4072-a4e4-ab95fca774e7,OUT_OF_ORDER,DATA,46,0,"arrived before missing sequence=0"
147.906,receiver,c6a331da-9a81-4072-a4e4-ab95fca774e7,ACCEPT_DATA,DATA,46,1024,"unique file bytes received"
147.910,receiver,c6a331da-9a81-4072-a4e4-ab95fca774e7,SEND,ACK,46,36,""
147.918,receiver,c6a331da-9a81-4072-a4e4-ab95fca774e7,RECEIVE,DATA,14,1060,""
147.923,receiver,c6a331da-9a81-4072-a4e4-ab95fca774e7,OUT_OF_ORDER,DATA,14,0,"arrived before missing sequence=0"
147.927,receiver,c6a331da-9a81-4072-a4e4-ab95fca774e7,ACCEPT_DATA,DATA,14,1024,"unique file bytes received"
147.931,receiver,c6a331da-9a81-4072-a4e4-ab95fca774e7,SEND,ACK,14,36,""
147.939,receiver,c6a331da-9a81-4072-a4e4-ab95fca774e7,RECEIVE,DATA,18,1060,""
147.943,receiver,c6a331da-9a81-4072-a4e4-ab95fca774e7,OUT_OF_ORDER,DATA,18,0,"arrived before missing sequence=0"
147.949,receiver,c6a331da-9a81-4072-a4e4-ab95fca774e7,ACCEPT_DATA,DATA,18,1024,"unique file bytes received"
148.836,receiver,c6a331da-9a81-4072-a4e4-ab95fca774e7,SEND,ACK,18,36,""
148.892,receiver,c6a331da-9a81-4072-a4e4-ab95fca774e7,RECEIVE,DATA,51,1060,""
148.902,receiver,c6a331da-9a81-4072-a4e4-ab95fca774e7,OUT_OF_ORDER,DATA,51,0,"arrived before missing sequence=0"
148.907,receiver,c6a331da-9a81-4072-a4e4-ab95fca774e7,ACCEPT_DATA,DATA,51,1024,"unique file bytes received"
148.912,receiver,c6a331da-9a81-4072-a4e4-ab95fca774e7,SEND,ACK,51,36,""
148.922,receiver,c6a331da-9a81-4072-a4e4-ab95fca774e7,RECEIVE,DATA,53,1060,""
148.927,receiver,c6a331da-9a81-4072-a4e4-ab95fca774e7,OUT_OF_ORDER,DATA,53,0,"arrived before missing sequence=0"
148.931,receiver,c6a331da-9a81-4072-a4e4-ab95fca774e7,ACCEPT_DATA,DATA,53,1024,"unique file bytes received"
148.935,receiver,c6a331da-9a81-4072-a4e4-ab95fca774e7,SEND,ACK,53,36,""
148.943,receiver,c6a331da-9a81-4072-a4e4-ab95fca774e7,RECEIVE,DATA,40,1060,""
148.948,receiver,c6a331da-9a81-4072-a4e4-ab95fca774e7,OUT_OF_ORDER,DATA,40,0,"arrived before missing sequence=0"
148.952,receiver,c6a331da-9a81-4072-a4e4-ab95fca774e7,ACCEPT_DATA,DATA,40,1024,"unique file bytes received"
148.956,receiver,c6a331da-9a81-4072-a4e4-ab95fca774e7,SEND,ACK,40,36,""
148.964,receiver,c6a331da-9a81-4072-a4e4-ab95fca774e7,RECEIVE,DATA,42,1060,""
148.968,receiver,c6a331da-9a81-4072-a4e4-ab95fca774e7,OUT_OF_ORDER,DATA,42,0,"arrived before missing sequence=0"
148.972,receiver,c6a331da-9a81-4072-a4e4-ab95fca774e7,ACCEPT_DATA,DATA,42,1024,"unique file bytes received"
148.976,receiver,c6a331da-9a81-4072-a4e4-ab95fca774e7,SEND,ACK,42,36,""
148.985,receiver,c6a331da-9a81-4072-a4e4-ab95fca774e7,RECEIVE,DATA,2,1060,""
148.989,receiver,c6a331da-9a81-4072-a4e4-ab95fca774e7,OUT_OF_ORDER,DATA,2,0,"arrived before missing sequence=0"
148.993,receiver,c6a331da-9a81-4072-a4e4-ab95fca774e7,ACCEPT_DATA,DATA,2,1024,"unique file bytes received"
148.997,receiver,c6a331da-9a81-4072-a4e4-ab95fca774e7,SEND,ACK,2,36,""
149.096,receiver,c6a331da-9a81-4072-a4e4-ab95fca774e7,RECEIVE,DATA,7,1060,""
149.101,receiver,c6a331da-9a81-4072-a4e4-ab95fca774e7,OUT_OF_ORDER,DATA,7,0,"arrived before missing sequence=0"
149.105,receiver,c6a331da-9a81-4072-a4e4-ab95fca774e7,ACCEPT_DATA,DATA,7,1024,"unique file bytes received"
149.109,receiver,c6a331da-9a81-4072-a4e4-ab95fca774e7,SEND,ACK,7,36,""
149.117,receiver,c6a331da-9a81-4072-a4e4-ab95fca774e7,RECEIVE,DATA,29,1060,""
149.121,receiver,c6a331da-9a81-4072-a4e4-ab95fca774e7,OUT_OF_ORDER,DATA,29,0,"arrived before missing sequence=0"
149.125,receiver,c6a331da-9a81-4072-a4e4-ab95fca774e7,ACCEPT_DATA,DATA,29,1024,"unique file bytes received"
149.129,receiver,c6a331da-9a81-4072-a4e4-ab95fca774e7,SEND,ACK,29,36,""
149.137,receiver,c6a331da-9a81-4072-a4e4-ab95fca774e7,RECEIVE,DATA,45,1060,""
149.142,receiver,c6a331da-9a81-4072-a4e4-ab95fca774e7,OUT_OF_ORDER,DATA,45,0,"arrived before missing sequence=0"
149.146,receiver,c6a331da-9a81-4072-a4e4-ab95fca774e7,ACCEPT_DATA,DATA,45,1024,"unique file bytes received"
149.150,receiver,c6a331da-9a81-4072-a4e4-ab95fca774e7,SEND,ACK,45,36,""
149.158,receiver,c6a331da-9a81-4072-a4e4-ab95fca774e7,RECEIVE,DATA,62,1060,""
149.163,receiver,c6a331da-9a81-4072-a4e4-ab95fca774e7,OUT_OF_ORDER,DATA,62,0,"arrived before missing sequence=0"
149.166,receiver,c6a331da-9a81-4072-a4e4-ab95fca774e7,ACCEPT_DATA,DATA,62,1024,"unique file bytes received"
149.170,receiver,c6a331da-9a81-4072-a4e4-ab95fca774e7,SEND,ACK,62,36,""
162.844,receiver,c6a331da-9a81-4072-a4e4-ab95fca774e7,EMIT,ACK,8,36,""
162.865,receiver,c6a331da-9a81-4072-a4e4-ab95fca774e7,EMIT,ACK,31,36,""
162.929,receiver,c6a331da-9a81-4072-a4e4-ab95fca774e7,RECEIVE,DATA,19,1060,""
162.941,receiver,c6a331da-9a81-4072-a4e4-ab95fca774e7,OUT_OF_ORDER,DATA,19,0,"arrived before missing sequence=0"
162.945,receiver,c6a331da-9a81-4072-a4e4-ab95fca774e7,ACCEPT_DATA,DATA,19,1024,"unique file bytes received"
162.948,receiver,c6a331da-9a81-4072-a4e4-ab95fca774e7,SEND,ACK,19,36,""
162.962,receiver,c6a331da-9a81-4072-a4e4-ab95fca774e7,RECEIVE,DATA,25,1060,""
162.965,receiver,c6a331da-9a81-4072-a4e4-ab95fca774e7,OUT_OF_ORDER,DATA,25,0,"arrived before missing sequence=0"
162.968,receiver,c6a331da-9a81-4072-a4e4-ab95fca774e7,ACCEPT_DATA,DATA,25,1024,"unique file bytes received"
162.970,receiver,c6a331da-9a81-4072-a4e4-ab95fca774e7,SEND,ACK,25,36,""
162.975,receiver,c6a331da-9a81-4072-a4e4-ab95fca774e7,RECEIVE,DATA,63,1060,""
162.978,receiver,c6a331da-9a81-4072-a4e4-ab95fca774e7,OUT_OF_ORDER,DATA,63,0,"arrived before missing sequence=0"
162.981,receiver,c6a331da-9a81-4072-a4e4-ab95fca774e7,ACCEPT_DATA,DATA,63,1024,"unique file bytes received"
162.983,receiver,c6a331da-9a81-4072-a4e4-ab95fca774e7,SEND,ACK,63,36,""
162.992,receiver,c6a331da-9a81-4072-a4e4-ab95fca774e7,RECEIVE,DATA,15,1060,""
162.995,receiver,c6a331da-9a81-4072-a4e4-ab95fca774e7,OUT_OF_ORDER,DATA,15,0,"arrived before missing sequence=0"
162.997,receiver,c6a331da-9a81-4072-a4e4-ab95fca774e7,ACCEPT_DATA,DATA,15,1024,"unique file bytes received"
163.000,receiver,c6a331da-9a81-4072-a4e4-ab95fca774e7,SEND,ACK,15,36,""
163.005,receiver,c6a331da-9a81-4072-a4e4-ab95fca774e7,RECEIVE,DATA,34,1060,""
163.008,receiver,c6a331da-9a81-4072-a4e4-ab95fca774e7,OUT_OF_ORDER,DATA,34,0,"arrived before missing sequence=0"
163.010,receiver,c6a331da-9a81-4072-a4e4-ab95fca774e7,ACCEPT_DATA,DATA,34,1024,"unique file bytes received"
163.012,receiver,c6a331da-9a81-4072-a4e4-ab95fca774e7,SEND,ACK,34,36,""
163.020,receiver,c6a331da-9a81-4072-a4e4-ab95fca774e7,RECEIVE,DATA,57,1060,""
163.023,receiver,c6a331da-9a81-4072-a4e4-ab95fca774e7,OUT_OF_ORDER,DATA,57,0,"arrived before missing sequence=0"
163.025,receiver,c6a331da-9a81-4072-a4e4-ab95fca774e7,ACCEPT_DATA,DATA,57,1024,"unique file bytes received"
163.028,receiver,c6a331da-9a81-4072-a4e4-ab95fca774e7,SEND,ACK,57,36,""
163.033,receiver,c6a331da-9a81-4072-a4e4-ab95fca774e7,RECEIVE,DATA,0,1060,""
163.036,receiver,c6a331da-9a81-4072-a4e4-ab95fca774e7,ACCEPT_DATA,DATA,0,1024,"unique file bytes received"
163.038,receiver,c6a331da-9a81-4072-a4e4-ab95fca774e7,SEND,ACK,0,36,""
163.043,receiver,c6a331da-9a81-4072-a4e4-ab95fca774e7,RECEIVE,DATA,10,1060,""
163.046,receiver,c6a331da-9a81-4072-a4e4-ab95fca774e7,ACCEPT_DATA,DATA,10,1024,"unique file bytes received"
163.049,receiver,c6a331da-9a81-4072-a4e4-ab95fca774e7,SEND,ACK,10,36,""
163.054,receiver,c6a331da-9a81-4072-a4e4-ab95fca774e7,RECEIVE,DATA,56,1060,""
163.056,receiver,c6a331da-9a81-4072-a4e4-ab95fca774e7,OUT_OF_ORDER,DATA,56,0,"arrived before missing sequence=21"
163.059,receiver,c6a331da-9a81-4072-a4e4-ab95fca774e7,ACCEPT_DATA,DATA,56,1024,"unique file bytes received"
163.061,receiver,c6a331da-9a81-4072-a4e4-ab95fca774e7,SEND,ACK,56,36,""
163.066,receiver,c6a331da-9a81-4072-a4e4-ab95fca774e7,RECEIVE,DATA,60,1060,""
163.069,receiver,c6a331da-9a81-4072-a4e4-ab95fca774e7,OUT_OF_ORDER,DATA,60,0,"arrived before missing sequence=21"
163.071,receiver,c6a331da-9a81-4072-a4e4-ab95fca774e7,ACCEPT_DATA,DATA,60,1024,"unique file bytes received"
163.074,receiver,c6a331da-9a81-4072-a4e4-ab95fca774e7,SEND,ACK,60,36,""
163.079,receiver,c6a331da-9a81-4072-a4e4-ab95fca774e7,RECEIVE,DATA,21,1060,""
163.082,receiver,c6a331da-9a81-4072-a4e4-ab95fca774e7,ACCEPT_DATA,DATA,21,1024,"unique file bytes received"
163.084,receiver,c6a331da-9a81-4072-a4e4-ab95fca774e7,SEND,ACK,21,36,""
163.089,receiver,c6a331da-9a81-4072-a4e4-ab95fca774e7,RECEIVE,DATA,39,1060,""
163.092,receiver,c6a331da-9a81-4072-a4e4-ab95fca774e7,ACCEPT_DATA,DATA,39,1024,"unique file bytes received"
163.094,receiver,c6a331da-9a81-4072-a4e4-ab95fca774e7,SEND,ACK,39,36,""
178.239,receiver,c6a331da-9a81-4072-a4e4-ab95fca774e7,EMIT,ACK,48,36,""
178.267,receiver,c6a331da-9a81-4072-a4e4-ab95fca774e7,EMIT,ACK,23,36,""
178.277,receiver,c6a331da-9a81-4072-a4e4-ab95fca774e7,EMIT,ACK,32,36,""
178.286,receiver,c6a331da-9a81-4072-a4e4-ab95fca774e7,EMIT,ACK,35,36,""
178.295,receiver,c6a331da-9a81-4072-a4e4-ab95fca774e7,EMIT,ACK,26,36,""
178.304,receiver,c6a331da-9a81-4072-a4e4-ab95fca774e7,EMIT,ACK,9,36,""
178.313,receiver,c6a331da-9a81-4072-a4e4-ab95fca774e7,EMIT,ACK,28,36,""
178.322,receiver,c6a331da-9a81-4072-a4e4-ab95fca774e7,EMIT,ACK,6,36,""
179.547,receiver,c6a331da-9a81-4072-a4e4-ab95fca774e7,EMIT,ACK,3,36,""
179.564,receiver,c6a331da-9a81-4072-a4e4-ab95fca774e7,EMIT,ACK,30,36,""
179.574,receiver,c6a331da-9a81-4072-a4e4-ab95fca774e7,EMIT,ACK,41,36,""
179.583,receiver,c6a331da-9a81-4072-a4e4-ab95fca774e7,EMIT,ACK,43,36,""
179.591,receiver,c6a331da-9a81-4072-a4e4-ab95fca774e7,EMIT,ACK,27,36,""
179.600,receiver,c6a331da-9a81-4072-a4e4-ab95fca774e7,EMIT,ACK,18,36,""
179.608,receiver,c6a331da-9a81-4072-a4e4-ab95fca774e7,EMIT,ACK,49,36,""
179.617,receiver,c6a331da-9a81-4072-a4e4-ab95fca774e7,EMIT,ACK,46,36,""
179.625,receiver,c6a331da-9a81-4072-a4e4-ab95fca774e7,EMIT,ACK,37,36,""
179.633,receiver,c6a331da-9a81-4072-a4e4-ab95fca774e7,EMIT,ACK,54,36,""
179.642,receiver,c6a331da-9a81-4072-a4e4-ab95fca774e7,EMIT,ACK,45,36,""
179.651,receiver,c6a331da-9a81-4072-a4e4-ab95fca774e7,EMIT,ACK,22,36,""
179.659,receiver,c6a331da-9a81-4072-a4e4-ab95fca774e7,EMIT,ACK,1,36,""
194.136,receiver,c6a331da-9a81-4072-a4e4-ab95fca774e7,EMIT,ACK,16,36,""
194.180,receiver,c6a331da-9a81-4072-a4e4-ab95fca774e7,EMIT,ACK,36,36,""
194.190,receiver,c6a331da-9a81-4072-a4e4-ab95fca774e7,EMIT,ACK,61,36,""
194.199,receiver,c6a331da-9a81-4072-a4e4-ab95fca774e7,EMIT,ACK,17,36,""
194.219,receiver,c6a331da-9a81-4072-a4e4-ab95fca774e7,EMIT,ACK,14,36,""
194.228,receiver,c6a331da-9a81-4072-a4e4-ab95fca774e7,EMIT,ACK,55,36,""
194.236,receiver,c6a331da-9a81-4072-a4e4-ab95fca774e7,EMIT,ACK,13,36,""
194.245,receiver,c6a331da-9a81-4072-a4e4-ab95fca774e7,EMIT,ACK,5,36,""
194.254,receiver,c6a331da-9a81-4072-a4e4-ab95fca774e7,EMIT,ACK,47,36,""
194.263,receiver,c6a331da-9a81-4072-a4e4-ab95fca774e7,EMIT,ACK,12,36,""
194.281,receiver,c6a331da-9a81-4072-a4e4-ab95fca774e7,EMIT,ACK,44,36,""
194.290,receiver,c6a331da-9a81-4072-a4e4-ab95fca774e7,EMIT,ACK,52,36,""
194.299,receiver,c6a331da-9a81-4072-a4e4-ab95fca774e7,EMIT,ACK,20,36,""
194.307,receiver,c6a331da-9a81-4072-a4e4-ab95fca774e7,EMIT,ACK,50,36,""
194.333,receiver,c6a331da-9a81-4072-a4e4-ab95fca774e7,EMIT,ACK,42,36,""
194.341,receiver,c6a331da-9a81-4072-a4e4-ab95fca774e7,EMIT,ACK,29,36,""
194.350,receiver,c6a331da-9a81-4072-a4e4-ab95fca774e7,EMIT,ACK,59,36,""
194.358,receiver,c6a331da-9a81-4072-a4e4-ab95fca774e7,EMIT,ACK,58,36,""
194.367,receiver,c6a331da-9a81-4072-a4e4-ab95fca774e7,EMIT,ACK,24,36,""
194.375,receiver,c6a331da-9a81-4072-a4e4-ab95fca774e7,EMIT,ACK,2,36,""
194.383,receiver,c6a331da-9a81-4072-a4e4-ab95fca774e7,EMIT,ACK,11,36,""
194.392,receiver,c6a331da-9a81-4072-a4e4-ab95fca774e7,EMIT,ACK,56,36,""
194.400,receiver,c6a331da-9a81-4072-a4e4-ab95fca774e7,EMIT,ACK,57,36,""
194.408,receiver,c6a331da-9a81-4072-a4e4-ab95fca774e7,EMIT,ACK,38,36,""
194.417,receiver,c6a331da-9a81-4072-a4e4-ab95fca774e7,EMIT,ACK,53,36,""
194.425,receiver,c6a331da-9a81-4072-a4e4-ab95fca774e7,EMIT,ACK,19,36,""
194.434,receiver,c6a331da-9a81-4072-a4e4-ab95fca774e7,EMIT,ACK,33,36,""
209.021,receiver,c6a331da-9a81-4072-a4e4-ab95fca774e7,EMIT,ACK,0,36,""
209.050,receiver,c6a331da-9a81-4072-a4e4-ab95fca774e7,EMIT,ACK,7,36,""
209.060,receiver,c6a331da-9a81-4072-a4e4-ab95fca774e7,EMIT,ACK,4,36,""
209.113,receiver,c6a331da-9a81-4072-a4e4-ab95fca774e7,EMIT,ACK,51,36,""
209.123,receiver,c6a331da-9a81-4072-a4e4-ab95fca774e7,EMIT,ACK,40,36,""
209.132,receiver,c6a331da-9a81-4072-a4e4-ab95fca774e7,EMIT,ACK,63,36,""
209.141,receiver,c6a331da-9a81-4072-a4e4-ab95fca774e7,EMIT,ACK,60,36,""
209.149,receiver,c6a331da-9a81-4072-a4e4-ab95fca774e7,EMIT,ACK,62,36,""
209.158,receiver,c6a331da-9a81-4072-a4e4-ab95fca774e7,EMIT,ACK,25,36,""
209.166,receiver,c6a331da-9a81-4072-a4e4-ab95fca774e7,EMIT,ACK,10,36,""
209.175,receiver,c6a331da-9a81-4072-a4e4-ab95fca774e7,EMIT,ACK,15,36,""
209.183,receiver,c6a331da-9a81-4072-a4e4-ab95fca774e7,EMIT,ACK,21,36,""
224.709,receiver,c6a331da-9a81-4072-a4e4-ab95fca774e7,EMIT,ACK,34,36,""
224.740,receiver,c6a331da-9a81-4072-a4e4-ab95fca774e7,EMIT,ACK,39,36,""
240.695,receiver,c6a331da-9a81-4072-a4e4-ab95fca774e7,RECEIVE,DATA,84,1060,""
240.714,receiver,c6a331da-9a81-4072-a4e4-ab95fca774e7,OUT_OF_ORDER,DATA,84,0,"arrived before missing sequence=64"
240.719,receiver,c6a331da-9a81-4072-a4e4-ab95fca774e7,ACCEPT_DATA,DATA,84,1024,"unique file bytes received"
240.722,receiver,c6a331da-9a81-4072-a4e4-ab95fca774e7,SEND,ACK,84,36,""
240.750,receiver,c6a331da-9a81-4072-a4e4-ab95fca774e7,RECEIVE,DATA,65,1060,""
240.754,receiver,c6a331da-9a81-4072-a4e4-ab95fca774e7,OUT_OF_ORDER,DATA,65,0,"arrived before missing sequence=64"
240.757,receiver,c6a331da-9a81-4072-a4e4-ab95fca774e7,ACCEPT_DATA,DATA,65,1024,"unique file bytes received"
240.760,receiver,c6a331da-9a81-4072-a4e4-ab95fca774e7,SEND,ACK,65,36,""
240.766,receiver,c6a331da-9a81-4072-a4e4-ab95fca774e7,RECEIVE,DATA,78,1060,""
240.769,receiver,c6a331da-9a81-4072-a4e4-ab95fca774e7,OUT_OF_ORDER,DATA,78,0,"arrived before missing sequence=64"
240.772,receiver,c6a331da-9a81-4072-a4e4-ab95fca774e7,ACCEPT_DATA,DATA,78,1024,"unique file bytes received"
240.774,receiver,c6a331da-9a81-4072-a4e4-ab95fca774e7,SEND,ACK,78,36,""
240.780,receiver,c6a331da-9a81-4072-a4e4-ab95fca774e7,RECEIVE,DATA,71,1060,""
240.783,receiver,c6a331da-9a81-4072-a4e4-ab95fca774e7,OUT_OF_ORDER,DATA,71,0,"arrived before missing sequence=64"
240.786,receiver,c6a331da-9a81-4072-a4e4-ab95fca774e7,ACCEPT_DATA,DATA,71,1024,"unique file bytes received"
240.789,receiver,c6a331da-9a81-4072-a4e4-ab95fca774e7,SEND,ACK,71,36,""
240.805,receiver,c6a331da-9a81-4072-a4e4-ab95fca774e7,RECEIVE,DATA,67,1060,""
240.808,receiver,c6a331da-9a81-4072-a4e4-ab95fca774e7,OUT_OF_ORDER,DATA,67,0,"arrived before missing sequence=64"
240.811,receiver,c6a331da-9a81-4072-a4e4-ab95fca774e7,ACCEPT_DATA,DATA,67,1024,"unique file bytes received"
240.813,receiver,c6a331da-9a81-4072-a4e4-ab95fca774e7,SEND,ACK,67,36,""
240.819,receiver,c6a331da-9a81-4072-a4e4-ab95fca774e7,RECEIVE,DATA,86,1060,""
240.827,receiver,c6a331da-9a81-4072-a4e4-ab95fca774e7,OUT_OF_ORDER,DATA,86,0,"arrived before missing sequence=64"
240.830,receiver,c6a331da-9a81-4072-a4e4-ab95fca774e7,ACCEPT_DATA,DATA,86,1024,"unique file bytes received"
240.832,receiver,c6a331da-9a81-4072-a4e4-ab95fca774e7,SEND,ACK,86,36,""
240.838,receiver,c6a331da-9a81-4072-a4e4-ab95fca774e7,RECEIVE,DATA,87,1060,""
240.841,receiver,c6a331da-9a81-4072-a4e4-ab95fca774e7,OUT_OF_ORDER,DATA,87,0,"arrived before missing sequence=64"
240.843,receiver,c6a331da-9a81-4072-a4e4-ab95fca774e7,ACCEPT_DATA,DATA,87,1024,"unique file bytes received"
240.846,receiver,c6a331da-9a81-4072-a4e4-ab95fca774e7,SEND,ACK,87,36,""
240.851,receiver,c6a331da-9a81-4072-a4e4-ab95fca774e7,RECEIVE,DATA,77,1060,""
240.854,receiver,c6a331da-9a81-4072-a4e4-ab95fca774e7,OUT_OF_ORDER,DATA,77,0,"arrived before missing sequence=64"
240.857,receiver,c6a331da-9a81-4072-a4e4-ab95fca774e7,ACCEPT_DATA,DATA,77,1024,"unique file bytes received"
240.859,receiver,c6a331da-9a81-4072-a4e4-ab95fca774e7,SEND,ACK,77,36,""
240.865,receiver,c6a331da-9a81-4072-a4e4-ab95fca774e7,RECEIVE,DATA,85,1060,""
240.867,receiver,c6a331da-9a81-4072-a4e4-ab95fca774e7,OUT_OF_ORDER,DATA,85,0,"arrived before missing sequence=64"
240.870,receiver,c6a331da-9a81-4072-a4e4-ab95fca774e7,ACCEPT_DATA,DATA,85,1024,"unique file bytes received"
240.872,receiver,c6a331da-9a81-4072-a4e4-ab95fca774e7,SEND,ACK,85,36,""
256.033,receiver,c6a331da-9a81-4072-a4e4-ab95fca774e7,RECEIVE,DATA,81,1060,""
256.055,receiver,c6a331da-9a81-4072-a4e4-ab95fca774e7,OUT_OF_ORDER,DATA,81,0,"arrived before missing sequence=64"
256.061,receiver,c6a331da-9a81-4072-a4e4-ab95fca774e7,ACCEPT_DATA,DATA,81,1024,"unique file bytes received"
256.066,receiver,c6a331da-9a81-4072-a4e4-ab95fca774e7,SEND,ACK,81,36,""
256.126,receiver,c6a331da-9a81-4072-a4e4-ab95fca774e7,RECEIVE,DATA,89,1060,""
256.141,receiver,c6a331da-9a81-4072-a4e4-ab95fca774e7,OUT_OF_ORDER,DATA,89,0,"arrived before missing sequence=64"
256.146,receiver,c6a331da-9a81-4072-a4e4-ab95fca774e7,ACCEPT_DATA,DATA,89,1024,"unique file bytes received"
256.150,receiver,c6a331da-9a81-4072-a4e4-ab95fca774e7,SEND,ACK,89,36,""
256.164,receiver,c6a331da-9a81-4072-a4e4-ab95fca774e7,RECEIVE,DATA,92,1060,""
256.216,receiver,c6a331da-9a81-4072-a4e4-ab95fca774e7,OUT_OF_ORDER,DATA,92,0,"arrived before missing sequence=64"
256.240,receiver,c6a331da-9a81-4072-a4e4-ab95fca774e7,ACCEPT_DATA,DATA,92,1024,"unique file bytes received"
256.245,receiver,c6a331da-9a81-4072-a4e4-ab95fca774e7,SEND,ACK,92,36,""
256.272,receiver,c6a331da-9a81-4072-a4e4-ab95fca774e7,RECEIVE,DATA,75,1060,""
256.277,receiver,c6a331da-9a81-4072-a4e4-ab95fca774e7,OUT_OF_ORDER,DATA,75,0,"arrived before missing sequence=64"
256.280,receiver,c6a331da-9a81-4072-a4e4-ab95fca774e7,ACCEPT_DATA,DATA,75,1024,"unique file bytes received"
256.283,receiver,c6a331da-9a81-4072-a4e4-ab95fca774e7,SEND,ACK,75,36,""
256.290,receiver,c6a331da-9a81-4072-a4e4-ab95fca774e7,RECEIVE,DATA,83,1060,""
256.293,receiver,c6a331da-9a81-4072-a4e4-ab95fca774e7,OUT_OF_ORDER,DATA,83,0,"arrived before missing sequence=64"
256.296,receiver,c6a331da-9a81-4072-a4e4-ab95fca774e7,ACCEPT_DATA,DATA,83,1024,"unique file bytes received"
256.298,receiver,c6a331da-9a81-4072-a4e4-ab95fca774e7,SEND,ACK,83,36,""
256.304,receiver,c6a331da-9a81-4072-a4e4-ab95fca774e7,RECEIVE,DATA,74,1060,""
256.307,receiver,c6a331da-9a81-4072-a4e4-ab95fca774e7,OUT_OF_ORDER,DATA,74,0,"arrived before missing sequence=64"
256.310,receiver,c6a331da-9a81-4072-a4e4-ab95fca774e7,ACCEPT_DATA,DATA,74,1024,"unique file bytes received"
256.312,receiver,c6a331da-9a81-4072-a4e4-ab95fca774e7,SEND,ACK,74,36,""
256.318,receiver,c6a331da-9a81-4072-a4e4-ab95fca774e7,RECEIVE,DATA,97,1060,""
256.321,receiver,c6a331da-9a81-4072-a4e4-ab95fca774e7,OUT_OF_ORDER,DATA,97,0,"arrived before missing sequence=64"
256.323,receiver,c6a331da-9a81-4072-a4e4-ab95fca774e7,ACCEPT_DATA,DATA,97,1024,"unique file bytes received"
256.326,receiver,c6a331da-9a81-4072-a4e4-ab95fca774e7,SEND,ACK,97,36,""
256.331,receiver,c6a331da-9a81-4072-a4e4-ab95fca774e7,RECEIVE,DATA,80,1060,""
256.334,receiver,c6a331da-9a81-4072-a4e4-ab95fca774e7,OUT_OF_ORDER,DATA,80,0,"arrived before missing sequence=64"
256.337,receiver,c6a331da-9a81-4072-a4e4-ab95fca774e7,ACCEPT_DATA,DATA,80,1024,"unique file bytes received"
256.340,receiver,c6a331da-9a81-4072-a4e4-ab95fca774e7,SEND,ACK,80,36,""
256.346,receiver,c6a331da-9a81-4072-a4e4-ab95fca774e7,RECEIVE,DATA,93,1060,""
256.349,receiver,c6a331da-9a81-4072-a4e4-ab95fca774e7,OUT_OF_ORDER,DATA,93,0,"arrived before missing sequence=64"
256.351,receiver,c6a331da-9a81-4072-a4e4-ab95fca774e7,ACCEPT_DATA,DATA,93,1024,"unique file bytes received"
256.354,receiver,c6a331da-9a81-4072-a4e4-ab95fca774e7,SEND,ACK,93,36,""
256.360,receiver,c6a331da-9a81-4072-a4e4-ab95fca774e7,RECEIVE,DATA,88,1060,""
256.362,receiver,c6a331da-9a81-4072-a4e4-ab95fca774e7,OUT_OF_ORDER,DATA,88,0,"arrived before missing sequence=64"
256.365,receiver,c6a331da-9a81-4072-a4e4-ab95fca774e7,ACCEPT_DATA,DATA,88,1024,"unique file bytes received"
256.368,receiver,c6a331da-9a81-4072-a4e4-ab95fca774e7,SEND,ACK,88,36,""
256.373,receiver,c6a331da-9a81-4072-a4e4-ab95fca774e7,RECEIVE,DATA,64,1060,""
256.376,receiver,c6a331da-9a81-4072-a4e4-ab95fca774e7,ACCEPT_DATA,DATA,64,1024,"unique file bytes received"
256.379,receiver,c6a331da-9a81-4072-a4e4-ab95fca774e7,SEND,ACK,64,36,""
256.384,receiver,c6a331da-9a81-4072-a4e4-ab95fca774e7,RECEIVE,DATA,99,1060,""
256.387,receiver,c6a331da-9a81-4072-a4e4-ab95fca774e7,OUT_OF_ORDER,DATA,99,0,"arrived before missing sequence=66"
256.390,receiver,c6a331da-9a81-4072-a4e4-ab95fca774e7,ACCEPT_DATA,DATA,99,1024,"unique file bytes received"
256.392,receiver,c6a331da-9a81-4072-a4e4-ab95fca774e7,SEND,ACK,99,36,""
256.398,receiver,c6a331da-9a81-4072-a4e4-ab95fca774e7,RECEIVE,DATA,124,1060,""
256.401,receiver,c6a331da-9a81-4072-a4e4-ab95fca774e7,OUT_OF_ORDER,DATA,124,0,"arrived before missing sequence=66"
256.404,receiver,c6a331da-9a81-4072-a4e4-ab95fca774e7,ACCEPT_DATA,DATA,124,1024,"unique file bytes received"
256.406,receiver,c6a331da-9a81-4072-a4e4-ab95fca774e7,SEND,ACK,124,36,""
256.411,receiver,c6a331da-9a81-4072-a4e4-ab95fca774e7,RECEIVE,DATA,125,1060,""
256.414,receiver,c6a331da-9a81-4072-a4e4-ab95fca774e7,OUT_OF_ORDER,DATA,125,0,"arrived before missing sequence=66"
256.417,receiver,c6a331da-9a81-4072-a4e4-ab95fca774e7,ACCEPT_DATA,DATA,125,1024,"unique file bytes received"
256.420,receiver,c6a331da-9a81-4072-a4e4-ab95fca774e7,SEND,ACK,125,36,""
256.425,receiver,c6a331da-9a81-4072-a4e4-ab95fca774e7,RECEIVE,DATA,90,1060,""
256.428,receiver,c6a331da-9a81-4072-a4e4-ab95fca774e7,OUT_OF_ORDER,DATA,90,0,"arrived before missing sequence=66"
256.430,receiver,c6a331da-9a81-4072-a4e4-ab95fca774e7,ACCEPT_DATA,DATA,90,1024,"unique file bytes received"
256.433,receiver,c6a331da-9a81-4072-a4e4-ab95fca774e7,SEND,ACK,90,36,""
256.438,receiver,c6a331da-9a81-4072-a4e4-ab95fca774e7,RECEIVE,DATA,104,1060,""
256.441,receiver,c6a331da-9a81-4072-a4e4-ab95fca774e7,OUT_OF_ORDER,DATA,104,0,"arrived before missing sequence=66"
256.444,receiver,c6a331da-9a81-4072-a4e4-ab95fca774e7,ACCEPT_DATA,DATA,104,1024,"unique file bytes received"
256.446,receiver,c6a331da-9a81-4072-a4e4-ab95fca774e7,SEND,ACK,104,36,""
256.452,receiver,c6a331da-9a81-4072-a4e4-ab95fca774e7,RECEIVE,DATA,108,1060,""
256.454,receiver,c6a331da-9a81-4072-a4e4-ab95fca774e7,OUT_OF_ORDER,DATA,108,0,"arrived before missing sequence=66"
256.457,receiver,c6a331da-9a81-4072-a4e4-ab95fca774e7,ACCEPT_DATA,DATA,108,1024,"unique file bytes received"
256.459,receiver,c6a331da-9a81-4072-a4e4-ab95fca774e7,SEND,ACK,108,36,""
256.465,receiver,c6a331da-9a81-4072-a4e4-ab95fca774e7,RECEIVE,DATA,122,1060,""
256.468,receiver,c6a331da-9a81-4072-a4e4-ab95fca774e7,OUT_OF_ORDER,DATA,122,0,"arrived before missing sequence=66"
256.470,receiver,c6a331da-9a81-4072-a4e4-ab95fca774e7,ACCEPT_DATA,DATA,122,1024,"unique file bytes received"
256.473,receiver,c6a331da-9a81-4072-a4e4-ab95fca774e7,SEND,ACK,122,36,""
256.478,receiver,c6a331da-9a81-4072-a4e4-ab95fca774e7,RECEIVE,DATA,69,1060,""
256.481,receiver,c6a331da-9a81-4072-a4e4-ab95fca774e7,OUT_OF_ORDER,DATA,69,0,"arrived before missing sequence=66"
256.483,receiver,c6a331da-9a81-4072-a4e4-ab95fca774e7,ACCEPT_DATA,DATA,69,1024,"unique file bytes received"
256.486,receiver,c6a331da-9a81-4072-a4e4-ab95fca774e7,SEND,ACK,69,36,""
256.491,receiver,c6a331da-9a81-4072-a4e4-ab95fca774e7,RECEIVE,DATA,91,1060,""
256.494,receiver,c6a331da-9a81-4072-a4e4-ab95fca774e7,OUT_OF_ORDER,DATA,91,0,"arrived before missing sequence=66"
256.497,receiver,c6a331da-9a81-4072-a4e4-ab95fca774e7,ACCEPT_DATA,DATA,91,1024,"unique file bytes received"
256.499,receiver,c6a331da-9a81-4072-a4e4-ab95fca774e7,SEND,ACK,91,36,""
256.504,receiver,c6a331da-9a81-4072-a4e4-ab95fca774e7,RECEIVE,DATA,106,1060,""
256.509,receiver,c6a331da-9a81-4072-a4e4-ab95fca774e7,OUT_OF_ORDER,DATA,106,0,"arrived before missing sequence=66"
256.512,receiver,c6a331da-9a81-4072-a4e4-ab95fca774e7,ACCEPT_DATA,DATA,106,1024,"unique file bytes received"
256.514,receiver,c6a331da-9a81-4072-a4e4-ab95fca774e7,SEND,ACK,106,36,""
256.520,receiver,c6a331da-9a81-4072-a4e4-ab95fca774e7,RECEIVE,DATA,103,1060,""
256.523,receiver,c6a331da-9a81-4072-a4e4-ab95fca774e7,OUT_OF_ORDER,DATA,103,0,"arrived before missing sequence=66"
256.525,receiver,c6a331da-9a81-4072-a4e4-ab95fca774e7,ACCEPT_DATA,DATA,103,1024,"unique file bytes received"
256.528,receiver,c6a331da-9a81-4072-a4e4-ab95fca774e7,SEND,ACK,103,36,""
256.533,receiver,c6a331da-9a81-4072-a4e4-ab95fca774e7,RECEIVE,DATA,72,1060,""
256.536,receiver,c6a331da-9a81-4072-a4e4-ab95fca774e7,OUT_OF_ORDER,DATA,72,0,"arrived before missing sequence=66"
256.538,receiver,c6a331da-9a81-4072-a4e4-ab95fca774e7,ACCEPT_DATA,DATA,72,1024,"unique file bytes received"
256.541,receiver,c6a331da-9a81-4072-a4e4-ab95fca774e7,SEND,ACK,72,36,""
256.546,receiver,c6a331da-9a81-4072-a4e4-ab95fca774e7,RECEIVE,DATA,76,1060,""
256.549,receiver,c6a331da-9a81-4072-a4e4-ab95fca774e7,OUT_OF_ORDER,DATA,76,0,"arrived before missing sequence=66"
256.552,receiver,c6a331da-9a81-4072-a4e4-ab95fca774e7,ACCEPT_DATA,DATA,76,1024,"unique file bytes received"
256.554,receiver,c6a331da-9a81-4072-a4e4-ab95fca774e7,SEND,ACK,76,36,""
256.566,receiver,c6a331da-9a81-4072-a4e4-ab95fca774e7,RECEIVE,DATA,95,1060,""
256.635,receiver,c6a331da-9a81-4072-a4e4-ab95fca774e7,OUT_OF_ORDER,DATA,95,0,"arrived before missing sequence=66"
256.638,receiver,c6a331da-9a81-4072-a4e4-ab95fca774e7,ACCEPT_DATA,DATA,95,1024,"unique file bytes received"
256.640,receiver,c6a331da-9a81-4072-a4e4-ab95fca774e7,SEND,ACK,95,36,""
256.647,receiver,c6a331da-9a81-4072-a4e4-ab95fca774e7,RECEIVE,DATA,96,1060,""
256.650,receiver,c6a331da-9a81-4072-a4e4-ab95fca774e7,OUT_OF_ORDER,DATA,96,0,"arrived before missing sequence=66"
256.652,receiver,c6a331da-9a81-4072-a4e4-ab95fca774e7,ACCEPT_DATA,DATA,96,1024,"unique file bytes received"
256.655,receiver,c6a331da-9a81-4072-a4e4-ab95fca774e7,SEND,ACK,96,36,""
256.660,receiver,c6a331da-9a81-4072-a4e4-ab95fca774e7,RECEIVE,DATA,113,1060,""
256.663,receiver,c6a331da-9a81-4072-a4e4-ab95fca774e7,OUT_OF_ORDER,DATA,113,0,"arrived before missing sequence=66"
256.666,receiver,c6a331da-9a81-4072-a4e4-ab95fca774e7,ACCEPT_DATA,DATA,113,1024,"unique file bytes received"
256.668,receiver,c6a331da-9a81-4072-a4e4-ab95fca774e7,SEND,ACK,113,36,""
256.674,receiver,c6a331da-9a81-4072-a4e4-ab95fca774e7,RECEIVE,DATA,79,1060,""
256.677,receiver,c6a331da-9a81-4072-a4e4-ab95fca774e7,OUT_OF_ORDER,DATA,79,0,"arrived before missing sequence=66"
256.679,receiver,c6a331da-9a81-4072-a4e4-ab95fca774e7,ACCEPT_DATA,DATA,79,1024,"unique file bytes received"
256.682,receiver,c6a331da-9a81-4072-a4e4-ab95fca774e7,SEND,ACK,79,36,""
256.687,receiver,c6a331da-9a81-4072-a4e4-ab95fca774e7,RECEIVE,DATA,82,1060,""
256.690,receiver,c6a331da-9a81-4072-a4e4-ab95fca774e7,OUT_OF_ORDER,DATA,82,0,"arrived before missing sequence=66"
256.692,receiver,c6a331da-9a81-4072-a4e4-ab95fca774e7,ACCEPT_DATA,DATA,82,1024,"unique file bytes received"
256.695,receiver,c6a331da-9a81-4072-a4e4-ab95fca774e7,SEND,ACK,82,36,""
256.700,receiver,c6a331da-9a81-4072-a4e4-ab95fca774e7,RECEIVE,DATA,94,1060,""
256.703,receiver,c6a331da-9a81-4072-a4e4-ab95fca774e7,OUT_OF_ORDER,DATA,94,0,"arrived before missing sequence=66"
256.705,receiver,c6a331da-9a81-4072-a4e4-ab95fca774e7,ACCEPT_DATA,DATA,94,1024,"unique file bytes received"
256.708,receiver,c6a331da-9a81-4072-a4e4-ab95fca774e7,SEND,ACK,94,36,""
256.713,receiver,c6a331da-9a81-4072-a4e4-ab95fca774e7,RECEIVE,DATA,100,1060,""
256.716,receiver,c6a331da-9a81-4072-a4e4-ab95fca774e7,OUT_OF_ORDER,DATA,100,0,"arrived before missing sequence=66"
256.718,receiver,c6a331da-9a81-4072-a4e4-ab95fca774e7,ACCEPT_DATA,DATA,100,1024,"unique file bytes received"
256.721,receiver,c6a331da-9a81-4072-a4e4-ab95fca774e7,SEND,ACK,100,36,""
271.462,receiver,c6a331da-9a81-4072-a4e4-ab95fca774e7,EMIT,ACK,65,36,""
271.515,receiver,c6a331da-9a81-4072-a4e4-ab95fca774e7,RECEIVE,DATA,114,1060,""
271.527,receiver,c6a331da-9a81-4072-a4e4-ab95fca774e7,OUT_OF_ORDER,DATA,114,0,"arrived before missing sequence=66"
271.531,receiver,c6a331da-9a81-4072-a4e4-ab95fca774e7,ACCEPT_DATA,DATA,114,1024,"unique file bytes received"
271.534,receiver,c6a331da-9a81-4072-a4e4-ab95fca774e7,SEND,ACK,114,36,""
271.547,receiver,c6a331da-9a81-4072-a4e4-ab95fca774e7,RECEIVE,DATA,66,1060,""
271.551,receiver,c6a331da-9a81-4072-a4e4-ab95fca774e7,ACCEPT_DATA,DATA,66,1024,"unique file bytes received"
271.554,receiver,c6a331da-9a81-4072-a4e4-ab95fca774e7,SEND,ACK,66,36,""
271.559,receiver,c6a331da-9a81-4072-a4e4-ab95fca774e7,RECEIVE,DATA,70,1060,""
271.563,receiver,c6a331da-9a81-4072-a4e4-ab95fca774e7,OUT_OF_ORDER,DATA,70,0,"arrived before missing sequence=68"
271.565,receiver,c6a331da-9a81-4072-a4e4-ab95fca774e7,ACCEPT_DATA,DATA,70,1024,"unique file bytes received"
271.568,receiver,c6a331da-9a81-4072-a4e4-ab95fca774e7,SEND,ACK,70,36,""
271.573,receiver,c6a331da-9a81-4072-a4e4-ab95fca774e7,RECEIVE,DATA,73,1060,""
271.576,receiver,c6a331da-9a81-4072-a4e4-ab95fca774e7,OUT_OF_ORDER,DATA,73,0,"arrived before missing sequence=68"
271.579,receiver,c6a331da-9a81-4072-a4e4-ab95fca774e7,ACCEPT_DATA,DATA,73,1024,"unique file bytes received"
271.581,receiver,c6a331da-9a81-4072-a4e4-ab95fca774e7,SEND,ACK,73,36,""
271.587,receiver,c6a331da-9a81-4072-a4e4-ab95fca774e7,RECEIVE,DATA,111,1060,""
271.590,receiver,c6a331da-9a81-4072-a4e4-ab95fca774e7,OUT_OF_ORDER,DATA,111,0,"arrived before missing sequence=68"
271.593,receiver,c6a331da-9a81-4072-a4e4-ab95fca774e7,ACCEPT_DATA,DATA,111,1024,"unique file bytes received"
271.595,receiver,c6a331da-9a81-4072-a4e4-ab95fca774e7,SEND,ACK,111,36,""
271.601,receiver,c6a331da-9a81-4072-a4e4-ab95fca774e7,RECEIVE,DATA,126,1060,""
271.604,receiver,c6a331da-9a81-4072-a4e4-ab95fca774e7,OUT_OF_ORDER,DATA,126,0,"arrived before missing sequence=68"
271.606,receiver,c6a331da-9a81-4072-a4e4-ab95fca774e7,ACCEPT_DATA,DATA,126,1024,"unique file bytes received"
271.609,receiver,c6a331da-9a81-4072-a4e4-ab95fca774e7,SEND,ACK,126,36,""
271.614,receiver,c6a331da-9a81-4072-a4e4-ab95fca774e7,RECEIVE,DATA,68,1060,""
271.617,receiver,c6a331da-9a81-4072-a4e4-ab95fca774e7,ACCEPT_DATA,DATA,68,1024,"unique file bytes received"
271.620,receiver,c6a331da-9a81-4072-a4e4-ab95fca774e7,SEND,ACK,68,36,""
271.626,receiver,c6a331da-9a81-4072-a4e4-ab95fca774e7,RECEIVE,DATA,112,1060,""
271.629,receiver,c6a331da-9a81-4072-a4e4-ab95fca774e7,OUT_OF_ORDER,DATA,112,0,"arrived before missing sequence=98"
271.631,receiver,c6a331da-9a81-4072-a4e4-ab95fca774e7,ACCEPT_DATA,DATA,112,1024,"unique file bytes received"
271.634,receiver,c6a331da-9a81-4072-a4e4-ab95fca774e7,SEND,ACK,112,36,""
271.639,receiver,c6a331da-9a81-4072-a4e4-ab95fca774e7,RECEIVE,DATA,127,1060,""
271.642,receiver,c6a331da-9a81-4072-a4e4-ab95fca774e7,OUT_OF_ORDER,DATA,127,0,"arrived before missing sequence=98"
271.646,receiver,c6a331da-9a81-4072-a4e4-ab95fca774e7,ACCEPT_DATA,DATA,127,1024,"unique file bytes received"
271.649,receiver,c6a331da-9a81-4072-a4e4-ab95fca774e7,SEND,ACK,127,36,""
271.654,receiver,c6a331da-9a81-4072-a4e4-ab95fca774e7,RECEIVE,DATA,116,1060,""
271.657,receiver,c6a331da-9a81-4072-a4e4-ab95fca774e7,OUT_OF_ORDER,DATA,116,0,"arrived before missing sequence=98"
271.660,receiver,c6a331da-9a81-4072-a4e4-ab95fca774e7,ACCEPT_DATA,DATA,116,1024,"unique file bytes received"
271.663,receiver,c6a331da-9a81-4072-a4e4-ab95fca774e7,SEND,ACK,116,36,""
271.800,receiver,c6a331da-9a81-4072-a4e4-ab95fca774e7,RECEIVE,DATA,107,1060,""
271.811,receiver,c6a331da-9a81-4072-a4e4-ab95fca774e7,OUT_OF_ORDER,DATA,107,0,"arrived before missing sequence=98"
271.815,receiver,c6a331da-9a81-4072-a4e4-ab95fca774e7,ACCEPT_DATA,DATA,107,1024,"unique file bytes received"
271.818,receiver,c6a331da-9a81-4072-a4e4-ab95fca774e7,SEND,ACK,107,36,""
271.825,receiver,c6a331da-9a81-4072-a4e4-ab95fca774e7,RECEIVE,DATA,119,1060,""
271.828,receiver,c6a331da-9a81-4072-a4e4-ab95fca774e7,OUT_OF_ORDER,DATA,119,0,"arrived before missing sequence=98"
271.831,receiver,c6a331da-9a81-4072-a4e4-ab95fca774e7,ACCEPT_DATA,DATA,119,1024,"unique file bytes received"
271.834,receiver,c6a331da-9a81-4072-a4e4-ab95fca774e7,SEND,ACK,119,36,""
272.653,receiver,c6a331da-9a81-4072-a4e4-ab95fca774e7,RECEIVE,DATA,102,1060,""
272.664,receiver,c6a331da-9a81-4072-a4e4-ab95fca774e7,OUT_OF_ORDER,DATA,102,0,"arrived before missing sequence=98"
272.668,receiver,c6a331da-9a81-4072-a4e4-ab95fca774e7,ACCEPT_DATA,DATA,102,1024,"unique file bytes received"
272.671,receiver,c6a331da-9a81-4072-a4e4-ab95fca774e7,SEND,ACK,102,36,""
272.683,receiver,c6a331da-9a81-4072-a4e4-ab95fca774e7,RECEIVE,DATA,98,1060,""
272.686,receiver,c6a331da-9a81-4072-a4e4-ab95fca774e7,ACCEPT_DATA,DATA,98,1024,"unique file bytes received"
272.689,receiver,c6a331da-9a81-4072-a4e4-ab95fca774e7,SEND,ACK,98,36,""
272.695,receiver,c6a331da-9a81-4072-a4e4-ab95fca774e7,RECEIVE,DATA,120,1060,""
272.698,receiver,c6a331da-9a81-4072-a4e4-ab95fca774e7,OUT_OF_ORDER,DATA,120,0,"arrived before missing sequence=101"
272.701,receiver,c6a331da-9a81-4072-a4e4-ab95fca774e7,ACCEPT_DATA,DATA,120,1024,"unique file bytes received"
272.703,receiver,c6a331da-9a81-4072-a4e4-ab95fca774e7,SEND,ACK,120,36,""
272.709,receiver,c6a331da-9a81-4072-a4e4-ab95fca774e7,RECEIVE,DATA,121,1060,""
272.712,receiver,c6a331da-9a81-4072-a4e4-ab95fca774e7,OUT_OF_ORDER,DATA,121,0,"arrived before missing sequence=101"
272.714,receiver,c6a331da-9a81-4072-a4e4-ab95fca774e7,ACCEPT_DATA,DATA,121,1024,"unique file bytes received"
272.743,receiver,c6a331da-9a81-4072-a4e4-ab95fca774e7,SEND,ACK,121,36,""
272.749,receiver,c6a331da-9a81-4072-a4e4-ab95fca774e7,RECEIVE,DATA,110,1060,""
272.752,receiver,c6a331da-9a81-4072-a4e4-ab95fca774e7,OUT_OF_ORDER,DATA,110,0,"arrived before missing sequence=101"
272.755,receiver,c6a331da-9a81-4072-a4e4-ab95fca774e7,ACCEPT_DATA,DATA,110,1024,"unique file bytes received"
272.757,receiver,c6a331da-9a81-4072-a4e4-ab95fca774e7,SEND,ACK,110,36,""
272.763,receiver,c6a331da-9a81-4072-a4e4-ab95fca774e7,RECEIVE,DATA,115,1060,""
272.765,receiver,c6a331da-9a81-4072-a4e4-ab95fca774e7,OUT_OF_ORDER,DATA,115,0,"arrived before missing sequence=101"
272.768,receiver,c6a331da-9a81-4072-a4e4-ab95fca774e7,ACCEPT_DATA,DATA,115,1024,"unique file bytes received"
272.770,receiver,c6a331da-9a81-4072-a4e4-ab95fca774e7,SEND,ACK,115,36,""
286.648,receiver,c6a331da-9a81-4072-a4e4-ab95fca774e7,EMIT,ACK,86,36,""
286.678,receiver,c6a331da-9a81-4072-a4e4-ab95fca774e7,EMIT,ACK,87,36,""
286.687,receiver,c6a331da-9a81-4072-a4e4-ab95fca774e7,EMIT,ACK,84,36,""
286.695,receiver,c6a331da-9a81-4072-a4e4-ab95fca774e7,EMIT,ACK,67,36,""
286.703,receiver,c6a331da-9a81-4072-a4e4-ab95fca774e7,EMIT,ACK,78,36,""
286.711,receiver,c6a331da-9a81-4072-a4e4-ab95fca774e7,EMIT,ACK,71,36,""
286.719,receiver,c6a331da-9a81-4072-a4e4-ab95fca774e7,EMIT,ACK,91,36,""
286.727,receiver,c6a331da-9a81-4072-a4e4-ab95fca774e7,EMIT,ACK,94,36,""
286.736,receiver,c6a331da-9a81-4072-a4e4-ab95fca774e7,EMIT,ACK,124,36,""
286.744,receiver,c6a331da-9a81-4072-a4e4-ab95fca774e7,EMIT,ACK,103,36,""
286.752,receiver,c6a331da-9a81-4072-a4e4-ab95fca774e7,EMIT,ACK,85,36,""
286.760,receiver,c6a331da-9a81-4072-a4e4-ab95fca774e7,EMIT,ACK,81,36,""
286.768,receiver,c6a331da-9a81-4072-a4e4-ab95fca774e7,EMIT,ACK,88,36,""
286.777,receiver,c6a331da-9a81-4072-a4e4-ab95fca774e7,EMIT,ACK,100,36,""
286.785,receiver,c6a331da-9a81-4072-a4e4-ab95fca774e7,EMIT,ACK,89,36,""
286.793,receiver,c6a331da-9a81-4072-a4e4-ab95fca774e7,EMIT,ACK,79,36,""
286.801,receiver,c6a331da-9a81-4072-a4e4-ab95fca774e7,EMIT,ACK,80,36,""
286.809,receiver,c6a331da-9a81-4072-a4e4-ab95fca774e7,EMIT,ACK,108,36,""
286.830,receiver,c6a331da-9a81-4072-a4e4-ab95fca774e7,EMIT,ACK,106,36,""
286.998,receiver,c6a331da-9a81-4072-a4e4-ab95fca774e7,RECEIVE,DATA,109,1060,""
287.011,receiver,c6a331da-9a81-4072-a4e4-ab95fca774e7,OUT_OF_ORDER,DATA,109,0,"arrived before missing sequence=101"
287.015,receiver,c6a331da-9a81-4072-a4e4-ab95fca774e7,ACCEPT_DATA,DATA,109,1024,"unique file bytes received"
287.018,receiver,c6a331da-9a81-4072-a4e4-ab95fca774e7,SEND,ACK,109,36,""
287.033,receiver,c6a331da-9a81-4072-a4e4-ab95fca774e7,RECEIVE,DATA,117,1060,""
287.036,receiver,c6a331da-9a81-4072-a4e4-ab95fca774e7,OUT_OF_ORDER,DATA,117,0,"arrived before missing sequence=101"
287.039,receiver,c6a331da-9a81-4072-a4e4-ab95fca774e7,ACCEPT_DATA,DATA,117,1024,"unique file bytes received"
287.042,receiver,c6a331da-9a81-4072-a4e4-ab95fca774e7,SEND,ACK,117,36,""
287.048,receiver,c6a331da-9a81-4072-a4e4-ab95fca774e7,RECEIVE,DATA,101,1060,""
287.051,receiver,c6a331da-9a81-4072-a4e4-ab95fca774e7,ACCEPT_DATA,DATA,101,1024,"unique file bytes received"
287.053,receiver,c6a331da-9a81-4072-a4e4-ab95fca774e7,SEND,ACK,101,36,""
287.059,receiver,c6a331da-9a81-4072-a4e4-ab95fca774e7,RECEIVE,DATA,105,1060,""
287.062,receiver,c6a331da-9a81-4072-a4e4-ab95fca774e7,ACCEPT_DATA,DATA,105,1024,"unique file bytes received"
287.065,receiver,c6a331da-9a81-4072-a4e4-ab95fca774e7,SEND,ACK,105,36,""
287.070,receiver,c6a331da-9a81-4072-a4e4-ab95fca774e7,RECEIVE,DATA,118,1060,""
287.073,receiver,c6a331da-9a81-4072-a4e4-ab95fca774e7,ACCEPT_DATA,DATA,118,1024,"unique file bytes received"
287.076,receiver,c6a331da-9a81-4072-a4e4-ab95fca774e7,SEND,ACK,118,36,""
287.081,receiver,c6a331da-9a81-4072-a4e4-ab95fca774e7,RECEIVE,DATA,123,1060,""
287.084,receiver,c6a331da-9a81-4072-a4e4-ab95fca774e7,ACCEPT_DATA,DATA,123,1024,"unique file bytes received"
287.087,receiver,c6a331da-9a81-4072-a4e4-ab95fca774e7,SEND,ACK,123,36,""
302.668,receiver,c6a331da-9a81-4072-a4e4-ab95fca774e7,EMIT,ACK,77,36,""
302.735,receiver,c6a331da-9a81-4072-a4e4-ab95fca774e7,EMIT,ACK,83,36,""
302.750,receiver,c6a331da-9a81-4072-a4e4-ab95fca774e7,EMIT,ACK,104,36,""
302.760,receiver,c6a331da-9a81-4072-a4e4-ab95fca774e7,EMIT,ACK,76,36,""
302.769,receiver,c6a331da-9a81-4072-a4e4-ab95fca774e7,EMIT,ACK,92,36,""
302.778,receiver,c6a331da-9a81-4072-a4e4-ab95fca774e7,EMIT,ACK,97,36,""
302.787,receiver,c6a331da-9a81-4072-a4e4-ab95fca774e7,EMIT,ACK,99,36,""
302.800,receiver,c6a331da-9a81-4072-a4e4-ab95fca774e7,EMIT,ACK,125,36,""
302.809,receiver,c6a331da-9a81-4072-a4e4-ab95fca774e7,EMIT,ACK,69,36,""
302.818,receiver,c6a331da-9a81-4072-a4e4-ab95fca774e7,EMIT,ACK,66,36,""
302.827,receiver,c6a331da-9a81-4072-a4e4-ab95fca774e7,EMIT,ACK,82,36,""
302.836,receiver,c6a331da-9a81-4072-a4e4-ab95fca774e7,EMIT,ACK,107,36,""
302.845,receiver,c6a331da-9a81-4072-a4e4-ab95fca774e7,EMIT,ACK,72,36,""
302.854,receiver,c6a331da-9a81-4072-a4e4-ab95fca774e7,EMIT,ACK,75,36,""
302.863,receiver,c6a331da-9a81-4072-a4e4-ab95fca774e7,EMIT,ACK,64,36,""
302.872,receiver,c6a331da-9a81-4072-a4e4-ab95fca774e7,EMIT,ACK,126,36,""
302.882,receiver,c6a331da-9a81-4072-a4e4-ab95fca774e7,EMIT,ACK,95,36,""
302.891,receiver,c6a331da-9a81-4072-a4e4-ab95fca774e7,EMIT,ACK,102,36,""
302.900,receiver,c6a331da-9a81-4072-a4e4-ab95fca774e7,EMIT,ACK,119,36,""
302.909,receiver,c6a331da-9a81-4072-a4e4-ab95fca774e7,EMIT,ACK,74,36,""
302.918,receiver,c6a331da-9a81-4072-a4e4-ab95fca774e7,EMIT,ACK,93,36,""
302.927,receiver,c6a331da-9a81-4072-a4e4-ab95fca774e7,EMIT,ACK,113,36,""
302.938,receiver,c6a331da-9a81-4072-a4e4-ab95fca774e7,EMIT,ACK,73,36,""
302.947,receiver,c6a331da-9a81-4072-a4e4-ab95fca774e7,EMIT,ACK,121,36,""
317.722,receiver,c6a331da-9a81-4072-a4e4-ab95fca774e7,EMIT,ACK,116,36,""
317.756,receiver,c6a331da-9a81-4072-a4e4-ab95fca774e7,EMIT,ACK,114,36,""
317.766,receiver,c6a331da-9a81-4072-a4e4-ab95fca774e7,EMIT,ACK,96,36,""
317.774,receiver,c6a331da-9a81-4072-a4e4-ab95fca774e7,EMIT,ACK,110,36,""
317.782,receiver,c6a331da-9a81-4072-a4e4-ab95fca774e7,EMIT,ACK,122,36,""
317.790,receiver,c6a331da-9a81-4072-a4e4-ab95fca774e7,EMIT,ACK,90,36,""
317.798,receiver,c6a331da-9a81-4072-a4e4-ab95fca774e7,EMIT,ACK,70,36,""
317.807,receiver,c6a331da-9a81-4072-a4e4-ab95fca774e7,EMIT,ACK,127,36,""
317.815,receiver,c6a331da-9a81-4072-a4e4-ab95fca774e7,EMIT,ACK,112,36,""
317.822,receiver,c6a331da-9a81-4072-a4e4-ab95fca774e7,EMIT,ACK,98,36,""
317.830,receiver,c6a331da-9a81-4072-a4e4-ab95fca774e7,EMIT,ACK,68,36,""
317.838,receiver,c6a331da-9a81-4072-a4e4-ab95fca774e7,EMIT,ACK,117,36,""
317.846,receiver,c6a331da-9a81-4072-a4e4-ab95fca774e7,EMIT,ACK,120,36,""
317.854,receiver,c6a331da-9a81-4072-a4e4-ab95fca774e7,EMIT,ACK,115,36,""
333.200,receiver,c6a331da-9a81-4072-a4e4-ab95fca774e7,EMIT,ACK,101,36,""
333.242,receiver,c6a331da-9a81-4072-a4e4-ab95fca774e7,RECEIVE,DATA,129,1060,""
333.255,receiver,c6a331da-9a81-4072-a4e4-ab95fca774e7,OUT_OF_ORDER,DATA,129,0,"arrived before missing sequence=128"
333.259,receiver,c6a331da-9a81-4072-a4e4-ab95fca774e7,ACCEPT_DATA,DATA,129,1024,"unique file bytes received"
333.263,receiver,c6a331da-9a81-4072-a4e4-ab95fca774e7,SEND,ACK,129,36,""
333.268,receiver,c6a331da-9a81-4072-a4e4-ab95fca774e7,EMIT,ACK,111,36,""
333.281,receiver,c6a331da-9a81-4072-a4e4-ab95fca774e7,EMIT,ACK,109,36,""
333.290,receiver,c6a331da-9a81-4072-a4e4-ab95fca774e7,EMIT,ACK,118,36,""
333.298,receiver,c6a331da-9a81-4072-a4e4-ab95fca774e7,EMIT,ACK,105,36,""
349.122,receiver,c6a331da-9a81-4072-a4e4-ab95fca774e7,EMIT,ACK,123,36,""
349.257,receiver,c6a331da-9a81-4072-a4e4-ab95fca774e7,RECEIVE,DATA,130,1060,""
349.288,receiver,c6a331da-9a81-4072-a4e4-ab95fca774e7,OUT_OF_ORDER,DATA,130,0,"arrived before missing sequence=128"
349.301,receiver,c6a331da-9a81-4072-a4e4-ab95fca774e7,ACCEPT_DATA,DATA,130,1024,"unique file bytes received"
349.311,receiver,c6a331da-9a81-4072-a4e4-ab95fca774e7,SEND,ACK,130,36,""
349.355,receiver,c6a331da-9a81-4072-a4e4-ab95fca774e7,RECEIVE,DATA,128,1060,""
349.460,receiver,c6a331da-9a81-4072-a4e4-ab95fca774e7,ACCEPT_DATA,DATA,128,1024,"unique file bytes received"
349.472,receiver,c6a331da-9a81-4072-a4e4-ab95fca774e7,SEND,ACK,128,36,""
349.512,receiver,c6a331da-9a81-4072-a4e4-ab95fca774e7,RECEIVE,DATA,155,1060,""
349.525,receiver,c6a331da-9a81-4072-a4e4-ab95fca774e7,OUT_OF_ORDER,DATA,155,0,"arrived before missing sequence=131"
349.534,receiver,c6a331da-9a81-4072-a4e4-ab95fca774e7,ACCEPT_DATA,DATA,155,1024,"unique file bytes received"
349.542,receiver,c6a331da-9a81-4072-a4e4-ab95fca774e7,SEND,ACK,155,36,""
349.565,receiver,c6a331da-9a81-4072-a4e4-ab95fca774e7,RECEIVE,DATA,163,1060,""
349.588,receiver,c6a331da-9a81-4072-a4e4-ab95fca774e7,OUT_OF_ORDER,DATA,163,0,"arrived before missing sequence=131"
349.604,receiver,c6a331da-9a81-4072-a4e4-ab95fca774e7,ACCEPT_DATA,DATA,163,1024,"unique file bytes received"
349.612,receiver,c6a331da-9a81-4072-a4e4-ab95fca774e7,SEND,ACK,163,36,""
349.636,receiver,c6a331da-9a81-4072-a4e4-ab95fca774e7,RECEIVE,DATA,138,1060,""
349.647,receiver,c6a331da-9a81-4072-a4e4-ab95fca774e7,OUT_OF_ORDER,DATA,138,0,"arrived before missing sequence=131"
349.655,receiver,c6a331da-9a81-4072-a4e4-ab95fca774e7,ACCEPT_DATA,DATA,138,1024,"unique file bytes received"
349.664,receiver,c6a331da-9a81-4072-a4e4-ab95fca774e7,SEND,ACK,138,36,""
349.688,receiver,c6a331da-9a81-4072-a4e4-ab95fca774e7,RECEIVE,DATA,140,1060,""
349.699,receiver,c6a331da-9a81-4072-a4e4-ab95fca774e7,OUT_OF_ORDER,DATA,140,0,"arrived before missing sequence=131"
349.707,receiver,c6a331da-9a81-4072-a4e4-ab95fca774e7,ACCEPT_DATA,DATA,140,1024,"unique file bytes received"
349.715,receiver,c6a331da-9a81-4072-a4e4-ab95fca774e7,SEND,ACK,140,36,""
349.746,receiver,c6a331da-9a81-4072-a4e4-ab95fca774e7,RECEIVE,DATA,164,1060,""
349.756,receiver,c6a331da-9a81-4072-a4e4-ab95fca774e7,OUT_OF_ORDER,DATA,164,0,"arrived before missing sequence=131"
349.766,receiver,c6a331da-9a81-4072-a4e4-ab95fca774e7,ACCEPT_DATA,DATA,164,1024,"unique file bytes received"
349.774,receiver,c6a331da-9a81-4072-a4e4-ab95fca774e7,SEND,ACK,164,36,""
349.794,receiver,c6a331da-9a81-4072-a4e4-ab95fca774e7,RECEIVE,DATA,148,1060,""
349.805,receiver,c6a331da-9a81-4072-a4e4-ab95fca774e7,OUT_OF_ORDER,DATA,148,0,"arrived before missing sequence=131"
349.813,receiver,c6a331da-9a81-4072-a4e4-ab95fca774e7,ACCEPT_DATA,DATA,148,1024,"unique file bytes received"
349.820,receiver,c6a331da-9a81-4072-a4e4-ab95fca774e7,SEND,ACK,148,36,""
364.533,receiver,c6a331da-9a81-4072-a4e4-ab95fca774e7,RECEIVE,DATA,139,1060,""
364.548,receiver,c6a331da-9a81-4072-a4e4-ab95fca774e7,OUT_OF_ORDER,DATA,139,0,"arrived before missing sequence=131"
364.551,receiver,c6a331da-9a81-4072-a4e4-ab95fca774e7,ACCEPT_DATA,DATA,139,1024,"unique file bytes received"
364.554,receiver,c6a331da-9a81-4072-a4e4-ab95fca774e7,SEND,ACK,139,36,""
364.568,receiver,c6a331da-9a81-4072-a4e4-ab95fca774e7,RECEIVE,DATA,161,1060,""
364.572,receiver,c6a331da-9a81-4072-a4e4-ab95fca774e7,OUT_OF_ORDER,DATA,161,0,"arrived before missing sequence=131"
364.574,receiver,c6a331da-9a81-4072-a4e4-ab95fca774e7,ACCEPT_DATA,DATA,161,1024,"unique file bytes received"
364.577,receiver,c6a331da-9a81-4072-a4e4-ab95fca774e7,SEND,ACK,161,36,""
364.582,receiver,c6a331da-9a81-4072-a4e4-ab95fca774e7,RECEIVE,DATA,136,1060,""
364.585,receiver,c6a331da-9a81-4072-a4e4-ab95fca774e7,OUT_OF_ORDER,DATA,136,0,"arrived before missing sequence=131"
364.588,receiver,c6a331da-9a81-4072-a4e4-ab95fca774e7,ACCEPT_DATA,DATA,136,1024,"unique file bytes received"
364.590,receiver,c6a331da-9a81-4072-a4e4-ab95fca774e7,SEND,ACK,136,36,""
364.596,receiver,c6a331da-9a81-4072-a4e4-ab95fca774e7,RECEIVE,DATA,150,1060,""
364.598,receiver,c6a331da-9a81-4072-a4e4-ab95fca774e7,OUT_OF_ORDER,DATA,150,0,"arrived before missing sequence=131"
364.601,receiver,c6a331da-9a81-4072-a4e4-ab95fca774e7,ACCEPT_DATA,DATA,150,1024,"unique file bytes received"
364.603,receiver,c6a331da-9a81-4072-a4e4-ab95fca774e7,SEND,ACK,150,36,""
364.609,receiver,c6a331da-9a81-4072-a4e4-ab95fca774e7,RECEIVE,DATA,152,1060,""
364.612,receiver,c6a331da-9a81-4072-a4e4-ab95fca774e7,OUT_OF_ORDER,DATA,152,0,"arrived before missing sequence=131"
364.614,receiver,c6a331da-9a81-4072-a4e4-ab95fca774e7,ACCEPT_DATA,DATA,152,1024,"unique file bytes received"
364.617,receiver,c6a331da-9a81-4072-a4e4-ab95fca774e7,SEND,ACK,152,36,""
364.622,receiver,c6a331da-9a81-4072-a4e4-ab95fca774e7,RECEIVE,DATA,131,1060,""
364.625,receiver,c6a331da-9a81-4072-a4e4-ab95fca774e7,ACCEPT_DATA,DATA,131,1024,"unique file bytes received"
364.627,receiver,c6a331da-9a81-4072-a4e4-ab95fca774e7,SEND,ACK,131,36,""
364.633,receiver,c6a331da-9a81-4072-a4e4-ab95fca774e7,RECEIVE,DATA,135,1060,""
364.635,receiver,c6a331da-9a81-4072-a4e4-ab95fca774e7,OUT_OF_ORDER,DATA,135,0,"arrived before missing sequence=132"
364.638,receiver,c6a331da-9a81-4072-a4e4-ab95fca774e7,ACCEPT_DATA,DATA,135,1024,"unique file bytes received"
364.640,receiver,c6a331da-9a81-4072-a4e4-ab95fca774e7,SEND,ACK,135,36,""
364.646,receiver,c6a331da-9a81-4072-a4e4-ab95fca774e7,RECEIVE,DATA,141,1060,""
364.649,receiver,c6a331da-9a81-4072-a4e4-ab95fca774e7,OUT_OF_ORDER,DATA,141,0,"arrived before missing sequence=132"
364.651,receiver,c6a331da-9a81-4072-a4e4-ab95fca774e7,ACCEPT_DATA,DATA,141,1024,"unique file bytes received"
364.654,receiver,c6a331da-9a81-4072-a4e4-ab95fca774e7,SEND,ACK,141,36,""
364.659,receiver,c6a331da-9a81-4072-a4e4-ab95fca774e7,RECEIVE,DATA,137,1060,""
364.662,receiver,c6a331da-9a81-4072-a4e4-ab95fca774e7,OUT_OF_ORDER,DATA,137,0,"arrived before missing sequence=132"
364.664,receiver,c6a331da-9a81-4072-a4e4-ab95fca774e7,ACCEPT_DATA,DATA,137,1024,"unique file bytes received"
364.667,receiver,c6a331da-9a81-4072-a4e4-ab95fca774e7,SEND,ACK,137,36,""
364.672,receiver,c6a331da-9a81-4072-a4e4-ab95fca774e7,RECEIVE,DATA,134,1060,""
364.675,receiver,c6a331da-9a81-4072-a4e4-ab95fca774e7,OUT_OF_ORDER,DATA,134,0,"arrived before missing sequence=132"
364.677,receiver,c6a331da-9a81-4072-a4e4-ab95fca774e7,ACCEPT_DATA,DATA,134,1024,"unique file bytes received"
364.679,receiver,c6a331da-9a81-4072-a4e4-ab95fca774e7,SEND,ACK,134,36,""
364.685,receiver,c6a331da-9a81-4072-a4e4-ab95fca774e7,RECEIVE,DATA,149,1060,""
364.687,receiver,c6a331da-9a81-4072-a4e4-ab95fca774e7,OUT_OF_ORDER,DATA,149,0,"arrived before missing sequence=132"
364.690,receiver,c6a331da-9a81-4072-a4e4-ab95fca774e7,ACCEPT_DATA,DATA,149,1024,"unique file bytes received"
364.692,receiver,c6a331da-9a81-4072-a4e4-ab95fca774e7,SEND,ACK,149,36,""
364.698,receiver,c6a331da-9a81-4072-a4e4-ab95fca774e7,RECEIVE,DATA,151,1060,""
364.700,receiver,c6a331da-9a81-4072-a4e4-ab95fca774e7,OUT_OF_ORDER,DATA,151,0,"arrived before missing sequence=132"
364.703,receiver,c6a331da-9a81-4072-a4e4-ab95fca774e7,ACCEPT_DATA,DATA,151,1024,"unique file bytes received"
364.705,receiver,c6a331da-9a81-4072-a4e4-ab95fca774e7,SEND,ACK,151,36,""
364.711,receiver,c6a331da-9a81-4072-a4e4-ab95fca774e7,RECEIVE,DATA,146,1060,""
364.713,receiver,c6a331da-9a81-4072-a4e4-ab95fca774e7,OUT_OF_ORDER,DATA,146,0,"arrived before missing sequence=132"
364.716,receiver,c6a331da-9a81-4072-a4e4-ab95fca774e7,ACCEPT_DATA,DATA,146,1024,"unique file bytes received"
364.719,receiver,c6a331da-9a81-4072-a4e4-ab95fca774e7,SEND,ACK,146,36,""
364.724,receiver,c6a331da-9a81-4072-a4e4-ab95fca774e7,RECEIVE,DATA,154,1060,""
364.727,receiver,c6a331da-9a81-4072-a4e4-ab95fca774e7,OUT_OF_ORDER,DATA,154,0,"arrived before missing sequence=132"
364.729,receiver,c6a331da-9a81-4072-a4e4-ab95fca774e7,ACCEPT_DATA,DATA,154,1024,"unique file bytes received"
364.731,receiver,c6a331da-9a81-4072-a4e4-ab95fca774e7,SEND,ACK,154,36,""
364.736,receiver,c6a331da-9a81-4072-a4e4-ab95fca774e7,RECEIVE,DATA,175,1060,""
364.746,receiver,c6a331da-9a81-4072-a4e4-ab95fca774e7,OUT_OF_ORDER,DATA,175,0,"arrived before missing sequence=132"
364.749,receiver,c6a331da-9a81-4072-a4e4-ab95fca774e7,ACCEPT_DATA,DATA,175,1024,"unique file bytes received"
364.751,receiver,c6a331da-9a81-4072-a4e4-ab95fca774e7,SEND,ACK,175,36,""
364.756,receiver,c6a331da-9a81-4072-a4e4-ab95fca774e7,RECEIVE,DATA,153,1060,""
364.759,receiver,c6a331da-9a81-4072-a4e4-ab95fca774e7,OUT_OF_ORDER,DATA,153,0,"arrived before missing sequence=132"
364.796,receiver,c6a331da-9a81-4072-a4e4-ab95fca774e7,ACCEPT_DATA,DATA,153,1024,"unique file bytes received"
364.799,receiver,c6a331da-9a81-4072-a4e4-ab95fca774e7,SEND,ACK,153,36,""
364.804,receiver,c6a331da-9a81-4072-a4e4-ab95fca774e7,RECEIVE,DATA,156,1060,""
364.807,receiver,c6a331da-9a81-4072-a4e4-ab95fca774e7,OUT_OF_ORDER,DATA,156,0,"arrived before missing sequence=132"
364.809,receiver,c6a331da-9a81-4072-a4e4-ab95fca774e7,ACCEPT_DATA,DATA,156,1024,"unique file bytes received"
364.811,receiver,c6a331da-9a81-4072-a4e4-ab95fca774e7,SEND,ACK,156,36,""
364.816,receiver,c6a331da-9a81-4072-a4e4-ab95fca774e7,RECEIVE,DATA,180,1060,""
364.819,receiver,c6a331da-9a81-4072-a4e4-ab95fca774e7,OUT_OF_ORDER,DATA,180,0,"arrived before missing sequence=132"
364.822,receiver,c6a331da-9a81-4072-a4e4-ab95fca774e7,ACCEPT_DATA,DATA,180,1024,"unique file bytes received"
364.824,receiver,c6a331da-9a81-4072-a4e4-ab95fca774e7,SEND,ACK,180,36,""
364.829,receiver,c6a331da-9a81-4072-a4e4-ab95fca774e7,RECEIVE,DATA,133,1060,""
364.832,receiver,c6a331da-9a81-4072-a4e4-ab95fca774e7,OUT_OF_ORDER,DATA,133,0,"arrived before missing sequence=132"
364.834,receiver,c6a331da-9a81-4072-a4e4-ab95fca774e7,ACCEPT_DATA,DATA,133,1024,"unique file bytes received"
364.837,receiver,c6a331da-9a81-4072-a4e4-ab95fca774e7,SEND,ACK,133,36,""
364.842,receiver,c6a331da-9a81-4072-a4e4-ab95fca774e7,RECEIVE,DATA,169,1060,""
364.844,receiver,c6a331da-9a81-4072-a4e4-ab95fca774e7,OUT_OF_ORDER,DATA,169,0,"arrived before missing sequence=132"
364.847,receiver,c6a331da-9a81-4072-a4e4-ab95fca774e7,ACCEPT_DATA,DATA,169,1024,"unique file bytes received"
364.849,receiver,c6a331da-9a81-4072-a4e4-ab95fca774e7,SEND,ACK,169,36,""
364.854,receiver,c6a331da-9a81-4072-a4e4-ab95fca774e7,RECEIVE,DATA,176,1060,""
364.857,receiver,c6a331da-9a81-4072-a4e4-ab95fca774e7,OUT_OF_ORDER,DATA,176,0,"arrived before missing sequence=132"
364.859,receiver,c6a331da-9a81-4072-a4e4-ab95fca774e7,ACCEPT_DATA,DATA,176,1024,"unique file bytes received"
364.862,receiver,c6a331da-9a81-4072-a4e4-ab95fca774e7,SEND,ACK,176,36,""
364.867,receiver,c6a331da-9a81-4072-a4e4-ab95fca774e7,RECEIVE,DATA,184,1060,""
364.870,receiver,c6a331da-9a81-4072-a4e4-ab95fca774e7,OUT_OF_ORDER,DATA,184,0,"arrived before missing sequence=132"
364.872,receiver,c6a331da-9a81-4072-a4e4-ab95fca774e7,ACCEPT_DATA,DATA,184,1024,"unique file bytes received"
364.874,receiver,c6a331da-9a81-4072-a4e4-ab95fca774e7,SEND,ACK,184,36,""
364.879,receiver,c6a331da-9a81-4072-a4e4-ab95fca774e7,RECEIVE,DATA,142,1060,""
364.882,receiver,c6a331da-9a81-4072-a4e4-ab95fca774e7,OUT_OF_ORDER,DATA,142,0,"arrived before missing sequence=132"
364.884,receiver,c6a331da-9a81-4072-a4e4-ab95fca774e7,ACCEPT_DATA,DATA,142,1024,"unique file bytes received"
364.887,receiver,c6a331da-9a81-4072-a4e4-ab95fca774e7,SEND,ACK,142,36,""
364.892,receiver,c6a331da-9a81-4072-a4e4-ab95fca774e7,RECEIVE,DATA,147,1060,""
364.895,receiver,c6a331da-9a81-4072-a4e4-ab95fca774e7,OUT_OF_ORDER,DATA,147,0,"arrived before missing sequence=132"
364.897,receiver,c6a331da-9a81-4072-a4e4-ab95fca774e7,ACCEPT_DATA,DATA,147,1024,"unique file bytes received"
364.899,receiver,c6a331da-9a81-4072-a4e4-ab95fca774e7,SEND,ACK,147,36,""
364.904,receiver,c6a331da-9a81-4072-a4e4-ab95fca774e7,RECEIVE,DATA,158,1060,""
364.907,receiver,c6a331da-9a81-4072-a4e4-ab95fca774e7,OUT_OF_ORDER,DATA,158,0,"arrived before missing sequence=132"
364.909,receiver,c6a331da-9a81-4072-a4e4-ab95fca774e7,ACCEPT_DATA,DATA,158,1024,"unique file bytes received"
364.912,receiver,c6a331da-9a81-4072-a4e4-ab95fca774e7,SEND,ACK,158,36,""
364.917,receiver,c6a331da-9a81-4072-a4e4-ab95fca774e7,RECEIVE,DATA,168,1060,""
364.920,receiver,c6a331da-9a81-4072-a4e4-ab95fca774e7,OUT_OF_ORDER,DATA,168,0,"arrived before missing sequence=132"
364.922,receiver,c6a331da-9a81-4072-a4e4-ab95fca774e7,ACCEPT_DATA,DATA,168,1024,"unique file bytes received"
364.925,receiver,c6a331da-9a81-4072-a4e4-ab95fca774e7,SEND,ACK,168,36,""
364.930,receiver,c6a331da-9a81-4072-a4e4-ab95fca774e7,RECEIVE,DATA,172,1060,""
364.933,receiver,c6a331da-9a81-4072-a4e4-ab95fca774e7,OUT_OF_ORDER,DATA,172,0,"arrived before missing sequence=132"
364.935,receiver,c6a331da-9a81-4072-a4e4-ab95fca774e7,ACCEPT_DATA,DATA,172,1024,"unique file bytes received"
364.938,receiver,c6a331da-9a81-4072-a4e4-ab95fca774e7,SEND,ACK,172,36,""
364.942,receiver,c6a331da-9a81-4072-a4e4-ab95fca774e7,RECEIVE,DATA,160,1060,""
364.945,receiver,c6a331da-9a81-4072-a4e4-ab95fca774e7,OUT_OF_ORDER,DATA,160,0,"arrived before missing sequence=132"
364.948,receiver,c6a331da-9a81-4072-a4e4-ab95fca774e7,ACCEPT_DATA,DATA,160,1024,"unique file bytes received"
364.950,receiver,c6a331da-9a81-4072-a4e4-ab95fca774e7,SEND,ACK,160,36,""
364.955,receiver,c6a331da-9a81-4072-a4e4-ab95fca774e7,RECEIVE,DATA,177,1060,""
364.958,receiver,c6a331da-9a81-4072-a4e4-ab95fca774e7,OUT_OF_ORDER,DATA,177,0,"arrived before missing sequence=132"
364.960,receiver,c6a331da-9a81-4072-a4e4-ab95fca774e7,ACCEPT_DATA,DATA,177,1024,"unique file bytes received"
364.963,receiver,c6a331da-9a81-4072-a4e4-ab95fca774e7,SEND,ACK,177,36,""
364.968,receiver,c6a331da-9a81-4072-a4e4-ab95fca774e7,RECEIVE,DATA,178,1060,""
364.971,receiver,c6a331da-9a81-4072-a4e4-ab95fca774e7,OUT_OF_ORDER,DATA,178,0,"arrived before missing sequence=132"
364.973,receiver,c6a331da-9a81-4072-a4e4-ab95fca774e7,ACCEPT_DATA,DATA,178,1024,"unique file bytes received"
364.975,receiver,c6a331da-9a81-4072-a4e4-ab95fca774e7,SEND,ACK,178,36,""
364.980,receiver,c6a331da-9a81-4072-a4e4-ab95fca774e7,RECEIVE,DATA,183,1060,""
364.983,receiver,c6a331da-9a81-4072-a4e4-ab95fca774e7,OUT_OF_ORDER,DATA,183,0,"arrived before missing sequence=132"
364.985,receiver,c6a331da-9a81-4072-a4e4-ab95fca774e7,ACCEPT_DATA,DATA,183,1024,"unique file bytes received"
364.988,receiver,c6a331da-9a81-4072-a4e4-ab95fca774e7,SEND,ACK,183,36,""
380.467,receiver,c6a331da-9a81-4072-a4e4-ab95fca774e7,EMIT,ACK,129,36,""
380.513,receiver,c6a331da-9a81-4072-a4e4-ab95fca774e7,EMIT,ACK,148,36,""
380.536,receiver,c6a331da-9a81-4072-a4e4-ab95fca774e7,RECEIVE,DATA,162,1060,""
380.553,receiver,c6a331da-9a81-4072-a4e4-ab95fca774e7,OUT_OF_ORDER,DATA,162,0,"arrived before missing sequence=132"
380.557,receiver,c6a331da-9a81-4072-a4e4-ab95fca774e7,ACCEPT_DATA,DATA,162,1024,"unique file bytes received"
380.560,receiver,c6a331da-9a81-4072-a4e4-ab95fca774e7,SEND,ACK,162,36,""
380.574,receiver,c6a331da-9a81-4072-a4e4-ab95fca774e7,RECEIVE,DATA,132,1060,""
380.578,receiver,c6a331da-9a81-4072-a4e4-ab95fca774e7,ACCEPT_DATA,DATA,132,1024,"unique file bytes received"
380.580,receiver,c6a331da-9a81-4072-a4e4-ab95fca774e7,SEND,ACK,132,36,""
380.590,receiver,c6a331da-9a81-4072-a4e4-ab95fca774e7,RECEIVE,DATA,145,1060,""
380.593,receiver,c6a331da-9a81-4072-a4e4-ab95fca774e7,OUT_OF_ORDER,DATA,145,0,"arrived before missing sequence=143"
380.596,receiver,c6a331da-9a81-4072-a4e4-ab95fca774e7,ACCEPT_DATA,DATA,145,1024,"unique file bytes received"
380.598,receiver,c6a331da-9a81-4072-a4e4-ab95fca774e7,SEND,ACK,145,36,""
380.604,receiver,c6a331da-9a81-4072-a4e4-ab95fca774e7,RECEIVE,DATA,143,1060,""
380.607,receiver,c6a331da-9a81-4072-a4e4-ab95fca774e7,ACCEPT_DATA,DATA,143,1024,"unique file bytes received"
380.609,receiver,c6a331da-9a81-4072-a4e4-ab95fca774e7,SEND,ACK,143,36,""
380.615,receiver,c6a331da-9a81-4072-a4e4-ab95fca774e7,RECEIVE,DATA,144,1060,""
380.618,receiver,c6a331da-9a81-4072-a4e4-ab95fca774e7,ACCEPT_DATA,DATA,144,1024,"unique file bytes received"
380.620,receiver,c6a331da-9a81-4072-a4e4-ab95fca774e7,SEND,ACK,144,36,""
380.626,receiver,c6a331da-9a81-4072-a4e4-ab95fca774e7,RECEIVE,DATA,157,1060,""
380.629,receiver,c6a331da-9a81-4072-a4e4-ab95fca774e7,ACCEPT_DATA,DATA,157,1024,"unique file bytes received"
380.631,receiver,c6a331da-9a81-4072-a4e4-ab95fca774e7,SEND,ACK,157,36,""
380.636,receiver,c6a331da-9a81-4072-a4e4-ab95fca774e7,RECEIVE,DATA,159,1060,""
380.639,receiver,c6a331da-9a81-4072-a4e4-ab95fca774e7,ACCEPT_DATA,DATA,159,1024,"unique file bytes received"
380.642,receiver,c6a331da-9a81-4072-a4e4-ab95fca774e7,SEND,ACK,159,36,""
380.680,receiver,c6a331da-9a81-4072-a4e4-ab95fca774e7,RECEIVE,DATA,171,1060,""
380.706,receiver,c6a331da-9a81-4072-a4e4-ab95fca774e7,OUT_OF_ORDER,DATA,171,0,"arrived before missing sequence=165"
380.709,receiver,c6a331da-9a81-4072-a4e4-ab95fca774e7,ACCEPT_DATA,DATA,171,1024,"unique file bytes received"
380.711,receiver,c6a331da-9a81-4072-a4e4-ab95fca774e7,SEND,ACK,171,36,""
380.718,receiver,c6a331da-9a81-4072-a4e4-ab95fca774e7,RECEIVE,DATA,173,1060,""
380.721,receiver,c6a331da-9a81-4072-a4e4-ab95fca774e7,OUT_OF_ORDER,DATA,173,0,"arrived before missing sequence=165"
380.724,receiver,c6a331da-9a81-4072-a4e4-ab95fca774e7,ACCEPT_DATA,DATA,173,1024,"unique file bytes received"
380.726,receiver,c6a331da-9a81-4072-a4e4-ab95fca774e7,SEND,ACK,173,36,""
380.731,receiver,c6a331da-9a81-4072-a4e4-ab95fca774e7,RECEIVE,DATA,165,1060,""
380.735,receiver,c6a331da-9a81-4072-a4e4-ab95fca774e7,ACCEPT_DATA,DATA,165,1024,"unique file bytes received"
380.737,receiver,c6a331da-9a81-4072-a4e4-ab95fca774e7,SEND,ACK,165,36,""
380.742,receiver,c6a331da-9a81-4072-a4e4-ab95fca774e7,RECEIVE,DATA,174,1060,""
380.745,receiver,c6a331da-9a81-4072-a4e4-ab95fca774e7,OUT_OF_ORDER,DATA,174,0,"arrived before missing sequence=166"
380.747,receiver,c6a331da-9a81-4072-a4e4-ab95fca774e7,ACCEPT_DATA,DATA,174,1024,"unique file bytes received"
380.750,receiver,c6a331da-9a81-4072-a4e4-ab95fca774e7,SEND,ACK,174,36,""
380.755,receiver,c6a331da-9a81-4072-a4e4-ab95fca774e7,RECEIVE,DATA,186,1060,""
380.758,receiver,c6a331da-9a81-4072-a4e4-ab95fca774e7,OUT_OF_ORDER,DATA,186,0,"arrived before missing sequence=166"
380.760,receiver,c6a331da-9a81-4072-a4e4-ab95fca774e7,ACCEPT_DATA,DATA,186,1024,"unique file bytes received"
380.773,receiver,c6a331da-9a81-4072-a4e4-ab95fca774e7,SEND,ACK,186,36,""
380.780,receiver,c6a331da-9a81-4072-a4e4-ab95fca774e7,RECEIVE,DATA,167,1060,""
380.783,receiver,c6a331da-9a81-4072-a4e4-ab95fca774e7,OUT_OF_ORDER,DATA,167,0,"arrived before missing sequence=166"
380.786,receiver,c6a331da-9a81-4072-a4e4-ab95fca774e7,ACCEPT_DATA,DATA,167,1024,"unique file bytes received"
380.788,receiver,c6a331da-9a81-4072-a4e4-ab95fca774e7,SEND,ACK,167,36,""
380.793,receiver,c6a331da-9a81-4072-a4e4-ab95fca774e7,RECEIVE,DATA,188,1060,""
380.796,receiver,c6a331da-9a81-4072-a4e4-ab95fca774e7,OUT_OF_ORDER,DATA,188,0,"arrived before missing sequence=166"
380.799,receiver,c6a331da-9a81-4072-a4e4-ab95fca774e7,ACCEPT_DATA,DATA,188,1024,"unique file bytes received"
380.801,receiver,c6a331da-9a81-4072-a4e4-ab95fca774e7,SEND,ACK,188,36,""
380.806,receiver,c6a331da-9a81-4072-a4e4-ab95fca774e7,RECEIVE,DATA,170,1060,""
380.827,receiver,c6a331da-9a81-4072-a4e4-ab95fca774e7,OUT_OF_ORDER,DATA,170,0,"arrived before missing sequence=166"
380.830,receiver,c6a331da-9a81-4072-a4e4-ab95fca774e7,ACCEPT_DATA,DATA,170,1024,"unique file bytes received"
380.833,receiver,c6a331da-9a81-4072-a4e4-ab95fca774e7,SEND,ACK,170,36,""
380.839,receiver,c6a331da-9a81-4072-a4e4-ab95fca774e7,RECEIVE,DATA,179,1060,""
380.842,receiver,c6a331da-9a81-4072-a4e4-ab95fca774e7,OUT_OF_ORDER,DATA,179,0,"arrived before missing sequence=166"
380.844,receiver,c6a331da-9a81-4072-a4e4-ab95fca774e7,ACCEPT_DATA,DATA,179,1024,"unique file bytes received"
380.847,receiver,c6a331da-9a81-4072-a4e4-ab95fca774e7,SEND,ACK,179,36,""
380.852,receiver,c6a331da-9a81-4072-a4e4-ab95fca774e7,RECEIVE,DATA,181,1060,""
380.855,receiver,c6a331da-9a81-4072-a4e4-ab95fca774e7,OUT_OF_ORDER,DATA,181,0,"arrived before missing sequence=166"
380.857,receiver,c6a331da-9a81-4072-a4e4-ab95fca774e7,ACCEPT_DATA,DATA,181,1024,"unique file bytes received"
380.859,receiver,c6a331da-9a81-4072-a4e4-ab95fca774e7,SEND,ACK,181,36,""
380.865,receiver,c6a331da-9a81-4072-a4e4-ab95fca774e7,RECEIVE,DATA,185,1060,""
380.868,receiver,c6a331da-9a81-4072-a4e4-ab95fca774e7,OUT_OF_ORDER,DATA,185,0,"arrived before missing sequence=166"
380.870,receiver,c6a331da-9a81-4072-a4e4-ab95fca774e7,ACCEPT_DATA,DATA,185,1024,"unique file bytes received"
380.873,receiver,c6a331da-9a81-4072-a4e4-ab95fca774e7,SEND,ACK,185,36,""
396.827,receiver,c6a331da-9a81-4072-a4e4-ab95fca774e7,EMIT,ACK,140,36,""
396.840,receiver,c6a331da-9a81-4072-a4e4-ab95fca774e7,RECEIVE,DATA,191,1060,""
396.852,receiver,c6a331da-9a81-4072-a4e4-ab95fca774e7,OUT_OF_ORDER,DATA,191,0,"arrived before missing sequence=166"
396.856,receiver,c6a331da-9a81-4072-a4e4-ab95fca774e7,ACCEPT_DATA,DATA,191,1024,"unique file bytes received"
396.859,receiver,c6a331da-9a81-4072-a4e4-ab95fca774e7,SEND,ACK,191,36,""
396.870,receiver,c6a331da-9a81-4072-a4e4-ab95fca774e7,EMIT,ACK,138,36,""
396.874,receiver,c6a331da-9a81-4072-a4e4-ab95fca774e7,RECEIVE,DATA,182,1060,""
396.877,receiver,c6a331da-9a81-4072-a4e4-ab95fca774e7,OUT_OF_ORDER,DATA,182,0,"arrived before missing sequence=166"
396.880,receiver,c6a331da-9a81-4072-a4e4-ab95fca774e7,ACCEPT_DATA,DATA,182,1024,"unique file bytes received"
396.883,receiver,c6a331da-9a81-4072-a4e4-ab95fca774e7,SEND,ACK,182,36,""
396.886,receiver,c6a331da-9a81-4072-a4e4-ab95fca774e7,EMIT,ACK,164,36,""
396.890,receiver,c6a331da-9a81-4072-a4e4-ab95fca774e7,RECEIVE,DATA,166,1060,""
396.893,receiver,c6a331da-9a81-4072-a4e4-ab95fca774e7,ACCEPT_DATA,DATA,166,1024,"unique file bytes received"
396.896,receiver,c6a331da-9a81-4072-a4e4-ab95fca774e7,SEND,ACK,166,36,""
396.899,receiver,c6a331da-9a81-4072-a4e4-ab95fca774e7,EMIT,ACK,176,36,""
396.902,receiver,c6a331da-9a81-4072-a4e4-ab95fca774e7,RECEIVE,DATA,189,1060,""
396.905,receiver,c6a331da-9a81-4072-a4e4-ab95fca774e7,OUT_OF_ORDER,DATA,189,0,"arrived before missing sequence=187"
396.908,receiver,c6a331da-9a81-4072-a4e4-ab95fca774e7,EMIT,ACK,151,36,""
396.911,receiver,c6a331da-9a81-4072-a4e4-ab95fca774e7,ACCEPT_DATA,DATA,189,1024,"unique file bytes received"
396.913,receiver,c6a331da-9a81-4072-a4e4-ab95fca774e7,SEND,ACK,189,36,""
396.916,receiver,c6a331da-9a81-4072-a4e4-ab95fca774e7,EMIT,ACK,156,36,""
396.922,receiver,c6a331da-9a81-4072-a4e4-ab95fca774e7,RECEIVE,DATA,190,1060,""
396.925,receiver,c6a331da-9a81-4072-a4e4-ab95fca774e7,EMIT,ACK,180,36,""
396.928,receiver,c6a331da-9a81-4072-a4e4-ab95fca774e7,OUT_OF_ORDER,DATA,190,0,"arrived before missing sequence=187"
396.930,receiver,c6a331da-9a81-4072-a4e4-ab95fca774e7,ACCEPT_DATA,DATA,190,1024,"unique file bytes received"
396.933,receiver,c6a331da-9a81-4072-a4e4-ab95fca774e7,EMIT,ACK,184,36,""
396.936,receiver,c6a331da-9a81-4072-a4e4-ab95fca774e7,SEND,ACK,190,36,""
396.941,receiver,c6a331da-9a81-4072-a4e4-ab95fca774e7,EMIT,ACK,150,36,""
396.950,receiver,c6a331da-9a81-4072-a4e4-ab95fca774e7,EMIT,ACK,130,36,""
396.957,receiver,c6a331da-9a81-4072-a4e4-ab95fca774e7,EMIT,ACK,183,36,""
396.965,receiver,c6a331da-9a81-4072-a4e4-ab95fca774e7,EMIT,ACK,139,36,""
396.973,receiver,c6a331da-9a81-4072-a4e4-ab95fca774e7,EMIT,ACK,161,36,""
396.981,receiver,c6a331da-9a81-4072-a4e4-ab95fca774e7,EMIT,ACK,128,36,""
396.988,receiver,c6a331da-9a81-4072-a4e4-ab95fca774e7,EMIT,ACK,155,36,""
396.996,receiver,c6a331da-9a81-4072-a4e4-ab95fca774e7,EMIT,ACK,133,36,""
412.668,receiver,c6a331da-9a81-4072-a4e4-ab95fca774e7,EMIT,ACK,134,36,""
412.693,receiver,c6a331da-9a81-4072-a4e4-ab95fca774e7,RECEIVE,DATA,187,1060,""
412.707,receiver,c6a331da-9a81-4072-a4e4-ab95fca774e7,EMIT,ACK,136,36,""
412.711,receiver,c6a331da-9a81-4072-a4e4-ab95fca774e7,ACCEPT_DATA,DATA,187,1024,"unique file bytes received"
412.717,receiver,c6a331da-9a81-4072-a4e4-ab95fca774e7,SEND,ACK,187,36,""
412.721,receiver,c6a331da-9a81-4072-a4e4-ab95fca774e7,EMIT,ACK,163,36,""
412.733,receiver,c6a331da-9a81-4072-a4e4-ab95fca774e7,EMIT,ACK,131,36,""
412.745,receiver,c6a331da-9a81-4072-a4e4-ab95fca774e7,EMIT,ACK,154,36,""
412.757,receiver,c6a331da-9a81-4072-a4e4-ab95fca774e7,EMIT,ACK,169,36,""
412.768,receiver,c6a331da-9a81-4072-a4e4-ab95fca774e7,EMIT,ACK,147,36,""
412.779,receiver,c6a331da-9a81-4072-a4e4-ab95fca774e7,EMIT,ACK,142,36,""
412.789,receiver,c6a331da-9a81-4072-a4e4-ab95fca774e7,EMIT,ACK,177,36,""
412.800,receiver,c6a331da-9a81-4072-a4e4-ab95fca774e7,EMIT,ACK,149,36,""
412.811,receiver,c6a331da-9a81-4072-a4e4-ab95fca774e7,EMIT,ACK,160,36,""
412.821,receiver,c6a331da-9a81-4072-a4e4-ab95fca774e7,EMIT,ACK,141,36,""
413.306,receiver,c6a331da-9a81-4072-a4e4-ab95fca774e7,EMIT,ACK,174,36,""
413.323,receiver,c6a331da-9a81-4072-a4e4-ab95fca774e7,EMIT,ACK,175,36,""
413.333,receiver,c6a331da-9a81-4072-a4e4-ab95fca774e7,EMIT,ACK,158,36,""
413.345,receiver,c6a331da-9a81-4072-a4e4-ab95fca774e7,EMIT,ACK,172,36,""
413.354,receiver,c6a331da-9a81-4072-a4e4-ab95fca774e7,EMIT,ACK,178,36,""
413.362,receiver,c6a331da-9a81-4072-a4e4-ab95fca774e7,EMIT,ACK,146,36,""
413.374,receiver,c6a331da-9a81-4072-a4e4-ab95fca774e7,EMIT,ACK,173,36,""
413.382,receiver,c6a331da-9a81-4072-a4e4-ab95fca774e7,EMIT,ACK,152,36,""
413.391,receiver,c6a331da-9a81-4072-a4e4-ab95fca774e7,EMIT,ACK,153,36,""
413.399,receiver,c6a331da-9a81-4072-a4e4-ab95fca774e7,EMIT,ACK,137,36,""
413.407,receiver,c6a331da-9a81-4072-a4e4-ab95fca774e7,EMIT,ACK,181,36,""
413.415,receiver,c6a331da-9a81-4072-a4e4-ab95fca774e7,EMIT,ACK,135,36,""
413.423,receiver,c6a331da-9a81-4072-a4e4-ab95fca774e7,EMIT,ACK,168,36,""
428.654,receiver,c6a331da-9a81-4072-a4e4-ab95fca774e7,EMIT,ACK,165,36,""
428.692,receiver,c6a331da-9a81-4072-a4e4-ab95fca774e7,EMIT,ACK,167,36,""
428.700,receiver,c6a331da-9a81-4072-a4e4-ab95fca774e7,EMIT,ACK,188,36,""
428.708,receiver,c6a331da-9a81-4072-a4e4-ab95fca774e7,EMIT,ACK,179,36,""
428.715,receiver,c6a331da-9a81-4072-a4e4-ab95fca774e7,EMIT,ACK,162,36,""
428.723,receiver,c6a331da-9a81-4072-a4e4-ab95fca774e7,EMIT,ACK,132,36,""
428.730,receiver,c6a331da-9a81-4072-a4e4-ab95fca774e7,EMIT,ACK,170,36,""
428.738,receiver,c6a331da-9a81-4072-a4e4-ab95fca774e7,EMIT,ACK,143,36,""
428.745,receiver,c6a331da-9a81-4072-a4e4-ab95fca774e7,EMIT,ACK,144,36,""
428.752,receiver,c6a331da-9a81-4072-a4e4-ab95fca774e7,EMIT,ACK,157,36,""
428.760,receiver,c6a331da-9a81-4072-a4e4-ab95fca774e7,EMIT,ACK,145,36,""
428.767,receiver,c6a331da-9a81-4072-a4e4-ab95fca774e7,EMIT,ACK,159,36,""
428.779,receiver,c6a331da-9a81-4072-a4e4-ab95fca774e7,EMIT,ACK,171,36,""
428.786,receiver,c6a331da-9a81-4072-a4e4-ab95fca774e7,EMIT,ACK,185,36,""
428.793,receiver,c6a331da-9a81-4072-a4e4-ab95fca774e7,EMIT,ACK,191,36,""
428.800,receiver,c6a331da-9a81-4072-a4e4-ab95fca774e7,EMIT,ACK,186,36,""
444.593,receiver,c6a331da-9a81-4072-a4e4-ab95fca774e7,EMIT,ACK,190,36,""
444.639,receiver,c6a331da-9a81-4072-a4e4-ab95fca774e7,EMIT,ACK,182,36,""
444.651,receiver,c6a331da-9a81-4072-a4e4-ab95fca774e7,EMIT,ACK,189,36,""
444.791,receiver,c6a331da-9a81-4072-a4e4-ab95fca774e7,RECEIVE,DATA,192,1060,""
444.807,receiver,c6a331da-9a81-4072-a4e4-ab95fca774e7,ACCEPT_DATA,DATA,192,1024,"unique file bytes received"
444.812,receiver,c6a331da-9a81-4072-a4e4-ab95fca774e7,SEND,ACK,192,36,""
444.832,receiver,c6a331da-9a81-4072-a4e4-ab95fca774e7,RECEIVE,DATA,193,1060,""
444.835,receiver,c6a331da-9a81-4072-a4e4-ab95fca774e7,ACCEPT_DATA,DATA,193,1024,"unique file bytes received"
444.838,receiver,c6a331da-9a81-4072-a4e4-ab95fca774e7,SEND,ACK,193,36,""
444.844,receiver,c6a331da-9a81-4072-a4e4-ab95fca774e7,RECEIVE,DATA,194,1060,""
444.847,receiver,c6a331da-9a81-4072-a4e4-ab95fca774e7,ACCEPT_DATA,DATA,194,1024,"unique file bytes received"
444.850,receiver,c6a331da-9a81-4072-a4e4-ab95fca774e7,SEND,ACK,194,36,""
459.986,receiver,c6a331da-9a81-4072-a4e4-ab95fca774e7,EMIT,ACK,166,36,""
460.018,receiver,c6a331da-9a81-4072-a4e4-ab95fca774e7,EMIT,ACK,187,36,""
460.338,receiver,c6a331da-9a81-4072-a4e4-ab95fca774e7,RECEIVE,DATA,220,1060,""
460.355,receiver,c6a331da-9a81-4072-a4e4-ab95fca774e7,OUT_OF_ORDER,DATA,220,0,"arrived before missing sequence=195"
460.359,receiver,c6a331da-9a81-4072-a4e4-ab95fca774e7,ACCEPT_DATA,DATA,220,1024,"unique file bytes received"
460.363,receiver,c6a331da-9a81-4072-a4e4-ab95fca774e7,SEND,ACK,220,36,""
460.381,receiver,c6a331da-9a81-4072-a4e4-ab95fca774e7,RECEIVE,DATA,203,1060,""
460.385,receiver,c6a331da-9a81-4072-a4e4-ab95fca774e7,OUT_OF_ORDER,DATA,203,0,"arrived before missing sequence=195"
460.397,receiver,c6a331da-9a81-4072-a4e4-ab95fca774e7,ACCEPT_DATA,DATA,203,1024,"unique file bytes received"
460.400,receiver,c6a331da-9a81-4072-a4e4-ab95fca774e7,SEND,ACK,203,36,""
460.406,receiver,c6a331da-9a81-4072-a4e4-ab95fca774e7,RECEIVE,DATA,211,1060,""
460.410,receiver,c6a331da-9a81-4072-a4e4-ab95fca774e7,OUT_OF_ORDER,DATA,211,0,"arrived before missing sequence=195"
460.412,receiver,c6a331da-9a81-4072-a4e4-ab95fca774e7,ACCEPT_DATA,DATA,211,1024,"unique file bytes received"
460.415,receiver,c6a331da-9a81-4072-a4e4-ab95fca774e7,SEND,ACK,211,36,""
460.421,receiver,c6a331da-9a81-4072-a4e4-ab95fca774e7,RECEIVE,DATA,201,1060,""
460.424,receiver,c6a331da-9a81-4072-a4e4-ab95fca774e7,OUT_OF_ORDER,DATA,201,0,"arrived before missing sequence=195"
460.427,receiver,c6a331da-9a81-4072-a4e4-ab95fca774e7,ACCEPT_DATA,DATA,201,1024,"unique file bytes received"
460.429,receiver,c6a331da-9a81-4072-a4e4-ab95fca774e7,SEND,ACK,201,36,""
460.435,receiver,c6a331da-9a81-4072-a4e4-ab95fca774e7,RECEIVE,DATA,213,1060,""
460.439,receiver,c6a331da-9a81-4072-a4e4-ab95fca774e7,OUT_OF_ORDER,DATA,213,0,"arrived before missing sequence=195"
460.441,receiver,c6a331da-9a81-4072-a4e4-ab95fca774e7,ACCEPT_DATA,DATA,213,1024,"unique file bytes received"
460.444,receiver,c6a331da-9a81-4072-a4e4-ab95fca774e7,SEND,ACK,213,36,""
460.450,receiver,c6a331da-9a81-4072-a4e4-ab95fca774e7,RECEIVE,DATA,221,1060,""
460.453,receiver,c6a331da-9a81-4072-a4e4-ab95fca774e7,OUT_OF_ORDER,DATA,221,0,"arrived before missing sequence=195"
460.456,receiver,c6a331da-9a81-4072-a4e4-ab95fca774e7,ACCEPT_DATA,DATA,221,1024,"unique file bytes received"
460.458,receiver,c6a331da-9a81-4072-a4e4-ab95fca774e7,SEND,ACK,221,36,""
475.592,receiver,c6a331da-9a81-4072-a4e4-ab95fca774e7,RECEIVE,DATA,195,1060,""
475.610,receiver,c6a331da-9a81-4072-a4e4-ab95fca774e7,ACCEPT_DATA,DATA,195,1024,"unique file bytes received"
475.614,receiver,c6a331da-9a81-4072-a4e4-ab95fca774e7,SEND,ACK,195,36,""
475.631,receiver,c6a331da-9a81-4072-a4e4-ab95fca774e7,RECEIVE,DATA,212,1060,""
475.635,receiver,c6a331da-9a81-4072-a4e4-ab95fca774e7,OUT_OF_ORDER,DATA,212,0,"arrived before missing sequence=196"
475.638,receiver,c6a331da-9a81-4072-a4e4-ab95fca774e7,ACCEPT_DATA,DATA,212,1024,"unique file bytes received"
475.641,receiver,c6a331da-9a81-4072-a4e4-ab95fca774e7,SEND,ACK,212,36,""
475.648,receiver,c6a331da-9a81-4072-a4e4-ab95fca774e7,RECEIVE,DATA,205,1060,""
475.651,receiver,c6a331da-9a81-4072-a4e4-ab95fca774e7,OUT_OF_ORDER,DATA,205,0,"arrived before missing sequence=196"
475.654,receiver,c6a331da-9a81-4072-a4e4-ab95fca774e7,ACCEPT_DATA,DATA,205,1024,"unique file bytes received"
475.657,receiver,c6a331da-9a81-4072-a4e4-ab95fca774e7,SEND,ACK,205,36,""
475.664,receiver,c6a331da-9a81-4072-a4e4-ab95fca774e7,RECEIVE,DATA,215,1060,""
475.667,receiver,c6a331da-9a81-4072-a4e4-ab95fca774e7,OUT_OF_ORDER,DATA,215,0,"arrived before missing sequence=196"
475.670,receiver,c6a331da-9a81-4072-a4e4-ab95fca774e7,ACCEPT_DATA,DATA,215,1024,"unique file bytes received"
475.673,receiver,c6a331da-9a81-4072-a4e4-ab95fca774e7,SEND,ACK,215,36,""
475.679,receiver,c6a331da-9a81-4072-a4e4-ab95fca774e7,RECEIVE,DATA,209,1060,""
475.683,receiver,c6a331da-9a81-4072-a4e4-ab95fca774e7,OUT_OF_ORDER,DATA,209,0,"arrived before missing sequence=196"
475.685,receiver,c6a331da-9a81-4072-a4e4-ab95fca774e7,ACCEPT_DATA,DATA,209,1024,"unique file bytes received"
475.688,receiver,c6a331da-9a81-4072-a4e4-ab95fca774e7,SEND,ACK,209,36,""
475.695,receiver,c6a331da-9a81-4072-a4e4-ab95fca774e7,RECEIVE,DATA,210,1060,""
475.698,receiver,c6a331da-9a81-4072-a4e4-ab95fca774e7,OUT_OF_ORDER,DATA,210,0,"arrived before missing sequence=196"
475.701,receiver,c6a331da-9a81-4072-a4e4-ab95fca774e7,ACCEPT_DATA,DATA,210,1024,"unique file bytes received"
475.703,receiver,c6a331da-9a81-4072-a4e4-ab95fca774e7,SEND,ACK,210,36,""
475.710,receiver,c6a331da-9a81-4072-a4e4-ab95fca774e7,RECEIVE,DATA,225,1060,""
475.713,receiver,c6a331da-9a81-4072-a4e4-ab95fca774e7,OUT_OF_ORDER,DATA,225,0,"arrived before missing sequence=196"
475.716,receiver,c6a331da-9a81-4072-a4e4-ab95fca774e7,ACCEPT_DATA,DATA,225,1024,"unique file bytes received"
475.719,receiver,c6a331da-9a81-4072-a4e4-ab95fca774e7,SEND,ACK,225,36,""
475.725,receiver,c6a331da-9a81-4072-a4e4-ab95fca774e7,RECEIVE,DATA,204,1060,""
475.769,receiver,c6a331da-9a81-4072-a4e4-ab95fca774e7,OUT_OF_ORDER,DATA,204,0,"arrived before missing sequence=196"
475.772,receiver,c6a331da-9a81-4072-a4e4-ab95fca774e7,ACCEPT_DATA,DATA,204,1024,"unique file bytes received"
475.775,receiver,c6a331da-9a81-4072-a4e4-ab95fca774e7,SEND,ACK,204,36,""
475.782,receiver,c6a331da-9a81-4072-a4e4-ab95fca774e7,RECEIVE,DATA,214,1060,""
475.785,receiver,c6a331da-9a81-4072-a4e4-ab95fca774e7,OUT_OF_ORDER,DATA,214,0,"arrived before missing sequence=196"
475.788,receiver,c6a331da-9a81-4072-a4e4-ab95fca774e7,ACCEPT_DATA,DATA,214,1024,"unique file bytes received"
475.797,receiver,c6a331da-9a81-4072-a4e4-ab95fca774e7,SEND,ACK,214,36,""
475.803,receiver,c6a331da-9a81-4072-a4e4-ab95fca774e7,RECEIVE,DATA,227,1060,""
475.807,receiver,c6a331da-9a81-4072-a4e4-ab95fca774e7,OUT_OF_ORDER,DATA,227,0,"arrived before missing sequence=196"
475.810,receiver,c6a331da-9a81-4072-a4e4-ab95fca774e7,ACCEPT_DATA,DATA,227,1024,"unique file bytes received"
475.813,receiver,c6a331da-9a81-4072-a4e4-ab95fca774e7,SEND,ACK,227,36,""
475.819,receiver,c6a331da-9a81-4072-a4e4-ab95fca774e7,RECEIVE,DATA,200,1060,""
475.822,receiver,c6a331da-9a81-4072-a4e4-ab95fca774e7,OUT_OF_ORDER,DATA,200,0,"arrived before missing sequence=196"
475.825,receiver,c6a331da-9a81-4072-a4e4-ab95fca774e7,ACCEPT_DATA,DATA,200,1024,"unique file bytes received"
475.828,receiver,c6a331da-9a81-4072-a4e4-ab95fca774e7,SEND,ACK,200,36,""
475.859,receiver,c6a331da-9a81-4072-a4e4-ab95fca774e7,RECEIVE,DATA,218,1060,""
475.862,receiver,c6a331da-9a81-4072-a4e4-ab95fca774e7,OUT_OF_ORDER,DATA,218,0,"arrived before missing sequence=196"
475.865,receiver,c6a331da-9a81-4072-a4e4-ab95fca774e7,ACCEPT_DATA,DATA,218,1024,"unique file bytes received"
475.868,receiver,c6a331da-9a81-4072-a4e4-ab95fca774e7,SEND,ACK,218,36,""
475.874,receiver,c6a331da-9a81-4072-a4e4-ab95fca774e7,RECEIVE,DATA,207,1060,""
475.877,receiver,c6a331da-9a81-4072-a4e4-ab95fca774e7,OUT_OF_ORDER,DATA,207,0,"arrived before missing sequence=196"
475.880,receiver,c6a331da-9a81-4072-a4e4-ab95fca774e7,ACCEPT_DATA,DATA,207,1024,"unique file bytes received"
475.883,receiver,c6a331da-9a81-4072-a4e4-ab95fca774e7,SEND,ACK,207,36,""
475.889,receiver,c6a331da-9a81-4072-a4e4-ab95fca774e7,RECEIVE,DATA,206,1060,""
475.892,receiver,c6a331da-9a81-4072-a4e4-ab95fca774e7,OUT_OF_ORDER,DATA,206,0,"arrived before missing sequence=196"
475.895,receiver,c6a331da-9a81-4072-a4e4-ab95fca774e7,ACCEPT_DATA,DATA,206,1024,"unique file bytes received"
475.897,receiver,c6a331da-9a81-4072-a4e4-ab95fca774e7,SEND,ACK,206,36,""
475.903,receiver,c6a331da-9a81-4072-a4e4-ab95fca774e7,RECEIVE,DATA,197,1060,""
475.907,receiver,c6a331da-9a81-4072-a4e4-ab95fca774e7,OUT_OF_ORDER,DATA,197,0,"arrived before missing sequence=196"
475.909,receiver,c6a331da-9a81-4072-a4e4-ab95fca774e7,ACCEPT_DATA,DATA,197,1024,"unique file bytes received"
475.912,receiver,c6a331da-9a81-4072-a4e4-ab95fca774e7,SEND,ACK,197,36,""
475.918,receiver,c6a331da-9a81-4072-a4e4-ab95fca774e7,RECEIVE,DATA,224,1060,""
475.922,receiver,c6a331da-9a81-4072-a4e4-ab95fca774e7,OUT_OF_ORDER,DATA,224,0,"arrived before missing sequence=196"
475.924,receiver,c6a331da-9a81-4072-a4e4-ab95fca774e7,ACCEPT_DATA,DATA,224,1024,"unique file bytes received"
475.927,receiver,c6a331da-9a81-4072-a4e4-ab95fca774e7,SEND,ACK,224,36,""
475.933,receiver,c6a331da-9a81-4072-a4e4-ab95fca774e7,RECEIVE,DATA,196,1060,""
475.937,receiver,c6a331da-9a81-4072-a4e4-ab95fca774e7,ACCEPT_DATA,DATA,196,1024,"unique file bytes received"
475.939,receiver,c6a331da-9a81-4072-a4e4-ab95fca774e7,SEND,ACK,196,36,""
475.945,receiver,c6a331da-9a81-4072-a4e4-ab95fca774e7,RECEIVE,DATA,216,1060,""
475.949,receiver,c6a331da-9a81-4072-a4e4-ab95fca774e7,OUT_OF_ORDER,DATA,216,0,"arrived before missing sequence=198"
475.952,receiver,c6a331da-9a81-4072-a4e4-ab95fca774e7,ACCEPT_DATA,DATA,216,1024,"unique file bytes received"
475.954,receiver,c6a331da-9a81-4072-a4e4-ab95fca774e7,SEND,ACK,216,36,""
475.960,receiver,c6a331da-9a81-4072-a4e4-ab95fca774e7,RECEIVE,DATA,198,1060,""
475.963,receiver,c6a331da-9a81-4072-a4e4-ab95fca774e7,ACCEPT_DATA,DATA,198,1024,"unique file bytes received"
475.966,receiver,c6a331da-9a81-4072-a4e4-ab95fca774e7,SEND,ACK,198,36,""
475.972,receiver,c6a331da-9a81-4072-a4e4-ab95fca774e7,RECEIVE,DATA,208,1060,""
475.975,receiver,c6a331da-9a81-4072-a4e4-ab95fca774e7,OUT_OF_ORDER,DATA,208,0,"arrived before missing sequence=199"
475.978,receiver,c6a331da-9a81-4072-a4e4-ab95fca774e7,ACCEPT_DATA,DATA,208,1024,"unique file bytes received"
475.981,receiver,c6a331da-9a81-4072-a4e4-ab95fca774e7,SEND,ACK,208,36,""
475.987,receiver,c6a331da-9a81-4072-a4e4-ab95fca774e7,RECEIVE,DATA,222,1060,""
475.990,receiver,c6a331da-9a81-4072-a4e4-ab95fca774e7,OUT_OF_ORDER,DATA,222,0,"arrived before missing sequence=199"
475.993,receiver,c6a331da-9a81-4072-a4e4-ab95fca774e7,ACCEPT_DATA,DATA,222,1024,"unique file bytes received"
475.996,receiver,c6a331da-9a81-4072-a4e4-ab95fca774e7,SEND,ACK,222,36,""
491.023,receiver,c6a331da-9a81-4072-a4e4-ab95fca774e7,EMIT,ACK,193,36,""
491.056,receiver,c6a331da-9a81-4072-a4e4-ab95fca774e7,EMIT,ACK,194,36,""
491.065,receiver,c6a331da-9a81-4072-a4e4-ab95fca774e7,EMIT,ACK,203,36,""
491.075,receiver,c6a331da-9a81-4072-a4e4-ab95fca774e7,EMIT,ACK,211,36,""
491.082,receiver,c6a331da-9a81-4072-a4e4-ab95fca774e7,EMIT,ACK,201,36,""
491.158,receiver,c6a331da-9a81-4072-a4e4-ab95fca774e7,RECEIVE,DATA,202,1060,""
491.185,receiver,c6a331da-9a81-4072-a4e4-ab95fca774e7,OUT_OF_ORDER,DATA,202,0,"arrived before missing sequence=199"
491.189,receiver,c6a331da-9a81-4072-a4e4-ab95fca774e7,ACCEPT_DATA,DATA,202,1024,"unique file bytes received"
491.192,receiver,c6a331da-9a81-4072-a4e4-ab95fca774e7,SEND,ACK,202,36,""
491.209,receiver,c6a331da-9a81-4072-a4e4-ab95fca774e7,RECEIVE,DATA,223,1060,""
491.213,receiver,c6a331da-9a81-4072-a4e4-ab95fca774e7,OUT_OF_ORDER,DATA,223,0,"arrived before missing sequence=199"
491.215,receiver,c6a331da-9a81-4072-a4e4-ab95fca774e7,ACCEPT_DATA,DATA,223,1024,"unique file bytes received"
491.218,receiver,c6a331da-9a81-4072-a4e4-ab95fca774e7,SEND,ACK,223,36,""
491.224,receiver,c6a331da-9a81-4072-a4e4-ab95fca774e7,RECEIVE,DATA,228,1060,""
491.227,receiver,c6a331da-9a81-4072-a4e4-ab95fca774e7,OUT_OF_ORDER,DATA,228,0,"arrived before missing sequence=199"
491.230,receiver,c6a331da-9a81-4072-a4e4-ab95fca774e7,ACCEPT_DATA,DATA,228,1024,"unique file bytes received"
491.233,receiver,c6a331da-9a81-4072-a4e4-ab95fca774e7,SEND,ACK,228,36,""
491.239,receiver,c6a331da-9a81-4072-a4e4-ab95fca774e7,RECEIVE,DATA,229,1060,""
491.242,receiver,c6a331da-9a81-4072-a4e4-ab95fca774e7,OUT_OF_ORDER,DATA,229,0,"arrived before missing sequence=199"
491.248,receiver,c6a331da-9a81-4072-a4e4-ab95fca774e7,ACCEPT_DATA,DATA,229,1024,"unique file bytes received"
491.251,receiver,c6a331da-9a81-4072-a4e4-ab95fca774e7,SEND,ACK,229,36,""
491.256,receiver,c6a331da-9a81-4072-a4e4-ab95fca774e7,RECEIVE,DATA,217,1060,""
491.259,receiver,c6a331da-9a81-4072-a4e4-ab95fca774e7,OUT_OF_ORDER,DATA,217,0,"arrived before missing sequence=199"
491.262,receiver,c6a331da-9a81-4072-a4e4-ab95fca774e7,ACCEPT_DATA,DATA,217,1024,"unique file bytes received"
491.265,receiver,c6a331da-9a81-4072-a4e4-ab95fca774e7,SEND,ACK,217,36,""
491.270,receiver,c6a331da-9a81-4072-a4e4-ab95fca774e7,RECEIVE,DATA,226,1060,""
491.273,receiver,c6a331da-9a81-4072-a4e4-ab95fca774e7,OUT_OF_ORDER,DATA,226,0,"arrived before missing sequence=199"
491.276,receiver,c6a331da-9a81-4072-a4e4-ab95fca774e7,ACCEPT_DATA,DATA,226,1024,"unique file bytes received"
491.278,receiver,c6a331da-9a81-4072-a4e4-ab95fca774e7,SEND,ACK,226,36,""
491.287,receiver,c6a331da-9a81-4072-a4e4-ab95fca774e7,RECEIVE,DATA,199,1060,""
491.290,receiver,c6a331da-9a81-4072-a4e4-ab95fca774e7,ACCEPT_DATA,DATA,199,1024,"unique file bytes received"
491.292,receiver,c6a331da-9a81-4072-a4e4-ab95fca774e7,SEND,ACK,199,36,""
491.303,receiver,c6a331da-9a81-4072-a4e4-ab95fca774e7,RECEIVE,DATA,219,1060,""
491.306,receiver,c6a331da-9a81-4072-a4e4-ab95fca774e7,ACCEPT_DATA,DATA,219,1024,"unique file bytes received"
491.340,receiver,c6a331da-9a81-4072-a4e4-ab95fca774e7,SEND,ACK,219,36,""
491.360,receiver,c6a331da-9a81-4072-a4e4-ab95fca774e7,RECEIVE,DATA,241,1060,""
491.363,receiver,c6a331da-9a81-4072-a4e4-ab95fca774e7,OUT_OF_ORDER,DATA,241,0,"arrived before missing sequence=230"
491.365,receiver,c6a331da-9a81-4072-a4e4-ab95fca774e7,ACCEPT_DATA,DATA,241,1024,"unique file bytes received"
491.368,receiver,c6a331da-9a81-4072-a4e4-ab95fca774e7,SEND,ACK,241,36,""
491.373,receiver,c6a331da-9a81-4072-a4e4-ab95fca774e7,RECEIVE,DATA,244,1060,""
491.376,receiver,c6a331da-9a81-4072-a4e4-ab95fca774e7,OUT_OF_ORDER,DATA,244,0,"arrived before missing sequence=230"
491.378,receiver,c6a331da-9a81-4072-a4e4-ab95fca774e7,ACCEPT_DATA,DATA,244,1024,"unique file bytes received"
491.381,receiver,c6a331da-9a81-4072-a4e4-ab95fca774e7,SEND,ACK,244,36,""
491.389,receiver,c6a331da-9a81-4072-a4e4-ab95fca774e7,RECEIVE,DATA,237,1060,""
491.391,receiver,c6a331da-9a81-4072-a4e4-ab95fca774e7,OUT_OF_ORDER,DATA,237,0,"arrived before missing sequence=230"
491.394,receiver,c6a331da-9a81-4072-a4e4-ab95fca774e7,ACCEPT_DATA,DATA,237,1024,"unique file bytes received"
491.396,receiver,c6a331da-9a81-4072-a4e4-ab95fca774e7,SEND,ACK,237,36,""
491.401,receiver,c6a331da-9a81-4072-a4e4-ab95fca774e7,RECEIVE,DATA,238,1060,""
491.404,receiver,c6a331da-9a81-4072-a4e4-ab95fca774e7,OUT_OF_ORDER,DATA,238,0,"arrived before missing sequence=230"
491.406,receiver,c6a331da-9a81-4072-a4e4-ab95fca774e7,ACCEPT_DATA,DATA,238,1024,"unique file bytes received"
491.409,receiver,c6a331da-9a81-4072-a4e4-ab95fca774e7,SEND,ACK,238,36,""
491.413,receiver,c6a331da-9a81-4072-a4e4-ab95fca774e7,RECEIVE,DATA,251,1060,""
491.416,receiver,c6a331da-9a81-4072-a4e4-ab95fca774e7,OUT_OF_ORDER,DATA,251,0,"arrived before missing sequence=230"
491.418,receiver,c6a331da-9a81-4072-a4e4-ab95fca774e7,ACCEPT_DATA,DATA,251,1024,"unique file bytes received"
491.421,receiver,c6a331da-9a81-4072-a4e4-ab95fca774e7,SEND,ACK,251,36,""
491.425,receiver,c6a331da-9a81-4072-a4e4-ab95fca774e7,RECEIVE,DATA,234,1060,""
491.428,receiver,c6a331da-9a81-4072-a4e4-ab95fca774e7,OUT_OF_ORDER,DATA,234,0,"arrived before missing sequence=230"
491.430,receiver,c6a331da-9a81-4072-a4e4-ab95fca774e7,ACCEPT_DATA,DATA,234,1024,"unique file bytes received"
491.433,receiver,c6a331da-9a81-4072-a4e4-ab95fca774e7,SEND,ACK,234,36,""
506.453,receiver,c6a331da-9a81-4072-a4e4-ab95fca774e7,EMIT,ACK,192,36,""
506.481,receiver,c6a331da-9a81-4072-a4e4-ab95fca774e7,EMIT,ACK,221,36,""
506.491,receiver,c6a331da-9a81-4072-a4e4-ab95fca774e7,EMIT,ACK,213,36,""
506.502,receiver,c6a331da-9a81-4072-a4e4-ab95fca774e7,EMIT,ACK,220,36,""
506.510,receiver,c6a331da-9a81-4072-a4e4-ab95fca774e7,EMIT,ACK,216,36,""
506.519,receiver,c6a331da-9a81-4072-a4e4-ab95fca774e7,EMIT,ACK,208,36,""
506.528,receiver,c6a331da-9a81-4072-a4e4-ab95fca774e7,RECEIVE,DATA,248,1060,""
506.538,receiver,c6a331da-9a81-4072-a4e4-ab95fca774e7,EMIT,ACK,218,36,""
506.541,receiver,c6a331da-9a81-4072-a4e4-ab95fca774e7,OUT_OF_ORDER,DATA,248,0,"arrived before missing sequence=230"
506.546,receiver,c6a331da-9a81-4072-a4e4-ab95fca774e7,ACCEPT_DATA,DATA,248,1024,"unique file bytes received"
506.549,receiver,c6a331da-9a81-4072-a4e4-ab95fca774e7,EMIT,ACK,197,36,""
506.552,receiver,c6a331da-9a81-4072-a4e4-ab95fca774e7,SEND,ACK,248,36,""
506.574,receiver,c6a331da-9a81-4072-a4e4-ab95fca774e7,RECEIVE,DATA,230,1060,""
506.578,receiver,c6a331da-9a81-4072-a4e4-ab95fca774e7,ACCEPT_DATA,DATA,230,1024,"unique file bytes received"
506.580,receiver,c6a331da-9a81-4072-a4e4-ab95fca774e7,SEND,ACK,230,36,""
506.587,receiver,c6a331da-9a81-4072-a4e4-ab95fca774e7,RECEIVE,DATA,242,1060,""
506.590,receiver,c6a331da-9a81-4072-a4e4-ab95fca774e7,OUT_OF_ORDER,DATA,242,0,"arrived before missing sequence=231"
506.593,receiver,c6a331da-9a81-4072-a4e4-ab95fca774e7,ACCEPT_DATA,DATA,242,1024,"unique file bytes received"
506.595,receiver,c6a331da-9a81-4072-a4e4-ab95fca774e7,SEND,ACK,242,36,""
506.907,receiver,c6a331da-9a81-4072-a4e4-ab95fca774e7,RECEIVE,DATA,232,1060,""
506.917,receiver,c6a331da-9a81-4072-a4e4-ab95fca774e7,OUT_OF_ORDER,DATA,232,0,"arrived before missing sequence=231"
506.921,receiver,c6a331da-9a81-4072-a4e4-ab95fca774e7,ACCEPT_DATA,DATA,232,1024,"unique file bytes received"
506.924,receiver,c6a331da-9a81-4072-a4e4-ab95fca774e7,SEND,ACK,232,36,""
506.948,receiver,c6a331da-9a81-4072-a4e4-ab95fca774e7,RECEIVE,DATA,246,1060,""
506.951,receiver,c6a331da-9a81-4072-a4e4-ab95fca774e7,OUT_OF_ORDER,DATA,246,0,"arrived before missing sequence=231"
506.953,receiver,c6a331da-9a81-4072-a4e4-ab95fca774e7,ACCEPT_DATA,DATA,246,1024,"unique file bytes received"
506.955,receiver,c6a331da-9a81-4072-a4e4-ab95fca774e7,SEND,ACK,246,36,""
506.961,receiver,c6a331da-9a81-4072-a4e4-ab95fca774e7,RECEIVE,DATA,236,1060,""
506.964,receiver,c6a331da-9a81-4072-a4e4-ab95fca774e7,OUT_OF_ORDER,DATA,236,0,"arrived before missing sequence=231"
506.966,receiver,c6a331da-9a81-4072-a4e4-ab95fca774e7,ACCEPT_DATA,DATA,236,1024,"unique file bytes received"
506.968,receiver,c6a331da-9a81-4072-a4e4-ab95fca774e7,SEND,ACK,236,36,""
506.973,receiver,c6a331da-9a81-4072-a4e4-ab95fca774e7,RECEIVE,DATA,240,1060,""
506.976,receiver,c6a331da-9a81-4072-a4e4-ab95fca774e7,OUT_OF_ORDER,DATA,240,0,"arrived before missing sequence=231"
506.978,receiver,c6a331da-9a81-4072-a4e4-ab95fca774e7,ACCEPT_DATA,DATA,240,1024,"unique file bytes received"
506.981,receiver,c6a331da-9a81-4072-a4e4-ab95fca774e7,SEND,ACK,240,36,""
506.986,receiver,c6a331da-9a81-4072-a4e4-ab95fca774e7,RECEIVE,DATA,245,1060,""
506.988,receiver,c6a331da-9a81-4072-a4e4-ab95fca774e7,OUT_OF_ORDER,DATA,245,0,"arrived before missing sequence=231"
506.991,receiver,c6a331da-9a81-4072-a4e4-ab95fca774e7,ACCEPT_DATA,DATA,245,1024,"unique file bytes received"
506.993,receiver,c6a331da-9a81-4072-a4e4-ab95fca774e7,SEND,ACK,245,36,""
506.998,receiver,c6a331da-9a81-4072-a4e4-ab95fca774e7,RECEIVE,DATA,233,1060,""
507.000,receiver,c6a331da-9a81-4072-a4e4-ab95fca774e7,OUT_OF_ORDER,DATA,233,0,"arrived before missing sequence=231"
507.003,receiver,c6a331da-9a81-4072-a4e4-ab95fca774e7,ACCEPT_DATA,DATA,233,1024,"unique file bytes received"
507.005,receiver,c6a331da-9a81-4072-a4e4-ab95fca774e7,SEND,ACK,233,36,""
507.010,receiver,c6a331da-9a81-4072-a4e4-ab95fca774e7,RECEIVE,DATA,252,1060,""
507.012,receiver,c6a331da-9a81-4072-a4e4-ab95fca774e7,OUT_OF_ORDER,DATA,252,0,"arrived before missing sequence=231"
507.014,receiver,c6a331da-9a81-4072-a4e4-ab95fca774e7,ACCEPT_DATA,DATA,252,1024,"unique file bytes received"
507.017,receiver,c6a331da-9a81-4072-a4e4-ab95fca774e7,SEND,ACK,252,36,""
507.021,receiver,c6a331da-9a81-4072-a4e4-ab95fca774e7,RECEIVE,DATA,254,1060,""
507.024,receiver,c6a331da-9a81-4072-a4e4-ab95fca774e7,OUT_OF_ORDER,DATA,254,0,"arrived before missing sequence=231"
507.026,receiver,c6a331da-9a81-4072-a4e4-ab95fca774e7,ACCEPT_DATA,DATA,254,1024,"unique file bytes received"
507.028,receiver,c6a331da-9a81-4072-a4e4-ab95fca774e7,SEND,ACK,254,36,""
507.033,receiver,c6a331da-9a81-4072-a4e4-ab95fca774e7,RECEIVE,DATA,231,1060,""
507.036,receiver,c6a331da-9a81-4072-a4e4-ab95fca774e7,ACCEPT_DATA,DATA,231,1024,"unique file bytes received"
507.038,receiver,c6a331da-9a81-4072-a4e4-ab95fca774e7,SEND,ACK,231,36,""
507.043,receiver,c6a331da-9a81-4072-a4e4-ab95fca774e7,RECEIVE,DATA,253,1060,""
507.046,receiver,c6a331da-9a81-4072-a4e4-ab95fca774e7,OUT_OF_ORDER,DATA,253,0,"arrived before missing sequence=235"
507.056,receiver,c6a331da-9a81-4072-a4e4-ab95fca774e7,ACCEPT_DATA,DATA,253,1024,"unique file bytes received"
507.059,receiver,c6a331da-9a81-4072-a4e4-ab95fca774e7,SEND,ACK,253,36,""
507.064,receiver,c6a331da-9a81-4072-a4e4-ab95fca774e7,RECEIVE,DATA,255,1060,""
507.067,receiver,c6a331da-9a81-4072-a4e4-ab95fca774e7,OUT_OF_ORDER,DATA,255,0,"arrived before missing sequence=235"
507.069,receiver,c6a331da-9a81-4072-a4e4-ab95fca774e7,ACCEPT_DATA,DATA,255,1024,"unique file bytes received"
507.071,receiver,c6a331da-9a81-4072-a4e4-ab95fca774e7,SEND,ACK,255,36,""
507.076,receiver,c6a331da-9a81-4072-a4e4-ab95fca774e7,RECEIVE,DATA,243,1060,""
507.079,receiver,c6a331da-9a81-4072-a4e4-ab95fca774e7,OUT_OF_ORDER,DATA,243,0,"arrived before missing sequence=235"
507.109,receiver,c6a331da-9a81-4072-a4e4-ab95fca774e7,ACCEPT_DATA,DATA,243,1024,"unique file bytes received"
507.112,receiver,c6a331da-9a81-4072-a4e4-ab95fca774e7,SEND,ACK,243,36,""
507.117,receiver,c6a331da-9a81-4072-a4e4-ab95fca774e7,RECEIVE,DATA,249,1060,""
507.120,receiver,c6a331da-9a81-4072-a4e4-ab95fca774e7,OUT_OF_ORDER,DATA,249,0,"arrived before missing sequence=235"
507.122,receiver,c6a331da-9a81-4072-a4e4-ab95fca774e7,ACCEPT_DATA,DATA,249,1024,"unique file bytes received"
507.124,receiver,c6a331da-9a81-4072-a4e4-ab95fca774e7,SEND,ACK,249,36,""
507.129,receiver,c6a331da-9a81-4072-a4e4-ab95fca774e7,RECEIVE,DATA,235,1060,""
507.132,receiver,c6a331da-9a81-4072-a4e4-ab95fca774e7,ACCEPT_DATA,DATA,235,1024,"unique file bytes received"
507.134,receiver,c6a331da-9a81-4072-a4e4-ab95fca774e7,SEND,ACK,235,36,""
522.094,receiver,c6a331da-9a81-4072-a4e4-ab95fca774e7,EMIT,ACK,210,36,""
522.145,receiver,c6a331da-9a81-4072-a4e4-ab95fca774e7,EMIT,ACK,206,36,""
522.168,receiver,c6a331da-9a81-4072-a4e4-ab95fca774e7,EMIT,ACK,205,36,""
522.191,receiver,c6a331da-9a81-4072-a4e4-ab95fca774e7,EMIT,ACK,225,36,""
522.205,receiver,c6a331da-9a81-4072-a4e4-ab95fca774e7,RECEIVE,DATA,239,1060,""
522.229,receiver,c6a331da-9a81-4072-a4e4-ab95fca774e7,EMIT,ACK,200,36,""
522.234,receiver,c6a331da-9a81-4072-a4e4-ab95fca774e7,ACCEPT_DATA,DATA,239,1024,"unique file bytes received"
522.245,receiver,c6a331da-9a81-4072-a4e4-ab95fca774e7,SEND,ACK,239,36,""
522.275,receiver,c6a331da-9a81-4072-a4e4-ab95fca774e7,RECEIVE,DATA,247,1060,""
522.283,receiver,c6a331da-9a81-4072-a4e4-ab95fca774e7,EMIT,ACK,224,36,""
522.286,receiver,c6a331da-9a81-4072-a4e4-ab95fca774e7,ACCEPT_DATA,DATA,247,1024,"unique file bytes received"
522.294,receiver,c6a331da-9a81-4072-a4e4-ab95fca774e7,SEND,ACK,247,36,""
522.310,receiver,c6a331da-9a81-4072-a4e4-ab95fca774e7,RECEIVE,DATA,250,1060,""
522.318,receiver,c6a331da-9a81-4072-a4e4-ab95fca774e7,EMIT,ACK,195,36,""
522.321,receiver,c6a331da-9a81-4072-a4e4-ab95fca774e7,ACCEPT_DATA,DATA,250,1024,"unique file bytes received"
522.329,receiver,c6a331da-9a81-4072-a4e4-ab95fca774e7,SEND,ACK,250,36,""
522.346,receiver,c6a331da-9a81-4072-a4e4-ab95fca774e7,EMIT,ACK,204,36,""
522.386,receiver,c6a331da-9a81-4072-a4e4-ab95fca774e7,EMIT,ACK,196,36,""
522.792,receiver,c6a331da-9a81-4072-a4e4-ab95fca774e7,EMIT,ACK,212,36,""
522.806,receiver,c6a331da-9a81-4072-a4e4-ab95fca774e7,EMIT,ACK,214,36,""
522.815,receiver,c6a331da-9a81-4072-a4e4-ab95fca774e7,EMIT,ACK,207,36,""
522.823,receiver,c6a331da-9a81-4072-a4e4-ab95fca774e7,EMIT,ACK,202,36,""
522.830,receiver,c6a331da-9a81-4072-a4e4-ab95fca774e7,EMIT,ACK,228,36,""
522.838,receiver,c6a331da-9a81-4072-a4e4-ab95fca774e7,EMIT,ACK,223,36,""
523.056,receiver,c6a331da-9a81-4072-a4e4-ab95fca774e7,EMIT,ACK,244,36,""
523.067,receiver,c6a331da-9a81-4072-a4e4-ab95fca774e7,EMIT,ACK,215,36,""
523.076,receiver,c6a331da-9a81-4072-a4e4-ab95fca774e7,EMIT,ACK,219,36,""
523.084,receiver,c6a331da-9a81-4072-a4e4-ab95fca774e7,EMIT,ACK,222,36,""
538.357,receiver,c6a331da-9a81-4072-a4e4-ab95fca774e7,EMIT,ACK,241,36,""
538.500,receiver,c6a331da-9a81-4072-a4e4-ab95fca774e7,EMIT,ACK,198,36,""
538.513,receiver,c6a331da-9a81-4072-a4e4-ab95fca774e7,EMIT,ACK,251,36,""
538.523,receiver,c6a331da-9a81-4072-a4e4-ab95fca774e7,EMIT,ACK,209,36,""
538.532,receiver,c6a331da-9a81-4072-a4e4-ab95fca774e7,EMIT,ACK,227,36,""
538.538,receiver,c6a331da-9a81-4072-a4e4-ab95fca774e7,RECEIVE,DATA,258,1060,""
538.564,receiver,c6a331da-9a81-4072-a4e4-ab95fca774e7,EMIT,ACK,217,36,""
538.571,receiver,c6a331da-9a81-4072-a4e4-ab95fca774e7,OUT_OF_ORDER,DATA,258,0,"arrived before missing sequence=256"
538.582,receiver,c6a331da-9a81-4072-a4e4-ab95fca774e7,EMIT,ACK,231,36,""
538.585,receiver,c6a331da-9a81-4072-a4e4-ab95fca774e7,ACCEPT_DATA,DATA,258,1024,"unique file bytes received"
538.593,receiver,c6a331da-9a81-4072-a4e4-ab95fca774e7,EMIT,ACK,226,36,""
538.597,receiver,c6a331da-9a81-4072-a4e4-ab95fca774e7,SEND,ACK,258,36,""
538.605,receiver,c6a331da-9a81-4072-a4e4-ab95fca774e7,EMIT,ACK,238,36,""
538.613,receiver,c6a331da-9a81-4072-a4e4-ab95fca774e7,EMIT,ACK,246,36,""
538.621,receiver,c6a331da-9a81-4072-a4e4-ab95fca774e7,EMIT,ACK,229,36,""
538.629,receiver,c6a331da-9a81-4072-a4e4-ab95fca774e7,EMIT,ACK,230,36,""
538.643,receiver,c6a331da-9a81-4072-a4e4-ab95fca774e7,RECEIVE,DATA,257,1060,""
538.646,receiver,c6a331da-9a81-4072-a4e4-ab95fca774e7,OUT_OF_ORDER,DATA,257,0,"arrived before missing sequence=256"
538.649,receiver,c6a331da-9a81-4072-a4e4-ab95fca774e7,EMIT,ACK,199,36,""
538.652,receiver,c6a331da-9a81-4072-a4e4-ab95fca774e7,ACCEPT_DATA,DATA,257,1024,"unique file bytes received"
538.655,receiver,c6a331da-9a81-4072-a4e4-ab95fca774e7,SEND,ACK,257,36,""
538.658,receiver,c6a331da-9a81-4072-a4e4-ab95fca774e7,EMIT,ACK,242,36,""
538.668,receiver,c6a331da-9a81-4072-a4e4-ab95fca774e7,EMIT,ACK,232,36,""
538.676,receiver,c6a331da-9a81-4072-a4e4-ab95fca774e7,EMIT,ACK,243,36,""
538.684,receiver,c6a331da-9a81-4072-a4e4-ab95fca774e7,EMIT,ACK,234,36,""
554.193,receiver,c6a331da-9a81-4072-a4e4-ab95fca774e7,EMIT,ACK,237,36,""
554.220,receiver,c6a331da-9a81-4072-a4e4-ab95fca774e7,RECEIVE,DATA,260,1060,""
554.236,receiver,c6a331da-9a81-4072-a4e4-ab95fca774e7,EMIT,ACK,254,36,""
554.246,receiver,c6a331da-9a81-4072-a4e4-ab95fca774e7,EMIT,ACK,240,36,""
554.253,receiver,c6a331da-9a81-4072-a4e4-ab95fca774e7,OUT_OF_ORDER,DATA,260,0,"arrived before missing sequence=256"
554.260,receiver,c6a331da-9a81-4072-a4e4-ab95fca774e7,EMIT,ACK,235,36,""
554.264,receiver,c6a331da-9a81-4072-a4e4-ab95fca774e7,ACCEPT_DATA,DATA,260,1024,"unique file bytes received"
554.270,receiver,c6a331da-9a81-4072-a4e4-ab95fca774e7,EMIT,ACK,252,36,""
554.273,receiver,c6a331da-9a81-4072-a4e4-ab95fca774e7,SEND,ACK,260,36,""
554.283,receiver,c6a331da-9a81-4072-a4e4-ab95fca774e7,EMIT,ACK,233,36,""
554.291,receiver,c6a331da-9a81-4072-a4e4-ab95fca774e7,EMIT,ACK,253,36,""
554.299,receiver,c6a331da-9a81-4072-a4e4-ab95fca774e7,EMIT,ACK,248,36,""
554.307,receiver,c6a331da-9a81-4072-a4e4-ab95fca774e7,EMIT,ACK,245,36,""
554.315,receiver,c6a331da-9a81-4072-a4e4-ab95fca774e7,EMIT,ACK,249,36,""
554.322,receiver,c6a331da-9a81-4072-a4e4-ab95fca774e7,EMIT,ACK,255,36,""
554.330,receiver,c6a331da-9a81-4072-a4e4-ab95fca774e7,EMIT,ACK,239,36,""
569.437,receiver,c6a331da-9a81-4072-a4e4-ab95fca774e7,EMIT,ACK,236,36,""
569.489,receiver,c6a331da-9a81-4072-a4e4-ab95fca774e7,EMIT,ACK,250,36,""
569.522,receiver,c6a331da-9a81-4072-a4e4-ab95fca774e7,RECEIVE,DATA,259,1060,""
569.582,receiver,c6a331da-9a81-4072-a4e4-ab95fca774e7,OUT_OF_ORDER,DATA,259,0,"arrived before missing sequence=256"
569.594,receiver,c6a331da-9a81-4072-a4e4-ab95fca774e7,ACCEPT_DATA,DATA,259,1024,"unique file bytes received"
569.603,receiver,c6a331da-9a81-4072-a4e4-ab95fca774e7,SEND,ACK,259,36,""
569.643,receiver,c6a331da-9a81-4072-a4e4-ab95fca774e7,RECEIVE,DATA,261,1060,""
569.649,receiver,c6a331da-9a81-4072-a4e4-ab95fca774e7,OUT_OF_ORDER,DATA,261,0,"arrived before missing sequence=256"
569.654,receiver,c6a331da-9a81-4072-a4e4-ab95fca774e7,ACCEPT_DATA,DATA,261,1024,"unique file bytes received"
569.658,receiver,c6a331da-9a81-4072-a4e4-ab95fca774e7,SEND,ACK,261,36,""
569.887,receiver,c6a331da-9a81-4072-a4e4-ab95fca774e7,RECEIVE,DATA,256,1060,""
569.897,receiver,c6a331da-9a81-4072-a4e4-ab95fca774e7,ACCEPT_DATA,DATA,256,1024,"unique file bytes received"
569.901,receiver,c6a331da-9a81-4072-a4e4-ab95fca774e7,SEND,ACK,256,36,""
569.913,receiver,c6a331da-9a81-4072-a4e4-ab95fca774e7,RECEIVE,DATA,276,1060,""
569.920,receiver,c6a331da-9a81-4072-a4e4-ab95fca774e7,OUT_OF_ORDER,DATA,276,0,"arrived before missing sequence=262"
569.923,receiver,c6a331da-9a81-4072-a4e4-ab95fca774e7,ACCEPT_DATA,DATA,276,1024,"unique file bytes received"
569.925,receiver,c6a331da-9a81-4072-a4e4-ab95fca774e7,SEND,ACK,276,36,""
569.931,receiver,c6a331da-9a81-4072-a4e4-ab95fca774e7,RECEIVE,DATA,272,1060,""
569.933,receiver,c6a331da-9a81-4072-a4e4-ab95fca774e7,OUT_OF_ORDER,DATA,272,0,"arrived before missing sequence=262"
569.936,receiver,c6a331da-9a81-4072-a4e4-ab95fca774e7,ACCEPT_DATA,DATA,272,1024,"unique file bytes received"
569.974,receiver,c6a331da-9a81-4072-a4e4-ab95fca774e7,SEND,ACK,272,36,""
569.979,receiver,c6a331da-9a81-4072-a4e4-ab95fca774e7,RECEIVE,DATA,277,1060,""
569.982,receiver,c6a331da-9a81-4072-a4e4-ab95fca774e7,OUT_OF_ORDER,DATA,277,0,"arrived before missing sequence=262"
569.984,receiver,c6a331da-9a81-4072-a4e4-ab95fca774e7,ACCEPT_DATA,DATA,277,1024,"unique file bytes received"
569.987,receiver,c6a331da-9a81-4072-a4e4-ab95fca774e7,SEND,ACK,277,36,""
569.991,receiver,c6a331da-9a81-4072-a4e4-ab95fca774e7,RECEIVE,DATA,291,1060,""
569.994,receiver,c6a331da-9a81-4072-a4e4-ab95fca774e7,OUT_OF_ORDER,DATA,291,0,"arrived before missing sequence=262"
569.996,receiver,c6a331da-9a81-4072-a4e4-ab95fca774e7,ACCEPT_DATA,DATA,291,1024,"unique file bytes received"
569.998,receiver,c6a331da-9a81-4072-a4e4-ab95fca774e7,SEND,ACK,291,36,""
570.003,receiver,c6a331da-9a81-4072-a4e4-ab95fca774e7,RECEIVE,DATA,292,1060,""
570.006,receiver,c6a331da-9a81-4072-a4e4-ab95fca774e7,OUT_OF_ORDER,DATA,292,0,"arrived before missing sequence=262"
570.021,receiver,c6a331da-9a81-4072-a4e4-ab95fca774e7,ACCEPT_DATA,DATA,292,1024,"unique file bytes received"
570.024,receiver,c6a331da-9a81-4072-a4e4-ab95fca774e7,SEND,ACK,292,36,""
570.029,receiver,c6a331da-9a81-4072-a4e4-ab95fca774e7,RECEIVE,DATA,295,1060,""
570.031,receiver,c6a331da-9a81-4072-a4e4-ab95fca774e7,OUT_OF_ORDER,DATA,295,0,"arrived before missing sequence=262"
570.034,receiver,c6a331da-9a81-4072-a4e4-ab95fca774e7,ACCEPT_DATA,DATA,295,1024,"unique file bytes received"
570.036,receiver,c6a331da-9a81-4072-a4e4-ab95fca774e7,SEND,ACK,295,36,""
570.045,receiver,c6a331da-9a81-4072-a4e4-ab95fca774e7,RECEIVE,DATA,280,1060,""
570.048,receiver,c6a331da-9a81-4072-a4e4-ab95fca774e7,OUT_OF_ORDER,DATA,280,0,"arrived before missing sequence=262"
570.050,receiver,c6a331da-9a81-4072-a4e4-ab95fca774e7,ACCEPT_DATA,DATA,280,1024,"unique file bytes received"
570.052,receiver,c6a331da-9a81-4072-a4e4-ab95fca774e7,SEND,ACK,280,36,""
585.616,receiver,c6a331da-9a81-4072-a4e4-ab95fca774e7,RECEIVE,DATA,271,1060,""
585.634,receiver,c6a331da-9a81-4072-a4e4-ab95fca774e7,EMIT,ACK,247,36,""
585.653,receiver,c6a331da-9a81-4072-a4e4-ab95fca774e7,OUT_OF_ORDER,DATA,271,0,"arrived before missing sequence=262"
585.658,receiver,c6a331da-9a81-4072-a4e4-ab95fca774e7,ACCEPT_DATA,DATA,271,1024,"unique file bytes received"
585.661,receiver,c6a331da-9a81-4072-a4e4-ab95fca774e7,SEND,ACK,271,36,""
585.685,receiver,c6a331da-9a81-4072-a4e4-ab95fca774e7,EMIT,ACK,258,36,""
585.721,receiver,c6a331da-9a81-4072-a4e4-ab95fca774e7,EMIT,ACK,257,36,""
586.030,receiver,c6a331da-9a81-4072-a4e4-ab95fca774e7,RECEIVE,DATA,274,1060,""
586.043,receiver,c6a331da-9a81-4072-a4e4-ab95fca774e7,OUT_OF_ORDER,DATA,274,0,"arrived before missing sequence=262"
586.046,receiver,c6a331da-9a81-4072-a4e4-ab95fca774e7,ACCEPT_DATA,DATA,274,1024,"unique file bytes received"
586.049,receiver,c6a331da-9a81-4072-a4e4-ab95fca774e7,SEND,ACK,274,36,""
586.061,receiver,c6a331da-9a81-4072-a4e4-ab95fca774e7,RECEIVE,DATA,269,1060,""
586.064,receiver,c6a331da-9a81-4072-a4e4-ab95fca774e7,OUT_OF_ORDER,DATA,269,0,"arrived before missing sequence=262"
586.066,receiver,c6a331da-9a81-4072-a4e4-ab95fca774e7,ACCEPT_DATA,DATA,269,1024,"unique file bytes received"
586.069,receiver,c6a331da-9a81-4072-a4e4-ab95fca774e7,SEND,ACK,269,36,""
586.074,receiver,c6a331da-9a81-4072-a4e4-ab95fca774e7,RECEIVE,DATA,294,1060,""
586.077,receiver,c6a331da-9a81-4072-a4e4-ab95fca774e7,OUT_OF_ORDER,DATA,294,0,"arrived before missing sequence=262"
586.079,receiver,c6a331da-9a81-4072-a4e4-ab95fca774e7,ACCEPT_DATA,DATA,294,1024,"unique file bytes received"
586.081,receiver,c6a331da-9a81-4072-a4e4-ab95fca774e7,SEND,ACK,294,36,""
586.086,receiver,c6a331da-9a81-4072-a4e4-ab95fca774e7,RECEIVE,DATA,270,1060,""
586.089,receiver,c6a331da-9a81-4072-a4e4-ab95fca774e7,OUT_OF_ORDER,DATA,270,0,"arrived before missing sequence=262"
586.091,receiver,c6a331da-9a81-4072-a4e4-ab95fca774e7,ACCEPT_DATA,DATA,270,1024,"unique file bytes received"
586.093,receiver,c6a331da-9a81-4072-a4e4-ab95fca774e7,SEND,ACK,270,36,""
586.098,receiver,c6a331da-9a81-4072-a4e4-ab95fca774e7,RECEIVE,DATA,296,1060,""
586.101,receiver,c6a331da-9a81-4072-a4e4-ab95fca774e7,OUT_OF_ORDER,DATA,296,0,"arrived before missing sequence=262"
586.103,receiver,c6a331da-9a81-4072-a4e4-ab95fca774e7,ACCEPT_DATA,DATA,296,1024,"unique file bytes received"
586.105,receiver,c6a331da-9a81-4072-a4e4-ab95fca774e7,SEND,ACK,296,36,""
586.110,receiver,c6a331da-9a81-4072-a4e4-ab95fca774e7,RECEIVE,DATA,283,1060,""
586.112,receiver,c6a331da-9a81-4072-a4e4-ab95fca774e7,OUT_OF_ORDER,DATA,283,0,"arrived before missing sequence=262"
586.115,receiver,c6a331da-9a81-4072-a4e4-ab95fca774e7,ACCEPT_DATA,DATA,283,1024,"unique file bytes received"
586.117,receiver,c6a331da-9a81-4072-a4e4-ab95fca774e7,SEND,ACK,283,36,""
586.122,receiver,c6a331da-9a81-4072-a4e4-ab95fca774e7,RECEIVE,DATA,288,1060,""
586.125,receiver,c6a331da-9a81-4072-a4e4-ab95fca774e7,OUT_OF_ORDER,DATA,288,0,"arrived before missing sequence=262"
586.127,receiver,c6a331da-9a81-4072-a4e4-ab95fca774e7,ACCEPT_DATA,DATA,288,1024,"unique file bytes received"
586.130,receiver,c6a331da-9a81-4072-a4e4-ab95fca774e7,SEND,ACK,288,36,""
586.135,receiver,c6a331da-9a81-4072-a4e4-ab95fca774e7,RECEIVE,DATA,265,1060,""
586.137,receiver,c6a331da-9a81-4072-a4e4-ab95fca774e7,OUT_OF_ORDER,DATA,265,0,"arrived before missing sequence=262"
586.140,receiver,c6a331da-9a81-4072-a4e4-ab95fca774e7,ACCEPT_DATA,DATA,265,1024,"unique file bytes received"
586.142,receiver,c6a331da-9a81-4072-a4e4-ab95fca774e7,SEND,ACK,265,36,""
586.147,receiver,c6a331da-9a81-4072-a4e4-ab95fca774e7,RECEIVE,DATA,286,1060,""
586.149,receiver,c6a331da-9a81-4072-a4e4-ab95fca774e7,OUT_OF_ORDER,DATA,286,0,"arrived before missing sequence=262"
586.151,receiver,c6a331da-9a81-4072-a4e4-ab95fca774e7,ACCEPT_DATA,DATA,286,1024,"unique file bytes received"
586.154,receiver,c6a331da-9a81-4072-a4e4-ab95fca774e7,SEND,ACK,286,36,""
586.158,receiver,c6a331da-9a81-4072-a4e4-ab95fca774e7,RECEIVE,DATA,289,1060,""
586.161,receiver,c6a331da-9a81-4072-a4e4-ab95fca774e7,OUT_OF_ORDER,DATA,289,0,"arrived before missing sequence=262"
586.163,receiver,c6a331da-9a81-4072-a4e4-ab95fca774e7,ACCEPT_DATA,DATA,289,1024,"unique file bytes received"
586.165,receiver,c6a331da-9a81-4072-a4e4-ab95fca774e7,SEND,ACK,289,36,""
586.170,receiver,c6a331da-9a81-4072-a4e4-ab95fca774e7,RECEIVE,DATA,293,1060,""
586.172,receiver,c6a331da-9a81-4072-a4e4-ab95fca774e7,OUT_OF_ORDER,DATA,293,0,"arrived before missing sequence=262"
586.175,receiver,c6a331da-9a81-4072-a4e4-ab95fca774e7,ACCEPT_DATA,DATA,293,1024,"unique file bytes received"
586.177,receiver,c6a331da-9a81-4072-a4e4-ab95fca774e7,SEND,ACK,293,36,""
586.182,receiver,c6a331da-9a81-4072-a4e4-ab95fca774e7,RECEIVE,DATA,281,1060,""
586.184,receiver,c6a331da-9a81-4072-a4e4-ab95fca774e7,OUT_OF_ORDER,DATA,281,0,"arrived before missing sequence=262"
586.186,receiver,c6a331da-9a81-4072-a4e4-ab95fca774e7,ACCEPT_DATA,DATA,281,1024,"unique file bytes received"
586.189,receiver,c6a331da-9a81-4072-a4e4-ab95fca774e7,SEND,ACK,281,36,""
586.193,receiver,c6a331da-9a81-4072-a4e4-ab95fca774e7,RECEIVE,DATA,263,1060,""
586.196,receiver,c6a331da-9a81-4072-a4e4-ab95fca774e7,OUT_OF_ORDER,DATA,263,0,"arrived before missing sequence=262"
586.198,receiver,c6a331da-9a81-4072-a4e4-ab95fca774e7,ACCEPT_DATA,DATA,263,1024,"unique file bytes received"
586.200,receiver,c6a331da-9a81-4072-a4e4-ab95fca774e7,SEND,ACK,263,36,""
586.205,receiver,c6a331da-9a81-4072-a4e4-ab95fca774e7,RECEIVE,DATA,285,1060,""
586.207,receiver,c6a331da-9a81-4072-a4e4-ab95fca774e7,OUT_OF_ORDER,DATA,285,0,"arrived before missing sequence=262"
586.210,receiver,c6a331da-9a81-4072-a4e4-ab95fca774e7,ACCEPT_DATA,DATA,285,1024,"unique file bytes received"
586.212,receiver,c6a331da-9a81-4072-a4e4-ab95fca774e7,SEND,ACK,285,36,""
586.216,receiver,c6a331da-9a81-4072-a4e4-ab95fca774e7,RECEIVE,DATA,290,1060,""
586.219,receiver,c6a331da-9a81-4072-a4e4-ab95fca774e7,OUT_OF_ORDER,DATA,290,0,"arrived before missing sequence=262"
586.221,receiver,c6a331da-9a81-4072-a4e4-ab95fca774e7,ACCEPT_DATA,DATA,290,1024,"unique file bytes received"
586.262,receiver,c6a331da-9a81-4072-a4e4-ab95fca774e7,SEND,ACK,290,36,""
586.267,receiver,c6a331da-9a81-4072-a4e4-ab95fca774e7,RECEIVE,DATA,262,1060,""
586.269,receiver,c6a331da-9a81-4072-a4e4-ab95fca774e7,ACCEPT_DATA,DATA,262,1024,"unique file bytes received"
586.272,receiver,c6a331da-9a81-4072-a4e4-ab95fca774e7,SEND,ACK,262,36,""
586.276,receiver,c6a331da-9a81-4072-a4e4-ab95fca774e7,RECEIVE,DATA,267,1060,""
586.279,receiver,c6a331da-9a81-4072-a4e4-ab95fca774e7,OUT_OF_ORDER,DATA,267,0,"arrived before missing sequence=264"
586.281,receiver,c6a331da-9a81-4072-a4e4-ab95fca774e7,ACCEPT_DATA,DATA,267,1024,"unique file bytes received"
586.283,receiver,c6a331da-9a81-4072-a4e4-ab95fca774e7,SEND,ACK,267,36,""
586.290,receiver,c6a331da-9a81-4072-a4e4-ab95fca774e7,RECEIVE,DATA,278,1060,""
586.292,receiver,c6a331da-9a81-4072-a4e4-ab95fca774e7,OUT_OF_ORDER,DATA,278,0,"arrived before missing sequence=264"
586.295,receiver,c6a331da-9a81-4072-a4e4-ab95fca774e7,ACCEPT_DATA,DATA,278,1024,"unique file bytes received"
586.297,receiver,c6a331da-9a81-4072-a4e4-ab95fca774e7,SEND,ACK,278,36,""
586.301,receiver,c6a331da-9a81-4072-a4e4-ab95fca774e7,RECEIVE,DATA,264,1060,""
586.304,receiver,c6a331da-9a81-4072-a4e4-ab95fca774e7,ACCEPT_DATA,DATA,264,1024,"unique file bytes received"
586.306,receiver,c6a331da-9a81-4072-a4e4-ab95fca774e7,SEND,ACK,264,36,""
586.311,receiver,c6a331da-9a81-4072-a4e4-ab95fca774e7,RECEIVE,DATA,266,1060,""
586.314,receiver,c6a331da-9a81-4072-a4e4-ab95fca774e7,ACCEPT_DATA,DATA,266,1024,"unique file bytes received"
586.316,receiver,c6a331da-9a81-4072-a4e4-ab95fca774e7,SEND,ACK,266,36,""
586.320,receiver,c6a331da-9a81-4072-a4e4-ab95fca774e7,RECEIVE,DATA,273,1060,""
586.323,receiver,c6a331da-9a81-4072-a4e4-ab95fca774e7,OUT_OF_ORDER,DATA,273,0,"arrived before missing sequence=268"
586.325,receiver,c6a331da-9a81-4072-a4e4-ab95fca774e7,ACCEPT_DATA,DATA,273,1024,"unique file bytes received"
586.327,receiver,c6a331da-9a81-4072-a4e4-ab95fca774e7,SEND,ACK,273,36,""
586.332,receiver,c6a331da-9a81-4072-a4e4-ab95fca774e7,RECEIVE,DATA,284,1060,""
586.335,receiver,c6a331da-9a81-4072-a4e4-ab95fca774e7,OUT_OF_ORDER,DATA,284,0,"arrived before missing sequence=268"
586.337,receiver,c6a331da-9a81-4072-a4e4-ab95fca774e7,ACCEPT_DATA,DATA,284,1024,"unique file bytes received"
586.339,receiver,c6a331da-9a81-4072-a4e4-ab95fca774e7,SEND,ACK,284,36,""
586.343,receiver,c6a331da-9a81-4072-a4e4-ab95fca774e7,RECEIVE,DATA,268,1060,""
586.346,receiver,c6a331da-9a81-4072-a4e4-ab95fca774e7,ACCEPT_DATA,DATA,268,1024,"unique file bytes received"
586.348,receiver,c6a331da-9a81-4072-a4e4-ab95fca774e7,SEND,ACK,268,36,""
586.353,receiver,c6a331da-9a81-4072-a4e4-ab95fca774e7,RECEIVE,DATA,282,1060,""
586.355,receiver,c6a331da-9a81-4072-a4e4-ab95fca774e7,OUT_OF_ORDER,DATA,282,0,"arrived before missing sequence=275"
586.357,receiver,c6a331da-9a81-4072-a4e4-ab95fca774e7,ACCEPT_DATA,DATA,282,1024,"unique file bytes received"
586.360,receiver,c6a331da-9a81-4072-a4e4-ab95fca774e7,SEND,ACK,282,36,""
586.364,receiver,c6a331da-9a81-4072-a4e4-ab95fca774e7,RECEIVE,DATA,287,1060,""
586.367,receiver,c6a331da-9a81-4072-a4e4-ab95fca774e7,OUT_OF_ORDER,DATA,287,0,"arrived before missing sequence=275"
586.369,receiver,c6a331da-9a81-4072-a4e4-ab95fca774e7,ACCEPT_DATA,DATA,287,1024,"unique file bytes received"
586.371,receiver,c6a331da-9a81-4072-a4e4-ab95fca774e7,SEND,ACK,287,36,""
600.860,receiver,c6a331da-9a81-4072-a4e4-ab95fca774e7,EMIT,ACK,260,36,""
600.893,receiver,c6a331da-9a81-4072-a4e4-ab95fca774e7,EMIT,ACK,295,36,""
600.906,receiver,c6a331da-9a81-4072-a4e4-ab95fca774e7,EMIT,ACK,259,36,""
600.917,receiver,c6a331da-9a81-4072-a4e4-ab95fca774e7,EMIT,ACK,291,36,""
600.986,receiver,c6a331da-9a81-4072-a4e4-ab95fca774e7,RECEIVE,DATA,275,1060,""
601.011,receiver,c6a331da-9a81-4072-a4e4-ab95fca774e7,ACCEPT_DATA,DATA,275,1024,"unique file bytes received"
601.016,receiver,c6a331da-9a81-4072-a4e4-ab95fca774e7,SEND,ACK,275,36,""
601.032,receiver,c6a331da-9a81-4072-a4e4-ab95fca774e7,RECEIVE,DATA,279,1060,""
601.036,receiver,c6a331da-9a81-4072-a4e4-ab95fca774e7,ACCEPT_DATA,DATA,279,1024,"unique file bytes received"
601.040,receiver,c6a331da-9a81-4072-a4e4-ab95fca774e7,SEND,ACK,279,36,""
601.047,receiver,c6a331da-9a81-4072-a4e4-ab95fca774e7,RECEIVE,DATA,297,1060,""
601.050,receiver,c6a331da-9a81-4072-a4e4-ab95fca774e7,ACCEPT_DATA,DATA,297,1024,"unique file bytes received"
601.054,receiver,c6a331da-9a81-4072-a4e4-ab95fca774e7,SEND,ACK,297,36,""
601.060,receiver,c6a331da-9a81-4072-a4e4-ab95fca774e7,RECEIVE,DATA,298,1060,""
601.064,receiver,c6a331da-9a81-4072-a4e4-ab95fca774e7,ACCEPT_DATA,DATA,298,1024,"unique file bytes received"
601.067,receiver,c6a331da-9a81-4072-a4e4-ab95fca774e7,SEND,ACK,298,36,""
601.074,receiver,c6a331da-9a81-4072-a4e4-ab95fca774e7,RECEIVE,DATA,299,1060,""
601.077,receiver,c6a331da-9a81-4072-a4e4-ab95fca774e7,ACCEPT_DATA,DATA,299,1024,"unique file bytes received"
601.081,receiver,c6a331da-9a81-4072-a4e4-ab95fca774e7,SEND,ACK,299,36,""
601.087,receiver,c6a331da-9a81-4072-a4e4-ab95fca774e7,RECEIVE,DATA,306,1060,""
601.091,receiver,c6a331da-9a81-4072-a4e4-ab95fca774e7,OUT_OF_ORDER,DATA,306,0,"arrived before missing sequence=300"
601.095,receiver,c6a331da-9a81-4072-a4e4-ab95fca774e7,ACCEPT_DATA,DATA,306,1024,"unique file bytes received"
601.098,receiver,c6a331da-9a81-4072-a4e4-ab95fca774e7,SEND,ACK,306,36,""
601.104,receiver,c6a331da-9a81-4072-a4e4-ab95fca774e7,RECEIVE,DATA,304,1060,""
601.107,receiver,c6a331da-9a81-4072-a4e4-ab95fca774e7,OUT_OF_ORDER,DATA,304,0,"arrived before missing sequence=300"
601.111,receiver,c6a331da-9a81-4072-a4e4-ab95fca774e7,ACCEPT_DATA,DATA,304,1024,"unique file bytes received"
601.114,receiver,c6a331da-9a81-4072-a4e4-ab95fca774e7,SEND,ACK,304,36,""
601.120,receiver,c6a331da-9a81-4072-a4e4-ab95fca774e7,RECEIVE,DATA,308,1060,""
601.124,receiver,c6a331da-9a81-4072-a4e4-ab95fca774e7,OUT_OF_ORDER,DATA,308,0,"arrived before missing sequence=300"
601.127,receiver,c6a331da-9a81-4072-a4e4-ab95fca774e7,ACCEPT_DATA,DATA,308,1024,"unique file bytes received"
601.130,receiver,c6a331da-9a81-4072-a4e4-ab95fca774e7,SEND,ACK,308,36,""
601.136,receiver,c6a331da-9a81-4072-a4e4-ab95fca774e7,RECEIVE,DATA,301,1060,""
601.139,receiver,c6a331da-9a81-4072-a4e4-ab95fca774e7,OUT_OF_ORDER,DATA,301,0,"arrived before missing sequence=300"
601.142,receiver,c6a331da-9a81-4072-a4e4-ab95fca774e7,ACCEPT_DATA,DATA,301,1024,"unique file bytes received"
601.145,receiver,c6a331da-9a81-4072-a4e4-ab95fca774e7,SEND,ACK,301,36,""
601.152,receiver,c6a331da-9a81-4072-a4e4-ab95fca774e7,RECEIVE,DATA,305,1060,""
601.155,receiver,c6a331da-9a81-4072-a4e4-ab95fca774e7,OUT_OF_ORDER,DATA,305,0,"arrived before missing sequence=300"
601.158,receiver,c6a331da-9a81-4072-a4e4-ab95fca774e7,ACCEPT_DATA,DATA,305,1024,"unique file bytes received"
601.161,receiver,c6a331da-9a81-4072-a4e4-ab95fca774e7,SEND,ACK,305,36,""
601.167,receiver,c6a331da-9a81-4072-a4e4-ab95fca774e7,RECEIVE,DATA,307,1060,""
601.171,receiver,c6a331da-9a81-4072-a4e4-ab95fca774e7,OUT_OF_ORDER,DATA,307,0,"arrived before missing sequence=300"
601.174,receiver,c6a331da-9a81-4072-a4e4-ab95fca774e7,ACCEPT_DATA,DATA,307,1024,"unique file bytes received"
601.177,receiver,c6a331da-9a81-4072-a4e4-ab95fca774e7,SEND,ACK,307,36,""
601.183,receiver,c6a331da-9a81-4072-a4e4-ab95fca774e7,RECEIVE,DATA,310,1060,""
601.186,receiver,c6a331da-9a81-4072-a4e4-ab95fca774e7,OUT_OF_ORDER,DATA,310,0,"arrived before missing sequence=300"
601.189,receiver,c6a331da-9a81-4072-a4e4-ab95fca774e7,ACCEPT_DATA,DATA,310,1024,"unique file bytes received"
601.192,receiver,c6a331da-9a81-4072-a4e4-ab95fca774e7,SEND,ACK,310,36,""
615.818,receiver,c6a331da-9a81-4072-a4e4-ab95fca774e7,EMIT,ACK,261,36,""
615.903,receiver,c6a331da-9a81-4072-a4e4-ab95fca774e7,EMIT,ACK,277,36,""
615.916,receiver,c6a331da-9a81-4072-a4e4-ab95fca774e7,EMIT,ACK,276,36,""
615.925,receiver,c6a331da-9a81-4072-a4e4-ab95fca774e7,EMIT,ACK,292,36,""
615.935,receiver,c6a331da-9a81-4072-a4e4-ab95fca774e7,EMIT,ACK,280,36,""
615.943,receiver,c6a331da-9a81-4072-a4e4-ab95fca774e7,EMIT,ACK,271,36,""
615.987,receiver,c6a331da-9a81-4072-a4e4-ab95fca774e7,EMIT,ACK,284,36,""
615.995,receiver,c6a331da-9a81-4072-a4e4-ab95fca774e7,EMIT,ACK,281,36,""
616.003,receiver,c6a331da-9a81-4072-a4e4-ab95fca774e7,EMIT,ACK,272,36,""
616.121,receiver,c6a331da-9a81-4072-a4e4-ab95fca774e7,RECEIVE,DATA,303,1060,""
616.134,receiver,c6a331da-9a81-4072-a4e4-ab95fca774e7,OUT_OF_ORDER,DATA,303,0,"arrived before missing sequence=300"
616.142,receiver,c6a331da-9a81-4072-a4e4-ab95fca774e7,ACCEPT_DATA,DATA,303,1024,"unique file bytes received"
616.145,receiver,c6a331da-9a81-4072-a4e4-ab95fca774e7,SEND,ACK,303,36,""
616.165,receiver,c6a331da-9a81-4072-a4e4-ab95fca774e7,RECEIVE,DATA,300,1060,""
616.168,receiver,c6a331da-9a81-4072-a4e4-ab95fca774e7,ACCEPT_DATA,DATA,300,1024,"unique file bytes received"
616.171,receiver,c6a331da-9a81-4072-a4e4-ab95fca774e7,SEND,ACK,300,36,""
616.177,receiver,c6a331da-9a81-4072-a4e4-ab95fca774e7,RECEIVE,DATA,302,1060,""
616.180,receiver,c6a331da-9a81-4072-a4e4-ab95fca774e7,ACCEPT_DATA,DATA,302,1024,"unique file bytes received"
616.182,receiver,c6a331da-9a81-4072-a4e4-ab95fca774e7,SEND,ACK,302,36,""
616.188,receiver,c6a331da-9a81-4072-a4e4-ab95fca774e7,RECEIVE,DATA,309,1060,""
616.191,receiver,c6a331da-9a81-4072-a4e4-ab95fca774e7,ACCEPT_DATA,DATA,309,1024,"unique file bytes received"
616.193,receiver,c6a331da-9a81-4072-a4e4-ab95fca774e7,SEND,ACK,309,36,""
616.198,receiver,c6a331da-9a81-4072-a4e4-ab95fca774e7,RECEIVE,DATA,311,1060,""
616.201,receiver,c6a331da-9a81-4072-a4e4-ab95fca774e7,ACCEPT_DATA,DATA,311,1024,"unique file bytes received"
616.204,receiver,c6a331da-9a81-4072-a4e4-ab95fca774e7,SEND,ACK,311,36,""
616.209,receiver,c6a331da-9a81-4072-a4e4-ab95fca774e7,RECEIVE,DATA,314,1060,""
616.212,receiver,c6a331da-9a81-4072-a4e4-ab95fca774e7,OUT_OF_ORDER,DATA,314,0,"arrived before missing sequence=312"
616.215,receiver,c6a331da-9a81-4072-a4e4-ab95fca774e7,ACCEPT_DATA,DATA,314,1024,"unique file bytes received"
616.217,receiver,c6a331da-9a81-4072-a4e4-ab95fca774e7,SEND,ACK,314,36,""
616.228,receiver,c6a331da-9a81-4072-a4e4-ab95fca774e7,RECEIVE,DATA,316,1060,""
616.231,receiver,c6a331da-9a81-4072-a4e4-ab95fca774e7,OUT_OF_ORDER,DATA,316,0,"arrived before missing sequence=312"
616.233,receiver,c6a331da-9a81-4072-a4e4-ab95fca774e7,ACCEPT_DATA,DATA,316,1024,"unique file bytes received"
616.235,receiver,c6a331da-9a81-4072-a4e4-ab95fca774e7,SEND,ACK,316,36,""
616.240,receiver,c6a331da-9a81-4072-a4e4-ab95fca774e7,RECEIVE,DATA,317,1060,""
616.243,receiver,c6a331da-9a81-4072-a4e4-ab95fca774e7,OUT_OF_ORDER,DATA,317,0,"arrived before missing sequence=312"
616.245,receiver,c6a331da-9a81-4072-a4e4-ab95fca774e7,ACCEPT_DATA,DATA,317,1024,"unique file bytes received"
616.248,receiver,c6a331da-9a81-4072-a4e4-ab95fca774e7,SEND,ACK,317,36,""
632.226,receiver,c6a331da-9a81-4072-a4e4-ab95fca774e7,RECEIVE,DATA,312,1060,""
632.252,receiver,c6a331da-9a81-4072-a4e4-ab95fca774e7,ACCEPT_DATA,DATA,312,1024,"unique file bytes received"
632.256,receiver,c6a331da-9a81-4072-a4e4-ab95fca774e7,SEND,ACK,312,36,""
632.264,receiver,c6a331da-9a81-4072-a4e4-ab95fca774e7,EMIT,ACK,289,36,""
632.276,receiver,c6a331da-9a81-4072-a4e4-ab95fca774e7,RECEIVE,DATA,319,1060,""
632.280,receiver,c6a331da-9a81-4072-a4e4-ab95fca774e7,OUT_OF_ORDER,DATA,319,0,"arrived before missing sequence=313"
632.283,receiver,c6a331da-9a81-4072-a4e4-ab95fca774e7,ACCEPT_DATA,DATA,319,1024,"unique file bytes received"
632.286,receiver,c6a331da-9a81-4072-a4e4-ab95fca774e7,SEND,ACK,319,36,""
632.289,receiver,c6a331da-9a81-4072-a4e4-ab95fca774e7,EMIT,ACK,256,36,""
632.293,receiver,c6a331da-9a81-4072-a4e4-ab95fca774e7,RECEIVE,DATA,313,1060,""
632.296,receiver,c6a331da-9a81-4072-a4e4-ab95fca774e7,ACCEPT_DATA,DATA,313,1024,"unique file bytes received"
632.299,receiver,c6a331da-9a81-4072-a4e4-ab95fca774e7,EMIT,ACK,263,36,""
632.302,receiver,c6a331da-9a81-4072-a4e4-ab95fca774e7,SEND,ACK,313,36,""
632.312,receiver,c6a331da-9a81-4072-a4e4-ab95fca774e7,EMIT,ACK,286,36,""
632.324,receiver,c6a331da-9a81-4072-a4e4-ab95fca774e7,EMIT,ACK,268,36,""
632.332,receiver,c6a331da-9a81-4072-a4e4-ab95fca774e7,EMIT,ACK,296,36,""
632.340,receiver,c6a331da-9a81-4072-a4e4-ab95fca774e7,EMIT,ACK,267,36,""
632.359,receiver,c6a331da-9a81-4072-a4e4-ab95fca774e7,EMIT,ACK,274,36,""
632.366,receiver,c6a331da-9a81-4072-a4e4-ab95fca774e7,EMIT,ACK,287,36,""
632.374,receiver,c6a331da-9a81-4072-a4e4-ab95fca774e7,EMIT,ACK,293,36,""
632.381,receiver,c6a331da-9a81-4072-a4e4-ab95fca774e7,EMIT,ACK,278,36,""
632.388,receiver,c6a331da-9a81-4072-a4e4-ab95fca774e7,EMIT,ACK,275,36,""
632.395,receiver,c6a331da-9a81-4072-a4e4-ab95fca774e7,EMIT,ACK,279,36,""
632.402,receiver,c6a331da-9a81-4072-a4e4-ab95fca774e7,EMIT,ACK,269,36,""
632.410,receiver,c6a331da-9a81-4072-a4e4-ab95fca774e7,EMIT,ACK,308,36,""
632.417,receiver,c6a331da-9a81-4072-a4e4-ab95fca774e7,EMIT,ACK,290,36,""
632.424,receiver,c6a331da-9a81-4072-a4e4-ab95fca774e7,EMIT,ACK,273,36,""
632.431,receiver,c6a331da-9a81-4072-a4e4-ab95fca774e7,EMIT,ACK,270,36,""
632.438,receiver,c6a331da-9a81-4072-a4e4-ab95fca774e7,EMIT,ACK,283,36,""
632.445,receiver,c6a331da-9a81-4072-a4e4-ab95fca774e7,EMIT,ACK,288,36,""
632.452,receiver,c6a331da-9a81-4072-a4e4-ab95fca774e7,EMIT,ACK,265,36,""
632.459,receiver,c6a331da-9a81-4072-a4e4-ab95fca774e7,EMIT,ACK,285,36,""
632.466,receiver,c6a331da-9a81-4072-a4e4-ab95fca774e7,EMIT,ACK,304,36,""
632.473,receiver,c6a331da-9a81-4072-a4e4-ab95fca774e7,EMIT,ACK,264,36,""
647.877,receiver,c6a331da-9a81-4072-a4e4-ab95fca774e7,EMIT,ACK,294,36,""
647.916,receiver,c6a331da-9a81-4072-a4e4-ab95fca774e7,RECEIVE,DATA,315,1060,""
647.928,receiver,c6a331da-9a81-4072-a4e4-ab95fca774e7,EMIT,ACK,310,36,""
647.934,receiver,c6a331da-9a81-4072-a4e4-ab95fca774e7,ACCEPT_DATA,DATA,315,1024,"unique file bytes received"
647.939,receiver,c6a331da-9a81-4072-a4e4-ab95fca774e7,SEND,ACK,315,36,""
647.942,receiver,c6a331da-9a81-4072-a4e4-ab95fca774e7,EMIT,ACK,262,36,""
647.953,receiver,c6a331da-9a81-4072-a4e4-ab95fca774e7,EMIT,ACK,297,36,""
647.967,receiver,c6a331da-9a81-4072-a4e4-ab95fca774e7,RECEIVE,DATA,318,1060,""
647.971,receiver,c6a331da-9a81-4072-a4e4-ab95fca774e7,ACCEPT_DATA,DATA,318,1024,"unique file bytes received"
647.974,receiver,c6a331da-9a81-4072-a4e4-ab95fca774e7,EMIT,ACK,266,36,""
647.978,receiver,c6a331da-9a81-4072-a4e4-ab95fca774e7,SEND,ACK,318,36,""
647.985,receiver,c6a331da-9a81-4072-a4e4-ab95fca774e7,EMIT,ACK,282,36,""
647.995,receiver,c6a331da-9a81-4072-a4e4-ab95fca774e7,EMIT,ACK,298,36,""
648.005,receiver,c6a331da-9a81-4072-a4e4-ab95fca774e7,EMIT,ACK,301,36,""
648.014,receiver,c6a331da-9a81-4072-a4e4-ab95fca774e7,EMIT,ACK,299,36,""
648.028,receiver,c6a331da-9a81-4072-a4e4-ab95fca774e7,EMIT,ACK,305,36,""
648.036,receiver,c6a331da-9a81-4072-a4e4-ab95fca774e7,EMIT,ACK,311,36,""
648.045,receiver,c6a331da-9a81-4072-a4e4-ab95fca774e7,EMIT,ACK,306,36,""
648.053,receiver,c6a331da-9a81-4072-a4e4-ab95fca774e7,EMIT,ACK,307,36,""
663.958,receiver,c6a331da-9a81-4072-a4e4-ab95fca774e7,EMIT,ACK,300,36,""
664.034,receiver,c6a331da-9a81-4072-a4e4-ab95fca774e7,EMIT,ACK,309,36,""
664.044,receiver,c6a331da-9a81-4072-a4e4-ab95fca774e7,EMIT,ACK,316,36,""
664.065,receiver,c6a331da-9a81-4072-a4e4-ab95fca774e7,EMIT,ACK,314,36,""
664.075,receiver,c6a331da-9a81-4072-a4e4-ab95fca774e7,EMIT,ACK,302,36,""
664.084,receiver,c6a331da-9a81-4072-a4e4-ab95fca774e7,EMIT,ACK,303,36,""
679.121,receiver,c6a331da-9a81-4072-a4e4-ab95fca774e7,EMIT,ACK,317,36,""
679.146,receiver,c6a331da-9a81-4072-a4e4-ab95fca774e7,RECEIVE,DATA,321,1060,""
679.163,receiver,c6a331da-9a81-4072-a4e4-ab95fca774e7,EMIT,ACK,312,36,""
679.172,receiver,c6a331da-9a81-4072-a4e4-ab95fca774e7,OUT_OF_ORDER,DATA,321,0,"arrived before missing sequence=320"
679.177,receiver,c6a331da-9a81-4072-a4e4-ab95fca774e7,ACCEPT_DATA,DATA,321,1024,"unique file bytes received"
679.181,receiver,c6a331da-9a81-4072-a4e4-ab95fca774e7,SEND,ACK,321,36,""
679.185,receiver,c6a331da-9a81-4072-a4e4-ab95fca774e7,EMIT,ACK,313,36,""
679.198,receiver,c6a331da-9a81-4072-a4e4-ab95fca774e7,EMIT,ACK,319,36,""
679.204,receiver,c6a331da-9a81-4072-a4e4-ab95fca774e7,RECEIVE,DATA,323,1060,""
679.281,receiver,c6a331da-9a81-4072-a4e4-ab95fca774e7,OUT_OF_ORDER,DATA,323,0,"arrived before missing sequence=320"
679.284,receiver,c6a331da-9a81-4072-a4e4-ab95fca774e7,ACCEPT_DATA,DATA,323,1024,"unique file bytes received"
679.288,receiver,c6a331da-9a81-4072-a4e4-ab95fca774e7,SEND,ACK,323,36,""
679.296,receiver,c6a331da-9a81-4072-a4e4-ab95fca774e7,RECEIVE,DATA,325,1060,""
679.300,receiver,c6a331da-9a81-4072-a4e4-ab95fca774e7,OUT_OF_ORDER,DATA,325,0,"arrived before missing sequence=320"
679.303,receiver,c6a331da-9a81-4072-a4e4-ab95fca774e7,ACCEPT_DATA,DATA,325,1024,"unique file bytes received"
679.311,receiver,c6a331da-9a81-4072-a4e4-ab95fca774e7,SEND,ACK,325,36,""
679.318,receiver,c6a331da-9a81-4072-a4e4-ab95fca774e7,RECEIVE,DATA,322,1060,""
679.321,receiver,c6a331da-9a81-4072-a4e4-ab95fca774e7,OUT_OF_ORDER,DATA,322,0,"arrived before missing sequence=320"
679.324,receiver,c6a331da-9a81-4072-a4e4-ab95fca774e7,ACCEPT_DATA,DATA,322,1024,"unique file bytes received"
679.327,receiver,c6a331da-9a81-4072-a4e4-ab95fca774e7,SEND,ACK,322,36,""
679.333,receiver,c6a331da-9a81-4072-a4e4-ab95fca774e7,RECEIVE,DATA,324,1060,""
679.337,receiver,c6a331da-9a81-4072-a4e4-ab95fca774e7,OUT_OF_ORDER,DATA,324,0,"arrived before missing sequence=320"
679.339,receiver,c6a331da-9a81-4072-a4e4-ab95fca774e7,ACCEPT_DATA,DATA,324,1024,"unique file bytes received"
679.342,receiver,c6a331da-9a81-4072-a4e4-ab95fca774e7,SEND,ACK,324,36,""
679.353,receiver,c6a331da-9a81-4072-a4e4-ab95fca774e7,RECEIVE,DATA,348,1060,""
679.356,receiver,c6a331da-9a81-4072-a4e4-ab95fca774e7,OUT_OF_ORDER,DATA,348,0,"arrived before missing sequence=320"
679.359,receiver,c6a331da-9a81-4072-a4e4-ab95fca774e7,ACCEPT_DATA,DATA,348,1024,"unique file bytes received"
679.362,receiver,c6a331da-9a81-4072-a4e4-ab95fca774e7,SEND,ACK,348,36,""
679.368,receiver,c6a331da-9a81-4072-a4e4-ab95fca774e7,RECEIVE,DATA,343,1060,""
679.372,receiver,c6a331da-9a81-4072-a4e4-ab95fca774e7,OUT_OF_ORDER,DATA,343,0,"arrived before missing sequence=320"
679.375,receiver,c6a331da-9a81-4072-a4e4-ab95fca774e7,ACCEPT_DATA,DATA,343,1024,"unique file bytes received"
679.378,receiver,c6a331da-9a81-4072-a4e4-ab95fca774e7,SEND,ACK,343,36,""
679.384,receiver,c6a331da-9a81-4072-a4e4-ab95fca774e7,RECEIVE,DATA,357,1060,""
679.388,receiver,c6a331da-9a81-4072-a4e4-ab95fca774e7,OUT_OF_ORDER,DATA,357,0,"arrived before missing sequence=320"
679.391,receiver,c6a331da-9a81-4072-a4e4-ab95fca774e7,ACCEPT_DATA,DATA,357,1024,"unique file bytes received"
679.394,receiver,c6a331da-9a81-4072-a4e4-ab95fca774e7,SEND,ACK,357,36,""
679.405,receiver,c6a331da-9a81-4072-a4e4-ab95fca774e7,RECEIVE,DATA,344,1060,""
679.566,receiver,c6a331da-9a81-4072-a4e4-ab95fca774e7,OUT_OF_ORDER,DATA,344,0,"arrived before missing sequence=320"
679.571,receiver,c6a331da-9a81-4072-a4e4-ab95fca774e7,ACCEPT_DATA,DATA,344,1024,"unique file bytes received"
679.575,receiver,c6a331da-9a81-4072-a4e4-ab95fca774e7,SEND,ACK,344,36,""
679.600,receiver,c6a331da-9a81-4072-a4e4-ab95fca774e7,RECEIVE,DATA,358,1060,""
679.604,receiver,c6a331da-9a81-4072-a4e4-ab95fca774e7,OUT_OF_ORDER,DATA,358,0,"arrived before missing sequence=320"
679.608,receiver,c6a331da-9a81-4072-a4e4-ab95fca774e7,ACCEPT_DATA,DATA,358,1024,"unique file bytes received"
679.611,receiver,c6a331da-9a81-4072-a4e4-ab95fca774e7,SEND,ACK,358,36,""
679.618,receiver,c6a331da-9a81-4072-a4e4-ab95fca774e7,RECEIVE,DATA,338,1060,""
679.621,receiver,c6a331da-9a81-4072-a4e4-ab95fca774e7,OUT_OF_ORDER,DATA,338,0,"arrived before missing sequence=320"
679.624,receiver,c6a331da-9a81-4072-a4e4-ab95fca774e7,ACCEPT_DATA,DATA,338,1024,"unique file bytes received"
679.627,receiver,c6a331da-9a81-4072-a4e4-ab95fca774e7,SEND,ACK,338,36,""
679.633,receiver,c6a331da-9a81-4072-a4e4-ab95fca774e7,RECEIVE,DATA,347,1060,""
679.637,receiver,c6a331da-9a81-4072-a4e4-ab95fca774e7,OUT_OF_ORDER,DATA,347,0,"arrived before missing sequence=320"
679.640,receiver,c6a331da-9a81-4072-a4e4-ab95fca774e7,ACCEPT_DATA,DATA,347,1024,"unique file bytes received"
679.643,receiver,c6a331da-9a81-4072-a4e4-ab95fca774e7,SEND,ACK,347,36,""
679.649,receiver,c6a331da-9a81-4072-a4e4-ab95fca774e7,RECEIVE,DATA,341,1060,""
679.652,receiver,c6a331da-9a81-4072-a4e4-ab95fca774e7,OUT_OF_ORDER,DATA,341,0,"arrived before missing sequence=320"
679.655,receiver,c6a331da-9a81-4072-a4e4-ab95fca774e7,ACCEPT_DATA,DATA,341,1024,"unique file bytes received"
679.658,receiver,c6a331da-9a81-4072-a4e4-ab95fca774e7,SEND,ACK,341,36,""
679.664,receiver,c6a331da-9a81-4072-a4e4-ab95fca774e7,RECEIVE,DATA,345,1060,""
679.667,receiver,c6a331da-9a81-4072-a4e4-ab95fca774e7,OUT_OF_ORDER,DATA,345,0,"arrived before missing sequence=320"
679.670,receiver,c6a331da-9a81-4072-a4e4-ab95fca774e7,ACCEPT_DATA,DATA,345,1024,"unique file bytes received"
679.673,receiver,c6a331da-9a81-4072-a4e4-ab95fca774e7,SEND,ACK,345,36,""
679.682,receiver,c6a331da-9a81-4072-a4e4-ab95fca774e7,RECEIVE,DATA,362,1060,""
679.685,receiver,c6a331da-9a81-4072-a4e4-ab95fca774e7,OUT_OF_ORDER,DATA,362,0,"arrived before missing sequence=320"
679.687,receiver,c6a331da-9a81-4072-a4e4-ab95fca774e7,ACCEPT_DATA,DATA,362,1024,"unique file bytes received"
679.690,receiver,c6a331da-9a81-4072-a4e4-ab95fca774e7,SEND,ACK,362,36,""
694.557,receiver,c6a331da-9a81-4072-a4e4-ab95fca774e7,EMIT,ACK,315,36,""
694.573,receiver,c6a331da-9a81-4072-a4e4-ab95fca774e7,RECEIVE,DATA,329,1060,""
694.585,receiver,c6a331da-9a81-4072-a4e4-ab95fca774e7,OUT_OF_ORDER,DATA,329,0,"arrived before missing sequence=320"
694.616,receiver,c6a331da-9a81-4072-a4e4-ab95fca774e7,ACCEPT_DATA,DATA,329,1024,"unique file bytes received"
694.619,receiver,c6a331da-9a81-4072-a4e4-ab95fca774e7,SEND,ACK,329,36,""
694.630,receiver,c6a331da-9a81-4072-a4e4-ab95fca774e7,RECEIVE,DATA,361,1060,""
694.633,receiver,c6a331da-9a81-4072-a4e4-ab95fca774e7,OUT_OF_ORDER,DATA,361,0,"arrived before missing sequence=320"
694.636,receiver,c6a331da-9a81-4072-a4e4-ab95fca774e7,ACCEPT_DATA,DATA,361,1024,"unique file bytes received"
694.638,receiver,c6a331da-9a81-4072-a4e4-ab95fca774e7,SEND,ACK,361,36,""
694.645,receiver,c6a331da-9a81-4072-a4e4-ab95fca774e7,RECEIVE,DATA,333,1060,""
694.647,receiver,c6a331da-9a81-4072-a4e4-ab95fca774e7,OUT_OF_ORDER,DATA,333,0,"arrived before missing sequence=320"
694.650,receiver,c6a331da-9a81-4072-a4e4-ab95fca774e7,ACCEPT_DATA,DATA,333,1024,"unique file bytes received"
694.656,receiver,c6a331da-9a81-4072-a4e4-ab95fca774e7,SEND,ACK,333,36,""
694.661,receiver,c6a331da-9a81-4072-a4e4-ab95fca774e7,RECEIVE,DATA,360,1060,""
694.663,receiver,c6a331da-9a81-4072-a4e4-ab95fca774e7,OUT_OF_ORDER,DATA,360,0,"arrived before missing sequence=320"
694.666,receiver,c6a331da-9a81-4072-a4e4-ab95fca774e7,ACCEPT_DATA,DATA,360,1024,"unique file bytes received"
694.668,receiver,c6a331da-9a81-4072-a4e4-ab95fca774e7,SEND,ACK,360,36,""
694.673,receiver,c6a331da-9a81-4072-a4e4-ab95fca774e7,RECEIVE,DATA,327,1060,""
694.675,receiver,c6a331da-9a81-4072-a4e4-ab95fca774e7,OUT_OF_ORDER,DATA,327,0,"arrived before missing sequence=320"
694.681,receiver,c6a331da-9a81-4072-a4e4-ab95fca774e7,ACCEPT_DATA,DATA,327,1024,"unique file bytes received"
694.683,receiver,c6a331da-9a81-4072-a4e4-ab95fca774e7,SEND,ACK,327,36,""
694.688,receiver,c6a331da-9a81-4072-a4e4-ab95fca774e7,RECEIVE,DATA,320,1060,""
694.690,receiver,c6a331da-9a81-4072-a4e4-ab95fca774e7,ACCEPT_DATA,DATA,320,1024,"unique file bytes received"
694.692,receiver,c6a331da-9a81-4072-a4e4-ab95fca774e7,SEND,ACK,320,36,""
694.697,receiver,c6a331da-9a81-4072-a4e4-ab95fca774e7,RECEIVE,DATA,336,1060,""
694.700,receiver,c6a331da-9a81-4072-a4e4-ab95fca774e7,OUT_OF_ORDER,DATA,336,0,"arrived before missing sequence=326"
694.702,receiver,c6a331da-9a81-4072-a4e4-ab95fca774e7,ACCEPT_DATA,DATA,336,1024,"unique file bytes received"
694.704,receiver,c6a331da-9a81-4072-a4e4-ab95fca774e7,SEND,ACK,336,36,""
694.709,receiver,c6a331da-9a81-4072-a4e4-ab95fca774e7,RECEIVE,DATA,346,1060,""
694.712,receiver,c6a331da-9a81-4072-a4e4-ab95fca774e7,OUT_OF_ORDER,DATA,346,0,"arrived before missing sequence=326"
694.714,receiver,c6a331da-9a81-4072-a4e4-ab95fca774e7,ACCEPT_DATA,DATA,346,1024,"unique file bytes received"
694.902,receiver,c6a331da-9a81-4072-a4e4-ab95fca774e7,SEND,ACK,346,36,""
694.936,receiver,c6a331da-9a81-4072-a4e4-ab95fca774e7,RECEIVE,DATA,352,1060,""
694.939,receiver,c6a331da-9a81-4072-a4e4-ab95fca774e7,OUT_OF_ORDER,DATA,352,0,"arrived before missing sequence=326"
694.942,receiver,c6a331da-9a81-4072-a4e4-ab95fca774e7,ACCEPT_DATA,DATA,352,1024,"unique file bytes received"
694.944,receiver,c6a331da-9a81-4072-a4e4-ab95fca774e7,SEND,ACK,352,36,""
694.949,receiver,c6a331da-9a81-4072-a4e4-ab95fca774e7,RECEIVE,DATA,326,1060,""
694.952,receiver,c6a331da-9a81-4072-a4e4-ab95fca774e7,ACCEPT_DATA,DATA,326,1024,"unique file bytes received"
694.954,receiver,c6a331da-9a81-4072-a4e4-ab95fca774e7,SEND,ACK,326,36,""
694.959,receiver,c6a331da-9a81-4072-a4e4-ab95fca774e7,RECEIVE,DATA,337,1060,""
694.962,receiver,c6a331da-9a81-4072-a4e4-ab95fca774e7,OUT_OF_ORDER,DATA,337,0,"arrived before missing sequence=328"
694.964,receiver,c6a331da-9a81-4072-a4e4-ab95fca774e7,ACCEPT_DATA,DATA,337,1024,"unique file bytes received"
694.966,receiver,c6a331da-9a81-4072-a4e4-ab95fca774e7,SEND,ACK,337,36,""
694.971,receiver,c6a331da-9a81-4072-a4e4-ab95fca774e7,RECEIVE,DATA,350,1060,""
694.985,receiver,c6a331da-9a81-4072-a4e4-ab95fca774e7,OUT_OF_ORDER,DATA,350,0,"arrived before missing sequence=328"
694.988,receiver,c6a331da-9a81-4072-a4e4-ab95fca774e7,ACCEPT_DATA,DATA,350,1024,"unique file bytes received"
694.990,receiver,c6a331da-9a81-4072-a4e4-ab95fca774e7,SEND,ACK,350,36,""
694.998,receiver,c6a331da-9a81-4072-a4e4-ab95fca774e7,RECEIVE,DATA,354,1060,""
695.001,receiver,c6a331da-9a81-4072-a4e4-ab95fca774e7,OUT_OF_ORDER,DATA,354,0,"arrived before missing sequence=328"
695.003,receiver,c6a331da-9a81-4072-a4e4-ab95fca774e7,ACCEPT_DATA,DATA,354,1024,"unique file bytes received"
695.005,receiver,c6a331da-9a81-4072-a4e4-ab95fca774e7,SEND,ACK,354,36,""
695.014,receiver,c6a331da-9a81-4072-a4e4-ab95fca774e7,RECEIVE,DATA,331,1060,""
695.016,receiver,c6a331da-9a81-4072-a4e4-ab95fca774e7,OUT_OF_ORDER,DATA,331,0,"arrived before missing sequence=328"
695.018,receiver,c6a331da-9a81-4072-a4e4-ab95fca774e7,ACCEPT_DATA,DATA,331,1024,"unique file bytes received"
695.020,receiver,c6a331da-9a81-4072-a4e4-ab95fca774e7,SEND,ACK,331,36,""
695.025,receiver,c6a331da-9a81-4072-a4e4-ab95fca774e7,RECEIVE,DATA,355,1060,""
695.028,receiver,c6a331da-9a81-4072-a4e4-ab95fca774e7,OUT_OF_ORDER,DATA,355,0,"arrived before missing sequence=328"
695.030,receiver,c6a331da-9a81-4072-a4e4-ab95fca774e7,ACCEPT_DATA,DATA,355,1024,"unique file bytes received"
695.032,receiver,c6a331da-9a81-4072-a4e4-ab95fca774e7,SEND,ACK,355,36,""
695.036,receiver,c6a331da-9a81-4072-a4e4-ab95fca774e7,RECEIVE,DATA,366,1060,""
695.039,receiver,c6a331da-9a81-4072-a4e4-ab95fca774e7,OUT_OF_ORDER,DATA,366,0,"arrived before missing sequence=328"
695.041,receiver,c6a331da-9a81-4072-a4e4-ab95fca774e7,ACCEPT_DATA,DATA,366,1024,"unique file bytes received"
695.043,receiver,c6a331da-9a81-4072-a4e4-ab95fca774e7,SEND,ACK,366,36,""
695.048,receiver,c6a331da-9a81-4072-a4e4-ab95fca774e7,RECEIVE,DATA,353,1060,""
695.050,receiver,c6a331da-9a81-4072-a4e4-ab95fca774e7,OUT_OF_ORDER,DATA,353,0,"arrived before missing sequence=328"
695.053,receiver,c6a331da-9a81-4072-a4e4-ab95fca774e7,ACCEPT_DATA,DATA,353,1024,"unique file bytes received"
695.055,receiver,c6a331da-9a81-4072-a4e4-ab95fca774e7,SEND,ACK,353,36,""
695.059,receiver,c6a331da-9a81-4072-a4e4-ab95fca774e7,RECEIVE,DATA,368,1060,""
695.062,receiver,c6a331da-9a81-4072-a4e4-ab95fca774e7,OUT_OF_ORDER,DATA,368,0,"arrived before missing sequence=328"
695.064,receiver,c6a331da-9a81-4072-a4e4-ab95fca774e7,ACCEPT_DATA,DATA,368,1024,"unique file bytes received"
695.066,receiver,c6a331da-9a81-4072-a4e4-ab95fca774e7,SEND,ACK,368,36,""
695.071,receiver,c6a331da-9a81-4072-a4e4-ab95fca774e7,RECEIVE,DATA,359,1060,""
695.073,receiver,c6a331da-9a81-4072-a4e4-ab95fca774e7,OUT_OF_ORDER,DATA,359,0,"arrived before missing sequence=328"
695.075,receiver,c6a331da-9a81-4072-a4e4-ab95fca774e7,ACCEPT_DATA,DATA,359,1024,"unique file bytes received"
695.077,receiver,c6a331da-9a81-4072-a4e4-ab95fca774e7,SEND,ACK,359,36,""
695.082,receiver,c6a331da-9a81-4072-a4e4-ab95fca774e7,RECEIVE,DATA,328,1060,""
695.085,receiver,c6a331da-9a81-4072-a4e4-ab95fca774e7,ACCEPT_DATA,DATA,328,1024,"unique file bytes received"
695.087,receiver,c6a331da-9a81-4072-a4e4-ab95fca774e7,SEND,ACK,328,36,""
695.092,receiver,c6a331da-9a81-4072-a4e4-ab95fca774e7,RECEIVE,DATA,332,1060,""
695.094,receiver,c6a331da-9a81-4072-a4e4-ab95fca774e7,OUT_OF_ORDER,DATA,332,0,"arrived before missing sequence=330"
695.096,receiver,c6a331da-9a81-4072-a4e4-ab95fca774e7,ACCEPT_DATA,DATA,332,1024,"unique file bytes received"
695.098,receiver,c6a331da-9a81-4072-a4e4-ab95fca774e7,SEND,ACK,332,36,""
695.103,receiver,c6a331da-9a81-4072-a4e4-ab95fca774e7,RECEIVE,DATA,372,1060,""
695.105,receiver,c6a331da-9a81-4072-a4e4-ab95fca774e7,OUT_OF_ORDER,DATA,372,0,"arrived before missing sequence=330"
695.108,receiver,c6a331da-9a81-4072-a4e4-ab95fca774e7,ACCEPT_DATA,DATA,372,1024,"unique file bytes received"
695.110,receiver,c6a331da-9a81-4072-a4e4-ab95fca774e7,SEND,ACK,372,36,""
695.114,receiver,c6a331da-9a81-4072-a4e4-ab95fca774e7,RECEIVE,DATA,340,1060,""
695.117,receiver,c6a331da-9a81-4072-a4e4-ab95fca774e7,OUT_OF_ORDER,DATA,340,0,"arrived before missing sequence=330"
695.119,receiver,c6a331da-9a81-4072-a4e4-ab95fca774e7,ACCEPT_DATA,DATA,340,1024,"unique file bytes received"
695.121,receiver,c6a331da-9a81-4072-a4e4-ab95fca774e7,SEND,ACK,340,36,""
695.125,receiver,c6a331da-9a81-4072-a4e4-ab95fca774e7,RECEIVE,DATA,342,1060,""
695.128,receiver,c6a331da-9a81-4072-a4e4-ab95fca774e7,OUT_OF_ORDER,DATA,342,0,"arrived before missing sequence=330"
695.130,receiver,c6a331da-9a81-4072-a4e4-ab95fca774e7,ACCEPT_DATA,DATA,342,1024,"unique file bytes received"
695.132,receiver,c6a331da-9a81-4072-a4e4-ab95fca774e7,SEND,ACK,342,36,""
695.137,receiver,c6a331da-9a81-4072-a4e4-ab95fca774e7,RECEIVE,DATA,363,1060,""
695.139,receiver,c6a331da-9a81-4072-a4e4-ab95fca774e7,OUT_OF_ORDER,DATA,363,0,"arrived before missing sequence=330"
695.142,receiver,c6a331da-9a81-4072-a4e4-ab95fca774e7,ACCEPT_DATA,DATA,363,1024,"unique file bytes received"
695.144,receiver,c6a331da-9a81-4072-a4e4-ab95fca774e7,SEND,ACK,363,36,""
709.653,receiver,c6a331da-9a81-4072-a4e4-ab95fca774e7,EMIT,ACK,318,36,""
709.673,receiver,c6a331da-9a81-4072-a4e4-ab95fca774e7,EMIT,ACK,324,36,""
709.684,receiver,c6a331da-9a81-4072-a4e4-ab95fca774e7,EMIT,ACK,357,36,""
709.693,receiver,c6a331da-9a81-4072-a4e4-ab95fca774e7,EMIT,ACK,345,36,""
709.707,receiver,c6a331da-9a81-4072-a4e4-ab95fca774e7,EMIT,ACK,347,36,""
709.712,receiver,c6a331da-9a81-4072-a4e4-ab95fca774e7,RECEIVE,DATA,335,1060,""
709.722,receiver,c6a331da-9a81-4072-a4e4-ab95fca774e7,EMIT,ACK,341,36,""
709.726,receiver,c6a331da-9a81-4072-a4e4-ab95fca774e7,OUT_OF_ORDER,DATA,335,0,"arrived before missing sequence=330"
709.731,receiver,c6a331da-9a81-4072-a4e4-ab95fca774e7,ACCEPT_DATA,DATA,335,1024,"unique file bytes received"
709.735,receiver,c6a331da-9a81-4072-a4e4-ab95fca774e7,SEND,ACK,335,36,""
709.762,receiver,c6a331da-9a81-4072-a4e4-ab95fca774e7,RECEIVE,DATA,364,1060,""
709.766,receiver,c6a331da-9a81-4072-a4e4-ab95fca774e7,OUT_OF_ORDER,DATA,364,0,"arrived before missing sequence=330"
709.770,receiver,c6a331da-9a81-4072-a4e4-ab95fca774e7,ACCEPT_DATA,DATA,364,1024,"unique file bytes received"
709.773,receiver,c6a331da-9a81-4072-a4e4-ab95fca774e7,SEND,ACK,364,36,""
709.780,receiver,c6a331da-9a81-4072-a4e4-ab95fca774e7,RECEIVE,DATA,356,1060,""
709.784,receiver,c6a331da-9a81-4072-a4e4-ab95fca774e7,OUT_OF_ORDER,DATA,356,0,"arrived before missing sequence=330"
709.787,receiver,c6a331da-9a81-4072-a4e4-ab95fca774e7,ACCEPT_DATA,DATA,356,1024,"unique file bytes received"
709.790,receiver,c6a331da-9a81-4072-a4e4-ab95fca774e7,SEND,ACK,356,36,""
709.797,receiver,c6a331da-9a81-4072-a4e4-ab95fca774e7,RECEIVE,DATA,351,1060,""
709.801,receiver,c6a331da-9a81-4072-a4e4-ab95fca774e7,OUT_OF_ORDER,DATA,351,0,"arrived before missing sequence=330"
709.807,receiver,c6a331da-9a81-4072-a4e4-ab95fca774e7,ACCEPT_DATA,DATA,351,1024,"unique file bytes received"
709.850,receiver,c6a331da-9a81-4072-a4e4-ab95fca774e7,SEND,ACK,351,36,""
709.857,receiver,c6a331da-9a81-4072-a4e4-ab95fca774e7,RECEIVE,DATA,330,1060,""
709.861,receiver,c6a331da-9a81-4072-a4e4-ab95fca774e7,ACCEPT_DATA,DATA,330,1024,"unique file bytes received"
709.864,receiver,c6a331da-9a81-4072-a4e4-ab95fca774e7,SEND,ACK,330,36,""
709.871,receiver,c6a331da-9a81-4072-a4e4-ab95fca774e7,RECEIVE,DATA,334,1060,""
709.874,receiver,c6a331da-9a81-4072-a4e4-ab95fca774e7,ACCEPT_DATA,DATA,334,1024,"unique file bytes received"
709.877,receiver,c6a331da-9a81-4072-a4e4-ab95fca774e7,SEND,ACK,334,36,""
709.884,receiver,c6a331da-9a81-4072-a4e4-ab95fca774e7,RECEIVE,DATA,339,1060,""
709.890,receiver,c6a331da-9a81-4072-a4e4-ab95fca774e7,ACCEPT_DATA,DATA,339,1024,"unique file bytes received"
709.893,receiver,c6a331da-9a81-4072-a4e4-ab95fca774e7,SEND,ACK,339,36,""
709.902,receiver,c6a331da-9a81-4072-a4e4-ab95fca774e7,RECEIVE,DATA,371,1060,""
709.905,receiver,c6a331da-9a81-4072-a4e4-ab95fca774e7,OUT_OF_ORDER,DATA,371,0,"arrived before missing sequence=349"
709.908,receiver,c6a331da-9a81-4072-a4e4-ab95fca774e7,ACCEPT_DATA,DATA,371,1024,"unique file bytes received"
709.911,receiver,c6a331da-9a81-4072-a4e4-ab95fca774e7,SEND,ACK,371,36,""
709.916,receiver,c6a331da-9a81-4072-a4e4-ab95fca774e7,RECEIVE,DATA,349,1060,""
709.920,receiver,c6a331da-9a81-4072-a4e4-ab95fca774e7,ACCEPT_DATA,DATA,349,1024,"unique file bytes received"
709.922,receiver,c6a331da-9a81-4072-a4e4-ab95fca774e7,SEND,ACK,349,36,""
709.928,receiver,c6a331da-9a81-4072-a4e4-ab95fca774e7,RECEIVE,DATA,373,1060,""
709.931,receiver,c6a331da-9a81-4072-a4e4-ab95fca774e7,OUT_OF_ORDER,DATA,373,0,"arrived before missing sequence=365"
709.933,receiver,c6a331da-9a81-4072-a4e4-ab95fca774e7,ACCEPT_DATA,DATA,373,1024,"unique file bytes received"
709.936,receiver,c6a331da-9a81-4072-a4e4-ab95fca774e7,SEND,ACK,373,36,""
709.941,receiver,c6a331da-9a81-4072-a4e4-ab95fca774e7,RECEIVE,DATA,367,1060,""
709.944,receiver,c6a331da-9a81-4072-a4e4-ab95fca774e7,OUT_OF_ORDER,DATA,367,0,"arrived before missing sequence=365"
709.947,receiver,c6a331da-9a81-4072-a4e4-ab95fca774e7,ACCEPT_DATA,DATA,367,1024,"unique file bytes received"
709.949,receiver,c6a331da-9a81-4072-a4e4-ab95fca774e7,SEND,ACK,367,36,""
709.955,receiver,c6a331da-9a81-4072-a4e4-ab95fca774e7,RECEIVE,DATA,370,1060,""
709.958,receiver,c6a331da-9a81-4072-a4e4-ab95fca774e7,OUT_OF_ORDER,DATA,370,0,"arrived before missing sequence=365"
709.961,receiver,c6a331da-9a81-4072-a4e4-ab95fca774e7,ACCEPT_DATA,DATA,370,1024,"unique file bytes received"
709.963,receiver,c6a331da-9a81-4072-a4e4-ab95fca774e7,SEND,ACK,370,36,""
709.968,receiver,c6a331da-9a81-4072-a4e4-ab95fca774e7,RECEIVE,DATA,369,1060,""
709.971,receiver,c6a331da-9a81-4072-a4e4-ab95fca774e7,OUT_OF_ORDER,DATA,369,0,"arrived before missing sequence=365"
709.974,receiver,c6a331da-9a81-4072-a4e4-ab95fca774e7,ACCEPT_DATA,DATA,369,1024,"unique file bytes received"
709.976,receiver,c6a331da-9a81-4072-a4e4-ab95fca774e7,SEND,ACK,369,36,""
709.985,receiver,c6a331da-9a81-4072-a4e4-ab95fca774e7,RECEIVE,DATA,374,1060,""
709.988,receiver,c6a331da-9a81-4072-a4e4-ab95fca774e7,OUT_OF_ORDER,DATA,374,0,"arrived before missing sequence=365"
709.990,receiver,c6a331da-9a81-4072-a4e4-ab95fca774e7,ACCEPT_DATA,DATA,374,1024,"unique file bytes received"
709.992,receiver,c6a331da-9a81-4072-a4e4-ab95fca774e7,SEND,ACK,374,36,""
725.133,receiver,c6a331da-9a81-4072-a4e4-ab95fca774e7,RECEIVE,DATA,375,1060,""
725.150,receiver,c6a331da-9a81-4072-a4e4-ab95fca774e7,OUT_OF_ORDER,DATA,375,0,"arrived before missing sequence=365"
725.154,receiver,c6a331da-9a81-4072-a4e4-ab95fca774e7,ACCEPT_DATA,DATA,375,1024,"unique file bytes received"
725.157,receiver,c6a331da-9a81-4072-a4e4-ab95fca774e7,SEND,ACK,375,36,""
725.173,receiver,c6a331da-9a81-4072-a4e4-ab95fca774e7,RECEIVE,DATA,365,1060,""
725.176,receiver,c6a331da-9a81-4072-a4e4-ab95fca774e7,ACCEPT_DATA,DATA,365,1024,"unique file bytes received"
725.185,receiver,c6a331da-9a81-4072-a4e4-ab95fca774e7,SEND,ACK,365,36,""
725.201,receiver,c6a331da-9a81-4072-a4e4-ab95fca774e7,RECEIVE,DATA,376,1060,""
725.210,receiver,c6a331da-9a81-4072-a4e4-ab95fca774e7,ACCEPT_DATA,DATA,376,1024,"unique file bytes received"
725.217,receiver,c6a331da-9a81-4072-a4e4-ab95fca774e7,SEND,ACK,376,36,""
725.231,receiver,c6a331da-9a81-4072-a4e4-ab95fca774e7,RECEIVE,DATA,378,1060,""
725.245,receiver,c6a331da-9a81-4072-a4e4-ab95fca774e7,OUT_OF_ORDER,DATA,378,0,"arrived before missing sequence=377"
725.248,receiver,c6a331da-9a81-4072-a4e4-ab95fca774e7,ACCEPT_DATA,DATA,378,1024,"unique file bytes received"
725.251,receiver,c6a331da-9a81-4072-a4e4-ab95fca774e7,SEND,ACK,378,36,""
725.259,receiver,c6a331da-9a81-4072-a4e4-ab95fca774e7,EMIT,ACK,348,36,""
725.284,receiver,c6a331da-9a81-4072-a4e4-ab95fca774e7,EMIT,ACK,323,36,""
725.295,receiver,c6a331da-9a81-4072-a4e4-ab95fca774e7,EMIT,ACK,358,36,""
725.304,receiver,c6a331da-9a81-4072-a4e4-ab95fca774e7,EMIT,ACK,343,36,""
725.314,receiver,c6a331da-9a81-4072-a4e4-ab95fca774e7,EMIT,ACK,338,36,""
725.323,receiver,c6a331da-9a81-4072-a4e4-ab95fca774e7,EMIT,ACK,321,36,""
725.333,receiver,c6a331da-9a81-4072-a4e4-ab95fca774e7,EMIT,ACK,352,36,""
725.347,receiver,c6a331da-9a81-4072-a4e4-ab95fca774e7,EMIT,ACK,329,36,""
725.356,receiver,c6a331da-9a81-4072-a4e4-ab95fca774e7,EMIT,ACK,362,36,""
725.364,receiver,c6a331da-9a81-4072-a4e4-ab95fca774e7,EMIT,ACK,354,36,""
725.373,receiver,c6a331da-9a81-4072-a4e4-ab95fca774e7,EMIT,ACK,322,36,""
725.382,receiver,c6a331da-9a81-4072-a4e4-ab95fca774e7,EMIT,ACK,344,36,""
725.390,receiver,c6a331da-9a81-4072-a4e4-ab95fca774e7,EMIT,ACK,340,36,""
725.399,receiver,c6a331da-9a81-4072-a4e4-ab95fca774e7,EMIT,ACK,333,36,""
725.407,receiver,c6a331da-9a81-4072-a4e4-ab95fca774e7,EMIT,ACK,350,36,""
725.416,receiver,c6a331da-9a81-4072-a4e4-ab95fca774e7,EMIT,ACK,342,36,""
725.424,receiver,c6a331da-9a81-4072-a4e4-ab95fca774e7,EMIT,ACK,363,36,""
740.705,receiver,c6a331da-9a81-4072-a4e4-ab95fca774e7,EMIT,ACK,325,36,""
740.753,receiver,c6a331da-9a81-4072-a4e4-ab95fca774e7,EMIT,ACK,327,36,""
740.761,receiver,c6a331da-9a81-4072-a4e4-ab95fca774e7,RECEIVE,DATA,380,1060,""
740.773,receiver,c6a331da-9a81-4072-a4e4-ab95fca774e7,EMIT,ACK,346,36,""
740.778,receiver,c6a331da-9a81-4072-a4e4-ab95fca774e7,OUT_OF_ORDER,DATA,380,0,"arrived before missing sequence=377"
740.783,receiver,c6a331da-9a81-4072-a4e4-ab95fca774e7,EMIT,ACK,328,36,""
740.787,receiver,c6a331da-9a81-4072-a4e4-ab95fca774e7,ACCEPT_DATA,DATA,380,1024,"unique file bytes received"
740.792,receiver,c6a331da-9a81-4072-a4e4-ab95fca774e7,SEND,ACK,380,36,""
740.796,receiver,c6a331da-9a81-4072-a4e4-ab95fca774e7,EMIT,ACK,332,36,""
740.806,receiver,c6a331da-9a81-4072-a4e4-ab95fca774e7,EMIT,ACK,361,36,""
740.815,receiver,c6a331da-9a81-4072-a4e4-ab95fca774e7,EMIT,ACK,337,36,""
740.824,receiver,c6a331da-9a81-4072-a4e4-ab95fca774e7,EMIT,ACK,336,36,""
740.833,receiver,c6a331da-9a81-4072-a4e4-ab95fca774e7,EMIT,ACK,331,36,""
740.843,receiver,c6a331da-9a81-4072-a4e4-ab95fca774e7,EMIT,ACK,326,36,""
740.853,receiver,c6a331da-9a81-4072-a4e4-ab95fca774e7,RECEIVE,DATA,377,1060,""
740.863,receiver,c6a331da-9a81-4072-a4e4-ab95fca774e7,EMIT,ACK,368,36,""
740.868,receiver,c6a331da-9a81-4072-a4e4-ab95fca774e7,ACCEPT_DATA,DATA,377,1024,"unique file bytes received"
740.874,receiver,c6a331da-9a81-4072-a4e4-ab95fca774e7,SEND,ACK,377,36,""
740.878,receiver,c6a331da-9a81-4072-a4e4-ab95fca774e7,EMIT,ACK,360,36,""
740.886,receiver,c6a331da-9a81-4072-a4e4-ab95fca774e7,EMIT,ACK,373,36,""
740.893,receiver,c6a331da-9a81-4072-a4e4-ab95fca774e7,EMIT,ACK,364,36,""
740.896,receiver,c6a331da-9a81-4072-a4e4-ab95fca774e7,RECEIVE,DATA,379,1060,""
740.901,receiver,c6a331da-9a81-4072-a4e4-ab95fca774e7,EMIT,ACK,353,36,""
740.904,receiver,c6a331da-9a81-4072-a4e4-ab95fca774e7,ACCEPT_DATA,DATA,379,1024,"unique file bytes received"
740.908,receiver,c6a331da-9a81-4072-a4e4-ab95fca774e7,SEND,ACK,379,36,""
740.912,receiver,c6a331da-9a81-4072-a4e4-ab95fca774e7,EMIT,ACK,320,36,""
740.920,receiver,c6a331da-9a81-4072-a4e4-ab95fca774e7,EMIT,ACK,351,36,""
740.923,receiver,c6a331da-9a81-4072-a4e4-ab95fca774e7,RECEIVE,DATA,381,1060,""
741.015,receiver,c6a331da-9a81-4072-a4e4-ab95fca774e7,ACCEPT_DATA,DATA,381,1024,"unique file bytes received"
741.026,receiver,c6a331da-9a81-4072-a4e4-ab95fca774e7,SEND,ACK,381,36,""
756.405,receiver,c6a331da-9a81-4072-a4e4-ab95fca774e7,EMIT,ACK,355,36,""
756.445,receiver,c6a331da-9a81-4072-a4e4-ab95fca774e7,EMIT,ACK,372,36,""
756.467,receiver,c6a331da-9a81-4072-a4e4-ab95fca774e7,EMIT,ACK,349,36,""
756.485,receiver,c6a331da-9a81-4072-a4e4-ab95fca774e7,EMIT,ACK,359,36,""
756.505,receiver,c6a331da-9a81-4072-a4e4-ab95fca774e7,EMIT,ACK,366,36,""
756.523,receiver,c6a331da-9a81-4072-a4e4-ab95fca774e7,EMIT,ACK,330,36,""
756.541,receiver,c6a331da-9a81-4072-a4e4-ab95fca774e7,EMIT,ACK,374,36,""
756.566,receiver,c6a331da-9a81-4072-a4e4-ab95fca774e7,EMIT,ACK,339,36,""
756.583,receiver,c6a331da-9a81-4072-a4e4-ab95fca774e7,EMIT,ACK,335,36,""
756.591,receiver,c6a331da-9a81-4072-a4e4-ab95fca774e7,RECEIVE,DATA,382,1060,""
756.601,receiver,c6a331da-9a81-4072-a4e4-ab95fca774e7,EMIT,ACK,371,36,""
756.607,receiver,c6a331da-9a81-4072-a4e4-ab95fca774e7,ACCEPT_DATA,DATA,382,1024,"unique file bytes received"
756.611,receiver,c6a331da-9a81-4072-a4e4-ab95fca774e7,SEND,ACK,382,36,""
756.627,receiver,c6a331da-9a81-4072-a4e4-ab95fca774e7,EMIT,ACK,370,36,""
756.639,receiver,c6a331da-9a81-4072-a4e4-ab95fca774e7,RECEIVE,DATA,383,1060,""
756.642,receiver,c6a331da-9a81-4072-a4e4-ab95fca774e7,ACCEPT_DATA,DATA,383,1024,"unique file bytes received"
756.645,receiver,c6a331da-9a81-4072-a4e4-ab95fca774e7,SEND,ACK,383,36,""
756.648,receiver,c6a331da-9a81-4072-a4e4-ab95fca774e7,EMIT,ACK,376,36,""
756.667,receiver,c6a331da-9a81-4072-a4e4-ab95fca774e7,EMIT,ACK,367,36,""
772.359,receiver,c6a331da-9a81-4072-a4e4-ab95fca774e7,EMIT,ACK,356,36,""
772.379,receiver,c6a331da-9a81-4072-a4e4-ab95fca774e7,RECEIVE,DATA,387,1060,""
772.409,receiver,c6a331da-9a81-4072-a4e4-ab95fca774e7,EMIT,ACK,369,36,""
772.412,receiver,c6a331da-9a81-4072-a4e4-ab95fca774e7,OUT_OF_ORDER,DATA,387,0,"arrived before missing sequence=384"
772.416,receiver,c6a331da-9a81-4072-a4e4-ab95fca774e7,ACCEPT_DATA,DATA,387,1024,"unique file bytes received"
772.419,receiver,c6a331da-9a81-4072-a4e4-ab95fca774e7,EMIT,ACK,365,36,""
772.422,receiver,c6a331da-9a81-4072-a4e4-ab95fca774e7,SEND,ACK,387,36,""
772.426,receiver,c6a331da-9a81-4072-a4e4-ab95fca774e7,EMIT,ACK,334,36,""
772.434,receiver,c6a331da-9a81-4072-a4e4-ab95fca774e7,EMIT,ACK,375,36,""
772.437,receiver,c6a331da-9a81-4072-a4e4-ab95fca774e7,RECEIVE,DATA,384,1060,""
772.440,receiver,c6a331da-9a81-4072-a4e4-ab95fca774e7,ACCEPT_DATA,DATA,384,1024,"unique file bytes received"
772.442,receiver,c6a331da-9a81-4072-a4e4-ab95fca774e7,EMIT,ACK,378,36,""
772.445,receiver,c6a331da-9a81-4072-a4e4-ab95fca774e7,SEND,ACK,384,36,""
772.449,receiver,c6a331da-9a81-4072-a4e4-ab95fca774e7,EMIT,ACK,380,36,""
772.452,receiver,c6a331da-9a81-4072-a4e4-ab95fca774e7,RECEIVE,DATA,392,1060,""
772.455,receiver,c6a331da-9a81-4072-a4e4-ab95fca774e7,OUT_OF_ORDER,DATA,392,0,"arrived before missing sequence=385"
772.457,receiver,c6a331da-9a81-4072-a4e4-ab95fca774e7,ACCEPT_DATA,DATA,392,1024,"unique file bytes received"
772.459,receiver,c6a331da-9a81-4072-a4e4-ab95fca774e7,SEND,ACK,392,36,""
788.225,receiver,c6a331da-9a81-4072-a4e4-ab95fca774e7,RECEIVE,DATA,393,1060,""
788.258,receiver,c6a331da-9a81-4072-a4e4-ab95fca774e7,OUT_OF_ORDER,DATA,393,0,"arrived before missing sequence=385"
788.291,receiver,c6a331da-9a81-4072-a4e4-ab95fca774e7,ACCEPT_DATA,DATA,393,1024,"unique file bytes received"
788.300,receiver,c6a331da-9a81-4072-a4e4-ab95fca774e7,SEND,ACK,393,36,""
788.336,receiver,c6a331da-9a81-4072-a4e4-ab95fca774e7,RECEIVE,DATA,385,1060,""
788.340,receiver,c6a331da-9a81-4072-a4e4-ab95fca774e7,ACCEPT_DATA,DATA,385,1024,"unique file bytes received"
788.343,receiver,c6a331da-9a81-4072-a4e4-ab95fca774e7,SEND,ACK,385,36,""
788.349,receiver,c6a331da-9a81-4072-a4e4-ab95fca774e7,RECEIVE,DATA,390,1060,""
788.352,receiver,c6a331da-9a81-4072-a4e4-ab95fca774e7,OUT_OF_ORDER,DATA,390,0,"arrived before missing sequence=386"
788.355,receiver,c6a331da-9a81-4072-a4e4-ab95fca774e7,ACCEPT_DATA,DATA,390,1024,"unique file bytes received"
788.358,receiver,c6a331da-9a81-4072-a4e4-ab95fca774e7,SEND,ACK,390,36,""
788.361,receiver,c6a331da-9a81-4072-a4e4-ab95fca774e7,EMIT,ACK,381,36,""
788.386,receiver,c6a331da-9a81-4072-a4e4-ab95fca774e7,RECEIVE,DATA,386,1060,""
788.389,receiver,c6a331da-9a81-4072-a4e4-ab95fca774e7,ACCEPT_DATA,DATA,386,1024,"unique file bytes received"
788.392,receiver,c6a331da-9a81-4072-a4e4-ab95fca774e7,SEND,ACK,386,36,""
788.399,receiver,c6a331da-9a81-4072-a4e4-ab95fca774e7,RECEIVE,DATA,391,1060,""
788.402,receiver,c6a331da-9a81-4072-a4e4-ab95fca774e7,OUT_OF_ORDER,DATA,391,0,"arrived before missing sequence=388"
788.405,receiver,c6a331da-9a81-4072-a4e4-ab95fca774e7,ACCEPT_DATA,DATA,391,1024,"unique file bytes received"
788.408,receiver,c6a331da-9a81-4072-a4e4-ab95fca774e7,EMIT,ACK,377,36,""
788.415,receiver,c6a331da-9a81-4072-a4e4-ab95fca774e7,SEND,ACK,391,36,""
788.422,receiver,c6a331da-9a81-4072-a4e4-ab95fca774e7,RECEIVE,DATA,388,1060,""
788.425,receiver,c6a331da-9a81-4072-a4e4-ab95fca774e7,ACCEPT_DATA,DATA,388,1024,"unique file bytes received"
788.428,receiver,c6a331da-9a81-4072-a4e4-ab95fca774e7,SEND,ACK,388,36,""
788.431,receiver,c6a331da-9a81-4072-a4e4-ab95fca774e7,EMIT,ACK,382,36,""
788.442,receiver,c6a331da-9a81-4072-a4e4-ab95fca774e7,RECEIVE,DATA,394,1060,""
788.446,receiver,c6a331da-9a81-4072-a4e4-ab95fca774e7,OUT_OF_ORDER,DATA,394,0,"arrived before missing sequence=389"
788.448,receiver,c6a331da-9a81-4072-a4e4-ab95fca774e7,ACCEPT_DATA,DATA,394,1024,"unique file bytes received"
788.451,receiver,c6a331da-9a81-4072-a4e4-ab95fca774e7,SEND,ACK,394,36,""
788.457,receiver,c6a331da-9a81-4072-a4e4-ab95fca774e7,RECEIVE,DATA,389,1060,""
788.460,receiver,c6a331da-9a81-4072-a4e4-ab95fca774e7,ACCEPT_DATA,DATA,389,1024,"unique file bytes received"
788.462,receiver,c6a331da-9a81-4072-a4e4-ab95fca774e7,SEND,ACK,389,36,""
804.067,receiver,c6a331da-9a81-4072-a4e4-ab95fca774e7,EMIT,ACK,379,36,""
804.143,receiver,c6a331da-9a81-4072-a4e4-ab95fca774e7,EMIT,ACK,383,36,""
804.152,receiver,c6a331da-9a81-4072-a4e4-ab95fca774e7,RECEIVE,DATA,396,1060,""
804.172,receiver,c6a331da-9a81-4072-a4e4-ab95fca774e7,OUT_OF_ORDER,DATA,396,0,"arrived before missing sequence=395"
804.176,receiver,c6a331da-9a81-4072-a4e4-ab95fca774e7,ACCEPT_DATA,DATA,396,1024,"unique file bytes received"
804.179,receiver,c6a331da-9a81-4072-a4e4-ab95fca774e7,SEND,ACK,396,36,""
804.201,receiver,c6a331da-9a81-4072-a4e4-ab95fca774e7,RECEIVE,DATA,397,1060,""
804.204,receiver,c6a331da-9a81-4072-a4e4-ab95fca774e7,OUT_OF_ORDER,DATA,397,0,"arrived before missing sequence=395"
804.207,receiver,c6a331da-9a81-4072-a4e4-ab95fca774e7,ACCEPT_DATA,DATA,397,1024,"unique file bytes received"
804.209,receiver,c6a331da-9a81-4072-a4e4-ab95fca774e7,SEND,ACK,397,36,""
804.215,receiver,c6a331da-9a81-4072-a4e4-ab95fca774e7,RECEIVE,DATA,395,1060,""
804.218,receiver,c6a331da-9a81-4072-a4e4-ab95fca774e7,ACCEPT_DATA,DATA,395,1024,"unique file bytes received"
804.221,receiver,c6a331da-9a81-4072-a4e4-ab95fca774e7,SEND,ACK,395,36,""
804.227,receiver,c6a331da-9a81-4072-a4e4-ab95fca774e7,RECEIVE,DATA,415,1060,""
804.230,receiver,c6a331da-9a81-4072-a4e4-ab95fca774e7,OUT_OF_ORDER,DATA,415,0,"arrived before missing sequence=398"
804.232,receiver,c6a331da-9a81-4072-a4e4-ab95fca774e7,ACCEPT_DATA,DATA,415,1024,"unique file bytes received"
804.235,receiver,c6a331da-9a81-4072-a4e4-ab95fca774e7,SEND,ACK,415,36,""
804.240,receiver,c6a331da-9a81-4072-a4e4-ab95fca774e7,RECEIVE,DATA,421,1060,""
804.243,receiver,c6a331da-9a81-4072-a4e4-ab95fca774e7,OUT_OF_ORDER,DATA,421,0,"arrived before missing sequence=398"
804.246,receiver,c6a331da-9a81-4072-a4e4-ab95fca774e7,ACCEPT_DATA,DATA,421,1024,"unique file bytes received"
804.248,receiver,c6a331da-9a81-4072-a4e4-ab95fca774e7,SEND,ACK,421,36,""
804.254,receiver,c6a331da-9a81-4072-a4e4-ab95fca774e7,RECEIVE,DATA,418,1060,""
804.257,receiver,c6a331da-9a81-4072-a4e4-ab95fca774e7,OUT_OF_ORDER,DATA,418,0,"arrived before missing sequence=398"
804.299,receiver,c6a331da-9a81-4072-a4e4-ab95fca774e7,ACCEPT_DATA,DATA,418,1024,"unique file bytes received"
804.302,receiver,c6a331da-9a81-4072-a4e4-ab95fca774e7,SEND,ACK,418,36,""
804.307,receiver,c6a331da-9a81-4072-a4e4-ab95fca774e7,RECEIVE,DATA,436,1060,""
804.310,receiver,c6a331da-9a81-4072-a4e4-ab95fca774e7,OUT_OF_ORDER,DATA,436,0,"arrived before missing sequence=398"
804.312,receiver,c6a331da-9a81-4072-a4e4-ab95fca774e7,ACCEPT_DATA,DATA,436,1024,"unique file bytes received"
804.315,receiver,c6a331da-9a81-4072-a4e4-ab95fca774e7,SEND,ACK,436,36,""
804.399,receiver,c6a331da-9a81-4072-a4e4-ab95fca774e7,RECEIVE,DATA,440,1060,""
804.408,receiver,c6a331da-9a81-4072-a4e4-ab95fca774e7,OUT_OF_ORDER,DATA,440,0,"arrived before missing sequence=398"
804.412,receiver,c6a331da-9a81-4072-a4e4-ab95fca774e7,ACCEPT_DATA,DATA,440,1024,"unique file bytes received"
804.414,receiver,c6a331da-9a81-4072-a4e4-ab95fca774e7,SEND,ACK,440,36,""
804.424,receiver,c6a331da-9a81-4072-a4e4-ab95fca774e7,RECEIVE,DATA,414,1060,""
804.427,receiver,c6a331da-9a81-4072-a4e4-ab95fca774e7,OUT_OF_ORDER,DATA,414,0,"arrived before missing sequence=398"
804.429,receiver,c6a331da-9a81-4072-a4e4-ab95fca774e7,ACCEPT_DATA,DATA,414,1024,"unique file bytes received"
804.431,receiver,c6a331da-9a81-4072-a4e4-ab95fca774e7,SEND,ACK,414,36,""
804.436,receiver,c6a331da-9a81-4072-a4e4-ab95fca774e7,RECEIVE,DATA,438,1060,""
804.439,receiver,c6a331da-9a81-4072-a4e4-ab95fca774e7,OUT_OF_ORDER,DATA,438,0,"arrived before missing sequence=398"
804.441,receiver,c6a331da-9a81-4072-a4e4-ab95fca774e7,ACCEPT_DATA,DATA,438,1024,"unique file bytes received"
804.443,receiver,c6a331da-9a81-4072-a4e4-ab95fca774e7,SEND,ACK,438,36,""
804.448,receiver,c6a331da-9a81-4072-a4e4-ab95fca774e7,RECEIVE,DATA,405,1060,""
804.451,receiver,c6a331da-9a81-4072-a4e4-ab95fca774e7,OUT_OF_ORDER,DATA,405,0,"arrived before missing sequence=398"
804.453,receiver,c6a331da-9a81-4072-a4e4-ab95fca774e7,ACCEPT_DATA,DATA,405,1024,"unique file bytes received"
804.455,receiver,c6a331da-9a81-4072-a4e4-ab95fca774e7,SEND,ACK,405,36,""
804.459,receiver,c6a331da-9a81-4072-a4e4-ab95fca774e7,RECEIVE,DATA,406,1060,""
804.462,receiver,c6a331da-9a81-4072-a4e4-ab95fca774e7,OUT_OF_ORDER,DATA,406,0,"arrived before missing sequence=398"
804.464,receiver,c6a331da-9a81-4072-a4e4-ab95fca774e7,ACCEPT_DATA,DATA,406,1024,"unique file bytes received"
804.467,receiver,c6a331da-9a81-4072-a4e4-ab95fca774e7,SEND,ACK,406,36,""
804.472,receiver,c6a331da-9a81-4072-a4e4-ab95fca774e7,RECEIVE,DATA,408,1060,""
804.474,receiver,c6a331da-9a81-4072-a4e4-ab95fca774e7,OUT_OF_ORDER,DATA,408,0,"arrived before missing sequence=398"
804.476,receiver,c6a331da-9a81-4072-a4e4-ab95fca774e7,ACCEPT_DATA,DATA,408,1024,"unique file bytes received"
804.478,receiver,c6a331da-9a81-4072-a4e4-ab95fca774e7,SEND,ACK,408,36,""
804.483,receiver,c6a331da-9a81-4072-a4e4-ab95fca774e7,RECEIVE,DATA,429,1060,""
804.486,receiver,c6a331da-9a81-4072-a4e4-ab95fca774e7,OUT_OF_ORDER,DATA,429,0,"arrived before missing sequence=398"
804.488,receiver,c6a331da-9a81-4072-a4e4-ab95fca774e7,ACCEPT_DATA,DATA,429,1024,"unique file bytes received"
804.490,receiver,c6a331da-9a81-4072-a4e4-ab95fca774e7,SEND,ACK,429,36,""
804.494,receiver,c6a331da-9a81-4072-a4e4-ab95fca774e7,RECEIVE,DATA,424,1060,""
804.497,receiver,c6a331da-9a81-4072-a4e4-ab95fca774e7,OUT_OF_ORDER,DATA,424,0,"arrived before missing sequence=398"
804.499,receiver,c6a331da-9a81-4072-a4e4-ab95fca774e7,ACCEPT_DATA,DATA,424,1024,"unique file bytes received"
804.501,receiver,c6a331da-9a81-4072-a4e4-ab95fca774e7,SEND,ACK,424,36,""
804.506,receiver,c6a331da-9a81-4072-a4e4-ab95fca774e7,RECEIVE,DATA,434,1060,""
804.508,receiver,c6a331da-9a81-4072-a4e4-ab95fca774e7,OUT_OF_ORDER,DATA,434,0,"arrived before missing sequence=398"
804.510,receiver,c6a331da-9a81-4072-a4e4-ab95fca774e7,ACCEPT_DATA,DATA,434,1024,"unique file bytes received"
804.512,receiver,c6a331da-9a81-4072-a4e4-ab95fca774e7,SEND,ACK,434,36,""
820.152,receiver,c6a331da-9a81-4072-a4e4-ab95fca774e7,EMIT,ACK,384,36,""
820.182,receiver,c6a331da-9a81-4072-a4e4-ab95fca774e7,EMIT,ACK,392,36,""
820.191,receiver,c6a331da-9a81-4072-a4e4-ab95fca774e7,EMIT,ACK,389,36,""
820.200,receiver,c6a331da-9a81-4072-a4e4-ab95fca774e7,EMIT,ACK,385,36,""
820.208,receiver,c6a331da-9a81-4072-a4e4-ab95fca774e7,EMIT,ACK,390,36,""
820.216,receiver,c6a331da-9a81-4072-a4e4-ab95fca774e7,EMIT,ACK,386,36,""
820.330,receiver,c6a331da-9a81-4072-a4e4-ab95fca774e7,RECEIVE,DATA,402,1060,""
820.342,receiver,c6a331da-9a81-4072-a4e4-ab95fca774e7,OUT_OF_ORDER,DATA,402,0,"arrived before missing sequence=398"
820.346,receiver,c6a331da-9a81-4072-a4e4-ab95fca774e7,ACCEPT_DATA,DATA,402,1024,"unique file bytes received"
820.349,receiver,c6a331da-9a81-4072-a4e4-ab95fca774e7,SEND,ACK,402,36,""
820.364,receiver,c6a331da-9a81-4072-a4e4-ab95fca774e7,RECEIVE,DATA,417,1060,""
820.367,receiver,c6a331da-9a81-4072-a4e4-ab95fca774e7,OUT_OF_ORDER,DATA,417,0,"arrived before missing sequence=398"
820.370,receiver,c6a331da-9a81-4072-a4e4-ab95fca774e7,ACCEPT_DATA,DATA,417,1024,"unique file bytes received"
820.372,receiver,c6a331da-9a81-4072-a4e4-ab95fca774e7,SEND,ACK,417,36,""
820.378,receiver,c6a331da-9a81-4072-a4e4-ab95fca774e7,RECEIVE,DATA,428,1060,""
820.385,receiver,c6a331da-9a81-4072-a4e4-ab95fca774e7,OUT_OF_ORDER,DATA,428,0,"arrived before missing sequence=398"
820.387,receiver,c6a331da-9a81-4072-a4e4-ab95fca774e7,ACCEPT_DATA,DATA,428,1024,"unique file bytes received"
820.390,receiver,c6a331da-9a81-4072-a4e4-ab95fca774e7,SEND,ACK,428,36,""
820.395,receiver,c6a331da-9a81-4072-a4e4-ab95fca774e7,RECEIVE,DATA,435,1060,""
820.397,receiver,c6a331da-9a81-4072-a4e4-ab95fca774e7,OUT_OF_ORDER,DATA,435,0,"arrived before missing sequence=398"
820.400,receiver,c6a331da-9a81-4072-a4e4-ab95fca774e7,ACCEPT_DATA,DATA,435,1024,"unique file bytes received"
820.402,receiver,c6a331da-9a81-4072-a4e4-ab95fca774e7,SEND,ACK,435,36,""
820.407,receiver,c6a331da-9a81-4072-a4e4-ab95fca774e7,RECEIVE,DATA,420,1060,""
820.410,receiver,c6a331da-9a81-4072-a4e4-ab95fca774e7,OUT_OF_ORDER,DATA,420,0,"arrived before missing sequence=398"
820.412,receiver,c6a331da-9a81-4072-a4e4-ab95fca774e7,ACCEPT_DATA,DATA,420,1024,"unique file bytes received"
820.414,receiver,c6a331da-9a81-4072-a4e4-ab95fca774e7,SEND,ACK,420,36,""
820.419,receiver,c6a331da-9a81-4072-a4e4-ab95fca774e7,RECEIVE,DATA,398,1060,""
820.422,receiver,c6a331da-9a81-4072-a4e4-ab95fca774e7,ACCEPT_DATA,DATA,398,1024,"unique file bytes received"
820.424,receiver,c6a331da-9a81-4072-a4e4-ab95fca774e7,SEND,ACK,398,36,""
820.429,receiver,c6a331da-9a81-4072-a4e4-ab95fca774e7,RECEIVE,DATA,410,1060,""
820.432,receiver,c6a331da-9a81-4072-a4e4-ab95fca774e7,OUT_OF_ORDER,DATA,410,0,"arrived before missing sequence=399"
820.434,receiver,c6a331da-9a81-4072-a4e4-ab95fca774e7,ACCEPT_DATA,DATA,410,1024,"unique file bytes received"
820.436,receiver,c6a331da-9a81-4072-a4e4-ab95fca774e7,SEND,ACK,410,36,""
820.441,receiver,c6a331da-9a81-4072-a4e4-ab95fca774e7,RECEIVE,DATA,430,1060,""
820.444,receiver,c6a331da-9a81-4072-a4e4-ab95fca774e7,OUT_OF_ORDER,DATA,430,0,"arrived before missing sequence=399"
820.446,receiver,c6a331da-9a81-4072-a4e4-ab95fca774e7,ACCEPT_DATA,DATA,430,1024,"unique file bytes received"
820.448,receiver,c6a331da-9a81-4072-a4e4-ab95fca774e7,SEND,ACK,430,36,""
820.453,receiver,c6a331da-9a81-4072-a4e4-ab95fca774e7,RECEIVE,DATA,404,1060,""
820.455,receiver,c6a331da-9a81-4072-a4e4-ab95fca774e7,OUT_OF_ORDER,DATA,404,0,"arrived before missing sequence=399"
820.458,receiver,c6a331da-9a81-4072-a4e4-ab95fca774e7,ACCEPT_DATA,DATA,404,1024,"unique file bytes received"
820.460,receiver,c6a331da-9a81-4072-a4e4-ab95fca774e7,SEND,ACK,404,36,""
820.464,receiver,c6a331da-9a81-4072-a4e4-ab95fca774e7,RECEIVE,DATA,416,1060,""
820.467,receiver,c6a331da-9a81-4072-a4e4-ab95fca774e7,OUT_OF_ORDER,DATA,416,0,"arrived before missing sequence=399"
820.469,receiver,c6a331da-9a81-4072-a4e4-ab95fca774e7,ACCEPT_DATA,DATA,416,1024,"unique file bytes received"
820.472,receiver,c6a331da-9a81-4072-a4e4-ab95fca774e7,SEND,ACK,416,36,""
820.489,receiver,c6a331da-9a81-4072-a4e4-ab95fca774e7,RECEIVE,DATA,433,1060,""
820.530,receiver,c6a331da-9a81-4072-a4e4-ab95fca774e7,OUT_OF_ORDER,DATA,433,0,"arrived before missing sequence=399"
820.533,receiver,c6a331da-9a81-4072-a4e4-ab95fca774e7,ACCEPT_DATA,DATA,433,1024,"unique file bytes received"
820.535,receiver,c6a331da-9a81-4072-a4e4-ab95fca774e7,SEND,ACK,433,36,""
820.541,receiver,c6a331da-9a81-4072-a4e4-ab95fca774e7,RECEIVE,DATA,399,1060,""
820.548,receiver,c6a331da-9a81-4072-a4e4-ab95fca774e7,ACCEPT_DATA,DATA,399,1024,"unique file bytes received"
820.550,receiver,c6a331da-9a81-4072-a4e4-ab95fca774e7,SEND,ACK,399,36,""
820.555,receiver,c6a331da-9a81-4072-a4e4-ab95fca774e7,RECEIVE,DATA,426,1060,""
820.558,receiver,c6a331da-9a81-4072-a4e4-ab95fca774e7,OUT_OF_ORDER,DATA,426,0,"arrived before missing sequence=400"
820.561,receiver,c6a331da-9a81-4072-a4e4-ab95fca774e7,ACCEPT_DATA,DATA,426,1024,"unique file bytes received"
820.563,receiver,c6a331da-9a81-4072-a4e4-ab95fca774e7,SEND,ACK,426,36,""
820.568,receiver,c6a331da-9a81-4072-a4e4-ab95fca774e7,RECEIVE,DATA,403,1060,""
820.571,receiver,c6a331da-9a81-4072-a4e4-ab95fca774e7,OUT_OF_ORDER,DATA,403,0,"arrived before missing sequence=400"
820.573,receiver,c6a331da-9a81-4072-a4e4-ab95fca774e7,ACCEPT_DATA,DATA,403,1024,"unique file bytes received"
820.575,receiver,c6a331da-9a81-4072-a4e4-ab95fca774e7,SEND,ACK,403,36,""
820.810,receiver,c6a331da-9a81-4072-a4e4-ab95fca774e7,RECEIVE,DATA,409,1060,""
820.819,receiver,c6a331da-9a81-4072-a4e4-ab95fca774e7,OUT_OF_ORDER,DATA,409,0,"arrived before missing sequence=400"
820.823,receiver,c6a331da-9a81-4072-a4e4-ab95fca774e7,ACCEPT_DATA,DATA,409,1024,"unique file bytes received"
820.825,receiver,c6a331da-9a81-4072-a4e4-ab95fca774e7,SEND,ACK,409,36,""
820.842,receiver,c6a331da-9a81-4072-a4e4-ab95fca774e7,RECEIVE,DATA,412,1060,""
820.845,receiver,c6a331da-9a81-4072-a4e4-ab95fca774e7,OUT_OF_ORDER,DATA,412,0,"arrived before missing sequence=400"
820.847,receiver,c6a331da-9a81-4072-a4e4-ab95fca774e7,ACCEPT_DATA,DATA,412,1024,"unique file bytes received"
820.849,receiver,c6a331da-9a81-4072-a4e4-ab95fca774e7,SEND,ACK,412,36,""
820.854,receiver,c6a331da-9a81-4072-a4e4-ab95fca774e7,RECEIVE,DATA,419,1060,""
820.856,receiver,c6a331da-9a81-4072-a4e4-ab95fca774e7,OUT_OF_ORDER,DATA,419,0,"arrived before missing sequence=400"
820.858,receiver,c6a331da-9a81-4072-a4e4-ab95fca774e7,ACCEPT_DATA,DATA,419,1024,"unique file bytes received"
820.861,receiver,c6a331da-9a81-4072-a4e4-ab95fca774e7,SEND,ACK,419,36,""
820.865,receiver,c6a331da-9a81-4072-a4e4-ab95fca774e7,RECEIVE,DATA,422,1060,""
820.867,receiver,c6a331da-9a81-4072-a4e4-ab95fca774e7,OUT_OF_ORDER,DATA,422,0,"arrived before missing sequence=400"
820.870,receiver,c6a331da-9a81-4072-a4e4-ab95fca774e7,ACCEPT_DATA,DATA,422,1024,"unique file bytes received"
820.872,receiver,c6a331da-9a81-4072-a4e4-ab95fca774e7,SEND,ACK,422,36,""
820.876,receiver,c6a331da-9a81-4072-a4e4-ab95fca774e7,RECEIVE,DATA,400,1060,""
820.879,receiver,c6a331da-9a81-4072-a4e4-ab95fca774e7,ACCEPT_DATA,DATA,400,1024,"unique file bytes received"
820.881,receiver,c6a331da-9a81-4072-a4e4-ab95fca774e7,SEND,ACK,400,36,""
820.885,receiver,c6a331da-9a81-4072-a4e4-ab95fca774e7,RECEIVE,DATA,401,1060,""
820.888,receiver,c6a331da-9a81-4072-a4e4-ab95fca774e7,ACCEPT_DATA,DATA,401,1024,"unique file bytes received"
820.890,receiver,c6a331da-9a81-4072-a4e4-ab95fca774e7,SEND,ACK,401,36,""
820.895,receiver,c6a331da-9a81-4072-a4e4-ab95fca774e7,RECEIVE,DATA,427,1060,""
820.897,receiver,c6a331da-9a81-4072-a4e4-ab95fca774e7,OUT_OF_ORDER,DATA,427,0,"arrived before missing sequence=407"
820.899,receiver,c6a331da-9a81-4072-a4e4-ab95fca774e7,ACCEPT_DATA,DATA,427,1024,"unique file bytes received"
820.901,receiver,c6a331da-9a81-4072-a4e4-ab95fca774e7,SEND,ACK,427,36,""
820.905,receiver,c6a331da-9a81-4072-a4e4-ab95fca774e7,RECEIVE,DATA,432,1060,""
820.908,receiver,c6a331da-9a81-4072-a4e4-ab95fca774e7,OUT_OF_ORDER,DATA,432,0,"arrived before missing sequence=407"
820.910,receiver,c6a331da-9a81-4072-a4e4-ab95fca774e7,ACCEPT_DATA,DATA,432,1024,"unique file bytes received"
820.912,receiver,c6a331da-9a81-4072-a4e4-ab95fca774e7,SEND,ACK,432,36,""
820.917,receiver,c6a331da-9a81-4072-a4e4-ab95fca774e7,RECEIVE,DATA,437,1060,""
820.919,receiver,c6a331da-9a81-4072-a4e4-ab95fca774e7,OUT_OF_ORDER,DATA,437,0,"arrived before missing sequence=407"
820.921,receiver,c6a331da-9a81-4072-a4e4-ab95fca774e7,ACCEPT_DATA,DATA,437,1024,"unique file bytes received"
820.924,receiver,c6a331da-9a81-4072-a4e4-ab95fca774e7,SEND,ACK,437,36,""
820.928,receiver,c6a331da-9a81-4072-a4e4-ab95fca774e7,RECEIVE,DATA,411,1060,""
820.930,receiver,c6a331da-9a81-4072-a4e4-ab95fca774e7,OUT_OF_ORDER,DATA,411,0,"arrived before missing sequence=407"
820.933,receiver,c6a331da-9a81-4072-a4e4-ab95fca774e7,ACCEPT_DATA,DATA,411,1024,"unique file bytes received"
820.935,receiver,c6a331da-9a81-4072-a4e4-ab95fca774e7,SEND,ACK,411,36,""
820.939,receiver,c6a331da-9a81-4072-a4e4-ab95fca774e7,RECEIVE,DATA,413,1060,""
820.941,receiver,c6a331da-9a81-4072-a4e4-ab95fca774e7,OUT_OF_ORDER,DATA,413,0,"arrived before missing sequence=407"
820.944,receiver,c6a331da-9a81-4072-a4e4-ab95fca774e7,ACCEPT_DATA,DATA,413,1024,"unique file bytes received"
820.945,receiver,c6a331da-9a81-4072-a4e4-ab95fca774e7,SEND,ACK,413,36,""
820.954,receiver,c6a331da-9a81-4072-a4e4-ab95fca774e7,RECEIVE,DATA,439,1060,""
820.956,receiver,c6a331da-9a81-4072-a4e4-ab95fca774e7,OUT_OF_ORDER,DATA,439,0,"arrived before missing sequence=407"
820.958,receiver,c6a331da-9a81-4072-a4e4-ab95fca774e7,ACCEPT_DATA,DATA,439,1024,"unique file bytes received"
820.960,receiver,c6a331da-9a81-4072-a4e4-ab95fca774e7,SEND,ACK,439,36,""
820.965,receiver,c6a331da-9a81-4072-a4e4-ab95fca774e7,RECEIVE,DATA,407,1060,""
820.967,receiver,c6a331da-9a81-4072-a4e4-ab95fca774e7,ACCEPT_DATA,DATA,407,1024,"unique file bytes received"
820.969,receiver,c6a331da-9a81-4072-a4e4-ab95fca774e7,SEND,ACK,407,36,""
820.974,receiver,c6a331da-9a81-4072-a4e4-ab95fca774e7,RECEIVE,DATA,425,1060,""
820.976,receiver,c6a331da-9a81-4072-a4e4-ab95fca774e7,OUT_OF_ORDER,DATA,425,0,"arrived before missing sequence=423"
820.978,receiver,c6a331da-9a81-4072-a4e4-ab95fca774e7,ACCEPT_DATA,DATA,425,1024,"unique file bytes received"
820.980,receiver,c6a331da-9a81-4072-a4e4-ab95fca774e7,SEND,ACK,425,36,""
820.985,receiver,c6a331da-9a81-4072-a4e4-ab95fca774e7,RECEIVE,DATA,423,1060,""
820.987,receiver,c6a331da-9a81-4072-a4e4-ab95fca774e7,ACCEPT_DATA,DATA,423,1024,"unique file bytes received"
820.989,receiver,c6a331da-9a81-4072-a4e4-ab95fca774e7,SEND,ACK,423,36,""
835.847,receiver,c6a331da-9a81-4072-a4e4-ab95fca774e7,EMIT,ACK,387,36,""
835.877,receiver,c6a331da-9a81-4072-a4e4-ab95fca774e7,RECEIVE,DATA,431,1060,""
835.905,receiver,c6a331da-9a81-4072-a4e4-ab95fca774e7,ACCEPT_DATA,DATA,431,1024,"unique file bytes received"
835.910,receiver,c6a331da-9a81-4072-a4e4-ab95fca774e7,SEND,ACK,431,36,""
835.927,receiver,c6a331da-9a81-4072-a4e4-ab95fca774e7,EMIT,ACK,393,36,""
835.940,receiver,c6a331da-9a81-4072-a4e4-ab95fca774e7,RECEIVE,DATA,441,1060,""
835.945,receiver,c6a331da-9a81-4072-a4e4-ab95fca774e7,EMIT,ACK,391,36,""
835.948,receiver,c6a331da-9a81-4072-a4e4-ab95fca774e7,ACCEPT_DATA,DATA,441,1024,"unique file bytes received"
835.952,receiver,c6a331da-9a81-4072-a4e4-ab95fca774e7,SEND,ACK,441,36,""
835.967,receiver,c6a331da-9a81-4072-a4e4-ab95fca774e7,EMIT,ACK,418,36,""
835.972,receiver,c6a331da-9a81-4072-a4e4-ab95fca774e7,RECEIVE,DATA,442,1060,""
835.977,receiver,c6a331da-9a81-4072-a4e4-ab95fca774e7,ACCEPT_DATA,DATA,442,1024,"unique file bytes received"
835.980,receiver,c6a331da-9a81-4072-a4e4-ab95fca774e7,SEND,ACK,442,36,""
835.984,receiver,c6a331da-9a81-4072-a4e4-ab95fca774e7,EMIT,ACK,388,36,""
835.989,receiver,c6a331da-9a81-4072-a4e4-ab95fca774e7,RECEIVE,DATA,443,1060,""
835.993,receiver,c6a331da-9a81-4072-a4e4-ab95fca774e7,ACCEPT_DATA,DATA,443,1024,"unique file bytes received"
835.997,receiver,c6a331da-9a81-4072-a4e4-ab95fca774e7,EMIT,ACK,406,36,""
836.001,receiver,c6a331da-9a81-4072-a4e4-ab95fca774e7,SEND,ACK,443,36,""
836.010,receiver,c6a331da-9a81-4072-a4e4-ab95fca774e7,RECEIVE,DATA,447,1060,""
836.014,receiver,c6a331da-9a81-4072-a4e4-ab95fca774e7,OUT_OF_ORDER,DATA,447,0,"arrived before missing sequence=444"
836.074,receiver,c6a331da-9a81-4072-a4e4-ab95fca774e7,ACCEPT_DATA,DATA,447,1024,"unique file bytes received"
836.077,receiver,c6a331da-9a81-4072-a4e4-ab95fca774e7,SEND,ACK,447,36,""
851.091,receiver,c6a331da-9a81-4072-a4e4-ab95fca774e7,RECEIVE,DATA,446,1060,""
851.108,receiver,c6a331da-9a81-4072-a4e4-ab95fca774e7,EMIT,ACK,440,36,""
851.118,receiver,c6a331da-9a81-4072-a4e4-ab95fca774e7,OUT_OF_ORDER,DATA,446,0,"arrived before missing sequence=444"
851.122,receiver,c6a331da-9a81-4072-a4e4-ab95fca774e7,ACCEPT_DATA,DATA,446,1024,"unique file bytes received"
851.125,receiver,c6a331da-9a81-4072-a4e4-ab95fca774e7,SEND,ACK,446,36,""
851.128,receiver,c6a331da-9a81-4072-a4e4-ab95fca774e7,EMIT,ACK,394,36,""
851.139,receiver,c6a331da-9a81-4072-a4e4-ab95fca774e7,EMIT,ACK,405,36,""
851.142,receiver,c6a331da-9a81-4072-a4e4-ab95fca774e7,RECEIVE,DATA,444,1060,""
851.149,receiver,c6a331da-9a81-4072-a4e4-ab95fca774e7,EMIT,ACK,436,36,""
851.152,receiver,c6a331da-9a81-4072-a4e4-ab95fca774e7,ACCEPT_DATA,DATA,444,1024,"unique file bytes received"
851.155,receiver,c6a331da-9a81-4072-a4e4-ab95fca774e7,SEND,ACK,444,36,""
851.170,receiver,c6a331da-9a81-4072-a4e4-ab95fca774e7,EMIT,ACK,408,36,""
851.173,receiver,c6a331da-9a81-4072-a4e4-ab95fca774e7,RECEIVE,DATA,450,1060,""
851.176,receiver,c6a331da-9a81-4072-a4e4-ab95fca774e7,OUT_OF_ORDER,DATA,450,0,"arrived before missing sequence=445"
851.179,receiver,c6a331da-9a81-4072-a4e4-ab95fca774e7,EMIT,ACK,415,36,""
851.182,receiver,c6a331da-9a81-4072-a4e4-ab95fca774e7,ACCEPT_DATA,DATA,450,1024,"unique file bytes received"
851.184,receiver,c6a331da-9a81-4072-a4e4-ab95fca774e7,SEND,ACK,450,36,""
851.187,receiver,c6a331da-9a81-4072-a4e4-ab95fca774e7,EMIT,ACK,421,36,""
851.195,receiver,c6a331da-9a81-4072-a4e4-ab95fca774e7,EMIT,ACK,438,36,""
851.203,receiver,c6a331da-9a81-4072-a4e4-ab95fca774e7,EMIT,ACK,423,36,""
851.211,receiver,c6a331da-9a81-4072-a4e4-ab95fca774e7,EMIT,ACK,416,36,""
851.218,receiver,c6a331da-9a81-4072-a4e4-ab95fca774e7,EMIT,ACK,412,36,""
851.226,receiver,c6a331da-9a81-4072-a4e4-ab95fca774e7,EMIT,ACK,410,36,""
851.233,receiver,c6a331da-9a81-4072-a4e4-ab95fca774e7,EMIT,ACK,404,36,""
851.241,receiver,c6a331da-9a81-4072-a4e4-ab95fca774e7,EMIT,ACK,434,36,""
851.248,receiver,c6a331da-9a81-4072-a4e4-ab95fca774e7,EMIT,ACK,396,36,""
851.259,receiver,c6a331da-9a81-4072-a4e4-ab95fca774e7,EMIT,ACK,413,36,""
851.268,receiver,c6a331da-9a81-4072-a4e4-ab95fca774e7,EMIT,ACK,395,36,""
866.122,receiver,c6a331da-9a81-4072-a4e4-ab95fca774e7,EMIT,ACK,414,36,""
866.161,receiver,c6a331da-9a81-4072-a4e4-ab95fca774e7,EMIT,ACK,424,36,""
866.171,receiver,c6a331da-9a81-4072-a4e4-ab95fca774e7,EMIT,ACK,422,36,""
866.178,receiver,c6a331da-9a81-4072-a4e4-ab95fca774e7,EMIT,ACK,427,36,""
866.186,receiver,c6a331da-9a81-4072-a4e4-ab95fca774e7,EMIT,ACK,397,36,""
866.198,receiver,c6a331da-9a81-4072-a4e4-ab95fca774e7,EMIT,ACK,428,36,""
866.207,receiver,c6a331da-9a81-4072-a4e4-ab95fca774e7,EMIT,ACK,433,36,""
866.216,receiver,c6a331da-9a81-4072-a4e4-ab95fca774e7,EMIT,ACK,402,36,""
866.227,receiver,c6a331da-9a81-4072-a4e4-ab95fca774e7,EMIT,ACK,429,36,""
866.237,receiver,c6a331da-9a81-4072-a4e4-ab95fca774e7,EMIT,ACK,409,36,""
866.244,receiver,c6a331da-9a81-4072-a4e4-ab95fca774e7,EMIT,ACK,420,36,""
866.251,receiver,c6a331da-9a81-4072-a4e4-ab95fca774e7,EMIT,ACK,401,36,""
866.259,receiver,c6a331da-9a81-4072-a4e4-ab95fca774e7,EMIT,ACK,430,36,""
866.267,receiver,c6a331da-9a81-4072-a4e4-ab95fca774e7,EMIT,ACK,403,36,""
866.275,receiver,c6a331da-9a81-4072-a4e4-ab95fca774e7,EMIT,ACK,400,36,""
866.280,receiver,c6a331da-9a81-4072-a4e4-ab95fca774e7,RECEIVE,DATA,445,1060,""
866.289,receiver,c6a331da-9a81-4072-a4e4-ab95fca774e7,EMIT,ACK,437,36,""
866.293,receiver,c6a331da-9a81-4072-a4e4-ab95fca774e7,ACCEPT_DATA,DATA,445,1024,"unique file bytes received"
866.297,receiver,c6a331da-9a81-4072-a4e4-ab95fca774e7,SEND,ACK,445,36,""
866.300,receiver,c6a331da-9a81-4072-a4e4-ab95fca774e7,EMIT,ACK,398,36,""
866.308,receiver,c6a331da-9a81-4072-a4e4-ab95fca774e7,EMIT,ACK,399,36,""
866.312,receiver,c6a331da-9a81-4072-a4e4-ab95fca774e7,RECEIVE,DATA,455,1060,""
866.315,receiver,c6a331da-9a81-4072-a4e4-ab95fca774e7,OUT_OF_ORDER,DATA,455,0,"arrived before missing sequence=448"
866.318,receiver,c6a331da-9a81-4072-a4e4-ab95fca774e7,EMIT,ACK,419,36,""
866.321,receiver,c6a331da-9a81-4072-a4e4-ab95fca774e7,ACCEPT_DATA,DATA,455,1024,"unique file bytes received"
866.324,receiver,c6a331da-9a81-4072-a4e4-ab95fca774e7,SEND,ACK,455,36,""
866.330,receiver,c6a331da-9a81-4072-a4e4-ab95fca774e7,EMIT,ACK,426,36,""
866.334,receiver,c6a331da-9a81-4072-a4e4-ab95fca774e7,RECEIVE,DATA,449,1060,""
866.337,receiver,c6a331da-9a81-4072-a4e4-ab95fca774e7,OUT_OF_ORDER,DATA,449,0,"arrived before missing sequence=448"
866.339,receiver,c6a331da-9a81-4072-a4e4-ab95fca774e7,EMIT,ACK,407,36,""
866.342,receiver,c6a331da-9a81-4072-a4e4-ab95fca774e7,ACCEPT_DATA,DATA,449,1024,"unique file bytes received"
866.344,receiver,c6a331da-9a81-4072-a4e4-ab95fca774e7,SEND,ACK,449,36,""
866.350,receiver,c6a331da-9a81-4072-a4e4-ab95fca774e7,RECEIVE,DATA,448,1060,""
866.367,receiver,c6a331da-9a81-4072-a4e4-ab95fca774e7,ACCEPT_DATA,DATA,448,1024,"unique file bytes received"
866.369,receiver,c6a331da-9a81-4072-a4e4-ab95fca774e7,SEND,ACK,448,36,""
881.218,receiver,c6a331da-9a81-4072-a4e4-ab95fca774e7,EMIT,ACK,417,36,""
881.283,receiver,c6a331da-9a81-4072-a4e4-ab95fca774e7,RECEIVE,DATA,454,1060,""
881.299,receiver,c6a331da-9a81-4072-a4e4-ab95fca774e7,OUT_OF_ORDER,DATA,454,0,"arrived before missing sequence=451"
881.304,receiver,c6a331da-9a81-4072-a4e4-ab95fca774e7,ACCEPT_DATA,DATA,454,1024,"unique file bytes received"
881.308,receiver,c6a331da-9a81-4072-a4e4-ab95fca774e7,EMIT,ACK,442,36,""
881.318,receiver,c6a331da-9a81-4072-a4e4-ab95fca774e7,SEND,ACK,454,36,""
881.336,receiver,c6a331da-9a81-4072-a4e4-ab95fca774e7,EMIT,ACK,435,36,""
881.342,receiver,c6a331da-9a81-4072-a4e4-ab95fca774e7,RECEIVE,DATA,457,1060,""
881.345,receiver,c6a331da-9a81-4072-a4e4-ab95fca774e7,OUT_OF_ORDER,DATA,457,0,"arrived before missing sequence=451"
881.348,receiver,c6a331da-9a81-4072-a4e4-ab95fca774e7,ACCEPT_DATA,DATA,457,1024,"unique file bytes received"
881.351,receiver,c6a331da-9a81-4072-a4e4-ab95fca774e7,SEND,ACK,457,36,""
881.360,receiver,c6a331da-9a81-4072-a4e4-ab95fca774e7,EMIT,ACK,439,36,""
881.366,receiver,c6a331da-9a81-4072-a4e4-ab95fca774e7,RECEIVE,DATA,451,1060,""
881.370,receiver,c6a331da-9a81-4072-a4e4-ab95fca774e7,ACCEPT_DATA,DATA,451,1024,"unique file bytes received"
881.372,receiver,c6a331da-9a81-4072-a4e4-ab95fca774e7,SEND,ACK,451,36,""
881.379,receiver,c6a331da-9a81-4072-a4e4-ab95fca774e7,RECEIVE,DATA,456,1060,""
881.381,receiver,c6a331da-9a81-4072-a4e4-ab95fca774e7,OUT_OF_ORDER,DATA,456,0,"arrived before missing sequence=452"
881.384,receiver,c6a331da-9a81-4072-a4e4-ab95fca774e7,EMIT,ACK,443,36,""
881.443,receiver,c6a331da-9a81-4072-a4e4-ab95fca774e7,ACCEPT_DATA,DATA,456,1024,"unique file bytes received"
881.446,receiver,c6a331da-9a81-4072-a4e4-ab95fca774e7,SEND,ACK,456,36,""
881.453,receiver,c6a331da-9a81-4072-a4e4-ab95fca774e7,RECEIVE,DATA,452,1060,""
881.468,receiver,c6a331da-9a81-4072-a4e4-ab95fca774e7,ACCEPT_DATA,DATA,452,1024,"unique file bytes received"
881.470,receiver,c6a331da-9a81-4072-a4e4-ab95fca774e7,SEND,ACK,452,36,""
881.477,receiver,c6a331da-9a81-4072-a4e4-ab95fca774e7,EMIT,ACK,431,36,""
881.497,receiver,c6a331da-9a81-4072-a4e4-ab95fca774e7,EMIT,ACK,425,36,""
881.506,receiver,c6a331da-9a81-4072-a4e4-ab95fca774e7,EMIT,ACK,432,36,""
881.515,receiver,c6a331da-9a81-4072-a4e4-ab95fca774e7,EMIT,ACK,411,36,""
897.502,receiver,c6a331da-9a81-4072-a4e4-ab95fca774e7,EMIT,ACK,441,36,""
897.550,receiver,c6a331da-9a81-4072-a4e4-ab95fca774e7,EMIT,ACK,447,36,""
897.561,receiver,c6a331da-9a81-4072-a4e4-ab95fca774e7,EMIT,ACK,446,36,""
897.571,receiver,c6a331da-9a81-4072-a4e4-ab95fca774e7,EMIT,ACK,445,36,""
897.575,receiver,c6a331da-9a81-4072-a4e4-ab95fca774e7,RECEIVE,DATA,460,1060,""
897.585,receiver,c6a331da-9a81-4072-a4e4-ab95fca774e7,EMIT,ACK,444,36,""
897.645,receiver,c6a331da-9a81-4072-a4e4-ab95fca774e7,EMIT,ACK,455,36,""
897.654,receiver,c6a331da-9a81-4072-a4e4-ab95fca774e7,EMIT,ACK,449,36,""
897.760,receiver,c6a331da-9a81-4072-a4e4-ab95fca774e7,OUT_OF_ORDER,DATA,460,0,"arrived before missing sequence=453"
897.769,receiver,c6a331da-9a81-4072-a4e4-ab95fca774e7,ACCEPT_DATA,DATA,460,1024,"unique file bytes received"
897.773,receiver,c6a331da-9a81-4072-a4e4-ab95fca774e7,SEND,ACK,460,36,""
897.797,receiver,c6a331da-9a81-4072-a4e4-ab95fca774e7,RECEIVE,DATA,453,1060,""
897.801,receiver,c6a331da-9a81-4072-a4e4-ab95fca774e7,ACCEPT_DATA,DATA,453,1024,"unique file bytes received"
897.803,receiver,c6a331da-9a81-4072-a4e4-ab95fca774e7,SEND,ACK,453,36,""
897.809,receiver,c6a331da-9a81-4072-a4e4-ab95fca774e7,RECEIVE,DATA,464,1060,""
897.811,receiver,c6a331da-9a81-4072-a4e4-ab95fca774e7,OUT_OF_ORDER,DATA,464,0,"arrived before missing sequence=458"
897.814,receiver,c6a331da-9a81-4072-a4e4-ab95fca774e7,ACCEPT_DATA,DATA,464,1024,"unique file bytes received"
897.816,receiver,c6a331da-9a81-4072-a4e4-ab95fca774e7,SEND,ACK,464,36,""
897.821,receiver,c6a331da-9a81-4072-a4e4-ab95fca774e7,RECEIVE,DATA,468,1060,""
897.823,receiver,c6a331da-9a81-4072-a4e4-ab95fca774e7,OUT_OF_ORDER,DATA,468,0,"arrived before missing sequence=458"
897.825,receiver,c6a331da-9a81-4072-a4e4-ab95fca774e7,ACCEPT_DATA,DATA,468,1024,"unique file bytes received"
897.828,receiver,c6a331da-9a81-4072-a4e4-ab95fca774e7,SEND,ACK,468,36,""
897.832,receiver,c6a331da-9a81-4072-a4e4-ab95fca774e7,RECEIVE,DATA,473,1060,""
897.835,receiver,c6a331da-9a81-4072-a4e4-ab95fca774e7,OUT_OF_ORDER,DATA,473,0,"arrived before missing sequence=458"
897.837,receiver,c6a331da-9a81-4072-a4e4-ab95fca774e7,ACCEPT_DATA,DATA,473,1024,"unique file bytes received"
897.839,receiver,c6a331da-9a81-4072-a4e4-ab95fca774e7,SEND,ACK,473,36,""
897.844,receiver,c6a331da-9a81-4072-a4e4-ab95fca774e7,RECEIVE,DATA,458,1060,""
897.847,receiver,c6a331da-9a81-4072-a4e4-ab95fca774e7,ACCEPT_DATA,DATA,458,1024,"unique file bytes received"
897.849,receiver,c6a331da-9a81-4072-a4e4-ab95fca774e7,SEND,ACK,458,36,""
897.853,receiver,c6a331da-9a81-4072-a4e4-ab95fca774e7,RECEIVE,DATA,462,1060,""
897.856,receiver,c6a331da-9a81-4072-a4e4-ab95fca774e7,OUT_OF_ORDER,DATA,462,0,"arrived before missing sequence=459"
897.858,receiver,c6a331da-9a81-4072-a4e4-ab95fca774e7,ACCEPT_DATA,DATA,462,1024,"unique file bytes received"
897.860,receiver,c6a331da-9a81-4072-a4e4-ab95fca774e7,SEND,ACK,462,36,""
897.864,receiver,c6a331da-9a81-4072-a4e4-ab95fca774e7,RECEIVE,DATA,459,1060,""
897.867,receiver,c6a331da-9a81-4072-a4e4-ab95fca774e7,ACCEPT_DATA,DATA,459,1024,"unique file bytes received"
897.869,receiver,c6a331da-9a81-4072-a4e4-ab95fca774e7,SEND,ACK,459,36,""
897.874,receiver,c6a331da-9a81-4072-a4e4-ab95fca774e7,RECEIVE,DATA,467,1060,""
897.876,receiver,c6a331da-9a81-4072-a4e4-ab95fca774e7,OUT_OF_ORDER,DATA,467,0,"arrived before missing sequence=461"
897.878,receiver,c6a331da-9a81-4072-a4e4-ab95fca774e7,ACCEPT_DATA,DATA,467,1024,"unique file bytes received"
897.880,receiver,c6a331da-9a81-4072-a4e4-ab95fca774e7,SEND,ACK,467,36,""
897.885,receiver,c6a331da-9a81-4072-a4e4-ab95fca774e7,RECEIVE,DATA,472,1060,""
897.887,receiver,c6a331da-9a81-4072-a4e4-ab95fca774e7,OUT_OF_ORDER,DATA,472,0,"arrived before missing sequence=461"
897.889,receiver,c6a331da-9a81-4072-a4e4-ab95fca774e7,ACCEPT_DATA,DATA,472,1024,"unique file bytes received"
897.894,receiver,c6a331da-9a81-4072-a4e4-ab95fca774e7,SEND,ACK,472,36,""
913.435,receiver,c6a331da-9a81-4072-a4e4-ab95fca774e7,RECEIVE,DATA,470,1060,""
913.476,receiver,c6a331da-9a81-4072-a4e4-ab95fca774e7,OUT_OF_ORDER,DATA,470,0,"arrived before missing sequence=461"
913.481,receiver,c6a331da-9a81-4072-a4e4-ab95fca774e7,ACCEPT_DATA,DATA,470,1024,"unique file bytes received"
913.485,receiver,c6a331da-9a81-4072-a4e4-ab95fca774e7,SEND,ACK,470,36,""
913.507,receiver,c6a331da-9a81-4072-a4e4-ab95fca774e7,RECEIVE,DATA,471,1060,""
913.511,receiver,c6a331da-9a81-4072-a4e4-ab95fca774e7,OUT_OF_ORDER,DATA,471,0,"arrived before missing sequence=461"
913.514,receiver,c6a331da-9a81-4072-a4e4-ab95fca774e7,ACCEPT_DATA,DATA,471,1024,"unique file bytes received"
913.517,receiver,c6a331da-9a81-4072-a4e4-ab95fca774e7,SEND,ACK,471,36,""
913.521,receiver,c6a331da-9a81-4072-a4e4-ab95fca774e7,EMIT,ACK,450,36,""
913.540,receiver,c6a331da-9a81-4072-a4e4-ab95fca774e7,RECEIVE,DATA,463,1060,""
913.543,receiver,c6a331da-9a81-4072-a4e4-ab95fca774e7,OUT_OF_ORDER,DATA,463,0,"arrived before missing sequence=461"
913.546,receiver,c6a331da-9a81-4072-a4e4-ab95fca774e7,ACCEPT_DATA,DATA,463,1024,"unique file bytes received"
913.549,receiver,c6a331da-9a81-4072-a4e4-ab95fca774e7,SEND,ACK,463,36,""
913.556,receiver,c6a331da-9a81-4072-a4e4-ab95fca774e7,RECEIVE,DATA,466,1060,""
913.561,receiver,c6a331da-9a81-4072-a4e4-ab95fca774e7,OUT_OF_ORDER,DATA,466,0,"arrived before missing sequence=461"
913.563,receiver,c6a331da-9a81-4072-a4e4-ab95fca774e7,ACCEPT_DATA,DATA,466,1024,"unique file bytes received"
913.566,receiver,c6a331da-9a81-4072-a4e4-ab95fca774e7,EMIT,ACK,448,36,""
913.574,receiver,c6a331da-9a81-4072-a4e4-ab95fca774e7,SEND,ACK,466,36,""
913.581,receiver,c6a331da-9a81-4072-a4e4-ab95fca774e7,RECEIVE,DATA,474,1060,""
913.585,receiver,c6a331da-9a81-4072-a4e4-ab95fca774e7,OUT_OF_ORDER,DATA,474,0,"arrived before missing sequence=461"
913.588,receiver,c6a331da-9a81-4072-a4e4-ab95fca774e7,ACCEPT_DATA,DATA,474,1024,"unique file bytes received"
913.591,receiver,c6a331da-9a81-4072-a4e4-ab95fca774e7,EMIT,ACK,451,36,""
913.597,receiver,c6a331da-9a81-4072-a4e4-ab95fca774e7,SEND,ACK,474,36,""
913.605,receiver,c6a331da-9a81-4072-a4e4-ab95fca774e7,RECEIVE,DATA,480,1060,""
913.608,receiver,c6a331da-9a81-4072-a4e4-ab95fca774e7,OUT_OF_ORDER,DATA,480,0,"arrived before missing sequence=461"
913.611,receiver,c6a331da-9a81-4072-a4e4-ab95fca774e7,ACCEPT_DATA,DATA,480,1024,"unique file bytes received"
913.614,receiver,c6a331da-9a81-4072-a4e4-ab95fca774e7,EMIT,ACK,457,36,""
913.620,receiver,c6a331da-9a81-4072-a4e4-ab95fca774e7,SEND,ACK,480,36,""
913.628,receiver,c6a331da-9a81-4072-a4e4-ab95fca774e7,RECEIVE,DATA,492,1060,""
913.631,receiver,c6a331da-9a81-4072-a4e4-ab95fca774e7,OUT_OF_ORDER,DATA,492,0,"arrived before missing sequence=461"
913.634,receiver,c6a331da-9a81-4072-a4e4-ab95fca774e7,ACCEPT_DATA,DATA,492,1024,"unique file bytes received"
913.637,receiver,c6a331da-9a81-4072-a4e4-ab95fca774e7,EMIT,ACK,452,36,""
913.676,receiver,c6a331da-9a81-4072-a4e4-ab95fca774e7,SEND,ACK,492,36,""
913.683,receiver,c6a331da-9a81-4072-a4e4-ab95fca774e7,RECEIVE,DATA,461,1060,""
913.686,receiver,c6a331da-9a81-4072-a4e4-ab95fca774e7,ACCEPT_DATA,DATA,461,1024,"unique file bytes received"
913.689,receiver,c6a331da-9a81-4072-a4e4-ab95fca774e7,SEND,ACK,461,36,""
913.696,receiver,c6a331da-9a81-4072-a4e4-ab95fca774e7,RECEIVE,DATA,494,1060,""
913.699,receiver,c6a331da-9a81-4072-a4e4-ab95fca774e7,OUT_OF_ORDER,DATA,494,0,"arrived before missing sequence=465"
913.702,receiver,c6a331da-9a81-4072-a4e4-ab95fca774e7,ACCEPT_DATA,DATA,494,1024,"unique file bytes received"
913.705,receiver,c6a331da-9a81-4072-a4e4-ab95fca774e7,SEND,ACK,494,36,""
913.711,receiver,c6a331da-9a81-4072-a4e4-ab95fca774e7,RECEIVE,DATA,489,1060,""
913.715,receiver,c6a331da-9a81-4072-a4e4-ab95fca774e7,OUT_OF_ORDER,DATA,489,0,"arrived before missing sequence=465"
913.718,receiver,c6a331da-9a81-4072-a4e4-ab95fca774e7,ACCEPT_DATA,DATA,489,1024,"unique file bytes received"
913.720,receiver,c6a331da-9a81-4072-a4e4-ab95fca774e7,SEND,ACK,489,36,""
913.726,receiver,c6a331da-9a81-4072-a4e4-ab95fca774e7,RECEIVE,DATA,469,1060,""
913.730,receiver,c6a331da-9a81-4072-a4e4-ab95fca774e7,OUT_OF_ORDER,DATA,469,0,"arrived before missing sequence=465"
913.733,receiver,c6a331da-9a81-4072-a4e4-ab95fca774e7,ACCEPT_DATA,DATA,469,1024,"unique file bytes received"
913.736,receiver,c6a331da-9a81-4072-a4e4-ab95fca774e7,SEND,ACK,469,36,""
913.747,receiver,c6a331da-9a81-4072-a4e4-ab95fca774e7,RECEIVE,DATA,482,1060,""
913.750,receiver,c6a331da-9a81-4072-a4e4-ab95fca774e7,OUT_OF_ORDER,DATA,482,0,"arrived before missing sequence=465"
913.753,receiver,c6a331da-9a81-4072-a4e4-ab95fca774e7,ACCEPT_DATA,DATA,482,1024,"unique file bytes received"
913.825,receiver,c6a331da-9a81-4072-a4e4-ab95fca774e7,SEND,ACK,482,36,""
913.832,receiver,c6a331da-9a81-4072-a4e4-ab95fca774e7,RECEIVE,DATA,465,1060,""
913.836,receiver,c6a331da-9a81-4072-a4e4-ab95fca774e7,ACCEPT_DATA,DATA,465,1024,"unique file bytes received"
913.839,receiver,c6a331da-9a81-4072-a4e4-ab95fca774e7,SEND,ACK,465,36,""
913.846,receiver,c6a331da-9a81-4072-a4e4-ab95fca774e7,RECEIVE,DATA,490,1060,""
913.853,receiver,c6a331da-9a81-4072-a4e4-ab95fca774e7,OUT_OF_ORDER,DATA,490,0,"arrived before missing sequence=475"
913.856,receiver,c6a331da-9a81-4072-a4e4-ab95fca774e7,ACCEPT_DATA,DATA,490,1024,"unique file bytes received"
913.859,receiver,c6a331da-9a81-4072-a4e4-ab95fca774e7,SEND,ACK,490,36,""
929.339,receiver,c6a331da-9a81-4072-a4e4-ab95fca774e7,EMIT,ACK,456,36,""
929.365,receiver,c6a331da-9a81-4072-a4e4-ab95fca774e7,EMIT,ACK,454,36,""
929.389,receiver,c6a331da-9a81-4072-a4e4-ab95fca774e7,EMIT,ACK,473,36,""
929.404,receiver,c6a331da-9a81-4072-a4e4-ab95fca774e7,EMIT,ACK,472,36,""
929.414,receiver,c6a331da-9a81-4072-a4e4-ab95fca774e7,EMIT,ACK,460,36,""
929.596,receiver,c6a331da-9a81-4072-a4e4-ab95fca774e7,RECEIVE,DATA,479,1060,""
929.608,receiver,c6a331da-9a81-4072-a4e4-ab95fca774e7,OUT_OF_ORDER,DATA,479,0,"arrived before missing sequence=475"
929.612,receiver,c6a331da-9a81-4072-a4e4-ab95fca774e7,ACCEPT_DATA,DATA,479,1024,"unique file bytes received"
929.615,receiver,c6a331da-9a81-4072-a4e4-ab95fca774e7,SEND,ACK,479,36,""
929.629,receiver,c6a331da-9a81-4072-a4e4-ab95fca774e7,RECEIVE,DATA,478,1060,""
929.633,receiver,c6a331da-9a81-4072-a4e4-ab95fca774e7,OUT_OF_ORDER,DATA,478,0,"arrived before missing sequence=475"
929.635,receiver,c6a331da-9a81-4072-a4e4-ab95fca774e7,ACCEPT_DATA,DATA,478,1024,"unique file bytes received"
929.637,receiver,c6a331da-9a81-4072-a4e4-ab95fca774e7,SEND,ACK,478,36,""
929.643,receiver,c6a331da-9a81-4072-a4e4-ab95fca774e7,RECEIVE,DATA,495,1060,""
929.646,receiver,c6a331da-9a81-4072-a4e4-ab95fca774e7,OUT_OF_ORDER,DATA,495,0,"arrived before missing sequence=475"
929.648,receiver,c6a331da-9a81-4072-a4e4-ab95fca774e7,ACCEPT_DATA,DATA,495,1024,"unique file bytes received"
929.651,receiver,c6a331da-9a81-4072-a4e4-ab95fca774e7,SEND,ACK,495,36,""
929.656,receiver,c6a331da-9a81-4072-a4e4-ab95fca774e7,RECEIVE,DATA,501,1060,""
929.659,receiver,c6a331da-9a81-4072-a4e4-ab95fca774e7,OUT_OF_ORDER,DATA,501,0,"arrived before missing sequence=475"
929.661,receiver,c6a331da-9a81-4072-a4e4-ab95fca774e7,ACCEPT_DATA,DATA,501,1024,"unique file bytes received"
929.663,receiver,c6a331da-9a81-4072-a4e4-ab95fca774e7,SEND,ACK,501,36,""
929.672,receiver,c6a331da-9a81-4072-a4e4-ab95fca774e7,RECEIVE,DATA,484,1060,""
929.674,receiver,c6a331da-9a81-4072-a4e4-ab95fca774e7,OUT_OF_ORDER,DATA,484,0,"arrived before missing sequence=475"
929.676,receiver,c6a331da-9a81-4072-a4e4-ab95fca774e7,ACCEPT_DATA,DATA,484,1024,"unique file bytes received"
929.681,receiver,c6a331da-9a81-4072-a4e4-ab95fca774e7,SEND,ACK,484,36,""
929.685,receiver,c6a331da-9a81-4072-a4e4-ab95fca774e7,RECEIVE,DATA,498,1060,""
929.688,receiver,c6a331da-9a81-4072-a4e4-ab95fca774e7,OUT_OF_ORDER,DATA,498,0,"arrived before missing sequence=475"
929.690,receiver,c6a331da-9a81-4072-a4e4-ab95fca774e7,ACCEPT_DATA,DATA,498,1024,"unique file bytes received"
929.692,receiver,c6a331da-9a81-4072-a4e4-ab95fca774e7,SEND,ACK,498,36,""
929.721,receiver,c6a331da-9a81-4072-a4e4-ab95fca774e7,RECEIVE,DATA,475,1060,""
929.724,receiver,c6a331da-9a81-4072-a4e4-ab95fca774e7,ACCEPT_DATA,DATA,475,1024,"unique file bytes received"
929.726,receiver,c6a331da-9a81-4072-a4e4-ab95fca774e7,SEND,ACK,475,36,""
929.731,receiver,c6a331da-9a81-4072-a4e4-ab95fca774e7,RECEIVE,DATA,483,1060,""
929.734,receiver,c6a331da-9a81-4072-a4e4-ab95fca774e7,OUT_OF_ORDER,DATA,483,0,"arrived before missing sequence=476"
929.736,receiver,c6a331da-9a81-4072-a4e4-ab95fca774e7,ACCEPT_DATA,DATA,483,1024,"unique file bytes received"
929.738,receiver,c6a331da-9a81-4072-a4e4-ab95fca774e7,SEND,ACK,483,36,""
929.742,receiver,c6a331da-9a81-4072-a4e4-ab95fca774e7,RECEIVE,DATA,502,1060,""
929.745,receiver,c6a331da-9a81-4072-a4e4-ab95fca774e7,OUT_OF_ORDER,DATA,502,0,"arrived before missing sequence=476"
929.747,receiver,c6a331da-9a81-4072-a4e4-ab95fca774e7,ACCEPT_DATA,DATA,502,1024,"unique file bytes received"
929.749,receiver,c6a331da-9a81-4072-a4e4-ab95fca774e7,SEND,ACK,502,36,""
929.754,receiver,c6a331da-9a81-4072-a4e4-ab95fca774e7,RECEIVE,DATA,503,1060,""
929.756,receiver,c6a331da-9a81-4072-a4e4-ab95fca774e7,OUT_OF_ORDER,DATA,503,0,"arrived before missing sequence=476"
929.758,receiver,c6a331da-9a81-4072-a4e4-ab95fca774e7,ACCEPT_DATA,DATA,503,1024,"unique file bytes received"
929.760,receiver,c6a331da-9a81-4072-a4e4-ab95fca774e7,SEND,ACK,503,36,""
929.777,receiver,c6a331da-9a81-4072-a4e4-ab95fca774e7,RECEIVE,DATA,481,1060,""
929.779,receiver,c6a331da-9a81-4072-a4e4-ab95fca774e7,OUT_OF_ORDER,DATA,481,0,"arrived before missing sequence=476"
929.782,receiver,c6a331da-9a81-4072-a4e4-ab95fca774e7,ACCEPT_DATA,DATA,481,1024,"unique file bytes received"
929.784,receiver,c6a331da-9a81-4072-a4e4-ab95fca774e7,SEND,ACK,481,36,""
929.804,receiver,c6a331da-9a81-4072-a4e4-ab95fca774e7,RECEIVE,DATA,491,1060,""
929.807,receiver,c6a331da-9a81-4072-a4e4-ab95fca774e7,OUT_OF_ORDER,DATA,491,0,"arrived before missing sequence=476"
929.809,receiver,c6a331da-9a81-4072-a4e4-ab95fca774e7,ACCEPT_DATA,DATA,491,1024,"unique file bytes received"
929.811,receiver,c6a331da-9a81-4072-a4e4-ab95fca774e7,SEND,ACK,491,36,""
929.816,receiver,c6a331da-9a81-4072-a4e4-ab95fca774e7,RECEIVE,DATA,509,1060,""
929.819,receiver,c6a331da-9a81-4072-a4e4-ab95fca774e7,OUT_OF_ORDER,DATA,509,0,"arrived before missing sequence=476"
929.821,receiver,c6a331da-9a81-4072-a4e4-ab95fca774e7,ACCEPT_DATA,DATA,509,1024,"unique file bytes received"
929.823,receiver,c6a331da-9a81-4072-a4e4-ab95fca774e7,SEND,ACK,509,36,""
929.828,receiver,c6a331da-9a81-4072-a4e4-ab95fca774e7,RECEIVE,DATA,500,1060,""
929.831,receiver,c6a331da-9a81-4072-a4e4-ab95fca774e7,OUT_OF_ORDER,DATA,500,0,"arrived before missing sequence=476"
929.833,receiver,c6a331da-9a81-4072-a4e4-ab95fca774e7,ACCEPT_DATA,DATA,500,1024,"unique file bytes received"
929.835,receiver,c6a331da-9a81-4072-a4e4-ab95fca774e7,SEND,ACK,500,36,""
929.839,receiver,c6a331da-9a81-4072-a4e4-ab95fca774e7,RECEIVE,DATA,497,1060,""
929.842,receiver,c6a331da-9a81-4072-a4e4-ab95fca774e7,OUT_OF_ORDER,DATA,497,0,"arrived before missing sequence=476"
929.844,receiver,c6a331da-9a81-4072-a4e4-ab95fca774e7,ACCEPT_DATA,DATA,497,1024,"unique file bytes received"
929.846,receiver,c6a331da-9a81-4072-a4e4-ab95fca774e7,SEND,ACK,497,36,""
929.851,receiver,c6a331da-9a81-4072-a4e4-ab95fca774e7,RECEIVE,DATA,499,1060,""
929.853,receiver,c6a331da-9a81-4072-a4e4-ab95fca774e7,OUT_OF_ORDER,DATA,499,0,"arrived before missing sequence=476"
929.856,receiver,c6a331da-9a81-4072-a4e4-ab95fca774e7,ACCEPT_DATA,DATA,499,1024,"unique file bytes received"
929.858,receiver,c6a331da-9a81-4072-a4e4-ab95fca774e7,SEND,ACK,499,36,""
929.862,receiver,c6a331da-9a81-4072-a4e4-ab95fca774e7,RECEIVE,DATA,476,1060,""
929.865,receiver,c6a331da-9a81-4072-a4e4-ab95fca774e7,ACCEPT_DATA,DATA,476,1024,"unique file bytes received"
929.867,receiver,c6a331da-9a81-4072-a4e4-ab95fca774e7,SEND,ACK,476,36,""
929.871,receiver,c6a331da-9a81-4072-a4e4-ab95fca774e7,RECEIVE,DATA,487,1060,""
929.874,receiver,c6a331da-9a81-4072-a4e4-ab95fca774e7,OUT_OF_ORDER,DATA,487,0,"arrived before missing sequence=477"
929.876,receiver,c6a331da-9a81-4072-a4e4-ab95fca774e7,ACCEPT_DATA,DATA,487,1024,"unique file bytes received"
929.878,receiver,c6a331da-9a81-4072-a4e4-ab95fca774e7,SEND,ACK,487,36,""
929.882,receiver,c6a331da-9a81-4072-a4e4-ab95fca774e7,RECEIVE,DATA,504,1060,""
929.885,receiver,c6a331da-9a81-4072-a4e4-ab95fca774e7,OUT_OF_ORDER,DATA,504,0,"arrived before missing sequence=477"
929.887,receiver,c6a331da-9a81-4072-a4e4-ab95fca774e7,ACCEPT_DATA,DATA,504,1024,"unique file bytes received"
929.889,receiver,c6a331da-9a81-4072-a4e4-ab95fca774e7,SEND,ACK,504,36,""
929.926,receiver,c6a331da-9a81-4072-a4e4-ab95fca774e7,RECEIVE,DATA,485,1060,""
929.929,receiver,c6a331da-9a81-4072-a4e4-ab95fca774e7,OUT_OF_ORDER,DATA,485,0,"arrived before missing sequence=477"
929.931,receiver,c6a331da-9a81-4072-a4e4-ab95fca774e7,ACCEPT_DATA,DATA,485,1024,"unique file bytes received"
929.934,receiver,c6a331da-9a81-4072-a4e4-ab95fca774e7,SEND,ACK,485,36,""
929.938,receiver,c6a331da-9a81-4072-a4e4-ab95fca774e7,RECEIVE,DATA,486,1060,""
929.941,receiver,c6a331da-9a81-4072-a4e4-ab95fca774e7,OUT_OF_ORDER,DATA,486,0,"arrived before missing sequence=477"
929.943,receiver,c6a331da-9a81-4072-a4e4-ab95fca774e7,ACCEPT_DATA,DATA,486,1024,"unique file bytes received"
929.945,receiver,c6a331da-9a81-4072-a4e4-ab95fca774e7,SEND,ACK,486,36,""
929.949,receiver,c6a331da-9a81-4072-a4e4-ab95fca774e7,RECEIVE,DATA,493,1060,""
929.952,receiver,c6a331da-9a81-4072-a4e4-ab95fca774e7,OUT_OF_ORDER,DATA,493,0,"arrived before missing sequence=477"
929.954,receiver,c6a331da-9a81-4072-a4e4-ab95fca774e7,ACCEPT_DATA,DATA,493,1024,"unique file bytes received"
929.956,receiver,c6a331da-9a81-4072-a4e4-ab95fca774e7,SEND,ACK,493,36,""
945.428,receiver,c6a331da-9a81-4072-a4e4-ab95fca774e7,EMIT,ACK,467,36,""
945.462,receiver,c6a331da-9a81-4072-a4e4-ab95fca774e7,EMIT,ACK,468,36,""
945.474,receiver,c6a331da-9a81-4072-a4e4-ab95fca774e7,EMIT,ACK,458,36,""
945.485,receiver,c6a331da-9a81-4072-a4e4-ab95fca774e7,EMIT,ACK,459,36,""
945.496,receiver,c6a331da-9a81-4072-a4e4-ab95fca774e7,EMIT,ACK,464,36,""
945.506,receiver,c6a331da-9a81-4072-a4e4-ab95fca774e7,EMIT,ACK,492,36,""
945.516,receiver,c6a331da-9a81-4072-a4e4-ab95fca774e7,EMIT,ACK,462,36,""
945.530,receiver,c6a331da-9a81-4072-a4e4-ab95fca774e7,EMIT,ACK,453,36,""
945.648,receiver,c6a331da-9a81-4072-a4e4-ab95fca774e7,RECEIVE,DATA,496,1060,""
945.660,receiver,c6a331da-9a81-4072-a4e4-ab95fca774e7,OUT_OF_ORDER,DATA,496,0,"arrived before missing sequence=477"
945.664,receiver,c6a331da-9a81-4072-a4e4-ab95fca774e7,ACCEPT_DATA,DATA,496,1024,"unique file bytes received"
945.667,receiver,c6a331da-9a81-4072-a4e4-ab95fca774e7,SEND,ACK,496,36,""
945.683,receiver,c6a331da-9a81-4072-a4e4-ab95fca774e7,RECEIVE,DATA,477,1060,""
945.686,receiver,c6a331da-9a81-4072-a4e4-ab95fca774e7,ACCEPT_DATA,DATA,477,1024,"unique file bytes received"
945.688,receiver,c6a331da-9a81-4072-a4e4-ab95fca774e7,SEND,ACK,477,36,""
945.695,receiver,c6a331da-9a81-4072-a4e4-ab95fca774e7,RECEIVE,DATA,488,1060,""
945.698,receiver,c6a331da-9a81-4072-a4e4-ab95fca774e7,ACCEPT_DATA,DATA,488,1024,"unique file bytes received"
945.700,receiver,c6a331da-9a81-4072-a4e4-ab95fca774e7,SEND,ACK,488,36,""
945.705,receiver,c6a331da-9a81-4072-a4e4-ab95fca774e7,RECEIVE,DATA,508,1060,""
945.708,receiver,c6a331da-9a81-4072-a4e4-ab95fca774e7,OUT_OF_ORDER,DATA,508,0,"arrived before missing sequence=505"
945.710,receiver,c6a331da-9a81-4072-a4e4-ab95fca774e7,ACCEPT_DATA,DATA,508,1024,"unique file bytes received"
945.712,receiver,c6a331da-9a81-4072-a4e4-ab95fca774e7,SEND,ACK,508,36,""
945.717,receiver,c6a331da-9a81-4072-a4e4-ab95fca774e7,RECEIVE,DATA,512,1060,""
945.720,receiver,c6a331da-9a81-4072-a4e4-ab95fca774e7,OUT_OF_ORDER,DATA,512,0,"arrived before missing sequence=505"
945.722,receiver,c6a331da-9a81-4072-a4e4-ab95fca774e7,ACCEPT_DATA,DATA,512,1024,"unique file bytes received"
945.725,receiver,c6a331da-9a81-4072-a4e4-ab95fca774e7,SEND,ACK,512,36,""
945.729,receiver,c6a331da-9a81-4072-a4e4-ab95fca774e7,RECEIVE,DATA,510,1060,""
945.732,receiver,c6a331da-9a81-4072-a4e4-ab95fca774e7,OUT_OF_ORDER,DATA,510,0,"arrived before missing sequence=505"
945.734,receiver,c6a331da-9a81-4072-a4e4-ab95fca774e7,ACCEPT_DATA,DATA,510,1024,"unique file bytes received"
945.736,receiver,c6a331da-9a81-4072-a4e4-ab95fca774e7,SEND,ACK,510,36,""
945.741,receiver,c6a331da-9a81-4072-a4e4-ab95fca774e7,RECEIVE,DATA,511,1060,""
945.744,receiver,c6a331da-9a81-4072-a4e4-ab95fca774e7,OUT_OF_ORDER,DATA,511,0,"arrived before missing sequence=505"
945.746,receiver,c6a331da-9a81-4072-a4e4-ab95fca774e7,ACCEPT_DATA,DATA,511,1024,"unique file bytes received"
945.748,receiver,c6a331da-9a81-4072-a4e4-ab95fca774e7,SEND,ACK,511,36,""
945.752,receiver,c6a331da-9a81-4072-a4e4-ab95fca774e7,RECEIVE,DATA,505,1060,""
945.755,receiver,c6a331da-9a81-4072-a4e4-ab95fca774e7,ACCEPT_DATA,DATA,505,1024,"unique file bytes received"
945.757,receiver,c6a331da-9a81-4072-a4e4-ab95fca774e7,SEND,ACK,505,36,""
945.762,receiver,c6a331da-9a81-4072-a4e4-ab95fca774e7,RECEIVE,DATA,506,1060,""
945.765,receiver,c6a331da-9a81-4072-a4e4-ab95fca774e7,ACCEPT_DATA,DATA,506,1024,"unique file bytes received"
945.767,receiver,c6a331da-9a81-4072-a4e4-ab95fca774e7,SEND,ACK,506,36,""
945.772,receiver,c6a331da-9a81-4072-a4e4-ab95fca774e7,RECEIVE,DATA,507,1060,""
945.774,receiver,c6a331da-9a81-4072-a4e4-ab95fca774e7,ACCEPT_DATA,DATA,507,1024,"unique file bytes received"
945.776,receiver,c6a331da-9a81-4072-a4e4-ab95fca774e7,SEND,ACK,507,36,""
961.445,receiver,c6a331da-9a81-4072-a4e4-ab95fca774e7,EMIT,ACK,463,36,""
961.488,receiver,c6a331da-9a81-4072-a4e4-ab95fca774e7,EMIT,ACK,465,36,""
961.500,receiver,c6a331da-9a81-4072-a4e4-ab95fca774e7,EMIT,ACK,470,36,""
961.523,receiver,c6a331da-9a81-4072-a4e4-ab95fca774e7,EMIT,ACK,461,36,""
961.535,receiver,c6a331da-9a81-4072-a4e4-ab95fca774e7,EMIT,ACK,489,36,""
961.544,receiver,c6a331da-9a81-4072-a4e4-ab95fca774e7,EMIT,ACK,476,36,""
961.553,receiver,c6a331da-9a81-4072-a4e4-ab95fca774e7,EMIT,ACK,474,36,""
961.576,receiver,c6a331da-9a81-4072-a4e4-ab95fca774e7,EMIT,ACK,478,36,""
961.585,receiver,c6a331da-9a81-4072-a4e4-ab95fca774e7,EMIT,ACK,494,36,""
961.593,receiver,c6a331da-9a81-4072-a4e4-ab95fca774e7,EMIT,ACK,509,36,""
961.601,receiver,c6a331da-9a81-4072-a4e4-ab95fca774e7,EMIT,ACK,490,36,""
961.610,receiver,c6a331da-9a81-4072-a4e4-ab95fca774e7,EMIT,ACK,504,36,""
961.617,receiver,c6a331da-9a81-4072-a4e4-ab95fca774e7,EMIT,ACK,483,36,""
961.625,receiver,c6a331da-9a81-4072-a4e4-ab95fca774e7,EMIT,ACK,480,36,""
961.634,receiver,c6a331da-9a81-4072-a4e4-ab95fca774e7,EMIT,ACK,469,36,""
961.642,receiver,c6a331da-9a81-4072-a4e4-ab95fca774e7,EMIT,ACK,466,36,""
961.649,receiver,c6a331da-9a81-4072-a4e4-ab95fca774e7,EMIT,ACK,471,36,""
961.721,receiver,c6a331da-9a81-4072-a4e4-ab95fca774e7,RECEIVE,DATA,513,1060,""
961.734,receiver,c6a331da-9a81-4072-a4e4-ab95fca774e7,ACCEPT_DATA,DATA,513,1024,"unique file bytes received"
961.738,receiver,c6a331da-9a81-4072-a4e4-ab95fca774e7,SEND,ACK,513,36,""
961.753,receiver,c6a331da-9a81-4072-a4e4-ab95fca774e7,RECEIVE,DATA,515,1060,""
961.756,receiver,c6a331da-9a81-4072-a4e4-ab95fca774e7,OUT_OF_ORDER,DATA,515,0,"arrived before missing sequence=514"
961.759,receiver,c6a331da-9a81-4072-a4e4-ab95fca774e7,ACCEPT_DATA,DATA,515,1024,"unique file bytes received"
961.762,receiver,c6a331da-9a81-4072-a4e4-ab95fca774e7,SEND,ACK,515,36,""
961.767,receiver,c6a331da-9a81-4072-a4e4-ab95fca774e7,RECEIVE,DATA,514,1060,""
961.770,receiver,c6a331da-9a81-4072-a4e4-ab95fca774e7,ACCEPT_DATA,DATA,514,1024,"unique file bytes received"
961.773,receiver,c6a331da-9a81-4072-a4e4-ab95fca774e7,SEND,ACK,514,36,""
977.397,receiver,c6a331da-9a81-4072-a4e4-ab95fca774e7,RECEIVE,DATA,516,1060,""
977.436,receiver,c6a331da-9a81-4072-a4e4-ab95fca774e7,EMIT,ACK,475,36,""
977.449,receiver,c6a331da-9a81-4072-a4e4-ab95fca774e7,ACCEPT_DATA,DATA,516,1024,"unique file bytes received"
977.457,receiver,c6a331da-9a81-4072-a4e4-ab95fca774e7,SEND,ACK,516,36,""
977.463,receiver,c6a331da-9a81-4072-a4e4-ab95fca774e7,EMIT,ACK,499,36,""
977.475,receiver,c6a331da-9a81-4072-a4e4-ab95fca774e7,EMIT,ACK,487,36,""
977.485,receiver,c6a331da-9a81-4072-a4e4-ab95fca774e7,EMIT,ACK,486,36,""
977.495,receiver,c6a331da-9a81-4072-a4e4-ab95fca774e7,EMIT,ACK,482,36,""
977.508,receiver,c6a331da-9a81-4072-a4e4-ab95fca774e7,EMIT,ACK,500,36,""
977.516,receiver,c6a331da-9a81-4072-a4e4-ab95fca774e7,EMIT,ACK,479,36,""
977.525,receiver,c6a331da-9a81-4072-a4e4-ab95fca774e7,EMIT,ACK,498,36,""
977.529,receiver,c6a331da-9a81-4072-a4e4-ab95fca774e7,RECEIVE,DATA,524,1060,""
977.535,receiver,c6a331da-9a81-4072-a4e4-ab95fca774e7,EMIT,ACK,481,36,""
977.538,receiver,c6a331da-9a81-4072-a4e4-ab95fca774e7,OUT_OF_ORDER,DATA,524,0,"arrived before missing sequence=517"
977.591,receiver,c6a331da-9a81-4072-a4e4-ab95fca774e7,ACCEPT_DATA,DATA,524,1024,"unique file bytes received"
977.595,receiver,c6a331da-9a81-4072-a4e4-ab95fca774e7,SEND,ACK,524,36,""
977.606,receiver,c6a331da-9a81-4072-a4e4-ab95fca774e7,RECEIVE,DATA,522,1060,""
977.609,receiver,c6a331da-9a81-4072-a4e4-ab95fca774e7,OUT_OF_ORDER,DATA,522,0,"arrived before missing sequence=517"
977.612,receiver,c6a331da-9a81-4072-a4e4-ab95fca774e7,ACCEPT_DATA,DATA,522,1024,"unique file bytes received"
977.615,receiver,c6a331da-9a81-4072-a4e4-ab95fca774e7,SEND,ACK,522,36,""
977.621,receiver,c6a331da-9a81-4072-a4e4-ab95fca774e7,RECEIVE,DATA,523,1060,""
977.624,receiver,c6a331da-9a81-4072-a4e4-ab95fca774e7,OUT_OF_ORDER,DATA,523,0,"arrived before missing sequence=517"
977.626,receiver,c6a331da-9a81-4072-a4e4-ab95fca774e7,ACCEPT_DATA,DATA,523,1024,"unique file bytes received"
977.629,receiver,c6a331da-9a81-4072-a4e4-ab95fca774e7,SEND,ACK,523,36,""
977.635,receiver,c6a331da-9a81-4072-a4e4-ab95fca774e7,RECEIVE,DATA,521,1060,""
977.638,receiver,c6a331da-9a81-4072-a4e4-ab95fca774e7,OUT_OF_ORDER,DATA,521,0,"arrived before missing sequence=517"
977.640,receiver,c6a331da-9a81-4072-a4e4-ab95fca774e7,ACCEPT_DATA,DATA,521,1024,"unique file bytes received"
977.643,receiver,c6a331da-9a81-4072-a4e4-ab95fca774e7,SEND,ACK,521,36,""
977.648,receiver,c6a331da-9a81-4072-a4e4-ab95fca774e7,RECEIVE,DATA,519,1060,""
977.651,receiver,c6a331da-9a81-4072-a4e4-ab95fca774e7,OUT_OF_ORDER,DATA,519,0,"arrived before missing sequence=517"
977.654,receiver,c6a331da-9a81-4072-a4e4-ab95fca774e7,ACCEPT_DATA,DATA,519,1024,"unique file bytes received"
977.656,receiver,c6a331da-9a81-4072-a4e4-ab95fca774e7,SEND,ACK,519,36,""
977.792,receiver,c6a331da-9a81-4072-a4e4-ab95fca774e7,EMIT,ACK,491,36,""
977.831,receiver,c6a331da-9a81-4072-a4e4-ab95fca774e7,EMIT,ACK,477,36,""
977.842,receiver,c6a331da-9a81-4072-a4e4-ab95fca774e7,EMIT,ACK,502,36,""
977.849,receiver,c6a331da-9a81-4072-a4e4-ab95fca774e7,EMIT,ACK,488,36,""
977.856,receiver,c6a331da-9a81-4072-a4e4-ab95fca774e7,EMIT,ACK,506,36,""
977.862,receiver,c6a331da-9a81-4072-a4e4-ab95fca774e7,EMIT,ACK,497,36,""
977.869,receiver,c6a331da-9a81-4072-a4e4-ab95fca774e7,EMIT,ACK,485,36,""
977.876,receiver,c6a331da-9a81-4072-a4e4-ab95fca774e7,EMIT,ACK,484,36,""
977.896,receiver,c6a331da-9a81-4072-a4e4-ab95fca774e7,EMIT,ACK,512,36,""
977.904,receiver,c6a331da-9a81-4072-a4e4-ab95fca774e7,EMIT,ACK,495,36,""
977.911,receiver,c6a331da-9a81-4072-a4e4-ab95fca774e7,EMIT,ACK,493,36,""
977.919,receiver,c6a331da-9a81-4072-a4e4-ab95fca774e7,EMIT,ACK,503,36,""
993.302,receiver,c6a331da-9a81-4072-a4e4-ab95fca774e7,RECEIVE,DATA,520,1060,""
993.325,receiver,c6a331da-9a81-4072-a4e4-ab95fca774e7,OUT_OF_ORDER,DATA,520,0,"arrived before missing sequence=517"
993.330,receiver,c6a331da-9a81-4072-a4e4-ab95fca774e7,ACCEPT_DATA,DATA,520,1024,"unique file bytes received"
993.334,receiver,c6a331da-9a81-4072-a4e4-ab95fca774e7,SEND,ACK,520,36,""
993.379,receiver,c6a331da-9a81-4072-a4e4-ab95fca774e7,EMIT,ACK,501,36,""
993.434,receiver,c6a331da-9a81-4072-a4e4-ab95fca774e7,EMIT,ACK,496,36,""
993.448,receiver,c6a331da-9a81-4072-a4e4-ab95fca774e7,EMIT,ACK,507,36,""
993.460,receiver,c6a331da-9a81-4072-a4e4-ab95fca774e7,EMIT,ACK,508,36,""
993.469,receiver,c6a331da-9a81-4072-a4e4-ab95fca774e7,EMIT,ACK,510,36,""
993.480,receiver,c6a331da-9a81-4072-a4e4-ab95fca774e7,EMIT,ACK,511,36,""
993.490,receiver,c6a331da-9a81-4072-a4e4-ab95fca774e7,EMIT,ACK,505,36,""
993.499,receiver,c6a331da-9a81-4072-a4e4-ab95fca774e7,EMIT,ACK,514,36,""
993.650,receiver,c6a331da-9a81-4072-a4e4-ab95fca774e7,RECEIVE,DATA,525,1060,""
993.660,receiver,c6a331da-9a81-4072-a4e4-ab95fca774e7,OUT_OF_ORDER,DATA,525,0,"arrived before missing sequence=517"
993.664,receiver,c6a331da-9a81-4072-a4e4-ab95fca774e7,ACCEPT_DATA,DATA,525,1024,"unique file bytes received"
993.666,receiver,c6a331da-9a81-4072-a4e4-ab95fca774e7,SEND,ACK,525,36,""
993.677,receiver,c6a331da-9a81-4072-a4e4-ab95fca774e7,RECEIVE,DATA,518,1060,""
993.680,receiver,c6a331da-9a81-4072-a4e4-ab95fca774e7,OUT_OF_ORDER,DATA,518,0,"arrived before missing sequence=517"
993.683,receiver,c6a331da-9a81-4072-a4e4-ab95fca774e7,ACCEPT_DATA,DATA,518,1024,"unique file bytes received"
993.685,receiver,c6a331da-9a81-4072-a4e4-ab95fca774e7,SEND,ACK,518,36,""
993.690,receiver,c6a331da-9a81-4072-a4e4-ab95fca774e7,RECEIVE,DATA,530,1060,""
993.696,receiver,c6a331da-9a81-4072-a4e4-ab95fca774e7,OUT_OF_ORDER,DATA,530,0,"arrived before missing sequence=517"
993.698,receiver,c6a331da-9a81-4072-a4e4-ab95fca774e7,ACCEPT_DATA,DATA,530,1024,"unique file bytes received"
993.701,receiver,c6a331da-9a81-4072-a4e4-ab95fca774e7,SEND,ACK,530,36,""
993.705,receiver,c6a331da-9a81-4072-a4e4-ab95fca774e7,RECEIVE,DATA,527,1060,""
993.708,receiver,c6a331da-9a81-4072-a4e4-ab95fca774e7,OUT_OF_ORDER,DATA,527,0,"arrived before missing sequence=517"
993.710,receiver,c6a331da-9a81-4072-a4e4-ab95fca774e7,ACCEPT_DATA,DATA,527,1024,"unique file bytes received"
993.712,receiver,c6a331da-9a81-4072-a4e4-ab95fca774e7,SEND,ACK,527,36,""
993.717,receiver,c6a331da-9a81-4072-a4e4-ab95fca774e7,RECEIVE,DATA,526,1060,""
993.720,receiver,c6a331da-9a81-4072-a4e4-ab95fca774e7,OUT_OF_ORDER,DATA,526,0,"arrived before missing sequence=517"
993.722,receiver,c6a331da-9a81-4072-a4e4-ab95fca774e7,ACCEPT_DATA,DATA,526,1024,"unique file bytes received"
993.724,receiver,c6a331da-9a81-4072-a4e4-ab95fca774e7,SEND,ACK,526,36,""
993.729,receiver,c6a331da-9a81-4072-a4e4-ab95fca774e7,RECEIVE,DATA,517,1060,""
993.731,receiver,c6a331da-9a81-4072-a4e4-ab95fca774e7,ACCEPT_DATA,DATA,517,1024,"unique file bytes received"
993.733,receiver,c6a331da-9a81-4072-a4e4-ab95fca774e7,SEND,ACK,517,36,""
1009.419,receiver,c6a331da-9a81-4072-a4e4-ab95fca774e7,EMIT,ACK,522,36,""
1009.448,receiver,c6a331da-9a81-4072-a4e4-ab95fca774e7,EMIT,ACK,513,36,""
1009.458,receiver,c6a331da-9a81-4072-a4e4-ab95fca774e7,EMIT,ACK,521,36,""
1009.478,receiver,c6a331da-9a81-4072-a4e4-ab95fca774e7,EMIT,ACK,515,36,""
1009.486,receiver,c6a331da-9a81-4072-a4e4-ab95fca774e7,EMIT,ACK,516,36,""
1009.600,receiver,c6a331da-9a81-4072-a4e4-ab95fca774e7,RECEIVE,DATA,534,1060,""
1009.612,receiver,c6a331da-9a81-4072-a4e4-ab95fca774e7,OUT_OF_ORDER,DATA,534,0,"arrived before missing sequence=528"
1009.615,receiver,c6a331da-9a81-4072-a4e4-ab95fca774e7,ACCEPT_DATA,DATA,534,1024,"unique file bytes received"
1009.618,receiver,c6a331da-9a81-4072-a4e4-ab95fca774e7,SEND,ACK,534,36,""
1009.644,receiver,c6a331da-9a81-4072-a4e4-ab95fca774e7,RECEIVE,DATA,529,1060,""
1009.647,receiver,c6a331da-9a81-4072-a4e4-ab95fca774e7,OUT_OF_ORDER,DATA,529,0,"arrived before missing sequence=528"
1009.650,receiver,c6a331da-9a81-4072-a4e4-ab95fca774e7,ACCEPT_DATA,DATA,529,1024,"unique file bytes received"
1009.653,receiver,c6a331da-9a81-4072-a4e4-ab95fca774e7,SEND,ACK,529,36,""
1009.659,receiver,c6a331da-9a81-4072-a4e4-ab95fca774e7,RECEIVE,DATA,536,1060,""
1009.661,receiver,c6a331da-9a81-4072-a4e4-ab95fca774e7,OUT_OF_ORDER,DATA,536,0,"arrived before missing sequence=528"
1009.664,receiver,c6a331da-9a81-4072-a4e4-ab95fca774e7,ACCEPT_DATA,DATA,536,1024,"unique file bytes received"
1009.666,receiver,c6a331da-9a81-4072-a4e4-ab95fca774e7,SEND,ACK,536,36,""
1009.671,receiver,c6a331da-9a81-4072-a4e4-ab95fca774e7,RECEIVE,DATA,531,1060,""
1009.674,receiver,c6a331da-9a81-4072-a4e4-ab95fca774e7,OUT_OF_ORDER,DATA,531,0,"arrived before missing sequence=528"
1009.680,receiver,c6a331da-9a81-4072-a4e4-ab95fca774e7,ACCEPT_DATA,DATA,531,1024,"unique file bytes received"
1009.683,receiver,c6a331da-9a81-4072-a4e4-ab95fca774e7,SEND,ACK,531,36,""
1009.689,receiver,c6a331da-9a81-4072-a4e4-ab95fca774e7,RECEIVE,DATA,528,1060,""
1009.692,receiver,c6a331da-9a81-4072-a4e4-ab95fca774e7,ACCEPT_DATA,DATA,528,1024,"unique file bytes received"
1009.694,receiver,c6a331da-9a81-4072-a4e4-ab95fca774e7,SEND,ACK,528,36,""
1009.699,receiver,c6a331da-9a81-4072-a4e4-ab95fca774e7,RECEIVE,DATA,533,1060,""
1009.703,receiver,c6a331da-9a81-4072-a4e4-ab95fca774e7,OUT_OF_ORDER,DATA,533,0,"arrived before missing sequence=532"
1009.705,receiver,c6a331da-9a81-4072-a4e4-ab95fca774e7,ACCEPT_DATA,DATA,533,1024,"unique file bytes received"
1009.744,receiver,c6a331da-9a81-4072-a4e4-ab95fca774e7,SEND,ACK,533,36,""
1009.750,receiver,c6a331da-9a81-4072-a4e4-ab95fca774e7,RECEIVE,DATA,532,1060,""
1009.753,receiver,c6a331da-9a81-4072-a4e4-ab95fca774e7,ACCEPT_DATA,DATA,532,1024,"unique file bytes received"
1009.756,receiver,c6a331da-9a81-4072-a4e4-ab95fca774e7,SEND,ACK,532,36,""
1009.761,receiver,c6a331da-9a81-4072-a4e4-ab95fca774e7,RECEIVE,DATA,546,1060,""
1009.764,receiver,c6a331da-9a81-4072-a4e4-ab95fca774e7,OUT_OF_ORDER,DATA,546,0,"arrived before missing sequence=535"
1009.767,receiver,c6a331da-9a81-4072-a4e4-ab95fca774e7,ACCEPT_DATA,DATA,546,1024,"unique file bytes received"
1009.769,receiver,c6a331da-9a81-4072-a4e4-ab95fca774e7,SEND,ACK,546,36,""
1009.775,receiver,c6a331da-9a81-4072-a4e4-ab95fca774e7,RECEIVE,DATA,554,1060,""
1009.777,receiver,c6a331da-9a81-4072-a4e4-ab95fca774e7,OUT_OF_ORDER,DATA,554,0,"arrived before missing sequence=535"
1009.780,receiver,c6a331da-9a81-4072-a4e4-ab95fca774e7,ACCEPT_DATA,DATA,554,1024,"unique file bytes received"
1009.782,receiver,c6a331da-9a81-4072-a4e4-ab95fca774e7,SEND,ACK,554,36,""
1009.792,receiver,c6a331da-9a81-4072-a4e4-ab95fca774e7,RECEIVE,DATA,555,1060,""
1009.795,receiver,c6a331da-9a81-4072-a4e4-ab95fca774e7,OUT_OF_ORDER,DATA,555,0,"arrived before missing sequence=535"
1009.797,receiver,c6a331da-9a81-4072-a4e4-ab95fca774e7,ACCEPT_DATA,DATA,555,1024,"unique file bytes received"
1009.800,receiver,c6a331da-9a81-4072-a4e4-ab95fca774e7,SEND,ACK,555,36,""
1009.805,receiver,c6a331da-9a81-4072-a4e4-ab95fca774e7,RECEIVE,DATA,557,1060,""
1009.807,receiver,c6a331da-9a81-4072-a4e4-ab95fca774e7,OUT_OF_ORDER,DATA,557,0,"arrived before missing sequence=535"
1009.810,receiver,c6a331da-9a81-4072-a4e4-ab95fca774e7,ACCEPT_DATA,DATA,557,1024,"unique file bytes received"
1009.812,receiver,c6a331da-9a81-4072-a4e4-ab95fca774e7,SEND,ACK,557,36,""
1009.817,receiver,c6a331da-9a81-4072-a4e4-ab95fca774e7,RECEIVE,DATA,535,1060,""
1009.820,receiver,c6a331da-9a81-4072-a4e4-ab95fca774e7,ACCEPT_DATA,DATA,535,1024,"unique file bytes received"
1009.823,receiver,c6a331da-9a81-4072-a4e4-ab95fca774e7,SEND,ACK,535,36,""
1009.828,receiver,c6a331da-9a81-4072-a4e4-ab95fca774e7,RECEIVE,DATA,545,1060,""
1009.831,receiver,c6a331da-9a81-4072-a4e4-ab95fca774e7,OUT_OF_ORDER,DATA,545,0,"arrived before missing sequence=537"
1009.837,receiver,c6a331da-9a81-4072-a4e4-ab95fca774e7,ACCEPT_DATA,DATA,545,1024,"unique file bytes received"
1009.839,receiver,c6a331da-9a81-4072-a4e4-ab95fca774e7,SEND,ACK,545,36,""
1024.963,receiver,c6a331da-9a81-4072-a4e4-ab95fca774e7,EMIT,ACK,523,36,""
1024.991,receiver,c6a331da-9a81-4072-a4e4-ab95fca774e7,EMIT,ACK,524,36,""
1024.999,receiver,c6a331da-9a81-4072-a4e4-ab95fca774e7,EMIT,ACK,530,36,""
1025.007,receiver,c6a331da-9a81-4072-a4e4-ab95fca774e7,EMIT,ACK,527,36,""
1025.020,receiver,c6a331da-9a81-4072-a4e4-ab95fca774e7,EMIT,ACK,526,36,""
1025.052,receiver,c6a331da-9a81-4072-a4e4-ab95fca774e7,EMIT,ACK,525,36,""
1025.073,receiver,c6a331da-9a81-4072-a4e4-ab95fca774e7,EMIT,ACK,519,36,""
1025.310,receiver,c6a331da-9a81-4072-a4e4-ab95fca774e7,RECEIVE,DATA,559,1060,""
1025.336,receiver,c6a331da-9a81-4072-a4e4-ab95fca774e7,OUT_OF_ORDER,DATA,559,0,"arrived before missing sequence=537"
1025.340,receiver,c6a331da-9a81-4072-a4e4-ab95fca774e7,ACCEPT_DATA,DATA,559,1024,"unique file bytes received"
1025.344,receiver,c6a331da-9a81-4072-a4e4-ab95fca774e7,SEND,ACK,559,36,""
1025.361,receiver,c6a331da-9a81-4072-a4e4-ab95fca774e7,RECEIVE,DATA,540,1060,""
1025.364,receiver,c6a331da-9a81-4072-a4e4-ab95fca774e7,OUT_OF_ORDER,DATA,540,0,"arrived before missing sequence=537"
1025.367,receiver,c6a331da-9a81-4072-a4e4-ab95fca774e7,ACCEPT_DATA,DATA,540,1024,"unique file bytes received"
1025.370,receiver,c6a331da-9a81-4072-a4e4-ab95fca774e7,SEND,ACK,540,36,""
1025.376,receiver,c6a331da-9a81-4072-a4e4-ab95fca774e7,RECEIVE,DATA,539,1060,""
1025.380,receiver,c6a331da-9a81-4072-a4e4-ab95fca774e7,OUT_OF_ORDER,DATA,539,0,"arrived before missing sequence=537"
1025.383,receiver,c6a331da-9a81-4072-a4e4-ab95fca774e7,ACCEPT_DATA,DATA,539,1024,"unique file bytes received"
1025.391,receiver,c6a331da-9a81-4072-a4e4-ab95fca774e7,SEND,ACK,539,36,""
1025.397,receiver,c6a331da-9a81-4072-a4e4-ab95fca774e7,RECEIVE,DATA,537,1060,""
1025.405,receiver,c6a331da-9a81-4072-a4e4-ab95fca774e7,ACCEPT_DATA,DATA,537,1024,"unique file bytes received"
1025.407,receiver,c6a331da-9a81-4072-a4e4-ab95fca774e7,SEND,ACK,537,36,""
1025.413,receiver,c6a331da-9a81-4072-a4e4-ab95fca774e7,RECEIVE,DATA,538,1060,""
1025.416,receiver,c6a331da-9a81-4072-a4e4-ab95fca774e7,ACCEPT_DATA,DATA,538,1024,"unique file bytes received"
1025.419,receiver,c6a331da-9a81-4072-a4e4-ab95fca774e7,SEND,ACK,538,36,""
1025.433,receiver,c6a331da-9a81-4072-a4e4-ab95fca774e7,RECEIVE,DATA,542,1060,""
1025.436,receiver,c6a331da-9a81-4072-a4e4-ab95fca774e7,OUT_OF_ORDER,DATA,542,0,"arrived before missing sequence=541"
1025.438,receiver,c6a331da-9a81-4072-a4e4-ab95fca774e7,ACCEPT_DATA,DATA,542,1024,"unique file bytes received"
1025.445,receiver,c6a331da-9a81-4072-a4e4-ab95fca774e7,SEND,ACK,542,36,""
1025.450,receiver,c6a331da-9a81-4072-a4e4-ab95fca774e7,RECEIVE,DATA,553,1060,""
1025.453,receiver,c6a331da-9a81-4072-a4e4-ab95fca774e7,OUT_OF_ORDER,DATA,553,0,"arrived before missing sequence=541"
1025.456,receiver,c6a331da-9a81-4072-a4e4-ab95fca774e7,ACCEPT_DATA,DATA,553,1024,"unique file bytes received"
1025.458,receiver,c6a331da-9a81-4072-a4e4-ab95fca774e7,SEND,ACK,553,36,""
1025.464,receiver,c6a331da-9a81-4072-a4e4-ab95fca774e7,RECEIVE,DATA,544,1060,""
1025.466,receiver,c6a331da-9a81-4072-a4e4-ab95fca774e7,OUT_OF_ORDER,DATA,544,0,"arrived before missing sequence=541"
1025.469,receiver,c6a331da-9a81-4072-a4e4-ab95fca774e7,ACCEPT_DATA,DATA,544,1024,"unique file bytes received"
1025.471,receiver,c6a331da-9a81-4072-a4e4-ab95fca774e7,SEND,ACK,544,36,""
1025.477,receiver,c6a331da-9a81-4072-a4e4-ab95fca774e7,RECEIVE,DATA,558,1060,""
1025.480,receiver,c6a331da-9a81-4072-a4e4-ab95fca774e7,OUT_OF_ORDER,DATA,558,0,"arrived before missing sequence=541"
1025.486,receiver,c6a331da-9a81-4072-a4e4-ab95fca774e7,ACCEPT_DATA,DATA,558,1024,"unique file bytes received"
1025.488,receiver,c6a331da-9a81-4072-a4e4-ab95fca774e7,SEND,ACK,558,36,""
1025.494,receiver,c6a331da-9a81-4072-a4e4-ab95fca774e7,RECEIVE,DATA,551,1060,""
1025.496,receiver,c6a331da-9a81-4072-a4e4-ab95fca774e7,OUT_OF_ORDER,DATA,551,0,"arrived before missing sequence=541"
1025.499,receiver,c6a331da-9a81-4072-a4e4-ab95fca774e7,ACCEPT_DATA,DATA,551,1024,"unique file bytes received"
1025.501,receiver,c6a331da-9a81-4072-a4e4-ab95fca774e7,SEND,ACK,551,36,""
1025.506,receiver,c6a331da-9a81-4072-a4e4-ab95fca774e7,RECEIVE,DATA,550,1060,""
1025.509,receiver,c6a331da-9a81-4072-a4e4-ab95fca774e7,OUT_OF_ORDER,DATA,550,0,"arrived before missing sequence=541"
1025.512,receiver,c6a331da-9a81-4072-a4e4-ab95fca774e7,ACCEPT_DATA,DATA,550,1024,"unique file bytes received"
1025.514,receiver,c6a331da-9a81-4072-a4e4-ab95fca774e7,SEND,ACK,550,36,""
1025.519,receiver,c6a331da-9a81-4072-a4e4-ab95fca774e7,RECEIVE,DATA,575,1060,""
1025.522,receiver,c6a331da-9a81-4072-a4e4-ab95fca774e7,OUT_OF_ORDER,DATA,575,0,"arrived before missing sequence=541"
1025.537,receiver,c6a331da-9a81-4072-a4e4-ab95fca774e7,ACCEPT_DATA,DATA,575,1024,"unique file bytes received"
1025.539,receiver,c6a331da-9a81-4072-a4e4-ab95fca774e7,SEND,ACK,575,36,""
1025.544,receiver,c6a331da-9a81-4072-a4e4-ab95fca774e7,RECEIVE,DATA,543,1060,""
1025.547,receiver,c6a331da-9a81-4072-a4e4-ab95fca774e7,OUT_OF_ORDER,DATA,543,0,"arrived before missing sequence=541"
1025.550,receiver,c6a331da-9a81-4072-a4e4-ab95fca774e7,ACCEPT_DATA,DATA,543,1024,"unique file bytes received"
1025.552,receiver,c6a331da-9a81-4072-a4e4-ab95fca774e7,SEND,ACK,543,36,""
1025.558,receiver,c6a331da-9a81-4072-a4e4-ab95fca774e7,RECEIVE,DATA,548,1060,""
1025.561,receiver,c6a331da-9a81-4072-a4e4-ab95fca774e7,OUT_OF_ORDER,DATA,548,0,"arrived before missing sequence=541"
1025.563,receiver,c6a331da-9a81-4072-a4e4-ab95fca774e7,ACCEPT_DATA,DATA,548,1024,"unique file bytes received"
1025.600,receiver,c6a331da-9a81-4072-a4e4-ab95fca774e7,SEND,ACK,548,36,""
1025.605,receiver,c6a331da-9a81-4072-a4e4-ab95fca774e7,RECEIVE,DATA,549,1060,""
1025.608,receiver,c6a331da-9a81-4072-a4e4-ab95fca774e7,OUT_OF_ORDER,DATA,549,0,"arrived before missing sequence=541"
1025.610,receiver,c6a331da-9a81-4072-a4e4-ab95fca774e7,ACCEPT_DATA,DATA,549,1024,"unique file bytes received"
1025.612,receiver,c6a331da-9a81-4072-a4e4-ab95fca774e7,SEND,ACK,549,36,""
1025.617,receiver,c6a331da-9a81-4072-a4e4-ab95fca774e7,RECEIVE,DATA,565,1060,""
1025.619,receiver,c6a331da-9a81-4072-a4e4-ab95fca774e7,OUT_OF_ORDER,DATA,565,0,"arrived before missing sequence=541"
1025.622,receiver,c6a331da-9a81-4072-a4e4-ab95fca774e7,ACCEPT_DATA,DATA,565,1024,"unique file bytes received"
1025.624,receiver,c6a331da-9a81-4072-a4e4-ab95fca774e7,SEND,ACK,565,36,""
1025.628,receiver,c6a331da-9a81-4072-a4e4-ab95fca774e7,RECEIVE,DATA,561,1060,""
1025.631,receiver,c6a331da-9a81-4072-a4e4-ab95fca774e7,OUT_OF_ORDER,DATA,561,0,"arrived before missing sequence=541"
1025.633,receiver,c6a331da-9a81-4072-a4e4-ab95fca774e7,ACCEPT_DATA,DATA,561,1024,"unique file bytes received"
1025.635,receiver,c6a331da-9a81-4072-a4e4-ab95fca774e7,SEND,ACK,561,36,""
1025.640,receiver,c6a331da-9a81-4072-a4e4-ab95fca774e7,RECEIVE,DATA,566,1060,""
1025.642,receiver,c6a331da-9a81-4072-a4e4-ab95fca774e7,OUT_OF_ORDER,DATA,566,0,"arrived before missing sequence=541"
1025.644,receiver,c6a331da-9a81-4072-a4e4-ab95fca774e7,ACCEPT_DATA,DATA,566,1024,"unique file bytes received"
1025.646,receiver,c6a331da-9a81-4072-a4e4-ab95fca774e7,SEND,ACK,566,36,""
1025.651,receiver,c6a331da-9a81-4072-a4e4-ab95fca774e7,RECEIVE,DATA,570,1060,""
1025.654,receiver,c6a331da-9a81-4072-a4e4-ab95fca774e7,OUT_OF_ORDER,DATA,570,0,"arrived before missing sequence=541"
1025.656,receiver,c6a331da-9a81-4072-a4e4-ab95fca774e7,ACCEPT_DATA,DATA,570,1024,"unique file bytes received"
1025.658,receiver,c6a331da-9a81-4072-a4e4-ab95fca774e7,SEND,ACK,570,36,""
1025.663,receiver,c6a331da-9a81-4072-a4e4-ab95fca774e7,RECEIVE,DATA,563,1060,""
1025.665,receiver,c6a331da-9a81-4072-a4e4-ab95fca774e7,OUT_OF_ORDER,DATA,563,0,"arrived before missing sequence=541"
1025.667,receiver,c6a331da-9a81-4072-a4e4-ab95fca774e7,ACCEPT_DATA,DATA,563,1024,"unique file bytes received"
1025.669,receiver,c6a331da-9a81-4072-a4e4-ab95fca774e7,SEND,ACK,563,36,""
1025.674,receiver,c6a331da-9a81-4072-a4e4-ab95fca774e7,RECEIVE,DATA,576,1060,""
1025.676,receiver,c6a331da-9a81-4072-a4e4-ab95fca774e7,OUT_OF_ORDER,DATA,576,0,"arrived before missing sequence=541"
1025.679,receiver,c6a331da-9a81-4072-a4e4-ab95fca774e7,ACCEPT_DATA,DATA,576,1024,"unique file bytes received"
1025.681,receiver,c6a331da-9a81-4072-a4e4-ab95fca774e7,SEND,ACK,576,36,""
1025.685,receiver,c6a331da-9a81-4072-a4e4-ab95fca774e7,RECEIVE,DATA,541,1060,""
1025.688,receiver,c6a331da-9a81-4072-a4e4-ab95fca774e7,ACCEPT_DATA,DATA,541,1024,"unique file bytes received"
1025.690,receiver,c6a331da-9a81-4072-a4e4-ab95fca774e7,SEND,ACK,541,36,""
1025.695,receiver,c6a331da-9a81-4072-a4e4-ab95fca774e7,RECEIVE,DATA,568,1060,""
1025.698,receiver,c6a331da-9a81-4072-a4e4-ab95fca774e7,OUT_OF_ORDER,DATA,568,0,"arrived before missing sequence=547"
1025.700,receiver,c6a331da-9a81-4072-a4e4-ab95fca774e7,ACCEPT_DATA,DATA,568,1024,"unique file bytes received"
1025.702,receiver,c6a331da-9a81-4072-a4e4-ab95fca774e7,SEND,ACK,568,36,""
1025.706,receiver,c6a331da-9a81-4072-a4e4-ab95fca774e7,RECEIVE,DATA,547,1060,""
1025.709,receiver,c6a331da-9a81-4072-a4e4-ab95fca774e7,ACCEPT_DATA,DATA,547,1024,"unique file bytes received"
1025.711,receiver,c6a331da-9a81-4072-a4e4-ab95fca774e7,SEND,ACK,547,36,""
1040.982,receiver,c6a331da-9a81-4072-a4e4-ab95fca774e7,EMIT,ACK,520,36,""
1041.005,receiver,c6a331da-9a81-4072-a4e4-ab95fca774e7,RECEIVE,DATA,569,1060,""
1041.024,receiver,c6a331da-9a81-4072-a4e4-ab95fca774e7,OUT_OF_ORDER,DATA,569,0,"arrived before missing sequence=552"
1041.054,receiver,c6a331da-9a81-4072-a4e4-ab95fca774e7,EMIT,ACK,517,36,""
1041.061,receiver,c6a331da-9a81-4072-a4e4-ab95fca774e7,ACCEPT_DATA,DATA,569,1024,"unique file bytes received"
1041.065,receiver,c6a331da-9a81-4072-a4e4-ab95fca774e7,SEND,ACK,569,36,""
1041.082,receiver,c6a331da-9a81-4072-a4e4-ab95fca774e7,EMIT,ACK,518,36,""
1041.103,receiver,c6a331da-9a81-4072-a4e4-ab95fca774e7,RECEIVE,DATA,552,1060,""
1041.107,receiver,c6a331da-9a81-4072-a4e4-ab95fca774e7,EMIT,ACK,555,36,""
1041.114,receiver,c6a331da-9a81-4072-a4e4-ab95fca774e7,ACCEPT_DATA,DATA,552,1024,"unique file bytes received"
1041.117,receiver,c6a331da-9a81-4072-a4e4-ab95fca774e7,SEND,ACK,552,36,""
1041.126,receiver,c6a331da-9a81-4072-a4e4-ab95fca774e7,RECEIVE,DATA,556,1060,""
1041.130,receiver,c6a331da-9a81-4072-a4e4-ab95fca774e7,EMIT,ACK,534,36,""
1041.142,receiver,c6a331da-9a81-4072-a4e4-ab95fca774e7,ACCEPT_DATA,DATA,556,1024,"unique file bytes received"
1041.146,receiver,c6a331da-9a81-4072-a4e4-ab95fca774e7,SEND,ACK,556,36,""
1041.155,receiver,c6a331da-9a81-4072-a4e4-ab95fca774e7,RECEIVE,DATA,571,1060,""
1041.159,receiver,c6a331da-9a81-4072-a4e4-ab95fca774e7,OUT_OF_ORDER,DATA,571,0,"arrived before missing sequence=560"
1041.163,receiver,c6a331da-9a81-4072-a4e4-ab95fca774e7,ACCEPT_DATA,DATA,571,1024,"unique file bytes received"
1041.166,receiver,c6a331da-9a81-4072-a4e4-ab95fca774e7,SEND,ACK,571,36,""
1041.184,receiver,c6a331da-9a81-4072-a4e4-ab95fca774e7,RECEIVE,DATA,564,1060,""
1041.188,receiver,c6a331da-9a81-4072-a4e4-ab95fca774e7,OUT_OF_ORDER,DATA,564,0,"arrived before missing sequence=560"
1041.191,receiver,c6a331da-9a81-4072-a4e4-ab95fca774e7,ACCEPT_DATA,DATA,564,1024,"unique file bytes received"
1041.194,receiver,c6a331da-9a81-4072-a4e4-ab95fca774e7,SEND,ACK,564,36,""
1041.201,receiver,c6a331da-9a81-4072-a4e4-ab95fca774e7,RECEIVE,DATA,572,1060,""
1041.205,receiver,c6a331da-9a81-4072-a4e4-ab95fca774e7,OUT_OF_ORDER,DATA,572,0,"arrived before missing sequence=560"
1041.208,receiver,c6a331da-9a81-4072-a4e4-ab95fca774e7,ACCEPT_DATA,DATA,572,1024,"unique file bytes received"
1041.211,receiver,c6a331da-9a81-4072-a4e4-ab95fca774e7,SEND,ACK,572,36,""
1041.218,receiver,c6a331da-9a81-4072-a4e4-ab95fca774e7,RECEIVE,DATA,562,1060,""
1041.222,receiver,c6a331da-9a81-4072-a4e4-ab95fca774e7,OUT_OF_ORDER,DATA,562,0,"arrived before missing sequence=560"
1041.225,receiver,c6a331da-9a81-4072-a4e4-ab95fca774e7,ACCEPT_DATA,DATA,562,1024,"unique file bytes received"
1041.228,receiver,c6a331da-9a81-4072-a4e4-ab95fca774e7,SEND,ACK,562,36,""
1041.235,receiver,c6a331da-9a81-4072-a4e4-ab95fca774e7,RECEIVE,DATA,567,1060,""
1041.238,receiver,c6a331da-9a81-4072-a4e4-ab95fca774e7,OUT_OF_ORDER,DATA,567,0,"arrived before missing sequence=560"
1041.242,receiver,c6a331da-9a81-4072-a4e4-ab95fca774e7,ACCEPT_DATA,DATA,567,1024,"unique file bytes received"
1041.245,receiver,c6a331da-9a81-4072-a4e4-ab95fca774e7,SEND,ACK,567,36,""
1041.252,receiver,c6a331da-9a81-4072-a4e4-ab95fca774e7,RECEIVE,DATA,573,1060,""
1041.255,receiver,c6a331da-9a81-4072-a4e4-ab95fca774e7,OUT_OF_ORDER,DATA,573,0,"arrived before missing sequence=560"
1041.258,receiver,c6a331da-9a81-4072-a4e4-ab95fca774e7,ACCEPT_DATA,DATA,573,1024,"unique file bytes received"
1041.261,receiver,c6a331da-9a81-4072-a4e4-ab95fca774e7,SEND,ACK,573,36,""
1041.268,receiver,c6a331da-9a81-4072-a4e4-ab95fca774e7,RECEIVE,DATA,578,1060,""
1041.271,receiver,c6a331da-9a81-4072-a4e4-ab95fca774e7,OUT_OF_ORDER,DATA,578,0,"arrived before missing sequence=560"
1041.275,receiver,c6a331da-9a81-4072-a4e4-ab95fca774e7,ACCEPT_DATA,DATA,578,1024,"unique file bytes received"
1041.278,receiver,c6a331da-9a81-4072-a4e4-ab95fca774e7,SEND,ACK,578,36,""
1056.789,receiver,c6a331da-9a81-4072-a4e4-ab95fca774e7,EMIT,ACK,546,36,""
1056.823,receiver,c6a331da-9a81-4072-a4e4-ab95fca774e7,EMIT,ACK,557,36,""
1056.834,receiver,c6a331da-9a81-4072-a4e4-ab95fca774e7,EMIT,ACK,536,36,""
1056.844,receiver,c6a331da-9a81-4072-a4e4-ab95fca774e7,EMIT,ACK,528,36,""
1056.854,receiver,c6a331da-9a81-4072-a4e4-ab95fca774e7,EMIT,ACK,545,36,""
1056.864,receiver,c6a331da-9a81-4072-a4e4-ab95fca774e7,EMIT,ACK,532,36,""
1056.877,receiver,c6a331da-9a81-4072-a4e4-ab95fca774e7,EMIT,ACK,548,36,""
1056.921,receiver,c6a331da-9a81-4072-a4e4-ab95fca774e7,EMIT,ACK,542,36,""
1056.929,receiver,c6a331da-9a81-4072-a4e4-ab95fca774e7,EMIT,ACK,576,36,""
1056.950,receiver,c6a331da-9a81-4072-a4e4-ab95fca774e7,EMIT,ACK,558,36,""
1056.958,receiver,c6a331da-9a81-4072-a4e4-ab95fca774e7,EMIT,ACK,549,36,""
1056.967,receiver,c6a331da-9a81-4072-a4e4-ab95fca774e7,EMIT,ACK,554,36,""
1056.976,receiver,c6a331da-9a81-4072-a4e4-ab95fca774e7,EMIT,ACK,565,36,""
1056.987,receiver,c6a331da-9a81-4072-a4e4-ab95fca774e7,RECEIVE,DATA,560,1060,""
1057.001,receiver,c6a331da-9a81-4072-a4e4-ab95fca774e7,ACCEPT_DATA,DATA,560,1024,"unique file bytes received"
1057.006,receiver,c6a331da-9a81-4072-a4e4-ab95fca774e7,SEND,ACK,560,36,""
1057.056,receiver,c6a331da-9a81-4072-a4e4-ab95fca774e7,RECEIVE,DATA,574,1060,""
1057.063,receiver,c6a331da-9a81-4072-a4e4-ab95fca774e7,ACCEPT_DATA,DATA,574,1024,"unique file bytes received"
1057.068,receiver,c6a331da-9a81-4072-a4e4-ab95fca774e7,SEND,ACK,574,36,""
1057.078,receiver,c6a331da-9a81-4072-a4e4-ab95fca774e7,RECEIVE,DATA,580,1060,""
1057.082,receiver,c6a331da-9a81-4072-a4e4-ab95fca774e7,OUT_OF_ORDER,DATA,580,0,"arrived before missing sequence=577"
1057.085,receiver,c6a331da-9a81-4072-a4e4-ab95fca774e7,ACCEPT_DATA,DATA,580,1024,"unique file bytes received"
1057.087,receiver,c6a331da-9a81-4072-a4e4-ab95fca774e7,SEND,ACK,580,36,""
1057.093,receiver,c6a331da-9a81-4072-a4e4-ab95fca774e7,RECEIVE,DATA,577,1060,""
1057.109,receiver,c6a331da-9a81-4072-a4e4-ab95fca774e7,ACCEPT_DATA,DATA,577,1024,"unique file bytes received"
1057.111,receiver,c6a331da-9a81-4072-a4e4-ab95fca774e7,SEND,ACK,577,36,""
1072.809,receiver,c6a331da-9a81-4072-a4e4-ab95fca774e7,EMIT,ACK,563,36,""
1072.827,receiver,c6a331da-9a81-4072-a4e4-ab95fca774e7,EMIT,ACK,535,36,""
1072.836,receiver,c6a331da-9a81-4072-a4e4-ab95fca774e7,EMIT,ACK,529,36,""
1072.845,receiver,c6a331da-9a81-4072-a4e4-ab95fca774e7,EMIT,ACK,533,36,""
1072.864,receiver,c6a331da-9a81-4072-a4e4-ab95fca774e7,EMIT,ACK,531,36,""
1072.881,receiver,c6a331da-9a81-4072-a4e4-ab95fca774e7,EMIT,ACK,537,36,""
1072.890,receiver,c6a331da-9a81-4072-a4e4-ab95fca774e7,EMIT,ACK,540,36,""
1072.894,receiver,c6a331da-9a81-4072-a4e4-ab95fca774e7,RECEIVE,DATA,579,1060,""
1072.904,receiver,c6a331da-9a81-4072-a4e4-ab95fca774e7,EMIT,ACK,544,36,""
1072.908,receiver,c6a331da-9a81-4072-a4e4-ab95fca774e7,ACCEPT_DATA,DATA,579,1024,"unique file bytes received"
1072.912,receiver,c6a331da-9a81-4072-a4e4-ab95fca774e7,SEND,ACK,579,36,""
1072.916,receiver,c6a331da-9a81-4072-a4e4-ab95fca774e7,EMIT,ACK,550,36,""
1072.926,receiver,c6a331da-9a81-4072-a4e4-ab95fca774e7,EMIT,ACK,566,36,""
1072.930,receiver,c6a331da-9a81-4072-a4e4-ab95fca774e7,RECEIVE,DATA,581,1060,""
1072.934,receiver,c6a331da-9a81-4072-a4e4-ab95fca774e7,ACCEPT_DATA,DATA,581,1024,"unique file bytes received"
1072.937,receiver,c6a331da-9a81-4072-a4e4-ab95fca774e7,EMIT,ACK,561,36,""
1072.940,receiver,c6a331da-9a81-4072-a4e4-ab95fca774e7,SEND,ACK,581,36,""
1072.946,receiver,c6a331da-9a81-4072-a4e4-ab95fca774e7,EMIT,ACK,559,36,""
1072.949,receiver,c6a331da-9a81-4072-a4e4-ab95fca774e7,RECEIVE,DATA,582,1060,""
1072.953,receiver,c6a331da-9a81-4072-a4e4-ab95fca774e7,ACCEPT_DATA,DATA,582,1024,"unique file bytes received"
1072.956,receiver,c6a331da-9a81-4072-a4e4-ab95fca774e7,EMIT,ACK,539,36,""
1072.959,receiver,c6a331da-9a81-4072-a4e4-ab95fca774e7,SEND,ACK,582,36,""
1072.966,receiver,c6a331da-9a81-4072-a4e4-ab95fca774e7,EMIT,ACK,575,36,""
1072.969,receiver,c6a331da-9a81-4072-a4e4-ab95fca774e7,RECEIVE,DATA,585,1060,""
1072.973,receiver,c6a331da-9a81-4072-a4e4-ab95fca774e7,OUT_OF_ORDER,DATA,585,0,"arrived before missing sequence=583"
1072.976,receiver,c6a331da-9a81-4072-a4e4-ab95fca774e7,EMIT,ACK,570,36,""
1072.979,receiver,c6a331da-9a81-4072-a4e4-ab95fca774e7,ACCEPT_DATA,DATA,585,1024,"unique file bytes received"
1072.982,receiver,c6a331da-9a81-4072-a4e4-ab95fca774e7,SEND,ACK,585,36,""
1072.984,receiver,c6a331da-9a81-4072-a4e4-ab95fca774e7,EMIT,ACK,551,36,""
1072.993,receiver,c6a331da-9a81-4072-a4e4-ab95fca774e7,EMIT,ACK,552,36,""
1073.001,receiver,c6a331da-9a81-4072-a4e4-ab95fca774e7,EMIT,ACK,543,36,""
1073.009,receiver,c6a331da-9a81-4072-a4e4-ab95fca774e7,EMIT,ACK,568,36,""
1088.860,receiver,c6a331da-9a81-4072-a4e4-ab95fca774e7,EMIT,ACK,556,36,""
1088.872,receiver,c6a331da-9a81-4072-a4e4-ab95fca774e7,RECEIVE,DATA,584,1060,""
1088.883,receiver,c6a331da-9a81-4072-a4e4-ab95fca774e7,EMIT,ACK,538,36,""
1088.887,receiver,c6a331da-9a81-4072-a4e4-ab95fca774e7,OUT_OF_ORDER,DATA,584,0,"arrived before missing sequence=583"
1088.891,receiver,c6a331da-9a81-4072-a4e4-ab95fca774e7,ACCEPT_DATA,DATA,584,1024,"unique file bytes received"
1088.911,receiver,c6a331da-9a81-4072-a4e4-ab95fca774e7,EMIT,ACK,571,36,""
1088.915,receiver,c6a331da-9a81-4072-a4e4-ab95fca774e7,SEND,ACK,584,36,""
1088.923,receiver,c6a331da-9a81-4072-a4e4-ab95fca774e7,EMIT,ACK,541,36,""
1088.932,receiver,c6a331da-9a81-4072-a4e4-ab95fca774e7,EMIT,ACK,547,36,""
1088.940,receiver,c6a331da-9a81-4072-a4e4-ab95fca774e7,EMIT,ACK,553,36,""
1088.948,receiver,c6a331da-9a81-4072-a4e4-ab95fca774e7,EMIT,ACK,564,36,""
1088.952,receiver,c6a331da-9a81-4072-a4e4-ab95fca774e7,RECEIVE,DATA,587,1060,""
1088.960,receiver,c6a331da-9a81-4072-a4e4-ab95fca774e7,EMIT,ACK,578,36,""
1088.963,receiver,c6a331da-9a81-4072-a4e4-ab95fca774e7,OUT_OF_ORDER,DATA,587,0,"arrived before missing sequence=583"
1088.975,receiver,c6a331da-9a81-4072-a4e4-ab95fca774e7,ACCEPT_DATA,DATA,587,1024,"unique file bytes received"
1088.977,receiver,c6a331da-9a81-4072-a4e4-ab95fca774e7,SEND,ACK,587,36,""
1088.981,receiver,c6a331da-9a81-4072-a4e4-ab95fca774e7,EMIT,ACK,569,36,""
1088.984,receiver,c6a331da-9a81-4072-a4e4-ab95fca774e7,RECEIVE,DATA,590,1060,""
1088.987,receiver,c6a331da-9a81-4072-a4e4-ab95fca774e7,OUT_OF_ORDER,DATA,590,0,"arrived before missing sequence=583"
1088.990,receiver,c6a331da-9a81-4072-a4e4-ab95fca774e7,ACCEPT_DATA,DATA,590,1024,"unique file bytes received"
1088.992,receiver,c6a331da-9a81-4072-a4e4-ab95fca774e7,EMIT,ACK,573,36,""
1088.995,receiver,c6a331da-9a81-4072-a4e4-ab95fca774e7,SEND,ACK,590,36,""
1089.000,receiver,c6a331da-9a81-4072-a4e4-ab95fca774e7,EMIT,ACK,577,36,""
1089.003,receiver,c6a331da-9a81-4072-a4e4-ab95fca774e7,RECEIVE,DATA,591,1060,""
1089.006,receiver,c6a331da-9a81-4072-a4e4-ab95fca774e7,OUT_OF_ORDER,DATA,591,0,"arrived before missing sequence=583"
1089.009,receiver,c6a331da-9a81-4072-a4e4-ab95fca774e7,ACCEPT_DATA,DATA,591,1024,"unique file bytes received"
1089.011,receiver,c6a331da-9a81-4072-a4e4-ab95fca774e7,EMIT,ACK,567,36,""
1089.016,receiver,c6a331da-9a81-4072-a4e4-ab95fca774e7,SEND,ACK,591,36,""
1089.024,receiver,c6a331da-9a81-4072-a4e4-ab95fca774e7,RECEIVE,DATA,588,1060,""
1089.027,receiver,c6a331da-9a81-4072-a4e4-ab95fca774e7,OUT_OF_ORDER,DATA,588,0,"arrived before missing sequence=583"
1089.029,receiver,c6a331da-9a81-4072-a4e4-ab95fca774e7,ACCEPT_DATA,DATA,588,1024,"unique file bytes received"
1089.031,receiver,c6a331da-9a81-4072-a4e4-ab95fca774e7,SEND,ACK,588,36,""
1089.036,receiver,c6a331da-9a81-4072-a4e4-ab95fca774e7,RECEIVE,DATA,583,1060,""
1089.039,receiver,c6a331da-9a81-4072-a4e4-ab95fca774e7,ACCEPT_DATA,DATA,583,1024,"unique file bytes received"
1089.041,receiver,c6a331da-9a81-4072-a4e4-ab95fca774e7,SEND,ACK,583,36,""
1104.875,receiver,c6a331da-9a81-4072-a4e4-ab95fca774e7,EMIT,ACK,572,36,""
1104.895,receiver,c6a331da-9a81-4072-a4e4-ab95fca774e7,EMIT,ACK,562,36,""
1104.899,receiver,c6a331da-9a81-4072-a4e4-ab95fca774e7,RECEIVE,DATA,586,1060,""
1104.907,receiver,c6a331da-9a81-4072-a4e4-ab95fca774e7,EMIT,ACK,580,36,""
1104.911,receiver,c6a331da-9a81-4072-a4e4-ab95fca774e7,ACCEPT_DATA,DATA,586,1024,"unique file bytes received"
1104.914,receiver,c6a331da-9a81-4072-a4e4-ab95fca774e7,SEND,ACK,586,36,""
1104.917,receiver,c6a331da-9a81-4072-a4e4-ab95fca774e7,EMIT,ACK,560,36,""
1104.928,receiver,c6a331da-9a81-4072-a4e4-ab95fca774e7,RECEIVE,DATA,589,1060,""
1104.931,receiver,c6a331da-9a81-4072-a4e4-ab95fca774e7,ACCEPT_DATA,DATA,589,1024,"unique file bytes received"
1104.933,receiver,c6a331da-9a81-4072-a4e4-ab95fca774e7,SEND,ACK,589,36,""
1104.994,receiver,c6a331da-9a81-4072-a4e4-ab95fca774e7,RECEIVE,DATA,595,1060,""
1104.997,receiver,c6a331da-9a81-4072-a4e4-ab95fca774e7,OUT_OF_ORDER,DATA,595,0,"arrived before missing sequence=592"
1104.999,receiver,c6a331da-9a81-4072-a4e4-ab95fca774e7,ACCEPT_DATA,DATA,595,1024,"unique file bytes received"
1105.001,receiver,c6a331da-9a81-4072-a4e4-ab95fca774e7,SEND,ACK,595,36,""
1105.007,receiver,c6a331da-9a81-4072-a4e4-ab95fca774e7,RECEIVE,DATA,593,1060,""
1105.009,receiver,c6a331da-9a81-4072-a4e4-ab95fca774e7,OUT_OF_ORDER,DATA,593,0,"arrived before missing sequence=592"
1105.012,receiver,c6a331da-9a81-4072-a4e4-ab95fca774e7,ACCEPT_DATA,DATA,593,1024,"unique file bytes received"
1105.014,receiver,c6a331da-9a81-4072-a4e4-ab95fca774e7,SEND,ACK,593,36,""
1105.027,receiver,c6a331da-9a81-4072-a4e4-ab95fca774e7,RECEIVE,DATA,592,1060,""
1105.029,receiver,c6a331da-9a81-4072-a4e4-ab95fca774e7,ACCEPT_DATA,DATA,592,1024,"unique file bytes received"
1105.032,receiver,c6a331da-9a81-4072-a4e4-ab95fca774e7,SEND,ACK,592,36,""
1120.755,receiver,c6a331da-9a81-4072-a4e4-ab95fca774e7,EMIT,ACK,574,36,""
1120.782,receiver,c6a331da-9a81-4072-a4e4-ab95fca774e7,EMIT,ACK,581,36,""
1120.790,receiver,c6a331da-9a81-4072-a4e4-ab95fca774e7,EMIT,ACK,579,36,""
1120.797,receiver,c6a331da-9a81-4072-a4e4-ab95fca774e7,EMIT,ACK,588,36,""
1120.805,receiver,c6a331da-9a81-4072-a4e4-ab95fca774e7,EMIT,ACK,582,36,""
1120.812,receiver,c6a331da-9a81-4072-a4e4-ab95fca774e7,EMIT,ACK,584,36,""
1120.830,receiver,c6a331da-9a81-4072-a4e4-ab95fca774e7,EMIT,ACK,583,36,""
1121.010,receiver,c6a331da-9a81-4072-a4e4-ab95fca774e7,RECEIVE,DATA,596,1060,""
1121.034,receiver,c6a331da-9a81-4072-a4e4-ab95fca774e7,OUT_OF_ORDER,DATA,596,0,"arrived before missing sequence=594"
1121.037,receiver,c6a331da-9a81-4072-a4e4-ab95fca774e7,ACCEPT_DATA,DATA,596,1024,"unique file bytes received"
1121.040,receiver,c6a331da-9a81-4072-a4e4-ab95fca774e7,SEND,ACK,596,36,""
1121.083,receiver,c6a331da-9a81-4072-a4e4-ab95fca774e7,RECEIVE,DATA,600,1060,""
1121.087,receiver,c6a331da-9a81-4072-a4e4-ab95fca774e7,OUT_OF_ORDER,DATA,600,0,"arrived before missing sequence=594"
1121.090,receiver,c6a331da-9a81-4072-a4e4-ab95fca774e7,ACCEPT_DATA,DATA,600,1024,"unique file bytes received"
1121.093,receiver,c6a331da-9a81-4072-a4e4-ab95fca774e7,SEND,ACK,600,36,""
1121.100,receiver,c6a331da-9a81-4072-a4e4-ab95fca774e7,RECEIVE,DATA,601,1060,""
1121.103,receiver,c6a331da-9a81-4072-a4e4-ab95fca774e7,OUT_OF_ORDER,DATA,601,0,"arrived before missing sequence=594"
1121.105,receiver,c6a331da-9a81-4072-a4e4-ab95fca774e7,ACCEPT_DATA,DATA,601,1024,"unique file bytes received"
1121.108,receiver,c6a331da-9a81-4072-a4e4-ab95fca774e7,SEND,ACK,601,36,""
1121.113,receiver,c6a331da-9a81-4072-a4e4-ab95fca774e7,RECEIVE,DATA,598,1060,""
1121.116,receiver,c6a331da-9a81-4072-a4e4-ab95fca774e7,OUT_OF_ORDER,DATA,598,0,"arrived before missing sequence=594"
1121.119,receiver,c6a331da-9a81-4072-a4e4-ab95fca774e7,ACCEPT_DATA,DATA,598,1024,"unique file bytes received"
1121.121,receiver,c6a331da-9a81-4072-a4e4-ab95fca774e7,SEND,ACK,598,36,""
1121.126,receiver,c6a331da-9a81-4072-a4e4-ab95fca774e7,RECEIVE,DATA,594,1060,""
1121.129,receiver,c6a331da-9a81-4072-a4e4-ab95fca774e7,ACCEPT_DATA,DATA,594,1024,"unique file bytes received"
1121.131,receiver,c6a331da-9a81-4072-a4e4-ab95fca774e7,SEND,ACK,594,36,""
1121.136,receiver,c6a331da-9a81-4072-a4e4-ab95fca774e7,RECEIVE,DATA,599,1060,""
1121.139,receiver,c6a331da-9a81-4072-a4e4-ab95fca774e7,OUT_OF_ORDER,DATA,599,0,"arrived before missing sequence=597"
1121.145,receiver,c6a331da-9a81-4072-a4e4-ab95fca774e7,ACCEPT_DATA,DATA,599,1024,"unique file bytes received"
1121.147,receiver,c6a331da-9a81-4072-a4e4-ab95fca774e7,SEND,ACK,599,36,""
1121.152,receiver,c6a331da-9a81-4072-a4e4-ab95fca774e7,RECEIVE,DATA,597,1060,""
1121.155,receiver,c6a331da-9a81-4072-a4e4-ab95fca774e7,ACCEPT_DATA,DATA,597,1024,"unique file bytes received"
1121.157,receiver,c6a331da-9a81-4072-a4e4-ab95fca774e7,SEND,ACK,597,36,""
1121.162,receiver,c6a331da-9a81-4072-a4e4-ab95fca774e7,RECEIVE,DATA,621,1060,""
1121.165,receiver,c6a331da-9a81-4072-a4e4-ab95fca774e7,OUT_OF_ORDER,DATA,621,0,"arrived before missing sequence=602"
1121.167,receiver,c6a331da-9a81-4072-a4e4-ab95fca774e7,ACCEPT_DATA,DATA,621,1024,"unique file bytes received"
1121.169,receiver,c6a331da-9a81-4072-a4e4-ab95fca774e7,SEND,ACK,621,36,""
1121.174,receiver,c6a331da-9a81-4072-a4e4-ab95fca774e7,RECEIVE,DATA,611,1060,""
1121.177,receiver,c6a331da-9a81-4072-a4e4-ab95fca774e7,OUT_OF_ORDER,DATA,611,0,"arrived before missing sequence=602"
1121.179,receiver,c6a331da-9a81-4072-a4e4-ab95fca774e7,ACCEPT_DATA,DATA,611,1024,"unique file bytes received"
1121.181,receiver,c6a331da-9a81-4072-a4e4-ab95fca774e7,SEND,ACK,611,36,""
1121.190,receiver,c6a331da-9a81-4072-a4e4-ab95fca774e7,RECEIVE,DATA,605,1060,""
1121.192,receiver,c6a331da-9a81-4072-a4e4-ab95fca774e7,OUT_OF_ORDER,DATA,605,0,"arrived before missing sequence=602"
1121.195,receiver,c6a331da-9a81-4072-a4e4-ab95fca774e7,ACCEPT_DATA,DATA,605,1024,"unique file bytes received"
1121.200,receiver,c6a331da-9a81-4072-a4e4-ab95fca774e7,SEND,ACK,605,36,""
1121.205,receiver,c6a331da-9a81-4072-a4e4-ab95fca774e7,RECEIVE,DATA,623,1060,""
1121.208,receiver,c6a331da-9a81-4072-a4e4-ab95fca774e7,OUT_OF_ORDER,DATA,623,0,"arrived before missing sequence=602"
1121.210,receiver,c6a331da-9a81-4072-a4e4-ab95fca774e7,ACCEPT_DATA,DATA,623,1024,"unique file bytes received"
1121.212,receiver,c6a331da-9a81-4072-a4e4-ab95fca774e7,SEND,ACK,623,36,""
1121.217,receiver,c6a331da-9a81-4072-a4e4-ab95fca774e7,RECEIVE,DATA,603,1060,""
1121.219,receiver,c6a331da-9a81-4072-a4e4-ab95fca774e7,OUT_OF_ORDER,DATA,603,0,"arrived before missing sequence=602"
1121.221,receiver,c6a331da-9a81-4072-a4e4-ab95fca774e7,ACCEPT_DATA,DATA,603,1024,"unique file bytes received"
1121.223,receiver,c6a331da-9a81-4072-a4e4-ab95fca774e7,SEND,ACK,603,36,""
1121.228,receiver,c6a331da-9a81-4072-a4e4-ab95fca774e7,RECEIVE,DATA,619,1060,""
1121.230,receiver,c6a331da-9a81-4072-a4e4-ab95fca774e7,OUT_OF_ORDER,DATA,619,0,"arrived before missing sequence=602"
1121.232,receiver,c6a331da-9a81-4072-a4e4-ab95fca774e7,ACCEPT_DATA,DATA,619,1024,"unique file bytes received"
1121.234,receiver,c6a331da-9a81-4072-a4e4-ab95fca774e7,SEND,ACK,619,36,""
1121.239,receiver,c6a331da-9a81-4072-a4e4-ab95fca774e7,RECEIVE,DATA,609,1060,""
1121.242,receiver,c6a331da-9a81-4072-a4e4-ab95fca774e7,OUT_OF_ORDER,DATA,609,0,"arrived before missing sequence=602"
1121.244,receiver,c6a331da-9a81-4072-a4e4-ab95fca774e7,ACCEPT_DATA,DATA,609,1024,"unique file bytes received"
1121.246,receiver,c6a331da-9a81-4072-a4e4-ab95fca774e7,SEND,ACK,609,36,""
1121.250,receiver,c6a331da-9a81-4072-a4e4-ab95fca774e7,RECEIVE,DATA,622,1060,""
1121.253,receiver,c6a331da-9a81-4072-a4e4-ab95fca774e7,OUT_OF_ORDER,DATA,622,0,"arrived before missing sequence=602"
1121.255,receiver,c6a331da-9a81-4072-a4e4-ab95fca774e7,ACCEPT_DATA,DATA,622,1024,"unique file bytes received"
1121.257,receiver,c6a331da-9a81-4072-a4e4-ab95fca774e7,SEND,ACK,622,36,""
1136.799,receiver,c6a331da-9a81-4072-a4e4-ab95fca774e7,RECEIVE,DATA,615,1060,""
1136.826,receiver,c6a331da-9a81-4072-a4e4-ab95fca774e7,EMIT,ACK,585,36,""
1136.838,receiver,c6a331da-9a81-4072-a4e4-ab95fca774e7,OUT_OF_ORDER,DATA,615,0,"arrived before missing sequence=602"
1136.847,receiver,c6a331da-9a81-4072-a4e4-ab95fca774e7,ACCEPT_DATA,DATA,615,1024,"unique file bytes received"
1136.853,receiver,c6a331da-9a81-4072-a4e4-ab95fca774e7,EMIT,ACK,590,36,""
1136.858,receiver,c6a331da-9a81-4072-a4e4-ab95fca774e7,SEND,ACK,615,36,""
1136.867,receiver,c6a331da-9a81-4072-a4e4-ab95fca774e7,EMIT,ACK,593,36,""
1136.880,receiver,c6a331da-9a81-4072-a4e4-ab95fca774e7,EMIT,ACK,592,36,""
1136.892,receiver,c6a331da-9a81-4072-a4e4-ab95fca774e7,RECEIVE,DATA,620,1060,""
1136.900,receiver,c6a331da-9a81-4072-a4e4-ab95fca774e7,EMIT,ACK,587,36,""
1136.904,receiver,c6a331da-9a81-4072-a4e4-ab95fca774e7,OUT_OF_ORDER,DATA,620,0,"arrived before missing sequence=602"
1136.910,receiver,c6a331da-9a81-4072-a4e4-ab95fca774e7,ACCEPT_DATA,DATA,620,1024,"unique file bytes received"
1137.000,receiver,c6a331da-9a81-4072-a4e4-ab95fca774e7,SEND,ACK,620,36,""
1137.028,receiver,c6a331da-9a81-4072-a4e4-ab95fca774e7,RECEIVE,DATA,604,1060,""
1137.034,receiver,c6a331da-9a81-4072-a4e4-ab95fca774e7,OUT_OF_ORDER,DATA,604,0,"arrived before missing sequence=602"
1137.038,receiver,c6a331da-9a81-4072-a4e4-ab95fca774e7,ACCEPT_DATA,DATA,604,1024,"unique file bytes received"
1137.042,receiver,c6a331da-9a81-4072-a4e4-ab95fca774e7,SEND,ACK,604,36,""
1137.050,receiver,c6a331da-9a81-4072-a4e4-ab95fca774e7,RECEIVE,DATA,602,1060,""
1137.054,receiver,c6a331da-9a81-4072-a4e4-ab95fca774e7,ACCEPT_DATA,DATA,602,1024,"unique file bytes received"
1137.057,receiver,c6a331da-9a81-4072-a4e4-ab95fca774e7,SEND,ACK,602,36,""
1137.064,receiver,c6a331da-9a81-4072-a4e4-ab95fca774e7,RECEIVE,DATA,610,1060,""
1137.068,receiver,c6a331da-9a81-4072-a4e4-ab95fca774e7,OUT_OF_ORDER,DATA,610,0,"arrived before missing sequence=606"
1137.071,receiver,c6a331da-9a81-4072-a4e4-ab95fca774e7,ACCEPT_DATA,DATA,610,1024,"unique file bytes received"
1137.075,receiver,c6a331da-9a81-4072-a4e4-ab95fca774e7,SEND,ACK,610,36,""
1137.081,receiver,c6a331da-9a81-4072-a4e4-ab95fca774e7,RECEIVE,DATA,613,1060,""
1137.085,receiver,c6a331da-9a81-4072-a4e4-ab95fca774e7,OUT_OF_ORDER,DATA,613,0,"arrived before missing sequence=606"
1137.089,receiver,c6a331da-9a81-4072-a4e4-ab95fca774e7,ACCEPT_DATA,DATA,613,1024,"unique file bytes received"
1137.092,receiver,c6a331da-9a81-4072-a4e4-ab95fca774e7,SEND,ACK,613,36,""
1137.099,receiver,c6a331da-9a81-4072-a4e4-ab95fca774e7,RECEIVE,DATA,608,1060,""
1137.103,receiver,c6a331da-9a81-4072-a4e4-ab95fca774e7,OUT_OF_ORDER,DATA,608,0,"arrived before missing sequence=606"
1137.106,receiver,c6a331da-9a81-4072-a4e4-ab95fca774e7,ACCEPT_DATA,DATA,608,1024,"unique file bytes received"
1137.109,receiver,c6a331da-9a81-4072-a4e4-ab95fca774e7,SEND,ACK,608,36,""
1137.116,receiver,c6a331da-9a81-4072-a4e4-ab95fca774e7,RECEIVE,DATA,607,1060,""
1137.120,receiver,c6a331da-9a81-4072-a4e4-ab95fca774e7,OUT_OF_ORDER,DATA,607,0,"arrived before missing sequence=606"
1137.123,receiver,c6a331da-9a81-4072-a4e4-ab95fca774e7,ACCEPT_DATA,DATA,607,1024,"unique file bytes received"
1137.126,receiver,c6a331da-9a81-4072-a4e4-ab95fca774e7,SEND,ACK,607,36,""
1137.133,receiver,c6a331da-9a81-4072-a4e4-ab95fca774e7,RECEIVE,DATA,618,1060,""
1137.137,receiver,c6a331da-9a81-4072-a4e4-ab95fca774e7,OUT_OF_ORDER,DATA,618,0,"arrived before missing sequence=606"
1137.140,receiver,c6a331da-9a81-4072-a4e4-ab95fca774e7,ACCEPT_DATA,DATA,618,1024,"unique file bytes received"
1137.143,receiver,c6a331da-9a81-4072-a4e4-ab95fca774e7,SEND,ACK,618,36,""
1137.150,receiver,c6a331da-9a81-4072-a4e4-ab95fca774e7,RECEIVE,DATA,616,1060,""
1137.154,receiver,c6a331da-9a81-4072-a4e4-ab95fca774e7,OUT_OF_ORDER,DATA,616,0,"arrived before missing sequence=606"
1137.157,receiver,c6a331da-9a81-4072-a4e4-ab95fca774e7,ACCEPT_DATA,DATA,616,1024,"unique file bytes received"
1137.161,receiver,c6a331da-9a81-4072-a4e4-ab95fca774e7,SEND,ACK,616,36,""
1137.167,receiver,c6a331da-9a81-4072-a4e4-ab95fca774e7,RECEIVE,DATA,617,1060,""
1137.171,receiver,c6a331da-9a81-4072-a4e4-ab95fca774e7,OUT_OF_ORDER,DATA,617,0,"arrived before missing sequence=606"
1137.174,receiver,c6a331da-9a81-4072-a4e4-ab95fca774e7,ACCEPT_DATA,DATA,617,1024,"unique file bytes received"
1137.177,receiver,c6a331da-9a81-4072-a4e4-ab95fca774e7,SEND,ACK,617,36,""
1137.184,receiver,c6a331da-9a81-4072-a4e4-ab95fca774e7,RECEIVE,DATA,631,1060,""
1137.188,receiver,c6a331da-9a81-4072-a4e4-ab95fca774e7,OUT_OF_ORDER,DATA,631,0,"arrived before missing sequence=606"
1137.191,receiver,c6a331da-9a81-4072-a4e4-ab95fca774e7,ACCEPT_DATA,DATA,631,1024,"unique file bytes received"
1137.194,receiver,c6a331da-9a81-4072-a4e4-ab95fca774e7,SEND,ACK,631,36,""
1137.201,receiver,c6a331da-9a81-4072-a4e4-ab95fca774e7,RECEIVE,DATA,635,1060,""
1137.205,receiver,c6a331da-9a81-4072-a4e4-ab95fca774e7,OUT_OF_ORDER,DATA,635,0,"arrived before missing sequence=606"
1137.209,receiver,c6a331da-9a81-4072-a4e4-ab95fca774e7,ACCEPT_DATA,DATA,635,1024,"unique file bytes received"
1137.212,receiver,c6a331da-9a81-4072-a4e4-ab95fca774e7,SEND,ACK,635,36,""
1137.218,receiver,c6a331da-9a81-4072-a4e4-ab95fca774e7,RECEIVE,DATA,625,1060,""
1137.222,receiver,c6a331da-9a81-4072-a4e4-ab95fca774e7,OUT_OF_ORDER,DATA,625,0,"arrived before missing sequence=606"
1137.230,receiver,c6a331da-9a81-4072-a4e4-ab95fca774e7,ACCEPT_DATA,DATA,625,1024,"unique file bytes received"
1137.233,receiver,c6a331da-9a81-4072-a4e4-ab95fca774e7,SEND,ACK,625,36,""
1137.240,receiver,c6a331da-9a81-4072-a4e4-ab95fca774e7,RECEIVE,DATA,606,1060,""
1137.244,receiver,c6a331da-9a81-4072-a4e4-ab95fca774e7,ACCEPT_DATA,DATA,606,1024,"unique file bytes received"
1137.247,receiver,c6a331da-9a81-4072-a4e4-ab95fca774e7,SEND,ACK,606,36,""
1152.880,receiver,c6a331da-9a81-4072-a4e4-ab95fca774e7,EMIT,ACK,595,36,""
1152.907,receiver,c6a331da-9a81-4072-a4e4-ab95fca774e7,RECEIVE,DATA,614,1060,""
1152.927,receiver,c6a331da-9a81-4072-a4e4-ab95fca774e7,OUT_OF_ORDER,DATA,614,0,"arrived before missing sequence=612"
1152.943,receiver,c6a331da-9a81-4072-a4e4-ab95fca774e7,EMIT,ACK,591,36,""
1152.951,receiver,c6a331da-9a81-4072-a4e4-ab95fca774e7,ACCEPT_DATA,DATA,614,1024,"unique file bytes received"
1152.956,receiver,c6a331da-9a81-4072-a4e4-ab95fca774e7,SEND,ACK,614,36,""
1152.966,receiver,c6a331da-9a81-4072-a4e4-ab95fca774e7,EMIT,ACK,586,36,""
1152.975,receiver,c6a331da-9a81-4072-a4e4-ab95fca774e7,RECEIVE,DATA,612,1060,""
1152.981,receiver,c6a331da-9a81-4072-a4e4-ab95fca774e7,ACCEPT_DATA,DATA,612,1024,"unique file bytes received"
1152.985,receiver,c6a331da-9a81-4072-a4e4-ab95fca774e7,SEND,ACK,612,36,""
1152.995,receiver,c6a331da-9a81-4072-a4e4-ab95fca774e7,RECEIVE,DATA,630,1060,""
1152.999,receiver,c6a331da-9a81-4072-a4e4-ab95fca774e7,EMIT,ACK,611,36,""
1153.009,receiver,c6a331da-9a81-4072-a4e4-ab95fca774e7,OUT_OF_ORDER,DATA,630,0,"arrived before missing sequence=624"
1153.013,receiver,c6a331da-9a81-4072-a4e4-ab95fca774e7,ACCEPT_DATA,DATA,630,1024,"unique file bytes received"
1153.017,receiver,c6a331da-9a81-4072-a4e4-ab95fca774e7,SEND,ACK,630,36,""
1153.026,receiver,c6a331da-9a81-4072-a4e4-ab95fca774e7,RECEIVE,DATA,632,1060,""
1153.043,receiver,c6a331da-9a81-4072-a4e4-ab95fca774e7,OUT_OF_ORDER,DATA,632,0,"arrived before missing sequence=624"
1153.047,receiver,c6a331da-9a81-4072-a4e4-ab95fca774e7,EMIT,ACK,598,36,""
1153.056,receiver,c6a331da-9a81-4072-a4e4-ab95fca774e7,ACCEPT_DATA,DATA,632,1024,"unique file bytes received"
1153.061,receiver,c6a331da-9a81-4072-a4e4-ab95fca774e7,SEND,ACK,632,36,""
1153.070,receiver,c6a331da-9a81-4072-a4e4-ab95fca774e7,RECEIVE,DATA,624,1060,""
1153.074,receiver,c6a331da-9a81-4072-a4e4-ab95fca774e7,ACCEPT_DATA,DATA,624,1024,"unique file bytes received"
1153.078,receiver,c6a331da-9a81-4072-a4e4-ab95fca774e7,SEND,ACK,624,36,""
1153.087,receiver,c6a331da-9a81-4072-a4e4-ab95fca774e7,RECEIVE,DATA,629,1060,""
1153.091,receiver,c6a331da-9a81-4072-a4e4-ab95fca774e7,OUT_OF_ORDER,DATA,629,0,"arrived before missing sequence=626"
1153.096,receiver,c6a331da-9a81-4072-a4e4-ab95fca774e7,EMIT,ACK,623,36,""
1153.106,receiver,c6a331da-9a81-4072-a4e4-ab95fca774e7,ACCEPT_DATA,DATA,629,1024,"unique file bytes received"
1153.110,receiver,c6a331da-9a81-4072-a4e4-ab95fca774e7,SEND,ACK,629,36,""
1153.352,receiver,c6a331da-9a81-4072-a4e4-ab95fca774e7,EMIT,ACK,619,36,""
1153.426,receiver,c6a331da-9a81-4072-a4e4-ab95fca774e7,EMIT,ACK,599,36,""
1153.443,receiver,c6a331da-9a81-4072-a4e4-ab95fca774e7,EMIT,ACK,589,36,""
1153.462,receiver,c6a331da-9a81-4072-a4e4-ab95fca774e7,EMIT,ACK,596,36,""
1153.665,receiver,c6a331da-9a81-4072-a4e4-ab95fca774e7,RECEIVE,DATA,634,1060,""
1153.677,receiver,c6a331da-9a81-4072-a4e4-ab95fca774e7,OUT_OF_ORDER,DATA,634,0,"arrived before missing sequence=626"
1153.681,receiver,c6a331da-9a81-4072-a4e4-ab95fca774e7,ACCEPT_DATA,DATA,634,1024,"unique file bytes received"
1153.684,receiver,c6a331da-9a81-4072-a4e4-ab95fca774e7,SEND,ACK,634,36,""
1153.696,receiver,c6a331da-9a81-4072-a4e4-ab95fca774e7,RECEIVE,DATA,637,1060,""
1153.699,receiver,c6a331da-9a81-4072-a4e4-ab95fca774e7,OUT_OF_ORDER,DATA,637,0,"arrived before missing sequence=626"
1153.754,receiver,c6a331da-9a81-4072-a4e4-ab95fca774e7,ACCEPT_DATA,DATA,637,1024,"unique file bytes received"
1153.757,receiver,c6a331da-9a81-4072-a4e4-ab95fca774e7,SEND,ACK,637,36,""
1153.772,receiver,c6a331da-9a81-4072-a4e4-ab95fca774e7,RECEIVE,DATA,636,1060,""
1153.775,receiver,c6a331da-9a81-4072-a4e4-ab95fca774e7,OUT_OF_ORDER,DATA,636,0,"arrived before missing sequence=626"
1153.777,receiver,c6a331da-9a81-4072-a4e4-ab95fca774e7,ACCEPT_DATA,DATA,636,1024,"unique file bytes received"
1153.780,receiver,c6a331da-9a81-4072-a4e4-ab95fca774e7,SEND,ACK,636,36,""
1153.784,receiver,c6a331da-9a81-4072-a4e4-ab95fca774e7,RECEIVE,DATA,639,1060,""
1153.787,receiver,c6a331da-9a81-4072-a4e4-ab95fca774e7,OUT_OF_ORDER,DATA,639,0,"arrived before missing sequence=626"
1153.789,receiver,c6a331da-9a81-4072-a4e4-ab95fca774e7,ACCEPT_DATA,DATA,639,1024,"unique file bytes received"
1153.791,receiver,c6a331da-9a81-4072-a4e4-ab95fca774e7,SEND,ACK,639,36,""
1153.796,receiver,c6a331da-9a81-4072-a4e4-ab95fca774e7,RECEIVE,DATA,628,1060,""
1153.799,receiver,c6a331da-9a81-4072-a4e4-ab95fca774e7,OUT_OF_ORDER,DATA,628,0,"arrived before missing sequence=626"
1153.801,receiver,c6a331da-9a81-4072-a4e4-ab95fca774e7,ACCEPT_DATA,DATA,628,1024,"unique file bytes received"
1153.803,receiver,c6a331da-9a81-4072-a4e4-ab95fca774e7,SEND,ACK,628,36,""
1153.808,receiver,c6a331da-9a81-4072-a4e4-ab95fca774e7,RECEIVE,DATA,626,1060,""
1153.810,receiver,c6a331da-9a81-4072-a4e4-ab95fca774e7,ACCEPT_DATA,DATA,626,1024,"unique file bytes received"
1153.812,receiver,c6a331da-9a81-4072-a4e4-ab95fca774e7,SEND,ACK,626,36,""
1153.817,receiver,c6a331da-9a81-4072-a4e4-ab95fca774e7,RECEIVE,DATA,641,1060,""
1153.820,receiver,c6a331da-9a81-4072-a4e4-ab95fca774e7,OUT_OF_ORDER,DATA,641,0,"arrived before missing sequence=627"
1153.822,receiver,c6a331da-9a81-4072-a4e4-ab95fca774e7,ACCEPT_DATA,DATA,641,1024,"unique file bytes received"
1153.824,receiver,c6a331da-9a81-4072-a4e4-ab95fca774e7,SEND,ACK,641,36,""
1153.829,receiver,c6a331da-9a81-4072-a4e4-ab95fca774e7,RECEIVE,DATA,648,1060,""
1153.831,receiver,c6a331da-9a81-4072-a4e4-ab95fca774e7,OUT_OF_ORDER,DATA,648,0,"arrived before missing sequence=627"
1153.834,receiver,c6a331da-9a81-4072-a4e4-ab95fca774e7,ACCEPT_DATA,DATA,648,1024,"unique file bytes received"
1153.836,receiver,c6a331da-9a81-4072-a4e4-ab95fca774e7,SEND,ACK,648,36,""
1153.840,receiver,c6a331da-9a81-4072-a4e4-ab95fca774e7,RECEIVE,DATA,644,1060,""
1153.843,receiver,c6a331da-9a81-4072-a4e4-ab95fca774e7,OUT_OF_ORDER,DATA,644,0,"arrived before missing sequence=627"
1153.845,receiver,c6a331da-9a81-4072-a4e4-ab95fca774e7,ACCEPT_DATA,DATA,644,1024,"unique file bytes received"
1153.847,receiver,c6a331da-9a81-4072-a4e4-ab95fca774e7,SEND,ACK,644,36,""
1153.852,receiver,c6a331da-9a81-4072-a4e4-ab95fca774e7,RECEIVE,DATA,645,1060,""
1153.854,receiver,c6a331da-9a81-4072-a4e4-ab95fca774e7,OUT_OF_ORDER,DATA,645,0,"arrived before missing sequence=627"
1153.856,receiver,c6a331da-9a81-4072-a4e4-ab95fca774e7,ACCEPT_DATA,DATA,645,1024,"unique file bytes received"
1153.858,receiver,c6a331da-9a81-4072-a4e4-ab95fca774e7,SEND,ACK,645,36,""
1153.886,receiver,c6a331da-9a81-4072-a4e4-ab95fca774e7,RECEIVE,DATA,627,1060,""
1153.889,receiver,c6a331da-9a81-4072-a4e4-ab95fca774e7,ACCEPT_DATA,DATA,627,1024,"unique file bytes received"
1153.891,receiver,c6a331da-9a81-4072-a4e4-ab95fca774e7,SEND,ACK,627,36,""
1168.345,receiver,c6a331da-9a81-4072-a4e4-ab95fca774e7,EMIT,ACK,603,36,""
1168.374,receiver,c6a331da-9a81-4072-a4e4-ab95fca774e7,EMIT,ACK,609,36,""
1168.386,receiver,c6a331da-9a81-4072-a4e4-ab95fca774e7,EMIT,ACK,597,36,""
1168.397,receiver,c6a331da-9a81-4072-a4e4-ab95fca774e7,EMIT,ACK,605,36,""
1168.407,receiver,c6a331da-9a81-4072-a4e4-ab95fca774e7,EMIT,ACK,601,36,""
1168.411,receiver,c6a331da-9a81-4072-a4e4-ab95fca774e7,RECEIVE,DATA,633,1060,""
1168.419,receiver,c6a331da-9a81-4072-a4e4-ab95fca774e7,EMIT,ACK,594,36,""
1168.423,receiver,c6a331da-9a81-4072-a4e4-ab95fca774e7,ACCEPT_DATA,DATA,633,1024,"unique file bytes received"
1168.426,receiver,c6a331da-9a81-4072-a4e4-ab95fca774e7,SEND,ACK,633,36,""
1168.429,receiver,c6a331da-9a81-4072-a4e4-ab95fca774e7,EMIT,ACK,631,36,""
1168.439,receiver,c6a331da-9a81-4072-a4e4-ab95fca774e7,EMIT,ACK,621,36,""
1168.442,receiver,c6a331da-9a81-4072-a4e4-ab95fca774e7,RECEIVE,DATA,646,1060,""
1168.445,receiver,c6a331da-9a81-4072-a4e4-ab95fca774e7,OUT_OF_ORDER,DATA,646,0,"arrived before missing sequence=638"
1168.452,receiver,c6a331da-9a81-4072-a4e4-ab95fca774e7,EMIT,ACK,600,36,""
1168.455,receiver,c6a331da-9a81-4072-a4e4-ab95fca774e7,ACCEPT_DATA,DATA,646,1024,"unique file bytes received"
1168.457,receiver,c6a331da-9a81-4072-a4e4-ab95fca774e7,SEND,ACK,646,36,""
1168.463,receiver,c6a331da-9a81-4072-a4e4-ab95fca774e7,RECEIVE,DATA,640,1060,""
1168.466,receiver,c6a331da-9a81-4072-a4e4-ab95fca774e7,OUT_OF_ORDER,DATA,640,0,"arrived before missing sequence=638"
1168.468,receiver,c6a331da-9a81-4072-a4e4-ab95fca774e7,ACCEPT_DATA,DATA,640,1024,"unique file bytes received"
1168.470,receiver,c6a331da-9a81-4072-a4e4-ab95fca774e7,SEND,ACK,640,36,""
1168.475,receiver,c6a331da-9a81-4072-a4e4-ab95fca774e7,RECEIVE,DATA,638,1060,""
1168.478,receiver,c6a331da-9a81-4072-a4e4-ab95fca774e7,ACCEPT_DATA,DATA,638,1024,"unique file bytes received"
1168.480,receiver,c6a331da-9a81-4072-a4e4-ab95fca774e7,SEND,ACK,638,36,""
1168.484,receiver,c6a331da-9a81-4072-a4e4-ab95fca774e7,RECEIVE,DATA,643,1060,""
1168.487,receiver,c6a331da-9a81-4072-a4e4-ab95fca774e7,OUT_OF_ORDER,DATA,643,0,"arrived before missing sequence=642"
1168.489,receiver,c6a331da-9a81-4072-a4e4-ab95fca774e7,ACCEPT_DATA,DATA,643,1024,"unique file bytes received"
1168.491,receiver,c6a331da-9a81-4072-a4e4-ab95fca774e7,SEND,ACK,643,36,""
1168.496,receiver,c6a331da-9a81-4072-a4e4-ab95fca774e7,RECEIVE,DATA,642,1060,""
1168.498,receiver,c6a331da-9a81-4072-a4e4-ab95fca774e7,ACCEPT_DATA,DATA,642,1024,"unique file bytes received"
1168.501,receiver,c6a331da-9a81-4072-a4e4-ab95fca774e7,SEND,ACK,642,36,""
1184.029,receiver,c6a331da-9a81-4072-a4e4-ab95fca774e7,EMIT,ACK,602,36,""
1184.065,receiver,c6a331da-9a81-4072-a4e4-ab95fca774e7,EMIT,ACK,635,36,""
1184.079,receiver,c6a331da-9a81-4072-a4e4-ab95fca774e7,EMIT,ACK,604,36,""
1184.091,receiver,c6a331da-9a81-4072-a4e4-ab95fca774e7,EMIT,ACK,622,36,""
1184.102,receiver,c6a331da-9a81-4072-a4e4-ab95fca774e7,EMIT,ACK,613,36,""
1184.113,receiver,c6a331da-9a81-4072-a4e4-ab95fca774e7,EMIT,ACK,618,36,""
1184.123,receiver,c6a331da-9a81-4072-a4e4-ab95fca774e7,EMIT,ACK,608,36,""
1184.134,receiver,c6a331da-9a81-4072-a4e4-ab95fca774e7,EMIT,ACK,610,36,""
1184.145,receiver,c6a331da-9a81-4072-a4e4-ab95fca774e7,EMIT,ACK,625,36,""
1184.151,receiver,c6a331da-9a81-4072-a4e4-ab95fca774e7,RECEIVE,DATA,647,1060,""
1184.185,receiver,c6a331da-9a81-4072-a4e4-ab95fca774e7,EMIT,ACK,628,36,""
1184.193,receiver,c6a331da-9a81-4072-a4e4-ab95fca774e7,ACCEPT_DATA,DATA,647,1024,"unique file bytes received"
1184.205,receiver,c6a331da-9a81-4072-a4e4-ab95fca774e7,EMIT,ACK,645,36,""
1184.209,receiver,c6a331da-9a81-4072-a4e4-ab95fca774e7,SEND,ACK,647,36,""
1184.215,receiver,c6a331da-9a81-4072-a4e4-ab95fca774e7,EMIT,ACK,639,36,""
1184.226,receiver,c6a331da-9a81-4072-a4e4-ab95fca774e7,EMIT,ACK,615,36,""
1184.230,receiver,c6a331da-9a81-4072-a4e4-ab95fca774e7,RECEIVE,DATA,649,1060,""
1184.235,receiver,c6a331da-9a81-4072-a4e4-ab95fca774e7,ACCEPT_DATA,DATA,649,1024,"unique file bytes received"
1184.238,receiver,c6a331da-9a81-4072-a4e4-ab95fca774e7,EMIT,ACK,617,36,""
1184.242,receiver,c6a331da-9a81-4072-a4e4-ab95fca774e7,SEND,ACK,649,36,""
1184.249,receiver,c6a331da-9a81-4072-a4e4-ab95fca774e7,EMIT,ACK,648,36,""
1184.253,receiver,c6a331da-9a81-4072-a4e4-ab95fca774e7,RECEIVE,DATA,651,1060,""
1184.258,receiver,c6a331da-9a81-4072-a4e4-ab95fca774e7,OUT_OF_ORDER,DATA,651,0,"arrived before missing sequence=650"
1184.261,receiver,c6a331da-9a81-4072-a4e4-ab95fca774e7,EMIT,ACK,612,36,""
1184.265,receiver,c6a331da-9a81-4072-a4e4-ab95fca774e7,ACCEPT_DATA,DATA,651,1024,"unique file bytes received"
1184.269,receiver,c6a331da-9a81-4072-a4e4-ab95fca774e7,SEND,ACK,651,36,""
1184.408,receiver,c6a331da-9a81-4072-a4e4-ab95fca774e7,RECEIVE,DATA,650,1060,""
1184.414,receiver,c6a331da-9a81-4072-a4e4-ab95fca774e7,ACCEPT_DATA,DATA,650,1024,"unique file bytes received"
1184.417,receiver,c6a331da-9a81-4072-a4e4-ab95fca774e7,SEND,ACK,650,36,""
1184.425,receiver,c6a331da-9a81-4072-a4e4-ab95fca774e7,RECEIVE,DATA,652,1060,""
1184.429,receiver,c6a331da-9a81-4072-a4e4-ab95fca774e7,ACCEPT_DATA,DATA,652,1024,"unique file bytes received"
1184.432,receiver,c6a331da-9a81-4072-a4e4-ab95fca774e7,SEND,ACK,652,36,""
1184.460,receiver,c6a331da-9a81-4072-a4e4-ab95fca774e7,EMIT,ACK,636,36,""
1184.504,receiver,c6a331da-9a81-4072-a4e4-ab95fca774e7,EMIT,ACK,607,36,""
1199.850,receiver,c6a331da-9a81-4072-a4e4-ab95fca774e7,EMIT,ACK,620,36,""
1199.879,receiver,c6a331da-9a81-4072-a4e4-ab95fca774e7,RECEIVE,DATA,655,1060,""
1199.894,receiver,c6a331da-9a81-4072-a4e4-ab95fca774e7,OUT_OF_ORDER,DATA,655,0,"arrived before missing sequence=653"
1199.905,receiver,c6a331da-9a81-4072-a4e4-ab95fca774e7,ACCEPT_DATA,DATA,655,1024,"unique file bytes received"
1199.914,receiver,c6a331da-9a81-4072-a4e4-ab95fca774e7,EMIT,ACK,629,36,""
1199.919,receiver,c6a331da-9a81-4072-a4e4-ab95fca774e7,SEND,ACK,655,36,""
1199.930,receiver,c6a331da-9a81-4072-a4e4-ab95fca774e7,EMIT,ACK,616,36,""
1199.940,receiver,c6a331da-9a81-4072-a4e4-ab95fca774e7,RECEIVE,DATA,659,1060,""
1199.943,receiver,c6a331da-9a81-4072-a4e4-ab95fca774e7,OUT_OF_ORDER,DATA,659,0,"arrived before missing sequence=653"
1199.946,receiver,c6a331da-9a81-4072-a4e4-ab95fca774e7,EMIT,ACK,606,36,""
1199.949,receiver,c6a331da-9a81-4072-a4e4-ab95fca774e7,ACCEPT_DATA,DATA,659,1024,"unique file bytes received"
1199.952,receiver,c6a331da-9a81-4072-a4e4-ab95fca774e7,SEND,ACK,659,36,""
1199.956,receiver,c6a331da-9a81-4072-a4e4-ab95fca774e7,EMIT,ACK,644,36,""
1199.959,receiver,c6a331da-9a81-4072-a4e4-ab95fca774e7,RECEIVE,DATA,653,1060,""
1199.973,receiver,c6a331da-9a81-4072-a4e4-ab95fca774e7,ACCEPT_DATA,DATA,653,1024,"unique file bytes received"
1199.976,receiver,c6a331da-9a81-4072-a4e4-ab95fca774e7,EMIT,ACK,632,36,""
1199.979,receiver,c6a331da-9a81-4072-a4e4-ab95fca774e7,SEND,ACK,653,36,""
1199.986,receiver,c6a331da-9a81-4072-a4e4-ab95fca774e7,RECEIVE,DATA,654,1060,""
1199.989,receiver,c6a331da-9a81-4072-a4e4-ab95fca774e7,ACCEPT_DATA,DATA,654,1024,"unique file bytes received"
1199.992,receiver,c6a331da-9a81-4072-a4e4-ab95fca774e7,SEND,ACK,654,36,""
1199.998,receiver,c6a331da-9a81-4072-a4e4-ab95fca774e7,EMIT,ACK,624,36,""
1200.002,receiver,c6a331da-9a81-4072-a4e4-ab95fca774e7,RECEIVE,DATA,657,1060,""
1200.005,receiver,c6a331da-9a81-4072-a4e4-ab95fca774e7,OUT_OF_ORDER,DATA,657,0,"arrived before missing sequence=656"
1200.008,receiver,c6a331da-9a81-4072-a4e4-ab95fca774e7,ACCEPT_DATA,DATA,657,1024,"unique file bytes received"
1200.011,receiver,c6a331da-9a81-4072-a4e4-ab95fca774e7,EMIT,ACK,637,36,""
1200.015,receiver,c6a331da-9a81-4072-a4e4-ab95fca774e7,SEND,ACK,657,36,""
1200.021,receiver,c6a331da-9a81-4072-a4e4-ab95fca774e7,EMIT,ACK,626,36,""
1200.024,receiver,c6a331da-9a81-4072-a4e4-ab95fca774e7,RECEIVE,DATA,656,1060,""
1200.028,receiver,c6a331da-9a81-4072-a4e4-ab95fca774e7,ACCEPT_DATA,DATA,656,1024,"unique file bytes received"
1200.030,receiver,c6a331da-9a81-4072-a4e4-ab95fca774e7,SEND,ACK,656,36,""
1200.033,receiver,c6a331da-9a81-4072-a4e4-ab95fca774e7,EMIT,ACK,627,36,""
1200.061,receiver,c6a331da-9a81-4072-a4e4-ab95fca774e7,RECEIVE,DATA,658,1060,""
1200.064,receiver,c6a331da-9a81-4072-a4e4-ab95fca774e7,ACCEPT_DATA,DATA,658,1024,"unique file bytes received"
1200.070,receiver,c6a331da-9a81-4072-a4e4-ab95fca774e7,SEND,ACK,658,36,""
1200.073,receiver,c6a331da-9a81-4072-a4e4-ab95fca774e7,EMIT,ACK,640,36,""
1200.082,receiver,c6a331da-9a81-4072-a4e4-ab95fca774e7,EMIT,ACK,643,36,""
1200.090,receiver,c6a331da-9a81-4072-a4e4-ab95fca774e7,EMIT,ACK,646,36,""
1200.116,receiver,c6a331da-9a81-4072-a4e4-ab95fca774e7,EMIT,ACK,614,36,""
1200.125,receiver,c6a331da-9a81-4072-a4e4-ab95fca774e7,EMIT,ACK,634,36,""
1215.276,receiver,c6a331da-9a81-4072-a4e4-ab95fca774e7,EMIT,ACK,630,36,""
1215.301,receiver,c6a331da-9a81-4072-a4e4-ab95fca774e7,EMIT,ACK,641,36,""
1215.311,receiver,c6a331da-9a81-4072-a4e4-ab95fca774e7,EMIT,ACK,633,36,""
1215.322,receiver,c6a331da-9a81-4072-a4e4-ab95fca774e7,EMIT,ACK,647,36,""
1215.331,receiver,c6a331da-9a81-4072-a4e4-ab95fca774e7,EMIT,ACK,650,36,""
1215.337,receiver,c6a331da-9a81-4072-a4e4-ab95fca774e7,RECEIVE,DATA,663,1060,""
1215.359,receiver,c6a331da-9a81-4072-a4e4-ab95fca774e7,EMIT,ACK,649,36,""
1215.365,receiver,c6a331da-9a81-4072-a4e4-ab95fca774e7,OUT_OF_ORDER,DATA,663,0,"arrived before missing sequence=660"
1215.375,receiver,c6a331da-9a81-4072-a4e4-ab95fca774e7,ACCEPT_DATA,DATA,663,1024,"unique file bytes received"
1215.378,receiver,c6a331da-9a81-4072-a4e4-ab95fca774e7,SEND,ACK,663,36,""
1215.392,receiver,c6a331da-9a81-4072-a4e4-ab95fca774e7,RECEIVE,DATA,661,1060,""
1215.396,receiver,c6a331da-9a81-4072-a4e4-ab95fca774e7,OUT_OF_ORDER,DATA,661,0,"arrived before missing sequence=660"
1215.398,receiver,c6a331da-9a81-4072-a4e4-ab95fca774e7,ACCEPT_DATA,DATA,661,1024,"unique file bytes received"
1215.401,receiver,c6a331da-9a81-4072-a4e4-ab95fca774e7,SEND,ACK,661,36,""
1215.407,receiver,c6a331da-9a81-4072-a4e4-ab95fca774e7,RECEIVE,DATA,662,1060,""
1215.410,receiver,c6a331da-9a81-4072-a4e4-ab95fca774e7,OUT_OF_ORDER,DATA,662,0,"arrived before missing sequence=660"
1215.413,receiver,c6a331da-9a81-4072-a4e4-ab95fca774e7,ACCEPT_DATA,DATA,662,1024,"unique file bytes received"
1215.424,receiver,c6a331da-9a81-4072-a4e4-ab95fca774e7,SEND,ACK,662,36,""
1215.430,receiver,c6a331da-9a81-4072-a4e4-ab95fca774e7,RECEIVE,DATA,664,1060,""
1215.434,receiver,c6a331da-9a81-4072-a4e4-ab95fca774e7,OUT_OF_ORDER,DATA,664,0,"arrived before missing sequence=660"
1215.436,receiver,c6a331da-9a81-4072-a4e4-ab95fca774e7,ACCEPT_DATA,DATA,664,1024,"unique file bytes received"
1215.439,receiver,c6a331da-9a81-4072-a4e4-ab95fca774e7,SEND,ACK,664,36,""
1215.444,receiver,c6a331da-9a81-4072-a4e4-ab95fca774e7,RECEIVE,DATA,660,1060,""
1215.450,receiver,c6a331da-9a81-4072-a4e4-ab95fca774e7,ACCEPT_DATA,DATA,660,1024,"unique file bytes received"
1215.453,receiver,c6a331da-9a81-4072-a4e4-ab95fca774e7,SEND,ACK,660,36,""
1215.459,receiver,c6a331da-9a81-4072-a4e4-ab95fca774e7,RECEIVE,DATA,665,1060,""
1215.462,receiver,c6a331da-9a81-4072-a4e4-ab95fca774e7,ACCEPT_DATA,DATA,665,1024,"unique file bytes received"
1215.465,receiver,c6a331da-9a81-4072-a4e4-ab95fca774e7,SEND,ACK,665,36,""
1231.070,receiver,c6a331da-9a81-4072-a4e4-ab95fca774e7,EMIT,ACK,638,36,""
1231.110,receiver,c6a331da-9a81-4072-a4e4-ab95fca774e7,EMIT,ACK,642,36,""
1231.121,receiver,c6a331da-9a81-4072-a4e4-ab95fca774e7,EMIT,ACK,652,36,""
1231.132,receiver,c6a331da-9a81-4072-a4e4-ab95fca774e7,EMIT,ACK,659,36,""
1231.142,receiver,c6a331da-9a81-4072-a4e4-ab95fca774e7,EMIT,ACK,654,36,""
1231.269,receiver,c6a331da-9a81-4072-a4e4-ab95fca774e7,RECEIVE,DATA,669,1060,""
1231.284,receiver,c6a331da-9a81-4072-a4e4-ab95fca774e7,OUT_OF_ORDER,DATA,669,0,"arrived before missing sequence=666"
1231.289,receiver,c6a331da-9a81-4072-a4e4-ab95fca774e7,ACCEPT_DATA,DATA,669,1024,"unique file bytes received"
1231.293,receiver,c6a331da-9a81-4072-a4e4-ab95fca774e7,SEND,ACK,669,36,""
1231.311,receiver,c6a331da-9a81-4072-a4e4-ab95fca774e7,RECEIVE,DATA,666,1060,""
1231.315,receiver,c6a331da-9a81-4072-a4e4-ab95fca774e7,ACCEPT_DATA,DATA,666,1024,"unique file bytes received"
1231.318,receiver,c6a331da-9a81-4072-a4e4-ab95fca774e7,SEND,ACK,666,36,""
1231.325,receiver,c6a331da-9a81-4072-a4e4-ab95fca774e7,RECEIVE,DATA,667,1060,""
1231.329,receiver,c6a331da-9a81-4072-a4e4-ab95fca774e7,ACCEPT_DATA,DATA,667,1024,"unique file bytes received"
1231.332,receiver,c6a331da-9a81-4072-a4e4-ab95fca774e7,SEND,ACK,667,36,""
1231.339,receiver,c6a331da-9a81-4072-a4e4-ab95fca774e7,RECEIVE,DATA,678,1060,""
1231.343,receiver,c6a331da-9a81-4072-a4e4-ab95fca774e7,OUT_OF_ORDER,DATA,678,0,"arrived before missing sequence=668"
1231.346,receiver,c6a331da-9a81-4072-a4e4-ab95fca774e7,ACCEPT_DATA,DATA,678,1024,"unique file bytes received"
1231.403,receiver,c6a331da-9a81-4072-a4e4-ab95fca774e7,SEND,ACK,678,36,""
1231.411,receiver,c6a331da-9a81-4072-a4e4-ab95fca774e7,RECEIVE,DATA,685,1060,""
1231.415,receiver,c6a331da-9a81-4072-a4e4-ab95fca774e7,OUT_OF_ORDER,DATA,685,0,"arrived before missing sequence=668"
1231.418,receiver,c6a331da-9a81-4072-a4e4-ab95fca774e7,ACCEPT_DATA,DATA,685,1024,"unique file bytes received"
1231.421,receiver,c6a331da-9a81-4072-a4e4-ab95fca774e7,SEND,ACK,685,36,""
1231.428,receiver,c6a331da-9a81-4072-a4e4-ab95fca774e7,RECEIVE,DATA,687,1060,""
1231.431,receiver,c6a331da-9a81-4072-a4e4-ab95fca774e7,OUT_OF_ORDER,DATA,687,0,"arrived before missing sequence=668"
1231.434,receiver,c6a331da-9a81-4072-a4e4-ab95fca774e7,ACCEPT_DATA,DATA,687,1024,"unique file bytes received"
1231.437,receiver,c6a331da-9a81-4072-a4e4-ab95fca774e7,SEND,ACK,687,36,""
1231.443,receiver,c6a331da-9a81-4072-a4e4-ab95fca774e7,RECEIVE,DATA,692,1060,""
1231.447,receiver,c6a331da-9a81-4072-a4e4-ab95fca774e7,OUT_OF_ORDER,DATA,692,0,"arrived before missing sequence=668"
1231.450,receiver,c6a331da-9a81-4072-a4e4-ab95fca774e7,ACCEPT_DATA,DATA,692,1024,"unique file bytes received"
1231.453,receiver,c6a331da-9a81-4072-a4e4-ab95fca774e7,SEND,ACK,692,36,""
1231.459,receiver,c6a331da-9a81-4072-a4e4-ab95fca774e7,RECEIVE,DATA,684,1060,""
1231.463,receiver,c6a331da-9a81-4072-a4e4-ab95fca774e7,OUT_OF_ORDER,DATA,684,0,"arrived before missing sequence=668"
1231.466,receiver,c6a331da-9a81-4072-a4e4-ab95fca774e7,ACCEPT_DATA,DATA,684,1024,"unique file bytes received"
1231.469,receiver,c6a331da-9a81-4072-a4e4-ab95fca774e7,SEND,ACK,684,36,""
1246.602,receiver,c6a331da-9a81-4072-a4e4-ab95fca774e7,EMIT,ACK,655,36,""
1246.632,receiver,c6a331da-9a81-4072-a4e4-ab95fca774e7,EMIT,ACK,651,36,""
1246.643,receiver,c6a331da-9a81-4072-a4e4-ab95fca774e7,EMIT,ACK,658,36,""
1246.653,receiver,c6a331da-9a81-4072-a4e4-ab95fca774e7,EMIT,ACK,653,36,""
1246.663,receiver,c6a331da-9a81-4072-a4e4-ab95fca774e7,EMIT,ACK,657,36,""
1246.672,receiver,c6a331da-9a81-4072-a4e4-ab95fca774e7,EMIT,ACK,665,36,""
1246.712,receiver,c6a331da-9a81-4072-a4e4-ab95fca774e7,RECEIVE,DATA,675,1060,""
1246.725,receiver,c6a331da-9a81-4072-a4e4-ab95fca774e7,OUT_OF_ORDER,DATA,675,0,"arrived before missing sequence=668"
1246.730,receiver,c6a331da-9a81-4072-a4e4-ab95fca774e7,ACCEPT_DATA,DATA,675,1024,"unique file bytes received"
1246.733,receiver,c6a331da-9a81-4072-a4e4-ab95fca774e7,SEND,ACK,675,36,""
1246.748,receiver,c6a331da-9a81-4072-a4e4-ab95fca774e7,RECEIVE,DATA,668,1060,""
1246.751,receiver,c6a331da-9a81-4072-a4e4-ab95fca774e7,ACCEPT_DATA,DATA,668,1024,"unique file bytes received"
1246.754,receiver,c6a331da-9a81-4072-a4e4-ab95fca774e7,SEND,ACK,668,36,""
1246.760,receiver,c6a331da-9a81-4072-a4e4-ab95fca774e7,RECEIVE,DATA,681,1060,""
1246.763,receiver,c6a331da-9a81-4072-a4e4-ab95fca774e7,OUT_OF_ORDER,DATA,681,0,"arrived before missing sequence=670"
1246.766,receiver,c6a331da-9a81-4072-a4e4-ab95fca774e7,ACCEPT_DATA,DATA,681,1024,"unique file bytes received"
1246.769,receiver,c6a331da-9a81-4072-a4e4-ab95fca774e7,SEND,ACK,681,36,""
1246.775,receiver,c6a331da-9a81-4072-a4e4-ab95fca774e7,RECEIVE,DATA,680,1060,""
1246.778,receiver,c6a331da-9a81-4072-a4e4-ab95fca774e7,OUT_OF_ORDER,DATA,680,0,"arrived before missing sequence=670"
1246.781,receiver,c6a331da-9a81-4072-a4e4-ab95fca774e7,ACCEPT_DATA,DATA,680,1024,"unique file bytes received"
1246.783,receiver,c6a331da-9a81-4072-a4e4-ab95fca774e7,SEND,ACK,680,36,""
1246.789,receiver,c6a331da-9a81-4072-a4e4-ab95fca774e7,RECEIVE,DATA,683,1060,""
1246.793,receiver,c6a331da-9a81-4072-a4e4-ab95fca774e7,OUT_OF_ORDER,DATA,683,0,"arrived before missing sequence=670"
1246.795,receiver,c6a331da-9a81-4072-a4e4-ab95fca774e7,ACCEPT_DATA,DATA,683,1024,"unique file bytes received"
1246.798,receiver,c6a331da-9a81-4072-a4e4-ab95fca774e7,SEND,ACK,683,36,""
1246.803,receiver,c6a331da-9a81-4072-a4e4-ab95fca774e7,RECEIVE,DATA,686,1060,""
1246.806,receiver,c6a331da-9a81-4072-a4e4-ab95fca774e7,OUT_OF_ORDER,DATA,686,0,"arrived before missing sequence=670"
1246.809,receiver,c6a331da-9a81-4072-a4e4-ab95fca774e7,ACCEPT_DATA,DATA,686,1024,"unique file bytes received"
1246.812,receiver,c6a331da-9a81-4072-a4e4-ab95fca774e7,SEND,ACK,686,36,""
1246.817,receiver,c6a331da-9a81-4072-a4e4-ab95fca774e7,RECEIVE,DATA,673,1060,""
1246.820,receiver,c6a331da-9a81-4072-a4e4-ab95fca774e7,OUT_OF_ORDER,DATA,673,0,"arrived before missing sequence=670"
1246.823,receiver,c6a331da-9a81-4072-a4e4-ab95fca774e7,ACCEPT_DATA,DATA,673,1024,"unique file bytes received"
1246.826,receiver,c6a331da-9a81-4072-a4e4-ab95fca774e7,SEND,ACK,673,36,""
1246.831,receiver,c6a331da-9a81-4072-a4e4-ab95fca774e7,RECEIVE,DATA,689,1060,""
1246.834,receiver,c6a331da-9a81-4072-a4e4-ab95fca774e7,OUT_OF_ORDER,DATA,689,0,"arrived before missing sequence=670"
1246.837,receiver,c6a331da-9a81-4072-a4e4-ab95fca774e7,ACCEPT_DATA,DATA,689,1024,"unique file bytes received"
1246.840,receiver,c6a331da-9a81-4072-a4e4-ab95fca774e7,SEND,ACK,689,36,""
1246.845,receiver,c6a331da-9a81-4072-a4e4-ab95fca774e7,RECEIVE,DATA,693,1060,""
1246.849,receiver,c6a331da-9a81-4072-a4e4-ab95fca774e7,OUT_OF_ORDER,DATA,693,0,"arrived before missing sequence=670"
1246.851,receiver,c6a331da-9a81-4072-a4e4-ab95fca774e7,ACCEPT_DATA,DATA,693,1024,"unique file bytes received"
1246.854,receiver,c6a331da-9a81-4072-a4e4-ab95fca774e7,SEND,ACK,693,36,""
1246.859,receiver,c6a331da-9a81-4072-a4e4-ab95fca774e7,RECEIVE,DATA,672,1060,""
1246.862,receiver,c6a331da-9a81-4072-a4e4-ab95fca774e7,OUT_OF_ORDER,DATA,672,0,"arrived before missing sequence=670"
1246.865,receiver,c6a331da-9a81-4072-a4e4-ab95fca774e7,ACCEPT_DATA,DATA,672,1024,"unique file bytes received"
1246.868,receiver,c6a331da-9a81-4072-a4e4-ab95fca774e7,SEND,ACK,672,36,""
1246.877,receiver,c6a331da-9a81-4072-a4e4-ab95fca774e7,RECEIVE,DATA,674,1060,""
1246.880,receiver,c6a331da-9a81-4072-a4e4-ab95fca774e7,OUT_OF_ORDER,DATA,674,0,"arrived before missing sequence=670"
1246.883,receiver,c6a331da-9a81-4072-a4e4-ab95fca774e7,ACCEPT_DATA,DATA,674,1024,"unique file bytes received"
1246.885,receiver,c6a331da-9a81-4072-a4e4-ab95fca774e7,SEND,ACK,674,36,""
1246.891,receiver,c6a331da-9a81-4072-a4e4-ab95fca774e7,RECEIVE,DATA,679,1060,""
1246.894,receiver,c6a331da-9a81-4072-a4e4-ab95fca774e7,OUT_OF_ORDER,DATA,679,0,"arrived before missing sequence=670"
1246.896,receiver,c6a331da-9a81-4072-a4e4-ab95fca774e7,ACCEPT_DATA,DATA,679,1024,"unique file bytes received"
1246.899,receiver,c6a331da-9a81-4072-a4e4-ab95fca774e7,SEND,ACK,679,36,""
1246.904,receiver,c6a331da-9a81-4072-a4e4-ab95fca774e7,RECEIVE,DATA,690,1060,""
1246.907,receiver,c6a331da-9a81-4072-a4e4-ab95fca774e7,OUT_OF_ORDER,DATA,690,0,"arrived before missing sequence=670"
1246.910,receiver,c6a331da-9a81-4072-a4e4-ab95fca774e7,ACCEPT_DATA,DATA,690,1024,"unique file bytes received"
1246.913,receiver,c6a331da-9a81-4072-a4e4-ab95fca774e7,SEND,ACK,690,36,""
1246.918,receiver,c6a331da-9a81-4072-a4e4-ab95fca774e7,RECEIVE,DATA,697,1060,""
1246.921,receiver,c6a331da-9a81-4072-a4e4-ab95fca774e7,OUT_OF_ORDER,DATA,697,0,"arrived before missing sequence=670"
1246.924,receiver,c6a331da-9a81-4072-a4e4-ab95fca774e7,ACCEPT_DATA,DATA,697,1024,"unique file bytes received"
1246.926,receiver,c6a331da-9a81-4072-a4e4-ab95fca774e7,SEND,ACK,697,36,""
1246.932,receiver,c6a331da-9a81-4072-a4e4-ab95fca774e7,RECEIVE,DATA,671,1060,""
1246.935,receiver,c6a331da-9a81-4072-a4e4-ab95fca774e7,OUT_OF_ORDER,DATA,671,0,"arrived before missing sequence=670"
1246.937,receiver,c6a331da-9a81-4072-a4e4-ab95fca774e7,ACCEPT_DATA,DATA,671,1024,"unique file bytes received"
1246.940,receiver,c6a331da-9a81-4072-a4e4-ab95fca774e7,SEND,ACK,671,36,""
1246.945,receiver,c6a331da-9a81-4072-a4e4-ab95fca774e7,RECEIVE,DATA,677,1060,""
1246.948,receiver,c6a331da-9a81-4072-a4e4-ab95fca774e7,OUT_OF_ORDER,DATA,677,0,"arrived before missing sequence=670"
1246.951,receiver,c6a331da-9a81-4072-a4e4-ab95fca774e7,ACCEPT_DATA,DATA,677,1024,"unique file bytes received"
1246.954,receiver,c6a331da-9a81-4072-a4e4-ab95fca774e7,SEND,ACK,677,36,""
1247.090,receiver,c6a331da-9a81-4072-a4e4-ab95fca774e7,RECEIVE,DATA,691,1060,""
1247.131,receiver,c6a331da-9a81-4072-a4e4-ab95fca774e7,OUT_OF_ORDER,DATA,691,0,"arrived before missing sequence=670"
1247.136,receiver,c6a331da-9a81-4072-a4e4-ab95fca774e7,ACCEPT_DATA,DATA,691,1024,"unique file bytes received"
1247.139,receiver,c6a331da-9a81-4072-a4e4-ab95fca774e7,SEND,ACK,691,36,""
1247.152,receiver,c6a331da-9a81-4072-a4e4-ab95fca774e7,RECEIVE,DATA,695,1060,""
1247.155,receiver,c6a331da-9a81-4072-a4e4-ab95fca774e7,OUT_OF_ORDER,DATA,695,0,"arrived before missing sequence=670"
1247.158,receiver,c6a331da-9a81-4072-a4e4-ab95fca774e7,ACCEPT_DATA,DATA,695,1024,"unique file bytes received"
1247.160,receiver,c6a331da-9a81-4072-a4e4-ab95fca774e7,SEND,ACK,695,36,""
1247.166,receiver,c6a331da-9a81-4072-a4e4-ab95fca774e7,RECEIVE,DATA,670,1060,""
1247.170,receiver,c6a331da-9a81-4072-a4e4-ab95fca774e7,ACCEPT_DATA,DATA,670,1024,"unique file bytes received"
1247.172,receiver,c6a331da-9a81-4072-a4e4-ab95fca774e7,SEND,ACK,670,36,""
1247.178,receiver,c6a331da-9a81-4072-a4e4-ab95fca774e7,RECEIVE,DATA,682,1060,""
1247.181,receiver,c6a331da-9a81-4072-a4e4-ab95fca774e7,OUT_OF_ORDER,DATA,682,0,"arrived before missing sequence=676"
1247.183,receiver,c6a331da-9a81-4072-a4e4-ab95fca774e7,ACCEPT_DATA,DATA,682,1024,"unique file bytes received"
1247.186,receiver,c6a331da-9a81-4072-a4e4-ab95fca774e7,SEND,ACK,682,36,""
1261.871,receiver,c6a331da-9a81-4072-a4e4-ab95fca774e7,EMIT,ACK,656,36,""
1261.903,receiver,c6a331da-9a81-4072-a4e4-ab95fca774e7,EMIT,ACK,661,36,""
1261.912,receiver,c6a331da-9a81-4072-a4e4-ab95fca774e7,EMIT,ACK,663,36,""
1261.954,receiver,c6a331da-9a81-4072-a4e4-ab95fca774e7,EMIT,ACK,667,36,""
1261.963,receiver,c6a331da-9a81-4072-a4e4-ab95fca774e7,EMIT,ACK,660,36,""
1261.972,receiver,c6a331da-9a81-4072-a4e4-ab95fca774e7,EMIT,ACK,664,36,""
1261.981,receiver,c6a331da-9a81-4072-a4e4-ab95fca774e7,EMIT,ACK,669,36,""
1261.986,receiver,c6a331da-9a81-4072-a4e4-ab95fca774e7,RECEIVE,DATA,694,1060,""
1262.039,receiver,c6a331da-9a81-4072-a4e4-ab95fca774e7,OUT_OF_ORDER,DATA,694,0,"arrived before missing sequence=676"
1262.049,receiver,c6a331da-9a81-4072-a4e4-ab95fca774e7,ACCEPT_DATA,DATA,694,1024,"unique file bytes received"
1262.063,receiver,c6a331da-9a81-4072-a4e4-ab95fca774e7,SEND,ACK,694,36,""
1262.156,receiver,c6a331da-9a81-4072-a4e4-ab95fca774e7,RECEIVE,DATA,700,1060,""
1262.168,receiver,c6a331da-9a81-4072-a4e4-ab95fca774e7,OUT_OF_ORDER,DATA,700,0,"arrived before missing sequence=676"
1262.172,receiver,c6a331da-9a81-4072-a4e4-ab95fca774e7,ACCEPT_DATA,DATA,700,1024,"unique file bytes received"
1262.175,receiver,c6a331da-9a81-4072-a4e4-ab95fca774e7,SEND,ACK,700,36,""
1262.201,receiver,c6a331da-9a81-4072-a4e4-ab95fca774e7,RECEIVE,DATA,676,1060,""
1262.205,receiver,c6a331da-9a81-4072-a4e4-ab95fca774e7,ACCEPT_DATA,DATA,676,1024,"unique file bytes received"
1262.208,receiver,c6a331da-9a81-4072-a4e4-ab95fca774e7,SEND,ACK,676,36,""
1262.219,receiver,c6a331da-9a81-4072-a4e4-ab95fca774e7,RECEIVE,DATA,688,1060,""
1262.222,receiver,c6a331da-9a81-4072-a4e4-ab95fca774e7,ACCEPT_DATA,DATA,688,1024,"unique file bytes received"
1262.225,receiver,c6a331da-9a81-4072-a4e4-ab95fca774e7,SEND,ACK,688,36,""
1262.230,receiver,c6a331da-9a81-4072-a4e4-ab95fca774e7,RECEIVE,DATA,699,1060,""
1262.233,receiver,c6a331da-9a81-4072-a4e4-ab95fca774e7,OUT_OF_ORDER,DATA,699,0,"arrived before missing sequence=696"
1262.236,receiver,c6a331da-9a81-4072-a4e4-ab95fca774e7,ACCEPT_DATA,DATA,699,1024,"unique file bytes received"
1262.239,receiver,c6a331da-9a81-4072-a4e4-ab95fca774e7,SEND,ACK,699,36,""
1262.406,receiver,c6a331da-9a81-4072-a4e4-ab95fca774e7,RECEIVE,DATA,704,1060,""
1262.419,receiver,c6a331da-9a81-4072-a4e4-ab95fca774e7,OUT_OF_ORDER,DATA,704,0,"arrived before missing sequence=696"
1262.423,receiver,c6a331da-9a81-4072-a4e4-ab95fca774e7,ACCEPT_DATA,DATA,704,1024,"unique file bytes received"
1262.427,receiver,c6a331da-9a81-4072-a4e4-ab95fca774e7,SEND,ACK,704,36,""
1262.440,receiver,c6a331da-9a81-4072-a4e4-ab95fca774e7,RECEIVE,DATA,696,1060,""
1262.444,receiver,c6a331da-9a81-4072-a4e4-ab95fca774e7,ACCEPT_DATA,DATA,696,1024,"unique file bytes received"
1262.447,receiver,c6a331da-9a81-4072-a4e4-ab95fca774e7,SEND,ACK,696,36,""
1262.453,receiver,c6a331da-9a81-4072-a4e4-ab95fca774e7,RECEIVE,DATA,698,1060,""
1262.457,receiver,c6a331da-9a81-4072-a4e4-ab95fca774e7,ACCEPT_DATA,DATA,698,1024,"unique file bytes received"
1262.460,receiver,c6a331da-9a81-4072-a4e4-ab95fca774e7,SEND,ACK,698,36,""
1262.466,receiver,c6a331da-9a81-4072-a4e4-ab95fca774e7,RECEIVE,DATA,707,1060,""
1262.469,receiver,c6a331da-9a81-4072-a4e4-ab95fca774e7,OUT_OF_ORDER,DATA,707,0,"arrived before missing sequence=701"
1262.472,receiver,c6a331da-9a81-4072-a4e4-ab95fca774e7,ACCEPT_DATA,DATA,707,1024,"unique file bytes received"
1262.475,receiver,c6a331da-9a81-4072-a4e4-ab95fca774e7,SEND,ACK,707,36,""
1262.481,receiver,c6a331da-9a81-4072-a4e4-ab95fca774e7,RECEIVE,DATA,713,1060,""
1262.484,receiver,c6a331da-9a81-4072-a4e4-ab95fca774e7,OUT_OF_ORDER,DATA,713,0,"arrived before missing sequence=701"
1262.487,receiver,c6a331da-9a81-4072-a4e4-ab95fca774e7,ACCEPT_DATA,DATA,713,1024,"unique file bytes received"
1262.492,receiver,c6a331da-9a81-4072-a4e4-ab95fca774e7,SEND,ACK,713,36,""
1276.836,receiver,c6a331da-9a81-4072-a4e4-ab95fca774e7,EMIT,ACK,678,36,""
1276.847,receiver,c6a331da-9a81-4072-a4e4-ab95fca774e7,RECEIVE,DATA,701,1060,""
1276.857,receiver,c6a331da-9a81-4072-a4e4-ab95fca774e7,EMIT,ACK,662,36,""
1276.860,receiver,c6a331da-9a81-4072-a4e4-ab95fca774e7,ACCEPT_DATA,DATA,701,1024,"unique file bytes received"
1276.864,receiver,c6a331da-9a81-4072-a4e4-ab95fca774e7,SEND,ACK,701,36,""
1276.867,receiver,c6a331da-9a81-4072-a4e4-ab95fca774e7,EMIT,ACK,692,36,""
1276.877,receiver,c6a331da-9a81-4072-a4e4-ab95fca774e7,EMIT,ACK,666,36,""
1276.880,receiver,c6a331da-9a81-4072-a4e4-ab95fca774e7,RECEIVE,DATA,709,1060,""
1276.884,receiver,c6a331da-9a81-4072-a4e4-ab95fca774e7,OUT_OF_ORDER,DATA,709,0,"arrived before missing sequence=702"
1276.887,receiver,c6a331da-9a81-4072-a4e4-ab95fca774e7,ACCEPT_DATA,DATA,709,1024,"unique file bytes received"
1276.889,receiver,c6a331da-9a81-4072-a4e4-ab95fca774e7,EMIT,ACK,685,36,""
1276.892,receiver,c6a331da-9a81-4072-a4e4-ab95fca774e7,SEND,ACK,709,36,""
1276.898,receiver,c6a331da-9a81-4072-a4e4-ab95fca774e7,RECEIVE,DATA,710,1060,""
1276.901,receiver,c6a331da-9a81-4072-a4e4-ab95fca774e7,EMIT,ACK,690,36,""
1276.904,receiver,c6a331da-9a81-4072-a4e4-ab95fca774e7,OUT_OF_ORDER,DATA,710,0,"arrived before missing sequence=702"
1276.906,receiver,c6a331da-9a81-4072-a4e4-ab95fca774e7,ACCEPT_DATA,DATA,710,1024,"unique file bytes received"
1276.909,receiver,c6a331da-9a81-4072-a4e4-ab95fca774e7,EMIT,ACK,671,36,""
1276.911,receiver,c6a331da-9a81-4072-a4e4-ab95fca774e7,SEND,ACK,710,36,""
1276.916,receiver,c6a331da-9a81-4072-a4e4-ab95fca774e7,EMIT,ACK,695,36,""
1276.919,receiver,c6a331da-9a81-4072-a4e4-ab95fca774e7,RECEIVE,DATA,712,1060,""
1276.922,receiver,c6a331da-9a81-4072-a4e4-ab95fca774e7,OUT_OF_ORDER,DATA,712,0,"arrived before missing sequence=702"
1276.924,receiver,c6a331da-9a81-4072-a4e4-ab95fca774e7,EMIT,ACK,679,36,""
1276.939,receiver,c6a331da-9a81-4072-a4e4-ab95fca774e7,ACCEPT_DATA,DATA,712,1024,"unique file bytes received"
1276.942,receiver,c6a331da-9a81-4072-a4e4-ab95fca774e7,SEND,ACK,712,36,""
1276.944,receiver,c6a331da-9a81-4072-a4e4-ab95fca774e7,EMIT,ACK,684,36,""
1276.948,receiver,c6a331da-9a81-4072-a4e4-ab95fca774e7,RECEIVE,DATA,708,1060,""
1276.951,receiver,c6a331da-9a81-4072-a4e4-ab95fca774e7,OUT_OF_ORDER,DATA,708,0,"arrived before missing sequence=702"
1276.953,receiver,c6a331da-9a81-4072-a4e4-ab95fca774e7,EMIT,ACK,683,36,""
1276.956,receiver,c6a331da-9a81-4072-a4e4-ab95fca774e7,ACCEPT_DATA,DATA,708,1024,"unique file bytes received"
1276.959,receiver,c6a331da-9a81-4072-a4e4-ab95fca774e7,SEND,ACK,708,36,""
1276.961,receiver,c6a331da-9a81-4072-a4e4-ab95fca774e7,EMIT,ACK,675,36,""
1276.965,receiver,c6a331da-9a81-4072-a4e4-ab95fca774e7,RECEIVE,DATA,714,1060,""
1276.968,receiver,c6a331da-9a81-4072-a4e4-ab95fca774e7,OUT_OF_ORDER,DATA,714,0,"arrived before missing sequence=702"
1276.982,receiver,c6a331da-9a81-4072-a4e4-ab95fca774e7,EMIT,ACK,681,36,""
1277.120,receiver,c6a331da-9a81-4072-a4e4-ab95fca774e7,ACCEPT_DATA,DATA,714,1024,"unique file bytes received"
1277.128,receiver,c6a331da-9a81-4072-a4e4-ab95fca774e7,SEND,ACK,714,36,""
1277.149,receiver,c6a331da-9a81-4072-a4e4-ab95fca774e7,RECEIVE,DATA,716,1060,""
1277.153,receiver,c6a331da-9a81-4072-a4e4-ab95fca774e7,OUT_OF_ORDER,DATA,716,0,"arrived before missing sequence=702"
1277.156,receiver,c6a331da-9a81-4072-a4e4-ab95fca774e7,ACCEPT_DATA,DATA,716,1024,"unique file bytes received"
1277.159,receiver,c6a331da-9a81-4072-a4e4-ab95fca774e7,SEND,ACK,716,36,""
1277.266,receiver,c6a331da-9a81-4072-a4e4-ab95fca774e7,RECEIVE,DATA,703,1060,""
1277.276,receiver,c6a331da-9a81-4072-a4e4-ab95fca774e7,OUT_OF_ORDER,DATA,703,0,"arrived before missing sequence=702"
1277.279,receiver,c6a331da-9a81-4072-a4e4-ab95fca774e7,ACCEPT_DATA,DATA,703,1024,"unique file bytes received"
1277.282,receiver,c6a331da-9a81-4072-a4e4-ab95fca774e7,SEND,ACK,703,36,""
1277.293,receiver,c6a331da-9a81-4072-a4e4-ab95fca774e7,RECEIVE,DATA,711,1060,""
1277.296,receiver,c6a331da-9a81-4072-a4e4-ab95fca774e7,OUT_OF_ORDER,DATA,711,0,"arrived before missing sequence=702"
1277.298,receiver,c6a331da-9a81-4072-a4e4-ab95fca774e7,ACCEPT_DATA,DATA,711,1024,"unique file bytes received"
1277.301,receiver,c6a331da-9a81-4072-a4e4-ab95fca774e7,SEND,ACK,711,36,""
1277.306,receiver,c6a331da-9a81-4072-a4e4-ab95fca774e7,RECEIVE,DATA,717,1060,""
1277.309,receiver,c6a331da-9a81-4072-a4e4-ab95fca774e7,OUT_OF_ORDER,DATA,717,0,"arrived before missing sequence=702"
1277.311,receiver,c6a331da-9a81-4072-a4e4-ab95fca774e7,ACCEPT_DATA,DATA,717,1024,"unique file bytes received"
1277.314,receiver,c6a331da-9a81-4072-a4e4-ab95fca774e7,SEND,ACK,717,36,""
1277.319,receiver,c6a331da-9a81-4072-a4e4-ab95fca774e7,RECEIVE,DATA,706,1060,""
1277.321,receiver,c6a331da-9a81-4072-a4e4-ab95fca774e7,OUT_OF_ORDER,DATA,706,0,"arrived before missing sequence=702"
1277.324,receiver,c6a331da-9a81-4072-a4e4-ab95fca774e7,ACCEPT_DATA,DATA,706,1024,"unique file bytes received"
1277.326,receiver,c6a331da-9a81-4072-a4e4-ab95fca774e7,SEND,ACK,706,36,""
1293.409,receiver,c6a331da-9a81-4072-a4e4-ab95fca774e7,EMIT,ACK,691,36,""
1293.516,receiver,c6a331da-9a81-4072-a4e4-ab95fca774e7,EMIT,ACK,682,36,""
1293.558,receiver,c6a331da-9a81-4072-a4e4-ab95fca774e7,EMIT,ACK,672,36,""
1293.566,receiver,c6a331da-9a81-4072-a4e4-ab95fca774e7,EMIT,ACK,687,36,""
1293.574,receiver,c6a331da-9a81-4072-a4e4-ab95fca774e7,EMIT,ACK,677,36,""
1293.582,receiver,c6a331da-9a81-4072-a4e4-ab95fca774e7,EMIT,ACK,670,36,""
1293.590,receiver,c6a331da-9a81-4072-a4e4-ab95fca774e7,EMIT,ACK,686,36,""
1293.597,receiver,c6a331da-9a81-4072-a4e4-ab95fca774e7,EMIT,ACK,689,36,""
1293.609,receiver,c6a331da-9a81-4072-a4e4-ab95fca774e7,EMIT,ACK,698,36,""
1293.616,receiver,c6a331da-9a81-4072-a4e4-ab95fca774e7,EMIT,ACK,674,36,""
1293.624,receiver,c6a331da-9a81-4072-a4e4-ab95fca774e7,EMIT,ACK,680,36,""
1293.632,receiver,c6a331da-9a81-4072-a4e4-ab95fca774e7,EMIT,ACK,693,36,""
1293.648,receiver,c6a331da-9a81-4072-a4e4-ab95fca774e7,EMIT,ACK,694,36,""
1293.658,receiver,c6a331da-9a81-4072-a4e4-ab95fca774e7,RECEIVE,DATA,705,1060,""
1293.683,receiver,c6a331da-9a81-4072-a4e4-ab95fca774e7,OUT_OF_ORDER,DATA,705,0,"arrived before missing sequence=702"
1293.694,receiver,c6a331da-9a81-4072-a4e4-ab95fca774e7,ACCEPT_DATA,DATA,705,1024,"unique file bytes received"
1293.715,receiver,c6a331da-9a81-4072-a4e4-ab95fca774e7,SEND,ACK,705,36,""
1293.758,receiver,c6a331da-9a81-4072-a4e4-ab95fca774e7,RECEIVE,DATA,719,1060,""
1293.769,receiver,c6a331da-9a81-4072-a4e4-ab95fca774e7,OUT_OF_ORDER,DATA,719,0,"arrived before missing sequence=702"
1293.777,receiver,c6a331da-9a81-4072-a4e4-ab95fca774e7,ACCEPT_DATA,DATA,719,1024,"unique file bytes received"
1293.785,receiver,c6a331da-9a81-4072-a4e4-ab95fca774e7,SEND,ACK,719,36,""
1293.806,receiver,c6a331da-9a81-4072-a4e4-ab95fca774e7,RECEIVE,DATA,702,1060,""
1293.816,receiver,c6a331da-9a81-4072-a4e4-ab95fca774e7,ACCEPT_DATA,DATA,702,1024,"unique file bytes received"
1293.823,receiver,c6a331da-9a81-4072-a4e4-ab95fca774e7,SEND,ACK,702,36,""
1293.843,receiver,c6a331da-9a81-4072-a4e4-ab95fca774e7,RECEIVE,DATA,715,1060,""
1293.853,receiver,c6a331da-9a81-4072-a4e4-ab95fca774e7,ACCEPT_DATA,DATA,715,1024,"unique file bytes received"
1293.861,receiver,c6a331da-9a81-4072-a4e4-ab95fca774e7,SEND,ACK,715,36,""
1293.880,receiver,c6a331da-9a81-4072-a4e4-ab95fca774e7,RECEIVE,DATA,720,1060,""
1293.890,receiver,c6a331da-9a81-4072-a4e4-ab95fca774e7,OUT_OF_ORDER,DATA,720,0,"arrived before missing sequence=718"
1293.897,receiver,c6a331da-9a81-4072-a4e4-ab95fca774e7,ACCEPT_DATA,DATA,720,1024,"unique file bytes received"
1293.905,receiver,c6a331da-9a81-4072-a4e4-ab95fca774e7,SEND,ACK,720,36,""
1293.924,receiver,c6a331da-9a81-4072-a4e4-ab95fca774e7,RECEIVE,DATA,722,1060,""
1293.934,receiver,c6a331da-9a81-4072-a4e4-ab95fca774e7,OUT_OF_ORDER,DATA,722,0,"arrived before missing sequence=718"
1293.941,receiver,c6a331da-9a81-4072-a4e4-ab95fca774e7,ACCEPT_DATA,DATA,722,1024,"unique file bytes received"
1293.948,receiver,c6a331da-9a81-4072-a4e4-ab95fca774e7,SEND,ACK,722,36,""
1293.968,receiver,c6a331da-9a81-4072-a4e4-ab95fca774e7,RECEIVE,DATA,718,1060,""
1293.977,receiver,c6a331da-9a81-4072-a4e4-ab95fca774e7,ACCEPT_DATA,DATA,718,1024,"unique file bytes received"
1293.985,receiver,c6a331da-9a81-4072-a4e4-ab95fca774e7,SEND,ACK,718,36,""
1308.628,receiver,c6a331da-9a81-4072-a4e4-ab95fca774e7,EMIT,ACK,668,36,""
1308.646,receiver,c6a331da-9a81-4072-a4e4-ab95fca774e7,EMIT,ACK,697,36,""
1308.654,receiver,c6a331da-9a81-4072-a4e4-ab95fca774e7,EMIT,ACK,673,36,""
1308.661,receiver,c6a331da-9a81-4072-a4e4-ab95fca774e7,EMIT,ACK,700,36,""
1308.668,receiver,c6a331da-9a81-4072-a4e4-ab95fca774e7,EMIT,ACK,676,36,""
1308.687,receiver,c6a331da-9a81-4072-a4e4-ab95fca774e7,EMIT,ACK,704,36,""
1308.695,receiver,c6a331da-9a81-4072-a4e4-ab95fca774e7,EMIT,ACK,716,36,""
1308.702,receiver,c6a331da-9a81-4072-a4e4-ab95fca774e7,EMIT,ACK,696,36,""
1308.709,receiver,c6a331da-9a81-4072-a4e4-ab95fca774e7,EMIT,ACK,703,36,""
1308.716,receiver,c6a331da-9a81-4072-a4e4-ab95fca774e7,EMIT,ACK,688,36,""
1308.724,receiver,c6a331da-9a81-4072-a4e4-ab95fca774e7,EMIT,ACK,717,36,""
1308.731,receiver,c6a331da-9a81-4072-a4e4-ab95fca774e7,EMIT,ACK,701,36,""
1309.072,receiver,c6a331da-9a81-4072-a4e4-ab95fca774e7,RECEIVE,DATA,721,1060,""
1309.085,receiver,c6a331da-9a81-4072-a4e4-ab95fca774e7,ACCEPT_DATA,DATA,721,1024,"unique file bytes received"
1309.089,receiver,c6a331da-9a81-4072-a4e4-ab95fca774e7,SEND,ACK,721,36,""
1309.102,receiver,c6a331da-9a81-4072-a4e4-ab95fca774e7,RECEIVE,DATA,725,1060,""
1309.105,receiver,c6a331da-9a81-4072-a4e4-ab95fca774e7,OUT_OF_ORDER,DATA,725,0,"arrived before missing sequence=723"
1309.111,receiver,c6a331da-9a81-4072-a4e4-ab95fca774e7,ACCEPT_DATA,DATA,725,1024,"unique file bytes received"
1309.114,receiver,c6a331da-9a81-4072-a4e4-ab95fca774e7,SEND,ACK,725,36,""
1309.123,receiver,c6a331da-9a81-4072-a4e4-ab95fca774e7,RECEIVE,DATA,726,1060,""
1309.125,receiver,c6a331da-9a81-4072-a4e4-ab95fca774e7,OUT_OF_ORDER,DATA,726,0,"arrived before missing sequence=723"
1309.128,receiver,c6a331da-9a81-4072-a4e4-ab95fca774e7,ACCEPT_DATA,DATA,726,1024,"unique file bytes received"
1309.130,receiver,c6a331da-9a81-4072-a4e4-ab95fca774e7,SEND,ACK,726,36,""
1309.134,receiver,c6a331da-9a81-4072-a4e4-ab95fca774e7,RECEIVE,DATA,723,1060,""
1309.137,receiver,c6a331da-9a81-4072-a4e4-ab95fca774e7,ACCEPT_DATA,DATA,723,1024,"unique file bytes received"
1309.139,receiver,c6a331da-9a81-4072-a4e4-ab95fca774e7,SEND,ACK,723,36,""
1309.143,receiver,c6a331da-9a81-4072-a4e4-ab95fca774e7,RECEIVE,DATA,724,1060,""
1309.147,receiver,c6a331da-9a81-4072-a4e4-ab95fca774e7,ACCEPT_DATA,DATA,724,1024,"unique file bytes received"
1309.149,receiver,c6a331da-9a81-4072-a4e4-ab95fca774e7,SEND,ACK,724,36,""
1324.501,receiver,c6a331da-9a81-4072-a4e4-ab95fca774e7,EMIT,ACK,713,36,""
1324.779,receiver,c6a331da-9a81-4072-a4e4-ab95fca774e7,EMIT,ACK,706,36,""
1324.793,receiver,c6a331da-9a81-4072-a4e4-ab95fca774e7,RECEIVE,DATA,731,1060,""
1324.805,receiver,c6a331da-9a81-4072-a4e4-ab95fca774e7,OUT_OF_ORDER,DATA,731,0,"arrived before missing sequence=727"
1324.881,receiver,c6a331da-9a81-4072-a4e4-ab95fca774e7,ACCEPT_DATA,DATA,731,1024,"unique file bytes received"
1324.885,receiver,c6a331da-9a81-4072-a4e4-ab95fca774e7,SEND,ACK,731,36,""
1324.900,receiver,c6a331da-9a81-4072-a4e4-ab95fca774e7,RECEIVE,DATA,729,1060,""
1324.904,receiver,c6a331da-9a81-4072-a4e4-ab95fca774e7,OUT_OF_ORDER,DATA,729,0,"arrived before missing sequence=727"
1324.907,receiver,c6a331da-9a81-4072-a4e4-ab95fca774e7,ACCEPT_DATA,DATA,729,1024,"unique file bytes received"
1324.910,receiver,c6a331da-9a81-4072-a4e4-ab95fca774e7,SEND,ACK,729,36,""
1324.916,receiver,c6a331da-9a81-4072-a4e4-ab95fca774e7,RECEIVE,DATA,730,1060,""
1324.919,receiver,c6a331da-9a81-4072-a4e4-ab95fca774e7,OUT_OF_ORDER,DATA,730,0,"arrived before missing sequence=727"
1324.921,receiver,c6a331da-9a81-4072-a4e4-ab95fca774e7,ACCEPT_DATA,DATA,730,1024,"unique file bytes received"
1324.924,receiver,c6a331da-9a81-4072-a4e4-ab95fca774e7,SEND,ACK,730,36,""
1324.930,receiver,c6a331da-9a81-4072-a4e4-ab95fca774e7,RECEIVE,DATA,727,1060,""
1324.933,receiver,c6a331da-9a81-4072-a4e4-ab95fca774e7,ACCEPT_DATA,DATA,727,1024,"unique file bytes received"
1324.936,receiver,c6a331da-9a81-4072-a4e4-ab95fca774e7,SEND,ACK,727,36,""
1324.941,receiver,c6a331da-9a81-4072-a4e4-ab95fca774e7,RECEIVE,DATA,728,1060,""
1324.945,receiver,c6a331da-9a81-4072-a4e4-ab95fca774e7,ACCEPT_DATA,DATA,728,1024,"unique file bytes received"
1324.947,receiver,c6a331da-9a81-4072-a4e4-ab95fca774e7,SEND,ACK,728,36,""
1325.092,receiver,c6a331da-9a81-4072-a4e4-ab95fca774e7,EMIT,ACK,707,36,""
1325.126,receiver,c6a331da-9a81-4072-a4e4-ab95fca774e7,EMIT,ACK,708,36,""
1325.136,receiver,c6a331da-9a81-4072-a4e4-ab95fca774e7,EMIT,ACK,699,36,""
1325.143,receiver,c6a331da-9a81-4072-a4e4-ab95fca774e7,EMIT,ACK,714,36,""
1325.151,receiver,c6a331da-9a81-4072-a4e4-ab95fca774e7,EMIT,ACK,711,36,""
1325.158,receiver,c6a331da-9a81-4072-a4e4-ab95fca774e7,EMIT,ACK,719,36,""
1325.168,receiver,c6a331da-9a81-4072-a4e4-ab95fca774e7,EMIT,ACK,709,36,""
1325.175,receiver,c6a331da-9a81-4072-a4e4-ab95fca774e7,EMIT,ACK,710,36,""
1325.181,receiver,c6a331da-9a81-4072-a4e4-ab95fca774e7,EMIT,ACK,718,36,""
1325.188,receiver,c6a331da-9a81-4072-a4e4-ab95fca774e7,EMIT,ACK,702,36,""
1325.195,receiver,c6a331da-9a81-4072-a4e4-ab95fca774e7,EMIT,ACK,712,36,""
1340.136,receiver,c6a331da-9a81-4072-a4e4-ab95fca774e7,EMIT,ACK,705,36,""
1340.196,receiver,c6a331da-9a81-4072-a4e4-ab95fca774e7,EMIT,ACK,715,36,""
1340.206,receiver,c6a331da-9a81-4072-a4e4-ab95fca774e7,EMIT,ACK,720,36,""
1340.218,receiver,c6a331da-9a81-4072-a4e4-ab95fca774e7,EMIT,ACK,726,36,""
1340.410,receiver,c6a331da-9a81-4072-a4e4-ab95fca774e7,RECEIVE,DATA,735,1060,""
1340.453,receiver,c6a331da-9a81-4072-a4e4-ab95fca774e7,OUT_OF_ORDER,DATA,735,0,"arrived before missing sequence=732"
1340.458,receiver,c6a331da-9a81-4072-a4e4-ab95fca774e7,ACCEPT_DATA,DATA,735,1024,"unique file bytes received"
1340.462,receiver,c6a331da-9a81-4072-a4e4-ab95fca774e7,SEND,ACK,735,36,""
1340.546,receiver,c6a331da-9a81-4072-a4e4-ab95fca774e7,RECEIVE,DATA,760,1060,""
1340.570,receiver,c6a331da-9a81-4072-a4e4-ab95fca774e7,OUT_OF_ORDER,DATA,760,0,"arrived before missing sequence=732"
1340.574,receiver,c6a331da-9a81-4072-a4e4-ab95fca774e7,ACCEPT_DATA,DATA,760,1024,"unique file bytes received"
1340.577,receiver,c6a331da-9a81-4072-a4e4-ab95fca774e7,SEND,ACK,760,36,""
1340.592,receiver,c6a331da-9a81-4072-a4e4-ab95fca774e7,RECEIVE,DATA,750,1060,""
1340.595,receiver,c6a331da-9a81-4072-a4e4-ab95fca774e7,OUT_OF_ORDER,DATA,750,0,"arrived before missing sequence=732"
1340.598,receiver,c6a331da-9a81-4072-a4e4-ab95fca774e7,ACCEPT_DATA,DATA,750,1024,"unique file bytes received"
1340.600,receiver,c6a331da-9a81-4072-a4e4-ab95fca774e7,SEND,ACK,750,36,""
1340.608,receiver,c6a331da-9a81-4072-a4e4-ab95fca774e7,RECEIVE,DATA,754,1060,""
1340.611,receiver,c6a331da-9a81-4072-a4e4-ab95fca774e7,OUT_OF_ORDER,DATA,754,0,"arrived before missing sequence=732"
1340.613,receiver,c6a331da-9a81-4072-a4e4-ab95fca774e7,ACCEPT_DATA,DATA,754,1024,"unique file bytes received"
1340.616,receiver,c6a331da-9a81-4072-a4e4-ab95fca774e7,SEND,ACK,754,36,""
1340.621,receiver,c6a331da-9a81-4072-a4e4-ab95fca774e7,RECEIVE,DATA,749,1060,""
1340.624,receiver,c6a331da-9a81-4072-a4e4-ab95fca774e7,OUT_OF_ORDER,DATA,749,0,"arrived before missing sequence=732"
1340.627,receiver,c6a331da-9a81-4072-a4e4-ab95fca774e7,ACCEPT_DATA,DATA,749,1024,"unique file bytes received"
1340.629,receiver,c6a331da-9a81-4072-a4e4-ab95fca774e7,SEND,ACK,749,36,""
1340.635,receiver,c6a331da-9a81-4072-a4e4-ab95fca774e7,RECEIVE,DATA,757,1060,""
1340.638,receiver,c6a331da-9a81-4072-a4e4-ab95fca774e7,OUT_OF_ORDER,DATA,757,0,"arrived before missing sequence=732"
1340.645,receiver,c6a331da-9a81-4072-a4e4-ab95fca774e7,ACCEPT_DATA,DATA,757,1024,"unique file bytes received"
1340.647,receiver,c6a331da-9a81-4072-a4e4-ab95fca774e7,SEND,ACK,757,36,""
1340.652,receiver,c6a331da-9a81-4072-a4e4-ab95fca774e7,RECEIVE,DATA,739,1060,""
1340.655,receiver,c6a331da-9a81-4072-a4e4-ab95fca774e7,OUT_OF_ORDER,DATA,739,0,"arrived before missing sequence=732"
1340.657,receiver,c6a331da-9a81-4072-a4e4-ab95fca774e7,ACCEPT_DATA,DATA,739,1024,"unique file bytes received"
1340.660,receiver,c6a331da-9a81-4072-a4e4-ab95fca774e7,SEND,ACK,739,36,""
1340.664,receiver,c6a331da-9a81-4072-a4e4-ab95fca774e7,RECEIVE,DATA,741,1060,""
1340.667,receiver,c6a331da-9a81-4072-a4e4-ab95fca774e7,OUT_OF_ORDER,DATA,741,0,"arrived before missing sequence=732"
1340.670,receiver,c6a331da-9a81-4072-a4e4-ab95fca774e7,ACCEPT_DATA,DATA,741,1024,"unique file bytes received"
1340.672,receiver,c6a331da-9a81-4072-a4e4-ab95fca774e7,SEND,ACK,741,36,""
1340.677,receiver,c6a331da-9a81-4072-a4e4-ab95fca774e7,RECEIVE,DATA,751,1060,""
1340.680,receiver,c6a331da-9a81-4072-a4e4-ab95fca774e7,OUT_OF_ORDER,DATA,751,0,"arrived before missing sequence=732"
1340.682,receiver,c6a331da-9a81-4072-a4e4-ab95fca774e7,ACCEPT_DATA,DATA,751,1024,"unique file bytes received"
1340.684,receiver,c6a331da-9a81-4072-a4e4-ab95fca774e7,SEND,ACK,751,36,""
1340.689,receiver,c6a331da-9a81-4072-a4e4-ab95fca774e7,RECEIVE,DATA,753,1060,""
1340.692,receiver,c6a331da-9a81-4072-a4e4-ab95fca774e7,OUT_OF_ORDER,DATA,753,0,"arrived before missing sequence=732"
1340.694,receiver,c6a331da-9a81-4072-a4e4-ab95fca774e7,ACCEPT_DATA,DATA,753,1024,"unique file bytes received"
1340.696,receiver,c6a331da-9a81-4072-a4e4-ab95fca774e7,SEND,ACK,753,36,""
1340.701,receiver,c6a331da-9a81-4072-a4e4-ab95fca774e7,RECEIVE,DATA,756,1060,""
1340.704,receiver,c6a331da-9a81-4072-a4e4-ab95fca774e7,OUT_OF_ORDER,DATA,756,0,"arrived before missing sequence=732"
1340.706,receiver,c6a331da-9a81-4072-a4e4-ab95fca774e7,ACCEPT_DATA,DATA,756,1024,"unique file bytes received"
1340.709,receiver,c6a331da-9a81-4072-a4e4-ab95fca774e7,SEND,ACK,756,36,""
1356.173,receiver,c6a331da-9a81-4072-a4e4-ab95fca774e7,EMIT,ACK,722,36,""
1356.261,receiver,c6a331da-9a81-4072-a4e4-ab95fca774e7,EMIT,ACK,721,36,""
1356.281,receiver,c6a331da-9a81-4072-a4e4-ab95fca774e7,RECEIVE,DATA,734,1060,""
1356.296,receiver,c6a331da-9a81-4072-a4e4-ab95fca774e7,EMIT,ACK,723,36,""
1356.303,receiver,c6a331da-9a81-4072-a4e4-ab95fca774e7,OUT_OF_ORDER,DATA,734,0,"arrived before missing sequence=732"
1356.308,receiver,c6a331da-9a81-4072-a4e4-ab95fca774e7,ACCEPT_DATA,DATA,734,1024,"unique file bytes received"
1356.312,receiver,c6a331da-9a81-4072-a4e4-ab95fca774e7,SEND,ACK,734,36,""
1356.318,receiver,c6a331da-9a81-4072-a4e4-ab95fca774e7,EMIT,ACK,725,36,""
1356.332,receiver,c6a331da-9a81-4072-a4e4-ab95fca774e7,RECEIVE,DATA,733,1060,""
1356.336,receiver,c6a331da-9a81-4072-a4e4-ab95fca774e7,OUT_OF_ORDER,DATA,733,0,"arrived before missing sequence=732"
1356.340,receiver,c6a331da-9a81-4072-a4e4-ab95fca774e7,ACCEPT_DATA,DATA,733,1024,"unique file bytes received"
1356.343,receiver,c6a331da-9a81-4072-a4e4-ab95fca774e7,EMIT,ACK,724,36,""
1356.352,receiver,c6a331da-9a81-4072-a4e4-ab95fca774e7,SEND,ACK,733,36,""
1356.363,receiver,c6a331da-9a81-4072-a4e4-ab95fca774e7,RECEIVE,DATA,738,1060,""
1356.367,receiver,c6a331da-9a81-4072-a4e4-ab95fca774e7,OUT_OF_ORDER,DATA,738,0,"arrived before missing sequence=732"
1356.448,receiver,c6a331da-9a81-4072-a4e4-ab95fca774e7,ACCEPT_DATA,DATA,738,1024,"unique file bytes received"
1356.452,receiver,c6a331da-9a81-4072-a4e4-ab95fca774e7,SEND,ACK,738,36,""
1356.465,receiver,c6a331da-9a81-4072-a4e4-ab95fca774e7,RECEIVE,DATA,761,1060,""
1356.471,receiver,c6a331da-9a81-4072-a4e4-ab95fca774e7,EMIT,ACK,730,36,""
1356.481,receiver,c6a331da-9a81-4072-a4e4-ab95fca774e7,OUT_OF_ORDER,DATA,761,0,"arrived before missing sequence=732"
1356.485,receiver,c6a331da-9a81-4072-a4e4-ab95fca774e7,ACCEPT_DATA,DATA,761,1024,"unique file bytes received"
1356.487,receiver,c6a331da-9a81-4072-a4e4-ab95fca774e7,SEND,ACK,761,36,""
1356.494,receiver,c6a331da-9a81-4072-a4e4-ab95fca774e7,RECEIVE,DATA,743,1060,""
1356.497,receiver,c6a331da-9a81-4072-a4e4-ab95fca774e7,OUT_OF_ORDER,DATA,743,0,"arrived before missing sequence=732"
1356.500,receiver,c6a331da-9a81-4072-a4e4-ab95fca774e7,ACCEPT_DATA,DATA,743,1024,"unique file bytes received"
1356.502,receiver,c6a331da-9a81-4072-a4e4-ab95fca774e7,SEND,ACK,743,36,""
1356.508,receiver,c6a331da-9a81-4072-a4e4-ab95fca774e7,RECEIVE,DATA,744,1060,""
1356.511,receiver,c6a331da-9a81-4072-a4e4-ab95fca774e7,OUT_OF_ORDER,DATA,744,0,"arrived before missing sequence=732"
1356.514,receiver,c6a331da-9a81-4072-a4e4-ab95fca774e7,ACCEPT_DATA,DATA,744,1024,"unique file bytes received"
1356.517,receiver,c6a331da-9a81-4072-a4e4-ab95fca774e7,SEND,ACK,744,36,""
1356.523,receiver,c6a331da-9a81-4072-a4e4-ab95fca774e7,RECEIVE,DATA,747,1060,""
1356.526,receiver,c6a331da-9a81-4072-a4e4-ab95fca774e7,OUT_OF_ORDER,DATA,747,0,"arrived before missing sequence=732"
1356.529,receiver,c6a331da-9a81-4072-a4e4-ab95fca774e7,ACCEPT_DATA,DATA,747,1024,"unique file bytes received"
1356.531,receiver,c6a331da-9a81-4072-a4e4-ab95fca774e7,SEND,ACK,747,36,""
1356.537,receiver,c6a331da-9a81-4072-a4e4-ab95fca774e7,RECEIVE,DATA,755,1060,""
1356.540,receiver,c6a331da-9a81-4072-a4e4-ab95fca774e7,OUT_OF_ORDER,DATA,755,0,"arrived before missing sequence=732"
1356.543,receiver,c6a331da-9a81-4072-a4e4-ab95fca774e7,ACCEPT_DATA,DATA,755,1024,"unique file bytes received"
1356.546,receiver,c6a331da-9a81-4072-a4e4-ab95fca774e7,SEND,ACK,755,36,""
1356.556,receiver,c6a331da-9a81-4072-a4e4-ab95fca774e7,RECEIVE,DATA,732,1060,""
1356.559,receiver,c6a331da-9a81-4072-a4e4-ab95fca774e7,ACCEPT_DATA,DATA,732,1024,"unique file bytes received"
1356.562,receiver,c6a331da-9a81-4072-a4e4-ab95fca774e7,SEND,ACK,732,36,""
1356.567,receiver,c6a331da-9a81-4072-a4e4-ab95fca774e7,RECEIVE,DATA,736,1060,""
1356.570,receiver,c6a331da-9a81-4072-a4e4-ab95fca774e7,ACCEPT_DATA,DATA,736,1024,"unique file bytes received"
1356.573,receiver,c6a331da-9a81-4072-a4e4-ab95fca774e7,SEND,ACK,736,36,""
1356.578,receiver,c6a331da-9a81-4072-a4e4-ab95fca774e7,RECEIVE,DATA,746,1060,""
1356.581,receiver,c6a331da-9a81-4072-a4e4-ab95fca774e7,OUT_OF_ORDER,DATA,746,0,"arrived before missing sequence=737"
1356.588,receiver,c6a331da-9a81-4072-a4e4-ab95fca774e7,ACCEPT_DATA,DATA,746,1024,"unique file bytes received"
1356.590,receiver,c6a331da-9a81-4072-a4e4-ab95fca774e7,SEND,ACK,746,36,""
1356.595,receiver,c6a331da-9a81-4072-a4e4-ab95fca774e7,RECEIVE,DATA,764,1060,""
1356.598,receiver,c6a331da-9a81-4072-a4e4-ab95fca774e7,OUT_OF_ORDER,DATA,764,0,"arrived before missing sequence=737"
1356.600,receiver,c6a331da-9a81-4072-a4e4-ab95fca774e7,ACCEPT_DATA,DATA,764,1024,"unique file bytes received"
1356.603,receiver,c6a331da-9a81-4072-a4e4-ab95fca774e7,SEND,ACK,764,36,""
1356.608,receiver,c6a331da-9a81-4072-a4e4-ab95fca774e7,RECEIVE,DATA,742,1060,""
1356.610,receiver,c6a331da-9a81-4072-a4e4-ab95fca774e7,OUT_OF_ORDER,DATA,742,0,"arrived before missing sequence=737"
1356.613,receiver,c6a331da-9a81-4072-a4e4-ab95fca774e7,ACCEPT_DATA,DATA,742,1024,"unique file bytes received"
1356.615,receiver,c6a331da-9a81-4072-a4e4-ab95fca774e7,SEND,ACK,742,36,""
1356.620,receiver,c6a331da-9a81-4072-a4e4-ab95fca774e7,RECEIVE,DATA,758,1060,""
1356.623,receiver,c6a331da-9a81-4072-a4e4-ab95fca774e7,OUT_OF_ORDER,DATA,758,0,"arrived before missing sequence=737"
1356.625,receiver,c6a331da-9a81-4072-a4e4-ab95fca774e7,ACCEPT_DATA,DATA,758,1024,"unique file bytes received"
1356.628,receiver,c6a331da-9a81-4072-a4e4-ab95fca774e7,SEND,ACK,758,36,""
1356.662,receiver,c6a331da-9a81-4072-a4e4-ab95fca774e7,RECEIVE,DATA,759,1060,""
1356.665,receiver,c6a331da-9a81-4072-a4e4-ab95fca774e7,OUT_OF_ORDER,DATA,759,0,"arrived before missing sequence=737"
1356.667,receiver,c6a331da-9a81-4072-a4e4-ab95fca774e7,ACCEPT_DATA,DATA,759,1024,"unique file bytes received"
1356.669,receiver,c6a331da-9a81-4072-a4e4-ab95fca774e7,SEND,ACK,759,36,""
1356.675,receiver,c6a331da-9a81-4072-a4e4-ab95fca774e7,RECEIVE,DATA,762,1060,""
1356.677,receiver,c6a331da-9a81-4072-a4e4-ab95fca774e7,OUT_OF_ORDER,DATA,762,0,"arrived before missing sequence=737"
1356.680,receiver,c6a331da-9a81-4072-a4e4-ab95fca774e7,ACCEPT_DATA,DATA,762,1024,"unique file bytes received"
1356.682,receiver,c6a331da-9a81-4072-a4e4-ab95fca774e7,SEND,ACK,762,36,""
1356.687,receiver,c6a331da-9a81-4072-a4e4-ab95fca774e7,RECEIVE,DATA,765,1060,""
1356.690,receiver,c6a331da-9a81-4072-a4e4-ab95fca774e7,OUT_OF_ORDER,DATA,765,0,"arrived before missing sequence=737"
1356.693,receiver,c6a331da-9a81-4072-a4e4-ab95fca774e7,ACCEPT_DATA,DATA,765,1024,"unique file bytes received"
1356.695,receiver,c6a331da-9a81-4072-a4e4-ab95fca774e7,SEND,ACK,765,36,""
1356.701,receiver,c6a331da-9a81-4072-a4e4-ab95fca774e7,RECEIVE,DATA,740,1060,""
1356.704,receiver,c6a331da-9a81-4072-a4e4-ab95fca774e7,OUT_OF_ORDER,DATA,740,0,"arrived before missing sequence=737"
1356.710,receiver,c6a331da-9a81-4072-a4e4-ab95fca774e7,ACCEPT_DATA,DATA,740,1024,"unique file bytes received"
1356.713,receiver,c6a331da-9a81-4072-a4e4-ab95fca774e7,SEND,ACK,740,36,""
1370.810,receiver,c6a331da-9a81-4072-a4e4-ab95fca774e7,EMIT,ACK,729,36,""
1370.836,receiver,c6a331da-9a81-4072-a4e4-ab95fca774e7,EMIT,ACK,757,36,""
1370.848,receiver,c6a331da-9a81-4072-a4e4-ab95fca774e7,EMIT,ACK,739,36,""
1370.858,receiver,c6a331da-9a81-4072-a4e4-ab95fca774e7,EMIT,ACK,735,36,""
1370.869,receiver,c6a331da-9a81-4072-a4e4-ab95fca774e7,EMIT,ACK,728,36,""
1370.908,receiver,c6a331da-9a81-4072-a4e4-ab95fca774e7,RECEIVE,DATA,737,1060,""
1370.923,receiver,c6a331da-9a81-4072-a4e4-ab95fca774e7,ACCEPT_DATA,DATA,737,1024,"unique file bytes received"
1370.927,receiver,c6a331da-9a81-4072-a4e4-ab95fca774e7,SEND,ACK,737,36,""
1370.943,receiver,c6a331da-9a81-4072-a4e4-ab95fca774e7,RECEIVE,DATA,748,1060,""
1370.963,receiver,c6a331da-9a81-4072-a4e4-ab95fca774e7,OUT_OF_ORDER,DATA,748,0,"arrived before missing sequence=745"
1370.967,receiver,c6a331da-9a81-4072-a4e4-ab95fca774e7,ACCEPT_DATA,DATA,748,1024,"unique file bytes received"
1370.970,receiver,c6a331da-9a81-4072-a4e4-ab95fca774e7,SEND,ACK,748,36,""
1370.978,receiver,c6a331da-9a81-4072-a4e4-ab95fca774e7,RECEIVE,DATA,745,1060,""
1370.982,receiver,c6a331da-9a81-4072-a4e4-ab95fca774e7,ACCEPT_DATA,DATA,745,1024,"unique file bytes received"
1370.985,receiver,c6a331da-9a81-4072-a4e4-ab95fca774e7,SEND,ACK,745,36,""
1370.991,receiver,c6a331da-9a81-4072-a4e4-ab95fca774e7,RECEIVE,DATA,752,1060,""
1370.994,receiver,c6a331da-9a81-4072-a4e4-ab95fca774e7,ACCEPT_DATA,DATA,752,1024,"unique file bytes received"
1370.997,receiver,c6a331da-9a81-4072-a4e4-ab95fca774e7,SEND,ACK,752,36,""
1371.015,receiver,c6a331da-9a81-4072-a4e4-ab95fca774e7,RECEIVE,DATA,768,1060,""
1371.019,receiver,c6a331da-9a81-4072-a4e4-ab95fca774e7,OUT_OF_ORDER,DATA,768,0,"arrived before missing sequence=763"
1371.023,receiver,c6a331da-9a81-4072-a4e4-ab95fca774e7,ACCEPT_DATA,DATA,768,1024,"unique file bytes received"
1371.025,receiver,c6a331da-9a81-4072-a4e4-ab95fca774e7,SEND,ACK,768,36,""
1371.032,receiver,c6a331da-9a81-4072-a4e4-ab95fca774e7,RECEIVE,DATA,763,1060,""
1371.035,receiver,c6a331da-9a81-4072-a4e4-ab95fca774e7,ACCEPT_DATA,DATA,763,1024,"unique file bytes received"
1371.038,receiver,c6a331da-9a81-4072-a4e4-ab95fca774e7,SEND,ACK,763,36,""
1371.044,receiver,c6a331da-9a81-4072-a4e4-ab95fca774e7,RECEIVE,DATA,766,1060,""
1371.091,receiver,c6a331da-9a81-4072-a4e4-ab95fca774e7,ACCEPT_DATA,DATA,766,1024,"unique file bytes received"
1371.095,receiver,c6a331da-9a81-4072-a4e4-ab95fca774e7,SEND,ACK,766,36,""
1371.102,receiver,c6a331da-9a81-4072-a4e4-ab95fca774e7,RECEIVE,DATA,781,1060,""
1371.105,receiver,c6a331da-9a81-4072-a4e4-ab95fca774e7,OUT_OF_ORDER,DATA,781,0,"arrived before missing sequence=767"
1371.108,receiver,c6a331da-9a81-4072-a4e4-ab95fca774e7,ACCEPT_DATA,DATA,781,1024,"unique file bytes received"
1371.111,receiver,c6a331da-9a81-4072-a4e4-ab95fca774e7,SEND,ACK,781,36,""
1371.117,receiver,c6a331da-9a81-4072-a4e4-ab95fca774e7,RECEIVE,DATA,767,1060,""
1371.121,receiver,c6a331da-9a81-4072-a4e4-ab95fca774e7,ACCEPT_DATA,DATA,767,1024,"unique file bytes received"
1371.124,receiver,c6a331da-9a81-4072-a4e4-ab95fca774e7,SEND,ACK,767,36,""
1371.130,receiver,c6a331da-9a81-4072-a4e4-ab95fca774e7,RECEIVE,DATA,779,1060,""
1371.133,receiver,c6a331da-9a81-4072-a4e4-ab95fca774e7,OUT_OF_ORDER,DATA,779,0,"arrived before missing sequence=769"
1371.145,receiver,c6a331da-9a81-4072-a4e4-ab95fca774e7,ACCEPT_DATA,DATA,779,1024,"unique file bytes received"
1371.149,receiver,c6a331da-9a81-4072-a4e4-ab95fca774e7,SEND,ACK,779,36,""
1371.156,receiver,c6a331da-9a81-4072-a4e4-ab95fca774e7,RECEIVE,DATA,783,1060,""
1371.159,receiver,c6a331da-9a81-4072-a4e4-ab95fca774e7,OUT_OF_ORDER,DATA,783,0,"arrived before missing sequence=769"
1371.162,receiver,c6a331da-9a81-4072-a4e4-ab95fca774e7,ACCEPT_DATA,DATA,783,1024,"unique file bytes received"
1371.165,receiver,c6a331da-9a81-4072-a4e4-ab95fca774e7,SEND,ACK,783,36,""
1386.836,receiver,c6a331da-9a81-4072-a4e4-ab95fca774e7,EMIT,ACK,741,36,""
1386.879,receiver,c6a331da-9a81-4072-a4e4-ab95fca774e7,EMIT,ACK,749,36,""
1386.889,receiver,c6a331da-9a81-4072-a4e4-ab95fca774e7,EMIT,ACK,756,36,""
1386.899,receiver,c6a331da-9a81-4072-a4e4-ab95fca774e7,EMIT,ACK,731,36,""
1386.908,receiver,c6a331da-9a81-4072-a4e4-ab95fca774e7,EMIT,ACK,727,36,""
1386.916,receiver,c6a331da-9a81-4072-a4e4-ab95fca774e7,EMIT,ACK,753,36,""
1386.925,receiver,c6a331da-9a81-4072-a4e4-ab95fca774e7,EMIT,ACK,750,36,""
1386.933,receiver,c6a331da-9a81-4072-a4e4-ab95fca774e7,EMIT,ACK,743,36,""
1386.950,receiver,c6a331da-9a81-4072-a4e4-ab95fca774e7,EMIT,ACK,760,36,""
1386.959,receiver,c6a331da-9a81-4072-a4e4-ab95fca774e7,EMIT,ACK,764,36,""
1386.967,receiver,c6a331da-9a81-4072-a4e4-ab95fca774e7,EMIT,ACK,742,36,""
1387.065,receiver,c6a331da-9a81-4072-a4e4-ab95fca774e7,RECEIVE,DATA,778,1060,""
1387.078,receiver,c6a331da-9a81-4072-a4e4-ab95fca774e7,OUT_OF_ORDER,DATA,778,0,"arrived before missing sequence=769"
1387.093,receiver,c6a331da-9a81-4072-a4e4-ab95fca774e7,ACCEPT_DATA,DATA,778,1024,"unique file bytes received"
1387.096,receiver,c6a331da-9a81-4072-a4e4-ab95fca774e7,SEND,ACK,778,36,""
1387.111,receiver,c6a331da-9a81-4072-a4e4-ab95fca774e7,RECEIVE,DATA,784,1060,""
1387.114,receiver,c6a331da-9a81-4072-a4e4-ab95fca774e7,OUT_OF_ORDER,DATA,784,0,"arrived before missing sequence=769"
1387.117,receiver,c6a331da-9a81-4072-a4e4-ab95fca774e7,ACCEPT_DATA,DATA,784,1024,"unique file bytes received"
1387.120,receiver,c6a331da-9a81-4072-a4e4-ab95fca774e7,SEND,ACK,784,36,""
1387.125,receiver,c6a331da-9a81-4072-a4e4-ab95fca774e7,RECEIVE,DATA,773,1060,""
1387.128,receiver,c6a331da-9a81-4072-a4e4-ab95fca774e7,OUT_OF_ORDER,DATA,773,0,"arrived before missing sequence=769"
1387.131,receiver,c6a331da-9a81-4072-a4e4-ab95fca774e7,ACCEPT_DATA,DATA,773,1024,"unique file bytes received"
1387.134,receiver,c6a331da-9a81-4072-a4e4-ab95fca774e7,SEND,ACK,773,36,""
1387.433,receiver,c6a331da-9a81-4072-a4e4-ab95fca774e7,RECEIVE,DATA,769,1060,""
1387.442,receiver,c6a331da-9a81-4072-a4e4-ab95fca774e7,ACCEPT_DATA,DATA,769,1024,"unique file bytes received"
1387.446,receiver,c6a331da-9a81-4072-a4e4-ab95fca774e7,SEND,ACK,769,36,""
1387.464,receiver,c6a331da-9a81-4072-a4e4-ab95fca774e7,RECEIVE,DATA,774,1060,""
1387.467,receiver,c6a331da-9a81-4072-a4e4-ab95fca774e7,OUT_OF_ORDER,DATA,774,0,"arrived before missing sequence=770"
1387.470,receiver,c6a331da-9a81-4072-a4e4-ab95fca774e7,ACCEPT_DATA,DATA,774,1024,"unique file bytes received"
1387.472,receiver,c6a331da-9a81-4072-a4e4-ab95fca774e7,SEND,ACK,774,36,""
1387.477,receiver,c6a331da-9a81-4072-a4e4-ab95fca774e7,RECEIVE,DATA,772,1060,""
1387.480,receiver,c6a331da-9a81-4072-a4e4-ab95fca774e7,OUT_OF_ORDER,DATA,772,0,"arrived before missing sequence=770"
1387.482,receiver,c6a331da-9a81-4072-a4e4-ab95fca774e7,ACCEPT_DATA,DATA,772,1024,"unique file bytes received"
1387.484,receiver,c6a331da-9a81-4072-a4e4-ab95fca774e7,SEND,ACK,772,36,""
1387.489,receiver,c6a331da-9a81-4072-a4e4-ab95fca774e7,RECEIVE,DATA,770,1060,""
1387.492,receiver,c6a331da-9a81-4072-a4e4-ab95fca774e7,ACCEPT_DATA,DATA,770,1024,"unique file bytes received"
1387.494,receiver,c6a331da-9a81-4072-a4e4-ab95fca774e7,SEND,ACK,770,36,""
1387.499,receiver,c6a331da-9a81-4072-a4e4-ab95fca774e7,RECEIVE,DATA,782,1060,""
1387.502,receiver,c6a331da-9a81-4072-a4e4-ab95fca774e7,OUT_OF_ORDER,DATA,782,0,"arrived before missing sequence=771"
1387.504,receiver,c6a331da-9a81-4072-a4e4-ab95fca774e7,ACCEPT_DATA,DATA,782,1024,"unique file bytes received"
1387.506,receiver,c6a331da-9a81-4072-a4e4-ab95fca774e7,SEND,ACK,782,36,""
1387.511,receiver,c6a331da-9a81-4072-a4e4-ab95fca774e7,RECEIVE,DATA,771,1060,""
1387.525,receiver,c6a331da-9a81-4072-a4e4-ab95fca774e7,ACCEPT_DATA,DATA,771,1024,"unique file bytes received"
1387.527,receiver,c6a331da-9a81-4072-a4e4-ab95fca774e7,SEND,ACK,771,36,""
1387.531,receiver,c6a331da-9a81-4072-a4e4-ab95fca774e7,RECEIVE,DATA,776,1060,""
1387.534,receiver,c6a331da-9a81-4072-a4e4-ab95fca774e7,OUT_OF_ORDER,DATA,776,0,"arrived before missing sequence=775"
1387.536,receiver,c6a331da-9a81-4072-a4e4-ab95fca774e7,ACCEPT_DATA,DATA,776,1024,"unique file bytes received"
1387.538,receiver,c6a331da-9a81-4072-a4e4-ab95fca774e7,SEND,ACK,776,36,""
1387.542,receiver,c6a331da-9a81-4072-a4e4-ab95fca774e7,RECEIVE,DATA,780,1060,""
1387.544,receiver,c6a331da-9a81-4072-a4e4-ab95fca774e7,OUT_OF_ORDER,DATA,780,0,"arrived before missing sequence=775"
1387.546,receiver,c6a331da-9a81-4072-a4e4-ab95fca774e7,ACCEPT_DATA,DATA,780,1024,"unique file bytes received"
1387.553,receiver,c6a331da-9a81-4072-a4e4-ab95fca774e7,SEND,ACK,780,36,""
1387.557,receiver,c6a331da-9a81-4072-a4e4-ab95fca774e7,RECEIVE,DATA,789,1060,""
1387.559,receiver,c6a331da-9a81-4072-a4e4-ab95fca774e7,OUT_OF_ORDER,DATA,789,0,"arrived before missing sequence=775"
1387.561,receiver,c6a331da-9a81-4072-a4e4-ab95fca774e7,ACCEPT_DATA,DATA,789,1024,"unique file bytes received"
1387.563,receiver,c6a331da-9a81-4072-a4e4-ab95fca774e7,SEND,ACK,789,36,""
1402.163,receiver,c6a331da-9a81-4072-a4e4-ab95fca774e7,EMIT,ACK,751,36,""
1402.240,receiver,c6a331da-9a81-4072-a4e4-ab95fca774e7,EMIT,ACK,734,36,""
1402.272,receiver,c6a331da-9a81-4072-a4e4-ab95fca774e7,RECEIVE,DATA,785,1060,""
1402.286,receiver,c6a331da-9a81-4072-a4e4-ab95fca774e7,OUT_OF_ORDER,DATA,785,0,"arrived before missing sequence=775"
1402.291,receiver,c6a331da-9a81-4072-a4e4-ab95fca774e7,ACCEPT_DATA,DATA,785,1024,"unique file bytes received"
1402.294,receiver,c6a331da-9a81-4072-a4e4-ab95fca774e7,SEND,ACK,785,36,""
1402.298,receiver,c6a331da-9a81-4072-a4e4-ab95fca774e7,EMIT,ACK,732,36,""
1402.311,receiver,c6a331da-9a81-4072-a4e4-ab95fca774e7,RECEIVE,DATA,787,1060,""
1402.314,receiver,c6a331da-9a81-4072-a4e4-ab95fca774e7,EMIT,ACK,754,36,""
1402.318,receiver,c6a331da-9a81-4072-a4e4-ab95fca774e7,OUT_OF_ORDER,DATA,787,0,"arrived before missing sequence=775"
1402.322,receiver,c6a331da-9a81-4072-a4e4-ab95fca774e7,ACCEPT_DATA,DATA,787,1024,"unique file bytes received"
1402.325,receiver,c6a331da-9a81-4072-a4e4-ab95fca774e7,SEND,ACK,787,36,""
1402.328,receiver,c6a331da-9a81-4072-a4e4-ab95fca774e7,EMIT,ACK,744,36,""
1402.332,receiver,c6a331da-9a81-4072-a4e4-ab95fca774e7,RECEIVE,DATA,775,1060,""
1402.336,receiver,c6a331da-9a81-4072-a4e4-ab95fca774e7,ACCEPT_DATA,DATA,775,1024,"unique file bytes received"
1402.339,receiver,c6a331da-9a81-4072-a4e4-ab95fca774e7,SEND,ACK,775,36,""
1402.342,receiver,c6a331da-9a81-4072-a4e4-ab95fca774e7,EMIT,ACK,765,36,""
1402.405,receiver,c6a331da-9a81-4072-a4e4-ab95fca774e7,EMIT,ACK,763,36,""
1402.426,receiver,c6a331da-9a81-4072-a4e4-ab95fca774e7,EMIT,ACK,779,36,""
1402.435,receiver,c6a331da-9a81-4072-a4e4-ab95fca774e7,EMIT,ACK,747,36,""
1402.444,receiver,c6a331da-9a81-4072-a4e4-ab95fca774e7,EMIT,ACK,746,36,""
1402.453,receiver,c6a331da-9a81-4072-a4e4-ab95fca774e7,EMIT,ACK,767,36,""
1402.462,receiver,c6a331da-9a81-4072-a4e4-ab95fca774e7,EMIT,ACK,762,36,""
1402.481,receiver,c6a331da-9a81-4072-a4e4-ab95fca774e7,EMIT,ACK,736,36,""
1402.490,receiver,c6a331da-9a81-4072-a4e4-ab95fca774e7,EMIT,ACK,759,36,""
1402.499,receiver,c6a331da-9a81-4072-a4e4-ab95fca774e7,EMIT,ACK,740,36,""
1402.504,receiver,c6a331da-9a81-4072-a4e4-ab95fca774e7,RECEIVE,DATA,786,1060,""
1402.514,receiver,c6a331da-9a81-4072-a4e4-ab95fca774e7,EMIT,ACK,766,36,""
1402.518,receiver,c6a331da-9a81-4072-a4e4-ab95fca774e7,OUT_OF_ORDER,DATA,786,0,"arrived before missing sequence=777"
1402.522,receiver,c6a331da-9a81-4072-a4e4-ab95fca774e7,ACCEPT_DATA,DATA,786,1024,"unique file bytes received"
1402.526,receiver,c6a331da-9a81-4072-a4e4-ab95fca774e7,EMIT,ACK,733,36,""
1402.529,receiver,c6a331da-9a81-4072-a4e4-ab95fca774e7,SEND,ACK,786,36,""
1402.535,receiver,c6a331da-9a81-4072-a4e4-ab95fca774e7,EMIT,ACK,768,36,""
1402.564,receiver,c6a331da-9a81-4072-a4e4-ab95fca774e7,RECEIVE,DATA,777,1060,""
1402.569,receiver,c6a331da-9a81-4072-a4e4-ab95fca774e7,ACCEPT_DATA,DATA,777,1024,"unique file bytes received"
1402.572,receiver,c6a331da-9a81-4072-a4e4-ab95fca774e7,SEND,ACK,777,36,""
1402.579,receiver,c6a331da-9a81-4072-a4e4-ab95fca774e7,RECEIVE,DATA,788,1060,""
1402.583,receiver,c6a331da-9a81-4072-a4e4-ab95fca774e7,ACCEPT_DATA,DATA,788,1024,"unique file bytes received"
1402.586,receiver,c6a331da-9a81-4072-a4e4-ab95fca774e7,SEND,ACK,788,36,""
1417.869,receiver,c6a331da-9a81-4072-a4e4-ab95fca774e7,EMIT,ACK,758,36,""
1417.923,receiver,c6a331da-9a81-4072-a4e4-ab95fca774e7,EMIT,ACK,761,36,""
1417.932,receiver,c6a331da-9a81-4072-a4e4-ab95fca774e7,EMIT,ACK,752,36,""
1417.940,receiver,c6a331da-9a81-4072-a4e4-ab95fca774e7,EMIT,ACK,738,36,""
1417.947,receiver,c6a331da-9a81-4072-a4e4-ab95fca774e7,EMIT,ACK,755,36,""
1417.960,receiver,c6a331da-9a81-4072-a4e4-ab95fca774e7,EMIT,ACK,745,36,""
1417.969,receiver,c6a331da-9a81-4072-a4e4-ab95fca774e7,EMIT,ACK,737,36,""
1417.977,receiver,c6a331da-9a81-4072-a4e4-ab95fca774e7,EMIT,ACK,748,36,""
1417.985,receiver,c6a331da-9a81-4072-a4e4-ab95fca774e7,EMIT,ACK,783,36,""
1417.993,receiver,c6a331da-9a81-4072-a4e4-ab95fca774e7,EMIT,ACK,769,36,""
1418.425,receiver,c6a331da-9a81-4072-a4e4-ab95fca774e7,RECEIVE,DATA,790,1060,""
1418.436,receiver,c6a331da-9a81-4072-a4e4-ab95fca774e7,ACCEPT_DATA,DATA,790,1024,"unique file bytes received"
1418.439,receiver,c6a331da-9a81-4072-a4e4-ab95fca774e7,SEND,ACK,790,36,""
1418.452,receiver,c6a331da-9a81-4072-a4e4-ab95fca774e7,RECEIVE,DATA,794,1060,""
1418.455,receiver,c6a331da-9a81-4072-a4e4-ab95fca774e7,OUT_OF_ORDER,DATA,794,0,"arrived before missing sequence=791"
1418.457,receiver,c6a331da-9a81-4072-a4e4-ab95fca774e7,ACCEPT_DATA,DATA,794,1024,"unique file bytes received"
1418.460,receiver,c6a331da-9a81-4072-a4e4-ab95fca774e7,SEND,ACK,794,36,""
1418.464,receiver,c6a331da-9a81-4072-a4e4-ab95fca774e7,RECEIVE,DATA,795,1060,""
1418.467,receiver,c6a331da-9a81-4072-a4e4-ab95fca774e7,OUT_OF_ORDER,DATA,795,0,"arrived before missing sequence=791"
1418.469,receiver,c6a331da-9a81-4072-a4e4-ab95fca774e7,ACCEPT_DATA,DATA,795,1024,"unique file bytes received"
1418.471,receiver,c6a331da-9a81-4072-a4e4-ab95fca774e7,SEND,ACK,795,36,""
1433.145,receiver,c6a331da-9a81-4072-a4e4-ab95fca774e7,EMIT,ACK,784,36,""
1433.196,receiver,c6a331da-9a81-4072-a4e4-ab95fca774e7,EMIT,ACK,770,36,""
1433.221,receiver,c6a331da-9a81-4072-a4e4-ab95fca774e7,EMIT,ACK,781,36,""
1433.238,receiver,c6a331da-9a81-4072-a4e4-ab95fca774e7,EMIT,ACK,789,36,""
1433.254,receiver,c6a331da-9a81-4072-a4e4-ab95fca774e7,EMIT,ACK,778,36,""
1433.271,receiver,c6a331da-9a81-4072-a4e4-ab95fca774e7,EMIT,ACK,773,36,""
1433.288,receiver,c6a331da-9a81-4072-a4e4-ab95fca774e7,EMIT,ACK,780,36,""
1433.304,receiver,c6a331da-9a81-4072-a4e4-ab95fca774e7,EMIT,ACK,772,36,""
1433.319,receiver,c6a331da-9a81-4072-a4e4-ab95fca774e7,EMIT,ACK,782,36,""
1433.335,receiver,c6a331da-9a81-4072-a4e4-ab95fca774e7,EMIT,ACK,774,36,""
1433.545,receiver,c6a331da-9a81-4072-a4e4-ab95fca774e7,RECEIVE,DATA,793,1060,""
1433.559,receiver,c6a331da-9a81-4072-a4e4-ab95fca774e7,OUT_OF_ORDER,DATA,793,0,"arrived before missing sequence=791"
1433.563,receiver,c6a331da-9a81-4072-a4e4-ab95fca774e7,ACCEPT_DATA,DATA,793,1024,"unique file bytes received"
1433.567,receiver,c6a331da-9a81-4072-a4e4-ab95fca774e7,SEND,ACK,793,36,""
1433.582,receiver,c6a331da-9a81-4072-a4e4-ab95fca774e7,RECEIVE,DATA,798,1060,""
1433.586,receiver,c6a331da-9a81-4072-a4e4-ab95fca774e7,OUT_OF_ORDER,DATA,798,0,"arrived before missing sequence=791"
1433.589,receiver,c6a331da-9a81-4072-a4e4-ab95fca774e7,ACCEPT_DATA,DATA,798,1024,"unique file bytes received"
1433.592,receiver,c6a331da-9a81-4072-a4e4-ab95fca774e7,SEND,ACK,798,36,""
1448.844,receiver,c6a331da-9a81-4072-a4e4-ab95fca774e7,EMIT,ACK,786,36,""
1448.867,receiver,c6a331da-9a81-4072-a4e4-ab95fca774e7,EMIT,ACK,771,36,""
1448.878,receiver,c6a331da-9a81-4072-a4e4-ab95fca774e7,EMIT,ACK,776,36,""
1448.892,receiver,c6a331da-9a81-4072-a4e4-ab95fca774e7,EMIT,ACK,777,36,""
1448.901,receiver,c6a331da-9a81-4072-a4e4-ab95fca774e7,EMIT,ACK,775,36,""
1448.909,receiver,c6a331da-9a81-4072-a4e4-ab95fca774e7,EMIT,ACK,787,36,""
1448.917,receiver,c6a331da-9a81-4072-a4e4-ab95fca774e7,EMIT,ACK,794,36,""
1449.019,receiver,c6a331da-9a81-4072-a4e4-ab95fca774e7,RECEIVE,DATA,791,1060,""
1449.031,receiver,c6a331da-9a81-4072-a4e4-ab95fca774e7,ACCEPT_DATA,DATA,791,1024,"unique file bytes received"
1449.035,receiver,c6a331da-9a81-4072-a4e4-ab95fca774e7,SEND,ACK,791,36,""
1449.050,receiver,c6a331da-9a81-4072-a4e4-ab95fca774e7,RECEIVE,DATA,792,1060,""
1449.053,receiver,c6a331da-9a81-4072-a4e4-ab95fca774e7,ACCEPT_DATA,DATA,792,1024,"unique file bytes received"
1449.056,receiver,c6a331da-9a81-4072-a4e4-ab95fca774e7,SEND,ACK,792,36,""
1449.061,receiver,c6a331da-9a81-4072-a4e4-ab95fca774e7,RECEIVE,DATA,799,1060,""
1449.065,receiver,c6a331da-9a81-4072-a4e4-ab95fca774e7,OUT_OF_ORDER,DATA,799,0,"arrived before missing sequence=796"
1449.067,receiver,c6a331da-9a81-4072-a4e4-ab95fca774e7,ACCEPT_DATA,DATA,799,1024,"unique file bytes received"
1449.070,receiver,c6a331da-9a81-4072-a4e4-ab95fca774e7,SEND,ACK,799,36,""
1449.075,receiver,c6a331da-9a81-4072-a4e4-ab95fca774e7,RECEIVE,DATA,824,1060,""
1449.078,receiver,c6a331da-9a81-4072-a4e4-ab95fca774e7,OUT_OF_ORDER,DATA,824,0,"arrived before missing sequence=796"
1449.080,receiver,c6a331da-9a81-4072-a4e4-ab95fca774e7,ACCEPT_DATA,DATA,824,1024,"unique file bytes received"
1449.083,receiver,c6a331da-9a81-4072-a4e4-ab95fca774e7,SEND,ACK,824,36,""
1449.088,receiver,c6a331da-9a81-4072-a4e4-ab95fca774e7,RECEIVE,DATA,796,1060,""
1449.091,receiver,c6a331da-9a81-4072-a4e4-ab95fca774e7,ACCEPT_DATA,DATA,796,1024,"unique file bytes received"
1449.093,receiver,c6a331da-9a81-4072-a4e4-ab95fca774e7,SEND,ACK,796,36,""
1449.098,receiver,c6a331da-9a81-4072-a4e4-ab95fca774e7,RECEIVE,DATA,821,1060,""
1449.104,receiver,c6a331da-9a81-4072-a4e4-ab95fca774e7,OUT_OF_ORDER,DATA,821,0,"arrived before missing sequence=797"
1449.106,receiver,c6a331da-9a81-4072-a4e4-ab95fca774e7,ACCEPT_DATA,DATA,821,1024,"unique file bytes received"
1449.109,receiver,c6a331da-9a81-4072-a4e4-ab95fca774e7,SEND,ACK,821,36,""
1449.113,receiver,c6a331da-9a81-4072-a4e4-ab95fca774e7,RECEIVE,DATA,818,1060,""
1449.115,receiver,c6a331da-9a81-4072-a4e4-ab95fca774e7,OUT_OF_ORDER,DATA,818,0,"arrived before missing sequence=797"
1449.118,receiver,c6a331da-9a81-4072-a4e4-ab95fca774e7,ACCEPT_DATA,DATA,818,1024,"unique file bytes received"
1449.120,receiver,c6a331da-9a81-4072-a4e4-ab95fca774e7,SEND,ACK,818,36,""
1449.124,receiver,c6a331da-9a81-4072-a4e4-ab95fca774e7,RECEIVE,DATA,819,1060,""
1449.127,receiver,c6a331da-9a81-4072-a4e4-ab95fca774e7,OUT_OF_ORDER,DATA,819,0,"arrived before missing sequence=797"
1449.129,receiver,c6a331da-9a81-4072-a4e4-ab95fca774e7,ACCEPT_DATA,DATA,819,1024,"unique file bytes received"
1449.159,receiver,c6a331da-9a81-4072-a4e4-ab95fca774e7,SEND,ACK,819,36,""
1449.167,receiver,c6a331da-9a81-4072-a4e4-ab95fca774e7,RECEIVE,DATA,810,1060,""
1449.170,receiver,c6a331da-9a81-4072-a4e4-ab95fca774e7,OUT_OF_ORDER,DATA,810,0,"arrived before missing sequence=797"
1449.172,receiver,c6a331da-9a81-4072-a4e4-ab95fca774e7,ACCEPT_DATA,DATA,810,1024,"unique file bytes received"
1449.174,receiver,c6a331da-9a81-4072-a4e4-ab95fca774e7,SEND,ACK,810,36,""
1449.179,receiver,c6a331da-9a81-4072-a4e4-ab95fca774e7,RECEIVE,DATA,797,1060,""
1449.181,receiver,c6a331da-9a81-4072-a4e4-ab95fca774e7,ACCEPT_DATA,DATA,797,1024,"unique file bytes received"
1449.183,receiver,c6a331da-9a81-4072-a4e4-ab95fca774e7,SEND,ACK,797,36,""
1449.187,receiver,c6a331da-9a81-4072-a4e4-ab95fca774e7,RECEIVE,DATA,823,1060,""
1449.190,receiver,c6a331da-9a81-4072-a4e4-ab95fca774e7,OUT_OF_ORDER,DATA,823,0,"arrived before missing sequence=800"
1449.192,receiver,c6a331da-9a81-4072-a4e4-ab95fca774e7,ACCEPT_DATA,DATA,823,1024,"unique file bytes received"
1449.194,receiver,c6a331da-9a81-4072-a4e4-ab95fca774e7,SEND,ACK,823,36,""
1464.675,receiver,c6a331da-9a81-4072-a4e4-ab95fca774e7,EMIT,ACK,788,36,""
1464.697,receiver,c6a331da-9a81-4072-a4e4-ab95fca774e7,EMIT,ACK,785,36,""
1464.707,receiver,c6a331da-9a81-4072-a4e4-ab95fca774e7,EMIT,ACK,790,36,""
1464.902,receiver,c6a331da-9a81-4072-a4e4-ab95fca774e7,RECEIVE,DATA,817,1060,""
1464.915,receiver,c6a331da-9a81-4072-a4e4-ab95fca774e7,OUT_OF_ORDER,DATA,817,0,"arrived before missing sequence=800"
1464.919,receiver,c6a331da-9a81-4072-a4e4-ab95fca774e7,ACCEPT_DATA,DATA,817,1024,"unique file bytes received"
1464.923,receiver,c6a331da-9a81-4072-a4e4-ab95fca774e7,SEND,ACK,817,36,""
1464.937,receiver,c6a331da-9a81-4072-a4e4-ab95fca774e7,RECEIVE,DATA,830,1060,""
1464.940,receiver,c6a331da-9a81-4072-a4e4-ab95fca774e7,OUT_OF_ORDER,DATA,830,0,"arrived before missing sequence=800"
1464.967,receiver,c6a331da-9a81-4072-a4e4-ab95fca774e7,ACCEPT_DATA,DATA,830,1024,"unique file bytes received"
1464.970,receiver,c6a331da-9a81-4072-a4e4-ab95fca774e7,SEND,ACK,830,36,""
1464.978,receiver,c6a331da-9a81-4072-a4e4-ab95fca774e7,RECEIVE,DATA,831,1060,""
1464.981,receiver,c6a331da-9a81-4072-a4e4-ab95fca774e7,OUT_OF_ORDER,DATA,831,0,"arrived before missing sequence=800"
1464.983,receiver,c6a331da-9a81-4072-a4e4-ab95fca774e7,ACCEPT_DATA,DATA,831,1024,"unique file bytes received"
1464.986,receiver,c6a331da-9a81-4072-a4e4-ab95fca774e7,SEND,ACK,831,36,""
1464.992,receiver,c6a331da-9a81-4072-a4e4-ab95fca774e7,RECEIVE,DATA,812,1060,""
1464.995,receiver,c6a331da-9a81-4072-a4e4-ab95fca774e7,OUT_OF_ORDER,DATA,812,0,"arrived before missing sequence=800"
1464.997,receiver,c6a331da-9a81-4072-a4e4-ab95fca774e7,ACCEPT_DATA,DATA,812,1024,"unique file bytes received"
1465.000,receiver,c6a331da-9a81-4072-a4e4-ab95fca774e7,SEND,ACK,812,36,""
1465.006,receiver,c6a331da-9a81-4072-a4e4-ab95fca774e7,RECEIVE,DATA,800,1060,""
1465.009,receiver,c6a331da-9a81-4072-a4e4-ab95fca774e7,ACCEPT_DATA,DATA,800,1024,"unique file bytes received"
1465.011,receiver,c6a331da-9a81-4072-a4e4-ab95fca774e7,SEND,ACK,800,36,""
1465.017,receiver,c6a331da-9a81-4072-a4e4-ab95fca774e7,RECEIVE,DATA,802,1060,""
1465.020,receiver,c6a331da-9a81-4072-a4e4-ab95fca774e7,OUT_OF_ORDER,DATA,802,0,"arrived before missing sequence=801"
1465.023,receiver,c6a331da-9a81-4072-a4e4-ab95fca774e7,ACCEPT_DATA,DATA,802,1024,"unique file bytes received"
1465.025,receiver,c6a331da-9a81-4072-a4e4-ab95fca774e7,SEND,ACK,802,36,""
1465.030,receiver,c6a331da-9a81-4072-a4e4-ab95fca774e7,RECEIVE,DATA,814,1060,""
1465.033,receiver,c6a331da-9a81-4072-a4e4-ab95fca774e7,OUT_OF_ORDER,DATA,814,0,"arrived before missing sequence=801"
1465.036,receiver,c6a331da-9a81-4072-a4e4-ab95fca774e7,ACCEPT_DATA,DATA,814,1024,"unique file bytes received"
1465.038,receiver,c6a331da-9a81-4072-a4e4-ab95fca774e7,SEND,ACK,814,36,""
1465.044,receiver,c6a331da-9a81-4072-a4e4-ab95fca774e7,RECEIVE,DATA,825,1060,""
1465.047,receiver,c6a331da-9a81-4072-a4e4-ab95fca774e7,OUT_OF_ORDER,DATA,825,0,"arrived before missing sequence=801"
1465.049,receiver,c6a331da-9a81-4072-a4e4-ab95fca774e7,ACCEPT_DATA,DATA,825,1024,"unique file bytes received"
1465.052,receiver,c6a331da-9a81-4072-a4e4-ab95fca774e7,SEND,ACK,825,36,""
1465.057,receiver,c6a331da-9a81-4072-a4e4-ab95fca774e7,RECEIVE,DATA,828,1060,""
1465.060,receiver,c6a331da-9a81-4072-a4e4-ab95fca774e7,OUT_OF_ORDER,DATA,828,0,"arrived before missing sequence=801"
1465.063,receiver,c6a331da-9a81-4072-a4e4-ab95fca774e7,ACCEPT_DATA,DATA,828,1024,"unique file bytes received"
1465.066,receiver,c6a331da-9a81-4072-a4e4-ab95fca774e7,SEND,ACK,828,36,""
1465.072,receiver,c6a331da-9a81-4072-a4e4-ab95fca774e7,RECEIVE,DATA,808,1060,""
1465.075,receiver,c6a331da-9a81-4072-a4e4-ab95fca774e7,OUT_OF_ORDER,DATA,808,0,"arrived before missing sequence=801"
1465.077,receiver,c6a331da-9a81-4072-a4e4-ab95fca774e7,ACCEPT_DATA,DATA,808,1024,"unique file bytes received"
1465.079,receiver,c6a331da-9a81-4072-a4e4-ab95fca774e7,SEND,ACK,808,36,""
1465.085,receiver,c6a331da-9a81-4072-a4e4-ab95fca774e7,RECEIVE,DATA,806,1060,""
1465.088,receiver,c6a331da-9a81-4072-a4e4-ab95fca774e7,OUT_OF_ORDER,DATA,806,0,"arrived before missing sequence=801"
1465.090,receiver,c6a331da-9a81-4072-a4e4-ab95fca774e7,ACCEPT_DATA,DATA,806,1024,"unique file bytes received"
1465.093,receiver,c6a331da-9a81-4072-a4e4-ab95fca774e7,SEND,ACK,806,36,""
1465.098,receiver,c6a331da-9a81-4072-a4e4-ab95fca774e7,RECEIVE,DATA,811,1060,""
1465.101,receiver,c6a331da-9a81-4072-a4e4-ab95fca774e7,OUT_OF_ORDER,DATA,811,0,"arrived before missing sequence=801"
1465.103,receiver,c6a331da-9a81-4072-a4e4-ab95fca774e7,ACCEPT_DATA,DATA,811,1024,"unique file bytes received"
1465.106,receiver,c6a331da-9a81-4072-a4e4-ab95fca774e7,SEND,ACK,811,36,""
1465.111,receiver,c6a331da-9a81-4072-a4e4-ab95fca774e7,RECEIVE,DATA,815,1060,""
1465.114,receiver,c6a331da-9a81-4072-a4e4-ab95fca774e7,OUT_OF_ORDER,DATA,815,0,"arrived before missing sequence=801"
1465.117,receiver,c6a331da-9a81-4072-a4e4-ab95fca774e7,ACCEPT_DATA,DATA,815,1024,"unique file bytes received"
1465.119,receiver,c6a331da-9a81-4072-a4e4-ab95fca774e7,SEND,ACK,815,36,""
1465.136,receiver,c6a331da-9a81-4072-a4e4-ab95fca774e7,RECEIVE,DATA,827,1060,""
1465.140,receiver,c6a331da-9a81-4072-a4e4-ab95fca774e7,OUT_OF_ORDER,DATA,827,0,"arrived before missing sequence=801"
1465.142,receiver,c6a331da-9a81-4072-a4e4-ab95fca774e7,ACCEPT_DATA,DATA,827,1024,"unique file bytes received"
1465.145,receiver,c6a331da-9a81-4072-a4e4-ab95fca774e7,SEND,ACK,827,36,""
1465.151,receiver,c6a331da-9a81-4072-a4e4-ab95fca774e7,RECEIVE,DATA,801,1060,""
1465.154,receiver,c6a331da-9a81-4072-a4e4-ab95fca774e7,ACCEPT_DATA,DATA,801,1024,"unique file bytes received"
1465.156,receiver,c6a331da-9a81-4072-a4e4-ab95fca774e7,SEND,ACK,801,36,""
1465.161,receiver,c6a331da-9a81-4072-a4e4-ab95fca774e7,RECEIVE,DATA,826,1060,""
1465.164,receiver,c6a331da-9a81-4072-a4e4-ab95fca774e7,OUT_OF_ORDER,DATA,826,0,"arrived before missing sequence=803"
1465.167,receiver,c6a331da-9a81-4072-a4e4-ab95fca774e7,ACCEPT_DATA,DATA,826,1024,"unique file bytes received"
1465.169,receiver,c6a331da-9a81-4072-a4e4-ab95fca774e7,SEND,ACK,826,36,""
1465.175,receiver,c6a331da-9a81-4072-a4e4-ab95fca774e7,RECEIVE,DATA,829,1060,""
1465.180,receiver,c6a331da-9a81-4072-a4e4-ab95fca774e7,OUT_OF_ORDER,DATA,829,0,"arrived before missing sequence=803"
1465.182,receiver,c6a331da-9a81-4072-a4e4-ab95fca774e7,ACCEPT_DATA,DATA,829,1024,"unique file bytes received"
1465.185,receiver,c6a331da-9a81-4072-a4e4-ab95fca774e7,SEND,ACK,829,36,""
1465.190,receiver,c6a331da-9a81-4072-a4e4-ab95fca774e7,RECEIVE,DATA,803,1060,""
1465.193,receiver,c6a331da-9a81-4072-a4e4-ab95fca774e7,ACCEPT_DATA,DATA,803,1024,"unique file bytes received"
1465.195,receiver,c6a331da-9a81-4072-a4e4-ab95fca774e7,SEND,ACK,803,36,""
1465.200,receiver,c6a331da-9a81-4072-a4e4-ab95fca774e7,RECEIVE,DATA,833,1060,""
1465.208,receiver,c6a331da-9a81-4072-a4e4-ab95fca774e7,OUT_OF_ORDER,DATA,833,0,"arrived before missing sequence=804"
1465.247,receiver,c6a331da-9a81-4072-a4e4-ab95fca774e7,ACCEPT_DATA,DATA,833,1024,"unique file bytes received"
1465.250,receiver,c6a331da-9a81-4072-a4e4-ab95fca774e7,SEND,ACK,833,36,""
1465.257,receiver,c6a331da-9a81-4072-a4e4-ab95fca774e7,RECEIVE,DATA,832,1060,""
1465.260,receiver,c6a331da-9a81-4072-a4e4-ab95fca774e7,OUT_OF_ORDER,DATA,832,0,"arrived before missing sequence=804"
1465.263,receiver,c6a331da-9a81-4072-a4e4-ab95fca774e7,ACCEPT_DATA,DATA,832,1024,"unique file bytes received"
1465.265,receiver,c6a331da-9a81-4072-a4e4-ab95fca774e7,SEND,ACK,832,36,""
1465.270,receiver,c6a331da-9a81-4072-a4e4-ab95fca774e7,RECEIVE,DATA,805,1060,""
1465.273,receiver,c6a331da-9a81-4072-a4e4-ab95fca774e7,OUT_OF_ORDER,DATA,805,0,"arrived before missing sequence=804"
1465.276,receiver,c6a331da-9a81-4072-a4e4-ab95fca774e7,ACCEPT_DATA,DATA,805,1024,"unique file bytes received"
1465.278,receiver,c6a331da-9a81-4072-a4e4-ab95fca774e7,SEND,ACK,805,36,""
1465.283,receiver,c6a331da-9a81-4072-a4e4-ab95fca774e7,RECEIVE,DATA,804,1060,""
1465.286,receiver,c6a331da-9a81-4072-a4e4-ab95fca774e7,ACCEPT_DATA,DATA,804,1024,"unique file bytes received"
1465.288,receiver,c6a331da-9a81-4072-a4e4-ab95fca774e7,SEND,ACK,804,36,""
1465.293,receiver,c6a331da-9a81-4072-a4e4-ab95fca774e7,RECEIVE,DATA,807,1060,""
1465.296,receiver,c6a331da-9a81-4072-a4e4-ab95fca774e7,ACCEPT_DATA,DATA,807,1024,"unique file bytes received"
1465.299,receiver,c6a331da-9a81-4072-a4e4-ab95fca774e7,SEND,ACK,807,36,""
1465.304,receiver,c6a331da-9a81-4072-a4e4-ab95fca774e7,RECEIVE,DATA,809,1060,""
1465.307,receiver,c6a331da-9a81-4072-a4e4-ab95fca774e7,ACCEPT_DATA,DATA,809,1024,"unique file bytes received"
1465.310,receiver,c6a331da-9a81-4072-a4e4-ab95fca774e7,SEND,ACK,809,36,""
1465.315,receiver,c6a331da-9a81-4072-a4e4-ab95fca774e7,RECEIVE,DATA,816,1060,""
1465.318,receiver,c6a331da-9a81-4072-a4e4-ab95fca774e7,OUT_OF_ORDER,DATA,816,0,"arrived before missing sequence=813"
1465.320,receiver,c6a331da-9a81-4072-a4e4-ab95fca774e7,ACCEPT_DATA,DATA,816,1024,"unique file bytes received"
1465.323,receiver,c6a331da-9a81-4072-a4e4-ab95fca774e7,SEND,ACK,816,36,""
1480.012,receiver,c6a331da-9a81-4072-a4e4-ab95fca774e7,RECEIVE,DATA,820,1060,""
1480.054,receiver,c6a331da-9a81-4072-a4e4-ab95fca774e7,EMIT,ACK,793,36,""
1480.075,receiver,c6a331da-9a81-4072-a4e4-ab95fca774e7,OUT_OF_ORDER,DATA,820,0,"arrived before missing sequence=813"
1480.086,receiver,c6a331da-9a81-4072-a4e4-ab95fca774e7,ACCEPT_DATA,DATA,820,1024,"unique file bytes received"
1480.094,receiver,c6a331da-9a81-4072-a4e4-ab95fca774e7,SEND,ACK,820,36,""
1480.102,receiver,c6a331da-9a81-4072-a4e4-ab95fca774e7,EMIT,ACK,795,36,""
1480.127,receiver,c6a331da-9a81-4072-a4e4-ab95fca774e7,EMIT,ACK,798,36,""
1480.155,receiver,c6a331da-9a81-4072-a4e4-ab95fca774e7,EMIT,ACK,797,36,""
1480.163,receiver,c6a331da-9a81-4072-a4e4-ab95fca774e7,RECEIVE,DATA,822,1060,""
1480.173,receiver,c6a331da-9a81-4072-a4e4-ab95fca774e7,OUT_OF_ORDER,DATA,822,0,"arrived before missing sequence=813"
1480.178,receiver,c6a331da-9a81-4072-a4e4-ab95fca774e7,ACCEPT_DATA,DATA,822,1024,"unique file bytes received"
1480.182,receiver,c6a331da-9a81-4072-a4e4-ab95fca774e7,EMIT,ACK,792,36,""
1480.195,receiver,c6a331da-9a81-4072-a4e4-ab95fca774e7,SEND,ACK,822,36,""
1480.216,receiver,c6a331da-9a81-4072-a4e4-ab95fca774e7,RECEIVE,DATA,813,1060,""
1480.223,receiver,c6a331da-9a81-4072-a4e4-ab95fca774e7,ACCEPT_DATA,DATA,813,1024,"unique file bytes received"
1480.230,receiver,c6a331da-9a81-4072-a4e4-ab95fca774e7,SEND,ACK,813,36,""
1480.251,receiver,c6a331da-9a81-4072-a4e4-ab95fca774e7,RECEIVE,DATA,834,1060,""
1480.260,receiver,c6a331da-9a81-4072-a4e4-ab95fca774e7,ACCEPT_DATA,DATA,834,1024,"unique file bytes received"
1480.265,receiver,c6a331da-9a81-4072-a4e4-ab95fca774e7,SEND,ACK,834,36,""
1480.282,receiver,c6a331da-9a81-4072-a4e4-ab95fca774e7,RECEIVE,DATA,842,1060,""
1480.291,receiver,c6a331da-9a81-4072-a4e4-ab95fca774e7,OUT_OF_ORDER,DATA,842,0,"arrived before missing sequence=835"
1480.299,receiver,c6a331da-9a81-4072-a4e4-ab95fca774e7,ACCEPT_DATA,DATA,842,1024,"unique file bytes received"
1480.306,receiver,c6a331da-9a81-4072-a4e4-ab95fca774e7,SEND,ACK,842,36,""
1480.325,receiver,c6a331da-9a81-4072-a4e4-ab95fca774e7,RECEIVE,DATA,848,1060,""
1480.336,receiver,c6a331da-9a81-4072-a4e4-ab95fca774e7,OUT_OF_ORDER,DATA,848,0,"arrived before missing sequence=835"
1480.341,receiver,c6a331da-9a81-4072-a4e4-ab95fca774e7,ACCEPT_DATA,DATA,848,1024,"unique file bytes received"
1480.345,receiver,c6a331da-9a81-4072-a4e4-ab95fca774e7,SEND,ACK,848,36,""
1480.357,receiver,c6a331da-9a81-4072-a4e4-ab95fca774e7,RECEIVE,DATA,839,1060,""
1480.362,receiver,c6a331da-9a81-4072-a4e4-ab95fca774e7,OUT_OF_ORDER,DATA,839,0,"arrived before missing sequence=835"
1480.366,receiver,c6a331da-9a81-4072-a4e4-ab95fca774e7,ACCEPT_DATA,DATA,839,1024,"unique file bytes received"
1480.370,receiver,c6a331da-9a81-4072-a4e4-ab95fca774e7,SEND,ACK,839,36,""
1480.378,receiver,c6a331da-9a81-4072-a4e4-ab95fca774e7,RECEIVE,DATA,841,1060,""
1480.382,receiver,c6a331da-9a81-4072-a4e4-ab95fca774e7,OUT_OF_ORDER,DATA,841,0,"arrived before missing sequence=835"
1480.386,receiver,c6a331da-9a81-4072-a4e4-ab95fca774e7,ACCEPT_DATA,DATA,841,1024,"unique file bytes received"
1480.390,receiver,c6a331da-9a81-4072-a4e4-ab95fca774e7,SEND,ACK,841,36,""
1495.345,receiver,c6a331da-9a81-4072-a4e4-ab95fca774e7,EMIT,ACK,799,36,""
1495.408,receiver,c6a331da-9a81-4072-a4e4-ab95fca774e7,RECEIVE,DATA,838,1060,""
1495.421,receiver,c6a331da-9a81-4072-a4e4-ab95fca774e7,OUT_OF_ORDER,DATA,838,0,"arrived before missing sequence=835"
1495.425,receiver,c6a331da-9a81-4072-a4e4-ab95fca774e7,ACCEPT_DATA,DATA,838,1024,"unique file bytes received"
1495.429,receiver,c6a331da-9a81-4072-a4e4-ab95fca774e7,SEND,ACK,838,36,""
1495.444,receiver,c6a331da-9a81-4072-a4e4-ab95fca774e7,RECEIVE,DATA,835,1060,""
1495.447,receiver,c6a331da-9a81-4072-a4e4-ab95fca774e7,ACCEPT_DATA,DATA,835,1024,"unique file bytes received"
1495.450,receiver,c6a331da-9a81-4072-a4e4-ab95fca774e7,SEND,ACK,835,36,""
1495.456,receiver,c6a331da-9a81-4072-a4e4-ab95fca774e7,RECEIVE,DATA,836,1060,""
1495.459,receiver,c6a331da-9a81-4072-a4e4-ab95fca774e7,ACCEPT_DATA,DATA,836,1024,"unique file bytes received"
1495.461,receiver,c6a331da-9a81-4072-a4e4-ab95fca774e7,SEND,ACK,836,36,""
1495.467,receiver,c6a331da-9a81-4072-a4e4-ab95fca774e7,RECEIVE,DATA,847,1060,""
1495.470,receiver,c6a331da-9a81-4072-a4e4-ab95fca774e7,OUT_OF_ORDER,DATA,847,0,"arrived before missing sequence=837"
1495.473,receiver,c6a331da-9a81-4072-a4e4-ab95fca774e7,ACCEPT_DATA,DATA,847,1024,"unique file bytes received"
1495.479,receiver,c6a331da-9a81-4072-a4e4-ab95fca774e7,SEND,ACK,847,36,""
1495.547,receiver,c6a331da-9a81-4072-a4e4-ab95fca774e7,EMIT,ACK,791,36,""
1495.566,receiver,c6a331da-9a81-4072-a4e4-ab95fca774e7,EMIT,ACK,810,36,""
1495.578,receiver,c6a331da-9a81-4072-a4e4-ab95fca774e7,EMIT,ACK,796,36,""
1495.588,receiver,c6a331da-9a81-4072-a4e4-ab95fca774e7,EMIT,ACK,819,36,""
1495.598,receiver,c6a331da-9a81-4072-a4e4-ab95fca774e7,EMIT,ACK,815,36,""
1495.607,receiver,c6a331da-9a81-4072-a4e4-ab95fca774e7,EMIT,ACK,827,36,""
1495.616,receiver,c6a331da-9a81-4072-a4e4-ab95fca774e7,EMIT,ACK,829,36,""
1495.624,receiver,c6a331da-9a81-4072-a4e4-ab95fca774e7,EMIT,ACK,804,36,""
1495.631,receiver,c6a331da-9a81-4072-a4e4-ab95fca774e7,RECEIVE,DATA,840,1060,""
1495.640,receiver,c6a331da-9a81-4072-a4e4-ab95fca774e7,EMIT,ACK,826,36,""
1495.643,receiver,c6a331da-9a81-4072-a4e4-ab95fca774e7,OUT_OF_ORDER,DATA,840,0,"arrived before missing sequence=837"
1495.647,receiver,c6a331da-9a81-4072-a4e4-ab95fca774e7,ACCEPT_DATA,DATA,840,1024,"unique file bytes received"
1495.650,receiver,c6a331da-9a81-4072-a4e4-ab95fca774e7,EMIT,ACK,809,36,""
1495.654,receiver,c6a331da-9a81-4072-a4e4-ab95fca774e7,SEND,ACK,840,36,""
1495.659,receiver,c6a331da-9a81-4072-a4e4-ab95fca774e7,EMIT,ACK,821,36,""
1495.666,receiver,c6a331da-9a81-4072-a4e4-ab95fca774e7,RECEIVE,DATA,846,1060,""
1495.669,receiver,c6a331da-9a81-4072-a4e4-ab95fca774e7,OUT_OF_ORDER,DATA,846,0,"arrived before missing sequence=837"
1495.672,receiver,c6a331da-9a81-4072-a4e4-ab95fca774e7,ACCEPT_DATA,DATA,846,1024,"unique file bytes received"
1495.703,receiver,c6a331da-9a81-4072-a4e4-ab95fca774e7,SEND,ACK,846,36,""
1495.710,receiver,c6a331da-9a81-4072-a4e4-ab95fca774e7,RECEIVE,DATA,849,1060,""
1495.714,receiver,c6a331da-9a81-4072-a4e4-ab95fca774e7,OUT_OF_ORDER,DATA,849,0,"arrived before missing sequence=837"
1495.716,receiver,c6a331da-9a81-4072-a4e4-ab95fca774e7,ACCEPT_DATA,DATA,849,1024,"unique file bytes received"
1495.719,receiver,c6a331da-9a81-4072-a4e4-ab95fca774e7,SEND,ACK,849,36,""
1495.724,receiver,c6a331da-9a81-4072-a4e4-ab95fca774e7,RECEIVE,DATA,853,1060,""
1495.728,receiver,c6a331da-9a81-4072-a4e4-ab95fca774e7,OUT_OF_ORDER,DATA,853,0,"arrived before missing sequence=837"
1495.730,receiver,c6a331da-9a81-4072-a4e4-ab95fca774e7,ACCEPT_DATA,DATA,853,1024,"unique file bytes received"
1495.733,receiver,c6a331da-9a81-4072-a4e4-ab95fca774e7,SEND,ACK,853,36,""
1495.738,receiver,c6a331da-9a81-4072-a4e4-ab95fca774e7,RECEIVE,DATA,845,1060,""
1495.741,receiver,c6a331da-9a81-4072-a4e4-ab95fca774e7,OUT_OF_ORDER,DATA,845,0,"arrived before missing sequence=837"
1495.744,receiver,c6a331da-9a81-4072-a4e4-ab95fca774e7,ACCEPT_DATA,DATA,845,1024,"unique file bytes received"
1495.746,receiver,c6a331da-9a81-4072-a4e4-ab95fca774e7,SEND,ACK,845,36,""
1495.752,receiver,c6a331da-9a81-4072-a4e4-ab95fca774e7,RECEIVE,DATA,843,1060,""
1495.755,receiver,c6a331da-9a81-4072-a4e4-ab95fca774e7,OUT_OF_ORDER,DATA,843,0,"arrived before missing sequence=837"
1495.757,receiver,c6a331da-9a81-4072-a4e4-ab95fca774e7,ACCEPT_DATA,DATA,843,1024,"unique file bytes received"
1495.760,receiver,c6a331da-9a81-4072-a4e4-ab95fca774e7,SEND,ACK,843,36,""
1510.695,receiver,c6a331da-9a81-4072-a4e4-ab95fca774e7,EMIT,ACK,823,36,""
1510.733,receiver,c6a331da-9a81-4072-a4e4-ab95fca774e7,EMIT,ACK,818,36,""
1510.747,receiver,c6a331da-9a81-4072-a4e4-ab95fca774e7,EMIT,ACK,832,36,""
1510.778,receiver,c6a331da-9a81-4072-a4e4-ab95fca774e7,EMIT,ACK,807,36,""
1510.792,receiver,c6a331da-9a81-4072-a4e4-ab95fca774e7,EMIT,ACK,828,36,""
1510.805,receiver,c6a331da-9a81-4072-a4e4-ab95fca774e7,EMIT,ACK,816,36,""
1510.817,receiver,c6a331da-9a81-4072-a4e4-ab95fca774e7,EMIT,ACK,824,36,""
1510.875,receiver,c6a331da-9a81-4072-a4e4-ab95fca774e7,EMIT,ACK,806,36,""
1510.893,receiver,c6a331da-9a81-4072-a4e4-ab95fca774e7,EMIT,ACK,831,36,""
1510.907,receiver,c6a331da-9a81-4072-a4e4-ab95fca774e7,EMIT,ACK,808,36,""
1510.911,receiver,c6a331da-9a81-4072-a4e4-ab95fca774e7,RECEIVE,DATA,844,1060,""
1510.921,receiver,c6a331da-9a81-4072-a4e4-ab95fca774e7,EMIT,ACK,803,36,""
1510.925,receiver,c6a331da-9a81-4072-a4e4-ab95fca774e7,OUT_OF_ORDER,DATA,844,0,"arrived before missing sequence=837"
1510.929,receiver,c6a331da-9a81-4072-a4e4-ab95fca774e7,ACCEPT_DATA,DATA,844,1024,"unique file bytes received"
1510.933,receiver,c6a331da-9a81-4072-a4e4-ab95fca774e7,EMIT,ACK,805,36,""
1510.937,receiver,c6a331da-9a81-4072-a4e4-ab95fca774e7,SEND,ACK,844,36,""
1510.944,receiver,c6a331da-9a81-4072-a4e4-ab95fca774e7,EMIT,ACK,811,36,""
1510.952,receiver,c6a331da-9a81-4072-a4e4-ab95fca774e7,RECEIVE,DATA,852,1060,""
1510.956,receiver,c6a331da-9a81-4072-a4e4-ab95fca774e7,OUT_OF_ORDER,DATA,852,0,"arrived before missing sequence=837"
1510.959,receiver,c6a331da-9a81-4072-a4e4-ab95fca774e7,EMIT,ACK,833,36,""
1510.963,receiver,c6a331da-9a81-4072-a4e4-ab95fca774e7,ACCEPT_DATA,DATA,852,1024,"unique file bytes received"
1510.966,receiver,c6a331da-9a81-4072-a4e4-ab95fca774e7,SEND,ACK,852,36,""
1510.970,receiver,c6a331da-9a81-4072-a4e4-ab95fca774e7,EMIT,ACK,800,36,""
1510.981,receiver,c6a331da-9a81-4072-a4e4-ab95fca774e7,RECEIVE,DATA,837,1060,""
1510.985,receiver,c6a331da-9a81-4072-a4e4-ab95fca774e7,ACCEPT_DATA,DATA,837,1024,"unique file bytes received"
1510.988,receiver,c6a331da-9a81-4072-a4e4-ab95fca774e7,SEND,ACK,837,36,""
1510.990,receiver,c6a331da-9a81-4072-a4e4-ab95fca774e7,EMIT,ACK,802,36,""
1510.994,receiver,c6a331da-9a81-4072-a4e4-ab95fca774e7,RECEIVE,DATA,854,1060,""
1510.997,receiver,c6a331da-9a81-4072-a4e4-ab95fca774e7,OUT_OF_ORDER,DATA,854,0,"arrived before missing sequence=850"
1511.000,receiver,c6a331da-9a81-4072-a4e4-ab95fca774e7,ACCEPT_DATA,DATA,854,1024,"unique file bytes received"
1511.003,receiver,c6a331da-9a81-4072-a4e4-ab95fca774e7,SEND,ACK,854,36,""
1511.006,receiver,c6a331da-9a81-4072-a4e4-ab95fca774e7,EMIT,ACK,813,36,""
1511.010,receiver,c6a331da-9a81-4072-a4e4-ab95fca774e7,RECEIVE,DATA,850,1060,""
1511.013,receiver,c6a331da-9a81-4072-a4e4-ab95fca774e7,ACCEPT_DATA,DATA,850,1024,"unique file bytes received"
1511.016,receiver,c6a331da-9a81-4072-a4e4-ab95fca774e7,SEND,ACK,850,36,""
1511.019,receiver,c6a331da-9a81-4072-a4e4-ab95fca774e7,EMIT,ACK,839,36,""
1511.023,receiver,c6a331da-9a81-4072-a4e4-ab95fca774e7,RECEIVE,DATA,851,1060,""
1511.026,receiver,c6a331da-9a81-4072-a4e4-ab95fca774e7,ACCEPT_DATA,DATA,851,1024,"unique file bytes received"
1511.028,receiver,c6a331da-9a81-4072-a4e4-ab95fca774e7,SEND,ACK,851,36,""
1511.031,receiver,c6a331da-9a81-4072-a4e4-ab95fca774e7,EMIT,ACK,825,36,""
1511.042,receiver,c6a331da-9a81-4072-a4e4-ab95fca774e7,EMIT,ACK,820,36,""
1511.054,receiver,c6a331da-9a81-4072-a4e4-ab95fca774e7,EMIT,ACK,812,36,""
1511.065,receiver,c6a331da-9a81-4072-a4e4-ab95fca774e7,EMIT,ACK,814,36,""
1525.847,receiver,c6a331da-9a81-4072-a4e4-ab95fca774e7,EMIT,ACK,801,36,""
1525.946,receiver,c6a331da-9a81-4072-a4e4-ab95fca774e7,EMIT,ACK,817,36,""
1525.982,receiver,c6a331da-9a81-4072-a4e4-ab95fca774e7,EMIT,ACK,841,36,""
1526.146,receiver,c6a331da-9a81-4072-a4e4-ab95fca774e7,EMIT,ACK,830,36,""
1526.207,receiver,c6a331da-9a81-4072-a4e4-ab95fca774e7,EMIT,ACK,834,36,""
1526.217,receiver,c6a331da-9a81-4072-a4e4-ab95fca774e7,EMIT,ACK,845,36,""
1526.226,receiver,c6a331da-9a81-4072-a4e4-ab95fca774e7,EMIT,ACK,842,36,""
1526.301,receiver,c6a331da-9a81-4072-a4e4-ab95fca774e7,RECEIVE,DATA,859,1060,""
1526.314,receiver,c6a331da-9a81-4072-a4e4-ab95fca774e7,OUT_OF_ORDER,DATA,859,0,"arrived before missing sequence=855"
1526.318,receiver,c6a331da-9a81-4072-a4e4-ab95fca774e7,ACCEPT_DATA,DATA,859,1024,"unique file bytes received"
1526.321,receiver,c6a331da-9a81-4072-a4e4-ab95fca774e7,SEND,ACK,859,36,""
1526.335,receiver,c6a331da-9a81-4072-a4e4-ab95fca774e7,RECEIVE,DATA,856,1060,""
1526.338,receiver,c6a331da-9a81-4072-a4e4-ab95fca774e7,OUT_OF_ORDER,DATA,856,0,"arrived before missing sequence=855"
1526.344,receiver,c6a331da-9a81-4072-a4e4-ab95fca774e7,ACCEPT_DATA,DATA,856,1024,"unique file bytes received"
1526.346,receiver,c6a331da-9a81-4072-a4e4-ab95fca774e7,SEND,ACK,856,36,""
1526.352,receiver,c6a331da-9a81-4072-a4e4-ab95fca774e7,RECEIVE,DATA,861,1060,""
1526.355,receiver,c6a331da-9a81-4072-a4e4-ab95fca774e7,OUT_OF_ORDER,DATA,861,0,"arrived before missing sequence=855"
1526.357,receiver,c6a331da-9a81-4072-a4e4-ab95fca774e7,ACCEPT_DATA,DATA,861,1024,"unique file bytes received"
1526.359,receiver,c6a331da-9a81-4072-a4e4-ab95fca774e7,SEND,ACK,861,36,""
1541.772,receiver,c6a331da-9a81-4072-a4e4-ab95fca774e7,RECEIVE,DATA,860,1060,""
1541.787,receiver,c6a331da-9a81-4072-a4e4-ab95fca774e7,EMIT,ACK,835,36,""
1541.799,receiver,c6a331da-9a81-4072-a4e4-ab95fca774e7,OUT_OF_ORDER,DATA,860,0,"arrived before missing sequence=855"
1541.812,receiver,c6a331da-9a81-4072-a4e4-ab95fca774e7,ACCEPT_DATA,DATA,860,1024,"unique file bytes received"
1541.816,receiver,c6a331da-9a81-4072-a4e4-ab95fca774e7,SEND,ACK,860,36,""
1541.820,receiver,c6a331da-9a81-4072-a4e4-ab95fca774e7,EMIT,ACK,822,36,""
1541.831,receiver,c6a331da-9a81-4072-a4e4-ab95fca774e7,EMIT,ACK,843,36,""
1541.834,receiver,c6a331da-9a81-4072-a4e4-ab95fca774e7,RECEIVE,DATA,857,1060,""
1541.838,receiver,c6a331da-9a81-4072-a4e4-ab95fca774e7,OUT_OF_ORDER,DATA,857,0,"arrived before missing sequence=855"
1541.842,receiver,c6a331da-9a81-4072-a4e4-ab95fca774e7,EMIT,ACK,848,36,""
1541.845,receiver,c6a331da-9a81-4072-a4e4-ab95fca774e7,ACCEPT_DATA,DATA,857,1024,"unique file bytes received"
1541.848,receiver,c6a331da-9a81-4072-a4e4-ab95fca774e7,SEND,ACK,857,36,""
1541.851,receiver,c6a331da-9a81-4072-a4e4-ab95fca774e7,EMIT,ACK,846,36,""
1541.856,receiver,c6a331da-9a81-4072-a4e4-ab95fca774e7,RECEIVE,DATA,863,1060,""
1541.914,receiver,c6a331da-9a81-4072-a4e4-ab95fca774e7,OUT_OF_ORDER,DATA,863,0,"arrived before missing sequence=855"
1541.918,receiver,c6a331da-9a81-4072-a4e4-ab95fca774e7,ACCEPT_DATA,DATA,863,1024,"unique file bytes received"
1541.921,receiver,c6a331da-9a81-4072-a4e4-ab95fca774e7,SEND,ACK,863,36,""
1541.928,receiver,c6a331da-9a81-4072-a4e4-ab95fca774e7,RECEIVE,DATA,858,1060,""
1541.932,receiver,c6a331da-9a81-4072-a4e4-ab95fca774e7,OUT_OF_ORDER,DATA,858,0,"arrived before missing sequence=855"
1541.935,receiver,c6a331da-9a81-4072-a4e4-ab95fca774e7,ACCEPT_DATA,DATA,858,1024,"unique file bytes received"
1541.937,receiver,c6a331da-9a81-4072-a4e4-ab95fca774e7,SEND,ACK,858,36,""
1541.943,receiver,c6a331da-9a81-4072-a4e4-ab95fca774e7,RECEIVE,DATA,855,1060,""
1541.947,receiver,c6a331da-9a81-4072-a4e4-ab95fca774e7,ACCEPT_DATA,DATA,855,1024,"unique file bytes received"
1541.950,receiver,c6a331da-9a81-4072-a4e4-ab95fca774e7,SEND,ACK,855,36,""
1541.956,receiver,c6a331da-9a81-4072-a4e4-ab95fca774e7,RECEIVE,DATA,862,1060,""
1541.959,receiver,c6a331da-9a81-4072-a4e4-ab95fca774e7,ACCEPT_DATA,DATA,862,1024,"unique file bytes received"
1541.966,receiver,c6a331da-9a81-4072-a4e4-ab95fca774e7,SEND,ACK,862,36,""
1542.043,receiver,c6a331da-9a81-4072-a4e4-ab95fca774e7,EMIT,ACK,837,36,""
1542.080,receiver,c6a331da-9a81-4072-a4e4-ab95fca774e7,EMIT,ACK,838,36,""
1542.090,receiver,c6a331da-9a81-4072-a4e4-ab95fca774e7,EMIT,ACK,840,36,""
1542.098,receiver,c6a331da-9a81-4072-a4e4-ab95fca774e7,EMIT,ACK,849,36,""
1542.106,receiver,c6a331da-9a81-4072-a4e4-ab95fca774e7,EMIT,ACK,854,36,""
1542.113,receiver,c6a331da-9a81-4072-a4e4-ab95fca774e7,EMIT,ACK,853,36,""
1557.673,receiver,c6a331da-9a81-4072-a4e4-ab95fca774e7,EMIT,ACK,836,36,""
1557.734,receiver,c6a331da-9a81-4072-a4e4-ab95fca774e7,EMIT,ACK,847,36,""
1557.757,receiver,c6a331da-9a81-4072-a4e4-ab95fca774e7,EMIT,ACK,850,36,""
1557.779,receiver,c6a331da-9a81-4072-a4e4-ab95fca774e7,EMIT,ACK,844,36,""
1557.805,receiver,c6a331da-9a81-4072-a4e4-ab95fca774e7,EMIT,ACK,852,36,""
1557.951,receiver,c6a331da-9a81-4072-a4e4-ab95fca774e7,RECEIVE,DATA,877,1060,""
1557.964,receiver,c6a331da-9a81-4072-a4e4-ab95fca774e7,OUT_OF_ORDER,DATA,877,0,"arrived before missing sequence=864"
1557.967,receiver,c6a331da-9a81-4072-a4e4-ab95fca774e7,ACCEPT_DATA,DATA,877,1024,"unique file bytes received"
1557.970,receiver,c6a331da-9a81-4072-a4e4-ab95fca774e7,SEND,ACK,877,36,""
1557.983,receiver,c6a331da-9a81-4072-a4e4-ab95fca774e7,RECEIVE,DATA,878,1060,""
1557.986,receiver,c6a331da-9a81-4072-a4e4-ab95fca774e7,OUT_OF_ORDER,DATA,878,0,"arrived before missing sequence=864"
1557.989,receiver,c6a331da-9a81-4072-a4e4-ab95fca774e7,ACCEPT_DATA,DATA,878,1024,"unique file bytes received"
1557.991,receiver,c6a331da-9a81-4072-a4e4-ab95fca774e7,SEND,ACK,878,36,""
1557.997,receiver,c6a331da-9a81-4072-a4e4-ab95fca774e7,RECEIVE,DATA,874,1060,""
1558.000,receiver,c6a331da-9a81-4072-a4e4-ab95fca774e7,OUT_OF_ORDER,DATA,874,0,"arrived before missing sequence=864"
1558.002,receiver,c6a331da-9a81-4072-a4e4-ab95fca774e7,ACCEPT_DATA,DATA,874,1024,"unique file bytes received"
1558.005,receiver,c6a331da-9a81-4072-a4e4-ab95fca774e7,SEND,ACK,874,36,""
1558.010,receiver,c6a331da-9a81-4072-a4e4-ab95fca774e7,RECEIVE,DATA,880,1060,""
1558.013,receiver,c6a331da-9a81-4072-a4e4-ab95fca774e7,OUT_OF_ORDER,DATA,880,0,"arrived before missing sequence=864"
1558.034,receiver,c6a331da-9a81-4072-a4e4-ab95fca774e7,ACCEPT_DATA,DATA,880,1024,"unique file bytes received"
1558.047,receiver,c6a331da-9a81-4072-a4e4-ab95fca774e7,SEND,ACK,880,36,""
1558.072,receiver,c6a331da-9a81-4072-a4e4-ab95fca774e7,RECEIVE,DATA,866,1060,""
1558.085,receiver,c6a331da-9a81-4072-a4e4-ab95fca774e7,OUT_OF_ORDER,DATA,866,0,"arrived before missing sequence=864"
1558.105,receiver,c6a331da-9a81-4072-a4e4-ab95fca774e7,ACCEPT_DATA,DATA,866,1024,"unique file bytes received"
1558.107,receiver,c6a331da-9a81-4072-a4e4-ab95fca774e7,SEND,ACK,866,36,""
1558.111,receiver,c6a331da-9a81-4072-a4e4-ab95fca774e7,RECEIVE,DATA,864,1060,""
1558.114,receiver,c6a331da-9a81-4072-a4e4-ab95fca774e7,ACCEPT_DATA,DATA,864,1024,"unique file bytes received"
1558.116,receiver,c6a331da-9a81-4072-a4e4-ab95fca774e7,SEND,ACK,864,36,""
1558.120,receiver,c6a331da-9a81-4072-a4e4-ab95fca774e7,RECEIVE,DATA,879,1060,""
1558.123,receiver,c6a331da-9a81-4072-a4e4-ab95fca774e7,OUT_OF_ORDER,DATA,879,0,"arrived before missing sequence=865"
1558.125,receiver,c6a331da-9a81-4072-a4e4-ab95fca774e7,ACCEPT_DATA,DATA,879,1024,"unique file bytes received"
1558.131,receiver,c6a331da-9a81-4072-a4e4-ab95fca774e7,SEND,ACK,879,36,""
1572.888,receiver,c6a331da-9a81-4072-a4e4-ab95fca774e7,EMIT,ACK,851,36,""
1572.942,receiver,c6a331da-9a81-4072-a4e4-ab95fca774e7,EMIT,ACK,861,36,""
1572.964,receiver,c6a331da-9a81-4072-a4e4-ab95fca774e7,EMIT,ACK,856,36,""
1572.975,receiver,c6a331da-9a81-4072-a4e4-ab95fca774e7,EMIT,ACK,859,36,""
1572.985,receiver,c6a331da-9a81-4072-a4e4-ab95fca774e7,EMIT,ACK,855,36,""
1572.998,receiver,c6a331da-9a81-4072-a4e4-ab95fca774e7,RECEIVE,DATA,883,1060,""
1573.016,receiver,c6a331da-9a81-4072-a4e4-ab95fca774e7,OUT_OF_ORDER,DATA,883,0,"arrived before missing sequence=865"
1573.020,receiver,c6a331da-9a81-4072-a4e4-ab95fca774e7,ACCEPT_DATA,DATA,883,1024,"unique file bytes received"
1573.023,receiver,c6a331da-9a81-4072-a4e4-ab95fca774e7,SEND,ACK,883,36,""
1573.039,receiver,c6a331da-9a81-4072-a4e4-ab95fca774e7,RECEIVE,DATA,870,1060,""
1573.043,receiver,c6a331da-9a81-4072-a4e4-ab95fca774e7,OUT_OF_ORDER,DATA,870,0,"arrived before missing sequence=865"
1573.046,receiver,c6a331da-9a81-4072-a4e4-ab95fca774e7,ACCEPT_DATA,DATA,870,1024,"unique file bytes received"
1573.048,receiver,c6a331da-9a81-4072-a4e4-ab95fca774e7,SEND,ACK,870,36,""
1573.059,receiver,c6a331da-9a81-4072-a4e4-ab95fca774e7,RECEIVE,DATA,867,1060,""
1573.063,receiver,c6a331da-9a81-4072-a4e4-ab95fca774e7,OUT_OF_ORDER,DATA,867,0,"arrived before missing sequence=865"
1573.065,receiver,c6a331da-9a81-4072-a4e4-ab95fca774e7,ACCEPT_DATA,DATA,867,1024,"unique file bytes received"
1573.068,receiver,c6a331da-9a81-4072-a4e4-ab95fca774e7,SEND,ACK,867,36,""
1573.074,receiver,c6a331da-9a81-4072-a4e4-ab95fca774e7,RECEIVE,DATA,872,1060,""
1573.077,receiver,c6a331da-9a81-4072-a4e4-ab95fca774e7,OUT_OF_ORDER,DATA,872,0,"arrived before missing sequence=865"
1573.080,receiver,c6a331da-9a81-4072-a4e4-ab95fca774e7,ACCEPT_DATA,DATA,872,1024,"unique file bytes received"
1573.083,receiver,c6a331da-9a81-4072-a4e4-ab95fca774e7,SEND,ACK,872,36,""
1573.089,receiver,c6a331da-9a81-4072-a4e4-ab95fca774e7,RECEIVE,DATA,873,1060,""
1573.092,receiver,c6a331da-9a81-4072-a4e4-ab95fca774e7,OUT_OF_ORDER,DATA,873,0,"arrived before missing sequence=865"
1573.095,receiver,c6a331da-9a81-4072-a4e4-ab95fca774e7,ACCEPT_DATA,DATA,873,1024,"unique file bytes received"
1573.098,receiver,c6a331da-9a81-4072-a4e4-ab95fca774e7,SEND,ACK,873,36,""
1573.104,receiver,c6a331da-9a81-4072-a4e4-ab95fca774e7,RECEIVE,DATA,881,1060,""
1573.107,receiver,c6a331da-9a81-4072-a4e4-ab95fca774e7,OUT_OF_ORDER,DATA,881,0,"arrived before missing sequence=865"
1573.109,receiver,c6a331da-9a81-4072-a4e4-ab95fca774e7,ACCEPT_DATA,DATA,881,1024,"unique file bytes received"
1573.112,receiver,c6a331da-9a81-4072-a4e4-ab95fca774e7,SEND,ACK,881,36,""
1573.127,receiver,c6a331da-9a81-4072-a4e4-ab95fca774e7,RECEIVE,DATA,869,1060,""
1573.130,receiver,c6a331da-9a81-4072-a4e4-ab95fca774e7,OUT_OF_ORDER,DATA,869,0,"arrived before missing sequence=865"
1573.132,receiver,c6a331da-9a81-4072-a4e4-ab95fca774e7,ACCEPT_DATA,DATA,869,1024,"unique file bytes received"
1573.135,receiver,c6a331da-9a81-4072-a4e4-ab95fca774e7,SEND,ACK,869,36,""
1573.141,receiver,c6a331da-9a81-4072-a4e4-ab95fca774e7,RECEIVE,DATA,884,1060,""
1573.144,receiver,c6a331da-9a81-4072-a4e4-ab95fca774e7,OUT_OF_ORDER,DATA,884,0,"arrived before missing sequence=865"
1573.147,receiver,c6a331da-9a81-4072-a4e4-ab95fca774e7,ACCEPT_DATA,DATA,884,1024,"unique file bytes received"
1573.149,receiver,c6a331da-9a81-4072-a4e4-ab95fca774e7,SEND,ACK,884,36,""
1573.155,receiver,c6a331da-9a81-4072-a4e4-ab95fca774e7,RECEIVE,DATA,885,1060,""
1573.194,receiver,c6a331da-9a81-4072-a4e4-ab95fca774e7,OUT_OF_ORDER,DATA,885,0,"arrived before missing sequence=865"
1573.197,receiver,c6a331da-9a81-4072-a4e4-ab95fca774e7,ACCEPT_DATA,DATA,885,1024,"unique file bytes received"
1573.199,receiver,c6a331da-9a81-4072-a4e4-ab95fca774e7,SEND,ACK,885,36,""
1573.205,receiver,c6a331da-9a81-4072-a4e4-ab95fca774e7,RECEIVE,DATA,897,1060,""
1573.208,receiver,c6a331da-9a81-4072-a4e4-ab95fca774e7,OUT_OF_ORDER,DATA,897,0,"arrived before missing sequence=865"
1573.211,receiver,c6a331da-9a81-4072-a4e4-ab95fca774e7,ACCEPT_DATA,DATA,897,1024,"unique file bytes received"
1573.214,receiver,c6a331da-9a81-4072-a4e4-ab95fca774e7,SEND,ACK,897,36,""
1573.219,receiver,c6a331da-9a81-4072-a4e4-ab95fca774e7,RECEIVE,DATA,875,1060,""
1573.222,receiver,c6a331da-9a81-4072-a4e4-ab95fca774e7,OUT_OF_ORDER,DATA,875,0,"arrived before missing sequence=865"
1573.225,receiver,c6a331da-9a81-4072-a4e4-ab95fca774e7,ACCEPT_DATA,DATA,875,1024,"unique file bytes received"
1573.228,receiver,c6a331da-9a81-4072-a4e4-ab95fca774e7,SEND,ACK,875,36,""
1573.233,receiver,c6a331da-9a81-4072-a4e4-ab95fca774e7,RECEIVE,DATA,893,1060,""
1573.236,receiver,c6a331da-9a81-4072-a4e4-ab95fca774e7,OUT_OF_ORDER,DATA,893,0,"arrived before missing sequence=865"
1573.239,receiver,c6a331da-9a81-4072-a4e4-ab95fca774e7,ACCEPT_DATA,DATA,893,1024,"unique file bytes received"
1573.241,receiver,c6a331da-9a81-4072-a4e4-ab95fca774e7,SEND,ACK,893,36,""
1573.247,receiver,c6a331da-9a81-4072-a4e4-ab95fca774e7,RECEIVE,DATA,896,1060,""
1573.250,receiver,c6a331da-9a81-4072-a4e4-ab95fca774e7,OUT_OF_ORDER,DATA,896,0,"arrived before missing sequence=865"
1573.252,receiver,c6a331da-9a81-4072-a4e4-ab95fca774e7,ACCEPT_DATA,DATA,896,1024,"unique file bytes received"
1573.255,receiver,c6a331da-9a81-4072-a4e4-ab95fca774e7,SEND,ACK,896,36,""
1573.260,receiver,c6a331da-9a81-4072-a4e4-ab95fca774e7,RECEIVE,DATA,865,1060,""
1573.263,receiver,c6a331da-9a81-4072-a4e4-ab95fca774e7,ACCEPT_DATA,DATA,865,1024,"unique file bytes received"
1573.266,receiver,c6a331da-9a81-4072-a4e4-ab95fca774e7,SEND,ACK,865,36,""
1573.271,receiver,c6a331da-9a81-4072-a4e4-ab95fca774e7,RECEIVE,DATA,876,1060,""
1573.274,receiver,c6a331da-9a81-4072-a4e4-ab95fca774e7,OUT_OF_ORDER,DATA,876,0,"arrived before missing sequence=868"
1573.277,receiver,c6a331da-9a81-4072-a4e4-ab95fca774e7,ACCEPT_DATA,DATA,876,1024,"unique file bytes received"
1573.279,receiver,c6a331da-9a81-4072-a4e4-ab95fca774e7,SEND,ACK,876,36,""
1573.285,receiver,c6a331da-9a81-4072-a4e4-ab95fca774e7,RECEIVE,DATA,882,1060,""
1573.288,receiver,c6a331da-9a81-4072-a4e4-ab95fca774e7,OUT_OF_ORDER,DATA,882,0,"arrived before missing sequence=868"
1573.290,receiver,c6a331da-9a81-4072-a4e4-ab95fca774e7,ACCEPT_DATA,DATA,882,1024,"unique file bytes received"
1573.293,receiver,c6a331da-9a81-4072-a4e4-ab95fca774e7,SEND,ACK,882,36,""
1573.298,receiver,c6a331da-9a81-4072-a4e4-ab95fca774e7,RECEIVE,DATA,868,1060,""
1573.302,receiver,c6a331da-9a81-4072-a4e4-ab95fca774e7,ACCEPT_DATA,DATA,868,1024,"unique file bytes received"
1573.304,receiver,c6a331da-9a81-4072-a4e4-ab95fca774e7,SEND,ACK,868,36,""
1573.309,receiver,c6a331da-9a81-4072-a4e4-ab95fca774e7,RECEIVE,DATA,871,1060,""
1573.318,receiver,c6a331da-9a81-4072-a4e4-ab95fca774e7,ACCEPT_DATA,DATA,871,1024,"unique file bytes received"
1573.320,receiver,c6a331da-9a81-4072-a4e4-ab95fca774e7,SEND,ACK,871,36,""
1588.854,receiver,c6a331da-9a81-4072-a4e4-ab95fca774e7,EMIT,ACK,858,36,""
1588.887,receiver,c6a331da-9a81-4072-a4e4-ab95fca774e7,EMIT,ACK,862,36,""
1588.895,receiver,c6a331da-9a81-4072-a4e4-ab95fca774e7,EMIT,ACK,860,36,""
1588.904,receiver,c6a331da-9a81-4072-a4e4-ab95fca774e7,EMIT,ACK,863,36,""
1588.913,receiver,c6a331da-9a81-4072-a4e4-ab95fca774e7,EMIT,ACK,864,36,""
1589.080,receiver,c6a331da-9a81-4072-a4e4-ab95fca774e7,RECEIVE,DATA,889,1060,""
1589.091,receiver,c6a331da-9a81-4072-a4e4-ab95fca774e7,OUT_OF_ORDER,DATA,889,0,"arrived before missing sequence=886"
1589.094,receiver,c6a331da-9a81-4072-a4e4-ab95fca774e7,ACCEPT_DATA,DATA,889,1024,"unique file bytes received"
1589.109,receiver,c6a331da-9a81-4072-a4e4-ab95fca774e7,SEND,ACK,889,36,""
1589.123,receiver,c6a331da-9a81-4072-a4e4-ab95fca774e7,RECEIVE,DATA,890,1060,""
1589.126,receiver,c6a331da-9a81-4072-a4e4-ab95fca774e7,OUT_OF_ORDER,DATA,890,0,"arrived before missing sequence=886"
1589.129,receiver,c6a331da-9a81-4072-a4e4-ab95fca774e7,ACCEPT_DATA,DATA,890,1024,"unique file bytes received"
1589.131,receiver,c6a331da-9a81-4072-a4e4-ab95fca774e7,SEND,ACK,890,36,""
1589.136,receiver,c6a331da-9a81-4072-a4e4-ab95fca774e7,RECEIVE,DATA,891,1060,""
1589.143,receiver,c6a331da-9a81-4072-a4e4-ab95fca774e7,OUT_OF_ORDER,DATA,891,0,"arrived before missing sequence=886"
1589.145,receiver,c6a331da-9a81-4072-a4e4-ab95fca774e7,ACCEPT_DATA,DATA,891,1024,"unique file bytes received"
1589.148,receiver,c6a331da-9a81-4072-a4e4-ab95fca774e7,SEND,ACK,891,36,""
1589.152,receiver,c6a331da-9a81-4072-a4e4-ab95fca774e7,RECEIVE,DATA,888,1060,""
1589.155,receiver,c6a331da-9a81-4072-a4e4-ab95fca774e7,OUT_OF_ORDER,DATA,888,0,"arrived before missing sequence=886"
1589.157,receiver,c6a331da-9a81-4072-a4e4-ab95fca774e7,ACCEPT_DATA,DATA,888,1024,"unique file bytes received"
1589.159,receiver,c6a331da-9a81-4072-a4e4-ab95fca774e7,SEND,ACK,888,36,""
1589.164,receiver,c6a331da-9a81-4072-a4e4-ab95fca774e7,RECEIVE,DATA,886,1060,""
1589.167,receiver,c6a331da-9a81-4072-a4e4-ab95fca774e7,ACCEPT_DATA,DATA,886,1024,"unique file bytes received"
1589.169,receiver,c6a331da-9a81-4072-a4e4-ab95fca774e7,SEND,ACK,886,36,""
1589.174,receiver,c6a331da-9a81-4072-a4e4-ab95fca774e7,RECEIVE,DATA,898,1060,""
1589.176,receiver,c6a331da-9a81-4072-a4e4-ab95fca774e7,OUT_OF_ORDER,DATA,898,0,"arrived before missing sequence=887"
1589.179,receiver,c6a331da-9a81-4072-a4e4-ab95fca774e7,ACCEPT_DATA,DATA,898,1024,"unique file bytes received"
1589.181,receiver,c6a331da-9a81-4072-a4e4-ab95fca774e7,SEND,ACK,898,36,""
1589.186,receiver,c6a331da-9a81-4072-a4e4-ab95fca774e7,RECEIVE,DATA,903,1060,""
1589.188,receiver,c6a331da-9a81-4072-a4e4-ab95fca774e7,OUT_OF_ORDER,DATA,903,0,"arrived before missing sequence=887"
1589.190,receiver,c6a331da-9a81-4072-a4e4-ab95fca774e7,ACCEPT_DATA,DATA,903,1024,"unique file bytes received"
1589.192,receiver,c6a331da-9a81-4072-a4e4-ab95fca774e7,SEND,ACK,903,36,""
1589.197,receiver,c6a331da-9a81-4072-a4e4-ab95fca774e7,RECEIVE,DATA,899,1060,""
1589.200,receiver,c6a331da-9a81-4072-a4e4-ab95fca774e7,OUT_OF_ORDER,DATA,899,0,"arrived before missing sequence=887"
1589.202,receiver,c6a331da-9a81-4072-a4e4-ab95fca774e7,ACCEPT_DATA,DATA,899,1024,"unique file bytes received"
1589.204,receiver,c6a331da-9a81-4072-a4e4-ab95fca774e7,SEND,ACK,899,36,""
1589.209,receiver,c6a331da-9a81-4072-a4e4-ab95fca774e7,RECEIVE,DATA,912,1060,""
1589.211,receiver,c6a331da-9a81-4072-a4e4-ab95fca774e7,OUT_OF_ORDER,DATA,912,0,"arrived before missing sequence=887"
1589.214,receiver,c6a331da-9a81-4072-a4e4-ab95fca774e7,ACCEPT_DATA,DATA,912,1024,"unique file bytes received"
1589.228,receiver,c6a331da-9a81-4072-a4e4-ab95fca774e7,SEND,ACK,912,36,""
1589.233,receiver,c6a331da-9a81-4072-a4e4-ab95fca774e7,RECEIVE,DATA,913,1060,""
1589.235,receiver,c6a331da-9a81-4072-a4e4-ab95fca774e7,OUT_OF_ORDER,DATA,913,0,"arrived before missing sequence=887"
1589.238,receiver,c6a331da-9a81-4072-a4e4-ab95fca774e7,ACCEPT_DATA,DATA,913,1024,"unique file bytes received"
1589.240,receiver,c6a331da-9a81-4072-a4e4-ab95fca774e7,SEND,ACK,913,36,""
1589.245,receiver,c6a331da-9a81-4072-a4e4-ab95fca774e7,RECEIVE,DATA,895,1060,""
1589.247,receiver,c6a331da-9a81-4072-a4e4-ab95fca774e7,OUT_OF_ORDER,DATA,895,0,"arrived before missing sequence=887"
1589.250,receiver,c6a331da-9a81-4072-a4e4-ab95fca774e7,ACCEPT_DATA,DATA,895,1024,"unique file bytes received"
1589.252,receiver,c6a331da-9a81-4072-a4e4-ab95fca774e7,SEND,ACK,895,36,""
1589.256,receiver,c6a331da-9a81-4072-a4e4-ab95fca774e7,RECEIVE,DATA,887,1060,""
1589.259,receiver,c6a331da-9a81-4072-a4e4-ab95fca774e7,ACCEPT_DATA,DATA,887,1024,"unique file bytes received"
1589.261,receiver,c6a331da-9a81-4072-a4e4-ab95fca774e7,SEND,ACK,887,36,""
1589.266,receiver,c6a331da-9a81-4072-a4e4-ab95fca774e7,RECEIVE,DATA,894,1060,""
1589.294,receiver,c6a331da-9a81-4072-a4e4-ab95fca774e7,OUT_OF_ORDER,DATA,894,0,"arrived before missing sequence=892"
1589.296,receiver,c6a331da-9a81-4072-a4e4-ab95fca774e7,ACCEPT_DATA,DATA,894,1024,"unique file bytes received"
1589.298,receiver,c6a331da-9a81-4072-a4e4-ab95fca774e7,SEND,ACK,894,36,""
1589.304,receiver,c6a331da-9a81-4072-a4e4-ab95fca774e7,RECEIVE,DATA,909,1060,""
1589.306,receiver,c6a331da-9a81-4072-a4e4-ab95fca774e7,OUT_OF_ORDER,DATA,909,0,"arrived before missing sequence=892"
1589.309,receiver,c6a331da-9a81-4072-a4e4-ab95fca774e7,ACCEPT_DATA,DATA,909,1024,"unique file bytes received"
1589.311,receiver,c6a331da-9a81-4072-a4e4-ab95fca774e7,SEND,ACK,909,36,""
1589.316,receiver,c6a331da-9a81-4072-a4e4-ab95fca774e7,RECEIVE,DATA,900,1060,""
1589.318,receiver,c6a331da-9a81-4072-a4e4-ab95fca774e7,OUT_OF_ORDER,DATA,900,0,"arrived before missing sequence=892"
1589.321,receiver,c6a331da-9a81-4072-a4e4-ab95fca774e7,ACCEPT_DATA,DATA,900,1024,"unique file bytes received"
1589.323,receiver,c6a331da-9a81-4072-a4e4-ab95fca774e7,SEND,ACK,900,36,""
1604.367,receiver,c6a331da-9a81-4072-a4e4-ab95fca774e7,EMIT,ACK,878,36,""
1604.398,receiver,c6a331da-9a81-4072-a4e4-ab95fca774e7,EMIT,ACK,857,36,""
1604.410,receiver,c6a331da-9a81-4072-a4e4-ab95fca774e7,EMIT,ACK,874,36,""
1604.421,receiver,c6a331da-9a81-4072-a4e4-ab95fca774e7,EMIT,ACK,879,36,""
1604.431,receiver,c6a331da-9a81-4072-a4e4-ab95fca774e7,EMIT,ACK,880,36,""
1604.440,receiver,c6a331da-9a81-4072-a4e4-ab95fca774e7,EMIT,ACK,873,36,""
1604.454,receiver,c6a331da-9a81-4072-a4e4-ab95fca774e7,EMIT,ACK,881,36,""
1604.463,receiver,c6a331da-9a81-4072-a4e4-ab95fca774e7,EMIT,ACK,884,36,""
1604.473,receiver,c6a331da-9a81-4072-a4e4-ab95fca774e7,EMIT,ACK,866,36,""
1604.482,receiver,c6a331da-9a81-4072-a4e4-ab95fca774e7,EMIT,ACK,882,36,""
1604.491,receiver,c6a331da-9a81-4072-a4e4-ab95fca774e7,EMIT,ACK,870,36,""
1604.712,receiver,c6a331da-9a81-4072-a4e4-ab95fca774e7,RECEIVE,DATA,901,1060,""
1604.722,receiver,c6a331da-9a81-4072-a4e4-ab95fca774e7,OUT_OF_ORDER,DATA,901,0,"arrived before missing sequence=892"
1604.725,receiver,c6a331da-9a81-4072-a4e4-ab95fca774e7,ACCEPT_DATA,DATA,901,1024,"unique file bytes received"
1604.727,receiver,c6a331da-9a81-4072-a4e4-ab95fca774e7,SEND,ACK,901,36,""
1604.737,receiver,c6a331da-9a81-4072-a4e4-ab95fca774e7,RECEIVE,DATA,892,1060,""
1604.740,receiver,c6a331da-9a81-4072-a4e4-ab95fca774e7,ACCEPT_DATA,DATA,892,1024,"unique file bytes received"
1604.742,receiver,c6a331da-9a81-4072-a4e4-ab95fca774e7,SEND,ACK,892,36,""
1604.746,receiver,c6a331da-9a81-4072-a4e4-ab95fca774e7,RECEIVE,DATA,910,1060,""
1604.748,receiver,c6a331da-9a81-4072-a4e4-ab95fca774e7,OUT_OF_ORDER,DATA,910,0,"arrived before missing sequence=902"
1604.770,receiver,c6a331da-9a81-4072-a4e4-ab95fca774e7,ACCEPT_DATA,DATA,910,1024,"unique file bytes received"
1604.773,receiver,c6a331da-9a81-4072-a4e4-ab95fca774e7,SEND,ACK,910,36,""
1604.778,receiver,c6a331da-9a81-4072-a4e4-ab95fca774e7,RECEIVE,DATA,906,1060,""
1604.780,receiver,c6a331da-9a81-4072-a4e4-ab95fca774e7,OUT_OF_ORDER,DATA,906,0,"arrived before missing sequence=902"
1604.782,receiver,c6a331da-9a81-4072-a4e4-ab95fca774e7,ACCEPT_DATA,DATA,906,1024,"unique file bytes received"
1604.784,receiver,c6a331da-9a81-4072-a4e4-ab95fca774e7,SEND,ACK,906,36,""
1604.789,receiver,c6a331da-9a81-4072-a4e4-ab95fca774e7,RECEIVE,DATA,902,1060,""
1604.791,receiver,c6a331da-9a81-4072-a4e4-ab95fca774e7,ACCEPT_DATA,DATA,902,1024,"unique file bytes received"
1604.793,receiver,c6a331da-9a81-4072-a4e4-ab95fca774e7,SEND,ACK,902,36,""
1604.797,receiver,c6a331da-9a81-4072-a4e4-ab95fca774e7,RECEIVE,DATA,911,1060,""
1604.799,receiver,c6a331da-9a81-4072-a4e4-ab95fca774e7,OUT_OF_ORDER,DATA,911,0,"arrived before missing sequence=904"
1604.804,receiver,c6a331da-9a81-4072-a4e4-ab95fca774e7,ACCEPT_DATA,DATA,911,1024,"unique file bytes received"
1604.806,receiver,c6a331da-9a81-4072-a4e4-ab95fca774e7,SEND,ACK,911,36,""
1604.810,receiver,c6a331da-9a81-4072-a4e4-ab95fca774e7,RECEIVE,DATA,908,1060,""
1604.812,receiver,c6a331da-9a81-4072-a4e4-ab95fca774e7,OUT_OF_ORDER,DATA,908,0,"arrived before missing sequence=904"
1604.814,receiver,c6a331da-9a81-4072-a4e4-ab95fca774e7,ACCEPT_DATA,DATA,908,1024,"unique file bytes received"
1604.816,receiver,c6a331da-9a81-4072-a4e4-ab95fca774e7,SEND,ACK,908,36,""
1604.820,receiver,c6a331da-9a81-4072-a4e4-ab95fca774e7,RECEIVE,DATA,914,1060,""
1604.823,receiver,c6a331da-9a81-4072-a4e4-ab95fca774e7,OUT_OF_ORDER,DATA,914,0,"arrived before missing sequence=904"
1604.825,receiver,c6a331da-9a81-4072-a4e4-ab95fca774e7,ACCEPT_DATA,DATA,914,1024,"unique file bytes received"
1604.827,receiver,c6a331da-9a81-4072-a4e4-ab95fca774e7,SEND,ACK,914,36,""
1604.831,receiver,c6a331da-9a81-4072-a4e4-ab95fca774e7,RECEIVE,DATA,905,1060,""
1604.833,receiver,c6a331da-9a81-4072-a4e4-ab95fca774e7,OUT_OF_ORDER,DATA,905,0,"arrived before missing sequence=904"
1604.835,receiver,c6a331da-9a81-4072-a4e4-ab95fca774e7,ACCEPT_DATA,DATA,905,1024,"unique file bytes received"
1604.837,receiver,c6a331da-9a81-4072-a4e4-ab95fca774e7,SEND,ACK,905,36,""
1604.848,receiver,c6a331da-9a81-4072-a4e4-ab95fca774e7,RECEIVE,DATA,904,1060,""
1604.851,receiver,c6a331da-9a81-4072-a4e4-ab95fca774e7,ACCEPT_DATA,DATA,904,1024,"unique file bytes received"
1604.853,receiver,c6a331da-9a81-4072-a4e4-ab95fca774e7,SEND,ACK,904,36,""
1604.858,receiver,c6a331da-9a81-4072-a4e4-ab95fca774e7,RECEIVE,DATA,920,1060,""
1604.860,receiver,c6a331da-9a81-4072-a4e4-ab95fca774e7,OUT_OF_ORDER,DATA,920,0,"arrived before missing sequence=907"
1604.862,receiver,c6a331da-9a81-4072-a4e4-ab95fca774e7,ACCEPT_DATA,DATA,920,1024,"unique file bytes received"
1604.864,receiver,c6a331da-9a81-4072-a4e4-ab95fca774e7,SEND,ACK,920,36,""
1620.473,receiver,c6a331da-9a81-4072-a4e4-ab95fca774e7,EMIT,ACK,877,36,""
1620.505,receiver,c6a331da-9a81-4072-a4e4-ab95fca774e7,EMIT,ACK,875,36,""
1620.518,receiver,c6a331da-9a81-4072-a4e4-ab95fca774e7,EMIT,ACK,872,36,""
1620.530,receiver,c6a331da-9a81-4072-a4e4-ab95fca774e7,EMIT,ACK,896,36,""
1620.543,receiver,c6a331da-9a81-4072-a4e4-ab95fca774e7,EMIT,ACK,865,36,""
1620.552,receiver,c6a331da-9a81-4072-a4e4-ab95fca774e7,EMIT,ACK,883,36,""
1620.561,receiver,c6a331da-9a81-4072-a4e4-ab95fca774e7,EMIT,ACK,885,36,""
1620.569,receiver,c6a331da-9a81-4072-a4e4-ab95fca774e7,EMIT,ACK,897,36,""
1620.577,receiver,c6a331da-9a81-4072-a4e4-ab95fca774e7,EMIT,ACK,876,36,""
1620.597,receiver,c6a331da-9a81-4072-a4e4-ab95fca774e7,EMIT,ACK,890,36,""
1620.611,receiver,c6a331da-9a81-4072-a4e4-ab95fca774e7,EMIT,ACK,903,36,""
1620.622,receiver,c6a331da-9a81-4072-a4e4-ab95fca774e7,EMIT,ACK,912,36,""
1620.630,receiver,c6a331da-9a81-4072-a4e4-ab95fca774e7,RECEIVE,DATA,919,1060,""
1620.645,receiver,c6a331da-9a81-4072-a4e4-ab95fca774e7,OUT_OF_ORDER,DATA,919,0,"arrived before missing sequence=907"
1620.649,receiver,c6a331da-9a81-4072-a4e4-ab95fca774e7,ACCEPT_DATA,DATA,919,1024,"unique file bytes received"
1620.653,receiver,c6a331da-9a81-4072-a4e4-ab95fca774e7,SEND,ACK,919,36,""
1620.669,receiver,c6a331da-9a81-4072-a4e4-ab95fca774e7,RECEIVE,DATA,918,1060,""
1620.684,receiver,c6a331da-9a81-4072-a4e4-ab95fca774e7,OUT_OF_ORDER,DATA,918,0,"arrived before missing sequence=907"
1620.687,receiver,c6a331da-9a81-4072-a4e4-ab95fca774e7,ACCEPT_DATA,DATA,918,1024,"unique file bytes received"
1620.690,receiver,c6a331da-9a81-4072-a4e4-ab95fca774e7,SEND,ACK,918,36,""
1620.696,receiver,c6a331da-9a81-4072-a4e4-ab95fca774e7,RECEIVE,DATA,907,1060,""
1620.699,receiver,c6a331da-9a81-4072-a4e4-ab95fca774e7,ACCEPT_DATA,DATA,907,1024,"unique file bytes received"
1620.702,receiver,c6a331da-9a81-4072-a4e4-ab95fca774e7,SEND,ACK,907,36,""
1620.711,receiver,c6a331da-9a81-4072-a4e4-ab95fca774e7,RECEIVE,DATA,915,1060,""
1620.714,receiver,c6a331da-9a81-4072-a4e4-ab95fca774e7,ACCEPT_DATA,DATA,915,1024,"unique file bytes received"
1620.717,receiver,c6a331da-9a81-4072-a4e4-ab95fca774e7,SEND,ACK,915,36,""
1620.722,receiver,c6a331da-9a81-4072-a4e4-ab95fca774e7,RECEIVE,DATA,917,1060,""
1620.725,receiver,c6a331da-9a81-4072-a4e4-ab95fca774e7,OUT_OF_ORDER,DATA,917,0,"arrived before missing sequence=916"
1620.769,receiver,c6a331da-9a81-4072-a4e4-ab95fca774e7,ACCEPT_DATA,DATA,917,1024,"unique file bytes received"
1620.772,receiver,c6a331da-9a81-4072-a4e4-ab95fca774e7,SEND,ACK,917,36,""
1636.151,receiver,c6a331da-9a81-4072-a4e4-ab95fca774e7,EMIT,ACK,867,36,""
1636.170,receiver,c6a331da-9a81-4072-a4e4-ab95fca774e7,EMIT,ACK,871,36,""
1636.178,receiver,c6a331da-9a81-4072-a4e4-ab95fca774e7,EMIT,ACK,900,36,""
1636.191,receiver,c6a331da-9a81-4072-a4e4-ab95fca774e7,EMIT,ACK,913,36,""
1636.198,receiver,c6a331da-9a81-4072-a4e4-ab95fca774e7,EMIT,ACK,893,36,""
1636.205,receiver,c6a331da-9a81-4072-a4e4-ab95fca774e7,EMIT,ACK,868,36,""
1636.213,receiver,c6a331da-9a81-4072-a4e4-ab95fca774e7,EMIT,ACK,869,36,""
1636.221,receiver,c6a331da-9a81-4072-a4e4-ab95fca774e7,EMIT,ACK,889,36,""
1636.228,receiver,c6a331da-9a81-4072-a4e4-ab95fca774e7,EMIT,ACK,886,36,""
1636.262,receiver,c6a331da-9a81-4072-a4e4-ab95fca774e7,EMIT,ACK,888,36,""
1636.269,receiver,c6a331da-9a81-4072-a4e4-ab95fca774e7,EMIT,ACK,909,36,""
1636.276,receiver,c6a331da-9a81-4072-a4e4-ab95fca774e7,EMIT,ACK,899,36,""
1636.283,receiver,c6a331da-9a81-4072-a4e4-ab95fca774e7,EMIT,ACK,887,36,""
1636.291,receiver,c6a331da-9a81-4072-a4e4-ab95fca774e7,EMIT,ACK,920,36,""
1636.298,receiver,c6a331da-9a81-4072-a4e4-ab95fca774e7,EMIT,ACK,891,36,""
1636.306,receiver,c6a331da-9a81-4072-a4e4-ab95fca774e7,EMIT,ACK,908,36,""
1636.313,receiver,c6a331da-9a81-4072-a4e4-ab95fca774e7,EMIT,ACK,894,36,""
1636.320,receiver,c6a331da-9a81-4072-a4e4-ab95fca774e7,EMIT,ACK,898,36,""
1636.609,receiver,c6a331da-9a81-4072-a4e4-ab95fca774e7,RECEIVE,DATA,916,1060,""
1636.621,receiver,c6a331da-9a81-4072-a4e4-ab95fca774e7,ACCEPT_DATA,DATA,916,1024,"unique file bytes received"
1636.625,receiver,c6a331da-9a81-4072-a4e4-ab95fca774e7,SEND,ACK,916,36,""
1636.945,receiver,c6a331da-9a81-4072-a4e4-ab95fca774e7,RECEIVE,DATA,924,1060,""
1636.955,receiver,c6a331da-9a81-4072-a4e4-ab95fca774e7,OUT_OF_ORDER,DATA,924,0,"arrived before missing sequence=921"
1636.958,receiver,c6a331da-9a81-4072-a4e4-ab95fca774e7,ACCEPT_DATA,DATA,924,1024,"unique file bytes received"
1636.967,receiver,c6a331da-9a81-4072-a4e4-ab95fca774e7,SEND,ACK,924,36,""
1636.976,receiver,c6a331da-9a81-4072-a4e4-ab95fca774e7,RECEIVE,DATA,927,1060,""
1636.979,receiver,c6a331da-9a81-4072-a4e4-ab95fca774e7,OUT_OF_ORDER,DATA,927,0,"arrived before missing sequence=921"
1636.981,receiver,c6a331da-9a81-4072-a4e4-ab95fca774e7,ACCEPT_DATA,DATA,927,1024,"unique file bytes received"
1636.983,receiver,c6a331da-9a81-4072-a4e4-ab95fca774e7,SEND,ACK,927,36,""
1636.988,receiver,c6a331da-9a81-4072-a4e4-ab95fca774e7,RECEIVE,DATA,925,1060,""
1636.991,receiver,c6a331da-9a81-4072-a4e4-ab95fca774e7,OUT_OF_ORDER,DATA,925,0,"arrived before missing sequence=921"
1636.993,receiver,c6a331da-9a81-4072-a4e4-ab95fca774e7,ACCEPT_DATA,DATA,925,1024,"unique file bytes received"
1636.995,receiver,c6a331da-9a81-4072-a4e4-ab95fca774e7,SEND,ACK,925,36,""
1636.999,receiver,c6a331da-9a81-4072-a4e4-ab95fca774e7,RECEIVE,DATA,922,1060,""
1637.002,receiver,c6a331da-9a81-4072-a4e4-ab95fca774e7,OUT_OF_ORDER,DATA,922,0,"arrived before missing sequence=921"
1637.004,receiver,c6a331da-9a81-4072-a4e4-ab95fca774e7,ACCEPT_DATA,DATA,922,1024,"unique file bytes received"
1637.006,receiver,c6a331da-9a81-4072-a4e4-ab95fca774e7,SEND,ACK,922,36,""
1652.457,receiver,c6a331da-9a81-4072-a4e4-ab95fca774e7,EMIT,ACK,892,36,""
1652.519,receiver,c6a331da-9a81-4072-a4e4-ab95fca774e7,EMIT,ACK,895,36,""
1652.548,receiver,c6a331da-9a81-4072-a4e4-ab95fca774e7,EMIT,ACK,914,36,""
1652.569,receiver,c6a331da-9a81-4072-a4e4-ab95fca774e7,EMIT,ACK,902,36,""
1652.588,receiver,c6a331da-9a81-4072-a4e4-ab95fca774e7,RECEIVE,DATA,923,1060,""
1652.604,receiver,c6a331da-9a81-4072-a4e4-ab95fca774e7,EMIT,ACK,906,36,""
1652.611,receiver,c6a331da-9a81-4072-a4e4-ab95fca774e7,OUT_OF_ORDER,DATA,923,0,"arrived before missing sequence=921"
1652.616,receiver,c6a331da-9a81-4072-a4e4-ab95fca774e7,ACCEPT_DATA,DATA,923,1024,"unique file bytes received"
1652.620,receiver,c6a331da-9a81-4072-a4e4-ab95fca774e7,SEND,ACK,923,36,""
1652.630,receiver,c6a331da-9a81-4072-a4e4-ab95fca774e7,EMIT,ACK,905,36,""
1652.648,receiver,c6a331da-9a81-4072-a4e4-ab95fca774e7,EMIT,ACK,907,36,""
1652.666,receiver,c6a331da-9a81-4072-a4e4-ab95fca774e7,EMIT,ACK,911,36,""
1652.672,receiver,c6a331da-9a81-4072-a4e4-ab95fca774e7,RECEIVE,DATA,921,1060,""
1652.686,receiver,c6a331da-9a81-4072-a4e4-ab95fca774e7,EMIT,ACK,904,36,""
1652.703,receiver,c6a331da-9a81-4072-a4e4-ab95fca774e7,ACCEPT_DATA,DATA,921,1024,"unique file bytes received"
1652.706,receiver,c6a331da-9a81-4072-a4e4-ab95fca774e7,SEND,ACK,921,36,""
1652.714,receiver,c6a331da-9a81-4072-a4e4-ab95fca774e7,RECEIVE,DATA,928,1060,""
1652.717,receiver,c6a331da-9a81-4072-a4e4-ab95fca774e7,OUT_OF_ORDER,DATA,928,0,"arrived before missing sequence=926"
1652.720,receiver,c6a331da-9a81-4072-a4e4-ab95fca774e7,ACCEPT_DATA,DATA,928,1024,"unique file bytes received"
1652.723,receiver,c6a331da-9a81-4072-a4e4-ab95fca774e7,SEND,ACK,928,36,""
1652.735,receiver,c6a331da-9a81-4072-a4e4-ab95fca774e7,RECEIVE,DATA,929,1060,""
1652.738,receiver,c6a331da-9a81-4072-a4e4-ab95fca774e7,OUT_OF_ORDER,DATA,929,0,"arrived before missing sequence=926"
1652.741,receiver,c6a331da-9a81-4072-a4e4-ab95fca774e7,ACCEPT_DATA,DATA,929,1024,"unique file bytes received"
1652.743,receiver,c6a331da-9a81-4072-a4e4-ab95fca774e7,SEND,ACK,929,36,""
1667.913,receiver,c6a331da-9a81-4072-a4e4-ab95fca774e7,EMIT,ACK,901,36,""
1667.945,receiver,c6a331da-9a81-4072-a4e4-ab95fca774e7,EMIT,ACK,910,36,""
1667.961,receiver,c6a331da-9a81-4072-a4e4-ab95fca774e7,EMIT,ACK,915,36,""
1667.970,receiver,c6a331da-9a81-4072-a4e4-ab95fca774e7,EMIT,ACK,922,36,""
1667.981,receiver,c6a331da-9a81-4072-a4e4-ab95fca774e7,EMIT,ACK,918,36,""
1668.136,receiver,c6a331da-9a81-4072-a4e4-ab95fca774e7,RECEIVE,DATA,926,1060,""
1668.146,receiver,c6a331da-9a81-4072-a4e4-ab95fca774e7,ACCEPT_DATA,DATA,926,1024,"unique file bytes received"
1668.149,receiver,c6a331da-9a81-4072-a4e4-ab95fca774e7,SEND,ACK,926,36,""
1668.161,receiver,c6a331da-9a81-4072-a4e4-ab95fca774e7,RECEIVE,DATA,931,1060,""
1668.164,receiver,c6a331da-9a81-4072-a4e4-ab95fca774e7,OUT_OF_ORDER,DATA,931,0,"arrived before missing sequence=930"
1668.166,receiver,c6a331da-9a81-4072-a4e4-ab95fca774e7,ACCEPT_DATA,DATA,931,1024,"unique file bytes received"
1668.173,receiver,c6a331da-9a81-4072-a4e4-ab95fca774e7,SEND,ACK,931,36,""
1668.195,receiver,c6a331da-9a81-4072-a4e4-ab95fca774e7,RECEIVE,DATA,954,1060,""
1668.197,receiver,c6a331da-9a81-4072-a4e4-ab95fca774e7,OUT_OF_ORDER,DATA,954,0,"arrived before missing sequence=930"
1668.200,receiver,c6a331da-9a81-4072-a4e4-ab95fca774e7,ACCEPT_DATA,DATA,954,1024,"unique file bytes received"
1668.202,receiver,c6a331da-9a81-4072-a4e4-ab95fca774e7,SEND,ACK,954,36,""
1668.206,receiver,c6a331da-9a81-4072-a4e4-ab95fca774e7,RECEIVE,DATA,930,1060,""
1668.208,receiver,c6a331da-9a81-4072-a4e4-ab95fca774e7,ACCEPT_DATA,DATA,930,1024,"unique file bytes received"
1668.210,receiver,c6a331da-9a81-4072-a4e4-ab95fca774e7,SEND,ACK,930,36,""
1668.215,receiver,c6a331da-9a81-4072-a4e4-ab95fca774e7,RECEIVE,DATA,938,1060,""
1668.217,receiver,c6a331da-9a81-4072-a4e4-ab95fca774e7,OUT_OF_ORDER,DATA,938,0,"arrived before missing sequence=932"
1668.219,receiver,c6a331da-9a81-4072-a4e4-ab95fca774e7,ACCEPT_DATA,DATA,938,1024,"unique file bytes received"
1668.221,receiver,c6a331da-9a81-4072-a4e4-ab95fca774e7,SEND,ACK,938,36,""
1668.225,receiver,c6a331da-9a81-4072-a4e4-ab95fca774e7,RECEIVE,DATA,939,1060,""
1668.227,receiver,c6a331da-9a81-4072-a4e4-ab95fca774e7,OUT_OF_ORDER,DATA,939,0,"arrived before missing sequence=932"
1668.229,receiver,c6a331da-9a81-4072-a4e4-ab95fca774e7,ACCEPT_DATA,DATA,939,1024,"unique file bytes received"
1668.231,receiver,c6a331da-9a81-4072-a4e4-ab95fca774e7,SEND,ACK,939,36,""
1668.236,receiver,c6a331da-9a81-4072-a4e4-ab95fca774e7,RECEIVE,DATA,943,1060,""
1668.238,receiver,c6a331da-9a81-4072-a4e4-ab95fca774e7,OUT_OF_ORDER,DATA,943,0,"arrived before missing sequence=932"
1668.240,receiver,c6a331da-9a81-4072-a4e4-ab95fca774e7,ACCEPT_DATA,DATA,943,1024,"unique file bytes received"
1668.265,receiver,c6a331da-9a81-4072-a4e4-ab95fca774e7,SEND,ACK,943,36,""
1683.584,receiver,c6a331da-9a81-4072-a4e4-ab95fca774e7,RECEIVE,DATA,940,1060,""
1683.601,receiver,c6a331da-9a81-4072-a4e4-ab95fca774e7,EMIT,ACK,919,36,""
1683.612,receiver,c6a331da-9a81-4072-a4e4-ab95fca774e7,OUT_OF_ORDER,DATA,940,0,"arrived before missing sequence=932"
1683.617,receiver,c6a331da-9a81-4072-a4e4-ab95fca774e7,ACCEPT_DATA,DATA,940,1024,"unique file bytes received"
1683.634,receiver,c6a331da-9a81-4072-a4e4-ab95fca774e7,EMIT,ACK,917,36,""
1683.643,receiver,c6a331da-9a81-4072-a4e4-ab95fca774e7,SEND,ACK,940,36,""
1683.650,receiver,c6a331da-9a81-4072-a4e4-ab95fca774e7,EMIT,ACK,925,36,""
1683.658,receiver,c6a331da-9a81-4072-a4e4-ab95fca774e7,RECEIVE,DATA,953,1060,""
1683.662,receiver,c6a331da-9a81-4072-a4e4-ab95fca774e7,EMIT,ACK,916,36,""
1683.665,receiver,c6a331da-9a81-4072-a4e4-ab95fca774e7,OUT_OF_ORDER,DATA,953,0,"arrived before missing sequence=932"
1683.669,receiver,c6a331da-9a81-4072-a4e4-ab95fca774e7,ACCEPT_DATA,DATA,953,1024,"unique file bytes received"
1683.672,receiver,c6a331da-9a81-4072-a4e4-ab95fca774e7,SEND,ACK,953,36,""
1683.675,receiver,c6a331da-9a81-4072-a4e4-ab95fca774e7,EMIT,ACK,924,36,""
1683.679,receiver,c6a331da-9a81-4072-a4e4-ab95fca774e7,RECEIVE,DATA,935,1060,""
1683.682,receiver,c6a331da-9a81-4072-a4e4-ab95fca774e7,OUT_OF_ORDER,DATA,935,0,"arrived before missing sequence=932"
1683.693,receiver,c6a331da-9a81-4072-a4e4-ab95fca774e7,ACCEPT_DATA,DATA,935,1024,"unique file bytes received"
1683.697,receiver,c6a331da-9a81-4072-a4e4-ab95fca774e7,SEND,ACK,935,36,""
1683.709,receiver,c6a331da-9a81-4072-a4e4-ab95fca774e7,RECEIVE,DATA,955,1060,""
1683.712,receiver,c6a331da-9a81-4072-a4e4-ab95fca774e7,OUT_OF_ORDER,DATA,955,0,"arrived before missing sequence=932"
1683.715,receiver,c6a331da-9a81-4072-a4e4-ab95fca774e7,ACCEPT_DATA,DATA,955,1024,"unique file bytes received"
1683.717,receiver,c6a331da-9a81-4072-a4e4-ab95fca774e7,SEND,ACK,955,36,""
1683.723,receiver,c6a331da-9a81-4072-a4e4-ab95fca774e7,RECEIVE,DATA,932,1060,""
1683.726,receiver,c6a331da-9a81-4072-a4e4-ab95fca774e7,ACCEPT_DATA,DATA,932,1024,"unique file bytes received"
1683.728,receiver,c6a331da-9a81-4072-a4e4-ab95fca774e7,SEND,ACK,932,36,""
1683.734,receiver,c6a331da-9a81-4072-a4e4-ab95fca774e7,RECEIVE,DATA,950,1060,""
1683.737,receiver,c6a331da-9a81-4072-a4e4-ab95fca774e7,OUT_OF_ORDER,DATA,950,0,"arrived before missing sequence=933"
1683.744,receiver,c6a331da-9a81-4072-a4e4-ab95fca774e7,ACCEPT_DATA,DATA,950,1024,"unique file bytes received"
1683.746,receiver,c6a331da-9a81-4072-a4e4-ab95fca774e7,SEND,ACK,950,36,""
1683.752,receiver,c6a331da-9a81-4072-a4e4-ab95fca774e7,RECEIVE,DATA,936,1060,""
1683.754,receiver,c6a331da-9a81-4072-a4e4-ab95fca774e7,OUT_OF_ORDER,DATA,936,0,"arrived before missing sequence=933"
1683.757,receiver,c6a331da-9a81-4072-a4e4-ab95fca774e7,ACCEPT_DATA,DATA,936,1024,"unique file bytes received"
1683.759,receiver,c6a331da-9a81-4072-a4e4-ab95fca774e7,SEND,ACK,936,36,""
1683.764,receiver,c6a331da-9a81-4072-a4e4-ab95fca774e7,RECEIVE,DATA,942,1060,""
1683.767,receiver,c6a331da-9a81-4072-a4e4-ab95fca774e7,OUT_OF_ORDER,DATA,942,0,"arrived before missing sequence=933"
1683.769,receiver,c6a331da-9a81-4072-a4e4-ab95fca774e7,ACCEPT_DATA,DATA,942,1024,"unique file bytes received"
1683.771,receiver,c6a331da-9a81-4072-a4e4-ab95fca774e7,SEND,ACK,942,36,""
1683.777,receiver,c6a331da-9a81-4072-a4e4-ab95fca774e7,RECEIVE,DATA,948,1060,""
1683.791,receiver,c6a331da-9a81-4072-a4e4-ab95fca774e7,OUT_OF_ORDER,DATA,948,0,"arrived before missing sequence=933"
1683.794,receiver,c6a331da-9a81-4072-a4e4-ab95fca774e7,ACCEPT_DATA,DATA,948,1024,"unique file bytes received"
1683.797,receiver,c6a331da-9a81-4072-a4e4-ab95fca774e7,SEND,ACK,948,36,""
1683.803,receiver,c6a331da-9a81-4072-a4e4-ab95fca774e7,RECEIVE,DATA,934,1060,""
1683.806,receiver,c6a331da-9a81-4072-a4e4-ab95fca774e7,OUT_OF_ORDER,DATA,934,0,"arrived before missing sequence=933"
1683.808,receiver,c6a331da-9a81-4072-a4e4-ab95fca774e7,ACCEPT_DATA,DATA,934,1024,"unique file bytes received"
1683.811,receiver,c6a331da-9a81-4072-a4e4-ab95fca774e7,SEND,ACK,934,36,""
1683.818,receiver,c6a331da-9a81-4072-a4e4-ab95fca774e7,RECEIVE,DATA,945,1060,""
1683.826,receiver,c6a331da-9a81-4072-a4e4-ab95fca774e7,OUT_OF_ORDER,DATA,945,0,"arrived before missing sequence=933"
1683.829,receiver,c6a331da-9a81-4072-a4e4-ab95fca774e7,ACCEPT_DATA,DATA,945,1024,"unique file bytes received"
1683.832,receiver,c6a331da-9a81-4072-a4e4-ab95fca774e7,SEND,ACK,945,36,""
1683.837,receiver,c6a331da-9a81-4072-a4e4-ab95fca774e7,RECEIVE,DATA,946,1060,""
1683.841,receiver,c6a331da-9a81-4072-a4e4-ab95fca774e7,OUT_OF_ORDER,DATA,946,0,"arrived before missing sequence=933"
1683.843,receiver,c6a331da-9a81-4072-a4e4-ab95fca774e7,ACCEPT_DATA,DATA,946,1024,"unique file bytes received"
1683.850,receiver,c6a331da-9a81-4072-a4e4-ab95fca774e7,SEND,ACK,946,36,""
1683.855,receiver,c6a331da-9a81-4072-a4e4-ab95fca774e7,RECEIVE,DATA,958,1060,""
1683.858,receiver,c6a331da-9a81-4072-a4e4-ab95fca774e7,OUT_OF_ORDER,DATA,958,0,"arrived before missing sequence=933"
1683.861,receiver,c6a331da-9a81-4072-a4e4-ab95fca774e7,ACCEPT_DATA,DATA,958,1024,"unique file bytes received"
1683.864,receiver,c6a331da-9a81-4072-a4e4-ab95fca774e7,SEND,ACK,958,36,""
1683.869,receiver,c6a331da-9a81-4072-a4e4-ab95fca774e7,RECEIVE,DATA,933,1060,""
1683.872,receiver,c6a331da-9a81-4072-a4e4-ab95fca774e7,ACCEPT_DATA,DATA,933,1024,"unique file bytes received"
1683.875,receiver,c6a331da-9a81-4072-a4e4-ab95fca774e7,SEND,ACK,933,36,""
1683.880,receiver,c6a331da-9a81-4072-a4e4-ab95fca774e7,RECEIVE,DATA,959,1060,""
1683.883,receiver,c6a331da-9a81-4072-a4e4-ab95fca774e7,OUT_OF_ORDER,DATA,959,0,"arrived before missing sequence=937"
1683.886,receiver,c6a331da-9a81-4072-a4e4-ab95fca774e7,ACCEPT_DATA,DATA,959,1024,"unique file bytes received"
1683.889,receiver,c6a331da-9a81-4072-a4e4-ab95fca774e7,SEND,ACK,959,36,""
1683.897,receiver,c6a331da-9a81-4072-a4e4-ab95fca774e7,RECEIVE,DATA,960,1060,""
1683.900,receiver,c6a331da-9a81-4072-a4e4-ab95fca774e7,OUT_OF_ORDER,DATA,960,0,"arrived before missing sequence=937"
1683.903,receiver,c6a331da-9a81-4072-a4e4-ab95fca774e7,ACCEPT_DATA,DATA,960,1024,"unique file bytes received"
1683.906,receiver,c6a331da-9a81-4072-a4e4-ab95fca774e7,SEND,ACK,960,36,""
1683.911,receiver,c6a331da-9a81-4072-a4e4-ab95fca774e7,RECEIVE,DATA,947,1060,""
1683.914,receiver,c6a331da-9a81-4072-a4e4-ab95fca774e7,OUT_OF_ORDER,DATA,947,0,"arrived before missing sequence=937"
1683.917,receiver,c6a331da-9a81-4072-a4e4-ab95fca774e7,ACCEPT_DATA,DATA,947,1024,"unique file bytes received"
1683.919,receiver,c6a331da-9a81-4072-a4e4-ab95fca774e7,SEND,ACK,947,36,""
1683.924,receiver,c6a331da-9a81-4072-a4e4-ab95fca774e7,RECEIVE,DATA,951,1060,""
1683.927,receiver,c6a331da-9a81-4072-a4e4-ab95fca774e7,OUT_OF_ORDER,DATA,951,0,"arrived before missing sequence=937"
1683.930,receiver,c6a331da-9a81-4072-a4e4-ab95fca774e7,ACCEPT_DATA,DATA,951,1024,"unique file bytes received"
1683.932,receiver,c6a331da-9a81-4072-a4e4-ab95fca774e7,SEND,ACK,951,36,""
1683.937,receiver,c6a331da-9a81-4072-a4e4-ab95fca774e7,RECEIVE,DATA,952,1060,""
1683.940,receiver,c6a331da-9a81-4072-a4e4-ab95fca774e7,OUT_OF_ORDER,DATA,952,0,"arrived before missing sequence=937"
1683.943,receiver,c6a331da-9a81-4072-a4e4-ab95fca774e7,ACCEPT_DATA,DATA,952,1024,"unique file bytes received"
1683.945,receiver,c6a331da-9a81-4072-a4e4-ab95fca774e7,SEND,ACK,952,36,""
1698.991,receiver,c6a331da-9a81-4072-a4e4-ab95fca774e7,EMIT,ACK,923,36,""
1699.025,receiver,c6a331da-9a81-4072-a4e4-ab95fca774e7,EMIT,ACK,927,36,""
1699.037,receiver,c6a331da-9a81-4072-a4e4-ab95fca774e7,EMIT,ACK,928,36,""
1699.047,receiver,c6a331da-9a81-4072-a4e4-ab95fca774e7,EMIT,ACK,929,36,""
1699.056,receiver,c6a331da-9a81-4072-a4e4-ab95fca774e7,EMIT,ACK,921,36,""
1699.066,receiver,c6a331da-9a81-4072-a4e4-ab95fca774e7,EMIT,ACK,939,36,""
1699.075,receiver,c6a331da-9a81-4072-a4e4-ab95fca774e7,EMIT,ACK,943,36,""
1699.119,receiver,c6a331da-9a81-4072-a4e4-ab95fca774e7,RECEIVE,DATA,941,1060,""
1699.232,receiver,c6a331da-9a81-4072-a4e4-ab95fca774e7,OUT_OF_ORDER,DATA,941,0,"arrived before missing sequence=937"
1699.237,receiver,c6a331da-9a81-4072-a4e4-ab95fca774e7,ACCEPT_DATA,DATA,941,1024,"unique file bytes received"
1699.240,receiver,c6a331da-9a81-4072-a4e4-ab95fca774e7,SEND,ACK,941,36,""
1699.255,receiver,c6a331da-9a81-4072-a4e4-ab95fca774e7,RECEIVE,DATA,944,1060,""
1699.258,receiver,c6a331da-9a81-4072-a4e4-ab95fca774e7,OUT_OF_ORDER,DATA,944,0,"arrived before missing sequence=937"
1699.269,receiver,c6a331da-9a81-4072-a4e4-ab95fca774e7,ACCEPT_DATA,DATA,944,1024,"unique file bytes received"
1699.272,receiver,c6a331da-9a81-4072-a4e4-ab95fca774e7,SEND,ACK,944,36,""
1699.278,receiver,c6a331da-9a81-4072-a4e4-ab95fca774e7,RECEIVE,DATA,956,1060,""
1699.281,receiver,c6a331da-9a81-4072-a4e4-ab95fca774e7,OUT_OF_ORDER,DATA,956,0,"arrived before missing sequence=937"
1699.284,receiver,c6a331da-9a81-4072-a4e4-ab95fca774e7,ACCEPT_DATA,DATA,956,1024,"unique file bytes received"
1699.286,receiver,c6a331da-9a81-4072-a4e4-ab95fca774e7,SEND,ACK,956,36,""
1699.292,receiver,c6a331da-9a81-4072-a4e4-ab95fca774e7,RECEIVE,DATA,957,1060,""
1699.295,receiver,c6a331da-9a81-4072-a4e4-ab95fca774e7,OUT_OF_ORDER,DATA,957,0,"arrived before missing sequence=937"
1699.297,receiver,c6a331da-9a81-4072-a4e4-ab95fca774e7,ACCEPT_DATA,DATA,957,1024,"unique file bytes received"
1699.299,receiver,c6a331da-9a81-4072-a4e4-ab95fca774e7,SEND,ACK,957,36,""
1699.305,receiver,c6a331da-9a81-4072-a4e4-ab95fca774e7,RECEIVE,DATA,937,1060,""
1699.308,receiver,c6a331da-9a81-4072-a4e4-ab95fca774e7,ACCEPT_DATA,DATA,937,1024,"unique file bytes received"
1699.310,receiver,c6a331da-9a81-4072-a4e4-ab95fca774e7,SEND,ACK,937,36,""
1699.315,receiver,c6a331da-9a81-4072-a4e4-ab95fca774e7,RECEIVE,DATA,949,1060,""
1699.318,receiver,c6a331da-9a81-4072-a4e4-ab95fca774e7,ACCEPT_DATA,DATA,949,1024,"unique file bytes received"
1699.321,receiver,c6a331da-9a81-4072-a4e4-ab95fca774e7,SEND,ACK,949,36,""
1699.339,receiver,c6a331da-9a81-4072-a4e4-ab95fca774e7,RECEIVE,DATA,961,1060,""
1699.342,receiver,c6a331da-9a81-4072-a4e4-ab95fca774e7,ACCEPT_DATA,DATA,961,1024,"unique file bytes received"
1699.345,receiver,c6a331da-9a81-4072-a4e4-ab95fca774e7,SEND,ACK,961,36,""
1699.350,receiver,c6a331da-9a81-4072-a4e4-ab95fca774e7,RECEIVE,DATA,965,1060,""
1699.353,receiver,c6a331da-9a81-4072-a4e4-ab95fca774e7,OUT_OF_ORDER,DATA,965,0,"arrived before missing sequence=962"
1699.355,receiver,c6a331da-9a81-4072-a4e4-ab95fca774e7,ACCEPT_DATA,DATA,965,1024,"unique file bytes received"
1699.358,receiver,c6a331da-9a81-4072-a4e4-ab95fca774e7,SEND,ACK,965,36,""
1699.363,receiver,c6a331da-9a81-4072-a4e4-ab95fca774e7,RECEIVE,DATA,966,1060,""
1699.366,receiver,c6a331da-9a81-4072-a4e4-ab95fca774e7,OUT_OF_ORDER,DATA,966,0,"arrived before missing sequence=962"
1699.368,receiver,c6a331da-9a81-4072-a4e4-ab95fca774e7,ACCEPT_DATA,DATA,966,1024,"unique file bytes received"
1699.370,receiver,c6a331da-9a81-4072-a4e4-ab95fca774e7,SEND,ACK,966,36,""
1699.375,receiver,c6a331da-9a81-4072-a4e4-ab95fca774e7,RECEIVE,DATA,964,1060,""
1699.378,receiver,c6a331da-9a81-4072-a4e4-ab95fca774e7,OUT_OF_ORDER,DATA,964,0,"arrived before missing sequence=962"
1699.385,receiver,c6a331da-9a81-4072-a4e4-ab95fca774e7,ACCEPT_DATA,DATA,964,1024,"unique file bytes received"
1699.387,receiver,c6a331da-9a81-4072-a4e4-ab95fca774e7,SEND,ACK,964,36,""
1714.902,receiver,c6a331da-9a81-4072-a4e4-ab95fca774e7,EMIT,ACK,954,36,""
1715.004,receiver,c6a331da-9a81-4072-a4e4-ab95fca774e7,EMIT,ACK,938,36,""
1715.025,receiver,c6a331da-9a81-4072-a4e4-ab95fca774e7,EMIT,ACK,931,36,""
1715.040,receiver,c6a331da-9a81-4072-a4e4-ab95fca774e7,EMIT,ACK,955,36,""
1715.055,receiver,c6a331da-9a81-4072-a4e4-ab95fca774e7,EMIT,ACK,926,36,""
1715.071,receiver,c6a331da-9a81-4072-a4e4-ab95fca774e7,EMIT,ACK,936,36,""
1715.076,receiver,c6a331da-9a81-4072-a4e4-ab95fca774e7,RECEIVE,DATA,963,1060,""
1715.090,receiver,c6a331da-9a81-4072-a4e4-ab95fca774e7,EMIT,ACK,942,36,""
1715.099,receiver,c6a331da-9a81-4072-a4e4-ab95fca774e7,OUT_OF_ORDER,DATA,963,0,"arrived before missing sequence=962"
1715.105,receiver,c6a331da-9a81-4072-a4e4-ab95fca774e7,ACCEPT_DATA,DATA,963,1024,"unique file bytes received"
1715.110,receiver,c6a331da-9a81-4072-a4e4-ab95fca774e7,EMIT,ACK,947,36,""
1715.114,receiver,c6a331da-9a81-4072-a4e4-ab95fca774e7,SEND,ACK,963,36,""
1715.125,receiver,c6a331da-9a81-4072-a4e4-ab95fca774e7,EMIT,ACK,930,36,""
1715.137,receiver,c6a331da-9a81-4072-a4e4-ab95fca774e7,RECEIVE,DATA,970,1060,""
1715.142,receiver,c6a331da-9a81-4072-a4e4-ab95fca774e7,EMIT,ACK,940,36,""
1715.146,receiver,c6a331da-9a81-4072-a4e4-ab95fca774e7,OUT_OF_ORDER,DATA,970,0,"arrived before missing sequence=962"
1715.151,receiver,c6a331da-9a81-4072-a4e4-ab95fca774e7,ACCEPT_DATA,DATA,970,1024,"unique file bytes received"
1715.155,receiver,c6a331da-9a81-4072-a4e4-ab95fca774e7,SEND,ACK,970,36,""
1715.159,receiver,c6a331da-9a81-4072-a4e4-ab95fca774e7,EMIT,ACK,958,36,""
1715.165,receiver,c6a331da-9a81-4072-a4e4-ab95fca774e7,RECEIVE,DATA,962,1060,""
1715.170,receiver,c6a331da-9a81-4072-a4e4-ab95fca774e7,ACCEPT_DATA,DATA,962,1024,"unique file bytes received"
1715.174,receiver,c6a331da-9a81-4072-a4e4-ab95fca774e7,SEND,ACK,962,36,""
1715.178,receiver,c6a331da-9a81-4072-a4e4-ab95fca774e7,EMIT,ACK,960,36,""
1715.184,receiver,c6a331da-9a81-4072-a4e4-ab95fca774e7,RECEIVE,DATA,967,1060,""
1715.189,receiver,c6a331da-9a81-4072-a4e4-ab95fca774e7,ACCEPT_DATA,DATA,967,1024,"unique file bytes received"
1715.192,receiver,c6a331da-9a81-4072-a4e4-ab95fca774e7,SEND,ACK,967,36,""
1715.196,receiver,c6a331da-9a81-4072-a4e4-ab95fca774e7,EMIT,ACK,946,36,""
1715.202,receiver,c6a331da-9a81-4072-a4e4-ab95fca774e7,RECEIVE,DATA,978,1060,""
1715.207,receiver,c6a331da-9a81-4072-a4e4-ab95fca774e7,OUT_OF_ORDER,DATA,978,0,"arrived before missing sequence=968"
1715.211,receiver,c6a331da-9a81-4072-a4e4-ab95fca774e7,ACCEPT_DATA,DATA,978,1024,"unique file bytes received"
1715.215,receiver,c6a331da-9a81-4072-a4e4-ab95fca774e7,SEND,ACK,978,36,""
1715.223,receiver,c6a331da-9a81-4072-a4e4-ab95fca774e7,RECEIVE,DATA,971,1060,""
1715.228,receiver,c6a331da-9a81-4072-a4e4-ab95fca774e7,OUT_OF_ORDER,DATA,971,0,"arrived before missing sequence=968"
1715.231,receiver,c6a331da-9a81-4072-a4e4-ab95fca774e7,ACCEPT_DATA,DATA,971,1024,"unique file bytes received"
1715.235,receiver,c6a331da-9a81-4072-a4e4-ab95fca774e7,SEND,ACK,971,36,""
1715.243,receiver,c6a331da-9a81-4072-a4e4-ab95fca774e7,RECEIVE,DATA,976,1060,""
1715.247,receiver,c6a331da-9a81-4072-a4e4-ab95fca774e7,OUT_OF_ORDER,DATA,976,0,"arrived before missing sequence=968"
1715.251,receiver,c6a331da-9a81-4072-a4e4-ab95fca774e7,ACCEPT_DATA,DATA,976,1024,"unique file bytes received"
1715.255,receiver,c6a331da-9a81-4072-a4e4-ab95fca774e7,SEND,ACK,976,36,""
1715.263,receiver,c6a331da-9a81-4072-a4e4-ab95fca774e7,RECEIVE,DATA,979,1060,""
1715.267,receiver,c6a331da-9a81-4072-a4e4-ab95fca774e7,OUT_OF_ORDER,DATA,979,0,"arrived before missing sequence=968"
1715.271,receiver,c6a331da-9a81-4072-a4e4-ab95fca774e7,ACCEPT_DATA,DATA,979,1024,"unique file bytes received"
1715.274,receiver,c6a331da-9a81-4072-a4e4-ab95fca774e7,SEND,ACK,979,36,""
1715.282,receiver,c6a331da-9a81-4072-a4e4-ab95fca774e7,RECEIVE,DATA,968,1060,""
1715.287,receiver,c6a331da-9a81-4072-a4e4-ab95fca774e7,ACCEPT_DATA,DATA,968,1024,"unique file bytes received"
1715.290,receiver,c6a331da-9a81-4072-a4e4-ab95fca774e7,SEND,ACK,968,36,""
1715.298,receiver,c6a331da-9a81-4072-a4e4-ab95fca774e7,RECEIVE,DATA,972,1060,""
1715.303,receiver,c6a331da-9a81-4072-a4e4-ab95fca774e7,OUT_OF_ORDER,DATA,972,0,"arrived before missing sequence=969"
1715.306,receiver,c6a331da-9a81-4072-a4e4-ab95fca774e7,ACCEPT_DATA,DATA,972,1024,"unique file bytes received"
1715.310,receiver,c6a331da-9a81-4072-a4e4-ab95fca774e7,SEND,ACK,972,36,""
1715.318,receiver,c6a331da-9a81-4072-a4e4-ab95fca774e7,RECEIVE,DATA,973,1060,""
1715.322,receiver,c6a331da-9a81-4072-a4e4-ab95fca774e7,OUT_OF_ORDER,DATA,973,0,"arrived before missing sequence=969"
1715.326,receiver,c6a331da-9a81-4072-a4e4-ab95fca774e7,ACCEPT_DATA,DATA,973,1024,"unique file bytes received"
1715.376,receiver,c6a331da-9a81-4072-a4e4-ab95fca774e7,SEND,ACK,973,36,""
1715.386,receiver,c6a331da-9a81-4072-a4e4-ab95fca774e7,RECEIVE,DATA,974,1060,""
1715.390,receiver,c6a331da-9a81-4072-a4e4-ab95fca774e7,OUT_OF_ORDER,DATA,974,0,"arrived before missing sequence=969"
1715.394,receiver,c6a331da-9a81-4072-a4e4-ab95fca774e7,ACCEPT_DATA,DATA,974,1024,"unique file bytes received"
1715.398,receiver,c6a331da-9a81-4072-a4e4-ab95fca774e7,SEND,ACK,974,36,""
1715.407,receiver,c6a331da-9a81-4072-a4e4-ab95fca774e7,RECEIVE,DATA,984,1060,""
1715.411,receiver,c6a331da-9a81-4072-a4e4-ab95fca774e7,OUT_OF_ORDER,DATA,984,0,"arrived before missing sequence=969"
1715.414,receiver,c6a331da-9a81-4072-a4e4-ab95fca774e7,ACCEPT_DATA,DATA,984,1024,"unique file bytes received"
1715.418,receiver,c6a331da-9a81-4072-a4e4-ab95fca774e7,SEND,ACK,984,36,""
1715.425,receiver,c6a331da-9a81-4072-a4e4-ab95fca774e7,RECEIVE,DATA,969,1060,""
1715.430,receiver,c6a331da-9a81-4072-a4e4-ab95fca774e7,ACCEPT_DATA,DATA,969,1024,"unique file bytes received"
1715.433,receiver,c6a331da-9a81-4072-a4e4-ab95fca774e7,SEND,ACK,969,36,""
1715.441,receiver,c6a331da-9a81-4072-a4e4-ab95fca774e7,RECEIVE,DATA,975,1060,""
1715.445,receiver,c6a331da-9a81-4072-a4e4-ab95fca774e7,ACCEPT_DATA,DATA,975,1024,"unique file bytes received"
1715.449,receiver,c6a331da-9a81-4072-a4e4-ab95fca774e7,SEND,ACK,975,36,""
1715.457,receiver,c6a331da-9a81-4072-a4e4-ab95fca774e7,RECEIVE,DATA,982,1060,""
1715.461,receiver,c6a331da-9a81-4072-a4e4-ab95fca774e7,OUT_OF_ORDER,DATA,982,0,"arrived before missing sequence=977"
1715.465,receiver,c6a331da-9a81-4072-a4e4-ab95fca774e7,ACCEPT_DATA,DATA,982,1024,"unique file bytes received"
1715.468,receiver,c6a331da-9a81-4072-a4e4-ab95fca774e7,SEND,ACK,982,36,""
1730.106,receiver,c6a331da-9a81-4072-a4e4-ab95fca774e7,EMIT,ACK,950,36,""
1730.163,receiver,c6a331da-9a81-4072-a4e4-ab95fca774e7,EMIT,ACK,935,36,""
1730.176,receiver,c6a331da-9a81-4072-a4e4-ab95fca774e7,EMIT,ACK,953,36,""
1730.189,receiver,c6a331da-9a81-4072-a4e4-ab95fca774e7,EMIT,ACK,932,36,""
1730.199,receiver,c6a331da-9a81-4072-a4e4-ab95fca774e7,EMIT,ACK,959,36,""
1730.215,receiver,c6a331da-9a81-4072-a4e4-ab95fca774e7,EMIT,ACK,951,36,""
1730.224,receiver,c6a331da-9a81-4072-a4e4-ab95fca774e7,EMIT,ACK,944,36,""
1730.233,receiver,c6a331da-9a81-4072-a4e4-ab95fca774e7,EMIT,ACK,937,36,""
1730.243,receiver,c6a331da-9a81-4072-a4e4-ab95fca774e7,EMIT,ACK,933,36,""
1730.316,receiver,c6a331da-9a81-4072-a4e4-ab95fca774e7,RECEIVE,DATA,977,1060,""
1730.330,receiver,c6a331da-9a81-4072-a4e4-ab95fca774e7,ACCEPT_DATA,DATA,977,1024,"unique file bytes received"
1730.333,receiver,c6a331da-9a81-4072-a4e4-ab95fca774e7,SEND,ACK,977,36,""
1730.349,receiver,c6a331da-9a81-4072-a4e4-ab95fca774e7,RECEIVE,DATA,981,1060,""
1730.353,receiver,c6a331da-9a81-4072-a4e4-ab95fca774e7,OUT_OF_ORDER,DATA,981,0,"arrived before missing sequence=980"
1730.355,receiver,c6a331da-9a81-4072-a4e4-ab95fca774e7,ACCEPT_DATA,DATA,981,1024,"unique file bytes received"
1730.358,receiver,c6a331da-9a81-4072-a4e4-ab95fca774e7,SEND,ACK,981,36,""
1730.364,receiver,c6a331da-9a81-4072-a4e4-ab95fca774e7,RECEIVE,DATA,985,1060,""
1730.371,receiver,c6a331da-9a81-4072-a4e4-ab95fca774e7,OUT_OF_ORDER,DATA,985,0,"arrived before missing sequence=980"
1730.374,receiver,c6a331da-9a81-4072-a4e4-ab95fca774e7,ACCEPT_DATA,DATA,985,1024,"unique file bytes received"
1730.376,receiver,c6a331da-9a81-4072-a4e4-ab95fca774e7,SEND,ACK,985,36,""
1746.291,receiver,c6a331da-9a81-4072-a4e4-ab95fca774e7,EMIT,ACK,956,36,""
1746.325,receiver,c6a331da-9a81-4072-a4e4-ab95fca774e7,EMIT,ACK,934,36,""
1746.338,receiver,c6a331da-9a81-4072-a4e4-ab95fca774e7,EMIT,ACK,961,36,""
1746.349,receiver,c6a331da-9a81-4072-a4e4-ab95fca774e7,EMIT,ACK,948,36,""
1746.360,receiver,c6a331da-9a81-4072-a4e4-ab95fca774e7,EMIT,ACK,945,36,""
1746.371,receiver,c6a331da-9a81-4072-a4e4-ab95fca774e7,EMIT,ACK,952,36,""
1746.385,receiver,c6a331da-9a81-4072-a4e4-ab95fca774e7,EMIT,ACK,949,36,""
1746.396,receiver,c6a331da-9a81-4072-a4e4-ab95fca774e7,EMIT,ACK,966,36,""
1746.407,receiver,c6a331da-9a81-4072-a4e4-ab95fca774e7,EMIT,ACK,941,36,""
1746.417,receiver,c6a331da-9a81-4072-a4e4-ab95fca774e7,EMIT,ACK,969,36,""
1746.428,receiver,c6a331da-9a81-4072-a4e4-ab95fca774e7,EMIT,ACK,964,36,""
1746.438,receiver,c6a331da-9a81-4072-a4e4-ab95fca774e7,EMIT,ACK,978,36,""
1746.447,receiver,c6a331da-9a81-4072-a4e4-ab95fca774e7,EMIT,ACK,957,36,""
1746.455,receiver,c6a331da-9a81-4072-a4e4-ab95fca774e7,EMIT,ACK,972,36,""
1746.658,receiver,c6a331da-9a81-4072-a4e4-ab95fca774e7,RECEIVE,DATA,983,1060,""
1746.669,receiver,c6a331da-9a81-4072-a4e4-ab95fca774e7,OUT_OF_ORDER,DATA,983,0,"arrived before missing sequence=980"
1746.672,receiver,c6a331da-9a81-4072-a4e4-ab95fca774e7,ACCEPT_DATA,DATA,983,1024,"unique file bytes received"
1746.675,receiver,c6a331da-9a81-4072-a4e4-ab95fca774e7,SEND,ACK,983,36,""
1746.686,receiver,c6a331da-9a81-4072-a4e4-ab95fca774e7,RECEIVE,DATA,989,1060,""
1746.689,receiver,c6a331da-9a81-4072-a4e4-ab95fca774e7,OUT_OF_ORDER,DATA,989,0,"arrived before missing sequence=980"
1746.691,receiver,c6a331da-9a81-4072-a4e4-ab95fca774e7,ACCEPT_DATA,DATA,989,1024,"unique file bytes received"
1746.693,receiver,c6a331da-9a81-4072-a4e4-ab95fca774e7,SEND,ACK,989,36,""
1746.698,receiver,c6a331da-9a81-4072-a4e4-ab95fca774e7,RECEIVE,DATA,980,1060,""
1746.700,receiver,c6a331da-9a81-4072-a4e4-ab95fca774e7,ACCEPT_DATA,DATA,980,1024,"unique file bytes received"
1746.702,receiver,c6a331da-9a81-4072-a4e4-ab95fca774e7,SEND,ACK,980,36,""
1746.707,receiver,c6a331da-9a81-4072-a4e4-ab95fca774e7,RECEIVE,DATA,987,1060,""
1746.709,receiver,c6a331da-9a81-4072-a4e4-ab95fca774e7,OUT_OF_ORDER,DATA,987,0,"arrived before missing sequence=986"
1746.711,receiver,c6a331da-9a81-4072-a4e4-ab95fca774e7,ACCEPT_DATA,DATA,987,1024,"unique file bytes received"
1746.713,receiver,c6a331da-9a81-4072-a4e4-ab95fca774e7,SEND,ACK,987,36,""
1746.717,receiver,c6a331da-9a81-4072-a4e4-ab95fca774e7,RECEIVE,DATA,988,1060,""
1746.719,receiver,c6a331da-9a81-4072-a4e4-ab95fca774e7,OUT_OF_ORDER,DATA,988,0,"arrived before missing sequence=986"
1746.721,receiver,c6a331da-9a81-4072-a4e4-ab95fca774e7,ACCEPT_DATA,DATA,988,1024,"unique file bytes received"
1746.723,receiver,c6a331da-9a81-4072-a4e4-ab95fca774e7,SEND,ACK,988,36,""
1746.728,receiver,c6a331da-9a81-4072-a4e4-ab95fca774e7,RECEIVE,DATA,994,1060,""
1746.730,receiver,c6a331da-9a81-4072-a4e4-ab95fca774e7,OUT_OF_ORDER,DATA,994,0,"arrived before missing sequence=986"
1746.732,receiver,c6a331da-9a81-4072-a4e4-ab95fca774e7,ACCEPT_DATA,DATA,994,1024,"unique file bytes received"
1746.734,receiver,c6a331da-9a81-4072-a4e4-ab95fca774e7,SEND,ACK,994,36,""
1746.738,receiver,c6a331da-9a81-4072-a4e4-ab95fca774e7,RECEIVE,DATA,995,1060,""
1746.740,receiver,c6a331da-9a81-4072-a4e4-ab95fca774e7,OUT_OF_ORDER,DATA,995,0,"arrived before missing sequence=986"
1746.742,receiver,c6a331da-9a81-4072-a4e4-ab95fca774e7,ACCEPT_DATA,DATA,995,1024,"unique file bytes received"
1746.744,receiver,c6a331da-9a81-4072-a4e4-ab95fca774e7,SEND,ACK,995,36,""
1746.748,receiver,c6a331da-9a81-4072-a4e4-ab95fca774e7,RECEIVE,DATA,992,1060,""
1746.751,receiver,c6a331da-9a81-4072-a4e4-ab95fca774e7,OUT_OF_ORDER,DATA,992,0,"arrived before missing sequence=986"
1746.753,receiver,c6a331da-9a81-4072-a4e4-ab95fca774e7,ACCEPT_DATA,DATA,992,1024,"unique file bytes received"
1746.755,receiver,c6a331da-9a81-4072-a4e4-ab95fca774e7,SEND,ACK,992,36,""
1746.759,receiver,c6a331da-9a81-4072-a4e4-ab95fca774e7,RECEIVE,DATA,986,1060,""
1746.761,receiver,c6a331da-9a81-4072-a4e4-ab95fca774e7,ACCEPT_DATA,DATA,986,1024,"unique file bytes received"
1746.763,receiver,c6a331da-9a81-4072-a4e4-ab95fca774e7,SEND,ACK,986,36,""
1762.016,receiver,c6a331da-9a81-4072-a4e4-ab95fca774e7,EMIT,ACK,963,36,""
1762.041,receiver,c6a331da-9a81-4072-a4e4-ab95fca774e7,EMIT,ACK,965,36,""
1762.049,receiver,c6a331da-9a81-4072-a4e4-ab95fca774e7,EMIT,ACK,967,36,""
1762.056,receiver,c6a331da-9a81-4072-a4e4-ab95fca774e7,EMIT,ACK,982,36,""
1762.063,receiver,c6a331da-9a81-4072-a4e4-ab95fca774e7,EMIT,ACK,973,36,""
1762.070,receiver,c6a331da-9a81-4072-a4e4-ab95fca774e7,EMIT,ACK,974,36,""
1762.112,receiver,c6a331da-9a81-4072-a4e4-ab95fca774e7,EMIT,ACK,971,36,""
1762.119,receiver,c6a331da-9a81-4072-a4e4-ab95fca774e7,EMIT,ACK,962,36,""
1762.126,receiver,c6a331da-9a81-4072-a4e4-ab95fca774e7,EMIT,ACK,984,36,""
1762.133,receiver,c6a331da-9a81-4072-a4e4-ab95fca774e7,EMIT,ACK,968,36,""
1762.143,receiver,c6a331da-9a81-4072-a4e4-ab95fca774e7,EMIT,ACK,977,36,""
1762.413,receiver,c6a331da-9a81-4072-a4e4-ab95fca774e7,RECEIVE,DATA,990,1060,""
1762.425,receiver,c6a331da-9a81-4072-a4e4-ab95fca774e7,ACCEPT_DATA,DATA,990,1024,"unique file bytes received"
1762.428,receiver,c6a331da-9a81-4072-a4e4-ab95fca774e7,SEND,ACK,990,36,""
1762.450,receiver,c6a331da-9a81-4072-a4e4-ab95fca774e7,RECEIVE,DATA,996,1060,""
1762.454,receiver,c6a331da-9a81-4072-a4e4-ab95fca774e7,OUT_OF_ORDER,DATA,996,0,"arrived before missing sequence=991"
1762.457,receiver,c6a331da-9a81-4072-a4e4-ab95fca774e7,ACCEPT_DATA,DATA,996,1024,"unique file bytes received"
1762.459,receiver,c6a331da-9a81-4072-a4e4-ab95fca774e7,SEND,ACK,996,36,""
1762.465,receiver,c6a331da-9a81-4072-a4e4-ab95fca774e7,RECEIVE,DATA,993,1060,""
1762.468,receiver,c6a331da-9a81-4072-a4e4-ab95fca774e7,OUT_OF_ORDER,DATA,993,0,"arrived before missing sequence=991"
1762.470,receiver,c6a331da-9a81-4072-a4e4-ab95fca774e7,ACCEPT_DATA,DATA,993,1024,"unique file bytes received"
1762.473,receiver,c6a331da-9a81-4072-a4e4-ab95fca774e7,SEND,ACK,993,36,""
1778.349,receiver,c6a331da-9a81-4072-a4e4-ab95fca774e7,EMIT,ACK,970,36,""
1778.438,receiver,c6a331da-9a81-4072-a4e4-ab95fca774e7,EMIT,ACK,975,36,""
1778.480,receiver,c6a331da-9a81-4072-a4e4-ab95fca774e7,EMIT,ACK,976,36,""
1778.488,receiver,c6a331da-9a81-4072-a4e4-ab95fca774e7,EMIT,ACK,979,36,""
1778.497,receiver,c6a331da-9a81-4072-a4e4-ab95fca774e7,EMIT,ACK,985,36,""
1778.506,receiver,c6a331da-9a81-4072-a4e4-ab95fca774e7,EMIT,ACK,992,36,""
1778.570,receiver,c6a331da-9a81-4072-a4e4-ab95fca774e7,RECEIVE,DATA,991,1060,""
1778.586,receiver,c6a331da-9a81-4072-a4e4-ab95fca774e7,ACCEPT_DATA,DATA,991,1024,"unique file bytes received"
1778.591,receiver,c6a331da-9a81-4072-a4e4-ab95fca774e7,SEND,ACK,991,36,""
1778.609,receiver,c6a331da-9a81-4072-a4e4-ab95fca774e7,RECEIVE,DATA,997,1060,""
1778.612,receiver,c6a331da-9a81-4072-a4e4-ab95fca774e7,ACCEPT_DATA,DATA,997,1024,"unique file bytes received"
1778.615,receiver,c6a331da-9a81-4072-a4e4-ab95fca774e7,SEND,ACK,997,36,""
1778.622,receiver,c6a331da-9a81-4072-a4e4-ab95fca774e7,RECEIVE,DATA,1012,1060,""
1778.625,receiver,c6a331da-9a81-4072-a4e4-ab95fca774e7,OUT_OF_ORDER,DATA,1012,0,"arrived before missing sequence=998"
1778.629,receiver,c6a331da-9a81-4072-a4e4-ab95fca774e7,ACCEPT_DATA,DATA,1012,1024,"unique file bytes received"
1778.632,receiver,c6a331da-9a81-4072-a4e4-ab95fca774e7,SEND,ACK,1012,36,""
1778.638,receiver,c6a331da-9a81-4072-a4e4-ab95fca774e7,RECEIVE,DATA,1023,1060,""
1778.641,receiver,c6a331da-9a81-4072-a4e4-ab95fca774e7,OUT_OF_ORDER,DATA,1023,0,"arrived before missing sequence=998"
1778.644,receiver,c6a331da-9a81-4072-a4e4-ab95fca774e7,ACCEPT_DATA,DATA,1023,1024,"unique file bytes received"
1778.647,receiver,c6a331da-9a81-4072-a4e4-ab95fca774e7,SEND,ACK,1023,36,""
1778.653,receiver,c6a331da-9a81-4072-a4e4-ab95fca774e7,RECEIVE,DATA,998,1060,""
1778.656,receiver,c6a331da-9a81-4072-a4e4-ab95fca774e7,ACCEPT_DATA,DATA,998,1024,"unique file bytes received"
1778.659,receiver,c6a331da-9a81-4072-a4e4-ab95fca774e7,SEND,ACK,998,36,""
1778.667,receiver,c6a331da-9a81-4072-a4e4-ab95fca774e7,RECEIVE,DATA,1010,1060,""
1778.671,receiver,c6a331da-9a81-4072-a4e4-ab95fca774e7,OUT_OF_ORDER,DATA,1010,0,"arrived before missing sequence=999"
1778.673,receiver,c6a331da-9a81-4072-a4e4-ab95fca774e7,ACCEPT_DATA,DATA,1010,1024,"unique file bytes received"
1778.675,receiver,c6a331da-9a81-4072-a4e4-ab95fca774e7,SEND,ACK,1010,36,""
1778.683,receiver,c6a331da-9a81-4072-a4e4-ab95fca774e7,RECEIVE,DATA,1020,1060,""
1778.686,receiver,c6a331da-9a81-4072-a4e4-ab95fca774e7,OUT_OF_ORDER,DATA,1020,0,"arrived before missing sequence=999"
1778.688,receiver,c6a331da-9a81-4072-a4e4-ab95fca774e7,ACCEPT_DATA,DATA,1020,1024,"unique file bytes received"
1778.691,receiver,c6a331da-9a81-4072-a4e4-ab95fca774e7,SEND,ACK,1020,36,""
1778.696,receiver,c6a331da-9a81-4072-a4e4-ab95fca774e7,RECEIVE,DATA,1022,1060,""
1778.699,receiver,c6a331da-9a81-4072-a4e4-ab95fca774e7,OUT_OF_ORDER,DATA,1022,0,"arrived before missing sequence=999"
1778.701,receiver,c6a331da-9a81-4072-a4e4-ab95fca774e7,ACCEPT_DATA,DATA,1022,1024,"unique file bytes received"
1778.703,receiver,c6a331da-9a81-4072-a4e4-ab95fca774e7,SEND,ACK,1022,36,""
1793.681,receiver,c6a331da-9a81-4072-a4e4-ab95fca774e7,RECEIVE,DATA,1002,1060,""
1793.713,receiver,c6a331da-9a81-4072-a4e4-ab95fca774e7,OUT_OF_ORDER,DATA,1002,0,"arrived before missing sequence=999"
1793.717,receiver,c6a331da-9a81-4072-a4e4-ab95fca774e7,ACCEPT_DATA,DATA,1002,1024,"unique file bytes received"
1793.721,receiver,c6a331da-9a81-4072-a4e4-ab95fca774e7,SEND,ACK,1002,36,""
1793.729,receiver,c6a331da-9a81-4072-a4e4-ab95fca774e7,EMIT,ACK,980,36,""
1794.056,receiver,c6a331da-9a81-4072-a4e4-ab95fca774e7,EMIT,ACK,981,36,""
1794.071,receiver,c6a331da-9a81-4072-a4e4-ab95fca774e7,EMIT,ACK,995,36,""
1794.079,receiver,c6a331da-9a81-4072-a4e4-ab95fca774e7,EMIT,ACK,988,36,""
1794.086,receiver,c6a331da-9a81-4072-a4e4-ab95fca774e7,EMIT,ACK,994,36,""
1794.093,receiver,c6a331da-9a81-4072-a4e4-ab95fca774e7,EMIT,ACK,996,36,""
1794.099,receiver,c6a331da-9a81-4072-a4e4-ab95fca774e7,EMIT,ACK,983,36,""
1794.108,receiver,c6a331da-9a81-4072-a4e4-ab95fca774e7,EMIT,ACK,989,36,""
1794.115,receiver,c6a331da-9a81-4072-a4e4-ab95fca774e7,EMIT,ACK,986,36,""
1794.122,receiver,c6a331da-9a81-4072-a4e4-ab95fca774e7,EMIT,ACK,993,36,""
1794.198,receiver,c6a331da-9a81-4072-a4e4-ab95fca774e7,RECEIVE,DATA,1003,1060,""
1794.207,receiver,c6a331da-9a81-4072-a4e4-ab95fca774e7,OUT_OF_ORDER,DATA,1003,0,"arrived before missing sequence=999"
1794.210,receiver,c6a331da-9a81-4072-a4e4-ab95fca774e7,ACCEPT_DATA,DATA,1003,1024,"unique file bytes received"
1794.212,receiver,c6a331da-9a81-4072-a4e4-ab95fca774e7,SEND,ACK,1003,36,""
1794.229,receiver,c6a331da-9a81-4072-a4e4-ab95fca774e7,RECEIVE,DATA,1015,1060,""
1794.232,receiver,c6a331da-9a81-4072-a4e4-ab95fca774e7,OUT_OF_ORDER,DATA,1015,0,"arrived before missing sequence=999"
1794.234,receiver,c6a331da-9a81-4072-a4e4-ab95fca774e7,ACCEPT_DATA,DATA,1015,1024,"unique file bytes received"
1794.236,receiver,c6a331da-9a81-4072-a4e4-ab95fca774e7,SEND,ACK,1015,36,""
1794.241,receiver,c6a331da-9a81-4072-a4e4-ab95fca774e7,RECEIVE,DATA,999,1060,""
1794.244,receiver,c6a331da-9a81-4072-a4e4-ab95fca774e7,ACCEPT_DATA,DATA,999,1024,"unique file bytes received"
1794.246,receiver,c6a331da-9a81-4072-a4e4-ab95fca774e7,SEND,ACK,999,36,""
1794.261,receiver,c6a331da-9a81-4072-a4e4-ab95fca774e7,RECEIVE,DATA,1006,1060,""
1794.276,receiver,c6a331da-9a81-4072-a4e4-ab95fca774e7,OUT_OF_ORDER,DATA,1006,0,"arrived before missing sequence=1000"
1794.291,receiver,c6a331da-9a81-4072-a4e4-ab95fca774e7,ACCEPT_DATA,DATA,1006,1024,"unique file bytes received"
1794.293,receiver,c6a331da-9a81-4072-a4e4-ab95fca774e7,SEND,ACK,1006,36,""
1794.297,receiver,c6a331da-9a81-4072-a4e4-ab95fca774e7,RECEIVE,DATA,1013,1060,""
1794.300,receiver,c6a331da-9a81-4072-a4e4-ab95fca774e7,OUT_OF_ORDER,DATA,1013,0,"arrived before missing sequence=1000"
1794.304,receiver,c6a331da-9a81-4072-a4e4-ab95fca774e7,ACCEPT_DATA,DATA,1013,1024,"unique file bytes received"
1794.306,receiver,c6a331da-9a81-4072-a4e4-ab95fca774e7,SEND,ACK,1013,36,""
1794.312,receiver,c6a331da-9a81-4072-a4e4-ab95fca774e7,RECEIVE,DATA,1018,1060,""
1794.315,receiver,c6a331da-9a81-4072-a4e4-ab95fca774e7,OUT_OF_ORDER,DATA,1018,0,"arrived before missing sequence=1000"
1794.317,receiver,c6a331da-9a81-4072-a4e4-ab95fca774e7,ACCEPT_DATA,DATA,1018,1024,"unique file bytes received"
1794.319,receiver,c6a331da-9a81-4072-a4e4-ab95fca774e7,SEND,ACK,1018,36,""
1794.324,receiver,c6a331da-9a81-4072-a4e4-ab95fca774e7,RECEIVE,DATA,1005,1060,""
1794.326,receiver,c6a331da-9a81-4072-a4e4-ab95fca774e7,OUT_OF_ORDER,DATA,1005,0,"arrived before missing sequence=1000"
1794.329,receiver,c6a331da-9a81-4072-a4e4-ab95fca774e7,ACCEPT_DATA,DATA,1005,1024,"unique file bytes received"
1794.379,receiver,c6a331da-9a81-4072-a4e4-ab95fca774e7,SEND,ACK,1005,36,""
1794.386,receiver,c6a331da-9a81-4072-a4e4-ab95fca774e7,RECEIVE,DATA,1014,1060,""
1794.388,receiver,c6a331da-9a81-4072-a4e4-ab95fca774e7,OUT_OF_ORDER,DATA,1014,0,"arrived before missing sequence=1000"
1794.391,receiver,c6a331da-9a81-4072-a4e4-ab95fca774e7,ACCEPT_DATA,DATA,1014,1024,"unique file bytes received"
1794.393,receiver,c6a331da-9a81-4072-a4e4-ab95fca774e7,SEND,ACK,1014,36,""
1794.401,receiver,c6a331da-9a81-4072-a4e4-ab95fca774e7,RECEIVE,DATA,1017,1060,""
1794.404,receiver,c6a331da-9a81-4072-a4e4-ab95fca774e7,OUT_OF_ORDER,DATA,1017,0,"arrived before missing sequence=1000"
1794.406,receiver,c6a331da-9a81-4072-a4e4-ab95fca774e7,ACCEPT_DATA,DATA,1017,1024,"unique file bytes received"
1794.409,receiver,c6a331da-9a81-4072-a4e4-ab95fca774e7,SEND,ACK,1017,36,""
1794.413,receiver,c6a331da-9a81-4072-a4e4-ab95fca774e7,RECEIVE,DATA,1021,1060,""
1794.416,receiver,c6a331da-9a81-4072-a4e4-ab95fca774e7,OUT_OF_ORDER,DATA,1021,0,"arrived before missing sequence=1000"
1794.418,receiver,c6a331da-9a81-4072-a4e4-ab95fca774e7,ACCEPT_DATA,DATA,1021,1024,"unique file bytes received"
1794.420,receiver,c6a331da-9a81-4072-a4e4-ab95fca774e7,SEND,ACK,1021,36,""
1794.425,receiver,c6a331da-9a81-4072-a4e4-ab95fca774e7,RECEIVE,DATA,1004,1060,""
1794.428,receiver,c6a331da-9a81-4072-a4e4-ab95fca774e7,OUT_OF_ORDER,DATA,1004,0,"arrived before missing sequence=1000"
1794.430,receiver,c6a331da-9a81-4072-a4e4-ab95fca774e7,ACCEPT_DATA,DATA,1004,1024,"unique file bytes received"
1794.432,receiver,c6a331da-9a81-4072-a4e4-ab95fca774e7,SEND,ACK,1004,36,""
1794.437,receiver,c6a331da-9a81-4072-a4e4-ab95fca774e7,RECEIVE,DATA,1008,1060,""
1794.440,receiver,c6a331da-9a81-4072-a4e4-ab95fca774e7,OUT_OF_ORDER,DATA,1008,0,"arrived before missing sequence=1000"
1794.442,receiver,c6a331da-9a81-4072-a4e4-ab95fca774e7,ACCEPT_DATA,DATA,1008,1024,"unique file bytes received"
1794.445,receiver,c6a331da-9a81-4072-a4e4-ab95fca774e7,SEND,ACK,1008,36,""
1794.449,receiver,c6a331da-9a81-4072-a4e4-ab95fca774e7,RECEIVE,DATA,1009,1060,""
1794.452,receiver,c6a331da-9a81-4072-a4e4-ab95fca774e7,OUT_OF_ORDER,DATA,1009,0,"arrived before missing sequence=1000"
1794.454,receiver,c6a331da-9a81-4072-a4e4-ab95fca774e7,ACCEPT_DATA,DATA,1009,1024,"unique file bytes received"
1794.456,receiver,c6a331da-9a81-4072-a4e4-ab95fca774e7,SEND,ACK,1009,36,""
1794.461,receiver,c6a331da-9a81-4072-a4e4-ab95fca774e7,RECEIVE,DATA,1016,1060,""
1794.464,receiver,c6a331da-9a81-4072-a4e4-ab95fca774e7,OUT_OF_ORDER,DATA,1016,0,"arrived before missing sequence=1000"
1794.489,receiver,c6a331da-9a81-4072-a4e4-ab95fca774e7,ACCEPT_DATA,DATA,1016,1024,"unique file bytes received"
1794.491,receiver,c6a331da-9a81-4072-a4e4-ab95fca774e7,SEND,ACK,1016,36,""
1808.668,receiver,c6a331da-9a81-4072-a4e4-ab95fca774e7,EMIT,ACK,987,36,""
1808.701,receiver,c6a331da-9a81-4072-a4e4-ab95fca774e7,EMIT,ACK,990,36,""
1808.715,receiver,c6a331da-9a81-4072-a4e4-ab95fca774e7,EMIT,ACK,1012,36,""
1808.725,receiver,c6a331da-9a81-4072-a4e4-ab95fca774e7,EMIT,ACK,1010,36,""
1808.734,receiver,c6a331da-9a81-4072-a4e4-ab95fca774e7,EMIT,ACK,1020,36,""
1808.854,receiver,c6a331da-9a81-4072-a4e4-ab95fca774e7,RECEIVE,DATA,1000,1060,""
1808.870,receiver,c6a331da-9a81-4072-a4e4-ab95fca774e7,ACCEPT_DATA,DATA,1000,1024,"unique file bytes received"
1808.874,receiver,c6a331da-9a81-4072-a4e4-ab95fca774e7,SEND,ACK,1000,36,""
1808.893,receiver,c6a331da-9a81-4072-a4e4-ab95fca774e7,RECEIVE,DATA,1001,1060,""
1808.896,receiver,c6a331da-9a81-4072-a4e4-ab95fca774e7,ACCEPT_DATA,DATA,1001,1024,"unique file bytes received"
1808.899,receiver,c6a331da-9a81-4072-a4e4-ab95fca774e7,SEND,ACK,1001,36,""
1808.904,receiver,c6a331da-9a81-4072-a4e4-ab95fca774e7,RECEIVE,DATA,1007,1060,""
1808.907,receiver,c6a331da-9a81-4072-a4e4-ab95fca774e7,ACCEPT_DATA,DATA,1007,1024,"unique file bytes received"
1808.909,receiver,c6a331da-9a81-4072-a4e4-ab95fca774e7,SEND,ACK,1007,36,""
1808.914,receiver,c6a331da-9a81-4072-a4e4-ab95fca774e7,RECEIVE,DATA,1011,1060,""
1808.917,receiver,c6a331da-9a81-4072-a4e4-ab95fca774e7,ACCEPT_DATA,DATA,1011,1024,"unique file bytes received"
1808.920,receiver,c6a331da-9a81-4072-a4e4-ab95fca774e7,SEND,ACK,1011,36,""
1808.925,receiver,c6a331da-9a81-4072-a4e4-ab95fca774e7,RECEIVE,DATA,1019,1060,""
1808.928,receiver,c6a331da-9a81-4072-a4e4-ab95fca774e7,ACCEPT_DATA,DATA,1019,1024,"unique file bytes received"
1808.930,receiver,c6a331da-9a81-4072-a4e4-ab95fca774e7,SEND,ACK,1019,36,""
1823.760,receiver,c6a331da-9a81-4072-a4e4-ab95fca774e7,EMIT,ACK,1022,36,""
1823.793,receiver,c6a331da-9a81-4072-a4e4-ab95fca774e7,EMIT,ACK,997,36,""
1823.816,receiver,c6a331da-9a81-4072-a4e4-ab95fca774e7,EMIT,ACK,991,36,""
1823.825,receiver,c6a331da-9a81-4072-a4e4-ab95fca774e7,EMIT,ACK,998,36,""
1823.834,receiver,c6a331da-9a81-4072-a4e4-ab95fca774e7,EMIT,ACK,1008,36,""
1823.842,receiver,c6a331da-9a81-4072-a4e4-ab95fca774e7,EMIT,ACK,1013,36,""
1823.851,receiver,c6a331da-9a81-4072-a4e4-ab95fca774e7,EMIT,ACK,1016,36,""
1823.859,receiver,c6a331da-9a81-4072-a4e4-ab95fca774e7,EMIT,ACK,1002,36,""
1823.868,receiver,c6a331da-9a81-4072-a4e4-ab95fca774e7,EMIT,ACK,1006,36,""
1823.901,receiver,c6a331da-9a81-4072-a4e4-ab95fca774e7,EMIT,ACK,1023,36,""
1839.618,receiver,c6a331da-9a81-4072-a4e4-ab95fca774e7,EMIT,ACK,1004,36,""
1839.648,receiver,c6a331da-9a81-4072-a4e4-ab95fca774e7,EMIT,ACK,1009,36,""
1839.657,receiver,c6a331da-9a81-4072-a4e4-ab95fca774e7,EMIT,ACK,1021,36,""
1839.664,receiver,c6a331da-9a81-4072-a4e4-ab95fca774e7,EMIT,ACK,1003,36,""
1839.671,receiver,c6a331da-9a81-4072-a4e4-ab95fca774e7,EMIT,ACK,1015,36,""
1839.679,receiver,c6a331da-9a81-4072-a4e4-ab95fca774e7,EMIT,ACK,1005,36,""
1839.689,receiver,c6a331da-9a81-4072-a4e4-ab95fca774e7,EMIT,ACK,999,36,""
1839.696,receiver,c6a331da-9a81-4072-a4e4-ab95fca774e7,EMIT,ACK,1001,36,""
1839.703,receiver,c6a331da-9a81-4072-a4e4-ab95fca774e7,EMIT,ACK,1014,36,""
1839.709,receiver,c6a331da-9a81-4072-a4e4-ab95fca774e7,EMIT,ACK,1017,36,""
1839.716,receiver,c6a331da-9a81-4072-a4e4-ab95fca774e7,EMIT,ACK,1019,36,""
1854.504,receiver,c6a331da-9a81-4072-a4e4-ab95fca774e7,EMIT,ACK,1018,36,""
1854.528,receiver,c6a331da-9a81-4072-a4e4-ab95fca774e7,EMIT,ACK,1011,36,""
1854.536,receiver,c6a331da-9a81-4072-a4e4-ab95fca774e7,EMIT,ACK,1000,36,""
1854.543,receiver,c6a331da-9a81-4072-a4e4-ab95fca774e7,EMIT,ACK,1007,36,""
1902.236,receiver,c6a331da-9a81-4072-a4e4-ab95fca774e7,RECEIVE,FIN,-1,68,""
1908.702,receiver,,STATE,UNKNOWN,-1,0,"VERIFIED"
1908.711,receiver,c6a331da-9a81-4072-a4e4-ab95fca774e7,FILE_VERIFIED,FIN,-1,1048576,"SHA-256=ffec217fb7dfda249f567414fae7a5fdc8b9984c2cadcaf76a6a69154e18c1d2"
1909.289,receiver,c6a331da-9a81-4072-a4e4-ab95fca774e7,SEND,DONE,-1,68,""
1964.936,receiver,c6a331da-9a81-4072-a4e4-ab95fca774e7,EMIT,DONE,-1,68,""
